dataset_id,split_id,model_name,ts_utc,ts_target_utc,is_train_split,is_test_split,train_start_utc,train_end_utc,test_start_utc,test_end_utc,y_true_t_plus_1,yhat_t_plus_1,residual_t_plus_1,is_daylight,pv_regime,pool_on,pool_on_lag_1h,pool_switch,temp_bin,flag_grid_exporting,imputed_any,imputed_count,gaplen_demand_h,gaplen_pv_h,gaplen_pool_h,gaplen_temp_h,pv_imputed_interp,pv_imputed_ffill_night_ok,pv_imputed_fallback_zero,pv_imputed_any,flag_demand_imputed,flag_pv_imputed,flag_pool_imputed,flag_temp_imputed,flag_demand_imputed_new,flag_pv_imputed_new,flag_pool_imputed_new,flag_temp_imputed_new,demand_imputed_any,pool_imputed_any,temp_imputed_any,day_of_week,demand_lag_168h,demand_lag_1h,demand_lag_24h,demand_w,hour,hour_cos,hour_sin,is_holiday_it,is_weekend,month,outdoor_temp_c,outdoor_temp_c_lag_168h,outdoor_temp_c_lag_1h,outdoor_temp_c_lag_24h,pool_w,pool_w_lag_168h,pool_w_lag_1h,pool_w_lag_24h,pv_w,pv_w_lag_168h,pv_w_lag_1h,pv_w_lag_24h,median_r_cal,mad_r_cal,median_y_cal,mad_y_cal,n_resid_cal,n_y_cal,anomaly_score,z_raw
A3,roll_02,mlr,2026-01-18 23:00:00+00:00,2026-01-19 00:00:00+00:00,0,1,2025-12-08T00:00:00+00:00,2026-01-19T00:00:00+00:00,2026-01-19T00:00:00+00:00,2026-01-26T00:00:00+00:00,368.0171135468333,443.6268805048351,-75.60976695800179,0,night,0,0.0,0,2,0,0,0,0,0,0,0,0,0,0,0,0,0,0,0,0,0,0,0,0,0,0,6,2501.345489155889,579.8006035581112,356.0791067192222,371.8011446672778,23,0.965925826289068,-0.2588190451025215,0,1,1,7.6601376606111105,0.8401119943055555,7.723855807972222,8.489515895694444,18.329515098027777,19.76163939361111,18.30075636655556,18.27030471461111,0.0,0.0,0.0,0.0,-149.1078014589941,424.0713776604298,1076.4269689643475,707.7679873158057,672,672,0.17331524449132948,1.000906890553418
A3,roll_02,mlr,2026-01-19 00:00:00+00:00,2026-01-19 01:00:00+00:00,0,1,2025-12-08T00:00:00+00:00,2026-01-19T00:00:00+00:00,2026-01-19T00:00:00+00:00,2026-01-26T00:00:00+00:00,370.43651664125,831.227759996553,-460.791243355303,0,night,0,0.0,0,2,0,0,0,0,0,0,0,0,0,0,0,0,0,0,0,0,0,0,0,0,0,0,0,2521.281662351861,371.8011446672778,409.1542958934167,368.0171135468333,0,1.0,0.0,0,0,1,7.471285470472222,0.0822739048611111,7.6601376606111105,8.267303430916668,18.324939880888888,19.92784602258333,18.329515098027777,18.507601477416667,0.0,0.0,0.0,0.0,-149.1078014589941,424.0713776604298,1076.4269689643475,707.7679873158057,672,672,0.7349787283825737,0.9974885343437904
A3,roll_02,mlr,2026-01-19 01:00:00+00:00,2026-01-19 02:00:00+00:00,0,1,2025-12-08T00:00:00+00:00,2026-01-19T00:00:00+00:00,2026-01-19T00:00:00+00:00,2026-01-26T00:00:00+00:00,382.0239495386389,840.9740213106231,-458.95007177198426,0,night,0,0.0,0,2,0,0,0,0,0,0,0,0,0,0,0,0,0,0,0,0,0,0,0,0,0,0,0,2510.7629793080832,368.0171135468333,386.80348134525,370.43651664125,1,0.9659258262890684,0.2588190451025207,0,0,1,7.240814754666666,-0.0979647454722222,7.471285470472222,7.88579561025,18.191478372805555,19.88745926827778,18.324939880888888,18.516888744472222,0.0,0.0,0.0,0.0,-149.1078014589941,424.0713776604298,1076.4269689643475,707.7679873158057,672,672,0.7306370734624131,0.9811167386352363
A3,roll_02,mlr,2026-01-19 02:00:00+00:00,2026-01-19 03:00:00+00:00,0,1,2025-12-08T00:00:00+00:00,2026-01-19T00:00:00+00:00,2026-01-19T00:00:00+00:00,2026-01-26T00:00:00+00:00,368.1878588306667,837.9865423026674,-469.79868347200073,0,night,0,0.0,0,2,0,0,0,0,0,0,0,0,0,0,0,0,0,0,0,0,0,0,0,0,0,0,0,2517.397726423444,370.43651664125,363.9506782922222,382.0239495386389,2,0.8660254037844387,0.4999999999999999,0,0,1,7.025713984444444,-0.3757401703055555,7.240814754666666,7.295793718,18.308205069916667,20.026290722638887,18.191478372805555,18.505587359111114,0.0,0.0,0.0,0.0,-149.1078014589941,424.0713776604298,1076.4269689643475,707.7679873158057,672,672,0.7562191152400674,1.0006656458420247
A3,roll_02,mlr,2026-01-19 03:00:00+00:00,2026-01-19 04:00:00+00:00,0,1,2025-12-08T00:00:00+00:00,2026-01-19T00:00:00+00:00,2026-01-19T00:00:00+00:00,2026-01-26T00:00:00+00:00,956.6022458266112,845.4530685945499,111.14917723206132,0,night,0,0.0,0,2,0,0,0,0,0,0,0,0,0,0,0,0,0,0,0,0,0,0,0,0,0,0,0,2481.68678522575,382.0239495386389,366.92154284288887,368.1878588306667,3,0.7071067811865476,0.7071067811865476,0,0,1,6.843691117888889,0.1335239932777777,7.025713984444444,7.380389324388889,18.22355256697222,19.80030205080556,18.308205069916667,18.40949500677777,0.0,0.0,0.0,0.0,-149.1078014589941,424.0713776604298,1076.4269689643475,707.7679873158057,672,672,0.613710314822174,0.16929943891948093
A3,roll_02,mlr,2026-01-19 04:00:00+00:00,2026-01-19 05:00:00+00:00,0,1,2025-12-08T00:00:00+00:00,2026-01-19T00:00:00+00:00,2026-01-19T00:00:00+00:00,2026-01-26T00:00:00+00:00,2097.5119466174724,1198.7075888823226,898.8043577351498,0,night,0,0.0,0,2,0,0,0,0,0,0,0,0,0,0,0,0,0,0,0,0,0,0,0,0,0,0,0,3016.15648477425,368.1878588306667,919.6470143296112,956.6022458266112,4,0.5000000000000001,0.8660254037844386,0,0,1,6.571004820500001,-0.0287854997222222,6.843691117888889,7.759706802277777,18.381851679388888,19.688919204277777,18.22355256697222,18.565049183638887,0.0,0.0,0.0,0.0,-149.1078014589941,424.0713776604298,1076.4269689643475,707.7679873158057,672,672,2.4710749519936885,1.4426831899045998
A3,roll_02,mlr,2026-01-19 05:00:00+00:00,2026-01-19 06:00:00+00:00,0,1,2025-12-08T00:00:00+00:00,2026-01-19T00:00:00+00:00,2026-01-19T00:00:00+00:00,2026-01-26T00:00:00+00:00,2207.624277541472,1964.9238431619667,242.7004343795054,0,night,0,0.0,0,2,0,0,0,0,0,0,0,0,0,0,0,0,0,0,0,0,0,0,0,0,0,0,0,4262.747835938639,956.6022458266112,1696.4327096815832,2097.5119466174724,5,0.2588190451025207,0.9659258262890684,0,0,1,6.230610997888888,-0.5948542869166666,6.571004820500001,7.824388876305555,18.81852253330556,19.79284536802778,18.381851679388888,19.000532856916667,0.0,0.0,0.0,0.0,-149.1078014589941,424.0713776604298,1076.4269689643475,707.7679873158057,672,672,0.9239204918758639,1.598260063820017
A3,roll_02,mlr,2026-01-19 06:00:00+00:00,2026-01-19 07:00:00+00:00,0,1,2025-12-08T00:00:00+00:00,2026-01-19T00:00:00+00:00,2026-01-19T00:00:00+00:00,2026-01-26T00:00:00+00:00,743.501432477222,2207.1918022791715,-1463.6903698019496,0,night,0,0.0,0,2,0,0,0,0,0,0,0,0,0,0,0,0,0,0,0,0,0,0,0,0,0,0,0,4361.908397110695,2097.5119466174724,1787.8514459331388,2207.624277541472,6,6.123233995736766e-17,1.0,0,0,1,6.104236992611111,-0.0256551238333333,6.230610997888888,7.870841315861111,18.518887052166665,18.87429544488889,18.81852253330556,19.028892910777778,0.0,0.0,0.0,0.0,-149.1078014589941,424.0713776604298,1076.4269689643475,707.7679873158057,672,672,3.099908736108081,0.4703879554509637
A3,roll_02,mlr,2026-01-19 07:00:00+00:00,2026-01-19 08:00:00+00:00,0,1,2025-12-08T00:00:00+00:00,2026-01-19T00:00:00+00:00,2026-01-19T00:00:00+00:00,2026-01-26T00:00:00+00:00,1602.210022772833,1539.8746237621906,62.3353990106425,1,night,0,0.0,0,2,0,0,0,0,0,0,0,0,0,0,0,0,0,0,0,0,0,0,0,0,0,0,0,4563.315619382333,2207.624277541472,2221.478881947944,743.501432477222,7,-0.2588190451025206,0.9659258262890684,0,0,1,6.0920939530833325,0.0892223874722222,6.104236992611111,7.883857542694444,17.464818313277778,18.15650825783333,18.518887052166665,22.49837394541667,0.0,0.0,0.0,0.0,-149.1078014589941,424.0713776604298,1076.4269689643475,707.7679873158057,672,672,0.4986028569910872,0.7428748731664258
A3,roll_02,mlr,2026-01-19 08:00:00+00:00,2026-01-19 09:00:00+00:00,0,1,2025-12-08T00:00:00+00:00,2026-01-19T00:00:00+00:00,2026-01-19T00:00:00+00:00,2026-01-26T00:00:00+00:00,401.86281383952775,1269.9817917225694,-868.1189778830417,1,low,0,0.0,0,2,0,0,0,0,0,0,0,0,0,0,0,0,0,0,0,0,0,0,0,0,0,0,0,3089.202245556361,743.501432477222,1747.753539249222,1602.210022772833,8,-0.4999999999999998,0.8660254037844387,0,0,1,6.376790769055556,1.5477482746388889,6.0920939530833325,8.262126455694444,18.106925738416667,18.900201835166666,17.464818313277778,17.670436918444445,52.25388250475,675.084050221,0.0,34.30441932991666,-149.1078014589941,424.0713776604298,1076.4269689643475,707.7679873158057,672,672,1.6954956507340313,0.9530865583269585
A3,roll_02,mlr,2026-01-19 09:00:00+00:00,2026-01-19 10:00:00+00:00,0,1,2025-12-08T00:00:00+00:00,2026-01-19T00:00:00+00:00,2026-01-19T00:00:00+00:00,2026-01-26T00:00:00+00:00,799.5036943302779,617.8970243727119,181.60666995756597,1,low,0,0.0,0,2,0,0,0,0,0,0,0,0,0,0,0,0,0,0,0,0,0,0,0,0,0,0,0,2796.8041315197224,1602.210022772833,1199.014191615,401.86281383952775,9,-0.7071067811865475,0.7071067811865476,0,0,1,6.883866901888889,3.2254890193888888,6.376790769055556,8.695682546194444,17.851597591666668,19.612746164055554,18.106925738416667,17.60044165513889,200.28425978958333,1056.8253583911112,52.25388250475,89.21282883222221,-149.1078014589941,424.0713776604298,1076.4269689643475,707.7679873158057,672,672,0.7798556772236956,0.3912627861063551
A3,roll_02,mlr,2026-01-19 10:00:00+00:00,2026-01-19 11:00:00+00:00,0,1,2025-12-08T00:00:00+00:00,2026-01-19T00:00:00+00:00,2026-01-19T00:00:00+00:00,2026-01-26T00:00:00+00:00,764.1083921755,782.8588496733753,-18.750457497875345,1,low,0,0.0,0,2,0,0,0,0,0,0,0,0,0,0,0,0,0,0,0,0,0,0,0,0,0,0,0,746.3919299871112,401.86281383952775,2696.399735123361,799.5036943302779,10,-0.8660254037844387,0.4999999999999999,0,0,1,7.554804945722222,4.715763120611111,6.883866901888889,9.452506697638889,18.305271993833333,21.086698567944445,17.851597591666668,17.917450888777775,300.6106887920556,1274.2766447041663,200.28425978958333,152.0663147546389,-149.1078014589941,424.0713776604298,1076.4269689643475,707.7679873158057,672,672,0.30739481801457696,0.4412725390043547
A3,roll_02,mlr,2026-01-19 11:00:00+00:00,2026-01-19 12:00:00+00:00,0,1,2025-12-08T00:00:00+00:00,2026-01-19T00:00:00+00:00,2026-01-19T00:00:00+00:00,2026-01-26T00:00:00+00:00,135.93812644077775,805.5912323784303,-669.6531059376525,1,low,0,0.0,0,2,0,0,0,0,0,0,0,0,0,0,0,0,0,0,0,0,0,0,0,0,0,0,0,632.5966184736388,799.5036943302779,908.328997025861,764.1083921755,11,-0.9659258262890682,0.258819045102521,0,0,1,7.938572868611111,6.151445526944444,7.554804945722222,9.93934049188889,17.913517779527776,21.65975194513889,18.305271993833333,17.975845256166668,360.65137327452777,1427.525714563778,300.6106887920556,291.1969854105833,-149.1078014589941,424.0713776604298,1076.4269689643475,707.7679873158057,672,672,1.2274945490319769,1.3288095242769493
A3,roll_02,mlr,2026-01-19 12:00:00+00:00,2026-01-19 13:00:00+00:00,0,1,2025-12-08T00:00:00+00:00,2026-01-19T00:00:00+00:00,2026-01-19T00:00:00+00:00,2026-01-26T00:00:00+00:00,227.14875664072224,514.1701104937022,-287.0213538529799,1,med,0,0.0,0,2,0,0,0,0,0,0,0,0,0,0,0,0,0,0,0,0,0,0,0,0,0,0,0,-422.1210146441389,764.1083921755,1081.863576312389,135.93812644077775,12,-1.0,1.2246467991473532e-16,0,0,1,8.697412192166667,8.042106340527779,7.938572868611111,10.88034856138889,17.51108470222222,20.280064502833334,17.913517779527776,18.150378169,429.9776792980833,1077.0554969643056,360.65137327452777,279.95511428333333,-149.1078014589941,424.0713776604298,1076.4269689643475,707.7679873158057,672,672,0.32521306473180206,1.1999387193881061
A3,roll_02,mlr,2026-01-19 13:00:00+00:00,2026-01-19 14:00:00+00:00,0,1,2025-12-08T00:00:00+00:00,2026-01-19T00:00:00+00:00,2026-01-19T00:00:00+00:00,2026-01-26T00:00:00+00:00,1951.074940760889,604.1135979342519,1346.961342826637,1,low,0,0.0,0,2,0,0,0,0,0,0,0,0,0,0,0,0,0,0,0,0,0,0,0,0,0,0,0,754.2202679822223,135.93812644077775,2173.5554944418054,227.14875664072224,13,-0.9659258262890684,-0.2588190451025208,0,0,1,9.178790924722222,8.886836191527777,8.697412192166667,11.194744100638887,17.4767666915,20.89163533738889,17.51108470222222,17.605212465694446,331.27048653,917.7112551677222,429.9776792980833,211.40559060327777,-149.1078014589941,424.0713776604298,1076.4269689643475,707.7679873158057,672,672,3.5278710686378627,1.235783459370103
A3,roll_02,mlr,2026-01-19 14:00:00+00:00,2026-01-19 15:00:00+00:00,0,1,2025-12-08T00:00:00+00:00,2026-01-19T00:00:00+00:00,2026-01-19T00:00:00+00:00,2026-01-26T00:00:00+00:00,806.2876032480555,1700.7377834507777,-894.4501802027222,1,low,0,0.0,0,2,0,0,0,0,0,0,0,0,0,0,0,0,0,0,0,0,0,0,0,0,0,0,0,1500.3252466112224,227.14875664072224,1035.234056645167,1951.074940760889,14,-0.8660254037844388,-0.4999999999999997,0,0,1,8.86652897075,8.544484776166668,9.178790924722222,10.792807296472224,18.02714254913889,20.355432554527777,17.4767666915,17.720296622972224,138.99832969141667,366.2336248188056,331.27048653,51.70543011708333,-149.1078014589941,424.0713776604298,1076.4269689643475,707.7679873158057,672,672,1.7575870903047655,0.38167785285230194
A3,roll_02,mlr,2026-01-19 15:00:00+00:00,2026-01-19 16:00:00+00:00,0,1,2025-12-08T00:00:00+00:00,2026-01-19T00:00:00+00:00,2026-01-19T00:00:00+00:00,2026-01-26T00:00:00+00:00,738.6692789706944,1366.3540200305313,-627.6847410598368,1,low,0,0.0,0,2,0,0,0,0,0,0,0,0,0,0,0,0,0,0,0,0,0,0,0,0,0,0,0,586.6202596731389,1951.074940760889,982.0105920020555,806.2876032480555,15,-0.7071067811865479,-0.7071067811865471,0,0,1,8.054252913972222,6.644266975333334,8.86652897075,10.09873856363889,17.764550296583334,19.053108088833334,18.02714254913889,17.65813682397222,60.29446228413889,29.778236451166663,138.99832969141667,0.0,-149.1078014589941,424.0713776604298,1076.4269689643475,707.7679873158057,672,672,1.1285292165698992,0.47721526834604583
A3,roll_02,mlr,2026-01-19 16:00:00+00:00,2026-01-19 17:00:00+00:00,0,1,2025-12-08T00:00:00+00:00,2026-01-19T00:00:00+00:00,2026-01-19T00:00:00+00:00,2026-01-26T00:00:00+00:00,1883.6500829357776,1067.9358334994356,815.714249436342,0,night,0,0.0,0,2,0,0,0,0,0,0,0,0,0,0,0,0,0,0,0,0,0,0,0,0,0,0,0,1670.774375533639,806.2876032480555,939.633989883972,738.6692789706944,16,-0.5000000000000004,-0.8660254037844385,0,0,1,6.7582327050833335,5.279263939527778,8.054252913972222,9.486147199944446,17.51009285883333,19.11104975583333,17.764550296583334,17.723917226694443,0.0,0.0,60.29446228413889,0.0,-149.1078014589941,424.0713776604298,1076.4269689643475,707.7679873158057,672,672,2.275140699705289,1.140519391153598
A3,roll_02,mlr,2026-01-19 17:00:00+00:00,2026-01-19 18:00:00+00:00,0,1,2025-12-08T00:00:00+00:00,2026-01-19T00:00:00+00:00,2026-01-19T00:00:00+00:00,2026-01-26T00:00:00+00:00,1098.2935032161668,1590.7946262162077,-492.5011230000407,0,night,0,0.0,0,2,0,0,0,0,0,0,0,0,0,0,0,0,0,0,0,0,0,0,0,0,0,0,0,893.0618960396945,738.6692789706944,1984.2611124879447,1883.6500829357776,17,-0.2588190451025206,-0.9659258262890684,0,0,1,6.245921308277777,4.219392392722222,6.7582327050833335,8.932912868583333,17.879649593055557,18.65615157883333,17.51009285883333,17.788532314805554,0.0,0.0,0.0,0.0,-149.1078014589941,424.0713776604298,1076.4269689643475,707.7679873158057,672,672,0.809753592509643,0.03089505974231421
A3,roll_02,mlr,2026-01-19 18:00:00+00:00,2026-01-19 19:00:00+00:00,0,1,2025-12-08T00:00:00+00:00,2026-01-19T00:00:00+00:00,2026-01-19T00:00:00+00:00,2026-01-26T00:00:00+00:00,1096.4852710823889,1286.327219106988,-189.8419480245991,0,night,0,0.0,0,2,0,0,0,0,0,0,0,0,0,0,0,0,0,0,0,0,0,0,0,0,0,0,0,2274.0885418814723,1883.6500829357776,1779.6982078336666,1098.2935032161668,18,-1.8369701987210287e-16,-1.0,0,0,1,6.290845957444444,4.016366639916667,6.245921308277777,8.383298441722223,17.678952539277777,19.38624729958333,17.879649593055557,17.752887094805555,0.0,0.0,0.0,0.0,-149.1078014589941,424.0713776604298,1076.4269689643475,707.7679873158057,672,672,0.09605493016371977,0.02834022232922977
A3,roll_02,mlr,2026-01-19 19:00:00+00:00,2026-01-19 20:00:00+00:00,0,1,2025-12-08T00:00:00+00:00,2026-01-19T00:00:00+00:00,2026-01-19T00:00:00+00:00,2026-01-26T00:00:00+00:00,852.2087300646944,1220.1656283611958,-367.95689829650144,0,night,0,0.0,0,2,0,0,0,0,0,0,0,0,0,0,0,0,0,0,0,0,0,0,0,0,0,0,0,1365.6644136303612,1098.2935032161668,1945.2175917344168,1096.4852710823889,19,0.2588190451025203,-0.9659258262890684,0,0,1,5.148736282194444,3.884336086,6.290845957444444,8.063546007666666,17.924687961111108,19.382953398694443,17.678952539277777,17.598374748583336,0.0,0.0,0.0,0.0,-149.1078014589941,424.0713776604298,1076.4269689643475,707.7679873158057,672,672,0.5160666537904103,0.31679624243814103
A3,roll_02,mlr,2026-01-19 20:00:00+00:00,2026-01-19 21:00:00+00:00,0,1,2025-12-08T00:00:00+00:00,2026-01-19T00:00:00+00:00,2026-01-19T00:00:00+00:00,2026-01-26T00:00:00+00:00,568.0186646560555,1056.9385826248274,-488.9199179687719,0,night,0,0.0,0,1,0,0,0,0,0,0,0,0,0,0,0,0,0,0,0,0,0,0,0,0,0,0,0,653.7379858252777,1096.4852710823889,817.2623687095833,852.2087300646944,20,0.5000000000000001,-0.8660254037844386,0,0,1,3.9840519537777777,3.633355686611111,5.148736282194444,7.955256959805555,18.02282410180556,19.144044949,17.924687961111108,18.132431494416668,0.0,0.0,0.0,0.0,-149.1078014589941,424.0713776604298,1076.4269689643475,707.7679873158057,672,672,0.801308775858668,0.7183262218971206
A3,roll_02,mlr,2026-01-19 21:00:00+00:00,2026-01-19 22:00:00+00:00,0,1,2025-12-08T00:00:00+00:00,2026-01-19T00:00:00+00:00,2026-01-19T00:00:00+00:00,2026-01-26T00:00:00+00:00,461.19813976011113,825.0995402178908,-363.9014004577796,0,night,0,0.0,0,1,0,0,0,0,0,0,0,0,0,0,0,0,0,0,0,0,0,0,0,0,0,0,0,1060.23997367125,852.2087300646944,1022.3695540110556,568.0186646560555,21,0.7071067811865474,-0.7071067811865477,0,0,1,3.315242828777778,3.5082212590277777,3.9840519537777777,7.917760795055556,18.144430832972223,19.25061404477778,18.02282410180556,18.226290338722222,0.0,0.0,0.0,0.0,-149.1078014589941,424.0713776604298,1076.4269689643475,707.7679873158057,672,672,0.5065034103074482,0.8692521281408585
A3,roll_02,mlr,2026-01-19 22:00:00+00:00,2026-01-19 23:00:00+00:00,0,1,2025-12-08T00:00:00+00:00,2026-01-19T00:00:00+00:00,2026-01-19T00:00:00+00:00,2026-01-26T00:00:00+00:00,356.1728901926111,715.2488723856911,-359.07598219308005,0,night,0,0.0,0,1,0,0,0,0,0,0,0,0,0,0,0,0,0,0,0,0,0,0,0,0,0,0,0,372.6696216118889,568.0186646560555,579.8006035581112,461.19813976011113,22,0.8660254037844384,-0.5000000000000004,0,0,1,2.735980420083333,3.508406459083333,3.315242828777778,7.723855807972222,18.098196491611112,19.15334913905556,18.144430832972223,18.30075636655556,0.0,0.0,0.0,0.0,-149.1078014589941,424.0713776604298,1076.4269689643475,707.7679873158057,672,672,0.49512462239839145,1.0176415035431088
A3,roll_02,mlr,2026-01-19 23:00:00+00:00,2026-01-20 00:00:00+00:00,0,1,2025-12-08T00:00:00+00:00,2026-01-19T00:00:00+00:00,2026-01-19T00:00:00+00:00,2026-01-26T00:00:00+00:00,357.6195414715833,617.9383120745226,-260.3187706029393,0,night,0,0.0,0,1,0,0,0,0,0,0,0,0,0,0,0,0,0,0,0,0,0,0,0,0,0,0,0,368.2867205090556,461.19813976011113,371.8011446672778,356.1728901926111,23,0.965925826289068,-0.2588190451025215,0,0,1,2.691163158333333,3.994434357833333,2.735980420083333,7.6601376606111105,18.135445305027776,19.462697947166664,18.098196491611112,18.329515098027777,0.0,0.0,0.0,0.0,-149.1078014589941,424.0713776604298,1076.4269689643475,707.7679873158057,672,672,0.2622458741674287,1.0155975409665323
A3,roll_02,mlr,2026-01-20 00:00:00+00:00,2026-01-20 01:00:00+00:00,0,1,2025-12-08T00:00:00+00:00,2026-01-19T00:00:00+00:00,2026-01-19T00:00:00+00:00,2026-01-26T00:00:00+00:00,383.7339380009167,886.8805669385313,-503.1466289376146,0,night,0,0.0,0,1,0,0,0,0,0,0,0,0,0,0,0,0,0,0,0,0,0,0,0,0,0,0,1,366.1301339879167,356.1728901926111,368.0171135468333,357.6195414715833,0,1.0,0.0,0,0,1,3.258476226361111,4.2014109405,2.691163158333333,7.471285470472222,18.171040281166665,19.87320784711111,18.135445305027776,18.324939880888888,0.0,0.0,0.0,0.0,-149.1078014589941,424.0713776604298,1076.4269689643475,707.7679873158057,672,672,0.8348566918895267,0.9787007089575408
A3,roll_02,mlr,2026-01-20 01:00:00+00:00,2026-01-20 02:00:00+00:00,0,1,2025-12-08T00:00:00+00:00,2026-01-19T00:00:00+00:00,2026-01-19T00:00:00+00:00,2026-01-26T00:00:00+00:00,363.2547627211111,902.9751269513074,-539.7203642301963,0,night,0,0.0,0,1,0,0,0,0,0,0,0,0,0,0,0,0,0,0,0,0,0,0,0,0,0,0,1,374.135321881,357.6195414715833,370.43651664125,383.7339380009167,1,0.9659258262890684,0.2588190451025207,0,0,1,3.905557372666667,4.3023013942777775,3.258476226361111,7.240814754666666,18.144093502972225,19.950232376611112,18.171040281166665,18.191478372805555,0.0,0.0,0.0,0.0,-149.1078014589941,424.0713776604298,1076.4269689643475,707.7679873158057,672,672,0.9211009828727008,1.007635579772301
A3,roll_02,mlr,2026-01-20 02:00:00+00:00,2026-01-20 03:00:00+00:00,0,1,2025-12-08T00:00:00+00:00,2026-01-19T00:00:00+00:00,2026-01-19T00:00:00+00:00,2026-01-26T00:00:00+00:00,365.0164142213889,922.3788572853962,-557.3624430640073,0,night,0,0.0,0,1,0,0,0,0,0,0,0,0,0,0,0,0,0,0,0,0,0,0,0,0,0,0,1,383.9471823114166,383.7339380009167,382.0239495386389,363.2547627211111,2,0.8660254037844387,0.4999999999999999,0,0,1,4.134615724138889,4.376585781888889,3.905557372666667,7.025713984444444,18.23647207447222,19.77146809105556,18.144093502972225,18.308205069916667,0.0,0.0,0.0,0.0,-149.1078014589941,424.0713776604298,1076.4269689643475,707.7679873158057,672,672,0.9627026559946668,1.0051465557816017
A3,roll_02,mlr,2026-01-20 03:00:00+00:00,2026-01-20 04:00:00+00:00,0,1,2025-12-08T00:00:00+00:00,2026-01-19T00:00:00+00:00,2026-01-19T00:00:00+00:00,2026-01-26T00:00:00+00:00,1039.7831993372222,931.5663536871336,108.21684565008854,0,night,0,0.0,0,1,0,0,0,0,0,0,0,0,0,0,0,0,0,0,0,0,0,0,0,0,0,0,1,367.6768063598889,363.2547627211111,368.1878588306667,365.0164142213889,3,0.7071067811865476,0.7071067811865476,0,0,1,4.029189530722222,4.4642516751666665,4.134615724138889,6.843691117888889,18.45093115375,19.56677161197222,18.23647207447222,18.22355256697222,0.0,0.0,0.0,0.0,-149.1078014589941,424.0713776604298,1076.4269689643475,707.7679873158057,672,672,0.606795602496739,0.0517737030832603
A3,roll_02,mlr,2026-01-20 04:00:00+00:00,2026-01-20 05:00:00+00:00,0,1,2025-12-08T00:00:00+00:00,2026-01-19T00:00:00+00:00,2026-01-19T00:00:00+00:00,2026-01-26T00:00:00+00:00,1994.0688999676115,1333.6471080610943,660.4217919065172,0,night,0,0.0,0,1,0,0,0,0,0,0,0,0,0,0,0,0,0,0,0,0,0,0,0,0,0,0,1,977.1223704921111,365.0164142213889,956.6022458266112,1039.7831993372222,4,0.5000000000000001,0.8660254037844386,0,0,1,4.2755308662500005,4.600431492361111,4.029189530722222,6.571004820500001,18.48283673330556,19.84487690761112,18.45093115375,18.381851679388888,0.0,0.0,0.0,0.0,-149.1078014589941,424.0713776604298,1076.4269689643475,707.7679873158057,672,672,1.9089465500634017,1.2965292969570446
A3,roll_02,mlr,2026-01-20 05:00:00+00:00,2026-01-20 06:00:00+00:00,0,1,2025-12-08T00:00:00+00:00,2026-01-19T00:00:00+00:00,2026-01-19T00:00:00+00:00,2026-01-26T00:00:00+00:00,2029.167694873528,2069.3055913497737,-40.137896476245714,0,night,0,0.0,0,1,0,0,0,0,0,0,0,0,0,0,0,0,0,0,0,0,0,0,0,0,0,0,1,2001.738657636584,1039.7831993372222,2097.5119466174724,1994.0688999676115,5,0.2588190451025207,0.9659258262890684,0,0,1,4.0833006567500005,4.516244777583333,4.2755308662500005,6.230610997888888,18.61474645088889,20.02328279972222,18.48283673330556,18.81852253330556,0.0,0.0,0.0,0.0,-149.1078014589941,424.0713776604298,1076.4269689643475,707.7679873158057,672,672,0.2569612351201989,1.3461201170208736
A3,roll_02,mlr,2026-01-20 06:00:00+00:00,2026-01-20 07:00:00+00:00,0,1,2025-12-08T00:00:00+00:00,2026-01-19T00:00:00+00:00,2026-01-19T00:00:00+00:00,2026-01-26T00:00:00+00:00,2071.0094555605,2291.38738148326,-220.37792592275943,0,night,0,0.0,0,1,0,0,0,0,0,0,0,0,0,0,0,0,0,0,0,0,0,0,0,0,0,0,1,2099.6764230465,1994.0688999676115,2207.624277541472,2029.167694873528,6,6.123233995736766e-17,1.0,0,0,1,3.4344617149444443,4.763350271222222,4.0833006567500005,6.104236992611111,18.44960326755556,19.945872866472225,18.61474645088889,18.518887052166665,0.0,0.0,0.0,0.0,-149.1078014589941,424.0713776604298,1076.4269689643475,707.7679873158057,672,672,0.16806162409959688,1.4052380220926415
A3,roll_02,mlr,2026-01-20 07:00:00+00:00,2026-01-20 08:00:00+00:00,0,1,2025-12-08T00:00:00+00:00,2026-01-19T00:00:00+00:00,2026-01-19T00:00:00+00:00,2026-01-26T00:00:00+00:00,1907.5549124286945,2120.4101682304363,-212.8552558017418,1,low,0,0.0,0,1,0,0,0,0,0,0,0,0,0,0,0,0,0,0,0,0,0,0,0,0,0,0,1,1798.5318447581387,2029.167694873528,743.501432477222,2071.0094555605,7,-0.2588190451025206,0.9659258262890684,0,0,1,3.243632700527778,5.146098303527778,3.4344617149444443,6.0920939530833325,18.262677875222224,19.215107962944447,18.44960326755556,17.464818313277778,25.396158990166665,0.0,0.0,0.0,-149.1078014589941,424.0713776604298,1076.4269689643475,707.7679873158057,672,672,0.15032246386077192,1.1742943427215198
A3,roll_02,mlr,2026-01-20 08:00:00+00:00,2026-01-20 09:00:00+00:00,0,1,2025-12-08T00:00:00+00:00,2026-01-19T00:00:00+00:00,2026-01-19T00:00:00+00:00,2026-01-26T00:00:00+00:00,720.9783473233889,1941.0407763112469,-1220.062428987858,1,low,0,0.0,0,1,0,0,0,0,0,0,0,0,0,0,0,0,0,0,0,0,0,0,0,0,0,0,1,1792.85737564,2071.0094555605,1602.210022772833,1907.5549124286945,8,-0.4999999999999998,0.8660254037844387,0,0,1,3.802172906555555,5.574331767527777,3.243632700527778,6.376790769055556,18.28468123055556,19.78762391975,18.262677875222224,18.106925738416667,287.3037690233889,34.78762225408333,25.396158990166665,52.25388250475,-149.1078014589941,424.0713776604298,1076.4269689643475,707.7679873158057,672,672,2.525411249014826,0.5022106509634456
A3,roll_02,mlr,2026-01-20 09:00:00+00:00,2026-01-20 10:00:00+00:00,0,1,2025-12-08T00:00:00+00:00,2026-01-19T00:00:00+00:00,2026-01-19T00:00:00+00:00,2026-01-26T00:00:00+00:00,151.7976551743889,1026.1962253759468,-874.398570201558,1,med,0,0.0,0,2,0,0,0,0,0,0,0,0,0,0,0,0,0,0,0,0,0,0,0,0,0,0,1,1704.9205994411388,1907.5549124286945,401.86281383952775,720.9783473233889,9,-0.7071067811865475,0.7071067811865476,0,0,1,5.253853115111111,5.704844287583334,3.802172906555555,6.883866901888889,18.12476716330556,19.322890420722224,18.28468123055556,17.851597591666668,621.6916147889167,81.0947692918889,287.3037690233889,200.28425978958333,-149.1078014589941,424.0713776604298,1076.4269689643475,707.7679873158057,672,672,1.7103035171671783,1.3064017168911448
A3,roll_02,mlr,2026-01-20 10:00:00+00:00,2026-01-20 11:00:00+00:00,0,1,2025-12-08T00:00:00+00:00,2026-01-19T00:00:00+00:00,2026-01-19T00:00:00+00:00,2026-01-26T00:00:00+00:00,787.0186959797501,536.9513946311615,250.06730134858856,1,med,0,0.0,0,2,0,0,0,0,0,0,0,0,0,0,0,0,0,0,0,0,0,0,0,0,0,0,1,1712.5081979704166,720.9783473233889,799.5036943302779,151.7976551743889,10,-0.8660254037844387,0.4999999999999999,0,0,1,6.455607524222223,6.065839095694444,5.253853115111111,7.554804945722222,18.34517670655556,19.53915467719445,18.12476716330556,18.305271993833333,959.4708232418888,75.89661000686111,621.6916147889167,300.6106887920556,-149.1078014589941,424.0713776604298,1076.4269689643475,707.7679873158057,672,672,0.9412922536998417,0.4089027452091635
A3,roll_02,mlr,2026-01-20 11:00:00+00:00,2026-01-20 12:00:00+00:00,0,1,2025-12-08T00:00:00+00:00,2026-01-19T00:00:00+00:00,2026-01-19T00:00:00+00:00,2026-01-26T00:00:00+00:00,-140.12853059388888,1187.1323670654804,-1327.2608976593692,1,med,0,0.0,0,2,0,0,0,0,0,0,0,0,0,0,0,0,0,0,0,0,0,0,0,0,0,0,1,1729.1863273721667,151.7976551743889,764.1083921755,787.0186959797501,11,-0.9659258262890682,0.258819045102521,0,0,1,6.95239593825,6.411032006055556,6.455607524222223,7.938572868611111,18.396018660722223,20.10092485888889,18.34517670655556,17.913517779527776,590.2926090344722,127.21179366422224,959.4708232418888,360.65137327452777,-149.1078014589941,424.0713776604298,1076.4269689643475,707.7679873158057,672,672,2.77819527151339,1.7188620018997975
A3,roll_02,mlr,2026-01-20 12:00:00+00:00,2026-01-20 13:00:00+00:00,0,1,2025-12-08T00:00:00+00:00,2026-01-19T00:00:00+00:00,2026-01-19T00:00:00+00:00,2026-01-26T00:00:00+00:00,90.30469802694444,367.23734149808047,-276.93264347113603,1,med,0,0.0,0,2,1,0,0,0,0,0,0,0,0,0,0,0,0,0,0,0,0,0,0,0,0,0,1,1776.8351252307775,787.0186959797501,135.93812644077775,-140.12853059388888,12,-1.0,1.2246467991473532e-16,0,0,1,7.796212953166666,6.843188409,6.95239593825,8.697412192166667,17.971774747861108,19.814930444777776,18.396018660722223,17.51108470222222,566.0869300739722,161.38882697286112,590.2926090344722,429.9776792980833,-149.1078014589941,424.0713776604298,1076.4269689643475,707.7679873158057,672,672,0.30142294138628756,1.3932846478084573
A3,roll_02,mlr,2026-01-20 13:00:00+00:00,2026-01-20 14:00:00+00:00,0,1,2025-12-08T00:00:00+00:00,2026-01-19T00:00:00+00:00,2026-01-19T00:00:00+00:00,2026-01-26T00:00:00+00:00,1579.226911155389,641.435880671326,937.791030484063,1,low,0,0.0,0,2,0,0,0,0,0,0,0,0,0,0,0,0,0,0,0,0,0,0,0,0,0,0,1,1850.1251705731663,-140.12853059388888,227.14875664072224,90.30469802694444,13,-0.9659258262890684,-0.2588190451025208,0,0,1,7.90864646013889,7.213576107916666,7.796212953166666,9.178790924722222,17.30683716836111,19.35789605444444,17.971774747861108,17.4767666915,232.06871784988888,125.87758148475,566.0869300739722,331.27048653,-149.1078014589941,424.0713776604298,1076.4269689643475,707.7679873158057,672,672,2.5630091753407105,0.7104022097663657
A3,roll_02,mlr,2026-01-20 14:00:00+00:00,2026-01-20 15:00:00+00:00,0,1,2025-12-08T00:00:00+00:00,2026-01-19T00:00:00+00:00,2026-01-19T00:00:00+00:00,2026-01-26T00:00:00+00:00,1514.7609178625555,1530.0676242648644,-15.30670640230892,1,low,0,0.0,0,2,0,0,0,0,0,0,0,0,0,0,0,0,0,0,0,0,0,0,0,0,0,0,1,2103.8606620909723,90.30469802694444,1951.074940760889,1579.226911155389,14,-0.8660254037844388,-0.4999999999999997,0,0,1,7.004071844694444,6.892581615,7.90864646013889,8.86652897075,18.014104303444444,19.314774678777777,17.30683716836111,18.02714254913889,65.92271638830555,25.63169713905556,232.06871784988888,138.99832969141667,-149.1078014589941,424.0713776604298,1076.4269689643475,707.7679873158057,672,672,0.31551550541999757,0.6193186987173294
A3,roll_02,mlr,2026-01-20 15:00:00+00:00,2026-01-20 16:00:00+00:00,0,1,2025-12-08T00:00:00+00:00,2026-01-19T00:00:00+00:00,2026-01-19T00:00:00+00:00,2026-01-26T00:00:00+00:00,1201.4197669487778,1617.682525007083,-416.2627580583053,1,night,0,0.0,0,2,0,0,0,0,0,0,0,0,0,0,0,0,0,0,0,0,0,0,0,0,0,0,1,1367.69234237475,1579.226911155389,806.2876032480555,1514.7609178625555,15,-0.7071067811865479,-0.7071067811865471,0,0,1,6.226552915722222,6.473090648055556,7.004071844694444,8.054252913972222,17.985049249555555,18.981844509638886,18.014104303444444,17.764550296583334,0.0,0.0,65.92271638830555,60.29446228413889,-149.1078014589941,424.0713776604298,1076.4269689643475,707.7679873158057,672,672,0.6299763923544786,0.17660137251822133
A3,roll_02,mlr,2026-01-20 16:00:00+00:00,2026-01-20 17:00:00+00:00,0,1,2025-12-08T00:00:00+00:00,2026-01-19T00:00:00+00:00,2026-01-19T00:00:00+00:00,2026-01-26T00:00:00+00:00,753.0024936381111,1314.8312062613916,-561.8287126232805,0,night,0,0.0,0,2,0,0,0,0,0,0,0,0,0,0,0,0,0,0,0,0,0,0,0,0,0,0,1,2518.591872478111,1514.7609178625555,738.6692789706944,1201.4197669487778,16,-0.5000000000000004,-0.8660254037844385,0,0,1,5.539642565916666,5.85150787425,6.226552915722222,6.7582327050833335,17.38080857111111,19.342884771027776,17.985049249555555,17.51009285883333,0.0,0.0,0.0,0.0,-149.1078014589941,424.0713776604298,1076.4269689643475,707.7679873158057,672,672,0.973234537641368,0.456963978482294
A3,roll_02,mlr,2026-01-20 17:00:00+00:00,2026-01-20 18:00:00+00:00,0,1,2025-12-08T00:00:00+00:00,2026-01-19T00:00:00+00:00,2026-01-19T00:00:00+00:00,2026-01-26T00:00:00+00:00,1059.3235259904168,977.8391472058876,81.4843787845291,0,night,0,0.0,0,2,0,0,0,0,0,0,0,0,0,0,0,0,0,0,0,0,0,0,0,0,0,0,1,2818.4871972926667,1201.4197669487778,1883.6500829357776,753.0024936381111,17,-0.2588190451025206,-0.9659258262890684,0,0,1,5.106537856944445,5.551368765666666,5.539642565916666,6.245921308277777,17.944962672305554,19.703703886777777,17.38080857111111,17.879649593055557,0.0,0.0,0.0,0.0,-149.1078014589941,424.0713776604298,1076.4269689643475,707.7679873158057,672,672,0.5437579435699789,0.02416532434420366
A3,roll_02,mlr,2026-01-20 18:00:00+00:00,2026-01-20 19:00:00+00:00,0,1,2025-12-08T00:00:00+00:00,2026-01-19T00:00:00+00:00,2026-01-19T00:00:00+00:00,2026-01-26T00:00:00+00:00,2397.7932220235834,1035.8467195792675,1361.946502444316,0,night,0,0.0,0,2,0,0,0,0,0,0,0,0,0,0,0,0,0,0,0,0,0,0,0,0,0,0,1,1383.2154217488053,753.0024936381111,1098.2935032161668,1059.3235259904168,18,-1.8369701987210287e-16,-1.0,0,0,1,5.047560526333333,5.565244997222223,5.106537856944445,6.290845957444444,17.76713559486111,19.3371023785,17.944962672305554,17.678952539277777,0.0,0.0,0.0,0.0,-149.1078014589941,424.0713776604298,1076.4269689643475,707.7679873158057,672,672,3.5632074775706015,1.866948317442963
A3,roll_02,mlr,2026-01-20 19:00:00+00:00,2026-01-20 20:00:00+00:00,0,1,2025-12-08T00:00:00+00:00,2026-01-19T00:00:00+00:00,2026-01-19T00:00:00+00:00,2026-01-26T00:00:00+00:00,1239.3215171065278,1817.1424820035788,-577.820964897051,0,night,0,0.0,0,1,0,0,0,0,0,0,0,0,0,0,0,0,0,0,0,0,0,0,0,0,0,0,1,962.6741752021112,1059.3235259904168,1096.4852710823889,2397.7932220235834,19,0.2588190451025203,-0.9659258262890684,0,0,1,4.7790201357777775,5.091562219055555,5.047560526333333,5.148736282194444,18.29565681925,19.555466913638888,17.76713559486111,17.924687961111108,0.0,0.0,0.0,0.0,-149.1078014589941,424.0713776604298,1076.4269689643475,707.7679873158057,672,672,1.0109457653172338,0.23015246671434564
A3,roll_02,mlr,2026-01-20 20:00:00+00:00,2026-01-20 21:00:00+00:00,0,1,2025-12-08T00:00:00+00:00,2026-01-19T00:00:00+00:00,2026-01-19T00:00:00+00:00,2026-01-26T00:00:00+00:00,1097.120321607,1350.9752029174251,-253.8548813104253,0,night,0,0.0,0,1,0,0,0,0,0,0,0,0,0,0,0,0,0,0,0,0,0,0,0,0,0,0,1,2371.2932299861945,2397.7932220235834,852.2087300646944,1239.3215171065278,20,0.5000000000000001,-0.8660254037844386,0,0,1,4.616484813166667,5.033024918888889,4.7790201357777775,3.9840519537777777,18.163473134916668,19.82183390566667,18.29565681925,18.02282410180556,0.0,0.0,0.0,0.0,-149.1078014589941,424.0713776604298,1076.4269689643475,707.7679873158057,672,672,0.24700341822009553,0.029237480379879395
A3,roll_02,mlr,2026-01-20 21:00:00+00:00,2026-01-20 22:00:00+00:00,0,1,2025-12-08T00:00:00+00:00,2026-01-19T00:00:00+00:00,2026-01-19T00:00:00+00:00,2026-01-26T00:00:00+00:00,532.8753846346667,1154.8824668595803,-622.0070822249138,0,night,0,0.0,0,1,0,0,0,0,0,0,0,0,0,0,0,0,0,0,0,0,0,0,0,0,0,0,1,813.2224330626667,1239.3215171065278,568.0186646560555,1097.120321607,21,0.7071067811865474,-0.7071067811865477,0,0,1,3.733819858222222,4.900254803388889,4.616484813166667,3.315242828777778,17.823669394694445,19.92269649358333,18.163473134916668,18.144430832972223,0.0,0.0,0.0,0.0,-149.1078014589941,424.0713776604298,1076.4269689643475,707.7679873158057,672,672,1.115140765629762,0.7679798946418698
A3,roll_02,mlr,2026-01-20 22:00:00+00:00,2026-01-20 23:00:00+00:00,0,1,2025-12-08T00:00:00+00:00,2026-01-19T00:00:00+00:00,2026-01-19T00:00:00+00:00,2026-01-26T00:00:00+00:00,374.928417115,604.4837523584704,-229.5553352434704,0,night,0,0.0,0,1,0,0,0,0,0,0,0,0,0,0,0,0,0,0,0,0,0,0,0,0,0,0,1,1323.4556494799722,1097.120321607,461.19813976011113,532.8753846346667,22,0.8660254037844384,-0.5000000000000004,0,0,1,2.806227175638889,4.787616396777778,3.733819858222222,2.735980420083333,21.387805783944444,19.833271056222223,17.823669394694445,18.098196491611112,0.0,0.0,0.0,0.0,-149.1078014589941,424.0713776604298,1076.4269689643475,707.7679873158057,672,672,0.1897028142486281,0.9911419623678729
A3,roll_02,mlr,2026-01-20 23:00:00+00:00,2026-01-21 00:00:00+00:00,0,1,2025-12-08T00:00:00+00:00,2026-01-19T00:00:00+00:00,2026-01-19T00:00:00+00:00,2026-01-26T00:00:00+00:00,373.7627816694167,728.7177516350205,-354.95496996560377,0,night,0,0.0,0,1,0,0,0,0,0,0,0,0,0,0,0,0,0,0,0,0,0,0,0,0,0,0,1,690.983777113111,532.8753846346667,356.1728901926111,374.928417115,23,0.965925826289068,-0.2588190451025215,0,0,1,2.466718193027777,4.36980794625,2.806227175638889,2.691163158333333,17.90830201163889,19.88424536811112,21.387805783944444,18.135445305027776,0.0,0.0,0.0,0.0,-149.1078014589941,424.0713776604298,1076.4269689643475,707.7679873158057,672,672,0.4854068898548475,0.9927888798132408
A3,roll_02,mlr,2026-01-21 00:00:00+00:00,2026-01-21 01:00:00+00:00,0,1,2025-12-08T00:00:00+00:00,2026-01-19T00:00:00+00:00,2026-01-19T00:00:00+00:00,2026-01-26T00:00:00+00:00,382.08433273438885,757.8941984558003,-375.8098657214114,0,night,0,0.0,0,1,0,1,1,0,1,0,0,0,1,0,1,0,1,0,0,0,1,0,0,0,0,0,2,373.91198171711113,374.928417115,357.6195414715833,373.7627816694167,0,1.0,0.0,0,0,1,1.8242255221388888,4.374367734083333,2.466718193027777,3.258476226361111,18.307477434611112,20.386578095,17.90830201163889,18.171040281166665,0.0,0.0,0.0,0.0,-149.1078014589941,424.0713776604298,1076.4269689643475,707.7679873158057,672,672,0.5345846859863916,0.9810314236777471
A3,roll_02,mlr,2026-01-21 01:00:00+00:00,2026-01-21 02:00:00+00:00,0,1,2025-12-08T00:00:00+00:00,2026-01-19T00:00:00+00:00,2026-01-19T00:00:00+00:00,2026-01-26T00:00:00+00:00,365.3667726035,923.3649865083096,-557.9982139048095,0,night,0,0.0,0,1,0,0,0,0,0,0,0,0,0,0,0,0,0,0,0,0,0,0,0,0,0,0,2,370.08383153427775,373.7627816694167,383.7339380009167,382.08433273438885,1,0.9659258262890684,0.2588190451025207,0,0,1,1.5080317470555558,4.301661179916667,1.8242255221388888,3.905557372666667,18.29967807894444,20.26065134986111,18.307477434611112,18.144093502972225,0.0,0.0,0.0,0.0,-149.1078014589941,424.0713776604298,1076.4269689643475,707.7679873158057,672,672,0.964201863143024,1.0046515370913105
A3,roll_02,mlr,2026-01-21 02:00:00+00:00,2026-01-21 03:00:00+00:00,0,1,2025-12-08T00:00:00+00:00,2026-01-19T00:00:00+00:00,2026-01-19T00:00:00+00:00,2026-01-26T00:00:00+00:00,371.9783939987778,941.6088213694892,-569.6304273707112,0,night,0,0.0,0,1,0,0,0,0,0,0,0,0,0,0,0,0,0,0,0,0,0,0,0,0,0,0,2,363.9680898908056,382.08433273438885,363.2547627211111,365.3667726035,2,0.8660254037844387,0.4999999999999999,0,0,1,1.2603411373055555,4.175813798388888,1.5080317470555558,4.134615724138889,18.21223012147222,20.36533343461111,18.29967807894444,18.23647207447222,0.0,0.0,0.0,0.0,-149.1078014589941,424.0713776604298,1076.4269689643475,707.7679873158057,672,672,0.9916317112267966,0.995310027565919
A3,roll_02,mlr,2026-01-21 03:00:00+00:00,2026-01-21 04:00:00+00:00,0,1,2025-12-08T00:00:00+00:00,2026-01-19T00:00:00+00:00,2026-01-19T00:00:00+00:00,2026-01-26T00:00:00+00:00,1049.641280434889,972.4632482027444,77.17803223214469,0,night,0,0.0,0,1,0,0,0,0,0,0,0,0,0,0,0,0,0,0,0,0,0,0,0,0,0,0,2,367.8678755790834,365.3667726035,365.0164142213889,371.9783939987778,3,0.7071067811865476,0.7071067811865476,0,0,1,0.6434714743888889,4.060635091555556,1.2603411373055555,4.029189530722222,18.30506088336111,20.23459653830556,18.21223012147222,18.45093115375,0.0,0.0,0.0,0.0,-149.1078014589941,424.0713776604298,1076.4269689643475,707.7679873158057,672,672,0.5336031753417099,0.03784529536443509
A3,roll_02,mlr,2026-01-21 04:00:00+00:00,2026-01-21 05:00:00+00:00,0,1,2025-12-08T00:00:00+00:00,2026-01-19T00:00:00+00:00,2026-01-19T00:00:00+00:00,2026-01-26T00:00:00+00:00,2165.628261214222,1348.148771539876,817.4794896743463,0,night,0,0.0,0,1,0,0,0,0,0,0,0,0,0,0,0,0,0,0,0,0,0,0,0,0,0,0,2,1021.3973762487502,371.9783939987778,1039.7831993372222,1049.641280434889,4,0.5000000000000001,0.8660254037844386,0,0,1,0.5259598769722222,4.003444144972222,0.6434714743888889,4.2755308662500005,18.346101567916666,20.134824625472223,18.30506088336111,18.48283673330556,0.0,0.0,0.0,0.0,-149.1078014589941,424.0713776604298,1076.4269689643475,707.7679873158057,672,672,2.2793033014063115,1.5389242121286755
A3,roll_02,mlr,2026-01-21 05:00:00+00:00,2026-01-21 06:00:00+00:00,0,1,2025-12-08T00:00:00+00:00,2026-01-19T00:00:00+00:00,2026-01-19T00:00:00+00:00,2026-01-26T00:00:00+00:00,2007.6322741502224,2121.981910743136,-114.34963659291338,0,night,0,0.0,0,1,0,0,0,0,0,0,0,0,0,0,0,0,0,0,0,0,0,0,0,0,0,0,2,2059.780215135472,1049.641280434889,1994.0688999676115,2165.628261214222,5,0.2588190451025207,0.9659258262890684,0,0,1,0.3656367874444444,4.117087354722222,0.5259598769722222,4.0833006567500005,18.44876204208333,20.124028981166667,18.346101567916666,18.61474645088889,0.0,0.0,0.0,0.0,-149.1078014589941,424.0713776604298,1076.4269689643475,707.7679873158057,672,672,0.08196300598696123,1.3156928850617422
A3,roll_02,mlr,2026-01-21 06:00:00+00:00,2026-01-21 07:00:00+00:00,0,1,2025-12-08T00:00:00+00:00,2026-01-19T00:00:00+00:00,2026-01-19T00:00:00+00:00,2026-01-26T00:00:00+00:00,1787.7926135424725,2227.779468923628,-439.98685538115546,0,night,0,0.0,0,1,0,0,0,0,0,0,0,0,0,0,0,0,0,0,0,0,0,0,0,0,0,0,2,1951.7951114496389,2165.628261214222,2029.167694873528,2007.6322741502224,6,6.123233995736766e-17,1.0,0,0,1,0.0914363476111111,4.254348787194444,0.3656367874444444,3.4344617149444443,18.20441595636111,19.934132118,18.44876204208333,18.44960326755556,0.0,0.0,0.0,0.0,-149.1078014589941,424.0713776604298,1076.4269689643475,707.7679873158057,672,672,0.6859200343275216,1.0050831025516758
A3,roll_02,mlr,2026-01-21 07:00:00+00:00,2026-01-21 08:00:00+00:00,0,1,2025-12-08T00:00:00+00:00,2026-01-19T00:00:00+00:00,2026-01-19T00:00:00+00:00,2026-01-26T00:00:00+00:00,1396.283928898889,1965.355018422004,-569.0710895231152,1,low,0,0.0,0,1,0,0,0,0,0,0,0,0,0,0,0,0,0,0,0,0,0,0,0,0,0,0,2,1687.1433126186946,2007.6322741502224,2071.0094555605,1787.7926135424725,7,-0.2588190451025206,0.9659258262890684,0,0,1,0.4624889772777778,4.355129028611111,0.0914363476111111,3.243632700527778,18.099627230388887,19.907104928583333,18.20441595636111,18.262677875222224,88.74529710644445,0.0,0.0,25.396158990166665,-149.1078014589941,424.0713776604298,1076.4269689643475,707.7679873158057,672,672,0.9903127402302586,0.4519234631501092
A3,roll_02,mlr,2026-01-21 08:00:00+00:00,2026-01-21 09:00:00+00:00,0,1,2025-12-08T00:00:00+00:00,2026-01-19T00:00:00+00:00,2026-01-19T00:00:00+00:00,2026-01-26T00:00:00+00:00,1012.9496219223612,1459.398378512353,-446.44875658999183,1,med,0,0.0,0,1,0,0,0,0,0,0,0,0,0,0,0,0,0,0,0,0,0,0,0,0,0,0,2,1700.1424731680556,1787.7926135424725,1907.5549124286945,1396.283928898889,8,-0.4999999999999998,0.8660254037844387,0,0,1,2.0457270672222223,4.627706611055555,0.4624889772777778,3.802172906555555,18.33234830197222,20.452670910722222,18.099627230388887,18.28468123055556,506.86706511469447,0.0,88.74529710644445,287.3037690233889,-149.1078014589941,424.0713776604298,1076.4269689643475,707.7679873158057,672,672,0.7011578021874657,0.08968666028923218
A3,roll_02,mlr,2026-01-21 09:00:00+00:00,2026-01-21 10:00:00+00:00,0,1,2025-12-08T00:00:00+00:00,2026-01-19T00:00:00+00:00,2026-01-19T00:00:00+00:00,2026-01-26T00:00:00+00:00,755.3586427439723,1043.7460836089078,-288.3874408649356,1,med,0,0.0,0,1,0,0,0,0,0,0,0,0,0,0,0,0,0,0,0,0,0,0,0,0,0,0,2,1616.381493539,1396.283928898889,720.9783473233889,1012.9496219223612,9,-0.7071067811865475,0.7071067811865476,0,0,1,3.9313944355833335,5.024308661138889,2.0457270672222223,5.253853115111111,18.699979865277776,20.41466703861111,18.33234830197222,18.12476716330556,949.0842489008888,115.05220435744444,506.86706511469447,621.6916147889167,-149.1078014589941,424.0713776604298,1076.4269689643475,707.7679873158057,672,672,0.3284344257665701,0.4536349933514507
A3,roll_02,mlr,2026-01-21 10:00:00+00:00,2026-01-21 11:00:00+00:00,0,1,2025-12-08T00:00:00+00:00,2026-01-19T00:00:00+00:00,2026-01-19T00:00:00+00:00,2026-01-26T00:00:00+00:00,53.140800646916695,904.873484798962,-851.7326841520453,1,high,0,0.0,0,2,0,0,0,0,0,0,0,0,0,0,0,0,0,0,0,0,0,0,0,0,0,0,2,1771.2370990303614,1012.9496219223612,151.7976551743889,755.3586427439723,10,-0.8660254037844387,0.4999999999999999,0,0,1,5.315615807527778,5.432306789416667,3.9313944355833335,6.455607524222223,19.066515733777777,20.172151427166664,18.699979865277776,18.34517670655556,1313.273773081028,33.43036787752778,949.0842489008888,959.4708232418888,-149.1078014589941,424.0713776604298,1076.4269689643475,707.7679873158057,672,672,1.6568552364212372,1.445793235433296
A3,roll_02,mlr,2026-01-21 11:00:00+00:00,2026-01-21 12:00:00+00:00,0,1,2025-12-08T00:00:00+00:00,2026-01-19T00:00:00+00:00,2026-01-19T00:00:00+00:00,2026-01-26T00:00:00+00:00,-768.0917536371389,561.8716712744588,-1329.9634249115977,1,high,0,0.0,0,2,0,0,0,0,0,0,0,0,0,0,0,0,0,0,0,0,0,0,0,0,0,0,2,1698.523145841389,755.3586427439723,787.0186959797501,53.140800646916695,11,-0.9659258262890682,0.258819045102521,0,0,1,6.909244716555556,5.742981328027778,5.315615807527778,6.95239593825,19.08309364155556,19.860319106222224,19.066515733777777,18.396018660722223,1427.9776504355557,89.70113270638889,1313.273773081028,590.2926090344722,-149.1078014589941,424.0713776604298,1076.4269689643475,707.7679873158057,672,672,2.784568083720472,2.6061064581301316
A3,roll_02,mlr,2026-01-21 12:00:00+00:00,2026-01-21 13:00:00+00:00,0,1,2025-12-08T00:00:00+00:00,2026-01-19T00:00:00+00:00,2026-01-19T00:00:00+00:00,2026-01-26T00:00:00+00:00,452.3195190723055,-162.1384040871244,614.4579231594299,1,high,0,0.0,0,2,1,0,0,0,0,0,0,0,0,0,0,0,0,0,0,0,0,0,0,0,0,0,2,986.6906551339166,53.140800646916695,-140.12853059388888,-768.0917536371389,12,-1.0,1.2246467991473532e-16,0,0,1,8.880089984972221,6.181814728333333,6.909244716555556,7.796212953166666,18.484981089805554,19.29081991602777,19.08309364155556,17.971774747861108,1346.315216830611,108.82108360533334,1427.9776504355557,566.0869300739722,-149.1078014589941,424.0713776604298,1076.4269689643475,707.7679873158057,672,672,1.8005594455135343,0.8817966637046633
A3,roll_02,mlr,2026-01-21 13:00:00+00:00,2026-01-21 14:00:00+00:00,0,1,2025-12-08T00:00:00+00:00,2026-01-19T00:00:00+00:00,2026-01-19T00:00:00+00:00,2026-01-26T00:00:00+00:00,66.48684730938892,543.9989273643944,-477.5120800550055,1,med,0,0.0,0,3,0,0,0,0,0,0,0,0,0,0,0,0,0,0,0,0,0,0,0,0,0,0,2,1215.6235662438055,-768.0917536371389,90.30469802694444,452.3195190723055,13,-0.9659258262890684,-0.2588190451025208,0,0,1,10.48915223186111,6.522614021444444,8.880089984972221,7.90864646013889,18.524133185916664,19.14399669966667,18.484981089805554,17.30683716836111,1073.8044294135832,44.19311912005556,1346.315216830611,232.06871784988888,-149.1078014589941,424.0713776604298,1076.4269689643475,707.7679873158057,672,672,0.7744080263275332,1.4269367077269683
A3,roll_02,mlr,2026-01-21 14:00:00+00:00,2026-01-21 15:00:00+00:00,0,1,2025-12-08T00:00:00+00:00,2026-01-19T00:00:00+00:00,2026-01-19T00:00:00+00:00,2026-01-26T00:00:00+00:00,359.87914049975,780.7840372508788,-420.9048967511288,1,med,0,0.0,0,3,0,0,0,0,0,0,0,0,0,0,0,0,0,0,0,0,0,0,0,0,0,0,2,1567.194707997861,452.3195190723055,1579.226911155389,66.48684730938892,14,-0.8660254037844388,-0.4999999999999997,0,0,1,10.873624103916669,6.668629153166666,10.48915223186111,7.004071844694444,17.64684908008333,19.106394929388888,18.524133185916664,18.014104303444444,664.2745502861944,0.0,1073.8044294135832,65.92271638830555,-149.1078014589941,424.0713776604298,1076.4269689643475,707.7679873158057,672,672,0.6409229898787772,1.0124049707052858
A3,roll_02,mlr,2026-01-21 15:00:00+00:00,2026-01-21 16:00:00+00:00,0,1,2025-12-08T00:00:00+00:00,2026-01-19T00:00:00+00:00,2026-01-19T00:00:00+00:00,2026-01-26T00:00:00+00:00,3501.792804637556,937.5758055180448,2564.2169991195115,1,low,0,0.0,0,2,0,0,0,0,0,0,0,0,0,0,0,0,0,0,0,0,0,0,0,0,0,0,2,1578.744458172111,66.48684730938892,1514.7609178625555,359.87914049975,15,-0.7071067811865479,-0.7071067811865471,0,0,1,9.67541222338889,6.565780549027778,10.873624103916669,6.226552915722222,17.73781377975,19.14164701436111,17.64684908008333,17.985049249555555,144.55603472877775,0.0,664.2745502861944,0.0,-149.1078014589941,424.0713776604298,1076.4269689643475,707.7679873158057,672,672,6.398273836701067,3.426780921345926
A3,roll_02,mlr,2026-01-21 16:00:00+00:00,2026-01-21 17:00:00+00:00,0,1,2025-12-08T00:00:00+00:00,2026-01-19T00:00:00+00:00,2026-01-19T00:00:00+00:00,2026-01-26T00:00:00+00:00,3139.28925536575,2645.964385900351,493.3248694653989,0,night,0,0.0,0,2,0,0,0,0,0,0,0,0,0,0,0,0,0,0,0,0,0,0,0,0,0,0,2,1624.9310390754445,359.87914049975,1201.4197669487778,3501.792804637556,16,-0.5000000000000004,-0.8660254037844385,0,0,1,6.537365921777777,6.580184991083333,9.67541222338889,5.539642565916666,17.606137597472223,19.24061198258333,17.73781377975,17.38080857111111,0.0,0.0,144.55603472877775,0.0,-149.1078014589941,424.0713776604298,1076.4269689643475,707.7679873158057,672,672,1.514916367307424,2.9146024168523947
A3,roll_02,mlr,2026-01-21 17:00:00+00:00,2026-01-21 18:00:00+00:00,0,1,2025-12-08T00:00:00+00:00,2026-01-19T00:00:00+00:00,2026-01-19T00:00:00+00:00,2026-01-26T00:00:00+00:00,3084.578836987528,2765.074779149739,319.50405783778933,0,night,0,0.0,0,1,0,0,0,0,0,0,0,0,0,0,0,0,0,0,0,0,0,0,0,0,0,0,2,1793.6743844524724,3501.792804637556,753.0024936381111,3139.28925536575,17,-0.2588190451025206,-0.9659258262890684,0,0,1,4.898183921,6.7399584603888885,6.537365921777777,5.106537856944445,17.69062399725,18.989385271777778,17.606137597472223,17.944962672305554,0.0,0.0,0.0,0.0,-149.1078014589941,424.0713776604298,1076.4269689643475,707.7679873158057,672,672,1.1050306245191086,2.8373024833166753
A3,roll_02,mlr,2026-01-21 18:00:00+00:00,2026-01-21 19:00:00+00:00,0,1,2025-12-08T00:00:00+00:00,2026-01-19T00:00:00+00:00,2026-01-19T00:00:00+00:00,2026-01-26T00:00:00+00:00,3033.668790060889,2678.586299062831,355.0824909980579,0,night,0,0.0,0,1,0,0,0,0,0,0,0,0,0,0,0,0,0,0,0,0,0,0,0,0,0,0,2,1048.612189175861,3139.28925536575,1059.3235259904168,3084.578836987528,18,-1.8369701987210287e-16,-1.0,0,0,1,4.040946171194444,7.065830788222222,4.898183921,5.047560526333333,17.300488013416665,19.395188082444445,17.69062399725,17.76713559486111,0.0,0.0,0.0,0.0,-149.1078014589941,424.0713776604298,1076.4269689643475,707.7679873158057,672,672,1.188927899917774,2.7653720656670804
A3,roll_02,mlr,2026-01-21 19:00:00+00:00,2026-01-21 20:00:00+00:00,0,1,2025-12-08T00:00:00+00:00,2026-01-19T00:00:00+00:00,2026-01-19T00:00:00+00:00,2026-01-26T00:00:00+00:00,2886.9925662115,2699.7768725514707,187.2156936600295,0,night,0,0.0,0,1,0,0,0,0,0,0,0,0,0,0,0,0,0,0,0,0,0,0,0,0,0,0,2,1797.1453520931666,3084.578836987528,2397.7932220235834,3033.668790060889,19,0.2588190451025203,-0.9659258262890684,0,0,1,3.191824916555556,6.7976319745,4.040946171194444,4.7790201357777775,17.536376965666665,20.13497632016667,17.300488013416665,18.29565681925,0.0,0.0,0.0,0.0,-149.1078014589941,424.0713776604298,1076.4269689643475,707.7679873158057,672,672,0.7930822800975046,2.558134345852067
A3,roll_02,mlr,2026-01-21 20:00:00+00:00,2026-01-21 21:00:00+00:00,0,1,2025-12-08T00:00:00+00:00,2026-01-19T00:00:00+00:00,2026-01-19T00:00:00+00:00,2026-01-26T00:00:00+00:00,2551.3509306884166,2548.7032510607432,2.6476796276733694,0,night,0,0.0,0,1,0,0,0,0,0,0,0,0,0,0,0,0,0,0,0,0,0,0,0,0,0,0,2,741.7054459836112,3033.668790060889,1239.3215171065278,2886.9925662115,20,0.5000000000000001,-0.8660254037844386,0,0,1,2.487087112333333,6.660144965333333,3.191824916555556,4.616484813166667,17.762063201333333,19.98757817386112,17.536376965666665,18.163473134916668,0.0,0.0,0.0,0.0,-149.1078014589941,424.0713776604298,1076.4269689643475,707.7679873158057,672,672,0.3578536281413076,2.0839088347548542
A3,roll_02,mlr,2026-01-21 21:00:00+00:00,2026-01-21 22:00:00+00:00,0,1,2025-12-08T00:00:00+00:00,2026-01-19T00:00:00+00:00,2026-01-19T00:00:00+00:00,2026-01-26T00:00:00+00:00,2388.614872440278,2301.0951543207448,87.51971811953308,0,night,0,0.0,0,1,0,0,0,0,0,0,0,0,0,0,0,0,0,0,0,0,0,0,0,0,0,0,2,554.3527368332501,2886.9925662115,1097.120321607,2551.3509306884166,21,0.7071067811865474,-0.7071067811865477,0,0,1,1.9324537458333333,6.3999320517500005,2.487087112333333,3.733819858222222,17.464727486527778,19.87022840075,17.762063201333333,17.823669394694445,0.0,0.0,0.0,0.0,-149.1078014589941,424.0713776604298,1076.4269689643475,707.7679873158057,672,672,0.5579898386068486,1.8539802972049835
A3,roll_02,mlr,2026-01-21 22:00:00+00:00,2026-01-21 23:00:00+00:00,0,1,2025-12-08T00:00:00+00:00,2026-01-19T00:00:00+00:00,2026-01-19T00:00:00+00:00,2026-01-26T00:00:00+00:00,1967.8965871302496,2235.912515639596,-268.01592850934617,0,night,0,0.0,0,1,0,0,0,0,0,0,0,0,0,0,0,0,0,0,0,0,0,0,0,0,0,0,2,374.6190320515,2551.3509306884166,532.8753846346667,2388.614872440278,22,0.8660254037844384,-0.5000000000000004,0,0,1,1.30014670125,6.275947400166667,1.9324537458333333,2.806227175638889,17.690357956194443,19.746410043166662,17.464727486527778,21.387805783944444,0.0,0.0,0.0,0.0,-149.1078014589941,424.0713776604298,1076.4269689643475,707.7679873158057,672,672,0.28039649293559815,1.2595506354374415
A3,roll_02,mlr,2026-01-21 23:00:00+00:00,2026-01-22 00:00:00+00:00,0,1,2025-12-08T00:00:00+00:00,2026-01-19T00:00:00+00:00,2026-01-19T00:00:00+00:00,2026-01-26T00:00:00+00:00,387.7841801272222,1820.9501836874904,-1433.166003560268,0,night,0,0.0,0,1,0,0,0,0,0,0,0,0,0,0,0,0,0,0,0,0,0,0,0,0,0,0,2,391.3148025667222,2388.614872440278,374.928417115,1967.8965871302496,23,0.965925826289068,-0.2588190451025215,0,0,1,0.8794424397222222,6.070554045388889,1.30014670125,2.466718193027777,17.751566612944444,20.0141855075,17.690357956194443,17.90830201163889,0.0,0.0,0.0,0.0,-149.1078014589941,424.0713776604298,1076.4269689643475,707.7679873158057,672,672,3.027929423544988,0.972978152697733
A3,roll_02,mlr,2026-01-22 00:00:00+00:00,2026-01-22 01:00:00+00:00,0,1,2025-12-08T00:00:00+00:00,2026-01-19T00:00:00+00:00,2026-01-19T00:00:00+00:00,2026-01-26T00:00:00+00:00,375.648988568,1142.9217777636234,-767.2727891956233,0,night,0,0.0,0,1,0,0,0,0,0,0,0,0,0,0,0,0,0,0,0,0,0,0,0,0,0,0,3,367.0031919465834,1967.8965871302496,373.7627816694167,387.7841801272222,0,1.0,0.0,0,0,1,0.7327373778333334,6.013936589527778,0.8794424397222222,1.8242255221388888,18.514657144027776,20.45064362852778,17.751566612944444,18.307477434611112,0.0,0.0,0.0,0.0,-149.1078014589941,424.0713776604298,1076.4269689643475,707.7679873158057,672,672,1.457690898987334,0.9901238724486993
A3,roll_02,mlr,2026-01-22 01:00:00+00:00,2026-01-22 02:00:00+00:00,0,1,2025-12-08T00:00:00+00:00,2026-01-19T00:00:00+00:00,2026-01-19T00:00:00+00:00,2026-01-26T00:00:00+00:00,370.6715177761111,909.8041274079008,-539.1326096317896,0,night,0,0.0,0,1,0,0,0,0,0,0,0,0,0,0,0,0,0,0,0,0,0,0,0,0,0,0,3,371.0505770755,387.7841801272222,382.08433273438885,375.648988568,1,0.9659258262890684,0.2588190451025207,0,0,1,0.5019400923611111,6.036887216611111,0.7327373778333334,1.5080317470555558,18.432809342444443,20.43497777380556,18.514657144027776,18.29967807894444,0.0,0.0,0.0,0.0,-149.1078014589941,424.0713776604298,1076.4269689643475,707.7679873158057,672,672,0.9197150025180508,0.9971565030297542
A3,roll_02,mlr,2026-01-22 02:00:00+00:00,2026-01-22 03:00:00+00:00,0,1,2025-12-08T00:00:00+00:00,2026-01-19T00:00:00+00:00,2026-01-19T00:00:00+00:00,2026-01-26T00:00:00+00:00,372.0987236639445,900.7274203016152,-528.6286966376707,0,night,0,0.0,0,1,0,0,0,0,0,0,0,0,0,0,0,0,0,0,0,0,0,0,0,0,0,0,3,364.3398802528056,375.648988568,365.3667726035,370.6715177761111,2,0.8660254037844387,0.4999999999999999,0,0,1,0.3487736218611111,6.034736897444444,0.5019400923611111,1.2603411373055555,18.54445086038889,20.54579069075,18.432809342444443,18.21223012147222,0.0,0.0,0.0,0.0,-149.1078014589941,424.0713776604298,1076.4269689643475,707.7679873158057,672,672,0.8949457925513981,0.9951400146982518
A3,roll_02,mlr,2026-01-22 03:00:00+00:00,2026-01-22 04:00:00+00:00,0,1,2025-12-08T00:00:00+00:00,2026-01-19T00:00:00+00:00,2026-01-19T00:00:00+00:00,2026-01-26T00:00:00+00:00,1036.0452877571945,898.1028581252065,137.94242963198803,0,night,0,0.0,0,1,0,0,0,0,0,0,0,0,0,0,0,0,0,0,0,0,0,0,0,0,0,0,3,373.5574161077223,370.6715177761111,371.9783939987778,372.0987236639445,3,0.7071067811865476,0.7071067811865476,0,0,1,0.2133146070555555,5.914457750944444,0.3487736218611111,0.6434714743888889,18.459798990916667,20.35707342683333,18.54445086038889,18.30506088336111,0.0,0.0,0.0,0.0,-149.1078014589941,424.0713776604298,1076.4269689643475,707.7679873158057,672,672,0.6768913117282682,0.05705496989246374
A3,roll_02,mlr,2026-01-22 04:00:00+00:00,2026-01-22 05:00:00+00:00,0,1,2025-12-08T00:00:00+00:00,2026-01-19T00:00:00+00:00,2026-01-19T00:00:00+00:00,2026-01-26T00:00:00+00:00,1958.2742827319444,1327.4102040449422,630.8640786870021,0,night,0,0.0,0,0,0,0,0,0,0,0,0,0,0,0,0,0,0,0,0,0,0,0,0,0,0,0,3,1052.1522978683056,372.0987236639445,1049.641280434889,1036.0452877571945,4,0.5000000000000001,0.8660254037844386,0,0,1,-0.1355967138611111,5.925028980166666,0.2133146070555555,0.5259598769722222,18.305206327277777,20.59579628066667,18.459798990916667,18.346101567916666,0.0,0.0,0.0,0.0,-149.1078014589941,424.0713776604298,1076.4269689643475,707.7679873158057,672,672,1.8392466958016431,1.2459553548218296
A3,roll_02,mlr,2026-01-22 05:00:00+00:00,2026-01-22 06:00:00+00:00,0,1,2025-12-08T00:00:00+00:00,2026-01-19T00:00:00+00:00,2026-01-19T00:00:00+00:00,2026-01-26T00:00:00+00:00,1980.8106362188057,1939.03884007356,41.77179614524584,0,night,0,0.0,0,0,0,0,0,0,0,0,0,0,0,0,0,0,0,0,0,0,0,0,0,0,0,0,3,2039.245831840444,1036.0452877571945,2165.628261214222,1958.2742827319444,5,0.2588190451025207,0.9659258262890684,0,0,1,-0.2067956863333333,5.866083384027778,-0.1355967138611111,0.3656367874444444,18.570810667694445,20.27639611691667,18.305206327277777,18.44876204208333,0.0,0.0,0.0,0.0,-149.1078014589941,424.0713776604298,1076.4269689643475,707.7679873158057,672,672,0.4501119567590448,1.2777967970610158
A3,roll_02,mlr,2026-01-22 06:00:00+00:00,2026-01-22 07:00:00+00:00,0,1,2025-12-08T00:00:00+00:00,2026-01-19T00:00:00+00:00,2026-01-19T00:00:00+00:00,2026-01-26T00:00:00+00:00,1778.5049296098057,2061.5397225794823,-283.0347929696766,0,night,0,0.0,0,0,0,0,0,0,0,0,0,0,0,0,0,0,0,0,0,0,0,0,0,0,0,0,3,2008.2256900938053,1958.2742827319444,2007.6322741502224,1980.8106362188057,6,6.123233995736766e-17,1.0,0,0,1,-0.3390546419444444,5.855689930055555,-0.2067956863333333,0.0914363476111111,18.560011663194445,19.47680676319445,18.570810667694445,18.20441595636111,0.0,0.0,0.0,0.0,-149.1078014589941,424.0713776604298,1076.4269689643475,707.7679873158057,672,672,0.3158123810419551,0.9919606046440066
A3,roll_02,mlr,2026-01-22 07:00:00+00:00,2026-01-22 08:00:00+00:00,0,1,2025-12-08T00:00:00+00:00,2026-01-19T00:00:00+00:00,2026-01-19T00:00:00+00:00,2026-01-26T00:00:00+00:00,1415.566902312361,1853.3062430852167,-437.7393407728557,1,low,0,0.0,0,1,0,0,0,0,0,0,0,0,0,0,0,0,0,0,0,0,0,0,0,0,0,0,3,1864.800559224361,1980.8106362188057,1787.7926135424725,1778.5049296098057,7,-0.2588190451025206,0.9659258262890684,0,0,1,0.0412508166666666,5.939965576,-0.3390546419444444,0.4624889772777778,18.17753363780556,18.746181867083333,18.560011663194445,18.099627230388887,50.5301981471389,0.0,0.0,88.74529710644445,-149.1078014589941,424.0713776604298,1076.4269689643475,707.7679873158057,672,672,0.6806201845222856,0.4791682294563705
A3,roll_02,mlr,2026-01-22 08:00:00+00:00,2026-01-22 09:00:00+00:00,0,1,2025-12-08T00:00:00+00:00,2026-01-19T00:00:00+00:00,2026-01-19T00:00:00+00:00,2026-01-26T00:00:00+00:00,1170.112685329639,1395.4696776663852,-225.35699233674632,1,med,0,0.0,0,1,0,0,0,0,0,0,0,0,0,0,0,0,0,0,0,0,0,0,0,0,0,0,3,1891.1646381102776,1778.5049296098057,1396.283928898889,1415.566902312361,8,-0.4999999999999998,0.8660254037844387,0,0,1,1.056784193527778,6.0540732603333325,0.0412508166666666,2.0457270672222223,18.45113440808333,19.051684740972224,18.17753363780556,18.33234830197222,442.9227532967777,0.0,50.5301981471389,506.86706511469447,-149.1078014589941,424.0713776604298,1076.4269689643475,707.7679873158057,672,672,0.17980272872555875,0.13236783528539126
A3,roll_02,mlr,2026-01-22 09:00:00+00:00,2026-01-22 10:00:00+00:00,0,1,2025-12-08T00:00:00+00:00,2026-01-19T00:00:00+00:00,2026-01-19T00:00:00+00:00,2026-01-26T00:00:00+00:00,912.1677645943888,1222.4231197981685,-310.25535520377946,1,med,0,0.0,0,1,0,0,0,0,0,0,0,0,0,0,0,0,0,0,0,0,0,0,0,0,0,0,3,1853.015352479528,1415.566902312361,1012.9496219223612,1170.112685329639,9,-0.7071067811865475,0.7071067811865476,0,0,1,2.4946484179722224,6.356309699972222,1.056784193527778,3.9313944355833335,18.912593772,20.157227171944445,18.45113440808333,18.699979865277776,833.8091316924166,71.04931229527777,442.9227532967777,949.0842489008888,-149.1078014589941,424.0713776604298,1076.4269689643475,707.7679873158057,672,672,0.38000101453162066,0.23208057910743887
A3,roll_02,mlr,2026-01-22 10:00:00+00:00,2026-01-22 11:00:00+00:00,0,1,2025-12-08T00:00:00+00:00,2026-01-19T00:00:00+00:00,2026-01-19T00:00:00+00:00,2026-01-26T00:00:00+00:00,979.6024800058332,1071.5512432198827,-91.94876321404956,1,med,0,0.0,0,1,0,0,0,0,0,0,0,0,0,0,0,0,0,0,0,0,0,0,0,0,0,0,3,1753.4225527633614,1170.112685329639,755.3586427439723,912.1677645943888,10,-0.8660254037844387,0.4999999999999999,0,0,1,3.215811578611111,7.095990240444444,2.4946484179722224,5.315615807527778,19.38619283925,19.88121188980556,18.912593772,19.066515733777777,1190.1841393934444,190.55258295625003,833.8091316924166,1313.273773081028,-149.1078014589941,424.0713776604298,1076.4269689643475,707.7679873158057,672,672,0.1347863620513289,0.13680258318226426
A3,roll_02,mlr,2026-01-22 11:00:00+00:00,2026-01-22 12:00:00+00:00,0,1,2025-12-08T00:00:00+00:00,2026-01-19T00:00:00+00:00,2026-01-19T00:00:00+00:00,2026-01-26T00:00:00+00:00,926.4931066359444,1501.109228990854,-574.6161223549096,1,med,0,0.0,0,1,0,0,0,0,0,0,0,0,0,0,0,0,0,0,0,0,0,0,0,0,0,0,3,1683.7846975026666,912.1677645943888,53.140800646916695,979.6024800058332,11,-0.9659258262890682,0.258819045102521,0,0,1,4.084419063944444,7.735721079805555,3.215811578611111,6.909244716555556,19.31657935863889,23.38672065052777,19.38619283925,19.08309364155556,1082.5123078365275,176.48683570197224,1190.1841393934444,1427.9776504355557,-149.1078014589941,424.0713776604298,1076.4269689643475,707.7679873158057,672,672,1.0033884466417262,0.2118404124168202
A3,roll_02,mlr,2026-01-22 12:00:00+00:00,2026-01-22 13:00:00+00:00,0,1,2025-12-08T00:00:00+00:00,2026-01-19T00:00:00+00:00,2026-01-19T00:00:00+00:00,2026-01-26T00:00:00+00:00,-104.81881332361114,1055.1528968079597,-1159.9717101315705,1,med,0,0.0,0,2,0,0,0,0,0,0,0,0,0,0,0,0,0,0,0,0,0,0,0,0,0,0,3,662.9256880891389,979.6024800058332,-768.0917536371389,926.4931066359444,12,-1.0,1.2246467991473532e-16,0,0,1,5.38599788475,7.640280755611111,4.084419063944444,8.880089984972221,19.65373982686111,18.96813179475,19.31657935863889,18.484981089805554,1175.6683752016668,137.67527449247223,1082.5123078365275,1346.315216830611,-149.1078014589941,424.0713776604298,1076.4269689643475,707.7679873158057,672,672,2.383711709687735,1.6689731712334246
A3,roll_02,mlr,2026-01-22 13:00:00+00:00,2026-01-22 14:00:00+00:00,0,1,2025-12-08T00:00:00+00:00,2026-01-19T00:00:00+00:00,2026-01-19T00:00:00+00:00,2026-01-26T00:00:00+00:00,1036.759236264139,680.5947267448216,356.16450951931733,1,med,0,0.0,0,2,1,0,0,0,0,0,0,0,0,0,0,0,0,0,0,0,0,0,0,0,0,0,3,1670.502586263833,926.4931066359444,452.3195190723055,-104.81881332361114,13,-0.9659258262890684,-0.2588190451025208,0,0,1,6.27195117888889,7.717073466916666,5.38599788475,10.48915223186111,18.68513766694445,19.995219474666666,19.65373982686111,18.524133185916664,952.1943599062224,89.73333983747223,1175.6683752016668,1073.8044294135832,-149.1078014589941,424.0713776604298,1076.4269689643475,707.7679873158057,672,672,1.1914794008637442,0.056046237483341796
A3,roll_02,mlr,2026-01-22 14:00:00+00:00,2026-01-22 15:00:00+00:00,0,1,2025-12-08T00:00:00+00:00,2026-01-19T00:00:00+00:00,2026-01-19T00:00:00+00:00,2026-01-26T00:00:00+00:00,1095.6600237501943,1088.7039174370273,6.956106313167084,1,med,0,0.0,0,2,0,0,0,0,0,0,0,0,0,0,0,0,0,0,0,0,0,0,0,0,0,0,3,1481.236402503917,-104.81881332361114,66.48684730938892,1036.759236264139,14,-0.8660254037844388,-0.4999999999999997,0,0,1,7.388014486055556,7.777161936083334,6.27195117888889,10.873624103916669,18.11838555286111,18.998335135416667,18.68513766694445,17.64684908008333,761.2699456159722,15.6927846945,952.1943599062224,664.2745502861944,-149.1078014589941,424.0713776604298,1076.4269689643475,707.7679873158057,672,672,0.36801330151814093,0.027174236657393647
A3,roll_02,mlr,2026-01-22 15:00:00+00:00,2026-01-22 16:00:00+00:00,0,1,2025-12-08T00:00:00+00:00,2026-01-19T00:00:00+00:00,2026-01-19T00:00:00+00:00,2026-01-26T00:00:00+00:00,2940.7578966023334,1691.6294366401933,1249.12845996214,1,low,0,0.0,0,2,0,0,0,0,0,0,0,0,0,0,0,0,0,0,0,0,0,0,0,0,0,0,3,885.3972389852223,1036.759236264139,359.87914049975,1095.6600237501943,15,-0.7071067811865479,-0.7071067811865471,0,0,1,6.172030068638889,7.587229790388889,7.388014486055556,9.67541222338889,17.8214131055,18.903532724861112,18.11838555286111,17.73781377975,67.57647916191668,0.0,761.2699456159722,144.55603472877775,-149.1078014589941,424.0713776604298,1076.4269689643475,707.7679873158057,672,672,3.2971719740556398,2.63409897176675
A3,roll_02,mlr,2026-01-22 16:00:00+00:00,2026-01-22 17:00:00+00:00,0,1,2025-12-08T00:00:00+00:00,2026-01-19T00:00:00+00:00,2026-01-19T00:00:00+00:00,2026-01-26T00:00:00+00:00,1509.757366554472,2547.778370411099,-1038.021003856627,0,night,0,0.0,0,1,0,0,0,0,0,0,0,0,0,0,0,0,0,0,0,0,0,0,0,0,0,0,3,1797.5373261431112,1095.6600237501943,3501.792804637556,2940.7578966023334,16,-0.5000000000000004,-0.8660254037844385,0,0,1,3.513001024222222,7.352740038694445,6.172030068638889,6.537365921777777,17.972978045416667,19.207566096138887,17.8214131055,17.606137597472223,0.0,0.0,67.57647916191668,0.0,-149.1078014589941,424.0713776604298,1076.4269689643475,707.7679873158057,672,672,2.096140530166645,0.6122492191735321
A3,roll_02,mlr,2026-01-22 17:00:00+00:00,2026-01-22 18:00:00+00:00,0,1,2025-12-08T00:00:00+00:00,2026-01-19T00:00:00+00:00,2026-01-19T00:00:00+00:00,2026-01-26T00:00:00+00:00,1902.4201895734168,1857.381414297132,45.038775276284696,0,night,0,0.0,0,1,0,0,0,0,0,0,0,0,0,0,0,0,0,0,0,0,0,0,0,0,0,0,3,1346.1776368881667,2940.7578966023334,3139.28925536575,1509.757366554472,17,-0.2588190451025206,-0.9659258262890684,0,0,1,2.803270102555556,7.210672752555555,3.513001024222222,4.898183921,18.275116791861112,19.75528769888889,17.972978045416667,17.69062399725,0.0,0.0,0.0,0.0,-149.1078014589941,424.0713776604298,1076.4269689643475,707.7679873158057,672,672,0.45781579932692223,1.167039531897494
A3,roll_02,mlr,2026-01-22 18:00:00+00:00,2026-01-22 19:00:00+00:00,0,1,2025-12-08T00:00:00+00:00,2026-01-19T00:00:00+00:00,2026-01-19T00:00:00+00:00,2026-01-26T00:00:00+00:00,1073.8756977925275,1737.1837979536997,-663.3081001611722,0,night,0,0.0,0,1,0,0,0,0,0,0,0,0,0,0,0,0,0,0,0,0,0,0,0,0,0,0,3,2386.9593965361114,1509.757366554472,3084.578836987528,1902.4201895734168,18,-1.8369701987210287e-16,-1.0,0,0,1,2.0540354806944445,6.914773931666667,2.803270102555556,4.040946171194444,18.52226880861112,19.750921251194445,18.275116791861112,17.300488013416665,0.0,0.0,0.0,0.0,-149.1078014589941,424.0713776604298,1076.4269689643475,707.7679873158057,672,672,1.2125324315424983,0.0036046716120851996
A3,roll_02,mlr,2026-01-22 19:00:00+00:00,2026-01-22 20:00:00+00:00,0,1,2025-12-08T00:00:00+00:00,2026-01-19T00:00:00+00:00,2026-01-19T00:00:00+00:00,2026-01-26T00:00:00+00:00,1112.6407676563056,1340.0642417212405,-227.4234740649349,0,night,0,0.0,0,1,0,0,0,0,0,0,0,0,0,0,0,0,0,0,0,0,0,0,0,0,0,0,3,1666.5948316020276,1902.4201895734168,3033.668790060889,1073.8756977925275,19,0.2588190451025203,-0.9659258262890684,0,0,1,1.7490800439444445,6.321510255361112,2.0540354806944445,3.191824916555556,18.13564327775,19.999823462166667,18.52226880861112,17.536376965666665,0.0,0.0,0.0,0.0,-149.1078014589941,424.0713776604298,1076.4269689643475,707.7679873158057,672,672,0.18467568605549978,0.05116620042296366
A3,roll_02,mlr,2026-01-22 20:00:00+00:00,2026-01-22 21:00:00+00:00,0,1,2025-12-08T00:00:00+00:00,2026-01-19T00:00:00+00:00,2026-01-19T00:00:00+00:00,2026-01-26T00:00:00+00:00,565.8491807108888,1155.1772561065657,-589.3280753956768,0,night,0,0.0,0,1,0,0,0,0,0,0,0,0,0,0,0,0,0,0,0,0,0,0,0,0,0,0,3,1076.4033323202225,1073.8756977925275,2886.9925662115,1112.6407676563056,20,0.5000000000000001,-0.8660254037844386,0,0,1,1.6065832648333334,6.225941869694444,1.7490800439444445,2.487087112333333,18.311032115555555,19.716939268694443,18.13564327775,17.762063201333333,0.0,0.0,0.0,0.0,-149.1078014589941,424.0713776604298,1076.4269689643475,707.7679873158057,672,672,1.0380806088950052,0.7213914692437751
A3,roll_02,mlr,2026-01-22 21:00:00+00:00,2026-01-22 22:00:00+00:00,0,1,2025-12-08T00:00:00+00:00,2026-01-19T00:00:00+00:00,2026-01-19T00:00:00+00:00,2026-01-26T00:00:00+00:00,473.87890895927785,850.7279407206986,-376.8490317614208,0,night,0,0.0,0,1,0,0,0,0,0,0,0,0,0,0,0,0,0,0,0,0,0,0,0,0,0,0,3,1005.1173250451112,1112.6407676563056,2551.3509306884166,565.8491807108888,21,0.7071067811865474,-0.7071067811865477,0,0,1,1.2826967101944444,6.317871820055555,1.6065832648333334,1.9324537458333333,17.99547290261111,19.756443385166666,18.311032115555555,17.464727486527778,0.0,0.0,0.0,0.0,-149.1078014589941,424.0713776604298,1076.4269689643475,707.7679873158057,672,672,0.5370351367707439,0.8513355658966997
A3,roll_02,mlr,2026-01-22 22:00:00+00:00,2026-01-22 23:00:00+00:00,0,1,2025-12-08T00:00:00+00:00,2026-01-19T00:00:00+00:00,2026-01-19T00:00:00+00:00,2026-01-26T00:00:00+00:00,367.6513029880277,673.2546205676247,-305.603317579597,0,night,0,0.0,0,1,0,0,0,0,0,0,0,0,0,0,0,0,0,0,0,0,0,0,0,0,0,0,3,480.00597344519446,565.8491807108888,2388.614872440278,473.87890895927785,22,0.8660254037844384,-0.5000000000000004,0,0,1,1.3345326389722223,6.12952082225,1.2826967101944444,1.30014670125,18.07674242205556,19.991357907416667,17.99547290261111,17.690357956194443,0.0,0.0,0.0,0.0,-149.1078014589941,424.0713776604298,1076.4269689643475,707.7679873158057,672,672,0.36903107440067523,1.0014237415065008
A3,roll_02,mlr,2026-01-22 23:00:00+00:00,2026-01-23 00:00:00+00:00,0,1,2025-12-08T00:00:00+00:00,2026-01-19T00:00:00+00:00,2026-01-19T00:00:00+00:00,2026-01-26T00:00:00+00:00,367.96108710394446,441.985521932643,-74.02443482869853,0,night,0,0.0,0,1,0,1,1,0,3,0,0,0,1,0,1,0,1,0,0,0,1,0,0,0,0,0,3,479.6300936403031,473.87890895927785,1967.8965871302496,367.6513029880277,23,0.965925826289068,-0.2588190451025215,0,0,1,1.6309106950555554,6.380006211722222,1.3345326389722223,0.8794424397222222,18.345077110444443,20.516338076272728,18.07674242205556,17.751566612944444,0.0,0.0,0.0,0.0,-149.1078014589941,424.0713776604298,1076.4269689643475,707.7679873158057,672,672,0.1770536060333166,1.000986049887964
A3,roll_02,mlr,2026-01-23 00:00:00+00:00,2026-01-23 01:00:00+00:00,0,1,2025-12-08T00:00:00+00:00,2026-01-19T00:00:00+00:00,2026-01-19T00:00:00+00:00,2026-01-26T00:00:00+00:00,369.3633806425278,740.9170792403354,-371.5536985978076,0,night,0,0.0,0,1,0,1,1,0,3,0,0,0,1,0,1,0,1,0,0,0,1,0,0,0,0,0,4,436.11526816900937,367.6513029880277,387.7841801272222,367.96108710394446,0,1.0,0.0,0,0,1,1.3322522275277775,6.179232263,1.6309106950555554,0.7327373778333334,18.412130332527777,20.644644640187085,18.345077110444443,18.514657144027776,0.0,0.0,0.0,0.0,-149.1078014589941,424.0713776604298,1076.4269689643475,707.7679873158057,672,672,0.5245482455477919,0.9990047600250225
A3,roll_02,mlr,2026-01-23 01:00:00+00:00,2026-01-23 02:00:00+00:00,0,1,2025-12-08T00:00:00+00:00,2026-01-19T00:00:00+00:00,2026-01-19T00:00:00+00:00,2026-01-26T00:00:00+00:00,364.6717208964722,703.9888386938139,-339.3171177973417,0,night,0,0.0,0,1,0,1,1,0,3,0,0,0,1,0,1,0,1,0,0,0,1,0,0,0,0,0,4,363.3156685093611,367.96108710394446,375.648988568,369.3633806425278,1,0.9659258262890684,0.2588190451025207,0,0,1,1.58879370875,6.335631528111112,1.3322522275277775,0.5019400923611111,18.522961206138888,20.570585093833333,18.412130332527777,18.432809342444443,0.0,0.0,0.0,0.0,-149.1078014589941,424.0713776604298,1076.4269689643475,707.7679873158057,672,672,0.4485313707982799,1.0056335703557195
A3,roll_02,mlr,2026-01-23 02:00:00+00:00,2026-01-23 03:00:00+00:00,0,1,2025-12-08T00:00:00+00:00,2026-01-19T00:00:00+00:00,2026-01-19T00:00:00+00:00,2026-01-26T00:00:00+00:00,368.5853674459444,830.9306938878042,-462.34532644185975,0,night,0,0.0,0,1,0,0,0,0,0,0,0,0,0,0,0,0,0,0,0,0,0,0,0,0,0,0,4,402.5595977328056,369.3633806425278,370.6715177761111,364.6717208964722,2,0.8660254037844387,0.4999999999999999,0,0,1,2.072341584194444,6.396147497388889,1.58879370875,0.3487736218611111,18.394230225944444,20.26279251922222,18.522961206138888,18.54445086038889,0.0,0.0,0.0,0.0,-149.1078014589941,424.0713776604298,1076.4269689643475,707.7679873158057,672,672,0.7386434017569726,1.0001040089463165
A3,roll_02,mlr,2026-01-23 03:00:00+00:00,2026-01-23 04:00:00+00:00,0,1,2025-12-08T00:00:00+00:00,2026-01-19T00:00:00+00:00,2026-01-19T00:00:00+00:00,2026-01-26T00:00:00+00:00,1077.5376334153334,863.3043373224748,214.2332960928586,0,night,0,0.0,0,1,0,0,0,0,0,0,0,0,0,0,0,0,0,0,0,0,0,0,0,0,0,0,4,399.17939954838886,364.6717208964722,372.0987236639445,368.5853674459444,3,0.7071067811865476,0.7071067811865476,0,0,1,2.1618301728333336,6.315615564583333,2.072341584194444,0.2133146070555555,18.33168606486112,20.336075921944445,18.394230225944444,18.459798990916667,0.0,0.0,0.0,0.0,-149.1078014589941,424.0713776604298,1076.4269689643475,707.7679873158057,672,672,0.856792315379497,0.0015692493456762868
A3,roll_02,mlr,2026-01-23 04:00:00+00:00,2026-01-23 05:00:00+00:00,0,1,2025-12-08T00:00:00+00:00,2026-01-19T00:00:00+00:00,2026-01-19T00:00:00+00:00,2026-01-26T00:00:00+00:00,2595.650702010778,1252.6160989852358,1343.034603025542,0,night,0,0.0,0,1,0,0,0,0,0,0,0,0,0,0,0,0,0,0,0,0,0,0,0,0,0,0,4,1076.4506056084722,368.5853674459444,1036.0452877571945,1077.5376334153334,4,0.5000000000000001,0.8660254037844386,0,0,1,2.4079966898333334,6.319809020444445,2.1618301728333336,-0.1355967138611111,18.65893950025,20.54722971761112,18.33168606486112,18.305206327277777,0.0,0.0,0.0,0.0,-149.1078014589941,424.0713776604298,1076.4269689643475,707.7679873158057,672,672,3.5186114486588904,2.146499644336914
A3,roll_02,mlr,2026-01-23 05:00:00+00:00,2026-01-23 06:00:00+00:00,0,1,2025-12-08T00:00:00+00:00,2026-01-19T00:00:00+00:00,2026-01-19T00:00:00+00:00,2026-01-26T00:00:00+00:00,2229.0674939791948,2312.487118924545,-83.41962494535028,0,night,0,0.0,0,1,0,0,0,0,0,0,0,0,0,0,0,0,0,0,0,0,0,0,0,0,0,0,4,2002.717169422556,1077.5376334153334,1958.2742827319444,2595.650702010778,5,0.2588190451025207,0.9659258262890684,0,0,1,2.3870737601111114,6.480166650444445,2.4079966898333334,-0.2067956863333333,18.58098035247222,20.62937870683333,18.65893950025,18.570810667694445,0.0,0.0,0.0,0.0,-149.1078014589941,424.0713776604298,1076.4269689643475,707.7679873158057,672,672,0.15489886838399844,1.628557021046135
A3,roll_02,mlr,2026-01-23 06:00:00+00:00,2026-01-23 07:00:00+00:00,0,1,2025-12-08T00:00:00+00:00,2026-01-19T00:00:00+00:00,2026-01-19T00:00:00+00:00,2026-01-26T00:00:00+00:00,1956.5605310417773,2276.956983179235,-320.3964521374578,0,night,0,0.0,0,1,0,0,0,0,0,0,0,0,0,0,0,0,0,0,0,0,0,0,0,0,0,0,4,2477.7992105114445,2595.650702010778,1980.8106362188057,2229.0674939791948,6,6.123233995736766e-17,1.0,0,0,1,2.86016758225,6.526934920555555,2.3870737601111114,-0.3390546419444444,18.59333267108333,19.989256890694445,18.58098035247222,18.560011663194445,0.0,0.0,0.0,0.0,-149.1078014589941,424.0713776604298,1076.4269689643475,707.7679873158057,672,672,0.40391467026954386,1.2435340081081043
A3,roll_02,mlr,2026-01-23 07:00:00+00:00,2026-01-23 08:00:00+00:00,0,1,2025-12-08T00:00:00+00:00,2026-01-19T00:00:00+00:00,2026-01-19T00:00:00+00:00,2026-01-26T00:00:00+00:00,1820.3555307953327,2029.3682457466975,-209.01271495136507,1,low,0,0.0,0,1,0,0,0,0,0,0,0,0,0,0,0,0,0,0,0,0,0,0,0,0,0,0,4,2372.8508934692777,2229.0674939791948,1778.5049296098057,1956.5605310417773,7,-0.2588190451025206,0.9659258262890684,0,0,1,2.925855649944445,6.51837168525,2.86016758225,0.0412508166666666,18.58286181677777,19.50656841447222,18.59333267108333,18.17753363780556,13.610436851555557,0.0,0.0,50.5301981471389,-149.1078014589941,424.0713776604298,1076.4269689643475,707.7679873158057,672,672,0.14126139288829614,1.0510910003888672
A3,roll_02,mlr,2026-01-23 08:00:00+00:00,2026-01-23 09:00:00+00:00,0,1,2025-12-08T00:00:00+00:00,2026-01-19T00:00:00+00:00,2026-01-19T00:00:00+00:00,2026-01-26T00:00:00+00:00,2016.7762660696944,1737.9579624597338,278.8183036099606,1,low,0,0.0,0,1,0,0,0,0,0,0,0,0,0,0,0,0,0,0,0,0,0,0,0,0,0,0,4,1713.0605896702225,1956.5605310417773,1415.566902312361,1820.3555307953327,8,-0.4999999999999998,0.8660254037844387,0,0,1,3.784128624555555,6.70613304075,2.925855649944445,1.056784193527778,18.901513842444444,19.7554677515,18.58286181677777,18.45113440808333,145.74993311175,219.2942974313056,13.610436851555557,442.9227532967777,-149.1078014589941,424.0713776604298,1076.4269689643475,707.7679873158057,672,672,1.009089808017205,1.328612361618107
A3,roll_02,mlr,2026-01-23 09:00:00+00:00,2026-01-23 10:00:00+00:00,0,1,2025-12-08T00:00:00+00:00,2026-01-19T00:00:00+00:00,2026-01-19T00:00:00+00:00,2026-01-26T00:00:00+00:00,1936.420994131,1834.1479469925216,102.2730471384782,1,low,0,0.0,0,1,0,0,0,0,0,0,0,0,0,0,0,0,0,0,0,0,0,0,0,0,0,0,4,1442.9932598915832,1820.3555307953327,1170.112685329639,2016.7762660696944,9,-0.7071067811865475,0.7071067811865476,0,0,1,4.780561090416667,7.120510198722222,3.784128624555555,2.4946484179722224,18.886623428750003,19.877659039055555,18.901513842444444,18.912593772,232.31283958127776,397.3280925458334,145.74993311175,833.8091316924166,-149.1078014589941,424.0713776604298,1076.4269689643475,707.7679873158057,672,672,0.5927795692893062,1.215079009758778
A3,roll_02,mlr,2026-01-23 10:00:00+00:00,2026-01-23 11:00:00+00:00,0,1,2025-12-08T00:00:00+00:00,2026-01-19T00:00:00+00:00,2026-01-19T00:00:00+00:00,2026-01-26T00:00:00+00:00,1576.1195596841944,1975.2299604497612,-399.11040076556696,1,low,0,0.0,0,2,0,0,0,0,0,0,0,0,0,0,0,0,0,0,0,0,0,0,0,0,0,0,4,1623.9131629396943,2016.7762660696944,912.1677645943888,1936.420994131,10,-0.8660254037844387,0.4999999999999999,0,0,1,5.483105661972222,7.606124750555556,4.780561090416667,3.215811578611111,18.61690110308333,19.85123305425,18.886623428750003,19.38619283925,231.00179334266667,176.83669021891663,232.31283958127776,1190.1841393934444,-149.1078014589941,424.0713776604298,1076.4269689643475,707.7679873158057,672,672,0.5895295284624457,0.7060118565335513
A3,roll_02,mlr,2026-01-23 11:00:00+00:00,2026-01-23 12:00:00+00:00,0,1,2025-12-08T00:00:00+00:00,2026-01-19T00:00:00+00:00,2026-01-19T00:00:00+00:00,2026-01-26T00:00:00+00:00,1707.01032054225,1735.3714678510398,-28.361147308789896,1,low,0,0.0,0,2,0,0,0,0,0,0,0,0,0,0,0,0,0,0,0,0,0,0,0,0,0,0,4,490.20504058097225,1936.420994131,979.6024800058332,1576.1195596841944,11,-0.9659258262890682,0.258819045102521,0,0,1,6.005421360722223,8.054131653722223,5.483105661972222,4.084419063944444,18.975925773527777,19.50173812611111,18.61690110308333,19.31657935863889,305.4964137123056,96.41320922194444,231.00179334266667,1082.5123078365275,-149.1078014589941,424.0713776604298,1076.4269689643475,707.7679873158057,672,672,0.28473191191623093,0.890946415886053
A3,roll_02,mlr,2026-01-23 12:00:00+00:00,2026-01-23 13:00:00+00:00,0,1,2025-12-08T00:00:00+00:00,2026-01-19T00:00:00+00:00,2026-01-19T00:00:00+00:00,2026-01-26T00:00:00+00:00,2214.146590013028,1790.7263692417455,423.4202207712822,1,low,0,0.0,0,2,0,0,0,0,0,0,0,0,0,0,0,0,0,0,0,0,0,0,0,0,0,0,4,1595.4900083538612,1576.1195596841944,926.4931066359444,1707.01032054225,12,-1.0,1.2246467991473532e-16,0,0,1,6.755185106222222,7.894125589972222,6.005421360722223,5.38599788475,18.9128849575,19.87244296738889,18.975925773527777,19.65373982686111,277.5941901626389,92.09759563077776,305.4964137123056,1175.6683752016668,-149.1078014589941,424.0713776604298,1076.4269689643475,707.7679873158057,672,672,1.3500746628760252,1.6074753894471219
A3,roll_02,mlr,2026-01-23 13:00:00+00:00,2026-01-23 14:00:00+00:00,0,1,2025-12-08T00:00:00+00:00,2026-01-19T00:00:00+00:00,2026-01-19T00:00:00+00:00,2026-01-26T00:00:00+00:00,2195.8262186153333,1908.1869950552748,287.6392235600585,1,low,0,0.0,0,2,0,0,0,0,0,0,0,0,0,0,0,0,0,0,0,0,0,0,0,0,0,0,4,701.5758242305001,1707.01032054225,-104.81881332361114,2214.146590013028,13,-0.9659258262890684,-0.2588190451025208,0,0,1,6.862749878222222,8.179940411916666,6.755185106222222,6.27195117888889,22.81537184433333,19.473662514111112,18.9128849575,18.68513766694445,104.38236414708336,166.040840057,277.5941901626389,952.1943599062224,-149.1078014589941,424.0713776604298,1076.4269689643475,707.7679873158057,672,672,1.029890362864274,1.581590676199248
A3,roll_02,mlr,2026-01-23 14:00:00+00:00,2026-01-23 15:00:00+00:00,0,1,2025-12-08T00:00:00+00:00,2026-01-19T00:00:00+00:00,2026-01-19T00:00:00+00:00,2026-01-26T00:00:00+00:00,2527.9803929520835,2434.4555756778727,93.52481727421082,1,low,0,0.0,0,2,0,0,0,0,0,0,0,0,0,0,0,0,0,0,0,0,0,0,0,0,0,0,4,1952.1323181944445,2214.146590013028,1036.759236264139,2195.8262186153333,14,-0.8660254037844388,-0.4999999999999997,0,0,1,5.7134238162777775,8.302941039805555,6.862749878222222,7.388014486055556,18.83056621691667,19.448341239055555,22.81537184433333,18.11838555286111,20.72892640275,27.528722678833333,104.38236414708336,761.2699456159722,-149.1078014589941,424.0713776604298,1076.4269689643475,707.7679873158057,672,672,0.5721504244681426,2.050888779941461
A3,roll_02,mlr,2026-01-23 15:00:00+00:00,2026-01-23 16:00:00+00:00,0,1,2025-12-08T00:00:00+00:00,2026-01-19T00:00:00+00:00,2026-01-19T00:00:00+00:00,2026-01-26T00:00:00+00:00,2048.975809514583,2238.0817185760206,-189.1059090614376,1,night,0,0.0,0,2,0,0,0,0,0,0,0,0,0,0,0,0,0,0,0,0,0,0,0,0,0,0,4,573.8755752583612,2195.8262186153333,1095.6600237501943,2527.9803929520835,15,-0.7071067811865479,-0.7071067811865471,0,0,1,5.713572192777778,8.416783751555556,5.7134238162777775,6.172030068638889,18.771297444972223,18.75333884008333,18.83056621691667,17.8214131055,0.0,0.0,20.72892640275,67.57647916191668,-149.1078014589941,424.0713776604298,1076.4269689643475,707.7679873158057,672,672,0.09431928139812236,1.3741068513689145
A3,roll_02,mlr,2026-01-23 16:00:00+00:00,2026-01-23 17:00:00+00:00,0,1,2025-12-08T00:00:00+00:00,2026-01-19T00:00:00+00:00,2026-01-19T00:00:00+00:00,2026-01-26T00:00:00+00:00,1253.307754251361,2058.862426323599,-805.5546720722377,0,night,0,0.0,0,2,0,0,0,0,0,0,0,0,0,0,0,0,0,0,0,0,0,0,0,0,0,0,4,1748.7442167502777,2527.9803929520835,2940.7578966023334,2048.975809514583,16,-0.5000000000000004,-0.8660254037844385,0,0,1,5.802371368194444,8.520774253777779,5.713572192777778,3.513001024222222,18.720766871444443,20.16664298611111,18.771297444972223,17.972978045416667,0.0,0.0,0.0,0.0,-149.1078014589941,424.0713776604298,1076.4269689643475,707.7679873158057,672,672,1.5479631618498095,0.24991351467848955
A3,roll_02,mlr,2026-01-23 17:00:00+00:00,2026-01-23 18:00:00+00:00,0,1,2025-12-08T00:00:00+00:00,2026-01-19T00:00:00+00:00,2026-01-19T00:00:00+00:00,2026-01-26T00:00:00+00:00,2022.5164028016115,1466.768600434097,555.7478023675146,0,night,0,0.0,0,2,0,0,0,0,0,0,0,0,0,0,0,0,0,0,0,0,0,0,0,0,0,0,4,1779.3662909536945,2048.975809514583,1509.757366554472,1253.307754251361,17,-0.2588190451025206,-0.9659258262890684,0,0,1,5.091072229027778,8.07320388525,5.802371368194444,2.803270102555556,17.994156679944442,19.575921534027778,18.720766871444443,18.275116791861112,0.0,0.0,0.0,0.0,-149.1078014589941,424.0713776604298,1076.4269689643475,707.7679873158057,672,672,1.6621154856409894,1.3367225570985304
A3,roll_02,mlr,2026-01-23 18:00:00+00:00,2026-01-23 19:00:00+00:00,0,1,2025-12-08T00:00:00+00:00,2026-01-19T00:00:00+00:00,2026-01-19T00:00:00+00:00,2026-01-26T00:00:00+00:00,1067.3991769345832,1636.96810526479,-569.5689283302067,0,night,0,0.0,0,1,0,0,0,0,0,0,0,0,0,0,0,0,0,0,0,0,0,0,0,0,0,0,4,1926.1523590546667,1253.307754251361,1902.4201895734168,2022.5164028016115,18,-1.8369701987210287e-16,-1.0,0,0,1,4.711612085277777,7.896998074444444,5.091072229027778,2.0540354806944445,18.35074025972222,18.97882240377778,17.994156679944442,18.52226880861112,0.0,0.0,0.0,0.0,-149.1078014589941,424.0713776604298,1076.4269689643475,707.7679873158057,672,672,0.9914866907332095,0.012755298616997236
A3,roll_02,mlr,2026-01-23 19:00:00+00:00,2026-01-23 20:00:00+00:00,0,1,2025-12-08T00:00:00+00:00,2026-01-19T00:00:00+00:00,2026-01-19T00:00:00+00:00,2026-01-26T00:00:00+00:00,1046.436184157472,1164.19964750633,-117.76346334885784,0,night,0,0.0,0,1,0,0,0,0,0,0,0,0,0,0,0,0,0,0,0,0,0,0,0,0,0,0,4,3573.4096695315,2022.5164028016115,1073.8756977925275,1067.3991769345832,19,0.2588190451025203,-0.9659258262890684,0,0,1,3.980250340583333,7.825703813444444,4.711612085277777,1.7490800439444445,17.935994839722223,18.995995310777776,18.35074025972222,18.13564327775,0.0,0.0,0.0,0.0,-149.1078014589941,424.0713776604298,1076.4269689643475,707.7679873158057,672,672,0.0739128829751742,0.04237375148968624
A3,roll_02,mlr,2026-01-23 20:00:00+00:00,2026-01-23 21:00:00+00:00,0,1,2025-12-08T00:00:00+00:00,2026-01-19T00:00:00+00:00,2026-01-19T00:00:00+00:00,2026-01-26T00:00:00+00:00,602.2876708927778,938.806515347075,-336.5188444542972,0,night,0,0.0,0,1,0,0,0,0,0,0,0,0,0,0,0,0,0,0,0,0,0,0,0,0,0,0,4,2754.500442691028,1067.3991769345832,1112.6407676563056,1046.436184157472,20,0.5000000000000001,-0.8660254037844386,0,0,1,3.866209152527778,7.709597783944445,3.980250340583333,1.6065832648333334,17.69838866127778,18.76334915180556,17.935994839722223,18.311032115555555,0.0,0.0,0.0,0.0,-149.1078014589941,424.0713776604298,1076.4269689643475,707.7679873158057,672,672,0.44193278034758177,0.6699078039255948
A3,roll_02,mlr,2026-01-23 21:00:00+00:00,2026-01-23 22:00:00+00:00,0,1,2025-12-08T00:00:00+00:00,2026-01-19T00:00:00+00:00,2026-01-19T00:00:00+00:00,2026-01-26T00:00:00+00:00,492.5538403097778,614.1878974711219,-121.63405716134412,0,night,0,0.0,0,1,0,0,0,0,0,0,0,0,0,0,0,0,0,0,0,0,0,0,0,0,0,0,4,2483.442940576528,1046.436184157472,565.8491807108888,602.2876708927778,21,0.7071067811865474,-0.7071067811865477,0,0,1,3.869637564888889,7.793732041944445,3.866209152527778,1.2826967101944444,18.29812389511111,19.09072242922222,17.69838866127778,17.99547290261111,0.0,0.0,0.0,0.0,-149.1078014589941,424.0713776604298,1076.4269689643475,707.7679873158057,672,672,0.06478566049239298,0.8249498975912932
A3,roll_02,mlr,2026-01-23 22:00:00+00:00,2026-01-23 23:00:00+00:00,0,1,2025-12-08T00:00:00+00:00,2026-01-19T00:00:00+00:00,2026-01-19T00:00:00+00:00,2026-01-26T00:00:00+00:00,435.2853666092778,489.16467615326496,-53.879309543987176,0,night,0,0.0,0,1,0,0,0,0,0,0,0,0,0,0,0,0,0,0,0,0,0,0,0,0,0,0,4,2471.681181403111,602.2876708927778,473.87890895927785,492.5538403097778,22,0.8660254037844384,-0.5000000000000004,0,0,1,3.9082464093888887,7.769939707083334,3.869637564888889,1.3345326389722223,18.156249321388888,18.72444743175,18.29812389511111,18.07674242205556,0.0,0.0,0.0,0.0,-149.1078014589941,424.0713776604298,1076.4269689643475,707.7679873158057,672,672,0.22455769696218456,0.9058640880136226
A3,roll_02,mlr,2026-01-23 23:00:00+00:00,2026-01-24 00:00:00+00:00,0,1,2025-12-08T00:00:00+00:00,2026-01-19T00:00:00+00:00,2026-01-19T00:00:00+00:00,2026-01-26T00:00:00+00:00,405.1807272819444,448.16621977976,-42.98549249781559,0,night,0,0.0,0,1,0,0,0,0,0,0,0,0,0,0,0,0,0,0,0,0,0,0,0,0,0,0,4,2428.759211638084,492.5538403097778,367.6513029880277,435.2853666092778,23,0.965925826289068,-0.2588190451025215,0,0,1,3.962953027722222,7.651671525194445,3.9082464093888887,1.6309106950555554,18.266909694166667,18.786308081027776,18.156249321388888,18.345077110444443,0.0,0.0,0.0,0.0,-149.1078014589941,424.0713776604298,1076.4269689643475,707.7679873158057,672,672,0.25024633717712186,0.9483987036883222
A3,roll_02,mlr,2026-01-24 00:00:00+00:00,2026-01-24 01:00:00+00:00,0,1,2025-12-08T00:00:00+00:00,2026-01-19T00:00:00+00:00,2026-01-19T00:00:00+00:00,2026-01-26T00:00:00+00:00,403.1378216736112,680.1406726304365,-277.0028509568253,0,night,0,0.0,0,1,0,0,0,0,0,0,0,0,0,0,0,0,0,0,0,0,0,0,0,0,0,0,5,2422.2099434294164,435.2853666092778,367.96108710394446,405.1807272819444,0,1.0,0.0,0,1,1,3.7605419066388888,7.438261246666666,3.962953027722222,1.3322522275277775,18.3607900945,19.11630246361111,18.266909694166667,18.412130332527777,0.0,0.0,0.0,0.0,-149.1078014589941,424.0713776604298,1076.4269689643475,707.7679873158057,672,672,0.3015884972086979,0.9512851094666916
A3,roll_02,mlr,2026-01-24 01:00:00+00:00,2026-01-24 02:00:00+00:00,0,1,2025-12-08T00:00:00+00:00,2026-01-19T00:00:00+00:00,2026-01-19T00:00:00+00:00,2026-01-26T00:00:00+00:00,404.9479621853611,718.903362578779,-313.9554003934179,0,night,0,0.0,0,1,0,0,0,0,0,0,0,0,0,0,0,0,0,0,0,0,0,0,0,0,0,0,5,2419.0737715843334,405.1807272819444,369.3633806425278,403.1378216736112,1,0.9659258262890684,0.2588190451025207,0,1,1,3.594426555777778,7.284376046305557,3.7605419066388888,1.58879370875,18.35504471088889,19.46177759227778,18.3607900945,18.522961206138888,0.0,0.0,0.0,0.0,-149.1078014589941,424.0713776604298,1076.4269689643475,707.7679873158057,672,672,0.38872606739902077,0.9487275757209018
A3,roll_02,mlr,2026-01-24 02:00:00+00:00,2026-01-24 03:00:00+00:00,0,1,2025-12-08T00:00:00+00:00,2026-01-19T00:00:00+00:00,2026-01-19T00:00:00+00:00,2026-01-26T00:00:00+00:00,402.6522398849167,727.527047598642,-324.87480771372526,0,night,0,0.0,0,1,0,0,0,0,0,0,0,0,0,0,0,0,0,0,0,0,0,0,0,0,0,0,5,2397.090425719361,403.1378216736112,364.6717208964722,404.9479621853611,2,0.8660254037844387,0.4999999999999999,0,1,1,3.4606973831944443,7.356306431222222,3.594426555777778,2.072341584194444,18.292189759527776,19.223714178972223,18.35504471088889,18.394230225944444,0.0,0.0,0.0,0.0,-149.1078014589941,424.0713776604298,1076.4269689643475,707.7679873158057,672,672,0.4144750518755231,0.9519711842784898
A3,roll_02,mlr,2026-01-24 03:00:00+00:00,2026-01-24 04:00:00+00:00,0,1,2025-12-08T00:00:00+00:00,2026-01-19T00:00:00+00:00,2026-01-19T00:00:00+00:00,2026-01-26T00:00:00+00:00,989.5879204678332,743.0241709500613,246.56374951777195,0,night,0,0.0,0,1,0,0,0,0,0,0,0,0,0,0,0,0,0,0,0,0,0,0,0,0,0,0,5,2408.5668939863613,404.9479621853611,368.5853674459444,402.6522398849167,3,0.7071067811865476,0.7071067811865476,0,1,1,3.4151579152222222,7.399717572,3.4606973831944443,2.1618301728333336,18.273110989944445,19.45567031075,18.292189759527776,18.33168606486112,0.0,0.0,0.0,0.0,-149.1078014589941,424.0713776604298,1076.4269689643475,707.7679873158057,672,672,0.9330305505635786,0.12269423038734684
A3,roll_02,mlr,2026-01-24 04:00:00+00:00,2026-01-24 05:00:00+00:00,0,1,2025-12-08T00:00:00+00:00,2026-01-19T00:00:00+00:00,2026-01-19T00:00:00+00:00,2026-01-26T00:00:00+00:00,1683.9951601766388,1070.4231103285786,613.5720498480603,0,night,0,0.0,0,1,0,0,0,0,0,0,0,0,0,0,0,0,0,0,0,0,0,0,0,0,0,0,5,2987.1550890425,402.6522398849167,1077.5376334153334,989.5879204678332,4,0.5000000000000001,0.8660254037844386,0,1,1,3.746956920472222,7.292532967416666,3.4151579152222222,2.4079966898333334,18.763885850944444,19.50167555113889,18.273110989944445,18.65893950025,0.0,0.0,0.0,0.0,-149.1078014589941,424.0713776604298,1076.4269689643475,707.7679873158057,672,672,1.7984704733309338,0.858428471053742
A3,roll_02,mlr,2026-01-24 05:00:00+00:00,2026-01-24 06:00:00+00:00,0,1,2025-12-08T00:00:00+00:00,2026-01-19T00:00:00+00:00,2026-01-19T00:00:00+00:00,2026-01-26T00:00:00+00:00,1902.018428271,1695.281631936026,206.73679633497383,0,night,0,0.0,0,1,0,0,0,0,0,0,0,0,0,0,0,0,0,0,0,0,0,0,0,0,0,0,5,3319.657065773777,989.5879204678332,2595.650702010778,1683.9951601766388,5,0.2588190451025207,0.9659258262890684,0,1,1,3.807682473638889,7.177631668333333,3.746956920472222,2.3870737601111114,18.95802324902778,19.9944225565,18.763885850944444,18.58098035247222,0.0,0.0,0.0,0.0,-149.1078014589941,424.0713776604298,1076.4269689643475,707.7679873158057,672,672,0.8391148673063862,1.1664718864125088
A3,roll_02,mlr,2026-01-24 06:00:00+00:00,2026-01-24 07:00:00+00:00,0,1,2025-12-08T00:00:00+00:00,2026-01-19T00:00:00+00:00,2026-01-19T00:00:00+00:00,2026-01-26T00:00:00+00:00,2166.76233965375,1972.5923167842009,194.17002286954929,0,night,0,0.0,0,1,0,0,0,0,0,0,0,0,0,0,0,0,0,0,0,0,0,0,0,0,0,0,5,2391.335260368139,1683.9951601766388,2229.0674939791948,1902.018428271,6,6.123233995736766e-17,1.0,0,1,1,3.9873673924166666,7.25766445075,3.807682473638889,2.86016758225,18.70620324358333,19.974863173472222,18.95802324902778,18.59333267108333,0.0,0.0,0.0,0.0,-149.1078014589941,424.0713776604298,1076.4269689643475,707.7679873158057,672,672,0.8094812392724583,1.5405265429204777
A3,roll_02,mlr,2026-01-24 07:00:00+00:00,2026-01-24 08:00:00+00:00,0,1,2025-12-08T00:00:00+00:00,2026-01-19T00:00:00+00:00,2026-01-19T00:00:00+00:00,2026-01-26T00:00:00+00:00,2056.1787956731946,2131.2698412266564,-75.09104555346175,1,night,0,0.0,0,1,0,0,0,0,0,0,0,0,0,0,0,0,0,0,0,0,0,0,0,0,0,0,5,2341.329542084556,1902.018428271,1956.5605310417773,2166.76233965375,7,-0.2588190451025206,0.9659258262890684,0,1,1,4.151625831166666,7.383881055833334,3.9873673924166666,2.925855649944445,18.29483151783333,19.685817555194443,18.70620324358333,18.58286181677777,0.0,0.0,0.0,13.610436851555557,-149.1078014589941,424.0713776604298,1076.4269689643475,707.7679873158057,672,672,0.17453843811359604,1.3842838956654906
A3,roll_02,mlr,2026-01-24 08:00:00+00:00,2026-01-24 09:00:00+00:00,0,1,2025-12-08T00:00:00+00:00,2026-01-19T00:00:00+00:00,2026-01-19T00:00:00+00:00,2026-01-26T00:00:00+00:00,2110.409867789389,2075.553836716871,34.85603107251791,1,night,0,0.0,0,1,0,0,0,0,0,0,0,0,0,0,0,0,0,0,0,0,0,0,0,0,0,0,5,2591.676535681584,2166.76233965375,1820.3555307953327,2056.1787956731946,8,-0.4999999999999998,0.8660254037844387,0,1,1,4.314655074888889,8.121707604333332,4.151625831166666,3.784128624555555,17.905425590777778,18.96465682683333,18.29483151783333,18.901513842444444,0.0,28.95708092888889,0.0,145.74993311175,-149.1078014589941,424.0713776604298,1076.4269689643475,707.7679873158057,672,672,0.4338039354281035,1.4609065645175596
A3,roll_02,mlr,2026-01-24 09:00:00+00:00,2026-01-24 10:00:00+00:00,0,1,2025-12-08T00:00:00+00:00,2026-01-19T00:00:00+00:00,2026-01-19T00:00:00+00:00,2026-01-26T00:00:00+00:00,3130.832139515,2040.9089533719068,1089.9231861430933,1,low,0,0.0,0,1,0,0,0,0,0,0,0,0,0,0,0,0,0,0,0,0,0,0,0,0,0,0,5,876.2151453261389,2056.1787956731946,2016.7762660696944,2110.409867789389,9,-0.7071067811865475,0.7071067811865476,0,1,1,4.542731538305556,8.751546623111112,4.314655074888889,4.780561090416667,18.436193536916665,19.20686476825,17.905425590777778,18.886623428750003,114.76844990783331,108.89878298597222,0.0,232.31283958127776,-149.1078014589941,424.0713776604298,1076.4269689643475,707.7679873158057,672,672,2.921751037378965,2.90265342226333
A3,roll_02,mlr,2026-01-24 10:00:00+00:00,2026-01-24 11:00:00+00:00,0,1,2025-12-08T00:00:00+00:00,2026-01-19T00:00:00+00:00,2026-01-19T00:00:00+00:00,2026-01-26T00:00:00+00:00,385.99203080291664,2476.7938641134438,-2090.8018333105265,1,med,0,0.0,0,2,0,0,0,0,0,0,0,0,0,0,0,0,0,0,0,0,0,0,0,0,0,0,5,1362.1403257086388,2110.409867789389,1936.420994131,3130.832139515,10,-0.8660254037844387,0.4999999999999999,0,1,1,5.048194792888889,9.078067266305556,4.542731538305556,5.483105661972222,18.769674477888888,19.716803649722223,18.436193536916665,18.61690110308333,411.0483259695556,221.86114629477777,114.76844990783331,231.00179334266667,-149.1078014589941,424.0713776604298,1076.4269689643475,707.7679873158057,672,672,4.578696262321956,0.9755102668317762
A3,roll_02,mlr,2026-01-24 11:00:00+00:00,2026-01-24 12:00:00+00:00,0,1,2025-12-08T00:00:00+00:00,2026-01-19T00:00:00+00:00,2026-01-19T00:00:00+00:00,2026-01-26T00:00:00+00:00,1016.1453970060834,501.0190672192314,515.126329786852,1,high,0,0.0,0,2,0,0,0,0,0,0,0,0,0,0,0,0,0,0,0,0,0,0,0,0,0,0,5,851.023270576111,3130.832139515,1576.1195596841944,385.99203080291664,11,-0.9659258262890682,0.258819045102521,0,1,1,6.944681730611111,9.67168500638889,5.048194792888889,6.005421360722223,19.6631947345,18.94777081475,18.769674477888888,18.975925773527777,1596.5776119012498,186.94326531838888,411.0483259695556,305.4964137123056,-149.1078014589941,424.0713776604298,1076.4269689643475,707.7679873158057,672,672,1.5663262512796228,0.08517137400757638
A3,roll_02,mlr,2026-01-24 12:00:00+00:00,2026-01-24 13:00:00+00:00,0,1,2025-12-08T00:00:00+00:00,2026-01-19T00:00:00+00:00,2026-01-19T00:00:00+00:00,2026-01-26T00:00:00+00:00,1064.5741736199725,1646.0406304950957,-581.466456875123,1,low,0,0.0,0,2,0,0,0,0,0,0,0,0,0,0,0,0,0,0,0,0,0,0,0,0,0,0,5,375.1866214471667,385.99203080291664,1707.01032054225,1016.1453970060834,12,-1.0,1.2246467991473532e-16,0,1,1,8.35612550725,10.057301476,6.944681730611111,6.755185106222222,18.378112199194447,18.284649789444444,19.6631947345,18.9128849575,407.66865748083336,275.0773129497222,1596.5776119012498,277.5941901626389,-149.1078014589941,424.0713776604298,1076.4269689643475,707.7679873158057,672,672,1.019542176605786,0.016746724289306184
A3,roll_02,mlr,2026-01-24 13:00:00+00:00,2026-01-24 14:00:00+00:00,0,1,2025-12-08T00:00:00+00:00,2026-01-19T00:00:00+00:00,2026-01-19T00:00:00+00:00,2026-01-26T00:00:00+00:00,1858.781012173056,1650.541853227482,208.23915894557425,1,low,0,0.0,0,2,0,0,0,0,0,0,0,0,0,0,0,0,0,0,0,0,0,0,0,0,0,0,5,1125.2122855051666,1016.1453970060834,2214.146590013028,1064.5741736199725,13,-0.9659258262890684,-0.2588190451025208,0,1,1,6.657871230416667,10.579499319583332,8.35612550725,6.862749878222222,18.062944556944444,18.457303344916667,18.378112199194447,22.81537184433333,88.28240024077779,287.2499787669167,407.66865748083336,104.38236414708336,-149.1078014589941,424.0713776604298,1076.4269689643475,707.7679873158057,672,672,0.8426575789576389,1.1053820704377557
A3,roll_02,mlr,2026-01-24 14:00:00+00:00,2026-01-24 15:00:00+00:00,0,1,2025-12-08T00:00:00+00:00,2026-01-19T00:00:00+00:00,2026-01-19T00:00:00+00:00,2026-01-26T00:00:00+00:00,1831.2616717653889,1721.723254634201,109.53841713118754,1,night,0,0.0,0,2,0,0,0,0,0,0,0,0,0,0,0,0,0,0,0,0,0,0,0,0,0,0,5,553.7227735364166,1064.5741736199725,2195.8262186153333,1858.781012173056,14,-0.8660254037844388,-0.4999999999999997,0,1,1,6.097375211722222,10.797755711305555,6.657871230416667,5.7134238162777775,18.00922708483333,18.117300213361112,18.062944556944444,18.83056621691667,0.0,116.70239646572225,88.28240024077779,20.72892640275,-149.1078014589941,424.0713776604298,1076.4269689643475,707.7679873158057,672,672,0.6099119917432617,1.0665002039209701
A3,roll_02,mlr,2026-01-24 15:00:00+00:00,2026-01-24 16:00:00+00:00,0,1,2025-12-08T00:00:00+00:00,2026-01-19T00:00:00+00:00,2026-01-19T00:00:00+00:00,2026-01-26T00:00:00+00:00,1060.0596002008333,1766.478616247505,-706.4190160466717,1,night,0,0.0,0,2,0,0,0,0,0,0,0,0,0,0,0,0,0,0,0,0,0,0,0,0,0,0,5,893.3163181295832,1858.781012173056,2527.9803929520835,1831.2616717653889,15,-0.7071067811865479,-0.7071067811865471,0,1,1,6.071665185777778,10.387558755972222,6.097375211722222,5.713572192777778,17.677323049111113,17.90237331016667,18.00922708483333,18.771297444972223,0.0,0.0,0.0,0.0,-149.1078014589941,424.0713776604298,1076.4269689643475,707.7679873158057,672,672,1.3141920062191466,0.02312533069712157
A3,roll_02,mlr,2026-01-24 16:00:00+00:00,2026-01-24 17:00:00+00:00,0,1,2025-12-08T00:00:00+00:00,2026-01-19T00:00:00+00:00,2026-01-19T00:00:00+00:00,2026-01-26T00:00:00+00:00,992.9213029867224,1191.6709265280067,-198.74962354128436,0,night,0,0.0,0,2,0,0,0,0,0,0,0,0,0,0,0,0,0,0,0,0,0,0,0,0,0,0,5,1082.6851535658332,1831.2616717653889,2048.975809514583,1060.0596002008333,16,-0.5000000000000004,-0.8660254037844385,0,1,1,6.566483526611111,9.67754631263889,6.071665185777778,5.802371368194444,17.72403060438889,17.86029653872222,17.677323049111113,18.720766871444443,0.0,0.0,0.0,0.0,-149.1078014589941,424.0713776604298,1076.4269689643475,707.7679873158057,672,672,0.11706006275679465,0.1179845196083514
A3,roll_02,mlr,2026-01-24 17:00:00+00:00,2026-01-24 18:00:00+00:00,0,1,2025-12-08T00:00:00+00:00,2026-01-19T00:00:00+00:00,2026-01-19T00:00:00+00:00,2026-01-26T00:00:00+00:00,1541.1415699855834,946.4896428032424,594.6519271823411,0,night,0,0.0,0,2,0,0,0,0,0,0,0,0,0,0,0,0,0,0,0,0,0,0,0,0,0,0,5,1215.7402370096668,1060.0596002008333,1253.307754251361,992.9213029867224,17,-0.2588190451025206,-0.9659258262890684,0,1,1,6.089130444527778,9.022818305222222,6.566483526611111,5.091072229027778,17.830043843416664,17.726130486833334,17.72403060438889,17.994156679944442,0.0,0.0,0.0,0.0,-149.1078014589941,424.0713776604298,1076.4269689643475,707.7679873158057,672,672,1.7538550532332604,0.6565917212272565
A3,roll_02,mlr,2026-01-24 18:00:00+00:00,2026-01-24 19:00:00+00:00,0,1,2025-12-08T00:00:00+00:00,2026-01-19T00:00:00+00:00,2026-01-19T00:00:00+00:00,2026-01-26T00:00:00+00:00,1286.9006860100278,1250.8920285150405,36.00865749498735,0,night,0,0.0,0,2,0,0,0,0,0,0,0,0,0,0,0,0,0,0,0,0,0,0,0,0,0,0,5,1466.154889960333,992.9213029867224,2022.5164028016115,1541.1415699855834,18,-1.8369701987210287e-16,-1.0,0,1,1,5.9999975540833335,8.533988555638889,6.089130444527778,4.711612085277777,18.11549999886111,18.27429377288889,17.830043843416664,18.35074025972222,0.0,0.0,0.0,0.0,-149.1078014589941,424.0713776604298,1076.4269689643475,707.7679873158057,672,672,0.4365219364137593,0.29737671216791994
A3,roll_02,mlr,2026-01-24 19:00:00+00:00,2026-01-24 20:00:00+00:00,0,1,2025-12-08T00:00:00+00:00,2026-01-19T00:00:00+00:00,2026-01-19T00:00:00+00:00,2026-01-26T00:00:00+00:00,640.4533153681945,1110.6543177294905,-470.201002361296,0,night,0,0.0,0,2,0,0,0,0,0,0,0,0,0,0,0,0,0,0,0,0,0,0,0,0,0,0,5,1078.6994199493888,1541.1415699855834,1067.3991769345832,1286.9006860100278,19,0.2588190451025203,-0.9659258262890684,0,1,1,5.77926593825,8.775346688416667,5.9999975540833335,3.980250340583333,18.36445310694444,17.871975217472222,18.11549999886111,17.935994839722223,0.0,0.0,0.0,0.0,-149.1078014589941,424.0713776604298,1076.4269689643475,707.7679873158057,672,672,0.7571678208365515,0.6159838554574548
A3,roll_02,mlr,2026-01-24 20:00:00+00:00,2026-01-24 21:00:00+00:00,0,1,2025-12-08T00:00:00+00:00,2026-01-19T00:00:00+00:00,2026-01-19T00:00:00+00:00,2026-01-26T00:00:00+00:00,584.3161862229999,688.4493800964813,-104.13319387348132,0,night,0,0.0,0,2,0,0,0,0,0,0,0,0,0,0,0,0,0,0,0,0,0,0,0,0,0,0,5,1284.7492482649168,1286.9006860100278,1046.436184157472,640.4533153681945,20,0.5000000000000001,-0.8660254037844386,0,1,1,5.683189338277778,8.43526500263889,5.77926593825,3.866209152527778,17.952829869138892,17.86802317861111,18.36445310694444,17.69838866127778,0.0,0.0,0.0,0.0,-149.1078014589941,424.0713776604298,1076.4269689643475,707.7679873158057,672,672,0.10605433413977225,0.695299577772183
A3,roll_02,mlr,2026-01-24 21:00:00+00:00,2026-01-24 22:00:00+00:00,0,1,2025-12-08T00:00:00+00:00,2026-01-19T00:00:00+00:00,2026-01-19T00:00:00+00:00,2026-01-26T00:00:00+00:00,518.3547093412777,547.8049911600685,-29.450281818790813,0,night,0,0.0,0,2,0,0,0,0,0,0,0,0,0,0,0,0,0,0,0,0,0,0,0,0,0,0,5,851.6801286406111,640.4533153681945,602.2876708927778,584.3161862229999,21,0.7071067811865474,-0.7071067811865477,0,1,1,5.649819748388889,8.414438040527779,5.683189338277778,3.869637564888889,17.865298132333333,18.094013431972225,17.952829869138892,18.29812389511111,0.0,0.0,0.0,0.0,-149.1078014589941,424.0713776604298,1076.4269689643475,707.7679873158057,672,672,0.2821636308027788,0.7884960461966446
A3,roll_02,mlr,2026-01-24 22:00:00+00:00,2026-01-24 23:00:00+00:00,0,1,2025-12-08T00:00:00+00:00,2026-01-19T00:00:00+00:00,2026-01-19T00:00:00+00:00,2026-01-26T00:00:00+00:00,430.99813492583326,345.5951019319216,85.40303299391167,0,night,0,0.0,0,2,0,1,1,0,7,0,0,0,1,0,1,0,1,0,0,0,1,0,0,0,0,0,5,661.5588102037779,584.3161862229999,492.5538403097778,518.3547093412777,22,0.8660254037844384,-0.5000000000000004,0,1,1,5.809892205944444,8.306586765694446,5.649819748388889,3.9082464093888887,18.060589775333334,18.379163208138888,17.865298132333333,18.156249321388888,0.0,0.0,0.0,0.0,-149.1078014589941,424.0713776604298,1076.4269689643475,707.7679873158057,672,672,0.552998496966913,0.911921485014162
A3,roll_02,mlr,2026-01-24 23:00:00+00:00,2026-01-25 00:00:00+00:00,0,1,2025-12-08T00:00:00+00:00,2026-01-19T00:00:00+00:00,2026-01-19T00:00:00+00:00,2026-01-26T00:00:00+00:00,377.7188413770555,326.0884558455657,51.63038553148982,0,night,0,0.0,0,2,0,1,1,0,7,0,0,0,1,0,1,0,1,0,0,0,1,0,0,0,0,0,5,356.0791067192222,518.3547093412777,435.2853666092778,430.99813492583326,23,0.965925826289068,-0.2588190451025215,0,1,1,5.70738836675,8.489515895694444,5.809892205944444,3.962953027722222,18.156869020583333,18.27030471461111,18.060589775333334,18.266909694166667,0.0,0.0,0.0,0.0,-149.1078014589941,424.0713776604298,1076.4269689643475,707.7679873158057,672,672,0.47335943325848007,0.9871993931756181
A3,roll_02,mlr,2026-01-25 00:00:00+00:00,2026-01-25 01:00:00+00:00,0,1,2025-12-08T00:00:00+00:00,2026-01-19T00:00:00+00:00,2026-01-19T00:00:00+00:00,2026-01-26T00:00:00+00:00,364.4423996903056,604.6690801130928,-240.22668042278724,0,night,0,0.0,0,2,0,1,1,0,7,0,0,0,1,0,1,0,1,0,0,0,1,0,0,0,0,0,6,409.1542958934167,430.99813492583326,405.1807272819444,377.7188413770555,0,1.0,0.0,0,1,1,5.6147730122777775,8.267303430916668,5.70738836675,3.7605419066388888,18.11037431958333,18.507601477416667,18.156869020583333,18.3607900945,0.0,0.0,0.0,0.0,-149.1078014589941,424.0713776604298,1076.4269689643475,707.7679873158057,672,672,0.21486684497899675,1.0059575765417526
A3,roll_02,mlr,2026-01-25 01:00:00+00:00,2026-01-25 02:00:00+00:00,0,1,2025-12-08T00:00:00+00:00,2026-01-19T00:00:00+00:00,2026-01-19T00:00:00+00:00,2026-01-26T00:00:00+00:00,384.5271624152222,546.7130464896393,-162.18588407441706,0,night,0,0.0,0,2,0,1,1,0,7,0,0,0,1,0,1,0,1,0,0,0,1,0,0,0,0,0,6,386.80348134525,377.7188413770555,403.1378216736112,364.4423996903056,1,0.9659258262890684,0.2588190451025207,0,1,1,5.886597346611112,7.88579561025,5.6147730122777775,3.594426555777778,18.483736475527778,18.516888744472222,18.11037431958333,18.35504471088889,0.0,0.0,0.0,0.0,-149.1078014589941,424.0713776604298,1076.4269689643475,707.7679873158057,672,672,0.030839342866226388,0.9775799682225524
A3,roll_02,mlr,2026-01-25 02:00:00+00:00,2026-01-25 03:00:00+00:00,0,1,2025-12-08T00:00:00+00:00,2026-01-19T00:00:00+00:00,2026-01-19T00:00:00+00:00,2026-01-26T00:00:00+00:00,395.30640441158334,587.8246229262784,-192.51821851469504,0,night,0,0.0,0,2,0,1,1,0,7,0,0,0,1,0,1,0,1,0,0,0,1,0,0,0,0,0,6,363.9506782922222,364.4423996903056,404.9479621853611,384.5271624152222,2,0.8660254037844387,0.4999999999999999,0,1,1,5.938280689361111,7.295793718,5.886597346611112,3.4606973831944443,18.49985763155556,18.505587359111114,18.483736475527778,18.292189759527776,0.0,0.0,0.0,0.0,-149.1078014589941,424.0713776604298,1076.4269689643475,707.7679873158057,672,672,0.10236582646815964,0.9623500592841145
A3,roll_02,mlr,2026-01-25 03:00:00+00:00,2026-01-25 04:00:00+00:00,0,1,2025-12-08T00:00:00+00:00,2026-01-19T00:00:00+00:00,2026-01-19T00:00:00+00:00,2026-01-26T00:00:00+00:00,963.782436518,620.8690553049012,342.9133812130989,0,night,0,0.0,0,2,0,1,1,0,7,0,0,0,1,0,1,0,1,0,0,0,1,0,0,0,0,0,6,366.92154284288887,384.5271624152222,402.6522398849167,395.30640441158334,3,0.7071067811865476,0.7071067811865476,0,1,1,5.830688939638889,7.380389324388889,5.938280689361111,3.4151579152222222,18.36806043725,18.40949500677777,18.49985763155556,18.273110989944445,0.0,0.0,0.0,0.0,-149.1078014589941,424.0713776604298,1076.4269689643475,707.7679873158057,672,672,1.1602320000622,0.15915460216496832
A3,roll_02,mlr,2026-01-25 04:00:00+00:00,2026-01-25 05:00:00+00:00,0,1,2025-12-08T00:00:00+00:00,2026-01-19T00:00:00+00:00,2026-01-19T00:00:00+00:00,2026-01-26T00:00:00+00:00,1696.815230154389,1039.535350738491,657.279879415898,0,night,0,0.0,0,2,0,1,1,0,7,0,0,0,0,1,1,0,1,0,0,0,1,0,0,0,0,0,6,919.6470143296112,395.30640441158334,989.5879204678332,963.782436518,4,0.5000000000000001,0.8660254037844386,0,1,1,5.175912236194445,7.759706802277777,5.830688939638889,3.746956920472222,18.4531641925,18.565049183638887,18.36806043725,18.763885850944444,0.0,0.0,0.0,0.0,-149.1078014589941,424.0713776604298,1076.4269689643475,707.7679873158057,672,672,1.9015376263393982,0.8765418503072597
A3,roll_02,mlr,2026-01-25 05:00:00+00:00,2026-01-25 06:00:00+00:00,0,1,2025-12-08T00:00:00+00:00,2026-01-19T00:00:00+00:00,2026-01-19T00:00:00+00:00,2026-01-26T00:00:00+00:00,1659.7306816588614,1708.0292005522904,-48.29851889342899,0,night,0,0.0,0,1,0,0,0,0,0,0,0,0,0,0,0,0,0,0,0,0,0,0,0,0,0,0,6,1696.4327096815832,963.782436518,1683.9951601766388,1696.815230154389,5,0.2588190451025207,0.9659258262890684,0,1,1,4.974422407805555,7.824388876305555,5.175912236194445,3.807682473638889,18.711754044777777,19.000532856916667,18.4531641925,18.95802324902778,0.0,0.0,0.0,0.0,-149.1078014589941,424.0713776604298,1076.4269689643475,707.7679873158057,672,672,0.23771772365709376,0.8241453741171315
A3,roll_02,mlr,2026-01-25 06:00:00+00:00,2026-01-25 07:00:00+00:00,0,1,2025-12-08T00:00:00+00:00,2026-01-19T00:00:00+00:00,2026-01-19T00:00:00+00:00,2026-01-26T00:00:00+00:00,2231.1363579284443,1822.858104797738,408.2782531307064,0,night,0,0.0,0,1,0,0,0,0,0,0,0,0,0,0,0,0,0,0,0,0,0,0,0,0,0,0,6,1787.8514459331388,1696.815230154389,1902.018428271,1659.7306816588614,6,6.123233995736766e-17,1.0,0,1,1,4.992939964055556,7.870841315861111,4.974422407805555,3.9873673924166666,18.560369708916667,19.028892910777778,18.711754044777777,18.70620324358333,0.0,0.0,0.0,0.0,-149.1078014589941,424.0713776604298,1076.4269689643475,707.7679873158057,672,672,1.3143684859486577,1.631480103166726
A3,roll_02,mlr,2026-01-25 07:00:00+00:00,2026-01-25 08:00:00+00:00,0,1,2025-12-08T00:00:00+00:00,2026-01-19T00:00:00+00:00,2026-01-19T00:00:00+00:00,2026-01-26T00:00:00+00:00,2238.324116505972,2313.263762818863,-74.939646312891,1,night,0,0.0,0,1,0,0,0,0,0,0,0,0,0,0,0,0,0,0,0,0,0,0,0,0,0,0,6,2221.478881947944,1659.7306816588614,2166.76233965375,2231.1363579284443,7,-0.2588190451025206,0.9659258262890684,0,1,1,4.933367505611112,7.883857542694444,4.992939964055556,4.151625831166666,18.55700058877778,22.49837394541667,18.560369708916667,18.29483151783333,0.0,0.0,0.0,0.0,-149.1078014589941,424.0713776604298,1076.4269689643475,707.7679873158057,672,672,0.17489545169325804,1.6416356325299393
A3,roll_02,mlr,2026-01-25 08:00:00+00:00,2026-01-25 09:00:00+00:00,0,1,2025-12-08T00:00:00+00:00,2026-01-19T00:00:00+00:00,2026-01-19T00:00:00+00:00,2026-01-26T00:00:00+00:00,2327.768168646222,2122.2300277404674,205.5381409057545,1,night,0,0.0,0,1,0,0,0,0,0,0,0,0,0,0,0,0,0,0,0,0,0,0,0,0,0,0,6,1747.753539249222,2231.1363579284443,2056.1787956731946,2238.324116505972,8,-0.4999999999999998,0.8660254037844387,0,1,1,4.832365699444444,8.262126455694444,4.933367505611112,4.314655074888889,18.49024153463889,17.670436918444445,18.55700058877778,17.905425590777778,0.0,34.30441932991666,0.0,0.0,-149.1078014589941,424.0713776604298,1076.4269689643475,707.7679873158057,672,672,0.8362883256146733,1.7680104527297964
A3,roll_02,mlr,2026-01-25 09:00:00+00:00,2026-01-25 10:00:00+00:00,0,1,2025-12-08T00:00:00+00:00,2026-01-19T00:00:00+00:00,2026-01-19T00:00:00+00:00,2026-01-26T00:00:00+00:00,3079.3561128761667,2186.762660609259,892.5934522669077,1,low,0,0.0,0,1,0,0,0,0,0,0,0,0,0,0,0,0,0,0,0,0,0,0,0,0,0,0,6,1199.014191615,2238.324116505972,2110.409867789389,2327.768168646222,9,-0.7071067811865475,0.7071067811865476,0,1,1,4.46485140163889,8.695682546194444,4.832365699444444,4.542731538305556,18.60976037316667,17.60044165513889,18.49024153463889,18.436193536916665,20.07319077258333,89.21282883222221,0.0,114.76844990783331,-149.1078014589941,424.0713776604298,1076.4269689643475,707.7679873158057,672,672,2.4564290555823174,2.8299233361880116
A3,roll_02,mlr,2026-01-25 10:00:00+00:00,2026-01-25 11:00:00+00:00,0,1,2025-12-08T00:00:00+00:00,2026-01-19T00:00:00+00:00,2026-01-19T00:00:00+00:00,2026-01-26T00:00:00+00:00,1060.977643347722,2608.366104288873,-1547.3884609411514,1,low,0,0.0,0,1,0,0,0,0,0,0,0,0,0,0,0,0,0,0,0,0,0,0,0,0,0,0,6,2696.399735123361,2327.768168646222,3130.832139515,3079.3561128761667,10,-0.8660254037844387,0.4999999999999999,0,1,1,4.6137414355,9.452506697638889,4.46485140163889,5.048194792888889,18.23413413661111,17.917450888777775,18.60976037316667,18.769674477888888,79.55278716463889,152.0663147546389,20.07319077258333,411.0483259695556,-149.1078014589941,424.0713776604298,1076.4269689643475,707.7679873158057,672,672,3.297276668839023,0.02182823452529497
A3,roll_02,mlr,2026-01-25 11:00:00+00:00,2026-01-25 12:00:00+00:00,0,1,2025-12-08T00:00:00+00:00,2026-01-19T00:00:00+00:00,2026-01-19T00:00:00+00:00,2026-01-26T00:00:00+00:00,1745.3068945306666,1461.517961520981,283.7889330096855,1,low,0,0.0,0,2,0,0,0,0,0,0,0,0,0,0,0,0,0,0,0,0,0,0,0,0,0,0,6,908.328997025861,3079.3561128761667,385.99203080291664,1060.977643347722,11,-0.9659258262890682,0.258819045102521,0,1,1,5.1184929485833335,9.93934049188889,4.6137414355,6.944681730611111,18.24494905780556,17.975845256166668,18.23413413661111,19.6631947345,220.18301505319445,291.1969854105833,79.55278716463889,1596.5776119012498,-149.1078014589941,424.0713776604298,1076.4269689643475,707.7679873158057,672,672,1.0208110173738645,0.9450553536661517
A3,roll_02,mlr,2026-01-25 12:00:00+00:00,2026-01-25 13:00:00+00:00,0,1,2025-12-08T00:00:00+00:00,2026-01-19T00:00:00+00:00,2026-01-19T00:00:00+00:00,2026-01-26T00:00:00+00:00,906.8727746182224,1262.2646864907804,-355.391911872558,1,med,0,0.0,0,2,0,0,0,0,0,0,0,0,0,0,0,0,0,0,0,0,0,0,0,0,0,0,6,1081.863576312389,1060.977643347722,1016.1453970060834,1745.3068945306666,12,-1.0,1.2246467991473532e-16,0,1,1,6.667484349638889,10.88034856138889,5.1184929485833335,8.35612550725,19.08982180188889,18.150378169,18.24494905780556,18.378112199194447,527.3673956102779,279.95511428333333,220.18301505319445,407.66865748083336,-149.1078014589941,424.0713776604298,1076.4269689643475,707.7679873158057,672,672,0.48643723976755515,0.23956183012621915
A3,roll_02,mlr,2026-01-25 13:00:00+00:00,2026-01-25 14:00:00+00:00,0,1,2025-12-08T00:00:00+00:00,2026-01-19T00:00:00+00:00,2026-01-19T00:00:00+00:00,2026-01-26T00:00:00+00:00,1490.25308828425,1265.911555103781,224.341533180469,1,low,0,0.0,0,2,0,0,0,0,0,0,0,0,0,0,0,0,0,0,0,0,0,0,0,0,0,0,6,2173.5554944418054,1745.3068945306666,1064.5741736199725,906.8727746182224,13,-0.9659258262890684,-0.2588190451025208,0,1,1,7.015248214916667,11.194744100638887,6.667484349638889,6.657871230416667,18.02789201130556,17.605212465694446,19.08982180188889,18.062944556944444,212.62666984819444,211.40559060327777,527.3673956102779,88.28240024077779,-149.1078014589941,424.0713776604298,1076.4269689643475,707.7679873158057,672,672,0.8806284845248347,0.5846917729202883
A3,roll_02,mlr,2026-01-25 14:00:00+00:00,2026-01-25 15:00:00+00:00,0,1,2025-12-08T00:00:00+00:00,2026-01-19T00:00:00+00:00,2026-01-19T00:00:00+00:00,2026-01-26T00:00:00+00:00,924.6930943503612,1368.2621768845663,-443.5690825342051,1,low,0,0.0,0,2,0,0,0,0,0,0,0,0,0,0,0,0,0,0,0,0,0,0,0,0,0,0,6,1035.234056645167,906.8727746182224,1858.781012173056,1490.25308828425,14,-0.8660254037844388,-0.4999999999999997,0,1,1,7.1463404341666665,10.792807296472224,7.015248214916667,6.097375211722222,18.02865631725,17.720296622972224,18.02789201130556,18.00922708483333,125.078570753,51.70543011708333,212.62666984819444,0.0,-149.1078014589941,424.0713776604298,1076.4269689643475,707.7679873158057,672,672,0.6943672612373227,0.21438363606898014
A3,roll_02,mlr,2026-01-25 15:00:00+00:00,2026-01-25 16:00:00+00:00,0,1,2025-12-08T00:00:00+00:00,2026-01-19T00:00:00+00:00,2026-01-19T00:00:00+00:00,2026-01-26T00:00:00+00:00,1936.265559235028,1161.084207990046,775.1813512449819,1,night,0,0.0,0,2,0,0,0,0,0,0,0,0,0,0,0,0,0,0,0,0,0,0,0,0,0,0,6,982.0105920020555,1490.25308828425,1831.2616717653889,924.6930943503612,15,-0.7071067811865479,-0.7071067811865471,0,1,1,6.817918164777777,10.09873856363889,7.1463404341666665,6.071665185777778,17.959508398916665,17.65813682397222,18.02865631725,17.677323049111113,0.0,0.0,125.078570753,0.0,-149.1078014589941,424.0713776604298,1076.4269689643475,707.7679873158057,672,672,2.1795603320441255,1.2148593969778134
A3,roll_02,mlr,2026-01-25 16:00:00+00:00,2026-01-25 17:00:00+00:00,0,1,2025-12-08T00:00:00+00:00,2026-01-19T00:00:00+00:00,2026-01-19T00:00:00+00:00,2026-01-26T00:00:00+00:00,1053.6913190111388,1513.6532391964008,-459.961920185262,0,night,0,0.0,0,2,0,0,0,0,0,0,0,0,0,0,0,0,0,0,0,0,0,0,0,0,0,0,6,939.633989883972,924.6930943503612,1060.0596002008333,1936.265559235028,16,-0.5000000000000004,-0.8660254037844385,0,1,1,6.112700724861111,9.486147199944446,6.817918164777777,6.566483526611111,18.36010683186112,17.723917226694443,17.959508398916665,17.72403060438889,0.0,0.0,0.0,0.0,-149.1078014589941,424.0713776604298,1076.4269689643475,707.7679873158057,672,672,0.7330231067261056,0.03212302669895126
A3,roll_02,mlr,2026-01-25 17:00:00+00:00,2026-01-25 18:00:00+00:00,0,1,2025-12-08T00:00:00+00:00,2026-01-19T00:00:00+00:00,2026-01-19T00:00:00+00:00,2026-01-26T00:00:00+00:00,1042.3809986754163,1205.2025770865228,-162.82157841110643,0,night,0,0.0,0,2,0,0,0,0,0,0,0,0,0,0,0,0,0,0,0,0,0,0,0,0,0,0,6,1984.2611124879447,1936.265559235028,992.9213029867224,1053.6913190111388,17,-0.2588190451025206,-0.9659258262890684,0,1,1,5.021550218833333,8.932912868583333,6.112700724861111,6.089130444527778,17.625167409194443,17.788532314805554,18.36010683186112,17.830043843416664,0.0,0.0,0.0,0.0,-149.1078014589941,424.0713776604298,1076.4269689643475,707.7679873158057,672,672,0.03233836961072503,0.04810329217919238
A3,roll_02,mlr,2026-01-25 18:00:00+00:00,2026-01-25 19:00:00+00:00,0,1,2025-12-08T00:00:00+00:00,2026-01-19T00:00:00+00:00,2026-01-19T00:00:00+00:00,2026-01-26T00:00:00+00:00,849.7813898698611,1001.3182178834415,-151.53682801358048,0,night,0,0.0,0,1,0,0,0,0,0,0,0,0,0,0,0,0,0,0,0,0,0,0,0,0,0,0,6,1779.6982078336666,1053.6913190111388,1541.1415699855834,1042.3809986754163,18,-1.8369701987210287e-16,-1.0,0,1,1,4.227878578694444,8.383298441722223,5.021550218833333,5.9999975540833335,17.660656862222222,17.752887094805555,17.625167409194443,18.11549999886111,0.0,0.0,0.0,0.0,-149.1078014589941,424.0713776604298,1076.4269689643475,707.7679873158057,672,672,0.005727871963411312,0.3202258129165105
A3,roll_02,mlr,2026-01-25 19:00:00+00:00,2026-01-25 20:00:00+00:00,0,1,2025-12-08T00:00:00+00:00,2026-01-19T00:00:00+00:00,2026-01-19T00:00:00+00:00,2026-01-26T00:00:00+00:00,739.4192231492499,704.1250564999048,35.29416664934513,0,night,0,0.0,0,1,0,1,1,0,4,0,0,0,1,0,1,0,1,0,0,0,1,0,0,0,0,0,6,1945.2175917344168,1042.3809986754163,1286.9006860100278,849.7813898698611,19,0.2588190451025203,-0.9659258262890684,0,1,1,3.6091518839166654,8.063546007666666,4.227878578694444,5.77926593825,17.591231184888887,17.598374748583336,17.660656862222222,18.36445310694444,0.0,0.0,0.0,0.0,-149.1078014589941,424.0713776604298,1076.4269689643475,707.7679873158057,672,672,0.43483710012609467,0.47615567792659275
A3,roll_02,mlr,2026-01-25 20:00:00+00:00,2026-01-25 21:00:00+00:00,0,1,2025-12-08T00:00:00+00:00,2026-01-19T00:00:00+00:00,2026-01-19T00:00:00+00:00,2026-01-26T00:00:00+00:00,575.8166761095833,583.8989357941452,-8.082259684561905,0,night,0,0.0,0,1,0,1,1,0,4,0,0,0,1,0,1,0,1,0,0,0,1,0,0,0,0,0,6,817.2623687095833,849.7813898698611,640.4533153681945,739.4192231492499,20,0.5000000000000001,-0.8660254037844386,0,1,1,3.3640960108888893,7.955256959805555,3.6091518839166654,5.683189338277778,17.554591725333335,18.132431494416668,17.591231184888887,17.952829869138892,0.0,0.0,0.0,0.0,-149.1078014589941,424.0713776604298,1076.4269689643475,707.7679873158057,672,672,0.33255142696132806,0.7073084708921599
A3,roll_02,mlr,2026-01-25 21:00:00+00:00,2026-01-25 22:00:00+00:00,0,1,2025-12-08T00:00:00+00:00,2026-01-19T00:00:00+00:00,2026-01-19T00:00:00+00:00,2026-01-26T00:00:00+00:00,367.5400825782778,375.002496480038,-7.462413901760158,0,night,0,0.0,0,1,0,1,1,0,4,0,0,0,1,0,1,0,1,0,0,0,1,0,0,0,0,0,6,1022.3695540110556,739.4192231492499,584.3161862229999,575.8166761095833,21,0.7071067811865474,-0.7071067811865477,0,1,1,4.178278312777778,7.917760795055556,3.3640960108888893,5.649819748388889,17.66102431277778,18.226290338722222,17.554591725333335,17.865298132333333,0.0,0.0,0.0,0.0,-149.1078014589941,424.0713776604298,1076.4269689643475,707.7679873158057,672,672,0.334013081332395,1.0015808839765519
A3,roll_02,persistence,2026-01-18 23:00:00+00:00,2026-01-19 00:00:00+00:00,0,1,2025-12-08T00:00:00+00:00,2026-01-19T00:00:00+00:00,2026-01-19T00:00:00+00:00,2026-01-26T00:00:00+00:00,368.0171135468333,371.8011446672778,-3.784031120444524,0,night,0,0.0,0,2,0,0,0,0,0,0,0,0,0,0,0,0,0,0,0,0,0,0,0,0,0,0,6,2501.345489155889,579.8006035581112,356.0791067192222,371.8011446672778,23,0.965925826289068,-0.2588190451025215,0,1,1,7.6601376606111105,0.8401119943055555,7.723855807972222,8.489515895694444,18.329515098027777,19.76163939361111,18.30075636655556,18.27030471461111,0.0,0.0,0.0,0.0,-3.071899002110996,261.0657812558891,1113.096950535889,737.814188171,840,840,0.0027277880498460146,1.0098475319864297
A3,roll_02,persistence,2026-01-19 00:00:00+00:00,2026-01-19 01:00:00+00:00,0,1,2025-12-08T00:00:00+00:00,2026-01-19T00:00:00+00:00,2026-01-19T00:00:00+00:00,2026-01-26T00:00:00+00:00,370.43651664125,368.0171135468333,2.4194030944167366,0,night,0,0.0,0,2,0,0,0,0,0,0,0,0,0,0,0,0,0,0,0,0,0,0,0,0,0,0,0,2521.281662351861,371.8011446672778,409.1542958934167,368.0171135468333,0,1.0,0.0,0,0,1,7.471285470472222,0.0822739048611111,7.6601376606111105,8.267303430916668,18.324939880888888,19.92784602258333,18.329515098027777,18.507601477416667,0.0,0.0,0.0,0.0,-3.071899002110996,261.0657812558891,1113.096950535889,737.814188171,840,840,0.021034170277357486,1.006568382394018
A3,roll_02,persistence,2026-01-19 01:00:00+00:00,2026-01-19 02:00:00+00:00,0,1,2025-12-08T00:00:00+00:00,2026-01-19T00:00:00+00:00,2026-01-19T00:00:00+00:00,2026-01-26T00:00:00+00:00,382.0239495386389,370.43651664125,11.587432897388853,0,night,0,0.0,0,2,0,0,0,0,0,0,0,0,0,0,0,0,0,0,0,0,0,0,0,0,0,0,0,2510.7629793080832,368.0171135468333,386.80348134525,370.43651664125,1,0.9659258262890684,0.2588190451025207,0,0,1,7.240814754666666,-0.0979647454722222,7.471285470472222,7.88579561025,18.191478372805555,19.88745926827778,18.324939880888888,18.516888744472222,0.0,0.0,0.0,0.0,-3.071899002110996,261.0657812558891,1113.096950535889,737.814188171,840,840,0.056151870340798125,0.9908632996195683
A3,roll_02,persistence,2026-01-19 02:00:00+00:00,2026-01-19 03:00:00+00:00,0,1,2025-12-08T00:00:00+00:00,2026-01-19T00:00:00+00:00,2026-01-19T00:00:00+00:00,2026-01-26T00:00:00+00:00,368.1878588306667,382.0239495386389,-13.836090707972176,0,night,0,0.0,0,2,0,0,0,0,0,0,0,0,0,0,0,0,0,0,0,0,0,0,0,0,0,0,0,2517.397726423444,370.43651664125,363.9506782922222,382.0239495386389,2,0.8660254037844387,0.4999999999999999,0,0,1,7.025713984444444,-0.3757401703055555,7.240814754666666,7.295793718,18.308205069916667,20.026290722638887,18.191478372805555,18.505587359111114,0.0,0.0,0.0,0.0,-3.071899002110996,261.0657812558891,1113.096950535889,737.814188171,840,840,0.04123172195941847,1.0096161115467432
A3,roll_02,persistence,2026-01-19 03:00:00+00:00,2026-01-19 04:00:00+00:00,0,1,2025-12-08T00:00:00+00:00,2026-01-19T00:00:00+00:00,2026-01-19T00:00:00+00:00,2026-01-26T00:00:00+00:00,956.6022458266112,368.1878588306667,588.4143869959446,0,night,0,0.0,0,2,0,0,0,0,0,0,0,0,0,0,0,0,0,0,0,0,0,0,0,0,0,0,0,2481.68678522575,382.0239495386389,366.92154284288887,368.1878588306667,3,0.7071067811865476,0.7071067811865476,0,0,1,6.843691117888889,0.1335239932777777,7.025713984444444,7.380389324388889,18.22355256697222,19.80030205080556,18.308205069916667,18.40949500677777,0.0,0.0,0.0,0.0,-3.071899002110996,261.0657812558891,1113.096950535889,737.814188171,840,840,2.26565995417951,0.2121058488956675
A3,roll_02,persistence,2026-01-19 04:00:00+00:00,2026-01-19 05:00:00+00:00,0,1,2025-12-08T00:00:00+00:00,2026-01-19T00:00:00+00:00,2026-01-19T00:00:00+00:00,2026-01-26T00:00:00+00:00,2097.5119466174724,956.6022458266112,1140.9097007908613,0,night,0,0.0,0,2,0,0,0,0,0,0,0,0,0,0,0,0,0,0,0,0,0,0,0,0,0,0,0,3016.15648477425,368.1878588306667,919.6470143296112,956.6022458266112,4,0.5000000000000001,0.8660254037844386,0,0,1,6.571004820500001,-0.0287854997222222,6.843691117888889,7.759706802277777,18.381851679388888,19.688919204277777,18.22355256697222,18.565049183638887,0.0,0.0,0.0,0.0,-3.071899002110996,261.0657812558891,1113.096950535889,737.814188171,840,840,4.381966852529305,1.3342315882022995
A3,roll_02,persistence,2026-01-19 05:00:00+00:00,2026-01-19 06:00:00+00:00,0,1,2025-12-08T00:00:00+00:00,2026-01-19T00:00:00+00:00,2026-01-19T00:00:00+00:00,2026-01-26T00:00:00+00:00,2207.624277541472,2097.5119466174724,110.1123309239997,0,night,0,0.0,0,2,0,0,0,0,0,0,0,0,0,0,0,0,0,0,0,0,0,0,0,0,0,0,0,4262.747835938639,956.6022458266112,1696.4327096815832,2097.5119466174724,5,0.2588190451025207,0.9659258262890684,0,0,1,6.230610997888888,-0.5948542869166666,6.571004820500001,7.824388876305555,18.81852253330556,19.79284536802778,18.381851679388888,19.000532856916667,0.0,0.0,0.0,0.0,-3.071899002110996,261.0657812558891,1113.096950535889,737.814188171,840,840,0.4335467841921834,1.4834728642435775
A3,roll_02,persistence,2026-01-19 06:00:00+00:00,2026-01-19 07:00:00+00:00,0,1,2025-12-08T00:00:00+00:00,2026-01-19T00:00:00+00:00,2026-01-19T00:00:00+00:00,2026-01-26T00:00:00+00:00,743.501432477222,2207.624277541472,-1464.1228450642502,0,night,0,0.0,0,2,0,0,0,0,0,0,0,0,0,0,0,0,0,0,0,0,0,0,0,0,0,0,0,4361.908397110695,2097.5119466174724,1787.8514459331388,2207.624277541472,6,6.123233995736766e-17,1.0,0,0,1,6.104236992611111,-0.0256551238333333,6.230610997888888,7.870841315861111,18.518887052166665,18.87429544488889,18.81852253330556,19.028892910777778,0.0,0.0,0.0,0.0,-3.071899002110996,261.0657812558891,1113.096950535889,737.814188171,840,840,5.596485832166796,0.500933058735118
A3,roll_02,persistence,2026-01-19 07:00:00+00:00,2026-01-19 08:00:00+00:00,0,1,2025-12-08T00:00:00+00:00,2026-01-19T00:00:00+00:00,2026-01-19T00:00:00+00:00,2026-01-26T00:00:00+00:00,1602.210022772833,743.501432477222,858.7085902956111,1,night,0,0.0,0,2,0,0,0,0,0,0,0,0,0,0,0,0,0,0,0,0,0,0,0,0,0,0,0,4563.315619382333,2207.624277541472,2221.478881947944,743.501432477222,7,-0.2588190451025206,0.9659258262890684,0,0,1,6.0920939530833325,0.0892223874722222,6.104236992611111,7.883857542694444,17.464818313277778,18.15650825783333,18.518887052166665,22.49837394541667,0.0,0.0,0.0,0.0,-3.071899002110996,261.0657812558891,1113.096950535889,737.814188171,840,840,3.3010089838354952,0.6629217492407242
A3,roll_02,persistence,2026-01-19 08:00:00+00:00,2026-01-19 09:00:00+00:00,0,1,2025-12-08T00:00:00+00:00,2026-01-19T00:00:00+00:00,2026-01-19T00:00:00+00:00,2026-01-26T00:00:00+00:00,401.86281383952775,1602.210022772833,-1200.3472089333054,1,low,0,0.0,0,2,0,0,0,0,0,0,0,0,0,0,0,0,0,0,0,0,0,0,0,0,0,0,0,3089.202245556361,743.501432477222,1747.753539249222,1602.210022772833,8,-0.4999999999999998,0.8660254037844387,0,0,1,6.376790769055556,1.5477482746388889,6.0920939530833325,8.262126455694444,18.106925738416667,18.900201835166666,17.464818313277778,17.670436918444445,52.25388250475,675.084050221,0.0,34.30441932991666,-3.071899002110996,261.0657812558891,1113.096950535889,737.814188171,840,840,4.586105862559061,0.9639745997016821
A3,roll_02,persistence,2026-01-19 09:00:00+00:00,2026-01-19 10:00:00+00:00,0,1,2025-12-08T00:00:00+00:00,2026-01-19T00:00:00+00:00,2026-01-19T00:00:00+00:00,2026-01-26T00:00:00+00:00,799.5036943302779,401.86281383952775,397.6408804907501,1,low,0,0.0,0,2,0,0,0,0,0,0,0,0,0,0,0,0,0,0,0,0,0,0,0,0,0,0,0,2796.8041315197224,1602.210022772833,1199.014191615,401.86281383952775,9,-0.7071067811865475,0.7071067811865476,0,0,1,6.883866901888889,3.2254890193888888,6.376790769055556,8.695682546194444,17.851597591666668,19.612746164055554,18.106925738416667,17.60044165513889,200.28425978958333,1056.8253583911112,52.25388250475,89.21282883222221,-3.071899002110996,261.0657812558891,1113.096950535889,737.814188171,840,840,1.5349111536762226,0.42503012443145227
A3,roll_02,persistence,2026-01-19 10:00:00+00:00,2026-01-19 11:00:00+00:00,0,1,2025-12-08T00:00:00+00:00,2026-01-19T00:00:00+00:00,2026-01-19T00:00:00+00:00,2026-01-26T00:00:00+00:00,764.1083921755,799.5036943302779,-35.39530215477794,1,low,0,0.0,0,2,0,0,0,0,0,0,0,0,0,0,0,0,0,0,0,0,0,0,0,0,0,0,0,746.3919299871112,401.86281383952775,2696.399735123361,799.5036943302779,10,-0.8660254037844387,0.4999999999999999,0,0,1,7.554804945722222,4.715763120611111,6.883866901888889,9.452506697638889,18.305271993833333,21.086698567944445,17.851597591666668,17.917450888777775,300.6106887920556,1274.2766447041663,200.28425978958333,152.0663147546389,-3.071899002110996,261.0657812558891,1113.096950535889,737.814188171,840,840,0.12381325119351617,0.47300331703502757
A3,roll_02,persistence,2026-01-19 11:00:00+00:00,2026-01-19 12:00:00+00:00,0,1,2025-12-08T00:00:00+00:00,2026-01-19T00:00:00+00:00,2026-01-19T00:00:00+00:00,2026-01-26T00:00:00+00:00,135.93812644077775,764.1083921755,-628.1702657347222,1,low,0,0.0,0,2,0,0,0,0,0,0,0,0,0,0,0,0,0,0,0,0,0,0,0,0,0,0,0,632.5966184736388,799.5036943302779,908.328997025861,764.1083921755,11,-0.9659258262890682,0.258819045102521,0,0,1,7.938572868611111,6.151445526944444,7.554804945722222,9.93934049188889,17.913517779527776,21.65975194513889,18.305271993833333,17.975845256166668,360.65137327452777,1427.525714563778,300.6106887920556,291.1969854105833,-3.071899002110996,261.0657812558891,1113.096950535889,737.814188171,840,840,2.3944094232706354,1.3243969006850265
A3,roll_02,persistence,2026-01-19 12:00:00+00:00,2026-01-19 13:00:00+00:00,0,1,2025-12-08T00:00:00+00:00,2026-01-19T00:00:00+00:00,2026-01-19T00:00:00+00:00,2026-01-26T00:00:00+00:00,227.14875664072224,135.93812644077775,91.21063019994448,1,med,0,0.0,0,2,0,0,0,0,0,0,0,0,0,0,0,0,0,0,0,0,0,0,0,0,0,0,0,-422.1210146441389,764.1083921755,1081.863576312389,135.93812644077775,12,-1.0,1.2246467991473532e-16,0,0,1,8.697412192166667,8.042106340527779,7.938572868611111,10.88034856138889,17.51108470222222,20.280064502833334,17.913517779527776,18.150378169,429.9776792980833,1077.0554969643056,360.65137327452777,279.95511428333333,-3.071899002110996,261.0657812558891,1113.096950535889,737.814188171,840,840,0.36114472279169546,1.200774135411224
A3,roll_02,persistence,2026-01-19 13:00:00+00:00,2026-01-19 14:00:00+00:00,0,1,2025-12-08T00:00:00+00:00,2026-01-19T00:00:00+00:00,2026-01-19T00:00:00+00:00,2026-01-26T00:00:00+00:00,1951.074940760889,227.14875664072224,1723.926184120167,1,low,0,0.0,0,2,0,0,0,0,0,0,0,0,0,0,0,0,0,0,0,0,0,0,0,0,0,0,0,754.2202679822223,135.93812644077775,2173.5554944418054,227.14875664072224,13,-0.9659258262890684,-0.2588190451025208,0,0,1,9.178790924722222,8.886836191527777,8.697412192166667,11.194744100638887,17.4767666915,20.89163533738889,17.51108470222222,17.605212465694446,331.27048653,917.7112551677222,429.9776792980833,211.40559060327777,-3.071899002110996,261.0657812558891,1113.096950535889,737.814188171,840,840,6.615183632318035,1.1357574897038785
A3,roll_02,persistence,2026-01-19 14:00:00+00:00,2026-01-19 15:00:00+00:00,0,1,2025-12-08T00:00:00+00:00,2026-01-19T00:00:00+00:00,2026-01-19T00:00:00+00:00,2026-01-26T00:00:00+00:00,806.2876032480555,1951.074940760889,-1144.7873375128331,1,low,0,0.0,0,2,0,0,0,0,0,0,0,0,0,0,0,0,0,0,0,0,0,0,0,0,0,0,0,1500.3252466112224,227.14875664072224,1035.234056645167,1951.074940760889,14,-0.8660254037844388,-0.4999999999999997,0,0,1,8.86652897075,8.544484776166668,9.178790924722222,10.792807296472224,18.02714254913889,20.355432554527777,17.4767666915,17.720296622972224,138.99832969141667,366.2336248188056,331.27048653,51.70543011708333,-3.071899002110996,261.0657812558891,1113.096950535889,737.814188171,840,840,4.37328643002679,0.415835520930272
A3,roll_02,persistence,2026-01-19 15:00:00+00:00,2026-01-19 16:00:00+00:00,0,1,2025-12-08T00:00:00+00:00,2026-01-19T00:00:00+00:00,2026-01-19T00:00:00+00:00,2026-01-26T00:00:00+00:00,738.6692789706944,806.2876032480555,-67.61832427736101,1,low,0,0.0,0,2,0,0,0,0,0,0,0,0,0,0,0,0,0,0,0,0,0,0,0,0,0,0,0,586.6202596731389,1951.074940760889,982.0105920020555,806.2876032480555,15,-0.7071067811865479,-0.7071067811865471,0,0,1,8.054252913972222,6.644266975333334,8.86652897075,10.09873856363889,17.764550296583334,19.053108088833334,18.02714254913889,17.65813682397222,60.29446228413889,29.778236451166663,138.99832969141667,0.0,-3.071899002110996,261.0657812558891,1113.096950535889,737.814188171,840,840,0.24724199764803143,0.5074823411750589
A3,roll_02,persistence,2026-01-19 16:00:00+00:00,2026-01-19 17:00:00+00:00,0,1,2025-12-08T00:00:00+00:00,2026-01-19T00:00:00+00:00,2026-01-19T00:00:00+00:00,2026-01-26T00:00:00+00:00,1883.6500829357776,738.6692789706944,1144.9808039650832,0,night,0,0.0,0,2,0,0,0,0,0,0,0,0,0,0,0,0,0,0,0,0,0,0,0,0,0,0,0,1670.774375533639,806.2876032480555,939.633989883972,738.6692789706944,16,-0.5000000000000004,-0.8660254037844385,0,0,1,6.7582327050833335,5.279263939527778,8.054252913972222,9.486147199944446,17.51009285883333,19.11104975583333,17.764550296583334,17.723917226694443,0.0,0.0,60.29446228413889,0.0,-3.071899002110996,261.0657812558891,1113.096950535889,737.814188171,840,840,4.397561018699369,1.0443728851434082
A3,roll_02,persistence,2026-01-19 17:00:00+00:00,2026-01-19 18:00:00+00:00,0,1,2025-12-08T00:00:00+00:00,2026-01-19T00:00:00+00:00,2026-01-19T00:00:00+00:00,2026-01-26T00:00:00+00:00,1098.2935032161668,1883.6500829357776,-785.3565797196109,0,night,0,0.0,0,2,0,0,0,0,0,0,0,0,0,0,0,0,0,0,0,0,0,0,0,0,0,0,0,893.0618960396945,738.6692789706944,1984.2611124879447,1883.6500829357776,17,-0.2588190451025206,-0.9659258262890684,0,0,1,6.245921308277777,4.219392392722222,6.7582327050833335,8.932912868583333,17.879649593055557,18.65615157883333,17.51009285883333,17.788532314805554,0.0,0.0,0.0,0.0,-3.071899002110996,261.0657812558891,1113.096950535889,737.814188171,840,840,2.9965040877981908,0.02006392335232682
A3,roll_02,persistence,2026-01-19 18:00:00+00:00,2026-01-19 19:00:00+00:00,0,1,2025-12-08T00:00:00+00:00,2026-01-19T00:00:00+00:00,2026-01-19T00:00:00+00:00,2026-01-26T00:00:00+00:00,1096.4852710823889,1098.2935032161668,-1.808232133777892,0,night,0,0.0,0,2,0,0,0,0,0,0,0,0,0,0,0,0,0,0,0,0,0,0,0,0,0,0,0,2274.0885418814723,1883.6500829357776,1779.6982078336666,1098.2935032161668,18,-1.8369701987210287e-16,-1.0,0,0,1,6.290845957444444,4.016366639916667,6.245921308277777,8.383298441722223,17.678952539277777,19.38624729958333,17.879649593055557,17.752887094805555,0.0,0.0,0.0,0.0,-3.071899002110996,261.0657812558891,1113.096950535889,737.814188171,840,840,0.0048404155544785644,0.022514719450813892
A3,roll_02,persistence,2026-01-19 19:00:00+00:00,2026-01-19 20:00:00+00:00,0,1,2025-12-08T00:00:00+00:00,2026-01-19T00:00:00+00:00,2026-01-19T00:00:00+00:00,2026-01-26T00:00:00+00:00,852.2087300646944,1096.4852710823889,-244.2765410176945,0,night,0,0.0,0,2,0,0,0,0,0,0,0,0,0,0,0,0,0,0,0,0,0,0,0,0,0,0,0,1365.6644136303612,1098.2935032161668,1945.2175917344168,1096.4852710823889,19,0.2588190451025203,-0.9659258262890684,0,0,1,5.148736282194444,3.884336086,6.290845957444444,8.063546007666666,17.924687961111108,19.382953398694443,17.678952539277777,17.598374748583336,0.0,0.0,0.0,0.0,-3.071899002110996,261.0657812558891,1113.096950535889,737.814188171,840,840,0.9239228552100505,0.35359610136790925
A3,roll_02,persistence,2026-01-19 20:00:00+00:00,2026-01-19 21:00:00+00:00,0,1,2025-12-08T00:00:00+00:00,2026-01-19T00:00:00+00:00,2026-01-19T00:00:00+00:00,2026-01-26T00:00:00+00:00,568.0186646560555,852.2087300646944,-284.1900654086388,0,night,0,0.0,0,1,0,0,0,0,0,0,0,0,0,0,0,0,0,0,0,0,0,0,0,0,0,0,0,653.7379858252777,1096.4852710823889,817.2623687095833,852.2087300646944,20,0.5000000000000001,-0.8660254037844386,0,0,1,3.9840519537777777,3.633355686611111,5.148736282194444,7.955256959805555,18.02282410180556,19.144044949,17.924687961111108,18.132431494416668,0.0,0.0,0.0,0.0,-3.071899002110996,261.0657812558891,1113.096950535889,737.814188171,840,840,1.076809703110742,0.7387744700749818
A3,roll_02,persistence,2026-01-19 21:00:00+00:00,2026-01-19 22:00:00+00:00,0,1,2025-12-08T00:00:00+00:00,2026-01-19T00:00:00+00:00,2026-01-19T00:00:00+00:00,2026-01-26T00:00:00+00:00,461.19813976011113,568.0186646560555,-106.8205248959444,0,night,0,0.0,0,1,0,0,0,0,0,0,0,0,0,0,0,0,0,0,0,0,0,0,0,0,0,0,0,1060.23997367125,852.2087300646944,1022.3695540110556,568.0186646560555,21,0.7071067811865474,-0.7071067811865477,0,0,1,3.315242828777778,3.5082212590277777,3.9840519537777777,7.917760795055556,18.144430832972223,19.25061404477778,18.02282410180556,18.226290338722222,0.0,0.0,0.0,0.0,-3.071899002110996,261.0657812558891,1113.096950535889,737.814188171,840,840,0.39740415382949795,0.8835541810219161
A3,roll_02,persistence,2026-01-19 22:00:00+00:00,2026-01-19 23:00:00+00:00,0,1,2025-12-08T00:00:00+00:00,2026-01-19T00:00:00+00:00,2026-01-19T00:00:00+00:00,2026-01-26T00:00:00+00:00,356.1728901926111,461.19813976011113,-105.02524956750004,0,night,0,0.0,0,1,0,0,0,0,0,0,0,0,0,0,0,0,0,0,0,0,0,0,0,0,0,0,0,372.6696216118889,568.0186646560555,579.8006035581112,461.19813976011113,22,0.8660254037844384,-0.5000000000000004,0,0,1,2.735980420083333,3.508406459083333,3.315242828777778,7.723855807972222,18.098196491611112,19.15334913905556,18.144430832972223,18.30075636655556,0.0,0.0,0.0,0.0,-3.071899002110996,261.0657812558891,1113.096950535889,737.814188171,840,840,0.3905274374716208,1.0259006569386395
A3,roll_02,persistence,2026-01-19 23:00:00+00:00,2026-01-20 00:00:00+00:00,0,1,2025-12-08T00:00:00+00:00,2026-01-19T00:00:00+00:00,2026-01-19T00:00:00+00:00,2026-01-26T00:00:00+00:00,357.6195414715833,356.1728901926111,1.44665127897224,0,night,0,0.0,0,1,0,0,0,0,0,0,0,0,0,0,0,0,0,0,0,0,0,0,0,0,0,0,0,368.2867205090556,461.19813976011113,371.8011446672778,356.1728901926111,23,0.965925826289068,-0.2588190451025215,0,0,1,2.691163158333333,3.994434357833333,2.735980420083333,7.6601376606111105,18.135445305027776,19.462697947166664,18.098196491611112,18.329515098027777,0.0,0.0,0.0,0.0,-3.071899002110996,261.0657812558891,1113.096950535889,737.814188171,840,840,0.017308090931512334,1.023939931186593
A3,roll_02,persistence,2026-01-20 00:00:00+00:00,2026-01-20 01:00:00+00:00,0,1,2025-12-08T00:00:00+00:00,2026-01-19T00:00:00+00:00,2026-01-19T00:00:00+00:00,2026-01-26T00:00:00+00:00,383.7339380009167,357.6195414715833,26.11439652933336,0,night,0,0.0,0,1,0,0,0,0,0,0,0,0,0,0,0,0,0,0,0,0,0,0,0,0,0,0,1,366.1301339879167,356.1728901926111,368.0171135468333,357.6195414715833,0,1.0,0.0,0,0,1,3.258476226361111,4.2014109405,2.691163158333333,7.471285470472222,18.171040281166665,19.87320784711111,18.135445305027776,18.324939880888888,0.0,0.0,0.0,0.0,-3.071899002110996,261.0657812558891,1113.096950535889,737.814188171,840,840,0.11179671035797985,0.9885456585526261
A3,roll_02,persistence,2026-01-20 01:00:00+00:00,2026-01-20 02:00:00+00:00,0,1,2025-12-08T00:00:00+00:00,2026-01-19T00:00:00+00:00,2026-01-19T00:00:00+00:00,2026-01-26T00:00:00+00:00,363.2547627211111,383.7339380009167,-20.479175279805588,0,night,0,0.0,0,1,0,0,0,0,0,0,0,0,0,0,0,0,0,0,0,0,0,0,0,0,0,0,1,374.135321881,357.6195414715833,370.43651664125,383.7339380009167,1,0.9659258262890684,0.2588190451025207,0,0,1,3.905557372666667,4.3023013942777775,3.258476226361111,7.240814754666666,18.144093502972225,19.950232376611112,18.171040281166665,18.191478372805555,0.0,0.0,0.0,0.0,-3.071899002110996,261.0657812558891,1113.096950535889,737.814188171,840,840,0.06667773997018968,1.016302207028025
A3,roll_02,persistence,2026-01-20 02:00:00+00:00,2026-01-20 03:00:00+00:00,0,1,2025-12-08T00:00:00+00:00,2026-01-19T00:00:00+00:00,2026-01-19T00:00:00+00:00,2026-01-26T00:00:00+00:00,365.0164142213889,363.2547627211111,1.7616515002778217,0,night,0,0.0,0,1,0,0,0,0,0,0,0,0,0,0,0,0,0,0,0,0,0,0,0,0,0,0,1,383.9471823114166,383.7339380009167,382.0239495386389,363.2547627211111,2,0.8660254037844387,0.4999999999999999,0,0,1,4.134615724138889,4.376585781888889,3.905557372666667,7.025713984444444,18.23647207447222,19.77146809105556,18.144093502972225,18.308205069916667,0.0,0.0,0.0,0.0,-3.071899002110996,261.0657812558891,1113.096950535889,737.814188171,840,840,0.018514684226850518,1.013914544214648
A3,roll_02,persistence,2026-01-20 03:00:00+00:00,2026-01-20 04:00:00+00:00,0,1,2025-12-08T00:00:00+00:00,2026-01-19T00:00:00+00:00,2026-01-19T00:00:00+00:00,2026-01-26T00:00:00+00:00,1039.7831993372222,365.0164142213889,674.7667851158333,0,night,0,0.0,0,1,0,0,0,0,0,0,0,0,0,0,0,0,0,0,0,0,0,0,0,0,0,0,1,367.6768063598889,363.2547627211111,368.1878588306667,365.0164142213889,3,0.7071067811865476,0.7071067811865476,0,0,1,4.029189530722222,4.4642516751666665,4.134615724138889,6.843691117888889,18.45093115375,19.56677161197222,18.23647207447222,18.22355256697222,0.0,0.0,0.0,0.0,-3.071899002110996,261.0657812558891,1113.096950535889,737.814188171,840,840,2.596428688804476,0.09936614444946827
A3,roll_02,persistence,2026-01-20 04:00:00+00:00,2026-01-20 05:00:00+00:00,0,1,2025-12-08T00:00:00+00:00,2026-01-19T00:00:00+00:00,2026-01-19T00:00:00+00:00,2026-01-26T00:00:00+00:00,1994.0688999676115,1039.7831993372222,954.2857006303892,0,night,0,0.0,0,1,0,0,0,0,0,0,0,0,0,0,0,0,0,0,0,0,0,0,0,0,0,0,1,977.1223704921111,365.0164142213889,956.6022458266112,1039.7831993372222,4,0.5000000000000001,0.8660254037844386,0,0,1,4.2755308662500005,4.600431492361111,4.029189530722222,6.571004820500001,18.48283673330556,19.84487690761112,18.45093115375,18.381851679388888,0.0,0.0,0.0,0.0,-3.071899002110996,261.0657812558891,1113.096950535889,737.814188171,840,840,3.6671125377941665,1.1940295586014722
A3,roll_02,persistence,2026-01-20 05:00:00+00:00,2026-01-20 06:00:00+00:00,0,1,2025-12-08T00:00:00+00:00,2026-01-19T00:00:00+00:00,2026-01-19T00:00:00+00:00,2026-01-26T00:00:00+00:00,2029.167694873528,1994.0688999676115,35.09879490591652,0,night,0,0.0,0,1,0,0,0,0,0,0,0,0,0,0,0,0,0,0,0,0,0,0,0,0,0,0,1,2001.738657636584,1039.7831993372222,2097.5119466174724,1994.0688999676115,5,0.2588190451025207,0.9659258262890684,0,0,1,4.0833006567500005,4.516244777583333,4.2755308662500005,6.230610997888888,18.61474645088889,20.02328279972222,18.48283673330556,18.81852253330556,0.0,0.0,0.0,0.0,-3.071899002110996,261.0657812558891,1113.096950535889,737.814188171,840,840,0.14621101901751618,1.2416008786826493
A3,roll_02,persistence,2026-01-20 06:00:00+00:00,2026-01-20 07:00:00+00:00,0,1,2025-12-08T00:00:00+00:00,2026-01-19T00:00:00+00:00,2026-01-19T00:00:00+00:00,2026-01-26T00:00:00+00:00,2071.0094555605,2029.167694873528,41.84176068697207,0,night,0,0.0,0,1,0,0,0,0,0,0,0,0,0,0,0,0,0,0,0,0,0,0,0,0,0,0,1,2099.6764230465,1994.0688999676115,2207.624277541472,2029.167694873528,6,6.123233995736766e-17,1.0,0,0,1,3.4344617149444443,4.763350271222222,4.0833006567500005,6.104236992611111,18.44960326755556,19.945872866472225,18.61474645088889,18.518887052166665,0.0,0.0,0.0,0.0,-3.071899002110996,261.0657812558891,1113.096950535889,737.814188171,840,840,0.17203962722736155,1.2983113097882037
A3,roll_02,persistence,2026-01-20 07:00:00+00:00,2026-01-20 08:00:00+00:00,0,1,2025-12-08T00:00:00+00:00,2026-01-19T00:00:00+00:00,2026-01-19T00:00:00+00:00,2026-01-26T00:00:00+00:00,1907.5549124286945,2071.0094555605,-163.45454313180562,1,low,0,0.0,0,1,0,0,0,0,0,0,0,0,0,0,0,0,0,0,0,0,0,0,0,0,0,0,1,1798.5318447581387,2029.167694873528,743.501432477222,2071.0094555605,7,-0.2588190451025206,0.9659258262890684,0,0,1,3.243632700527778,5.146098303527778,3.4344617149444443,6.0920939530833325,18.262677875222224,19.215107962944447,18.44960326755556,17.464818313277778,25.396158990166665,0.0,0.0,0.0,-3.071899002110996,261.0657812558891,1113.096950535889,737.814188171,840,840,0.614338054409713,1.0767724104929757
A3,roll_02,persistence,2026-01-20 08:00:00+00:00,2026-01-20 09:00:00+00:00,0,1,2025-12-08T00:00:00+00:00,2026-01-19T00:00:00+00:00,2026-01-19T00:00:00+00:00,2026-01-26T00:00:00+00:00,720.9783473233889,1907.5549124286945,-1186.5765651053057,1,low,0,0.0,0,1,0,0,0,0,0,0,0,0,0,0,0,0,0,0,0,0,0,0,0,0,0,0,1,1792.85737564,2071.0094555605,1602.210022772833,1907.5549124286945,8,-0.4999999999999998,0.8660254037844387,0,0,1,3.802172906555555,5.574331767527777,3.243632700527778,6.376790769055556,18.28468123055556,19.78762391975,18.262677875222224,18.106925738416667,287.3037690233889,34.78762225408333,25.396158990166665,52.25388250475,-3.071899002110996,261.0657812558891,1113.096950535889,737.814188171,840,840,4.533358069409939,0.5314598302650428
A3,roll_02,persistence,2026-01-20 09:00:00+00:00,2026-01-20 10:00:00+00:00,0,1,2025-12-08T00:00:00+00:00,2026-01-19T00:00:00+00:00,2026-01-19T00:00:00+00:00,2026-01-26T00:00:00+00:00,151.7976551743889,720.9783473233889,-569.180692149,1,med,0,0.0,0,2,0,0,0,0,0,0,0,0,0,0,0,0,0,0,0,0,0,0,0,0,0,0,1,1704.9205994411388,1907.5549124286945,401.86281383952775,720.9783473233889,9,-0.7071067811865475,0.7071067811865476,0,0,1,5.253853115111111,5.704844287583334,3.802172906555555,6.883866901888889,18.12476716330556,19.322890420722224,18.28468123055556,17.851597591666668,621.6916147889167,81.0947692918889,287.3037690233889,200.28425978958333,-3.071899002110996,261.0657812558891,1113.096950535889,737.814188171,840,840,2.168452680483643,1.3029016123212638
A3,roll_02,persistence,2026-01-20 10:00:00+00:00,2026-01-20 11:00:00+00:00,0,1,2025-12-08T00:00:00+00:00,2026-01-19T00:00:00+00:00,2026-01-19T00:00:00+00:00,2026-01-26T00:00:00+00:00,787.0186959797501,151.7976551743889,635.2210408053612,1,med,0,0.0,0,2,0,0,0,0,0,0,0,0,0,0,0,0,0,0,0,0,0,0,0,0,0,0,1,1712.5081979704166,720.9783473233889,799.5036943302779,151.7976551743889,10,-0.8660254037844387,0.4999999999999999,0,0,1,6.455607524222223,6.065839095694444,5.253853115111111,7.554804945722222,18.34517670655556,19.53915467719445,18.12476716330556,18.305271993833333,959.4708232418888,75.89661000686111,621.6916147889167,300.6106887920556,-3.071899002110996,261.0657812558891,1113.096950535889,737.814188171,840,840,2.4449506049275604,0.4419517268493692
A3,roll_02,persistence,2026-01-20 11:00:00+00:00,2026-01-20 12:00:00+00:00,0,1,2025-12-08T00:00:00+00:00,2026-01-19T00:00:00+00:00,2026-01-19T00:00:00+00:00,2026-01-26T00:00:00+00:00,-140.12853059388888,787.0186959797501,-927.1472265736388,1,med,0,0.0,0,2,0,0,0,0,0,0,0,0,0,0,0,0,0,0,0,0,0,0,0,0,0,0,1,1729.1863273721667,151.7976551743889,764.1083921755,787.0186959797501,11,-0.9659258262890682,0.258819045102521,0,0,1,6.95239593825,6.411032006055556,6.455607524222223,7.938572868611111,18.396018660722223,20.10092485888889,18.34517670655556,17.913517779527776,590.2926090344722,127.21179366422224,959.4708232418888,360.65137327452777,-3.071899002110996,261.0657812558891,1113.096950535889,737.814188171,840,840,3.539626385067203,1.6985651688759924
A3,roll_02,persistence,2026-01-20 12:00:00+00:00,2026-01-20 13:00:00+00:00,0,1,2025-12-08T00:00:00+00:00,2026-01-19T00:00:00+00:00,2026-01-19T00:00:00+00:00,2026-01-26T00:00:00+00:00,90.30469802694444,-140.12853059388888,230.4332286208333,1,med,0,0.0,0,2,1,0,0,0,0,0,0,0,0,0,0,0,0,0,0,0,0,0,0,0,0,0,1,1776.8351252307775,787.0186959797501,135.93812644077775,-140.12853059388888,12,-1.0,1.2246467991473532e-16,0,0,1,7.796212953166666,6.843188409,6.95239593825,8.697412192166667,17.971774747861108,19.814930444777776,18.396018660722223,17.51108470222222,566.0869300739722,161.38882697286112,590.2926090344722,429.9776792980833,-3.071899002110996,261.0657812558891,1113.096950535889,737.814188171,840,840,0.8944302332524743,1.386246386836758
A3,roll_02,persistence,2026-01-20 13:00:00+00:00,2026-01-20 14:00:00+00:00,0,1,2025-12-08T00:00:00+00:00,2026-01-19T00:00:00+00:00,2026-01-19T00:00:00+00:00,2026-01-26T00:00:00+00:00,1579.226911155389,90.30469802694444,1488.9222131284446,1,low,0,0.0,0,2,0,0,0,0,0,0,0,0,0,0,0,0,0,0,0,0,0,0,0,0,0,0,1,1850.1251705731663,-140.12853059388888,227.14875664072224,90.30469802694444,13,-0.9659258262890684,-0.2588190451025208,0,0,1,7.90864646013889,7.213576107916666,7.796212953166666,9.178790924722222,17.30683716836111,19.35789605444444,17.971774747861108,17.4767666915,232.06871784988888,125.87758148475,566.0869300739722,331.27048653,-3.071899002110996,261.0657812558891,1113.096950535889,737.814188171,840,840,5.715012151164102,0.6317714786361185
A3,roll_02,persistence,2026-01-20 14:00:00+00:00,2026-01-20 15:00:00+00:00,0,1,2025-12-08T00:00:00+00:00,2026-01-19T00:00:00+00:00,2026-01-19T00:00:00+00:00,2026-01-26T00:00:00+00:00,1514.7609178625555,1579.226911155389,-64.46599329283345,1,low,0,0.0,0,2,0,0,0,0,0,0,0,0,0,0,0,0,0,0,0,0,0,0,0,0,0,0,1,2103.8606620909723,90.30469802694444,1951.074940760889,1579.226911155389,14,-0.8660254037844388,-0.4999999999999997,0,0,1,7.004071844694444,6.892581615,7.90864646013889,8.86652897075,18.014104303444444,19.314774678777777,17.30683716836111,18.02714254913889,65.92271638830555,25.63169713905556,232.06871784988888,138.99832969141667,-3.071899002110996,261.0657812558891,1113.096950535889,737.814188171,840,840,0.235167144446808,0.5443971853162232
A3,roll_02,persistence,2026-01-20 15:00:00+00:00,2026-01-20 16:00:00+00:00,0,1,2025-12-08T00:00:00+00:00,2026-01-19T00:00:00+00:00,2026-01-19T00:00:00+00:00,2026-01-26T00:00:00+00:00,1201.4197669487778,1514.7609178625555,-313.3411509137777,1,night,0,0.0,0,2,0,0,0,0,0,0,0,0,0,0,0,0,0,0,0,0,0,0,0,0,0,0,1,1367.69234237475,1579.226911155389,806.2876032480555,1514.7609178625555,15,-0.7071067811865479,-0.7071067811865471,0,0,1,6.226552915722222,6.473090648055556,7.004071844694444,8.054252913972222,17.985049249555555,18.981844509638886,18.014104303444444,17.764550296583334,0.0,0.0,65.92271638830555,60.29446228413889,-3.071899002110996,261.0657812558891,1113.096950535889,737.814188171,840,840,1.1884715431454798,0.1197087530016686
A3,roll_02,persistence,2026-01-20 16:00:00+00:00,2026-01-20 17:00:00+00:00,0,1,2025-12-08T00:00:00+00:00,2026-01-19T00:00:00+00:00,2026-01-19T00:00:00+00:00,2026-01-26T00:00:00+00:00,753.0024936381111,1201.4197669487778,-448.4172733106667,0,night,0,0.0,0,2,0,0,0,0,0,0,0,0,0,0,0,0,0,0,0,0,0,0,0,0,0,0,1,2518.591872478111,1514.7609178625555,738.6692789706944,1201.4197669487778,16,-0.5000000000000004,-0.8660254037844385,0,0,1,5.539642565916666,5.85150787425,6.226552915722222,6.7582327050833335,17.38080857111111,19.342884771027776,17.985049249555555,17.51009285883333,0.0,0.0,0.0,0.0,-3.071899002110996,261.0657812558891,1113.096950535889,737.814188171,840,840,1.7058741753368327,0.48805574990422973
A3,roll_02,persistence,2026-01-20 17:00:00+00:00,2026-01-20 18:00:00+00:00,0,1,2025-12-08T00:00:00+00:00,2026-01-19T00:00:00+00:00,2026-01-19T00:00:00+00:00,2026-01-26T00:00:00+00:00,1059.3235259904168,753.0024936381111,306.3210323523057,0,night,0,0.0,0,2,0,0,0,0,0,0,0,0,0,0,0,0,0,0,0,0,0,0,0,0,0,0,1,2818.4871972926667,1201.4197669487778,1883.6500829357776,753.0024936381111,17,-0.2588190451025206,-0.9659258262890684,0,0,1,5.106537856944445,5.551368765666666,5.539642565916666,6.245921308277777,17.944962672305554,19.703703886777777,17.38080857111111,17.879649593055557,0.0,0.0,0.0,0.0,-3.071899002110996,261.0657812558891,1113.096950535889,737.814188171,840,840,1.185114839126154,0.07288206896478022
A3,roll_02,persistence,2026-01-20 18:00:00+00:00,2026-01-20 19:00:00+00:00,0,1,2025-12-08T00:00:00+00:00,2026-01-19T00:00:00+00:00,2026-01-19T00:00:00+00:00,2026-01-26T00:00:00+00:00,2397.7932220235834,1059.3235259904168,1338.4696960331669,0,night,0,0.0,0,2,0,0,0,0,0,0,0,0,0,0,0,0,0,0,0,0,0,0,0,0,0,0,1,1383.2154217488053,753.0024936381111,1098.2935032161668,1059.3235259904168,18,-1.8369701987210287e-16,-1.0,0,0,1,5.047560526333333,5.565244997222223,5.106537856944445,6.290845957444444,17.76713559486111,19.3371023785,17.944962672305554,17.678952539277777,0.0,0.0,0.0,0.0,-3.071899002110996,261.0657812558891,1113.096950535889,737.814188171,840,840,5.138710973845852,1.7412192555857249
A3,roll_02,persistence,2026-01-20 19:00:00+00:00,2026-01-20 20:00:00+00:00,0,1,2025-12-08T00:00:00+00:00,2026-01-19T00:00:00+00:00,2026-01-19T00:00:00+00:00,2026-01-26T00:00:00+00:00,1239.3215171065278,2397.7932220235834,-1158.4717049170556,0,night,0,0.0,0,1,0,0,0,0,0,0,0,0,0,0,0,0,0,0,0,0,0,0,0,0,0,0,1,962.6741752021112,1059.3235259904168,1096.4852710823889,2397.7932220235834,19,0.2588190451025203,-0.9659258262890684,0,0,1,4.7790201357777775,5.091562219055555,5.047560526333333,5.148736282194444,18.29565681925,19.555466913638888,17.76713559486111,17.924687961111108,0.0,0.0,0.0,0.0,-3.071899002110996,261.0657812558891,1113.096950535889,737.814188171,840,840,4.425703745457377,0.17107907193211144
A3,roll_02,persistence,2026-01-20 20:00:00+00:00,2026-01-20 21:00:00+00:00,0,1,2025-12-08T00:00:00+00:00,2026-01-19T00:00:00+00:00,2026-01-19T00:00:00+00:00,2026-01-26T00:00:00+00:00,1097.120321607,1239.3215171065278,-142.20119549952778,0,night,0,0.0,0,1,0,0,0,0,0,0,0,0,0,0,0,0,0,0,0,0,0,0,0,0,0,0,1,2371.2932299861945,2397.7932220235834,852.2087300646944,1239.3215171065278,20,0.5000000000000001,-0.8660254037844386,0,0,1,4.616484813166667,5.033024918888889,4.7790201357777775,3.9840519537777777,18.163473134916668,19.82183390566667,18.29565681925,18.02282410180556,0.0,0.0,0.0,0.0,-3.071899002110996,261.0657812558891,1113.096950535889,737.814188171,840,840,0.5329281219013774,0.021654000675283915
A3,roll_02,persistence,2026-01-20 21:00:00+00:00,2026-01-20 22:00:00+00:00,0,1,2025-12-08T00:00:00+00:00,2026-01-19T00:00:00+00:00,2026-01-19T00:00:00+00:00,2026-01-26T00:00:00+00:00,532.8753846346667,1097.120321607,-564.2449369723333,0,night,0,0.0,0,1,0,0,0,0,0,0,0,0,0,0,0,0,0,0,0,0,0,0,0,0,0,0,1,813.2224330626667,1239.3215171065278,568.0186646560555,1097.120321607,21,0.7071067811865474,-0.7071067811865477,0,0,1,3.733819858222222,4.900254803388889,4.616484813166667,3.315242828777778,17.823669394694445,19.92269649358333,18.163473134916668,18.144430832972223,0.0,0.0,0.0,0.0,-3.071899002110996,261.0657812558891,1113.096950535889,737.814188171,840,840,2.1495465061358496,0.7864060832708557
A3,roll_02,persistence,2026-01-20 22:00:00+00:00,2026-01-20 23:00:00+00:00,0,1,2025-12-08T00:00:00+00:00,2026-01-19T00:00:00+00:00,2026-01-19T00:00:00+00:00,2026-01-26T00:00:00+00:00,374.928417115,532.8753846346667,-157.9469675196667,0,night,0,0.0,0,1,0,0,0,0,0,0,0,0,0,0,0,0,0,0,0,0,0,0,0,0,0,0,1,1323.4556494799722,1097.120321607,461.19813976011113,532.8753846346667,22,0.8660254037844384,-0.5000000000000004,0,0,1,2.806227175638889,4.787616396777778,3.733819858222222,2.735980420083333,21.387805783944444,19.833271056222223,17.823669394694445,18.098196491611112,0.0,0.0,0.0,0.0,-3.071899002110996,261.0657812558891,1113.096950535889,737.814188171,840,840,0.5932415492084414,1.0004802635346
A3,roll_02,persistence,2026-01-20 23:00:00+00:00,2026-01-21 00:00:00+00:00,0,1,2025-12-08T00:00:00+00:00,2026-01-19T00:00:00+00:00,2026-01-19T00:00:00+00:00,2026-01-26T00:00:00+00:00,373.7627816694167,374.928417115,-1.1656354455832911,0,night,0,0.0,0,1,0,0,0,0,0,0,0,0,0,0,0,0,0,0,0,0,0,0,0,0,0,0,1,690.983777113111,532.8753846346667,356.1728901926111,374.928417115,23,0.965925826289068,-0.2588190451025215,0,0,1,2.466718193027777,4.36980794625,2.806227175638889,2.691163158333333,17.90830201163889,19.88424536811112,21.387805783944444,18.135445305027776,0.0,0.0,0.0,0.0,-3.071899002110996,261.0657812558891,1113.096950535889,737.814188171,840,840,0.007301851461947212,1.0020601131285376
A3,roll_02,persistence,2026-01-21 00:00:00+00:00,2026-01-21 01:00:00+00:00,0,1,2025-12-08T00:00:00+00:00,2026-01-19T00:00:00+00:00,2026-01-19T00:00:00+00:00,2026-01-26T00:00:00+00:00,382.08433273438885,373.7627816694167,8.321551064972141,0,night,0,0.0,0,1,0,1,1,0,1,0,0,0,1,0,1,0,1,0,0,0,1,0,0,0,0,0,2,373.91198171711113,374.928417115,357.6195414715833,373.7627816694167,0,1.0,0.0,0,0,1,1.8242255221388888,4.374367734083333,2.466718193027777,3.258476226361111,18.307477434611112,20.386578095,17.90830201163889,18.171040281166665,0.0,0.0,0.0,0.0,-3.071899002110996,261.0657812558891,1113.096950535889,737.814188171,840,840,0.04364206604279405,0.9907814589654874
A3,roll_02,persistence,2026-01-21 01:00:00+00:00,2026-01-21 02:00:00+00:00,0,1,2025-12-08T00:00:00+00:00,2026-01-19T00:00:00+00:00,2026-01-19T00:00:00+00:00,2026-01-26T00:00:00+00:00,365.3667726035,382.08433273438885,-16.71756013088884,0,night,0,0.0,0,1,0,0,0,0,0,0,0,0,0,0,0,0,0,0,0,0,0,0,0,0,0,0,2,370.08383153427775,373.7627816694167,383.7339380009167,382.08433273438885,1,0.9659258262890684,0.2588190451025207,0,0,1,1.5080317470555558,4.301661179916667,1.8242255221388888,3.905557372666667,18.29967807894444,20.26065134986111,18.307477434611112,18.144093502972225,0.0,0.0,0.0,0.0,-3.071899002110996,261.0657812558891,1113.096950535889,737.814188171,840,840,0.052269052892086096,1.01343968430042
A3,roll_02,persistence,2026-01-21 02:00:00+00:00,2026-01-21 03:00:00+00:00,0,1,2025-12-08T00:00:00+00:00,2026-01-19T00:00:00+00:00,2026-01-19T00:00:00+00:00,2026-01-26T00:00:00+00:00,371.9783939987778,365.3667726035,6.61162139527778,0,night,0,0.0,0,1,0,0,0,0,0,0,0,0,0,0,0,0,0,0,0,0,0,0,0,0,0,0,2,363.9680898908056,382.08433273438885,363.2547627211111,365.3667726035,2,0.8660254037844387,0.4999999999999999,0,0,1,1.2603411373055555,4.175813798388888,1.5080317470555558,4.134615724138889,18.21223012147222,20.36533343461111,18.29967807894444,18.23647207447222,0.0,0.0,0.0,0.0,-3.071899002110996,261.0657812558891,1113.096950535889,737.814188171,840,840,0.03709226215249279,1.0044785915195023
A3,roll_02,persistence,2026-01-21 03:00:00+00:00,2026-01-21 04:00:00+00:00,0,1,2025-12-08T00:00:00+00:00,2026-01-19T00:00:00+00:00,2026-01-19T00:00:00+00:00,2026-01-26T00:00:00+00:00,1049.641280434889,371.9783939987778,677.6628864361112,0,night,0,0.0,0,1,0,0,0,0,0,0,0,0,0,0,0,0,0,0,0,0,0,0,0,0,0,0,2,367.8678755790834,365.3667726035,365.0164142213889,371.9783939987778,3,0.7071067811865476,0.7071067811865476,0,0,1,0.6434714743888889,4.060635091555556,1.2603411373055555,4.029189530722222,18.30506088336111,20.23459653830556,18.21223012147222,18.45093115375,0.0,0.0,0.0,0.0,-3.071899002110996,261.0657812558891,1113.096950535889,737.814188171,840,840,2.6075220665207968,0.08600494693427209
A3,roll_02,persistence,2026-01-21 04:00:00+00:00,2026-01-21 05:00:00+00:00,0,1,2025-12-08T00:00:00+00:00,2026-01-19T00:00:00+00:00,2026-01-19T00:00:00+00:00,2026-01-26T00:00:00+00:00,2165.628261214222,1049.641280434889,1115.9869807793332,0,night,0,0.0,0,1,0,0,0,0,0,0,0,0,0,0,0,0,0,0,0,0,0,0,0,0,0,0,2,1021.3973762487502,371.9783939987778,1039.7831993372222,1049.641280434889,4,0.5000000000000001,0.8660254037844386,0,0,1,0.5259598769722222,4.003444144972222,0.6434714743888889,4.2755308662500005,18.346101567916666,20.134824625472223,18.30506088336111,18.48283673330556,0.0,0.0,0.0,0.0,-3.071899002110996,261.0657812558891,1113.096950535889,737.814188171,840,840,4.286501564464227,1.4265533620158477
A3,roll_02,persistence,2026-01-21 05:00:00+00:00,2026-01-21 06:00:00+00:00,0,1,2025-12-08T00:00:00+00:00,2026-01-19T00:00:00+00:00,2026-01-19T00:00:00+00:00,2026-01-26T00:00:00+00:00,2007.6322741502224,2165.628261214222,-157.9959870639998,0,night,0,0.0,0,1,0,0,0,0,0,0,0,0,0,0,0,0,0,0,0,0,0,0,0,0,0,0,2,2059.780215135472,1049.641280434889,1994.0688999676115,2165.628261214222,5,0.2588190451025207,0.9659258262890684,0,0,1,0.3656367874444444,4.117087354722222,0.5259598769722222,4.0833006567500005,18.44876204208333,20.124028981166667,18.346101567916666,18.61474645088889,0.0,0.0,0.0,0.0,-3.071899002110996,261.0657812558891,1113.096950535889,737.814188171,840,840,0.5934293162305967,1.212412742877494
A3,roll_02,persistence,2026-01-21 06:00:00+00:00,2026-01-21 07:00:00+00:00,0,1,2025-12-08T00:00:00+00:00,2026-01-19T00:00:00+00:00,2026-01-19T00:00:00+00:00,2026-01-26T00:00:00+00:00,1787.7926135424725,2007.6322741502224,-219.83966060774992,0,night,0,0.0,0,1,0,0,0,0,0,0,0,0,0,0,0,0,0,0,0,0,0,0,0,0,0,0,2,1951.7951114496389,2165.628261214222,2029.167694873528,2007.6322741502224,6,6.123233995736766e-17,1.0,0,0,1,0.0914363476111111,4.254348787194444,0.3656367874444444,3.4344617149444443,18.20441595636111,19.934132118,18.44876204208333,18.44960326755556,0.0,0.0,0.0,0.0,-3.071899002110996,261.0657812558891,1113.096950535889,737.814188171,840,840,0.8303185525228581,0.9144520040731615
A3,roll_02,persistence,2026-01-21 07:00:00+00:00,2026-01-21 08:00:00+00:00,0,1,2025-12-08T00:00:00+00:00,2026-01-19T00:00:00+00:00,2026-01-19T00:00:00+00:00,2026-01-26T00:00:00+00:00,1396.283928898889,1787.7926135424725,-391.5086846435836,1,low,0,0.0,0,1,0,0,0,0,0,0,0,0,0,0,0,0,0,0,0,0,0,0,0,0,0,0,2,1687.1433126186946,2007.6322741502224,2071.0094555605,1787.7926135424725,7,-0.2588190451025206,0.9659258262890684,0,0,1,0.4624889772777778,4.355129028611111,0.0914363476111111,3.243632700527778,18.099627230388887,19.907104928583333,18.20441595636111,18.262677875222224,88.74529710644445,0.0,0.0,25.396158990166665,-3.071899002110996,261.0657812558891,1113.096950535889,737.814188171,840,840,1.4878885458402462,0.38381882986691357
A3,roll_02,persistence,2026-01-21 08:00:00+00:00,2026-01-21 09:00:00+00:00,0,1,2025-12-08T00:00:00+00:00,2026-01-19T00:00:00+00:00,2026-01-19T00:00:00+00:00,2026-01-26T00:00:00+00:00,1012.9496219223612,1396.283928898889,-383.3343069765277,1,med,0,0.0,0,1,0,0,0,0,0,0,0,0,0,0,0,0,0,0,0,0,0,0,0,0,0,0,2,1700.1424731680556,1787.7926135424725,1907.5549124286945,1396.283928898889,8,-0.4999999999999998,0.8660254037844387,0,0,1,2.0457270672222223,4.627706611055555,0.4624889772777778,3.802172906555555,18.33234830197222,20.452670910722222,18.099627230388887,18.28468123055556,506.86706511469447,0.0,88.74529710644445,287.3037690233889,-3.071899002110996,261.0657812558891,1113.096950535889,737.814188171,840,840,1.4565769828014903,0.13573516234729419
A3,roll_02,persistence,2026-01-21 09:00:00+00:00,2026-01-21 10:00:00+00:00,0,1,2025-12-08T00:00:00+00:00,2026-01-19T00:00:00+00:00,2026-01-19T00:00:00+00:00,2026-01-26T00:00:00+00:00,755.3586427439723,1012.9496219223612,-257.5909791783889,1,med,0,0.0,0,1,0,0,0,0,0,0,0,0,0,0,0,0,0,0,0,0,0,0,0,0,0,0,2,1616.381493539,1396.283928898889,720.9783473233889,1012.9496219223612,9,-0.7071067811865475,0.7071067811865476,0,0,1,3.9313944355833335,5.024308661138889,2.0457270672222223,5.253853115111111,18.699979865277776,20.41466703861111,18.33234830197222,18.12476716330556,949.0842489008888,115.05220435744444,506.86706511469447,621.6916147889167,-3.071899002110996,261.0657812558891,1113.096950535889,737.814188171,840,840,0.9749231743504743,0.4848623319087017
A3,roll_02,persistence,2026-01-21 10:00:00+00:00,2026-01-21 11:00:00+00:00,0,1,2025-12-08T00:00:00+00:00,2026-01-19T00:00:00+00:00,2026-01-19T00:00:00+00:00,2026-01-26T00:00:00+00:00,53.140800646916695,755.3586427439723,-702.2178420970556,1,high,0,0.0,0,2,0,0,0,0,0,0,0,0,0,0,0,0,0,0,0,0,0,0,0,0,0,0,2,1771.2370990303614,1012.9496219223612,151.7976551743889,755.3586427439723,10,-0.8660254037844387,0.4999999999999999,0,0,1,5.315615807527778,5.432306789416667,3.9313944355833335,6.455607524222223,19.066515733777777,20.172151427166664,18.699979865277776,18.34517670655556,1313.273773081028,33.43036787752778,949.0842489008888,959.4708232418888,-3.071899002110996,261.0657812558891,1113.096950535889,737.814188171,840,840,2.678045126142603,1.4366166534646674
A3,roll_02,persistence,2026-01-21 11:00:00+00:00,2026-01-21 12:00:00+00:00,0,1,2025-12-08T00:00:00+00:00,2026-01-19T00:00:00+00:00,2026-01-19T00:00:00+00:00,2026-01-26T00:00:00+00:00,-768.0917536371389,53.140800646916695,-821.2325542840556,1,high,0,0.0,0,2,0,0,0,0,0,0,0,0,0,0,0,0,0,0,0,0,0,0,0,0,0,0,2,1698.523145841389,755.3586427439723,787.0186959797501,53.140800646916695,11,-0.9659258262890682,0.258819045102521,0,0,1,6.909244716555556,5.742981328027778,5.315615807527778,6.95239593825,19.08309364155556,19.860319106222224,19.066515733777777,18.396018660722223,1427.9776504355557,89.70113270638889,1313.273773081028,590.2926090344722,-3.071899002110996,261.0657812558891,1113.096950535889,737.814188171,840,840,3.1339252940239124,2.549678136220705
A3,roll_02,persistence,2026-01-21 12:00:00+00:00,2026-01-21 13:00:00+00:00,0,1,2025-12-08T00:00:00+00:00,2026-01-19T00:00:00+00:00,2026-01-19T00:00:00+00:00,2026-01-26T00:00:00+00:00,452.3195190723055,-768.0917536371389,1220.4112727094443,1,high,0,0.0,0,2,1,0,0,0,0,0,0,0,0,0,0,0,0,0,0,0,0,0,0,0,0,0,2,986.6906551339166,53.140800646916695,-140.12853059388888,-768.0917536371389,12,-1.0,1.2246467991473532e-16,0,0,1,8.880089984972221,6.181814728333333,6.909244716555556,7.796212953166666,18.484981089805554,19.29081991602777,19.08309364155556,17.971774747861108,1346.315216830611,108.82108360533334,1427.9776504355557,566.0869300739722,-3.071899002110996,261.0657812558891,1113.096950535889,737.814188171,840,840,4.686493824758798,0.8955878621711161
A3,roll_02,persistence,2026-01-21 13:00:00+00:00,2026-01-21 14:00:00+00:00,0,1,2025-12-08T00:00:00+00:00,2026-01-19T00:00:00+00:00,2026-01-19T00:00:00+00:00,2026-01-26T00:00:00+00:00,66.48684730938892,452.3195190723055,-385.8326717629166,1,med,0,0.0,0,3,0,0,0,0,0,0,0,0,0,0,0,0,0,0,0,0,0,0,0,0,0,0,2,1215.6235662438055,-768.0917536371389,90.30469802694444,452.3195190723055,13,-0.9659258262890684,-0.2588190451025208,0,0,1,10.48915223186111,6.522614021444444,8.880089984972221,7.90864646013889,18.524133185916664,19.14399669966667,18.484981089805554,17.30683716836111,1073.8044294135832,44.19311912005556,1346.315216830611,232.06871784988888,-3.071899002110996,261.0657812558891,1113.096950535889,737.814188171,840,840,1.4661468497306993,1.4185280250858119
A3,roll_02,persistence,2026-01-21 14:00:00+00:00,2026-01-21 15:00:00+00:00,0,1,2025-12-08T00:00:00+00:00,2026-01-19T00:00:00+00:00,2026-01-19T00:00:00+00:00,2026-01-26T00:00:00+00:00,359.87914049975,66.48684730938892,293.3922931903611,1,med,0,0.0,0,3,0,0,0,0,0,0,0,0,0,0,0,0,0,0,0,0,0,0,0,0,0,0,2,1567.194707997861,452.3195190723055,1579.226911155389,66.48684730938892,14,-0.8660254037844388,-0.4999999999999997,0,0,1,10.873624103916669,6.668629153166666,10.48915223186111,7.004071844694444,17.64684908008333,19.106394929388888,18.524133185916664,18.014104303444444,664.2745502861944,0.0,1073.8044294135832,65.92271638830555,-3.071899002110996,261.0657812558891,1113.096950535889,737.814188171,840,840,1.1355919215697077,1.0208773728021192
A3,roll_02,persistence,2026-01-21 15:00:00+00:00,2026-01-21 16:00:00+00:00,0,1,2025-12-08T00:00:00+00:00,2026-01-19T00:00:00+00:00,2026-01-19T00:00:00+00:00,2026-01-26T00:00:00+00:00,3501.792804637556,359.87914049975,3141.913664137806,1,low,0,0.0,0,2,0,0,0,0,0,0,0,0,0,0,0,0,0,0,0,0,0,0,0,0,0,0,2,1578.744458172111,66.48684730938892,1514.7609178625555,359.87914049975,15,-0.7071067811865479,-0.7071067811865471,0,0,1,9.67541222338889,6.565780549027778,10.873624103916669,6.226552915722222,17.73781377975,19.14164701436111,17.64684908008333,17.985049249555555,144.55603472877775,0.0,664.2745502861944,0.0,-3.071899002110996,261.0657812558891,1113.096950535889,737.814188171,840,840,12.046716915601028,3.2375303869164
A3,roll_02,persistence,2026-01-21 16:00:00+00:00,2026-01-21 17:00:00+00:00,0,1,2025-12-08T00:00:00+00:00,2026-01-19T00:00:00+00:00,2026-01-19T00:00:00+00:00,2026-01-26T00:00:00+00:00,3139.28925536575,3501.792804637556,-362.50354927180615,0,night,0,0.0,0,2,0,0,0,0,0,0,0,0,0,0,0,0,0,0,0,0,0,0,0,0,0,0,2,1624.9310390754445,359.87914049975,1201.4197669487778,3501.792804637556,16,-0.5000000000000004,-0.8660254037844385,0,0,1,6.537365921777777,6.580184991083333,9.67541222338889,5.539642565916666,17.606137597472223,19.24061198258333,17.73781377975,17.38080857111111,0.0,0.0,144.55603472877775,0.0,-3.071899002110996,261.0657812558891,1113.096950535889,737.814188171,840,840,1.3767857608170821,2.7462094621041078
A3,roll_02,persistence,2026-01-21 17:00:00+00:00,2026-01-21 18:00:00+00:00,0,1,2025-12-08T00:00:00+00:00,2026-01-19T00:00:00+00:00,2026-01-19T00:00:00+00:00,2026-01-26T00:00:00+00:00,3084.578836987528,3139.28925536575,-54.71041837822168,0,night,0,0.0,0,1,0,0,0,0,0,0,0,0,0,0,0,0,0,0,0,0,0,0,0,0,0,0,2,1793.6743844524724,3501.792804637556,753.0024936381111,3139.28925536575,17,-0.2588190451025206,-0.9659258262890684,0,0,1,4.898183921,6.7399584603888885,6.537365921777777,5.106537856944445,17.69062399725,18.989385271777778,17.606137597472223,17.944962672305554,0.0,0.0,0.0,0.0,-3.071899002110996,261.0657812558891,1113.096950535889,737.814188171,840,840,0.19779888090923764,2.6720574340523764
A3,roll_02,persistence,2026-01-21 18:00:00+00:00,2026-01-21 19:00:00+00:00,0,1,2025-12-08T00:00:00+00:00,2026-01-19T00:00:00+00:00,2026-01-19T00:00:00+00:00,2026-01-26T00:00:00+00:00,3033.668790060889,3084.578836987528,-50.9100469266391,0,night,0,0.0,0,1,0,0,0,0,0,0,0,0,0,0,0,0,0,0,0,0,0,0,0,0,0,0,2,1048.612189175861,3139.28925536575,1059.3235259904168,3084.578836987528,18,-1.8369701987210287e-16,-1.0,0,0,1,4.040946171194444,7.065830788222222,4.898183921,5.047560526333333,17.300488013416665,19.395188082444445,17.69062399725,17.76713559486111,0.0,0.0,0.0,0.0,-3.071899002110996,261.0657812558891,1113.096950535889,737.814188171,840,840,0.18324173966575322,2.6030562576818834
A3,roll_02,persistence,2026-01-21 19:00:00+00:00,2026-01-21 20:00:00+00:00,0,1,2025-12-08T00:00:00+00:00,2026-01-19T00:00:00+00:00,2026-01-19T00:00:00+00:00,2026-01-26T00:00:00+00:00,2886.9925662115,3033.668790060889,-146.67622384938886,0,night,0,0.0,0,1,0,0,0,0,0,0,0,0,0,0,0,0,0,0,0,0,0,0,0,0,0,0,2,1797.1453520931666,3084.578836987528,2397.7932220235834,3033.668790060889,19,0.2588190451025203,-0.9659258262890684,0,0,1,3.191824916555556,6.7976319745,4.040946171194444,4.7790201357777775,17.536376965666665,20.13497632016667,17.300488013416665,18.29565681925,0.0,0.0,0.0,0.0,-3.071899002110996,261.0657812558891,1113.096950535889,737.814188171,840,840,0.5500695041550508,2.404257933929136
A3,roll_02,persistence,2026-01-21 20:00:00+00:00,2026-01-21 21:00:00+00:00,0,1,2025-12-08T00:00:00+00:00,2026-01-19T00:00:00+00:00,2026-01-19T00:00:00+00:00,2026-01-26T00:00:00+00:00,2551.3509306884166,2886.9925662115,-335.64163552308355,0,night,0,0.0,0,1,0,0,0,0,0,0,0,0,0,0,0,0,0,0,0,0,0,0,0,0,0,0,2,741.7054459836112,3033.668790060889,1239.3215171065278,2886.9925662115,20,0.5000000000000001,-0.8660254037844386,0,0,1,2.487087112333333,6.660144965333333,3.191824916555556,4.616484813166667,17.762063201333333,19.98757817386112,17.536376965666665,18.163473134916668,0.0,0.0,0.0,0.0,-3.071899002110996,261.0657812558891,1113.096950535889,737.814188171,840,840,1.2738924838065906,1.9493444328007283
A3,roll_02,persistence,2026-01-21 21:00:00+00:00,2026-01-21 22:00:00+00:00,0,1,2025-12-08T00:00:00+00:00,2026-01-19T00:00:00+00:00,2026-01-19T00:00:00+00:00,2026-01-26T00:00:00+00:00,2388.614872440278,2551.3509306884166,-162.73605824813876,0,night,0,0.0,0,1,0,0,0,0,0,0,0,0,0,0,0,0,0,0,0,0,0,0,0,0,0,0,2,554.3527368332501,2886.9925662115,1097.120321607,2551.3509306884166,21,0.7071067811865474,-0.7071067811865477,0,0,1,1.9324537458333333,6.3999320517500005,2.487087112333333,3.733819858222222,17.464727486527778,19.87022840075,17.762063201333333,17.823669394694445,0.0,0.0,0.0,0.0,-3.071899002110996,261.0657812558891,1113.096950535889,737.814188171,840,840,0.6115859323958264,1.7287793354398977
A3,roll_02,persistence,2026-01-21 22:00:00+00:00,2026-01-21 23:00:00+00:00,0,1,2025-12-08T00:00:00+00:00,2026-01-19T00:00:00+00:00,2026-01-19T00:00:00+00:00,2026-01-26T00:00:00+00:00,1967.8965871302496,2388.614872440278,-420.71828531002825,0,night,0,0.0,0,1,0,0,0,0,0,0,0,0,0,0,0,0,0,0,0,0,0,0,0,0,0,0,2,374.6190320515,2551.3509306884166,532.8753846346667,2388.614872440278,22,0.8660254037844384,-0.5000000000000004,0,0,1,1.30014670125,6.275947400166667,1.9324537458333333,2.806227175638889,17.690357956194443,19.746410043166662,17.464727486527778,21.387805783944444,0.0,0.0,0.0,0.0,-3.071899002110996,261.0657812558891,1113.096950535889,737.814188171,840,840,1.5997745254042024,1.1585567888215338
A3,roll_02,persistence,2026-01-21 23:00:00+00:00,2026-01-22 00:00:00+00:00,0,1,2025-12-08T00:00:00+00:00,2026-01-19T00:00:00+00:00,2026-01-19T00:00:00+00:00,2026-01-26T00:00:00+00:00,387.7841801272222,1967.8965871302496,-1580.112407003027,0,night,0,0.0,0,1,0,0,0,0,0,0,0,0,0,0,0,0,0,0,0,0,0,0,0,0,0,0,2,391.3148025667222,2388.614872440278,374.928417115,1967.8965871302496,23,0.965925826289068,-0.2588190451025215,0,0,1,0.8794424397222222,6.070554045388889,1.30014670125,2.466718193027777,17.751566612944444,20.0141855075,17.690357956194443,17.90830201163889,0.0,0.0,0.0,0.0,-3.071899002110996,261.0657812558891,1113.096950535889,737.814188171,840,840,6.04077830657993,0.9830561434535116
A3,roll_02,persistence,2026-01-22 00:00:00+00:00,2026-01-22 01:00:00+00:00,0,1,2025-12-08T00:00:00+00:00,2026-01-19T00:00:00+00:00,2026-01-19T00:00:00+00:00,2026-01-26T00:00:00+00:00,375.648988568,387.7841801272222,-12.13519155922222,0,night,0,0.0,0,1,0,0,0,0,0,0,0,0,0,0,0,0,0,0,0,0,0,0,0,0,0,0,3,367.0031919465834,1967.8965871302496,373.7627816694167,387.7841801272222,0,1.0,0.0,0,0,1,0.7327373778333334,6.013936589527778,0.8794424397222222,1.8242255221388888,18.514657144027776,20.45064362852778,17.751566612944444,18.307477434611112,0.0,0.0,0.0,0.0,-3.071899002110996,261.0657812558891,1113.096950535889,737.814188171,840,840,0.0347165090480688,0.9995036335584452
A3,roll_02,persistence,2026-01-22 01:00:00+00:00,2026-01-22 02:00:00+00:00,0,1,2025-12-08T00:00:00+00:00,2026-01-19T00:00:00+00:00,2026-01-19T00:00:00+00:00,2026-01-26T00:00:00+00:00,370.6715177761111,375.648988568,-4.977470791888891,0,night,0,0.0,0,1,0,0,0,0,0,0,0,0,0,0,0,0,0,0,0,0,0,0,0,0,0,0,3,371.0505770755,387.7841801272222,382.08433273438885,375.648988568,1,0.9659258262890684,0.2588190451025207,0,0,1,0.5019400923611111,6.036887216611111,0.7327373778333334,1.5080317470555558,18.432809342444443,20.43497777380556,18.514657144027776,18.29967807894444,0.0,0.0,0.0,0.0,-3.071899002110996,261.0657812558891,1113.096950535889,737.814188171,840,840,0.007299201682468331,1.0062498724783389
A3,roll_02,persistence,2026-01-22 02:00:00+00:00,2026-01-22 03:00:00+00:00,0,1,2025-12-08T00:00:00+00:00,2026-01-19T00:00:00+00:00,2026-01-19T00:00:00+00:00,2026-01-26T00:00:00+00:00,372.0987236639445,370.6715177761111,1.427205887833395,0,night,0,0.0,0,1,0,0,0,0,0,0,0,0,0,0,0,0,0,0,0,0,0,0,0,0,0,0,3,364.3398802528056,375.648988568,365.3667726035,370.6715177761111,2,0.8660254037844387,0.4999999999999999,0,0,1,0.3487736218611111,6.034736897444444,0.5019400923611111,1.2603411373055555,18.54445086038889,20.54579069075,18.432809342444443,18.21223012147222,0.0,0.0,0.0,0.0,-3.071899002110996,261.0657812558891,1113.096950535889,737.814188171,840,840,0.01723360628995839,1.0043155021304722
A3,roll_02,persistence,2026-01-22 03:00:00+00:00,2026-01-22 04:00:00+00:00,0,1,2025-12-08T00:00:00+00:00,2026-01-19T00:00:00+00:00,2026-01-19T00:00:00+00:00,2026-01-26T00:00:00+00:00,1036.0452877571945,372.0987236639445,663.94656409325,0,night,0,0.0,0,1,0,0,0,0,0,0,0,0,0,0,0,0,0,0,0,0,0,0,0,0,0,0,3,373.5574161077223,370.6715177761111,371.9783939987778,372.0987236639445,3,0.7071067811865476,0.7071067811865476,0,0,1,0.2133146070555555,5.914457750944444,0.3487736218611111,0.6434714743888889,18.459798990916667,20.35707342683333,18.54445086038889,18.30506088336111,0.0,0.0,0.0,0.0,-3.071899002110996,261.0657812558891,1113.096950535889,737.814188171,840,840,2.55498234922473,0.10443234084411035
A3,roll_02,persistence,2026-01-22 04:00:00+00:00,2026-01-22 05:00:00+00:00,0,1,2025-12-08T00:00:00+00:00,2026-01-19T00:00:00+00:00,2026-01-19T00:00:00+00:00,2026-01-26T00:00:00+00:00,1958.2742827319444,1036.0452877571945,922.22899497475,0,night,0,0.0,0,0,0,0,0,0,0,0,0,0,0,0,0,0,0,0,0,0,0,0,0,0,0,0,3,1052.1522978683056,372.0987236639445,1049.641280434889,1036.0452877571945,4,0.5000000000000001,0.8660254037844386,0,0,1,-0.1355967138611111,5.925028980166666,0.2133146070555555,0.5259598769722222,18.305206327277777,20.59579628066667,18.459798990916667,18.346101567916666,0.0,0.0,0.0,0.0,-3.071899002110996,261.0657812558891,1113.096950535889,737.814188171,840,840,3.5443208586188013,1.1455151523870837
A3,roll_02,persistence,2026-01-22 05:00:00+00:00,2026-01-22 06:00:00+00:00,0,1,2025-12-08T00:00:00+00:00,2026-01-19T00:00:00+00:00,2026-01-19T00:00:00+00:00,2026-01-26T00:00:00+00:00,1980.8106362188057,1958.2742827319444,22.536353486861344,0,night,0,0.0,0,0,0,0,0,0,0,0,0,0,0,0,0,0,0,0,0,0,0,0,0,0,0,0,3,2039.245831840444,1036.0452877571945,2165.628261214222,1958.2742827319444,5,0.2588190451025207,0.9659258262890684,0,0,1,-0.2067956863333333,5.866083384027778,-0.1355967138611111,0.3656367874444444,18.570810667694445,20.27639611691667,18.305206327277777,18.44876204208333,0.0,0.0,0.0,0.0,-3.071899002110996,261.0657812558891,1113.096950535889,737.814188171,840,840,0.09809118746156884,1.1760599072158404
A3,roll_02,persistence,2026-01-22 06:00:00+00:00,2026-01-22 07:00:00+00:00,0,1,2025-12-08T00:00:00+00:00,2026-01-19T00:00:00+00:00,2026-01-19T00:00:00+00:00,2026-01-26T00:00:00+00:00,1778.5049296098057,1980.8106362188057,-202.30570660900003,0,night,0,0.0,0,0,0,0,0,0,0,0,0,0,0,0,0,0,0,0,0,0,0,0,0,0,0,0,3,2008.2256900938053,1958.2742827319444,2007.6322741502224,1980.8106362188057,6,6.123233995736766e-17,1.0,0,0,1,-0.3390546419444444,5.855689930055555,-0.2067956863333333,0.0914363476111111,18.560011663194445,19.47680676319445,18.570810667694445,18.20441595636111,0.0,0.0,0.0,0.0,-3.071899002110996,261.0657812558891,1113.096950535889,737.814188171,840,840,0.7631555795954961,0.9018638970923368
A3,roll_02,persistence,2026-01-22 07:00:00+00:00,2026-01-22 08:00:00+00:00,0,1,2025-12-08T00:00:00+00:00,2026-01-19T00:00:00+00:00,2026-01-19T00:00:00+00:00,2026-01-26T00:00:00+00:00,1415.566902312361,1778.5049296098057,-362.9380272974447,1,low,0,0.0,0,1,0,0,0,0,0,0,0,0,0,0,0,0,0,0,0,0,0,0,0,0,0,0,3,1864.800559224361,1980.8106362188057,1787.7926135424725,1778.5049296098057,7,-0.2588190451025206,0.9659258262890684,0,0,1,0.0412508166666666,5.939965576,-0.3390546419444444,0.4624889772777778,18.17753363780556,18.746181867083333,18.560011663194445,18.099627230388887,50.5301981471389,0.0,0.0,88.74529710644445,-3.071899002110996,261.0657812558891,1113.096950535889,737.814188171,840,840,1.3784500081326378,0.4099541004033524
A3,roll_02,persistence,2026-01-22 08:00:00+00:00,2026-01-22 09:00:00+00:00,0,1,2025-12-08T00:00:00+00:00,2026-01-19T00:00:00+00:00,2026-01-19T00:00:00+00:00,2026-01-26T00:00:00+00:00,1170.112685329639,1415.566902312361,-245.45421698272207,1,med,0,0.0,0,1,0,0,0,0,0,0,0,0,0,0,0,0,0,0,0,0,0,0,0,0,0,0,3,1891.1646381102776,1778.5049296098057,1396.283928898889,1415.566902312361,8,-0.4999999999999998,0.8660254037844387,0,0,1,1.056784193527778,6.0540732603333325,0.0412508166666666,2.0457270672222223,18.45113440808333,19.051684740972224,18.17753363780556,18.33234830197222,442.9227532967777,0.0,50.5301981471389,506.86706511469447,-3.071899002110996,261.0657812558891,1113.096950535889,737.814188171,840,840,0.9284338867185163,0.0772765497165198
A3,roll_02,persistence,2026-01-22 09:00:00+00:00,2026-01-22 10:00:00+00:00,0,1,2025-12-08T00:00:00+00:00,2026-01-19T00:00:00+00:00,2026-01-19T00:00:00+00:00,2026-01-26T00:00:00+00:00,912.1677645943888,1170.112685329639,-257.9449207352501,1,med,0,0.0,0,1,0,0,0,0,0,0,0,0,0,0,0,0,0,0,0,0,0,0,0,0,0,0,3,1853.015352479528,1415.566902312361,1012.9496219223612,1170.112685329639,9,-0.7071067811865475,0.7071067811865476,0,0,1,2.4946484179722224,6.356309699972222,1.056784193527778,3.9313944355833335,18.912593772,20.157227171944445,18.45113440808333,18.699979865277776,833.8091316924166,71.04931229527777,442.9227532967777,949.0842489008888,-3.071899002110996,261.0657812558891,1113.096950535889,737.814188171,840,840,0.9762789305708356,0.2723303362322054
A3,roll_02,persistence,2026-01-22 10:00:00+00:00,2026-01-22 11:00:00+00:00,0,1,2025-12-08T00:00:00+00:00,2026-01-19T00:00:00+00:00,2026-01-19T00:00:00+00:00,2026-01-26T00:00:00+00:00,979.6024800058332,912.1677645943888,67.43471541144436,1,med,0,0.0,0,1,0,0,0,0,0,0,0,0,0,0,0,0,0,0,0,0,0,0,0,0,0,0,3,1753.4225527633614,1170.112685329639,755.3586427439723,912.1677645943888,10,-0.8660254037844387,0.4999999999999999,0,0,1,3.215811578611111,7.095990240444444,2.4946484179722224,5.315615807527778,19.38619283925,19.88121188980556,18.912593772,19.066515733777777,1190.1841393934444,190.55258295625003,833.8091316924166,1313.273773081028,-3.071899002110996,261.0657812558891,1113.096950535889,737.814188171,840,840,0.27007221733302084,0.18093237114480148
A3,roll_02,persistence,2026-01-22 11:00:00+00:00,2026-01-22 12:00:00+00:00,0,1,2025-12-08T00:00:00+00:00,2026-01-19T00:00:00+00:00,2026-01-19T00:00:00+00:00,2026-01-26T00:00:00+00:00,926.4931066359444,979.6024800058332,-53.10937336988877,1,med,0,0.0,0,1,0,0,0,0,0,0,0,0,0,0,0,0,0,0,0,0,0,0,0,0,0,0,3,1683.7846975026666,912.1677645943888,53.140800646916695,979.6024800058332,11,-0.9659258262890682,0.258819045102521,0,0,1,4.084419063944444,7.735721079805555,3.215811578611111,6.909244716555556,19.31657935863889,23.38672065052777,19.38619283925,19.08309364155556,1082.5123078365275,176.48683570197224,1190.1841393934444,1427.9776504355557,-3.071899002110996,261.0657812558891,1113.096950535889,737.814188171,840,840,0.1916661545111977,0.25291441516261026
A3,roll_02,persistence,2026-01-22 12:00:00+00:00,2026-01-22 13:00:00+00:00,0,1,2025-12-08T00:00:00+00:00,2026-01-19T00:00:00+00:00,2026-01-19T00:00:00+00:00,2026-01-26T00:00:00+00:00,-104.81881332361114,926.4931066359444,-1031.3119199595556,1,med,0,0.0,0,2,0,0,0,0,0,0,0,0,0,0,0,0,0,0,0,0,0,0,0,0,0,0,3,662.9256880891389,979.6024800058332,-768.0917536371389,926.4931066359444,12,-1.0,1.2246467991473532e-16,0,0,1,5.38599788475,7.640280755611111,4.084419063944444,8.880089984972221,19.65373982686111,18.96813179475,19.31657935863889,18.484981089805554,1175.6683752016668,137.67527449247223,1082.5123078365275,1346.315216830611,-3.071899002110996,261.0657812558891,1113.096950535889,737.814188171,840,840,3.938624265543226,1.650707974156264
A3,roll_02,persistence,2026-01-22 13:00:00+00:00,2026-01-22 14:00:00+00:00,0,1,2025-12-08T00:00:00+00:00,2026-01-19T00:00:00+00:00,2026-01-19T00:00:00+00:00,2026-01-26T00:00:00+00:00,1036.759236264139,-104.81881332361114,1141.57804958775,1,med,0,0.0,0,2,1,0,0,0,0,0,0,0,0,0,0,0,0,0,0,0,0,0,0,0,0,0,3,1670.502586263833,926.4931066359444,452.3195190723055,-104.81881332361114,13,-0.9659258262890684,-0.2588190451025208,0,0,1,6.27195117888889,7.717073466916666,5.38599788475,10.48915223186111,18.68513766694445,19.995219474666666,19.65373982686111,18.524133185916664,952.1943599062224,89.73333983747223,1175.6683752016668,1073.8044294135832,-3.071899002110996,261.0657812558891,1113.096950535889,737.814188171,840,840,4.384526930658555,0.10346468730966925
A3,roll_02,persistence,2026-01-22 14:00:00+00:00,2026-01-22 15:00:00+00:00,0,1,2025-12-08T00:00:00+00:00,2026-01-19T00:00:00+00:00,2026-01-19T00:00:00+00:00,2026-01-26T00:00:00+00:00,1095.6600237501943,1036.759236264139,58.90078748605538,1,med,0,0.0,0,2,0,0,0,0,0,0,0,0,0,0,0,0,0,0,0,0,0,0,0,0,0,0,3,1481.236402503917,-104.81881332361114,66.48684730938892,1036.759236264139,14,-0.8660254037844388,-0.4999999999999997,0,0,1,7.388014486055556,7.777161936083334,6.27195117888889,10.873624103916669,18.11838555286111,18.998335135416667,18.68513766694445,17.64684908008333,761.2699456159722,15.6927846945,952.1943599062224,664.2745502861944,-3.071899002110996,261.0657812558891,1113.096950535889,737.814188171,840,840,0.2373834142109285,0.023633222382073948
A3,roll_02,persistence,2026-01-22 15:00:00+00:00,2026-01-22 16:00:00+00:00,0,1,2025-12-08T00:00:00+00:00,2026-01-19T00:00:00+00:00,2026-01-19T00:00:00+00:00,2026-01-26T00:00:00+00:00,2940.7578966023334,1095.6600237501943,1845.097872852139,1,low,0,0.0,0,2,0,0,0,0,0,0,0,0,0,0,0,0,0,0,0,0,0,0,0,0,0,0,3,885.3972389852223,1036.759236264139,359.87914049975,1095.6600237501943,15,-0.7071067811865479,-0.7071067811865471,0,0,1,6.172030068638889,7.587229790388889,7.388014486055556,9.67541222338889,17.8214131055,18.903532724861112,18.11838555286111,17.73781377975,67.57647916191668,0.0,761.2699456159722,144.55603472877775,-3.071899002110996,261.0657812558891,1113.096950535889,737.814188171,840,840,7.0793259957831385,2.4771290324425905
A3,roll_02,persistence,2026-01-22 16:00:00+00:00,2026-01-22 17:00:00+00:00,0,1,2025-12-08T00:00:00+00:00,2026-01-19T00:00:00+00:00,2026-01-19T00:00:00+00:00,2026-01-26T00:00:00+00:00,1509.757366554472,2940.7578966023334,-1431.0005300478615,0,night,0,0.0,0,1,0,0,0,0,0,0,0,0,0,0,0,0,0,0,0,0,0,0,0,0,0,0,3,1797.5373261431112,1095.6600237501943,3501.792804637556,2940.7578966023334,16,-0.5000000000000004,-0.8660254037844385,0,0,1,3.513001024222222,7.352740038694445,6.172030068638889,6.537365921777777,17.972978045416667,19.207566096138887,17.8214131055,17.606137597472223,0.0,0.0,67.57647916191668,0.0,-3.071899002110996,261.0657812558891,1113.096950535889,737.814188171,840,840,5.469612387255519,0.5376155980435696
A3,roll_02,persistence,2026-01-22 17:00:00+00:00,2026-01-22 18:00:00+00:00,0,1,2025-12-08T00:00:00+00:00,2026-01-19T00:00:00+00:00,2026-01-19T00:00:00+00:00,2026-01-26T00:00:00+00:00,1902.4201895734168,1509.757366554472,392.6628230189449,0,night,0,0.0,0,1,0,0,0,0,0,0,0,0,0,0,0,0,0,0,0,0,0,0,0,0,0,0,3,1346.1776368881667,2940.7578966023334,3139.28925536575,1509.757366554472,17,-0.2588190451025206,-0.9659258262890684,0,0,1,2.803270102555556,7.210672752555555,3.513001024222222,4.898183921,18.275116791861112,19.75528769888889,17.972978045416667,17.69062399725,0.0,0.0,0.0,0.0,-3.071899002110996,261.0657812558891,1113.096950535889,737.814188171,840,840,1.5158429424083282,1.0698130392344662
A3,roll_02,persistence,2026-01-22 18:00:00+00:00,2026-01-22 19:00:00+00:00,0,1,2025-12-08T00:00:00+00:00,2026-01-19T00:00:00+00:00,2026-01-19T00:00:00+00:00,2026-01-26T00:00:00+00:00,1073.8756977925275,1902.4201895734168,-828.5444917808893,0,night,0,0.0,0,1,0,0,0,0,0,0,0,0,0,0,0,0,0,0,0,0,0,0,0,0,0,0,3,2386.9593965361114,1509.757366554472,3084.578836987528,1902.4201895734168,18,-1.8369701987210287e-16,-1.0,0,0,1,2.0540354806944445,6.914773931666667,2.803270102555556,4.040946171194444,18.52226880861112,19.750921251194445,18.275116791861112,17.300488013416665,0.0,0.0,0.0,0.0,-3.071899002110996,261.0657812558891,1113.096950535889,737.814188171,840,840,3.161933321202575,0.05315871309087825
A3,roll_02,persistence,2026-01-22 19:00:00+00:00,2026-01-22 20:00:00+00:00,0,1,2025-12-08T00:00:00+00:00,2026-01-19T00:00:00+00:00,2026-01-19T00:00:00+00:00,2026-01-26T00:00:00+00:00,1112.6407676563056,1073.8756977925275,38.76506986377808,0,night,0,0.0,0,1,0,0,0,0,0,0,0,0,0,0,0,0,0,0,0,0,0,0,0,0,0,0,3,1666.5948316020276,1902.4201895734168,3033.668790060889,1073.8756977925275,19,0.2588190451025203,-0.9659258262890684,0,0,1,1.7490800439444445,6.321510255361112,2.0540354806944445,3.191824916555556,18.13564327775,19.999823462166667,18.52226880861112,17.536376965666665,0.0,0.0,0.0,0.0,-3.071899002110996,261.0657812558891,1113.096950535889,737.814188171,840,840,0.1602545100496403,0.0006182896546272959
A3,roll_02,persistence,2026-01-22 20:00:00+00:00,2026-01-22 21:00:00+00:00,0,1,2025-12-08T00:00:00+00:00,2026-01-19T00:00:00+00:00,2026-01-19T00:00:00+00:00,2026-01-26T00:00:00+00:00,565.8491807108888,1112.6407676563056,-546.7915869454167,0,night,0,0.0,0,1,0,0,0,0,0,0,0,0,0,0,0,0,0,0,0,0,0,0,0,0,0,0,3,1076.4033323202225,1073.8756977925275,2886.9925662115,1112.6407676563056,20,0.5000000000000001,-0.8660254037844386,0,0,1,1.6065832648333334,6.225941869694444,1.7490800439444445,2.487087112333333,18.311032115555555,19.716939268694443,18.13564327775,17.762063201333333,0.0,0.0,0.0,0.0,-3.071899002110996,261.0657812558891,1113.096950535889,737.814188171,840,840,2.082692282870912,0.7417148905493356
A3,roll_02,persistence,2026-01-22 21:00:00+00:00,2026-01-22 22:00:00+00:00,0,1,2025-12-08T00:00:00+00:00,2026-01-19T00:00:00+00:00,2026-01-19T00:00:00+00:00,2026-01-26T00:00:00+00:00,473.87890895927785,565.8491807108888,-91.970271751611,0,night,0,0.0,0,1,0,0,0,0,0,0,0,0,0,0,0,0,0,0,0,0,0,0,0,0,0,0,3,1005.1173250451112,1112.6407676563056,2551.3509306884166,565.8491807108888,21,0.7071067811865474,-0.7071067811865477,0,0,1,1.2826967101944444,6.317871820055555,1.6065832648333334,1.9324537458333333,17.99547290261111,19.756443385166666,18.311032115555555,17.464727486527778,0.0,0.0,0.0,0.0,-3.071899002110996,261.0657812558891,1113.096950535889,737.814188171,840,840,0.34052096878358945,0.86636723964498
A3,roll_02,persistence,2026-01-22 22:00:00+00:00,2026-01-22 23:00:00+00:00,0,1,2025-12-08T00:00:00+00:00,2026-01-19T00:00:00+00:00,2026-01-19T00:00:00+00:00,2026-01-26T00:00:00+00:00,367.6513029880277,473.87890895927785,-106.22760597125016,0,night,0,0.0,0,1,0,0,0,0,0,0,0,0,0,0,0,0,0,0,0,0,0,0,0,0,0,0,3,480.00597344519446,565.8491807108888,2388.614872440278,473.87890895927785,22,0.8660254037844384,-0.5000000000000004,0,0,1,1.3345326389722223,6.12952082225,1.2826967101944444,1.30014670125,18.07674242205556,19.991357907416667,17.99547290261111,17.690357956194443,0.0,0.0,0.0,0.0,-3.071899002110996,261.0657812558891,1113.096950535889,737.814188171,840,840,0.39513300622125175,1.0103433350824809
A3,roll_02,persistence,2026-01-22 23:00:00+00:00,2026-01-23 00:00:00+00:00,0,1,2025-12-08T00:00:00+00:00,2026-01-19T00:00:00+00:00,2026-01-19T00:00:00+00:00,2026-01-26T00:00:00+00:00,367.96108710394446,367.6513029880277,0.3097841159167842,0,night,0,0.0,0,1,0,1,1,0,3,0,0,0,1,0,1,0,1,0,0,0,1,0,0,0,0,0,3,479.6300936403031,473.87890895927785,1967.8965871302496,367.6513029880277,23,0.965925826289068,-0.2588190451025215,0,0,1,1.6309106950555554,6.380006211722222,1.3345326389722223,0.8794424397222222,18.345077110444443,20.516338076272728,18.07674242205556,17.751566612944444,0.0,0.0,0.0,0.0,-3.071899002110996,261.0657812558891,1113.096950535889,737.814188171,840,840,0.012953375588940753,1.0099234676946163
A3,roll_02,persistence,2026-01-23 00:00:00+00:00,2026-01-23 01:00:00+00:00,0,1,2025-12-08T00:00:00+00:00,2026-01-19T00:00:00+00:00,2026-01-19T00:00:00+00:00,2026-01-26T00:00:00+00:00,369.3633806425278,367.96108710394446,1.402293538583308,0,night,0,0.0,0,1,0,1,1,0,3,0,0,0,1,0,1,0,1,0,0,0,1,0,0,0,0,0,4,436.11526816900937,367.6513029880277,387.7841801272222,367.96108710394446,0,1.0,0.0,0,0,1,1.3322522275277775,6.179232263,1.6309106950555554,0.7327373778333334,18.412130332527777,20.644644640187085,18.345077110444443,18.514657144027776,0.0,0.0,0.0,0.0,-3.071899002110996,261.0657812558891,1113.096950535889,737.814188171,840,840,0.017138180726599443,1.008022862418836
A3,roll_02,persistence,2026-01-23 01:00:00+00:00,2026-01-23 02:00:00+00:00,0,1,2025-12-08T00:00:00+00:00,2026-01-19T00:00:00+00:00,2026-01-19T00:00:00+00:00,2026-01-26T00:00:00+00:00,364.6717208964722,369.3633806425278,-4.691659746055564,0,night,0,0.0,0,1,0,1,1,0,3,0,0,0,1,0,1,0,1,0,0,0,1,0,0,0,0,0,4,363.3156685093611,367.96108710394446,375.648988568,369.3633806425278,1,0.9659258262890684,0.2588190451025207,0,0,1,1.58879370875,6.335631528111112,1.3322522275277775,0.5019400923611111,18.522961206138888,20.570585093833333,18.412130332527777,18.432809342444443,0.0,0.0,0.0,0.0,-3.071899002110996,261.0657812558891,1113.096950535889,737.814188171,840,840,0.006204416128963777,1.0143817259664265
A3,roll_02,persistence,2026-01-23 02:00:00+00:00,2026-01-23 03:00:00+00:00,0,1,2025-12-08T00:00:00+00:00,2026-01-19T00:00:00+00:00,2026-01-19T00:00:00+00:00,2026-01-26T00:00:00+00:00,368.5853674459444,364.6717208964722,3.913646549472219,0,night,0,0.0,0,1,0,0,0,0,0,0,0,0,0,0,0,0,0,0,0,0,0,0,0,0,0,0,4,402.5595977328056,369.3633806425278,370.6715177761111,364.6717208964722,2,0.8660254037844387,0.4999999999999999,0,0,1,2.072341584194444,6.396147497388889,1.58879370875,0.3487736218611111,18.394230225944444,20.26279251922222,18.522961206138888,18.54445086038889,0.0,0.0,0.0,0.0,-3.071899002110996,261.0657812558891,1113.096950535889,737.814188171,840,840,0.026757798429110042,1.0090773463377642
A3,roll_02,persistence,2026-01-23 03:00:00+00:00,2026-01-23 04:00:00+00:00,0,1,2025-12-08T00:00:00+00:00,2026-01-19T00:00:00+00:00,2026-01-19T00:00:00+00:00,2026-01-26T00:00:00+00:00,1077.5376334153334,368.5853674459444,708.9522659693889,0,night,0,0.0,0,1,0,0,0,0,0,0,0,0,0,0,0,0,0,0,0,0,0,0,0,0,0,0,4,399.17939954838886,364.6717208964722,372.0987236639445,368.5853674459444,3,0.7071067811865476,0.7071067811865476,0,0,1,2.1618301728333336,6.315615564583333,2.072341584194444,0.2133146070555555,18.33168606486112,20.336075921944445,18.394230225944444,18.459798990916667,0.0,0.0,0.0,0.0,-3.071899002110996,261.0657812558891,1113.096950535889,737.814188171,840,840,2.727374539651348,0.048195491074392444
A3,roll_02,persistence,2026-01-23 04:00:00+00:00,2026-01-23 05:00:00+00:00,0,1,2025-12-08T00:00:00+00:00,2026-01-19T00:00:00+00:00,2026-01-19T00:00:00+00:00,2026-01-26T00:00:00+00:00,2595.650702010778,1077.5376334153334,1518.1130685954445,0,night,0,0.0,0,1,0,0,0,0,0,0,0,0,0,0,0,0,0,0,0,0,0,0,0,0,0,0,4,1076.4506056084722,368.5853674459444,1036.0452877571945,1077.5376334153334,4,0.5000000000000001,0.8660254037844386,0,0,1,2.4079966898333334,6.319809020444445,2.1618301728333336,-0.1355967138611111,18.65893950025,20.54722971761112,18.33168606486112,18.305206327277777,0.0,0.0,0.0,0.0,-3.071899002110996,261.0657812558891,1113.096950535889,737.814188171,840,840,5.826826328137329,2.009386340414592
A3,roll_02,persistence,2026-01-23 05:00:00+00:00,2026-01-23 06:00:00+00:00,0,1,2025-12-08T00:00:00+00:00,2026-01-19T00:00:00+00:00,2026-01-19T00:00:00+00:00,2026-01-26T00:00:00+00:00,2229.0674939791948,2595.650702010778,-366.5832080315831,0,night,0,0.0,0,1,0,0,0,0,0,0,0,0,0,0,0,0,0,0,0,0,0,0,0,0,0,0,4,2002.717169422556,1077.5376334153334,1958.2742827319444,2595.650702010778,5,0.2588190451025207,0.9659258262890684,0,0,1,2.3870737601111114,6.480166650444445,2.4079966898333334,-0.2067956863333333,18.58098035247222,20.62937870683333,18.65893950025,18.570810667694445,0.0,0.0,0.0,0.0,-3.071899002110996,261.0657812558891,1113.096950535889,737.814188171,840,840,1.3924126987487837,1.5125360305278681
A3,roll_02,persistence,2026-01-23 06:00:00+00:00,2026-01-23 07:00:00+00:00,0,1,2025-12-08T00:00:00+00:00,2026-01-19T00:00:00+00:00,2026-01-19T00:00:00+00:00,2026-01-26T00:00:00+00:00,1956.5605310417773,2229.0674939791948,-272.5069629374175,0,night,0,0.0,0,1,0,0,0,0,0,0,0,0,0,0,0,0,0,0,0,0,0,0,0,0,0,0,4,2477.7992105114445,2595.650702010778,1980.8106362188057,2229.0674939791948,6,6.123233995736766e-17,1.0,0,0,1,2.86016758225,6.526934920555555,2.3870737601111114,-0.3390546419444444,18.59333267108333,19.989256890694445,18.58098035247222,18.560011663194445,0.0,0.0,0.0,0.0,-3.071899002110996,261.0657812558891,1113.096950535889,737.814188171,840,840,1.032058137375017,1.1431924108111655
A3,roll_02,persistence,2026-01-23 07:00:00+00:00,2026-01-23 08:00:00+00:00,0,1,2025-12-08T00:00:00+00:00,2026-01-19T00:00:00+00:00,2026-01-19T00:00:00+00:00,2026-01-26T00:00:00+00:00,1820.3555307953327,1956.5605310417773,-136.20500024644457,1,low,0,0.0,0,1,0,0,0,0,0,0,0,0,0,0,0,0,0,0,0,0,0,0,0,0,0,0,4,2372.8508934692777,2229.0674939791948,1778.5049296098057,1956.5605310417773,7,-0.2588190451025206,0.9659258262890684,0,0,1,2.925855649944445,6.51837168525,2.86016758225,0.0412508166666666,18.58286181677777,19.50656841447222,18.59333267108333,18.17753363780556,13.610436851555557,0.0,0.0,50.5301981471389,-3.071899002110996,261.0657812558891,1113.096950535889,737.814188171,840,840,0.5099599825142935,0.9585863102100248
A3,roll_02,persistence,2026-01-23 08:00:00+00:00,2026-01-23 09:00:00+00:00,0,1,2025-12-08T00:00:00+00:00,2026-01-19T00:00:00+00:00,2026-01-19T00:00:00+00:00,2026-01-26T00:00:00+00:00,2016.7762660696944,1820.3555307953327,196.42073527436173,1,low,0,0.0,0,1,0,0,0,0,0,0,0,0,0,0,0,0,0,0,0,0,0,0,0,0,0,0,4,1713.0605896702225,1956.5605310417773,1415.566902312361,1820.3555307953327,8,-0.4999999999999998,0.8660254037844387,0,0,1,3.784128624555555,6.70613304075,2.925855649944445,1.056784193527778,18.901513842444444,19.7554677515,18.58286181677777,18.45113440808333,145.74993311175,219.2942974313056,13.610436851555557,442.9227532967777,-3.071899002110996,261.0657812558891,1113.096950535889,737.814188171,840,840,0.7641470027852323,1.2248060961987948
A3,roll_02,persistence,2026-01-23 09:00:00+00:00,2026-01-23 10:00:00+00:00,0,1,2025-12-08T00:00:00+00:00,2026-01-19T00:00:00+00:00,2026-01-19T00:00:00+00:00,2026-01-26T00:00:00+00:00,1936.420994131,2016.7762660696944,-80.35527193869439,1,low,0,0.0,0,1,0,0,0,0,0,0,0,0,0,0,0,0,0,0,0,0,0,0,0,0,0,0,4,1442.9932598915832,1820.3555307953327,1170.112685329639,2016.7762660696944,9,-0.7071067811865475,0.7071067811865476,0,0,1,4.780561090416667,7.120510198722222,3.784128624555555,2.4946484179722224,18.886623428750003,19.877659039055555,18.901513842444444,18.912593772,232.31283958127776,397.3280925458334,145.74993311175,833.8091316924166,-3.071899002110996,261.0657812558891,1113.096950535889,737.814188171,840,840,0.2960302670261963,1.1158961928288276
A3,roll_02,persistence,2026-01-23 10:00:00+00:00,2026-01-23 11:00:00+00:00,0,1,2025-12-08T00:00:00+00:00,2026-01-19T00:00:00+00:00,2026-01-19T00:00:00+00:00,2026-01-26T00:00:00+00:00,1576.1195596841944,1936.420994131,-360.3014344468056,1,low,0,0.0,0,2,0,0,0,0,0,0,0,0,0,0,0,0,0,0,0,0,0,0,0,0,0,0,4,1623.9131629396943,2016.7762660696944,912.1677645943888,1936.420994131,10,-0.8660254037844387,0.4999999999999999,0,0,1,5.483105661972222,7.606124750555556,4.780561090416667,3.215811578611111,18.61690110308333,19.85123305425,18.886623428750003,19.38619283925,231.00179334266667,176.83669021891663,232.31283958127776,1190.1841393934444,-3.071899002110996,261.0657812558891,1113.096950535889,737.814188171,840,840,1.3683506652085846,0.6275599149104365
A3,roll_02,persistence,2026-01-23 11:00:00+00:00,2026-01-23 12:00:00+00:00,0,1,2025-12-08T00:00:00+00:00,2026-01-19T00:00:00+00:00,2026-01-19T00:00:00+00:00,2026-01-26T00:00:00+00:00,1707.01032054225,1576.1195596841944,130.8907608580555,1,low,0,0.0,0,2,0,0,0,0,0,0,0,0,0,0,0,0,0,0,0,0,0,0,0,0,0,0,4,490.20504058097225,1936.420994131,979.6024800058332,1576.1195596841944,11,-0.9659258262890682,0.258819045102521,0,0,1,6.005421360722223,8.054131653722223,5.483105661972222,4.084419063944444,18.975925773527777,19.50173812611111,18.61690110308333,19.31657935863889,305.4964137123056,96.41320922194444,231.00179334266667,1082.5123078365275,-3.071899002110996,261.0657812558891,1113.096950535889,737.814188171,840,840,0.5131375671515532,0.8049633356585877
A3,roll_02,persistence,2026-01-23 12:00:00+00:00,2026-01-23 13:00:00+00:00,0,1,2025-12-08T00:00:00+00:00,2026-01-19T00:00:00+00:00,2026-01-19T00:00:00+00:00,2026-01-26T00:00:00+00:00,2214.146590013028,1707.01032054225,507.136269470778,1,low,0,0.0,0,2,0,0,0,0,0,0,0,0,0,0,0,0,0,0,0,0,0,0,0,0,0,0,4,1595.4900083538612,1576.1195596841944,926.4931066359444,1707.01032054225,12,-1.0,1.2246467991473532e-16,0,0,1,6.755185106222222,7.894125589972222,6.005421360722223,5.38599788475,18.9128849575,19.87244296738889,18.975925773527777,19.65373982686111,277.5941901626389,92.09759563077776,305.4964137123056,1175.6683752016668,-3.071899002110996,261.0657812558891,1113.096950535889,737.814188171,840,840,1.9543280088967228,1.4923129117462208
A3,roll_02,persistence,2026-01-23 13:00:00+00:00,2026-01-23 14:00:00+00:00,0,1,2025-12-08T00:00:00+00:00,2026-01-19T00:00:00+00:00,2026-01-19T00:00:00+00:00,2026-01-26T00:00:00+00:00,2195.8262186153333,2214.146590013028,-18.320371397694544,1,low,0,0.0,0,2,0,0,0,0,0,0,0,0,0,0,0,0,0,0,0,0,0,0,0,0,0,0,4,701.5758242305001,1707.01032054225,-104.81881332361114,2214.146590013028,13,-0.9659258262890684,-0.2588190451025208,0,0,1,6.862749878222222,8.179940411916666,6.755185106222222,6.27195117888889,22.81537184433333,19.473662514111112,18.9128849575,18.68513766694445,104.38236414708336,166.040840057,277.5941901626389,952.1943599062224,-3.071899002110996,261.0657812558891,1113.096950535889,737.814188171,840,840,0.05840854485880491,1.4674823084704696
A3,roll_02,persistence,2026-01-23 14:00:00+00:00,2026-01-23 15:00:00+00:00,0,1,2025-12-08T00:00:00+00:00,2026-01-19T00:00:00+00:00,2026-01-19T00:00:00+00:00,2026-01-26T00:00:00+00:00,2527.9803929520835,2195.8262186153333,332.1541743367502,1,low,0,0.0,0,2,0,0,0,0,0,0,0,0,0,0,0,0,0,0,0,0,0,0,0,0,0,0,4,1952.1323181944445,2214.146590013028,1036.759236264139,2195.8262186153333,14,-0.8660254037844388,-0.4999999999999997,0,0,1,5.7134238162777775,8.302941039805555,6.862749878222222,7.388014486055556,18.83056621691667,19.448341239055555,22.81537184433333,18.11838555286111,20.72892640275,27.528722678833333,104.38236414708336,761.2699456159722,-3.071899002110996,261.0657812558891,1113.096950535889,737.814188171,840,840,1.284067455053722,1.917669062347
A3,roll_02,persistence,2026-01-23 15:00:00+00:00,2026-01-23 16:00:00+00:00,0,1,2025-12-08T00:00:00+00:00,2026-01-19T00:00:00+00:00,2026-01-19T00:00:00+00:00,2026-01-26T00:00:00+00:00,2048.975809514583,2527.9803929520835,-479.0045834375005,1,night,0,0.0,0,2,0,0,0,0,0,0,0,0,0,0,0,0,0,0,0,0,0,0,0,0,0,0,4,573.8755752583612,2195.8262186153333,1095.6600237501943,2527.9803929520835,15,-0.7071067811865479,-0.7071067811865471,0,0,1,5.713572192777778,8.416783751555556,5.7134238162777775,6.172030068638889,18.771297444972223,18.75333884008333,18.83056621691667,17.8214131055,0.0,0.0,20.72892640275,67.57647916191668,-3.071899002110996,261.0657812558891,1113.096950535889,737.814188171,840,840,1.8230374051545812,1.2684479019015416
A3,roll_02,persistence,2026-01-23 16:00:00+00:00,2026-01-23 17:00:00+00:00,0,1,2025-12-08T00:00:00+00:00,2026-01-19T00:00:00+00:00,2026-01-19T00:00:00+00:00,2026-01-26T00:00:00+00:00,1253.307754251361,2048.975809514583,-795.668055263222,0,night,0,0.0,0,2,0,0,0,0,0,0,0,0,0,0,0,0,0,0,0,0,0,0,0,0,0,0,4,1748.7442167502777,2527.9803929520835,2940.7578966023334,2048.975809514583,16,-0.5000000000000004,-0.8660254037844385,0,0,1,5.802371368194444,8.520774253777779,5.713572192777778,3.513001024222222,18.720766871444443,20.16664298611111,18.771297444972223,17.972978045416667,0.0,0.0,0.0,0.0,-3.071899002110996,261.0657812558891,1113.096950535889,737.814188171,840,840,3.0360017021312773,0.19003538555289493
A3,roll_02,persistence,2026-01-23 17:00:00+00:00,2026-01-23 18:00:00+00:00,0,1,2025-12-08T00:00:00+00:00,2026-01-19T00:00:00+00:00,2026-01-19T00:00:00+00:00,2026-01-26T00:00:00+00:00,2022.5164028016115,1253.307754251361,769.2086485502505,0,night,0,0.0,0,2,0,0,0,0,0,0,0,0,0,0,0,0,0,0,0,0,0,0,0,0,0,0,4,1779.3662909536945,2048.975809514583,1509.757366554472,1253.307754251361,17,-0.2588190451025206,-0.9659258262890684,0,0,1,5.091072229027778,8.07320388525,5.802371368194444,2.803270102555556,17.994156679944442,19.575921534027778,18.720766871444443,18.275116791861112,0.0,0.0,0.0,0.0,-3.071899002110996,261.0657812558891,1113.096950535889,737.814188171,840,840,2.9581837337594026,1.2325860180598078
A3,roll_02,persistence,2026-01-23 18:00:00+00:00,2026-01-23 19:00:00+00:00,0,1,2025-12-08T00:00:00+00:00,2026-01-19T00:00:00+00:00,2026-01-19T00:00:00+00:00,2026-01-26T00:00:00+00:00,1067.3991769345832,2022.5164028016115,-955.1172258670284,0,night,0,0.0,0,1,0,0,0,0,0,0,0,0,0,0,0,0,0,0,0,0,0,0,0,0,0,0,4,1926.1523590546667,1253.307754251361,1902.4201895734168,2022.5164028016115,18,-1.8369701987210287e-16,-1.0,0,0,1,4.711612085277777,7.896998074444444,5.091072229027778,2.0540354806944445,18.35074025972222,18.97882240377778,17.994156679944442,18.52226880861112,0.0,0.0,0.0,0.0,-3.071899002110996,261.0657812558891,1113.096950535889,737.814188171,840,840,3.6467641308063667,0.061936696710303066
A3,roll_02,persistence,2026-01-23 19:00:00+00:00,2026-01-23 20:00:00+00:00,0,1,2025-12-08T00:00:00+00:00,2026-01-19T00:00:00+00:00,2026-01-19T00:00:00+00:00,2026-01-26T00:00:00+00:00,1046.436184157472,1067.3991769345832,-20.96299277711114,0,night,0,0.0,0,1,0,0,0,0,0,0,0,0,0,0,0,0,0,0,0,0,0,0,0,0,0,0,4,3573.4096695315,2022.5164028016115,1073.8756977925275,1067.3991769345832,19,0.2588190451025203,-0.9659258262890684,0,0,1,3.980250340583333,7.825703813444444,4.711612085277777,1.7490800439444445,17.935994839722223,18.995995310777776,18.35074025972222,18.13564327775,0.0,0.0,0.0,0.0,-3.071899002110996,261.0657812558891,1113.096950535889,737.814188171,840,840,0.06853097977426545,0.09034898955205123
A3,roll_02,persistence,2026-01-23 20:00:00+00:00,2026-01-23 21:00:00+00:00,0,1,2025-12-08T00:00:00+00:00,2026-01-19T00:00:00+00:00,2026-01-19T00:00:00+00:00,2026-01-26T00:00:00+00:00,602.2876708927778,1046.436184157472,-444.1485132646943,0,night,0,0.0,0,1,0,0,0,0,0,0,0,0,0,0,0,0,0,0,0,0,0,0,0,0,0,0,4,2754.500442691028,1067.3991769345832,1112.6407676563056,1046.436184157472,20,0.5000000000000001,-0.8660254037844386,0,0,1,3.866209152527778,7.709597783944445,3.980250340583333,1.6065832648333334,17.69838866127778,18.76334915180556,17.935994839722223,18.311032115555555,0.0,0.0,0.0,0.0,-3.071899002110996,261.0657812558891,1113.096950535889,737.814188171,840,840,1.689522893964617,0.6923278080479568
A3,roll_02,persistence,2026-01-23 21:00:00+00:00,2026-01-23 22:00:00+00:00,0,1,2025-12-08T00:00:00+00:00,2026-01-19T00:00:00+00:00,2026-01-19T00:00:00+00:00,2026-01-26T00:00:00+00:00,492.5538403097778,602.2876708927778,-109.733830583,0,night,0,0.0,0,1,0,0,0,0,0,0,0,0,0,0,0,0,0,0,0,0,0,0,0,0,0,0,4,2483.442940576528,1046.436184157472,565.8491807108888,602.2876708927778,21,0.7071067811865474,-0.7071067811865477,0,0,1,3.869637564888889,7.793732041944445,3.866209152527778,1.2826967101944444,18.29812389511111,19.09072242922222,17.69838866127778,17.99547290261111,0.0,0.0,0.0,0.0,-3.071899002110996,261.0657812558891,1113.096950535889,737.814188171,840,840,0.40856343205064505,0.8410560818360009
A3,roll_02,persistence,2026-01-23 22:00:00+00:00,2026-01-23 23:00:00+00:00,0,1,2025-12-08T00:00:00+00:00,2026-01-19T00:00:00+00:00,2026-01-19T00:00:00+00:00,2026-01-26T00:00:00+00:00,435.2853666092778,492.5538403097778,-57.26847370050001,0,night,0,0.0,0,1,0,0,0,0,0,0,0,0,0,0,0,0,0,0,0,0,0,0,0,0,0,0,4,2471.681181403111,602.2876708927778,473.87890895927785,492.5538403097778,22,0.8660254037844384,-0.5000000000000004,0,0,1,3.9082464093888887,7.769939707083334,3.869637564888889,1.3345326389722223,18.156249321388888,18.72444743175,18.29812389511111,18.07674242205556,0.0,0.0,0.0,0.0,-3.071899002110996,261.0657812558891,1113.096950535889,737.814188171,840,840,0.2075973895838425,0.9186751824424358
A3,roll_02,persistence,2026-01-23 23:00:00+00:00,2026-01-24 00:00:00+00:00,0,1,2025-12-08T00:00:00+00:00,2026-01-19T00:00:00+00:00,2026-01-19T00:00:00+00:00,2026-01-26T00:00:00+00:00,405.1807272819444,435.2853666092778,-30.10463932733336,0,night,0,0.0,0,1,0,0,0,0,0,0,0,0,0,0,0,0,0,0,0,0,0,0,0,0,0,0,4,2428.759211638084,492.5538403097778,367.6513029880277,435.2853666092778,23,0.965925826289068,-0.2588190451025215,0,0,1,3.962953027722222,7.651671525194445,3.9082464093888887,1.6309106950555554,18.266909694166667,18.786308081027776,18.156249321388888,18.345077110444443,0.0,0.0,0.0,0.0,-3.071899002110996,261.0657812558891,1113.096950535889,737.814188171,840,840,0.10354762004877865,0.9594776497980192
A3,roll_02,persistence,2026-01-24 00:00:00+00:00,2026-01-24 01:00:00+00:00,0,1,2025-12-08T00:00:00+00:00,2026-01-19T00:00:00+00:00,2026-01-19T00:00:00+00:00,2026-01-26T00:00:00+00:00,403.1378216736112,405.1807272819444,-2.0429056083332284,0,night,0,0.0,0,1,0,0,0,0,0,0,0,0,0,0,0,0,0,0,0,0,0,0,0,0,0,0,5,2422.2099434294164,435.2853666092778,367.96108710394446,405.1807272819444,0,1.0,0.0,0,1,1,3.7605419066388888,7.438261246666666,3.962953027722222,1.3322522275277775,18.3607900945,19.11630246361111,18.266909694166667,18.412130332527777,0.0,0.0,0.0,0.0,-3.071899002110996,261.0657812558891,1113.096950535889,737.814188171,840,840,0.003941510024131344,0.9622465117162178
A3,roll_02,persistence,2026-01-24 01:00:00+00:00,2026-01-24 02:00:00+00:00,0,1,2025-12-08T00:00:00+00:00,2026-01-19T00:00:00+00:00,2026-01-19T00:00:00+00:00,2026-01-26T00:00:00+00:00,404.9479621853611,403.1378216736112,1.8101405117499207,0,night,0,0.0,0,1,0,0,0,0,0,0,0,0,0,0,0,0,0,0,0,0,0,0,0,0,0,0,5,2419.0737715843334,405.1807272819444,369.3633806425278,403.1378216736112,1,0.9659258262890684,0.2588190451025207,0,1,1,3.594426555777778,7.284376046305557,3.7605419066388888,1.58879370875,18.35504471088889,19.46177759227778,18.3607900945,18.522961206138888,0.0,0.0,0.0,0.0,-3.071899002110996,261.0657812558891,1113.096950535889,737.814188171,840,840,0.01870041906823355,0.9597931290884897
A3,roll_02,persistence,2026-01-24 02:00:00+00:00,2026-01-24 03:00:00+00:00,0,1,2025-12-08T00:00:00+00:00,2026-01-19T00:00:00+00:00,2026-01-19T00:00:00+00:00,2026-01-26T00:00:00+00:00,402.6522398849167,404.9479621853611,-2.2957223004444245,0,night,0,0.0,0,1,0,0,0,0,0,0,0,0,0,0,0,0,0,0,0,0,0,0,0,0,0,0,5,2397.090425719361,403.1378216736112,364.6717208964722,404.9479621853611,2,0.8660254037844387,0.4999999999999999,0,1,1,3.4606973831944443,7.356306431222222,3.594426555777778,2.072341584194444,18.292189759527776,19.223714178972223,18.35504471088889,18.394230225944444,0.0,0.0,0.0,0.0,-3.071899002110996,261.0657812558891,1113.096950535889,737.814188171,840,840,0.0029731077659150805,0.9629046473233658
A3,roll_02,persistence,2026-01-24 03:00:00+00:00,2026-01-24 04:00:00+00:00,0,1,2025-12-08T00:00:00+00:00,2026-01-19T00:00:00+00:00,2026-01-19T00:00:00+00:00,2026-01-26T00:00:00+00:00,989.5879204678332,402.6522398849167,586.9356805829166,0,night,0,0.0,0,1,0,0,0,0,0,0,0,0,0,0,0,0,0,0,0,0,0,0,0,0,0,0,5,2408.5668939863613,404.9479621853611,368.5853674459444,402.6522398849167,3,0.7071067811865476,0.7071067811865476,0,1,1,3.4151579152222222,7.399717572,3.4606973831944443,2.1618301728333336,18.273110989944445,19.45567031075,18.292189759527776,18.33168606486112,0.0,0.0,0.0,0.0,-3.071899002110996,261.0657812558891,1113.096950535889,737.814188171,840,840,2.2599958399248017,0.16739855650408092
A3,roll_02,persistence,2026-01-24 04:00:00+00:00,2026-01-24 05:00:00+00:00,0,1,2025-12-08T00:00:00+00:00,2026-01-19T00:00:00+00:00,2026-01-19T00:00:00+00:00,2026-01-26T00:00:00+00:00,1683.9951601766388,989.5879204678332,694.4072397088056,0,night,0,0.0,0,1,0,0,0,0,0,0,0,0,0,0,0,0,0,0,0,0,0,0,0,0,0,0,5,2987.1550890425,402.6522398849167,1077.5376334153334,989.5879204678332,4,0.5000000000000001,0.8660254037844386,0,1,1,3.746956920472222,7.292532967416666,3.4151579152222222,2.4079966898333334,18.763885850944444,19.50167555113889,18.273110989944445,18.65893950025,0.0,0.0,0.0,0.0,-3.071899002110996,261.0657812558891,1113.096950535889,737.814188171,840,840,2.6716605115982928,0.7737696276293826
A3,roll_02,persistence,2026-01-24 05:00:00+00:00,2026-01-24 06:00:00+00:00,0,1,2025-12-08T00:00:00+00:00,2026-01-19T00:00:00+00:00,2026-01-19T00:00:00+00:00,2026-01-26T00:00:00+00:00,1902.018428271,1683.9951601766388,218.02326809436116,0,night,0,0.0,0,1,0,0,0,0,0,0,0,0,0,0,0,0,0,0,0,0,0,0,0,0,0,0,5,3319.657065773777,989.5879204678332,2595.650702010778,1683.9951601766388,5,0.2588190451025207,0.9659258262890684,0,1,1,3.807682473638889,7.177631668333333,3.746956920472222,2.3870737601111114,18.95802324902778,19.9944225565,18.763885850944444,18.58098035247222,0.0,0.0,0.0,0.0,-3.071899002110996,261.0657812558891,1113.096950535889,737.814188171,840,840,0.8468944724692246,1.0692685101255686
A3,roll_02,persistence,2026-01-24 06:00:00+00:00,2026-01-24 07:00:00+00:00,0,1,2025-12-08T00:00:00+00:00,2026-01-19T00:00:00+00:00,2026-01-19T00:00:00+00:00,2026-01-26T00:00:00+00:00,2166.76233965375,1902.018428271,264.7439113827502,0,night,0,0.0,0,1,0,0,0,0,0,0,0,0,0,0,0,0,0,0,0,0,0,0,0,0,0,0,5,2391.335260368139,1683.9951601766388,2229.0674939791948,1902.018428271,6,6.123233995736766e-17,1.0,0,1,1,3.9873673924166666,7.25766445075,3.807682473638889,2.86016758225,18.70620324358333,19.974863173472222,18.95802324902778,18.59333267108333,0.0,0.0,0.0,0.0,-3.071899002110996,261.0657812558891,1113.096950535889,737.814188171,840,840,1.0258556640265155,1.4280904406702162
A3,roll_02,persistence,2026-01-24 07:00:00+00:00,2026-01-24 08:00:00+00:00,0,1,2025-12-08T00:00:00+00:00,2026-01-19T00:00:00+00:00,2026-01-19T00:00:00+00:00,2026-01-26T00:00:00+00:00,2056.1787956731946,2166.76233965375,-110.58354398055552,1,night,0,0.0,0,1,0,0,0,0,0,0,0,0,0,0,0,0,0,0,0,0,0,0,0,0,0,0,5,2341.329542084556,1902.018428271,1956.5605310417773,2166.76233965375,7,-0.2588190451025206,0.9659258262890684,0,1,1,4.151625831166666,7.383881055833334,3.9873673924166666,2.925855649944445,18.29483151783333,19.685817555194443,18.70620324358333,18.58286181677777,0.0,0.0,0.0,13.610436851555557,-3.071899002110996,261.0657812558891,1113.096950535889,737.814188171,840,840,0.4118182186161914,1.2782105037518359
A3,roll_02,persistence,2026-01-24 08:00:00+00:00,2026-01-24 09:00:00+00:00,0,1,2025-12-08T00:00:00+00:00,2026-01-19T00:00:00+00:00,2026-01-19T00:00:00+00:00,2026-01-26T00:00:00+00:00,2110.409867789389,2056.1787956731946,54.23107211619436,1,night,0,0.0,0,1,0,0,0,0,0,0,0,0,0,0,0,0,0,0,0,0,0,0,0,0,0,0,5,2591.676535681584,2166.76233965375,1820.3555307953327,2056.1787956731946,8,-0.4999999999999998,0.8660254037844387,0,1,1,4.314655074888889,8.121707604333332,4.151625831166666,3.784128624555555,17.905425590777778,18.96465682683333,18.29483151783333,18.901513842444444,0.0,28.95708092888889,0.0,145.74993311175,-3.071899002110996,261.0657812558891,1113.096950535889,737.814188171,840,840,0.21949629263031853,1.351712847547406
A3,roll_02,persistence,2026-01-24 09:00:00+00:00,2026-01-24 10:00:00+00:00,0,1,2025-12-08T00:00:00+00:00,2026-01-19T00:00:00+00:00,2026-01-19T00:00:00+00:00,2026-01-26T00:00:00+00:00,3130.832139515,2110.409867789389,1020.4222717256112,1,low,0,0.0,0,1,0,0,0,0,0,0,0,0,0,0,0,0,0,0,0,0,0,0,0,0,0,0,5,876.2151453261389,2056.1787956731946,2016.7762660696944,2110.409867789389,9,-0.7071067811865475,0.7071067811865476,0,1,1,4.542731538305556,8.751546623111112,4.314655074888889,4.780561090416667,18.436193536916665,19.20686476825,17.905425590777778,18.886623428750003,114.76844990783331,108.89878298597222,0.0,232.31283958127776,-3.071899002110996,261.0657812558891,1113.096950535889,737.814188171,840,840,3.920445513020042,2.734747069558209
A3,roll_02,persistence,2026-01-24 10:00:00+00:00,2026-01-24 11:00:00+00:00,0,1,2025-12-08T00:00:00+00:00,2026-01-19T00:00:00+00:00,2026-01-19T00:00:00+00:00,2026-01-26T00:00:00+00:00,385.99203080291664,3130.832139515,-2744.8401087120837,1,med,0,0.0,0,2,0,0,0,0,0,0,0,0,0,0,0,0,0,0,0,0,0,0,0,0,0,0,5,1362.1403257086388,2110.409867789389,1936.420994131,3130.832139515,10,-0.8660254037844387,0.4999999999999999,0,1,1,5.048194792888889,9.078067266305556,4.542731538305556,5.483105661972222,18.769674477888888,19.716803649722223,18.436193536916665,18.61690110308333,411.0483259695556,221.86114629477777,114.76844990783331,231.00179334266667,-3.071899002110996,261.0657812558891,1113.096950535889,737.814188171,840,840,10.502212111140569,0.9854851416390145
A3,roll_02,persistence,2026-01-24 11:00:00+00:00,2026-01-24 12:00:00+00:00,0,1,2025-12-08T00:00:00+00:00,2026-01-19T00:00:00+00:00,2026-01-19T00:00:00+00:00,2026-01-26T00:00:00+00:00,1016.1453970060834,385.99203080291664,630.1533662031668,1,high,0,0.0,0,2,0,0,0,0,0,0,0,0,0,0,0,0,0,0,0,0,0,0,0,0,0,0,5,851.023270576111,3130.832139515,1576.1195596841944,385.99203080291664,11,-0.9659258262890682,0.258819045102521,0,1,1,6.944681730611111,9.67168500638889,5.048194792888889,6.005421360722223,19.6631947345,18.94777081475,18.769674477888888,18.975925773527777,1596.5776119012498,186.94326531838888,411.0483259695556,305.4964137123056,-3.071899002110996,261.0657812558891,1113.096950535889,737.814188171,840,840,2.4255391195240894,0.1314037532541127
A3,roll_02,persistence,2026-01-24 12:00:00+00:00,2026-01-24 13:00:00+00:00,0,1,2025-12-08T00:00:00+00:00,2026-01-19T00:00:00+00:00,2026-01-19T00:00:00+00:00,2026-01-26T00:00:00+00:00,1064.5741736199725,1016.1453970060834,48.42877661388911,1,low,0,0.0,0,2,0,0,0,0,0,0,0,0,0,0,0,0,0,0,0,0,0,0,0,0,0,0,5,375.1866214471667,385.99203080291664,1707.01032054225,1016.1453970060834,12,-1.0,1.2246467991473532e-16,0,1,1,8.35612550725,10.057301476,6.944681730611111,6.755185106222222,18.378112199194447,18.284649789444444,19.6631947345,18.9128849575,407.66865748083336,275.0773129497222,1596.5776119012498,277.5941901626389,-3.071899002110996,261.0657812558891,1113.096950535889,737.814188171,840,840,0.19727087697303633,0.06576557850724135
A3,roll_02,persistence,2026-01-24 13:00:00+00:00,2026-01-24 14:00:00+00:00,0,1,2025-12-08T00:00:00+00:00,2026-01-19T00:00:00+00:00,2026-01-19T00:00:00+00:00,2026-01-26T00:00:00+00:00,1858.781012173056,1064.5741736199725,794.2068385530836,1,low,0,0.0,0,2,0,0,0,0,0,0,0,0,0,0,0,0,0,0,0,0,0,0,0,0,0,0,5,1125.2122855051666,1016.1453970060834,2214.146590013028,1064.5741736199725,13,-0.9659258262890684,-0.2588190451025208,0,1,1,6.657871230416667,10.579499319583332,8.35612550725,6.862749878222222,18.062944556944444,18.457303344916667,18.378112199194447,22.81537184433333,88.28240024077779,287.2499787669167,407.66865748083336,104.38236414708336,-3.071899002110996,261.0657812558891,1113.096950535889,737.814188171,840,840,3.05393810601982,1.010666470762342
A3,roll_02,persistence,2026-01-24 14:00:00+00:00,2026-01-24 15:00:00+00:00,0,1,2025-12-08T00:00:00+00:00,2026-01-19T00:00:00+00:00,2026-01-19T00:00:00+00:00,2026-01-26T00:00:00+00:00,1831.2616717653889,1858.781012173056,-27.519340407667187,1,night,0,0.0,0,2,0,0,0,0,0,0,0,0,0,0,0,0,0,0,0,0,0,0,0,0,0,0,5,553.7227735364166,1064.5741736199725,2195.8262186153333,1858.781012173056,14,-0.8660254037844388,-0.4999999999999997,0,1,1,6.097375211722222,10.797755711305555,6.657871230416667,5.7134238162777775,18.00922708483333,18.117300213361112,18.062944556944444,18.83056621691667,0.0,116.70239646572225,88.28240024077779,20.72892640275,-3.071899002110996,261.0657812558891,1113.096950535889,737.814188171,840,840,0.0936447560762225,0.9733680007018977
A3,roll_02,persistence,2026-01-24 15:00:00+00:00,2026-01-24 16:00:00+00:00,0,1,2025-12-08T00:00:00+00:00,2026-01-19T00:00:00+00:00,2026-01-19T00:00:00+00:00,2026-01-26T00:00:00+00:00,1060.0596002008333,1831.2616717653889,-771.2020715645556,1,night,0,0.0,0,2,0,0,0,0,0,0,0,0,0,0,0,0,0,0,0,0,0,0,0,0,0,0,5,893.3163181295832,1858.781012173056,2527.9803929520835,1831.2616717653889,15,-0.7071067811865479,-0.7071067811865471,0,1,1,6.071665185777778,10.387558755972222,6.097375211722222,5.713572192777778,17.677323049111113,17.90237331016667,18.00922708483333,18.771297444972223,0.0,0.0,0.0,0.0,-3.071899002110996,261.0657812558891,1113.096950535889,737.814188171,840,840,2.942285920687345,0.07188442725197824
A3,roll_02,persistence,2026-01-24 16:00:00+00:00,2026-01-24 17:00:00+00:00,0,1,2025-12-08T00:00:00+00:00,2026-01-19T00:00:00+00:00,2026-01-19T00:00:00+00:00,2026-01-26T00:00:00+00:00,992.9213029867224,1060.0596002008333,-67.13829721411093,0,night,0,0.0,0,2,0,0,0,0,0,0,0,0,0,0,0,0,0,0,0,0,0,0,0,0,0,0,5,1082.6851535658332,1831.2616717653889,2048.975809514583,1060.0596002008333,16,-0.5000000000000004,-0.8660254037844385,0,1,1,6.566483526611111,9.67754631263889,6.071665185777778,5.802371368194444,17.72403060438889,17.86029653872222,17.677323049111113,18.720766871444443,0.0,0.0,0.0,0.0,-3.071899002110996,261.0657812558891,1113.096950535889,737.814188171,840,840,0.24540327692047822,0.16288064051339982
A3,roll_02,persistence,2026-01-24 17:00:00+00:00,2026-01-24 18:00:00+00:00,0,1,2025-12-08T00:00:00+00:00,2026-01-19T00:00:00+00:00,2026-01-19T00:00:00+00:00,2026-01-26T00:00:00+00:00,1541.1415699855834,992.9213029867224,548.220266998861,0,night,0,0.0,0,2,0,0,0,0,0,0,0,0,0,0,0,0,0,0,0,0,0,0,0,0,0,0,5,1215.7402370096668,1060.0596002008333,1253.307754251361,992.9213029867224,17,-0.2588190451025206,-0.9659258262890684,0,1,1,6.089130444527778,9.022818305222222,6.566483526611111,5.091072229027778,17.830043843416664,17.726130486833334,17.72403060438889,17.994156679944442,0.0,0.0,0.0,0.0,-3.071899002110996,261.0657812558891,1113.096950535889,737.814188171,840,840,2.1116982982178407,0.580152328746609
A3,roll_02,persistence,2026-01-24 18:00:00+00:00,2026-01-24 19:00:00+00:00,0,1,2025-12-08T00:00:00+00:00,2026-01-19T00:00:00+00:00,2026-01-19T00:00:00+00:00,2026-01-26T00:00:00+00:00,1286.9006860100278,1541.1415699855834,-254.2408839755556,0,night,0,0.0,0,2,0,0,0,0,0,0,0,0,0,0,0,0,0,0,0,0,0,0,0,0,0,0,5,1466.154889960333,992.9213029867224,2022.5164028016115,1541.1415699855834,18,-1.8369701987210287e-16,-1.0,0,1,1,5.9999975540833335,8.533988555638889,6.089130444527778,4.711612085277777,18.11549999886111,18.27429377288889,17.830043843416664,18.35074025972222,0.0,0.0,0.0,0.0,-3.071899002110996,261.0657812558891,1113.096950535889,737.814188171,840,840,0.9620907947612486,0.23556572679225457
A3,roll_02,persistence,2026-01-24 19:00:00+00:00,2026-01-24 20:00:00+00:00,0,1,2025-12-08T00:00:00+00:00,2026-01-19T00:00:00+00:00,2026-01-19T00:00:00+00:00,2026-01-26T00:00:00+00:00,640.4533153681945,1286.9006860100278,-646.4473706418333,0,night,0,0.0,0,2,0,0,0,0,0,0,0,0,0,0,0,0,0,0,0,0,0,0,0,0,0,0,5,1078.6994199493888,1541.1415699855834,1067.3991769345832,1286.9006860100278,19,0.2588190451025203,-0.9659258262890684,0,1,1,5.77926593825,8.775346688416667,5.9999975540833335,3.980250340583333,18.36445310694444,17.871975217472222,18.11549999886111,17.935994839722223,0.0,0.0,0.0,0.0,-3.071899002110996,261.0657812558891,1113.096950535889,737.814188171,840,840,2.4644190002408033,0.6405998186878888
A3,roll_02,persistence,2026-01-24 20:00:00+00:00,2026-01-24 21:00:00+00:00,0,1,2025-12-08T00:00:00+00:00,2026-01-19T00:00:00+00:00,2026-01-19T00:00:00+00:00,2026-01-26T00:00:00+00:00,584.3161862229999,640.4533153681945,-56.137129145194535,0,night,0,0.0,0,2,0,0,0,0,0,0,0,0,0,0,0,0,0,0,0,0,0,0,0,0,0,0,5,1284.7492482649168,1286.9006860100278,1046.436184157472,640.4533153681945,20,0.5000000000000001,-0.8660254037844386,0,1,1,5.683189338277778,8.43526500263889,5.77926593825,3.866209152527778,17.952829869138892,17.86802317861111,18.36445310694444,17.69838866127778,0.0,0.0,0.0,0.0,-3.071899002110996,261.0657812558891,1113.096950535889,737.814188171,840,840,0.2032638283263579,0.7166855460230535
A3,roll_02,persistence,2026-01-24 21:00:00+00:00,2026-01-24 22:00:00+00:00,0,1,2025-12-08T00:00:00+00:00,2026-01-19T00:00:00+00:00,2026-01-19T00:00:00+00:00,2026-01-26T00:00:00+00:00,518.3547093412777,584.3161862229999,-65.9614768817222,0,night,0,0.0,0,2,0,0,0,0,0,0,0,0,0,0,0,0,0,0,0,0,0,0,0,0,0,0,5,851.6801286406111,640.4533153681945,602.2876708927778,584.3161862229999,21,0.7071067811865474,-0.7071067811865477,0,1,1,5.649819748388889,8.414438040527779,5.683189338277778,3.869637564888889,17.865298132333333,18.094013431972225,17.952829869138892,18.29812389511111,0.0,0.0,0.0,0.0,-3.071899002110996,261.0657812558891,1113.096950535889,737.814188171,840,840,0.2408955228719488,0.8060867502005402
A3,roll_02,persistence,2026-01-24 22:00:00+00:00,2026-01-24 23:00:00+00:00,0,1,2025-12-08T00:00:00+00:00,2026-01-19T00:00:00+00:00,2026-01-19T00:00:00+00:00,2026-01-26T00:00:00+00:00,430.99813492583326,518.3547093412777,-87.35657441544447,0,night,0,0.0,0,2,0,1,1,0,7,0,0,0,1,0,1,0,1,0,0,0,1,0,0,0,0,0,5,661.5588102037779,584.3161862229999,492.5538403097778,518.3547093412777,22,0.8660254037844384,-0.5000000000000004,0,1,1,5.809892205944444,8.306586765694446,5.649819748388889,3.9082464093888887,18.060589775333334,18.379163208138888,17.865298132333333,18.156249321388888,0.0,0.0,0.0,0.0,-3.071899002110996,261.0657812558891,1113.096950535889,737.814188171,840,840,0.32284842160420896,0.9244859024749043
A3,roll_02,persistence,2026-01-24 23:00:00+00:00,2026-01-25 00:00:00+00:00,0,1,2025-12-08T00:00:00+00:00,2026-01-19T00:00:00+00:00,2026-01-19T00:00:00+00:00,2026-01-26T00:00:00+00:00,377.7188413770555,430.99813492583326,-53.27929354877773,0,night,0,0.0,0,2,0,1,1,0,7,0,0,0,1,0,1,0,1,0,0,0,1,0,0,0,0,0,5,356.0791067192222,518.3547093412777,435.2853666092778,430.99813492583326,23,0.965925826289068,-0.2588190451025215,0,1,1,5.70738836675,8.489515895694444,5.809892205944444,3.962953027722222,18.156869020583333,18.27030471461111,18.060589775333334,18.266909694166667,0.0,0.0,0.0,0.0,-3.071899002110996,261.0657812558891,1113.096950535889,737.814188171,840,840,0.19231702563674902,0.9966982486224542
A3,roll_02,persistence,2026-01-25 00:00:00+00:00,2026-01-25 01:00:00+00:00,0,1,2025-12-08T00:00:00+00:00,2026-01-19T00:00:00+00:00,2026-01-19T00:00:00+00:00,2026-01-26T00:00:00+00:00,364.4423996903056,377.7188413770555,-13.276441686749934,0,night,0,0.0,0,2,0,1,1,0,7,0,0,0,1,0,1,0,1,0,0,0,1,0,0,0,0,0,6,409.1542958934167,430.99813492583326,405.1807272819444,377.7188413770555,0,1.0,0.0,0,1,1,5.6147730122777775,8.267303430916668,5.70738836675,3.7605419066388888,18.11037431958333,18.507601477416667,18.156869020583333,18.3607900945,0.0,0.0,0.0,0.0,-3.071899002110996,261.0657812558891,1113.096950535889,737.814188171,840,840,0.03908801312661019,1.014692537563497
A3,roll_02,persistence,2026-01-25 01:00:00+00:00,2026-01-25 02:00:00+00:00,0,1,2025-12-08T00:00:00+00:00,2026-01-19T00:00:00+00:00,2026-01-19T00:00:00+00:00,2026-01-26T00:00:00+00:00,384.5271624152222,364.4423996903056,20.08476272491663,0,night,0,0.0,0,2,0,1,1,0,7,0,0,0,1,0,1,0,1,0,0,0,1,0,0,0,0,0,6,386.80348134525,377.7188413770555,403.1378216736112,364.4423996903056,1,0.9659258262890684,0.2588190451025207,0,1,1,5.886597346611112,7.88579561025,5.6147730122777775,3.594426555777778,18.483736475527778,18.516888744472222,18.11037431958333,18.35504471088889,0.0,0.0,0.0,0.0,-3.071899002110996,261.0657812558891,1113.096950535889,737.814188171,840,840,0.08870048619788336,0.9874705580367741
A3,roll_02,persistence,2026-01-25 02:00:00+00:00,2026-01-25 03:00:00+00:00,0,1,2025-12-08T00:00:00+00:00,2026-01-19T00:00:00+00:00,2026-01-19T00:00:00+00:00,2026-01-26T00:00:00+00:00,395.30640441158334,384.5271624152222,10.779241996361122,0,night,0,0.0,0,2,0,1,1,0,7,0,0,0,1,0,1,0,1,0,0,0,1,0,0,0,0,0,6,363.9506782922222,364.4423996903056,404.9479621853611,384.5271624152222,2,0.8660254037844387,0.4999999999999999,0,1,1,5.938280689361111,7.295793718,5.886597346611112,3.4606973831944443,18.49985763155556,18.505587359111114,18.483736475527778,18.292189759527776,0.0,0.0,0.0,0.0,-3.071899002110996,261.0657812558891,1113.096950535889,737.814188171,840,840,0.05305613371403751,0.9728608606777651
A3,roll_02,persistence,2026-01-25 03:00:00+00:00,2026-01-25 04:00:00+00:00,0,1,2025-12-08T00:00:00+00:00,2026-01-19T00:00:00+00:00,2026-01-19T00:00:00+00:00,2026-01-26T00:00:00+00:00,963.782436518,395.30640441158334,568.4760321064167,0,night,0,0.0,0,2,0,1,1,0,7,0,0,0,1,0,1,0,1,0,0,0,1,0,0,0,0,0,6,366.92154284288887,384.5271624152222,402.6522398849167,395.30640441158334,3,0.7071067811865476,0.7071067811865476,0,1,1,5.830688939638889,7.380389324388889,5.938280689361111,3.4151579152222222,18.36806043725,18.40949500677777,18.49985763155556,18.273110989944445,0.0,0.0,0.0,0.0,-3.071899002110996,261.0657812558891,1113.096950535889,737.814188171,840,840,2.189287038534985,0.20237414299124715
A3,roll_02,persistence,2026-01-25 04:00:00+00:00,2026-01-25 05:00:00+00:00,0,1,2025-12-08T00:00:00+00:00,2026-01-19T00:00:00+00:00,2026-01-19T00:00:00+00:00,2026-01-26T00:00:00+00:00,1696.815230154389,963.782436518,733.0327936363889,0,night,0,0.0,0,2,0,1,1,0,7,0,0,0,0,1,1,0,1,0,0,0,1,0,0,0,0,0,6,919.6470143296112,395.30640441158334,989.5879204678332,963.782436518,4,0.5000000000000001,0.8660254037844386,0,1,1,5.175912236194445,7.759706802277777,5.830688939638889,3.746956920472222,18.4531641925,18.565049183638887,18.36806043725,18.763885850944444,0.0,0.0,0.0,0.0,-3.071899002110996,261.0657812558891,1113.096950535889,737.814188171,840,840,2.819613850185105,0.7911453709849425
A3,roll_02,persistence,2026-01-25 05:00:00+00:00,2026-01-25 06:00:00+00:00,0,1,2025-12-08T00:00:00+00:00,2026-01-19T00:00:00+00:00,2026-01-19T00:00:00+00:00,2026-01-26T00:00:00+00:00,1659.7306816588614,1696.815230154389,-37.08454849552754,0,night,0,0.0,0,1,0,0,0,0,0,0,0,0,0,0,0,0,0,0,0,0,0,0,0,0,0,0,6,1696.4327096815832,963.782436518,1683.9951601766388,1696.815230154389,5,0.2588190451025207,0.9659258262890684,0,1,1,4.974422407805555,7.824388876305555,5.175912236194445,3.807682473638889,18.711754044777777,19.000532856916667,18.4531641925,18.95802324902778,0.0,0.0,0.0,0.0,-3.071899002110996,261.0657812558891,1113.096950535889,737.814188171,840,840,0.13028382858065315,0.7408826502483598
A3,roll_02,persistence,2026-01-25 06:00:00+00:00,2026-01-25 07:00:00+00:00,0,1,2025-12-08T00:00:00+00:00,2026-01-19T00:00:00+00:00,2026-01-19T00:00:00+00:00,2026-01-26T00:00:00+00:00,2231.1363579284443,1659.7306816588614,571.405676269583,0,night,0,0.0,0,1,0,0,0,0,0,0,0,0,0,0,0,0,0,0,0,0,0,0,0,0,0,0,6,1787.8514459331388,1696.815230154389,1902.018428271,1659.7306816588614,6,6.123233995736766e-17,1.0,0,1,1,4.992939964055556,7.870841315861111,4.974422407805555,3.9873673924166666,18.560369708916667,19.028892910777778,18.711754044777777,18.70620324358333,0.0,0.0,0.0,0.0,-3.071899002110996,261.0657812558891,1113.096950535889,737.814188171,840,840,2.2005089005081357,1.5153400752079769
A3,roll_02,persistence,2026-01-25 07:00:00+00:00,2026-01-25 08:00:00+00:00,0,1,2025-12-08T00:00:00+00:00,2026-01-19T00:00:00+00:00,2026-01-19T00:00:00+00:00,2026-01-26T00:00:00+00:00,2238.324116505972,2231.1363579284443,7.187758577527802,1,night,0,0.0,0,1,0,0,0,0,0,0,0,0,0,0,0,0,0,0,0,0,0,0,0,0,0,0,6,2221.478881947944,1659.7306816588614,2166.76233965375,2231.1363579284443,7,-0.2588190451025206,0.9659258262890684,0,1,1,4.933367505611112,7.883857542694444,4.992939964055556,4.151625831166666,18.55700058877778,22.49837394541667,18.560369708916667,18.29483151783333,0.0,0.0,0.0,0.0,-3.071899002110996,261.0657812558891,1113.096950535889,737.814188171,840,840,0.03929912809822663,1.5250820382831867
A3,roll_02,persistence,2026-01-25 08:00:00+00:00,2026-01-25 09:00:00+00:00,0,1,2025-12-08T00:00:00+00:00,2026-01-19T00:00:00+00:00,2026-01-19T00:00:00+00:00,2026-01-26T00:00:00+00:00,2327.768168646222,2238.324116505972,89.44405214024982,1,night,0,0.0,0,1,0,0,0,0,0,0,0,0,0,0,0,0,0,0,0,0,0,0,0,0,0,0,6,1747.753539249222,2231.1363579284443,2056.1787956731946,2238.324116505972,8,-0.4999999999999998,0.8660254037844387,0,1,1,4.832365699444444,8.262126455694444,4.933367505611112,4.314655074888889,18.49024153463889,17.670436918444445,18.55700058877778,17.905425590777778,0.0,34.30441932991666,0.0,0.0,-3.071899002110996,261.0657812558891,1113.096950535889,737.814188171,840,840,0.35437792995045714,1.6463104635076684
A3,roll_02,persistence,2026-01-25 09:00:00+00:00,2026-01-25 10:00:00+00:00,0,1,2025-12-08T00:00:00+00:00,2026-01-19T00:00:00+00:00,2026-01-19T00:00:00+00:00,2026-01-26T00:00:00+00:00,3079.3561128761667,2327.768168646222,751.5879442299447,1,low,0,0.0,0,1,0,0,0,0,0,0,0,0,0,0,0,0,0,0,0,0,0,0,0,0,0,0,6,1199.014191615,2238.324116505972,2110.409867789389,2327.768168646222,9,-0.7071067811865475,0.7071067811865476,0,1,1,4.46485140163889,8.695682546194444,4.832365699444444,4.542731538305556,18.60976037316667,17.60044165513889,18.49024153463889,18.436193536916665,20.07319077258333,89.21282883222221,0.0,114.76844990783331,-3.071899002110996,261.0657812558891,1113.096950535889,737.814188171,840,840,2.890688467870709,2.6649787898692
A3,roll_02,persistence,2026-01-25 10:00:00+00:00,2026-01-25 11:00:00+00:00,0,1,2025-12-08T00:00:00+00:00,2026-01-19T00:00:00+00:00,2026-01-19T00:00:00+00:00,2026-01-26T00:00:00+00:00,1060.977643347722,3079.3561128761667,-2018.3784695284448,1,low,0,0.0,0,1,0,0,0,0,0,0,0,0,0,0,0,0,0,0,0,0,0,0,0,0,0,0,6,2696.399735123361,2327.768168646222,3130.832139515,3079.3561128761667,10,-0.8660254037844387,0.4999999999999999,0,1,1,4.6137414355,9.452506697638889,4.46485140163889,5.048194792888889,18.23413413661111,17.917450888777775,18.60976037316667,18.769674477888888,79.55278716463889,152.0663147546389,20.07319077258333,411.0483259695556,-3.071899002110996,261.0657812558891,1113.096950535889,737.814188171,840,840,7.719535516418328,0.07064015306803428
A3,roll_02,persistence,2026-01-25 11:00:00+00:00,2026-01-25 12:00:00+00:00,0,1,2025-12-08T00:00:00+00:00,2026-01-19T00:00:00+00:00,2026-01-19T00:00:00+00:00,2026-01-26T00:00:00+00:00,1745.3068945306666,1060.977643347722,684.3292511829445,1,low,0,0.0,0,2,0,0,0,0,0,0,0,0,0,0,0,0,0,0,0,0,0,0,0,0,0,0,6,908.328997025861,3079.3561128761667,385.99203080291664,1060.977643347722,11,-0.9659258262890682,0.258819045102521,0,1,1,5.1184929485833335,9.93934049188889,4.6137414355,6.944681730611111,18.24494905780556,17.975845256166668,18.23413413661111,19.6631947345,220.18301505319445,291.1969854105833,79.55278716463889,1596.5776119012498,-3.071899002110996,261.0657812558891,1113.096950535889,737.814188171,840,840,2.6330572581294556,0.8568687809623052
A3,roll_02,persistence,2026-01-25 12:00:00+00:00,2026-01-25 13:00:00+00:00,0,1,2025-12-08T00:00:00+00:00,2026-01-19T00:00:00+00:00,2026-01-19T00:00:00+00:00,2026-01-26T00:00:00+00:00,906.8727746182224,1745.3068945306666,-838.4341199124442,1,med,0,0.0,0,2,0,0,0,0,0,0,0,0,0,0,0,0,0,0,0,0,0,0,0,0,0,0,6,1081.863576312389,1060.977643347722,1016.1453970060834,1745.3068945306666,12,-1.0,1.2246467991473532e-16,0,1,1,6.667484349638889,10.88034856138889,5.1184929485833335,8.35612550725,19.08982180188889,18.150378169,18.24494905780556,18.378112199194447,527.3673956102779,279.95511428333333,220.18301505319445,407.66865748083336,-3.071899002110996,261.0657812558891,1113.096950535889,737.814188171,840,840,3.199815069181876,0.2795069263019796
A3,roll_02,persistence,2026-01-25 13:00:00+00:00,2026-01-25 14:00:00+00:00,0,1,2025-12-08T00:00:00+00:00,2026-01-19T00:00:00+00:00,2026-01-19T00:00:00+00:00,2026-01-26T00:00:00+00:00,1490.25308828425,906.8727746182224,583.3803136660276,1,low,0,0.0,0,2,0,0,0,0,0,0,0,0,0,0,0,0,0,0,0,0,0,0,0,0,0,0,6,2173.5554944418054,1745.3068945306666,1064.5741736199725,906.8727746182224,13,-0.9659258262890684,-0.2588190451025208,0,1,1,7.015248214916667,11.194744100638887,6.667484349638889,6.657871230416667,18.02789201130556,17.605212465694446,19.08982180188889,18.062944556944444,212.62666984819444,211.40559060327777,527.3673956102779,88.28240024077779,-3.071899002110996,261.0657812558891,1113.096950535889,737.814188171,840,840,2.2463771768438514,0.5111803809077052
A3,roll_02,persistence,2026-01-25 14:00:00+00:00,2026-01-25 15:00:00+00:00,0,1,2025-12-08T00:00:00+00:00,2026-01-19T00:00:00+00:00,2026-01-19T00:00:00+00:00,2026-01-26T00:00:00+00:00,924.6930943503612,1490.25308828425,-565.5599939338888,1,low,0,0.0,0,2,0,0,0,0,0,0,0,0,0,0,0,0,0,0,0,0,0,0,0,0,0,0,6,1035.234056645167,906.8727746182224,1858.781012173056,1490.25308828425,14,-0.8660254037844388,-0.4999999999999997,0,1,1,7.1463404341666665,10.792807296472224,7.015248214916667,6.097375211722222,18.02865631725,17.720296622972224,18.02789201130556,18.00922708483333,125.078570753,51.70543011708333,212.62666984819444,0.0,-3.071899002110996,261.0657812558891,1113.096950535889,737.814188171,840,840,2.1545837689867264,0.2553540704504075
A3,roll_02,persistence,2026-01-25 15:00:00+00:00,2026-01-25 16:00:00+00:00,0,1,2025-12-08T00:00:00+00:00,2026-01-19T00:00:00+00:00,2026-01-19T00:00:00+00:00,2026-01-26T00:00:00+00:00,1936.265559235028,924.6930943503612,1011.5724648846668,1,night,0,0.0,0,2,0,0,0,0,0,0,0,0,0,0,0,0,0,0,0,0,0,0,0,0,0,0,6,982.0105920020555,1490.25308828425,1831.2616717653889,924.6930943503612,15,-0.7071067811865479,-0.7071067811865471,0,1,1,6.817918164777777,10.09873856363889,7.1463404341666665,6.071665185777778,17.959508398916665,17.65813682397222,18.02865631725,17.677323049111113,0.0,0.0,125.078570753,0.0,-3.071899002110996,261.0657812558891,1113.096950535889,737.814188171,840,840,3.8865467508062763,1.1156855233967888
A3,roll_02,persistence,2026-01-25 16:00:00+00:00,2026-01-25 17:00:00+00:00,0,1,2025-12-08T00:00:00+00:00,2026-01-19T00:00:00+00:00,2026-01-19T00:00:00+00:00,2026-01-26T00:00:00+00:00,1053.6913190111388,1936.265559235028,-882.5742402238891,0,night,0,0.0,0,2,0,0,0,0,0,0,0,0,0,0,0,0,0,0,0,0,0,0,0,0,0,0,6,939.633989883972,924.6930943503612,1060.0596002008333,1936.265559235028,16,-0.5000000000000004,-0.8660254037844385,0,1,1,6.112700724861111,9.486147199944446,6.817918164777777,6.566483526611111,18.36010683186112,17.723917226694443,17.959508398916665,17.72403060438889,0.0,0.0,0.0,0.0,-3.071899002110996,261.0657812558891,1113.096950535889,737.814188171,840,840,3.368891690786988,0.08051570771770239
A3,roll_02,persistence,2026-01-25 17:00:00+00:00,2026-01-25 18:00:00+00:00,0,1,2025-12-08T00:00:00+00:00,2026-01-19T00:00:00+00:00,2026-01-19T00:00:00+00:00,2026-01-26T00:00:00+00:00,1042.3809986754163,1053.6913190111388,-11.310320335722508,0,night,0,0.0,0,2,0,0,0,0,0,0,0,0,0,0,0,0,0,0,0,0,0,0,0,0,0,0,6,1984.2611124879447,1936.265559235028,992.9213029867224,1053.6913190111388,17,-0.2588190451025206,-0.9659258262890684,0,1,1,5.021550218833333,8.932912868583333,6.112700724861111,6.089130444527778,17.625167409194443,17.788532314805554,18.36010683186112,17.830043843416664,0.0,0.0,0.0,0.0,-3.071899002110996,261.0657812558891,1113.096950535889,737.814188171,840,840,0.0315568792431531,0.09584520465210014
A3,roll_02,persistence,2026-01-25 18:00:00+00:00,2026-01-25 19:00:00+00:00,0,1,2025-12-08T00:00:00+00:00,2026-01-19T00:00:00+00:00,2026-01-19T00:00:00+00:00,2026-01-26T00:00:00+00:00,849.7813898698611,1042.3809986754163,-192.59960880555525,0,night,0,0.0,0,1,0,0,0,0,0,0,0,0,0,0,0,0,0,0,0,0,0,0,0,0,0,0,6,1779.6982078336666,1053.6913190111388,1541.1415699855834,1042.3809986754163,18,-1.8369701987210287e-16,-1.0,0,1,1,4.227878578694444,8.383298441722223,5.021550218833333,5.9999975540833335,17.660656862222222,17.752887094805555,17.625167409194443,18.11549999886111,0.0,0.0,0.0,0.0,-3.071899002110996,261.0657812558891,1113.096950535889,737.814188171,840,840,0.7259768357679734,0.3568860085474534
A3,roll_02,persistence,2026-01-25 19:00:00+00:00,2026-01-25 20:00:00+00:00,0,1,2025-12-08T00:00:00+00:00,2026-01-19T00:00:00+00:00,2026-01-19T00:00:00+00:00,2026-01-26T00:00:00+00:00,739.4192231492499,849.7813898698611,-110.3621667206112,0,night,0,0.0,0,1,0,1,1,0,4,0,0,0,1,0,1,0,1,0,0,0,1,0,0,0,0,0,6,1945.2175917344168,1042.3809986754163,1286.9006860100278,849.7813898698611,19,0.2588190451025203,-0.9659258262890684,0,1,1,3.6091518839166654,8.063546007666666,4.227878578694444,5.77926593825,17.591231184888887,17.598374748583336,17.660656862222222,18.36445310694444,0.0,0.0,0.0,0.0,-3.071899002110996,261.0657812558891,1113.096950535889,737.814188171,840,840,0.41097024360054835,0.5064659007343911
A3,roll_02,persistence,2026-01-25 20:00:00+00:00,2026-01-25 21:00:00+00:00,0,1,2025-12-08T00:00:00+00:00,2026-01-19T00:00:00+00:00,2026-01-19T00:00:00+00:00,2026-01-26T00:00:00+00:00,575.8166761095833,739.4192231492499,-163.60254703966655,0,night,0,0.0,0,1,0,1,1,0,4,0,0,0,1,0,1,0,1,0,0,0,1,0,0,0,0,0,6,817.2623687095833,849.7813898698611,640.4533153681945,739.4192231492499,20,0.5000000000000001,-0.8660254037844386,0,1,1,3.3640960108888893,7.955256959805555,3.6091518839166654,5.683189338277778,17.554591725333335,18.132431494416668,17.591231184888887,17.952829869138892,0.0,0.0,0.0,0.0,-3.071899002110996,261.0657812558891,1113.096950535889,737.814188171,840,840,0.6149049763063665,0.7282053978362673
A3,roll_02,persistence,2026-01-25 21:00:00+00:00,2026-01-25 22:00:00+00:00,0,1,2025-12-08T00:00:00+00:00,2026-01-19T00:00:00+00:00,2026-01-19T00:00:00+00:00,2026-01-26T00:00:00+00:00,367.5400825782778,575.8166761095833,-208.27659353130556,0,night,0,0.0,0,1,0,1,1,0,4,0,0,0,1,0,1,0,1,0,0,0,1,0,0,0,0,0,6,1022.3695540110556,739.4192231492499,584.3161862229999,575.8166761095833,21,0.7071067811865474,-0.7071067811865477,0,1,1,4.178278312777778,7.917760795055556,3.3640960108888893,5.649819748388889,17.66102431277778,18.226290338722222,17.554591725333335,17.865298132333333,0.0,0.0,0.0,0.0,-3.071899002110996,261.0657812558891,1113.096950535889,737.814188171,840,840,0.7860267766309017,1.0104940781984755
A3,roll_02,rf,2026-01-18 23:00:00+00:00,2026-01-19 00:00:00+00:00,0,1,2025-12-08T00:00:00+00:00,2026-01-19T00:00:00+00:00,2026-01-19T00:00:00+00:00,2026-01-26T00:00:00+00:00,368.0171135468333,438.6271051940181,-70.60999164718476,0,night,0,0.0,0,2,0,0,0,0,0,0,0,0,0,0,0,0,0,0,0,0,0,0,0,0,0,0,6,2501.345489155889,579.8006035581112,356.0791067192222,371.8011446672778,23,0.965925826289068,-0.2588190451025215,0,1,1,7.6601376606111105,0.8401119943055555,7.723855807972222,8.489515895694444,18.329515098027777,19.76163939361111,18.30075636655556,18.27030471461111,0.0,0.0,0.0,0.0,-92.24582264021419,410.6789408518045,1076.4269689643475,707.7679873158057,672,672,0.0526830787771921,1.000906890553418
A3,roll_02,rf,2026-01-19 00:00:00+00:00,2026-01-19 01:00:00+00:00,0,1,2025-12-08T00:00:00+00:00,2026-01-19T00:00:00+00:00,2026-01-19T00:00:00+00:00,2026-01-26T00:00:00+00:00,370.43651664125,430.6813146165692,-60.24479797531916,0,night,0,0.0,0,2,0,0,0,0,0,0,0,0,0,0,0,0,0,0,0,0,0,0,0,0,0,0,0,2521.281662351861,371.8011446672778,409.1542958934167,368.0171135468333,0,1.0,0.0,0,0,1,7.471285470472222,0.0822739048611111,7.6601376606111105,8.267303430916668,18.324939880888888,19.92784602258333,18.329515098027777,18.507601477416667,0.0,0.0,0.0,0.0,-92.24582264021419,410.6789408518045,1076.4269689643475,707.7679873158057,672,672,0.077922244073486,0.9974885343437904
A3,roll_02,rf,2026-01-19 01:00:00+00:00,2026-01-19 02:00:00+00:00,0,1,2025-12-08T00:00:00+00:00,2026-01-19T00:00:00+00:00,2026-01-19T00:00:00+00:00,2026-01-26T00:00:00+00:00,382.0239495386389,414.0585118446931,-32.03456230605423,0,night,0,0.0,0,2,0,0,0,0,0,0,0,0,0,0,0,0,0,0,0,0,0,0,0,0,0,0,0,2510.7629793080832,368.0171135468333,386.80348134525,370.43651664125,1,0.9659258262890684,0.2588190451025207,0,0,1,7.240814754666666,-0.0979647454722222,7.471285470472222,7.88579561025,18.191478372805555,19.88745926827778,18.324939880888888,18.516888744472222,0.0,0.0,0.0,0.0,-92.24582264021419,410.6789408518045,1076.4269689643475,707.7679873158057,672,672,0.14661394667394811,0.9811167386352363
A3,roll_02,rf,2026-01-19 02:00:00+00:00,2026-01-19 03:00:00+00:00,0,1,2025-12-08T00:00:00+00:00,2026-01-19T00:00:00+00:00,2026-01-19T00:00:00+00:00,2026-01-26T00:00:00+00:00,368.1878588306667,420.528029828292,-52.34017099762525,0,night,0,0.0,0,2,0,0,0,0,0,0,0,0,0,0,0,0,0,0,0,0,0,0,0,0,0,0,0,2517.397726423444,370.43651664125,363.9506782922222,382.0239495386389,2,0.8660254037844387,0.4999999999999999,0,0,1,7.025713984444444,-0.3757401703055555,7.240814754666666,7.295793718,18.308205069916667,20.026290722638887,18.191478372805555,18.505587359111114,0.0,0.0,0.0,0.0,-92.24582264021419,410.6789408518045,1076.4269689643475,707.7679873158057,672,672,0.09716994876781151,1.0006656458420247
A3,roll_02,rf,2026-01-19 03:00:00+00:00,2026-01-19 04:00:00+00:00,0,1,2025-12-08T00:00:00+00:00,2026-01-19T00:00:00+00:00,2026-01-19T00:00:00+00:00,2026-01-26T00:00:00+00:00,956.6022458266112,680.7997922655562,275.802453561055,0,night,0,0.0,0,2,0,0,0,0,0,0,0,0,0,0,0,0,0,0,0,0,0,0,0,0,0,0,0,2481.68678522575,382.0239495386389,366.92154284288887,368.1878588306667,3,0.7071067811865476,0.7071067811865476,0,0,1,6.843691117888889,0.1335239932777777,7.025713984444444,7.380389324388889,18.22355256697222,19.80030205080556,18.308205069916667,18.40949500677777,0.0,0.0,0.0,0.0,-92.24582264021419,410.6789408518045,1076.4269689643475,707.7679873158057,672,672,0.8961946659302437,0.16929943891948093
A3,roll_02,rf,2026-01-19 04:00:00+00:00,2026-01-19 05:00:00+00:00,0,1,2025-12-08T00:00:00+00:00,2026-01-19T00:00:00+00:00,2026-01-19T00:00:00+00:00,2026-01-26T00:00:00+00:00,2097.5119466174724,1811.7445584345508,285.76738818292165,0,night,0,0.0,0,2,0,0,0,0,0,0,0,0,0,0,0,0,0,0,0,0,0,0,0,0,0,0,0,3016.15648477425,368.1878588306667,919.6470143296112,956.6022458266112,4,0.5000000000000001,0.8660254037844386,0,0,1,6.571004820500001,-0.0287854997222222,6.843691117888889,7.759706802277777,18.381851679388888,19.688919204277777,18.22355256697222,18.565049183638887,0.0,0.0,0.0,0.0,-92.24582264021419,410.6789408518045,1076.4269689643475,707.7679873158057,672,672,0.9204592035790405,1.4426831899045998
A3,roll_02,rf,2026-01-19 05:00:00+00:00,2026-01-19 06:00:00+00:00,0,1,2025-12-08T00:00:00+00:00,2026-01-19T00:00:00+00:00,2026-01-19T00:00:00+00:00,2026-01-26T00:00:00+00:00,2207.624277541472,2100.3994004811216,107.22487706035054,0,night,0,0.0,0,2,0,0,0,0,0,0,0,0,0,0,0,0,0,0,0,0,0,0,0,0,0,0,0,4262.747835938639,956.6022458266112,1696.4327096815832,2097.5119466174724,5,0.2588190451025207,0.9659258262890684,0,0,1,6.230610997888888,-0.5948542869166666,6.571004820500001,7.824388876305555,18.81852253330556,19.79284536802778,18.381851679388888,19.000532856916667,0.0,0.0,0.0,0.0,-92.24582264021419,410.6789408518045,1076.4269689643475,707.7679873158057,672,672,0.48570958931284647,1.598260063820017
A3,roll_02,rf,2026-01-19 06:00:00+00:00,2026-01-19 07:00:00+00:00,0,1,2025-12-08T00:00:00+00:00,2026-01-19T00:00:00+00:00,2026-01-19T00:00:00+00:00,2026-01-26T00:00:00+00:00,743.501432477222,1837.2847796057315,-1093.7833471285094,0,night,0,0.0,0,2,0,0,0,0,0,0,0,0,0,0,0,0,0,0,0,0,0,0,0,0,0,0,0,4361.908397110695,2097.5119466174724,1787.8514459331388,2207.624277541472,6,6.123233995736766e-17,1.0,0,0,1,6.104236992611111,-0.0256551238333333,6.230610997888888,7.870841315861111,18.518887052166665,18.87429544488889,18.81852253330556,19.028892910777778,0.0,0.0,0.0,0.0,-92.24582264021419,410.6789408518045,1076.4269689643475,707.7679873158057,672,672,2.438736017023344,0.4703879554509637
A3,roll_02,rf,2026-01-19 07:00:00+00:00,2026-01-19 08:00:00+00:00,0,1,2025-12-08T00:00:00+00:00,2026-01-19T00:00:00+00:00,2026-01-19T00:00:00+00:00,2026-01-26T00:00:00+00:00,1602.210022772833,1377.577592858824,224.63242991400895,1,night,0,0.0,0,2,0,0,0,0,0,0,0,0,0,0,0,0,0,0,0,0,0,0,0,0,0,0,0,4563.315619382333,2207.624277541472,2221.478881947944,743.501432477222,7,-0.2588190451025206,0.9659258262890684,0,0,1,6.0920939530833325,0.0892223874722222,6.104236992611111,7.883857542694444,17.464818313277778,18.15650825783333,18.518887052166665,22.49837394541667,0.0,0.0,0.0,0.0,-92.24582264021419,410.6789408518045,1076.4269689643475,707.7679873158057,672,672,0.7715960596785756,0.7428748731664258
A3,roll_02,rf,2026-01-19 08:00:00+00:00,2026-01-19 09:00:00+00:00,0,1,2025-12-08T00:00:00+00:00,2026-01-19T00:00:00+00:00,2026-01-19T00:00:00+00:00,2026-01-26T00:00:00+00:00,401.86281383952775,1573.2499321266562,-1171.3871182871285,1,low,0,0.0,0,2,0,0,0,0,0,0,0,0,0,0,0,0,0,0,0,0,0,0,0,0,0,0,0,3089.202245556361,743.501432477222,1747.753539249222,1602.210022772833,8,-0.4999999999999998,0.8660254037844387,0,0,1,6.376790769055556,1.5477482746388889,6.0920939530833325,8.262126455694444,18.106925738416667,18.900201835166666,17.464818313277778,17.670436918444445,52.25388250475,675.084050221,0.0,34.30441932991666,-92.24582264021419,410.6789408518045,1076.4269689643475,707.7679873158057,672,672,2.6277005911445745,0.9530865583269585
A3,roll_02,rf,2026-01-19 09:00:00+00:00,2026-01-19 10:00:00+00:00,0,1,2025-12-08T00:00:00+00:00,2026-01-19T00:00:00+00:00,2026-01-19T00:00:00+00:00,2026-01-26T00:00:00+00:00,799.5036943302779,1131.4795118615014,-331.97581753122347,1,low,0,0.0,0,2,0,0,0,0,0,0,0,0,0,0,0,0,0,0,0,0,0,0,0,0,0,0,0,2796.8041315197224,1602.210022772833,1199.014191615,401.86281383952775,9,-0.7071067811865475,0.7071067811865476,0,0,1,6.883866901888889,3.2254890193888888,6.376790769055556,8.695682546194444,17.851597591666668,19.612746164055554,18.106925738416667,17.60044165513889,200.28425978958333,1056.8253583911112,52.25388250475,89.21282883222221,-92.24582264021419,410.6789408518045,1076.4269689643475,707.7679873158057,672,672,0.5837406573460435,0.3912627861063551
A3,roll_02,rf,2026-01-19 10:00:00+00:00,2026-01-19 11:00:00+00:00,0,1,2025-12-08T00:00:00+00:00,2026-01-19T00:00:00+00:00,2026-01-19T00:00:00+00:00,2026-01-26T00:00:00+00:00,764.1083921755,1109.7533797363708,-345.64498756087085,1,low,0,0.0,0,2,0,0,0,0,0,0,0,0,0,0,0,0,0,0,0,0,0,0,0,0,0,0,0,746.3919299871112,401.86281383952775,2696.399735123361,799.5036943302779,10,-0.8660254037844387,0.4999999999999999,0,0,1,7.554804945722222,4.715763120611111,6.883866901888889,9.452506697638889,18.305271993833333,21.086698567944445,17.851597591666668,17.917450888777775,300.6106887920556,1274.2766447041663,200.28425978958333,152.0663147546389,-92.24582264021419,410.6789408518045,1076.4269689643475,707.7679873158057,672,672,0.6170249791602949,0.4412725390043547
A3,roll_02,rf,2026-01-19 11:00:00+00:00,2026-01-19 12:00:00+00:00,0,1,2025-12-08T00:00:00+00:00,2026-01-19T00:00:00+00:00,2026-01-19T00:00:00+00:00,2026-01-26T00:00:00+00:00,135.93812644077775,1053.223680886011,-917.2855544452332,1,low,0,0.0,0,2,0,0,0,0,0,0,0,0,0,0,0,0,0,0,0,0,0,0,0,0,0,0,0,632.5966184736388,799.5036943302779,908.328997025861,764.1083921755,11,-0.9659258262890682,0.258819045102521,0,0,1,7.938572868611111,6.151445526944444,7.554804945722222,9.93934049188889,17.913517779527776,21.65975194513889,18.305271993833333,17.975845256166668,360.65137327452777,1427.525714563778,300.6106887920556,291.1969854105833,-92.24582264021419,410.6789408518045,1076.4269689643475,707.7679873158057,672,672,2.0089652761200107,1.3288095242769493
A3,roll_02,rf,2026-01-19 12:00:00+00:00,2026-01-19 13:00:00+00:00,0,1,2025-12-08T00:00:00+00:00,2026-01-19T00:00:00+00:00,2026-01-19T00:00:00+00:00,2026-01-26T00:00:00+00:00,227.14875664072224,685.8821065785645,-458.7333499378423,1,med,0,0.0,0,2,0,0,0,0,0,0,0,0,0,0,0,0,0,0,0,0,0,0,0,0,0,0,0,-422.1210146441389,764.1083921755,1081.863576312389,135.93812644077775,12,-1.0,1.2246467991473532e-16,0,0,1,8.697412192166667,8.042106340527779,7.938572868611111,10.88034856138889,17.51108470222222,20.280064502833334,17.913517779527776,18.150378169,429.9776792980833,1077.0554969643056,360.65137327452777,279.95511428333333,-92.24582264021419,410.6789408518045,1076.4269689643475,707.7679873158057,672,672,0.8923942545909044,1.1999387193881061
A3,roll_02,rf,2026-01-19 13:00:00+00:00,2026-01-19 14:00:00+00:00,0,1,2025-12-08T00:00:00+00:00,2026-01-19T00:00:00+00:00,2026-01-19T00:00:00+00:00,2026-01-26T00:00:00+00:00,1951.074940760889,612.5965153443153,1338.4784254165736,1,low,0,0.0,0,2,0,0,0,0,0,0,0,0,0,0,0,0,0,0,0,0,0,0,0,0,0,0,0,754.2202679822223,135.93812644077775,2173.5554944418054,227.14875664072224,13,-0.9659258262890684,-0.2588190451025208,0,0,1,9.178790924722222,8.886836191527777,8.697412192166667,11.194744100638887,17.4767666915,20.89163533738889,17.51108470222222,17.605212465694446,331.27048653,917.7112551677222,429.9776792980833,211.40559060327777,-92.24582264021419,410.6789408518045,1076.4269689643475,707.7679873158057,672,672,3.4838023227810737,1.235783459370103
A3,roll_02,rf,2026-01-19 14:00:00+00:00,2026-01-19 15:00:00+00:00,0,1,2025-12-08T00:00:00+00:00,2026-01-19T00:00:00+00:00,2026-01-19T00:00:00+00:00,2026-01-26T00:00:00+00:00,806.2876032480555,1417.6460245459473,-611.3584212978918,1,low,0,0.0,0,2,0,0,0,0,0,0,0,0,0,0,0,0,0,0,0,0,0,0,0,0,0,0,0,1500.3252466112224,227.14875664072224,1035.234056645167,1951.074940760889,14,-0.8660254037844388,-0.4999999999999997,0,0,1,8.86652897075,8.544484776166668,9.178790924722222,10.792807296472224,18.02714254913889,20.355432554527777,17.4767666915,17.720296622972224,138.99832969141667,366.2336248188056,331.27048653,51.70543011708333,-92.24582264021419,410.6789408518045,1076.4269689643475,707.7679873158057,672,672,1.2640351063070505,0.38167785285230194
A3,roll_02,rf,2026-01-19 15:00:00+00:00,2026-01-19 16:00:00+00:00,0,1,2025-12-08T00:00:00+00:00,2026-01-19T00:00:00+00:00,2026-01-19T00:00:00+00:00,2026-01-26T00:00:00+00:00,738.6692789706944,1420.3794371267766,-681.7101581560821,1,low,0,0.0,0,2,0,0,0,0,0,0,0,0,0,0,0,0,0,0,0,0,0,0,0,0,0,0,0,586.6202596731389,1951.074940760889,982.0105920020555,806.2876032480555,15,-0.7071067811865479,-0.7071067811865471,0,0,1,8.054252913972222,6.644266975333334,8.86652897075,10.09873856363889,17.764550296583334,19.053108088833334,18.02714254913889,17.65813682397222,60.29446228413889,29.778236451166663,138.99832969141667,0.0,-92.24582264021419,410.6789408518045,1076.4269689643475,707.7679873158057,672,672,1.4353410337847807,0.47721526834604583
A3,roll_02,rf,2026-01-19 16:00:00+00:00,2026-01-19 17:00:00+00:00,0,1,2025-12-08T00:00:00+00:00,2026-01-19T00:00:00+00:00,2026-01-19T00:00:00+00:00,2026-01-26T00:00:00+00:00,1883.6500829357776,1028.0430952442712,855.6069876915064,0,night,0,0.0,0,2,0,0,0,0,0,0,0,0,0,0,0,0,0,0,0,0,0,0,0,0,0,0,0,1670.774375533639,806.2876032480555,939.633989883972,738.6692789706944,16,-0.5000000000000004,-0.8660254037844385,0,0,1,6.7582327050833335,5.279263939527778,8.054252913972222,9.486147199944446,17.51009285883333,19.11104975583333,17.764550296583334,17.723917226694443,0.0,0.0,60.29446228413889,0.0,-92.24582264021419,410.6789408518045,1076.4269689643475,707.7679873158057,672,672,2.3080141591038092,1.140519391153598
A3,roll_02,rf,2026-01-19 17:00:00+00:00,2026-01-19 18:00:00+00:00,0,1,2025-12-08T00:00:00+00:00,2026-01-19T00:00:00+00:00,2026-01-19T00:00:00+00:00,2026-01-26T00:00:00+00:00,1098.2935032161668,1647.362215421813,-549.0687122056463,0,night,0,0.0,0,2,0,0,0,0,0,0,0,0,0,0,0,0,0,0,0,0,0,0,0,0,0,0,0,893.0618960396945,738.6692789706944,1984.2611124879447,1883.6500829357776,17,-0.2588190451025206,-0.9659258262890684,0,0,1,6.245921308277777,4.219392392722222,6.7582327050833335,8.932912868583333,17.879649593055557,18.65615157883333,17.51009285883333,17.788532314805554,0.0,0.0,0.0,0.0,-92.24582264021419,410.6789408518045,1076.4269689643475,707.7679873158057,672,672,1.112360153208535,0.03089505974231421
A3,roll_02,rf,2026-01-19 18:00:00+00:00,2026-01-19 19:00:00+00:00,0,1,2025-12-08T00:00:00+00:00,2026-01-19T00:00:00+00:00,2026-01-19T00:00:00+00:00,2026-01-26T00:00:00+00:00,1096.4852710823889,1671.1041152453113,-574.6188441629224,0,night,0,0.0,0,2,0,0,0,0,0,0,0,0,0,0,0,0,0,0,0,0,0,0,0,0,0,0,0,2274.0885418814723,1883.6500829357776,1779.6982078336666,1098.2935032161668,18,-1.8369701987210287e-16,-1.0,0,0,1,6.290845957444444,4.016366639916667,6.245921308277777,8.383298441722223,17.678952539277777,19.38624729958333,17.879649593055557,17.752887094805555,0.0,0.0,0.0,0.0,-92.24582264021419,410.6789408518045,1076.4269689643475,707.7679873158057,672,672,1.174574524133622,0.02834022232922977
A3,roll_02,rf,2026-01-19 19:00:00+00:00,2026-01-19 20:00:00+00:00,0,1,2025-12-08T00:00:00+00:00,2026-01-19T00:00:00+00:00,2026-01-19T00:00:00+00:00,2026-01-26T00:00:00+00:00,852.2087300646944,1276.4415397048726,-424.2328096401783,0,night,0,0.0,0,2,0,0,0,0,0,0,0,0,0,0,0,0,0,0,0,0,0,0,0,0,0,0,0,1365.6644136303612,1098.2935032161668,1945.2175917344168,1096.4852710823889,19,0.2588190451025203,-0.9659258262890684,0,0,1,5.148736282194444,3.884336086,6.290845957444444,8.063546007666666,17.924687961111108,19.382953398694443,17.678952539277777,17.598374748583336,0.0,0.0,0.0,0.0,-92.24582264021419,410.6789408518045,1076.4269689643475,707.7679873158057,672,672,0.8083857095554438,0.31679624243814103
A3,roll_02,rf,2026-01-19 20:00:00+00:00,2026-01-19 21:00:00+00:00,0,1,2025-12-08T00:00:00+00:00,2026-01-19T00:00:00+00:00,2026-01-19T00:00:00+00:00,2026-01-26T00:00:00+00:00,568.0186646560555,930.2662368815696,-362.2475722255142,0,night,0,0.0,0,1,0,0,0,0,0,0,0,0,0,0,0,0,0,0,0,0,0,0,0,0,0,0,0,653.7379858252777,1096.4852710823889,817.2623687095833,852.2087300646944,20,0.5000000000000001,-0.8660254037844386,0,0,1,3.9840519537777777,3.633355686611111,5.148736282194444,7.955256959805555,18.02282410180556,19.144044949,17.924687961111108,18.132431494416668,0.0,0.0,0.0,0.0,-92.24582264021419,410.6789408518045,1076.4269689643475,707.7679873158057,672,672,0.6574521426038533,0.7183262218971206
A3,roll_02,rf,2026-01-19 21:00:00+00:00,2026-01-19 22:00:00+00:00,0,1,2025-12-08T00:00:00+00:00,2026-01-19T00:00:00+00:00,2026-01-19T00:00:00+00:00,2026-01-26T00:00:00+00:00,461.19813976011113,685.9590358155923,-224.7608960554812,0,night,0,0.0,0,1,0,0,0,0,0,0,0,0,0,0,0,0,0,0,0,0,0,0,0,0,0,0,0,1060.23997367125,852.2087300646944,1022.3695540110556,568.0186646560555,21,0.7071067811865474,-0.7071067811865477,0,0,1,3.315242828777778,3.5082212590277777,3.9840519537777777,7.917760795055556,18.144430832972223,19.25061404477778,18.02282410180556,18.226290338722222,0.0,0.0,0.0,0.0,-92.24582264021419,410.6789408518045,1076.4269689643475,707.7679873158057,672,672,0.32267316444425553,0.8692521281408585
A3,roll_02,rf,2026-01-19 22:00:00+00:00,2026-01-19 23:00:00+00:00,0,1,2025-12-08T00:00:00+00:00,2026-01-19T00:00:00+00:00,2026-01-19T00:00:00+00:00,2026-01-26T00:00:00+00:00,356.1728901926111,465.6599499313253,-109.48705973871428,0,night,0,0.0,0,1,0,0,0,0,0,0,0,0,0,0,0,0,0,0,0,0,0,0,0,0,0,0,0,372.6696216118889,568.0186646560555,579.8006035581112,461.19813976011113,22,0.8660254037844384,-0.5000000000000004,0,0,1,2.735980420083333,3.508406459083333,3.315242828777778,7.723855807972222,18.098196491611112,19.15334913905556,18.144430832972223,18.30075636655556,0.0,0.0,0.0,0.0,-92.24582264021419,410.6789408518045,1076.4269689643475,707.7679873158057,672,672,0.04198227711101865,1.0176415035431088
A3,roll_02,rf,2026-01-19 23:00:00+00:00,2026-01-20 00:00:00+00:00,0,1,2025-12-08T00:00:00+00:00,2026-01-19T00:00:00+00:00,2026-01-19T00:00:00+00:00,2026-01-26T00:00:00+00:00,357.6195414715833,401.1226228621624,-43.50308139057904,0,night,0,0.0,0,1,0,0,0,0,0,0,0,0,0,0,0,0,0,0,0,0,0,0,0,0,0,0,0,368.2867205090556,461.19813976011113,371.8011446672778,356.1728901926111,23,0.965925826289068,-0.2588190451025215,0,0,1,2.691163158333333,3.994434357833333,2.735980420083333,7.6601376606111105,18.135445305027776,19.462697947166664,18.098196491611112,18.329515098027777,0.0,0.0,0.0,0.0,-92.24582264021419,410.6789408518045,1076.4269689643475,707.7679873158057,672,672,0.11868819265126186,1.0155975409665323
A3,roll_02,rf,2026-01-20 00:00:00+00:00,2026-01-20 01:00:00+00:00,0,1,2025-12-08T00:00:00+00:00,2026-01-19T00:00:00+00:00,2026-01-19T00:00:00+00:00,2026-01-26T00:00:00+00:00,383.7339380009167,380.4209146656389,3.3130233352777623,0,night,0,0.0,0,1,0,0,0,0,0,0,0,0,0,0,0,0,0,0,0,0,0,0,0,0,0,0,1,366.1301339879167,356.1728901926111,368.0171135468333,357.6195414715833,0,1.0,0.0,0,0,1,3.258476226361111,4.2014109405,2.691163158333333,7.471285470472222,18.171040281166665,19.87320784711111,18.135445305027776,18.324939880888888,0.0,0.0,0.0,0.0,-92.24582264021419,410.6789408518045,1076.4269689643475,707.7679873158057,672,672,0.23268504047782382,0.9787007089575408
A3,roll_02,rf,2026-01-20 01:00:00+00:00,2026-01-20 02:00:00+00:00,0,1,2025-12-08T00:00:00+00:00,2026-01-19T00:00:00+00:00,2026-01-19T00:00:00+00:00,2026-01-26T00:00:00+00:00,363.2547627211111,394.1787373604396,-30.92397463932849,0,night,0,0.0,0,1,0,0,0,0,0,0,0,0,0,0,0,0,0,0,0,0,0,0,0,0,0,0,1,374.135321881,357.6195414715833,370.43651664125,383.7339380009167,1,0.9659258262890684,0.2588190451025207,0,0,1,3.905557372666667,4.3023013942777775,3.258476226361111,7.240814754666666,18.144093502972225,19.950232376611112,18.171040281166665,18.191478372805555,0.0,0.0,0.0,0.0,-92.24582264021419,410.6789408518045,1076.4269689643475,707.7679873158057,672,672,0.14931821893203426,1.007635579772301
A3,roll_02,rf,2026-01-20 02:00:00+00:00,2026-01-20 03:00:00+00:00,0,1,2025-12-08T00:00:00+00:00,2026-01-19T00:00:00+00:00,2026-01-19T00:00:00+00:00,2026-01-26T00:00:00+00:00,365.0164142213889,406.4587606559022,-41.4423464345133,0,night,0,0.0,0,1,0,0,0,0,0,0,0,0,0,0,0,0,0,0,0,0,0,0,0,0,0,0,1,383.9471823114166,383.7339380009167,382.0239495386389,363.2547627211111,2,0.8660254037844387,0.4999999999999999,0,0,1,4.134615724138889,4.376585781888889,3.905557372666667,7.025713984444444,18.23647207447222,19.77146809105556,18.144093502972225,18.308205069916667,0.0,0.0,0.0,0.0,-92.24582264021419,410.6789408518045,1076.4269689643475,707.7679873158057,672,672,0.12370606610684129,1.0051465557816017
A3,roll_02,rf,2026-01-20 03:00:00+00:00,2026-01-20 04:00:00+00:00,0,1,2025-12-08T00:00:00+00:00,2026-01-19T00:00:00+00:00,2026-01-19T00:00:00+00:00,2026-01-26T00:00:00+00:00,1039.7831993372222,646.0179664480266,393.76523288919554,0,night,0,0.0,0,1,0,0,0,0,0,0,0,0,0,0,0,0,0,0,0,0,0,0,0,0,0,0,1,367.6768063598889,363.2547627211111,368.1878588306667,365.0164142213889,3,0.7071067811865476,0.7071067811865476,0,0,1,4.029189530722222,4.4642516751666665,4.134615724138889,6.843691117888889,18.45093115375,19.56677161197222,18.23647207447222,18.22355256697222,0.0,0.0,0.0,0.0,-92.24582264021419,410.6789408518045,1076.4269689643475,707.7679873158057,672,672,1.1834331084066696,0.0517737030832603
A3,roll_02,rf,2026-01-20 04:00:00+00:00,2026-01-20 05:00:00+00:00,0,1,2025-12-08T00:00:00+00:00,2026-01-19T00:00:00+00:00,2026-01-19T00:00:00+00:00,2026-01-26T00:00:00+00:00,1994.0688999676115,1967.933431412052,26.135468555559328,0,night,0,0.0,0,1,0,0,0,0,0,0,0,0,0,0,0,0,0,0,0,0,0,0,0,0,0,0,1,977.1223704921111,365.0164142213889,956.6022458266112,1039.7831993372222,4,0.5000000000000001,0.8660254037844386,0,0,1,4.2755308662500005,4.600431492361111,4.029189530722222,6.571004820500001,18.48283673330556,19.84487690761112,18.45093115375,18.381851679388888,0.0,0.0,0.0,0.0,-92.24582264021419,410.6789408518045,1076.4269689643475,707.7679873158057,672,672,0.288257515591704,1.2965292969570446
A3,roll_02,rf,2026-01-20 05:00:00+00:00,2026-01-20 06:00:00+00:00,0,1,2025-12-08T00:00:00+00:00,2026-01-19T00:00:00+00:00,2026-01-19T00:00:00+00:00,2026-01-26T00:00:00+00:00,2029.167694873528,2143.116379319199,-113.948684445671,0,night,0,0.0,0,1,0,0,0,0,0,0,0,0,0,0,0,0,0,0,0,0,0,0,0,0,0,0,1,2001.738657636584,1039.7831993372222,2097.5119466174724,1994.0688999676115,5,0.2588190451025207,0.9659258262890684,0,0,1,4.0833006567500005,4.516244777583333,4.2755308662500005,6.230610997888888,18.61474645088889,20.02328279972222,18.48283673330556,18.81852253330556,0.0,0.0,0.0,0.0,-92.24582264021419,410.6789408518045,1076.4269689643475,707.7679873158057,672,672,0.05284629827972699,1.3461201170208736
A3,roll_02,rf,2026-01-20 06:00:00+00:00,2026-01-20 07:00:00+00:00,0,1,2025-12-08T00:00:00+00:00,2026-01-19T00:00:00+00:00,2026-01-19T00:00:00+00:00,2026-01-26T00:00:00+00:00,2071.0094555605,1890.38761981872,180.62183574177996,0,night,0,0.0,0,1,0,0,0,0,0,0,0,0,0,0,0,0,0,0,0,0,0,0,0,0,0,0,1,2099.6764230465,1994.0688999676115,2207.624277541472,2029.167694873528,6,6.123233995736766e-17,1.0,0,0,1,3.4344617149444443,4.763350271222222,4.0833006567500005,6.104236992611111,18.44960326755556,19.945872866472225,18.61474645088889,18.518887052166665,0.0,0.0,0.0,0.0,-92.24582264021419,410.6789408518045,1076.4269689643475,707.7679873158057,672,672,0.6644306080463468,1.4052380220926415
A3,roll_02,rf,2026-01-20 07:00:00+00:00,2026-01-20 08:00:00+00:00,0,1,2025-12-08T00:00:00+00:00,2026-01-19T00:00:00+00:00,2026-01-19T00:00:00+00:00,2026-01-26T00:00:00+00:00,1907.5549124286945,1855.1779077758135,52.37700465288072,1,low,0,0.0,0,1,0,0,0,0,0,0,0,0,0,0,0,0,0,0,0,0,0,0,0,0,0,0,1,1798.5318447581387,2029.167694873528,743.501432477222,2071.0094555605,7,-0.2588190451025206,0.9659258262890684,0,0,1,3.243632700527778,5.146098303527778,3.4344617149444443,6.0920939530833325,18.262677875222224,19.215107962944447,18.44960326755556,17.464818313277778,25.396158990166665,0.0,0.0,0.0,-92.24582264021419,410.6789408518045,1076.4269689643475,707.7679873158057,672,672,0.3521554501750864,1.1742943427215198
A3,roll_02,rf,2026-01-20 08:00:00+00:00,2026-01-20 09:00:00+00:00,0,1,2025-12-08T00:00:00+00:00,2026-01-19T00:00:00+00:00,2026-01-19T00:00:00+00:00,2026-01-26T00:00:00+00:00,720.9783473233889,1779.1516178026689,-1058.1732704792798,1,low,0,0.0,0,1,0,0,0,0,0,0,0,0,0,0,0,0,0,0,0,0,0,0,0,0,0,0,1,1792.85737564,2071.0094555605,1602.210022772833,1907.5549124286945,8,-0.4999999999999998,0.8660254037844387,0,0,1,3.802172906555555,5.574331767527777,3.243632700527778,6.376790769055556,18.28468123055556,19.78762391975,18.262677875222224,18.106925738416667,287.3037690233889,34.78762225408333,25.396158990166665,52.25388250475,-92.24582264021419,410.6789408518045,1076.4269689643475,707.7679873158057,672,672,2.352025759673967,0.5022106509634456
A3,roll_02,rf,2026-01-20 09:00:00+00:00,2026-01-20 10:00:00+00:00,0,1,2025-12-08T00:00:00+00:00,2026-01-19T00:00:00+00:00,2026-01-19T00:00:00+00:00,2026-01-26T00:00:00+00:00,151.7976551743889,1280.9740111149215,-1129.1763559405329,1,med,0,0.0,0,2,0,0,0,0,0,0,0,0,0,0,0,0,0,0,0,0,0,0,0,0,0,0,1,1704.9205994411388,1907.5549124286945,401.86281383952775,720.9783473233889,9,-0.7071067811865475,0.7071067811865476,0,0,1,5.253853115111111,5.704844287583334,3.802172906555555,6.883866901888889,18.12476716330556,19.322890420722224,18.28468123055556,17.851597591666668,621.6916147889167,81.0947692918889,287.3037690233889,200.28425978958333,-92.24582264021419,410.6789408518045,1076.4269689643475,707.7679873158057,672,672,2.524917715891598,1.3064017168911448
A3,roll_02,rf,2026-01-20 10:00:00+00:00,2026-01-20 11:00:00+00:00,0,1,2025-12-08T00:00:00+00:00,2026-01-19T00:00:00+00:00,2026-01-19T00:00:00+00:00,2026-01-26T00:00:00+00:00,787.0186959797501,513.0114164279453,274.0072795518048,1,med,0,0.0,0,2,0,0,0,0,0,0,0,0,0,0,0,0,0,0,0,0,0,0,0,0,0,0,1,1712.5081979704166,720.9783473233889,799.5036943302779,151.7976551743889,10,-0.8660254037844387,0.4999999999999999,0,0,1,6.455607524222223,6.065839095694444,5.253853115111111,7.554804945722222,18.34517670655556,19.53915467719445,18.12476716330556,18.305271993833333,959.4708232418888,75.89661000686111,621.6916147889167,300.6106887920556,-92.24582264021419,410.6789408518045,1076.4269689643475,707.7679873158057,672,672,0.8918234312973531,0.4089027452091635
A3,roll_02,rf,2026-01-20 11:00:00+00:00,2026-01-20 12:00:00+00:00,0,1,2025-12-08T00:00:00+00:00,2026-01-19T00:00:00+00:00,2026-01-19T00:00:00+00:00,2026-01-26T00:00:00+00:00,-140.12853059388888,981.3402441092728,-1121.4687747031617,1,med,0,0.0,0,2,0,0,0,0,0,0,0,0,0,0,0,0,0,0,0,0,0,0,0,0,0,0,1,1729.1863273721667,151.7976551743889,764.1083921755,787.0186959797501,11,-0.9659258262890682,0.258819045102521,0,0,1,6.95239593825,6.411032006055556,6.455607524222223,7.938572868611111,18.396018660722223,20.10092485888889,18.34517670655556,17.913517779527776,590.2926090344722,127.21179366422224,959.4708232418888,360.65137327452777,-92.24582264021419,410.6789408518045,1076.4269689643475,707.7679873158057,672,672,2.5061498160295193,1.7188620018997975
A3,roll_02,rf,2026-01-20 12:00:00+00:00,2026-01-20 13:00:00+00:00,0,1,2025-12-08T00:00:00+00:00,2026-01-19T00:00:00+00:00,2026-01-19T00:00:00+00:00,2026-01-26T00:00:00+00:00,90.30469802694444,142.52544468402246,-52.22074665707802,1,med,0,0.0,0,2,1,0,0,0,0,0,0,0,0,0,0,0,0,0,0,0,0,0,0,0,0,0,1,1776.8351252307775,787.0186959797501,135.93812644077775,-140.12853059388888,12,-1.0,1.2246467991473532e-16,0,0,1,7.796212953166666,6.843188409,6.95239593825,8.697412192166667,17.971774747861108,19.814930444777776,18.396018660722223,17.51108470222222,566.0869300739722,161.38882697286112,590.2926090344722,429.9776792980833,-92.24582264021419,410.6789408518045,1076.4269689643475,707.7679873158057,672,672,0.09746074610039333,1.3932846478084573
A3,roll_02,rf,2026-01-20 13:00:00+00:00,2026-01-20 14:00:00+00:00,0,1,2025-12-08T00:00:00+00:00,2026-01-19T00:00:00+00:00,2026-01-19T00:00:00+00:00,2026-01-26T00:00:00+00:00,1579.226911155389,438.707790516584,1140.519120638805,1,low,0,0.0,0,2,0,0,0,0,0,0,0,0,0,0,0,0,0,0,0,0,0,0,0,0,0,0,1,1850.1251705731663,-140.12853059388888,227.14875664072224,90.30469802694444,13,-0.9659258262890684,-0.2588190451025208,0,0,1,7.90864646013889,7.213576107916666,7.796212953166666,9.178790924722222,17.30683716836111,19.35789605444444,17.971774747861108,17.4767666915,232.06871784988888,125.87758148475,566.0869300739722,331.27048653,-92.24582264021419,410.6789408518045,1076.4269689643475,707.7679873158057,672,672,3.0017729682512946,0.7104022097663657
A3,roll_02,rf,2026-01-20 14:00:00+00:00,2026-01-20 15:00:00+00:00,0,1,2025-12-08T00:00:00+00:00,2026-01-19T00:00:00+00:00,2026-01-19T00:00:00+00:00,2026-01-26T00:00:00+00:00,1514.7609178625555,1481.027772398959,33.73314546359643,1,low,0,0.0,0,2,0,0,0,0,0,0,0,0,0,0,0,0,0,0,0,0,0,0,0,0,0,0,1,2103.8606620909723,90.30469802694444,1951.074940760889,1579.226911155389,14,-0.8660254037844388,-0.4999999999999997,0,0,1,7.004071844694444,6.892581615,7.90864646013889,8.86652897075,18.014104303444444,19.314774678777777,17.30683716836111,18.02714254913889,65.92271638830555,25.63169713905556,232.06871784988888,138.99832969141667,-92.24582264021419,410.6789408518045,1076.4269689643475,707.7679873158057,672,672,0.30675779927383895,0.6193186987173294
A3,roll_02,rf,2026-01-20 15:00:00+00:00,2026-01-20 16:00:00+00:00,0,1,2025-12-08T00:00:00+00:00,2026-01-19T00:00:00+00:00,2026-01-19T00:00:00+00:00,2026-01-26T00:00:00+00:00,1201.4197669487778,1612.3189850189776,-410.8992180701998,1,night,0,0.0,0,2,0,0,0,0,0,0,0,0,0,0,0,0,0,0,0,0,0,0,0,0,0,0,1,1367.69234237475,1579.226911155389,806.2876032480555,1514.7609178625555,15,-0.7071067811865479,-0.7071067811865471,0,0,1,6.226552915722222,6.473090648055556,7.004071844694444,8.054252913972222,17.985049249555555,18.981844509638886,18.014104303444444,17.764550296583334,0.0,0.0,65.92271638830555,60.29446228413889,-92.24582264021419,410.6789408518045,1076.4269689643475,707.7679873158057,672,672,0.7759185186585286,0.17660137251822133
A3,roll_02,rf,2026-01-20 16:00:00+00:00,2026-01-20 17:00:00+00:00,0,1,2025-12-08T00:00:00+00:00,2026-01-19T00:00:00+00:00,2026-01-19T00:00:00+00:00,2026-01-26T00:00:00+00:00,753.0024936381111,1586.10773824805,-833.105244609939,0,night,0,0.0,0,2,0,0,0,0,0,0,0,0,0,0,0,0,0,0,0,0,0,0,0,0,0,0,1,2518.591872478111,1514.7609178625555,738.6692789706944,1201.4197669487778,16,-0.5000000000000004,-0.8660254037844385,0,0,1,5.539642565916666,5.85150787425,6.226552915722222,6.7582327050833335,17.38080857111111,19.342884771027776,17.985049249555555,17.51009285883333,0.0,0.0,0.0,0.0,-92.24582264021419,410.6789408518045,1076.4269689643475,707.7679873158057,672,672,1.803986881901177,0.456963978482294
A3,roll_02,rf,2026-01-20 17:00:00+00:00,2026-01-20 18:00:00+00:00,0,1,2025-12-08T00:00:00+00:00,2026-01-19T00:00:00+00:00,2026-01-19T00:00:00+00:00,2026-01-26T00:00:00+00:00,1059.3235259904168,1220.7336115951648,-161.41008560474802,0,night,0,0.0,0,2,0,0,0,0,0,0,0,0,0,0,0,0,0,0,0,0,0,0,0,0,0,0,1,2818.4871972926667,1201.4197669487778,1883.6500829357776,753.0024936381111,17,-0.2588190451025206,-0.9659258262890684,0,0,1,5.106537856944445,5.551368765666666,5.539642565916666,6.245921308277777,17.944962672305554,19.703703886777777,17.38080857111111,17.879649593055557,0.0,0.0,0.0,0.0,-92.24582264021419,410.6789408518045,1076.4269689643475,707.7679873158057,672,672,0.16841443786009005,0.02416532434420366
A3,roll_02,rf,2026-01-20 18:00:00+00:00,2026-01-20 19:00:00+00:00,0,1,2025-12-08T00:00:00+00:00,2026-01-19T00:00:00+00:00,2026-01-19T00:00:00+00:00,2026-01-26T00:00:00+00:00,2397.7932220235834,1560.9931475146195,836.8000745089637,0,night,0,0.0,0,2,0,0,0,0,0,0,0,0,0,0,0,0,0,0,0,0,0,0,0,0,0,0,1,1383.2154217488053,753.0024936381111,1098.2935032161668,1059.3235259904168,18,-1.8369701987210287e-16,-1.0,0,0,1,5.047560526333333,5.565244997222223,5.106537856944445,6.290845957444444,17.76713559486111,19.3371023785,17.944962672305554,17.678952539277777,0.0,0.0,0.0,0.0,-92.24582264021419,410.6789408518045,1076.4269689643475,707.7679873158057,672,672,2.262219473007818,1.866948317442963
A3,roll_02,rf,2026-01-20 19:00:00+00:00,2026-01-20 20:00:00+00:00,0,1,2025-12-08T00:00:00+00:00,2026-01-19T00:00:00+00:00,2026-01-19T00:00:00+00:00,2026-01-26T00:00:00+00:00,1239.3215171065278,1617.6368782235738,-378.315361117046,0,night,0,0.0,0,1,0,0,0,0,0,0,0,0,0,0,0,0,0,0,0,0,0,0,0,0,0,0,1,962.6741752021112,1059.3235259904168,1096.4852710823889,2397.7932220235834,19,0.2588190451025203,-0.9659258262890684,0,0,1,4.7790201357777775,5.091562219055555,5.047560526333333,5.148736282194444,18.29565681925,19.555466913638888,17.76713559486111,17.924687961111108,0.0,0.0,0.0,0.0,-92.24582264021419,410.6789408518045,1076.4269689643475,707.7679873158057,672,672,0.6965770825343133,0.23015246671434564
A3,roll_02,rf,2026-01-20 20:00:00+00:00,2026-01-20 21:00:00+00:00,0,1,2025-12-08T00:00:00+00:00,2026-01-19T00:00:00+00:00,2026-01-19T00:00:00+00:00,2026-01-26T00:00:00+00:00,1097.120321607,1216.4704594419184,-119.35013783491831,0,night,0,0.0,0,1,0,0,0,0,0,0,0,0,0,0,0,0,0,0,0,0,0,0,0,0,0,0,1,2371.2932299861945,2397.7932220235834,852.2087300646944,1239.3215171065278,20,0.5000000000000001,-0.8660254037844386,0,0,1,4.616484813166667,5.033024918888889,4.7790201357777775,3.9840519537777777,18.163473134916668,19.82183390566667,18.29565681925,18.02282410180556,0.0,0.0,0.0,0.0,-92.24582264021419,410.6789408518045,1076.4269689643475,707.7679873158057,672,672,0.06599879491869258,0.029237480379879395
A3,roll_02,rf,2026-01-20 21:00:00+00:00,2026-01-20 22:00:00+00:00,0,1,2025-12-08T00:00:00+00:00,2026-01-19T00:00:00+00:00,2026-01-19T00:00:00+00:00,2026-01-26T00:00:00+00:00,532.8753846346667,991.4122446798189,-458.536860045152,0,night,0,0.0,0,1,0,0,0,0,0,0,0,0,0,0,0,0,0,0,0,0,0,0,0,0,0,0,1,813.2224330626667,1239.3215171065278,568.0186646560555,1097.120321607,21,0.7071067811865474,-0.7071067811865477,0,0,1,3.733819858222222,4.900254803388889,4.616484813166667,3.315242828777778,17.823669394694445,19.92269649358333,18.163473134916668,18.144430832972223,0.0,0.0,0.0,0.0,-92.24582264021419,410.6789408518045,1076.4269689643475,707.7679873158057,672,672,0.8919158032432828,0.7679798946418698
A3,roll_02,rf,2026-01-20 22:00:00+00:00,2026-01-20 23:00:00+00:00,0,1,2025-12-08T00:00:00+00:00,2026-01-19T00:00:00+00:00,2026-01-19T00:00:00+00:00,2026-01-26T00:00:00+00:00,374.928417115,529.2281145723662,-154.29969745736616,0,night,0,0.0,0,1,0,0,0,0,0,0,0,0,0,0,0,0,0,0,0,0,0,0,0,0,0,0,1,1323.4556494799722,1097.120321607,461.19813976011113,532.8753846346667,22,0.8660254037844384,-0.5000000000000004,0,0,1,2.806227175638889,4.787616396777778,3.733819858222222,2.735980420083333,21.387805783944444,19.833271056222223,17.823669394694445,18.098196491611112,0.0,0.0,0.0,0.0,-92.24582264021419,410.6789408518045,1076.4269689643475,707.7679873158057,672,672,0.1511006984883221,0.9911419623678729
A3,roll_02,rf,2026-01-20 23:00:00+00:00,2026-01-21 00:00:00+00:00,0,1,2025-12-08T00:00:00+00:00,2026-01-19T00:00:00+00:00,2026-01-19T00:00:00+00:00,2026-01-26T00:00:00+00:00,373.7627816694167,416.1620416829856,-42.39926001356889,0,night,0,0.0,0,1,0,0,0,0,0,0,0,0,0,0,0,0,0,0,0,0,0,0,0,0,0,0,1,690.983777113111,532.8753846346667,356.1728901926111,374.928417115,23,0.965925826289068,-0.2588190451025215,0,0,1,2.466718193027777,4.36980794625,2.806227175638889,2.691163158333333,17.90830201163889,19.88424536811112,21.387805783944444,18.135445305027776,0.0,0.0,0.0,0.0,-92.24582264021419,410.6789408518045,1076.4269689643475,707.7679873158057,672,672,0.12137598904695887,0.9927888798132408
A3,roll_02,rf,2026-01-21 00:00:00+00:00,2026-01-21 01:00:00+00:00,0,1,2025-12-08T00:00:00+00:00,2026-01-19T00:00:00+00:00,2026-01-19T00:00:00+00:00,2026-01-26T00:00:00+00:00,382.08433273438885,393.3384794012911,-11.254146666902273,0,night,0,0.0,0,1,0,1,1,0,1,0,0,0,1,0,1,0,1,0,0,0,1,0,0,0,0,0,2,373.91198171711113,374.928417115,357.6195414715833,373.7627816694167,0,1.0,0.0,0,0,1,1.8242255221388888,4.374367734083333,2.466718193027777,3.258476226361111,18.307477434611112,20.386578095,17.90830201163889,18.171040281166665,0.0,0.0,0.0,0.0,-92.24582264021419,410.6789408518045,1076.4269689643475,707.7679873158057,672,672,0.1972140957735112,0.9810314236777471
A3,roll_02,rf,2026-01-21 01:00:00+00:00,2026-01-21 02:00:00+00:00,0,1,2025-12-08T00:00:00+00:00,2026-01-19T00:00:00+00:00,2026-01-19T00:00:00+00:00,2026-01-26T00:00:00+00:00,365.3667726035,409.1174903256082,-43.75071772210816,0,night,0,0.0,0,1,0,0,0,0,0,0,0,0,0,0,0,0,0,0,0,0,0,0,0,0,0,0,2,370.08383153427775,373.7627816694167,383.7339380009167,382.08433273438885,1,0.9659258262890684,0.2588190451025207,0,0,1,1.5080317470555558,4.301661179916667,1.8242255221388888,3.905557372666667,18.29967807894444,20.26065134986111,18.307477434611112,18.144093502972225,0.0,0.0,0.0,0.0,-92.24582264021419,410.6789408518045,1076.4269689643475,707.7679873158057,672,672,0.11808520012621178,1.0046515370913105
A3,roll_02,rf,2026-01-21 02:00:00+00:00,2026-01-21 03:00:00+00:00,0,1,2025-12-08T00:00:00+00:00,2026-01-19T00:00:00+00:00,2026-01-19T00:00:00+00:00,2026-01-26T00:00:00+00:00,371.9783939987778,407.5198498678534,-35.541455869075605,0,night,0,0.0,0,1,0,0,0,0,0,0,0,0,0,0,0,0,0,0,0,0,0,0,0,0,0,0,2,363.9680898908056,382.08433273438885,363.2547627211111,365.3667726035,2,0.8660254037844387,0.4999999999999999,0,0,1,1.2603411373055555,4.175813798388888,1.5080317470555558,4.134615724138889,18.21223012147222,20.36533343461111,18.29967807894444,18.23647207447222,0.0,0.0,0.0,0.0,-92.24582264021419,410.6789408518045,1076.4269689643475,707.7679873158057,672,672,0.13807468835272133,0.995310027565919
A3,roll_02,rf,2026-01-21 03:00:00+00:00,2026-01-21 04:00:00+00:00,0,1,2025-12-08T00:00:00+00:00,2026-01-19T00:00:00+00:00,2026-01-19T00:00:00+00:00,2026-01-26T00:00:00+00:00,1049.641280434889,669.9145205370698,379.7267598978192,0,night,0,0.0,0,1,0,0,0,0,0,0,0,0,0,0,0,0,0,0,0,0,0,0,0,0,0,0,2,367.8678755790834,365.3667726035,365.0164142213889,371.9783939987778,3,0.7071067811865476,0.7071067811865476,0,0,1,0.6434714743888889,4.060635091555556,1.2603411373055555,4.029189530722222,18.30506088336111,20.23459653830556,18.21223012147222,18.45093115375,0.0,0.0,0.0,0.0,-92.24582264021419,410.6789408518045,1076.4269689643475,707.7679873158057,672,672,1.1492495367770685,0.03784529536443509
A3,roll_02,rf,2026-01-21 04:00:00+00:00,2026-01-21 05:00:00+00:00,0,1,2025-12-08T00:00:00+00:00,2026-01-19T00:00:00+00:00,2026-01-19T00:00:00+00:00,2026-01-26T00:00:00+00:00,2165.628261214222,2046.8790953498697,118.74916586435234,0,night,0,0.0,0,1,0,0,0,0,0,0,0,0,0,0,0,0,0,0,0,0,0,0,0,0,0,0,2,1021.3973762487502,371.9783939987778,1039.7831993372222,1049.641280434889,4,0.5000000000000001,0.8660254037844386,0,0,1,0.5259598769722222,4.003444144972222,0.6434714743888889,4.2755308662500005,18.346101567916666,20.134824625472223,18.30506088336111,18.48283673330556,0.0,0.0,0.0,0.0,-92.24582264021419,410.6789408518045,1076.4269689643475,707.7679873158057,672,672,0.5137711421650547,1.5389242121286755
A3,roll_02,rf,2026-01-21 05:00:00+00:00,2026-01-21 06:00:00+00:00,0,1,2025-12-08T00:00:00+00:00,2026-01-19T00:00:00+00:00,2026-01-19T00:00:00+00:00,2026-01-26T00:00:00+00:00,2007.6322741502224,2175.2605970465083,-167.6283228962859,0,night,0,0.0,0,1,0,0,0,0,0,0,0,0,0,0,0,0,0,0,0,0,0,0,0,0,0,0,2,2059.780215135472,1049.641280434889,1994.0688999676115,2165.628261214222,5,0.2588190451025207,0.9659258262890684,0,0,1,0.3656367874444444,4.117087354722222,0.5259598769722222,4.0833006567500005,18.44876204208333,20.124028981166667,18.346101567916666,18.61474645088889,0.0,0.0,0.0,0.0,-92.24582264021419,410.6789408518045,1076.4269689643475,707.7679873158057,672,672,0.18355579689505888,1.3156928850617422
A3,roll_02,rf,2026-01-21 06:00:00+00:00,2026-01-21 07:00:00+00:00,0,1,2025-12-08T00:00:00+00:00,2026-01-19T00:00:00+00:00,2026-01-19T00:00:00+00:00,2026-01-26T00:00:00+00:00,1787.7926135424725,1916.95284752575,-129.16023398327752,0,night,0,0.0,0,1,0,0,0,0,0,0,0,0,0,0,0,0,0,0,0,0,0,0,0,0,0,0,2,1951.7951114496389,2165.628261214222,2029.167694873528,2007.6322741502224,6,6.123233995736766e-17,1.0,0,0,1,0.0914363476111111,4.254348787194444,0.3656367874444444,3.4344617149444443,18.20441595636111,19.934132118,18.44876204208333,18.44960326755556,0.0,0.0,0.0,0.0,-92.24582264021419,410.6789408518045,1076.4269689643475,707.7679873158057,672,672,0.08988630209890426,1.0050831025516758
A3,roll_02,rf,2026-01-21 07:00:00+00:00,2026-01-21 08:00:00+00:00,0,1,2025-12-08T00:00:00+00:00,2026-01-19T00:00:00+00:00,2026-01-19T00:00:00+00:00,2026-01-26T00:00:00+00:00,1396.283928898889,1877.513216666988,-481.2292877680991,1,low,0,0.0,0,1,0,0,0,0,0,0,0,0,0,0,0,0,0,0,0,0,0,0,0,0,0,0,2,1687.1433126186946,2007.6322741502224,2071.0094555605,1787.7926135424725,7,-0.2588190451025206,0.9659258262890684,0,0,1,0.4624889772777778,4.355129028611111,0.0914363476111111,3.243632700527778,18.099627230388887,19.907104928583333,18.20441595636111,18.262677875222224,88.74529710644445,0.0,0.0,25.396158990166665,-92.24582264021419,410.6789408518045,1076.4269689643475,707.7679873158057,672,672,0.9471716867708867,0.4519234631501092
A3,roll_02,rf,2026-01-21 08:00:00+00:00,2026-01-21 09:00:00+00:00,0,1,2025-12-08T00:00:00+00:00,2026-01-19T00:00:00+00:00,2026-01-19T00:00:00+00:00,2026-01-26T00:00:00+00:00,1012.9496219223612,1618.9209112113042,-605.971289288943,1,med,0,0.0,0,1,0,0,0,0,0,0,0,0,0,0,0,0,0,0,0,0,0,0,0,0,0,0,2,1700.1424731680556,1787.7926135424725,1907.5549124286945,1396.283928898889,8,-0.4999999999999998,0.8660254037844387,0,0,1,2.0457270672222223,4.627706611055555,0.4624889772777778,3.802172906555555,18.33234830197222,20.452670910722222,18.099627230388887,18.28468123055556,506.86706511469447,0.0,88.74529710644445,287.3037690233889,-92.24582264021419,410.6789408518045,1076.4269689643475,707.7679873158057,672,672,1.2509174821167885,0.08968666028923218
A3,roll_02,rf,2026-01-21 09:00:00+00:00,2026-01-21 10:00:00+00:00,0,1,2025-12-08T00:00:00+00:00,2026-01-19T00:00:00+00:00,2026-01-19T00:00:00+00:00,2026-01-26T00:00:00+00:00,755.3586427439723,1208.5597696720947,-453.2011269281225,1,med,0,0.0,0,1,0,0,0,0,0,0,0,0,0,0,0,0,0,0,0,0,0,0,0,0,0,0,2,1616.381493539,1396.283928898889,720.9783473233889,1012.9496219223612,9,-0.7071067811865475,0.7071067811865476,0,0,1,3.9313944355833335,5.024308661138889,2.0457270672222223,5.253853115111111,18.699979865277776,20.41466703861111,18.33234830197222,18.12476716330556,949.0842489008888,115.05220435744444,506.86706511469447,621.6916147889167,-92.24582264021419,410.6789408518045,1076.4269689643475,707.7679873158057,672,672,0.8789233349517205,0.4536349933514507
A3,roll_02,rf,2026-01-21 10:00:00+00:00,2026-01-21 11:00:00+00:00,0,1,2025-12-08T00:00:00+00:00,2026-01-19T00:00:00+00:00,2026-01-19T00:00:00+00:00,2026-01-26T00:00:00+00:00,53.140800646916695,918.605508171263,-865.4647075243463,1,high,0,0.0,0,2,0,0,0,0,0,0,0,0,0,0,0,0,0,0,0,0,0,0,0,0,0,0,2,1771.2370990303614,1012.9496219223612,151.7976551743889,755.3586427439723,10,-0.8660254037844387,0.4999999999999999,0,0,1,5.315615807527778,5.432306789416667,3.9313944355833335,6.455607524222223,19.066515733777777,20.172151427166664,18.699979865277776,18.34517670655556,1313.273773081028,33.43036787752778,949.0842489008888,959.4708232418888,-92.24582264021419,410.6789408518045,1076.4269689643475,707.7679873158057,672,672,1.8827819203009777,1.445793235433296
A3,roll_02,rf,2026-01-21 11:00:00+00:00,2026-01-21 12:00:00+00:00,0,1,2025-12-08T00:00:00+00:00,2026-01-19T00:00:00+00:00,2026-01-19T00:00:00+00:00,2026-01-26T00:00:00+00:00,-768.0917536371389,486.8230745203143,-1254.9148281574533,1,high,0,0.0,0,2,0,0,0,0,0,0,0,0,0,0,0,0,0,0,0,0,0,0,0,0,0,0,2,1698.523145841389,755.3586427439723,787.0186959797501,53.140800646916695,11,-0.9659258262890682,0.258819045102521,0,0,1,6.909244716555556,5.742981328027778,5.315615807527778,6.95239593825,19.08309364155556,19.860319106222224,19.066515733777777,18.396018660722223,1427.9776504355557,89.70113270638889,1313.273773081028,590.2926090344722,-92.24582264021419,410.6789408518045,1076.4269689643475,707.7679873158057,672,672,2.8310899095670794,2.6061064581301316
A3,roll_02,rf,2026-01-21 12:00:00+00:00,2026-01-21 13:00:00+00:00,0,1,2025-12-08T00:00:00+00:00,2026-01-19T00:00:00+00:00,2026-01-19T00:00:00+00:00,2026-01-26T00:00:00+00:00,452.3195190723055,-354.47648323736456,806.79600230967,1,high,0,0.0,0,2,1,0,0,0,0,0,0,0,0,0,0,0,0,0,0,0,0,0,0,0,0,0,2,986.6906551339166,53.140800646916695,-140.12853059388888,-768.0917536371389,12,-1.0,1.2246467991473532e-16,0,0,1,8.880089984972221,6.181814728333333,6.909244716555556,7.796212953166666,18.484981089805554,19.29081991602777,19.08309364155556,17.971774747861108,1346.315216830611,108.82108360533334,1427.9776504355557,566.0869300739722,-92.24582264021419,410.6789408518045,1076.4269689643475,707.7679873158057,672,672,2.1891597925258792,0.8817966637046633
A3,roll_02,rf,2026-01-21 13:00:00+00:00,2026-01-21 14:00:00+00:00,0,1,2025-12-08T00:00:00+00:00,2026-01-19T00:00:00+00:00,2026-01-19T00:00:00+00:00,2026-01-26T00:00:00+00:00,66.48684730938892,525.9765537499345,-459.4897064405456,1,med,0,0.0,0,3,0,0,0,0,0,0,0,0,0,0,0,0,0,0,0,0,0,0,0,0,0,0,2,1215.6235662438055,-768.0917536371389,90.30469802694444,452.3195190723055,13,-0.9659258262890684,-0.2588190451025208,0,0,1,10.48915223186111,6.522614021444444,8.880089984972221,7.90864646013889,18.524133185916664,19.14399669966667,18.484981089805554,17.30683716836111,1073.8044294135832,44.19311912005556,1346.315216830611,232.06871784988888,-92.24582264021419,410.6789408518045,1076.4269689643475,707.7679873158057,672,672,0.8942359767428474,1.4269367077269683
A3,roll_02,rf,2026-01-21 14:00:00+00:00,2026-01-21 15:00:00+00:00,0,1,2025-12-08T00:00:00+00:00,2026-01-19T00:00:00+00:00,2026-01-19T00:00:00+00:00,2026-01-26T00:00:00+00:00,359.87914049975,638.400950142727,-278.52180964297696,1,med,0,0.0,0,3,0,0,0,0,0,0,0,0,0,0,0,0,0,0,0,0,0,0,0,0,0,0,2,1567.194707997861,452.3195190723055,1579.226911155389,66.48684730938892,14,-0.8660254037844388,-0.4999999999999997,0,0,1,10.873624103916669,6.668629153166666,10.48915223186111,7.004071844694444,17.64684908008333,19.106394929388888,18.524133185916664,18.014104303444444,664.2745502861944,0.0,1073.8044294135832,65.92271638830555,-92.24582264021419,410.6789408518045,1076.4269689643475,707.7679873158057,672,672,0.4535805673804476,1.0124049707052858
A3,roll_02,rf,2026-01-21 15:00:00+00:00,2026-01-21 16:00:00+00:00,0,1,2025-12-08T00:00:00+00:00,2026-01-19T00:00:00+00:00,2026-01-19T00:00:00+00:00,2026-01-26T00:00:00+00:00,3501.792804637556,591.5695383364794,2910.2232663010764,1,low,0,0.0,0,2,0,0,0,0,0,0,0,0,0,0,0,0,0,0,0,0,0,0,0,0,0,0,2,1578.744458172111,66.48684730938892,1514.7609178625555,359.87914049975,15,-0.7071067811865479,-0.7071067811865471,0,0,1,9.67541222338889,6.565780549027778,10.873624103916669,6.226552915722222,17.73781377975,19.14164701436111,17.64684908008333,17.985049249555555,144.55603472877775,0.0,664.2745502861944,0.0,-92.24582264021419,410.6789408518045,1076.4269689643475,707.7679873158057,672,672,7.310988683066528,3.426780921345926
A3,roll_02,rf,2026-01-21 16:00:00+00:00,2026-01-21 17:00:00+00:00,0,1,2025-12-08T00:00:00+00:00,2026-01-19T00:00:00+00:00,2026-01-19T00:00:00+00:00,2026-01-26T00:00:00+00:00,3139.28925536575,1967.6058611642716,1171.6833942014784,0,night,0,0.0,0,2,0,0,0,0,0,0,0,0,0,0,0,0,0,0,0,0,0,0,0,0,0,0,2,1624.9310390754445,359.87914049975,1201.4197669487778,3501.792804637556,16,-0.5000000000000004,-0.8660254037844385,0,0,1,6.537365921777777,6.580184991083333,9.67541222338889,5.539642565916666,17.606137597472223,19.24061198258333,17.73781377975,17.38080857111111,0.0,0.0,144.55603472877775,0.0,-92.24582264021419,410.6789408518045,1076.4269689643475,707.7679873158057,672,672,3.077657729953549,2.9146024168523947
A3,roll_02,rf,2026-01-21 17:00:00+00:00,2026-01-21 18:00:00+00:00,0,1,2025-12-08T00:00:00+00:00,2026-01-19T00:00:00+00:00,2026-01-19T00:00:00+00:00,2026-01-26T00:00:00+00:00,3084.578836987528,2536.551481961016,548.0273550265124,0,night,0,0.0,0,1,0,0,0,0,0,0,0,0,0,0,0,0,0,0,0,0,0,0,0,0,0,0,2,1793.6743844524724,3501.792804637556,753.0024936381111,3139.28925536575,17,-0.2588190451025206,-0.9659258262890684,0,0,1,4.898183921,6.7399584603888885,6.537365921777777,5.106537856944445,17.69062399725,18.989385271777778,17.606137597472223,17.944962672305554,0.0,0.0,0.0,0.0,-92.24582264021419,410.6789408518045,1076.4269689643475,707.7679873158057,672,672,1.559060165925996,2.8373024833166753
A3,roll_02,rf,2026-01-21 18:00:00+00:00,2026-01-21 19:00:00+00:00,0,1,2025-12-08T00:00:00+00:00,2026-01-19T00:00:00+00:00,2026-01-19T00:00:00+00:00,2026-01-26T00:00:00+00:00,3033.668790060889,2572.0967474853046,461.5720425755844,0,night,0,0.0,0,1,0,0,0,0,0,0,0,0,0,0,0,0,0,0,0,0,0,0,0,0,0,0,2,1048.612189175861,3139.28925536575,1059.3235259904168,3084.578836987528,18,-1.8369701987210287e-16,-1.0,0,0,1,4.040946171194444,7.065830788222222,4.898183921,5.047560526333333,17.300488013416665,19.395188082444445,17.69062399725,17.76713559486111,0.0,0.0,0.0,0.0,-92.24582264021419,410.6789408518045,1076.4269689643475,707.7679873158057,672,672,1.3485421581810462,2.7653720656670804
A3,roll_02,rf,2026-01-21 19:00:00+00:00,2026-01-21 20:00:00+00:00,0,1,2025-12-08T00:00:00+00:00,2026-01-19T00:00:00+00:00,2026-01-19T00:00:00+00:00,2026-01-26T00:00:00+00:00,2886.9925662115,2574.159920659045,312.83264555245523,0,night,0,0.0,0,1,0,0,0,0,0,0,0,0,0,0,0,0,0,0,0,0,0,0,0,0,0,0,2,1797.1453520931666,3084.578836987528,2397.7932220235834,3033.668790060889,19,0.2588190451025203,-0.9659258262890684,0,0,1,3.191824916555556,6.7976319745,4.040946171194444,4.7790201357777775,17.536376965666665,20.13497632016667,17.300488013416665,18.29565681925,0.0,0.0,0.0,0.0,-92.24582264021419,410.6789408518045,1076.4269689643475,707.7679873158057,672,672,0.9863628929997752,2.558134345852067
A3,roll_02,rf,2026-01-21 20:00:00+00:00,2026-01-21 21:00:00+00:00,0,1,2025-12-08T00:00:00+00:00,2026-01-19T00:00:00+00:00,2026-01-19T00:00:00+00:00,2026-01-26T00:00:00+00:00,2551.3509306884166,2234.8185618632,316.53236882521696,0,night,0,0.0,0,1,0,0,0,0,0,0,0,0,0,0,0,0,0,0,0,0,0,0,0,0,0,0,2,741.7054459836112,3033.668790060889,1239.3215171065278,2886.9925662115,20,0.5000000000000001,-0.8660254037844386,0,0,1,2.487087112333333,6.660144965333333,3.191824916555556,4.616484813166667,17.762063201333333,19.98757817386112,17.536376965666665,18.163473134916668,0.0,0.0,0.0,0.0,-92.24582264021419,410.6789408518045,1076.4269689643475,707.7679873158057,672,672,0.9953716901518473,2.0839088347548542
A3,roll_02,rf,2026-01-21 21:00:00+00:00,2026-01-21 22:00:00+00:00,0,1,2025-12-08T00:00:00+00:00,2026-01-19T00:00:00+00:00,2026-01-19T00:00:00+00:00,2026-01-26T00:00:00+00:00,2388.614872440278,2120.324822566668,268.29004987360986,0,night,0,0.0,0,1,0,0,0,0,0,0,0,0,0,0,0,0,0,0,0,0,0,0,0,0,0,0,2,554.3527368332501,2886.9925662115,1097.120321607,2551.3509306884166,21,0.7071067811865474,-0.7071067811865477,0,0,1,1.9324537458333333,6.3999320517500005,2.487087112333333,3.733819858222222,17.464727486527778,19.87022840075,17.762063201333333,17.823669394694445,0.0,0.0,0.0,0.0,-92.24582264021419,410.6789408518045,1076.4269689643475,707.7679873158057,672,672,0.8779020218714483,1.8539802972049835
A3,roll_02,rf,2026-01-21 22:00:00+00:00,2026-01-21 23:00:00+00:00,0,1,2025-12-08T00:00:00+00:00,2026-01-19T00:00:00+00:00,2026-01-19T00:00:00+00:00,2026-01-26T00:00:00+00:00,1967.8965871302496,2131.701364778549,-163.80477764829925,0,night,0,0.0,0,1,0,0,0,0,0,0,0,0,0,0,0,0,0,0,0,0,0,0,0,0,0,0,2,374.6190320515,2551.3509306884166,532.8753846346667,2388.614872440278,22,0.8660254037844384,-0.5000000000000004,0,0,1,1.30014670125,6.275947400166667,1.9324537458333333,2.806227175638889,17.690357956194443,19.746410043166662,17.464727486527778,21.387805783944444,0.0,0.0,0.0,0.0,-92.24582264021419,410.6789408518045,1076.4269689643475,707.7679873158057,672,672,0.1742454942044556,1.2595506354374415
A3,roll_02,rf,2026-01-21 23:00:00+00:00,2026-01-22 00:00:00+00:00,0,1,2025-12-08T00:00:00+00:00,2026-01-19T00:00:00+00:00,2026-01-19T00:00:00+00:00,2026-01-26T00:00:00+00:00,387.7841801272222,1819.0610426093613,-1431.276862482139,0,night,0,0.0,0,1,0,0,0,0,0,0,0,0,0,0,0,0,0,0,0,0,0,0,0,0,0,0,2,391.3148025667222,2388.614872440278,374.928417115,1967.8965871302496,23,0.965925826289068,-0.2588190451025215,0,0,1,0.8794424397222222,6.070554045388889,1.30014670125,2.466718193027777,17.751566612944444,20.0141855075,17.690357956194443,17.90830201163889,0.0,0.0,0.0,0.0,-92.24582264021419,410.6789408518045,1076.4269689643475,707.7679873158057,672,672,3.2605300799320043,0.972978152697733
A3,roll_02,rf,2026-01-22 00:00:00+00:00,2026-01-22 01:00:00+00:00,0,1,2025-12-08T00:00:00+00:00,2026-01-19T00:00:00+00:00,2026-01-19T00:00:00+00:00,2026-01-26T00:00:00+00:00,375.648988568,975.7001098049352,-600.0511212369354,0,night,0,0.0,0,1,0,0,0,0,0,0,0,0,0,0,0,0,0,0,0,0,0,0,0,0,0,0,3,367.0031919465834,1967.8965871302496,373.7627816694167,387.7841801272222,0,1.0,0.0,0,0,1,0.7327373778333334,6.013936589527778,0.8794424397222222,1.8242255221388888,18.514657144027776,20.45064362852778,17.751566612944444,18.307477434611112,0.0,0.0,0.0,0.0,-92.24582264021419,410.6789408518045,1076.4269689643475,707.7679873158057,672,672,1.2365019193423048,0.9901238724486993
A3,roll_02,rf,2026-01-22 01:00:00+00:00,2026-01-22 02:00:00+00:00,0,1,2025-12-08T00:00:00+00:00,2026-01-19T00:00:00+00:00,2026-01-19T00:00:00+00:00,2026-01-26T00:00:00+00:00,370.6715177761111,408.9242343156288,-38.25271653951768,0,night,0,0.0,0,1,0,0,0,0,0,0,0,0,0,0,0,0,0,0,0,0,0,0,0,0,0,0,3,371.0505770755,387.7841801272222,382.08433273438885,375.648988568,1,0.9659258262890684,0.2588190451025207,0,0,1,0.5019400923611111,6.036887216611111,0.7327373778333334,1.5080317470555558,18.432809342444443,20.43497777380556,18.514657144027776,18.29967807894444,0.0,0.0,0.0,0.0,-92.24582264021419,410.6789408518045,1076.4269689643475,707.7679873158057,672,672,0.13147278988473915,0.9971565030297542
A3,roll_02,rf,2026-01-22 02:00:00+00:00,2026-01-22 03:00:00+00:00,0,1,2025-12-08T00:00:00+00:00,2026-01-19T00:00:00+00:00,2026-01-19T00:00:00+00:00,2026-01-26T00:00:00+00:00,372.0987236639445,415.4874509726757,-43.38872730873118,0,night,0,0.0,0,1,0,0,0,0,0,0,0,0,0,0,0,0,0,0,0,0,0,0,0,0,0,0,3,364.3398802528056,375.648988568,365.3667726035,370.6715177761111,2,0.8660254037844387,0.4999999999999999,0,0,1,0.3487736218611111,6.034736897444444,0.5019400923611111,1.2603411373055555,18.54445086038889,20.54579069075,18.432809342444443,18.21223012147222,0.0,0.0,0.0,0.0,-92.24582264021419,410.6789408518045,1076.4269689643475,707.7679873158057,672,672,0.118966643943677,0.9951400146982518
A3,roll_02,rf,2026-01-22 03:00:00+00:00,2026-01-22 04:00:00+00:00,0,1,2025-12-08T00:00:00+00:00,2026-01-19T00:00:00+00:00,2026-01-19T00:00:00+00:00,2026-01-26T00:00:00+00:00,1036.0452877571945,661.3903024585219,374.6549852986726,0,night,0,0.0,0,1,0,0,0,0,0,0,0,0,0,0,0,0,0,0,0,0,0,0,0,0,0,0,3,373.5574161077223,370.6715177761111,371.9783939987778,372.0987236639445,3,0.7071067811865476,0.7071067811865476,0,0,1,0.2133146070555555,5.914457750944444,0.3487736218611111,0.6434714743888889,18.459798990916667,20.35707342683333,18.54445086038889,18.30506088336111,0.0,0.0,0.0,0.0,-92.24582264021419,410.6789408518045,1076.4269689643475,707.7679873158057,672,672,1.136899805406312,0.05705496989246374
A3,roll_02,rf,2026-01-22 04:00:00+00:00,2026-01-22 05:00:00+00:00,0,1,2025-12-08T00:00:00+00:00,2026-01-19T00:00:00+00:00,2026-01-19T00:00:00+00:00,2026-01-26T00:00:00+00:00,1958.2742827319444,2044.768115586996,-86.49383285505178,0,night,0,0.0,0,0,0,0,0,0,0,0,0,0,0,0,0,0,0,0,0,0,0,0,0,0,0,0,3,1052.1522978683056,372.0987236639445,1049.641280434889,1036.0452877571945,4,0.5000000000000001,0.8660254037844386,0,0,1,-0.1355967138611111,5.925028980166666,0.2133146070555555,0.5259598769722222,18.305206327277777,20.59579628066667,18.459798990916667,18.346101567916666,0.0,0.0,0.0,0.0,-92.24582264021419,410.6789408518045,1076.4269689643475,707.7679873158057,672,672,0.01400605001374551,1.2459553548218296
A3,roll_02,rf,2026-01-22 05:00:00+00:00,2026-01-22 06:00:00+00:00,0,1,2025-12-08T00:00:00+00:00,2026-01-19T00:00:00+00:00,2026-01-19T00:00:00+00:00,2026-01-26T00:00:00+00:00,1980.8106362188057,2185.9412471762275,-205.13061095742185,0,night,0,0.0,0,0,0,0,0,0,0,0,0,0,0,0,0,0,0,0,0,0,0,0,0,0,0,0,3,2039.245831840444,1036.0452877571945,2165.628261214222,1958.2742827319444,5,0.2588190451025207,0.9659258262890684,0,0,1,-0.2067956863333333,5.866083384027778,-0.1355967138611111,0.3656367874444444,18.570810667694445,20.27639611691667,18.305206327277777,18.44876204208333,0.0,0.0,0.0,0.0,-92.24582264021419,410.6789408518045,1076.4269689643475,707.7679873158057,672,672,0.2748735741917253,1.2777967970610158
A3,roll_02,rf,2026-01-22 06:00:00+00:00,2026-01-22 07:00:00+00:00,0,1,2025-12-08T00:00:00+00:00,2026-01-19T00:00:00+00:00,2026-01-19T00:00:00+00:00,2026-01-26T00:00:00+00:00,1778.5049296098057,1904.1097975460711,-125.60486793626546,0,night,0,0.0,0,0,0,0,0,0,0,0,0,0,0,0,0,0,0,0,0,0,0,0,0,0,0,0,3,2008.2256900938053,1958.2742827319444,2007.6322741502224,1980.8106362188057,6,6.123233995736766e-17,1.0,0,0,1,-0.3390546419444444,5.855689930055555,-0.2067956863333333,0.0914363476111111,18.560011663194445,19.47680676319445,18.570810667694445,18.20441595636111,0.0,0.0,0.0,0.0,-92.24582264021419,410.6789408518045,1076.4269689643475,707.7679873158057,672,672,0.08122901365933212,0.9919606046440066
A3,roll_02,rf,2026-01-22 07:00:00+00:00,2026-01-22 08:00:00+00:00,0,1,2025-12-08T00:00:00+00:00,2026-01-19T00:00:00+00:00,2026-01-19T00:00:00+00:00,2026-01-26T00:00:00+00:00,1415.566902312361,1859.7824974708117,-444.21559515845047,1,low,0,0.0,0,1,0,0,0,0,0,0,0,0,0,0,0,0,0,0,0,0,0,0,0,0,0,0,3,1864.800559224361,1980.8106362188057,1787.7926135424725,1778.5049296098057,7,-0.2588190451025206,0.9659258262890684,0,0,1,0.0412508166666666,5.939965576,-0.3390546419444444,0.4624889772777778,18.17753363780556,18.746181867083333,18.560011663194445,18.099627230388887,50.5301981471389,0.0,0.0,88.74529710644445,-92.24582264021419,410.6789408518045,1076.4269689643475,707.7679873158057,672,672,0.8570436355665149,0.4791682294563705
A3,roll_02,rf,2026-01-22 08:00:00+00:00,2026-01-22 09:00:00+00:00,0,1,2025-12-08T00:00:00+00:00,2026-01-19T00:00:00+00:00,2026-01-19T00:00:00+00:00,2026-01-26T00:00:00+00:00,1170.112685329639,1658.885479274378,-488.7727939447391,1,med,0,0.0,0,1,0,0,0,0,0,0,0,0,0,0,0,0,0,0,0,0,0,0,0,0,0,0,3,1891.1646381102776,1778.5049296098057,1396.283928898889,1415.566902312361,8,-0.4999999999999998,0.8660254037844387,0,0,1,1.056784193527778,6.0540732603333325,0.0412508166666666,2.0457270672222223,18.45113440808333,19.051684740972224,18.17753363780556,18.33234830197222,442.9227532967777,0.0,50.5301981471389,506.86706511469447,-92.24582264021419,410.6789408518045,1076.4269689643475,707.7679873158057,672,672,0.9655400651469332,0.13236783528539126
A3,roll_02,rf,2026-01-22 09:00:00+00:00,2026-01-22 10:00:00+00:00,0,1,2025-12-08T00:00:00+00:00,2026-01-19T00:00:00+00:00,2026-01-19T00:00:00+00:00,2026-01-26T00:00:00+00:00,912.1677645943888,1323.4132376536445,-411.2454730592557,1,med,0,0.0,0,1,0,0,0,0,0,0,0,0,0,0,0,0,0,0,0,0,0,0,0,0,0,0,3,1853.015352479528,1415.566902312361,1012.9496219223612,1170.112685329639,9,-0.7071067811865475,0.7071067811865476,0,0,1,2.4946484179722224,6.356309699972222,1.056784193527778,3.9313944355833335,18.912593772,20.157227171944445,18.45113440808333,18.699979865277776,833.8091316924166,71.04931229527777,442.9227532967777,949.0842489008888,-92.24582264021419,410.6789408518045,1076.4269689643475,707.7679873158057,672,672,0.7767616468411855,0.23208057910743887
A3,roll_02,rf,2026-01-22 10:00:00+00:00,2026-01-22 11:00:00+00:00,0,1,2025-12-08T00:00:00+00:00,2026-01-19T00:00:00+00:00,2026-01-19T00:00:00+00:00,2026-01-26T00:00:00+00:00,979.6024800058332,1025.2852486042764,-45.6827685984432,1,med,0,0.0,0,1,0,0,0,0,0,0,0,0,0,0,0,0,0,0,0,0,0,0,0,0,0,0,3,1753.4225527633614,1170.112685329639,755.3586427439723,912.1677645943888,10,-0.8660254037844387,0.4999999999999999,0,0,1,3.215811578611111,7.095990240444444,2.4946484179722224,5.315615807527778,19.38619283925,19.88121188980556,18.912593772,19.066515733777777,1190.1841393934444,190.55258295625003,833.8091316924166,1313.273773081028,-92.24582264021419,410.6789408518045,1076.4269689643475,707.7679873158057,672,672,0.11338067139550137,0.13680258318226426
A3,roll_02,rf,2026-01-22 11:00:00+00:00,2026-01-22 12:00:00+00:00,0,1,2025-12-08T00:00:00+00:00,2026-01-19T00:00:00+00:00,2026-01-19T00:00:00+00:00,2026-01-26T00:00:00+00:00,926.4931066359444,1068.8900415915284,-142.39693495558402,1,med,0,0.0,0,1,0,0,0,0,0,0,0,0,0,0,0,0,0,0,0,0,0,0,0,0,0,0,3,1683.7846975026666,912.1677645943888,53.140800646916695,979.6024800058332,11,-0.9659258262890682,0.258819045102521,0,0,1,4.084419063944444,7.735721079805555,3.215811578611111,6.909244716555556,19.31657935863889,23.38672065052777,19.38619283925,19.08309364155556,1082.5123078365275,176.48683570197224,1190.1841393934444,1427.9776504355557,-92.24582264021419,410.6789408518045,1076.4269689643475,707.7679873158057,672,672,0.12211756515040566,0.2118404124168202
A3,roll_02,rf,2026-01-22 12:00:00+00:00,2026-01-22 13:00:00+00:00,0,1,2025-12-08T00:00:00+00:00,2026-01-19T00:00:00+00:00,2026-01-19T00:00:00+00:00,2026-01-26T00:00:00+00:00,-104.81881332361114,1037.321161743034,-1142.139975066645,1,med,0,0.0,0,2,0,0,0,0,0,0,0,0,0,0,0,0,0,0,0,0,0,0,0,0,0,0,3,662.9256880891389,979.6024800058332,-768.0917536371389,926.4931066359444,12,-1.0,1.2246467991473532e-16,0,0,1,5.38599788475,7.640280755611111,4.084419063944444,8.880089984972221,19.65373982686111,18.96813179475,19.31657935863889,18.484981089805554,1175.6683752016668,137.67527449247223,1082.5123078365275,1346.315216830611,-92.24582264021419,410.6789408518045,1076.4269689643475,707.7679873158057,672,672,2.5564840267894096,1.6689731712334246
A3,roll_02,rf,2026-01-22 13:00:00+00:00,2026-01-22 14:00:00+00:00,0,1,2025-12-08T00:00:00+00:00,2026-01-19T00:00:00+00:00,2026-01-19T00:00:00+00:00,2026-01-26T00:00:00+00:00,1036.759236264139,210.8762145693324,825.8830216948065,1,med,0,0.0,0,2,1,0,0,0,0,0,0,0,0,0,0,0,0,0,0,0,0,0,0,0,0,0,3,1670.502586263833,926.4931066359444,452.3195190723055,-104.81881332361114,13,-0.9659258262890684,-0.2588190451025208,0,0,1,6.27195117888889,7.717073466916666,5.38599788475,10.48915223186111,18.68513766694445,19.995219474666666,19.65373982686111,18.524133185916664,952.1943599062224,89.73333983747223,1175.6683752016668,1073.8044294135832,-92.24582264021419,410.6789408518045,1076.4269689643475,707.7679873158057,672,672,2.2356365350283007,0.056046237483341796
A3,roll_02,rf,2026-01-22 14:00:00+00:00,2026-01-22 15:00:00+00:00,0,1,2025-12-08T00:00:00+00:00,2026-01-19T00:00:00+00:00,2026-01-19T00:00:00+00:00,2026-01-26T00:00:00+00:00,1095.6600237501943,1286.3305818743415,-190.6705581241472,1,med,0,0.0,0,2,0,0,0,0,0,0,0,0,0,0,0,0,0,0,0,0,0,0,0,0,0,0,3,1481.236402503917,-104.81881332361114,66.48684730938892,1036.759236264139,14,-0.8660254037844388,-0.4999999999999997,0,0,1,7.388014486055556,7.777161936083334,6.27195117888889,10.873624103916669,18.11838555286111,18.998335135416667,18.68513766694445,17.64684908008333,761.2699456159722,15.6927846945,952.1943599062224,664.2745502861944,-92.24582264021419,410.6789408518045,1076.4269689643475,707.7679873158057,672,672,0.23966345895357233,0.027174236657393647
A3,roll_02,rf,2026-01-22 15:00:00+00:00,2026-01-22 16:00:00+00:00,0,1,2025-12-08T00:00:00+00:00,2026-01-19T00:00:00+00:00,2026-01-19T00:00:00+00:00,2026-01-26T00:00:00+00:00,2940.7578966023334,1484.2717397431663,1456.486156859167,1,low,0,0.0,0,2,0,0,0,0,0,0,0,0,0,0,0,0,0,0,0,0,0,0,0,0,0,0,3,885.3972389852223,1036.759236264139,359.87914049975,1095.6600237501943,15,-0.7071067811865479,-0.7071067811865471,0,0,1,6.172030068638889,7.587229790388889,7.388014486055556,9.67541222338889,17.8214131055,18.903532724861112,18.11838555286111,17.73781377975,67.57647916191668,0.0,761.2699456159722,144.55603472877775,-92.24582264021419,410.6789408518045,1076.4269689643475,707.7679873158057,672,672,3.771150223303631,2.63409897176675
A3,roll_02,rf,2026-01-22 16:00:00+00:00,2026-01-22 17:00:00+00:00,0,1,2025-12-08T00:00:00+00:00,2026-01-19T00:00:00+00:00,2026-01-19T00:00:00+00:00,2026-01-26T00:00:00+00:00,1509.757366554472,2037.6056580441384,-527.8482914896663,0,night,0,0.0,0,1,0,0,0,0,0,0,0,0,0,0,0,0,0,0,0,0,0,0,0,0,0,0,3,1797.5373261431112,1095.6600237501943,3501.792804637556,2940.7578966023334,16,-0.5000000000000004,-0.8660254037844385,0,0,1,3.513001024222222,7.352740038694445,6.172030068638889,6.537365921777777,17.972978045416667,19.207566096138887,17.8214131055,17.606137597472223,0.0,0.0,67.57647916191668,0.0,-92.24582264021419,410.6789408518045,1076.4269689643475,707.7679873158057,672,672,1.060688595197876,0.6122492191735321
A3,roll_02,rf,2026-01-22 17:00:00+00:00,2026-01-22 18:00:00+00:00,0,1,2025-12-08T00:00:00+00:00,2026-01-19T00:00:00+00:00,2026-01-19T00:00:00+00:00,2026-01-26T00:00:00+00:00,1902.4201895734168,1881.1953598593277,21.224829714089537,0,night,0,0.0,0,1,0,0,0,0,0,0,0,0,0,0,0,0,0,0,0,0,0,0,0,0,0,0,3,1346.1776368881667,2940.7578966023334,3139.28925536575,1509.757366554472,17,-0.2588190451025206,-0.9659258262890684,0,0,1,2.803270102555556,7.210672752555555,3.513001024222222,4.898183921,18.275116791861112,19.75528769888889,17.972978045416667,17.69062399725,0.0,0.0,0.0,0.0,-92.24582264021419,410.6789408518045,1076.4269689643475,707.7679873158057,672,672,0.27630014852709517,1.167039531897494
A3,roll_02,rf,2026-01-22 18:00:00+00:00,2026-01-22 19:00:00+00:00,0,1,2025-12-08T00:00:00+00:00,2026-01-19T00:00:00+00:00,2026-01-19T00:00:00+00:00,2026-01-26T00:00:00+00:00,1073.8756977925275,1859.8355003928036,-785.9598026002759,0,night,0,0.0,0,1,0,0,0,0,0,0,0,0,0,0,0,0,0,0,0,0,0,0,0,0,0,0,3,2386.9593965361114,1509.757366554472,3084.578836987528,1902.4201895734168,18,-1.8369701987210287e-16,-1.0,0,0,1,2.0540354806944445,6.914773931666667,2.803270102555556,4.040946171194444,18.52226880861112,19.750921251194445,18.275116791861112,17.300488013416665,0.0,0.0,0.0,0.0,-92.24582264021419,410.6789408518045,1076.4269689643475,707.7679873158057,672,672,1.6891881003715548,0.0036046716120851996
A3,roll_02,rf,2026-01-22 19:00:00+00:00,2026-01-22 20:00:00+00:00,0,1,2025-12-08T00:00:00+00:00,2026-01-19T00:00:00+00:00,2026-01-19T00:00:00+00:00,2026-01-26T00:00:00+00:00,1112.6407676563056,1286.8650056699703,-174.22423801366494,0,night,0,0.0,0,1,0,0,0,0,0,0,0,0,0,0,0,0,0,0,0,0,0,0,0,0,0,0,3,1666.5948316020276,1902.4201895734168,3033.668790060889,1073.8756977925275,19,0.2588190451025203,-0.9659258262890684,0,0,1,1.7490800439444445,6.321510255361112,2.0540354806944445,3.191824916555556,18.13564327775,19.999823462166667,18.52226880861112,17.536376965666665,0.0,0.0,0.0,0.0,-92.24582264021419,410.6789408518045,1076.4269689643475,707.7679873158057,672,672,0.199616798473806,0.05116620042296366
A3,roll_02,rf,2026-01-22 20:00:00+00:00,2026-01-22 21:00:00+00:00,0,1,2025-12-08T00:00:00+00:00,2026-01-19T00:00:00+00:00,2026-01-19T00:00:00+00:00,2026-01-26T00:00:00+00:00,565.8491807108888,1092.9223689612948,-527.0731882504059,0,night,0,0.0,0,1,0,0,0,0,0,0,0,0,0,0,0,0,0,0,0,0,0,0,0,0,0,0,3,1076.4033323202225,1073.8756977925275,2886.9925662115,1112.6407676563056,20,0.5000000000000001,-0.8660254037844386,0,0,1,1.6065832648333334,6.225941869694444,1.7490800439444445,2.487087112333333,18.311032115555555,19.716939268694443,18.13564327775,17.762063201333333,0.0,0.0,0.0,0.0,-92.24582264021419,410.6789408518045,1076.4269689643475,707.7679873158057,672,672,1.0588012248894478,0.7213914692437751
A3,roll_02,rf,2026-01-22 21:00:00+00:00,2026-01-22 22:00:00+00:00,0,1,2025-12-08T00:00:00+00:00,2026-01-19T00:00:00+00:00,2026-01-19T00:00:00+00:00,2026-01-26T00:00:00+00:00,473.87890895927785,705.839545206654,-231.9606362473761,0,night,0,0.0,0,1,0,0,0,0,0,0,0,0,0,0,0,0,0,0,0,0,0,0,0,0,0,0,3,1005.1173250451112,1112.6407676563056,2551.3509306884166,565.8491807108888,21,0.7071067811865474,-0.7071067811865477,0,0,1,1.2826967101944444,6.317871820055555,1.6065832648333334,1.9324537458333333,17.99547290261111,19.756443385166666,18.311032115555555,17.464727486527778,0.0,0.0,0.0,0.0,-92.24582264021419,410.6789408518045,1076.4269689643475,707.7679873158057,672,672,0.3402044753436205,0.8513355658966997
A3,roll_02,rf,2026-01-22 22:00:00+00:00,2026-01-22 23:00:00+00:00,0,1,2025-12-08T00:00:00+00:00,2026-01-19T00:00:00+00:00,2026-01-19T00:00:00+00:00,2026-01-26T00:00:00+00:00,367.6513029880277,582.7045046858555,-215.05320169782777,0,night,0,0.0,0,1,0,0,0,0,0,0,0,0,0,0,0,0,0,0,0,0,0,0,0,0,0,0,3,480.00597344519446,565.8491807108888,2388.614872440278,473.87890895927785,22,0.8660254037844384,-0.5000000000000004,0,0,1,1.3345326389722223,6.12952082225,1.2826967101944444,1.30014670125,18.07674242205556,19.991357907416667,17.99547290261111,17.690357956194443,0.0,0.0,0.0,0.0,-92.24582264021419,410.6789408518045,1076.4269689643475,707.7679873158057,672,672,0.29903500482127043,1.0014237415065008
A3,roll_02,rf,2026-01-22 23:00:00+00:00,2026-01-23 00:00:00+00:00,0,1,2025-12-08T00:00:00+00:00,2026-01-19T00:00:00+00:00,2026-01-19T00:00:00+00:00,2026-01-26T00:00:00+00:00,367.96108710394446,481.9897761639143,-114.0286890599698,0,night,0,0.0,0,1,0,1,1,0,3,0,0,0,1,0,1,0,1,0,0,0,1,0,0,0,0,0,3,479.6300936403031,473.87890895927785,1967.8965871302496,367.6513029880277,23,0.965925826289068,-0.2588190451025215,0,0,1,1.6309106950555554,6.380006211722222,1.3345326389722223,0.8794424397222222,18.345077110444443,20.516338076272728,18.07674242205556,17.751566612944444,0.0,0.0,0.0,0.0,-92.24582264021419,410.6789408518045,1076.4269689643475,707.7679873158057,672,672,0.05304110888806464,1.000986049887964
A3,roll_02,rf,2026-01-23 00:00:00+00:00,2026-01-23 01:00:00+00:00,0,1,2025-12-08T00:00:00+00:00,2026-01-19T00:00:00+00:00,2026-01-19T00:00:00+00:00,2026-01-26T00:00:00+00:00,369.3633806425278,396.6496494238433,-27.286268781315528,0,night,0,0.0,0,1,0,1,1,0,3,0,0,0,1,0,1,0,1,0,0,0,1,0,0,0,0,0,4,436.11526816900937,367.6513029880277,387.7841801272222,367.96108710394446,0,1.0,0.0,0,0,1,1.3322522275277775,6.179232263,1.6309106950555554,0.7327373778333334,18.412130332527777,20.644644640187085,18.345077110444443,18.514657144027776,0.0,0.0,0.0,0.0,-92.24582264021419,410.6789408518045,1076.4269689643475,707.7679873158057,672,672,0.15817600416559863,0.9990047600250225
A3,roll_02,rf,2026-01-23 01:00:00+00:00,2026-01-23 02:00:00+00:00,0,1,2025-12-08T00:00:00+00:00,2026-01-19T00:00:00+00:00,2026-01-19T00:00:00+00:00,2026-01-26T00:00:00+00:00,364.6717208964722,397.80011619518615,-33.12839529871394,0,night,0,0.0,0,1,0,1,1,0,3,0,0,0,1,0,1,0,1,0,0,0,1,0,0,0,0,0,4,363.3156685093611,367.96108710394446,375.648988568,369.3633806425278,1,0.9659258262890684,0.2588190451025207,0,0,1,1.58879370875,6.335631528111112,1.3322522275277775,0.5019400923611111,18.522961206138888,20.570585093833333,18.412130332527777,18.432809342444443,0.0,0.0,0.0,0.0,-92.24582264021419,410.6789408518045,1076.4269689643475,707.7679873158057,672,672,0.14395047191580504,1.0056335703557195
A3,roll_02,rf,2026-01-23 02:00:00+00:00,2026-01-23 03:00:00+00:00,0,1,2025-12-08T00:00:00+00:00,2026-01-19T00:00:00+00:00,2026-01-19T00:00:00+00:00,2026-01-26T00:00:00+00:00,368.5853674459444,403.0246598670175,-34.43929242107305,0,night,0,0.0,0,1,0,0,0,0,0,0,0,0,0,0,0,0,0,0,0,0,0,0,0,0,0,0,4,402.5595977328056,369.3633806425278,370.6715177761111,364.6717208964722,2,0.8660254037844387,0.4999999999999999,0,0,1,2.072341584194444,6.396147497388889,1.58879370875,0.3487736218611111,18.394230225944444,20.26279251922222,18.522961206138888,18.54445086038889,0.0,0.0,0.0,0.0,-92.24582264021419,410.6789408518045,1076.4269689643475,707.7679873158057,672,672,0.14075844770428808,1.0001040089463165
A3,roll_02,rf,2026-01-23 03:00:00+00:00,2026-01-23 04:00:00+00:00,0,1,2025-12-08T00:00:00+00:00,2026-01-19T00:00:00+00:00,2026-01-19T00:00:00+00:00,2026-01-26T00:00:00+00:00,1077.5376334153334,625.0765066169175,452.4611267984159,0,night,0,0.0,0,1,0,0,0,0,0,0,0,0,0,0,0,0,0,0,0,0,0,0,0,0,0,0,4,399.17939954838886,364.6717208964722,372.0987236639445,368.5853674459444,3,0.7071067811865476,0.7071067811865476,0,0,1,2.1618301728333336,6.315615564583333,2.072341584194444,0.2133146070555555,18.33168606486112,20.336075921944445,18.394230225944444,18.459798990916667,0.0,0.0,0.0,0.0,-92.24582264021419,410.6789408518045,1076.4269689643475,707.7679873158057,672,672,1.3263571497209794,0.0015692493456762868
A3,roll_02,rf,2026-01-23 04:00:00+00:00,2026-01-23 05:00:00+00:00,0,1,2025-12-08T00:00:00+00:00,2026-01-19T00:00:00+00:00,2026-01-19T00:00:00+00:00,2026-01-26T00:00:00+00:00,2595.650702010778,2031.5264926625264,564.1242093482517,0,night,0,0.0,0,1,0,0,0,0,0,0,0,0,0,0,0,0,0,0,0,0,0,0,0,0,0,0,4,1076.4506056084722,368.5853674459444,1036.0452877571945,1077.5376334153334,4,0.5000000000000001,0.8660254037844386,0,0,1,2.4079966898333334,6.319809020444445,2.1618301728333336,-0.1355967138611111,18.65893950025,20.54722971761112,18.33168606486112,18.305206327277777,0.0,0.0,0.0,0.0,-92.24582264021419,410.6789408518045,1076.4269689643475,707.7679873158057,672,672,1.5982558799510498,2.146499644336914
A3,roll_02,rf,2026-01-23 05:00:00+00:00,2026-01-23 06:00:00+00:00,0,1,2025-12-08T00:00:00+00:00,2026-01-19T00:00:00+00:00,2026-01-19T00:00:00+00:00,2026-01-26T00:00:00+00:00,2229.0674939791948,2302.625385691984,-73.55789171278911,0,night,0,0.0,0,1,0,0,0,0,0,0,0,0,0,0,0,0,0,0,0,0,0,0,0,0,0,0,4,2002.717169422556,1077.5376334153334,1958.2742827319444,2595.650702010778,5,0.2588190451025207,0.9659258262890684,0,0,1,2.3870737601111114,6.480166650444445,2.4079966898333334,-0.2067956863333333,18.58098035247222,20.62937870683333,18.65893950025,18.570810667694445,0.0,0.0,0.0,0.0,-92.24582264021419,410.6789408518045,1076.4269689643475,707.7679873158057,672,672,0.045504965237963595,1.628557021046135
A3,roll_02,rf,2026-01-23 06:00:00+00:00,2026-01-23 07:00:00+00:00,0,1,2025-12-08T00:00:00+00:00,2026-01-19T00:00:00+00:00,2026-01-19T00:00:00+00:00,2026-01-26T00:00:00+00:00,1956.5605310417773,2056.2320368218,-99.67150578002293,0,night,0,0.0,0,1,0,0,0,0,0,0,0,0,0,0,0,0,0,0,0,0,0,0,0,0,0,0,4,2477.7992105114445,2595.650702010778,1980.8106362188057,2229.0674939791948,6,6.123233995736766e-17,1.0,0,0,1,2.86016758225,6.526934920555555,2.3870737601111114,-0.3390546419444444,18.59333267108333,19.989256890694445,18.58098035247222,18.560011663194445,0.0,0.0,0.0,0.0,-92.24582264021419,410.6789408518045,1076.4269689643475,707.7679873158057,672,672,0.018081480205454057,1.2435340081081043
A3,roll_02,rf,2026-01-23 07:00:00+00:00,2026-01-23 08:00:00+00:00,0,1,2025-12-08T00:00:00+00:00,2026-01-19T00:00:00+00:00,2026-01-19T00:00:00+00:00,2026-01-26T00:00:00+00:00,1820.3555307953327,1878.109027324584,-57.75349652925093,1,low,0,0.0,0,1,0,0,0,0,0,0,0,0,0,0,0,0,0,0,0,0,0,0,0,0,0,0,4,2372.8508934692777,2229.0674939791948,1778.5049296098057,1956.5605310417773,7,-0.2588190451025206,0.9659258262890684,0,0,1,2.925855649944445,6.51837168525,2.86016758225,0.0412508166666666,18.58286181677777,19.50656841447222,18.59333267108333,18.17753363780556,13.610436851555557,0.0,0.0,50.5301981471389,-92.24582264021419,410.6789408518045,1076.4269689643475,707.7679873158057,672,672,0.08398854355526834,1.0510910003888672
A3,roll_02,rf,2026-01-23 08:00:00+00:00,2026-01-23 09:00:00+00:00,0,1,2025-12-08T00:00:00+00:00,2026-01-19T00:00:00+00:00,2026-01-19T00:00:00+00:00,2026-01-26T00:00:00+00:00,2016.7762660696944,1781.3422757708483,235.43399029884608,1,low,0,0.0,0,1,0,0,0,0,0,0,0,0,0,0,0,0,0,0,0,0,0,0,0,0,0,0,4,1713.0605896702225,1956.5605310417773,1415.566902312361,1820.3555307953327,8,-0.4999999999999998,0.8660254037844387,0,0,1,3.784128624555555,6.70613304075,2.925855649944445,1.056784193527778,18.901513842444444,19.7554677515,18.58286181677777,18.45113440808333,145.74993311175,219.2942974313056,13.610436851555557,442.9227532967777,-92.24582264021419,410.6789408518045,1076.4269689643475,707.7679873158057,672,672,0.7978977744985106,1.328612361618107
A3,roll_02,rf,2026-01-23 09:00:00+00:00,2026-01-23 10:00:00+00:00,0,1,2025-12-08T00:00:00+00:00,2026-01-19T00:00:00+00:00,2026-01-19T00:00:00+00:00,2026-01-26T00:00:00+00:00,1936.420994131,1803.8043518408344,132.61664229016583,1,low,0,0.0,0,1,0,0,0,0,0,0,0,0,0,0,0,0,0,0,0,0,0,0,0,0,0,0,4,1442.9932598915832,1820.3555307953327,1170.112685329639,2016.7762660696944,9,-0.7071067811865475,0.7071067811865476,0,0,1,4.780561090416667,7.120510198722222,3.784128624555555,2.4946484179722224,18.886623428750003,19.877659039055555,18.901513842444444,18.912593772,232.31283958127776,397.3280925458334,145.74993311175,833.8091316924166,-92.24582264021419,410.6789408518045,1076.4269689643475,707.7679873158057,672,672,0.5475383384986442,1.215079009758778
A3,roll_02,rf,2026-01-23 10:00:00+00:00,2026-01-23 11:00:00+00:00,0,1,2025-12-08T00:00:00+00:00,2026-01-19T00:00:00+00:00,2026-01-19T00:00:00+00:00,2026-01-26T00:00:00+00:00,1576.1195596841944,1813.3190978877271,-237.1995382035327,1,low,0,0.0,0,2,0,0,0,0,0,0,0,0,0,0,0,0,0,0,0,0,0,0,0,0,0,0,4,1623.9131629396943,2016.7762660696944,912.1677645943888,1936.420994131,10,-0.8660254037844387,0.4999999999999999,0,0,1,5.483105661972222,7.606124750555556,4.780561090416667,3.215811578611111,18.61690110308333,19.85123305425,18.886623428750003,19.38619283925,231.00179334266667,176.83669021891663,232.31283958127776,1190.1841393934444,-92.24582264021419,410.6789408518045,1076.4269689643475,707.7679873158057,672,672,0.35296116051790877,0.7060118565335513
A3,roll_02,rf,2026-01-23 11:00:00+00:00,2026-01-23 12:00:00+00:00,0,1,2025-12-08T00:00:00+00:00,2026-01-19T00:00:00+00:00,2026-01-19T00:00:00+00:00,2026-01-26T00:00:00+00:00,1707.01032054225,1572.2593627475478,134.75095779470212,1,low,0,0.0,0,2,0,0,0,0,0,0,0,0,0,0,0,0,0,0,0,0,0,0,0,0,0,0,4,490.20504058097225,1936.420994131,979.6024800058332,1576.1195596841944,11,-0.9659258262890682,0.258819045102521,0,0,1,6.005421360722223,8.054131653722223,5.483105661972222,4.084419063944444,18.975925773527777,19.50173812611111,18.61690110308333,19.31657935863889,305.4964137123056,96.41320922194444,231.00179334266667,1082.5123078365275,-92.24582264021419,410.6789408518045,1076.4269689643475,707.7679873158057,672,672,0.5527353800126538,0.890946415886053
A3,roll_02,rf,2026-01-23 12:00:00+00:00,2026-01-23 13:00:00+00:00,0,1,2025-12-08T00:00:00+00:00,2026-01-19T00:00:00+00:00,2026-01-19T00:00:00+00:00,2026-01-26T00:00:00+00:00,2214.146590013028,1661.8436794964646,552.3029105165633,1,low,0,0.0,0,2,0,0,0,0,0,0,0,0,0,0,0,0,0,0,0,0,0,0,0,0,0,0,4,1595.4900083538612,1576.1195596841944,926.4931066359444,1707.01032054225,12,-1.0,1.2246467991473532e-16,0,0,1,6.755185106222222,7.894125589972222,6.005421360722223,5.38599788475,18.9128849575,19.87244296738889,18.975925773527777,19.65373982686111,277.5941901626389,92.09759563077776,305.4964137123056,1175.6683752016668,-92.24582264021419,410.6789408518045,1076.4269689643475,707.7679873158057,672,672,1.5694711100108882,1.6074753894471219
A3,roll_02,rf,2026-01-23 13:00:00+00:00,2026-01-23 14:00:00+00:00,0,1,2025-12-08T00:00:00+00:00,2026-01-19T00:00:00+00:00,2026-01-19T00:00:00+00:00,2026-01-26T00:00:00+00:00,2195.8262186153333,1699.6133319144972,496.2128867008362,1,low,0,0.0,0,2,0,0,0,0,0,0,0,0,0,0,0,0,0,0,0,0,0,0,0,0,0,0,4,701.5758242305001,1707.01032054225,-104.81881332361114,2214.146590013028,13,-0.9659258262890684,-0.2588190451025208,0,0,1,6.862749878222222,8.179940411916666,6.755185106222222,6.27195117888889,22.81537184433333,19.473662514111112,18.9128849575,18.68513766694445,104.38236414708336,166.040840057,277.5941901626389,952.1943599062224,-92.24582264021419,410.6789408518045,1076.4269689643475,707.7679873158057,672,672,1.4328923419362734,1.581590676199248
A3,roll_02,rf,2026-01-23 14:00:00+00:00,2026-01-23 15:00:00+00:00,0,1,2025-12-08T00:00:00+00:00,2026-01-19T00:00:00+00:00,2026-01-19T00:00:00+00:00,2026-01-26T00:00:00+00:00,2527.9803929520835,1867.8832238978728,660.0971690542103,1,low,0,0.0,0,2,0,0,0,0,0,0,0,0,0,0,0,0,0,0,0,0,0,0,0,0,0,0,4,1952.1323181944445,2214.146590013028,1036.759236264139,2195.8262186153333,14,-0.8660254037844388,-0.4999999999999997,0,0,1,5.7134238162777775,8.302941039805555,6.862749878222222,7.388014486055556,18.83056621691667,19.448341239055555,22.81537184433333,18.11838555286111,20.72892640275,27.528722678833333,104.38236414708336,761.2699456159722,-92.24582264021419,410.6789408518045,1076.4269689643475,707.7679873158057,672,672,1.8319492841146465,2.050888779941461
A3,roll_02,rf,2026-01-23 15:00:00+00:00,2026-01-23 16:00:00+00:00,0,1,2025-12-08T00:00:00+00:00,2026-01-19T00:00:00+00:00,2026-01-19T00:00:00+00:00,2026-01-26T00:00:00+00:00,2048.975809514583,1935.207536335373,113.76827317920991,1,night,0,0.0,0,2,0,0,0,0,0,0,0,0,0,0,0,0,0,0,0,0,0,0,0,0,0,0,4,573.8755752583612,2195.8262186153333,1095.6600237501943,2527.9803929520835,15,-0.7071067811865479,-0.7071067811865471,0,0,1,5.713572192777778,8.416783751555556,5.7134238162777775,6.172030068638889,18.771297444972223,18.75333884008333,18.83056621691667,17.8214131055,0.0,0.0,20.72892640275,67.57647916191668,-92.24582264021419,410.6789408518045,1076.4269689643475,707.7679873158057,672,672,0.5016427075421072,1.3741068513689145
A3,roll_02,rf,2026-01-23 16:00:00+00:00,2026-01-23 17:00:00+00:00,0,1,2025-12-08T00:00:00+00:00,2026-01-19T00:00:00+00:00,2026-01-19T00:00:00+00:00,2026-01-26T00:00:00+00:00,1253.307754251361,1927.0767866820647,-673.7690324307041,0,night,0,0.0,0,2,0,0,0,0,0,0,0,0,0,0,0,0,0,0,0,0,0,0,0,0,0,0,4,1748.7442167502777,2527.9803929520835,2940.7578966023334,2048.975809514583,16,-0.5000000000000004,-0.8660254037844385,0,0,1,5.802371368194444,8.520774253777779,5.713572192777778,3.513001024222222,18.720766871444443,20.16664298611111,18.771297444972223,17.972978045416667,0.0,0.0,0.0,0.0,-92.24582264021419,410.6789408518045,1076.4269689643475,707.7679873158057,672,672,1.416004454926106,0.24991351467848955
A3,roll_02,rf,2026-01-23 17:00:00+00:00,2026-01-23 18:00:00+00:00,0,1,2025-12-08T00:00:00+00:00,2026-01-19T00:00:00+00:00,2026-01-19T00:00:00+00:00,2026-01-26T00:00:00+00:00,2022.5164028016115,1769.269571690391,253.24683111122025,0,night,0,0.0,0,2,0,0,0,0,0,0,0,0,0,0,0,0,0,0,0,0,0,0,0,0,0,0,4,1779.3662909536945,2048.975809514583,1509.757366554472,1253.307754251361,17,-0.2588190451025206,-0.9659258262890684,0,0,1,5.091072229027778,8.07320388525,5.802371368194444,2.803270102555556,17.994156679944442,19.575921534027778,18.720766871444443,18.275116791861112,0.0,0.0,0.0,0.0,-92.24582264021419,410.6789408518045,1076.4269689643475,707.7679873158057,672,672,0.8412719021696979,1.3367225570985304
A3,roll_02,rf,2026-01-23 18:00:00+00:00,2026-01-23 19:00:00+00:00,0,1,2025-12-08T00:00:00+00:00,2026-01-19T00:00:00+00:00,2026-01-19T00:00:00+00:00,2026-01-26T00:00:00+00:00,1067.3991769345832,1780.882682500506,-713.4835055659228,0,night,0,0.0,0,1,0,0,0,0,0,0,0,0,0,0,0,0,0,0,0,0,0,0,0,0,0,0,4,1926.1523590546667,1253.307754251361,1902.4201895734168,2022.5164028016115,18,-1.8369701987210287e-16,-1.0,0,0,1,4.711612085277777,7.896998074444444,5.091072229027778,2.0540354806944445,18.35074025972222,18.97882240377778,17.994156679944442,18.52226880861112,0.0,0.0,0.0,0.0,-92.24582264021419,410.6789408518045,1076.4269689643475,707.7679873158057,672,672,1.5127088855278927,0.012755298616997236
A3,roll_02,rf,2026-01-23 19:00:00+00:00,2026-01-23 20:00:00+00:00,0,1,2025-12-08T00:00:00+00:00,2026-01-19T00:00:00+00:00,2026-01-19T00:00:00+00:00,2026-01-26T00:00:00+00:00,1046.436184157472,1320.821573726455,-274.3853895689829,0,night,0,0.0,0,1,0,0,0,0,0,0,0,0,0,0,0,0,0,0,0,0,0,0,0,0,0,0,4,3573.4096695315,2022.5164028016115,1073.8756977925275,1067.3991769345832,19,0.2588190451025203,-0.9659258262890684,0,0,1,3.980250340583333,7.825703813444444,4.711612085277777,1.7490800439444445,17.935994839722223,18.995995310777776,18.35074025972222,18.13564327775,0.0,0.0,0.0,0.0,-92.24582264021419,410.6789408518045,1076.4269689643475,707.7679873158057,672,672,0.44350841694240817,0.04237375148968624
A3,roll_02,rf,2026-01-23 20:00:00+00:00,2026-01-23 21:00:00+00:00,0,1,2025-12-08T00:00:00+00:00,2026-01-19T00:00:00+00:00,2026-01-19T00:00:00+00:00,2026-01-26T00:00:00+00:00,602.2876708927778,1151.763135546409,-549.4754646536315,0,night,0,0.0,0,1,0,0,0,0,0,0,0,0,0,0,0,0,0,0,0,0,0,0,0,0,0,0,4,2754.500442691028,1067.3991769345832,1112.6407676563056,1046.436184157472,20,0.5000000000000001,-0.8660254037844386,0,0,1,3.866209152527778,7.709597783944445,3.980250340583333,1.6065832648333334,17.69838866127778,18.76334915180556,17.935994839722223,18.311032115555555,0.0,0.0,0.0,0.0,-92.24582264021419,410.6789408518045,1076.4269689643475,707.7679873158057,672,672,1.1133505922292004,0.6699078039255948
A3,roll_02,rf,2026-01-23 21:00:00+00:00,2026-01-23 22:00:00+00:00,0,1,2025-12-08T00:00:00+00:00,2026-01-19T00:00:00+00:00,2026-01-19T00:00:00+00:00,2026-01-26T00:00:00+00:00,492.5538403097778,653.4669765117957,-160.91313620201788,0,night,0,0.0,0,1,0,0,0,0,0,0,0,0,0,0,0,0,0,0,0,0,0,0,0,0,0,0,4,2483.442940576528,1046.436184157472,565.8491807108888,602.2876708927778,21,0.7071067811865474,-0.7071067811865477,0,0,1,3.869637564888889,7.793732041944445,3.866209152527778,1.2826967101944444,18.29812389511111,19.09072242922222,17.69838866127778,17.99547290261111,0.0,0.0,0.0,0.0,-92.24582264021419,410.6789408518045,1076.4269689643475,707.7679873158057,672,672,0.1672043699620396,0.8249498975912932
A3,roll_02,rf,2026-01-23 22:00:00+00:00,2026-01-23 23:00:00+00:00,0,1,2025-12-08T00:00:00+00:00,2026-01-19T00:00:00+00:00,2026-01-19T00:00:00+00:00,2026-01-26T00:00:00+00:00,435.2853666092778,503.2839961532772,-67.99862954399941,0,night,0,0.0,0,1,0,0,0,0,0,0,0,0,0,0,0,0,0,0,0,0,0,0,0,0,0,0,4,2471.681181403111,602.2876708927778,473.87890895927785,492.5538403097778,22,0.8660254037844384,-0.5000000000000004,0,0,1,3.9082464093888887,7.769939707083334,3.869637564888889,1.3345326389722223,18.156249321388888,18.72444743175,18.29812389511111,18.07674242205556,0.0,0.0,0.0,0.0,-92.24582264021419,410.6789408518045,1076.4269689643475,707.7679873158057,672,672,0.059041725017413275,0.9058640880136226
A3,roll_02,rf,2026-01-23 23:00:00+00:00,2026-01-24 00:00:00+00:00,0,1,2025-12-08T00:00:00+00:00,2026-01-19T00:00:00+00:00,2026-01-19T00:00:00+00:00,2026-01-26T00:00:00+00:00,405.1807272819444,431.6688776578114,-26.488150375867008,0,night,0,0.0,0,1,0,0,0,0,0,0,0,0,0,0,0,0,0,0,0,0,0,0,0,0,0,0,4,2428.759211638084,492.5538403097778,367.6513029880277,435.2853666092778,23,0.965925826289068,-0.2588190451025215,0,0,1,3.962953027722222,7.651671525194445,3.9082464093888887,1.6309106950555554,18.266909694166667,18.786308081027776,18.156249321388888,18.345077110444443,0.0,0.0,0.0,0.0,-92.24582264021419,410.6789408518045,1076.4269689643475,707.7679873158057,672,672,0.1601194162231858,0.9483987036883222
A3,roll_02,rf,2026-01-24 00:00:00+00:00,2026-01-24 01:00:00+00:00,0,1,2025-12-08T00:00:00+00:00,2026-01-19T00:00:00+00:00,2026-01-19T00:00:00+00:00,2026-01-26T00:00:00+00:00,403.1378216736112,427.5007836309705,-24.36296195735929,0,night,0,0.0,0,1,0,0,0,0,0,0,0,0,0,0,0,0,0,0,0,0,0,0,0,0,0,0,5,2422.2099434294164,435.2853666092778,367.96108710394446,405.1807272819444,0,1.0,0.0,0,1,1,3.7605419066388888,7.438261246666666,3.962953027722222,1.3322522275277775,18.3607900945,19.11630246361111,18.266909694166667,18.412130332527777,0.0,0.0,0.0,0.0,-92.24582264021419,410.6789408518045,1076.4269689643475,707.7679873158057,672,672,0.1652942333542999,0.9512851094666916
A3,roll_02,rf,2026-01-24 01:00:00+00:00,2026-01-24 02:00:00+00:00,0,1,2025-12-08T00:00:00+00:00,2026-01-19T00:00:00+00:00,2026-01-19T00:00:00+00:00,2026-01-26T00:00:00+00:00,404.9479621853611,422.3949387878217,-17.44697660246061,0,night,0,0.0,0,1,0,0,0,0,0,0,0,0,0,0,0,0,0,0,0,0,0,0,0,0,0,0,5,2419.0737715843334,405.1807272819444,369.3633806425278,403.1378216736112,1,0.9659258262890684,0.2588190451025207,0,1,1,3.594426555777778,7.284376046305557,3.7605419066388888,1.58879370875,18.35504471088889,19.46177759227778,18.3607900945,18.522961206138888,0.0,0.0,0.0,0.0,-92.24582264021419,410.6789408518045,1076.4269689643475,707.7679873158057,672,672,0.18213460345108154,0.9487275757209018
A3,roll_02,rf,2026-01-24 02:00:00+00:00,2026-01-24 03:00:00+00:00,0,1,2025-12-08T00:00:00+00:00,2026-01-19T00:00:00+00:00,2026-01-19T00:00:00+00:00,2026-01-26T00:00:00+00:00,402.6522398849167,430.87455821665054,-28.222318331733845,0,night,0,0.0,0,1,0,0,0,0,0,0,0,0,0,0,0,0,0,0,0,0,0,0,0,0,0,0,5,2397.090425719361,403.1378216736112,364.6717208964722,404.9479621853611,2,0.8660254037844387,0.4999999999999999,0,1,1,3.4606973831944443,7.356306431222222,3.594426555777778,2.072341584194444,18.292189759527776,19.223714178972223,18.35504471088889,18.394230225944444,0.0,0.0,0.0,0.0,-92.24582264021419,410.6789408518045,1076.4269689643475,707.7679873158057,672,672,0.15589673085181044,0.9519711842784898
A3,roll_02,rf,2026-01-24 03:00:00+00:00,2026-01-24 04:00:00+00:00,0,1,2025-12-08T00:00:00+00:00,2026-01-19T00:00:00+00:00,2026-01-19T00:00:00+00:00,2026-01-26T00:00:00+00:00,989.5879204678332,683.2311804140259,306.35674005380736,0,night,0,0.0,0,1,0,0,0,0,0,0,0,0,0,0,0,0,0,0,0,0,0,0,0,0,0,0,5,2408.5668939863613,404.9479621853611,368.5853674459444,402.6522398849167,3,0.7071067811865476,0.7071067811865476,0,1,1,3.4151579152222222,7.399717572,3.4606973831944443,2.1618301728333336,18.273110989944445,19.45567031075,18.292189759527776,18.33168606486112,0.0,0.0,0.0,0.0,-92.24582264021419,410.6789408518045,1076.4269689643475,707.7679873158057,672,672,0.9705941139013974,0.12269423038734684
A3,roll_02,rf,2026-01-24 04:00:00+00:00,2026-01-24 05:00:00+00:00,0,1,2025-12-08T00:00:00+00:00,2026-01-19T00:00:00+00:00,2026-01-19T00:00:00+00:00,2026-01-26T00:00:00+00:00,1683.9951601766388,1999.2974389375988,-315.30227876096,0,night,0,0.0,0,1,0,0,0,0,0,0,0,0,0,0,0,0,0,0,0,0,0,0,0,0,0,0,5,2987.1550890425,402.6522398849167,1077.5376334153334,989.5879204678332,4,0.5000000000000001,0.8660254037844386,0,1,1,3.746956920472222,7.292532967416666,3.4151579152222222,2.4079966898333334,18.763885850944444,19.50167555113889,18.273110989944445,18.65893950025,0.0,0.0,0.0,0.0,-92.24582264021419,410.6789408518045,1076.4269689643475,707.7679873158057,672,672,0.5431407212117966,0.858428471053742
A3,roll_02,rf,2026-01-24 05:00:00+00:00,2026-01-24 06:00:00+00:00,0,1,2025-12-08T00:00:00+00:00,2026-01-19T00:00:00+00:00,2026-01-19T00:00:00+00:00,2026-01-26T00:00:00+00:00,1902.018428271,2098.2044110697275,-196.18598279872757,0,night,0,0.0,0,1,0,0,0,0,0,0,0,0,0,0,0,0,0,0,0,0,0,0,0,0,0,0,5,3319.657065773777,989.5879204678332,2595.650702010778,1683.9951601766388,5,0.2588190451025207,0.9659258262890684,0,1,1,3.807682473638889,7.177631668333333,3.746956920472222,2.3870737601111114,18.95802324902778,19.9944225565,18.763885850944444,18.58098035247222,0.0,0.0,0.0,0.0,-92.24582264021419,410.6789408518045,1076.4269689643475,707.7679873158057,672,672,0.2530934747784418,1.1664718864125088
A3,roll_02,rf,2026-01-24 06:00:00+00:00,2026-01-24 07:00:00+00:00,0,1,2025-12-08T00:00:00+00:00,2026-01-19T00:00:00+00:00,2026-01-19T00:00:00+00:00,2026-01-26T00:00:00+00:00,2166.76233965375,1963.736427480378,203.02591217337203,0,night,0,0.0,0,1,0,0,0,0,0,0,0,0,0,0,0,0,0,0,0,0,0,0,0,0,0,0,5,2391.335260368139,1683.9951601766388,2229.0674939791948,1902.018428271,6,6.123233995736766e-17,1.0,0,1,1,3.9873673924166666,7.25766445075,3.807682473638889,2.86016758225,18.70620324358333,19.974863173472222,18.95802324902778,18.59333267108333,0.0,0.0,0.0,0.0,-92.24582264021419,410.6789408518045,1076.4269689643475,707.7679873158057,672,672,0.7189843584410541,1.5405265429204777
A3,roll_02,rf,2026-01-24 07:00:00+00:00,2026-01-24 08:00:00+00:00,0,1,2025-12-08T00:00:00+00:00,2026-01-19T00:00:00+00:00,2026-01-19T00:00:00+00:00,2026-01-26T00:00:00+00:00,2056.1787956731946,1871.9249009713235,184.25389470187133,1,night,0,0.0,0,1,0,0,0,0,0,0,0,0,0,0,0,0,0,0,0,0,0,0,0,0,0,0,5,2341.329542084556,1902.018428271,1956.5605310417773,2166.76233965375,7,-0.2588190451025206,0.9659258262890684,0,1,1,4.151625831166666,7.383881055833334,3.9873673924166666,2.925855649944445,18.29483151783333,19.685817555194443,18.70620324358333,18.58286181677777,0.0,0.0,0.0,13.610436851555557,-92.24582264021419,410.6789408518045,1076.4269689643475,707.7679873158057,672,672,0.673274643127761,1.3842838956654906
A3,roll_02,rf,2026-01-24 08:00:00+00:00,2026-01-24 09:00:00+00:00,0,1,2025-12-08T00:00:00+00:00,2026-01-19T00:00:00+00:00,2026-01-19T00:00:00+00:00,2026-01-26T00:00:00+00:00,2110.409867789389,1823.729716778888,286.6801510105008,1,night,0,0.0,0,1,0,0,0,0,0,0,0,0,0,0,0,0,0,0,0,0,0,0,0,0,0,0,5,2591.676535681584,2166.76233965375,1820.3555307953327,2056.1787956731946,8,-0.4999999999999998,0.8660254037844387,0,1,1,4.314655074888889,8.121707604333332,4.151625831166666,3.784128624555555,17.905425590777778,18.96465682683333,18.29483151783333,18.901513842444444,0.0,28.95708092888889,0.0,145.74993311175,-92.24582264021419,410.6789408518045,1076.4269689643475,707.7679873158057,672,672,0.9226817739053542,1.4609065645175596
A3,roll_02,rf,2026-01-24 09:00:00+00:00,2026-01-24 10:00:00+00:00,0,1,2025-12-08T00:00:00+00:00,2026-01-19T00:00:00+00:00,2026-01-19T00:00:00+00:00,2026-01-26T00:00:00+00:00,3130.832139515,1777.826203784076,1353.005935730924,1,low,0,0.0,0,1,0,0,0,0,0,0,0,0,0,0,0,0,0,0,0,0,0,0,0,0,0,0,5,876.2151453261389,2056.1787956731946,2016.7762660696944,2110.409867789389,9,-0.7071067811865475,0.7071067811865476,0,1,1,4.542731538305556,8.751546623111112,4.314655074888889,4.780561090416667,18.436193536916665,19.20686476825,17.905425590777778,18.886623428750003,114.76844990783331,108.89878298597222,0.0,232.31283958127776,-92.24582264021419,410.6789408518045,1076.4269689643475,707.7679873158057,672,672,3.519176696456574,2.90265342226333
A3,roll_02,rf,2026-01-24 10:00:00+00:00,2026-01-24 11:00:00+00:00,0,1,2025-12-08T00:00:00+00:00,2026-01-19T00:00:00+00:00,2026-01-19T00:00:00+00:00,2026-01-26T00:00:00+00:00,385.99203080291664,2147.511605217441,-1761.5195744145246,1,med,0,0.0,0,2,0,0,0,0,0,0,0,0,0,0,0,0,0,0,0,0,0,0,0,0,0,0,5,1362.1403257086388,2110.409867789389,1936.420994131,3130.832139515,10,-0.8660254037844387,0.4999999999999999,0,1,1,5.048194792888889,9.078067266305556,4.542731538305556,5.483105661972222,18.769674477888888,19.716803649722223,18.436193536916665,18.61690110308333,411.0483259695556,221.86114629477777,114.76844990783331,231.00179334266667,-92.24582264021419,410.6789408518045,1076.4269689643475,707.7679873158057,672,672,4.064668493378325,0.9755102668317762
A3,roll_02,rf,2026-01-24 11:00:00+00:00,2026-01-24 12:00:00+00:00,0,1,2025-12-08T00:00:00+00:00,2026-01-19T00:00:00+00:00,2026-01-19T00:00:00+00:00,2026-01-26T00:00:00+00:00,1016.1453970060834,1235.3040919508794,-219.15869494479605,1,high,0,0.0,0,2,0,0,0,0,0,0,0,0,0,0,0,0,0,0,0,0,0,0,0,0,0,0,5,851.023270576111,3130.832139515,1576.1195596841944,385.99203080291664,11,-0.9659258262890682,0.258819045102521,0,1,1,6.944681730611111,9.67168500638889,5.048194792888889,6.005421360722223,19.6631947345,18.94777081475,18.769674477888888,18.975925773527777,1596.5776119012498,186.94326531838888,411.0483259695556,305.4964137123056,-92.24582264021419,410.6789408518045,1076.4269689643475,707.7679873158057,672,672,0.3090318486780626,0.08517137400757638
A3,roll_02,rf,2026-01-24 12:00:00+00:00,2026-01-24 13:00:00+00:00,0,1,2025-12-08T00:00:00+00:00,2026-01-19T00:00:00+00:00,2026-01-19T00:00:00+00:00,2026-01-26T00:00:00+00:00,1064.5741736199725,1354.8835875379905,-290.309413918018,1,low,0,0.0,0,2,0,0,0,0,0,0,0,0,0,0,0,0,0,0,0,0,0,0,0,0,0,0,5,375.1866214471667,385.99203080291664,1707.01032054225,1016.1453970060834,12,-1.0,1.2246467991473532e-16,0,1,1,8.35612550725,10.057301476,6.944681730611111,6.755185106222222,18.378112199194447,18.284649789444444,19.6631947345,18.9128849575,407.66865748083336,275.0773129497222,1596.5776119012498,277.5941901626389,-92.24582264021419,410.6789408518045,1076.4269689643475,707.7679873158057,672,672,0.48228329133944076,0.016746724289306184
A3,roll_02,rf,2026-01-24 13:00:00+00:00,2026-01-24 14:00:00+00:00,0,1,2025-12-08T00:00:00+00:00,2026-01-19T00:00:00+00:00,2026-01-19T00:00:00+00:00,2026-01-26T00:00:00+00:00,1858.781012173056,1409.369234287163,449.4117778858931,1,low,0,0.0,0,2,0,0,0,0,0,0,0,0,0,0,0,0,0,0,0,0,0,0,0,0,0,0,5,1125.2122855051666,1016.1453970060834,2214.146590013028,1064.5741736199725,13,-0.9659258262890684,-0.2588190451025208,0,1,1,6.657871230416667,10.579499319583332,8.35612550725,6.862749878222222,18.062944556944444,18.457303344916667,18.378112199194447,22.81537184433333,88.28240024077779,287.2499787669167,407.66865748083336,104.38236414708336,-92.24582264021419,410.6789408518045,1076.4269689643475,707.7679873158057,672,672,1.3189320090351726,1.1053820704377557
A3,roll_02,rf,2026-01-24 14:00:00+00:00,2026-01-24 15:00:00+00:00,0,1,2025-12-08T00:00:00+00:00,2026-01-19T00:00:00+00:00,2026-01-19T00:00:00+00:00,2026-01-26T00:00:00+00:00,1831.2616717653889,1671.6330541994505,159.6286175659386,1,night,0,0.0,0,2,0,0,0,0,0,0,0,0,0,0,0,0,0,0,0,0,0,0,0,0,0,0,5,553.7227735364166,1064.5741736199725,2195.8262186153333,1858.781012173056,14,-0.8660254037844388,-0.4999999999999997,0,1,1,6.097375211722222,10.797755711305555,6.657871230416667,5.7134238162777775,18.00922708483333,18.117300213361112,18.062944556944444,18.83056621691667,0.0,116.70239646572225,88.28240024077779,20.72892640275,-92.24582264021419,410.6789408518045,1076.4269689643475,707.7679873158057,672,672,0.6133122864389653,1.0665002039209701
A3,roll_02,rf,2026-01-24 15:00:00+00:00,2026-01-24 16:00:00+00:00,0,1,2025-12-08T00:00:00+00:00,2026-01-19T00:00:00+00:00,2026-01-19T00:00:00+00:00,2026-01-26T00:00:00+00:00,1060.0596002008333,1825.578667955351,-765.5190677545177,1,night,0,0.0,0,2,0,0,0,0,0,0,0,0,0,0,0,0,0,0,0,0,0,0,0,0,0,0,5,893.3163181295832,1858.781012173056,2527.9803929520835,1831.2616717653889,15,-0.7071067811865479,-0.7071067811865471,0,1,1,6.071665185777778,10.387558755972222,6.097375211722222,5.713572192777778,17.677323049111113,17.90237331016667,18.00922708483333,18.771297444972223,0.0,0.0,0.0,0.0,-92.24582264021419,410.6789408518045,1076.4269689643475,707.7679873158057,672,672,1.6394150713397728,0.02312533069712157
A3,roll_02,rf,2026-01-24 16:00:00+00:00,2026-01-24 17:00:00+00:00,0,1,2025-12-08T00:00:00+00:00,2026-01-19T00:00:00+00:00,2026-01-19T00:00:00+00:00,2026-01-26T00:00:00+00:00,992.9213029867224,1726.773395324319,-733.8520923375966,0,night,0,0.0,0,2,0,0,0,0,0,0,0,0,0,0,0,0,0,0,0,0,0,0,0,0,0,0,5,1082.6851535658332,1831.2616717653889,2048.975809514583,1060.0596002008333,16,-0.5000000000000004,-0.8660254037844385,0,1,1,6.566483526611111,9.67754631263889,6.071665185777778,5.802371368194444,17.72403060438889,17.86029653872222,17.677323049111113,18.720766871444443,0.0,0.0,0.0,0.0,-92.24582264021419,410.6789408518045,1076.4269689643475,707.7679873158057,672,672,1.5623062345651395,0.1179845196083514
A3,roll_02,rf,2026-01-24 17:00:00+00:00,2026-01-24 18:00:00+00:00,0,1,2025-12-08T00:00:00+00:00,2026-01-19T00:00:00+00:00,2026-01-19T00:00:00+00:00,2026-01-26T00:00:00+00:00,1541.1415699855834,1641.3568517238243,-100.21528173824116,0,night,0,0.0,0,2,0,0,0,0,0,0,0,0,0,0,0,0,0,0,0,0,0,0,0,0,0,0,5,1215.7402370096668,1060.0596002008333,1253.307754251361,992.9213029867224,17,-0.2588190451025206,-0.9659258262890684,0,1,1,6.089130444527778,9.022818305222222,6.566483526611111,5.091072229027778,17.830043843416664,17.726130486833334,17.72403060438889,17.994156679944442,0.0,0.0,0.0,0.0,-92.24582264021419,410.6789408518045,1076.4269689643475,707.7679873158057,672,672,0.01940557039885518,0.6565917212272565
A3,roll_02,rf,2026-01-24 18:00:00+00:00,2026-01-24 19:00:00+00:00,0,1,2025-12-08T00:00:00+00:00,2026-01-19T00:00:00+00:00,2026-01-19T00:00:00+00:00,2026-01-26T00:00:00+00:00,1286.9006860100278,1691.074549842957,-404.1738638329289,0,night,0,0.0,0,2,0,0,0,0,0,0,0,0,0,0,0,0,0,0,0,0,0,0,0,0,0,0,5,1466.154889960333,992.9213029867224,2022.5164028016115,1541.1415699855834,18,-1.8369701987210287e-16,-1.0,0,1,1,5.9999975540833335,8.533988555638889,6.089130444527778,4.711612085277777,18.11549999886111,18.27429377288889,17.830043843416664,18.35074025972222,0.0,0.0,0.0,0.0,-92.24582264021419,410.6789408518045,1076.4269689643475,707.7679873158057,672,672,0.7595423338380417,0.29737671216791994
A3,roll_02,rf,2026-01-24 19:00:00+00:00,2026-01-24 20:00:00+00:00,0,1,2025-12-08T00:00:00+00:00,2026-01-19T00:00:00+00:00,2026-01-19T00:00:00+00:00,2026-01-26T00:00:00+00:00,640.4533153681945,1335.954110647118,-695.5007952789234,0,night,0,0.0,0,2,0,0,0,0,0,0,0,0,0,0,0,0,0,0,0,0,0,0,0,0,0,0,5,1078.6994199493888,1541.1415699855834,1067.3991769345832,1286.9006860100278,19,0.2588190451025203,-0.9659258262890684,0,1,1,5.77926593825,8.775346688416667,5.9999975540833335,3.980250340583333,18.36445310694444,17.871975217472222,18.11549999886111,17.935994839722223,0.0,0.0,0.0,0.0,-92.24582264021419,410.6789408518045,1076.4269689643475,707.7679873158057,672,672,1.4689211270182874,0.6159838554574548
A3,roll_02,rf,2026-01-24 20:00:00+00:00,2026-01-24 21:00:00+00:00,0,1,2025-12-08T00:00:00+00:00,2026-01-19T00:00:00+00:00,2026-01-19T00:00:00+00:00,2026-01-26T00:00:00+00:00,584.3161862229999,823.1281766488578,-238.81199042585783,0,night,0,0.0,0,2,0,0,0,0,0,0,0,0,0,0,0,0,0,0,0,0,0,0,0,0,0,0,5,1284.7492482649168,1286.9006860100278,1046.436184157472,640.4533153681945,20,0.5000000000000001,-0.8660254037844386,0,1,1,5.683189338277778,8.43526500263889,5.77926593825,3.866209152527778,17.952829869138892,17.86802317861111,18.36445310694444,17.69838866127778,0.0,0.0,0.0,0.0,-92.24582264021419,410.6789408518045,1076.4269689643475,707.7679873158057,672,672,0.3568874690327322,0.695299577772183
A3,roll_02,rf,2026-01-24 21:00:00+00:00,2026-01-24 22:00:00+00:00,0,1,2025-12-08T00:00:00+00:00,2026-01-19T00:00:00+00:00,2026-01-19T00:00:00+00:00,2026-01-26T00:00:00+00:00,518.3547093412777,639.986427648645,-121.63171830736724,0,night,0,0.0,0,2,0,0,0,0,0,0,0,0,0,0,0,0,0,0,0,0,0,0,0,0,0,0,5,851.6801286406111,640.4533153681945,602.2876708927778,584.3161862229999,21,0.7071067811865474,-0.7071067811865477,0,1,1,5.649819748388889,8.414438040527779,5.683189338277778,3.869637564888889,17.865298132333333,18.094013431972225,17.952829869138892,18.29812389511111,0.0,0.0,0.0,0.0,-92.24582264021419,410.6789408518045,1076.4269689643475,707.7679873158057,672,672,0.07155442547456334,0.7884960461966446
A3,roll_02,rf,2026-01-24 22:00:00+00:00,2026-01-24 23:00:00+00:00,0,1,2025-12-08T00:00:00+00:00,2026-01-19T00:00:00+00:00,2026-01-19T00:00:00+00:00,2026-01-26T00:00:00+00:00,430.99813492583326,515.7881513744057,-84.79001644857249,0,night,0,0.0,0,2,0,1,1,0,7,0,0,0,1,0,1,0,1,0,0,0,1,0,0,0,0,0,5,661.5588102037779,584.3161862229999,492.5538403097778,518.3547093412777,22,0.8660254037844384,-0.5000000000000004,0,1,1,5.809892205944444,8.306586765694446,5.649819748388889,3.9082464093888887,18.060589775333334,18.379163208138888,17.865298132333333,18.156249321388888,0.0,0.0,0.0,0.0,-92.24582264021419,410.6789408518045,1076.4269689643475,707.7679873158057,672,672,0.018154829600410805,0.911921485014162
A3,roll_02,rf,2026-01-24 23:00:00+00:00,2026-01-25 00:00:00+00:00,0,1,2025-12-08T00:00:00+00:00,2026-01-19T00:00:00+00:00,2026-01-19T00:00:00+00:00,2026-01-26T00:00:00+00:00,377.7188413770555,443.70261931136014,-65.98377793430461,0,night,0,0.0,0,2,0,1,1,0,7,0,0,0,1,0,1,0,1,0,0,0,1,0,0,0,0,0,5,356.0791067192222,518.3547093412777,435.2853666092778,430.99813492583326,23,0.965925826289068,-0.2588190451025215,0,1,1,5.70738836675,8.489515895694444,5.809892205944444,3.962953027722222,18.156869020583333,18.27030471461111,18.060589775333334,18.266909694166667,0.0,0.0,0.0,0.0,-92.24582264021419,410.6789408518045,1076.4269689643475,707.7679873158057,672,672,0.06394787288444469,0.9871993931756181
A3,roll_02,rf,2026-01-25 00:00:00+00:00,2026-01-25 01:00:00+00:00,0,1,2025-12-08T00:00:00+00:00,2026-01-19T00:00:00+00:00,2026-01-19T00:00:00+00:00,2026-01-26T00:00:00+00:00,364.4423996903056,415.15717905716826,-50.71477936686267,0,night,0,0.0,0,2,0,1,1,0,7,0,0,0,1,0,1,0,1,0,0,0,1,0,0,0,0,0,6,409.1542958934167,430.99813492583326,405.1807272819444,377.7188413770555,0,1.0,0.0,0,1,1,5.6147730122777775,8.267303430916668,5.70738836675,3.7605419066388888,18.11037431958333,18.507601477416667,18.156869020583333,18.3607900945,0.0,0.0,0.0,0.0,-92.24582264021419,410.6789408518045,1076.4269689643475,707.7679873158057,672,672,0.1011277646406958,1.0059575765417526
A3,roll_02,rf,2026-01-25 01:00:00+00:00,2026-01-25 02:00:00+00:00,0,1,2025-12-08T00:00:00+00:00,2026-01-19T00:00:00+00:00,2026-01-19T00:00:00+00:00,2026-01-26T00:00:00+00:00,384.5271624152222,391.4876164529106,-6.960454037688407,0,night,0,0.0,0,2,0,1,1,0,7,0,0,0,1,0,1,0,1,0,0,0,1,0,0,0,0,0,6,386.80348134525,377.7188413770555,403.1378216736112,364.4423996903056,1,0.9659258262890684,0.2588190451025207,0,1,1,5.886597346611112,7.88579561025,5.6147730122777775,3.594426555777778,18.483736475527778,18.516888744472222,18.11037431958333,18.35504471088889,0.0,0.0,0.0,0.0,-92.24582264021419,410.6789408518045,1076.4269689643475,707.7679873158057,672,672,0.20766920365001482,0.9775799682225524
A3,roll_02,rf,2026-01-25 02:00:00+00:00,2026-01-25 03:00:00+00:00,0,1,2025-12-08T00:00:00+00:00,2026-01-19T00:00:00+00:00,2026-01-19T00:00:00+00:00,2026-01-26T00:00:00+00:00,395.30640441158334,412.2323445109719,-16.925940099388583,0,night,0,0.0,0,2,0,1,1,0,7,0,0,0,1,0,1,0,1,0,0,0,1,0,0,0,0,0,6,363.9506782922222,364.4423996903056,404.9479621853611,384.5271624152222,2,0.8660254037844387,0.4999999999999999,0,1,1,5.938280689361111,7.295793718,5.886597346611112,3.4606973831944443,18.49985763155556,18.505587359111114,18.483736475527778,18.292189759527776,0.0,0.0,0.0,0.0,-92.24582264021419,410.6789408518045,1076.4269689643475,707.7679873158057,672,672,0.18340332324954825,0.9623500592841145
A3,roll_02,rf,2026-01-25 03:00:00+00:00,2026-01-25 04:00:00+00:00,0,1,2025-12-08T00:00:00+00:00,2026-01-19T00:00:00+00:00,2026-01-19T00:00:00+00:00,2026-01-26T00:00:00+00:00,963.782436518,726.6815470242167,237.10088949378337,0,night,0,0.0,0,2,0,1,1,0,7,0,0,0,1,0,1,0,1,0,0,0,1,0,0,0,0,0,6,366.92154284288887,384.5271624152222,402.6522398849167,395.30640441158334,3,0.7071067811865476,0.7071067811865476,0,1,1,5.830688939638889,7.380389324388889,5.938280689361111,3.4151579152222222,18.36806043725,18.40949500677777,18.49985763155556,18.273110989944445,0.0,0.0,0.0,0.0,-92.24582264021419,410.6789408518045,1076.4269689643475,707.7679873158057,672,672,0.8019566609646146,0.15915460216496832
A3,roll_02,rf,2026-01-25 04:00:00+00:00,2026-01-25 05:00:00+00:00,0,1,2025-12-08T00:00:00+00:00,2026-01-19T00:00:00+00:00,2026-01-19T00:00:00+00:00,2026-01-26T00:00:00+00:00,1696.815230154389,1882.379922814668,-185.56469266027875,0,night,0,0.0,0,2,0,1,1,0,7,0,0,0,0,1,1,0,1,0,0,0,1,0,0,0,0,0,6,919.6470143296112,395.30640441158334,989.5879204678332,963.782436518,4,0.5000000000000001,0.8660254037844386,0,1,1,5.175912236194445,7.759706802277777,5.830688939638889,3.746956920472222,18.4531641925,18.565049183638887,18.36806043725,18.763885850944444,0.0,0.0,0.0,0.0,-92.24582264021419,410.6789408518045,1076.4269689643475,707.7679873158057,672,672,0.22723071659459435,0.8765418503072597
A3,roll_02,rf,2026-01-25 05:00:00+00:00,2026-01-25 06:00:00+00:00,0,1,2025-12-08T00:00:00+00:00,2026-01-19T00:00:00+00:00,2026-01-19T00:00:00+00:00,2026-01-26T00:00:00+00:00,1659.7306816588614,2068.376676904954,-408.6459952460925,0,night,0,0.0,0,1,0,0,0,0,0,0,0,0,0,0,0,0,0,0,0,0,0,0,0,0,0,0,6,1696.4327096815832,963.782436518,1683.9951601766388,1696.815230154389,5,0.2588190451025207,0.9659258262890684,0,1,1,4.974422407805555,7.824388876305555,5.175912236194445,3.807682473638889,18.711754044777777,19.000532856916667,18.4531641925,18.95802324902778,0.0,0.0,0.0,0.0,-92.24582264021419,410.6789408518045,1076.4269689643475,707.7679873158057,672,672,0.7704319387539593,0.8241453741171315
A3,roll_02,rf,2026-01-25 06:00:00+00:00,2026-01-25 07:00:00+00:00,0,1,2025-12-08T00:00:00+00:00,2026-01-19T00:00:00+00:00,2026-01-19T00:00:00+00:00,2026-01-26T00:00:00+00:00,2231.1363579284443,1860.791359519158,370.3449984092863,0,night,0,0.0,0,1,0,0,0,0,0,0,0,0,0,0,0,0,0,0,0,0,0,0,0,0,0,0,6,1787.8514459331388,1696.815230154389,1902.018428271,1659.7306816588614,6,6.123233995736766e-17,1.0,0,1,1,4.992939964055556,7.870841315861111,4.974422407805555,3.9873673924166666,18.560369708916667,19.028892910777778,18.711754044777777,18.70620324358333,0.0,0.0,0.0,0.0,-92.24582264021419,410.6789408518045,1076.4269689643475,707.7679873158057,672,672,1.126405021134085,1.631480103166726
A3,roll_02,rf,2026-01-25 07:00:00+00:00,2026-01-25 08:00:00+00:00,0,1,2025-12-08T00:00:00+00:00,2026-01-19T00:00:00+00:00,2026-01-19T00:00:00+00:00,2026-01-26T00:00:00+00:00,2238.324116505972,1837.7922688372807,400.5318476686909,1,night,0,0.0,0,1,0,0,0,0,0,0,0,0,0,0,0,0,0,0,0,0,0,0,0,0,0,0,6,2221.478881947944,1659.7306816588614,2166.76233965375,2231.1363579284443,7,-0.2588190451025206,0.9659258262890684,0,1,1,4.933367505611112,7.883857542694444,4.992939964055556,4.151625831166666,18.55700058877778,22.49837394541667,18.560369708916667,18.29483151783333,0.0,0.0,0.0,0.0,-92.24582264021419,410.6789408518045,1076.4269689643475,707.7679873158057,672,672,1.1999097623238644,1.6416356325299393
A3,roll_02,rf,2026-01-25 08:00:00+00:00,2026-01-25 09:00:00+00:00,0,1,2025-12-08T00:00:00+00:00,2026-01-19T00:00:00+00:00,2026-01-19T00:00:00+00:00,2026-01-26T00:00:00+00:00,2327.768168646222,1798.3348172053456,529.4333514408763,1,night,0,0.0,0,1,0,0,0,0,0,0,0,0,0,0,0,0,0,0,0,0,0,0,0,0,0,0,6,1747.753539249222,2231.1363579284443,2056.1787956731946,2238.324116505972,8,-0.4999999999999998,0.8660254037844387,0,1,1,4.832365699444444,8.262126455694444,4.933367505611112,4.314655074888889,18.49024153463889,17.670436918444445,18.55700058877778,17.905425590777778,0.0,34.30441932991666,0.0,0.0,-92.24582264021419,410.6789408518045,1076.4269689643475,707.7679873158057,672,672,1.5137839130286121,1.7680104527297964
A3,roll_02,rf,2026-01-25 09:00:00+00:00,2026-01-25 10:00:00+00:00,0,1,2025-12-08T00:00:00+00:00,2026-01-19T00:00:00+00:00,2026-01-19T00:00:00+00:00,2026-01-26T00:00:00+00:00,3079.3561128761667,1796.713653417132,1282.6424594590346,1,low,0,0.0,0,1,0,0,0,0,0,0,0,0,0,0,0,0,0,0,0,0,0,0,0,0,0,0,6,1199.014191615,2238.324116505972,2110.409867789389,2327.768168646222,9,-0.7071067811865475,0.7071067811865476,0,1,1,4.46485140163889,8.695682546194444,4.832365699444444,4.542731538305556,18.60976037316667,17.60044165513889,18.49024153463889,18.436193536916665,20.07319077258333,89.21282883222221,0.0,114.76844990783331,-92.24582264021419,410.6789408518045,1076.4269689643475,707.7679873158057,672,672,3.3478421835985595,2.8299233361880116
A3,roll_02,rf,2026-01-25 10:00:00+00:00,2026-01-25 11:00:00+00:00,0,1,2025-12-08T00:00:00+00:00,2026-01-19T00:00:00+00:00,2026-01-19T00:00:00+00:00,2026-01-26T00:00:00+00:00,1060.977643347722,2185.8290034288693,-1124.8513600811473,1,low,0,0.0,0,1,0,0,0,0,0,0,0,0,0,0,0,0,0,0,0,0,0,0,0,0,0,0,6,2696.399735123361,2327.768168646222,3130.832139515,3079.3561128761667,10,-0.8660254037844387,0.4999999999999999,0,1,1,4.6137414355,9.452506697638889,4.46485140163889,5.048194792888889,18.23413413661111,17.917450888777775,18.60976037316667,18.769674477888888,79.55278716463889,152.0663147546389,20.07319077258333,411.0483259695556,-92.24582264021419,410.6789408518045,1076.4269689643475,707.7679873158057,672,672,2.5143863848951384,0.02182823452529497
A3,roll_02,rf,2026-01-25 11:00:00+00:00,2026-01-25 12:00:00+00:00,0,1,2025-12-08T00:00:00+00:00,2026-01-19T00:00:00+00:00,2026-01-19T00:00:00+00:00,2026-01-26T00:00:00+00:00,1745.3068945306666,1602.643829918058,142.66306461260842,1,low,0,0.0,0,2,0,0,0,0,0,0,0,0,0,0,0,0,0,0,0,0,0,0,0,0,0,0,6,908.328997025861,3079.3561128761667,385.99203080291664,1060.977643347722,11,-0.9659258262890682,0.258819045102521,0,1,1,5.1184929485833335,9.93934049188889,4.6137414355,6.944681730611111,18.24494905780556,17.975845256166668,18.23413413661111,19.6631947345,220.18301505319445,291.1969854105833,79.55278716463889,1596.5776119012498,-92.24582264021419,410.6789408518045,1076.4269689643475,707.7679873158057,672,672,0.5720012980592317,0.9450553536661517
A3,roll_02,rf,2026-01-25 12:00:00+00:00,2026-01-25 13:00:00+00:00,0,1,2025-12-08T00:00:00+00:00,2026-01-19T00:00:00+00:00,2026-01-19T00:00:00+00:00,2026-01-26T00:00:00+00:00,906.8727746182224,1570.06548142636,-663.1927068081377,1,med,0,0.0,0,2,0,0,0,0,0,0,0,0,0,0,0,0,0,0,0,0,0,0,0,0,0,0,6,1081.863576312389,1060.977643347722,1016.1453970060834,1745.3068945306666,12,-1.0,1.2246467991473532e-16,0,1,1,6.667484349638889,10.88034856138889,5.1184929485833335,8.35612550725,19.08982180188889,18.150378169,18.24494905780556,18.378112199194447,527.3673956102779,279.95511428333333,220.18301505319445,407.66865748083336,-92.24582264021419,410.6789408518045,1076.4269689643475,707.7679873158057,672,672,1.3902511849857733,0.23956183012621915
A3,roll_02,rf,2026-01-25 13:00:00+00:00,2026-01-25 14:00:00+00:00,0,1,2025-12-08T00:00:00+00:00,2026-01-19T00:00:00+00:00,2026-01-19T00:00:00+00:00,2026-01-26T00:00:00+00:00,1490.25308828425,1542.3445292909253,-52.09144100667527,1,low,0,0.0,0,2,0,0,0,0,0,0,0,0,0,0,0,0,0,0,0,0,0,0,0,0,0,0,6,2173.5554944418054,1745.3068945306666,1064.5741736199725,906.8727746182224,13,-0.9659258262890684,-0.2588190451025208,0,1,1,7.015248214916667,11.194744100638887,6.667484349638889,6.657871230416667,18.02789201130556,17.605212465694446,19.08982180188889,18.062944556944444,212.62666984819444,211.40559060327777,527.3673956102779,88.28240024077779,-92.24582264021419,410.6789408518045,1076.4269689643475,707.7679873158057,672,672,0.09777560434497376,0.5846917729202883
A3,roll_02,rf,2026-01-25 14:00:00+00:00,2026-01-25 15:00:00+00:00,0,1,2025-12-08T00:00:00+00:00,2026-01-19T00:00:00+00:00,2026-01-19T00:00:00+00:00,2026-01-26T00:00:00+00:00,924.6930943503612,1535.997008964095,-611.3039146137335,1,low,0,0.0,0,2,0,0,0,0,0,0,0,0,0,0,0,0,0,0,0,0,0,0,0,0,0,0,6,1035.234056645167,906.8727746182224,1858.781012173056,1490.25308828425,14,-0.8660254037844388,-0.4999999999999997,0,1,1,7.1463404341666665,10.792807296472224,7.015248214916667,6.097375211722222,18.02865631725,17.720296622972224,18.02789201130556,18.00922708483333,125.078570753,51.70543011708333,212.62666984819444,0.0,-92.24582264021419,410.6789408518045,1076.4269689643475,707.7679873158057,672,672,1.2639023829586233,0.21438363606898014
A3,roll_02,rf,2026-01-25 15:00:00+00:00,2026-01-25 16:00:00+00:00,0,1,2025-12-08T00:00:00+00:00,2026-01-19T00:00:00+00:00,2026-01-19T00:00:00+00:00,2026-01-26T00:00:00+00:00,1936.265559235028,1568.4198567862911,367.8457024487366,1,night,0,0.0,0,2,0,0,0,0,0,0,0,0,0,0,0,0,0,0,0,0,0,0,0,0,0,0,6,982.0105920020555,1490.25308828425,1831.2616717653889,924.6930943503612,15,-0.7071067811865479,-0.7071067811865471,0,1,1,6.817918164777777,10.09873856363889,7.1463404341666665,6.071665185777778,17.959508398916665,17.65813682397222,18.02865631725,17.677323049111113,0.0,0.0,125.078570753,0.0,-92.24582264021419,410.6789408518045,1076.4269689643475,707.7679873158057,672,672,1.1203192550722416,1.2148593969778134
A3,roll_02,rf,2026-01-25 16:00:00+00:00,2026-01-25 17:00:00+00:00,0,1,2025-12-08T00:00:00+00:00,2026-01-19T00:00:00+00:00,2026-01-19T00:00:00+00:00,2026-01-26T00:00:00+00:00,1053.6913190111388,1652.1874548944172,-598.4961358832784,0,night,0,0.0,0,2,0,0,0,0,0,0,0,0,0,0,0,0,0,0,0,0,0,0,0,0,0,0,6,939.633989883972,924.6930943503612,1060.0596002008333,1936.265559235028,16,-0.5000000000000004,-0.8660254037844385,0,1,1,6.112700724861111,9.486147199944446,6.817918164777777,6.566483526611111,18.36010683186112,17.723917226694443,17.959508398916665,17.72403060438889,0.0,0.0,0.0,0.0,-92.24582264021419,410.6789408518045,1076.4269689643475,707.7679873158057,672,672,1.2327155422019729,0.03212302669895126
A3,roll_02,rf,2026-01-25 17:00:00+00:00,2026-01-25 18:00:00+00:00,0,1,2025-12-08T00:00:00+00:00,2026-01-19T00:00:00+00:00,2026-01-19T00:00:00+00:00,2026-01-26T00:00:00+00:00,1042.3809986754163,1722.163464142275,-679.7824654668586,0,night,0,0.0,0,2,0,0,0,0,0,0,0,0,0,0,0,0,0,0,0,0,0,0,0,0,0,0,6,1984.2611124879447,1936.265559235028,992.9213029867224,1053.6913190111388,17,-0.2588190451025206,-0.9659258262890684,0,1,1,5.021550218833333,8.932912868583333,6.112700724861111,6.089130444527778,17.625167409194443,17.788532314805554,18.36010683186112,17.830043843416664,0.0,0.0,0.0,0.0,-92.24582264021419,410.6789408518045,1076.4269689643475,707.7679873158057,672,672,1.4306471172055055,0.04810329217919238
A3,roll_02,rf,2026-01-25 18:00:00+00:00,2026-01-25 19:00:00+00:00,0,1,2025-12-08T00:00:00+00:00,2026-01-19T00:00:00+00:00,2026-01-19T00:00:00+00:00,2026-01-26T00:00:00+00:00,849.7813898698611,1651.2867034107574,-801.5053135408963,0,night,0,0.0,0,1,0,0,0,0,0,0,0,0,0,0,0,0,0,0,0,0,0,0,0,0,0,0,6,1779.6982078336666,1053.6913190111388,1541.1415699855834,1042.3809986754163,18,-1.8369701987210287e-16,-1.0,0,1,1,4.227878578694444,8.383298441722223,5.021550218833333,5.9999975540833335,17.660656862222222,17.752887094805555,17.625167409194443,18.11549999886111,0.0,0.0,0.0,0.0,-92.24582264021419,410.6789408518045,1076.4269689643475,707.7679873158057,672,672,1.7270412975877958,0.3202258129165105
A3,roll_02,rf,2026-01-25 19:00:00+00:00,2026-01-25 20:00:00+00:00,0,1,2025-12-08T00:00:00+00:00,2026-01-19T00:00:00+00:00,2026-01-19T00:00:00+00:00,2026-01-26T00:00:00+00:00,739.4192231492499,1191.7600085127306,-452.3407853634807,0,night,0,0.0,0,1,0,1,1,0,4,0,0,0,1,0,1,0,1,0,0,0,1,0,0,0,0,0,6,1945.2175917344168,1042.3809986754163,1286.9006860100278,849.7813898698611,19,0.2588190451025203,-0.9659258262890684,0,1,1,3.6091518839166654,8.063546007666666,4.227878578694444,5.77926593825,17.591231184888887,17.598374748583336,17.660656862222222,18.36445310694444,0.0,0.0,0.0,0.0,-92.24582264021419,410.6789408518045,1076.4269689643475,707.7679873158057,672,672,0.8768284099895166,0.47615567792659275
A3,roll_02,rf,2026-01-25 20:00:00+00:00,2026-01-25 21:00:00+00:00,0,1,2025-12-08T00:00:00+00:00,2026-01-19T00:00:00+00:00,2026-01-19T00:00:00+00:00,2026-01-26T00:00:00+00:00,575.8166761095833,755.0987864141068,-179.28211030452348,0,night,0,0.0,0,1,0,1,1,0,4,0,0,0,1,0,1,0,1,0,0,0,1,0,0,0,0,0,6,817.2623687095833,849.7813898698611,640.4533153681945,739.4192231492499,20,0.5000000000000001,-0.8660254037844386,0,1,1,3.3640960108888893,7.955256959805555,3.6091518839166654,5.683189338277778,17.554591725333335,18.132431494416668,17.591231184888887,17.952829869138892,0.0,0.0,0.0,0.0,-92.24582264021419,410.6789408518045,1076.4269689643475,707.7679873158057,672,672,0.21193267783291758,0.7073084708921599
A3,roll_02,rf,2026-01-25 21:00:00+00:00,2026-01-25 22:00:00+00:00,0,1,2025-12-08T00:00:00+00:00,2026-01-19T00:00:00+00:00,2026-01-19T00:00:00+00:00,2026-01-26T00:00:00+00:00,367.5400825782778,638.4553989289041,-270.91531635062626,0,night,0,0.0,0,1,0,1,1,0,4,0,0,0,1,0,1,0,1,0,0,0,1,0,0,0,0,0,6,1022.3695540110556,739.4192231492499,584.3161862229999,575.8166761095833,21,0.7071067811865474,-0.7071067811865477,0,1,1,4.178278312777778,7.917760795055556,3.3640960108888893,5.649819748388889,17.66102431277778,18.226290338722222,17.554591725333335,17.865298132333333,0.0,0.0,0.0,0.0,-92.24582264021419,410.6789408518045,1076.4269689643475,707.7679873158057,672,672,0.43505881587165635,1.0015808839765519
