dataset_id,split_id,model_name,ts_utc,ts_target_utc,is_train_split,is_test_split,train_start_utc,train_end_utc,test_start_utc,test_end_utc,y_true_t_plus_1,yhat_t_plus_1,residual_t_plus_1,is_daylight,pv_regime,pool_on,pool_on_lag_1h,pool_switch,temp_bin,flag_grid_exporting,imputed_any,imputed_count,gaplen_demand_h,gaplen_pv_h,gaplen_pool_h,gaplen_temp_h,pv_imputed_interp,pv_imputed_ffill_night_ok,pv_imputed_fallback_zero,pv_imputed_any,flag_demand_imputed,flag_pv_imputed,flag_pool_imputed,flag_temp_imputed,flag_demand_imputed_new,flag_pv_imputed_new,flag_pool_imputed_new,flag_temp_imputed_new,demand_imputed_any,pool_imputed_any,temp_imputed_any,day_of_week,demand_lag_168h,demand_lag_1h,demand_lag_24h,demand_w,hour,hour_cos,hour_sin,is_holiday_it,is_weekend,month,outdoor_temp_c,outdoor_temp_c_lag_168h,outdoor_temp_c_lag_1h,outdoor_temp_c_lag_24h,pool_w,pool_w_lag_168h,pool_w_lag_1h,pool_w_lag_24h,pv_w,pv_w_lag_168h,pv_w_lag_1h,pv_w_lag_24h,median_r_cal,mad_r_cal,median_y_cal,mad_y_cal,n_resid_cal,n_y_cal,anomaly_score,z_raw
A4,roll_04,mlr,2026-02-02 06:00:00+00:00,2026-02-02 07:00:00+00:00,0,1,2025-12-08T00:00:00+00:00,2026-02-02T00:00:00+00:00,2026-02-02T00:00:00+00:00,2026-02-09T00:00:00+00:00,1906.8957894736843,1914.9464544978612,-8.050665024177079,0,night,0,0.0,0,1,0,0,0,0,0,0,0,0,0,0,0,0,0,0,0,0,0,0,0,0,0,0,0,2600.770309974528,1968.2842857142853,1160.5435193141388,2066.43476702509,6,6.123233995736766e-17,1.0,0,0,2,4.435714285714286,4.431008716472223,4.407462686567165,3.8328786741666665,18.57810650887573,18.49337982475,18.58532608695652,18.61053815477777,0.0,0.0,0.0,0.0,-126.94625585072481,434.951413024776,1375.5148829470834,669.6031162490835,667,667,0.27335372932740676,0.7935759162879018
A4,roll_04,mlr,2026-02-02 07:00:00+00:00,2026-02-02 08:00:00+00:00,0,1,2025-12-08T00:00:00+00:00,2026-02-02T00:00:00+00:00,2026-02-02T00:00:00+00:00,2026-02-09T00:00:00+00:00,1804.416,1754.6601598146635,49.75584018533641,1,low,0,0.0,0,1,0,0,0,0,0,0,0,0,0,0,0,0,0,0,0,0,0,0,0,0,0,0,0,2010.6085535996945,2066.43476702509,691.6709654138334,1906.8957894736843,7,-0.2588190451025206,0.9659258262890684,0,0,2,4.569135802469136,4.217437003583334,4.435714285714286,4.237392116472222,18.479503105590062,18.407470120777777,18.57810650887573,17.88786849641667,12.276470588235291,23.868688164416664,0.0,0.0,-126.94625585072481,434.951413024776,1375.5148829470834,669.6031162490835,667,667,0.4062570915846083,0.6405303479701414
A4,roll_04,mlr,2026-02-02 08:00:00+00:00,2026-02-02 09:00:00+00:00,0,1,2025-12-08T00:00:00+00:00,2026-02-02T00:00:00+00:00,2026-02-02T00:00:00+00:00,2026-02-09T00:00:00+00:00,1845.520588235294,1591.7424825464982,253.7781056887959,1,low,0,0.0,0,2,0,0,0,0,0,0,0,0,0,0,0,0,0,0,0,0,0,0,0,0,0,0,0,1665.4681254328334,1906.8957894736843,1089.2109433604444,1804.416,8,-0.4999999999999998,0.8660254037844387,0,0,2,5.26025641025641,4.718276212527778,4.569135802469136,5.01099208125,18.474038461538463,18.409084794722222,18.479503105590062,18.566264010416667,93.15980066445182,232.3755870049445,12.276470588235291,106.04772709316669,-126.94625585072481,434.951413024776,1375.5148829470834,669.6031162490835,667,667,0.875326186186763,0.7019168428024083
A4,roll_04,mlr,2026-02-02 09:00:00+00:00,2026-02-02 10:00:00+00:00,0,1,2025-12-08T00:00:00+00:00,2026-02-02T00:00:00+00:00,2026-02-02T00:00:00+00:00,2026-02-09T00:00:00+00:00,1895.989453125,1493.1154251214875,402.8740280035124,1,low,0,0.0,0,2,0,0,0,0,0,0,0,0,0,0,0,0,0,0,0,0,0,0,0,0,0,0,0,1007.3270680508888,1804.416,303.2054646118889,1845.520588235294,9,-0.7071067811865475,0.7071067811865476,0,0,2,5.910526315789474,6.201903485888889,5.26025641025641,5.626684347805555,18.501,19.274426173416668,18.474038461538463,18.47450458186111,170.1847953216374,957.7790681506112,93.15980066445182,248.01824049366667,-126.94625585072481,434.951413024776,1375.5148829470834,669.6031162490835,667,667,1.21811372026525,0.7772881540537916
A4,roll_04,mlr,2026-02-02 10:00:00+00:00,2026-02-02 11:00:00+00:00,0,1,2025-12-08T00:00:00+00:00,2026-02-02T00:00:00+00:00,2026-02-02T00:00:00+00:00,2026-02-09T00:00:00+00:00,1458.9305555555557,1439.6447578656375,19.285797689918127,1,low,0,0.0,0,2,0,0,0,0,0,0,0,0,0,0,0,0,0,0,0,0,0,0,0,0,0,0,0,-569.4865977234444,1845.520588235294,306.5586802728889,1895.989453125,10,-0.8660254037844387,0.4999999999999999,0,0,2,6.844029850746269,7.908126318222223,5.910526315789474,6.359563082472222,18.79037037037037,19.29423308175,18.501,18.573064382416668,271.47025862068966,1452.9506088285557,170.1847953216374,301.1109472033611,-126.94625585072481,434.951413024776,1375.5148829470834,669.6031162490835,667,667,0.33620319226854234,0.12457479749458446
A4,roll_04,mlr,2026-02-02 11:00:00+00:00,2026-02-02 12:00:00+00:00,0,1,2025-12-08T00:00:00+00:00,2026-02-02T00:00:00+00:00,2026-02-02T00:00:00+00:00,2026-02-09T00:00:00+00:00,994.9530726256984,1405.7988940128316,-410.8458213871333,1,low,0,0.0,0,2,0,0,0,0,0,0,0,0,0,0,0,0,0,0,0,0,0,0,0,0,0,0,0,-741.4332030484165,1895.989453125,298.92543760088887,1458.9305555555557,11,-0.9659258262890682,0.258819045102521,0,0,2,7.527152317880794,8.922148164944444,6.844029850746269,6.701555503277778,18.62264150943396,19.045338705444447,18.79037037037037,18.641836500222222,259.9078947368421,1282.8998087142222,271.47025862068966,264.21803932213885,-126.94625585072481,434.951413024776,1375.5148829470834,669.6031162490835,667,667,0.6527155839363529,0.5683393656427086
A4,roll_04,mlr,2026-02-02 12:00:00+00:00,2026-02-02 13:00:00+00:00,0,1,2025-12-08T00:00:00+00:00,2026-02-02T00:00:00+00:00,2026-02-02T00:00:00+00:00,2026-02-09T00:00:00+00:00,891.7146341463415,1137.959555799523,-246.2449216531816,1,low,0,0.0,0,2,0,0,0,0,0,0,0,0,0,0,0,0,0,0,0,0,0,0,0,0,0,0,0,-1079.799870834083,1458.9305555555557,73.55411946638888,994.9530726256984,12,-1.0,1.2246467991473532e-16,0,0,2,7.766666666666667,9.81455455672222,7.527152317880794,6.799436887527777,18.257894736842104,19.22219746525,18.62264150943396,18.791125845166665,212.3322869955157,1568.292356256389,259.9078947368421,435.7445417964166,-126.94625585072481,434.951413024776,1375.5148829470834,669.6031162490835,667,667,0.2742804419758517,0.722517917047409
A4,roll_04,mlr,2026-02-02 13:00:00+00:00,2026-02-02 14:00:00+00:00,0,1,2025-12-08T00:00:00+00:00,2026-02-02T00:00:00+00:00,2026-02-02T00:00:00+00:00,2026-02-09T00:00:00+00:00,747.8884726224784,1195.442727507501,-447.5542548850229,1,low,0,0.0,0,2,0,0,0,0,0,0,0,0,0,0,0,0,0,0,0,0,0,0,0,0,0,0,0,94.50215176250003,994.9530726256984,151.58054217927778,891.7146341463415,13,-0.9659258262890684,-0.2588190451025208,0,0,2,7.646610169491525,11.254398788638888,7.766666666666667,8.563500269777778,17.881132075471697,19.500437073166665,18.257894736842104,19.11458533352777,97.37853658536584,1276.3594904251663,212.3322869955157,910.9197011827224,-126.94625585072481,434.951413024776,1375.5148829470834,669.6031162490835,667,667,0.7371122139935096,0.9373110654567746
A4,roll_04,mlr,2026-02-02 14:00:00+00:00,2026-02-02 15:00:00+00:00,0,1,2025-12-08T00:00:00+00:00,2026-02-02T00:00:00+00:00,2026-02-02T00:00:00+00:00,2026-02-09T00:00:00+00:00,1131.010752688172,1164.794957350137,-33.784204661965305,1,low,0,0.0,0,2,0,0,0,0,0,0,0,0,0,0,0,0,0,0,0,0,0,0,0,0,0,0,0,-184.2188756273056,891.7146341463415,1336.6438164391946,747.8884726224784,14,-0.8660254037844388,-0.4999999999999997,0,0,2,7.360204081632652,11.926946225083334,7.646610169491525,9.976889929027775,17.559677419354838,18.60872707988889,17.881132075471697,19.289118039166667,81.38878205128205,748.6199065452223,97.37853658536584,639.4901448136667,-126.94625585072481,434.951413024776,1375.5148829470834,669.6031162490835,667,667,0.21418955864721548,0.3651478380634642
A4,roll_04,mlr,2026-02-02 15:00:00+00:00,2026-02-02 16:00:00+00:00,0,1,2025-12-08T00:00:00+00:00,2026-02-02T00:00:00+00:00,2026-02-02T00:00:00+00:00,2026-02-09T00:00:00+00:00,1511.6196629213482,1301.8352754973862,209.784387423962,1,low,0,0.0,0,2,0,0,0,0,0,0,0,0,0,0,0,0,0,0,0,0,0,0,0,0,0,0,0,297.8340901346389,747.8884726224784,1896.0841900744165,1131.010752688172,15,-0.7071067811865479,-0.7071067811865471,0,0,2,7.179729729729729,10.923911111027778,7.360204081632652,9.471447134777778,17.85242718446602,18.19638072175,17.559677419354838,18.72145362119445,12.92,222.2870635009722,81.38878205128205,146.96965613394443,-126.94625585072481,434.951413024776,1375.5148829470834,669.6031162490835,667,667,0.7741799042172689,0.20326186762194762
A4,roll_04,mlr,2026-02-02 16:00:00+00:00,2026-02-02 17:00:00+00:00,0,1,2025-12-08T00:00:00+00:00,2026-02-02T00:00:00+00:00,2026-02-02T00:00:00+00:00,2026-02-09T00:00:00+00:00,1624.4313218390805,1504.5854136668745,119.845908172206,0,night,0,0.0,0,2,0,0,0,0,0,0,0,0,0,0,0,0,0,0,0,0,0,0,0,0,0,0,0,931.8924169395276,1131.010752688172,2484.501672130778,1511.6196629213482,16,-0.5000000000000004,-0.8660254037844385,0,0,2,6.558620689655172,8.400742399944445,7.179729729729729,7.681018360972222,17.82755905511811,17.840104336222222,17.85242718446602,18.355588006666668,0.0,0.0,12.92,0.0,-126.94625585072481,434.951413024776,1375.5148829470834,669.6031162490835,667,667,0.5674016835735004,0.37173727668167467
A4,roll_04,mlr,2026-02-02 17:00:00+00:00,2026-02-02 18:00:00+00:00,0,1,2025-12-08T00:00:00+00:00,2026-02-02T00:00:00+00:00,2026-02-02T00:00:00+00:00,2026-02-09T00:00:00+00:00,1738.5641379310343,1553.3896895536109,185.17444837742343,0,night,0,0.0,0,2,0,0,0,0,0,0,0,0,0,0,0,0,0,0,0,0,0,0,0,0,0,0,0,2682.2788242863057,1511.6196629213482,2486.544613380472,1624.4313218390805,17,-0.2588190451025206,-0.9659258262890684,0,0,2,6.18735632183908,7.112603206694445,6.558620689655172,6.242695821472222,17.923809523809524,17.924488307083333,17.82755905511811,18.471300794,0.0,0.0,0.0,0.0,-126.94625585072481,434.951413024776,1375.5148829470834,669.6031162490835,667,667,0.7175990119392233,0.542185730881368
A4,roll_04,mlr,2026-02-02 18:00:00+00:00,2026-02-02 19:00:00+00:00,0,1,2025-12-08T00:00:00+00:00,2026-02-02T00:00:00+00:00,2026-02-02T00:00:00+00:00,2026-02-09T00:00:00+00:00,1581.9688888888888,1575.1514094359695,6.817479452919315,0,night,0,0.0,0,2,0,0,0,0,0,0,0,0,0,0,0,0,0,0,0,0,0,0,0,0,0,0,0,1447.201125872611,1624.4313218390805,2612.5492478209444,1738.5641379310343,18,-1.8369701987210287e-16,-1.0,0,0,2,5.939795918367347,6.219289706472222,6.18735632183908,5.216167870194445,17.541818181818183,17.69503970936111,17.923809523809524,18.42057814105556,0.0,0.0,0.0,0.0,-126.94625585072481,434.951413024776,1375.5148829470834,669.6031162490835,667,667,0.3075371898976325,0.30832294673044397
A4,roll_04,mlr,2026-02-02 19:00:00+00:00,2026-02-02 20:00:00+00:00,0,1,2025-12-08T00:00:00+00:00,2026-02-02T00:00:00+00:00,2026-02-02T00:00:00+00:00,2026-02-09T00:00:00+00:00,792.707570977918,1422.5346825078072,-629.8271115298893,0,night,0,0.0,0,2,0,0,0,0,0,0,0,0,0,0,0,0,0,0,0,0,0,0,0,0,0,0,0,1800.8310691792778,1738.5641379310343,3017.157618471861,1581.9688888888888,19,0.2588190451025203,-0.9659258262890684,0,0,2,5.487837837837838,5.074136068694444,5.939795918367347,4.222881066444445,17.617127071823205,17.853487320499998,17.541818181818183,18.158003166277776,0.0,0.0,0.0,0.0,-126.94625585072481,434.951413024776,1375.5148829470834,669.6031162490835,667,667,1.1561770823595854,0.8703772396309589
A4,roll_04,mlr,2026-02-02 22:00:00+00:00,2026-02-02 23:00:00+00:00,0,1,2025-12-08T00:00:00+00:00,2026-02-02T00:00:00+00:00,2026-02-02T00:00:00+00:00,2026-02-09T00:00:00+00:00,434.56734693877553,377.86692928485127,56.70041765392426,0,night,0,0.0,0,1,0,0,0,0,0,0,0,0,0,0,0,0,0,0,0,0,0,0,0,0,0,0,0,411.4689791798889,1121.9964285714286,1463.8755507140277,395.40241935483874,22,0.8660254037844384,-0.5000000000000004,0,0,2,4.6576,3.385893129472222,4.628571428571429,3.055885293,18.086285714285715,18.39947556380556,17.794771241830066,17.592035829944447,0.0,0.0,0.0,0.0,-126.94625585072481,434.951413024776,1375.5148829470834,669.6031162490835,667,667,0.4222234208357154,1.4052317158844998
A4,roll_04,mlr,2026-02-03 05:00:00+00:00,2026-02-03 06:00:00+00:00,0,1,2025-12-08T00:00:00+00:00,2026-02-02T00:00:00+00:00,2026-02-02T00:00:00+00:00,2026-02-09T00:00:00+00:00,2081.1158088235293,1710.4515816037056,370.6642272198237,0,night,0,0.0,0,1,0,0,0,0,0,0,0,0,0,0,0,0,0,0,0,0,0,0,0,0,0,0,1,1868.492211110528,1173.6686046511627,1968.2842857142853,2016.13358778626,5,0.2588190451025207,0.9659258262890684,0,0,2,3.73,0.9838426465833332,4.0612612612612615,4.407462686567165,18.92349726775956,18.67930558830556,18.623280423280423,18.58532608695652,0.0,0.0,0.0,0.0,-126.94625585072481,434.951413024776,1375.5148829470834,669.6031162490835,667,667,1.1440599298437117,1.0537599195012881
A4,roll_04,mlr,2026-02-03 06:00:00+00:00,2026-02-03 07:00:00+00:00,0,1,2025-12-08T00:00:00+00:00,2026-02-02T00:00:00+00:00,2026-02-02T00:00:00+00:00,2026-02-09T00:00:00+00:00,1670.6992307692308,1915.942377740987,-245.24314697175623,0,night,0,0.0,0,1,0,0,0,0,0,0,0,0,0,0,0,0,0,0,0,0,0,0,0,0,0,0,1,1857.5546669058888,2016.13358778626,2066.43476702509,2081.1158088235293,6,6.123233995736766e-17,1.0,0,0,2,3.511904761904762,1.1472138321111112,3.73,4.435714285714286,18.76684491978609,18.36578900947222,18.92349726775956,18.57810650887573,0.0,0.0,0.0,0.0,-126.94625585072481,434.951413024776,1375.5148829470834,669.6031162490835,667,667,0.2719772544210425,0.4408347880393417
A4,roll_04,mlr,2026-02-03 07:00:00+00:00,2026-02-03 08:00:00+00:00,0,1,2025-12-08T00:00:00+00:00,2026-02-02T00:00:00+00:00,2026-02-02T00:00:00+00:00,2026-02-09T00:00:00+00:00,1695.1438661710038,1668.2461578441807,26.89770832682302,1,night,0,0.0,0,1,0,0,0,0,0,0,0,0,0,0,0,0,0,0,0,0,0,0,0,0,0,0,1,1526.8297823245,2081.1158088235293,1906.8957894736843,1670.6992307692308,7,-0.2588190451025206,0.9659258262890684,0,0,2,3.452112676056338,1.5920451545555556,3.511904761904762,4.569135802469136,18.43197969543148,18.29162538472222,18.76684491978609,18.479503105590062,0.0,181.0939341638056,0.0,12.276470588235291,-126.94625585072481,434.951413024776,1375.5148829470834,669.6031162490835,667,667,0.3537037921262816,0.47734094341493866
A4,roll_04,mlr,2026-02-03 08:00:00+00:00,2026-02-03 09:00:00+00:00,0,1,2025-12-08T00:00:00+00:00,2026-02-02T00:00:00+00:00,2026-02-02T00:00:00+00:00,2026-02-09T00:00:00+00:00,1085.7120141342757,1569.0511642098013,-483.3391500755256,1,night,0,0.0,0,1,0,0,0,0,0,0,0,0,0,0,0,0,0,0,0,0,0,0,0,0,0,0,1,1412.669924658583,1670.6992307692308,1804.416,1695.1438661710038,8,-0.4999999999999998,0.8660254037844387,0,0,2,3.0315068493150688,3.136497066611111,3.452112676056338,5.26025641025641,18.02994652406417,18.65486796255556,18.43197969543148,18.474038461538463,0.0,499.9208653843889,0.0,93.15980066445182,-126.94625585072481,434.951413024776,1375.5148829470834,669.6031162490835,667,667,0.819385530320141,0.4327979690957783
A4,roll_04,mlr,2026-02-03 09:00:00+00:00,2026-02-03 10:00:00+00:00,0,1,2025-12-08T00:00:00+00:00,2026-02-02T00:00:00+00:00,2026-02-02T00:00:00+00:00,2026-02-09T00:00:00+00:00,1706.1051136363635,1220.0016543027295,486.103459333634,1,low,0,0.0,0,1,0,0,0,0,0,0,0,0,0,0,0,0,0,0,0,0,0,0,0,0,0,0,1,1534.4343933593334,1695.1438661710038,1845.520588235294,1085.7120141342757,9,-0.7071067811865475,0.7071067811865476,0,0,2,3.4781818181818185,4.706430078027778,3.0315068493150688,5.910526315789474,17.55581395348837,18.752280843,18.02994652406417,18.501,25.35892857142857,628.2161829386944,0.0,170.1847953216374,-126.94625585072481,434.951413024776,1375.5148829470834,669.6031162490835,667,667,1.4094671193755561,0.49371071111668025
A4,roll_04,mlr,2026-02-03 10:00:00+00:00,2026-02-03 11:00:00+00:00,0,1,2025-12-08T00:00:00+00:00,2026-02-02T00:00:00+00:00,2026-02-02T00:00:00+00:00,2026-02-09T00:00:00+00:00,835.5128205128206,1314.2699891998243,-478.757168687004,1,low,0,0.0,0,1,0,0,0,0,0,0,0,0,0,0,0,0,0,0,0,0,0,0,0,0,0,0,1,1156.7474213855278,1085.7120141342757,1895.989453125,1706.1051136363635,10,-0.8660254037844387,0.4999999999999999,0,0,2,3.970666666666667,6.267240583472223,3.4781818181818185,6.844029850746269,17.84952380952381,19.328630021027777,17.55581395348837,18.79037037037037,54.39214285714286,1074.0207572205,25.35892857142857,271.47025862068966,-126.94625585072481,434.951413024776,1375.5148829470834,669.6031162490835,667,667,0.8088510631329737,0.8064509398629937
A4,roll_04,mlr,2026-02-03 11:00:00+00:00,2026-02-03 12:00:00+00:00,0,1,2025-12-08T00:00:00+00:00,2026-02-02T00:00:00+00:00,2026-02-02T00:00:00+00:00,2026-02-09T00:00:00+00:00,1812.142446043165,1141.7182036431072,670.4242424000577,1,low,0,0.0,0,1,0,0,0,0,0,0,0,0,0,0,0,0,0,0,0,0,0,0,0,0,0,0,1,339.89285018286114,1706.1051136363635,1458.9305555555557,835.5128205128206,11,-0.9659258262890682,0.258819045102521,0,0,2,4.583529411764706,7.697859210388889,3.970666666666667,7.527152317880794,17.46,19.243634988,17.84952380952381,18.62264150943396,63.80455635491607,965.1249525716944,54.39214285714286,259.9078947368421,-126.94625585072481,434.951413024776,1375.5148829470834,669.6031162490835,667,667,1.8332403904740553,0.6520691921834811
A4,roll_04,mlr,2026-02-03 12:00:00+00:00,2026-02-03 13:00:00+00:00,0,1,2025-12-08T00:00:00+00:00,2026-02-02T00:00:00+00:00,2026-02-02T00:00:00+00:00,2026-02-09T00:00:00+00:00,918.8297520661156,1406.2940800347685,-487.4643279686527,1,low,0,0.0,0,1,0,0,0,0,0,0,0,0,0,0,0,0,0,0,0,0,0,0,0,0,0,0,1,1030.8584088937498,835.5128205128206,994.9530726256984,1812.142446043165,12,-1.0,1.2246467991473532e-16,0,0,2,4.927551020408163,8.44994003075,4.583529411764706,7.766666666666667,18.063333333333333,18.26876692975,17.46,18.257894736842104,107.24119047619048,211.40887729319445,63.80455635491607,212.3322869955157,-126.94625585072481,434.951413024776,1375.5148829470834,669.6031162490835,667,667,0.8288697572236461,0.6820236044288165
A4,roll_04,mlr,2026-02-03 13:00:00+00:00,2026-02-03 14:00:00+00:00,0,1,2025-12-08T00:00:00+00:00,2026-02-02T00:00:00+00:00,2026-02-02T00:00:00+00:00,2026-02-09T00:00:00+00:00,1825.0157894736844,1338.8220927307998,486.19369674288464,1,low,0,0.0,0,2,0,0,0,0,0,0,0,0,0,0,0,0,0,0,0,0,0,0,0,0,0,0,1,1307.5905215424166,1812.142446043165,891.7146341463415,918.8297520661156,13,-0.9659258262890684,-0.2588190451025208,0,0,2,5.151327433628318,8.259617161472223,4.927551020408163,7.646610169491525,17.495238095238097,18.076811365166662,18.063333333333333,17.881132075471697,56.00424403183023,95.77065074513888,107.24119047619048,97.37853658536584,-126.94625585072481,434.951413024776,1375.5148829470834,669.6031162490835,667,667,1.409674584868364,0.6712945259941004
A4,roll_04,mlr,2026-02-03 14:00:00+00:00,2026-02-03 15:00:00+00:00,0,1,2025-12-08T00:00:00+00:00,2026-02-02T00:00:00+00:00,2026-02-02T00:00:00+00:00,2026-02-09T00:00:00+00:00,1432.5622406639004,1429.2422851112717,3.319955552628926,1,low,0,0.0,0,2,0,0,0,0,0,0,0,0,0,0,0,0,0,0,0,0,0,0,0,0,0,0,1,899.1258070269446,918.8297520661156,747.8884726224784,1825.0157894736844,14,-0.8660254037844388,-0.4999999999999997,0,0,2,5.188990825688074,7.754356971027778,5.151327433628318,7.360204081632652,18.157831325301203,17.710901361,17.495238095238097,17.559677419354838,52.07260273972603,20.843421866277776,56.00424403183023,81.38878205128205,-126.94625585072481,434.951413024776,1375.5148829470834,669.6031162490835,667,667,0.2994960069159114,0.08519577691988543
A4,roll_04,mlr,2026-02-03 15:00:00+00:00,2026-02-03 16:00:00+00:00,0,1,2025-12-08T00:00:00+00:00,2026-02-02T00:00:00+00:00,2026-02-02T00:00:00+00:00,2026-02-09T00:00:00+00:00,1624.8924590163936,1546.2288050092284,78.66365400716518,1,low,0,0.0,0,2,0,0,0,0,0,0,0,0,0,0,0,0,0,0,0,0,0,0,0,0,0,0,1,1560.9848600250834,1825.0157894736844,1131.010752688172,1432.5622406639004,15,-0.7071067811865479,-0.7071067811865471,0,0,2,5.364,7.113380494527778,5.188990825688074,7.179729729729729,18.016666666666666,18.19326131930556,18.157831325301203,17.85242718446602,24.51188118811881,0.0,52.07260273972603,12.92,-126.94625585072481,434.951413024776,1375.5148829470834,669.6031162490835,667,667,0.4727192594410031,0.37242594907002347
A4,roll_04,mlr,2026-02-03 16:00:00+00:00,2026-02-03 17:00:00+00:00,0,1,2025-12-08T00:00:00+00:00,2026-02-02T00:00:00+00:00,2026-02-02T00:00:00+00:00,2026-02-09T00:00:00+00:00,1250.0767605633805,1512.2176699274496,-262.1409093640691,1,night,0,0.0,0,2,0,0,0,0,0,0,0,0,0,0,0,0,0,0,0,0,0,0,0,0,0,0,1,1794.9346924112222,1432.5622406639004,1511.6196629213482,1624.8924590163936,16,-0.5000000000000004,-0.8660254037844385,0,0,2,5.236111111111111,6.417744069444445,5.364,6.558620689655172,17.942857142857143,18.04983601577777,18.016666666666666,17.82755905511811,0.0,0.0,24.51188118811881,0.0,-126.94625585072481,434.951413024776,1375.5148829470834,669.6031162490835,667,667,0.31082702450179933,0.1873320469091747
A4,roll_04,mlr,2026-02-03 17:00:00+00:00,2026-02-03 18:00:00+00:00,0,1,2025-12-08T00:00:00+00:00,2026-02-02T00:00:00+00:00,2026-02-02T00:00:00+00:00,2026-02-09T00:00:00+00:00,856.6192182410423,1372.6409718842249,-516.0217536431824,0,night,0,0.0,0,1,0,0,0,0,0,0,0,0,0,0,0,0,0,0,0,0,0,0,0,0,0,0,1,843.3756644045833,1624.8924590163936,1624.4313218390805,1250.0767605633805,17,-0.2588190451025206,-0.9659258262890684,0,0,2,4.8075,6.518880213805556,5.236111111111111,6.18735632183908,17.5125,17.523798786,17.942857142857143,17.923809523809524,0.0,0.0,0.0,0.0,-126.94625585072481,434.951413024776,1375.5148829470834,669.6031162490835,667,667,0.8945263451076425,0.7749301819452984
A4,roll_04,mlr,2026-02-03 22:00:00+00:00,2026-02-03 23:00:00+00:00,0,1,2025-12-08T00:00:00+00:00,2026-02-02T00:00:00+00:00,2026-02-02T00:00:00+00:00,2026-02-09T00:00:00+00:00,619.8279166666667,465.2740807348368,154.5538359318299,0,night,0,0.0,0,1,0,0,0,0,0,0,0,0,0,0,0,0,0,0,0,0,0,0,0,0,0,0,1,469.4664131017777,1029.1314516129032,395.40241935483874,439.3551867219917,22,0.8660254037844384,-0.5000000000000004,0,0,2,4.813725490196078,5.511910193805555,4.667796610169491,4.6576,18.22772277227723,18.249919140416665,18.09047619047619,18.086285714285715,0.0,0.0,0.0,0.0,-126.94625585072481,434.951413024776,1375.5148829470834,669.6031162490835,667,667,0.6471989361407585,1.1285595122578715
A4,roll_04,mlr,2026-02-04 05:00:00+00:00,2026-02-04 06:00:00+00:00,0,1,2025-12-08T00:00:00+00:00,2026-02-02T00:00:00+00:00,2026-02-02T00:00:00+00:00,2026-02-09T00:00:00+00:00,2016.4624060150377,1766.6101264279057,249.85227958713224,0,night,0,0.0,0,1,0,0,0,0,0,0,0,0,0,0,0,0,0,0,0,0,0,0,0,0,0,0,2,2035.0871509705555,1096.6170634920634,2016.13358778626,2001.764661654136,5,0.2588190451025207,0.9659258262890684,0,0,2,4.850617283950617,5.513712828027778,4.621538461538461,3.73,18.641899441340783,18.634632919027776,18.45990099009901,18.92349726775956,0.0,0.0,0.0,0.0,-126.94625585072481,434.951413024776,1375.5148829470834,669.6031162490835,667,667,0.8663002904565654,0.9572051077933309
A4,roll_04,mlr,2026-02-04 06:00:00+00:00,2026-02-04 07:00:00+00:00,0,1,2025-12-08T00:00:00+00:00,2026-02-02T00:00:00+00:00,2026-02-02T00:00:00+00:00,2026-02-09T00:00:00+00:00,1742.2797833935017,1951.1156175578683,-208.8358341643668,0,night,0,0.0,0,2,0,0,0,0,0,0,0,0,0,0,0,0,0,0,0,0,0,0,0,0,0,0,2,2063.430210569112,2001.764661654136,2081.1158088235293,2016.4624060150377,6,6.123233995736766e-17,1.0,0,0,2,5.047142857142857,5.542613285861112,4.850617283950617,3.511904761904762,18.62099447513812,18.442081739,18.641899441340783,18.76684491978609,0.0,0.0,0.0,0.0,-126.94625585072481,434.951413024776,1375.5148829470834,669.6031162490835,667,667,0.18827293316317453,0.5477347574200754
A4,roll_04,mlr,2026-02-04 07:00:00+00:00,2026-02-04 08:00:00+00:00,0,1,2025-12-08T00:00:00+00:00,2026-02-02T00:00:00+00:00,2026-02-02T00:00:00+00:00,2026-02-09T00:00:00+00:00,1544.9358649789028,1770.6906605058034,-225.75479552690055,1,night,0,0.0,0,2,0,0,0,0,0,0,0,0,0,0,0,0,0,0,0,0,0,0,0,0,0,0,2,1837.9513309886668,2016.4624060150377,1670.6992307692308,1742.2797833935017,7,-0.2588190451025206,0.9659258262890684,0,0,2,5.102409638554217,5.184793339416666,5.047142857142857,3.452112676056338,18.634705882352943,18.612981790916667,18.62099447513812,18.43197969543148,0.0,0.0,0.0,0.0,-126.94625585072481,434.951413024776,1375.5148829470834,669.6031162490835,667,667,0.22717144195263791,0.25301701548353767
A4,roll_04,mlr,2026-02-04 08:00:00+00:00,2026-02-04 09:00:00+00:00,0,1,2025-12-08T00:00:00+00:00,2026-02-02T00:00:00+00:00,2026-02-02T00:00:00+00:00,2026-02-09T00:00:00+00:00,1741.7046808510638,1516.9157392098032,224.78894164126064,1,low,0,0.0,0,2,0,0,0,0,0,0,0,0,0,0,0,0,0,0,0,0,0,0,0,0,0,0,2,1887.533959910028,1742.2797833935017,1695.1438661710038,1544.9358649789028,8,-0.4999999999999998,0.8660254037844387,0,0,2,5.541176470588235,5.1913422946944445,5.102409638554217,3.0315068493150688,18.137254901960784,18.377665885472226,18.634705882352943,18.02994652406417,25.176086956521736,0.0,0.0,0.0,-126.94625585072481,434.951413024776,1375.5148829470834,669.6031162490835,667,667,0.80867698542676,0.5468758866524789
A4,roll_04,mlr,2026-02-04 09:00:00+00:00,2026-02-04 10:00:00+00:00,0,1,2025-12-08T00:00:00+00:00,2026-02-02T00:00:00+00:00,2026-02-02T00:00:00+00:00,2026-02-09T00:00:00+00:00,1733.1420765027322,1481.2002630935467,251.94181340918544,1,low,0,0.0,0,2,0,0,0,0,0,0,0,0,0,0,0,0,0,0,0,0,0,0,0,0,0,0,2,1927.4843435574169,1544.9358649789028,1085.7120141342757,1741.7046808510638,9,-0.7071067811865475,0.7071067811865476,0,0,2,5.9905405405405405,5.373750419944444,5.541176470588235,3.4781818181818185,18.36184210526316,18.25319205494445,18.137254901960784,17.55581395348837,27.92615384615385,10.544310736611113,25.176086956521736,25.35892857142857,-126.94625585072481,434.951413024776,1375.5148829470834,669.6031162490835,667,667,0.8711043530701849,0.5340883052620325
A4,roll_04,mlr,2026-02-04 10:00:00+00:00,2026-02-04 11:00:00+00:00,0,1,2025-12-08T00:00:00+00:00,2026-02-02T00:00:00+00:00,2026-02-02T00:00:00+00:00,2026-02-09T00:00:00+00:00,902.2468599033816,1569.4029756418522,-667.1561157384706,1,low,0,0.0,0,2,0,0,0,0,0,0,0,0,0,0,0,0,0,0,0,0,0,0,0,0,0,0,2,1864.801970357278,1741.7046808510638,1706.1051136363635,1733.1420765027322,10,-0.8660254037844387,0.4999999999999999,0,0,2,6.380769230769231,5.65833449311111,5.9905405405405405,3.970666666666667,18.252100840336134,18.034370881194445,18.36184210526316,17.84952380952381,39.21203703703704,25.393810472444443,27.92615384615385,54.39214285714286,-126.94625585072481,434.951413024776,1375.5148829470834,669.6031162490835,667,667,1.242000471112331,0.7067888597872838
A4,roll_04,mlr,2026-02-04 11:00:00+00:00,2026-02-04 12:00:00+00:00,0,1,2025-12-08T00:00:00+00:00,2026-02-02T00:00:00+00:00,2026-02-02T00:00:00+00:00,2026-02-09T00:00:00+00:00,2676.460583941606,1143.2148673135405,1533.2457166280656,1,low,0,0.0,0,2,0,0,0,0,0,0,0,0,0,0,0,0,0,0,0,0,0,0,0,0,0,0,2,3141.5486331360003,1733.1420765027322,835.5128205128206,902.2468599033816,11,-0.9659258262890682,0.258819045102521,0,0,2,6.638805970149254,5.88800453525,6.380769230769231,4.583529411764706,17.52173913043478,18.29865785161111,18.252100840336134,17.46,51.13607954545455,223.8937608820556,39.21203703703704,63.80455635491607,-126.94625585072481,434.951413024776,1375.5148829470834,669.6031162490835,667,667,3.816959602299812,1.9428608819535238
A4,roll_04,mlr,2026-02-04 12:00:00+00:00,2026-02-04 13:00:00+00:00,0,1,2025-12-08T00:00:00+00:00,2026-02-02T00:00:00+00:00,2026-02-02T00:00:00+00:00,2026-02-09T00:00:00+00:00,3913.525657894737,1748.16601388962,2165.359644005117,1,low,0,0.0,0,2,0,0,0,0,0,0,0,0,0,0,0,0,0,0,0,0,0,0,0,0,0,0,2,3688.242951303472,902.2468599033816,1812.142446043165,2676.460583941606,12,-1.0,1.2246467991473532e-16,0,0,2,6.79,6.230890702111111,6.638805970149254,4.927551020408163,18.237142857142857,18.18650774847222,17.52173913043478,18.063333333333333,83.6985111662531,217.1136607175556,51.13607954545455,107.24119047619048,-126.94625585072481,434.951413024776,1375.5148829470834,669.6031162490835,667,667,5.270257392462514,3.790321032501807
A4,roll_04,mlr,2026-02-04 13:00:00+00:00,2026-02-04 14:00:00+00:00,0,1,2025-12-08T00:00:00+00:00,2026-02-02T00:00:00+00:00,2026-02-02T00:00:00+00:00,2026-02-09T00:00:00+00:00,2946.6394495412846,2802.3782811115902,144.2611684296944,1,low,0,0.0,0,2,0,0,0,0,0,0,0,0,0,0,0,0,0,0,0,0,0,0,0,0,0,0,2,2978.0382318605,2676.460583941606,918.8297520661156,3913.525657894737,13,-0.9659258262890684,-0.2588190451025208,0,0,2,6.527777777777778,6.399069186666668,6.79,5.151327433628318,17.940449438202247,17.592900088416666,18.237142857142857,17.495238095238097,117.9880195599022,113.17434017758336,83.6985111662531,56.00424403183023,-126.94625585072481,434.951413024776,1375.5148829470834,669.6031162490835,667,667,0.6235349884125345,2.346351933657614
A4,roll_04,mlr,2026-02-04 14:00:00+00:00,2026-02-04 15:00:00+00:00,0,1,2025-12-08T00:00:00+00:00,2026-02-02T00:00:00+00:00,2026-02-02T00:00:00+00:00,2026-02-09T00:00:00+00:00,2754.6374269005846,2754.2440722973656,0.3933546032189952,1,low,0,0.0,0,2,0,0,0,0,0,0,0,0,0,0,0,0,0,0,0,0,0,0,0,0,0,0,2,3380.6789978081943,3913.525657894737,1825.0157894736844,2946.6394495412846,14,-0.8660254037844388,-0.4999999999999997,0,0,2,6.487671232876712,6.31566832675,6.527777777777778,5.188990825688074,17.463749999999997,17.809436758833332,17.940449438202247,18.157831325301203,105.31936274509803,57.91523832122223,117.9880195599022,52.07260273972603,-126.94625585072481,434.951413024776,1375.5148829470834,669.6031162490835,667,667,0.29276743709921044,2.0596118961914835
A4,roll_04,mlr,2026-02-04 15:00:00+00:00,2026-02-04 16:00:00+00:00,0,1,2025-12-08T00:00:00+00:00,2026-02-02T00:00:00+00:00,2026-02-02T00:00:00+00:00,2026-02-09T00:00:00+00:00,2882.762139917695,2422.9620107547566,459.8001291629385,1,low,0,0.0,0,2,0,0,0,0,0,0,0,0,0,0,0,0,0,0,0,0,0,0,0,0,0,0,2,3872.714778626834,2946.6394495412846,1432.5622406639004,2754.6374269005846,15,-0.7071067811865479,-0.7071067811865471,0,0,2,6.59375,6.244660061111111,6.487671232876712,5.364,16.942105263157895,17.889092211916665,17.463749999999997,18.016666666666666,46.266666666666666,0.0,105.31936274509803,24.51188118811881,-126.94625585072481,434.951413024776,1375.5148829470834,669.6031162490835,667,667,1.3489929390808546,2.250956156556977
A4,roll_04,mlr,2026-02-04 16:00:00+00:00,2026-02-04 17:00:00+00:00,0,1,2025-12-08T00:00:00+00:00,2026-02-02T00:00:00+00:00,2026-02-02T00:00:00+00:00,2026-02-09T00:00:00+00:00,4170.079435483871,2371.823664116098,1798.255771367773,1,night,0,0.0,0,2,0,0,0,0,0,0,0,0,0,0,0,0,0,0,0,0,0,0,0,0,0,0,2,3566.8731119283607,2754.6374269005846,1624.8924590163936,2882.762139917695,16,-0.5000000000000004,-0.8660254037844385,0,0,2,6.457142857142857,5.823090861361112,6.59375,5.236111111111111,17.315343915343917,17.597432975833332,16.942105263157895,17.942857142857143,0.0,0.0,46.266666666666666,0.0,-126.94625585072481,434.951413024776,1375.5148829470834,669.6031162490835,667,667,4.426246172716383,4.173464078529237
A4,roll_04,mlr,2026-02-04 17:00:00+00:00,2026-02-04 18:00:00+00:00,0,1,2025-12-08T00:00:00+00:00,2026-02-02T00:00:00+00:00,2026-02-02T00:00:00+00:00,2026-02-09T00:00:00+00:00,3388.3426229508195,2857.512499639741,530.8301233110783,0,night,0,0.0,0,2,0,0,0,0,0,0,0,0,0,0,0,0,0,0,0,0,0,0,0,0,0,0,2,4099.8204709775,2882.762139917695,1250.0767605633805,4170.079435483871,17,-0.2588190451025206,-0.9659258262890684,0,0,2,6.315,5.327666574166667,6.457142857142857,4.8075,18.17823834196892,16.81522350208333,17.315343915343917,17.5125,0.0,0.0,0.0,0.0,-126.94625585072481,434.951413024776,1375.5148829470834,669.6031162490835,667,667,1.5122985222359409,3.0060011537565647
A4,roll_04,mlr,2026-02-04 19:00:00+00:00,2026-02-04 20:00:00+00:00,0,1,2025-12-08T00:00:00+00:00,2026-02-02T00:00:00+00:00,2026-02-02T00:00:00+00:00,2026-02-09T00:00:00+00:00,3326.137804878049,2592.3481222762853,733.7896826017636,0,night,0,0.0,0,2,0,0,0,0,0,0,0,0,0,0,0,0,0,0,0,0,0,0,0,0,0,0,2,4150.093525715889,3388.3426229508195,1353.571382636656,3374.507818930041,19,0.2588190451025203,-0.9659258262890684,0,0,2,6.048780487804878,5.153431917222222,6.164864864864865,4.605263157894737,18.24031413612565,17.99117864236111,17.838461538461537,17.58954248366013,0.0,0.0,0.0,0.0,-126.94625585072481,434.951413024776,1375.5148829470834,669.6031162490835,667,667,1.9789243411503956,2.913103112270104
A4,roll_04,mlr,2026-02-04 21:00:00+00:00,2026-02-04 22:00:00+00:00,0,1,2025-12-08T00:00:00+00:00,2026-02-02T00:00:00+00:00,2026-02-02T00:00:00+00:00,2026-02-09T00:00:00+00:00,2707.4724576271187,2230.35689252741,477.1155650997089,0,night,0,0.0,0,2,0,0,0,0,0,0,0,0,0,0,0,0,0,0,0,0,0,0,0,0,0,0,2,3031.050403281528,3326.137804878049,1029.1314516129032,2641.1531380753136,21,0.7071067811865474,-0.7071067811865477,0,0,2,5.891666666666667,5.513382952611111,6.0285714285714285,4.667796610169491,18.003589743589743,19.893719509444445,17.913366336633665,18.09047619047619,0.0,0.0,0.0,0.0,-126.94625585072481,434.951413024776,1375.5148829470834,669.6031162490835,667,667,1.388802985486622,1.989174695215374
A4,roll_04,mlr,2026-02-04 22:00:00+00:00,2026-02-04 23:00:00+00:00,0,1,2025-12-08T00:00:00+00:00,2026-02-02T00:00:00+00:00,2026-02-02T00:00:00+00:00,2026-02-09T00:00:00+00:00,2638.623580786026,2012.3445532032192,626.279027582807,0,night,0,0.0,0,2,0,0,0,0,0,0,0,0,0,0,0,0,0,0,0,0,0,0,0,0,0,0,2,880.7419122894444,2641.1531380753136,439.3551867219917,2707.4724576271187,22,0.8660254037844384,-0.5000000000000004,0,0,2,6.089855072463768,5.632813449722222,5.891666666666667,4.813725490196078,18.0421568627451,19.97541349633333,18.003589743589743,18.22772277227723,0.0,0.0,0.0,0.0,-126.94625585072481,434.951413024776,1375.5148829470834,669.6031162490835,667,667,1.7317458016641183,1.8863542704438117
A4,roll_04,mlr,2026-02-05 00:00:00+00:00,2026-02-05 01:00:00+00:00,0,1,2025-12-08T00:00:00+00:00,2026-02-02T00:00:00+00:00,2026-02-02T00:00:00+00:00,2026-02-09T00:00:00+00:00,572.743621399177,1942.3641311036613,-1369.6205097044844,0,night,0,0.0,0,2,0,0,0,0,0,0,0,0,0,0,0,0,0,0,0,0,0,0,0,0,0,0,3,934.8170360965556,2638.623580786026,600.8824999999999,735.8008196721311,0,1.0,0.0,0,0,2,5.9,5.649876135861111,6.062162162162162,4.731481481481482,18.64417475728155,18.53709236861112,18.196059113300493,18.48186528497409,0.0,0.0,0.0,0.0,-126.94625585072481,434.951413024776,1375.5148829470834,669.6031162490835,667,667,2.8570415376095664,1.1988762329016494
A4,roll_04,mlr,2026-02-05 04:00:00+00:00,2026-02-05 05:00:00+00:00,0,1,2025-12-08T00:00:00+00:00,2026-02-02T00:00:00+00:00,2026-02-02T00:00:00+00:00,2026-02-09T00:00:00+00:00,1980.2167272727272,1311.5785881049874,668.6381391677398,0,night,0,0.0,0,2,0,0,0,0,0,0,0,0,0,0,0,0,0,0,0,0,0,0,0,0,0,0,3,1044.109589464861,582.7389344262294,1096.6170634920634,1140.7624489795917,4,0.5000000000000001,0.8660254037844386,0,0,2,5.233333333333333,5.690614872888889,5.32,4.621538461538461,18.495384615384616,18.699853914444443,18.57680412371134,18.45990099009901,0.0,0.0,0.0,0.0,-126.94625585072481,434.951413024776,1375.5148829470834,669.6031162490835,667,667,1.8291339473660844,0.9030750151119409
A4,roll_04,mlr,2026-02-05 05:00:00+00:00,2026-02-05 06:00:00+00:00,0,1,2025-12-08T00:00:00+00:00,2026-02-02T00:00:00+00:00,2026-02-02T00:00:00+00:00,2026-02-09T00:00:00+00:00,2024.3182156133828,1786.2847838688062,238.03343174457652,0,night,0,0.0,0,2,0,0,0,0,0,0,0,0,0,0,0,0,0,0,0,0,0,0,0,0,0,0,3,2097.0978272491666,1140.7624489795917,2001.764661654136,1980.2167272727272,5,0.2588190451025207,0.9659258262890684,0,0,2,5.113953488372093,5.321339182305556,5.233333333333333,4.850617283950617,18.813855421686743,18.788275002444447,18.495384615384616,18.641899441340783,0.0,0.0,0.0,0.0,-126.94625585072481,434.951413024776,1375.5148829470834,669.6031162490835,667,667,0.839127490257196,0.9689371463811305
A4,roll_04,mlr,2026-02-05 06:00:00+00:00,2026-02-05 07:00:00+00:00,0,1,2025-12-08T00:00:00+00:00,2026-02-02T00:00:00+00:00,2026-02-02T00:00:00+00:00,2026-02-09T00:00:00+00:00,1672.158108108108,2022.3814164458609,-350.2233083377528,0,night,0,0.0,0,1,0,0,0,0,0,0,0,0,0,0,0,0,0,0,0,0,0,0,0,0,0,0,3,2101.717697546028,1980.2167272727272,2016.4624060150377,2024.3182156133828,6,6.123233995736766e-17,1.0,0,0,2,4.575714285714286,5.4229227490000005,5.113953488372093,5.047142857142857,18.487428571428573,18.46805462488889,18.813855421686743,18.62099447513812,0.0,0.0,0.0,0.0,-126.94625585072481,434.951413024776,1375.5148829470834,669.6031162490835,667,667,0.5133379172958557,0.4430135074978912
A4,roll_04,mlr,2026-02-05 07:00:00+00:00,2026-02-05 08:00:00+00:00,0,1,2025-12-08T00:00:00+00:00,2026-02-02T00:00:00+00:00,2026-02-02T00:00:00+00:00,2026-02-09T00:00:00+00:00,1393.502840909091,1783.9362837224835,-390.4334428133925,1,low,0,0.0,0,1,0,0,0,0,0,0,0,0,0,0,0,0,0,0,0,0,0,0,0,0,0,0,3,1866.4684684137776,2024.3182156133828,1742.2797833935017,1672.158108108108,7,-0.2588190451025206,0.9659258262890684,0,0,2,4.341428571428571,5.644273330472223,4.575714285714286,5.102409638554217,18.316,18.33773261380556,18.487428571428573,18.634705882352943,24.614516129032257,0.0,0.0,0.0,-126.94625585072481,434.951413024776,1375.5148829470834,669.6031162490835,667,667,0.6057853338843131,0.02686361148193392
A4,roll_04,mlr,2026-02-05 08:00:00+00:00,2026-02-05 09:00:00+00:00,0,1,2025-12-08T00:00:00+00:00,2026-02-02T00:00:00+00:00,2026-02-02T00:00:00+00:00,2026-02-09T00:00:00+00:00,1354.447186147186,1401.7683607800464,-47.32117463286045,1,low,0,0.0,0,1,0,0,0,0,0,0,0,0,0,0,0,0,0,0,0,0,0,0,0,0,0,0,3,1765.7431687797225,1672.158108108108,1544.9358649789028,1393.502840909091,8,-0.4999999999999998,0.8660254037844387,0,0,2,4.676744186046511,6.577056710277778,4.341428571428571,5.541176470588235,18.40571428571429,18.68058624561111,18.316,18.137254901960784,133.55408970976254,107.09455782583336,24.614516129032257,25.176086956521736,-126.94625585072481,434.951413024776,1375.5148829470834,669.6031162490835,667,667,0.18306661119716539,0.031462961101364664
A4,roll_04,mlr,2026-02-05 09:00:00+00:00,2026-02-05 10:00:00+00:00,0,1,2025-12-08T00:00:00+00:00,2026-02-02T00:00:00+00:00,2026-02-02T00:00:00+00:00,2026-02-09T00:00:00+00:00,662.0819532908704,1288.1641029156049,-626.0821496247345,1,low,0,0.0,0,2,0,0,0,0,0,0,0,0,0,0,0,0,0,0,0,0,0,0,0,0,0,0,3,1253.1664777410554,1393.502840909091,1741.7046808510638,1354.447186147186,9,-0.7071067811865475,0.7071067811865476,0,0,2,5.127464788732395,7.120698170944444,4.676744186046511,5.9905405405405405,18.397345132743364,18.200570424222224,18.40571428571429,18.36184210526316,240.70067340067345,173.80403361816664,133.55408970976254,27.92615384615385,-126.94625585072481,434.951413024776,1375.5148829470834,669.6031162490835,667,667,1.1475670128368511,1.0654564059567868
A4,roll_04,mlr,2026-02-05 10:00:00+00:00,2026-02-05 11:00:00+00:00,0,1,2025-12-08T00:00:00+00:00,2026-02-02T00:00:00+00:00,2026-02-02T00:00:00+00:00,2026-02-09T00:00:00+00:00,-1116.5161157024795,307.2644410535054,-1423.780556755985,1,med,0,0.0,0,2,0,0,0,0,0,0,0,0,0,0,0,0,0,0,0,0,0,0,0,0,0,0,3,948.2308555061112,1354.447186147186,1733.1420765027322,662.0819532908704,10,-0.8660254037844387,0.4999999999999999,0,0,2,6.55,7.047235797361111,5.127464788732395,6.380769230769231,19.503125,18.18368814136112,18.397345132743364,18.252100840336134,1064.7166666666667,95.93545610280556,240.70067340067345,39.21203703703704,-126.94625585072481,434.951413024776,1375.5148829470834,669.6031162490835,667,667,2.9815613010352235,3.721653824744986
A4,roll_04,mlr,2026-02-05 11:00:00+00:00,2026-02-05 12:00:00+00:00,0,1,2025-12-08T00:00:00+00:00,2026-02-02T00:00:00+00:00,2026-02-02T00:00:00+00:00,2026-02-09T00:00:00+00:00,-936.9505836575876,-806.0335472880445,-130.9170363695431,1,high,0,0.0,0,2,1,0,0,0,0,0,0,0,0,0,0,0,0,0,0,0,0,0,0,0,0,0,3,1415.7808458588888,662.0819532908704,902.2468599033816,-1116.5161157024795,11,-0.9659258262890682,0.258819045102521,0,0,2,8.824117647058824,7.484160413777777,6.55,6.638805970149254,19.08695652173913,18.45564459983333,19.503125,17.52173913043478,1722.8723214285717,198.05782505847225,1064.7166666666667,51.13607954545455,-126.94625585072481,434.951413024776,1375.5148829470834,669.6031162490835,667,667,0.009129250762066386,3.4534867154717124
A4,roll_04,mlr,2026-02-05 12:00:00+00:00,2026-02-05 13:00:00+00:00,0,1,2025-12-08T00:00:00+00:00,2026-02-02T00:00:00+00:00,2026-02-02T00:00:00+00:00,2026-02-09T00:00:00+00:00,-837.3921487603305,-738.405533208125,-98.98661555220554,1,high,0,0.0,0,3,1,0,0,0,0,0,0,0,0,0,0,0,0,0,0,0,0,0,0,0,0,0,3,347.5551561380278,-1116.5161157024795,2676.460583941606,-936.9505836575876,12,-1.0,1.2246467991473532e-16,0,0,2,11.251793721973094,8.72531020561111,8.824117647058824,6.79,19.05978260869565,18.326656080611112,19.08695652173913,18.237142857142857,1626.945238095238,591.8653806022222,1722.8723214285717,83.6985111662531,-126.94625585072481,434.951413024776,1375.5148829470834,669.6031162490835,667,667,0.06428221511933936,3.304803962238792
A4,roll_04,mlr,2026-02-05 13:00:00+00:00,2026-02-05 14:00:00+00:00,0,1,2025-12-08T00:00:00+00:00,2026-02-02T00:00:00+00:00,2026-02-02T00:00:00+00:00,2026-02-09T00:00:00+00:00,-375.85170454545454,-543.3572034922297,167.50549894677516,1,high,0,0.0,0,3,1,0,0,0,0,0,0,0,0,0,0,0,0,0,0,0,0,0,0,0,0,0,3,-402.3519291878333,-936.9505836575876,3913.525657894737,-837.3921487603305,13,-0.9659258262890684,-0.2588190451025208,0,0,2,12.371243523316062,9.603330588527776,11.251793721973094,6.527777777777778,19.18704663212436,18.84680833225,19.05978260869565,17.940449438202247,1425.287155963303,1247.4635750589998,1626.945238095238,117.9880195599022,-126.94625585072481,434.951413024776,1375.5148829470834,669.6031162490835,667,667,0.6769762000536994,2.615529326242043
A4,roll_04,mlr,2026-02-05 14:00:00+00:00,2026-02-05 15:00:00+00:00,0,1,2025-12-08T00:00:00+00:00,2026-02-02T00:00:00+00:00,2026-02-02T00:00:00+00:00,2026-02-09T00:00:00+00:00,735.4822981366459,-211.7362785008236,947.2185766374696,1,med,0,0.0,0,3,1,0,0,0,0,0,0,0,0,0,0,0,0,0,0,0,0,0,0,0,0,0,3,1092.5960639581945,-837.3921487603305,2946.6394495412846,-375.85170454545454,14,-0.8660254037844388,-0.4999999999999997,0,0,2,14.806871609403254,10.175281555083336,12.371243523316062,6.487671232876712,18.775609756097563,18.72012759377778,19.18704663212436,17.463749999999997,1118.9860294117648,733.8672658107222,1425.287155963303,105.31936274509803,-126.94625585072481,434.951413024776,1375.5148829470834,669.6031162490835,667,667,2.469620284753523,0.9558387189051757
A4,roll_04,mlr,2026-02-05 15:00:00+00:00,2026-02-05 16:00:00+00:00,0,1,2025-12-08T00:00:00+00:00,2026-02-02T00:00:00+00:00,2026-02-02T00:00:00+00:00,2026-02-09T00:00:00+00:00,773.8824840764331,1030.8038066886038,-256.9213226121707,1,low,0,0.0,0,4,0,0,0,0,0,0,0,0,0,0,0,0,0,0,0,0,0,0,0,0,0,0,3,462.4739155892223,-375.85170454545454,2754.6374269005846,735.4822981366459,15,-0.7071067811865479,-0.7071067811865471,0,0,2,15.497447795823666,10.80456051886111,14.806871609403254,6.59375,18.53142857142857,17.667633677111112,18.775609756097563,16.942105263157895,284.55916666666667,202.1270942708333,1118.9860294117648,46.266666666666666,-126.94625585072481,434.951413024776,1375.5148829470834,669.6031162490835,667,667,0.29882663412348115,0.8984910378565965
A4,roll_04,mlr,2026-02-05 16:00:00+00:00,2026-02-05 17:00:00+00:00,0,1,2025-12-08T00:00:00+00:00,2026-02-02T00:00:00+00:00,2026-02-02T00:00:00+00:00,2026-02-09T00:00:00+00:00,822.6935275080906,1370.306510727471,-547.6129832193805,1,low,0,0.0,0,3,0,0,0,0,0,0,0,0,0,0,0,0,0,0,0,0,0,0,0,0,0,0,3,1737.4693776433332,735.4822981366459,2882.762139917695,773.8824840764331,16,-0.5000000000000004,-0.8660254037844385,0,0,2,12.19726775956284,8.926961661277778,15.497447795823666,6.457142857142857,17.5972972972973,17.675791429472223,18.53142857142857,17.315343915343917,13.7,0.0,284.55916666666667,0.0,-126.94625585072481,434.951413024776,1375.5148829470834,669.6031162490835,667,667,0.9671579739061414,0.8255955535806535
A4,roll_04,mlr,2026-02-05 19:00:00+00:00,2026-02-05 20:00:00+00:00,0,1,2025-12-08T00:00:00+00:00,2026-02-02T00:00:00+00:00,2026-02-02T00:00:00+00:00,2026-02-09T00:00:00+00:00,756.398866855524,1318.103772382979,-561.704905527455,0,night,0,0.0,0,2,0,0,0,0,0,0,0,0,0,0,0,0,0,0,0,0,0,0,0,0,0,0,3,2461.1030846526387,1374.275974025974,3374.507818930041,1357.352397260274,19,0.2588190451025203,-0.9659258262890684,0,0,2,8.97439024390244,4.914927927388889,9.466153846153846,6.048780487804878,17.808125,18.053897769944445,18.28851351351351,18.24031413612565,0.0,0.0,0.0,0.0,-126.94625585072481,434.951413024776,1375.5148829470834,669.6031162490835,667,667,0.9995568163655217,0.9246014557991638
A4,roll_04,mlr,2026-02-05 20:00:00+00:00,2026-02-05 21:00:00+00:00,0,1,2025-12-08T00:00:00+00:00,2026-02-02T00:00:00+00:00,2026-02-02T00:00:00+00:00,2026-02-09T00:00:00+00:00,1207.6818181818182,884.3310406801857,323.3507775016326,0,night,0,0.0,0,2,0,0,0,0,0,0,0,0,0,0,0,0,0,0,0,0,0,0,0,0,0,0,3,738.0341406504722,1357.352397260274,3326.137804878049,756.398866855524,20,0.5000000000000001,-0.8660254037844386,0,0,2,8.583561643835617,4.190135806277778,8.97439024390244,6.0285714285714285,18.25384615384615,17.800593456972223,17.808125,17.913366336633665,0.0,0.0,0.0,0.0,-126.94625585072481,434.951413024776,1375.5148829470834,669.6031162490835,667,667,1.0352812288178663,0.2506455849629491
A4,roll_04,mlr,2026-02-05 21:00:00+00:00,2026-02-05 22:00:00+00:00,0,1,2025-12-08T00:00:00+00:00,2026-02-02T00:00:00+00:00,2026-02-02T00:00:00+00:00,2026-02-09T00:00:00+00:00,799.4336507936508,888.5581658356014,-89.12451504195053,0,night,0,0.0,0,2,0,0,0,0,0,0,0,0,0,0,0,0,0,0,0,0,0,0,0,0,0,0,3,1046.6185902225832,756.398866855524,2641.1531380753136,1207.6818181818182,21,0.7071067811865474,-0.7071067811865477,0,0,2,8.078481012658228,3.735040379,8.583561643835617,5.891666666666667,18.09447852760736,17.774244155,18.25384615384615,18.003589743589743,0.0,0.0,0.0,0.0,-126.94625585072481,434.951413024776,1375.5148829470834,669.6031162490835,667,667,0.08695624310253672,0.8603323643122621
A4,roll_04,mlr,2026-02-06 03:00:00+00:00,2026-02-06 04:00:00+00:00,0,1,2025-12-08T00:00:00+00:00,2026-02-02T00:00:00+00:00,2026-02-02T00:00:00+00:00,2026-02-09T00:00:00+00:00,1180.2426294820718,1079.1532253764085,101.08940410566332,0,night,0,0.0,0,2,0,0,0,0,0,0,0,0,0,0,0,0,0,0,0,0,0,0,0,0,0,0,4,377.9953876609166,575.4979166666667,582.7389344262294,574.4534979423869,3,0.7071067811865476,0.7071067811865476,0,0,2,7.359999999999999,3.226123679444445,7.4512820512820515,5.32,18.513432835820893,18.347174637972223,18.60890052356021,18.57680412371134,0.0,0.0,0.0,0.0,-126.94625585072481,434.951413024776,1375.5148829470834,669.6031162490835,667,667,0.5242784668075067,0.2916238720017737
A4,roll_04,mlr,2026-02-06 04:00:00+00:00,2026-02-06 05:00:00+00:00,0,1,2025-12-08T00:00:00+00:00,2026-02-02T00:00:00+00:00,2026-02-02T00:00:00+00:00,2026-02-09T00:00:00+00:00,2027.4632958801496,1294.580898113431,732.8823977667187,0,night,0,0.0,0,2,0,0,0,0,0,0,0,0,0,0,0,0,0,0,0,0,0,0,0,0,0,0,4,1042.5099112287778,574.4534979423869,1140.7624489795917,1180.2426294820718,4,0.5000000000000001,0.8660254037844386,0,0,2,7.303225806451613,3.499414719305556,7.359999999999999,5.233333333333333,18.63842105263158,18.78404704663889,18.513432835820893,18.495384615384616,0.0,0.0,0.0,0.0,-126.94625585072481,434.951413024776,1375.5148829470834,669.6031162490835,667,667,1.9768383958979467,0.9736340783255107
A4,roll_04,mlr,2026-02-06 05:00:00+00:00,2026-02-06 06:00:00+00:00,0,1,2025-12-08T00:00:00+00:00,2026-02-02T00:00:00+00:00,2026-02-02T00:00:00+00:00,2026-02-09T00:00:00+00:00,2067.114606741573,1812.0071480445968,255.10745869697573,0,night,0,0.0,0,2,0,0,0,0,0,0,0,0,0,0,0,0,0,0,0,0,0,0,0,0,0,0,4,2043.280496847389,1180.2426294820718,1980.2167272727272,2027.4632958801496,5,0.2588190451025207,0.9659258262890684,0,0,2,7.25,3.7577913895277777,7.303225806451613,5.113953488372093,18.88314606741573,18.75169663830556,18.63842105263158,18.813855421686743,0.0,0.0,0.0,0.0,-126.94625585072481,434.951413024776,1375.5148829470834,669.6031162490835,667,667,0.8783825114874101,1.0328502168099583
A4,roll_04,mlr,2026-02-06 06:00:00+00:00,2026-02-06 07:00:00+00:00,0,1,2025-12-08T00:00:00+00:00,2026-02-02T00:00:00+00:00,2026-02-02T00:00:00+00:00,2026-02-09T00:00:00+00:00,1597.1892857142857,2001.3204145884315,-404.1311288741458,0,night,0,0.0,0,2,0,0,0,0,0,0,0,0,0,0,0,0,0,0,0,0,0,0,0,0,0,0,4,2356.0469720826945,2027.4632958801496,2024.3182156133828,2067.114606741573,6,6.123233995736766e-17,1.0,0,0,2,7.270370370370371,4.644791845444444,7.25,4.575714285714286,18.486187845303867,18.553310034722223,18.88314606741573,18.487428571428573,0.0,0.0,0.0,0.0,-126.94625585072481,434.951413024776,1375.5148829470834,669.6031162490835,667,667,0.6372777848813008,0.3310534216282565
A4,roll_04,mlr,2026-02-06 07:00:00+00:00,2026-02-06 08:00:00+00:00,0,1,2025-12-08T00:00:00+00:00,2026-02-02T00:00:00+00:00,2026-02-02T00:00:00+00:00,2026-02-09T00:00:00+00:00,1538.8590163934423,1642.542581017898,-103.6835646244558,1,low,0,0.0,0,2,0,0,0,0,0,0,0,0,0,0,0,0,0,0,0,0,0,0,0,0,0,0,4,2415.724502125278,2067.114606741573,1672.158108108108,1597.1892857142857,7,-0.2588190451025206,0.9659258262890684,0,0,2,7.503846153846154,5.112628002777778,7.270370370370371,4.341428571428571,18.33118279569893,18.194770331416667,18.486187845303867,18.316,84.86169491525423,0.0,0.0,24.614516129032257,-126.94625585072481,434.951413024776,1375.5148829470834,669.6031162490835,667,667,0.0534834248830085,0.2439417163429046
A4,roll_04,mlr,2026-02-06 08:00:00+00:00,2026-02-06 09:00:00+00:00,0,1,2025-12-08T00:00:00+00:00,2026-02-02T00:00:00+00:00,2026-02-02T00:00:00+00:00,2026-02-09T00:00:00+00:00,808.640361445783,1409.2089798080174,-600.5686183622344,1,low,0,0.0,0,2,0,0,0,0,0,0,0,0,0,0,0,0,0,0,0,0,0,0,0,0,0,0,4,2088.875723270194,1597.1892857142857,1393.502840909091,1538.8590163934423,8,-0.4999999999999998,0.8660254037844387,0,0,2,8.057142857142857,5.971257494111111,7.503846153846154,4.676744186046511,18.572950819672133,17.925204983888886,18.33118279569893,18.40571428571429,183.8434931506849,110.06260566791669,84.86169491525423,133.55408970976254,-126.94625585072481,434.951413024776,1375.5148829470834,669.6031162490835,667,667,1.088908665034112,0.8465828604215015
A4,roll_04,mlr,2026-02-06 09:00:00+00:00,2026-02-06 10:00:00+00:00,0,1,2025-12-08T00:00:00+00:00,2026-02-02T00:00:00+00:00,2026-02-02T00:00:00+00:00,2026-02-09T00:00:00+00:00,1106.088343558282,1059.9524319317702,46.13591162651187,1,low,0,0.0,0,2,0,0,0,0,0,0,0,0,0,0,0,0,0,0,0,0,0,0,0,0,0,0,4,1376.5848081650277,1538.8590163934423,1354.447186147186,808.640361445783,9,-0.7071067811865475,0.7071067811865476,0,0,2,8.671739130434782,6.401175342055556,8.057142857142857,5.127464788732395,18.47980769230769,18.61396918244445,18.572950819672133,18.397345132743364,229.431981981982,454.6492470125556,183.8434931506849,240.70067340067345,-126.94625585072481,434.951413024776,1375.5148829470834,669.6031162490835,667,667,0.3979344871501256,0.4023675112177617
A4,roll_04,mlr,2026-02-06 10:00:00+00:00,2026-02-06 11:00:00+00:00,0,1,2025-12-08T00:00:00+00:00,2026-02-02T00:00:00+00:00,2026-02-02T00:00:00+00:00,2026-02-09T00:00:00+00:00,-642.7065420560747,723.9031385837161,-1366.609680639791,1,med,0,0.0,0,2,0,0,0,0,0,0,0,0,0,0,0,0,0,0,0,0,0,0,0,0,0,0,4,637.5708449115556,808.640361445783,662.0819532908704,1106.088343558282,10,-0.8660254037844387,0.4999999999999999,0,0,2,9.642622950819671,6.918664744916666,8.671739130434782,6.55,21.201242236024846,19.34717694561112,18.47980769230769,19.503125,512.6413407821229,1227.077606142361,229.431981981982,1064.7166666666667,-126.94625585072481,434.951413024776,1375.5148829470834,669.6031162490835,667,667,2.8501193183121156,3.014056201393791
A4,roll_04,mlr,2026-02-06 11:00:00+00:00,2026-02-06 12:00:00+00:00,0,1,2025-12-08T00:00:00+00:00,2026-02-02T00:00:00+00:00,2026-02-02T00:00:00+00:00,2026-02-09T00:00:00+00:00,-1011.863082437276,-377.5769909222363,-634.2860915150397,1,high,0,0.0,0,3,1,0,0,0,0,0,0,0,0,0,0,0,0,0,0,0,0,0,0,0,0,0,4,-1038.640299738972,1106.088343558282,-1116.5161157024795,-642.7065420560747,11,-0.9659258262890682,0.258819045102521,0,0,2,11.104,9.024725996194444,9.642622950819671,8.824117647058824,20.592156862745096,18.99885653263889,21.201242236024846,19.08695652173913,1345.569822485207,1549.6980390854724,512.6413407821229,1722.8723214285717,-126.94625585072481,434.951413024776,1375.5148829470834,669.6031162490835,667,667,1.1664287561135374,3.5653626864189896
A4,roll_04,mlr,2026-02-06 12:00:00+00:00,2026-02-06 13:00:00+00:00,0,1,2025-12-08T00:00:00+00:00,2026-02-02T00:00:00+00:00,2026-02-02T00:00:00+00:00,2026-02-09T00:00:00+00:00,-893.904280155642,-492.0054659829953,-401.8988141726468,1,high,0,0.0,0,3,1,0,0,0,0,0,0,0,0,0,0,0,0,0,0,0,0,0,0,0,0,0,4,338.58896643852773,-642.7065420560747,-936.9505836575876,-1011.863082437276,12,-1.0,1.2246467991473532e-16,0,0,2,12.322047244094488,10.370691970305556,11.104,11.251793721973094,19.06583850931677,18.922971791888887,20.592156862745096,19.05978260869565,1481.615811965812,1116.10089140025,1345.569822485207,1626.945238095238,-126.94625585072481,434.951413024776,1375.5148829470834,669.6031162490835,667,667,0.6321454536952152,3.3892004204152046
A4,roll_04,mlr,2026-02-06 13:00:00+00:00,2026-02-06 14:00:00+00:00,0,1,2025-12-08T00:00:00+00:00,2026-02-02T00:00:00+00:00,2026-02-02T00:00:00+00:00,2026-02-09T00:00:00+00:00,-665.2588028169014,-358.97629962196334,-306.28250319493804,1,high,0,0.0,0,3,1,0,0,0,0,0,0,0,0,0,0,0,0,0,0,0,0,0,0,0,0,0,4,-266.5041079402778,-1011.863082437276,-837.3921487603305,-893.904280155642,13,-0.9659258262890684,-0.2588190451025208,0,0,2,13.21132075471698,10.433649848611113,12.322047244094488,12.371243523316062,19.26928104575164,18.62102286772222,19.06583850931677,19.18704663212436,1291.4940092165898,1047.2821290664722,1481.615811965812,1425.287155963303,-126.94625585072481,434.951413024776,1375.5148829470834,669.6031162490835,667,667,0.4123132882752533,3.0477362429192216
A4,roll_04,mlr,2026-02-06 14:00:00+00:00,2026-02-06 15:00:00+00:00,0,1,2025-12-08T00:00:00+00:00,2026-02-02T00:00:00+00:00,2026-02-02T00:00:00+00:00,2026-02-09T00:00:00+00:00,710.4511864406779,-159.35067914899332,869.8018655896713,1,med,0,0.0,0,3,1,0,0,0,0,0,0,0,0,0,0,0,0,0,0,0,0,0,0,0,0,0,4,376.1624140875,-893.904280155642,-375.85170454545454,-665.2588028169014,14,-0.8660254037844388,-0.4999999999999997,0,0,2,14.566107382550337,9.447840296916668,13.21132075471698,14.806871609403254,19.071604938271605,18.27117152236111,19.26928104575164,18.775609756097563,1125.4931937172776,465.3144706611944,1291.4940092165898,1118.9860294117648,-126.94625585072481,434.951413024776,1375.5148829470834,669.6031162490835,667,667,2.2916309536937143,0.99322073085904
A4,roll_04,mlr,2026-02-06 15:00:00+00:00,2026-02-06 16:00:00+00:00,0,1,2025-12-08T00:00:00+00:00,2026-02-02T00:00:00+00:00,2026-02-02T00:00:00+00:00,2026-02-09T00:00:00+00:00,641.5711610486892,985.389266774478,-343.8181057257889,1,med,0,0.0,0,3,0,0,0,0,0,0,0,0,0,0,0,0,0,0,0,0,0,0,0,0,0,0,4,1082.7555175266666,-665.2588028169014,735.4822981366459,710.4511864406779,15,-0.7071067811865479,-0.7071067811865471,0,0,2,14.59758064516129,8.110878659944445,14.566107382550337,15.497447795823666,18.913375796178343,18.16102492311111,19.071604938271605,18.53142857142857,540.7330049261084,92.0250742933889,1125.4931937172776,284.55916666666667,-126.94625585072481,434.951413024776,1375.5148829470834,669.6031162490835,667,667,0.4986116687537016,1.0960876735606122
A4,roll_04,mlr,2026-02-06 16:00:00+00:00,2026-02-06 17:00:00+00:00,0,1,2025-12-08T00:00:00+00:00,2026-02-02T00:00:00+00:00,2026-02-02T00:00:00+00:00,2026-02-09T00:00:00+00:00,1208.6992857142857,1336.7399918871806,-128.04070617289494,1,low,0,0.0,0,3,0,0,0,0,0,0,0,0,0,0,0,0,0,0,0,0,0,0,0,0,0,0,4,1956.864773614972,710.4511864406779,773.8824840764331,641.5711610486892,16,-0.5000000000000004,-0.8660254037844385,0,0,2,12.954285714285714,7.078508756361111,14.59758064516129,12.19726775956284,17.714583333333334,18.30002895063889,18.913375796178343,17.5972972972973,82.90357142857144,0.0,540.7330049261084,13.7,-126.94625585072481,434.951413024776,1375.5148829470834,669.6031162490835,667,667,0.002516258803619037,0.24912607660377808
A4,roll_04,mlr,2026-02-06 18:00:00+00:00,2026-02-06 19:00:00+00:00,0,1,2025-12-08T00:00:00+00:00,2026-02-02T00:00:00+00:00,2026-02-02T00:00:00+00:00,2026-02-09T00:00:00+00:00,1523.3758957654725,1628.4902565116076,-105.11436074613516,0,night,0,0.0,0,2,0,0,0,0,0,0,0,0,0,0,0,0,0,0,0,0,0,0,0,0,0,0,4,1987.7934036818888,1208.6992857142857,1374.275974025974,1998.979389312977,18,-1.8369701987210287e-16,-1.0,0,0,2,9.967241379310344,5.544694557833334,10.932911392405064,9.466153846153846,18.37032967032967,17.869562911861113,17.48654970760234,18.28851351351351,0.0,0.0,0.0,0.0,-126.94625585072481,434.951413024776,1375.5148829470834,669.6031162490835,667,667,0.05019387097231029,0.22081888394824428
A4,roll_04,mlr,2026-02-06 19:00:00+00:00,2026-02-06 20:00:00+00:00,0,1,2025-12-08T00:00:00+00:00,2026-02-02T00:00:00+00:00,2026-02-02T00:00:00+00:00,2026-02-09T00:00:00+00:00,912.399686520376,1594.323307185166,-681.92362066479,0,night,0,0.0,0,2,0,0,0,0,0,0,0,0,0,0,0,0,0,0,0,0,0,0,0,0,0,0,4,1676.7119280521667,1998.979389312977,1357.352397260274,1523.3758957654725,19,0.2588190451025203,-0.9659258262890684,0,0,2,8.668085106382978,4.983116204916667,9.967241379310344,8.97439024390244,17.89346405228758,17.935109248,18.37032967032967,17.808125,0.0,0.0,0.0,0.0,-126.94625585072481,434.951413024776,1375.5148829470834,669.6031162490835,667,667,1.2759525505494844,0.6916264055354764
A4,roll_04,mlr,2026-02-06 20:00:00+00:00,2026-02-06 21:00:00+00:00,0,1,2025-12-08T00:00:00+00:00,2026-02-02T00:00:00+00:00,2026-02-02T00:00:00+00:00,2026-02-09T00:00:00+00:00,912.399686520376,1070.1746953148918,-157.77500879451577,0,night,0,0.0,0,2,0,0,0,0,0,0,0,0,0,0,0,0,0,0,0,0,0,0,0,0,0,0,4,1399.5987402705557,1523.3758957654725,756.398866855524,912.399686520376,20,0.5000000000000001,-0.8660254037844386,0,0,2,8.10392156862745,5.276358198666666,8.668085106382978,8.583561643835617,18.22357723577236,18.03674184022222,17.89346405228758,18.25384615384615,0.0,0.0,0.0,0.0,-126.94625585072481,434.951413024776,1375.5148829470834,669.6031162490835,667,667,0.07087861315221172,0.6916264055354764
A4,roll_04,mlr,2026-02-07 08:00:00+00:00,2026-02-07 09:00:00+00:00,0,1,2025-12-08T00:00:00+00:00,2026-02-02T00:00:00+00:00,2026-02-02T00:00:00+00:00,2026-02-09T00:00:00+00:00,632.1936915887851,1015.89453116179,-383.7008395730048,1,low,0,0.0,0,2,0,0,0,0,0,0,0,0,0,0,0,0,0,0,0,0,0,0,0,0,0,0,5,419.2874801181944,1559.708875739645,1538.8590163934423,706.9373134328358,8,-0.4999999999999998,0.8660254037844387,0,1,2,6.878666666666667,6.129296162111111,5.758620689655173,8.057142857142857,17.65909090909091,17.893700756944444,18.5,18.572950819672133,71.78510101010102,98.26437011297224,33.73630573248408,183.8434931506849,-126.94625585072481,434.951413024776,1375.5148829470834,669.6031162490835,667,667,0.5903063561438633,1.1100921924051987
A4,roll_04,mlr,2026-02-07 09:00:00+00:00,2026-02-07 10:00:00+00:00,0,1,2025-12-08T00:00:00+00:00,2026-02-02T00:00:00+00:00,2026-02-02T00:00:00+00:00,2026-02-09T00:00:00+00:00,578.2054744525547,640.4124503678968,-62.20697591534213,1,low,0,0.0,0,2,0,0,0,0,0,0,0,0,0,0,0,0,0,0,0,0,0,0,0,0,0,0,5,250.3521221068889,706.9373134328358,808.640361445783,632.1936915887851,9,-0.7071067811865475,0.7071067811865476,0,1,2,7.938235294117646,6.980553941499999,6.878666666666667,8.671739130434782,17.887999999999998,18.21654997936111,17.65909090909091,18.47980769230769,177.85555555555555,249.34129817261112,71.78510101010102,229.431981981982,-126.94625585072481,434.951413024776,1375.5148829470834,669.6031162490835,667,667,0.14884255573551836,1.1907193815955004
A4,roll_04,mlr,2026-02-07 10:00:00+00:00,2026-02-07 11:00:00+00:00,0,1,2025-12-08T00:00:00+00:00,2026-02-02T00:00:00+00:00,2026-02-02T00:00:00+00:00,2026-02-09T00:00:00+00:00,-41.95252679938744,739.1443854904542,-781.0969122898416,1,low,0,0.0,0,2,0,0,0,0,0,0,0,0,0,0,0,0,0,0,0,0,0,0,0,0,0,0,5,334.93582907008334,632.1936915887851,1106.088343558282,578.2054744525547,10,-0.8660254037844387,0.4999999999999999,0,1,2,9.332876712328767,7.7654809172777775,7.938235294117646,9.642622950819671,18.23333333333333,18.19416112413889,17.887999999999998,21.201242236024846,361.1058823529412,250.70677482605552,177.85555555555555,512.6413407821229,-126.94625585072481,434.951413024776,1375.5148829470834,669.6031162490835,667,667,1.503962596396611,2.1168769609178337
A4,roll_04,mlr,2026-02-07 11:00:00+00:00,2026-02-07 12:00:00+00:00,0,1,2025-12-08T00:00:00+00:00,2026-02-02T00:00:00+00:00,2026-02-02T00:00:00+00:00,2026-02-09T00:00:00+00:00,446.3483552631579,-304.1717436972258,750.5200989603836,1,high,0,0.0,0,3,1,0,0,0,0,0,0,0,0,0,0,0,0,0,0,0,0,0,0,0,0,0,5,-25.482023055444444,578.2054744525547,-642.7065420560747,-41.95252679938744,11,-0.9659258262890682,0.258819045102521,0,1,2,11.009395973154364,8.519014925166667,9.332876712328767,11.104,22.01578947368421,18.472632186222224,18.23333333333333,20.592156862745096,1213.6232394366198,612.0282062237222,361.1058823529412,1345.569822485207,-126.94625585072481,434.951413024776,1375.5148829470834,669.6031162490835,667,667,2.017389364731471,1.387637699311853
A4,roll_04,mlr,2026-02-07 12:00:00+00:00,2026-02-07 13:00:00+00:00,0,1,2025-12-08T00:00:00+00:00,2026-02-02T00:00:00+00:00,2026-02-02T00:00:00+00:00,2026-02-09T00:00:00+00:00,632.8982843137255,1026.458118605933,-393.5598342922072,1,med,0,0.0,0,3,0,0,0,0,0,0,0,0,0,0,0,0,0,0,0,0,0,0,0,0,0,0,5,-362.59401059927774,-41.95252679938744,-1011.863082437276,446.3483552631579,12,-1.0,1.2246467991473532e-16,0,1,2,12.537323943661972,9.44202883811111,11.009395973154364,12.322047244094488,18.544444444444444,18.927687698194443,22.01578947368421,19.06583850931677,456.2145833333333,951.2261224310834,1213.6232394366198,1481.615811965812,-126.94625585072481,434.951413024776,1375.5148829470834,669.6031162490835,667,667,0.6129732435799568,1.109039938155118
A4,roll_04,mlr,2026-02-07 13:00:00+00:00,2026-02-07 14:00:00+00:00,0,1,2025-12-08T00:00:00+00:00,2026-02-02T00:00:00+00:00,2026-02-02T00:00:00+00:00,2026-02-09T00:00:00+00:00,561.9701612903226,1111.0271872950352,-549.0570260047126,1,low,0,0.0,0,3,0,0,0,0,0,0,0,0,0,0,0,0,0,0,0,0,0,0,0,0,0,0,5,-31.184125589083333,446.3483552631579,-893.904280155642,632.8982843137255,13,-0.9659258262890684,-0.2588190451025208,0,1,2,13.079816513761468,9.86314300127778,12.537323943661972,13.21132075471698,18.383636363636363,22.238324754305555,18.544444444444444,19.26928104575164,217.9936170212766,534.3037095073611,456.2145833333333,1291.4940092165898,-126.94625585072481,434.951413024776,1375.5148829470834,669.6031162490835,667,667,0.9704779833188937,1.214965554840896
A4,roll_04,mlr,2026-02-07 14:00:00+00:00,2026-02-07 15:00:00+00:00,0,1,2025-12-08T00:00:00+00:00,2026-02-02T00:00:00+00:00,2026-02-02T00:00:00+00:00,2026-02-09T00:00:00+00:00,334.5904761904762,904.2155932948316,-569.6251171043555,1,low,0,0.0,0,3,0,0,0,0,0,0,0,0,0,0,0,0,0,0,0,0,0,0,0,0,0,0,5,-90.87281389516666,632.8982843137255,-665.2588028169014,561.9701612903226,14,-0.8660254037844388,-0.4999999999999997,0,1,2,12.894736842105264,10.303680118944444,13.079816513761468,14.566107382550337,18.26071428571429,18.43448147455556,18.383636363636363,19.071604938271605,215.6050980392157,583.7794679558612,217.9936170212766,1125.4931937172776,-126.94625585072481,434.951413024776,1375.5148829470834,669.6031162490835,667,667,1.0177662331870951,1.554539370407286
A4,roll_04,mlr,2026-02-07 15:00:00+00:00,2026-02-07 16:00:00+00:00,0,1,2025-12-08T00:00:00+00:00,2026-02-02T00:00:00+00:00,2026-02-02T00:00:00+00:00,2026-02-09T00:00:00+00:00,645.034188034188,639.1969102606326,5.837277773555343,1,low,0,0.0,0,3,0,0,0,0,0,0,0,0,0,0,0,0,0,0,0,0,0,0,0,0,0,0,5,422.2890764387501,561.9701612903226,710.4511864406779,334.5904761904762,15,-0.7071067811865479,-0.7071067811865471,0,1,2,13.559139784946236,9.053904908055555,12.894736842105264,14.59758064516129,18.19047619047619,17.928356537861113,18.26071428571429,18.913375796178343,343.98915662650603,94.08787515758333,215.6050980392157,540.7330049261084,-126.94625585072481,434.951413024776,1375.5148829470834,669.6031162490835,667,667,0.30528360099089147,1.0909159130035562
A4,roll_04,mlr,2026-02-07 16:00:00+00:00,2026-02-07 17:00:00+00:00,0,1,2025-12-08T00:00:00+00:00,2026-02-02T00:00:00+00:00,2026-02-02T00:00:00+00:00,2026-02-09T00:00:00+00:00,804.1076923076923,922.3651414717732,-118.25744916408098,1,low,0,0.0,0,3,0,0,0,0,0,0,0,0,0,0,0,0,0,0,0,0,0,0,0,0,0,0,5,514.5742918275556,334.5904761904762,641.5711610486892,645.034188034188,16,-0.5000000000000004,-0.8660254037844385,0,1,2,12.831333333333331,7.789694033361112,13.559139784946236,12.954285714285714,18.5527397260274,17.82899920875,18.19047619047619,17.714583333333334,67.47500000000001,0.0,343.98915662650603,82.90357142857144,-126.94625585072481,434.951413024776,1375.5148829470834,669.6031162490835,667,667,0.01997649950420759,0.8533520480613103
A4,roll_04,mlr,2026-02-08 08:00:00+00:00,2026-02-08 09:00:00+00:00,0,1,2025-12-08T00:00:00+00:00,2026-02-02T00:00:00+00:00,2026-02-02T00:00:00+00:00,2026-02-09T00:00:00+00:00,1570.537150837989,918.0225395744131,652.5146112635757,1,low,0,0.0,0,2,0,0,0,0,0,0,0,0,0,0,0,0,0,0,0,0,0,0,0,0,0,0,6,1089.2109433604444,1316.8424615384615,706.9373134328358,834.62125,8,-0.4999999999999998,0.8660254037844387,0,1,2,8.470689655172414,5.01099208125,7.626666666666666,6.878666666666667,18.1,18.566264010416667,18.192307692307693,17.65909090909091,73.31646706586827,106.04772709316669,53.618,71.78510101010102,-126.94625585072481,434.951413024776,1375.5148829470834,669.6031162490835,667,667,1.792064225504425,0.2912505380550826
A4,roll_04,mlr,2026-02-08 09:00:00+00:00,2026-02-08 10:00:00+00:00,0,1,2025-12-08T00:00:00+00:00,2026-02-02T00:00:00+00:00,2026-02-02T00:00:00+00:00,2026-02-09T00:00:00+00:00,1105.7391382405744,958.9229126237484,146.81622561682616,1,low,0,0.0,0,2,0,0,0,0,0,0,0,0,0,0,0,0,0,0,0,0,0,0,0,0,0,0,6,303.2054646118889,834.62125,632.1936915887851,1570.537150837989,9,-0.7071067811865475,0.7071067811865476,0,1,2,9.661111111111111,5.626684347805555,8.470689655172414,7.938235294117646,18.002380952380953,18.47450458186111,18.1,17.887999999999998,309.2880503144654,248.01824049366667,73.31646706586827,177.85555555555555,-126.94625585072481,434.951413024776,1375.5148829470834,669.6031162490835,667,667,0.6294093392264867,0.4028890221086664
A4,roll_04,mlr,2026-02-08 10:00:00+00:00,2026-02-08 11:00:00+00:00,0,1,2025-12-08T00:00:00+00:00,2026-02-02T00:00:00+00:00,2026-02-02T00:00:00+00:00,2026-02-09T00:00:00+00:00,923.620527306968,988.5850993555704,-64.96457204860246,1,med,0,0.0,0,3,0,0,0,0,0,0,0,0,0,0,0,0,0,0,0,0,0,0,0,0,0,0,6,306.5586802728889,1570.537150837989,578.2054744525547,1105.7391382405744,10,-0.8660254037844387,0.4999999999999999,0,1,2,10.925438596491228,6.359563082472222,9.661111111111111,9.332876712328767,18.223809523809525,18.573064382416668,18.002380952380953,18.23333333333333,449.9447368421053,301.1109472033611,309.2880503144654,361.1058823529412,-126.94625585072481,434.951413024776,1375.5148829470834,669.6031162490835,667,667,0.1425025461374733,0.6748689554664745
A4,roll_04,mlr,2026-02-08 11:00:00+00:00,2026-02-08 12:00:00+00:00,0,1,2025-12-08T00:00:00+00:00,2026-02-02T00:00:00+00:00,2026-02-02T00:00:00+00:00,2026-02-09T00:00:00+00:00,947.024628450106,636.6247842695725,310.3998441805335,1,med,0,0.0,0,3,0,0,0,0,0,0,0,0,0,0,0,0,0,0,0,0,0,0,0,0,0,0,6,298.92543760088887,1105.7391382405744,-41.95252679938744,923.620527306968,11,-0.9659258262890682,0.258819045102521,0,1,2,12.82139037433155,6.701555503277778,10.925438596491228,11.009395973154364,18.8925,18.641836500222222,18.223809523809525,22.01578947368421,1151.1379310344828,264.21803932213885,449.9447368421053,1213.6232394366198,-126.94625585072481,434.951413024776,1375.5148829470834,669.6031162490835,667,667,1.0055056425494262,0.6399167568055114
A4,roll_04,mlr,2026-02-08 12:00:00+00:00,2026-02-08 13:00:00+00:00,0,1,2025-12-08T00:00:00+00:00,2026-02-02T00:00:00+00:00,2026-02-02T00:00:00+00:00,2026-02-09T00:00:00+00:00,712.1665188470066,1136.2518441492807,-424.0853253022741,1,med,0,0.0,0,3,0,0,0,0,0,0,0,0,0,0,0,0,0,0,0,0,0,0,0,0,0,0,6,73.55411946638888,923.620527306968,446.3483552631579,947.024628450106,12,-1.0,1.2246467991473532e-16,0,1,2,13.726470588235292,6.799436887527777,12.82139037433155,12.537323943661972,18.5984375,18.791125845166665,18.8925,18.544444444444444,707.3166666666667,435.7445417964166,1151.1379310344828,456.2145833333333,-126.94625585072481,434.951413024776,1375.5148829470834,669.6031162490835,667,667,0.6831546249847991,0.9906590157703506
A4,roll_04,mlr,2026-02-08 13:00:00+00:00,2026-02-08 14:00:00+00:00,0,1,2025-12-08T00:00:00+00:00,2026-02-02T00:00:00+00:00,2026-02-02T00:00:00+00:00,2026-02-09T00:00:00+00:00,736.6655786350148,1083.3262632975498,-346.660684662535,1,low,0,0.0,0,3,0,0,0,0,0,0,0,0,0,0,0,0,0,0,0,0,0,0,0,0,0,0,6,151.58054217927778,947.024628450106,632.8982843137255,712.1665188470066,13,-0.9659258262890684,-0.2588190451025208,0,1,2,13.098639455782314,8.563500269777778,13.726470588235292,13.079816513761468,18.634666666666664,19.11458533352777,18.5984375,18.383636363636363,370.931,910.9197011827224,707.3166666666667,217.9936170212766,-126.94625585072481,434.951413024776,1375.5148829470834,669.6031162490835,667,667,0.5051470629417053,0.9540715818210516
A4,roll_04,mlr,2026-02-08 14:00:00+00:00,2026-02-08 15:00:00+00:00,0,1,2025-12-08T00:00:00+00:00,2026-02-02T00:00:00+00:00,2026-02-02T00:00:00+00:00,2026-02-09T00:00:00+00:00,695.3514285714285,1051.9789116694692,-356.62748309804067,1,low,0,0.0,0,3,0,0,0,0,0,0,0,0,0,0,0,0,0,0,0,0,0,0,0,0,0,0,6,1336.6438164391946,712.1665188470066,561.9701612903226,736.6655786350148,14,-0.8660254037844388,-0.4999999999999997,0,1,2,12.781746031746032,9.976889929027775,13.098639455782314,12.894736842105264,18.4688524590164,19.289118039166667,18.634666666666664,18.26071428571429,168.9148148148148,639.4901448136667,370.931,215.6050980392157,-126.94625585072481,434.951413024776,1375.5148829470834,669.6031162490835,667,667,0.5280618026966442,1.0157710408902025
A4,roll_04,mlr,2026-02-08 15:00:00+00:00,2026-02-08 16:00:00+00:00,0,1,2025-12-08T00:00:00+00:00,2026-02-02T00:00:00+00:00,2026-02-02T00:00:00+00:00,2026-02-09T00:00:00+00:00,1433.765206812652,1113.297239126263,320.46796768638865,1,low,0,0.0,0,3,0,0,0,0,0,0,0,0,0,0,0,0,0,0,0,0,0,0,0,0,0,0,6,1896.0841900744165,736.6655786350148,334.5904761904762,695.3514285714285,15,-0.7071067811865479,-0.7071067811865471,0,1,2,11.961739130434784,9.471447134777778,12.781746031746032,13.559139784946236,17.71388888888889,18.72145362119445,18.4688524590164,18.19047619047619,56.1831234256927,146.96965613394443,168.9148148148148,343.98915662650603,-126.94625585072481,434.951413024776,1375.5148829470834,669.6031162490835,667,667,1.0286533395205397,0.08699231298663825
A4,roll_04,mlr,2026-02-08 16:00:00+00:00,2026-02-08 17:00:00+00:00,0,1,2025-12-08T00:00:00+00:00,2026-02-02T00:00:00+00:00,2026-02-02T00:00:00+00:00,2026-02-09T00:00:00+00:00,1460.5596112311014,1369.843110856183,90.71650037491828,1,low,0,0.0,0,3,0,0,0,0,0,0,0,0,0,0,0,0,0,0,0,0,0,0,0,0,0,0,6,2484.501672130778,695.3514285714285,645.034188034188,1433.765206812652,16,-0.5000000000000004,-0.8660254037844385,0,1,2,10.755,7.681018360972222,11.961739130434784,12.831333333333331,17.67758620689655,18.355588006666668,17.71388888888889,18.5527397260274,13.832142857142856,0.0,56.1831234256927,67.47500000000001,-126.94625585072481,434.951413024776,1375.5148829470834,669.6031162490835,667,667,0.5004300473746119,0.12700766501866528
A4,roll_04,persistence,2026-02-02 06:00:00+00:00,2026-02-02 07:00:00+00:00,0,1,2025-12-08T00:00:00+00:00,2026-02-02T00:00:00+00:00,2026-02-02T00:00:00+00:00,2026-02-09T00:00:00+00:00,1906.8957894736843,2066.43476702509,-159.53897755140565,0,night,0,0.0,0,1,0,0,0,0,0,0,0,0,0,0,0,0,0,0,0,0,0,0,0,0,0,0,0,2600.770309974528,1968.2842857142853,1160.5435193141388,2066.43476702509,6,6.123233995736766e-17,1.0,0,0,2,4.435714285714286,4.431008716472223,4.407462686567165,3.8328786741666665,18.57810650887573,18.49337982475,18.58532608695652,18.61053815477777,0.0,0.0,0.0,0.0,-30.352156086916693,351.45208028105566,1355.7343531453057,677.7140642740558,783,783,0.36758018720839114,0.8132654542425115
A4,roll_04,persistence,2026-02-02 07:00:00+00:00,2026-02-02 08:00:00+00:00,0,1,2025-12-08T00:00:00+00:00,2026-02-02T00:00:00+00:00,2026-02-02T00:00:00+00:00,2026-02-09T00:00:00+00:00,1804.416,1906.8957894736843,-102.47978947368438,1,low,0,0.0,0,1,0,0,0,0,0,0,0,0,0,0,0,0,0,0,0,0,0,0,0,0,0,0,0,2010.6085535996945,2066.43476702509,691.6709654138334,1906.8957894736843,7,-0.2588190451025206,0.9659258262890684,0,0,2,4.569135802469136,4.217437003583334,4.435714285714286,4.237392116472222,18.479503105590062,18.407470120777777,18.57810650887573,17.88786849641667,12.276470588235291,23.868688164416664,0.0,0.0,-30.352156086916693,351.45208028105566,1355.7343531453057,677.7140642740558,783,783,0.205227504498159,0.6620515502143323
A4,roll_04,persistence,2026-02-02 08:00:00+00:00,2026-02-02 09:00:00+00:00,0,1,2025-12-08T00:00:00+00:00,2026-02-02T00:00:00+00:00,2026-02-02T00:00:00+00:00,2026-02-09T00:00:00+00:00,1845.520588235294,1804.416,41.10458823529416,1,low,0,0.0,0,2,0,0,0,0,0,0,0,0,0,0,0,0,0,0,0,0,0,0,0,0,0,0,0,1665.4681254328334,1906.8957894736843,1089.2109433604444,1804.416,8,-0.4999999999999998,0.8660254037844387,0,0,2,5.26025641025641,4.718276212527778,4.569135802469136,5.01099208125,18.474038461538463,18.409084794722222,18.479503105590062,18.566264010416667,93.15980066445182,232.3755870049445,12.276470588235291,106.04772709316669,-30.352156086916693,351.45208028105566,1355.7343531453057,677.7140642740558,783,783,0.20331859827111284,0.7227033654888522
A4,roll_04,persistence,2026-02-02 09:00:00+00:00,2026-02-02 10:00:00+00:00,0,1,2025-12-08T00:00:00+00:00,2026-02-02T00:00:00+00:00,2026-02-02T00:00:00+00:00,2026-02-09T00:00:00+00:00,1895.989453125,1845.520588235294,50.468864889705856,1,low,0,0.0,0,2,0,0,0,0,0,0,0,0,0,0,0,0,0,0,0,0,0,0,0,0,0,0,0,1007.3270680508888,1804.416,303.2054646118889,1845.520588235294,9,-0.7071067811865475,0.7071067811865476,0,0,2,5.910526315789474,6.201903485888889,5.26025641025641,5.626684347805555,18.501,19.274426173416668,18.474038461538463,18.47450458186111,170.1847953216374,957.7790681506112,93.15980066445182,248.01824049366667,-30.352156086916693,351.45208028105566,1355.7343531453057,677.7140642740558,783,783,0.2299631315654473,0.7971726255355156
A4,roll_04,persistence,2026-02-02 10:00:00+00:00,2026-02-02 11:00:00+00:00,0,1,2025-12-08T00:00:00+00:00,2026-02-02T00:00:00+00:00,2026-02-02T00:00:00+00:00,2026-02-09T00:00:00+00:00,1458.9305555555557,1895.989453125,-437.0588975694443,1,low,0,0.0,0,2,0,0,0,0,0,0,0,0,0,0,0,0,0,0,0,0,0,0,0,0,0,0,0,-569.4865977234444,1845.520588235294,306.5586802728889,1895.989453125,10,-0.8660254037844387,0.4999999999999999,0,0,2,6.844029850746269,7.908126318222223,5.910526315789474,6.359563082472222,18.79037037037037,19.29423308175,18.501,18.573064382416668,271.47025862068966,1452.9506088285557,170.1847953216374,301.1109472033611,-30.352156086916693,351.45208028105566,1355.7343531453057,677.7140642740558,783,783,1.1572181936077455,0.15227100609279845
A4,roll_04,persistence,2026-02-02 11:00:00+00:00,2026-02-02 12:00:00+00:00,0,1,2025-12-08T00:00:00+00:00,2026-02-02T00:00:00+00:00,2026-02-02T00:00:00+00:00,2026-02-09T00:00:00+00:00,994.9530726256984,1458.9305555555557,-463.9774829298573,1,low,0,0.0,0,2,0,0,0,0,0,0,0,0,0,0,0,0,0,0,0,0,0,0,0,0,0,0,0,-741.4332030484165,1895.989453125,298.92543760088887,1458.9305555555557,11,-0.9659258262890682,0.258819045102521,0,0,2,7.527152317880794,8.922148164944444,6.844029850746269,6.701555503277778,18.62264150943396,19.045338705444447,18.79037037037037,18.641836500222222,259.9078947368421,1282.8998087142222,271.47025862068966,264.21803932213885,-30.352156086916693,351.45208028105566,1355.7343531453057,677.7140642740558,783,783,1.2338106705647356,0.5323502927537205
A4,roll_04,persistence,2026-02-02 12:00:00+00:00,2026-02-02 13:00:00+00:00,0,1,2025-12-08T00:00:00+00:00,2026-02-02T00:00:00+00:00,2026-02-02T00:00:00+00:00,2026-02-09T00:00:00+00:00,891.7146341463415,994.9530726256984,-103.23843847935689,1,low,0,0.0,0,2,0,0,0,0,0,0,0,0,0,0,0,0,0,0,0,0,0,0,0,0,0,0,0,-1079.799870834083,1458.9305555555557,73.55411946638888,994.9530726256984,12,-1.0,1.2246467991473532e-16,0,0,2,7.766666666666667,9.81455455672222,7.527152317880794,6.799436887527777,18.257894736842104,19.22219746525,18.62264150943396,18.791125845166665,212.3322869955157,1568.292356256389,259.9078947368421,435.7445417964166,-30.352156086916693,351.45208028105566,1355.7343531453057,677.7140642740558,783,783,0.20738611743072669,0.6846836202167449
A4,roll_04,persistence,2026-02-02 13:00:00+00:00,2026-02-02 14:00:00+00:00,0,1,2025-12-08T00:00:00+00:00,2026-02-02T00:00:00+00:00,2026-02-02T00:00:00+00:00,2026-02-09T00:00:00+00:00,747.8884726224784,891.7146341463415,-143.8261615238631,1,low,0,0.0,0,2,0,0,0,0,0,0,0,0,0,0,0,0,0,0,0,0,0,0,0,0,0,0,0,94.50215176250003,994.9530726256984,151.58054217927778,891.7146341463415,13,-0.9659258262890684,-0.2588190451025208,0,0,2,7.646610169491525,11.254398788638888,7.766666666666667,8.563500269777778,17.881132075471697,19.500437073166665,18.257894736842104,19.11458533352777,97.37853658536584,1276.3594904251663,212.3322869955157,910.9197011827224,-30.352156086916693,351.45208028105566,1355.7343531453057,677.7140642740558,783,783,0.32287191285424016,0.8969061032751786
A4,roll_04,persistence,2026-02-02 14:00:00+00:00,2026-02-02 15:00:00+00:00,0,1,2025-12-08T00:00:00+00:00,2026-02-02T00:00:00+00:00,2026-02-02T00:00:00+00:00,2026-02-09T00:00:00+00:00,1131.010752688172,747.8884726224784,383.1222800656936,1,low,0,0.0,0,2,0,0,0,0,0,0,0,0,0,0,0,0,0,0,0,0,0,0,0,0,0,0,0,-184.2188756273056,891.7146341463415,1336.6438164391946,747.8884726224784,14,-0.8660254037844388,-0.4999999999999997,0,0,2,7.360204081632652,11.926946225083334,7.646610169491525,9.976889929027775,17.559677419354838,18.60872707988889,17.881132075471697,19.289118039166667,81.38878205128205,748.6199065452223,97.37853658536584,639.4901448136667,-30.352156086916693,351.45208028105566,1355.7343531453057,677.7140642740558,783,783,1.1764745732105368,0.3315905811956993
A4,roll_04,persistence,2026-02-02 15:00:00+00:00,2026-02-02 16:00:00+00:00,0,1,2025-12-08T00:00:00+00:00,2026-02-02T00:00:00+00:00,2026-02-02T00:00:00+00:00,2026-02-09T00:00:00+00:00,1511.6196629213482,1131.010752688172,380.6089102331762,1,low,0,0.0,0,2,0,0,0,0,0,0,0,0,0,0,0,0,0,0,0,0,0,0,0,0,0,0,0,297.8340901346389,747.8884726224784,1896.0841900744165,1131.010752688172,15,-0.7071067811865479,-0.7071067811865471,0,0,2,7.179729729729729,10.923911111027778,7.360204081632652,9.471447134777778,17.85242718446602,18.19638072175,17.559677419354838,18.72145362119445,12.92,222.2870635009722,81.38878205128205,146.96965613394443,-30.352156086916693,351.45208028105566,1355.7343531453057,677.7140642740558,783,783,1.1693231862262643,0.23001634168979737
A4,roll_04,persistence,2026-02-02 16:00:00+00:00,2026-02-02 17:00:00+00:00,0,1,2025-12-08T00:00:00+00:00,2026-02-02T00:00:00+00:00,2026-02-02T00:00:00+00:00,2026-02-09T00:00:00+00:00,1624.4313218390805,1511.6196629213482,112.8116589177323,0,night,0,0.0,0,2,0,0,0,0,0,0,0,0,0,0,0,0,0,0,0,0,0,0,0,0,0,0,0,931.8924169395276,1131.010752688172,2484.501672130778,1511.6196629213482,16,-0.5000000000000004,-0.8660254037844385,0,0,2,6.558620689655172,8.400742399944445,7.179729729729729,7.681018360972222,17.82755905511811,17.840104336222222,17.85242718446602,18.355588006666668,0.0,0.0,12.92,0.0,-30.352156086916693,351.45208028105566,1355.7343531453057,677.7140642740558,783,783,0.40734945967644043,0.3964754206209279
A4,roll_04,persistence,2026-02-02 17:00:00+00:00,2026-02-02 18:00:00+00:00,0,1,2025-12-08T00:00:00+00:00,2026-02-02T00:00:00+00:00,2026-02-02T00:00:00+00:00,2026-02-09T00:00:00+00:00,1738.5641379310343,1624.4313218390805,114.13281609195384,0,night,0,0.0,0,2,0,0,0,0,0,0,0,0,0,0,0,0,0,0,0,0,0,0,0,0,0,0,0,2682.2788242863057,1511.6196629213482,2486.544613380472,1624.4313218390805,17,-0.2588190451025206,-0.9659258262890684,0,0,2,6.18735632183908,7.112603206694445,6.558620689655172,6.242695821472222,17.923809523809524,17.924488307083333,17.82755905511811,18.471300794,0.0,0.0,0.0,0.0,-30.352156086916693,351.45208028105566,1355.7343531453057,677.7140642740558,783,783,0.41110859854158815,0.5648839310953402
A4,roll_04,persistence,2026-02-02 18:00:00+00:00,2026-02-02 19:00:00+00:00,0,1,2025-12-08T00:00:00+00:00,2026-02-02T00:00:00+00:00,2026-02-02T00:00:00+00:00,2026-02-09T00:00:00+00:00,1581.9688888888888,1738.5641379310343,-156.5952490421455,0,night,0,0.0,0,2,0,0,0,0,0,0,0,0,0,0,0,0,0,0,0,0,0,0,0,0,0,0,0,1447.201125872611,1624.4313218390805,2612.5492478209444,1738.5641379310343,18,-1.8369701987210287e-16,-1.0,0,0,2,5.939795918367347,6.219289706472222,6.18735632183908,5.216167870194445,17.541818181818183,17.69503970936111,17.923809523809524,18.42057814105556,0.0,0.0,0.0,0.0,-30.352156086916693,351.45208028105566,1355.7343531453057,677.7140642740558,783,783,0.359204284277596,0.3338200395559414
A4,roll_04,persistence,2026-02-02 19:00:00+00:00,2026-02-02 20:00:00+00:00,0,1,2025-12-08T00:00:00+00:00,2026-02-02T00:00:00+00:00,2026-02-02T00:00:00+00:00,2026-02-09T00:00:00+00:00,792.707570977918,1581.9688888888888,-789.2613179109709,0,night,0,0.0,0,2,0,0,0,0,0,0,0,0,0,0,0,0,0,0,0,0,0,0,0,0,0,0,0,1800.8310691792778,1738.5641379310343,3017.157618471861,1581.9688888888888,19,0.2588190451025203,-0.9659258262890684,0,0,2,5.487837837837838,5.074136068694444,5.939795918367347,4.222881066444445,17.617127071823205,17.853487320499998,17.541818181818183,18.158003166277776,0.0,0.0,0.0,0.0,-30.352156086916693,351.45208028105566,1355.7343531453057,677.7140642740558,783,783,2.1593531647818267,0.8307733480055234
A4,roll_04,persistence,2026-02-02 22:00:00+00:00,2026-02-02 23:00:00+00:00,0,1,2025-12-08T00:00:00+00:00,2026-02-02T00:00:00+00:00,2026-02-02T00:00:00+00:00,2026-02-09T00:00:00+00:00,434.56734693877553,395.40241935483874,39.16492758393679,0,night,0,0.0,0,1,0,0,0,0,0,0,0,0,0,0,0,0,0,0,0,0,0,0,0,0,0,0,0,411.4689791798889,1121.9964285714286,1463.8755507140277,395.40241935483874,22,0.8660254037844384,-0.5000000000000004,0,0,2,4.6576,3.385893129472222,4.628571428571429,3.055885293,18.086285714285715,18.39947556380556,17.794771241830066,17.592035829944447,0.0,0.0,0.0,0.0,-30.352156086916693,351.45208028105566,1355.7343531453057,677.7140642740558,783,783,0.19779960788754125,1.3592266337179426
A4,roll_04,persistence,2026-02-03 05:00:00+00:00,2026-02-03 06:00:00+00:00,0,1,2025-12-08T00:00:00+00:00,2026-02-02T00:00:00+00:00,2026-02-02T00:00:00+00:00,2026-02-09T00:00:00+00:00,2081.1158088235293,2016.13358778626,64.98222103726926,0,night,0,0.0,0,1,0,0,0,0,0,0,0,0,0,0,0,0,0,0,0,0,0,0,0,0,0,0,1,1868.492211110528,1173.6686046511627,1968.2842857142853,2016.13358778626,5,0.2588190451025207,0.9659258262890684,0,0,2,3.73,0.9838426465833332,4.0612612612612615,4.407462686567165,18.92349726775956,18.67930558830556,18.623280423280423,18.58532608695652,0.0,0.0,0.0,0.0,-30.352156086916693,351.45208028105566,1355.7343531453057,677.7140642740558,783,783,0.2712585370043825,1.0703355499272802
A4,roll_04,persistence,2026-02-03 06:00:00+00:00,2026-02-03 07:00:00+00:00,0,1,2025-12-08T00:00:00+00:00,2026-02-02T00:00:00+00:00,2026-02-02T00:00:00+00:00,2026-02-09T00:00:00+00:00,1670.6992307692308,2081.1158088235293,-410.4165780542985,0,night,0,0.0,0,1,0,0,0,0,0,0,0,0,0,0,0,0,0,0,0,0,0,0,0,0,0,0,1,1857.5546669058888,2016.13358778626,2066.43476702509,2081.1158088235293,6,6.123233995736766e-17,1.0,0,0,2,3.511904761904762,1.1472138321111112,3.73,4.435714285714286,18.76684491978609,18.36578900947222,18.92349726775956,18.57810650887573,0.0,0.0,0.0,0.0,-30.352156086916693,351.45208028105566,1355.7343531453057,677.7140642740558,783,783,1.0814117863904658,0.46474596622294495
A4,roll_04,persistence,2026-02-03 07:00:00+00:00,2026-02-03 08:00:00+00:00,0,1,2025-12-08T00:00:00+00:00,2026-02-02T00:00:00+00:00,2026-02-02T00:00:00+00:00,2026-02-09T00:00:00+00:00,1695.1438661710038,1670.6992307692308,24.444635401772985,1,night,0,0.0,0,1,0,0,0,0,0,0,0,0,0,0,0,0,0,0,0,0,0,0,0,0,0,0,1,1526.8297823245,2081.1158088235293,1906.8957894736843,1670.6992307692308,7,-0.2588190451025206,0.9659258262890684,0,0,2,3.452112676056338,1.5920451545555556,3.511904761904762,4.569135802469136,18.43197969543148,18.29162538472222,18.76684491978609,18.479503105590062,0.0,181.0939341638056,0.0,12.276470588235291,-30.352156086916693,351.45208028105566,1355.7343531453057,677.7140642740558,783,783,0.15591539946176666,0.5008152123702228
A4,roll_04,persistence,2026-02-03 08:00:00+00:00,2026-02-03 09:00:00+00:00,0,1,2025-12-08T00:00:00+00:00,2026-02-02T00:00:00+00:00,2026-02-02T00:00:00+00:00,2026-02-09T00:00:00+00:00,1085.7120141342757,1695.1438661710038,-609.4318520367281,1,night,0,0.0,0,1,0,0,0,0,0,0,0,0,0,0,0,0,0,0,0,0,0,0,0,0,0,0,1,1412.669924658583,1670.6992307692308,1804.416,1695.1438661710038,8,-0.4999999999999998,0.8660254037844387,0,0,2,3.0315068493150688,3.136497066611111,3.452112676056338,5.26025641025641,18.02994652406417,18.65486796255556,18.43197969543148,18.474038461538463,0.0,499.9208653843889,0.0,93.15980066445182,-30.352156086916693,351.45208028105566,1355.7343531453057,677.7140642740558,783,783,1.6476775311351757,0.3984310688612737
A4,roll_04,persistence,2026-02-03 09:00:00+00:00,2026-02-03 10:00:00+00:00,0,1,2025-12-08T00:00:00+00:00,2026-02-02T00:00:00+00:00,2026-02-02T00:00:00+00:00,2026-02-09T00:00:00+00:00,1706.1051136363635,1085.7120141342757,620.3930995020878,1,low,0,0.0,0,1,0,0,0,0,0,0,0,0,0,0,0,0,0,0,0,0,0,0,0,0,0,0,1,1534.4343933593334,1695.1438661710038,1845.520588235294,1085.7120141342757,9,-0.7071067811865475,0.7071067811865476,0,0,2,3.4781818181818185,4.706430078027778,3.0315068493150688,5.910526315789474,17.55581395348837,18.752280843,18.02994652406417,18.501,25.35892857142857,628.2161829386944,0.0,170.1847953216374,-30.352156086916693,351.45208028105566,1355.7343531453057,677.7140642740558,783,783,1.85159027958692,0.5169890650954146
A4,roll_04,persistence,2026-02-03 10:00:00+00:00,2026-02-03 11:00:00+00:00,0,1,2025-12-08T00:00:00+00:00,2026-02-02T00:00:00+00:00,2026-02-02T00:00:00+00:00,2026-02-09T00:00:00+00:00,835.5128205128206,1706.1051136363635,-870.592293123543,1,low,0,0.0,0,1,0,0,0,0,0,0,0,0,0,0,0,0,0,0,0,0,0,0,0,0,0,0,1,1156.7474213855278,1085.7120141342757,1895.989453125,1706.1051136363635,10,-0.8660254037844387,0.4999999999999999,0,0,2,3.970666666666667,6.267240583472223,3.4781818181818185,6.844029850746269,17.84952380952381,19.328630021027777,17.55581395348837,18.79037037037037,54.39214285714286,1074.0207572205,25.35892857142857,271.47025862068966,-30.352156086916693,351.45208028105566,1355.7343531453057,677.7140642740558,783,783,2.390767288572279,0.7676121244285062
A4,roll_04,persistence,2026-02-03 11:00:00+00:00,2026-02-03 12:00:00+00:00,0,1,2025-12-08T00:00:00+00:00,2026-02-02T00:00:00+00:00,2026-02-02T00:00:00+00:00,2026-02-09T00:00:00+00:00,1812.142446043165,835.5128205128206,976.6296255303444,1,low,0,0.0,0,1,0,0,0,0,0,0,0,0,0,0,0,0,0,0,0,0,0,0,0,0,0,0,1,339.89285018286114,1706.1051136363635,1458.9305555555557,835.5128205128206,11,-0.9659258262890682,0.258819045102521,0,0,2,4.583529411764706,7.697859210388889,3.970666666666667,7.527152317880794,17.46,19.243634988,17.84952380952381,18.62264150943396,63.80455635491607,965.1249525716944,54.39214285714286,259.9078947368421,-30.352156086916693,351.45208028105566,1355.7343531453057,677.7140642740558,783,783,2.865203645435757,0.6734522964146362
A4,roll_04,persistence,2026-02-03 12:00:00+00:00,2026-02-03 13:00:00+00:00,0,1,2025-12-08T00:00:00+00:00,2026-02-02T00:00:00+00:00,2026-02-02T00:00:00+00:00,2026-02-09T00:00:00+00:00,918.8297520661156,1812.142446043165,-893.3126939770493,1,low,0,0.0,0,1,0,0,0,0,0,0,0,0,0,0,0,0,0,0,0,0,0,0,0,0,0,0,1,1030.8584088937498,835.5128205128206,994.9530726256984,1812.142446043165,12,-1.0,1.2246467991473532e-16,0,0,2,4.927551020408163,8.44994003075,4.583529411764706,7.766666666666667,18.063333333333333,18.26876692975,17.46,18.257894736842104,107.24119047619048,211.40887729319445,63.80455635491607,212.3322869955157,-30.352156086916693,351.45208028105566,1355.7343531453057,677.7140642740558,783,783,2.4554145111334225,0.6446739474813578
A4,roll_04,persistence,2026-02-03 13:00:00+00:00,2026-02-03 14:00:00+00:00,0,1,2025-12-08T00:00:00+00:00,2026-02-02T00:00:00+00:00,2026-02-02T00:00:00+00:00,2026-02-09T00:00:00+00:00,1825.0157894736844,918.8297520661156,906.1860374075688,1,low,0,0.0,0,2,0,0,0,0,0,0,0,0,0,0,0,0,0,0,0,0,0,0,0,0,0,0,1,1307.5905215424166,1812.142446043165,891.7146341463415,918.8297520661156,13,-0.9659258262890684,-0.2588190451025208,0,0,2,5.151327433628318,8.259617161472223,4.927551020408163,7.646610169491525,17.495238095238097,18.076811365166662,18.063333333333333,17.881132075471697,56.00424403183023,95.77065074513888,107.24119047619048,97.37853658536584,-30.352156086916693,351.45208028105566,1355.7343531453057,677.7140642740558,783,783,2.6647678191164426,0.6924475395549847
A4,roll_04,persistence,2026-02-03 14:00:00+00:00,2026-02-03 15:00:00+00:00,0,1,2025-12-08T00:00:00+00:00,2026-02-02T00:00:00+00:00,2026-02-02T00:00:00+00:00,2026-02-09T00:00:00+00:00,1432.5622406639004,1825.0157894736844,-392.453548809784,1,low,0,0.0,0,2,0,0,0,0,0,0,0,0,0,0,0,0,0,0,0,0,0,0,0,0,0,0,1,899.1258070269446,918.8297520661156,747.8884726224784,1825.0157894736844,14,-0.8660254037844388,-0.4999999999999997,0,0,2,5.188990825688074,7.754356971027778,5.151327433628318,7.360204081632652,18.157831325301203,17.710901361,17.495238095238097,17.559677419354838,52.07260273972603,20.843421866277776,56.00424403183023,81.38878205128205,-30.352156086916693,351.45208028105566,1355.7343531453057,677.7140642740558,783,783,1.030300894600753,0.11336327747733865
A4,roll_04,persistence,2026-02-03 15:00:00+00:00,2026-02-03 16:00:00+00:00,0,1,2025-12-08T00:00:00+00:00,2026-02-02T00:00:00+00:00,2026-02-02T00:00:00+00:00,2026-02-09T00:00:00+00:00,1624.8924590163936,1432.5622406639004,192.33021835249315,1,low,0,0.0,0,2,0,0,0,0,0,0,0,0,0,0,0,0,0,0,0,0,0,0,0,0,0,0,1,1560.9848600250834,1825.0157894736844,1131.010752688172,1432.5622406639004,15,-0.7071067811865479,-0.7071067811865471,0,0,2,5.364,7.113380494527778,5.188990825688074,7.179729729729729,18.016666666666666,18.19326131930556,18.157831325301203,17.85242718446602,24.51188118811881,0.0,52.07260273972603,12.92,-30.352156086916693,351.45208028105566,1355.7343531453057,677.7140642740558,783,783,0.6336066477720977,0.3971558509109603
A4,roll_04,persistence,2026-02-03 16:00:00+00:00,2026-02-03 17:00:00+00:00,0,1,2025-12-08T00:00:00+00:00,2026-02-02T00:00:00+00:00,2026-02-02T00:00:00+00:00,2026-02-09T00:00:00+00:00,1250.0767605633805,1624.8924590163936,-374.81569845301306,1,night,0,0.0,0,2,0,0,0,0,0,0,0,0,0,0,0,0,0,0,0,0,0,0,0,0,0,0,1,1794.9346924112222,1432.5622406639004,1511.6196629213482,1624.8924590163936,16,-0.5000000000000004,-0.8660254037844385,0,0,2,5.236111111111111,6.417744069444445,5.364,6.558620689655172,17.942857142857143,18.04983601577777,18.016666666666666,17.82755905511811,0.0,0.0,24.51188118811881,0.0,-30.352156086916693,351.45208028105566,1355.7343531453057,677.7140642740558,783,783,0.980115246694882,0.15590290677396818
A4,roll_04,persistence,2026-02-03 17:00:00+00:00,2026-02-03 18:00:00+00:00,0,1,2025-12-08T00:00:00+00:00,2026-02-02T00:00:00+00:00,2026-02-02T00:00:00+00:00,2026-02-09T00:00:00+00:00,856.6192182410423,1250.0767605633805,-393.4575423223382,0,night,0,0.0,0,1,0,0,0,0,0,0,0,0,0,0,0,0,0,0,0,0,0,0,0,0,0,0,1,843.3756644045833,1624.8924590163936,1624.4313218390805,1250.0767605633805,17,-0.2588190451025206,-0.9659258262890684,0,0,2,4.8075,6.518880213805556,5.236111111111111,6.18735632183908,17.5125,17.523798786,17.942857142857143,17.923809523809524,0.0,0.0,0.0,0.0,-30.352156086916693,351.45208028105566,1355.7343531453057,677.7140642740558,783,783,1.0331575956103225,0.7364686100160819
A4,roll_04,persistence,2026-02-03 22:00:00+00:00,2026-02-03 23:00:00+00:00,0,1,2025-12-08T00:00:00+00:00,2026-02-02T00:00:00+00:00,2026-02-02T00:00:00+00:00,2026-02-09T00:00:00+00:00,619.8279166666667,439.3551867219917,180.47272994467505,0,night,0,0.0,0,1,0,0,0,0,0,0,0,0,0,0,0,0,0,0,0,0,0,0,0,0,0,0,1,469.4664131017777,1029.1314516129032,395.40241935483874,439.3551867219917,22,0.8660254037844384,-0.5000000000000004,0,0,2,4.813725490196078,5.511910193805555,4.667796610169491,4.6576,18.22772277227723,18.249919140416665,18.09047619047619,18.086285714285715,0.0,0.0,0.0,0.0,-30.352156086916693,351.45208028105566,1355.7343531453057,677.7140642740558,783,783,0.5998680840443323,1.0858656700107248
A4,roll_04,persistence,2026-02-04 05:00:00+00:00,2026-02-04 06:00:00+00:00,0,1,2025-12-08T00:00:00+00:00,2026-02-02T00:00:00+00:00,2026-02-02T00:00:00+00:00,2026-02-09T00:00:00+00:00,2016.4624060150377,2001.764661654136,14.697744360901652,0,night,0,0.0,0,1,0,0,0,0,0,0,0,0,0,0,0,0,0,0,0,0,0,0,0,0,0,0,2,2035.0871509705555,1096.6170634920634,2016.13358778626,2001.764661654136,5,0.2588190451025207,0.9659258262890684,0,0,2,4.850617283950617,5.513712828027778,4.621538461538461,3.73,18.641899441340783,18.634632919027776,18.45990099009901,18.92349726775956,0.0,0.0,0.0,0.0,-30.352156086916693,351.45208028105566,1355.7343531453057,677.7140642740558,783,783,0.12818219886987725,0.9749363156237304
A4,roll_04,persistence,2026-02-04 06:00:00+00:00,2026-02-04 07:00:00+00:00,0,1,2025-12-08T00:00:00+00:00,2026-02-02T00:00:00+00:00,2026-02-02T00:00:00+00:00,2026-02-09T00:00:00+00:00,1742.2797833935017,2016.4624060150377,-274.182622621536,0,night,0,0.0,0,2,0,0,0,0,0,0,0,0,0,0,0,0,0,0,0,0,0,0,0,0,0,0,2,2063.430210569112,2001.764661654136,2081.1158088235293,2016.4624060150377,6,6.123233995736766e-17,1.0,0,0,2,5.047142857142857,5.542613285861112,4.850617283950617,3.511904761904762,18.62099447513812,18.442081739,18.641899441340783,18.76684491978609,0.0,0.0,0.0,0.0,-30.352156086916693,351.45208028105566,1355.7343531453057,677.7140642740558,783,783,0.6937801202930097,0.5703665463431843
A4,roll_04,persistence,2026-02-04 07:00:00+00:00,2026-02-04 08:00:00+00:00,0,1,2025-12-08T00:00:00+00:00,2026-02-02T00:00:00+00:00,2026-02-02T00:00:00+00:00,2026-02-09T00:00:00+00:00,1544.9358649789028,1742.2797833935017,-197.34391841459887,1,night,0,0.0,0,2,0,0,0,0,0,0,0,0,0,0,0,0,0,0,0,0,0,0,0,0,0,0,2,1837.9513309886668,2016.4624060150377,1670.6992307692308,1742.2797833935017,7,-0.2588190451025206,0.9659258262890684,0,0,2,5.102409638554217,5.184793339416666,5.047142857142857,3.452112676056338,18.634705882352943,18.612981790916667,18.62099447513812,18.43197969543148,0.0,0.0,0.0,0.0,-30.352156086916693,351.45208028105566,1355.7343531453057,677.7140642740558,783,783,0.4751480264226609,0.2791760150886987
A4,roll_04,persistence,2026-02-04 08:00:00+00:00,2026-02-04 09:00:00+00:00,0,1,2025-12-08T00:00:00+00:00,2026-02-02T00:00:00+00:00,2026-02-02T00:00:00+00:00,2026-02-09T00:00:00+00:00,1741.7046808510638,1544.9358649789028,196.76881587216096,1,low,0,0.0,0,2,0,0,0,0,0,0,0,0,0,0,0,0,0,0,0,0,0,0,0,0,0,0,2,1887.533959910028,1742.2797833935017,1695.1438661710038,1544.9358649789028,8,-0.4999999999999998,0.8660254037844387,0,0,2,5.541176470588235,5.1913422946944445,5.102409638554217,3.0315068493150688,18.137254901960784,18.377665885472226,18.634705882352943,18.02994652406417,25.176086956521736,0.0,0.0,0.0,-30.352156086916693,351.45208028105566,1355.7343531453057,677.7140642740558,783,783,0.6462359584767555,0.569517954624708
A4,roll_04,persistence,2026-02-04 09:00:00+00:00,2026-02-04 10:00:00+00:00,0,1,2025-12-08T00:00:00+00:00,2026-02-02T00:00:00+00:00,2026-02-02T00:00:00+00:00,2026-02-09T00:00:00+00:00,1733.1420765027322,1741.7046808510638,-8.56260434833166,1,low,0,0.0,0,2,0,0,0,0,0,0,0,0,0,0,0,0,0,0,0,0,0,0,0,0,0,0,2,1927.4843435574169,1544.9358649789028,1085.7120141342757,1741.7046808510638,9,-0.7071067811865475,0.7071067811865476,0,0,2,5.9905405405405405,5.373750419944444,5.541176470588235,3.4781818181818185,18.36184210526316,18.25319205494445,18.137254901960784,17.55581395348837,27.92615384615385,10.544310736611113,25.176086956521736,25.35892857142857,-30.352156086916693,351.45208028105566,1355.7343531453057,677.7140642740558,783,783,0.061998642094136885,0.556883416255634
A4,roll_04,persistence,2026-02-04 10:00:00+00:00,2026-02-04 11:00:00+00:00,0,1,2025-12-08T00:00:00+00:00,2026-02-02T00:00:00+00:00,2026-02-02T00:00:00+00:00,2026-02-09T00:00:00+00:00,902.2468599033816,1733.1420765027322,-830.8952165993505,1,low,0,0.0,0,2,0,0,0,0,0,0,0,0,0,0,0,0,0,0,0,0,0,0,0,0,0,0,2,1864.801970357278,1741.7046808510638,1706.1051136363635,1733.1420765027322,10,-0.8660254037844387,0.4999999999999999,0,0,2,6.380769230769231,5.65833449311111,5.9905405405405405,3.970666666666667,18.252100840336134,18.034370881194445,18.36184210526316,17.84952380952381,39.21203703703704,25.393810472444443,27.92615384615385,54.39214285714286,-30.352156086916693,351.45208028105566,1355.7343531453057,677.7140642740558,783,783,2.27781568364097,0.6691428098481097
A4,roll_04,persistence,2026-02-04 11:00:00+00:00,2026-02-04 12:00:00+00:00,0,1,2025-12-08T00:00:00+00:00,2026-02-02T00:00:00+00:00,2026-02-02T00:00:00+00:00,2026-02-09T00:00:00+00:00,2676.460583941606,902.2468599033816,1774.2137240382242,1,low,0,0.0,0,2,0,0,0,0,0,0,0,0,0,0,0,0,0,0,0,0,0,0,0,0,0,0,2,3141.5486331360003,1733.1420765027322,835.5128205128206,902.2468599033816,11,-0.9659258262890682,0.258819045102521,0,0,2,6.638805970149254,5.88800453525,6.380769230769231,4.583529411764706,17.52173913043478,18.29865785161111,18.252100840336134,17.46,51.13607954545455,223.8937608820556,39.21203703703704,63.80455635491607,-30.352156086916693,351.45208028105566,1355.7343531453057,677.7140642740558,783,783,5.134600081701131,1.948795665338622
A4,roll_04,persistence,2026-02-04 12:00:00+00:00,2026-02-04 13:00:00+00:00,0,1,2025-12-08T00:00:00+00:00,2026-02-02T00:00:00+00:00,2026-02-02T00:00:00+00:00,2026-02-09T00:00:00+00:00,3913.525657894737,2676.460583941606,1237.065073953131,1,low,0,0.0,0,2,0,0,0,0,0,0,0,0,0,0,0,0,0,0,0,0,0,0,0,0,0,0,2,3688.242951303472,902.2468599033816,1812.142446043165,2676.460583941606,12,-1.0,1.2246467991473532e-16,0,0,2,6.79,6.230890702111111,6.638805970149254,4.927551020408163,18.237142857142857,18.18650774847222,17.52173913043478,18.063333333333333,83.6985111662531,217.1136607175556,51.13607954545455,107.24119047619048,-30.352156086916693,351.45208028105566,1355.7343531453057,677.7140642740558,783,783,3.606230553612021,3.774145232605214
A4,roll_04,persistence,2026-02-04 13:00:00+00:00,2026-02-04 14:00:00+00:00,0,1,2025-12-08T00:00:00+00:00,2026-02-02T00:00:00+00:00,2026-02-02T00:00:00+00:00,2026-02-09T00:00:00+00:00,2946.6394495412846,3913.525657894737,-966.8862083534524,1,low,0,0.0,0,2,0,0,0,0,0,0,0,0,0,0,0,0,0,0,0,0,0,0,0,0,0,0,2,2978.0382318605,2676.460583941606,918.8297520661156,3913.525657894737,13,-0.9659258262890684,-0.2588190451025208,0,0,2,6.527777777777778,6.399069186666668,6.79,5.151327433628318,17.940449438202247,17.592900088416666,18.237142857142857,17.495238095238097,117.9880195599022,113.17434017758336,83.6985111662531,56.00424403183023,-30.352156086916693,351.45208028105566,1355.7343531453057,677.7140642740558,783,783,2.6647560359227094,2.3474576967796916
A4,roll_04,persistence,2026-02-04 14:00:00+00:00,2026-02-04 15:00:00+00:00,0,1,2025-12-08T00:00:00+00:00,2026-02-02T00:00:00+00:00,2026-02-02T00:00:00+00:00,2026-02-09T00:00:00+00:00,2754.6374269005846,2946.6394495412846,-192.00202264070003,1,low,0,0.0,0,2,0,0,0,0,0,0,0,0,0,0,0,0,0,0,0,0,0,0,0,0,0,0,2,3380.6789978081943,3913.525657894737,1825.0157894736844,2946.6394495412846,14,-0.8660254037844388,-0.4999999999999997,0,0,2,6.487671232876712,6.31566832675,6.527777777777778,5.188990825688074,17.463749999999997,17.809436758833332,17.940449438202247,18.157831325301203,105.31936274509803,57.91523832122223,117.9880195599022,52.07260273972603,-30.352156086916693,351.45208028105566,1355.7343531453057,677.7140642740558,783,783,0.45994852676504916,2.0641493920503717
A4,roll_04,persistence,2026-02-04 15:00:00+00:00,2026-02-04 16:00:00+00:00,0,1,2025-12-08T00:00:00+00:00,2026-02-02T00:00:00+00:00,2026-02-02T00:00:00+00:00,2026-02-09T00:00:00+00:00,2882.762139917695,2754.6374269005846,128.12471301711048,1,low,0,0.0,0,2,0,0,0,0,0,0,0,0,0,0,0,0,0,0,0,0,0,0,0,0,0,0,2,3872.714778626834,2946.6394495412846,1432.5622406639004,2754.6374269005846,15,-0.7071067811865479,-0.7071067811865471,0,0,2,6.59375,6.244660061111111,6.487671232876712,5.364,16.942105263157895,17.889092211916665,17.463749999999997,18.016666666666666,46.266666666666666,0.0,105.31936274509803,24.51188118811881,-30.352156086916693,351.45208028105566,1355.7343531453057,677.7140642740558,783,783,0.45092027617902697,2.2532036256442303
A4,roll_04,persistence,2026-02-04 16:00:00+00:00,2026-02-04 17:00:00+00:00,0,1,2025-12-08T00:00:00+00:00,2026-02-02T00:00:00+00:00,2026-02-02T00:00:00+00:00,2026-02-09T00:00:00+00:00,4170.079435483871,2882.762139917695,1287.3172955661755,1,night,0,0.0,0,2,0,0,0,0,0,0,0,0,0,0,0,0,0,0,0,0,0,0,0,0,0,0,2,3566.8731119283607,2754.6374269005846,1624.8924590163936,2882.762139917695,16,-0.5000000000000004,-0.8660254037844385,0,0,2,6.457142857142857,5.823090861361112,6.59375,5.236111111111111,17.315343915343917,17.597432975833332,16.942105263157895,17.942857142857143,0.0,0.0,46.266666666666666,0.0,-30.352156086916693,351.45208028105566,1355.7343531453057,677.7140642740558,783,783,3.7492151151854163,4.1527027852862926
A4,roll_04,persistence,2026-02-04 17:00:00+00:00,2026-02-04 18:00:00+00:00,0,1,2025-12-08T00:00:00+00:00,2026-02-02T00:00:00+00:00,2026-02-02T00:00:00+00:00,2026-02-09T00:00:00+00:00,3388.3426229508195,4170.079435483871,-781.7368125330513,0,night,0,0.0,0,2,0,0,0,0,0,0,0,0,0,0,0,0,0,0,0,0,0,0,0,0,0,0,2,4099.8204709775,2882.762139917695,1250.0767605633805,4170.079435483871,17,-0.2588190451025206,-0.9659258262890684,0,0,2,6.315,5.327666574166667,6.457142857142857,4.8075,18.17823834196892,16.81522350208333,17.315343915343917,17.5125,0.0,0.0,0.0,0.0,-30.352156086916693,351.45208028105566,1355.7343531453057,677.7140642740558,783,783,2.137943402825368,2.9992121706707895
A4,roll_04,persistence,2026-02-04 19:00:00+00:00,2026-02-04 20:00:00+00:00,0,1,2025-12-08T00:00:00+00:00,2026-02-02T00:00:00+00:00,2026-02-02T00:00:00+00:00,2026-02-09T00:00:00+00:00,3326.137804878049,3374.507818930041,-48.37001405199226,0,night,0,0.0,0,2,0,0,0,0,0,0,0,0,0,0,0,0,0,0,0,0,0,0,0,0,0,0,2,4150.093525715889,3388.3426229508195,1353.571382636656,3374.507818930041,19,0.2588190451025203,-0.9659258262890684,0,0,2,6.048780487804878,5.153431917222222,6.164864864864865,4.605263157894737,18.24031413612565,17.99117864236111,17.838461538461537,17.58954248366013,0.0,0.0,0.0,0.0,-30.352156086916693,351.45208028105566,1355.7343531453057,677.7140642740558,783,783,0.05126689803818123,2.907425942006047
A4,roll_04,persistence,2026-02-04 21:00:00+00:00,2026-02-04 22:00:00+00:00,0,1,2025-12-08T00:00:00+00:00,2026-02-02T00:00:00+00:00,2026-02-02T00:00:00+00:00,2026-02-09T00:00:00+00:00,2707.4724576271187,2641.1531380753136,66.31931955180517,0,night,0,0.0,0,2,0,0,0,0,0,0,0,0,0,0,0,0,0,0,0,0,0,0,0,0,0,0,2,3031.050403281528,3326.137804878049,1029.1314516129032,2641.1531380753136,21,0.7071067811865474,-0.7071067811865477,0,0,2,5.891666666666667,5.513382952611111,6.0285714285714285,4.667796610169491,18.003589743589743,19.893719509444445,17.913366336633665,18.09047619047619,0.0,0.0,0.0,0.0,-30.352156086916693,351.45208028105566,1355.7343531453057,677.7140642740558,783,783,0.27506303437274815,1.9945551903659382
A4,roll_04,persistence,2026-02-04 22:00:00+00:00,2026-02-04 23:00:00+00:00,0,1,2025-12-08T00:00:00+00:00,2026-02-02T00:00:00+00:00,2026-02-02T00:00:00+00:00,2026-02-09T00:00:00+00:00,2638.623580786026,2707.4724576271187,-68.84887684109253,0,night,0,0.0,0,2,0,0,0,0,0,0,0,0,0,0,0,0,0,0,0,0,0,0,0,0,0,0,2,880.7419122894444,2641.1531380753136,439.3551867219917,2707.4724576271187,22,0.8660254037844384,-0.5000000000000004,0,0,2,6.089855072463768,5.632813449722222,5.891666666666667,4.813725490196078,18.0421568627451,19.97541349633333,18.003589743589743,18.22772277227723,0.0,0.0,0.0,0.0,-30.352156086916693,351.45208028105566,1355.7343531453057,677.7140642740558,783,783,0.10953618690602165,1.892965330467072
A4,roll_04,persistence,2026-02-05 00:00:00+00:00,2026-02-05 01:00:00+00:00,0,1,2025-12-08T00:00:00+00:00,2026-02-02T00:00:00+00:00,2026-02-02T00:00:00+00:00,2026-02-09T00:00:00+00:00,572.743621399177,735.8008196721311,-163.0571982729541,0,night,0,0.0,0,2,0,0,0,0,0,0,0,0,0,0,0,0,0,0,0,0,0,0,0,0,0,0,3,934.8170360965556,2638.623580786026,600.8824999999999,735.8008196721311,0,1.0,0.0,0,0,2,5.9,5.649876135861111,6.062162162162162,4.731481481481482,18.64417475728155,18.53709236861112,18.196059113300493,18.48186528497409,0.0,0.0,0.0,0.0,-30.352156086916693,351.45208028105566,1355.7343531453057,677.7140642740558,783,783,0.37759071472820255,1.1553408332831956
A4,roll_04,persistence,2026-02-05 04:00:00+00:00,2026-02-05 05:00:00+00:00,0,1,2025-12-08T00:00:00+00:00,2026-02-02T00:00:00+00:00,2026-02-02T00:00:00+00:00,2026-02-09T00:00:00+00:00,1980.2167272727272,1140.7624489795917,839.4542782931355,0,night,0,0.0,0,2,0,0,0,0,0,0,0,0,0,0,0,0,0,0,0,0,0,0,0,0,0,0,3,1044.109589464861,582.7389344262294,1096.6170634920634,1140.7624489795917,4,0.5000000000000001,0.8660254037844386,0,0,2,5.233333333333333,5.690614872888889,5.32,4.621538461538461,18.495384615384616,18.699853914444443,18.57680412371134,18.45990099009901,0.0,0.0,0.0,0.0,-30.352156086916693,351.45208028105566,1355.7343531453057,677.7140642740558,783,783,2.474893401354943,0.9214540571713614
A4,roll_04,persistence,2026-02-05 05:00:00+00:00,2026-02-05 06:00:00+00:00,0,1,2025-12-08T00:00:00+00:00,2026-02-02T00:00:00+00:00,2026-02-02T00:00:00+00:00,2026-02-09T00:00:00+00:00,2024.3182156133828,1980.2167272727272,44.10148834065558,0,night,0,0.0,0,2,0,0,0,0,0,0,0,0,0,0,0,0,0,0,0,0,0,0,0,0,0,0,3,2097.0978272491666,1140.7624489795917,2001.764661654136,1980.2167272727272,5,0.2588190451025207,0.9659258262890684,0,0,2,5.113953488372093,5.321339182305556,5.233333333333333,4.850617283950617,18.813855421686743,18.788275002444447,18.495384615384616,18.641899441340783,0.0,0.0,0.0,0.0,-30.352156086916693,351.45208028105566,1355.7343531453057,677.7140642740558,783,783,0.21184579237098786,0.9865279440293767
A4,roll_04,persistence,2026-02-05 06:00:00+00:00,2026-02-05 07:00:00+00:00,0,1,2025-12-08T00:00:00+00:00,2026-02-02T00:00:00+00:00,2026-02-02T00:00:00+00:00,2026-02-09T00:00:00+00:00,1672.158108108108,2024.3182156133828,-352.1601075052747,0,night,0,0.0,0,1,0,0,0,0,0,0,0,0,0,0,0,0,0,0,0,0,0,0,0,0,0,0,3,2101.717697546028,1980.2167272727272,2016.4624060150377,2024.3182156133828,6,6.123233995736766e-17,1.0,0,0,2,4.575714285714286,5.4229227490000005,5.113953488372093,5.047142857142857,18.487428571428573,18.46805462488889,18.813855421686743,18.62099447513812,0.0,0.0,0.0,0.0,-30.352156086916693,351.45208028105566,1355.7343531453057,677.7140642740558,783,783,0.9156524302289197,0.4668986105545039
A4,roll_04,persistence,2026-02-05 07:00:00+00:00,2026-02-05 08:00:00+00:00,0,1,2025-12-08T00:00:00+00:00,2026-02-02T00:00:00+00:00,2026-02-02T00:00:00+00:00,2026-02-09T00:00:00+00:00,1393.502840909091,1672.158108108108,-278.6552671990171,1,low,0,0.0,0,1,0,0,0,0,0,0,0,0,0,0,0,0,0,0,0,0,0,0,0,0,0,0,3,1866.4684684137776,2024.3182156133828,1742.2797833935017,1672.158108108108,7,-0.2588190451025206,0.9659258262890684,0,0,2,4.341428571428571,5.644273330472223,4.575714285714286,5.102409638554217,18.316,18.33773261380556,18.487428571428573,18.634705882352943,24.614516129032257,0.0,0.0,0.0,-30.352156086916693,351.45208028105566,1355.7343531453057,677.7140642740558,783,783,0.7065063063890041,0.05572923708502583
A4,roll_04,persistence,2026-02-05 08:00:00+00:00,2026-02-05 09:00:00+00:00,0,1,2025-12-08T00:00:00+00:00,2026-02-02T00:00:00+00:00,2026-02-02T00:00:00+00:00,2026-02-09T00:00:00+00:00,1354.447186147186,1393.502840909091,-39.05565476190509,1,low,0,0.0,0,1,0,0,0,0,0,0,0,0,0,0,0,0,0,0,0,0,0,0,0,0,0,0,3,1765.7431687797225,1672.158108108108,1544.9358649789028,1393.502840909091,8,-0.4999999999999998,0.8660254037844387,0,0,2,4.676744186046511,6.577056710277778,4.341428571428571,5.541176470588235,18.40571428571429,18.68058624561111,18.316,18.137254901960784,133.55408970976254,107.09455782583336,24.614516129032257,25.176086956521736,-30.352156086916693,351.45208028105566,1355.7343531453057,677.7140642740558,783,783,0.024764396523213696,0.0018992773884640723
A4,roll_04,persistence,2026-02-05 09:00:00+00:00,2026-02-05 10:00:00+00:00,0,1,2025-12-08T00:00:00+00:00,2026-02-02T00:00:00+00:00,2026-02-02T00:00:00+00:00,2026-02-09T00:00:00+00:00,662.0819532908704,1354.447186147186,-692.3652328563155,1,low,0,0.0,0,2,0,0,0,0,0,0,0,0,0,0,0,0,0,0,0,0,0,0,0,0,0,0,3,1253.1664777410554,1393.502840909091,1741.7046808510638,1354.447186147186,9,-0.7071067811865475,0.7071067811865476,0,0,2,5.127464788732395,7.120698170944444,4.676744186046511,5.9905405405405405,18.397345132743364,18.200570424222224,18.40571428571429,18.36184210526316,240.70067340067345,173.80403361816664,133.55408970976254,27.92615384615385,-30.352156086916693,351.45208028105566,1355.7343531453057,677.7140642740558,783,783,1.883651040676692,1.0235177878408825
A4,roll_04,persistence,2026-02-05 10:00:00+00:00,2026-02-05 11:00:00+00:00,0,1,2025-12-08T00:00:00+00:00,2026-02-02T00:00:00+00:00,2026-02-02T00:00:00+00:00,2026-02-09T00:00:00+00:00,-1116.5161157024795,662.0819532908704,-1778.59806899335,1,med,0,0.0,0,2,0,0,0,0,0,0,0,0,0,0,0,0,0,0,0,0,0,0,0,0,0,0,3,948.2308555061112,1354.447186147186,1733.1420765027322,662.0819532908704,10,-0.8660254037844387,0.4999999999999999,0,0,2,6.55,7.047235797361111,5.127464788732395,6.380769230769231,19.503125,18.18368814136112,18.397345132743364,18.252100840336134,1064.7166666666667,95.93545610280556,240.70067340067345,39.21203703703704,-30.352156086916693,351.45208028105566,1355.7343531453057,677.7140642740558,783,783,4.974350732277253,3.6479255768374466
A4,roll_04,persistence,2026-02-05 11:00:00+00:00,2026-02-05 12:00:00+00:00,0,1,2025-12-08T00:00:00+00:00,2026-02-02T00:00:00+00:00,2026-02-02T00:00:00+00:00,2026-02-09T00:00:00+00:00,-936.9505836575876,-1116.5161157024795,179.56553204489194,1,high,0,0.0,0,2,1,0,0,0,0,0,0,0,0,0,0,0,0,0,0,0,0,0,0,0,0,0,3,1415.7808458588888,662.0819532908704,902.2468599033816,-1116.5161157024795,11,-0.9659258262890682,0.258819045102521,0,0,2,8.824117647058824,7.484160413777777,6.55,6.638805970149254,19.08695652173913,18.45564459983333,19.503125,17.52173913043478,1722.8723214285717,198.05782505847225,1064.7166666666667,51.13607954545455,-30.352156086916693,351.45208028105566,1355.7343531453057,677.7140642740558,783,783,0.59728679928125,3.3829679176847827
A4,roll_04,persistence,2026-02-05 12:00:00+00:00,2026-02-05 13:00:00+00:00,0,1,2025-12-08T00:00:00+00:00,2026-02-02T00:00:00+00:00,2026-02-02T00:00:00+00:00,2026-02-09T00:00:00+00:00,-837.3921487603305,-936.9505836575876,99.55843489725704,1,high,0,0.0,0,3,1,0,0,0,0,0,0,0,0,0,0,0,0,0,0,0,0,0,0,0,0,0,3,347.5551561380278,-1116.5161157024795,2676.460583941606,-936.9505836575876,12,-1.0,1.2246467991473532e-16,0,0,2,11.251793721973094,8.72531020561111,8.824117647058824,6.79,19.05978260869565,18.326656080611112,19.08695652173913,18.237142857142857,1626.945238095238,591.8653806022222,1722.8723214285717,83.6985111662531,-30.352156086916693,351.45208028105566,1355.7343531453057,677.7140642740558,783,783,0.3696395562100086,3.2360646141449623
A4,roll_04,persistence,2026-02-05 13:00:00+00:00,2026-02-05 14:00:00+00:00,0,1,2025-12-08T00:00:00+00:00,2026-02-02T00:00:00+00:00,2026-02-02T00:00:00+00:00,2026-02-09T00:00:00+00:00,-375.85170454545454,-837.3921487603305,461.540444214876,1,high,0,0.0,0,3,1,0,0,0,0,0,0,0,0,0,0,0,0,0,0,0,0,0,0,0,0,0,3,-402.3519291878333,-936.9505836575876,3913.525657894737,-837.3921487603305,13,-0.9659258262890684,-0.2588190451025208,0,0,2,12.371243523316062,9.603330588527776,11.251793721973094,6.527777777777778,19.18704663212436,18.84680833225,19.05978260869565,17.940449438202247,1425.287155963303,1247.4635750589998,1626.945238095238,117.9880195599022,-30.352156086916693,351.45208028105566,1355.7343531453057,677.7140642740558,783,783,1.399600764657381,2.555039284223172
A4,roll_04,persistence,2026-02-05 14:00:00+00:00,2026-02-05 15:00:00+00:00,0,1,2025-12-08T00:00:00+00:00,2026-02-02T00:00:00+00:00,2026-02-02T00:00:00+00:00,2026-02-09T00:00:00+00:00,735.4822981366459,-375.85170454545454,1111.3340026821004,1,med,0,0.0,0,3,1,0,0,0,0,0,0,0,0,0,0,0,0,0,0,0,0,0,0,0,0,0,3,1092.5960639581945,-837.3921487603305,2946.6394495412846,-375.85170454545454,14,-0.8660254037844388,-0.4999999999999997,0,0,2,14.806871609403254,10.175281555083336,12.371243523316062,6.487671232876712,18.775609756097563,18.72012759377778,19.18704663212436,17.463749999999997,1118.9860294117648,733.8672658107222,1425.287155963303,105.31936274509803,-30.352156086916693,351.45208028105566,1355.7343531453057,677.7140642740558,783,783,3.2484831441487345,0.9152120159599354
A4,roll_04,persistence,2026-02-05 15:00:00+00:00,2026-02-05 16:00:00+00:00,0,1,2025-12-08T00:00:00+00:00,2026-02-02T00:00:00+00:00,2026-02-02T00:00:00+00:00,2026-02-09T00:00:00+00:00,773.8824840764331,735.4822981366459,38.40018593978721,1,low,0,0.0,0,4,0,0,0,0,0,0,0,0,0,0,0,0,0,0,0,0,0,0,0,0,0,0,3,462.4739155892223,-375.85170454545454,2754.6374269005846,735.4822981366459,15,-0.7071067811865479,-0.7071067811865471,0,0,2,15.497447795823666,10.80456051886111,14.806871609403254,6.59375,18.53142857142857,17.667633677111112,18.775609756097563,16.942105263157895,284.55916666666667,202.1270942708333,1118.9860294117648,46.266666666666666,-30.352156086916693,351.45208028105566,1355.7343531453057,677.7140642740558,783,783,0.19562365933848724,0.8585506775517968
A4,roll_04,persistence,2026-02-05 16:00:00+00:00,2026-02-05 17:00:00+00:00,0,1,2025-12-08T00:00:00+00:00,2026-02-02T00:00:00+00:00,2026-02-02T00:00:00+00:00,2026-02-09T00:00:00+00:00,822.6935275080906,773.8824840764331,48.81104343165748,1,low,0,0.0,0,3,0,0,0,0,0,0,0,0,0,0,0,0,0,0,0,0,0,0,0,0,0,0,3,1737.4693776433332,735.4822981366459,2882.762139917695,773.8824840764331,16,-0.5000000000000004,-0.8660254037844385,0,0,2,12.19726775956284,8.926961661277778,15.497447795823666,6.457142857142857,17.5972972972973,17.675791429472223,18.53142857142857,17.315343915343917,13.7,0.0,284.55916666666667,0.0,-30.352156086916693,351.45208028105566,1355.7343531453057,677.7140642740558,783,783,0.2252460689812036,0.7865276135418413
A4,roll_04,persistence,2026-02-05 19:00:00+00:00,2026-02-05 20:00:00+00:00,0,1,2025-12-08T00:00:00+00:00,2026-02-02T00:00:00+00:00,2026-02-02T00:00:00+00:00,2026-02-09T00:00:00+00:00,756.398866855524,1357.352397260274,-600.95353040475,0,night,0,0.0,0,2,0,0,0,0,0,0,0,0,0,0,0,0,0,0,0,0,0,0,0,0,0,0,3,2461.1030846526387,1374.275974025974,3374.507818930041,1357.352397260274,19,0.2588190451025203,-0.9659258262890684,0,0,2,8.97439024390244,4.914927927388889,9.466153846153846,6.048780487804878,17.808125,18.053897769944445,18.28851351351351,18.24031413612565,0.0,0.0,0.0,0.0,-30.352156086916693,351.45208028105566,1355.7343531453057,677.7140642740558,783,783,1.6235538394353062,0.8843486034656363
A4,roll_04,persistence,2026-02-05 20:00:00+00:00,2026-02-05 21:00:00+00:00,0,1,2025-12-08T00:00:00+00:00,2026-02-02T00:00:00+00:00,2026-02-02T00:00:00+00:00,2026-02-09T00:00:00+00:00,1207.6818181818182,756.398866855524,451.2829513262942,0,night,0,0.0,0,2,0,0,0,0,0,0,0,0,0,0,0,0,0,0,0,0,0,0,0,0,0,0,3,738.0341406504722,1357.352397260274,3326.137804878049,756.398866855524,20,0.5000000000000001,-0.8660254037844386,0,0,2,8.583561643835617,4.190135806277778,8.97439024390244,6.0285714285714285,18.25384615384615,17.800593456972223,17.808125,17.913366336633665,0.0,0.0,0.0,0.0,-30.352156086916693,351.45208028105566,1355.7343531453057,677.7140642740558,783,783,1.3704147291660589,0.2184587022287582
A4,roll_04,persistence,2026-02-05 21:00:00+00:00,2026-02-05 22:00:00+00:00,0,1,2025-12-08T00:00:00+00:00,2026-02-02T00:00:00+00:00,2026-02-02T00:00:00+00:00,2026-02-09T00:00:00+00:00,799.4336507936508,1207.6818181818182,-408.2481673881674,0,night,0,0.0,0,2,0,0,0,0,0,0,0,0,0,0,0,0,0,0,0,0,0,0,0,0,0,0,3,1046.6185902225832,756.398866855524,2641.1531380753136,1207.6818181818182,21,0.7071067811865474,-0.7071067811865477,0,0,2,8.078481012658228,3.735040379,8.583561643835617,5.891666666666667,18.09447852760736,17.774244155,18.25384615384615,18.003589743589743,0.0,0.0,0.0,0.0,-30.352156086916693,351.45208028105566,1355.7343531453057,677.7140642740558,783,783,1.0752419248708043,0.8208486907344106
A4,roll_04,persistence,2026-02-06 03:00:00+00:00,2026-02-06 04:00:00+00:00,0,1,2025-12-08T00:00:00+00:00,2026-02-02T00:00:00+00:00,2026-02-02T00:00:00+00:00,2026-02-09T00:00:00+00:00,1180.2426294820718,574.4534979423869,605.789131539685,0,night,0,0.0,0,2,0,0,0,0,0,0,0,0,0,0,0,0,0,0,0,0,0,0,0,0,0,0,4,377.9953876609166,575.4979166666667,582.7389344262294,574.4534979423869,3,0.7071067811865476,0.7071067811865476,0,0,2,7.359999999999999,3.226123679444445,7.4512820512820515,5.32,18.513432835820893,18.347174637972223,18.60890052356021,18.57680412371134,0.0,0.0,0.0,0.0,-30.352156086916693,351.45208028105566,1355.7343531453057,677.7140642740558,783,783,1.8100370528974548,0.2589465571313097
A4,roll_04,persistence,2026-02-06 04:00:00+00:00,2026-02-06 05:00:00+00:00,0,1,2025-12-08T00:00:00+00:00,2026-02-02T00:00:00+00:00,2026-02-02T00:00:00+00:00,2026-02-09T00:00:00+00:00,2027.4632958801496,1180.2426294820718,847.2206663980778,0,night,0,0.0,0,2,0,0,0,0,0,0,0,0,0,0,0,0,0,0,0,0,0,0,0,0,0,0,4,1042.5099112287778,574.4534979423869,1140.7624489795917,1180.2426294820718,4,0.5000000000000001,0.8660254037844386,0,0,2,7.303225806451613,3.499414719305556,7.359999999999999,5.233333333333333,18.63842105263158,18.78404704663889,18.513432835820893,18.495384615384616,0.0,0.0,0.0,0.0,-30.352156086916693,351.45208028105566,1355.7343531453057,677.7140642740558,783,783,2.496991401454221,0.9911686626341112
A4,roll_04,persistence,2026-02-06 05:00:00+00:00,2026-02-06 06:00:00+00:00,0,1,2025-12-08T00:00:00+00:00,2026-02-02T00:00:00+00:00,2026-02-02T00:00:00+00:00,2026-02-09T00:00:00+00:00,2067.114606741573,2027.4632958801496,39.651310861423326,0,night,0,0.0,0,2,0,0,0,0,0,0,0,0,0,0,0,0,0,0,0,0,0,0,0,0,0,0,4,2043.280496847389,1180.2426294820718,1980.2167272727272,2027.4632958801496,5,0.2588190451025207,0.9659258262890684,0,0,2,7.25,3.7577913895277777,7.303225806451613,5.113953488372093,18.88314606741573,18.75169663830556,18.63842105263158,18.813855421686743,0.0,0.0,0.0,0.0,-30.352156086916693,351.45208028105566,1355.7343531453057,677.7140642740558,783,783,0.1991835327659986,1.0496760965972773
A4,roll_04,persistence,2026-02-06 06:00:00+00:00,2026-02-06 07:00:00+00:00,0,1,2025-12-08T00:00:00+00:00,2026-02-02T00:00:00+00:00,2026-02-02T00:00:00+00:00,2026-02-09T00:00:00+00:00,1597.1892857142857,2067.114606741573,-469.9253210272873,0,night,0,0.0,0,2,0,0,0,0,0,0,0,0,0,0,0,0,0,0,0,0,0,0,0,0,0,0,4,2356.0469720826945,2027.4632958801496,2024.3182156133828,2067.114606741573,6,6.123233995736766e-17,1.0,0,0,2,7.270370370370371,4.644791845444444,7.25,4.575714285714286,18.486187845303867,18.553310034722223,18.88314606741573,18.487428571428573,0.0,0.0,0.0,0.0,-30.352156086916693,351.45208028105566,1355.7343531453057,677.7140642740558,783,783,1.250734281011638,0.35627847391306283
A4,roll_04,persistence,2026-02-06 07:00:00+00:00,2026-02-06 08:00:00+00:00,0,1,2025-12-08T00:00:00+00:00,2026-02-02T00:00:00+00:00,2026-02-02T00:00:00+00:00,2026-02-09T00:00:00+00:00,1538.8590163934423,1597.1892857142857,-58.3302693208434,1,low,0,0.0,0,2,0,0,0,0,0,0,0,0,0,0,0,0,0,0,0,0,0,0,0,0,0,0,4,2415.724502125278,2067.114606741573,1672.158108108108,1597.1892857142857,7,-0.2588190451025206,0.9659258262890684,0,0,2,7.503846153846154,5.112628002777778,7.270370370370371,4.341428571428571,18.33118279569893,18.194770331416667,18.486187845303867,18.316,84.86169491525423,0.0,0.0,24.614516129032257,-30.352156086916693,351.45208028105566,1355.7343531453057,677.7140642740558,783,783,0.07960719200054998,0.2702093300133789
A4,roll_04,persistence,2026-02-06 08:00:00+00:00,2026-02-06 09:00:00+00:00,0,1,2025-12-08T00:00:00+00:00,2026-02-02T00:00:00+00:00,2026-02-02T00:00:00+00:00,2026-02-09T00:00:00+00:00,808.640361445783,1538.8590163934423,-730.2186549476593,1,low,0,0.0,0,2,0,0,0,0,0,0,0,0,0,0,0,0,0,0,0,0,0,0,0,0,0,0,4,2088.875723270194,1597.1892857142857,1393.502840909091,1538.8590163934423,8,-0.4999999999999998,0.8660254037844387,0,0,2,8.057142857142857,5.971257494111111,7.503846153846154,4.676744186046511,18.572950819672133,17.925204983888886,18.33118279569893,18.40571428571429,183.8434931506849,110.06260566791669,84.86169491525423,133.55408970976254,-30.352156086916693,351.45208028105566,1355.7343531453057,677.7140642740558,783,783,1.991356825377333,0.8072637422473313
A4,roll_04,persistence,2026-02-06 09:00:00+00:00,2026-02-06 10:00:00+00:00,0,1,2025-12-08T00:00:00+00:00,2026-02-02T00:00:00+00:00,2026-02-02T00:00:00+00:00,2026-02-09T00:00:00+00:00,1106.088343558282,808.640361445783,297.44798211249906,1,low,0,0.0,0,2,0,0,0,0,0,0,0,0,0,0,0,0,0,0,0,0,0,0,0,0,0,0,4,1376.5848081650277,1538.8590163934423,1354.447186147186,808.640361445783,9,-0.7071067811865475,0.7071067811865476,0,0,2,8.671739130434782,6.401175342055556,8.057142857142857,5.127464788732395,18.47980769230769,18.61396918244445,18.572950819672133,18.397345132743364,229.431981981982,454.6492470125556,183.8434931506849,240.70067340067345,-30.352156086916693,351.45208028105566,1355.7343531453057,677.7140642740558,783,783,0.9327022276757461,0.36836480567130614
A4,roll_04,persistence,2026-02-06 10:00:00+00:00,2026-02-06 11:00:00+00:00,0,1,2025-12-08T00:00:00+00:00,2026-02-02T00:00:00+00:00,2026-02-02T00:00:00+00:00,2026-02-09T00:00:00+00:00,-642.7065420560747,1106.088343558282,-1748.7948856143566,1,med,0,0.0,0,2,0,0,0,0,0,0,0,0,0,0,0,0,0,0,0,0,0,0,0,0,0,0,4,637.5708449115556,808.640361445783,662.0819532908704,1106.088343558282,10,-0.8660254037844387,0.4999999999999999,0,0,2,9.642622950819671,6.918664744916666,8.671739130434782,6.55,21.201242236024846,19.34717694561112,18.47980769230769,19.503125,512.6413407821229,1227.077606142361,229.431981981982,1064.7166666666667,-30.352156086916693,351.45208028105566,1355.7343531453057,677.7140642740558,783,783,4.889550598628422,2.948796550861081
A4,roll_04,persistence,2026-02-06 11:00:00+00:00,2026-02-06 12:00:00+00:00,0,1,2025-12-08T00:00:00+00:00,2026-02-02T00:00:00+00:00,2026-02-02T00:00:00+00:00,2026-02-09T00:00:00+00:00,-1011.863082437276,-642.7065420560747,-369.15654038120135,1,high,0,0.0,0,3,1,0,0,0,0,0,0,0,0,0,0,0,0,0,0,0,0,0,0,0,0,0,4,-1038.640299738972,1106.088343558282,-1116.5161157024795,-642.7065420560747,11,-0.9659258262890682,0.258819045102521,0,0,2,11.104,9.024725996194444,9.642622950819671,8.824117647058824,20.592156862745096,18.99885653263889,21.201242236024846,19.08695652173913,1345.569822485207,1549.6980390854724,512.6413407821229,1722.8723214285717,-30.352156086916693,351.45208028105566,1355.7343531453057,677.7140642740558,783,783,0.9640130285282231,3.493504946099461
A4,roll_04,persistence,2026-02-06 12:00:00+00:00,2026-02-06 13:00:00+00:00,0,1,2025-12-08T00:00:00+00:00,2026-02-02T00:00:00+00:00,2026-02-02T00:00:00+00:00,2026-02-09T00:00:00+00:00,-893.904280155642,-1011.863082437276,117.958802281634,1,high,0,0.0,0,3,1,0,0,0,0,0,0,0,0,0,0,0,0,0,0,0,0,0,0,0,0,0,4,338.58896643852773,-642.7065420560747,-936.9505836575876,-1011.863082437276,12,-1.0,1.2246467991473532e-16,0,0,2,12.322047244094488,10.370691970305556,11.104,11.251793721973094,19.06583850931677,18.922971791888887,20.592156862745096,19.05978260869565,1481.615811965812,1116.10089140025,1345.569822485207,1626.945238095238,-30.352156086916693,351.45208028105566,1355.7343531453057,677.7140642740558,783,783,0.4219948228786885,3.3194510072779497
A4,roll_04,persistence,2026-02-06 13:00:00+00:00,2026-02-06 14:00:00+00:00,0,1,2025-12-08T00:00:00+00:00,2026-02-02T00:00:00+00:00,2026-02-02T00:00:00+00:00,2026-02-09T00:00:00+00:00,-665.2588028169014,-893.904280155642,228.64547733874065,1,high,0,0.0,0,3,1,0,0,0,0,0,0,0,0,0,0,0,0,0,0,0,0,0,0,0,0,0,4,-266.5041079402778,-1011.863082437276,-837.3921487603305,-893.904280155642,13,-0.9659258262890684,-0.2588190451025208,0,0,2,13.21132075471698,10.433649848611113,12.322047244094488,12.371243523316062,19.26928104575164,18.62102286772222,19.06583850931677,19.18704663212436,1291.4940092165898,1047.2821290664722,1481.615811965812,1425.287155963303,-30.352156086916693,351.45208028105566,1355.7343531453057,677.7140642740558,783,783,0.7369358383610572,2.982073506364408
A4,roll_04,persistence,2026-02-06 14:00:00+00:00,2026-02-06 15:00:00+00:00,0,1,2025-12-08T00:00:00+00:00,2026-02-02T00:00:00+00:00,2026-02-02T00:00:00+00:00,2026-02-09T00:00:00+00:00,710.4511864406779,-665.2588028169014,1375.7099892575793,1,med,0,0.0,0,3,1,0,0,0,0,0,0,0,0,0,0,0,0,0,0,0,0,0,0,0,0,0,4,376.1624140875,-893.904280155642,-375.85170454545454,-665.2588028169014,14,-0.8660254037844388,-0.4999999999999997,0,0,2,14.566107382550337,9.447840296916668,13.21132075471698,14.806871609403254,19.071604938271605,18.27117152236111,19.26928104575164,18.775609756097563,1125.4931937172776,465.3144706611944,1291.4940092165898,1118.9860294117648,-30.352156086916693,351.45208028105566,1355.7343531453057,677.7140642740558,783,783,4.000722215728729,0.9521466363485213
A4,roll_04,persistence,2026-02-06 15:00:00+00:00,2026-02-06 16:00:00+00:00,0,1,2025-12-08T00:00:00+00:00,2026-02-02T00:00:00+00:00,2026-02-02T00:00:00+00:00,2026-02-09T00:00:00+00:00,641.5711610486892,710.4511864406779,-68.88002539198874,1,med,0,0.0,0,3,0,0,0,0,0,0,0,0,0,0,0,0,0,0,0,0,0,0,0,0,0,0,4,1082.7555175266666,-665.2588028169014,735.4822981366459,710.4511864406779,15,-0.7071067811865479,-0.7071067811865471,0,0,2,14.59758064516129,8.110878659944445,14.566107382550337,15.497447795823666,18.913375796178343,18.16102492311111,19.071604938271605,18.53142857142857,540.7330049261084,92.0250742933889,1125.4931937172776,284.55916666666667,-30.352156086916693,351.45208028105566,1355.7343531453057,677.7140642740558,783,783,0.10962481506514735,1.053782457446274
A4,roll_04,persistence,2026-02-06 16:00:00+00:00,2026-02-06 17:00:00+00:00,0,1,2025-12-08T00:00:00+00:00,2026-02-02T00:00:00+00:00,2026-02-02T00:00:00+00:00,2026-02-09T00:00:00+00:00,1208.6992857142857,641.5711610486892,567.1281246655965,1,low,0,0.0,0,3,0,0,0,0,0,0,0,0,0,0,0,0,0,0,0,0,0,0,0,0,0,0,4,1956.864773614972,710.4511864406779,773.8824840764331,641.5711610486892,16,-0.5000000000000004,-0.8660254037844385,0,0,2,12.954285714285714,7.078508756361111,14.59758064516129,12.19726775956284,17.714583333333334,18.30002895063889,18.913375796178343,17.5972972972973,82.90357142857144,0.0,540.7330049261084,13.7,-30.352156086916693,351.45208028105566,1355.7343531453057,677.7140642740558,783,783,1.7000334164325024,0.21695737949384153
A4,roll_04,persistence,2026-02-06 18:00:00+00:00,2026-02-06 19:00:00+00:00,0,1,2025-12-08T00:00:00+00:00,2026-02-02T00:00:00+00:00,2026-02-02T00:00:00+00:00,2026-02-09T00:00:00+00:00,1523.3758957654725,1998.979389312977,-475.6034935475045,0,night,0,0.0,0,2,0,0,0,0,0,0,0,0,0,0,0,0,0,0,0,0,0,0,0,0,0,0,4,1987.7934036818888,1208.6992857142857,1374.275974025974,1998.979389312977,18,-1.8369701987210287e-16,-1.0,0,0,2,9.967241379310344,5.544694557833334,10.932911392405064,9.466153846153846,18.37032967032967,17.869562911861113,17.48654970760234,18.28851351351351,0.0,0.0,0.0,0.0,-30.352156086916693,351.45208028105566,1355.7343531453057,677.7140642740558,783,783,1.2668906017131014,0.2473632339322022
A4,roll_04,persistence,2026-02-06 19:00:00+00:00,2026-02-06 20:00:00+00:00,0,1,2025-12-08T00:00:00+00:00,2026-02-02T00:00:00+00:00,2026-02-02T00:00:00+00:00,2026-02-09T00:00:00+00:00,912.399686520376,1523.3758957654725,-610.9762092450965,0,night,0,0.0,0,2,0,0,0,0,0,0,0,0,0,0,0,0,0,0,0,0,0,0,0,0,0,0,4,1676.7119280521667,1998.979389312977,1357.352397260274,1523.3758957654725,19,0.2588190451025203,-0.9659258262890684,0,0,2,8.668085106382978,4.983116204916667,9.967241379310344,8.97439024390244,17.89346405228758,17.935109248,18.37032967032967,17.808125,0.0,0.0,0.0,0.0,-30.352156086916693,351.45208028105566,1355.7343531453057,677.7140642740558,783,783,1.6520717495649924,0.6541618213277227
A4,roll_04,persistence,2026-02-06 20:00:00+00:00,2026-02-06 21:00:00+00:00,0,1,2025-12-08T00:00:00+00:00,2026-02-02T00:00:00+00:00,2026-02-02T00:00:00+00:00,2026-02-09T00:00:00+00:00,912.399686520376,912.399686520376,0.0,0,night,0,0.0,0,2,0,0,0,0,0,0,0,0,0,0,0,0,0,0,0,0,0,0,0,0,0,0,4,1399.5987402705557,1523.3758957654725,756.398866855524,912.399686520376,20,0.5000000000000001,-0.8660254037844386,0,0,2,8.10392156862745,5.276358198666666,8.668085106382978,8.583561643835617,18.22357723577236,18.03674184022222,17.89346405228758,18.25384615384615,0.0,0.0,0.0,0.0,-30.352156086916693,351.45208028105566,1355.7343531453057,677.7140642740558,783,783,0.08636214661937447,0.6541618213277227
A4,roll_04,persistence,2026-02-07 08:00:00+00:00,2026-02-07 09:00:00+00:00,0,1,2025-12-08T00:00:00+00:00,2026-02-02T00:00:00+00:00,2026-02-02T00:00:00+00:00,2026-02-09T00:00:00+00:00,632.1936915887851,706.9373134328358,-74.74362184405072,1,low,0,0.0,0,2,0,0,0,0,0,0,0,0,0,0,0,0,0,0,0,0,0,0,0,0,0,0,5,419.2874801181944,1559.708875739645,1538.8590163934423,706.9373134328358,8,-0.4999999999999998,0.8660254037844387,0,1,2,6.878666666666667,6.129296162111111,5.758620689655173,8.057142857142857,17.65909090909091,17.893700756944444,18.5,18.572950819672133,71.78510101010102,98.26437011297224,33.73630573248408,183.8434931506849,-30.352156086916693,351.45208028105566,1355.7343531453057,677.7140642740558,783,783,0.1263087295475225,1.0676193688433377
A4,roll_04,persistence,2026-02-07 09:00:00+00:00,2026-02-07 10:00:00+00:00,0,1,2025-12-08T00:00:00+00:00,2026-02-02T00:00:00+00:00,2026-02-02T00:00:00+00:00,2026-02-09T00:00:00+00:00,578.2054744525547,632.1936915887851,-53.988217136230446,1,low,0,0.0,0,2,0,0,0,0,0,0,0,0,0,0,0,0,0,0,0,0,0,0,0,0,0,0,5,250.3521221068889,706.9373134328358,808.640361445783,632.1936915887851,9,-0.7071067811865475,0.7071067811865476,0,1,2,7.938235294117646,6.980553941499999,6.878666666666667,8.671739130434782,17.887999999999998,18.21654997936111,17.65909090909091,18.47980769230769,177.85555555555555,249.34129817261112,71.78510101010102,229.431981981982,-30.352156086916693,351.45208028105566,1355.7343531453057,677.7140642740558,783,783,0.06725258541765362,1.147281603969092
A4,roll_04,persistence,2026-02-07 10:00:00+00:00,2026-02-07 11:00:00+00:00,0,1,2025-12-08T00:00:00+00:00,2026-02-02T00:00:00+00:00,2026-02-02T00:00:00+00:00,2026-02-09T00:00:00+00:00,-41.95252679938744,578.2054744525547,-620.1580012519421,1,low,0,0.0,0,2,0,0,0,0,0,0,0,0,0,0,0,0,0,0,0,0,0,0,0,0,0,0,5,334.93582907008334,632.1936915887851,1106.088343558282,578.2054744525547,10,-0.8660254037844387,0.4999999999999999,0,1,2,9.332876712328767,7.7654809172777775,7.938235294117646,9.642622950819671,18.23333333333333,18.19416112413889,17.887999999999998,21.201242236024846,361.1058823529412,250.70677482605552,177.85555555555555,512.6413407821229,-30.352156086916693,351.45208028105566,1355.7343531453057,677.7140642740558,783,783,1.6781970523360072,2.062354839045354
A4,roll_04,persistence,2026-02-07 11:00:00+00:00,2026-02-07 12:00:00+00:00,0,1,2025-12-08T00:00:00+00:00,2026-02-02T00:00:00+00:00,2026-02-02T00:00:00+00:00,2026-02-09T00:00:00+00:00,446.3483552631579,-41.95252679938744,488.3008820625453,1,high,0,0.0,0,3,1,0,0,0,0,0,0,0,0,0,0,0,0,0,0,0,0,0,0,0,0,0,5,-25.482023055444444,578.2054744525547,-642.7065420560747,-41.95252679938744,11,-0.9659258262890682,0.258819045102521,0,1,2,11.009395973154364,8.519014925166667,9.332876712328767,11.104,22.01578947368421,18.472632186222224,18.23333333333333,20.592156862745096,1213.6232394366198,612.0282062237222,361.1058823529412,1345.569822485207,-30.352156086916693,351.45208028105566,1355.7343531453057,677.7140642740558,783,783,1.4757432584683976,1.3418431840517449
A4,roll_04,persistence,2026-02-07 12:00:00+00:00,2026-02-07 13:00:00+00:00,0,1,2025-12-08T00:00:00+00:00,2026-02-02T00:00:00+00:00,2026-02-02T00:00:00+00:00,2026-02-09T00:00:00+00:00,632.8982843137255,446.3483552631579,186.54992905056764,1,med,0,0.0,0,3,0,0,0,0,0,0,0,0,0,0,0,0,0,0,0,0,0,0,0,0,0,0,5,-362.59401059927774,-41.95252679938744,-1011.863082437276,446.3483552631579,12,-1.0,1.2246467991473532e-16,0,1,2,12.537323943661972,9.44202883811111,11.009395973154364,12.322047244094488,18.544444444444444,18.927687698194443,22.01578947368421,19.06583850931677,456.2145833333333,951.2261224310834,1213.6232394366198,1481.615811965812,-30.352156086916693,351.45208028105566,1355.7343531453057,677.7140642740558,783,783,0.617159770299348,1.0665797080747579
A4,roll_04,persistence,2026-02-07 13:00:00+00:00,2026-02-07 14:00:00+00:00,0,1,2025-12-08T00:00:00+00:00,2026-02-02T00:00:00+00:00,2026-02-02T00:00:00+00:00,2026-02-09T00:00:00+00:00,561.9701612903226,632.8982843137255,-70.92812302340292,1,low,0,0.0,0,3,0,0,0,0,0,0,0,0,0,0,0,0,0,0,0,0,0,0,0,0,0,0,5,-31.184125589083333,446.3483552631579,-893.904280155642,632.8982843137255,13,-0.9659258262890684,-0.2588190451025208,0,1,2,13.079816513761468,9.86314300127778,12.537323943661972,13.21132075471698,18.383636363636363,22.238324754305555,18.544444444444444,19.26928104575164,217.9936170212766,534.3037095073611,456.2145833333333,1291.4940092165898,-30.352156086916693,351.45208028105566,1355.7343531453057,677.7140642740558,783,783,0.11545234532126739,1.1712375966481325
A4,roll_04,persistence,2026-02-07 14:00:00+00:00,2026-02-07 15:00:00+00:00,0,1,2025-12-08T00:00:00+00:00,2026-02-02T00:00:00+00:00,2026-02-02T00:00:00+00:00,2026-02-09T00:00:00+00:00,334.5904761904762,561.9701612903226,-227.37968509984643,1,low,0,0.0,0,3,0,0,0,0,0,0,0,0,0,0,0,0,0,0,0,0,0,0,0,0,0,0,5,-90.87281389516666,632.8982843137255,-665.2588028169014,561.9701612903226,14,-0.8660254037844388,-0.4999999999999997,0,1,2,12.894736842105264,10.303680118944444,13.079816513761468,14.566107382550337,18.26071428571429,18.43448147455556,18.383636363636363,19.071604938271605,215.6050980392157,583.7794679558612,217.9936170212766,1125.4931937172776,-30.352156086916693,351.45208028105566,1355.7343531453057,677.7140642740558,783,783,0.5606099382179418,1.5067473596680394
A4,roll_04,persistence,2026-02-07 15:00:00+00:00,2026-02-07 16:00:00+00:00,0,1,2025-12-08T00:00:00+00:00,2026-02-02T00:00:00+00:00,2026-02-02T00:00:00+00:00,2026-02-09T00:00:00+00:00,645.034188034188,334.5904761904762,310.4437118437118,1,low,0,0.0,0,3,0,0,0,0,0,0,0,0,0,0,0,0,0,0,0,0,0,0,0,0,0,0,5,422.2890764387501,561.9701612903226,710.4511864406779,334.5904761904762,15,-0.7071067811865479,-0.7071067811865471,0,1,2,13.559139784946236,9.053904908055555,12.894736842105264,14.59758064516129,18.19047619047619,17.928356537861113,18.26071428571429,18.913375796178343,343.98915662650603,94.08787515758333,215.6050980392157,540.7330049261084,-30.352156086916693,351.45208028105566,1355.7343531453057,677.7140642740558,783,783,0.9696794728262659,1.0486725930240146
A4,roll_04,persistence,2026-02-07 16:00:00+00:00,2026-02-07 17:00:00+00:00,0,1,2025-12-08T00:00:00+00:00,2026-02-02T00:00:00+00:00,2026-02-02T00:00:00+00:00,2026-02-09T00:00:00+00:00,804.1076923076923,645.034188034188,159.07350427350434,1,low,0,0.0,0,3,0,0,0,0,0,0,0,0,0,0,0,0,0,0,0,0,0,0,0,0,0,0,5,514.5742918275556,334.5904761904762,641.5711610486892,645.034188034188,16,-0.5000000000000004,-0.8660254037844385,0,1,2,12.831333333333331,7.789694033361112,13.559139784946236,12.954285714285714,18.5527397260274,17.82899920875,18.19047619047619,17.714583333333334,67.47500000000001,0.0,343.98915662650603,82.90357142857144,-30.352156086916693,351.45208028105566,1355.7343531453057,677.7140642740558,783,783,0.5389800515875098,0.8139519155892051
A4,roll_04,persistence,2026-02-08 08:00:00+00:00,2026-02-08 09:00:00+00:00,0,1,2025-12-08T00:00:00+00:00,2026-02-02T00:00:00+00:00,2026-02-02T00:00:00+00:00,2026-02-09T00:00:00+00:00,1570.537150837989,834.62125,735.9159008379889,1,low,0,0.0,0,2,0,0,0,0,0,0,0,0,0,0,0,0,0,0,0,0,0,0,0,0,0,0,6,1089.2109433604444,1316.8424615384615,706.9373134328358,834.62125,8,-0.4999999999999998,0.8660254037844387,0,1,2,8.470689655172414,5.01099208125,7.626666666666666,6.878666666666667,18.1,18.566264010416667,18.192307692307693,17.65909090909091,73.31646706586827,106.04772709316669,53.618,71.78510101010102,-30.352156086916693,351.45208028105566,1355.7343531453057,677.7140642740558,783,783,2.1802917095045284,0.3169519551328372
A4,roll_04,persistence,2026-02-08 09:00:00+00:00,2026-02-08 10:00:00+00:00,0,1,2025-12-08T00:00:00+00:00,2026-02-02T00:00:00+00:00,2026-02-02T00:00:00+00:00,2026-02-09T00:00:00+00:00,1105.7391382405744,1570.537150837989,-464.7980125974145,1,low,0,0.0,0,2,0,0,0,0,0,0,0,0,0,0,0,0,0,0,0,0,0,0,0,0,0,0,6,303.2054646118889,834.62125,632.1936915887851,1570.537150837989,9,-0.7071067811865475,0.7071067811865476,0,1,2,9.661111111111111,5.626684347805555,8.470689655172414,7.938235294117646,18.002380952380953,18.47450458186111,18.1,17.887999999999998,309.2880503144654,248.01824049366667,73.31646706586827,177.85555555555555,-30.352156086916693,351.45208028105566,1355.7343531453057,677.7140642740558,783,783,1.2361453549032124,0.3688800750690007
A4,roll_04,persistence,2026-02-08 10:00:00+00:00,2026-02-08 11:00:00+00:00,0,1,2025-12-08T00:00:00+00:00,2026-02-02T00:00:00+00:00,2026-02-02T00:00:00+00:00,2026-02-09T00:00:00+00:00,923.620527306968,1105.7391382405744,-182.1186109336064,1,med,0,0.0,0,3,0,0,0,0,0,0,0,0,0,0,0,0,0,0,0,0,0,0,0,0,0,0,6,306.5586802728889,1570.537150837989,578.2054744525547,1105.7391382405744,10,-0.8660254037844387,0.4999999999999999,0,1,2,10.925438596491228,6.359563082472222,9.661111111111111,9.332876712328767,18.223809523809525,18.573064382416668,18.002380952380953,18.23333333333333,449.9447368421053,301.1109472033611,309.2880503144654,361.1058823529412,-30.352156086916693,351.45208028105566,1355.7343531453057,677.7140642740558,783,783,0.4318268787179245,0.6376049260556563
A4,roll_04,persistence,2026-02-08 11:00:00+00:00,2026-02-08 12:00:00+00:00,0,1,2025-12-08T00:00:00+00:00,2026-02-02T00:00:00+00:00,2026-02-02T00:00:00+00:00,2026-02-09T00:00:00+00:00,947.024628450106,923.620527306968,23.40410114313795,1,med,0,0.0,0,3,0,0,0,0,0,0,0,0,0,0,0,0,0,0,0,0,0,0,0,0,0,0,6,298.92543760088887,1105.7391382405744,-41.95252679938744,923.620527306968,11,-0.9659258262890682,0.258819045102521,0,1,2,12.82139037433155,6.701555503277778,10.925438596491228,11.009395973154364,18.8925,18.641836500222222,18.223809523809525,22.01578947368421,1151.1379310344828,264.21803932213885,449.9447368421053,1213.6232394366198,-30.352156086916693,351.45208028105566,1355.7343531453057,677.7140642740558,783,783,0.15295472767458326,0.6030710387174799
A4,roll_04,persistence,2026-02-08 12:00:00+00:00,2026-02-08 13:00:00+00:00,0,1,2025-12-08T00:00:00+00:00,2026-02-02T00:00:00+00:00,2026-02-02T00:00:00+00:00,2026-02-09T00:00:00+00:00,712.1665188470066,947.024628450106,-234.85810960309936,1,med,0,0.0,0,3,0,0,0,0,0,0,0,0,0,0,0,0,0,0,0,0,0,0,0,0,0,0,6,73.55411946638888,923.620527306968,446.3483552631579,947.024628450106,12,-1.0,1.2246467991473532e-16,0,1,2,13.726470588235292,6.799436887527777,12.82139037433155,12.537323943661972,18.5984375,18.791125845166665,18.8925,18.544444444444444,707.3166666666667,435.7445417964166,1151.1379310344828,456.2145833333333,-30.352156086916693,351.45208028105566,1355.7343531453057,677.7140642740558,783,783,0.581888584505289,0.9496155801158812
A4,roll_04,persistence,2026-02-08 13:00:00+00:00,2026-02-08 14:00:00+00:00,0,1,2025-12-08T00:00:00+00:00,2026-02-02T00:00:00+00:00,2026-02-02T00:00:00+00:00,2026-02-09T00:00:00+00:00,736.6655786350148,712.1665188470066,24.49905978800814,1,low,0,0.0,0,3,0,0,0,0,0,0,0,0,0,0,0,0,0,0,0,0,0,0,0,0,0,0,6,151.58054217927778,947.024628450106,632.8982843137255,712.1665188470066,13,-0.9659258262890684,-0.2588190451025208,0,1,2,13.098639455782314,8.563500269777778,13.726470588235292,13.079816513761468,18.634666666666664,19.11458533352777,18.5984375,18.383636363636363,370.931,910.9197011827224,707.3166666666667,217.9936170212766,-30.352156086916693,351.45208028105566,1355.7343531453057,677.7140642740558,783,783,0.15607025524236592,0.9134660281447993
A4,roll_04,persistence,2026-02-08 14:00:00+00:00,2026-02-08 15:00:00+00:00,0,1,2025-12-08T00:00:00+00:00,2026-02-02T00:00:00+00:00,2026-02-02T00:00:00+00:00,2026-02-09T00:00:00+00:00,695.3514285714285,736.6655786350148,-41.31415006358623,1,low,0,0.0,0,3,0,0,0,0,0,0,0,0,0,0,0,0,0,0,0,0,0,0,0,0,0,0,6,1336.6438164391946,712.1665188470066,561.9701612903226,736.6655786350148,14,-0.8660254037844388,-0.4999999999999997,0,1,2,12.781746031746032,9.976889929027775,13.098639455782314,12.894736842105264,18.4688524590164,19.289118039166667,18.634666666666664,18.26071428571429,168.9148148148148,639.4901448136667,370.931,215.6050980392157,-30.352156086916693,351.45208028105566,1355.7343531453057,677.7140642740558,783,783,0.03119057929007918,0.97442706206969
A4,roll_04,persistence,2026-02-08 15:00:00+00:00,2026-02-08 16:00:00+00:00,0,1,2025-12-08T00:00:00+00:00,2026-02-02T00:00:00+00:00,2026-02-02T00:00:00+00:00,2026-02-09T00:00:00+00:00,1433.765206812652,695.3514285714285,738.4137782412234,1,low,0,0.0,0,3,0,0,0,0,0,0,0,0,0,0,0,0,0,0,0,0,0,0,0,0,0,0,6,1896.0841900744165,736.6655786350148,334.5904761904762,695.3514285714285,15,-0.7071067811865479,-0.7071067811865471,0,1,2,11.961739130434784,9.471447134777778,12.781746031746032,13.559139784946236,17.71388888888889,18.72145362119445,18.4688524590164,18.19047619047619,56.1831234256927,146.96965613394443,168.9148148148148,343.98915662650603,-30.352156086916693,351.45208028105566,1355.7343531453057,677.7140642740558,783,783,2.1873990152892517,0.11513831242521175
A4,roll_04,persistence,2026-02-08 16:00:00+00:00,2026-02-08 17:00:00+00:00,0,1,2025-12-08T00:00:00+00:00,2026-02-02T00:00:00+00:00,2026-02-02T00:00:00+00:00,2026-02-09T00:00:00+00:00,1460.5596112311014,1433.765206812652,26.794404418449403,1,low,0,0.0,0,3,0,0,0,0,0,0,0,0,0,0,0,0,0,0,0,0,0,0,0,0,0,0,6,2484.501672130778,695.3514285714285,645.034188034188,1433.765206812652,16,-0.5000000000000004,-0.8660254037844385,0,1,2,10.755,7.681018360972222,11.961739130434784,12.831333333333331,17.67758620689655,18.355588006666668,17.71388888888889,18.5527397260274,13.832142857142856,0.0,56.1831234256927,67.47500000000001,-30.352156086916693,351.45208028105566,1355.7343531453057,677.7140642740558,783,783,0.1626012868089046,0.15467475682105095
A4,roll_04,rf,2026-02-02 06:00:00+00:00,2026-02-02 07:00:00+00:00,0,1,2025-12-08T00:00:00+00:00,2026-02-02T00:00:00+00:00,2026-02-02T00:00:00+00:00,2026-02-09T00:00:00+00:00,1906.8957894736843,1883.410006688045,23.48578278563923,0,night,0,0.0,0,1,0,0,0,0,0,0,0,0,0,0,0,0,0,0,0,0,0,0,0,0,0,0,0,2600.770309974528,1968.2842857142853,1160.5435193141388,2066.43476702509,6,6.123233995736766e-17,1.0,0,0,2,4.435714285714286,4.431008716472223,4.407462686567165,3.8328786741666665,18.57810650887573,18.49337982475,18.58532608695652,18.61053815477777,0.0,0.0,0.0,0.0,-64.70575374483724,470.29266324648825,1375.5148829470834,669.6031162490835,667,667,0.18752479769018598,0.7935759162879018
A4,roll_04,rf,2026-02-02 07:00:00+00:00,2026-02-02 08:00:00+00:00,0,1,2025-12-08T00:00:00+00:00,2026-02-02T00:00:00+00:00,2026-02-02T00:00:00+00:00,2026-02-09T00:00:00+00:00,1804.416,1846.731313899808,-42.31531389980819,1,low,0,0.0,0,1,0,0,0,0,0,0,0,0,0,0,0,0,0,0,0,0,0,0,0,0,0,0,0,2010.6085535996945,2066.43476702509,691.6709654138334,1906.8957894736843,7,-0.2588190451025206,0.9659258262890684,0,0,2,4.569135802469136,4.217437003583334,4.435714285714286,4.237392116472222,18.479503105590062,18.407470120777777,18.57810650887573,17.88786849641667,12.276470588235291,23.868688164416664,0.0,0.0,-64.70575374483724,470.29266324648825,1375.5148829470834,669.6031162490835,667,667,0.04760958780531485,0.6405303479701414
A4,roll_04,rf,2026-02-02 08:00:00+00:00,2026-02-02 09:00:00+00:00,0,1,2025-12-08T00:00:00+00:00,2026-02-02T00:00:00+00:00,2026-02-02T00:00:00+00:00,2026-02-09T00:00:00+00:00,1845.520588235294,1713.404444472383,132.11614376291118,1,low,0,0.0,0,2,0,0,0,0,0,0,0,0,0,0,0,0,0,0,0,0,0,0,0,0,0,0,0,1665.4681254328334,1906.8957894736843,1089.2109433604444,1804.416,8,-0.4999999999999998,0.8660254037844387,0,0,2,5.26025641025641,4.718276212527778,4.569135802469136,5.01099208125,18.474038461538463,18.409084794722222,18.479503105590062,18.566264010416667,93.15980066445182,232.3755870049445,12.276470588235291,106.04772709316669,-64.70575374483724,470.29266324648825,1375.5148829470834,669.6031162490835,667,667,0.418509394020869,0.7019168428024083
A4,roll_04,rf,2026-02-02 09:00:00+00:00,2026-02-02 10:00:00+00:00,0,1,2025-12-08T00:00:00+00:00,2026-02-02T00:00:00+00:00,2026-02-02T00:00:00+00:00,2026-02-09T00:00:00+00:00,1895.989453125,1801.3542676731904,94.63518545180956,1,low,0,0.0,0,2,0,0,0,0,0,0,0,0,0,0,0,0,0,0,0,0,0,0,0,0,0,0,0,1007.3270680508888,1804.416,303.2054646118889,1845.520588235294,9,-0.7071067811865475,0.7071067811865476,0,0,2,5.910526315789474,6.201903485888889,5.26025641025641,5.626684347805555,18.501,19.274426173416668,18.474038461538463,18.47450458186111,170.1847953216374,957.7790681506112,93.15980066445182,248.01824049366667,-64.70575374483724,470.29266324648825,1375.5148829470834,669.6031162490835,667,667,0.33881230061446554,0.7772881540537916
A4,roll_04,rf,2026-02-02 10:00:00+00:00,2026-02-02 11:00:00+00:00,0,1,2025-12-08T00:00:00+00:00,2026-02-02T00:00:00+00:00,2026-02-02T00:00:00+00:00,2026-02-09T00:00:00+00:00,1458.9305555555557,1800.4936012280475,-341.5630456724921,1,low,0,0.0,0,2,0,0,0,0,0,0,0,0,0,0,0,0,0,0,0,0,0,0,0,0,0,0,0,-569.4865977234444,1845.520588235294,306.5586802728889,1895.989453125,10,-0.8660254037844387,0.4999999999999999,0,0,2,6.844029850746269,7.908126318222223,5.910526315789474,6.359563082472222,18.79037037037037,19.29423308175,18.501,18.573064382416668,271.47025862068966,1452.9506088285557,170.1847953216374,301.1109472033611,-64.70575374483724,470.29266324648825,1375.5148829470834,669.6031162490835,667,667,0.5886914969425099,0.12457479749458446
A4,roll_04,rf,2026-02-02 11:00:00+00:00,2026-02-02 12:00:00+00:00,0,1,2025-12-08T00:00:00+00:00,2026-02-02T00:00:00+00:00,2026-02-02T00:00:00+00:00,2026-02-09T00:00:00+00:00,994.9530726256984,1207.0164349801296,-212.0633623544312,1,low,0,0.0,0,2,0,0,0,0,0,0,0,0,0,0,0,0,0,0,0,0,0,0,0,0,0,0,0,-741.4332030484165,1895.989453125,298.92543760088887,1458.9305555555557,11,-0.9659258262890682,0.258819045102521,0,0,2,7.527152317880794,8.922148164944444,6.844029850746269,6.701555503277778,18.62264150943396,19.045338705444447,18.79037037037037,18.641836500222222,259.9078947368421,1282.8998087142222,271.47025862068966,264.21803932213885,-64.70575374483724,470.29266324648825,1375.5148829470834,669.6031162490835,667,667,0.3133317190031548,0.5683393656427086
A4,roll_04,rf,2026-02-02 12:00:00+00:00,2026-02-02 13:00:00+00:00,0,1,2025-12-08T00:00:00+00:00,2026-02-02T00:00:00+00:00,2026-02-02T00:00:00+00:00,2026-02-09T00:00:00+00:00,891.7146341463415,1245.0030519603863,-353.2884178140448,1,low,0,0.0,0,2,0,0,0,0,0,0,0,0,0,0,0,0,0,0,0,0,0,0,0,0,0,0,0,-1079.799870834083,1458.9305555555557,73.55411946638888,994.9530726256984,12,-1.0,1.2246467991473532e-16,0,0,2,7.766666666666667,9.81455455672222,7.527152317880794,6.799436887527777,18.257894736842104,19.22219746525,18.62264150943396,18.791125845166665,212.3322869955157,1568.292356256389,259.9078947368421,435.7445417964166,-64.70575374483724,470.29266324648825,1375.5148829470834,669.6031162490835,667,667,0.6136235723455388,0.722517917047409
A4,roll_04,rf,2026-02-02 13:00:00+00:00,2026-02-02 14:00:00+00:00,0,1,2025-12-08T00:00:00+00:00,2026-02-02T00:00:00+00:00,2026-02-02T00:00:00+00:00,2026-02-09T00:00:00+00:00,747.8884726224784,1297.9093926346109,-550.0209200121325,1,low,0,0.0,0,2,0,0,0,0,0,0,0,0,0,0,0,0,0,0,0,0,0,0,0,0,0,0,0,94.50215176250003,994.9530726256984,151.58054217927778,891.7146341463415,13,-0.9659258262890684,-0.2588190451025208,0,0,2,7.646610169491525,11.254398788638888,7.766666666666667,8.563500269777778,17.881132075471697,19.500437073166665,18.257894736842104,19.11458533352777,97.37853658536584,1276.3594904251663,212.3322869955157,910.9197011827224,-64.70575374483724,470.29266324648825,1375.5148829470834,669.6031162490835,667,667,1.0319428819431389,0.9373110654567746
A4,roll_04,rf,2026-02-02 14:00:00+00:00,2026-02-02 15:00:00+00:00,0,1,2025-12-08T00:00:00+00:00,2026-02-02T00:00:00+00:00,2026-02-02T00:00:00+00:00,2026-02-09T00:00:00+00:00,1131.010752688172,1313.9557276806077,-182.9449749924356,1,low,0,0.0,0,2,0,0,0,0,0,0,0,0,0,0,0,0,0,0,0,0,0,0,0,0,0,0,0,-184.2188756273056,891.7146341463415,1336.6438164391946,747.8884726224784,14,-0.8660254037844388,-0.4999999999999997,0,0,2,7.360204081632652,11.926946225083334,7.646610169491525,9.976889929027775,17.559677419354838,18.60872707988889,17.881132075471697,19.289118039166667,81.38878205128205,748.6199065452223,97.37853658536584,639.4901448136667,-64.70575374483724,470.29266324648825,1375.5148829470834,669.6031162490835,667,667,0.2514162573393734,0.3651478380634642
A4,roll_04,rf,2026-02-02 15:00:00+00:00,2026-02-02 16:00:00+00:00,0,1,2025-12-08T00:00:00+00:00,2026-02-02T00:00:00+00:00,2026-02-02T00:00:00+00:00,2026-02-09T00:00:00+00:00,1511.6196629213482,1451.8136809511702,59.80598197017798,1,low,0,0.0,0,2,0,0,0,0,0,0,0,0,0,0,0,0,0,0,0,0,0,0,0,0,0,0,0,297.8340901346389,747.8884726224784,1896.0841900744165,1131.010752688172,15,-0.7071067811865479,-0.7071067811865471,0,0,2,7.179729729729729,10.923911111027778,7.360204081632652,9.471447134777778,17.85242718446602,18.19638072175,17.559677419354838,18.72145362119445,12.92,222.2870635009722,81.38878205128205,146.96965613394443,-64.70575374483724,470.29266324648825,1375.5148829470834,669.6031162490835,667,667,0.2647537277224258,0.20326186762194762
A4,roll_04,rf,2026-02-02 16:00:00+00:00,2026-02-02 17:00:00+00:00,0,1,2025-12-08T00:00:00+00:00,2026-02-02T00:00:00+00:00,2026-02-02T00:00:00+00:00,2026-02-09T00:00:00+00:00,1624.4313218390805,1438.562834884255,185.8684869548256,0,night,0,0.0,0,2,0,0,0,0,0,0,0,0,0,0,0,0,0,0,0,0,0,0,0,0,0,0,0,931.8924169395276,1131.010752688172,2484.501672130778,1511.6196629213482,16,-0.5000000000000004,-0.8660254037844385,0,0,2,6.558620689655172,8.400742399944445,7.179729729729729,7.681018360972222,17.82755905511811,17.840104336222222,17.85242718446602,18.355588006666668,0.0,0.0,12.92,0.0,-64.70575374483724,470.29266324648825,1375.5148829470834,669.6031162490835,667,667,0.5328049112438157,0.37173727668167467
A4,roll_04,rf,2026-02-02 17:00:00+00:00,2026-02-02 18:00:00+00:00,0,1,2025-12-08T00:00:00+00:00,2026-02-02T00:00:00+00:00,2026-02-02T00:00:00+00:00,2026-02-09T00:00:00+00:00,1738.5641379310343,1468.3967247548355,270.1674131761988,0,night,0,0.0,0,2,0,0,0,0,0,0,0,0,0,0,0,0,0,0,0,0,0,0,0,0,0,0,0,2682.2788242863057,1511.6196629213482,2486.544613380472,1624.4313218390805,17,-0.2588190451025206,-0.9659258262890684,0,0,2,6.18735632183908,7.112603206694445,6.558620689655172,6.242695821472222,17.923809523809524,17.924488307083333,17.82755905511811,18.471300794,0.0,0.0,0.0,0.0,-64.70575374483724,470.29266324648825,1375.5148829470834,669.6031162490835,667,667,0.7120527133240082,0.542185730881368
A4,roll_04,rf,2026-02-02 18:00:00+00:00,2026-02-02 19:00:00+00:00,0,1,2025-12-08T00:00:00+00:00,2026-02-02T00:00:00+00:00,2026-02-02T00:00:00+00:00,2026-02-09T00:00:00+00:00,1581.9688888888888,1468.252156086089,113.71673280279992,0,night,0,0.0,0,2,0,0,0,0,0,0,0,0,0,0,0,0,0,0,0,0,0,0,0,0,0,0,0,1447.201125872611,1624.4313218390805,2612.5492478209444,1738.5641379310343,18,-1.8369701987210287e-16,-1.0,0,0,2,5.939795918367347,6.219289706472222,6.18735632183908,5.216167870194445,17.541818181818183,17.69503970936111,17.923809523809524,18.42057814105556,0.0,0.0,0.0,0.0,-64.70575374483724,470.29266324648825,1375.5148829470834,669.6031162490835,667,667,0.37938607274024805,0.30832294673044397
A4,roll_04,rf,2026-02-02 19:00:00+00:00,2026-02-02 20:00:00+00:00,0,1,2025-12-08T00:00:00+00:00,2026-02-02T00:00:00+00:00,2026-02-02T00:00:00+00:00,2026-02-09T00:00:00+00:00,792.707570977918,1146.4111458562977,-353.7035748783797,0,night,0,0.0,0,2,0,0,0,0,0,0,0,0,0,0,0,0,0,0,0,0,0,0,0,0,0,0,0,1800.8310691792778,1738.5641379310343,3017.157618471861,1581.9688888888888,19,0.2588190451025203,-0.9659258262890684,0,0,2,5.487837837837838,5.074136068694444,5.939795918367347,4.222881066444445,17.617127071823205,17.853487320499998,17.541818181818183,18.158003166277776,0.0,0.0,0.0,0.0,-64.70575374483724,470.29266324648825,1375.5148829470834,669.6031162490835,667,667,0.6145063355625301,0.8703772396309589
A4,roll_04,rf,2026-02-02 22:00:00+00:00,2026-02-02 23:00:00+00:00,0,1,2025-12-08T00:00:00+00:00,2026-02-02T00:00:00+00:00,2026-02-02T00:00:00+00:00,2026-02-09T00:00:00+00:00,434.56734693877553,623.1781320183433,-188.61078507956773,0,night,0,0.0,0,1,0,0,0,0,0,0,0,0,0,0,0,0,0,0,0,0,0,0,0,0,0,0,0,411.4689791798889,1121.9964285714286,1463.8755507140277,395.40241935483874,22,0.8660254037844384,-0.5000000000000004,0,0,2,4.6576,3.385893129472222,4.628571428571429,3.055885293,18.086285714285715,18.39947556380556,17.794771241830066,17.592035829944447,0.0,0.0,0.0,0.0,-64.70575374483724,470.29266324648825,1375.5148829470834,669.6031162490835,667,667,0.2634636706415932,1.4052317158844998
A4,roll_04,rf,2026-02-03 05:00:00+00:00,2026-02-03 06:00:00+00:00,0,1,2025-12-08T00:00:00+00:00,2026-02-02T00:00:00+00:00,2026-02-02T00:00:00+00:00,2026-02-09T00:00:00+00:00,2081.1158088235293,2012.2127242949864,68.9030845285431,0,night,0,0.0,0,1,0,0,0,0,0,0,0,0,0,0,0,0,0,0,0,0,0,0,0,0,0,0,1,1868.492211110528,1173.6686046511627,1968.2842857142853,2016.13358778626,5,0.2588190451025207,0.9659258262890684,0,0,2,3.73,0.9838426465833332,4.0612612612612615,4.407462686567165,18.92349726775956,18.67930558830556,18.623280423280423,18.58532608695652,0.0,0.0,0.0,0.0,-64.70575374483724,470.29266324648825,1375.5148829470834,669.6031162490835,667,667,0.28409722012472416,1.0537599195012881
A4,roll_04,rf,2026-02-03 06:00:00+00:00,2026-02-03 07:00:00+00:00,0,1,2025-12-08T00:00:00+00:00,2026-02-02T00:00:00+00:00,2026-02-02T00:00:00+00:00,2026-02-09T00:00:00+00:00,1670.6992307692308,1858.0192224774044,-187.3199917081736,0,night,0,0.0,0,1,0,0,0,0,0,0,0,0,0,0,0,0,0,0,0,0,0,0,0,0,0,0,1,1857.5546669058888,2016.13358778626,2066.43476702509,2081.1158088235293,6,6.123233995736766e-17,1.0,0,0,2,3.511904761904762,1.1472138321111112,3.73,4.435714285714286,18.76684491978609,18.36578900947222,18.92349726775956,18.57810650887573,0.0,0.0,0.0,0.0,-64.70575374483724,470.29266324648825,1375.5148829470834,669.6031162490835,667,667,0.260719010832351,0.4408347880393417
A4,roll_04,rf,2026-02-03 07:00:00+00:00,2026-02-03 08:00:00+00:00,0,1,2025-12-08T00:00:00+00:00,2026-02-02T00:00:00+00:00,2026-02-02T00:00:00+00:00,2026-02-09T00:00:00+00:00,1695.1438661710038,1617.427261861924,77.71660430907991,1,night,0,0.0,0,1,0,0,0,0,0,0,0,0,0,0,0,0,0,0,0,0,0,0,0,0,0,0,1,1526.8297823245,2081.1158088235293,1906.8957894736843,1670.6992307692308,7,-0.2588190451025206,0.9659258262890684,0,0,2,3.452112676056338,1.5920451545555556,3.511904761904762,4.569135802469136,18.43197969543148,18.29162538472222,18.76684491978609,18.479503105590062,0.0,181.0939341638056,0.0,12.276470588235291,-64.70575374483724,470.29266324648825,1375.5148829470834,669.6031162490835,667,667,0.3028377203904438,0.47734094341493866
A4,roll_04,rf,2026-02-03 08:00:00+00:00,2026-02-03 09:00:00+00:00,0,1,2025-12-08T00:00:00+00:00,2026-02-02T00:00:00+00:00,2026-02-02T00:00:00+00:00,2026-02-09T00:00:00+00:00,1085.7120141342757,1710.9401351107665,-625.2281209764908,1,night,0,0.0,0,1,0,0,0,0,0,0,0,0,0,0,0,0,0,0,0,0,0,0,0,0,0,0,1,1412.669924658583,1670.6992307692308,1804.416,1695.1438661710038,8,-0.4999999999999998,0.8660254037844387,0,0,2,3.0315068493150688,3.136497066611111,3.452112676056338,5.26025641025641,18.02994652406417,18.65486796255556,18.43197969543148,18.474038461538463,0.0,499.9208653843889,0.0,93.15980066445182,-64.70575374483724,470.29266324648825,1375.5148829470834,669.6031162490835,667,667,1.191858625567957,0.4327979690957783
A4,roll_04,rf,2026-02-03 09:00:00+00:00,2026-02-03 10:00:00+00:00,0,1,2025-12-08T00:00:00+00:00,2026-02-02T00:00:00+00:00,2026-02-02T00:00:00+00:00,2026-02-09T00:00:00+00:00,1706.1051136363635,1346.0187775770644,360.0863360592992,1,low,0,0.0,0,1,0,0,0,0,0,0,0,0,0,0,0,0,0,0,0,0,0,0,0,0,0,0,1,1534.4343933593334,1695.1438661710038,1845.520588235294,1085.7120141342757,9,-0.7071067811865475,0.7071067811865476,0,0,2,3.4781818181818185,4.706430078027778,3.0315068493150688,5.910526315789474,17.55581395348837,18.752280843,18.02994652406417,18.501,25.35892857142857,628.2161829386944,0.0,170.1847953216374,-64.70575374483724,470.29266324648825,1375.5148829470834,669.6031162490835,667,667,0.9032505139921687,0.49371071111668025
A4,roll_04,rf,2026-02-03 10:00:00+00:00,2026-02-03 11:00:00+00:00,0,1,2025-12-08T00:00:00+00:00,2026-02-02T00:00:00+00:00,2026-02-02T00:00:00+00:00,2026-02-09T00:00:00+00:00,835.5128205128206,1530.684295347862,-695.1714748350414,1,low,0,0.0,0,1,0,0,0,0,0,0,0,0,0,0,0,0,0,0,0,0,0,0,0,0,0,0,1,1156.7474213855278,1085.7120141342757,1895.989453125,1706.1051136363635,10,-0.8660254037844387,0.4999999999999999,0,0,2,3.970666666666667,6.267240583472223,3.4781818181818185,6.844029850746269,17.84952380952381,19.328630021027777,17.55581395348837,18.79037037037037,54.39214285714286,1074.0207572205,25.35892857142857,271.47025862068966,-64.70575374483724,470.29266324648825,1375.5148829470834,669.6031162490835,667,667,1.3405816640600376,0.8064509398629937
A4,roll_04,rf,2026-02-03 11:00:00+00:00,2026-02-03 12:00:00+00:00,0,1,2025-12-08T00:00:00+00:00,2026-02-02T00:00:00+00:00,2026-02-02T00:00:00+00:00,2026-02-09T00:00:00+00:00,1812.142446043165,1368.070630551677,444.071815491488,1,low,0,0.0,0,1,0,0,0,0,0,0,0,0,0,0,0,0,0,0,0,0,0,0,0,0,0,0,1,339.89285018286114,1706.1051136363635,1458.9305555555557,835.5128205128206,11,-0.9659258262890682,0.258819045102521,0,0,2,4.583529411764706,7.697859210388889,3.970666666666667,7.527152317880794,17.46,19.243634988,17.84952380952381,18.62264150943396,63.80455635491607,965.1249525716944,54.39214285714286,259.9078947368421,-64.70575374483724,470.29266324648825,1375.5148829470834,669.6031162490835,667,667,1.0818318230273272,0.6520691921834811
A4,roll_04,rf,2026-02-03 12:00:00+00:00,2026-02-03 13:00:00+00:00,0,1,2025-12-08T00:00:00+00:00,2026-02-02T00:00:00+00:00,2026-02-02T00:00:00+00:00,2026-02-09T00:00:00+00:00,918.8297520661156,1418.3953249796314,-499.5655729135158,1,low,0,0.0,0,1,0,0,0,0,0,0,0,0,0,0,0,0,0,0,0,0,0,0,0,0,0,0,1,1030.8584088937498,835.5128205128206,994.9530726256984,1812.142446043165,12,-1.0,1.2246467991473532e-16,0,0,2,4.927551020408163,8.44994003075,4.583529411764706,7.766666666666667,18.063333333333333,18.26876692975,17.46,18.257894736842104,107.24119047619048,211.40887729319445,63.80455635491607,212.3322869955157,-64.70575374483724,470.29266324648825,1375.5148829470834,669.6031162490835,667,667,0.924657884660134,0.6820236044288165
A4,roll_04,rf,2026-02-03 13:00:00+00:00,2026-02-03 14:00:00+00:00,0,1,2025-12-08T00:00:00+00:00,2026-02-02T00:00:00+00:00,2026-02-02T00:00:00+00:00,2026-02-09T00:00:00+00:00,1825.0157894736844,1315.6968371608366,509.31895231284784,1,low,0,0.0,0,2,0,0,0,0,0,0,0,0,0,0,0,0,0,0,0,0,0,0,0,0,0,0,1,1307.5905215424166,1812.142446043165,891.7146341463415,918.8297520661156,13,-0.9659258262890684,-0.2588190451025208,0,0,2,5.151327433628318,8.259617161472223,4.927551020408163,7.646610169491525,17.495238095238097,18.076811365166662,18.063333333333333,17.881132075471697,56.00424403183023,95.77065074513888,107.24119047619048,97.37853658536584,-64.70575374483724,470.29266324648825,1375.5148829470834,669.6031162490835,667,667,1.2205691283702402,0.6712945259941004
A4,roll_04,rf,2026-02-03 14:00:00+00:00,2026-02-03 15:00:00+00:00,0,1,2025-12-08T00:00:00+00:00,2026-02-02T00:00:00+00:00,2026-02-02T00:00:00+00:00,2026-02-09T00:00:00+00:00,1432.5622406639004,1482.0754643979717,-49.51322373407129,1,low,0,0.0,0,2,0,0,0,0,0,0,0,0,0,0,0,0,0,0,0,0,0,0,0,0,0,0,1,899.1258070269446,918.8297520661156,747.8884726224784,1825.0157894736844,14,-0.8660254037844388,-0.4999999999999997,0,0,2,5.188990825688074,7.754356971027778,5.151327433628318,7.360204081632652,18.157831325301203,17.710901361,17.495238095238097,17.559677419354838,52.07260273972603,20.843421866277776,56.00424403183023,81.38878205128205,-64.70575374483724,470.29266324648825,1375.5148829470834,669.6031162490835,667,667,0.03230441637317929,0.08519577691988543
A4,roll_04,rf,2026-02-03 15:00:00+00:00,2026-02-03 16:00:00+00:00,0,1,2025-12-08T00:00:00+00:00,2026-02-02T00:00:00+00:00,2026-02-02T00:00:00+00:00,2026-02-09T00:00:00+00:00,1624.8924590163936,1448.038895756625,176.85356325976863,1,low,0,0.0,0,2,0,0,0,0,0,0,0,0,0,0,0,0,0,0,0,0,0,0,0,0,0,0,1,1560.9848600250834,1825.0157894736844,1131.010752688172,1432.5622406639004,15,-0.7071067811865479,-0.7071067811865471,0,0,2,5.364,7.113380494527778,5.188990825688074,7.179729729729729,18.016666666666666,18.19326131930556,18.157831325301203,17.85242718446602,24.51188118811881,0.0,52.07260273972603,12.92,-64.70575374483724,470.29266324648825,1375.5148829470834,669.6031162490835,667,667,0.5136361586784963,0.37242594907002347
A4,roll_04,rf,2026-02-03 16:00:00+00:00,2026-02-03 17:00:00+00:00,0,1,2025-12-08T00:00:00+00:00,2026-02-02T00:00:00+00:00,2026-02-02T00:00:00+00:00,2026-02-09T00:00:00+00:00,1250.0767605633805,1436.3280560261992,-186.2512954628187,1,night,0,0.0,0,2,0,0,0,0,0,0,0,0,0,0,0,0,0,0,0,0,0,0,0,0,0,0,1,1794.9346924112222,1432.5622406639004,1511.6196629213482,1624.8924590163936,16,-0.5000000000000004,-0.8660254037844385,0,0,2,5.236111111111111,6.417744069444445,5.364,6.558620689655172,17.942857142857143,18.04983601577777,18.016666666666666,17.82755905511811,0.0,0.0,24.51188118811881,0.0,-64.70575374483724,470.29266324648825,1375.5148829470834,669.6031162490835,667,667,0.25844660403361935,0.1873320469091747
A4,roll_04,rf,2026-02-03 17:00:00+00:00,2026-02-03 18:00:00+00:00,0,1,2025-12-08T00:00:00+00:00,2026-02-02T00:00:00+00:00,2026-02-02T00:00:00+00:00,2026-02-09T00:00:00+00:00,856.6192182410423,1463.746521513781,-607.1273032727388,0,night,0,0.0,0,1,0,0,0,0,0,0,0,0,0,0,0,0,0,0,0,0,0,0,0,0,0,0,1,843.3756644045833,1624.8924590163936,1624.4313218390805,1250.0767605633805,17,-0.2588190451025206,-0.9659258262890684,0,0,2,4.8075,6.518880213805556,5.236111111111111,6.18735632183908,17.5125,17.523798786,17.942857142857143,17.923809523809524,0.0,0.0,0.0,0.0,-64.70575374483724,470.29266324648825,1375.5148829470834,669.6031162490835,667,667,1.153370213737758,0.7749301819452984
A4,roll_04,rf,2026-02-03 22:00:00+00:00,2026-02-03 23:00:00+00:00,0,1,2025-12-08T00:00:00+00:00,2026-02-02T00:00:00+00:00,2026-02-02T00:00:00+00:00,2026-02-09T00:00:00+00:00,619.8279166666667,502.6513089247642,117.1766077419025,0,night,0,0.0,0,1,0,0,0,0,0,0,0,0,0,0,0,0,0,0,0,0,0,0,0,0,0,0,1,469.4664131017777,1029.1314516129032,395.40241935483874,439.3551867219917,22,0.8660254037844384,-0.5000000000000004,0,0,2,4.813725490196078,5.511910193805555,4.667796610169491,4.6576,18.22772277227723,18.249919140416665,18.09047619047619,18.086285714285715,0.0,0.0,0.0,0.0,-64.70575374483724,470.29266324648825,1375.5148829470834,669.6031162490835,667,667,0.3867429277573317,1.1285595122578715
A4,roll_04,rf,2026-02-04 05:00:00+00:00,2026-02-04 06:00:00+00:00,0,1,2025-12-08T00:00:00+00:00,2026-02-02T00:00:00+00:00,2026-02-02T00:00:00+00:00,2026-02-09T00:00:00+00:00,2016.4624060150377,2042.8390214779097,-26.376615462872,0,night,0,0.0,0,1,0,0,0,0,0,0,0,0,0,0,0,0,0,0,0,0,0,0,0,0,0,0,2,2035.0871509705555,1096.6170634920634,2016.13358778626,2001.764661654136,5,0.2588190451025207,0.9659258262890684,0,0,2,4.850617283950617,5.513712828027778,4.621538461538461,3.73,18.641899441340783,18.634632919027776,18.45990099009901,18.92349726775956,0.0,0.0,0.0,0.0,-64.70575374483724,470.29266324648825,1375.5148829470834,669.6031162490835,667,667,0.08150060861544059,0.9572051077933309
A4,roll_04,rf,2026-02-04 06:00:00+00:00,2026-02-04 07:00:00+00:00,0,1,2025-12-08T00:00:00+00:00,2026-02-02T00:00:00+00:00,2026-02-02T00:00:00+00:00,2026-02-09T00:00:00+00:00,1742.2797833935017,1861.3263093823728,-119.04652598887152,0,night,0,0.0,0,2,0,0,0,0,0,0,0,0,0,0,0,0,0,0,0,0,0,0,0,0,0,0,2,2063.430210569112,2001.764661654136,2081.1158088235293,2016.4624060150377,6,6.123233995736766e-17,1.0,0,0,2,5.047142857142857,5.542613285861112,4.850617283950617,3.511904761904762,18.62099447513812,18.442081739,18.641899441340783,18.76684491978609,0.0,0.0,0.0,0.0,-64.70575374483724,470.29266324648825,1375.5148829470834,669.6031162490835,667,667,0.11554671482415488,0.5477347574200754
A4,roll_04,rf,2026-02-04 07:00:00+00:00,2026-02-04 08:00:00+00:00,0,1,2025-12-08T00:00:00+00:00,2026-02-02T00:00:00+00:00,2026-02-02T00:00:00+00:00,2026-02-09T00:00:00+00:00,1544.9358649789028,1816.7562204932829,-271.82035551438,1,night,0,0.0,0,2,0,0,0,0,0,0,0,0,0,0,0,0,0,0,0,0,0,0,0,0,0,0,2,1837.9513309886668,2016.4624060150377,1670.6992307692308,1742.2797833935017,7,-0.2588190451025206,0.9659258262890684,0,0,2,5.102409638554217,5.184793339416666,5.047142857142857,3.452112676056338,18.634705882352943,18.612981790916667,18.62099447513812,18.43197969543148,0.0,0.0,0.0,0.0,-64.70575374483724,470.29266324648825,1375.5148829470834,669.6031162490835,667,667,0.4403951368065263,0.25301701548353767
A4,roll_04,rf,2026-02-04 08:00:00+00:00,2026-02-04 09:00:00+00:00,0,1,2025-12-08T00:00:00+00:00,2026-02-02T00:00:00+00:00,2026-02-02T00:00:00+00:00,2026-02-09T00:00:00+00:00,1741.7046808510638,1463.2902397713583,278.4144410797055,1,low,0,0.0,0,2,0,0,0,0,0,0,0,0,0,0,0,0,0,0,0,0,0,0,0,0,0,0,2,1887.533959910028,1742.2797833935017,1695.1438661710038,1544.9358649789028,8,-0.4999999999999998,0.8660254037844387,0,0,2,5.541176470588235,5.1913422946944445,5.102409638554217,3.0315068493150688,18.137254901960784,18.377665885472226,18.634705882352943,18.02994652406417,25.176086956521736,0.0,0.0,0.0,-64.70575374483724,470.29266324648825,1375.5148829470834,669.6031162490835,667,667,0.7295886617833707,0.5468758866524789
A4,roll_04,rf,2026-02-04 09:00:00+00:00,2026-02-04 10:00:00+00:00,0,1,2025-12-08T00:00:00+00:00,2026-02-02T00:00:00+00:00,2026-02-02T00:00:00+00:00,2026-02-09T00:00:00+00:00,1733.1420765027322,1604.4685364134382,128.67354008929397,1,low,0,0.0,0,2,0,0,0,0,0,0,0,0,0,0,0,0,0,0,0,0,0,0,0,0,0,0,2,1927.4843435574169,1544.9358649789028,1085.7120141342757,1741.7046808510638,9,-0.7071067811865475,0.7071067811865476,0,0,2,5.9905405405405405,5.373750419944444,5.541176470588235,3.4781818181818185,18.36184210526316,18.25319205494445,18.137254901960784,17.55581395348837,27.92615384615385,10.544310736611113,25.176086956521736,25.35892857142857,-64.70575374483724,470.29266324648825,1375.5148829470834,669.6031162490835,667,667,0.41118926350925844,0.5340883052620325
A4,roll_04,rf,2026-02-04 10:00:00+00:00,2026-02-04 11:00:00+00:00,0,1,2025-12-08T00:00:00+00:00,2026-02-02T00:00:00+00:00,2026-02-02T00:00:00+00:00,2026-02-09T00:00:00+00:00,902.2468599033816,1736.9234318673005,-834.6765719639188,1,low,0,0.0,0,2,0,0,0,0,0,0,0,0,0,0,0,0,0,0,0,0,0,0,0,0,0,0,2,1864.801970357278,1741.7046808510638,1706.1051136363635,1733.1420765027322,10,-0.8660254037844387,0.4999999999999999,0,0,2,6.380769230769231,5.65833449311111,5.9905405405405405,3.970666666666667,18.252100840336134,18.034370881194445,18.36184210526316,17.84952380952381,39.21203703703704,25.393810472444443,27.92615384615385,54.39214285714286,-64.70575374483724,470.29266324648825,1375.5148829470834,669.6031162490835,667,667,1.6372163088913148,0.7067888597872838
A4,roll_04,rf,2026-02-04 11:00:00+00:00,2026-02-04 12:00:00+00:00,0,1,2025-12-08T00:00:00+00:00,2026-02-02T00:00:00+00:00,2026-02-02T00:00:00+00:00,2026-02-09T00:00:00+00:00,2676.460583941606,1339.878066196224,1336.582517745382,1,low,0,0.0,0,2,0,0,0,0,0,0,0,0,0,0,0,0,0,0,0,0,0,0,0,0,0,0,2,3141.5486331360003,1733.1420765027322,835.5128205128206,902.2468599033816,11,-0.9659258262890682,0.258819045102521,0,0,2,6.638805970149254,5.88800453525,6.380769230769231,4.583529411764706,17.52173913043478,18.29865785161111,18.252100840336134,17.46,51.13607954545455,223.8937608820556,39.21203703703704,63.80455635491607,-64.70575374483724,470.29266324648825,1375.5148829470834,669.6031162490835,667,667,2.979609041350876,1.9428608819535238
A4,roll_04,rf,2026-02-04 12:00:00+00:00,2026-02-04 13:00:00+00:00,0,1,2025-12-08T00:00:00+00:00,2026-02-02T00:00:00+00:00,2026-02-02T00:00:00+00:00,2026-02-09T00:00:00+00:00,3913.525657894737,1438.8044342281098,2474.721223666628,1,low,0,0.0,0,2,0,0,0,0,0,0,0,0,0,0,0,0,0,0,0,0,0,0,0,0,0,0,2,3688.242951303472,902.2468599033816,1812.142446043165,2676.460583941606,12,-1.0,1.2246467991473532e-16,0,0,2,6.79,6.230890702111111,6.638805970149254,4.927551020408163,18.237142857142857,18.18650774847222,17.52173913043478,18.063333333333333,83.6985111662531,217.1136607175556,51.13607954545455,107.24119047619048,-64.70575374483724,470.29266324648825,1375.5148829470834,669.6031162490835,667,667,5.399673811369897,3.790321032501807
A4,roll_04,rf,2026-02-04 13:00:00+00:00,2026-02-04 14:00:00+00:00,0,1,2025-12-08T00:00:00+00:00,2026-02-02T00:00:00+00:00,2026-02-02T00:00:00+00:00,2026-02-09T00:00:00+00:00,2946.6394495412846,3000.19665349574,-53.55720395445496,1,low,0,0.0,0,2,0,0,0,0,0,0,0,0,0,0,0,0,0,0,0,0,0,0,0,0,0,0,2,2978.0382318605,2676.460583941606,918.8297520661156,3913.525657894737,13,-0.9659258262890684,-0.2588190451025208,0,0,2,6.527777777777778,6.399069186666668,6.79,5.151327433628318,17.940449438202247,17.592900088416666,18.237142857142857,17.495238095238097,117.9880195599022,113.17434017758336,83.6985111662531,56.00424403183023,-64.70575374483724,470.29266324648825,1375.5148829470834,669.6031162490835,667,667,0.023705557542451253,2.346351933657614
A4,roll_04,rf,2026-02-04 14:00:00+00:00,2026-02-04 15:00:00+00:00,0,1,2025-12-08T00:00:00+00:00,2026-02-02T00:00:00+00:00,2026-02-02T00:00:00+00:00,2026-02-09T00:00:00+00:00,2754.6374269005846,2002.1847059241616,752.452720976423,1,low,0,0.0,0,2,0,0,0,0,0,0,0,0,0,0,0,0,0,0,0,0,0,0,0,0,0,0,2,3380.6789978081943,3913.525657894737,1825.0157894736844,2946.6394495412846,14,-0.8660254037844388,-0.4999999999999997,0,0,2,6.487671232876712,6.31566832675,6.527777777777778,5.188990825688074,17.463749999999997,17.809436758833332,17.940449438202247,18.157831325301203,105.31936274509803,57.91523832122223,117.9880195599022,52.07260273972603,-64.70575374483724,470.29266324648825,1375.5148829470834,669.6031162490835,667,667,1.7375530995536153,2.0596118961914835
A4,roll_04,rf,2026-02-04 15:00:00+00:00,2026-02-04 16:00:00+00:00,0,1,2025-12-08T00:00:00+00:00,2026-02-02T00:00:00+00:00,2026-02-02T00:00:00+00:00,2026-02-09T00:00:00+00:00,2882.762139917695,1988.7414133305504,894.0207265871447,1,low,0,0.0,0,2,0,0,0,0,0,0,0,0,0,0,0,0,0,0,0,0,0,0,0,0,0,0,2,3872.714778626834,2946.6394495412846,1432.5622406639004,2754.6374269005846,15,-0.7071067811865479,-0.7071067811865471,0,0,2,6.59375,6.244660061111111,6.487671232876712,5.364,16.942105263157895,17.889092211916665,17.463749999999997,18.016666666666666,46.266666666666666,0.0,105.31936274509803,24.51188118811881,-64.70575374483724,470.29266324648825,1375.5148829470834,669.6031162490835,667,667,2.0385741799877866,2.250956156556977
A4,roll_04,rf,2026-02-04 16:00:00+00:00,2026-02-04 17:00:00+00:00,0,1,2025-12-08T00:00:00+00:00,2026-02-02T00:00:00+00:00,2026-02-02T00:00:00+00:00,2026-02-09T00:00:00+00:00,4170.079435483871,2002.2931534459108,2167.78628203796,1,night,0,0.0,0,2,0,0,0,0,0,0,0,0,0,0,0,0,0,0,0,0,0,0,0,0,0,0,2,3566.8731119283607,2754.6374269005846,1624.8924590163936,2882.762139917695,16,-0.5000000000000004,-0.8660254037844385,0,0,2,6.457142857142857,5.823090861361112,6.59375,5.236111111111111,17.315343915343917,17.597432975833332,16.942105263157895,17.942857142857143,0.0,0.0,46.266666666666666,0.0,-64.70575374483724,470.29266324648825,1375.5148829470834,669.6031162490835,667,667,4.747027139168257,4.173464078529237
A4,roll_04,rf,2026-02-04 17:00:00+00:00,2026-02-04 18:00:00+00:00,0,1,2025-12-08T00:00:00+00:00,2026-02-02T00:00:00+00:00,2026-02-02T00:00:00+00:00,2026-02-09T00:00:00+00:00,3388.3426229508195,3105.967375725649,282.3752472251704,0,night,0,0.0,0,2,0,0,0,0,0,0,0,0,0,0,0,0,0,0,0,0,0,0,0,0,0,0,2,4099.8204709775,2882.762139917695,1250.0767605633805,4170.079435483871,17,-0.2588190451025206,-0.9659258262890684,0,0,2,6.315,5.327666574166667,6.457142857142857,4.8075,18.17823834196892,16.81522350208333,17.315343915343917,17.5125,0.0,0.0,0.0,0.0,-64.70575374483724,470.29266324648825,1375.5148829470834,669.6031162490835,667,667,0.7380106646233108,3.0060011537565647
A4,roll_04,rf,2026-02-04 19:00:00+00:00,2026-02-04 20:00:00+00:00,0,1,2025-12-08T00:00:00+00:00,2026-02-02T00:00:00+00:00,2026-02-02T00:00:00+00:00,2026-02-09T00:00:00+00:00,3326.137804878049,3062.9249904286658,263.2128144493832,0,night,0,0.0,0,2,0,0,0,0,0,0,0,0,0,0,0,0,0,0,0,0,0,0,0,0,0,0,2,4150.093525715889,3388.3426229508195,1353.571382636656,3374.507818930041,19,0.2588190451025203,-0.9659258262890684,0,0,2,6.048780487804878,5.153431917222222,6.164864864864865,4.605263157894737,18.24031413612565,17.99117864236111,17.838461538461537,17.58954248366013,0.0,0.0,0.0,0.0,-64.70575374483724,470.29266324648825,1375.5148829470834,669.6031162490835,667,667,0.6972649029448134,2.913103112270104
A4,roll_04,rf,2026-02-04 21:00:00+00:00,2026-02-04 22:00:00+00:00,0,1,2025-12-08T00:00:00+00:00,2026-02-02T00:00:00+00:00,2026-02-02T00:00:00+00:00,2026-02-09T00:00:00+00:00,2707.4724576271187,2059.268999589846,648.2034580372729,0,night,0,0.0,0,2,0,0,0,0,0,0,0,0,0,0,0,0,0,0,0,0,0,0,0,0,0,0,2,3031.050403281528,3326.137804878049,1029.1314516129032,2641.1531380753136,21,0.7071067811865474,-0.7071067811865477,0,0,2,5.891666666666667,5.513382952611111,6.0285714285714285,4.667796610169491,18.003589743589743,19.893719509444445,17.913366336633665,18.09047619047619,0.0,0.0,0.0,0.0,-64.70575374483724,470.29266324648825,1375.5148829470834,669.6031162490835,667,667,1.5158841876477722,1.989174695215374
A4,roll_04,rf,2026-02-04 22:00:00+00:00,2026-02-04 23:00:00+00:00,0,1,2025-12-08T00:00:00+00:00,2026-02-02T00:00:00+00:00,2026-02-02T00:00:00+00:00,2026-02-09T00:00:00+00:00,2638.623580786026,2104.8992790657912,533.724301720235,0,night,0,0.0,0,2,0,0,0,0,0,0,0,0,0,0,0,0,0,0,0,0,0,0,0,0,0,0,2,880.7419122894444,2641.1531380753136,439.3551867219917,2707.4724576271187,22,0.8660254037844384,-0.5000000000000004,0,0,2,6.089855072463768,5.632813449722222,5.891666666666667,4.813725490196078,18.0421568627451,19.97541349633333,18.003589743589743,18.22772277227723,0.0,0.0,0.0,0.0,-64.70575374483724,470.29266324648825,1375.5148829470834,669.6031162490835,667,667,1.2724630899704787,1.8863542704438117
A4,roll_04,rf,2026-02-05 00:00:00+00:00,2026-02-05 01:00:00+00:00,0,1,2025-12-08T00:00:00+00:00,2026-02-02T00:00:00+00:00,2026-02-02T00:00:00+00:00,2026-02-09T00:00:00+00:00,572.743621399177,1126.5012720065745,-553.7576506073975,0,night,0,0.0,0,2,0,0,0,0,0,0,0,0,0,0,0,0,0,0,0,0,0,0,0,0,0,0,3,934.8170360965556,2638.623580786026,600.8824999999999,735.8008196721311,0,1.0,0.0,0,0,2,5.9,5.649876135861111,6.062162162162162,4.731481481481482,18.64417475728155,18.53709236861112,18.196059113300493,18.48186528497409,0.0,0.0,0.0,0.0,-64.70575374483724,470.29266324648825,1375.5148829470834,669.6031162490835,667,667,1.0398884249789795,1.1988762329016494
A4,roll_04,rf,2026-02-05 04:00:00+00:00,2026-02-05 05:00:00+00:00,0,1,2025-12-08T00:00:00+00:00,2026-02-02T00:00:00+00:00,2026-02-02T00:00:00+00:00,2026-02-09T00:00:00+00:00,1980.2167272727272,1719.1980498844505,261.0186773882767,0,night,0,0.0,0,2,0,0,0,0,0,0,0,0,0,0,0,0,0,0,0,0,0,0,0,0,0,0,3,1044.109589464861,582.7389344262294,1096.6170634920634,1140.7624489795917,4,0.5000000000000001,0.8660254037844386,0,0,2,5.233333333333333,5.690614872888889,5.32,4.621538461538461,18.495384615384616,18.699853914444443,18.57680412371134,18.45990099009901,0.0,0.0,0.0,0.0,-64.70575374483724,470.29266324648825,1375.5148829470834,669.6031162490835,667,667,0.6925994313511039,0.9030750151119409
A4,roll_04,rf,2026-02-05 05:00:00+00:00,2026-02-05 06:00:00+00:00,0,1,2025-12-08T00:00:00+00:00,2026-02-02T00:00:00+00:00,2026-02-02T00:00:00+00:00,2026-02-09T00:00:00+00:00,2024.3182156133828,2054.071899119724,-29.753683506341304,0,night,0,0.0,0,2,0,0,0,0,0,0,0,0,0,0,0,0,0,0,0,0,0,0,0,0,0,0,3,2097.0978272491666,1140.7624489795917,2001.764661654136,1980.2167272727272,5,0.2588190451025207,0.9659258262890684,0,0,2,5.113953488372093,5.321339182305556,5.233333333333333,4.850617283950617,18.813855421686743,18.788275002444447,18.495384615384616,18.641899441340783,0.0,0.0,0.0,0.0,-64.70575374483724,470.29266324648825,1375.5148829470834,669.6031162490835,667,667,0.07431982884278374,0.9689371463811305
A4,roll_04,rf,2026-02-05 06:00:00+00:00,2026-02-05 07:00:00+00:00,0,1,2025-12-08T00:00:00+00:00,2026-02-02T00:00:00+00:00,2026-02-02T00:00:00+00:00,2026-02-09T00:00:00+00:00,1672.158108108108,1863.8522664693328,-191.69415836122448,0,night,0,0.0,0,1,0,0,0,0,0,0,0,0,0,0,0,0,0,0,0,0,0,0,0,0,0,0,3,2101.717697546028,1980.2167272727272,2016.4624060150377,2024.3182156133828,6,6.123233995736766e-17,1.0,0,0,2,4.575714285714286,5.4229227490000005,5.113953488372093,5.047142857142857,18.487428571428573,18.46805462488889,18.813855421686743,18.62099447513812,0.0,0.0,0.0,0.0,-64.70575374483724,470.29266324648825,1375.5148829470834,669.6031162490835,667,667,0.27001995680683305,0.4430135074978912
A4,roll_04,rf,2026-02-05 07:00:00+00:00,2026-02-05 08:00:00+00:00,0,1,2025-12-08T00:00:00+00:00,2026-02-02T00:00:00+00:00,2026-02-02T00:00:00+00:00,2026-02-09T00:00:00+00:00,1393.502840909091,1617.969955428321,-224.46711451923036,1,low,0,0.0,0,1,0,0,0,0,0,0,0,0,0,0,0,0,0,0,0,0,0,0,0,0,0,0,3,1866.4684684137776,2024.3182156133828,1742.2797833935017,1672.158108108108,7,-0.2588190451025206,0.9659258262890684,0,0,2,4.341428571428571,5.644273330472223,4.575714285714286,5.102409638554217,18.316,18.33773261380556,18.487428571428573,18.634705882352943,24.614516129032257,0.0,0.0,0.0,-64.70575374483724,470.29266324648825,1375.5148829470834,669.6031162490835,667,667,0.33970625795337894,0.02686361148193392
A4,roll_04,rf,2026-02-05 08:00:00+00:00,2026-02-05 09:00:00+00:00,0,1,2025-12-08T00:00:00+00:00,2026-02-02T00:00:00+00:00,2026-02-02T00:00:00+00:00,2026-02-09T00:00:00+00:00,1354.447186147186,1224.2581116071744,130.18907454001146,1,low,0,0.0,0,1,0,0,0,0,0,0,0,0,0,0,0,0,0,0,0,0,0,0,0,0,0,0,3,1765.7431687797225,1672.158108108108,1544.9358649789028,1393.502840909091,8,-0.4999999999999998,0.8660254037844387,0,0,2,4.676744186046511,6.577056710277778,4.341428571428571,5.541176470588235,18.40571428571429,18.68058624561111,18.316,18.137254901960784,133.55408970976254,107.09455782583336,24.614516129032257,25.176086956521736,-64.70575374483724,470.29266324648825,1375.5148829470834,669.6031162490835,667,667,0.4144117982608227,0.031462961101364664
A4,roll_04,rf,2026-02-05 09:00:00+00:00,2026-02-05 10:00:00+00:00,0,1,2025-12-08T00:00:00+00:00,2026-02-02T00:00:00+00:00,2026-02-02T00:00:00+00:00,2026-02-09T00:00:00+00:00,662.0819532908704,1141.797927679114,-479.71597438824347,1,low,0,0.0,0,2,0,0,0,0,0,0,0,0,0,0,0,0,0,0,0,0,0,0,0,0,0,0,3,1253.1664777410554,1393.502840909091,1741.7046808510638,1354.447186147186,9,-0.7071067811865475,0.7071067811865476,0,0,2,5.127464788732395,7.120698170944444,4.676744186046511,5.9905405405405405,18.397345132743364,18.200570424222224,18.40571428571429,18.36184210526316,240.70067340067345,173.80403361816664,133.55408970976254,27.92615384615385,-64.70575374483724,470.29266324648825,1375.5148829470834,669.6031162490835,667,667,0.8824509780325712,1.0654564059567868
A4,roll_04,rf,2026-02-05 10:00:00+00:00,2026-02-05 11:00:00+00:00,0,1,2025-12-08T00:00:00+00:00,2026-02-02T00:00:00+00:00,2026-02-02T00:00:00+00:00,2026-02-09T00:00:00+00:00,-1116.5161157024795,470.0018941348155,-1586.518009837295,1,med,0,0.0,0,2,0,0,0,0,0,0,0,0,0,0,0,0,0,0,0,0,0,0,0,0,0,0,3,948.2308555061112,1354.447186147186,1733.1420765027322,662.0819532908704,10,-0.8660254037844387,0.4999999999999999,0,0,2,6.55,7.047235797361111,5.127464788732395,6.380769230769231,19.503125,18.18368814136112,18.397345132743364,18.252100840336134,1064.7166666666667,95.93545610280556,240.70067340067345,39.21203703703704,-64.70575374483724,470.29266324648825,1375.5148829470834,669.6031162490835,667,667,3.2358834721919756,3.721653824744986
A4,roll_04,rf,2026-02-05 11:00:00+00:00,2026-02-05 12:00:00+00:00,0,1,2025-12-08T00:00:00+00:00,2026-02-02T00:00:00+00:00,2026-02-02T00:00:00+00:00,2026-02-09T00:00:00+00:00,-936.9505836575876,-340.9201786494296,-596.0304050081579,1,high,0,0.0,0,2,1,0,0,0,0,0,0,0,0,0,0,0,0,0,0,0,0,0,0,0,0,0,3,1415.7808458588888,662.0819532908704,902.2468599033816,-1116.5161157024795,11,-0.9659258262890682,0.258819045102521,0,0,2,8.824117647058824,7.484160413777777,6.55,6.638805970149254,19.08695652173913,18.45564459983333,19.503125,17.52173913043478,1722.8723214285717,198.05782505847225,1064.7166666666667,51.13607954545455,-64.70575374483724,470.29266324648825,1375.5148829470834,669.6031162490835,667,667,1.1297744846698672,3.4534867154717124
A4,roll_04,rf,2026-02-05 12:00:00+00:00,2026-02-05 13:00:00+00:00,0,1,2025-12-08T00:00:00+00:00,2026-02-02T00:00:00+00:00,2026-02-02T00:00:00+00:00,2026-02-09T00:00:00+00:00,-837.3921487603305,-195.7714050951933,-641.6207436651373,1,high,0,0.0,0,3,1,0,0,0,0,0,0,0,0,0,0,0,0,0,0,0,0,0,0,0,0,0,3,347.5551561380278,-1116.5161157024795,2676.460583941606,-936.9505836575876,12,-1.0,1.2246467991473532e-16,0,0,2,11.251793721973094,8.72531020561111,8.824117647058824,6.79,19.05978260869565,18.326656080611112,19.08695652173913,18.237142857142857,1626.945238095238,591.8653806022222,1722.8723214285717,83.6985111662531,-64.70575374483724,470.29266324648825,1375.5148829470834,669.6031162490835,667,667,1.2267148416430416,3.304803962238792
A4,roll_04,rf,2026-02-05 13:00:00+00:00,2026-02-05 14:00:00+00:00,0,1,2025-12-08T00:00:00+00:00,2026-02-02T00:00:00+00:00,2026-02-02T00:00:00+00:00,2026-02-09T00:00:00+00:00,-375.85170454545454,-113.36597927470466,-262.48572527074987,1,high,0,0.0,0,3,1,0,0,0,0,0,0,0,0,0,0,0,0,0,0,0,0,0,0,0,0,0,3,-402.3519291878333,-936.9505836575876,3913.525657894737,-837.3921487603305,13,-0.9659258262890684,-0.2588190451025208,0,0,2,12.371243523316062,9.603330588527776,11.251793721973094,6.527777777777778,19.18704663212436,18.84680833225,19.05978260869565,17.940449438202247,1425.287155963303,1247.4635750589998,1626.945238095238,117.9880195599022,-64.70575374483724,470.29266324648825,1375.5148829470834,669.6031162490835,667,667,0.4205465808473666,2.615529326242043
A4,roll_04,rf,2026-02-05 14:00:00+00:00,2026-02-05 15:00:00+00:00,0,1,2025-12-08T00:00:00+00:00,2026-02-02T00:00:00+00:00,2026-02-02T00:00:00+00:00,2026-02-09T00:00:00+00:00,735.4822981366459,153.95040211160844,581.5318960250374,1,med,0,0.0,0,3,1,0,0,0,0,0,0,0,0,0,0,0,0,0,0,0,0,0,0,0,0,0,3,1092.5960639581945,-837.3921487603305,2946.6394495412846,-375.85170454545454,14,-0.8660254037844388,-0.4999999999999997,0,0,2,14.806871609403254,10.175281555083336,12.371243523316062,6.487671232876712,18.775609756097563,18.72012759377778,19.18704663212436,17.463749999999997,1118.9860294117648,733.8672658107222,1425.287155963303,105.31936274509803,-64.70575374483724,470.29266324648825,1375.5148829470834,669.6031162490835,667,667,1.3741180764097327,0.9558387189051757
A4,roll_04,rf,2026-02-05 15:00:00+00:00,2026-02-05 16:00:00+00:00,0,1,2025-12-08T00:00:00+00:00,2026-02-02T00:00:00+00:00,2026-02-02T00:00:00+00:00,2026-02-09T00:00:00+00:00,773.8824840764331,1032.35536320081,-258.47287912437685,1,low,0,0.0,0,4,0,0,0,0,0,0,0,0,0,0,0,0,0,0,0,0,0,0,0,0,0,0,3,462.4739155892223,-375.85170454545454,2754.6374269005846,735.4822981366459,15,-0.7071067811865479,-0.7071067811865471,0,0,2,15.497447795823666,10.80456051886111,14.806871609403254,6.59375,18.53142857142857,17.667633677111112,18.775609756097563,16.942105263157895,284.55916666666667,202.1270942708333,1118.9860294117648,46.266666666666666,-64.70575374483724,470.29266324648825,1375.5148829470834,669.6031162490835,667,667,0.4120139235044435,0.8984910378565965
A4,roll_04,rf,2026-02-05 16:00:00+00:00,2026-02-05 17:00:00+00:00,0,1,2025-12-08T00:00:00+00:00,2026-02-02T00:00:00+00:00,2026-02-02T00:00:00+00:00,2026-02-09T00:00:00+00:00,822.6935275080906,1264.0938443827822,-441.4003168746916,1,low,0,0.0,0,3,0,0,0,0,0,0,0,0,0,0,0,0,0,0,0,0,0,0,0,0,0,0,3,1737.4693776433332,735.4822981366459,2882.762139917695,773.8824840764331,16,-0.5000000000000004,-0.8660254037844385,0,0,2,12.19726775956284,8.926961661277778,15.497447795823666,6.457142857142857,17.5972972972973,17.675791429472223,18.53142857142857,17.315343915343917,13.7,0.0,284.55916666666667,0.0,-64.70575374483724,470.29266324648825,1375.5148829470834,669.6031162490835,667,667,0.8009790340539981,0.8255955535806535
A4,roll_04,rf,2026-02-05 19:00:00+00:00,2026-02-05 20:00:00+00:00,0,1,2025-12-08T00:00:00+00:00,2026-02-02T00:00:00+00:00,2026-02-02T00:00:00+00:00,2026-02-09T00:00:00+00:00,756.398866855524,1030.0884552917353,-273.68958843621124,0,night,0,0.0,0,2,0,0,0,0,0,0,0,0,0,0,0,0,0,0,0,0,0,0,0,0,0,0,3,2461.1030846526387,1374.275974025974,3374.507818930041,1357.352397260274,19,0.2588190451025203,-0.9659258262890684,0,0,2,8.97439024390244,4.914927927388889,9.466153846153846,6.048780487804878,17.808125,18.053897769944445,18.28851351351351,18.24031413612565,0.0,0.0,0.0,0.0,-64.70575374483724,470.29266324648825,1375.5148829470834,669.6031162490835,667,667,0.4443697531846081,0.9246014557991638
A4,roll_04,rf,2026-02-05 20:00:00+00:00,2026-02-05 21:00:00+00:00,0,1,2025-12-08T00:00:00+00:00,2026-02-02T00:00:00+00:00,2026-02-02T00:00:00+00:00,2026-02-09T00:00:00+00:00,1207.6818181818182,862.1641543934581,345.5176637883601,0,night,0,0.0,0,2,0,0,0,0,0,0,0,0,0,0,0,0,0,0,0,0,0,0,0,0,0,0,3,738.0341406504722,1357.352397260274,3326.137804878049,756.398866855524,20,0.5000000000000001,-0.8660254037844386,0,0,2,8.583561643835617,4.190135806277778,8.97439024390244,6.0285714285714285,18.25384615384615,17.800593456972223,17.808125,17.913366336633665,0.0,0.0,0.0,0.0,-64.70575374483724,470.29266324648825,1375.5148829470834,669.6031162490835,667,667,0.8722726284976986,0.2506455849629491
A4,roll_04,rf,2026-02-05 21:00:00+00:00,2026-02-05 22:00:00+00:00,0,1,2025-12-08T00:00:00+00:00,2026-02-02T00:00:00+00:00,2026-02-02T00:00:00+00:00,2026-02-09T00:00:00+00:00,799.4336507936508,754.1291311843412,45.30451960930964,0,night,0,0.0,0,2,0,0,0,0,0,0,0,0,0,0,0,0,0,0,0,0,0,0,0,0,0,0,3,1046.6185902225832,756.398866855524,2641.1531380753136,1207.6818181818182,21,0.7071067811865474,-0.7071067811865477,0,0,2,8.078481012658228,3.735040379,8.583561643835617,5.891666666666667,18.09447852760736,17.774244155,18.25384615384615,18.003589743589743,0.0,0.0,0.0,0.0,-64.70575374483724,470.29266324648825,1375.5148829470834,669.6031162490835,667,667,0.23391875304779877,0.8603323643122621
A4,roll_04,rf,2026-02-06 03:00:00+00:00,2026-02-06 04:00:00+00:00,0,1,2025-12-08T00:00:00+00:00,2026-02-02T00:00:00+00:00,2026-02-02T00:00:00+00:00,2026-02-09T00:00:00+00:00,1180.2426294820718,789.3038339506834,390.9387955313885,0,night,0,0.0,0,2,0,0,0,0,0,0,0,0,0,0,0,0,0,0,0,0,0,0,0,0,0,0,4,377.9953876609166,575.4979166666667,582.7389344262294,574.4534979423869,3,0.7071067811865476,0.7071067811865476,0,0,2,7.359999999999999,3.226123679444445,7.4512820512820515,5.32,18.513432835820893,18.347174637972223,18.60890052356021,18.57680412371134,0.0,0.0,0.0,0.0,-64.70575374483724,470.29266324648825,1375.5148829470834,669.6031162490835,667,667,0.9688531947975868,0.2916238720017737
A4,roll_04,rf,2026-02-06 04:00:00+00:00,2026-02-06 05:00:00+00:00,0,1,2025-12-08T00:00:00+00:00,2026-02-02T00:00:00+00:00,2026-02-02T00:00:00+00:00,2026-02-09T00:00:00+00:00,2027.4632958801496,1720.3735724744888,307.08972340566083,0,night,0,0.0,0,2,0,0,0,0,0,0,0,0,0,0,0,0,0,0,0,0,0,0,0,0,0,0,4,1042.5099112287778,574.4534979423869,1140.7624489795917,1180.2426294820718,4,0.5000000000000001,0.8660254037844386,0,0,2,7.303225806451613,3.499414719305556,7.359999999999999,5.233333333333333,18.63842105263158,18.78404704663889,18.513432835820893,18.495384615384616,0.0,0.0,0.0,0.0,-64.70575374483724,470.29266324648825,1375.5148829470834,669.6031162490835,667,667,0.7905619334648941,0.9736340783255107
A4,roll_04,rf,2026-02-06 05:00:00+00:00,2026-02-06 06:00:00+00:00,0,1,2025-12-08T00:00:00+00:00,2026-02-02T00:00:00+00:00,2026-02-02T00:00:00+00:00,2026-02-09T00:00:00+00:00,2067.114606741573,2052.348175536232,14.766431205341178,0,night,0,0.0,0,2,0,0,0,0,0,0,0,0,0,0,0,0,0,0,0,0,0,0,0,0,0,0,4,2043.280496847389,1180.2426294820718,1980.2167272727272,2027.4632958801496,5,0.2588190451025207,0.9659258262890684,0,0,2,7.25,3.7577913895277777,7.303225806451613,5.113953488372093,18.88314606741573,18.75169663830556,18.63842105263158,18.813855421686743,0.0,0.0,0.0,0.0,-64.70575374483724,470.29266324648825,1375.5148829470834,669.6031162490835,667,667,0.16898453061455845,1.0328502168099583
A4,roll_04,rf,2026-02-06 06:00:00+00:00,2026-02-06 07:00:00+00:00,0,1,2025-12-08T00:00:00+00:00,2026-02-02T00:00:00+00:00,2026-02-02T00:00:00+00:00,2026-02-09T00:00:00+00:00,1597.1892857142857,1886.249825654337,-289.0605399400513,0,night,0,0.0,0,2,0,0,0,0,0,0,0,0,0,0,0,0,0,0,0,0,0,0,0,0,0,0,4,2356.0469720826945,2027.4632958801496,2024.3182156133828,2067.114606741573,6,6.123233995736766e-17,1.0,0,0,2,7.270370370370371,4.644791845444444,7.25,4.575714285714286,18.486187845303867,18.553310034722223,18.88314606741573,18.487428571428573,0.0,0.0,0.0,0.0,-64.70575374483724,470.29266324648825,1375.5148829470834,669.6031162490835,667,667,0.47705355351806955,0.3310534216282565
A4,roll_04,rf,2026-02-06 07:00:00+00:00,2026-02-06 08:00:00+00:00,0,1,2025-12-08T00:00:00+00:00,2026-02-02T00:00:00+00:00,2026-02-02T00:00:00+00:00,2026-02-09T00:00:00+00:00,1538.8590163934423,1502.2713303985863,36.58768599485575,1,low,0,0.0,0,2,0,0,0,0,0,0,0,0,0,0,0,0,0,0,0,0,0,0,0,0,0,0,4,2415.724502125278,2067.114606741573,1672.158108108108,1597.1892857142857,7,-0.2588190451025206,0.9659258262890684,0,0,2,7.503846153846154,5.112628002777778,7.270370370370371,4.341428571428571,18.33118279569893,18.194770331416667,18.486187845303867,18.316,84.86169491525423,0.0,0.0,24.614516129032257,-64.70575374483724,470.29266324648825,1375.5148829470834,669.6031162490835,667,667,0.21538384001241245,0.2439417163429046
A4,roll_04,rf,2026-02-06 08:00:00+00:00,2026-02-06 09:00:00+00:00,0,1,2025-12-08T00:00:00+00:00,2026-02-02T00:00:00+00:00,2026-02-02T00:00:00+00:00,2026-02-09T00:00:00+00:00,808.640361445783,1224.290144734546,-415.6497832887629,1,low,0,0.0,0,2,0,0,0,0,0,0,0,0,0,0,0,0,0,0,0,0,0,0,0,0,0,0,4,2088.875723270194,1597.1892857142857,1393.502840909091,1538.8590163934423,8,-0.4999999999999998,0.8660254037844387,0,0,2,8.057142857142857,5.971257494111111,7.503846153846154,4.676744186046511,18.572950819672133,17.925204983888886,18.33118279569893,18.40571428571429,183.8434931506849,110.06260566791669,84.86169491525423,133.55408970976254,-64.70575374483724,470.29266324648825,1375.5148829470834,669.6031162490835,667,667,0.7462247595387003,0.8465828604215015
A4,roll_04,rf,2026-02-06 09:00:00+00:00,2026-02-06 10:00:00+00:00,0,1,2025-12-08T00:00:00+00:00,2026-02-02T00:00:00+00:00,2026-02-02T00:00:00+00:00,2026-02-09T00:00:00+00:00,1106.088343558282,1106.205827551611,-0.1174839933289604,1,low,0,0.0,0,2,0,0,0,0,0,0,0,0,0,0,0,0,0,0,0,0,0,0,0,0,0,0,4,1376.5848081650277,1538.8590163934423,1354.447186147186,808.640361445783,9,-0.7071067811865475,0.7071067811865476,0,0,2,8.671739130434782,6.401175342055556,8.057142857142857,5.127464788732395,18.47980769230769,18.61396918244445,18.572950819672133,18.397345132743364,229.431981981982,454.6492470125556,183.8434931506849,240.70067340067345,-64.70575374483724,470.29266324648825,1375.5148829470834,669.6031162490835,667,667,0.13733633288184316,0.4023675112177617
A4,roll_04,rf,2026-02-06 10:00:00+00:00,2026-02-06 11:00:00+00:00,0,1,2025-12-08T00:00:00+00:00,2026-02-02T00:00:00+00:00,2026-02-02T00:00:00+00:00,2026-02-09T00:00:00+00:00,-642.7065420560747,929.8690296381498,-1572.5755716942244,1,med,0,0.0,0,2,0,0,0,0,0,0,0,0,0,0,0,0,0,0,0,0,0,0,0,0,0,0,4,637.5708449115556,808.640361445783,662.0819532908704,1106.088343558282,10,-0.8660254037844387,0.4999999999999999,0,0,2,9.642622950819671,6.918664744916666,8.671739130434782,6.55,21.201242236024846,19.34717694561112,18.47980769230769,19.503125,512.6413407821229,1227.077606142361,229.431981981982,1064.7166666666667,-64.70575374483724,470.29266324648825,1375.5148829470834,669.6031162490835,667,667,3.2062371705745436,3.014056201393791
A4,roll_04,rf,2026-02-06 11:00:00+00:00,2026-02-06 12:00:00+00:00,0,1,2025-12-08T00:00:00+00:00,2026-02-02T00:00:00+00:00,2026-02-02T00:00:00+00:00,2026-02-09T00:00:00+00:00,-1011.863082437276,-298.7087786768729,-713.1543037604031,1,high,0,0.0,0,3,1,0,0,0,0,0,0,0,0,0,0,0,0,0,0,0,0,0,0,0,0,0,4,-1038.640299738972,1106.088343558282,-1116.5161157024795,-642.7065420560747,11,-0.9659258262890682,0.258819045102521,0,0,2,11.104,9.024725996194444,9.642622950819671,8.824117647058824,20.592156862745096,18.99885653263889,21.201242236024846,19.08695652173913,1345.569822485207,1549.6980390854724,512.6413407821229,1722.8723214285717,-64.70575374483724,470.29266324648825,1375.5148829470834,669.6031162490835,667,667,1.3788191921584436,3.5653626864189896
A4,roll_04,rf,2026-02-06 12:00:00+00:00,2026-02-06 13:00:00+00:00,0,1,2025-12-08T00:00:00+00:00,2026-02-02T00:00:00+00:00,2026-02-02T00:00:00+00:00,2026-02-09T00:00:00+00:00,-893.904280155642,-337.1668963631911,-556.7373837924509,1,high,0,0.0,0,3,1,0,0,0,0,0,0,0,0,0,0,0,0,0,0,0,0,0,0,0,0,0,4,338.58896643852773,-642.7065420560747,-936.9505836575876,-1011.863082437276,12,-1.0,1.2246467991473532e-16,0,0,2,12.322047244094488,10.370691970305556,11.104,11.251793721973094,19.06583850931677,18.922971791888887,20.592156862745096,19.05978260869565,1481.615811965812,1116.10089140025,1345.569822485207,1626.945238095238,-64.70575374483724,470.29266324648825,1375.5148829470834,669.6031162490835,667,667,1.0462243375243379,3.3892004204152046
A4,roll_04,rf,2026-02-06 13:00:00+00:00,2026-02-06 14:00:00+00:00,0,1,2025-12-08T00:00:00+00:00,2026-02-02T00:00:00+00:00,2026-02-02T00:00:00+00:00,2026-02-09T00:00:00+00:00,-665.2588028169014,-274.4464072029071,-390.8123956139943,1,high,0,0.0,0,3,1,0,0,0,0,0,0,0,0,0,0,0,0,0,0,0,0,0,0,0,0,0,4,-266.5041079402778,-1011.863082437276,-837.3921487603305,-893.904280155642,13,-0.9659258262890684,-0.2588190451025208,0,0,2,13.21132075471698,10.433649848611113,12.322047244094488,12.371243523316062,19.26928104575164,18.62102286772222,19.06583850931677,19.18704663212436,1291.4940092165898,1047.2821290664722,1481.615811965812,1425.287155963303,-64.70575374483724,470.29266324648825,1375.5148829470834,669.6031162490835,667,667,0.6934121396196204,3.0477362429192216
A4,roll_04,rf,2026-02-06 14:00:00+00:00,2026-02-06 15:00:00+00:00,0,1,2025-12-08T00:00:00+00:00,2026-02-02T00:00:00+00:00,2026-02-02T00:00:00+00:00,2026-02-09T00:00:00+00:00,710.4511864406779,-17.95233674009385,728.4035231807718,1,med,0,0.0,0,3,1,0,0,0,0,0,0,0,0,0,0,0,0,0,0,0,0,0,0,0,0,0,4,376.1624140875,-893.904280155642,-375.85170454545454,-665.2588028169014,14,-0.8660254037844388,-0.4999999999999997,0,0,2,14.566107382550337,9.447840296916668,13.21132075471698,14.806871609403254,19.071604938271605,18.27117152236111,19.26928104575164,18.775609756097563,1125.4931937172776,465.3144706611944,1291.4940092165898,1118.9860294117648,-64.70575374483724,470.29266324648825,1375.5148829470834,669.6031162490835,667,667,1.686416435779963,0.99322073085904
A4,roll_04,rf,2026-02-06 15:00:00+00:00,2026-02-06 16:00:00+00:00,0,1,2025-12-08T00:00:00+00:00,2026-02-02T00:00:00+00:00,2026-02-02T00:00:00+00:00,2026-02-09T00:00:00+00:00,641.5711610486892,1004.0064283638686,-362.4352673151794,1,med,0,0.0,0,3,0,0,0,0,0,0,0,0,0,0,0,0,0,0,0,0,0,0,0,0,0,0,4,1082.7555175266666,-665.2588028169014,735.4822981366459,710.4511864406779,15,-0.7071067811865479,-0.7071067811865471,0,0,2,14.59758064516129,8.110878659944445,14.566107382550337,15.497447795823666,18.913375796178343,18.16102492311111,19.071604938271605,18.53142857142857,540.7330049261084,92.0250742933889,1125.4931937172776,284.55916666666667,-64.70575374483724,470.29266324648825,1375.5148829470834,669.6031162490835,667,667,0.6330728434398244,1.0960876735606122
A4,roll_04,rf,2026-02-06 16:00:00+00:00,2026-02-06 17:00:00+00:00,0,1,2025-12-08T00:00:00+00:00,2026-02-02T00:00:00+00:00,2026-02-02T00:00:00+00:00,2026-02-09T00:00:00+00:00,1208.6992857142857,1141.8172662887794,66.88201942550631,1,low,0,0.0,0,3,0,0,0,0,0,0,0,0,0,0,0,0,0,0,0,0,0,0,0,0,0,0,4,1956.864773614972,710.4511864406779,773.8824840764331,641.5711610486892,16,-0.5000000000000004,-0.8660254037844385,0,0,2,12.954285714285714,7.078508756361111,14.59758064516129,12.19726775956284,17.714583333333334,18.30002895063889,18.913375796178343,17.5972972972973,82.90357142857144,0.0,540.7330049261084,13.7,-64.70575374483724,470.29266324648825,1375.5148829470834,669.6031162490835,667,667,0.2797997575849407,0.24912607660377808
A4,roll_04,rf,2026-02-06 18:00:00+00:00,2026-02-06 19:00:00+00:00,0,1,2025-12-08T00:00:00+00:00,2026-02-02T00:00:00+00:00,2026-02-02T00:00:00+00:00,2026-02-09T00:00:00+00:00,1523.3758957654725,1577.7090390267351,-54.33314326126265,0,night,0,0.0,0,2,0,0,0,0,0,0,0,0,0,0,0,0,0,0,0,0,0,0,0,0,0,0,4,1987.7934036818888,1208.6992857142857,1374.275974025974,1998.979389312977,18,-1.8369701987210287e-16,-1.0,0,0,2,9.967241379310344,5.544694557833334,10.932911392405064,9.466153846153846,18.37032967032967,17.869562911861113,17.48654970760234,18.28851351351351,0.0,0.0,0.0,0.0,-64.70575374483724,470.29266324648825,1375.5148829470834,669.6031162490835,667,667,0.022055650224205456,0.22081888394824428
A4,roll_04,rf,2026-02-06 19:00:00+00:00,2026-02-06 20:00:00+00:00,0,1,2025-12-08T00:00:00+00:00,2026-02-02T00:00:00+00:00,2026-02-02T00:00:00+00:00,2026-02-09T00:00:00+00:00,912.399686520376,1181.351414328389,-268.95172780801295,0,night,0,0.0,0,2,0,0,0,0,0,0,0,0,0,0,0,0,0,0,0,0,0,0,0,0,0,0,4,1676.7119280521667,1998.979389312977,1357.352397260274,1523.3758957654725,19,0.2588190451025203,-0.9659258262890684,0,0,2,8.668085106382978,4.983116204916667,9.967241379310344,8.97439024390244,17.89346405228758,17.935109248,18.37032967032967,17.808125,0.0,0.0,0.0,0.0,-64.70575374483724,470.29266324648825,1375.5148829470834,669.6031162490835,667,667,0.4342954717882277,0.6916264055354764
A4,roll_04,rf,2026-02-06 20:00:00+00:00,2026-02-06 21:00:00+00:00,0,1,2025-12-08T00:00:00+00:00,2026-02-02T00:00:00+00:00,2026-02-02T00:00:00+00:00,2026-02-09T00:00:00+00:00,912.399686520376,1002.0112563729772,-89.61156985260106,0,night,0,0.0,0,2,0,0,0,0,0,0,0,0,0,0,0,0,0,0,0,0,0,0,0,0,0,0,4,1399.5987402705557,1523.3758957654725,756.398866855524,912.399686520376,20,0.5000000000000001,-0.8660254037844386,0,0,2,8.10392156862745,5.276358198666666,8.668085106382978,8.583561643835617,18.22357723577236,18.03674184022222,17.89346405228758,18.25384615384615,0.0,0.0,0.0,0.0,-64.70575374483724,470.29266324648825,1375.5148829470834,669.6031162490835,667,667,0.05295812172751305,0.6916264055354764
A4,roll_04,rf,2026-02-07 08:00:00+00:00,2026-02-07 09:00:00+00:00,0,1,2025-12-08T00:00:00+00:00,2026-02-02T00:00:00+00:00,2026-02-02T00:00:00+00:00,2026-02-09T00:00:00+00:00,632.1936915887851,1181.5151824839872,-549.3214908952021,1,low,0,0.0,0,2,0,0,0,0,0,0,0,0,0,0,0,0,0,0,0,0,0,0,0,0,0,0,5,419.2874801181944,1559.708875739645,1538.8590163934423,706.9373134328358,8,-0.4999999999999998,0.8660254037844387,0,1,2,6.878666666666667,6.129296162111111,5.758620689655173,8.057142857142857,17.65909090909091,17.893700756944444,18.5,18.572950819672133,71.78510101010102,98.26437011297224,33.73630573248408,183.8434931506849,-64.70575374483724,470.29266324648825,1375.5148829470834,669.6031162490835,667,667,1.0304556609601407,1.1100921924051987
A4,roll_04,rf,2026-02-07 09:00:00+00:00,2026-02-07 10:00:00+00:00,0,1,2025-12-08T00:00:00+00:00,2026-02-02T00:00:00+00:00,2026-02-02T00:00:00+00:00,2026-02-09T00:00:00+00:00,578.2054744525547,808.2682350886805,-230.06276063612583,1,low,0,0.0,0,2,0,0,0,0,0,0,0,0,0,0,0,0,0,0,0,0,0,0,0,0,0,0,5,250.3521221068889,706.9373134328358,808.640361445783,632.1936915887851,9,-0.7071067811865475,0.7071067811865476,0,1,2,7.938235294117646,6.980553941499999,6.878666666666667,8.671739130434782,17.887999999999998,18.21654997936111,17.65909090909091,18.47980769230769,177.85555555555555,249.34129817261112,71.78510101010102,229.431981981982,-64.70575374483724,470.29266324648825,1375.5148829470834,669.6031162490835,667,667,0.3516044791126631,1.1907193815955004
A4,roll_04,rf,2026-02-07 10:00:00+00:00,2026-02-07 11:00:00+00:00,0,1,2025-12-08T00:00:00+00:00,2026-02-02T00:00:00+00:00,2026-02-02T00:00:00+00:00,2026-02-09T00:00:00+00:00,-41.95252679938744,935.6484349576116,-977.6009617569993,1,low,0,0.0,0,2,0,0,0,0,0,0,0,0,0,0,0,0,0,0,0,0,0,0,0,0,0,0,5,334.93582907008334,632.1936915887851,1106.088343558282,578.2054744525547,10,-0.8660254037844387,0.4999999999999999,0,1,2,9.332876712328767,7.7654809172777775,7.938235294117646,9.642622950819671,18.23333333333333,18.19416112413889,17.887999999999998,21.201242236024846,361.1058823529412,250.70677482605552,177.85555555555555,512.6413407821229,-64.70575374483724,470.29266324648825,1375.5148829470834,669.6031162490835,667,667,1.941121517206613,2.1168769609178337
A4,roll_04,rf,2026-02-07 11:00:00+00:00,2026-02-07 12:00:00+00:00,0,1,2025-12-08T00:00:00+00:00,2026-02-02T00:00:00+00:00,2026-02-02T00:00:00+00:00,2026-02-09T00:00:00+00:00,446.3483552631579,-160.43709284954605,606.785448112704,1,high,0,0.0,0,3,1,0,0,0,0,0,0,0,0,0,0,0,0,0,0,0,0,0,0,0,0,0,5,-25.482023055444444,578.2054744525547,-642.7065420560747,-41.95252679938744,11,-0.9659258262890682,0.258819045102521,0,1,2,11.009395973154364,8.519014925166667,9.332876712328767,11.104,22.01578947368421,18.472632186222224,18.23333333333333,20.592156862745096,1213.6232394366198,612.0282062237222,361.1058823529412,1345.569822485207,-64.70575374483724,470.29266324648825,1375.5148829470834,669.6031162490835,667,667,1.4278156015068462,1.387637699311853
A4,roll_04,rf,2026-02-07 12:00:00+00:00,2026-02-07 13:00:00+00:00,0,1,2025-12-08T00:00:00+00:00,2026-02-02T00:00:00+00:00,2026-02-02T00:00:00+00:00,2026-02-09T00:00:00+00:00,632.8982843137255,839.4474442727118,-206.54915995898625,1,med,0,0.0,0,3,0,0,0,0,0,0,0,0,0,0,0,0,0,0,0,0,0,0,0,0,0,0,5,-362.59401059927774,-41.95252679938744,-1011.863082437276,446.3483552631579,12,-1.0,1.2246467991473532e-16,0,1,2,12.537323943661972,9.44202883811111,11.009395973154364,12.322047244094488,18.544444444444444,18.927687698194443,22.01578947368421,19.06583850931677,456.2145833333333,951.2261224310834,1213.6232394366198,1481.615811965812,-64.70575374483724,470.29266324648825,1375.5148829470834,669.6031162490835,667,667,0.30160667452259726,1.109039938155118
A4,roll_04,rf,2026-02-07 13:00:00+00:00,2026-02-07 14:00:00+00:00,0,1,2025-12-08T00:00:00+00:00,2026-02-02T00:00:00+00:00,2026-02-02T00:00:00+00:00,2026-02-09T00:00:00+00:00,561.9701612903226,974.75285143154,-412.78269014121736,1,low,0,0.0,0,3,0,0,0,0,0,0,0,0,0,0,0,0,0,0,0,0,0,0,0,0,0,0,5,-31.184125589083333,446.3483552631579,-893.904280155642,632.8982843137255,13,-0.9659258262890684,-0.2588190451025208,0,1,2,13.079816513761468,9.86314300127778,12.537323943661972,13.21132075471698,18.383636363636363,22.238324754305555,18.544444444444444,19.26928104575164,217.9936170212766,534.3037095073611,456.2145833333333,1291.4940092165898,-64.70575374483724,470.29266324648825,1375.5148829470834,669.6031162490835,667,667,0.740128357507349,1.214965554840896
A4,roll_04,rf,2026-02-07 14:00:00+00:00,2026-02-07 15:00:00+00:00,0,1,2025-12-08T00:00:00+00:00,2026-02-02T00:00:00+00:00,2026-02-02T00:00:00+00:00,2026-02-09T00:00:00+00:00,334.5904761904762,873.8062293198645,-539.2157531293883,1,low,0,0.0,0,3,0,0,0,0,0,0,0,0,0,0,0,0,0,0,0,0,0,0,0,0,0,0,5,-90.87281389516666,632.8982843137255,-665.2588028169014,561.9701612903226,14,-0.8660254037844388,-0.4999999999999997,0,1,2,12.894736842105264,10.303680118944444,13.079816513761468,14.566107382550337,18.26071428571429,18.43448147455556,18.383636363636363,19.071604938271605,215.6050980392157,583.7794679558612,217.9936170212766,1125.4931937172776,-64.70575374483724,470.29266324648825,1375.5148829470834,669.6031162490835,667,667,1.0089674716780612,1.554539370407286
A4,roll_04,rf,2026-02-07 15:00:00+00:00,2026-02-07 16:00:00+00:00,0,1,2025-12-08T00:00:00+00:00,2026-02-02T00:00:00+00:00,2026-02-02T00:00:00+00:00,2026-02-09T00:00:00+00:00,645.034188034188,735.1522556748062,-90.11806764061816,1,low,0,0.0,0,3,0,0,0,0,0,0,0,0,0,0,0,0,0,0,0,0,0,0,0,0,0,0,5,422.2890764387501,561.9701612903226,710.4511864406779,334.5904761904762,15,-0.7071067811865479,-0.7071067811865471,0,1,2,13.559139784946236,9.053904908055555,12.894736842105264,14.59758064516129,18.19047619047619,17.928356537861113,18.26071428571429,18.913375796178343,343.98915662650603,94.08787515758333,215.6050980392157,540.7330049261084,-64.70575374483724,470.29266324648825,1375.5148829470834,669.6031162490835,667,667,0.054035105970730204,1.0909159130035562
A4,roll_04,rf,2026-02-07 16:00:00+00:00,2026-02-07 17:00:00+00:00,0,1,2025-12-08T00:00:00+00:00,2026-02-02T00:00:00+00:00,2026-02-02T00:00:00+00:00,2026-02-09T00:00:00+00:00,804.1076923076923,1040.3483576538454,-236.24066534615304,1,low,0,0.0,0,3,0,0,0,0,0,0,0,0,0,0,0,0,0,0,0,0,0,0,0,0,0,0,5,514.5742918275556,334.5904761904762,641.5711610486892,645.034188034188,16,-0.5000000000000004,-0.8660254037844385,0,1,2,12.831333333333331,7.789694033361112,13.559139784946236,12.954285714285714,18.5527397260274,17.82899920875,18.19047619047619,17.714583333333334,67.47500000000001,0.0,343.98915662650603,82.90357142857144,-64.70575374483724,470.29266324648825,1375.5148829470834,669.6031162490835,667,667,0.3647407774069643,0.8533520480613103
A4,roll_04,rf,2026-02-08 08:00:00+00:00,2026-02-08 09:00:00+00:00,0,1,2025-12-08T00:00:00+00:00,2026-02-02T00:00:00+00:00,2026-02-02T00:00:00+00:00,2026-02-09T00:00:00+00:00,1570.537150837989,1268.2778854955477,302.2592653424415,1,low,0,0.0,0,2,0,0,0,0,0,0,0,0,0,0,0,0,0,0,0,0,0,0,0,0,0,0,6,1089.2109433604444,1316.8424615384615,706.9373134328358,834.62125,8,-0.4999999999999998,0.8660254037844387,0,1,2,8.470689655172414,5.01099208125,7.626666666666666,6.878666666666667,18.1,18.566264010416667,18.192307692307693,17.65909090909091,73.31646706586827,106.04772709316669,53.618,71.78510101010102,-64.70575374483724,470.29266324648825,1375.5148829470834,669.6031162490835,667,667,0.7802907588523154,0.2912505380550826
A4,roll_04,rf,2026-02-08 09:00:00+00:00,2026-02-08 10:00:00+00:00,0,1,2025-12-08T00:00:00+00:00,2026-02-02T00:00:00+00:00,2026-02-02T00:00:00+00:00,2026-02-09T00:00:00+00:00,1105.7391382405744,1037.5877214951029,68.15141674547158,1,low,0,0.0,0,2,0,0,0,0,0,0,0,0,0,0,0,0,0,0,0,0,0,0,0,0,0,0,6,303.2054646118889,834.62125,632.1936915887851,1570.537150837989,9,-0.7071067811865475,0.7071067811865476,0,1,2,9.661111111111111,5.626684347805555,8.470689655172414,7.938235294117646,18.002380952380953,18.47450458186111,18.1,17.887999999999998,309.2880503144654,248.01824049366667,73.31646706586827,177.85555555555555,-64.70575374483724,470.29266324648825,1375.5148829470834,669.6031162490835,667,667,0.2824989222097989,0.4028890221086664
A4,roll_04,rf,2026-02-08 10:00:00+00:00,2026-02-08 11:00:00+00:00,0,1,2025-12-08T00:00:00+00:00,2026-02-02T00:00:00+00:00,2026-02-02T00:00:00+00:00,2026-02-09T00:00:00+00:00,923.620527306968,1014.8029839094484,-91.18245660248031,1,med,0,0.0,0,3,0,0,0,0,0,0,0,0,0,0,0,0,0,0,0,0,0,0,0,0,0,0,6,306.5586802728889,1570.537150837989,578.2054744525547,1105.7391382405744,10,-0.8660254037844387,0.4999999999999999,0,1,2,10.925438596491228,6.359563082472222,9.661111111111111,9.332876712328767,18.223809523809525,18.573064382416668,18.002380952380953,18.23333333333333,449.9447368421053,301.1109472033611,309.2880503144654,361.1058823529412,-64.70575374483724,470.29266324648825,1375.5148829470834,669.6031162490835,667,667,0.056298354039527494,0.6748689554664745
A4,roll_04,rf,2026-02-08 11:00:00+00:00,2026-02-08 12:00:00+00:00,0,1,2025-12-08T00:00:00+00:00,2026-02-02T00:00:00+00:00,2026-02-02T00:00:00+00:00,2026-02-09T00:00:00+00:00,947.024628450106,745.3444895148509,201.68013893525503,1,med,0,0.0,0,3,0,0,0,0,0,0,0,0,0,0,0,0,0,0,0,0,0,0,0,0,0,0,6,298.92543760088887,1105.7391382405744,-41.95252679938744,923.620527306968,11,-0.9659258262890682,0.258819045102521,0,1,2,12.82139037433155,6.701555503277778,10.925438596491228,11.009395973154364,18.8925,18.641836500222222,18.223809523809525,22.01578947368421,1151.1379310344828,264.21803932213885,449.9447368421053,1213.6232394366198,-64.70575374483724,470.29266324648825,1375.5148829470834,669.6031162490835,667,667,0.5664257886593375,0.6399167568055114
A4,roll_04,rf,2026-02-08 12:00:00+00:00,2026-02-08 13:00:00+00:00,0,1,2025-12-08T00:00:00+00:00,2026-02-02T00:00:00+00:00,2026-02-02T00:00:00+00:00,2026-02-09T00:00:00+00:00,712.1665188470066,1016.8078741769048,-304.64135532989815,1,med,0,0.0,0,3,0,0,0,0,0,0,0,0,0,0,0,0,0,0,0,0,0,0,0,0,0,0,6,73.55411946638888,923.620527306968,446.3483552631579,947.024628450106,12,-1.0,1.2246467991473532e-16,0,1,2,13.726470588235292,6.799436887527777,12.82139037433155,12.537323943661972,18.5984375,18.791125845166665,18.8925,18.544444444444444,707.3166666666667,435.7445417964166,1151.1379310344828,456.2145833333333,-64.70575374483724,470.29266324648825,1375.5148829470834,669.6031162490835,667,667,0.510183594889097,0.9906590157703506
A4,roll_04,rf,2026-02-08 13:00:00+00:00,2026-02-08 14:00:00+00:00,0,1,2025-12-08T00:00:00+00:00,2026-02-02T00:00:00+00:00,2026-02-02T00:00:00+00:00,2026-02-09T00:00:00+00:00,736.6655786350148,1077.2074304432524,-340.54185180823765,1,low,0,0.0,0,3,0,0,0,0,0,0,0,0,0,0,0,0,0,0,0,0,0,0,0,0,0,0,6,151.58054217927778,947.024628450106,632.8982843137255,712.1665188470066,13,-0.9659258262890684,-0.2588190451025208,0,1,2,13.098639455782314,8.563500269777778,13.726470588235292,13.079816513761468,18.634666666666664,19.11458533352777,18.5984375,18.383636363636363,370.931,910.9197011827224,707.3166666666667,217.9936170212766,-64.70575374483724,470.29266324648825,1375.5148829470834,669.6031162490835,667,667,0.5865200961445365,0.9540715818210516
A4,roll_04,rf,2026-02-08 14:00:00+00:00,2026-02-08 15:00:00+00:00,0,1,2025-12-08T00:00:00+00:00,2026-02-02T00:00:00+00:00,2026-02-02T00:00:00+00:00,2026-02-09T00:00:00+00:00,695.3514285714285,1113.8837217889095,-418.5322932174812,1,low,0,0.0,0,3,0,0,0,0,0,0,0,0,0,0,0,0,0,0,0,0,0,0,0,0,0,0,6,1336.6438164391946,712.1665188470066,561.9701612903226,736.6655786350148,14,-0.8660254037844388,-0.4999999999999997,0,1,2,12.781746031746032,9.976889929027775,13.098639455782314,12.894736842105264,18.4688524590164,19.289118039166667,18.634666666666664,18.26071428571429,168.9148148148148,639.4901448136667,370.931,215.6050980392157,-64.70575374483724,470.29266324648825,1375.5148829470834,669.6031162490835,667,667,0.7523539428196385,1.0157710408902025
A4,roll_04,rf,2026-02-08 15:00:00+00:00,2026-02-08 16:00:00+00:00,0,1,2025-12-08T00:00:00+00:00,2026-02-02T00:00:00+00:00,2026-02-02T00:00:00+00:00,2026-02-09T00:00:00+00:00,1433.765206812652,1187.703943142105,246.06126367054708,1,low,0,0.0,0,3,0,0,0,0,0,0,0,0,0,0,0,0,0,0,0,0,0,0,0,0,0,0,6,1896.0841900744165,736.6655786350148,334.5904761904762,695.3514285714285,15,-0.7071067811865479,-0.7071067811865471,0,1,2,11.961739130434784,9.471447134777778,12.781746031746032,13.559139784946236,17.71388888888889,18.72145362119445,18.4688524590164,18.19047619047619,56.1831234256927,146.96965613394443,168.9148148148148,343.98915662650603,-64.70575374483724,470.29266324648825,1375.5148829470834,669.6031162490835,667,667,0.6607949511058099,0.08699231298663825
A4,roll_04,rf,2026-02-08 16:00:00+00:00,2026-02-08 17:00:00+00:00,0,1,2025-12-08T00:00:00+00:00,2026-02-02T00:00:00+00:00,2026-02-02T00:00:00+00:00,2026-02-09T00:00:00+00:00,1460.5596112311014,1372.237128199877,88.32248303122446,1,low,0,0.0,0,3,0,0,0,0,0,0,0,0,0,0,0,0,0,0,0,0,0,0,0,0,0,0,6,2484.501672130778,695.3514285714285,645.034188034188,1433.765206812652,16,-0.5000000000000004,-0.8660254037844385,0,1,2,10.755,7.681018360972222,11.961739130434784,12.831333333333331,17.67758620689655,18.355588006666668,17.71388888888889,18.5527397260274,13.832142857142856,0.0,56.1831234256927,67.47500000000001,-64.70575374483724,470.29266324648825,1375.5148829470834,669.6031162490835,667,667,0.32538937715865884,0.12700766501866528
