dataset_id,split_id,model_name,ts_utc,ts_target_utc,is_train_split,is_test_split,train_start_utc,train_end_utc,test_start_utc,test_end_utc,y_true_t_plus_1,yhat_t_plus_1,residual_t_plus_1,is_daylight,pv_regime,pool_on,pool_on_lag_1h,pool_switch,temp_bin,flag_grid_exporting,imputed_any,imputed_count,gaplen_demand_h,gaplen_pv_h,gaplen_pool_h,gaplen_temp_h,pv_imputed_interp,pv_imputed_ffill_night_ok,pv_imputed_fallback_zero,pv_imputed_any,flag_demand_imputed,flag_pv_imputed,flag_pool_imputed,flag_temp_imputed,flag_demand_imputed_new,flag_pv_imputed_new,flag_pool_imputed_new,flag_temp_imputed_new,demand_imputed_any,pool_imputed_any,temp_imputed_any,day_of_week,demand_lag_168h,demand_lag_1h,demand_lag_24h,demand_w,hour,hour_cos,hour_sin,is_holiday_it,is_weekend,month,median_r_cal,mad_r_cal,median_y_cal,mad_y_cal,n_resid_cal,n_y_cal,anomaly_score,z_raw
A1,roll_03,mlr,2026-01-25 23:00:00+00:00,2026-01-26 00:00:00+00:00,0,1,2025-12-08T00:00:00+00:00,2026-01-26T00:00:00+00:00,2026-01-26T00:00:00+00:00,2026-02-02T00:00:00+00:00,369.4281183008611,325.0542330818141,44.373885219047,0,night,0,0.0,0,1,0,0,0,0,0,0,0,0,0,0,0,0,0,0,0,0,0,0,0,0,0,0,6,371.8011446672778,367.5400825782778,430.99813492583326,401.8299940770556,23,0.965925826289068,-0.2588190451025215,0,1,1,-169.37931517298614,363.9176662198347,1053.0844672548474,684.0517259136807,840,840,0.5873669245364679,0.9994220072185823
A1,roll_03,mlr,2026-01-26 00:00:00+00:00,2026-01-26 01:00:00+00:00,0,1,2025-12-08T00:00:00+00:00,2026-01-26T00:00:00+00:00,2026-01-26T00:00:00+00:00,2026-02-02T00:00:00+00:00,418.7639288361667,765.4728045812601,-346.7088757450934,0,night,0,0.0,0,1,0,0,0,0,0,0,0,0,0,0,0,0,0,0,0,0,0,0,0,0,0,0,0,368.0171135468333,401.8299940770556,377.7188413770555,369.4281183008611,0,1.0,0.0,0,0,1,-169.37931517298614,363.9176662198347,1053.0844672548474,684.0517259136807,840,840,0.4872793409951864,0.9272990833718391
A1,roll_03,mlr,2026-01-26 01:00:00+00:00,2026-01-26 02:00:00+00:00,0,1,2025-12-08T00:00:00+00:00,2026-01-26T00:00:00+00:00,2026-01-26T00:00:00+00:00,2026-02-02T00:00:00+00:00,391.5396551361389,758.4112970672952,-366.8716419311563,0,night,0,0.0,0,1,0,0,0,0,0,0,0,0,0,0,0,0,0,0,0,0,0,0,0,0,0,0,0,370.43651664125,369.4281183008611,364.4423996903056,418.7639288361667,1,0.9659258262890684,0.2588190451025207,0,0,1,-169.37931517298614,363.9176662198347,1053.0844672548474,684.0517259136807,840,840,0.5426840878861577,0.9670976434349172
A1,roll_03,mlr,2026-01-26 02:00:00+00:00,2026-01-26 03:00:00+00:00,0,1,2025-12-08T00:00:00+00:00,2026-01-26T00:00:00+00:00,2026-01-26T00:00:00+00:00,2026-02-02T00:00:00+00:00,371.4401780996666,718.6582426729344,-347.21806457326784,0,night,0,0.0,0,1,0,0,0,0,0,0,0,0,0,0,0,0,0,0,0,0,0,0,0,0,0,0,0,382.0239495386389,418.7639288361667,384.5271624152222,391.5396551361389,2,0.8660254037844387,0.4999999999999999,0,0,1,-169.37931517298614,363.9176662198347,1053.0844672548474,684.0517259136807,840,840,0.4886785278867259,0.9964806217610455
A1,roll_03,mlr,2026-01-26 03:00:00+00:00,2026-01-26 04:00:00+00:00,0,1,2025-12-08T00:00:00+00:00,2026-01-26T00:00:00+00:00,2026-01-26T00:00:00+00:00,2026-02-02T00:00:00+00:00,1028.218939733639,676.2567037696122,351.96223596402683,0,night,0,0.0,0,1,0,1,1,0,1,0,0,0,1,0,1,0,1,0,0,0,1,0,0,0,0,0,0,368.1878588306667,391.5396551361389,395.30640441158334,371.4401780996666,3,0.7071067811865476,0.7071067811865476,0,0,1,-169.37931517298614,363.9176662198347,1053.0844672548474,684.0517259136807,840,840,1.4325810465658513,0.03635036149933801
A1,roll_03,mlr,2026-01-26 04:00:00+00:00,2026-01-26 05:00:00+00:00,0,1,2025-12-08T00:00:00+00:00,2026-01-26T00:00:00+00:00,2026-01-26T00:00:00+00:00,2026-02-02T00:00:00+00:00,2114.055589798917,1092.3515532835563,1021.7040365153604,0,night,0,0.0,0,1,0,0,0,0,0,0,0,0,0,0,0,0,0,0,0,0,0,0,0,0,0,0,0,956.6022458266112,371.4401780996666,963.782436518,1028.218939733639,4,0.5000000000000001,0.8660254037844386,0,0,1,-169.37931517298614,363.9176662198347,1053.0844672548474,684.0517259136807,840,840,3.2729473236642463,1.5510100806001794
A1,roll_03,mlr,2026-01-26 05:00:00+00:00,2026-01-26 06:00:00+00:00,0,1,2025-12-08T00:00:00+00:00,2026-01-26T00:00:00+00:00,2026-01-26T00:00:00+00:00,2026-02-02T00:00:00+00:00,2600.770309974528,1877.5642235783848,723.2060863961433,0,night,0,0.0,0,1,0,0,0,0,0,0,0,0,0,0,0,0,0,0,0,0,0,0,0,0,0,0,0,2097.5119466174724,1028.218939733639,1696.815230154389,2114.055589798917,5,0.2588190451025207,0.9659258262890684,0,0,1,-169.37931517298614,363.9176662198347,1053.0844672548474,684.0517259136807,840,840,2.452712479833112,2.2625275020722344
A1,roll_03,mlr,2026-01-26 06:00:00+00:00,2026-01-26 07:00:00+00:00,0,1,2025-12-08T00:00:00+00:00,2026-01-26T00:00:00+00:00,2026-01-26T00:00:00+00:00,2026-02-02T00:00:00+00:00,2010.6085535996945,2311.581906572564,-300.97335297286963,0,night,0,0.0,0,1,0,0,0,0,0,0,0,0,0,0,0,0,0,0,0,0,0,0,0,0,0,0,0,2207.624277541472,2114.055589798917,1659.7306816588614,2600.770309974528,6,6.123233995736766e-17,1.0,0,0,1,-169.37931517298614,363.9176662198347,1053.0844672548474,684.0517259136807,840,840,0.36160387366407876,1.3997831597689374
A1,roll_03,mlr,2026-01-26 07:00:00+00:00,2026-01-26 08:00:00+00:00,0,1,2025-12-08T00:00:00+00:00,2026-01-26T00:00:00+00:00,2026-01-26T00:00:00+00:00,2026-02-02T00:00:00+00:00,1665.4681254328334,2044.5964933398404,-379.12836790700703,1,low,0,0.0,0,1,0,0,0,0,0,0,0,0,0,0,0,0,0,0,0,0,0,0,0,0,0,0,0,743.501432477222,2600.770309974528,2231.1363579284443,2010.6085535996945,7,-0.2588190451025206,0.9659258262890684,0,0,1,-169.37931517298614,363.9176662198347,1053.0844672548474,684.0517259136807,840,840,0.5763640301191536,0.8952300461782062
A1,roll_03,mlr,2026-01-26 08:00:00+00:00,2026-01-26 09:00:00+00:00,0,1,2025-12-08T00:00:00+00:00,2026-01-26T00:00:00+00:00,2026-01-26T00:00:00+00:00,2026-02-02T00:00:00+00:00,1007.3270680508888,1731.3276709922393,-724.0006029413505,1,low,0,0.0,0,1,0,0,0,0,0,0,0,0,0,0,0,0,0,0,0,0,0,0,0,0,0,0,0,1602.210022772833,2010.6085535996945,2238.324116505972,1665.4681254328334,8,-0.4999999999999998,0.8660254037844387,0,0,1,-169.37931517298614,363.9176662198347,1053.0844672548474,684.0517259136807,840,840,1.5240295793536163,0.06689172393043949
A1,roll_03,mlr,2026-01-26 09:00:00+00:00,2026-01-26 10:00:00+00:00,0,1,2025-12-08T00:00:00+00:00,2026-01-26T00:00:00+00:00,2026-01-26T00:00:00+00:00,2026-02-02T00:00:00+00:00,-569.4865977234444,1283.567094169604,-1853.0536918930484,1,med,0,0.0,0,2,0,0,0,0,0,0,0,0,0,0,0,0,0,0,0,0,0,0,0,0,0,0,0,401.86281383952775,1665.4681254328334,2327.768168646222,1007.3270680508888,9,-0.7071067811865475,0.7071067811865476,0,0,1,-169.37931517298614,363.9176662198347,1053.0844672548474,684.0517259136807,840,840,4.626525538617274,2.372000542518975
A1,roll_03,mlr,2026-01-26 10:00:00+00:00,2026-01-26 11:00:00+00:00,0,1,2025-12-08T00:00:00+00:00,2026-01-26T00:00:00+00:00,2026-01-26T00:00:00+00:00,2026-02-02T00:00:00+00:00,-741.4332030484165,149.11301089166966,-890.5462139400862,1,high,0,0.0,0,2,1,0,0,0,0,0,0,0,0,0,0,0,0,0,0,0,0,0,0,0,0,0,0,799.5036943302779,1007.3270680508888,3079.3561128761667,-569.4865977234444,10,-0.8660254037844387,0.4999999999999999,0,0,1,-169.37931517298614,363.9176662198347,1053.0844672548474,684.0517259136807,840,840,1.9816759825324306,2.6233654595437876
A1,roll_03,mlr,2026-01-26 11:00:00+00:00,2026-01-26 12:00:00+00:00,0,1,2025-12-08T00:00:00+00:00,2026-01-26T00:00:00+00:00,2026-01-26T00:00:00+00:00,2026-02-02T00:00:00+00:00,-1079.799870834083,-295.8407127423932,-783.9591580916899,1,high,0,0.0,0,2,1,0,0,0,0,0,0,0,0,0,0,0,0,0,0,0,0,0,0,0,0,0,0,764.1083921755,-569.4865977234444,1060.977643347722,-741.4332030484165,11,-0.9659258262890682,0.258819045102521,0,0,1,-169.37931517298614,363.9176662198347,1053.0844672548474,684.0517259136807,840,840,1.6887881517338856,3.1180161635292407
A1,roll_03,mlr,2026-01-26 12:00:00+00:00,2026-01-26 13:00:00+00:00,0,1,2025-12-08T00:00:00+00:00,2026-01-26T00:00:00+00:00,2026-01-26T00:00:00+00:00,2026-02-02T00:00:00+00:00,94.50215176250003,-488.0984294311928,582.6005811936928,1,high,0,0.0,0,2,1,0,0,0,0,0,0,0,0,0,0,0,0,0,0,0,0,0,0,0,0,0,0,135.93812644077775,-741.4332030484165,1745.3068945306666,-1079.799870834083,12,-1.0,1.2246467991473532e-16,0,0,1,-169.37931517298614,363.9176662198347,1053.0844672548474,684.0517259136807,840,840,2.0663462265457166,1.4013301614172218
A1,roll_03,mlr,2026-01-26 13:00:00+00:00,2026-01-26 14:00:00+00:00,0,1,2025-12-08T00:00:00+00:00,2026-01-26T00:00:00+00:00,2026-01-26T00:00:00+00:00,2026-02-02T00:00:00+00:00,-184.2188756273056,238.61545653904813,-422.83433216635376,1,high,0,0.0,0,3,0,0,0,0,0,0,0,0,0,0,0,0,0,0,0,0,0,0,0,0,0,0,0,227.14875664072224,-1079.799870834083,906.8727746182224,94.50215176250003,13,-0.9659258262890684,-0.2588190451025208,0,0,1,-169.37931517298614,363.9176662198347,1053.0844672548474,684.0517259136807,840,840,0.696462525785327,1.8087862306457891
A1,roll_03,mlr,2026-01-26 14:00:00+00:00,2026-01-26 15:00:00+00:00,0,1,2025-12-08T00:00:00+00:00,2026-01-26T00:00:00+00:00,2026-01-26T00:00:00+00:00,2026-02-02T00:00:00+00:00,297.8340901346389,138.18842786347057,159.64566227116836,1,med,0,0.0,0,3,1,0,0,0,0,0,0,0,0,0,0,0,0,0,0,0,0,0,0,0,0,0,0,1951.074940760889,94.50215176250003,1490.25308828425,-184.2188756273056,14,-0.8660254037844388,-0.4999999999999997,0,0,1,-169.37931517298614,363.9176662198347,1053.0844672548474,684.0517259136807,840,840,0.9041192774779934,1.104083724240924
A1,roll_03,mlr,2026-01-26 15:00:00+00:00,2026-01-26 16:00:00+00:00,0,1,2025-12-08T00:00:00+00:00,2026-01-26T00:00:00+00:00,2026-01-26T00:00:00+00:00,2026-02-02T00:00:00+00:00,931.8924169395276,460.6731596189837,471.21925732054393,1,low,0,0.0,0,3,0,0,0,0,0,0,0,0,0,0,0,0,0,0,0,0,0,0,0,0,0,0,0,806.2876032480555,-184.2188756273056,924.6930943503612,297.8340901346389,15,-0.7071067811865479,-0.7071067811865471,0,0,1,-169.37931517298614,363.9176662198347,1053.0844672548474,684.0517259136807,840,840,1.7602843498852252,0.17716796219386013
A1,roll_03,mlr,2026-01-26 16:00:00+00:00,2026-01-26 17:00:00+00:00,0,1,2025-12-08T00:00:00+00:00,2026-01-26T00:00:00+00:00,2026-01-26T00:00:00+00:00,2026-02-02T00:00:00+00:00,2682.2788242863057,970.6782741465638,1711.600550139742,0,night,0,0.0,0,2,0,0,0,0,0,0,0,0,0,0,0,0,0,0,0,0,0,0,0,0,0,0,0,738.6692789706944,297.8340901346389,1936.265559235028,931.8924169395276,16,-0.5000000000000004,-0.8660254037844385,0,0,1,-169.37931517298614,363.9176662198347,1053.0844672548474,684.0517259136807,840,840,5.168696218711376,2.381682985822981
A1,roll_03,mlr,2026-01-26 17:00:00+00:00,2026-01-26 18:00:00+00:00,0,1,2025-12-08T00:00:00+00:00,2026-01-26T00:00:00+00:00,2026-01-26T00:00:00+00:00,2026-02-02T00:00:00+00:00,1447.201125872611,2072.424684489891,-625.2235586172801,0,night,0,0.0,0,2,0,0,0,0,0,0,0,0,0,0,0,0,0,0,0,0,0,0,0,0,0,0,0,1883.6500829357776,931.8924169395276,1053.6913190111388,2682.2788242863057,17,-0.2588190451025206,-0.9659258262890684,0,0,1,-169.37931517298614,363.9176662198347,1053.0844672548474,684.0517259136807,840,840,1.2526026784556494,0.5761503753116715
A1,roll_03,mlr,2026-01-26 18:00:00+00:00,2026-01-26 19:00:00+00:00,0,1,2025-12-08T00:00:00+00:00,2026-01-26T00:00:00+00:00,2026-01-26T00:00:00+00:00,2026-02-02T00:00:00+00:00,1800.8310691792778,1512.465365377023,288.36570380225453,0,night,0,0.0,0,2,0,0,0,0,0,0,0,0,0,0,0,0,0,0,0,0,0,0,0,0,0,0,0,1098.2935032161668,2682.2788242863057,1042.3809986754163,1447.201125872611,18,-1.8369701987210287e-16,-1.0,0,0,1,-169.37931517298614,363.9176662198347,1053.0844672548474,684.0517259136807,840,840,1.2578257706750815,1.0931141222188618
A1,roll_03,mlr,2026-01-26 19:00:00+00:00,2026-01-26 20:00:00+00:00,0,1,2025-12-08T00:00:00+00:00,2026-01-26T00:00:00+00:00,2026-01-26T00:00:00+00:00,2026-02-02T00:00:00+00:00,1879.5046675005,1530.046287335625,349.45838016487505,0,night,0,0.0,0,2,0,0,0,0,0,0,0,0,0,0,0,0,0,0,0,0,0,0,0,0,0,0,0,1096.4852710823889,1447.201125872611,849.7813898698611,1800.8310691792778,19,0.2588190451025203,-0.9659258262890684,0,0,1,-169.37931517298614,363.9176662198347,1053.0844672548474,684.0517259136807,840,840,1.4257007655804286,1.2081253053514514
A1,roll_03,mlr,2026-01-26 20:00:00+00:00,2026-01-26 21:00:00+00:00,0,1,2025-12-08T00:00:00+00:00,2026-01-26T00:00:00+00:00,2026-01-26T00:00:00+00:00,2026-02-02T00:00:00+00:00,982.8754678472778,1591.750393386601,-608.8749255393232,0,night,0,0.0,0,1,0,0,0,0,0,0,0,0,0,0,0,0,0,0,0,0,0,0,0,0,0,0,0,852.2087300646944,1800.8310691792778,739.4192231492499,1879.5046675005,20,0.5000000000000001,-0.8660254037844386,0,0,1,-169.37931517298614,363.9176662198347,1053.0844672548474,684.0517259136807,840,840,1.207678689884891,0.10263697429283161
A1,roll_03,mlr,2026-01-26 21:00:00+00:00,2026-01-26 22:00:00+00:00,0,1,2025-12-08T00:00:00+00:00,2026-01-26T00:00:00+00:00,2026-01-26T00:00:00+00:00,2026-02-02T00:00:00+00:00,411.4689791798889,996.9225679282316,-585.4535887483428,0,night,0,0.0,0,1,0,0,0,0,0,0,0,0,0,0,0,0,0,0,0,0,0,0,0,0,0,0,0,568.0186646560555,1879.5046675005,575.8166761095833,982.8754678472778,21,0.7071067811865474,-0.7071067811865477,0,0,1,-169.37931517298614,363.9176662198347,1053.0844672548474,684.0517259136807,840,840,1.1433198005947183,0.9379634079834523
A1,roll_03,mlr,2026-01-26 22:00:00+00:00,2026-01-26 23:00:00+00:00,0,1,2025-12-08T00:00:00+00:00,2026-01-26T00:00:00+00:00,2026-01-26T00:00:00+00:00,2026-02-02T00:00:00+00:00,370.9779513775556,470.2164725369578,-99.23852115940218,0,night,0,0.0,0,1,0,0,0,0,0,0,0,0,0,0,0,0,0,0,0,0,0,0,0,0,0,0,0,461.19813976011113,982.8754678472778,367.5400825782778,411.4689791798889,22,0.8660254037844384,-0.5000000000000004,0,0,1,-169.37931517298614,363.9176662198347,1053.0844672548474,684.0517259136807,840,840,0.19273808480408708,0.9971563407229318
A1,roll_03,mlr,2026-01-26 23:00:00+00:00,2026-01-27 00:00:00+00:00,0,1,2025-12-08T00:00:00+00:00,2026-01-26T00:00:00+00:00,2026-01-26T00:00:00+00:00,2026-02-02T00:00:00+00:00,389.13017225908334,335.8953996214475,53.23477263763584,0,night,0,0.0,0,1,0,0,0,0,0,0,0,0,0,0,0,0,0,0,0,0,0,0,0,0,0,0,0,356.1728901926111,411.4689791798889,401.8299940770556,370.9779513775556,23,0.965925826289068,-0.2588190451025215,0,0,1,-169.37931517298614,363.9176662198347,1053.0844672548474,684.0517259136807,840,840,0.6117155292926771,0.9706200128490682
A1,roll_03,mlr,2026-01-27 00:00:00+00:00,2026-01-27 01:00:00+00:00,0,1,2025-12-08T00:00:00+00:00,2026-01-26T00:00:00+00:00,2026-01-26T00:00:00+00:00,2026-02-02T00:00:00+00:00,376.84390502849993,786.3123998873921,-409.46849485889214,0,night,0,0.0,0,1,0,0,0,0,0,0,0,0,0,0,0,0,0,0,0,0,0,0,0,0,0,0,1,357.6195414715833,370.9779513775556,369.4281183008611,389.13017225908334,0,1.0,0.0,0,0,1,-169.37931517298614,363.9176662198347,1053.0844672548474,684.0517259136807,840,840,0.6597348850354338,0.9885810335806113
A1,roll_03,mlr,2026-01-27 01:00:00+00:00,2026-01-27 02:00:00+00:00,0,1,2025-12-08T00:00:00+00:00,2026-01-26T00:00:00+00:00,2026-01-26T00:00:00+00:00,2026-02-02T00:00:00+00:00,378.1934371171667,750.7293941468179,-372.5359570296512,0,night,0,0.0,0,1,0,1,1,0,3,0,0,0,1,0,1,0,1,0,0,0,1,0,0,0,0,0,1,383.7339380009167,389.13017225908334,418.7639288361667,376.84390502849993,1,0.9659258262890684,0.2588190451025207,0,0,1,-169.37931517298614,363.9176662198347,1053.0844672548474,684.0517259136807,840,840,0.5582489137362805,0.9866081826432582
A1,roll_03,mlr,2026-01-27 02:00:00+00:00,2026-01-27 03:00:00+00:00,0,1,2025-12-08T00:00:00+00:00,2026-01-26T00:00:00+00:00,2026-01-26T00:00:00+00:00,2026-02-02T00:00:00+00:00,391.1898017904167,718.2091878932013,-327.0193861027845,0,night,0,0.0,0,1,0,1,1,0,3,0,0,0,1,0,1,0,1,0,0,0,1,0,0,0,0,0,1,363.2547627211111,376.84390502849993,391.5396551361389,378.1934371171667,2,0.8660254037844387,0.4999999999999999,0,0,1,-169.37931517298614,363.9176662198347,1053.0844672548474,684.0517259136807,840,840,0.4331750985525705,0.9676090862578337
A1,roll_03,mlr,2026-01-27 03:00:00+00:00,2026-01-27 04:00:00+00:00,0,1,2025-12-08T00:00:00+00:00,2026-01-26T00:00:00+00:00,2026-01-26T00:00:00+00:00,2026-02-02T00:00:00+00:00,949.6719199514168,698.451327441722,251.2205925096948,0,night,0,0.0,0,1,0,1,1,0,3,0,0,0,1,0,1,0,1,0,0,0,1,0,0,0,0,0,1,365.0164142213889,378.1934371171667,371.4401780996666,391.1898017904167,3,0.7071067811865476,0.7071067811865476,0,0,1,-169.37931517298614,363.9176662198347,1053.0844672548474,684.0517259136807,840,840,1.1557556742205688,0.15117650228175872
A1,roll_03,mlr,2026-01-27 04:00:00+00:00,2026-01-27 05:00:00+00:00,0,1,2025-12-08T00:00:00+00:00,2026-01-26T00:00:00+00:00,2026-01-26T00:00:00+00:00,2026-02-02T00:00:00+00:00,1868.492211110528,1061.4466451968428,807.0455659136851,0,night,0,0.0,0,1,0,0,0,0,0,0,0,0,0,0,0,0,0,0,0,0,0,0,0,0,0,0,1,1039.7831993372222,391.1898017904167,1028.218939733639,949.6719199514168,4,0.5000000000000001,0.8660254037844386,0,0,1,-169.37931517298614,363.9176662198347,1053.0844672548474,684.0517259136807,840,840,2.683092830389922,1.192026440349301
A1,roll_03,mlr,2026-01-27 05:00:00+00:00,2026-01-27 06:00:00+00:00,0,1,2025-12-08T00:00:00+00:00,2026-01-26T00:00:00+00:00,2026-01-26T00:00:00+00:00,2026-02-02T00:00:00+00:00,1857.5546669058888,1751.636561565023,105.91810534086584,0,night,0,0.0,0,1,0,0,0,0,0,0,0,0,0,0,0,0,0,0,0,0,0,0,0,0,0,0,1,1994.0688999676115,949.6719199514168,2114.055589798917,1868.492211110528,5,0.2588190451025207,0.9659258262890684,0,0,1,-169.37931517298614,363.9176662198347,1053.0844672548474,684.0517259136807,840,840,0.7564827049301609,1.1760370878043163
A1,roll_03,mlr,2026-01-27 06:00:00+00:00,2026-01-27 07:00:00+00:00,0,1,2025-12-08T00:00:00+00:00,2026-01-26T00:00:00+00:00,2026-01-26T00:00:00+00:00,2026-02-02T00:00:00+00:00,1526.8297823245,1882.2236934370285,-355.3939111125285,0,night,0,0.0,0,1,0,0,0,0,0,0,0,0,0,0,0,0,0,0,0,0,0,0,0,0,0,0,1,2029.167694873528,1868.492211110528,2600.770309974528,1857.5546669058888,6,6.123233995736766e-17,1.0,0,0,1,-169.37931517298614,363.9176662198347,1053.0844672548474,684.0517259136807,840,840,0.5111447264205498,0.6925577366782841
A1,roll_03,mlr,2026-01-27 07:00:00+00:00,2026-01-27 08:00:00+00:00,0,1,2025-12-08T00:00:00+00:00,2026-01-26T00:00:00+00:00,2026-01-26T00:00:00+00:00,2026-02-02T00:00:00+00:00,1412.669924658583,1625.2697985629893,-212.5998739044062,1,low,0,0.0,0,1,0,0,0,0,0,0,0,0,0,0,0,0,0,0,0,0,0,0,0,0,0,0,1,2071.0094555605,1857.5546669058888,2010.6085535996945,1526.8297823245,7,-0.2588190451025206,0.9659258262890684,0,0,1,-169.37931517298614,363.9176662198347,1053.0844672548474,684.0517259136807,840,840,0.11876466229400214,0.5256699804732474
A1,roll_03,mlr,2026-01-27 08:00:00+00:00,2026-01-27 09:00:00+00:00,0,1,2025-12-08T00:00:00+00:00,2026-01-26T00:00:00+00:00,2026-01-26T00:00:00+00:00,2026-02-02T00:00:00+00:00,1534.4343933593334,1482.1655992596588,52.26879409967455,1,med,0,0.0,0,1,0,0,0,0,0,0,0,0,0,0,0,0,0,0,0,0,0,0,0,0,0,0,1,1907.5549124286945,1526.8297823245,1665.4681254328334,1412.669924658583,8,-0.4999999999999998,0.8660254037844387,0,0,1,-169.37931517298614,363.9176662198347,1053.0844672548474,684.0517259136807,840,840,0.6090611417000238,0.7036747483701645
A1,roll_03,mlr,2026-01-27 09:00:00+00:00,2026-01-27 10:00:00+00:00,0,1,2025-12-08T00:00:00+00:00,2026-01-26T00:00:00+00:00,2026-01-26T00:00:00+00:00,2026-02-02T00:00:00+00:00,1156.7474213855278,1511.3777740560076,-354.63035267047985,1,med,0,0.0,0,1,0,0,0,0,0,0,0,0,0,0,0,0,0,0,0,0,0,0,0,0,0,0,1,720.9783473233889,1412.669924658583,1007.3270680508888,1534.4343933593334,9,-0.7071067811865475,0.7071067811865476,0,0,1,-169.37931517298614,363.9176662198347,1053.0844672548474,684.0517259136807,840,840,0.509046563805967,0.15154256645170933
A1,roll_03,mlr,2026-01-27 10:00:00+00:00,2026-01-27 11:00:00+00:00,0,1,2025-12-08T00:00:00+00:00,2026-01-26T00:00:00+00:00,2026-01-26T00:00:00+00:00,2026-02-02T00:00:00+00:00,339.89285018286114,1196.6307848807965,-856.7379346979353,1,med,0,0.0,0,2,0,0,0,0,0,0,0,0,0,0,0,0,0,0,0,0,0,0,0,0,0,0,1,151.7976551743889,1534.4343933593334,-569.4865977234444,1156.7474213855278,10,-0.8660254037844387,0.4999999999999999,0,0,1,-169.37931517298614,363.9176662198347,1053.0844672548474,684.0517259136807,840,840,1.8887750810913666,1.0425989586085522
A1,roll_03,mlr,2026-01-27 11:00:00+00:00,2026-01-27 12:00:00+00:00,0,1,2025-12-08T00:00:00+00:00,2026-01-26T00:00:00+00:00,2026-01-26T00:00:00+00:00,2026-02-02T00:00:00+00:00,1030.8584088937498,610.4277976092488,420.43061128450097,1,med,0,0.0,0,2,0,0,0,0,0,0,0,0,0,0,0,0,0,0,0,0,0,0,0,0,0,0,1,787.0186959797501,1156.7474213855278,-741.4332030484165,339.89285018286114,11,-0.9659258262890682,0.258819045102521,0,0,1,-169.37931517298614,363.9176662198347,1053.0844672548474,684.0517259136807,840,840,1.620723535034971,0.03249178025449822
A1,roll_03,mlr,2026-01-27 12:00:00+00:00,2026-01-27 13:00:00+00:00,0,1,2025-12-08T00:00:00+00:00,2026-01-26T00:00:00+00:00,2026-01-26T00:00:00+00:00,2026-02-02T00:00:00+00:00,1307.5905215424166,921.680057023494,385.9104645189225,1,low,0,0.0,0,2,0,0,0,0,0,0,0,0,0,0,0,0,0,0,0,0,0,0,0,0,0,0,1,-140.12853059388888,339.89285018286114,-1079.799870834083,1030.8584088937498,12,-1.0,1.2246467991473532e-16,0,0,1,-169.37931517298614,363.9176662198347,1053.0844672548474,684.0517259136807,840,840,1.5258665111258165,0.3720567387614265
A1,roll_03,mlr,2026-01-27 13:00:00+00:00,2026-01-27 14:00:00+00:00,0,1,2025-12-08T00:00:00+00:00,2026-01-26T00:00:00+00:00,2026-01-26T00:00:00+00:00,2026-02-02T00:00:00+00:00,899.1258070269446,1251.1268278192392,-352.00102079229464,1,low,0,0.0,0,2,0,0,0,0,0,0,0,0,0,0,0,0,0,0,0,0,0,0,0,0,0,0,1,90.30469802694444,1030.8584088937498,94.50215176250003,1307.5905215424166,13,-0.9659258262890684,-0.2588190451025208,0,0,1,-169.37931517298614,363.9176662198347,1053.0844672548474,684.0517259136807,840,840,0.501821490328504,0.22506874026560172
A1,roll_03,mlr,2026-01-27 14:00:00+00:00,2026-01-27 15:00:00+00:00,0,1,2025-12-08T00:00:00+00:00,2026-01-26T00:00:00+00:00,2026-01-26T00:00:00+00:00,2026-02-02T00:00:00+00:00,1560.9848600250834,989.0077868215624,571.9770732035211,1,low,0,0.0,0,2,0,0,0,0,0,0,0,0,0,0,0,0,0,0,0,0,0,0,0,0,0,0,1,1579.226911155389,1307.5905215424166,-184.2188756273056,899.1258070269446,14,-0.8660254037844388,-0.4999999999999997,0,0,1,-169.37931517298614,363.9176662198347,1053.0844672548474,684.0517259136807,840,840,2.037154162031447,0.7424882849200313
A1,roll_03,mlr,2026-01-27 15:00:00+00:00,2026-01-27 16:00:00+00:00,0,1,2025-12-08T00:00:00+00:00,2026-01-26T00:00:00+00:00,2026-01-26T00:00:00+00:00,2026-02-02T00:00:00+00:00,1794.9346924112222,1369.0194795573575,425.9152128538647,1,night,0,0.0,0,2,0,0,0,0,0,0,0,0,0,0,0,0,0,0,0,0,0,0,0,0,0,0,1,1514.7609178625555,899.1258070269446,297.8340901346389,1560.9848600250834,15,-0.7071067811865479,-0.7071067811865471,0,0,1,-169.37931517298614,363.9176662198347,1053.0844672548474,684.0517259136807,840,840,1.6357945306981787,1.0844943401984597
A1,roll_03,mlr,2026-01-27 16:00:00+00:00,2026-01-27 17:00:00+00:00,0,1,2025-12-08T00:00:00+00:00,2026-01-26T00:00:00+00:00,2026-01-26T00:00:00+00:00,2026-02-02T00:00:00+00:00,843.3756644045833,1630.8789971121987,-787.5033327076154,0,night,0,0.0,0,2,0,0,0,0,0,0,0,0,0,0,0,0,0,0,0,0,0,0,0,0,0,0,1,1201.4197669487778,1560.9848600250834,931.8924169395276,1794.9346924112222,16,-0.5000000000000004,-0.8660254037844385,0,0,1,-169.37931517298614,363.9176662198347,1053.0844672548474,684.0517259136807,840,840,1.698527098053091,0.30656863349063
A1,roll_03,mlr,2026-01-27 17:00:00+00:00,2026-01-27 18:00:00+00:00,0,1,2025-12-08T00:00:00+00:00,2026-01-26T00:00:00+00:00,2026-01-26T00:00:00+00:00,2026-02-02T00:00:00+00:00,973.197521312722,1153.300206042275,-180.10268472955306,0,night,0,0.0,0,2,0,0,0,0,0,0,0,0,0,0,0,0,0,0,0,0,0,0,0,0,0,0,1,753.0024936381111,1794.9346924112222,2682.2788242863057,843.3756644045833,17,-0.2588190451025206,-0.9659258262890684,0,0,1,-169.37931517298614,363.9176662198347,1053.0844672548474,684.0517259136807,840,840,0.02946647154548735,0.11678494902621765
A1,roll_03,mlr,2026-01-27 18:00:00+00:00,2026-01-27 19:00:00+00:00,0,1,2025-12-08T00:00:00+00:00,2026-01-26T00:00:00+00:00,2026-01-26T00:00:00+00:00,2026-02-02T00:00:00+00:00,1523.8945169891667,1005.2124903522632,518.6820266369036,0,night,0,0.0,0,2,0,0,0,0,0,0,0,0,0,0,0,0,0,0,0,0,0,0,0,0,0,0,1,1059.3235259904168,843.3756644045833,1447.201125872611,973.197521312722,18,-1.8369701987210287e-16,-1.0,0,0,1,-169.37931517298614,363.9176662198347,1053.0844672548474,684.0517259136807,840,840,1.8907060735937093,0.6882667375854704
A1,roll_03,mlr,2026-01-27 19:00:00+00:00,2026-01-27 20:00:00+00:00,0,1,2025-12-08T00:00:00+00:00,2026-01-26T00:00:00+00:00,2026-01-26T00:00:00+00:00,2026-02-02T00:00:00+00:00,985.6768274591944,1348.2848852393447,-362.6080577801503,0,night,0,0.0,0,2,0,0,0,0,0,0,0,0,0,0,0,0,0,0,0,0,0,0,0,0,0,0,1,2397.7932220235834,973.197521312722,1800.8310691792778,1523.8945169891667,19,0.2588190451025203,-0.9659258262890684,0,0,1,-169.37931517298614,363.9176662198347,1053.0844672548474,684.0517259136807,840,840,0.5309682945989188,0.09854172899807723
A1,roll_03,mlr,2026-01-27 20:00:00+00:00,2026-01-27 21:00:00+00:00,0,1,2025-12-08T00:00:00+00:00,2026-01-26T00:00:00+00:00,2026-01-26T00:00:00+00:00,2026-02-02T00:00:00+00:00,1010.58551608475,1069.150434313092,-58.56491822834187,0,night,0,0.0,0,2,0,0,0,0,0,0,0,0,0,0,0,0,0,0,0,0,0,0,0,0,0,0,1,1239.3215171065278,1523.8945169891667,1879.5046675005,985.6768274591944,20,0.5000000000000001,-0.8660254037844386,0,0,1,-169.37931517298614,363.9176662198347,1053.0844672548474,684.0517259136807,840,840,0.304504032727292,0.06212827124050008
A1,roll_03,mlr,2026-01-27 21:00:00+00:00,2026-01-27 22:00:00+00:00,0,1,2025-12-08T00:00:00+00:00,2026-01-26T00:00:00+00:00,2026-01-26T00:00:00+00:00,2026-02-02T00:00:00+00:00,469.4664131017777,926.3730126979472,-456.9065995961696,0,night,0,0.0,0,2,0,0,0,0,0,0,0,0,0,0,0,0,0,0,0,0,0,0,0,0,0,0,1,1097.120321607,985.6768274591944,982.8754678472778,1010.58551608475,21,0.7071067811865474,-0.7071067811865477,0,0,1,-169.37931517298614,363.9176662198347,1053.0844672548474,684.0517259136807,840,840,0.790088833581095,0.853178249603182
A1,roll_03,mlr,2026-01-27 22:00:00+00:00,2026-01-27 23:00:00+00:00,0,1,2025-12-08T00:00:00+00:00,2026-01-26T00:00:00+00:00,2026-01-26T00:00:00+00:00,2026-02-02T00:00:00+00:00,1039.222492417361,525.2952795269758,513.9272128903852,0,night,0,0.0,0,2,0,0,0,0,0,0,0,0,0,0,0,0,0,0,0,0,0,0,0,0,0,0,1,532.8753846346667,1010.58551608475,411.4689791798889,469.4664131017777,22,0.8660254037844384,-0.5000000000000004,0,0,1,-169.37931517298614,363.9176662198347,1053.0844672548474,684.0517259136807,840,840,1.8776404431286962,0.020264512627273898
A1,roll_03,mlr,2026-01-27 23:00:00+00:00,2026-01-28 00:00:00+00:00,0,1,2025-12-08T00:00:00+00:00,2026-01-26T00:00:00+00:00,2026-01-26T00:00:00+00:00,2026-02-02T00:00:00+00:00,431.1445660605278,775.5824963543414,-344.4379302938136,0,night,0,0.0,0,2,0,0,0,0,0,0,0,0,0,0,0,0,0,0,0,0,0,0,0,0,0,0,1,374.928417115,469.4664131017777,370.9779513775556,1039.222492417361,23,0.965925826289068,-0.2588190451025215,0,0,1,-169.37931517298614,363.9176662198347,1053.0844672548474,684.0517259136807,840,840,0.48103906836739935,0.9092001052458439
A1,roll_03,mlr,2026-01-28 00:00:00+00:00,2026-01-28 01:00:00+00:00,0,1,2025-12-08T00:00:00+00:00,2026-01-26T00:00:00+00:00,2026-01-26T00:00:00+00:00,2026-02-02T00:00:00+00:00,417.8579242465556,916.312058713566,-498.4541344670103,0,night,0,0.0,0,2,0,0,0,0,0,0,0,0,0,0,0,0,0,0,0,0,0,0,0,0,0,0,2,373.7627816694167,1039.222492417361,389.13017225908334,431.1445660605278,0,1.0,0.0,0,0,1,-169.37931517298614,363.9176662198347,1053.0844672548474,684.0517259136807,840,840,0.9042562366159967,0.9286235513254884
A1,roll_03,mlr,2026-01-28 01:00:00+00:00,2026-01-28 02:00:00+00:00,0,1,2025-12-08T00:00:00+00:00,2026-01-26T00:00:00+00:00,2026-01-26T00:00:00+00:00,2026-02-02T00:00:00+00:00,419.1348331130556,792.6330295624444,-373.4981964493888,0,night,0,0.0,0,2,0,0,0,0,0,0,0,0,0,0,0,0,0,0,0,0,0,0,0,0,0,0,2,382.08433273438885,431.1445660605278,376.84390502849993,417.8579242465556,1,0.9659258262890684,0.2588190451025207,0,0,1,-169.37931517298614,363.9176662198347,1053.0844672548474,684.0517259136807,840,840,0.5608930267020862,0.9267568666609706
A1,roll_03,mlr,2026-01-28 02:00:00+00:00,2026-01-28 03:00:00+00:00,0,1,2025-12-08T00:00:00+00:00,2026-01-26T00:00:00+00:00,2026-01-26T00:00:00+00:00,2026-02-02T00:00:00+00:00,421.2961618739444,761.6204058719386,-340.3242439979942,0,night,0,0.0,0,2,0,1,1,0,1,0,0,0,1,0,1,0,1,0,0,0,1,0,0,0,0,0,2,365.3667726035,417.8579242465556,378.1934371171667,419.1348331130556,2,0.8660254037844387,0.4999999999999999,0,0,1,-169.37931517298614,363.9176662198347,1053.0844672548474,684.0517259136807,840,840,0.4697351755430965,0.9235972682285539
A1,roll_03,mlr,2026-01-28 03:00:00+00:00,2026-01-28 04:00:00+00:00,0,1,2025-12-08T00:00:00+00:00,2026-01-26T00:00:00+00:00,2026-01-26T00:00:00+00:00,2026-02-02T00:00:00+00:00,1092.225752789,736.9751313675079,355.25062142149204,0,night,0,0.0,0,2,0,0,0,0,0,0,0,0,0,0,0,0,0,0,0,0,0,0,0,0,0,0,2,371.9783939987778,419.1348331130556,391.1898017904167,421.2961618739444,3,0.7071067811865476,0.7071067811865476,0,0,1,-169.37931517298614,363.9176662198347,1053.0844672548474,684.0517259136807,840,840,1.441617116431937,0.057219774545370715
A1,roll_03,mlr,2026-01-28 04:00:00+00:00,2026-01-28 05:00:00+00:00,0,1,2025-12-08T00:00:00+00:00,2026-01-26T00:00:00+00:00,2026-01-26T00:00:00+00:00,2026-02-02T00:00:00+00:00,2035.0871509705555,1163.389249819639,871.6979011509166,0,night,0,0.0,0,2,0,0,0,0,0,0,0,0,0,0,0,0,0,0,0,0,0,0,0,0,0,0,2,1049.641280434889,421.2961618739444,949.6719199514168,1092.225752789,4,0.5000000000000001,0.8660254037844386,0,0,1,-169.37931517298614,363.9176662198347,1053.0844672548474,684.0517259136807,840,840,2.860749320410872,1.435567876689526
A1,roll_03,mlr,2026-01-28 05:00:00+00:00,2026-01-28 06:00:00+00:00,0,1,2025-12-08T00:00:00+00:00,2026-01-26T00:00:00+00:00,2026-01-26T00:00:00+00:00,2026-02-02T00:00:00+00:00,2063.430210569112,1871.926552361413,191.50365820769863,0,night,0,0.0,0,2,0,0,0,0,0,0,0,0,0,0,0,0,0,0,0,0,0,0,0,0,0,0,2,2165.628261214222,1092.225752789,1868.492211110528,2035.0871509705555,5,0.2588190451025207,0.9659258262890684,0,0,1,-169.37931517298614,363.9176662198347,1053.0844672548474,684.0517259136807,840,840,0.9916610455582645,1.4770019649680097
A1,roll_03,mlr,2026-01-28 06:00:00+00:00,2026-01-28 07:00:00+00:00,0,1,2025-12-08T00:00:00+00:00,2026-01-26T00:00:00+00:00,2026-01-26T00:00:00+00:00,2026-02-02T00:00:00+00:00,1837.9513309886668,2002.4911092896664,-164.5397783009996,0,night,0,0.0,0,2,0,0,0,0,0,0,0,0,0,0,0,0,0,0,0,0,0,0,0,0,0,0,2,2007.6322741502224,2035.0871509705555,1857.5546669058888,2063.430210569112,6,6.123233995736766e-17,1.0,0,0,1,-169.37931517298614,363.9176662198347,1053.0844672548474,684.0517259136807,840,840,0.01329843896356242,1.147379407142758
A1,roll_03,mlr,2026-01-28 07:00:00+00:00,2026-01-28 08:00:00+00:00,0,1,2025-12-08T00:00:00+00:00,2026-01-26T00:00:00+00:00,2026-01-26T00:00:00+00:00,2026-02-02T00:00:00+00:00,1887.533959910028,1835.6685420695803,51.86541784044766,1,night,0,0.0,0,2,0,0,0,0,0,0,0,0,0,0,0,0,0,0,0,0,0,0,0,0,0,0,2,1787.7926135424725,2063.430210569112,1526.8297823245,1837.9513309886668,7,-0.2588190451025206,0.9659258262890684,0,0,1,-169.37931517298614,363.9176662198347,1053.0844672548474,684.0517259136807,840,840,0.6079527144466372,1.2198631492971022
A1,roll_03,mlr,2026-01-28 08:00:00+00:00,2026-01-28 09:00:00+00:00,0,1,2025-12-08T00:00:00+00:00,2026-01-26T00:00:00+00:00,2026-01-26T00:00:00+00:00,2026-02-02T00:00:00+00:00,1927.4843435574169,1826.3043267571095,101.18001680030716,1,night,0,0.0,0,2,0,0,0,0,0,0,0,0,0,0,0,0,0,0,0,0,0,0,0,0,0,0,2,1396.283928898889,1837.9513309886668,1412.669924658583,1887.533959910028,8,-0.4999999999999998,0.8660254037844387,0,0,1,-169.37931517298614,363.9176662198347,1053.0844672548474,684.0517259136807,840,840,0.7434630332286598,1.2782657263741901
A1,roll_03,mlr,2026-01-28 09:00:00+00:00,2026-01-28 10:00:00+00:00,0,1,2025-12-08T00:00:00+00:00,2026-01-26T00:00:00+00:00,2026-01-26T00:00:00+00:00,2026-02-02T00:00:00+00:00,1864.801970357278,1864.313137500504,0.4888328567742519,1,low,0,0.0,0,2,0,0,0,0,0,0,0,0,0,0,0,0,0,0,0,0,0,0,0,0,0,0,2,1012.9496219223612,1887.533959910028,1534.4343933593334,1927.4843435574169,9,-0.7071067811865475,0.7071067811865476,0,0,1,-169.37931517298614,363.9176662198347,1053.0844672548474,684.0517259136807,840,840,0.46677631727597074,1.186631759488989
A1,roll_03,mlr,2026-01-28 10:00:00+00:00,2026-01-28 11:00:00+00:00,0,1,2025-12-08T00:00:00+00:00,2026-01-26T00:00:00+00:00,2026-01-26T00:00:00+00:00,2026-02-02T00:00:00+00:00,3141.5486331360003,1806.20706995646,1335.3415631795406,1,low,0,0.0,0,2,0,0,0,0,0,0,0,0,0,0,0,0,0,0,0,0,0,0,0,0,0,0,2,755.3586427439723,1927.4843435574169,1156.7474213855278,1864.801970357278,10,-0.8660254037844387,0.4999999999999999,0,0,1,-169.37931517298614,363.9176662198347,1053.0844672548474,684.0517259136807,840,840,4.134783820699591,3.053079301995201
A1,roll_03,mlr,2026-01-28 11:00:00+00:00,2026-01-28 12:00:00+00:00,0,1,2025-12-08T00:00:00+00:00,2026-01-26T00:00:00+00:00,2026-01-26T00:00:00+00:00,2026-02-02T00:00:00+00:00,3688.242951303472,2556.9321576863904,1131.3107936170818,1,low,0,0.0,0,2,0,0,0,0,0,0,0,0,0,0,0,0,0,0,0,0,0,0,0,0,0,0,2,53.140800646916695,1864.801970357278,339.89285018286114,3141.5486331360003,11,-0.9659258262890682,0.258819045102521,0,0,1,-169.37931517298614,363.9176662198347,1053.0844672548474,684.0517259136807,840,840,3.574132913911218,3.852279563404173
A1,roll_03,mlr,2026-01-28 12:00:00+00:00,2026-01-28 13:00:00+00:00,0,1,2025-12-08T00:00:00+00:00,2026-01-26T00:00:00+00:00,2026-01-26T00:00:00+00:00,2026-02-02T00:00:00+00:00,2978.0382318605,3118.996386934895,-140.95815507439465,1,low,0,0.0,0,2,0,0,0,0,0,0,0,0,0,0,0,0,0,0,0,0,0,0,0,0,0,0,2,-768.0917536371389,3141.5486331360003,1030.8584088937498,3688.242951303472,12,-1.0,1.2246467991473532e-16,0,0,1,-169.37931517298614,363.9176662198347,1053.0844672548474,684.0517259136807,840,840,0.078097775229804,2.814047083989902
A1,roll_03,mlr,2026-01-28 13:00:00+00:00,2026-01-28 14:00:00+00:00,0,1,2025-12-08T00:00:00+00:00,2026-01-26T00:00:00+00:00,2026-01-26T00:00:00+00:00,2026-02-02T00:00:00+00:00,3380.6789978081943,2742.154523164824,638.5244746433709,1,low,0,0.0,0,2,0,0,0,0,0,0,0,0,0,0,0,0,0,0,0,0,0,0,0,0,0,0,2,452.3195190723055,3688.242951303472,1307.5905215424166,2978.0382318605,13,-0.9659258262890684,-0.2588190451025208,0,0,1,-169.37931517298614,363.9176662198347,1053.0844672548474,684.0517259136807,840,840,2.2200180557552818,3.4026586621712025
A1,roll_03,mlr,2026-01-28 14:00:00+00:00,2026-01-28 15:00:00+00:00,0,1,2025-12-08T00:00:00+00:00,2026-01-26T00:00:00+00:00,2026-01-26T00:00:00+00:00,2026-02-02T00:00:00+00:00,3872.714778626834,2871.451620631534,1001.2631579953,1,low,0,0.0,0,2,0,0,0,0,0,0,0,0,0,0,0,0,0,0,0,0,0,0,0,0,0,0,2,66.48684730938892,2978.0382318605,899.1258070269446,3380.6789978081943,14,-0.8660254037844388,-0.4999999999999997,0,0,1,-169.37931517298614,363.9176662198347,1053.0844672548474,684.0517259136807,840,840,3.2167783590399446,4.121954823819553
A1,roll_03,mlr,2026-01-28 15:00:00+00:00,2026-01-28 16:00:00+00:00,0,1,2025-12-08T00:00:00+00:00,2026-01-26T00:00:00+00:00,2026-01-26T00:00:00+00:00,2026-02-02T00:00:00+00:00,3566.8731119283607,3260.1400246775543,306.7330872508064,1,night,0,0.0,0,2,0,0,0,0,0,0,0,0,0,0,0,0,0,0,0,0,0,0,0,0,0,0,2,359.87914049975,3380.6789978081943,1560.9848600250834,3872.714778626834,15,-0.7071067811865479,-0.7071067811865471,0,0,1,-169.37931517298614,363.9176662198347,1053.0844672548474,684.0517259136807,840,840,1.3082970314944355,3.6748516953390804
A1,roll_03,mlr,2026-01-28 16:00:00+00:00,2026-01-28 17:00:00+00:00,0,1,2025-12-08T00:00:00+00:00,2026-01-26T00:00:00+00:00,2026-01-26T00:00:00+00:00,2026-02-02T00:00:00+00:00,4099.8204709775,3097.1593170214305,1002.6611539560696,0,night,0,0.0,0,2,0,0,0,0,0,0,0,0,0,0,0,0,0,0,0,0,0,0,0,0,0,0,2,3501.792804637556,3872.714778626834,1794.9346924112222,3566.8731119283607,16,-0.5000000000000004,-0.8660254037844385,0,0,1,-169.37931517298614,363.9176662198347,1053.0844672548474,684.0517259136807,840,840,3.2206198762031293,4.453955583041852
A1,roll_03,mlr,2026-01-28 17:00:00+00:00,2026-01-28 18:00:00+00:00,0,1,2025-12-08T00:00:00+00:00,2026-01-26T00:00:00+00:00,2026-01-26T00:00:00+00:00,2026-02-02T00:00:00+00:00,3533.490893778889,3318.175674237965,215.31521954092432,0,night,0,0.0,0,2,0,0,0,0,0,0,0,0,0,0,0,0,0,0,0,0,0,0,0,0,0,0,2,3139.28925536575,3566.8731119283607,843.3756644045833,4099.8204709775,17,-0.2588190451025206,-0.9659258262890684,0,0,1,-169.37931517298614,363.9176662198347,1053.0844672548474,684.0517259136807,840,840,1.0570922228368131,3.6260509732812807
A1,roll_03,mlr,2026-01-28 18:00:00+00:00,2026-01-28 19:00:00+00:00,0,1,2025-12-08T00:00:00+00:00,2026-01-26T00:00:00+00:00,2026-01-26T00:00:00+00:00,2026-02-02T00:00:00+00:00,4150.093525715889,3016.9490648738783,1133.1444608420106,0,night,0,0.0,0,2,0,0,0,0,0,0,0,0,0,0,0,0,0,0,0,0,0,0,0,0,0,0,2,3084.578836987528,4099.8204709775,973.197521312722,3533.490893778889,18,-1.8369701987210287e-16,-1.0,0,0,1,-169.37931517298614,363.9176662198347,1053.0844672548474,684.0517259136807,840,840,3.579171600941655,4.527448643338191
A1,roll_03,mlr,2026-01-28 19:00:00+00:00,2026-01-28 20:00:00+00:00,0,1,2025-12-08T00:00:00+00:00,2026-01-26T00:00:00+00:00,2026-01-26T00:00:00+00:00,2026-02-02T00:00:00+00:00,3498.4065437332224,3335.3521028817013,163.05444085152112,0,night,0,0.0,0,2,0,0,0,0,0,0,0,0,0,0,0,0,0,0,0,0,0,0,0,0,0,0,2,3033.668790060889,3533.490893778889,1523.8945169891667,4150.093525715889,19,0.2588190451025203,-0.9659258262890684,0,0,1,-169.37931517298614,363.9176662198347,1053.0844672548474,684.0517259136807,840,840,0.9134861725115903,3.574761942471798
A1,roll_03,mlr,2026-01-28 20:00:00+00:00,2026-01-28 21:00:00+00:00,0,1,2025-12-08T00:00:00+00:00,2026-01-26T00:00:00+00:00,2026-01-26T00:00:00+00:00,2026-02-02T00:00:00+00:00,3031.050403281528,2945.1791265953257,85.87127668620224,0,night,0,0.0,0,2,0,0,0,0,0,0,0,0,0,0,0,0,0,0,0,0,0,0,0,0,0,0,2,2886.9925662115,4150.093525715889,985.6768274591944,3498.4065437332224,20,0.5000000000000001,-0.8660254037844386,0,0,1,-169.37931517298614,363.9176662198347,1053.0844672548474,684.0517259136807,840,840,0.7013965398013876,2.891544398027404
A1,roll_03,mlr,2026-01-28 21:00:00+00:00,2026-01-28 22:00:00+00:00,0,1,2025-12-08T00:00:00+00:00,2026-01-26T00:00:00+00:00,2026-01-26T00:00:00+00:00,2026-02-02T00:00:00+00:00,880.7419122894444,2534.8977584858185,-1654.155846196374,0,night,0,0.0,0,2,0,0,0,0,0,0,0,0,0,0,0,0,0,0,0,0,0,0,0,0,0,0,2,2551.3509306884166,3498.4065437332224,1010.58551608475,3031.050403281528,21,0.7071067811865474,-0.7071067811865477,0,0,1,-169.37931517298614,363.9176662198347,1053.0844672548474,684.0517259136807,840,840,4.079979261370803,0.25194374699545835
A1,roll_03,mlr,2026-01-28 22:00:00+00:00,2026-01-28 23:00:00+00:00,0,1,2025-12-08T00:00:00+00:00,2026-01-26T00:00:00+00:00,2026-01-26T00:00:00+00:00,2026-02-02T00:00:00+00:00,822.8956369502222,1051.3947928971825,-228.4991559469603,0,night,0,0.0,0,2,0,0,0,0,0,0,0,0,0,0,0,0,0,0,0,0,0,0,0,0,0,0,2,2388.614872440278,3031.050403281528,469.4664131017777,880.7419122894444,22,0.8660254037844384,-0.5000000000000004,0,0,1,-169.37931517298614,363.9176662198347,1053.0844672548474,684.0517259136807,840,840,0.16245389070576516,0.3365079300065567
A1,roll_03,mlr,2026-01-28 23:00:00+00:00,2026-01-29 00:00:00+00:00,0,1,2025-12-08T00:00:00+00:00,2026-01-26T00:00:00+00:00,2026-01-26T00:00:00+00:00,2026-02-02T00:00:00+00:00,934.8170360965556,730.3650026444822,204.4520334520735,0,night,0,0.0,0,2,0,0,0,0,0,0,0,0,0,0,0,0,0,0,0,0,0,0,0,0,0,0,2,1967.8965871302496,880.7419122894444,1039.222492417361,822.8956369502222,23,0.965925826289068,-0.2588190451025215,0,0,1,-169.37931517298614,363.9176662198347,1053.0844672548474,684.0517259136807,840,840,1.0272415530364394,0.1728925265122651
A1,roll_03,mlr,2026-01-29 00:00:00+00:00,2026-01-29 01:00:00+00:00,0,1,2025-12-08T00:00:00+00:00,2026-01-26T00:00:00+00:00,2026-01-26T00:00:00+00:00,2026-02-02T00:00:00+00:00,569.0574982047777,1220.000910352619,-650.9434121478413,0,night,0,0.0,0,2,0,0,0,0,0,0,0,0,0,0,0,0,0,0,0,0,0,0,0,0,0,0,3,387.7841801272222,822.8956369502222,431.1445660605278,934.8170360965556,0,1.0,0.0,0,0,1,-169.37931517298614,363.9176662198347,1053.0844672548474,684.0517259136807,840,840,1.3232776028079736,0.7075882578960822
A1,roll_03,mlr,2026-01-29 01:00:00+00:00,2026-01-29 02:00:00+00:00,0,1,2025-12-08T00:00:00+00:00,2026-01-26T00:00:00+00:00,2026-01-26T00:00:00+00:00,2026-02-02T00:00:00+00:00,388.6233783748333,970.9050172254448,-582.2816388506114,0,night,0,0.0,0,2,0,0,0,0,0,0,0,0,0,0,0,0,0,0,0,0,0,0,0,0,0,0,3,375.648988568,934.8170360965556,417.8579242465556,569.0574982047777,1,0.9659258262890684,0.2588190451025207,0,0,1,-169.37931517298614,363.9176662198347,1053.0844672548474,684.0517259136807,840,840,1.1346036810100888,0.9713608835537991
A1,roll_03,mlr,2026-01-29 02:00:00+00:00,2026-01-29 03:00:00+00:00,0,1,2025-12-08T00:00:00+00:00,2026-01-26T00:00:00+00:00,2026-01-26T00:00:00+00:00,2026-02-02T00:00:00+00:00,380.9392708019166,778.0289512727694,-397.0896804708528,0,night,0,0.0,0,2,0,0,0,0,0,0,0,0,0,0,0,0,0,0,0,0,0,0,0,0,0,0,3,370.6715177761111,569.0574982047777,419.1348331130556,388.6233783748333,2,0.8660254037844387,0.4999999999999999,0,0,1,-169.37931517298614,363.9176662198347,1053.0844672548474,684.0517259136807,840,840,0.6257194591930357,0.9825941094661425
A1,roll_03,mlr,2026-01-29 03:00:00+00:00,2026-01-29 04:00:00+00:00,0,1,2025-12-08T00:00:00+00:00,2026-01-26T00:00:00+00:00,2026-01-26T00:00:00+00:00,2026-02-02T00:00:00+00:00,1044.109589464861,722.2272575013358,321.8823319635253,0,night,0,0.0,0,2,0,0,0,0,0,0,0,0,0,0,0,0,0,0,0,0,0,0,0,0,0,0,3,372.0987236639445,388.6233783748333,421.2961618739444,380.9392708019166,3,0.7071067811865476,0.7071067811865476,0,0,1,-169.37931517298614,363.9176662198347,1053.0844672548474,684.0517259136807,840,840,1.3499252516082882,0.013120174176885008
A1,roll_03,mlr,2026-01-29 04:00:00+00:00,2026-01-29 05:00:00+00:00,0,1,2025-12-08T00:00:00+00:00,2026-01-26T00:00:00+00:00,2026-01-26T00:00:00+00:00,2026-02-02T00:00:00+00:00,2097.0978272491666,1149.3853044848977,947.7125227642692,0,night,0,0.0,0,2,0,0,0,0,0,0,0,0,0,0,0,0,0,0,0,0,0,0,0,0,0,0,3,1036.0452877571945,380.9392708019166,1092.225752789,1044.109589464861,4,0.5000000000000001,0.8660254037844386,0,0,1,-169.37931517298614,363.9176662198347,1053.0844672548474,684.0517259136807,840,840,3.0696279450815247,1.526219904788401
A1,roll_03,mlr,2026-01-29 05:00:00+00:00,2026-01-29 06:00:00+00:00,0,1,2025-12-08T00:00:00+00:00,2026-01-26T00:00:00+00:00,2026-01-26T00:00:00+00:00,2026-02-02T00:00:00+00:00,2101.717697546028,1929.8419753915905,171.87572215443743,0,night,0,0.0,0,2,0,0,0,0,0,0,0,0,0,0,0,0,0,0,0,0,0,0,0,0,0,0,3,1958.2742827319444,1044.109589464861,2035.0871509705555,2097.0978272491666,5,0.2588190451025207,0.9659258262890684,0,0,1,-169.37931517298614,363.9176662198347,1053.0844672548474,684.0517259136807,840,840,0.9377259446406728,1.5329735903970305
A1,roll_03,mlr,2026-01-29 06:00:00+00:00,2026-01-29 07:00:00+00:00,0,1,2025-12-08T00:00:00+00:00,2026-01-26T00:00:00+00:00,2026-01-26T00:00:00+00:00,2026-02-02T00:00:00+00:00,1866.4684684137776,2060.622207263592,-194.15373884981432,0,night,0,0.0,0,2,0,0,0,0,0,0,0,0,0,0,0,0,0,0,0,0,0,0,0,0,0,0,3,1980.8106362188057,2097.0978272491666,2063.430210569112,2101.717697546028,6,6.123233995736766e-17,1.0,0,0,1,-169.37931517298614,363.9176662198347,1053.0844672548474,684.0517259136807,840,840,0.06807700196082948,1.1890679759231684
A1,roll_03,mlr,2026-01-29 07:00:00+00:00,2026-01-29 08:00:00+00:00,0,1,2025-12-08T00:00:00+00:00,2026-01-26T00:00:00+00:00,2026-01-26T00:00:00+00:00,2026-02-02T00:00:00+00:00,1765.7431687797225,1890.63918549232,-124.89601671259744,1,night,0,0.0,0,2,0,0,0,0,0,0,0,0,0,0,0,0,0,0,0,0,0,0,0,0,0,0,3,1778.5049296098057,2101.717697546028,1837.9513309886668,1866.4684684137776,7,-0.2588190451025206,0.9659258262890684,0,0,1,-169.37931517298614,363.9176662198347,1053.0844672548474,684.0517259136807,840,840,0.1222345123347689,1.0418199012260139
A1,roll_03,mlr,2026-01-29 08:00:00+00:00,2026-01-29 09:00:00+00:00,0,1,2025-12-08T00:00:00+00:00,2026-01-26T00:00:00+00:00,2026-01-26T00:00:00+00:00,2026-02-02T00:00:00+00:00,1253.1664777410554,1794.8550727831612,-541.6885950421058,1,low,0,0.0,0,2,0,0,0,0,0,0,0,0,0,0,0,0,0,0,0,0,0,0,0,0,0,0,3,1415.566902312361,1866.4684684137776,1887.533959910028,1765.7431687797225,8,-0.4999999999999998,0.8660254037844387,0,0,1,-169.37931517298614,363.9176662198347,1053.0844672548474,684.0517259136807,840,840,1.0230590994288686,0.2924954399010697
A1,roll_03,mlr,2026-01-29 09:00:00+00:00,2026-01-29 10:00:00+00:00,0,1,2025-12-08T00:00:00+00:00,2026-01-26T00:00:00+00:00,2026-01-26T00:00:00+00:00,2026-02-02T00:00:00+00:00,948.2308555061112,1458.134935308958,-509.9040798028469,1,low,0,0.0,0,2,0,0,0,0,0,0,0,0,0,0,0,0,0,0,0,0,0,0,0,0,0,0,3,1170.112685329639,1765.7431687797225,1927.4843435574169,1253.1664777410554,9,-0.7071067811865475,0.7071067811865476,0,0,1,-169.37931517298614,363.9176662198347,1053.0844672548474,684.0517259136807,840,840,0.9357192470677068,0.15328316233495984
A1,roll_03,mlr,2026-01-29 10:00:00+00:00,2026-01-29 11:00:00+00:00,0,1,2025-12-08T00:00:00+00:00,2026-01-26T00:00:00+00:00,2026-01-26T00:00:00+00:00,2026-02-02T00:00:00+00:00,1415.7808458588888,1192.3995572030792,223.3812886558096,1,low,0,0.0,0,2,0,0,0,0,0,0,0,0,0,0,0,0,0,0,0,0,0,0,0,0,0,0,3,912.1677645943888,1253.1664777410554,1864.801970357278,948.2308555061112,10,-0.8660254037844387,0.4999999999999999,0,0,1,-169.37931517298614,363.9176662198347,1053.0844672548474,684.0517259136807,840,840,1.079256766808176,0.5302177669672447
A1,roll_03,mlr,2026-01-29 11:00:00+00:00,2026-01-29 12:00:00+00:00,0,1,2025-12-08T00:00:00+00:00,2026-01-26T00:00:00+00:00,2026-01-26T00:00:00+00:00,2026-02-02T00:00:00+00:00,347.5551561380278,1519.0472025758995,-1171.4920464378715,1,low,0,0.0,0,2,0,0,0,0,0,0,0,0,0,0,0,0,0,0,0,0,0,0,0,0,0,0,3,979.6024800058332,948.2308555061112,3141.5486331360003,1415.7808458588888,11,-0.9659258262890682,0.258819045102521,0,0,1,-169.37931517298614,363.9176662198347,1053.0844672548474,684.0517259136807,840,840,2.7536798135530223,1.0313976039961767
A1,roll_03,mlr,2026-01-29 12:00:00+00:00,2026-01-29 13:00:00+00:00,0,1,2025-12-08T00:00:00+00:00,2026-01-26T00:00:00+00:00,2026-01-26T00:00:00+00:00,2026-02-02T00:00:00+00:00,-402.3519291878333,938.0302596097908,-1340.3821887976242,1,med,0,0.0,0,2,0,0,0,0,0,0,0,0,0,0,0,0,0,0,0,0,0,0,0,0,0,0,3,926.4931066359444,1415.7808458588888,3688.242951303472,347.5551561380278,12,-1.0,1.2246467991473532e-16,0,0,1,-169.37931517298614,363.9176662198347,1053.0844672548474,684.0517259136807,840,840,3.2177686941893633,2.12767008883527
A1,roll_03,mlr,2026-01-29 13:00:00+00:00,2026-01-29 14:00:00+00:00,0,1,2025-12-08T00:00:00+00:00,2026-01-26T00:00:00+00:00,2026-01-26T00:00:00+00:00,2026-02-02T00:00:00+00:00,1092.5960639581945,194.7033768823936,897.892687075801,1,high,0,0.0,0,2,1,0,0,0,0,0,0,0,0,0,0,0,0,0,0,0,0,0,0,0,0,0,3,-104.81881332361114,347.5551561380278,2978.0382318605,-402.3519291878333,13,-0.9659258262890684,-0.2588190451025208,0,0,1,-169.37931517298614,363.9176662198347,1053.0844672548474,684.0517259136807,840,840,2.9327292992807648,0.05776112420529584
A1,roll_03,mlr,2026-01-29 14:00:00+00:00,2026-01-29 15:00:00+00:00,0,1,2025-12-08T00:00:00+00:00,2026-01-26T00:00:00+00:00,2026-01-26T00:00:00+00:00,2026-02-02T00:00:00+00:00,462.4739155892223,1129.2083321460825,-666.73441655686,1,med,0,0.0,0,3,0,0,0,0,0,0,0,0,0,0,0,0,0,0,0,0,0,0,0,0,0,0,3,1036.759236264139,-402.3519291878333,3380.6789978081943,1092.5960639581945,14,-0.8660254037844388,-0.4999999999999997,0,0,1,-169.37931517298614,363.9176662198347,1053.0844672548474,684.0517259136807,840,840,1.3666692978939705,0.8634004261545467
A1,roll_03,mlr,2026-01-29 15:00:00+00:00,2026-01-29 16:00:00+00:00,0,1,2025-12-08T00:00:00+00:00,2026-01-26T00:00:00+00:00,2026-01-26T00:00:00+00:00,2026-02-02T00:00:00+00:00,1737.4693776433332,949.5565291325344,787.9128485107988,1,low,0,0.0,0,3,0,0,0,0,0,0,0,0,0,0,0,0,0,0,0,0,0,0,0,0,0,0,3,1095.6600237501943,1092.5960639581945,3872.714778626834,462.4739155892223,15,-0.7071067811865479,-0.7071067811865471,0,0,1,-169.37931517298614,363.9176662198347,1053.0844672548474,684.0517259136807,840,840,2.630518528071417,1.0004870749713557
A1,roll_03,mlr,2026-01-29 16:00:00+00:00,2026-01-29 17:00:00+00:00,0,1,2025-12-08T00:00:00+00:00,2026-01-26T00:00:00+00:00,2026-01-26T00:00:00+00:00,2026-02-02T00:00:00+00:00,2296.247373537611,1613.7247175838816,682.5226559537296,0,night,0,0.0,0,2,0,0,0,0,0,0,0,0,0,0,0,0,0,0,0,0,0,0,0,0,0,0,3,2940.7578966023334,462.4739155892223,3566.8731119283607,1737.4693776433332,16,-0.5000000000000004,-0.8660254037844385,0,0,1,-169.37931517298614,363.9176662198347,1053.0844672548474,684.0517259136807,840,840,2.3409195271440884,1.8173521960233112
A1,roll_03,mlr,2026-01-29 17:00:00+00:00,2026-01-29 18:00:00+00:00,0,1,2025-12-08T00:00:00+00:00,2026-01-26T00:00:00+00:00,2026-01-26T00:00:00+00:00,2026-02-02T00:00:00+00:00,773.5572774640833,2164.3768554938792,-1390.819578029796,0,night,0,0.0,0,2,0,0,0,0,0,0,0,0,0,0,0,0,0,0,0,0,0,0,0,0,0,0,3,1509.757366554472,1737.4693776433332,4099.8204709775,2296.247373537611,17,-0.2588190451025206,-0.9659258262890684,0,0,1,-169.37931517298614,363.9176662198347,1053.0844672548474,684.0517259136807,840,840,3.356364299497801,0.40863458010781645
A1,roll_03,mlr,2026-01-29 18:00:00+00:00,2026-01-29 19:00:00+00:00,0,1,2025-12-08T00:00:00+00:00,2026-01-26T00:00:00+00:00,2026-01-26T00:00:00+00:00,2026-02-02T00:00:00+00:00,2461.1030846526387,1217.0413122079397,1244.061772444699,0,night,0,0.0,0,2,0,0,0,0,0,0,0,0,0,0,0,0,0,0,0,0,0,0,0,0,0,0,3,1902.4201895734168,2296.247373537611,3533.490893778889,773.5572774640833,18,-1.8369701987210287e-16,-1.0,0,0,1,-169.37931517298614,363.9176662198347,1053.0844672548474,684.0517259136807,840,840,3.883958430212224,2.0583510925538793
A1,roll_03,mlr,2026-01-29 19:00:00+00:00,2026-01-29 20:00:00+00:00,0,1,2025-12-08T00:00:00+00:00,2026-01-26T00:00:00+00:00,2026-01-26T00:00:00+00:00,2026-02-02T00:00:00+00:00,738.0341406504722,2094.514746493312,-1356.4806058428394,0,night,0,0.0,0,1,0,0,0,0,0,0,0,0,0,0,0,0,0,0,0,0,0,0,0,0,0,0,3,1073.8756977925275,773.5572774640833,4150.093525715889,2461.1030846526387,19,0.2588190451025203,-0.9659258262890684,0,0,1,-169.37931517298614,363.9176662198347,1053.0844672548474,684.0517259136807,840,840,3.2620051205558993,0.46056506353165877
A1,roll_03,mlr,2026-01-29 20:00:00+00:00,2026-01-29 21:00:00+00:00,0,1,2025-12-08T00:00:00+00:00,2026-01-26T00:00:00+00:00,2026-01-26T00:00:00+00:00,2026-02-02T00:00:00+00:00,1046.6185902225832,1163.9486697315865,-117.33007950900333,0,night,0,0.0,0,1,0,0,0,0,0,0,0,0,0,0,0,0,0,0,0,0,0,0,0,0,0,0,3,1112.6407676563056,2461.1030846526387,3498.4065437332224,738.0341406504722,20,0.5000000000000001,-0.8660254037844386,0,0,1,-169.37931517298614,363.9176662198347,1053.0844672548474,684.0517259136807,840,840,0.14302475668367529,0.009452321786963968
A1,roll_03,mlr,2026-01-29 21:00:00+00:00,2026-01-29 22:00:00+00:00,0,1,2025-12-08T00:00:00+00:00,2026-01-26T00:00:00+00:00,2026-01-26T00:00:00+00:00,2026-02-02T00:00:00+00:00,366.5958732328333,1071.4927401764055,-704.8968669435724,0,night,0,0.0,0,1,0,0,0,0,0,0,0,0,0,0,0,0,0,0,0,0,0,0,0,0,0,0,3,565.8491807108888,738.0341406504722,3031.050403281528,1046.6185902225832,21,0.7071067811865474,-0.7071067811865477,0,0,1,-169.37931517298614,363.9176662198347,1053.0844672548474,684.0517259136807,840,840,1.471534914293201,1.003562403274516
A1,roll_03,mlr,2026-01-29 22:00:00+00:00,2026-01-29 23:00:00+00:00,0,1,2025-12-08T00:00:00+00:00,2026-01-26T00:00:00+00:00,2026-01-26T00:00:00+00:00,2026-02-02T00:00:00+00:00,363.3738909241667,520.240810387499,-156.8669194633323,0,night,0,0.0,0,1,0,1,1,0,2,0,0,0,1,0,1,0,1,0,0,0,1,0,0,0,0,0,3,473.87890895927785,1046.6185902225832,880.7419122894444,366.5958732328333,22,0.8660254037844384,-0.5000000000000004,0,0,1,-169.37931517298614,363.9176662198347,1053.0844672548474,684.0517259136807,840,840,0.03438249052217042,1.0082725475320473
A1,roll_03,mlr,2026-01-29 23:00:00+00:00,2026-01-30 00:00:00+00:00,0,1,2025-12-08T00:00:00+00:00,2026-01-26T00:00:00+00:00,2026-01-26T00:00:00+00:00,2026-02-02T00:00:00+00:00,372.9620775262778,389.2834253716192,-16.321347845341336,0,night,0,0.0,0,1,0,1,1,0,2,0,0,0,1,0,1,0,1,0,0,0,1,0,0,0,0,0,3,367.6513029880277,366.5958732328333,822.8956369502222,363.3738909241667,23,0.965925826289068,-0.2588190451025215,0,0,1,-169.37931517298614,363.9176662198347,1053.0844672548474,684.0517259136807,840,840,0.42058405385350495,0.9942557908470111
A1,roll_03,mlr,2026-01-30 00:00:00+00:00,2026-01-30 01:00:00+00:00,0,1,2025-12-08T00:00:00+00:00,2026-01-26T00:00:00+00:00,2026-01-26T00:00:00+00:00,2026-02-02T00:00:00+00:00,407.8405305781389,848.0427441006029,-440.202213522464,0,night,0,0.0,0,1,0,0,0,0,0,0,0,0,0,0,0,0,0,0,0,0,0,0,0,0,0,0,4,367.96108710394446,363.3738909241667,934.8170360965556,372.9620775262778,0,1.0,0.0,0,0,1,-169.37931517298614,363.9176662198347,1053.0844672548474,684.0517259136807,840,840,0.7441872804984402,0.9432677562721781
A1,roll_03,mlr,2026-01-30 01:00:00+00:00,2026-01-30 02:00:00+00:00,0,1,2025-12-08T00:00:00+00:00,2026-01-26T00:00:00+00:00,2026-01-26T00:00:00+00:00,2026-02-02T00:00:00+00:00,371.0950655588056,816.188099136596,-445.0930335777904,0,night,0,0.0,0,1,0,0,0,0,0,0,0,0,0,0,0,0,0,0,0,0,0,0,0,0,0,0,4,369.3633806425278,372.9620775262778,569.0574982047777,407.8405305781389,1,0.9659258262890684,0.2588190451025207,0,0,1,-169.37931517298614,363.9176662198347,1053.0844672548474,684.0517259136807,840,840,0.7576266392031972,0.9969851341068042
A1,roll_03,mlr,2026-01-30 02:00:00+00:00,2026-01-30 03:00:00+00:00,0,1,2025-12-08T00:00:00+00:00,2026-01-26T00:00:00+00:00,2026-01-26T00:00:00+00:00,2026-02-02T00:00:00+00:00,377.9953876609166,756.5462015786406,-378.550813917724,0,night,0,0.0,0,1,0,0,0,0,0,0,0,0,0,0,0,0,0,0,0,0,0,0,0,0,0,0,4,364.6717208964722,407.8405305781389,388.6233783748333,371.0950655588056,2,0.8660254037844387,0.4999999999999999,0,0,1,-169.37931517298614,363.9176662198347,1053.0844672548474,684.0517259136807,840,840,0.5747769843588245,0.9868977067373399
A1,roll_03,mlr,2026-01-30 03:00:00+00:00,2026-01-30 04:00:00+00:00,0,1,2025-12-08T00:00:00+00:00,2026-01-26T00:00:00+00:00,2026-01-26T00:00:00+00:00,2026-02-02T00:00:00+00:00,1042.5099112287778,728.5691754175666,313.9407358112112,0,night,0,0.0,0,1,0,0,0,0,0,0,0,0,0,0,0,0,0,0,0,0,0,0,0,0,0,0,4,368.5853674459444,371.0950655588056,380.9392708019166,377.9953876609166,3,0.7071067811865476,0.7071067811865476,0,0,1,-169.37931517298614,363.9176662198347,1053.0844672548474,684.0517259136807,840,840,1.3281027436910255,0.01545870820213959
A1,roll_03,mlr,2026-01-30 04:00:00+00:00,2026-01-30 05:00:00+00:00,0,1,2025-12-08T00:00:00+00:00,2026-01-26T00:00:00+00:00,2026-01-26T00:00:00+00:00,2026-02-02T00:00:00+00:00,2043.280496847389,1157.567496915946,885.7129999314429,0,night,0,0.0,0,1,0,0,0,0,0,0,0,0,0,0,0,0,0,0,0,0,0,0,0,0,0,0,4,1077.5376334153334,377.9953876609166,1044.109589464861,1042.5099112287778,4,0.5000000000000001,0.8660254037844386,0,0,1,-169.37931517298614,363.9176662198347,1053.0844672548474,684.0517259136807,840,840,2.899261050072438,1.44754554674933
A1,roll_03,mlr,2026-01-30 05:00:00+00:00,2026-01-30 06:00:00+00:00,0,1,2025-12-08T00:00:00+00:00,2026-01-26T00:00:00+00:00,2026-01-26T00:00:00+00:00,2026-02-02T00:00:00+00:00,2356.0469720826945,1905.4517965872476,450.5951754954472,0,night,0,0.0,0,1,0,0,0,0,0,0,0,0,0,0,0,0,0,0,0,0,0,0,0,0,0,0,4,2595.650702010778,1042.5099112287778,2097.0978272491666,2043.280496847389,5,0.2588190451025207,0.9659258262890684,0,0,1,-169.37931517298614,363.9176662198347,1053.0844672548474,684.0517259136807,840,840,1.7036119656085078,1.9047718987734354
A1,roll_03,mlr,2026-01-30 06:00:00+00:00,2026-01-30 07:00:00+00:00,0,1,2025-12-08T00:00:00+00:00,2026-01-26T00:00:00+00:00,2026-01-26T00:00:00+00:00,2026-02-02T00:00:00+00:00,2415.724502125278,2226.2038849991773,189.52061712610063,0,night,0,0.0,0,1,0,0,0,0,0,0,0,0,0,0,0,0,0,0,0,0,0,0,0,0,0,0,4,2229.0674939791948,2043.280496847389,2101.717697546028,2356.0469720826945,6,6.123233995736766e-17,1.0,0,0,1,-169.37931517298614,363.9176662198347,1053.0844672548474,684.0517259136807,840,840,0.9862118979469472,1.9920131522954154
A1,roll_03,mlr,2026-01-30 07:00:00+00:00,2026-01-30 08:00:00+00:00,0,1,2025-12-08T00:00:00+00:00,2026-01-26T00:00:00+00:00,2026-01-26T00:00:00+00:00,2026-02-02T00:00:00+00:00,2088.875723270194,2283.520037046102,-194.6443137759079,1,night,0,0.0,0,2,0,0,0,0,0,0,0,0,0,0,0,0,0,0,0,0,0,0,0,0,0,0,4,1956.5605310417773,2356.0469720826945,1866.4684684137776,2415.724502125278,7,-0.2588190451025206,0.9659258262890684,0,0,1,-169.37931517298614,363.9176662198347,1053.0844672548474,684.0517259136807,840,840,0.06942504018933704,1.5142001938988625
A1,roll_03,mlr,2026-01-30 08:00:00+00:00,2026-01-30 09:00:00+00:00,0,1,2025-12-08T00:00:00+00:00,2026-01-26T00:00:00+00:00,2026-01-26T00:00:00+00:00,2026-02-02T00:00:00+00:00,1376.5848081650277,2073.221040378099,-696.6362322130715,1,low,0,0.0,0,2,0,0,0,0,0,0,0,0,0,0,0,0,0,0,0,0,0,0,0,0,0,0,4,1820.3555307953327,2415.724502125278,1765.7431687797225,2088.875723270194,8,-0.4999999999999998,0.8660254037844387,0,0,1,-169.37931517298614,363.9176662198347,1053.0844672548474,684.0517259136807,840,840,1.4488357284682656,0.47291795145766835
A1,roll_03,mlr,2026-01-30 09:00:00+00:00,2026-01-30 10:00:00+00:00,0,1,2025-12-08T00:00:00+00:00,2026-01-26T00:00:00+00:00,2026-01-26T00:00:00+00:00,2026-02-02T00:00:00+00:00,637.5708449115556,1542.1064261585366,-904.535581246981,1,med,0,0.0,0,2,0,0,0,0,0,0,0,0,0,0,0,0,0,0,0,0,0,0,0,0,0,0,4,2016.7762660696944,2088.875723270194,1253.1664777410554,1376.5848081650277,9,-0.7071067811865475,0.7071067811865476,0,0,1,-169.37931517298614,363.9176662198347,1053.0844672548474,684.0517259136807,840,840,2.020117005339068,0.6074301205633165
A1,roll_03,mlr,2026-01-30 10:00:00+00:00,2026-01-30 11:00:00+00:00,0,1,2025-12-08T00:00:00+00:00,2026-01-26T00:00:00+00:00,2026-01-26T00:00:00+00:00,2026-02-02T00:00:00+00:00,-1038.640299738972,959.5107590511265,-1998.1510587900984,1,high,0,0.0,0,2,0,0,0,0,0,0,0,0,0,0,0,0,0,0,0,0,0,0,0,0,0,0,4,1936.420994131,1376.5848081650277,948.2308555061112,637.5708449115556,10,-0.8660254037844387,0.4999999999999999,0,0,1,-169.37931517298614,363.9176662198347,1053.0844672548474,684.0517259136807,840,840,5.02523486318576,3.057845902223147
A1,roll_03,mlr,2026-01-30 11:00:00+00:00,2026-01-30 12:00:00+00:00,0,1,2025-12-08T00:00:00+00:00,2026-01-26T00:00:00+00:00,2026-01-26T00:00:00+00:00,2026-02-02T00:00:00+00:00,338.58896643852773,-256.93771916257936,595.5266856011071,1,high,0,0.0,0,2,1,0,0,0,0,0,0,0,0,0,0,0,0,0,0,0,0,0,0,0,0,0,4,1576.1195596841944,637.5708449115556,1415.7808458588888,-1038.640299738972,11,-0.9659258262890682,0.258819045102521,0,0,1,-169.37931517298614,363.9176662198347,1053.0844672548474,684.0517259136807,840,840,2.10186553656351,1.044505077246864
A1,roll_03,mlr,2026-01-30 12:00:00+00:00,2026-01-30 13:00:00+00:00,0,1,2025-12-08T00:00:00+00:00,2026-01-26T00:00:00+00:00,2026-01-26T00:00:00+00:00,2026-02-02T00:00:00+00:00,-266.5041079402778,405.7448472567229,-672.2489551970007,1,med,0,0.0,0,3,0,0,0,0,0,0,0,0,0,0,0,0,0,0,0,0,0,0,0,0,0,0,4,1707.01032054225,-1038.640299738972,347.5551561380278,338.58896643852773,12,-1.0,1.2246467991473532e-16,0,0,1,-169.37931517298614,363.9176662198347,1053.0844672548474,684.0517259136807,840,840,1.3818225568643925,1.92907718116282
A1,roll_03,mlr,2026-01-30 13:00:00+00:00,2026-01-30 14:00:00+00:00,0,1,2025-12-08T00:00:00+00:00,2026-01-26T00:00:00+00:00,2026-01-26T00:00:00+00:00,2026-02-02T00:00:00+00:00,376.1624140875,62.199934620405486,313.9624794670945,1,med,0,0.0,0,3,1,0,0,0,0,0,0,0,0,0,0,0,0,0,0,0,0,0,0,0,0,0,4,2214.146590013028,338.58896643852773,-402.3519291878333,-266.5041079402778,13,-0.9659258262890684,-0.2588190451025208,0,0,1,-169.37931517298614,363.9176662198347,1053.0844672548474,684.0517259136807,840,840,1.3281624925240767,0.9895772900261157
A1,roll_03,mlr,2026-01-30 14:00:00+00:00,2026-01-30 15:00:00+00:00,0,1,2025-12-08T00:00:00+00:00,2026-01-26T00:00:00+00:00,2026-01-26T00:00:00+00:00,2026-02-02T00:00:00+00:00,1082.7555175266666,557.8806454939972,524.8748720326694,1,med,0,0.0,0,2,0,0,0,0,0,0,0,0,0,0,0,0,0,0,0,0,0,0,0,0,0,0,4,2195.8262186153333,-266.5041079402778,1092.5960639581945,376.1624140875,14,-0.8660254037844388,-0.4999999999999997,0,0,1,-169.37931517298614,363.9176662198347,1053.0844672548474,684.0517259136807,840,840,1.9077232342611028,0.04337544829988979
A1,roll_03,mlr,2026-01-30 15:00:00+00:00,2026-01-30 16:00:00+00:00,0,1,2025-12-08T00:00:00+00:00,2026-01-26T00:00:00+00:00,2026-01-26T00:00:00+00:00,2026-02-02T00:00:00+00:00,1956.864773614972,1035.343254748323,921.5215188666488,1,low,0,0.0,0,2,0,0,0,0,0,0,0,0,0,0,0,0,0,0,0,0,0,0,0,0,0,0,4,2527.9803929520835,376.1624140875,462.4739155892223,1082.7555175266666,15,-0.7071067811865479,-0.7071067811865471,0,0,1,-169.37931517298614,363.9176662198347,1053.0844672548474,684.0517259136807,840,840,2.9976583587471284,1.3212163234482812
A1,roll_03,mlr,2026-01-30 16:00:00+00:00,2026-01-30 17:00:00+00:00,0,1,2025-12-08T00:00:00+00:00,2026-01-26T00:00:00+00:00,2026-01-26T00:00:00+00:00,2026-02-02T00:00:00+00:00,2558.768179305,1747.122986392627,811.6451929123732,0,night,0,0.0,0,2,0,0,0,0,0,0,0,0,0,0,0,0,0,0,0,0,0,0,0,0,0,0,4,2048.975809514583,1082.7555175266666,1737.4693776433332,1956.864773614972,16,-0.5000000000000004,-0.8660254037844385,0,0,1,-169.37931517298614,363.9176662198347,1053.0844672548474,684.0517259136807,840,840,2.695732027179862,2.2011255216687404
A1,roll_03,mlr,2026-01-30 17:00:00+00:00,2026-01-30 18:00:00+00:00,0,1,2025-12-08T00:00:00+00:00,2026-01-26T00:00:00+00:00,2026-01-26T00:00:00+00:00,2026-02-02T00:00:00+00:00,1987.7934036818888,2265.8340490834858,-278.040645401597,0,night,0,0.0,0,2,0,0,0,0,0,0,0,0,0,0,0,0,0,0,0,0,0,0,0,0,0,0,4,1253.307754251361,1956.864773614972,2296.247373537611,2558.768179305,17,-0.2588190451025206,-0.9659258262890684,0,0,1,-169.37931517298614,363.9176662198347,1053.0844672548474,684.0517259136807,840,840,0.2985876760458529,1.36643019967322
A1,roll_03,mlr,2026-01-30 18:00:00+00:00,2026-01-30 19:00:00+00:00,0,1,2025-12-08T00:00:00+00:00,2026-01-26T00:00:00+00:00,2026-01-26T00:00:00+00:00,2026-02-02T00:00:00+00:00,1676.7119280521667,1861.9489551266172,-185.23702707445068,0,night,0,0.0,0,2,0,0,0,0,0,0,0,0,0,0,0,0,0,0,0,0,0,0,0,0,0,0,4,2022.5164028016115,2558.768179305,773.5572774640833,1987.7934036818888,18,-1.8369701987210287e-16,-1.0,0,0,1,-169.37931517298614,363.9176662198347,1053.0844672548474,684.0517259136807,840,840,0.04357499888968084,0.9116671110862951
A1,roll_03,mlr,2026-01-30 19:00:00+00:00,2026-01-30 20:00:00+00:00,0,1,2025-12-08T00:00:00+00:00,2026-01-26T00:00:00+00:00,2026-01-26T00:00:00+00:00,2026-02-02T00:00:00+00:00,1399.5987402705557,1673.8869012903529,-274.28816101979714,0,night,0,0.0,0,1,0,0,0,0,0,0,0,0,0,0,0,0,0,0,0,0,0,0,0,0,0,0,4,1067.3991769345832,1987.7934036818888,2461.1030846526387,1676.7119280521667,19,0.2588190451025203,-0.9659258262890684,0,0,1,-169.37931517298614,363.9176662198347,1053.0844672548474,684.0517259136807,840,840,0.2882763206758912,0.5065615068113056
A1,roll_03,mlr,2026-01-30 20:00:00+00:00,2026-01-30 21:00:00+00:00,0,1,2025-12-08T00:00:00+00:00,2026-01-26T00:00:00+00:00,2026-01-26T00:00:00+00:00,2026-02-02T00:00:00+00:00,1395.9087899032777,1322.3327601270066,73.57602977627107,0,night,0,0.0,0,2,0,0,0,0,0,0,0,0,0,0,0,0,0,0,0,0,0,0,0,0,0,0,4,1046.436184157472,1676.7119280521667,738.0341406504722,1399.5987402705557,20,0.5000000000000001,-0.8660254037844386,0,0,1,-169.37931517298614,363.9176662198347,1053.0844672548474,684.0517259136807,840,840,0.6676107468838658,0.5011672504597857
A1,roll_03,mlr,2026-01-30 21:00:00+00:00,2026-01-30 22:00:00+00:00,0,1,2025-12-08T00:00:00+00:00,2026-01-26T00:00:00+00:00,2026-01-26T00:00:00+00:00,2026-02-02T00:00:00+00:00,617.2218638224722,1272.7406047416616,-655.5187409191894,0,night,0,0.0,0,2,0,0,0,0,0,0,0,0,0,0,0,0,0,0,0,0,0,0,0,0,0,0,4,602.2876708927778,1399.5987402705557,1046.6185902225832,1395.9087899032777,21,0.7071067811865474,-0.7071067811865477,0,0,1,-169.37931517298614,363.9176662198347,1053.0844672548474,684.0517259136807,840,840,1.3358500311236254,0.637177843313235
A1,roll_03,mlr,2026-01-30 22:00:00+00:00,2026-01-30 23:00:00+00:00,0,1,2025-12-08T00:00:00+00:00,2026-01-26T00:00:00+00:00,2026-01-26T00:00:00+00:00,2026-02-02T00:00:00+00:00,560.833410557,706.6078704768502,-145.7744599198502,0,night,0,0.0,0,1,0,0,0,0,0,0,0,0,0,0,0,0,0,0,0,0,0,0,0,0,0,0,4,492.5538403097778,1395.9087899032777,366.5958732328333,617.2218638224722,22,0.8660254037844384,-0.5000000000000004,0,0,1,-169.37931517298614,363.9176662198347,1053.0844672548474,684.0517259136807,840,840,0.06486317495473488,0.7196108686669167
A1,roll_03,mlr,2026-01-30 23:00:00+00:00,2026-01-31 00:00:00+00:00,0,1,2025-12-08T00:00:00+00:00,2026-01-26T00:00:00+00:00,2026-01-26T00:00:00+00:00,2026-02-02T00:00:00+00:00,568.5592018373611,531.6976915396494,36.86151029771168,0,night,0,0.0,0,1,0,0,0,0,0,0,0,0,0,0,0,0,0,0,0,0,0,0,0,0,0,0,4,435.2853666092778,617.2218638224722,363.3738909241667,560.833410557,23,0.965925826289068,-0.2588190451025215,0,0,1,-169.37931517298614,363.9176662198347,1053.0844672548474,684.0517259136807,840,840,0.5667238626060881,0.7083167062699988
A1,roll_03,mlr,2026-01-31 00:00:00+00:00,2026-01-31 01:00:00+00:00,0,1,2025-12-08T00:00:00+00:00,2026-01-26T00:00:00+00:00,2026-01-26T00:00:00+00:00,2026-02-02T00:00:00+00:00,560.2704962234167,872.6200534426441,-312.34955721922745,0,night,0,0.0,0,1,0,0,0,0,0,0,0,0,0,0,0,0,0,0,0,0,0,0,0,0,0,0,5,405.1807272819444,560.833410557,372.9620775262778,568.5592018373611,0,1.0,0.0,0,1,1,-169.37931517298614,363.9176662198347,1053.0844672548474,684.0517259136807,840,840,0.3928642528716265,0.7204337806080151
A1,roll_03,mlr,2026-01-31 01:00:00+00:00,2026-01-31 02:00:00+00:00,0,1,2025-12-08T00:00:00+00:00,2026-01-26T00:00:00+00:00,2026-01-26T00:00:00+00:00,2026-02-02T00:00:00+00:00,565.4011130005833,837.5915586406154,-272.19044564003207,0,night,0,0.0,0,1,0,0,0,0,0,0,0,0,0,0,0,0,0,0,0,0,0,0,0,0,0,0,5,403.1378216736112,568.5592018373611,407.8405305781389,560.2704962234167,1,0.9659258262890684,0.2588190451025207,0,1,1,-169.37931517298614,363.9176662198347,1053.0844672548474,684.0517259136807,840,840,0.2825120625085015,0.712933446082415
A1,roll_03,mlr,2026-01-31 02:00:00+00:00,2026-01-31 03:00:00+00:00,0,1,2025-12-08T00:00:00+00:00,2026-01-26T00:00:00+00:00,2026-01-26T00:00:00+00:00,2026-02-02T00:00:00+00:00,568.1319450434166,807.169823235793,-239.0378781923764,0,night,0,0.0,0,1,0,0,0,0,0,0,0,0,0,0,0,0,0,0,0,0,0,0,0,0,0,0,5,404.9479621853611,560.2704962234167,371.0950655588056,565.4011130005833,2,0.8660254037844387,0.4999999999999999,0,1,1,-169.37931517298614,363.9176662198347,1053.0844672548474,684.0517259136807,840,840,0.191412974651555,0.7089413034718752
A1,roll_03,mlr,2026-01-31 03:00:00+00:00,2026-01-31 04:00:00+00:00,0,1,2025-12-08T00:00:00+00:00,2026-01-26T00:00:00+00:00,2026-01-26T00:00:00+00:00,2026-02-02T00:00:00+00:00,1108.9278010010555,783.1284777531725,325.79932324788297,0,night,0,0.0,0,1,0,1,1,0,2,0,0,0,1,0,1,0,1,0,0,0,1,0,0,0,0,0,5,402.6522398849167,565.4011130005833,377.9953876609166,568.1319450434166,3,0.7071067811865476,0.7071067811865476,0,1,1,-169.37931517298614,363.9176662198347,1053.0844672548474,684.0517259136807,840,840,1.3606886512669119,0.0816361272557551
A1,roll_03,mlr,2026-01-31 04:00:00+00:00,2026-01-31 05:00:00+00:00,0,1,2025-12-08T00:00:00+00:00,2026-01-26T00:00:00+00:00,2026-01-26T00:00:00+00:00,2026-02-02T00:00:00+00:00,1973.961116742889,1135.0325861265296,838.9285306163595,0,night,0,0.0,0,1,0,1,1,0,2,0,0,0,1,0,1,0,1,0,0,0,1,0,0,0,0,0,5,989.5879204678332,568.1319450434166,1042.5099112287778,1108.9278010010555,4,0.5000000000000001,0.8660254037844386,0,1,1,-169.37931517298614,363.9176662198347,1053.0844672548474,684.0517259136807,840,840,2.770703209500824,1.3462090871242762
A1,roll_03,mlr,2026-01-31 05:00:00+00:00,2026-01-31 06:00:00+00:00,0,1,2025-12-08T00:00:00+00:00,2026-01-26T00:00:00+00:00,2026-01-26T00:00:00+00:00,2026-02-02T00:00:00+00:00,2133.987086771556,1786.657834749275,347.3292520222808,0,night,0,0.0,0,2,0,0,0,0,0,0,0,0,0,0,0,0,0,0,0,0,0,0,0,0,0,0,5,1683.9951601766388,1108.9278010010555,2043.280496847389,1973.961116742889,5,0.2588190451025207,0.9659258262890684,0,1,1,-169.37931517298614,363.9176662198347,1053.0844672548474,684.0517259136807,840,840,1.419850189089569,1.5801474926080454
A1,roll_03,mlr,2026-01-31 06:00:00+00:00,2026-01-31 07:00:00+00:00,0,1,2025-12-08T00:00:00+00:00,2026-01-26T00:00:00+00:00,2026-01-26T00:00:00+00:00,2026-02-02T00:00:00+00:00,1020.5726502083334,2005.2312967484215,-984.6586465400884,0,night,0,0.0,0,2,0,0,0,0,0,0,0,0,0,0,0,0,0,0,0,0,0,0,0,0,0,0,5,1902.018428271,1973.961116742889,2356.0469720826945,2133.987086771556,6,6.123233995736766e-17,1.0,0,1,1,-169.37931517298614,363.9176662198347,1053.0844672548474,684.0517259136807,840,840,2.2402851167841074,0.047528302049217576
A1,roll_03,mlr,2026-01-31 07:00:00+00:00,2026-01-31 08:00:00+00:00,0,1,2025-12-08T00:00:00+00:00,2026-01-26T00:00:00+00:00,2026-01-26T00:00:00+00:00,2026-02-02T00:00:00+00:00,419.2874801181944,1314.9220735183217,-895.6345934001272,1,night,0,0.0,0,2,0,0,0,0,0,0,0,0,0,0,0,0,0,0,0,0,0,0,0,0,0,0,5,2166.76233965375,2133.987086771556,2415.724502125278,1020.5726502083334,7,-0.2588190451025206,0.9659258262890684,0,1,1,-169.37931517298614,363.9176662198347,1053.0844672548474,684.0517259136807,840,840,1.9956582096468658,0.9265337154000992
A1,roll_03,mlr,2026-01-31 08:00:00+00:00,2026-01-31 09:00:00+00:00,0,1,2025-12-08T00:00:00+00:00,2026-01-26T00:00:00+00:00,2026-01-26T00:00:00+00:00,2026-02-02T00:00:00+00:00,250.3521221068889,760.5243033396328,-510.1721812327438,1,low,0,0.0,0,2,0,0,0,0,0,0,0,0,0,0,0,0,0,0,0,0,0,0,0,0,0,0,5,2056.1787956731946,1020.5726502083334,2088.875723270194,419.2874801181944,8,-0.4999999999999998,0.8660254037844387,0,1,1,-169.37931517298614,363.9176662198347,1053.0844672548474,684.0517259136807,840,840,0.9364559560950035,1.173496556968345
A1,roll_03,mlr,2026-01-31 09:00:00+00:00,2026-01-31 10:00:00+00:00,0,1,2025-12-08T00:00:00+00:00,2026-01-26T00:00:00+00:00,2026-01-26T00:00:00+00:00,2026-02-02T00:00:00+00:00,334.93582907008334,524.4486817437495,-189.51285267366612,1,low,0,0.0,0,2,0,0,0,0,0,0,0,0,0,0,0,0,0,0,0,0,0,0,0,0,0,0,5,2110.409867789389,419.2874801181944,1376.5848081650277,250.3521221068889,9,-0.7071067811865475,0.7071067811865476,0,1,1,-169.37931517298614,363.9176662198347,1053.0844672548474,684.0517259136807,840,840,0.055324430137771184,1.0498455174943684
A1,roll_03,mlr,2026-01-31 10:00:00+00:00,2026-01-31 11:00:00+00:00,0,1,2025-12-08T00:00:00+00:00,2026-01-26T00:00:00+00:00,2026-01-26T00:00:00+00:00,2026-02-02T00:00:00+00:00,-25.482023055444444,495.3038580054448,-520.7858810608892,1,low,0,0.0,0,2,0,0,0,0,0,0,0,0,0,0,0,0,0,0,0,0,0,0,0,0,0,0,5,3130.832139515,250.3521221068889,637.5708449115556,334.93582907008334,10,-0.8660254037844387,0.4999999999999999,0,1,1,-169.37931517298614,363.9176662198347,1053.0844672548474,684.0517259136807,840,840,0.965621069012973,1.5767323572931007
A1,roll_03,mlr,2026-01-31 11:00:00+00:00,2026-01-31 12:00:00+00:00,0,1,2025-12-08T00:00:00+00:00,2026-01-26T00:00:00+00:00,2026-01-26T00:00:00+00:00,2026-02-02T00:00:00+00:00,-362.59401059927774,114.65650449515704,-477.2505150944348,1,med,0,0.0,0,2,1,0,0,0,0,0,0,0,0,0,0,0,0,0,0,0,0,0,0,0,0,0,5,385.99203080291664,334.93582907008334,-1038.640299738972,-25.482023055444444,11,-0.9659258262890682,0.258819045102521,0,1,1,-169.37931517298614,363.9176662198347,1053.0844672548474,684.0517259136807,840,840,0.845991356010374,2.069548872145916
A1,roll_03,mlr,2026-01-31 12:00:00+00:00,2026-01-31 13:00:00+00:00,0,1,2025-12-08T00:00:00+00:00,2026-01-26T00:00:00+00:00,2026-01-26T00:00:00+00:00,2026-02-02T00:00:00+00:00,-31.184125589083333,-73.9107507679438,42.72662517886046,1,med,0,0.0,0,2,1,0,0,0,0,0,0,0,0,0,0,0,0,0,0,0,0,0,0,0,0,0,5,1016.1453970060834,-25.482023055444444,338.58896643852773,-362.59401059927774,12,-1.0,1.2246467991473532e-16,0,1,1,-169.37931517298614,363.9176662198347,1053.0844672548474,684.0517259136807,840,840,0.5828404610171303,1.585068134132232
A1,roll_03,mlr,2026-01-31 13:00:00+00:00,2026-01-31 14:00:00+00:00,0,1,2025-12-08T00:00:00+00:00,2026-01-26T00:00:00+00:00,2026-01-26T00:00:00+00:00,2026-02-02T00:00:00+00:00,-90.87281389516666,46.542305050419145,-137.4151189455858,1,med,0,0.0,0,2,1,0,0,0,0,0,0,0,0,0,0,0,0,0,0,0,0,0,0,0,0,0,5,1064.5741736199725,-362.59401059927774,-266.5041079402778,-31.184125589083333,13,-0.9659258262890684,-0.2588190451025208,0,1,1,-169.37931517298614,363.9176662198347,1053.0844672548474,684.0517259136807,840,840,0.08783359312952804,1.6723256996713842
A1,roll_03,mlr,2026-01-31 14:00:00+00:00,2026-01-31 15:00:00+00:00,0,1,2025-12-08T00:00:00+00:00,2026-01-26T00:00:00+00:00,2026-01-26T00:00:00+00:00,2026-02-02T00:00:00+00:00,422.2890764387501,74.83533164390542,347.4537447948447,1,med,0,0.0,0,3,1,0,0,0,0,0,0,0,0,0,0,0,0,0,0,0,0,0,0,0,0,0,5,1858.781012173056,-31.184125589083333,376.1624140875,-90.87281389516666,14,-0.8660254037844388,-0.4999999999999997,0,1,1,-169.37931517298614,363.9176662198347,1053.0844672548474,684.0517259136807,840,840,1.420192279579039,0.9221457485156558
A1,roll_03,mlr,2026-01-31 15:00:00+00:00,2026-01-31 16:00:00+00:00,0,1,2025-12-08T00:00:00+00:00,2026-01-26T00:00:00+00:00,2026-01-26T00:00:00+00:00,2026-02-02T00:00:00+00:00,514.5742918275556,511.0207876108314,3.553504216724207,1,low,0,0.0,0,2,0,0,0,0,0,0,0,0,0,0,0,0,0,0,0,0,0,0,0,0,0,0,5,1831.2616717653889,-90.87281389516666,1082.7555175266666,422.2890764387501,15,-0.7071067811865479,-0.7071067811865471,0,1,1,-169.37931517298614,363.9176662198347,1053.0844672548474,684.0517259136807,840,840,0.4751976489243735,0.787236045209899
A1,roll_03,mlr,2026-01-31 16:00:00+00:00,2026-01-31 17:00:00+00:00,0,1,2025-12-08T00:00:00+00:00,2026-01-26T00:00:00+00:00,2026-01-26T00:00:00+00:00,2026-02-02T00:00:00+00:00,555.1924943127777,683.2199210213253,-128.02742670854752,0,night,0,0.0,0,2,0,0,0,0,0,0,0,0,0,0,0,0,0,0,0,0,0,0,0,0,0,0,5,1060.0596002008333,422.2890764387501,1956.864773614972,514.5742918275556,16,-0.5000000000000004,-0.8660254037844385,0,1,1,-169.37931517298614,363.9176662198347,1053.0844672548474,684.0517259136807,840,840,0.1136297913041101,0.7278571986307623
A1,roll_03,mlr,2026-01-31 17:00:00+00:00,2026-01-31 18:00:00+00:00,0,1,2025-12-08T00:00:00+00:00,2026-01-26T00:00:00+00:00,2026-01-26T00:00:00+00:00,2026-02-02T00:00:00+00:00,563.0741589198611,738.1440969096604,-175.0699379897993,0,night,0,0.0,0,2,0,0,0,0,0,0,0,0,0,0,0,0,0,0,0,0,0,0,0,0,0,0,5,992.9213029867224,514.5742918275556,2558.768179305,555.1924943127777,17,-0.2588190451025206,-0.9659258262890684,0,1,1,-169.37931517298614,363.9176662198347,1053.0844672548474,684.0517259136807,840,840,0.01563711615301356,0.7163351684852262
A1,roll_03,mlr,2026-01-31 18:00:00+00:00,2026-01-31 19:00:00+00:00,0,1,2025-12-08T00:00:00+00:00,2026-01-26T00:00:00+00:00,2026-01-26T00:00:00+00:00,2026-02-02T00:00:00+00:00,532.8345183753889,683.7357952501918,-150.90127687480287,0,night,0,0.0,0,2,0,0,0,0,0,0,0,0,0,0,0,0,0,0,0,0,0,0,0,0,0,0,5,1541.1415699855834,555.1924943127777,1987.7934036818888,563.0741589198611,18,-1.8369701987210287e-16,-1.0,0,1,1,-169.37931517298614,363.9176662198347,1053.0844672548474,684.0517259136807,840,840,0.050775326436120545,0.7605418262552676
A1,roll_03,mlr,2026-01-31 19:00:00+00:00,2026-01-31 20:00:00+00:00,0,1,2025-12-08T00:00:00+00:00,2026-01-26T00:00:00+00:00,2026-01-26T00:00:00+00:00,2026-02-02T00:00:00+00:00,552.461400302111,621.6383493040448,-69.17694900193385,0,night,0,0.0,0,1,0,1,1,0,11,0,0,0,1,0,1,0,1,0,0,0,1,0,0,0,0,0,5,1286.9006860100278,563.0741589198611,1676.7119280521667,532.8345183753889,19,0.2588190451025203,-0.9659258262890684,0,1,1,-169.37931517298614,363.9176662198347,1053.0844672548474,684.0517259136807,840,840,0.2753435061614245,0.7318497242062498
A1,roll_03,mlr,2026-01-31 20:00:00+00:00,2026-01-31 21:00:00+00:00,0,1,2025-12-08T00:00:00+00:00,2026-01-26T00:00:00+00:00,2026-01-26T00:00:00+00:00,2026-02-02T00:00:00+00:00,552.9098461985833,588.9990218656726,-36.08917566708931,0,night,0,0.0,0,1,0,1,1,0,11,0,0,0,1,0,1,0,1,0,0,0,1,0,0,0,0,0,5,640.4533153681945,532.8345183753889,1399.5987402705557,552.461400302111,20,0.5000000000000001,-0.8660254037844386,0,1,1,-169.37931517298614,363.9176662198347,1053.0844672548474,684.0517259136807,840,840,0.3662645479413994,0.7311941511267822
A1,roll_03,mlr,2026-01-31 21:00:00+00:00,2026-01-31 22:00:00+00:00,0,1,2025-12-08T00:00:00+00:00,2026-01-26T00:00:00+00:00,2026-01-26T00:00:00+00:00,2026-02-02T00:00:00+00:00,560.803781971389,558.6534815910165,2.150300380372414,0,night,0,0.0,0,1,0,1,1,0,11,0,0,0,1,0,1,0,1,0,0,0,1,0,0,0,0,0,5,584.3161862229999,552.461400302111,1395.9087899032777,552.9098461985833,21,0.7071067811865474,-0.7071067811865477,0,1,1,-169.37931517298614,363.9176662198347,1053.0844672548474,684.0517259136807,840,840,0.4713418211737522,0.7196541820370738
A1,roll_03,mlr,2026-01-31 22:00:00+00:00,2026-01-31 23:00:00+00:00,0,1,2025-12-08T00:00:00+00:00,2026-01-26T00:00:00+00:00,2026-01-26T00:00:00+00:00,2026-02-02T00:00:00+00:00,565.2245665261389,482.22389182225743,83.00067470388149,0,night,0,0.0,0,1,0,1,1,0,11,0,0,0,1,0,1,0,1,0,0,0,1,0,0,0,0,0,5,518.3547093412777,552.9098461985833,617.2218638224722,560.803781971389,22,0.8660254037844384,-0.5000000000000004,0,1,1,-169.37931517298614,363.9176662198347,1053.0844672548474,684.0517259136807,840,840,0.6935084864069512,0.7131915354457722
A1,roll_03,mlr,2026-01-31 23:00:00+00:00,2026-02-01 00:00:00+00:00,0,1,2025-12-08T00:00:00+00:00,2026-01-26T00:00:00+00:00,2026-01-26T00:00:00+00:00,2026-02-02T00:00:00+00:00,564.1097782727777,448.16403140322194,115.94574686955576,0,night,0,0.0,0,1,0,1,1,0,11,0,0,0,1,0,1,0,1,0,0,0,1,0,0,0,0,0,5,430.99813492583326,560.803781971389,560.833410557,565.2245665261389,23,0.965925826289068,-0.2588190451025215,0,1,1,-169.37931517298614,363.9176662198347,1053.0844672548474,684.0517259136807,840,840,0.7840374033124934,0.7148212195926431
A1,roll_03,mlr,2026-02-01 00:00:00+00:00,2026-02-01 01:00:00+00:00,0,1,2025-12-08T00:00:00+00:00,2026-01-26T00:00:00+00:00,2026-01-26T00:00:00+00:00,2026-02-02T00:00:00+00:00,533.409867254,890.899465962573,-357.489598708573,0,night,0,0.0,0,1,0,1,1,0,11,0,0,0,1,0,1,0,1,0,0,0,1,0,0,0,0,0,6,377.7188413770555,565.2245665261389,568.5592018373611,564.1097782727777,0,1.0,0.0,0,1,2,-169.37931517298614,363.9176662198347,1053.0844672548474,684.0517259136807,840,840,0.5169034124931807,0.7597007365294247
A1,roll_03,mlr,2026-02-01 01:00:00+00:00,2026-02-01 02:00:00+00:00,0,1,2025-12-08T00:00:00+00:00,2026-01-26T00:00:00+00:00,2026-01-26T00:00:00+00:00,2026-02-02T00:00:00+00:00,562.5751383565,838.0770666948929,-275.5019283383929,0,night,0,0.0,0,1,0,1,1,0,11,0,0,0,0,1,1,0,1,0,0,0,1,0,0,0,0,0,6,364.4423996903056,564.1097782727777,560.2704962234167,533.409867254,1,0.9659258262890684,0.2588190451025207,0,1,2,-169.37931517298614,363.9176662198347,1053.0844672548474,684.0517259136807,840,840,0.2916116006890976,0.7170646755450828
A1,roll_03,mlr,2026-02-01 02:00:00+00:00,2026-02-01 03:00:00+00:00,0,1,2025-12-08T00:00:00+00:00,2026-01-26T00:00:00+00:00,2026-01-26T00:00:00+00:00,2026-02-02T00:00:00+00:00,534.4757679513611,822.1284173987827,-287.6526494474216,0,night,0,0.0,0,1,0,1,1,0,11,0,0,0,0,1,1,0,1,0,0,0,1,0,0,0,0,0,6,384.5271624152222,533.409867254,565.4011130005833,562.5751383565,2,0.8660254037844387,0.4999999999999999,0,1,2,-169.37931517298614,363.9176662198347,1053.0844672548474,684.0517259136807,840,840,0.3250002548735546,0.7581425200130678
A1,roll_03,mlr,2026-02-01 03:00:00+00:00,2026-02-01 04:00:00+00:00,0,1,2025-12-08T00:00:00+00:00,2026-01-26T00:00:00+00:00,2026-01-26T00:00:00+00:00,2026-02-02T00:00:00+00:00,559.3680544099722,781.4882576421578,-222.12020323218564,0,night,0,0.0,0,1,0,1,1,0,11,0,0,0,0,1,1,0,1,0,0,0,1,0,0,0,0,0,6,395.30640441158334,562.5751383565,568.1319450434166,534.4757679513611,3,0.7071067811865476,0.7071067811865476,0,1,2,-169.37931517298614,363.9176662198347,1053.0844672548474,684.0517259136807,840,840,0.14492533052061257,0.7217530402184476
A1,roll_03,mlr,2026-02-01 04:00:00+00:00,2026-02-01 05:00:00+00:00,0,1,2025-12-08T00:00:00+00:00,2026-01-26T00:00:00+00:00,2026-01-26T00:00:00+00:00,2026-02-02T00:00:00+00:00,555.9197919330833,796.9260295586391,-241.00623762555583,0,night,0,0.0,0,1,0,1,1,0,11,0,0,0,0,1,1,0,1,0,0,0,1,0,0,0,0,0,6,963.782436518,534.4757679513611,1108.9278010010555,559.3680544099722,4,0.5000000000000001,0.8660254037844386,0,1,2,-169.37931517298614,363.9176662198347,1053.0844672548474,684.0517259136807,840,840,0.19682177893859495,0.7267939784198432
A1,roll_03,mlr,2026-02-01 05:00:00+00:00,2026-02-01 06:00:00+00:00,0,1,2025-12-08T00:00:00+00:00,2026-01-26T00:00:00+00:00,2026-01-26T00:00:00+00:00,2026-02-02T00:00:00+00:00,1160.5435193141388,823.5739593012208,336.969560012918,0,night,0,0.0,0,1,0,1,1,0,11,0,0,0,0,1,1,0,1,0,0,0,1,0,0,0,0,0,6,1696.815230154389,559.3680544099722,1973.961116742889,555.9197919330833,5,0.2588190451025207,0.9659258262890684,0,1,2,-169.37931517298614,363.9176662198347,1053.0844672548474,684.0517259136807,840,840,1.391383057727211,0.15709199756167497
A1,roll_03,mlr,2026-02-01 06:00:00+00:00,2026-02-01 07:00:00+00:00,0,1,2025-12-08T00:00:00+00:00,2026-01-26T00:00:00+00:00,2026-01-26T00:00:00+00:00,2026-02-02T00:00:00+00:00,691.6709654138334,1199.420008843,-507.7490434291666,0,night,0,0.0,0,1,0,0,0,0,0,0,0,0,0,0,0,0,0,0,0,0,0,0,0,0,0,0,6,1659.7306816588614,555.9197919330833,2133.987086771556,1160.5435193141388,6,6.123233995736766e-17,1.0,0,1,2,-169.37931517298614,363.9176662198347,1053.0844672548474,684.0517259136807,840,840,0.9297974780146526,0.5283423579675612
A1,roll_03,mlr,2026-02-01 07:00:00+00:00,2026-02-01 08:00:00+00:00,0,1,2025-12-08T00:00:00+00:00,2026-01-26T00:00:00+00:00,2026-01-26T00:00:00+00:00,2026-02-02T00:00:00+00:00,1089.2109433604444,900.4842307630421,188.7267125974023,1,night,0,0.0,0,1,0,0,0,0,0,0,0,0,0,0,0,0,0,0,0,0,0,0,0,0,0,0,6,2231.1363579284443,1160.5435193141388,1020.5726502083334,691.6709654138334,7,-0.2588190451025206,0.9659258262890684,0,1,2,-169.37931517298614,363.9176662198347,1053.0844672548474,684.0517259136807,840,840,0.9840303481009477,0.05281249171229452
A1,roll_03,mlr,2026-02-01 08:00:00+00:00,2026-02-01 09:00:00+00:00,0,1,2025-12-08T00:00:00+00:00,2026-01-26T00:00:00+00:00,2026-01-26T00:00:00+00:00,2026-02-02T00:00:00+00:00,303.2054646118889,1043.9069186945276,-740.7014540826387,1,low,0,0.0,0,2,0,0,0,0,0,0,0,0,0,0,0,0,0,0,0,0,0,0,0,0,0,0,6,2238.324116505972,691.6709654138334,419.2874801181944,1089.2109433604444,8,-0.4999999999999998,0.8660254037844387,0,1,2,-169.37931517298614,363.9176662198347,1053.0844672548474,684.0517259136807,840,840,1.5699214188863517,1.0962314313897141
A1,roll_03,mlr,2026-02-01 09:00:00+00:00,2026-02-01 10:00:00+00:00,0,1,2025-12-08T00:00:00+00:00,2026-01-26T00:00:00+00:00,2026-01-26T00:00:00+00:00,2026-02-02T00:00:00+00:00,306.5586802728889,585.3936128170885,-278.8349325441996,1,low,0,0.0,0,2,0,0,0,0,0,0,0,0,0,0,0,0,0,0,0,0,0,0,0,0,0,0,6,2327.768168646222,1089.2109433604444,250.3521221068889,303.2054646118889,9,-0.7071067811865475,0.7071067811865476,0,1,2,-169.37931517298614,363.9176662198347,1053.0844672548474,684.0517259136807,840,840,0.3007702772667643,1.0913294400139577
A1,roll_03,mlr,2026-02-01 10:00:00+00:00,2026-02-01 11:00:00+00:00,0,1,2025-12-08T00:00:00+00:00,2026-01-26T00:00:00+00:00,2026-01-26T00:00:00+00:00,2026-02-02T00:00:00+00:00,298.92543760088887,475.1251298643786,-176.19969226348974,1,low,0,0.0,0,2,0,0,0,0,0,0,0,0,0,0,0,0,0,0,0,0,0,0,0,0,0,0,6,3079.3561128761667,303.2054646118889,334.93582907008334,306.5586802728889,10,-0.8660254037844387,0.4999999999999999,0,1,2,-169.37931517298614,363.9176662198347,1053.0844672548474,684.0517259136807,840,840,0.018741538879795842,1.1024883076592433
A1,roll_03,mlr,2026-02-01 11:00:00+00:00,2026-02-01 12:00:00+00:00,0,1,2025-12-08T00:00:00+00:00,2026-01-26T00:00:00+00:00,2026-01-26T00:00:00+00:00,2026-02-02T00:00:00+00:00,73.55411946638888,467.46014737388873,-393.90602790749983,1,low,0,0.0,0,2,0,0,0,0,0,0,0,0,0,0,0,0,0,0,0,0,0,0,0,0,0,0,6,1060.977643347722,306.5586802728889,-25.482023055444444,298.92543760088887,11,-0.9659258262890682,0.258819045102521,0,1,2,-169.37931517298614,363.9176662198347,1053.0844672548474,684.0517259136807,840,840,0.6169711821543779,1.4319536237995893
A1,roll_03,mlr,2026-02-01 12:00:00+00:00,2026-02-01 13:00:00+00:00,0,1,2025-12-08T00:00:00+00:00,2026-01-26T00:00:00+00:00,2026-01-26T00:00:00+00:00,2026-02-02T00:00:00+00:00,151.58054217927778,292.2802908680963,-140.69974868881852,1,med,0,0.0,0,2,0,0,0,0,0,0,0,0,0,0,0,0,0,0,0,0,0,0,0,0,0,0,6,1745.3068945306666,298.92543760088887,-362.59401059927774,73.55411946638888,12,-1.0,1.2246467991473532e-16,0,1,2,-169.37931517298614,363.9176662198347,1053.0844672548474,684.0517259136807,840,840,0.07880784349403616,1.317888532291093
A1,roll_03,mlr,2026-02-01 13:00:00+00:00,2026-02-01 14:00:00+00:00,0,1,2025-12-08T00:00:00+00:00,2026-01-26T00:00:00+00:00,2026-01-26T00:00:00+00:00,2026-02-02T00:00:00+00:00,1336.6438164391946,334.4098942959838,1002.2339221432107,1,med,0,0.0,0,2,0,0,0,0,0,0,0,0,0,0,0,0,0,0,0,0,0,0,0,0,0,0,6,906.8727746182224,73.55411946638888,-31.184125589083333,151.58054217927778,13,-0.9659258262890684,-0.2588190451025208,0,1,2,-169.37931517298614,363.9176662198347,1053.0844672548474,684.0517259136807,840,840,3.219445896887157,0.41452910422176037
A1,roll_03,mlr,2026-02-01 14:00:00+00:00,2026-02-01 15:00:00+00:00,0,1,2025-12-08T00:00:00+00:00,2026-01-26T00:00:00+00:00,2026-01-26T00:00:00+00:00,2026-02-02T00:00:00+00:00,1896.0841900744165,1072.8312288482175,823.252961226199,1,med,0,0.0,0,2,0,0,0,0,0,0,0,0,0,0,0,0,0,0,0,0,0,0,0,0,0,0,6,1490.25308828425,151.58054217927778,-90.87281389516666,1336.6438164391946,14,-0.8660254037844388,-0.4999999999999997,0,1,2,-169.37931517298614,363.9176662198347,1053.0844672548474,684.0517259136807,840,840,2.7276287153357313,1.2323625405572705
A1,roll_03,mlr,2026-02-01 15:00:00+00:00,2026-02-01 16:00:00+00:00,0,1,2025-12-08T00:00:00+00:00,2026-01-26T00:00:00+00:00,2026-01-26T00:00:00+00:00,2026-02-02T00:00:00+00:00,2484.501672130778,1609.2501017984364,875.2515703323415,1,low,0,0.0,0,2,0,0,0,0,0,0,0,0,0,0,0,0,0,0,0,0,0,0,0,0,0,0,6,924.6930943503612,1336.6438164391946,422.2890764387501,1896.0841900744165,15,-0.7071067811865479,-0.7071067811865471,0,1,2,-169.37931517298614,363.9176662198347,1053.0844672548474,684.0517259136807,840,840,2.870514356602542,2.0925569670393007
A1,roll_03,mlr,2026-02-01 16:00:00+00:00,2026-02-01 17:00:00+00:00,0,1,2025-12-08T00:00:00+00:00,2026-01-26T00:00:00+00:00,2026-01-26T00:00:00+00:00,2026-02-02T00:00:00+00:00,2486.544613380472,2033.4619221266207,453.08269125385095,0,night,0,0.0,0,2,0,0,0,0,0,0,0,0,0,0,0,0,0,0,0,0,0,0,0,0,0,0,6,1936.265559235028,1896.0841900744165,514.5742918275556,2484.501672130778,16,-0.5000000000000004,-0.8660254037844385,0,1,2,-169.37931517298614,363.9176662198347,1053.0844672548474,684.0517259136807,840,840,1.7104473462160021,2.0955434974028715
A1,roll_03,mlr,2026-02-01 17:00:00+00:00,2026-02-01 18:00:00+00:00,0,1,2025-12-08T00:00:00+00:00,2026-01-26T00:00:00+00:00,2026-01-26T00:00:00+00:00,2026-02-02T00:00:00+00:00,2612.5492478209444,2105.5368633777302,507.01238444321416,0,night,0,0.0,0,2,0,0,0,0,0,0,0,0,0,0,0,0,0,0,0,0,0,0,0,0,0,0,6,1053.6913190111388,2484.501672130778,555.1924943127777,2486.544613380472,17,-0.2588190451025206,-0.9659258262890684,0,1,2,-169.37931517298614,363.9176662198347,1053.0844672548474,684.0517259136807,840,840,1.8586393637939163,2.279746869263631
A1,roll_03,mlr,2026-02-01 18:00:00+00:00,2026-02-01 19:00:00+00:00,0,1,2025-12-08T00:00:00+00:00,2026-01-26T00:00:00+00:00,2026-01-26T00:00:00+00:00,2026-02-02T00:00:00+00:00,3017.157618471861,2161.517272383641,855.6403460882202,0,night,0,0.0,0,2,0,0,0,0,0,0,0,0,0,0,0,0,0,0,0,0,0,0,0,0,0,0,6,1042.3809986754163,2486.544613380472,563.0741589198611,2612.5492478209444,18,-1.8369701987210287e-16,-1.0,0,1,2,-169.37931517298614,363.9176662198347,1053.0844672548474,684.0517259136807,840,840,2.8166251776356863,2.8712348449872294
A1,roll_03,mlr,2026-02-01 19:00:00+00:00,2026-02-01 20:00:00+00:00,0,1,2025-12-08T00:00:00+00:00,2026-01-26T00:00:00+00:00,2026-01-26T00:00:00+00:00,2026-02-02T00:00:00+00:00,2133.137917275778,2405.548666602563,-272.4107493267852,0,night,0,0.0,0,1,0,0,0,0,0,0,0,0,0,0,0,0,0,0,0,0,0,0,0,0,0,0,6,849.7813898698611,2612.5492478209444,532.8345183753889,3017.157618471861,19,0.2588190451025203,-0.9659258262890684,0,1,2,-169.37931517298614,363.9176662198347,1053.0844672548474,684.0517259136807,840,840,0.2831174293461204,1.5789061106136595
A1,roll_03,mlr,2026-02-01 20:00:00+00:00,2026-02-01 21:00:00+00:00,0,1,2025-12-08T00:00:00+00:00,2026-01-26T00:00:00+00:00,2026-01-26T00:00:00+00:00,2026-02-02T00:00:00+00:00,952.1327068525555,1873.927403005695,-921.7946961531394,0,night,0,0.0,0,1,0,0,0,0,0,0,0,0,0,0,0,0,0,0,0,0,0,0,0,0,0,0,6,739.4192231492499,3017.157618471861,552.461400302111,2133.137917275778,20,0.5000000000000001,-0.8660254037844386,0,1,2,-169.37931517298614,363.9176662198347,1053.0844672548474,684.0517259136807,840,840,2.0675428835203498,0.14757913265616227
A1,roll_03,mlr,2026-02-01 21:00:00+00:00,2026-02-01 22:00:00+00:00,0,1,2025-12-08T00:00:00+00:00,2026-01-26T00:00:00+00:00,2026-01-26T00:00:00+00:00,2026-02-02T00:00:00+00:00,1463.8755507140277,979.502565245086,484.3729854689417,0,night,0,0.0,0,1,0,0,0,0,0,0,0,0,0,0,0,0,0,0,0,0,0,0,0,0,0,0,6,575.8166761095833,2133.137917275778,552.9098461985833,952.1327068525555,21,0.7071067811865474,-0.7071067811865477,0,1,2,-169.37931517298614,363.9176662198347,1053.0844672548474,684.0517259136807,840,840,1.796429141329485,0.6005263460310564
A1,roll_03,persistence,2026-01-25 23:00:00+00:00,2026-01-26 00:00:00+00:00,0,1,2025-12-08T00:00:00+00:00,2026-01-26T00:00:00+00:00,2026-01-26T00:00:00+00:00,2026-02-02T00:00:00+00:00,369.4281183008611,401.8299940770556,-32.40187577619446,0,night,0,0.0,0,1,0,0,0,0,0,0,0,0,0,0,0,0,0,0,0,0,0,0,0,0,0,0,6,371.8011446672778,367.5400825782778,430.99813492583326,401.8299940770556,23,0.965925826289068,-0.2588190451025215,0,1,1,-4.087827328708443,257.33249462531967,1072.5309976097637,699.2838500327638,1008,1008,0.11002904428650465,1.0054613434529625
A1,roll_03,persistence,2026-01-26 00:00:00+00:00,2026-01-26 01:00:00+00:00,0,1,2025-12-08T00:00:00+00:00,2026-01-26T00:00:00+00:00,2026-01-26T00:00:00+00:00,2026-02-02T00:00:00+00:00,418.7639288361667,369.4281183008611,49.3358105353056,0,night,0,0.0,0,1,0,0,0,0,0,0,0,0,0,0,0,0,0,0,0,0,0,0,0,0,0,0,0,368.0171135468333,401.8299940770556,377.7188413770555,369.4281183008611,0,1.0,0.0,0,0,1,-4.087827328708443,257.33249462531967,1072.5309976097637,699.2838500327638,1008,1008,0.20760548698600903,0.9349094344778102
A1,roll_03,persistence,2026-01-26 01:00:00+00:00,2026-01-26 02:00:00+00:00,0,1,2025-12-08T00:00:00+00:00,2026-01-26T00:00:00+00:00,2026-01-26T00:00:00+00:00,2026-02-02T00:00:00+00:00,391.5396551361389,418.7639288361667,-27.224273700027823,0,night,0,0.0,0,1,0,0,0,0,0,0,0,0,0,0,0,0,0,0,0,0,0,0,0,0,0,0,0,370.43651664125,369.4281183008611,364.4423996903056,418.7639288361667,1,0.9659258262890684,0.2588190451025207,0,0,1,-4.087827328708443,257.33249462531967,1072.5309976097637,699.2838500327638,1008,1008,0.08990876338803004,0.973841083905653
A1,roll_03,persistence,2026-01-26 02:00:00+00:00,2026-01-26 03:00:00+00:00,0,1,2025-12-08T00:00:00+00:00,2026-01-26T00:00:00+00:00,2026-01-26T00:00:00+00:00,2026-02-02T00:00:00+00:00,371.4401780996666,391.5396551361389,-20.099477036472308,0,night,0,0.0,0,1,0,0,0,0,0,0,0,0,0,0,0,0,0,0,0,0,0,0,0,0,0,0,0,382.0239495386389,418.7639288361667,384.5271624152222,391.5396551361389,2,0.8660254037844387,0.4999999999999999,0,0,1,-4.087827328708443,257.33249462531967,1072.5309976097637,699.2838500327638,1008,1008,0.06222163948271317,1.0025840286133432
A1,roll_03,persistence,2026-01-26 03:00:00+00:00,2026-01-26 04:00:00+00:00,0,1,2025-12-08T00:00:00+00:00,2026-01-26T00:00:00+00:00,2026-01-26T00:00:00+00:00,2026-02-02T00:00:00+00:00,1028.218939733639,371.4401780996666,656.7787616339724,0,night,0,0.0,0,1,0,1,1,0,1,0,0,0,1,0,1,0,1,0,0,0,1,0,0,0,0,0,0,368.1878588306667,391.5396551361389,395.30640441158334,371.4401780996666,3,0.7071067811865476,0.7071067811865476,0,0,1,-4.087827328708443,257.33249462531967,1072.5309976097637,699.2838500327638,1008,1008,2.568142783230363,0.0633677695746135
A1,roll_03,persistence,2026-01-26 04:00:00+00:00,2026-01-26 05:00:00+00:00,0,1,2025-12-08T00:00:00+00:00,2026-01-26T00:00:00+00:00,2026-01-26T00:00:00+00:00,2026-02-02T00:00:00+00:00,2114.055589798917,1028.218939733639,1085.836650065278,0,night,0,0.0,0,1,0,0,0,0,0,0,0,0,0,0,0,0,0,0,0,0,0,0,0,0,0,0,0,956.6022458266112,371.4401780996666,963.782436518,1028.218939733639,4,0.5000000000000001,0.8660254037844386,0,0,1,-4.087827328708443,257.33249462531967,1072.5309976097637,699.2838500327638,1008,1008,4.23547161807503,1.4894160534958076
A1,roll_03,persistence,2026-01-26 05:00:00+00:00,2026-01-26 06:00:00+00:00,0,1,2025-12-08T00:00:00+00:00,2026-01-26T00:00:00+00:00,2026-01-26T00:00:00+00:00,2026-02-02T00:00:00+00:00,2600.770309974528,2114.055589798917,486.7147201756111,0,night,0,0.0,0,1,0,0,0,0,0,0,0,0,0,0,0,0,0,0,0,0,0,0,0,0,0,0,0,2097.5119466174724,1028.218939733639,1696.815230154389,2114.055589798917,5,0.2588190451025207,0.9659258262890684,0,0,1,-4.087827328708443,257.33249462531967,1072.5309976097637,699.2838500327638,1008,1008,1.9072700018664028,2.1854348735397813
A1,roll_03,persistence,2026-01-26 06:00:00+00:00,2026-01-26 07:00:00+00:00,0,1,2025-12-08T00:00:00+00:00,2026-01-26T00:00:00+00:00,2026-01-26T00:00:00+00:00,2026-02-02T00:00:00+00:00,2010.6085535996945,2600.770309974528,-590.1617563748337,0,night,0,0.0,0,1,0,0,0,0,0,0,0,0,0,0,0,0,0,0,0,0,0,0,0,0,0,0,0,2207.624277541472,2114.055589798917,1659.7306816588614,2600.770309974528,6,6.123233995736766e-17,1.0,0,0,1,-4.087827328708443,257.33249462531967,1072.5309976097637,699.2838500327638,1008,1008,2.27749678445957,1.3414832273703714
A1,roll_03,persistence,2026-01-26 07:00:00+00:00,2026-01-26 08:00:00+00:00,0,1,2025-12-08T00:00:00+00:00,2026-01-26T00:00:00+00:00,2026-01-26T00:00:00+00:00,2026-02-02T00:00:00+00:00,1665.4681254328334,2010.6085535996945,-345.14042816686106,1,low,0,0.0,0,1,0,0,0,0,0,0,0,0,0,0,0,0,0,0,0,0,0,0,0,0,0,0,0,743.501432477222,2600.770309974528,2231.1363579284443,2010.6085535996945,7,-0.2588190451025206,0.9659258262890684,0,0,1,-4.087827328708443,257.33249462531967,1072.5309976097637,699.2838500327638,1008,1008,1.3253382606605155,0.8479205229683033
A1,roll_03,persistence,2026-01-26 08:00:00+00:00,2026-01-26 09:00:00+00:00,0,1,2025-12-08T00:00:00+00:00,2026-01-26T00:00:00+00:00,2026-01-26T00:00:00+00:00,2026-02-02T00:00:00+00:00,1007.3270680508888,1665.4681254328334,-658.1410573819446,1,low,0,0.0,0,1,0,0,0,0,0,0,0,0,0,0,0,0,0,0,0,0,0,0,0,0,0,0,0,1602.210022772833,2010.6085535996945,2238.324116505972,1665.4681254328334,8,-0.4999999999999998,0.8660254037844387,0,0,1,-4.087827328708443,257.33249462531967,1072.5309976097637,699.2838500327638,1008,1008,2.5416659136093496,0.09324386592915014
A1,roll_03,persistence,2026-01-26 09:00:00+00:00,2026-01-26 10:00:00+00:00,0,1,2025-12-08T00:00:00+00:00,2026-01-26T00:00:00+00:00,2026-01-26T00:00:00+00:00,2026-02-02T00:00:00+00:00,-569.4865977234444,1007.3270680508888,-1576.8136657743332,1,med,0,0.0,0,2,0,0,0,0,0,0,0,0,0,0,0,0,0,0,0,0,0,0,0,0,0,0,0,401.86281383952775,1665.4681254328334,2327.768168646222,1007.3270680508888,9,-0.7071067811865475,0.7071067811865476,0,0,1,-4.087827328708443,257.33249462531967,1072.5309976097637,699.2838500327638,1008,1008,6.111648825133955,2.3481417385175907
A1,roll_03,persistence,2026-01-26 10:00:00+00:00,2026-01-26 11:00:00+00:00,0,1,2025-12-08T00:00:00+00:00,2026-01-26T00:00:00+00:00,2026-01-26T00:00:00+00:00,2026-02-02T00:00:00+00:00,-741.4332030484165,-569.4865977234444,-171.9466053249721,1,high,0,0.0,0,2,1,0,0,0,0,0,0,0,0,0,0,0,0,0,0,0,0,0,0,0,0,0,0,799.5036943302779,1007.3270680508888,3079.3561128761667,-569.4865977234444,10,-0.8660254037844387,0.4999999999999999,0,0,1,-4.087827328708443,257.33249462531967,1072.5309976097637,699.2838500327638,1008,1008,0.652303076767156,2.5940313087070295
A1,roll_03,persistence,2026-01-26 11:00:00+00:00,2026-01-26 12:00:00+00:00,0,1,2025-12-08T00:00:00+00:00,2026-01-26T00:00:00+00:00,2026-01-26T00:00:00+00:00,2026-02-02T00:00:00+00:00,-1079.799870834083,-741.4332030484165,-338.3666677856665,1,high,0,0.0,0,2,1,0,0,0,0,0,0,0,0,0,0,0,0,0,0,0,0,0,0,0,0,0,0,764.1083921755,-569.4865977234444,1060.977643347722,-741.4332030484165,11,-0.9659258262890682,0.258819045102521,0,0,1,-4.087827328708443,257.33249462531967,1072.5309976097637,699.2838500327638,1008,1008,1.2990152718321621,3.0779073023679913
A1,roll_03,persistence,2026-01-26 12:00:00+00:00,2026-01-26 13:00:00+00:00,0,1,2025-12-08T00:00:00+00:00,2026-01-26T00:00:00+00:00,2026-01-26T00:00:00+00:00,2026-02-02T00:00:00+00:00,94.50215176250003,-1079.799870834083,1174.3020225965831,1,high,0,0.0,0,2,1,0,0,0,0,0,0,0,0,0,0,0,0,0,0,0,0,0,0,0,0,0,0,135.93812644077775,-741.4332030484165,1745.3068945306666,-1079.799870834083,12,-1.0,1.2246467991473532e-16,0,0,1,-4.087827328708443,257.33249462531967,1072.5309976097637,699.2838500327638,1008,1008,4.579250092923735,1.3986149484239336
A1,roll_03,persistence,2026-01-26 13:00:00+00:00,2026-01-26 14:00:00+00:00,0,1,2025-12-08T00:00:00+00:00,2026-01-26T00:00:00+00:00,2026-01-26T00:00:00+00:00,2026-02-02T00:00:00+00:00,-184.2188756273056,94.50215176250003,-278.7210273898056,1,high,0,0.0,0,3,0,0,0,0,0,0,0,0,0,0,0,0,0,0,0,0,0,0,0,0,0,0,0,227.14875664072224,-1079.799870834083,906.8727746182224,94.50215176250003,13,-0.9659258262890684,-0.2588190451025208,0,0,1,-4.087827328708443,257.33249462531967,1072.5309976097637,699.2838500327638,1008,1008,1.0672309397263164,1.7971956211747009
A1,roll_03,persistence,2026-01-26 14:00:00+00:00,2026-01-26 15:00:00+00:00,0,1,2025-12-08T00:00:00+00:00,2026-01-26T00:00:00+00:00,2026-01-26T00:00:00+00:00,2026-02-02T00:00:00+00:00,297.8340901346389,-184.2188756273056,482.0529657619445,1,med,0,0.0,0,3,1,0,0,0,0,0,0,0,0,0,0,0,0,0,0,0,0,0,0,0,0,0,0,1951.074940760889,94.50215176250003,1490.25308828425,-184.2188756273056,14,-0.8660254037844388,-0.4999999999999997,0,0,1,-4.087827328708443,257.33249462531967,1072.5309976097637,699.2838500327638,1008,1008,1.8891543168634102,1.1078432705672063
A1,roll_03,persistence,2026-01-26 15:00:00+00:00,2026-01-26 16:00:00+00:00,0,1,2025-12-08T00:00:00+00:00,2026-01-26T00:00:00+00:00,2026-01-26T00:00:00+00:00,2026-02-02T00:00:00+00:00,931.8924169395276,297.8340901346389,634.0583268048887,1,low,0,0.0,0,3,0,0,0,0,0,0,0,0,0,0,0,0,0,0,0,0,0,0,0,0,0,0,0,806.2876032480555,-184.2188756273056,924.6930943503612,297.8340901346389,15,-0.7071067811865479,-0.7071067811865471,0,0,1,-4.087827328708443,257.33249462531967,1072.5309976097637,699.2838500327638,1008,1008,2.479850650275428,0.20111801618705588
A1,roll_03,persistence,2026-01-26 16:00:00+00:00,2026-01-26 17:00:00+00:00,0,1,2025-12-08T00:00:00+00:00,2026-01-26T00:00:00+00:00,2026-01-26T00:00:00+00:00,2026-02-02T00:00:00+00:00,2682.2788242863057,931.8924169395276,1750.386407346778,0,night,0,0.0,0,2,0,0,0,0,0,0,0,0,0,0,0,0,0,0,0,0,0,0,0,0,0,0,0,738.6692789706944,297.8340901346389,1936.265559235028,931.8924169395276,16,-0.5000000000000004,-0.8660254037844385,0,0,1,-4.087827328708443,257.33249462531967,1072.5309976097637,699.2838500327638,1008,1008,6.8179272782088,2.3019948574546945
A1,roll_03,persistence,2026-01-26 17:00:00+00:00,2026-01-26 18:00:00+00:00,0,1,2025-12-08T00:00:00+00:00,2026-01-26T00:00:00+00:00,2026-01-26T00:00:00+00:00,2026-02-02T00:00:00+00:00,1447.201125872611,2682.2788242863057,-1235.0776984136946,0,night,0,0.0,0,2,0,0,0,0,0,0,0,0,0,0,0,0,0,0,0,0,0,0,0,0,0,0,0,1883.6500829357776,931.8924169395276,1053.6913190111388,2682.2788242863057,17,-0.2588190451025206,-0.9659258262890684,0,0,1,-4.087827328708443,257.33249462531967,1072.5309976097637,699.2838500327638,1008,1008,4.783654986430406,0.5357911930116688
A1,roll_03,persistence,2026-01-26 18:00:00+00:00,2026-01-26 19:00:00+00:00,0,1,2025-12-08T00:00:00+00:00,2026-01-26T00:00:00+00:00,2026-01-26T00:00:00+00:00,2026-02-02T00:00:00+00:00,1800.8310691792778,1447.201125872611,353.62994330666675,0,night,0,0.0,0,2,0,0,0,0,0,0,0,0,0,0,0,0,0,0,0,0,0,0,0,0,0,0,0,1098.2935032161668,2682.2788242863057,1042.3809986754163,1447.201125872611,18,-1.8369701987210287e-16,-1.0,0,0,1,-4.087827328708443,257.33249462531967,1072.5309976097637,699.2838500327638,1008,1008,1.3900994942602105,1.0414941965775284
A1,roll_03,persistence,2026-01-26 19:00:00+00:00,2026-01-26 20:00:00+00:00,0,1,2025-12-08T00:00:00+00:00,2026-01-26T00:00:00+00:00,2026-01-26T00:00:00+00:00,2026-02-02T00:00:00+00:00,1879.5046675005,1800.8310691792778,78.67359832122224,0,night,0,0.0,0,2,0,0,0,0,0,0,0,0,0,0,0,0,0,0,0,0,0,0,0,0,0,0,0,1096.4852710823889,1447.201125872611,849.7813898698611,1800.8310691792778,19,0.2588190451025203,-0.9659258262890684,0,0,1,-4.087827328708443,257.33249462531967,1072.5309976097637,699.2838500327638,1008,1008,0.32161280591645713,1.1540001529463706
A1,roll_03,persistence,2026-01-26 20:00:00+00:00,2026-01-26 21:00:00+00:00,0,1,2025-12-08T00:00:00+00:00,2026-01-26T00:00:00+00:00,2026-01-26T00:00:00+00:00,2026-02-02T00:00:00+00:00,982.8754678472778,1879.5046675005,-896.6291996532223,0,night,0,0.0,0,1,0,0,0,0,0,0,0,0,0,0,0,0,0,0,0,0,0,0,0,0,0,0,0,852.2087300646944,1800.8310691792778,739.4192231492499,1879.5046675005,20,0.5000000000000001,-0.8660254037844386,0,0,1,-4.087827328708443,257.33249462531967,1072.5309976097637,699.2838500327638,1008,1008,3.468436326411356,0.12821049672216117
A1,roll_03,persistence,2026-01-26 21:00:00+00:00,2026-01-26 22:00:00+00:00,0,1,2025-12-08T00:00:00+00:00,2026-01-26T00:00:00+00:00,2026-01-26T00:00:00+00:00,2026-02-02T00:00:00+00:00,411.4689791798889,982.8754678472778,-571.4064886673889,0,night,0,0.0,0,1,0,0,0,0,0,0,0,0,0,0,0,0,0,0,0,0,0,0,0,0,0,0,0,568.0186646560555,1879.5046675005,575.8166761095833,982.8754678472778,21,0.7071067811865474,-0.7071067811865477,0,0,1,-4.087827328708443,257.33249462531967,1072.5309976097637,699.2838500327638,1008,1008,2.2046133822497063,0.9453414638403301
A1,roll_03,persistence,2026-01-26 22:00:00+00:00,2026-01-26 23:00:00+00:00,0,1,2025-12-08T00:00:00+00:00,2026-01-26T00:00:00+00:00,2026-01-26T00:00:00+00:00,2026-02-02T00:00:00+00:00,370.9779513775556,411.4689791798889,-40.49102780233329,0,night,0,0.0,0,1,0,0,0,0,0,0,0,0,0,0,0,0,0,0,0,0,0,0,0,0,0,0,0,461.19813976011113,982.8754678472778,367.5400825782778,411.4689791798889,22,0.8660254037844384,-0.5000000000000004,0,0,1,-4.087827328708443,257.33249462531967,1072.5309976097637,699.2838500327638,1008,1008,0.14146367533812046,1.0032450287523986
A1,roll_03,persistence,2026-01-26 23:00:00+00:00,2026-01-27 00:00:00+00:00,0,1,2025-12-08T00:00:00+00:00,2026-01-26T00:00:00+00:00,2026-01-26T00:00:00+00:00,2026-02-02T00:00:00+00:00,389.13017225908334,370.9779513775556,18.15222088152774,0,night,0,0.0,0,1,0,0,0,0,0,0,0,0,0,0,0,0,0,0,0,0,0,0,0,0,0,0,0,356.1728901926111,411.4689791798889,401.8299940770556,370.9779513775556,23,0.965925826289068,-0.2588190451025215,0,0,1,-4.087827328708443,257.33249462531967,1072.5309976097637,699.2838500327638,1008,1008,0.08642533949168782,0.9772867274407393
A1,roll_03,persistence,2026-01-27 00:00:00+00:00,2026-01-27 01:00:00+00:00,0,1,2025-12-08T00:00:00+00:00,2026-01-26T00:00:00+00:00,2026-01-26T00:00:00+00:00,2026-02-02T00:00:00+00:00,376.84390502849993,389.13017225908334,-12.286267230583404,0,night,0,0.0,0,1,0,0,0,0,0,0,0,0,0,0,0,0,0,0,0,0,0,0,0,0,0,0,1,357.6195414715833,370.9779513775556,369.4281183008611,389.13017225908334,0,1.0,0.0,0,0,1,-4.087827328708443,257.33249462531967,1072.5309976097637,699.2838500327638,1008,1008,0.03185932625342176,0.9948565129148466
A1,roll_03,persistence,2026-01-27 01:00:00+00:00,2026-01-27 02:00:00+00:00,0,1,2025-12-08T00:00:00+00:00,2026-01-26T00:00:00+00:00,2026-01-26T00:00:00+00:00,2026-02-02T00:00:00+00:00,378.1934371171667,376.84390502849993,1.3495320886667628,0,night,0,0.0,0,1,0,1,1,0,3,0,0,0,1,0,1,0,1,0,0,0,1,0,0,0,0,0,1,383.7339380009167,389.13017225908334,418.7639288361667,376.84390502849993,1,0.9659258262890684,0.2588190451025207,0,0,1,-4.087827328708443,257.33249462531967,1072.5309976097637,699.2838500327638,1008,1008,0.021129703908136784,0.9929266355287127
A1,roll_03,persistence,2026-01-27 02:00:00+00:00,2026-01-27 03:00:00+00:00,0,1,2025-12-08T00:00:00+00:00,2026-01-26T00:00:00+00:00,2026-01-26T00:00:00+00:00,2026-02-02T00:00:00+00:00,391.1898017904167,378.1934371171667,12.996364673250014,0,night,0,0.0,0,1,0,1,1,0,3,0,0,0,1,0,1,0,1,0,0,0,1,0,0,0,0,0,1,363.2547627211111,376.84390502849993,391.5396551361389,378.1934371171667,2,0.8660254037844387,0.4999999999999999,0,0,1,-4.087827328708443,257.33249462531967,1072.5309976097637,699.2838500327638,1008,1008,0.06638956353659618,0.9743413862445471
A1,roll_03,persistence,2026-01-27 03:00:00+00:00,2026-01-27 04:00:00+00:00,0,1,2025-12-08T00:00:00+00:00,2026-01-26T00:00:00+00:00,2026-01-26T00:00:00+00:00,2026-02-02T00:00:00+00:00,949.6719199514168,391.1898017904167,558.4821181610001,0,night,0,0.0,0,1,0,1,1,0,3,0,0,0,1,0,1,0,1,0,0,0,1,0,0,0,0,0,1,365.0164142213889,378.1934371171667,371.4401780996666,391.1898017904167,3,0.7071067811865476,0.7071067811865476,0,0,1,-4.087827328708443,257.33249462531967,1072.5309976097637,699.2838500327638,1008,1008,2.1861597631065584,0.1756927142713085
A1,roll_03,persistence,2026-01-27 04:00:00+00:00,2026-01-27 05:00:00+00:00,0,1,2025-12-08T00:00:00+00:00,2026-01-26T00:00:00+00:00,2026-01-26T00:00:00+00:00,2026-02-02T00:00:00+00:00,1868.492211110528,949.6719199514168,918.8202911591112,0,night,0,0.0,0,1,0,0,0,0,0,0,0,0,0,0,0,0,0,0,0,0,0,0,0,0,0,0,1,1039.7831993372222,391.1898017904167,1028.218939733639,949.6719199514168,4,0.5000000000000001,0.8660254037844386,0,0,1,-4.087827328708443,257.33249462531967,1072.5309976097637,699.2838500327638,1008,1008,3.5864422012913253,1.1382519608646342
A1,roll_03,persistence,2026-01-27 05:00:00+00:00,2026-01-27 06:00:00+00:00,0,1,2025-12-08T00:00:00+00:00,2026-01-26T00:00:00+00:00,2026-01-26T00:00:00+00:00,2026-02-02T00:00:00+00:00,1857.5546669058888,1868.492211110528,-10.937544204639153,0,night,0,0.0,0,1,0,0,0,0,0,0,0,0,0,0,0,0,0,0,0,0,0,0,0,0,0,0,1,1994.0688999676115,949.6719199514168,2114.055589798917,1868.492211110528,5,0.2588190451025207,0.9659258262890684,0,0,1,-4.087827328708443,257.33249462531967,1072.5309976097637,699.2838500327638,1008,1008,0.026618157516033917,1.1226108957890906
A1,roll_03,persistence,2026-01-27 06:00:00+00:00,2026-01-27 07:00:00+00:00,0,1,2025-12-08T00:00:00+00:00,2026-01-26T00:00:00+00:00,2026-01-26T00:00:00+00:00,2026-02-02T00:00:00+00:00,1526.8297823245,1857.5546669058888,-330.7248845813888,0,night,0,0.0,0,1,0,0,0,0,0,0,0,0,0,0,0,0,0,0,0,0,0,0,0,0,0,0,1,2029.167694873528,1868.492211110528,2600.770309974528,1857.5546669058888,6,6.123233995736766e-17,1.0,0,0,1,-4.087827328708443,257.33249462531967,1072.5309976097637,699.2838500327638,1008,1008,1.269319126324366,0.6496629154147502
A1,roll_03,persistence,2026-01-27 07:00:00+00:00,2026-01-27 08:00:00+00:00,0,1,2025-12-08T00:00:00+00:00,2026-01-26T00:00:00+00:00,2026-01-26T00:00:00+00:00,2026-02-02T00:00:00+00:00,1412.669924658583,1526.8297823245,-114.15985766591687,1,low,0,0.0,0,1,0,0,0,0,0,0,0,0,0,0,0,0,0,0,0,0,0,0,0,0,0,0,1,2071.0094555605,1857.5546669058888,2010.6085535996945,1526.8297823245,7,-0.2588190451025206,0.9659258262890684,0,0,1,-4.087827328708443,257.33249462531967,1072.5309976097637,699.2838500327638,1008,1008,0.4277424446433596,0.48641038547205506
A1,roll_03,persistence,2026-01-27 08:00:00+00:00,2026-01-27 09:00:00+00:00,0,1,2025-12-08T00:00:00+00:00,2026-01-26T00:00:00+00:00,2026-01-26T00:00:00+00:00,2026-02-02T00:00:00+00:00,1534.4343933593334,1412.669924658583,121.76446870075029,1,med,0,0.0,0,1,0,0,0,0,0,0,0,0,0,0,0,0,0,0,0,0,0,0,0,0,0,0,1,1907.5549124286945,1526.8297823245,1665.4681254328334,1412.669924658583,8,-0.4999999999999998,0.8660254037844387,0,0,1,-4.087827328708443,257.33249462531967,1072.5309976097637,699.2838500327638,1008,1008,0.48906492051344597,0.6605377712182656
A1,roll_03,persistence,2026-01-27 09:00:00+00:00,2026-01-27 10:00:00+00:00,0,1,2025-12-08T00:00:00+00:00,2026-01-26T00:00:00+00:00,2026-01-26T00:00:00+00:00,2026-02-02T00:00:00+00:00,1156.7474213855278,1534.4343933593334,-377.6869719738056,1,med,0,0.0,0,1,0,0,0,0,0,0,0,0,0,0,0,0,0,0,0,0,0,0,0,0,0,0,1,720.9783473233889,1412.669924658583,1007.3270680508888,1534.4343933593334,9,-0.7071067811865475,0.7071067811865476,0,0,1,-4.087827328708443,257.33249462531967,1072.5309976097637,699.2838500327638,1008,1008,1.4518148793803272,0.12043238775186675
A1,roll_03,persistence,2026-01-27 10:00:00+00:00,2026-01-27 11:00:00+00:00,0,1,2025-12-08T00:00:00+00:00,2026-01-26T00:00:00+00:00,2026-01-26T00:00:00+00:00,2026-02-02T00:00:00+00:00,339.89285018286114,1156.7474213855278,-816.8545712026666,1,med,0,0.0,0,2,0,0,0,0,0,0,0,0,0,0,0,0,0,0,0,0,0,0,0,0,0,0,1,151.7976551743889,1534.4343933593334,-569.4865977234444,1156.7474213855278,10,-0.8660254037844387,0.4999999999999999,0,0,1,-4.087827328708443,257.33249462531967,1072.5309976097637,699.2838500327638,1008,1008,3.1584302831920232,1.047697794525894
A1,roll_03,persistence,2026-01-27 11:00:00+00:00,2026-01-27 12:00:00+00:00,0,1,2025-12-08T00:00:00+00:00,2026-01-26T00:00:00+00:00,2026-01-26T00:00:00+00:00,2026-02-02T00:00:00+00:00,1030.8584088937498,339.89285018286114,690.9655587108887,1,med,0,0.0,0,2,0,0,0,0,0,0,0,0,0,0,0,0,0,0,0,0,0,0,0,0,0,0,1,787.0186959797501,1156.7474213855278,-741.4332030484165,339.89285018286114,11,-0.9659258262890682,0.258819045102521,0,0,1,-4.087827328708443,257.33249462531967,1072.5309976097637,699.2838500327638,1008,1008,2.7009934639292497,0.059593237730374345
A1,roll_03,persistence,2026-01-27 12:00:00+00:00,2026-01-27 13:00:00+00:00,0,1,2025-12-08T00:00:00+00:00,2026-01-26T00:00:00+00:00,2026-01-26T00:00:00+00:00,2026-02-02T00:00:00+00:00,1307.5905215424166,1030.8584088937498,276.7321126486668,1,low,0,0.0,0,2,0,0,0,0,0,0,0,0,0,0,0,0,0,0,0,0,0,0,0,0,0,0,1,-140.12853059388888,339.89285018286114,-1079.799870834083,1030.8584088937498,12,-1.0,1.2246467991473532e-16,0,0,1,-4.087827328708443,257.33249462531967,1072.5309976097637,699.2838500327638,1008,1008,1.091272753510021,0.3361432184107205
A1,roll_03,persistence,2026-01-27 13:00:00+00:00,2026-01-27 14:00:00+00:00,0,1,2025-12-08T00:00:00+00:00,2026-01-26T00:00:00+00:00,2026-01-26T00:00:00+00:00,2026-02-02T00:00:00+00:00,899.1258070269446,1307.5905215424166,-408.464714515472,1,low,0,0.0,0,2,0,0,0,0,0,0,0,0,0,0,0,0,0,0,0,0,0,0,0,0,0,0,1,90.30469802694444,1030.8584088937498,94.50215176250003,1307.5905215424166,13,-0.9659258262890684,-0.2588190451025208,0,0,1,-4.087827328708443,257.33249462531967,1072.5309976097637,699.2838500327638,1008,1008,1.5714178956510834,0.24797539736502502
A1,roll_03,persistence,2026-01-27 14:00:00+00:00,2026-01-27 15:00:00+00:00,0,1,2025-12-08T00:00:00+00:00,2026-01-26T00:00:00+00:00,2026-01-26T00:00:00+00:00,2026-02-02T00:00:00+00:00,1560.9848600250834,899.1258070269446,661.8590529981388,1,low,0,0.0,0,2,0,0,0,0,0,0,0,0,0,0,0,0,0,0,0,0,0,0,0,0,0,0,1,1579.226911155389,1307.5905215424166,-184.2188756273056,899.1258070269446,14,-0.8660254037844388,-0.4999999999999997,0,0,1,-4.087827328708443,257.33249462531967,1072.5309976097637,699.2838500327638,1008,1008,2.587884912461121,0.6985058533704647
A1,roll_03,persistence,2026-01-27 15:00:00+00:00,2026-01-27 16:00:00+00:00,0,1,2025-12-08T00:00:00+00:00,2026-01-26T00:00:00+00:00,2026-01-26T00:00:00+00:00,2026-02-02T00:00:00+00:00,1794.9346924112222,1560.9848600250834,233.94983238613872,1,night,0,0.0,0,2,0,0,0,0,0,0,0,0,0,0,0,0,0,0,0,0,0,0,0,0,0,0,1,1514.7609178625555,899.1258070269446,297.8340901346389,1560.9848600250834,15,-0.7071067811865479,-0.7071067811865471,0,0,1,-4.087827328708443,257.33249462531967,1072.5309976097637,699.2838500327638,1008,1008,0.925019827213947,1.033062174634251
A1,roll_03,persistence,2026-01-27 16:00:00+00:00,2026-01-27 17:00:00+00:00,0,1,2025-12-08T00:00:00+00:00,2026-01-26T00:00:00+00:00,2026-01-26T00:00:00+00:00,2026-02-02T00:00:00+00:00,843.3756644045833,1794.9346924112222,-951.5590280066388,0,night,0,0.0,0,2,0,0,0,0,0,0,0,0,0,0,0,0,0,0,0,0,0,0,0,0,0,0,1,1201.4197669487778,1560.9848600250834,931.8924169395276,1794.9346924112222,16,-0.5000000000000004,-0.8660254037844385,0,0,1,-4.087827328708443,257.33249462531967,1072.5309976097637,699.2838500327638,1008,1008,3.6818949043239324,0.32770002223624034
A1,roll_03,persistence,2026-01-27 17:00:00+00:00,2026-01-27 18:00:00+00:00,0,1,2025-12-08T00:00:00+00:00,2026-01-26T00:00:00+00:00,2026-01-26T00:00:00+00:00,2026-02-02T00:00:00+00:00,973.197521312722,843.3756644045833,129.82185690813867,0,night,0,0.0,0,2,0,0,0,0,0,0,0,0,0,0,0,0,0,0,0,0,0,0,0,0,0,0,1,753.0024936381111,1794.9346924112222,2682.2788242863057,843.3756644045833,17,-0.2588190451025206,-0.9659258262890684,0,0,1,-4.087827328708443,257.33249462531967,1072.5309976097637,699.2838500327638,1008,1008,0.5203761166339362,0.14205029372891664
A1,roll_03,persistence,2026-01-27 18:00:00+00:00,2026-01-27 19:00:00+00:00,0,1,2025-12-08T00:00:00+00:00,2026-01-26T00:00:00+00:00,2026-01-26T00:00:00+00:00,2026-02-02T00:00:00+00:00,1523.8945169891667,973.197521312722,550.6969956764448,0,night,0,0.0,0,2,0,0,0,0,0,0,0,0,0,0,0,0,0,0,0,0,0,0,0,0,0,0,1,1059.3235259904168,843.3756644045833,1447.201125872611,973.197521312722,18,-1.8369701987210287e-16,-1.0,0,0,1,-4.087827328708443,257.33249462531967,1072.5309976097637,699.2838500327638,1008,1008,2.1559065978547673,0.64546538484802
A1,roll_03,persistence,2026-01-27 19:00:00+00:00,2026-01-27 20:00:00+00:00,0,1,2025-12-08T00:00:00+00:00,2026-01-26T00:00:00+00:00,2026-01-26T00:00:00+00:00,2026-02-02T00:00:00+00:00,985.6768274591944,1523.8945169891667,-538.2176895299723,0,night,0,0.0,0,2,0,0,0,0,0,0,0,0,0,0,0,0,0,0,0,0,0,0,0,0,0,0,1,2397.7932220235834,973.197521312722,1800.8310691792778,1523.8945169891667,19,0.2588190451025203,-0.9659258262890684,0,0,1,-4.087827328708443,257.33249462531967,1072.5309976097637,699.2838500327638,1008,1008,2.075640944525742,0.12420445595375883
A1,roll_03,persistence,2026-01-27 20:00:00+00:00,2026-01-27 21:00:00+00:00,0,1,2025-12-08T00:00:00+00:00,2026-01-26T00:00:00+00:00,2026-01-26T00:00:00+00:00,2026-02-02T00:00:00+00:00,1010.58551608475,985.6768274591944,24.90868862555556,0,night,0,0.0,0,2,0,0,0,0,0,0,0,0,0,0,0,0,0,0,0,0,0,0,0,0,0,0,1,1239.3215171065278,1523.8945169891667,1879.5046675005,985.6768274591944,20,0.5000000000000001,-0.8660254037844386,0,0,1,-4.087827328708443,257.33249462531967,1072.5309976097637,699.2838500327638,1008,1008,0.11268112873379402,0.08858417296797487
A1,roll_03,persistence,2026-01-27 21:00:00+00:00,2026-01-27 22:00:00+00:00,0,1,2025-12-08T00:00:00+00:00,2026-01-26T00:00:00+00:00,2026-01-26T00:00:00+00:00,2026-02-02T00:00:00+00:00,469.4664131017777,1010.58551608475,-541.1191029829723,0,night,0,0.0,0,2,0,0,0,0,0,0,0,0,0,0,0,0,0,0,0,0,0,0,0,0,0,0,1,1097.120321607,985.6768274591944,982.8754678472778,1010.58551608475,21,0.7071067811865474,-0.7071067811865477,0,0,1,-4.087827328708443,257.33249462531967,1072.5309976097637,699.2838500327638,1008,1008,2.0869159040182246,0.8624031349783503
A1,roll_03,persistence,2026-01-27 22:00:00+00:00,2026-01-27 23:00:00+00:00,0,1,2025-12-08T00:00:00+00:00,2026-01-26T00:00:00+00:00,2026-01-26T00:00:00+00:00,2026-02-02T00:00:00+00:00,1039.222492417361,469.4664131017777,569.7560793155834,0,night,0,0.0,0,2,0,0,0,0,0,0,0,0,0,0,0,0,0,0,0,0,0,0,0,0,0,0,1,532.8753846346667,1010.58551608475,411.4689791798889,469.4664131017777,22,0.8660254037844384,-0.5000000000000004,0,0,1,-4.087827328708443,257.33249462531967,1072.5309976097637,699.2838500327638,1008,1008,2.2299706357715063,0.047632310099599826
A1,roll_03,persistence,2026-01-27 23:00:00+00:00,2026-01-28 00:00:00+00:00,0,1,2025-12-08T00:00:00+00:00,2026-01-26T00:00:00+00:00,2026-01-26T00:00:00+00:00,2026-02-02T00:00:00+00:00,431.1445660605278,1039.222492417361,-608.0779263568334,0,night,0,0.0,0,2,0,0,0,0,0,0,0,0,0,0,0,0,0,0,0,0,0,0,0,0,0,0,1,374.928417115,469.4664131017777,370.9779513775556,1039.222492417361,23,0.965925826289068,-0.2588190451025215,0,0,1,-4.087827328708443,257.33249462531967,1072.5309976097637,699.2838500327638,1008,1008,2.3471194335855032,0.9172046966609981
A1,roll_03,persistence,2026-01-28 00:00:00+00:00,2026-01-28 01:00:00+00:00,0,1,2025-12-08T00:00:00+00:00,2026-01-26T00:00:00+00:00,2026-01-26T00:00:00+00:00,2026-02-02T00:00:00+00:00,417.8579242465556,431.1445660605278,-13.286641813972151,0,night,0,0.0,0,2,0,0,0,0,0,0,0,0,0,0,0,0,0,0,0,0,0,0,0,0,0,0,2,373.7627816694167,1039.222492417361,389.13017225908334,431.1445660605278,0,1.0,0.0,0,0,1,-4.087827328708443,257.33249462531967,1072.5309976097637,699.2838500327638,1008,1008,0.03574680492122588,0.936205052258156
A1,roll_03,persistence,2026-01-28 01:00:00+00:00,2026-01-28 02:00:00+00:00,0,1,2025-12-08T00:00:00+00:00,2026-01-26T00:00:00+00:00,2026-01-26T00:00:00+00:00,2026-02-02T00:00:00+00:00,419.1348331130556,417.8579242465556,1.27690886649998,0,night,0,0.0,0,2,0,0,0,0,0,0,0,0,0,0,0,0,0,0,0,0,0,0,0,0,0,0,2,382.08433273438885,431.1445660605278,376.84390502849993,417.8579242465556,1,0.9659258262890684,0.2588190451025207,0,0,1,-4.087827328708443,257.33249462531967,1072.5309976097637,699.2838500327638,1008,1008,0.020847488394419703,0.934379028582019
A1,roll_03,persistence,2026-01-28 02:00:00+00:00,2026-01-28 03:00:00+00:00,0,1,2025-12-08T00:00:00+00:00,2026-01-26T00:00:00+00:00,2026-01-26T00:00:00+00:00,2026-02-02T00:00:00+00:00,421.2961618739444,419.1348331130556,2.161328760888807,0,night,0,0.0,0,2,0,1,1,0,1,0,0,0,1,0,1,0,1,0,0,0,1,0,0,0,0,0,2,365.3667726035,417.8579242465556,378.1934371171667,419.1348331130556,2,0.8660254037844387,0.4999999999999999,0,0,1,-4.087827328708443,257.33249462531967,1072.5309976097637,699.2838500327638,1008,1008,0.024284364470550535,0.9312882539834244
A1,roll_03,persistence,2026-01-28 03:00:00+00:00,2026-01-28 04:00:00+00:00,0,1,2025-12-08T00:00:00+00:00,2026-01-26T00:00:00+00:00,2026-01-26T00:00:00+00:00,2026-02-02T00:00:00+00:00,1092.225752789,421.2961618739444,670.9295909150555,0,night,0,0.0,0,2,0,0,0,0,0,0,0,0,0,0,0,0,0,0,0,0,0,0,0,0,0,0,2,371.9783939987778,419.1348331130556,391.1898017904167,421.2961618739444,3,0.7071067811865476,0.7071067811865476,0,0,1,-4.087827328708443,257.33249462531967,1072.5309976097637,699.2838500327638,1008,1008,2.623133231683781,0.028164178506787176
A1,roll_03,persistence,2026-01-28 04:00:00+00:00,2026-01-28 05:00:00+00:00,0,1,2025-12-08T00:00:00+00:00,2026-01-26T00:00:00+00:00,2026-01-26T00:00:00+00:00,2026-02-02T00:00:00+00:00,2035.0871509705555,1092.225752789,942.8613981815556,0,night,0,0.0,0,2,0,0,0,0,0,0,0,0,0,0,0,0,0,0,0,0,0,0,0,0,0,0,2,1049.641280434889,421.2961618739444,949.6719199514168,1092.225752789,4,0.5000000000000001,0.8660254037844386,0,0,1,-4.087827328708443,257.33249462531967,1072.5309976097637,699.2838500327638,1008,1008,3.67986649680227,1.3764884650427618
A1,roll_03,persistence,2026-01-28 05:00:00+00:00,2026-01-28 06:00:00+00:00,0,1,2025-12-08T00:00:00+00:00,2026-01-26T00:00:00+00:00,2026-01-26T00:00:00+00:00,2026-02-02T00:00:00+00:00,2063.430210569112,2035.0871509705555,28.34305959855669,0,night,0,0.0,0,2,0,0,0,0,0,0,0,0,0,0,0,0,0,0,0,0,0,0,0,0,0,0,2,2165.628261214222,1092.225752789,1868.492211110528,2035.0871509705555,5,0.2588190451025207,0.9659258262890684,0,0,1,-4.087827328708443,257.33249462531967,1072.5309976097637,699.2838500327638,1008,1008,0.1260271734220159,1.417020016854274
A1,roll_03,persistence,2026-01-28 06:00:00+00:00,2026-01-28 07:00:00+00:00,0,1,2025-12-08T00:00:00+00:00,2026-01-26T00:00:00+00:00,2026-01-26T00:00:00+00:00,2026-02-02T00:00:00+00:00,1837.9513309886668,2063.430210569112,-225.47887958044544,0,night,0,0.0,0,2,0,0,0,0,0,0,0,0,0,0,0,0,0,0,0,0,0,0,0,0,0,0,2,2007.6322741502224,2035.0871509705555,1857.5546669058888,2063.430210569112,6,6.123233995736766e-17,1.0,0,0,1,-4.087827328708443,257.33249462531967,1072.5309976097637,699.2838500327638,1008,1008,0.8603307272720687,1.0945774499769165
A1,roll_03,persistence,2026-01-28 07:00:00+00:00,2026-01-28 08:00:00+00:00,0,1,2025-12-08T00:00:00+00:00,2026-01-26T00:00:00+00:00,2026-01-26T00:00:00+00:00,2026-02-02T00:00:00+00:00,1887.533959910028,1837.9513309886668,49.58262892136122,1,night,0,0.0,0,2,0,0,0,0,0,0,0,0,0,0,0,0,0,0,0,0,0,0,0,0,0,0,2,1787.7926135424725,2063.430210569112,1526.8297823245,1837.9513309886668,7,-0.2588190451025206,0.9659258262890684,0,0,1,-4.087827328708443,257.33249462531967,1072.5309976097637,699.2838500327638,1008,1008,0.20856462891798694,1.1654823177484774
A1,roll_03,persistence,2026-01-28 08:00:00+00:00,2026-01-28 09:00:00+00:00,0,1,2025-12-08T00:00:00+00:00,2026-01-26T00:00:00+00:00,2026-01-26T00:00:00+00:00,2026-02-02T00:00:00+00:00,1927.4843435574169,1887.533959910028,39.95038364738889,1,night,0,0.0,0,2,0,0,0,0,0,0,0,0,0,0,0,0,0,0,0,0,0,0,0,0,0,0,2,1396.283928898889,1837.9513309886668,1412.669924658583,1887.533959910028,8,-0.4999999999999998,0.8660254037844387,0,0,1,-4.087827328708443,257.33249462531967,1072.5309976097637,699.2838500327638,1008,1008,0.171133501970739,1.2226127428905955
A1,roll_03,persistence,2026-01-28 09:00:00+00:00,2026-01-28 10:00:00+00:00,0,1,2025-12-08T00:00:00+00:00,2026-01-26T00:00:00+00:00,2026-01-26T00:00:00+00:00,2026-02-02T00:00:00+00:00,1864.801970357278,1927.4843435574169,-62.68237320013896,1,low,0,0.0,0,2,0,0,0,0,0,0,0,0,0,0,0,0,0,0,0,0,0,0,0,0,0,0,2,1012.9496219223612,1887.533959910028,1534.4343933593334,1927.4843435574169,9,-0.7071067811865475,0.7071067811865476,0,0,1,-4.087827328708443,257.33249462531967,1072.5309976097637,699.2838500327638,1008,1008,0.22769975457916863,1.132974789436927
A1,roll_03,persistence,2026-01-28 10:00:00+00:00,2026-01-28 11:00:00+00:00,0,1,2025-12-08T00:00:00+00:00,2026-01-26T00:00:00+00:00,2026-01-26T00:00:00+00:00,2026-02-02T00:00:00+00:00,3141.5486331360003,1864.801970357278,1276.7466627787223,1,low,0,0.0,0,2,0,0,0,0,0,0,0,0,0,0,0,0,0,0,0,0,0,0,0,0,0,0,2,755.3586427439723,1927.4843435574169,1156.7474213855278,1864.801970357278,10,-0.8660254037844387,0.4999999999999999,0,0,1,-4.087827328708443,257.33249462531967,1072.5309976097637,699.2838500327638,1008,1008,4.977352323779967,2.9587665086635364
A1,roll_03,persistence,2026-01-28 11:00:00+00:00,2026-01-28 12:00:00+00:00,0,1,2025-12-08T00:00:00+00:00,2026-01-26T00:00:00+00:00,2026-01-26T00:00:00+00:00,2026-02-02T00:00:00+00:00,3688.242951303472,3141.5486331360003,546.6943181674719,1,low,0,0.0,0,2,0,0,0,0,0,0,0,0,0,0,0,0,0,0,0,0,0,0,0,0,0,0,2,53.140800646916695,1864.801970357278,339.89285018286114,3141.5486331360003,11,-0.9659258262890682,0.258819045102521,0,0,1,-4.087827328708443,257.33249462531967,1072.5309976097637,699.2838500327638,1008,1008,2.1403521008807234,3.7405582204867933
A1,roll_03,persistence,2026-01-28 12:00:00+00:00,2026-01-28 13:00:00+00:00,0,1,2025-12-08T00:00:00+00:00,2026-01-26T00:00:00+00:00,2026-01-26T00:00:00+00:00,2026-02-02T00:00:00+00:00,2978.0382318605,3688.242951303472,-710.204719442972,1,low,0,0.0,0,2,0,0,0,0,0,0,0,0,0,0,0,0,0,0,0,0,0,0,0,0,0,0,2,-768.0917536371389,3141.5486331360003,1030.8584088937498,3688.242951303472,12,-1.0,1.2246467991473532e-16,0,0,1,-4.087827328708443,257.33249462531967,1072.5309976097637,699.2838500327638,1008,1008,2.7439865033072532,2.724941000941831
A1,roll_03,persistence,2026-01-28 13:00:00+00:00,2026-01-28 14:00:00+00:00,0,1,2025-12-08T00:00:00+00:00,2026-01-26T00:00:00+00:00,2026-01-26T00:00:00+00:00,2026-02-02T00:00:00+00:00,3380.6789978081943,2978.0382318605,402.6407659476941,1,low,0,0.0,0,2,0,0,0,0,0,0,0,0,0,0,0,0,0,0,0,0,0,0,0,0,0,0,2,452.3195190723055,3688.242951303472,1307.5905215424166,2978.0382318605,13,-0.9659258262890684,-0.2588190451025208,0,0,1,-4.087827328708443,257.33249462531967,1072.5309976097637,699.2838500327638,1008,1008,1.5805566796708128,3.300731169596275
A1,roll_03,persistence,2026-01-28 14:00:00+00:00,2026-01-28 15:00:00+00:00,0,1,2025-12-08T00:00:00+00:00,2026-01-26T00:00:00+00:00,2026-01-26T00:00:00+00:00,2026-02-02T00:00:00+00:00,3872.714778626834,3380.6789978081943,492.0357808186395,1,low,0,0.0,0,2,0,0,0,0,0,0,0,0,0,0,0,0,0,0,0,0,0,0,0,0,0,0,2,66.48684730938892,2978.0382318605,899.1258070269446,3380.6789978081943,14,-0.8660254037844388,-0.4999999999999997,0,0,1,-4.087827328708443,257.33249462531967,1072.5309976097637,699.2838500327638,1008,1008,1.9279477660592848,4.004359289701703
A1,roll_03,persistence,2026-01-28 15:00:00+00:00,2026-01-28 16:00:00+00:00,0,1,2025-12-08T00:00:00+00:00,2026-01-26T00:00:00+00:00,2026-01-26T00:00:00+00:00,2026-02-02T00:00:00+00:00,3566.8731119283607,3872.714778626834,-305.8416666984731,1,night,0,0.0,0,2,0,0,0,0,0,0,0,0,0,0,0,0,0,0,0,0,0,0,0,0,0,0,2,359.87914049975,3380.6789978081943,1560.9848600250834,3872.714778626834,15,-0.7071067811865479,-0.7071067811865471,0,0,1,-4.087827328708443,257.33249462531967,1072.5309976097637,699.2838500327638,1008,1008,1.172622368617392,3.566995168273554
A1,roll_03,persistence,2026-01-28 16:00:00+00:00,2026-01-28 17:00:00+00:00,0,1,2025-12-08T00:00:00+00:00,2026-01-26T00:00:00+00:00,2026-01-26T00:00:00+00:00,2026-02-02T00:00:00+00:00,4099.8204709775,3566.8731119283607,532.9473590491393,0,night,0,0.0,0,2,0,0,0,0,0,0,0,0,0,0,0,0,0,0,0,0,0,0,0,0,0,0,2,3501.792804637556,3872.714778626834,1794.9346924112222,3566.8731119283607,16,-0.5000000000000004,-0.8660254037844385,0,0,1,-4.087827328708443,257.33249462531967,1072.5309976097637,699.2838500327638,1008,1008,2.086931101180128,4.329128254893771
A1,roll_03,persistence,2026-01-28 17:00:00+00:00,2026-01-28 18:00:00+00:00,0,1,2025-12-08T00:00:00+00:00,2026-01-26T00:00:00+00:00,2026-01-26T00:00:00+00:00,2026-02-02T00:00:00+00:00,3533.490893778889,4099.8204709775,-566.3295771986109,0,night,0,0.0,0,2,0,0,0,0,0,0,0,0,0,0,0,0,0,0,0,0,0,0,0,0,0,0,2,3139.28925536575,3566.8731119283607,843.3756644045833,4099.8204709775,17,-0.2588190451025206,-0.9659258262890684,0,0,1,-4.087827328708443,257.33249462531967,1072.5309976097637,699.2838500327638,1008,1008,2.18488438737026,3.5192574461054997
A1,roll_03,persistence,2026-01-28 18:00:00+00:00,2026-01-28 19:00:00+00:00,0,1,2025-12-08T00:00:00+00:00,2026-01-26T00:00:00+00:00,2026-01-26T00:00:00+00:00,2026-02-02T00:00:00+00:00,4150.093525715889,3533.490893778889,616.6026319369998,0,night,0,0.0,0,2,0,0,0,0,0,0,0,0,0,0,0,0,0,0,0,0,0,0,0,0,0,0,2,3084.578836987528,4099.8204709775,973.197521312722,3533.490893778889,18,-1.8369701987210287e-16,-1.0,0,0,1,-4.087827328708443,257.33249462531967,1072.5309976097637,699.2838500327638,1008,1008,2.4120174180468106,4.401020455372923
A1,roll_03,persistence,2026-01-28 19:00:00+00:00,2026-01-28 20:00:00+00:00,0,1,2025-12-08T00:00:00+00:00,2026-01-26T00:00:00+00:00,2026-01-26T00:00:00+00:00,2026-02-02T00:00:00+00:00,3498.4065437332224,4150.093525715889,-651.6869819826666,0,night,0,0.0,0,2,0,0,0,0,0,0,0,0,0,0,0,0,0,0,0,0,0,0,0,0,0,0,2,3033.668790060889,3533.490893778889,1523.8945169891667,4150.093525715889,19,0.2588190451025203,-0.9659258262890684,0,0,1,-4.087827328708443,257.33249462531967,1072.5309976097637,699.2838500327638,1008,1008,2.5165852279824708,3.4690856166774027
A1,roll_03,persistence,2026-01-28 20:00:00+00:00,2026-01-28 21:00:00+00:00,0,1,2025-12-08T00:00:00+00:00,2026-01-26T00:00:00+00:00,2026-01-26T00:00:00+00:00,2026-02-02T00:00:00+00:00,3031.050403281528,3498.4065437332224,-467.3561404516945,0,night,0,0.0,0,2,0,0,0,0,0,0,0,0,0,0,0,0,0,0,0,0,0,0,0,0,0,0,2,2886.9925662115,4150.093525715889,985.6768274591944,3498.4065437332224,20,0.5000000000000001,-0.8660254037844386,0,0,1,-4.087827328708443,257.33249462531967,1072.5309976097637,699.2838500327638,1008,1008,1.8002713329986262,2.800750232655882
A1,roll_03,persistence,2026-01-28 21:00:00+00:00,2026-01-28 22:00:00+00:00,0,1,2025-12-08T00:00:00+00:00,2026-01-26T00:00:00+00:00,2026-01-26T00:00:00+00:00,2026-02-02T00:00:00+00:00,880.7419122894444,3031.050403281528,-2150.3084909920835,0,night,0,0.0,0,2,0,0,0,0,0,0,0,0,0,0,0,0,0,0,0,0,0,0,0,0,0,0,2,2551.3509306884166,3498.4065437332224,1010.58551608475,3031.050403281528,21,0.7071067811865474,-0.7071067811865477,0,0,1,-4.087827328708443,257.33249462531967,1072.5309976097637,699.2838500327638,1008,1008,8.340262922443229,0.27426500027325584
A1,roll_03,persistence,2026-01-28 22:00:00+00:00,2026-01-28 23:00:00+00:00,0,1,2025-12-08T00:00:00+00:00,2026-01-26T00:00:00+00:00,2026-01-26T00:00:00+00:00,2026-02-02T00:00:00+00:00,822.8956369502222,880.7419122894444,-57.84627533922219,0,night,0,0.0,0,2,0,0,0,0,0,0,0,0,0,0,0,0,0,0,0,0,0,0,0,0,0,0,2,2388.614872440278,3031.050403281528,469.4664131017777,880.7419122894444,22,0.8660254037844384,-0.5000000000000004,0,0,1,-4.087827328708443,257.33249462531967,1072.5309976097637,699.2838500327638,1008,1008,0.20890656692535828,0.35698716715371775
A1,roll_03,persistence,2026-01-28 23:00:00+00:00,2026-01-29 00:00:00+00:00,0,1,2025-12-08T00:00:00+00:00,2026-01-26T00:00:00+00:00,2026-01-26T00:00:00+00:00,2026-02-02T00:00:00+00:00,934.8170360965556,822.8956369502222,111.92139914633344,0,night,0,0.0,0,2,0,0,0,0,0,0,0,0,0,0,0,0,0,0,0,0,0,0,0,0,0,0,2,1967.8965871302496,880.7419122894444,1039.222492417361,822.8956369502222,23,0.965925826289068,-0.2588190451025215,0,0,1,-4.087827328708443,257.33249462531967,1072.5309976097637,699.2838500327638,1008,1008,0.45081452555750184,0.19693571002212587
A1,roll_03,persistence,2026-01-29 00:00:00+00:00,2026-01-29 01:00:00+00:00,0,1,2025-12-08T00:00:00+00:00,2026-01-26T00:00:00+00:00,2026-01-26T00:00:00+00:00,2026-02-02T00:00:00+00:00,569.0574982047777,934.8170360965556,-365.7595378917779,0,night,0,0.0,0,2,0,0,0,0,0,0,0,0,0,0,0,0,0,0,0,0,0,0,0,0,0,0,3,387.7841801272222,822.8956369502222,431.1445660605278,934.8170360965556,0,1.0,0.0,0,0,1,-4.087827328708443,257.33249462531967,1072.5309976097637,699.2838500327638,1008,1008,1.405464595871071,0.7199844517807705
A1,roll_03,persistence,2026-01-29 01:00:00+00:00,2026-01-29 02:00:00+00:00,0,1,2025-12-08T00:00:00+00:00,2026-01-26T00:00:00+00:00,2026-01-26T00:00:00+00:00,2026-02-02T00:00:00+00:00,388.6233783748333,569.0574982047777,-180.43411982994445,0,night,0,0.0,0,2,0,0,0,0,0,0,0,0,0,0,0,0,0,0,0,0,0,0,0,0,0,0,3,375.648988568,934.8170360965556,417.8579242465556,569.0574982047777,1,0.9659258262890684,0.2588190451025207,0,0,1,-4.087827328708443,257.33249462531967,1072.5309976097637,699.2838500327638,1008,1008,0.6852857535850616,0.9780114601572554
A1,roll_03,persistence,2026-01-29 02:00:00+00:00,2026-01-29 03:00:00+00:00,0,1,2025-12-08T00:00:00+00:00,2026-01-26T00:00:00+00:00,2026-01-26T00:00:00+00:00,2026-02-02T00:00:00+00:00,380.9392708019166,388.6233783748333,-7.684107572916673,0,night,0,0.0,0,2,0,0,0,0,0,0,0,0,0,0,0,0,0,0,0,0,0,0,0,0,0,0,3,370.6715177761111,569.0574982047777,419.1348331130556,388.6233783748333,2,0.8660254037844387,0.4999999999999999,0,0,1,-4.087827328708443,257.33249462531967,1072.5309976097637,699.2838500327638,1008,1008,0.013975227844600323,0.9889999987493545
A1,roll_03,persistence,2026-01-29 03:00:00+00:00,2026-01-29 04:00:00+00:00,0,1,2025-12-08T00:00:00+00:00,2026-01-26T00:00:00+00:00,2026-01-26T00:00:00+00:00,2026-02-02T00:00:00+00:00,1044.109589464861,380.9392708019166,663.1703186629445,0,night,0,0.0,0,2,0,0,0,0,0,0,0,0,0,0,0,0,0,0,0,0,0,0,0,0,0,0,3,372.0987236639445,388.6233783748333,421.2961618739444,380.9392708019166,3,0.7071067811865476,0.7071067811865476,0,0,1,-4.087827328708443,257.33249462531967,1072.5309976097637,699.2838500327638,1008,1008,2.5929805210305514,0.04064359293235648
A1,roll_03,persistence,2026-01-29 04:00:00+00:00,2026-01-29 05:00:00+00:00,0,1,2025-12-08T00:00:00+00:00,2026-01-26T00:00:00+00:00,2026-01-26T00:00:00+00:00,2026-02-02T00:00:00+00:00,2097.0978272491666,1044.109589464861,1052.9882377843055,0,night,0,0.0,0,2,0,0,0,0,0,0,0,0,0,0,0,0,0,0,0,0,0,0,0,0,0,0,3,1036.0452877571945,380.9392708019166,1092.225752789,1044.109589464861,4,0.5000000000000001,0.8660254037844386,0,0,1,-4.087827328708443,257.33249462531967,1072.5309976097637,699.2838500327638,1008,1008,4.107821931513679,1.4651658687547244
A1,roll_03,persistence,2026-01-29 05:00:00+00:00,2026-01-29 06:00:00+00:00,0,1,2025-12-08T00:00:00+00:00,2026-01-26T00:00:00+00:00,2026-01-26T00:00:00+00:00,2026-02-02T00:00:00+00:00,2101.717697546028,2097.0978272491666,4.619870296861336,0,night,0,0.0,0,2,0,0,0,0,0,0,0,0,0,0,0,0,0,0,0,0,0,0,0,0,0,0,3,1958.2742827319444,1044.109589464861,2035.0871509705555,2097.0978272491666,5,0.2588190451025207,0.9659258262890684,0,0,1,-4.087827328708443,257.33249462531967,1072.5309976097637,699.2838500327638,1008,1008,0.03383831349495263,1.4717724424610168
A1,roll_03,persistence,2026-01-29 06:00:00+00:00,2026-01-29 07:00:00+00:00,0,1,2025-12-08T00:00:00+00:00,2026-01-26T00:00:00+00:00,2026-01-26T00:00:00+00:00,2026-02-02T00:00:00+00:00,1866.4684684137776,2101.717697546028,-235.24922913225032,0,night,0,0.0,0,2,0,0,0,0,0,0,0,0,0,0,0,0,0,0,0,0,0,0,0,0,0,0,3,1980.8106362188057,2097.0978272491666,2063.430210569112,2101.717697546028,6,6.123233995736766e-17,1.0,0,0,1,-4.087827328708443,257.33249462531967,1072.5309976097637,699.2838500327638,1008,1008,0.8982985306232572,1.135357939078409
A1,roll_03,persistence,2026-01-29 07:00:00+00:00,2026-01-29 08:00:00+00:00,0,1,2025-12-08T00:00:00+00:00,2026-01-26T00:00:00+00:00,2026-01-26T00:00:00+00:00,2026-02-02T00:00:00+00:00,1765.7431687797225,1866.4684684137776,-100.72529963405508,1,night,0,0.0,0,2,0,0,0,0,0,0,0,0,0,0,0,0,0,0,0,0,0,0,0,0,0,0,3,1778.5049296098057,2101.717697546028,1837.9513309886668,1866.4684684137776,7,-0.2588190451025206,0.9659258262890684,0,0,1,-4.087827328708443,257.33249462531967,1072.5309976097637,699.2838500327638,1008,1008,0.3755354427588027,0.9913172900210401
A1,roll_03,persistence,2026-01-29 08:00:00+00:00,2026-01-29 09:00:00+00:00,0,1,2025-12-08T00:00:00+00:00,2026-01-26T00:00:00+00:00,2026-01-26T00:00:00+00:00,2026-02-02T00:00:00+00:00,1253.1664777410554,1765.7431687797225,-512.5766910386671,1,low,0,0.0,0,2,0,0,0,0,0,0,0,0,0,0,0,0,0,0,0,0,0,0,0,0,0,0,3,1415.566902312361,1866.4684684137776,1887.533959910028,1765.7431687797225,8,-0.4999999999999998,0.8660254037844387,0,0,1,-4.087827328708443,257.33249462531967,1072.5309976097637,699.2838500327638,1008,1008,1.9759994339242963,0.25831496054546127
A1,roll_03,persistence,2026-01-29 09:00:00+00:00,2026-01-29 10:00:00+00:00,0,1,2025-12-08T00:00:00+00:00,2026-01-26T00:00:00+00:00,2026-01-26T00:00:00+00:00,2026-02-02T00:00:00+00:00,948.2308555061112,1253.1664777410554,-304.93562223494416,1,low,0,0.0,0,2,0,0,0,0,0,0,0,0,0,0,0,0,0,0,0,0,0,0,0,0,0,0,3,1170.112685329639,1765.7431687797225,1927.4843435574169,1253.1664777410554,9,-0.7071067811865475,0.7071067811865476,0,0,1,-4.087827328708443,257.33249462531967,1072.5309976097637,699.2838500327638,1008,1008,1.1691014589676094,0.17775348608126537
A1,roll_03,persistence,2026-01-29 10:00:00+00:00,2026-01-29 11:00:00+00:00,0,1,2025-12-08T00:00:00+00:00,2026-01-26T00:00:00+00:00,2026-01-26T00:00:00+00:00,2026-02-02T00:00:00+00:00,1415.7808458588888,948.2308555061112,467.5499903527776,1,low,0,0.0,0,2,0,0,0,0,0,0,0,0,0,0,0,0,0,0,0,0,0,0,0,0,0,0,3,912.1677645943888,1253.1664777410554,1864.801970357278,948.2308555061112,10,-0.8660254037844387,0.4999999999999999,0,0,1,-4.087827328708443,257.33249462531967,1072.5309976097637,699.2838500327638,1008,1008,1.832795420446992,0.4908591099780764
A1,roll_03,persistence,2026-01-29 11:00:00+00:00,2026-01-29 12:00:00+00:00,0,1,2025-12-08T00:00:00+00:00,2026-01-26T00:00:00+00:00,2026-01-26T00:00:00+00:00,2026-02-02T00:00:00+00:00,347.5551561380278,1415.7808458588888,-1068.225689720861,1,low,0,0.0,0,2,0,0,0,0,0,0,0,0,0,0,0,0,0,0,0,0,0,0,0,0,0,0,3,979.6024800058332,948.2308555061112,3141.5486331360003,1415.7808458588888,11,-0.9659258262890682,0.258819045102521,0,0,1,-4.087827328708443,257.33249462531967,1072.5309976097637,699.2838500327638,1008,1008,4.135264238360393,1.0367404329983718
A1,roll_03,persistence,2026-01-29 12:00:00+00:00,2026-01-29 13:00:00+00:00,0,1,2025-12-08T00:00:00+00:00,2026-01-26T00:00:00+00:00,2026-01-26T00:00:00+00:00,2026-02-02T00:00:00+00:00,-402.3519291878333,347.5551561380278,-749.9070853258611,1,med,0,0.0,0,2,0,0,0,0,0,0,0,0,0,0,0,0,0,0,0,0,0,0,0,0,0,0,3,926.4931066359444,1415.7808458588888,3688.242951303472,347.5551561380278,12,-1.0,1.2246467991473532e-16,0,0,1,-4.087827328708443,257.33249462531967,1072.5309976097637,699.2838500327638,1008,1008,2.898270811399383,2.109133403736543
A1,roll_03,persistence,2026-01-29 13:00:00+00:00,2026-01-29 14:00:00+00:00,0,1,2025-12-08T00:00:00+00:00,2026-01-26T00:00:00+00:00,2026-01-26T00:00:00+00:00,2026-02-02T00:00:00+00:00,1092.5960639581945,-402.3519291878333,1494.9479931460278,1,high,0,0.0,0,2,1,0,0,0,0,0,0,0,0,0,0,0,0,0,0,0,0,0,0,0,0,0,3,-104.81881332361114,347.5551561380278,2978.0382318605,-402.3519291878333,13,-0.9659258262890684,-0.2588190451025208,0,0,1,-4.087827328708443,257.33249462531967,1072.5309976097637,699.2838500327638,1008,1008,5.825287718355806,0.028693736238139353
A1,roll_03,persistence,2026-01-29 14:00:00+00:00,2026-01-29 15:00:00+00:00,0,1,2025-12-08T00:00:00+00:00,2026-01-26T00:00:00+00:00,2026-01-26T00:00:00+00:00,2026-02-02T00:00:00+00:00,462.4739155892223,1092.5960639581945,-630.1221483689721,1,med,0,0.0,0,3,0,0,0,0,0,0,0,0,0,0,0,0,0,0,0,0,0,0,0,0,0,0,3,1036.759236264139,-402.3519291878333,3380.6789978081943,1092.5960639581945,14,-0.8660254037844388,-0.4999999999999997,0,0,1,-4.087827328708443,257.33249462531967,1072.5309976097637,699.2838500327638,1008,1008,2.4327837879618737,0.8724026473540869
A1,roll_03,persistence,2026-01-29 15:00:00+00:00,2026-01-29 16:00:00+00:00,0,1,2025-12-08T00:00:00+00:00,2026-01-26T00:00:00+00:00,2026-01-26T00:00:00+00:00,2026-02-02T00:00:00+00:00,1737.4693776433332,462.4739155892223,1274.995462054111,1,low,0,0.0,0,3,0,0,0,0,0,0,0,0,0,0,0,0,0,0,0,0,0,0,0,0,0,0,3,1095.6600237501943,1092.5960639581945,3872.714778626834,462.4739155892223,15,-0.7071067811865479,-0.7071067811865471,0,0,1,-4.087827328708443,257.33249462531967,1072.5309976097637,699.2838500327638,1008,1008,4.970547117437251,0.9508847944971344
A1,roll_03,persistence,2026-01-29 16:00:00+00:00,2026-01-29 17:00:00+00:00,0,1,2025-12-08T00:00:00+00:00,2026-01-26T00:00:00+00:00,2026-01-26T00:00:00+00:00,2026-02-02T00:00:00+00:00,2296.247373537611,1737.4693776433332,558.7779958942779,0,night,0,0.0,0,2,0,0,0,0,0,0,0,0,0,0,0,0,0,0,0,0,0,0,0,0,0,0,3,2940.7578966023334,462.4739155892223,3566.8731119283607,1737.4693776433332,16,-0.5000000000000004,-0.8660254037844385,0,0,1,-4.087827328708443,257.33249462531967,1072.5309976097637,699.2838500327638,1008,1008,2.1873095507915865,1.749956581823693
A1,roll_03,persistence,2026-01-29 17:00:00+00:00,2026-01-29 18:00:00+00:00,0,1,2025-12-08T00:00:00+00:00,2026-01-26T00:00:00+00:00,2026-01-26T00:00:00+00:00,2026-02-02T00:00:00+00:00,773.5572774640833,2296.247373537611,-1522.690096073528,0,night,0,0.0,0,2,0,0,0,0,0,0,0,0,0,0,0,0,0,0,0,0,0,0,0,0,0,0,3,1509.757366554472,1737.4693776433332,4099.8204709775,2296.247373537611,17,-0.2588190451025206,-0.9659258262890684,0,0,1,-4.087827328708443,257.33249462531967,1072.5309976097637,699.2838500327638,1008,1008,5.901323386912054,0.42754272121638803
A1,roll_03,persistence,2026-01-29 18:00:00+00:00,2026-01-29 19:00:00+00:00,0,1,2025-12-08T00:00:00+00:00,2026-01-26T00:00:00+00:00,2026-01-26T00:00:00+00:00,2026-02-02T00:00:00+00:00,2461.1030846526387,773.5572774640833,1687.5458071885555,0,night,0,0.0,0,2,0,0,0,0,0,0,0,0,0,0,0,0,0,0,0,0,0,0,0,0,0,0,3,1902.4201895734168,2296.247373537611,3533.490893778889,773.5572774640833,18,-1.8369701987210287e-16,-1.0,0,0,1,-4.087827328708443,257.33249462531967,1072.5309976097637,699.2838500327638,1008,1008,6.57372725889247,1.985705928969782
A1,roll_03,persistence,2026-01-29 19:00:00+00:00,2026-01-29 20:00:00+00:00,0,1,2025-12-08T00:00:00+00:00,2026-01-26T00:00:00+00:00,2026-01-26T00:00:00+00:00,2026-02-02T00:00:00+00:00,738.0341406504722,2461.1030846526387,-1723.0689440021663,0,night,0,0.0,0,1,0,0,0,0,0,0,0,0,0,0,0,0,0,0,0,0,0,0,0,0,0,0,3,1073.8756977925275,773.5572774640833,4150.093525715889,2461.1030846526387,19,0.2588190451025203,-0.9659258262890684,0,0,1,-4.087827328708443,257.33249462531967,1072.5309976097637,699.2838500327638,1008,1008,6.680000204312799,0.47834203084143767
A1,roll_03,persistence,2026-01-29 20:00:00+00:00,2026-01-29 21:00:00+00:00,0,1,2025-12-08T00:00:00+00:00,2026-01-26T00:00:00+00:00,2026-01-26T00:00:00+00:00,2026-02-02T00:00:00+00:00,1046.6185902225832,738.0341406504722,308.584449572111,0,night,0,0.0,0,1,0,0,0,0,0,0,0,0,0,0,0,0,0,0,0,0,0,0,0,0,0,0,3,1112.6407676563056,2461.1030846526387,3498.4065437332224,738.0341406504722,20,0.5000000000000001,-0.8660254037844386,0,0,1,-4.087827328708443,257.33249462531967,1072.5309976097637,699.2838500327638,1008,1008,1.2150516682942643,0.03705563539893919
A1,roll_03,persistence,2026-01-29 21:00:00+00:00,2026-01-29 22:00:00+00:00,0,1,2025-12-08T00:00:00+00:00,2026-01-26T00:00:00+00:00,2026-01-26T00:00:00+00:00,2026-02-02T00:00:00+00:00,366.5958732328333,1046.6185902225832,-680.0227169897498,0,night,0,0.0,0,1,0,0,0,0,0,0,0,0,0,0,0,0,0,0,0,0,0,0,0,0,0,0,3,565.8491807108888,738.0341406504722,3031.050403281528,1046.6185902225832,21,0.7071067811865474,-0.7071067811865477,0,0,1,-4.087827328708443,257.33249462531967,1072.5309976097637,699.2838500327638,1008,1008,2.626698546738971,1.00951155148779
A1,roll_03,persistence,2026-01-29 22:00:00+00:00,2026-01-29 23:00:00+00:00,0,1,2025-12-08T00:00:00+00:00,2026-01-26T00:00:00+00:00,2026-01-26T00:00:00+00:00,2026-02-02T00:00:00+00:00,363.3738909241667,366.5958732328333,-3.221982308666611,0,night,0,0.0,0,1,0,1,1,0,2,0,0,0,1,0,1,0,1,0,0,0,1,0,0,0,0,0,3,473.87890895927785,1046.6185902225832,880.7419122894444,366.5958732328333,22,0.8660254037844384,-0.5000000000000004,0,0,1,-4.087827328708443,257.33249462531967,1072.5309976097637,699.2838500327638,1008,1008,0.0033646936866737957,1.0141190972054777
A1,roll_03,persistence,2026-01-29 23:00:00+00:00,2026-01-30 00:00:00+00:00,0,1,2025-12-08T00:00:00+00:00,2026-01-26T00:00:00+00:00,2026-01-26T00:00:00+00:00,2026-02-02T00:00:00+00:00,372.9620775262778,363.3738909241667,9.588186602111136,0,night,0,0.0,0,1,0,1,1,0,2,0,0,0,1,0,1,0,1,0,0,0,1,0,0,0,0,0,3,367.6513029880277,366.5958732328333,822.8956369502222,363.3738909241667,23,0.965925826289068,-0.2588190451025215,0,0,1,-4.087827328708443,257.33249462531967,1072.5309976097637,699.2838500327638,1008,1008,0.053145305068184566,1.0004076599948772
A1,roll_03,persistence,2026-01-30 00:00:00+00:00,2026-01-30 01:00:00+00:00,0,1,2025-12-08T00:00:00+00:00,2026-01-26T00:00:00+00:00,2026-01-26T00:00:00+00:00,2026-02-02T00:00:00+00:00,407.8405305781389,372.9620775262778,34.87845305186107,0,night,0,0.0,0,1,0,0,0,0,0,0,0,0,0,0,0,0,0,0,0,0,0,0,0,0,0,0,4,367.96108710394446,363.3738909241667,934.8170360965556,372.9620775262778,0,1.0,0.0,0,0,1,-4.087827328708443,257.33249462531967,1072.5309976097637,699.2838500327638,1008,1008,0.15142386287944343,0.9505302703622883
A1,roll_03,persistence,2026-01-30 01:00:00+00:00,2026-01-30 02:00:00+00:00,0,1,2025-12-08T00:00:00+00:00,2026-01-26T00:00:00+00:00,2026-01-26T00:00:00+00:00,2026-02-02T00:00:00+00:00,371.0950655588056,407.8405305781389,-36.74546501933333,0,night,0,0.0,0,1,0,0,0,0,0,0,0,0,0,0,0,0,0,0,0,0,0,0,0,0,0,0,4,369.3633806425278,372.9620775262778,569.0574982047777,407.8405305781389,1,0.9659258262890684,0.2588190451025207,0,0,1,-4.087827328708443,257.33249462531967,1072.5309976097637,699.2838500327638,1008,1008,0.12690833211007785,1.0030775514379369
A1,roll_03,persistence,2026-01-30 02:00:00+00:00,2026-01-30 03:00:00+00:00,0,1,2025-12-08T00:00:00+00:00,2026-01-26T00:00:00+00:00,2026-01-26T00:00:00+00:00,2026-02-02T00:00:00+00:00,377.9953876609166,371.0950655588056,6.9003221021110335,0,night,0,0.0,0,1,0,0,0,0,0,0,0,0,0,0,0,0,0,0,0,0,0,0,0,0,0,0,4,364.6717208964722,407.8405305781389,388.6233783748333,371.0950655588056,2,0.8660254037844387,0.4999999999999999,0,0,1,-4.087827328708443,257.33249462531967,1072.5309976097637,699.2838500327638,1008,1008,0.04270020172469241,0.9932098530751223
A1,roll_03,persistence,2026-01-30 03:00:00+00:00,2026-01-30 04:00:00+00:00,0,1,2025-12-08T00:00:00+00:00,2026-01-26T00:00:00+00:00,2026-01-26T00:00:00+00:00,2026-02-02T00:00:00+00:00,1042.5099112287778,377.9953876609166,664.5145235678613,0,night,0,0.0,0,1,0,0,0,0,0,0,0,0,0,0,0,0,0,0,0,0,0,0,0,0,0,0,4,368.5853674459444,371.0950655588056,380.9392708019166,377.9953876609166,3,0.7071067811865476,0.7071067811865476,0,0,1,-4.087827328708443,257.33249462531967,1072.5309976097637,699.2838500327638,1008,1008,2.598204132245583,0.042931187928306004
A1,roll_03,persistence,2026-01-30 04:00:00+00:00,2026-01-30 05:00:00+00:00,0,1,2025-12-08T00:00:00+00:00,2026-01-26T00:00:00+00:00,2026-01-26T00:00:00+00:00,2026-02-02T00:00:00+00:00,2043.280496847389,1042.5099112287778,1000.7705856186112,0,night,0,0.0,0,1,0,0,0,0,0,0,0,0,0,0,0,0,0,0,0,0,0,0,0,0,0,0,4,1077.5376334153334,377.9953876609166,1044.109589464861,1042.5099112287778,4,0.5000000000000001,0.8660254037844386,0,0,1,-4.087827328708443,257.33249462531967,1072.5309976097637,699.2838500327638,1008,1008,3.904902932722935,1.388205231955725
A1,roll_03,persistence,2026-01-30 05:00:00+00:00,2026-01-30 06:00:00+00:00,0,1,2025-12-08T00:00:00+00:00,2026-01-26T00:00:00+00:00,2026-01-26T00:00:00+00:00,2026-02-02T00:00:00+00:00,2356.0469720826945,2043.280496847389,312.7664752353055,0,night,0,0.0,0,1,0,0,0,0,0,0,0,0,0,0,0,0,0,0,0,0,0,0,0,0,0,0,4,2595.650702010778,1042.5099112287778,2097.0978272491666,2043.280496847389,5,0.2588190451025207,0.9659258262890684,0,0,1,-4.087827328708443,257.33249462531967,1072.5309976097637,699.2838500327638,1008,1008,1.2313031163256665,1.8354720681920422
A1,roll_03,persistence,2026-01-30 06:00:00+00:00,2026-01-30 07:00:00+00:00,0,1,2025-12-08T00:00:00+00:00,2026-01-26T00:00:00+00:00,2026-01-26T00:00:00+00:00,2026-02-02T00:00:00+00:00,2415.724502125278,2356.0469720826945,59.677530042583385,0,night,0,0.0,0,1,0,0,0,0,0,0,0,0,0,0,0,0,0,0,0,0,0,0,0,0,0,0,4,2229.0674939791948,2043.280496847389,2101.717697546028,2356.0469720826945,6,6.123233995736766e-17,1.0,0,0,1,-4.087827328708443,257.33249462531967,1072.5309976097637,699.2838500327638,1008,1008,0.24779364714174645,1.9208129923958361
A1,roll_03,persistence,2026-01-30 07:00:00+00:00,2026-01-30 08:00:00+00:00,0,1,2025-12-08T00:00:00+00:00,2026-01-26T00:00:00+00:00,2026-01-26T00:00:00+00:00,2026-02-02T00:00:00+00:00,2088.875723270194,2415.724502125278,-326.84877885508376,1,night,0,0.0,0,2,0,0,0,0,0,0,0,0,0,0,0,0,0,0,0,0,0,0,0,0,0,0,4,1956.5605310417773,2356.0469720826945,1866.4684684137776,2415.724502125278,7,-0.2588190451025206,0.9659258262890684,0,0,1,-4.087827328708443,257.33249462531967,1072.5309976097637,699.2838500327638,1008,1008,1.25425649021248,1.4534079767648163
A1,roll_03,persistence,2026-01-30 08:00:00+00:00,2026-01-30 09:00:00+00:00,0,1,2025-12-08T00:00:00+00:00,2026-01-26T00:00:00+00:00,2026-01-26T00:00:00+00:00,2026-02-02T00:00:00+00:00,1376.5848081650277,2088.875723270194,-712.2909151051665,1,low,0,0.0,0,2,0,0,0,0,0,0,0,0,0,0,0,0,0,0,0,0,0,0,0,0,0,0,4,1820.3555307953327,2415.724502125278,1765.7431687797225,2088.875723270194,8,-0.4999999999999998,0.8660254037844387,0,0,1,-4.087827328708443,257.33249462531967,1072.5309976097637,699.2838500327638,1008,1008,2.752093507691725,0.4348074255411704
A1,roll_03,persistence,2026-01-30 09:00:00+00:00,2026-01-30 10:00:00+00:00,0,1,2025-12-08T00:00:00+00:00,2026-01-26T00:00:00+00:00,2026-01-26T00:00:00+00:00,2026-02-02T00:00:00+00:00,637.5708449115556,1376.5848081650277,-739.0139632534721,1,med,0,0.0,0,2,0,0,0,0,0,0,0,0,0,0,0,0,0,0,0,0,0,0,0,0,0,0,4,2016.7762660696944,2088.875723270194,1253.1664777410554,1376.5848081650277,9,-0.7071067811865475,0.7071067811865476,0,0,1,-4.087827328708443,257.33249462531967,1072.5309976097637,699.2838500327638,1008,1008,2.855939888177854,0.622008005301179
A1,roll_03,persistence,2026-01-30 10:00:00+00:00,2026-01-30 11:00:00+00:00,0,1,2025-12-08T00:00:00+00:00,2026-01-26T00:00:00+00:00,2026-01-26T00:00:00+00:00,2026-02-02T00:00:00+00:00,-1038.640299738972,637.5708449115556,-1676.2111446505278,1,high,0,0.0,0,2,0,0,0,0,0,0,0,0,0,0,0,0,0,0,0,0,0,0,0,0,0,0,4,1936.420994131,1376.5848081650277,948.2308555061112,637.5708449115556,10,-0.8660254037844387,0.4999999999999999,0,0,1,-4.087827328708443,257.33249462531967,1072.5309976097637,699.2838500327638,1008,1008,6.497909716984862,3.0190476975119904
A1,roll_03,persistence,2026-01-30 11:00:00+00:00,2026-01-30 12:00:00+00:00,0,1,2025-12-08T00:00:00+00:00,2026-01-26T00:00:00+00:00,2026-01-26T00:00:00+00:00,2026-02-02T00:00:00+00:00,338.58896643852773,-1038.640299738972,1377.2292661774998,1,high,0,0.0,0,2,1,0,0,0,0,0,0,0,0,0,0,0,0,0,0,0,0,0,0,0,0,0,4,1576.1195596841944,637.5708449115556,1415.7808458588888,-1038.640299738972,11,-0.9659258262890682,0.258819045102521,0,0,1,-4.087827328708443,257.33249462531967,1072.5309976097637,699.2838500327638,1008,1008,5.367830034514019,1.0495623932067764
A1,roll_03,persistence,2026-01-30 12:00:00+00:00,2026-01-30 13:00:00+00:00,0,1,2025-12-08T00:00:00+00:00,2026-01-26T00:00:00+00:00,2026-01-26T00:00:00+00:00,2026-02-02T00:00:00+00:00,-266.5041079402778,338.58896643852773,-605.0930743788056,1,med,0,0.0,0,3,0,0,0,0,0,0,0,0,0,0,0,0,0,0,0,0,0,0,0,0,0,0,4,1707.01032054225,-1038.640299738972,347.5551561380278,338.58896643852773,12,-1.0,1.2246467991473532e-16,0,0,1,-4.087827328708443,257.33249462531967,1072.5309976097637,699.2838500327638,1008,1008,2.3355202300633295,1.9148663385938387
A1,roll_03,persistence,2026-01-30 13:00:00+00:00,2026-01-30 14:00:00+00:00,0,1,2025-12-08T00:00:00+00:00,2026-01-26T00:00:00+00:00,2026-01-26T00:00:00+00:00,2026-02-02T00:00:00+00:00,376.1624140875,-266.5041079402778,642.6665220277778,1,med,0,0.0,0,3,1,0,0,0,0,0,0,0,0,0,0,0,0,0,0,0,0,0,0,0,0,0,4,2214.146590013028,338.58896643852773,-402.3519291878333,-266.5041079402778,13,-0.9659258262890684,-0.2588190451025208,0,0,1,-4.087827328708443,257.33249462531967,1072.5309976097637,699.2838500327638,1008,1008,2.5133022951422097,0.9958310684418589
A1,roll_03,persistence,2026-01-30 14:00:00+00:00,2026-01-30 15:00:00+00:00,0,1,2025-12-08T00:00:00+00:00,2026-01-26T00:00:00+00:00,2026-01-26T00:00:00+00:00,2026-02-02T00:00:00+00:00,1082.7555175266666,376.1624140875,706.5931034391666,1,med,0,0.0,0,2,0,0,0,0,0,0,0,0,0,0,0,0,0,0,0,0,0,0,0,0,0,0,4,2195.8262186153333,-266.5041079402778,1092.5960639581945,376.1624140875,14,-0.8660254037844388,-0.4999999999999997,0,0,1,-4.087827328708443,257.33249462531967,1072.5309976097637,699.2838500327638,1008,1008,2.761722462616461,0.014621415776188468
A1,roll_03,persistence,2026-01-30 15:00:00+00:00,2026-01-30 16:00:00+00:00,0,1,2025-12-08T00:00:00+00:00,2026-01-26T00:00:00+00:00,2026-01-26T00:00:00+00:00,2026-02-02T00:00:00+00:00,1956.864773614972,1082.7555175266666,874.1092560883053,1,low,0,0.0,0,2,0,0,0,0,0,0,0,0,0,0,0,0,0,0,0,0,0,0,0,0,0,0,4,2527.9803929520835,376.1624140875,462.4739155892223,1082.7555175266666,15,-0.7071067811865479,-0.7071067811865471,0,0,1,-4.087827328708443,257.33249462531967,1072.5309976097637,699.2838500327638,1008,1008,3.4126940893946687,1.2646277702020061
A1,roll_03,persistence,2026-01-30 16:00:00+00:00,2026-01-30 17:00:00+00:00,0,1,2025-12-08T00:00:00+00:00,2026-01-26T00:00:00+00:00,2026-01-26T00:00:00+00:00,2026-02-02T00:00:00+00:00,2558.768179305,1956.864773614972,601.9034056900282,0,night,0,0.0,0,2,0,0,0,0,0,0,0,0,0,0,0,0,0,0,0,0,0,0,0,0,0,0,4,2048.975809514583,1082.7555175266666,1737.4693776433332,1956.864773614972,16,-0.5000000000000004,-0.8660254037844385,0,0,1,-4.087827328708443,257.33249462531967,1072.5309976097637,699.2838500327638,1008,1008,2.3548958863553935,2.1253703794612178
A1,roll_03,persistence,2026-01-30 17:00:00+00:00,2026-01-30 18:00:00+00:00,0,1,2025-12-08T00:00:00+00:00,2026-01-26T00:00:00+00:00,2026-01-26T00:00:00+00:00,2026-02-02T00:00:00+00:00,1987.7934036818888,2558.768179305,-570.9747756231113,0,night,0,0.0,0,2,0,0,0,0,0,0,0,0,0,0,0,0,0,0,0,0,0,0,0,0,0,0,4,1253.307754251361,1956.864773614972,2296.247373537611,2558.768179305,17,-0.2588190451025206,-0.9659258262890684,0,0,1,-4.087827328708443,257.33249462531967,1072.5309976097637,699.2838500327638,1008,1008,2.2029357354181,1.3088567768714263
A1,roll_03,persistence,2026-01-30 18:00:00+00:00,2026-01-30 19:00:00+00:00,0,1,2025-12-08T00:00:00+00:00,2026-01-26T00:00:00+00:00,2026-01-26T00:00:00+00:00,2026-02-02T00:00:00+00:00,1676.7119280521667,1987.7934036818888,-311.08147562972204,0,night,0,0.0,0,2,0,0,0,0,0,0,0,0,0,0,0,0,0,0,0,0,0,0,0,0,0,0,4,2022.5164028016115,2558.768179305,773.5572774640833,1987.7934036818888,18,-1.8369701987210287e-16,-1.0,0,0,1,-4.087827328708443,257.33249462531967,1072.5309976097637,699.2838500327638,1008,1008,1.192984386787224,0.8639995481292684
A1,roll_03,persistence,2026-01-30 19:00:00+00:00,2026-01-30 20:00:00+00:00,0,1,2025-12-08T00:00:00+00:00,2026-01-26T00:00:00+00:00,2026-01-26T00:00:00+00:00,2026-02-02T00:00:00+00:00,1399.5987402705557,1676.7119280521667,-277.11318778161103,0,night,0,0.0,0,1,0,0,0,0,0,0,0,0,0,0,0,0,0,0,0,0,0,0,0,0,0,0,4,1067.3991769345832,1987.7934036818888,2461.1030846526387,1676.7119280521667,19,0.2588190451025203,-0.9659258262890684,0,0,1,-4.087827328708443,257.33249462531967,1072.5309976097637,699.2838500327638,1008,1008,1.0609828379833335,0.4677181414177773
A1,roll_03,persistence,2026-01-30 20:00:00+00:00,2026-01-30 21:00:00+00:00,0,1,2025-12-08T00:00:00+00:00,2026-01-26T00:00:00+00:00,2026-01-26T00:00:00+00:00,2026-02-02T00:00:00+00:00,1395.9087899032777,1399.5987402705557,-3.689950367278016,0,night,0,0.0,0,2,0,0,0,0,0,0,0,0,0,0,0,0,0,0,0,0,0,0,0,0,0,0,4,1046.436184157472,1676.7119280521667,738.0341406504722,1399.5987402705557,20,0.5000000000000001,-0.8660254037844386,0,0,1,-4.087827328708443,257.33249462531967,1072.5309976097637,699.2838500327638,1008,1008,0.0015461590344808256,0.4624413852520155
A1,roll_03,persistence,2026-01-30 21:00:00+00:00,2026-01-30 22:00:00+00:00,0,1,2025-12-08T00:00:00+00:00,2026-01-26T00:00:00+00:00,2026-01-26T00:00:00+00:00,2026-02-02T00:00:00+00:00,617.2218638224722,1395.9087899032777,-778.6869260808055,0,night,0,0.0,0,2,0,0,0,0,0,0,0,0,0,0,0,0,0,0,0,0,0,0,0,0,0,0,4,602.2876708927778,1399.5987402705557,1046.6185902225832,1395.9087899032777,21,0.7071067811865474,-0.7071067811865477,0,0,1,-4.087827328708443,257.33249462531967,1072.5309976097637,699.2838500327638,1008,1008,3.0101099353189964,0.651107749400989
A1,roll_03,persistence,2026-01-30 22:00:00+00:00,2026-01-30 23:00:00+00:00,0,1,2025-12-08T00:00:00+00:00,2026-01-26T00:00:00+00:00,2026-01-26T00:00:00+00:00,2026-02-02T00:00:00+00:00,560.833410557,617.2218638224722,-56.38845326547221,0,night,0,0.0,0,1,0,0,0,0,0,0,0,0,0,0,0,0,0,0,0,0,0,0,0,0,0,0,4,492.5538403097778,1395.9087899032777,366.5958732328333,617.2218638224722,22,0.8660254037844384,-0.5000000000000004,0,0,1,-4.087827328708443,257.33249462531967,1072.5309976097637,699.2838500327638,1008,1008,0.20324143677585038,0.7317451804854195
A1,roll_03,persistence,2026-01-30 23:00:00+00:00,2026-01-31 00:00:00+00:00,0,1,2025-12-08T00:00:00+00:00,2026-01-26T00:00:00+00:00,2026-01-26T00:00:00+00:00,2026-02-02T00:00:00+00:00,568.5592018373611,560.833410557,7.725791280361136,0,night,0,0.0,0,1,0,0,0,0,0,0,0,0,0,0,0,0,0,0,0,0,0,0,0,0,0,0,4,435.2853666092778,617.2218638224722,363.3738909241667,560.833410557,23,0.965925826289068,-0.2588190451025215,0,0,1,-4.087827328708443,257.33249462531967,1072.5309976097637,699.2838500327638,1008,1008,0.04590799396038344,0.7206970327554253
A1,roll_03,persistence,2026-01-31 00:00:00+00:00,2026-01-31 01:00:00+00:00,0,1,2025-12-08T00:00:00+00:00,2026-01-26T00:00:00+00:00,2026-01-26T00:00:00+00:00,2026-02-02T00:00:00+00:00,560.2704962234167,568.5592018373611,-8.288705613944444,0,night,0,0.0,0,1,0,0,0,0,0,0,0,0,0,0,0,0,0,0,0,0,0,0,0,0,0,0,5,405.1807272819444,560.833410557,372.9620775262778,568.5592018373611,0,1.0,0.0,0,1,1,-4.087827328708443,257.33249462531967,1072.5309976097637,699.2838500327638,1008,1008,0.01632470975479622,0.7325501673781626
A1,roll_03,persistence,2026-01-31 01:00:00+00:00,2026-01-31 02:00:00+00:00,0,1,2025-12-08T00:00:00+00:00,2026-01-26T00:00:00+00:00,2026-01-26T00:00:00+00:00,2026-02-02T00:00:00+00:00,565.4011130005833,560.2704962234167,5.130616777166665,0,night,0,0.0,0,1,0,0,0,0,0,0,0,0,0,0,0,0,0,0,0,0,0,0,0,0,0,0,5,403.1378216736112,568.5592018373611,407.8405305781389,560.2704962234167,1,0.9659258262890684,0.2588190451025207,0,1,1,-4.087827328708443,257.33249462531967,1072.5309976097637,699.2838500327638,1008,1008,0.03582308607895522,0.7252132086068049
A1,roll_03,persistence,2026-01-31 02:00:00+00:00,2026-01-31 03:00:00+00:00,0,1,2025-12-08T00:00:00+00:00,2026-01-26T00:00:00+00:00,2026-01-26T00:00:00+00:00,2026-02-02T00:00:00+00:00,568.1319450434166,565.4011130005833,2.730832042833299,0,night,0,0.0,0,1,0,0,0,0,0,0,0,0,0,0,0,0,0,0,0,0,0,0,0,0,0,0,5,404.9479621853611,560.2704962234167,371.0950655588056,565.4011130005833,2,0.8660254037844387,0.4999999999999999,0,1,1,-4.087827328708443,257.33249462531967,1072.5309976097637,699.2838500327638,1008,1008,0.026497467338782152,0.7213080246922824
A1,roll_03,persistence,2026-01-31 03:00:00+00:00,2026-01-31 04:00:00+00:00,0,1,2025-12-08T00:00:00+00:00,2026-01-26T00:00:00+00:00,2026-01-26T00:00:00+00:00,2026-02-02T00:00:00+00:00,1108.9278010010555,568.1319450434166,540.7958559576389,0,night,0,0.0,0,1,0,1,1,0,2,0,0,0,1,0,1,0,1,0,0,0,1,0,0,0,0,0,5,402.6522398849167,565.4011130005833,377.9953876609166,568.1319450434166,3,0.7071067811865476,0.7071067811865476,0,1,1,-4.087827328708443,257.33249462531967,1072.5309976097637,699.2838500327638,1008,1008,2.1174305409027605,0.05204868293409959
A1,roll_03,persistence,2026-01-31 04:00:00+00:00,2026-01-31 05:00:00+00:00,0,1,2025-12-08T00:00:00+00:00,2026-01-26T00:00:00+00:00,2026-01-26T00:00:00+00:00,2026-02-02T00:00:00+00:00,1973.961116742889,1108.9278010010555,865.0333157418336,0,night,0,0.0,0,1,0,1,1,0,2,0,0,0,1,0,1,0,1,0,0,0,1,0,0,0,0,0,5,989.5879204678332,568.1319450434166,1042.5099112287778,1108.9278010010555,4,0.5000000000000001,0.8660254037844386,0,1,1,-4.087827328708443,257.33249462531967,1072.5309976097637,699.2838500327638,1008,1008,3.3774247762063503,1.2890761299447862
A1,roll_03,persistence,2026-01-31 05:00:00+00:00,2026-01-31 06:00:00+00:00,0,1,2025-12-08T00:00:00+00:00,2026-01-26T00:00:00+00:00,2026-01-26T00:00:00+00:00,2026-02-02T00:00:00+00:00,2133.987086771556,1973.961116742889,160.02597002866673,0,night,0,0.0,0,2,0,0,0,0,0,0,0,0,0,0,0,0,0,0,0,0,0,0,0,0,0,0,5,1683.9951601766388,1108.9278010010555,2043.280496847389,1973.961116742889,5,0.2588190451025207,0.9659258262890684,0,1,1,-4.087827328708443,257.33249462531967,1072.5309976097637,699.2838500327638,1008,1008,0.6377499957645363,1.5179187809243118
A1,roll_03,persistence,2026-01-31 06:00:00+00:00,2026-01-31 07:00:00+00:00,0,1,2025-12-08T00:00:00+00:00,2026-01-26T00:00:00+00:00,2026-01-26T00:00:00+00:00,2026-02-02T00:00:00+00:00,1020.5726502083334,2133.987086771556,-1113.4144365632224,0,night,0,0.0,0,2,0,0,0,0,0,0,0,0,0,0,0,0,0,0,0,0,0,0,0,0,0,0,5,1902.018428271,1973.961116742889,2356.0469720826945,2133.987086771556,6,6.123233995736766e-17,1.0,0,1,1,-4.087827328708443,257.33249462531967,1072.5309976097637,699.2838500327638,1008,1008,4.310868749202123,0.07430222705557402
A1,roll_03,persistence,2026-01-31 07:00:00+00:00,2026-01-31 08:00:00+00:00,0,1,2025-12-08T00:00:00+00:00,2026-01-26T00:00:00+00:00,2026-01-26T00:00:00+00:00,2026-02-02T00:00:00+00:00,419.2874801181944,1020.5726502083334,-601.285170090139,1,night,0,0.0,0,2,0,0,0,0,0,0,0,0,0,0,0,0,0,0,0,0,0,0,0,0,0,0,5,2166.76233965375,2133.987086771556,2415.724502125278,1020.5726502083334,7,-0.2588190451025206,0.9659258262890684,0,1,1,-4.087827328708443,257.33249462531967,1072.5309976097637,699.2838500327638,1008,1008,2.320722626308658,0.9341607381050808
A1,roll_03,persistence,2026-01-31 08:00:00+00:00,2026-01-31 09:00:00+00:00,0,1,2025-12-08T00:00:00+00:00,2026-01-26T00:00:00+00:00,2026-01-26T00:00:00+00:00,2026-02-02T00:00:00+00:00,250.3521221068889,419.2874801181944,-168.9353580113055,1,low,0,0.0,0,2,0,0,0,0,0,0,0,0,0,0,0,0,0,0,0,0,0,0,0,0,0,0,5,2056.1787956731946,1020.5726502083334,2088.875723270194,419.2874801181944,8,-0.4999999999999998,0.8660254037844387,0,1,1,-4.087827328708443,257.33249462531967,1072.5309976097637,699.2838500327638,1008,1008,0.6406013003628546,1.1757441208807453
A1,roll_03,persistence,2026-01-31 09:00:00+00:00,2026-01-31 10:00:00+00:00,0,1,2025-12-08T00:00:00+00:00,2026-01-26T00:00:00+00:00,2026-01-26T00:00:00+00:00,2026-02-02T00:00:00+00:00,334.93582907008334,250.3521221068889,84.58370696319443,1,low,0,0.0,0,2,0,0,0,0,0,0,0,0,0,0,0,0,0,0,0,0,0,0,0,0,0,0,5,2110.409867789389,419.2874801181944,1376.5848081650277,250.3521221068889,9,-0.7071067811865475,0.7071067811865476,0,1,1,-4.087827328708443,257.33249462531967,1072.5309976097637,699.2838500327638,1008,1008,0.34457962419790816,1.054786505515781
A1,roll_03,persistence,2026-01-31 10:00:00+00:00,2026-01-31 11:00:00+00:00,0,1,2025-12-08T00:00:00+00:00,2026-01-26T00:00:00+00:00,2026-01-26T00:00:00+00:00,2026-02-02T00:00:00+00:00,-25.482023055444444,334.93582907008334,-360.4178521255278,1,low,0,0.0,0,2,0,0,0,0,0,0,0,0,0,0,0,0,0,0,0,0,0,0,0,0,0,0,5,3130.832139515,250.3521221068889,637.5708449115556,334.93582907008334,10,-0.8660254037844387,0.4999999999999999,0,1,1,-4.087827328708443,257.33249462531967,1072.5309976097637,699.2838500327638,1008,1008,1.3847066819743916,1.5701964525761072
A1,roll_03,persistence,2026-01-31 11:00:00+00:00,2026-01-31 12:00:00+00:00,0,1,2025-12-08T00:00:00+00:00,2026-01-26T00:00:00+00:00,2026-01-26T00:00:00+00:00,2026-02-02T00:00:00+00:00,-362.59401059927774,-25.482023055444444,-337.11198754383327,1,med,0,0.0,0,2,1,0,0,0,0,0,0,0,0,0,0,0,0,0,0,0,0,0,0,0,0,0,5,385.99203080291664,334.93582907008334,-1038.640299738972,-25.482023055444444,11,-0.9659258262890682,0.258819045102521,0,1,1,-4.087827328708443,257.33249462531967,1072.5309976097637,699.2838500327638,1008,1008,1.2941395555194593,2.0522782102601127
A1,roll_03,persistence,2026-01-31 12:00:00+00:00,2026-01-31 13:00:00+00:00,0,1,2025-12-08T00:00:00+00:00,2026-01-26T00:00:00+00:00,2026-01-26T00:00:00+00:00,2026-02-02T00:00:00+00:00,-31.184125589083333,-362.59401059927774,331.4098850101944,1,med,0,0.0,0,2,1,0,0,0,0,0,0,0,0,0,0,0,0,0,0,0,0,0,0,0,0,0,5,1016.1453970060834,-25.482023055444444,338.58896643852773,-362.59401059927774,12,-1.0,1.2246467991473532e-16,0,1,1,-4.087827328708443,257.33249462531967,1072.5309976097637,699.2838500327638,1008,1008,1.3037518360337392,1.578350655670275
A1,roll_03,persistence,2026-01-31 13:00:00+00:00,2026-01-31 14:00:00+00:00,0,1,2025-12-08T00:00:00+00:00,2026-01-26T00:00:00+00:00,2026-01-26T00:00:00+00:00,2026-02-02T00:00:00+00:00,-90.87281389516666,-31.184125589083333,-59.68868830608332,1,med,0,0.0,0,2,1,0,0,0,0,0,0,0,0,0,0,0,0,0,0,0,0,0,0,0,0,0,5,1064.5741736199725,-362.59401059927774,-266.5041079402778,-31.184125589083333,13,-0.9659258262890684,-0.2588190451025208,0,1,1,-4.087827328708443,257.33249462531967,1072.5309976097637,699.2838500327638,1008,1008,0.21606622614190502,1.6637075365753422
A1,roll_03,persistence,2026-01-31 14:00:00+00:00,2026-01-31 15:00:00+00:00,0,1,2025-12-08T00:00:00+00:00,2026-01-26T00:00:00+00:00,2026-01-26T00:00:00+00:00,2026-02-02T00:00:00+00:00,422.2890764387501,-90.87281389516666,513.1618903339167,1,med,0,0.0,0,3,1,0,0,0,0,0,0,0,0,0,0,0,0,0,0,0,0,0,0,0,0,0,5,1858.781012173056,-31.184125589083333,376.1624140875,-90.87281389516666,14,-0.8660254037844388,-0.4999999999999997,0,1,1,-4.087827328708443,257.33249462531967,1072.5309976097637,699.2838500327638,1008,1008,2.010044314130438,0.9298683519439891
A1,roll_03,persistence,2026-01-31 15:00:00+00:00,2026-01-31 16:00:00+00:00,0,1,2025-12-08T00:00:00+00:00,2026-01-26T00:00:00+00:00,2026-01-26T00:00:00+00:00,2026-02-02T00:00:00+00:00,514.5742918275556,422.2890764387501,92.28521538880553,1,low,0,0.0,0,2,0,0,0,0,0,0,0,0,0,0,0,0,0,0,0,0,0,0,0,0,0,0,5,1831.2616717653889,-90.87281389516666,1082.7555175266666,422.2890764387501,15,-0.7071067811865479,-0.7071067811865471,0,1,1,-4.087827328708443,257.33249462531967,1072.5309976097637,699.2838500327638,1008,1008,0.37450786329116614,0.7978973141680106
A1,roll_03,persistence,2026-01-31 16:00:00+00:00,2026-01-31 17:00:00+00:00,0,1,2025-12-08T00:00:00+00:00,2026-01-26T00:00:00+00:00,2026-01-26T00:00:00+00:00,2026-02-02T00:00:00+00:00,555.1924943127777,514.5742918275556,40.61820248522213,0,night,0,0.0,0,2,0,0,0,0,0,0,0,0,0,0,0,0,0,0,0,0,0,0,0,0,0,0,5,1060.0596002008333,422.2890764387501,1956.864773614972,514.5742918275556,16,-0.5000000000000004,-0.8660254037844385,0,1,1,-4.087827328708443,257.33249462531967,1072.5309976097637,699.2838500327638,1008,1008,0.17372866135317766,0.7398118850774932
A1,roll_03,persistence,2026-01-31 17:00:00+00:00,2026-01-31 18:00:00+00:00,0,1,2025-12-08T00:00:00+00:00,2026-01-26T00:00:00+00:00,2026-01-26T00:00:00+00:00,2026-02-02T00:00:00+00:00,563.0741589198611,555.1924943127777,7.881664607083394,0,night,0,0.0,0,2,0,0,0,0,0,0,0,0,0,0,0,0,0,0,0,0,0,0,0,0,0,0,5,992.9213029867224,514.5742918275556,2558.768179305,555.1924943127777,17,-0.2588190451025206,-0.9659258262890684,0,1,1,-4.087827328708443,257.33249462531967,1072.5309976097637,699.2838500327638,1008,1008,0.046513721297497285,0.7285408331195306
A1,roll_03,persistence,2026-01-31 18:00:00+00:00,2026-01-31 19:00:00+00:00,0,1,2025-12-08T00:00:00+00:00,2026-01-26T00:00:00+00:00,2026-01-26T00:00:00+00:00,2026-02-02T00:00:00+00:00,532.8345183753889,563.0741589198611,-30.239640544472195,0,night,0,0.0,0,2,0,0,0,0,0,0,0,0,0,0,0,0,0,0,0,0,0,0,0,0,0,0,5,1541.1415699855834,555.1924943127777,1987.7934036818888,563.0741589198611,18,-1.8369701987210287e-16,-1.0,0,1,1,-4.087827328708443,257.33249462531967,1072.5309976097637,699.2838500327638,1008,1008,0.10162654838379903,0.7717845610321019
A1,roll_03,persistence,2026-01-31 19:00:00+00:00,2026-01-31 20:00:00+00:00,0,1,2025-12-08T00:00:00+00:00,2026-01-26T00:00:00+00:00,2026-01-26T00:00:00+00:00,2026-02-02T00:00:00+00:00,552.461400302111,532.8345183753889,19.626881926722035,0,night,0,0.0,0,1,0,1,1,0,11,0,0,0,1,0,1,0,1,0,0,0,1,0,0,0,0,0,5,1286.9006860100278,563.0741589198611,1676.7119280521667,532.8345183753889,19,0.2588190451025203,-0.9659258262890684,0,1,1,-4.087827328708443,257.33249462531967,1072.5309976097637,699.2838500327638,1008,1008,0.09215590627199835,0.7437174436150439
A1,roll_03,persistence,2026-01-31 20:00:00+00:00,2026-01-31 21:00:00+00:00,0,1,2025-12-08T00:00:00+00:00,2026-01-26T00:00:00+00:00,2026-01-26T00:00:00+00:00,2026-02-02T00:00:00+00:00,552.9098461985833,552.461400302111,0.4484458964723217,0,night,0,0.0,0,1,0,1,1,0,11,0,0,0,1,0,1,0,1,0,0,0,1,0,0,0,0,0,5,640.4533153681945,532.8345183753889,1399.5987402705557,552.461400302111,20,0.5000000000000001,-0.8660254037844386,0,1,1,-4.087827328708443,257.33249462531967,1072.5309976097637,699.2838500327638,1008,1008,0.017628062214939674,0.7430761505314822
A1,roll_03,persistence,2026-01-31 21:00:00+00:00,2026-01-31 22:00:00+00:00,0,1,2025-12-08T00:00:00+00:00,2026-01-26T00:00:00+00:00,2026-01-26T00:00:00+00:00,2026-02-02T00:00:00+00:00,560.803781971389,552.9098461985833,7.893935772805662,0,night,0,0.0,0,1,0,1,1,0,11,0,0,0,1,0,1,0,1,0,0,0,1,0,0,0,0,0,5,584.3161862229999,552.461400302111,1395.9087899032777,552.9098461985833,21,0.7071067811865474,-0.7071067811865477,0,1,1,-4.087827328708443,257.33249462531967,1072.5309976097637,699.2838500327638,1008,1008,0.04656140733007601,0.7317875503837228
A1,roll_03,persistence,2026-01-31 22:00:00+00:00,2026-01-31 23:00:00+00:00,0,1,2025-12-08T00:00:00+00:00,2026-01-26T00:00:00+00:00,2026-01-26T00:00:00+00:00,2026-02-02T00:00:00+00:00,565.2245665261389,560.803781971389,4.420784554749957,0,night,0,0.0,0,1,0,1,1,0,11,0,0,0,1,0,1,0,1,0,0,0,1,0,0,0,0,0,5,518.3547093412777,552.9098461985833,617.2218638224722,560.803781971389,22,0.8660254037844384,-0.5000000000000004,0,1,1,-4.087827328708443,257.33249462531967,1072.5309976097637,699.2838500327638,1008,1008,0.03306466171653556,0.7254656761483278
A1,roll_03,persistence,2026-01-31 23:00:00+00:00,2026-02-01 00:00:00+00:00,0,1,2025-12-08T00:00:00+00:00,2026-01-26T00:00:00+00:00,2026-01-26T00:00:00+00:00,2026-02-02T00:00:00+00:00,564.1097782727777,565.2245665261389,-1.114788253361212,0,night,0,0.0,0,1,0,1,1,0,11,0,0,0,1,0,1,0,1,0,0,0,1,0,0,0,0,0,5,430.99813492583326,560.803781971389,560.833410557,565.2245665261389,23,0.965925826289068,-0.2588190451025215,0,1,1,-4.087827328708443,257.33249462531967,1072.5309976097637,699.2838500327638,1008,1008,0.01155329831032814,0.7270598617616649
A1,roll_03,persistence,2026-02-01 00:00:00+00:00,2026-02-01 01:00:00+00:00,0,1,2025-12-08T00:00:00+00:00,2026-01-26T00:00:00+00:00,2026-01-26T00:00:00+00:00,2026-02-02T00:00:00+00:00,533.409867254,564.1097782727777,-30.699911018777694,0,night,0,0.0,0,1,0,1,1,0,11,0,0,0,1,0,1,0,1,0,0,0,1,0,0,0,0,0,6,377.7188413770555,565.2245665261389,568.5592018373611,564.1097782727777,0,1.0,0.0,0,1,2,-4.087827328708443,257.33249462531967,1072.5309976097637,699.2838500327638,1008,1008,0.10341517004611828,0.7709617923115257
A1,roll_03,persistence,2026-02-01 01:00:00+00:00,2026-02-01 02:00:00+00:00,0,1,2025-12-08T00:00:00+00:00,2026-01-26T00:00:00+00:00,2026-01-26T00:00:00+00:00,2026-02-02T00:00:00+00:00,562.5751383565,533.409867254,29.16527110250001,0,night,0,0.0,0,1,0,1,1,0,11,0,0,0,0,1,1,0,1,0,0,0,1,0,0,0,0,0,6,364.4423996903056,564.1097782727777,560.2704962234167,533.409867254,1,0.9659258262890684,0.2588190451025207,0,1,2,-4.087827328708443,257.33249462531967,1072.5309976097637,699.2838500327638,1008,1008,0.12922230626033263,0.7292544497193387
A1,roll_03,persistence,2026-02-01 02:00:00+00:00,2026-02-01 03:00:00+00:00,0,1,2025-12-08T00:00:00+00:00,2026-01-26T00:00:00+00:00,2026-01-26T00:00:00+00:00,2026-02-02T00:00:00+00:00,534.4757679513611,562.5751383565,-28.09937040513887,0,night,0,0.0,0,1,0,1,1,0,11,0,0,0,0,1,1,0,1,0,0,0,1,0,0,0,0,0,6,384.5271624152222,533.409867254,565.4011130005833,562.5751383565,2,0.8660254037844387,0.4999999999999999,0,1,2,-4.087827328708443,257.33249462531967,1072.5309976097637,699.2838500327638,1008,1008,0.09330940933593182,0.7694375175877334
A1,roll_03,persistence,2026-02-01 03:00:00+00:00,2026-02-01 04:00:00+00:00,0,1,2025-12-08T00:00:00+00:00,2026-01-26T00:00:00+00:00,2026-01-26T00:00:00+00:00,2026-02-02T00:00:00+00:00,559.3680544099722,534.4757679513611,24.89228645861101,0,night,0,0.0,0,1,0,1,1,0,11,0,0,0,0,1,1,0,1,0,0,0,1,0,0,0,0,0,6,395.30640441158334,562.5751383565,568.1319450434166,534.4757679513611,3,0.7071067811865476,0.7071067811865476,0,1,2,-4.087827328708443,257.33249462531967,1072.5309976097637,699.2838500327638,1008,1008,0.11261738953533627,0.7338406902658315
A1,roll_03,persistence,2026-02-01 04:00:00+00:00,2026-02-01 05:00:00+00:00,0,1,2025-12-08T00:00:00+00:00,2026-01-26T00:00:00+00:00,2026-01-26T00:00:00+00:00,2026-02-02T00:00:00+00:00,555.9197919330833,559.3680544099722,-3.448262476888885,0,night,0,0.0,0,1,0,1,1,0,11,0,0,0,0,1,1,0,1,0,0,0,1,0,0,0,0,0,6,963.782436518,534.4757679513611,1108.9278010010555,559.3680544099722,4,0.5000000000000001,0.8660254037844386,0,1,2,-4.087827328708443,257.33249462531967,1072.5309976097637,699.2838500327638,1008,1008,0.0024853637421530248,0.7387718244207635
A1,roll_03,persistence,2026-02-01 05:00:00+00:00,2026-02-01 06:00:00+00:00,0,1,2025-12-08T00:00:00+00:00,2026-01-26T00:00:00+00:00,2026-01-26T00:00:00+00:00,2026-02-02T00:00:00+00:00,1160.5435193141388,555.9197919330833,604.6237273810556,0,night,0,0.0,0,1,0,1,1,0,11,0,0,0,0,1,1,0,1,0,0,0,1,0,0,0,0,0,6,1696.815230154389,559.3680544099722,1973.961116742889,555.9197919330833,5,0.2588190451025207,0.9659258262890684,0,1,2,-4.087827328708443,257.33249462531967,1072.5309976097637,699.2838500327638,1008,1008,2.3654671190906456,0.12586093858774433
A1,roll_03,persistence,2026-02-01 06:00:00+00:00,2026-02-01 07:00:00+00:00,0,1,2025-12-08T00:00:00+00:00,2026-01-26T00:00:00+00:00,2026-01-26T00:00:00+00:00,2026-02-02T00:00:00+00:00,691.6709654138334,1160.5435193141388,-468.87255390030543,0,night,0,0.0,0,1,0,0,0,0,0,0,0,0,0,0,0,0,0,0,0,0,0,0,0,0,0,0,6,1659.7306816588614,555.9197919330833,2133.987086771556,1160.5435193141388,6,6.123233995736766e-17,1.0,0,1,2,-4.087827328708443,257.33249462531967,1072.5309976097637,699.2838500327638,1008,1008,1.8061641505800936,0.5446429689146771
A1,roll_03,persistence,2026-02-01 07:00:00+00:00,2026-02-01 08:00:00+00:00,0,1,2025-12-08T00:00:00+00:00,2026-01-26T00:00:00+00:00,2026-01-26T00:00:00+00:00,2026-02-02T00:00:00+00:00,1089.2109433604444,691.6709654138334,397.539977946611,1,night,0,0.0,0,1,0,0,0,0,0,0,0,0,0,0,0,0,0,0,0,0,0,0,0,0,0,0,6,2231.1363579284443,1160.5435193141388,1020.5726502083334,691.6709654138334,7,-0.2588190451025206,0.9659258262890684,0,1,2,-4.087827328708443,257.33249462531967,1072.5309976097637,699.2838500327638,1008,1008,1.5607349000369972,0.023852897145986044
A1,roll_03,persistence,2026-02-01 08:00:00+00:00,2026-02-01 09:00:00+00:00,0,1,2025-12-08T00:00:00+00:00,2026-01-26T00:00:00+00:00,2026-01-26T00:00:00+00:00,2026-02-02T00:00:00+00:00,303.2054646118889,1089.2109433604444,-786.0054787485556,1,low,0,0.0,0,2,0,0,0,0,0,0,0,0,0,0,0,0,0,0,0,0,0,0,0,0,0,0,6,2238.324116505972,691.6709654138334,419.2874801181944,1089.2109433604444,8,-0.4999999999999998,0.8660254037844387,0,1,2,-4.087827328708443,257.33249462531967,1072.5309976097637,699.2838500327638,1008,1008,3.0385499995184517,1.1001620199892068
A1,roll_03,persistence,2026-02-01 09:00:00+00:00,2026-02-01 10:00:00+00:00,0,1,2025-12-08T00:00:00+00:00,2026-01-26T00:00:00+00:00,2026-01-26T00:00:00+00:00,2026-02-02T00:00:00+00:00,306.5586802728889,303.2054646118889,3.353215661000036,1,low,0,0.0,0,2,0,0,0,0,0,0,0,0,0,0,0,0,0,0,0,0,0,0,0,0,0,0,6,2327.768168646222,1089.2109433604444,250.3521221068889,303.2054646118889,9,-0.7071067811865475,0.7071067811865476,0,1,2,-4.087827328708443,257.33249462531967,1072.5309976097637,699.2838500327638,1008,1008,0.02891606441130864,1.0953668060559192
A1,roll_03,persistence,2026-02-01 10:00:00+00:00,2026-02-01 11:00:00+00:00,0,1,2025-12-08T00:00:00+00:00,2026-01-26T00:00:00+00:00,2026-01-26T00:00:00+00:00,2026-02-02T00:00:00+00:00,298.92543760088887,306.5586802728889,-7.633242672000051,1,low,0,0.0,0,2,0,0,0,0,0,0,0,0,0,0,0,0,0,0,0,0,0,0,0,0,0,0,6,3079.3561128761667,303.2054646118889,334.93582907008334,306.5586802728889,10,-0.8660254037844387,0.4999999999999999,0,1,2,-4.087827328708443,257.33249462531967,1072.5309976097637,699.2838500327638,1008,1008,0.013777565668314807,1.1062826060871116
A1,roll_03,persistence,2026-02-01 11:00:00+00:00,2026-02-01 12:00:00+00:00,0,1,2025-12-08T00:00:00+00:00,2026-01-26T00:00:00+00:00,2026-01-26T00:00:00+00:00,2026-02-02T00:00:00+00:00,73.55411946638888,298.92543760088887,-225.3713181345,1,low,0,0.0,0,2,0,0,0,0,0,0,0,0,0,0,0,0,0,0,0,0,0,0,0,0,0,0,6,1060.977643347722,306.5586802728889,-25.482023055444444,298.92543760088887,11,-0.9659258262890682,0.258819045102521,0,1,2,-4.087827328708443,257.33249462531967,1072.5309976097637,699.2838500327638,1008,1008,0.8599127410161859,1.4285713563906408
A1,roll_03,persistence,2026-02-01 12:00:00+00:00,2026-02-01 13:00:00+00:00,0,1,2025-12-08T00:00:00+00:00,2026-01-26T00:00:00+00:00,2026-01-26T00:00:00+00:00,2026-02-02T00:00:00+00:00,151.58054217927778,73.55411946638888,78.0264227128889,1,med,0,0.0,0,2,0,0,0,0,0,0,0,0,0,0,0,0,0,0,0,0,0,0,0,0,0,0,6,1745.3068945306666,298.92543760088887,-362.59401059927774,73.55411946638888,12,-1.0,1.2246467991473532e-16,0,1,2,-4.087827328708443,257.33249462531967,1072.5309976097637,699.2838500327638,1008,1008,0.31909786659923006,1.316990883440732
A1,roll_03,persistence,2026-02-01 13:00:00+00:00,2026-02-01 14:00:00+00:00,0,1,2025-12-08T00:00:00+00:00,2026-01-26T00:00:00+00:00,2026-01-26T00:00:00+00:00,2026-02-02T00:00:00+00:00,1336.6438164391946,151.58054217927778,1185.0632742599169,1,med,0,0.0,0,2,0,0,0,0,0,0,0,0,0,0,0,0,0,0,0,0,0,0,0,0,0,0,6,906.8727746182224,73.55411946638888,-31.184125589083333,151.58054217927778,13,-0.9659258262890684,-0.2588190451025208,0,1,2,-4.087827328708443,257.33249462531967,1072.5309976097637,699.2838500327638,1008,1008,4.6210685646989464,0.3776904311704843
A1,roll_03,persistence,2026-02-01 14:00:00+00:00,2026-02-01 15:00:00+00:00,0,1,2025-12-08T00:00:00+00:00,2026-01-26T00:00:00+00:00,2026-01-26T00:00:00+00:00,2026-02-02T00:00:00+00:00,1896.0841900744165,1336.6438164391946,559.4403736352219,1,med,0,0.0,0,2,0,0,0,0,0,0,0,0,0,0,0,0,0,0,0,0,0,0,0,0,0,0,6,1490.25308828425,151.58054217927778,-90.87281389516666,1336.6438164391946,14,-0.8660254037844388,-0.4999999999999997,0,1,2,-4.087827328708443,257.33249462531967,1072.5309976097637,699.2838500327638,1008,1008,2.1898835659462157,1.1777094414894131
A1,roll_03,persistence,2026-02-01 15:00:00+00:00,2026-02-01 16:00:00+00:00,0,1,2025-12-08T00:00:00+00:00,2026-01-26T00:00:00+00:00,2026-01-26T00:00:00+00:00,2026-02-02T00:00:00+00:00,2484.501672130778,1896.0841900744165,588.4174820563615,1,low,0,0.0,0,2,0,0,0,0,0,0,0,0,0,0,0,0,0,0,0,0,0,0,0,0,0,0,6,924.6930943503612,1336.6438164391946,422.2890764387501,1896.0841900744165,15,-0.7071067811865479,-0.7071067811865471,0,1,2,-4.087827328708443,257.33249462531967,1072.5309976097637,699.2838500327638,1008,1008,2.3024892765593687,2.019166715282869
A1,roll_03,persistence,2026-02-01 16:00:00+00:00,2026-02-01 17:00:00+00:00,0,1,2025-12-08T00:00:00+00:00,2026-01-26T00:00:00+00:00,2026-01-26T00:00:00+00:00,2026-02-02T00:00:00+00:00,2486.544613380472,2484.501672130778,2.042941249694195,0,night,0,0.0,0,2,0,0,0,0,0,0,0,0,0,0,0,0,0,0,0,0,0,0,0,0,0,0,6,1936.265559235028,1896.0841900744165,514.5742918275556,2484.501672130778,16,-0.5000000000000004,-0.8660254037844385,0,1,2,-4.087827328708443,257.33249462531967,1072.5309976097637,699.2838500327638,1008,1008,0.023824307875805334,2.022088191661308
A1,roll_03,persistence,2026-02-01 17:00:00+00:00,2026-02-01 18:00:00+00:00,0,1,2025-12-08T00:00:00+00:00,2026-01-26T00:00:00+00:00,2026-01-26T00:00:00+00:00,2026-02-02T00:00:00+00:00,2612.5492478209444,2486.544613380472,126.00463444047227,0,night,0,0.0,0,2,0,0,0,0,0,0,0,0,0,0,0,0,0,0,0,0,0,0,0,0,0,0,6,1053.6913190111388,2484.501672130778,555.1924943127777,2486.544613380472,17,-0.2588190451025206,-0.9659258262890684,0,1,2,-4.087827328708443,257.33249462531967,1072.5309976097637,699.2838500327638,1008,1008,0.5055423022210913,2.2022791605140397
A1,roll_03,persistence,2026-02-01 18:00:00+00:00,2026-02-01 19:00:00+00:00,0,1,2025-12-08T00:00:00+00:00,2026-01-26T00:00:00+00:00,2026-01-26T00:00:00+00:00,2026-02-02T00:00:00+00:00,3017.157618471861,2612.5492478209444,404.60837065091664,0,night,0,0.0,0,2,0,0,0,0,0,0,0,0,0,0,0,0,0,0,0,0,0,0,0,0,0,0,6,1042.3809986754163,2486.544613380472,563.0741589198611,2612.5492478209444,18,-1.8369701987210287e-16,-1.0,0,1,2,-4.087827328708443,257.33249462531967,1072.5309976097637,699.2838500327638,1008,1008,1.5882028368577914,2.7808830716896793
A1,roll_03,persistence,2026-02-01 19:00:00+00:00,2026-02-01 20:00:00+00:00,0,1,2025-12-08T00:00:00+00:00,2026-01-26T00:00:00+00:00,2026-01-26T00:00:00+00:00,2026-02-02T00:00:00+00:00,2133.137917275778,3017.157618471861,-884.0197011960831,0,night,0,0.0,0,1,0,0,0,0,0,0,0,0,0,0,0,0,0,0,0,0,0,0,0,0,0,0,6,849.7813898698611,2612.5492478209444,532.8345183753889,3017.157618471861,19,0.2588190451025203,-0.9659258262890684,0,1,2,-4.087827328708443,257.33249462531967,1072.5309976097637,699.2838500327638,1008,1008,3.4194355250337503,1.5167044392864517
A1,roll_03,persistence,2026-02-01 20:00:00+00:00,2026-02-01 21:00:00+00:00,0,1,2025-12-08T00:00:00+00:00,2026-01-26T00:00:00+00:00,2026-01-26T00:00:00+00:00,2026-02-02T00:00:00+00:00,952.1327068525555,2133.137917275778,-1181.0052104232225,0,night,0,0.0,0,1,0,0,0,0,0,0,0,0,0,0,0,0,0,0,0,0,0,0,0,0,0,0,6,739.4192231492499,3017.157618471861,552.461400302111,2133.137917275778,20,0.5000000000000001,-0.8660254037844386,0,1,2,-4.087827328708443,257.33249462531967,1072.5309976097637,699.2838500327638,1008,1008,4.573528052911176,0.1721737042140572
A1,roll_03,persistence,2026-02-01 21:00:00+00:00,2026-02-01 22:00:00+00:00,0,1,2025-12-08T00:00:00+00:00,2026-01-26T00:00:00+00:00,2026-01-26T00:00:00+00:00,2026-02-02T00:00:00+00:00,1463.8755507140277,952.1327068525555,511.7428438614721,0,night,0,0.0,0,1,0,0,0,0,0,0,0,0,0,0,0,0,0,0,0,0,0,0,0,0,0,0,6,575.8166761095833,2133.137917275778,552.9098461985833,952.1327068525555,21,0.7071067811865474,-0.7071067811865477,0,1,2,-4.087827328708443,257.33249462531967,1072.5309976097637,699.2838500327638,1008,1008,2.0045298668605316,0.5596361950671793
A1,roll_03,rf,2026-01-25 23:00:00+00:00,2026-01-26 00:00:00+00:00,0,1,2025-12-08T00:00:00+00:00,2026-01-26T00:00:00+00:00,2026-01-26T00:00:00+00:00,2026-02-02T00:00:00+00:00,369.4281183008611,388.8896158150819,-19.46149751422081,0,night,0,0.0,0,1,0,0,0,0,0,0,0,0,0,0,0,0,0,0,0,0,0,0,0,0,0,0,6,371.8011446672778,367.5400825782778,430.99813492583326,401.8299940770556,23,0.965925826289068,-0.2588190451025215,0,1,1,-89.34407861512568,369.2884368357855,1053.0844672548474,684.0517259136807,840,840,0.18923576838659623,0.9994220072185823
A1,roll_03,rf,2026-01-26 00:00:00+00:00,2026-01-26 01:00:00+00:00,0,1,2025-12-08T00:00:00+00:00,2026-01-26T00:00:00+00:00,2026-01-26T00:00:00+00:00,2026-02-02T00:00:00+00:00,418.7639288361667,377.1920207661833,41.571908069983465,0,night,0,0.0,0,1,0,0,0,0,0,0,0,0,0,0,0,0,0,0,0,0,0,0,0,0,0,0,0,368.0171135468333,401.8299940770556,377.7188413770555,369.4281183008611,0,1.0,0.0,0,0,1,-89.34407861512568,369.2884368357855,1053.0844672548474,684.0517259136807,840,840,0.35450876232911843,0.9272990833718391
A1,roll_03,rf,2026-01-26 01:00:00+00:00,2026-01-26 02:00:00+00:00,0,1,2025-12-08T00:00:00+00:00,2026-01-26T00:00:00+00:00,2026-01-26T00:00:00+00:00,2026-02-02T00:00:00+00:00,391.5396551361389,384.54348407598974,6.996171060149152,0,night,0,0.0,0,1,0,0,0,0,0,0,0,0,0,0,0,0,0,0,0,0,0,0,0,0,0,0,0,370.43651664125,369.4281183008611,364.4423996903056,418.7639288361667,1,0.9659258262890684,0.2588190451025207,0,0,1,-89.34407861512568,369.2884368357855,1053.0844672548474,684.0517259136807,840,840,0.26088076437149654,0.9670976434349172
A1,roll_03,rf,2026-01-26 02:00:00+00:00,2026-01-26 03:00:00+00:00,0,1,2025-12-08T00:00:00+00:00,2026-01-26T00:00:00+00:00,2026-01-26T00:00:00+00:00,2026-02-02T00:00:00+00:00,371.4401780996666,392.6541026395845,-21.21392453991791,0,night,0,0.0,0,1,0,0,0,0,0,0,0,0,0,0,0,0,0,0,0,0,0,0,0,0,0,0,0,382.0239495386389,418.7639288361667,384.5271624152222,391.5396551361389,2,0.8660254037844387,0.4999999999999999,0,0,1,-89.34407861512568,369.2884368357855,1053.0844672548474,684.0517259136807,840,840,0.18449035301233588,0.9964806217610455
A1,roll_03,rf,2026-01-26 03:00:00+00:00,2026-01-26 04:00:00+00:00,0,1,2025-12-08T00:00:00+00:00,2026-01-26T00:00:00+00:00,2026-01-26T00:00:00+00:00,2026-02-02T00:00:00+00:00,1028.218939733639,990.7400537509584,37.47888598268071,0,night,0,0.0,0,1,0,1,1,0,1,0,0,0,1,0,1,0,1,0,0,0,1,0,0,0,0,0,0,368.1878588306667,391.5396551361389,395.30640441158334,371.4401780996666,3,0.7071067811865476,0.7071067811865476,0,0,1,-89.34407861512568,369.2884368357855,1053.0844672548474,684.0517259136807,840,840,0.34342522523715463,0.03635036149933801
A1,roll_03,rf,2026-01-26 04:00:00+00:00,2026-01-26 05:00:00+00:00,0,1,2025-12-08T00:00:00+00:00,2026-01-26T00:00:00+00:00,2026-01-26T00:00:00+00:00,2026-02-02T00:00:00+00:00,2114.055589798917,2136.7807853963272,-22.72519559741022,0,night,0,0.0,0,1,0,0,0,0,0,0,0,0,0,0,0,0,0,0,0,0,0,0,0,0,0,0,0,956.6022458266112,371.4401780996666,963.782436518,1028.218939733639,4,0.5000000000000001,0.8660254037844386,0,0,1,-89.34407861512568,369.2884368357855,1053.0844672548474,684.0517259136807,840,840,0.18039796639324351,1.5510100806001794
A1,roll_03,rf,2026-01-26 05:00:00+00:00,2026-01-26 06:00:00+00:00,0,1,2025-12-08T00:00:00+00:00,2026-01-26T00:00:00+00:00,2026-01-26T00:00:00+00:00,2026-02-02T00:00:00+00:00,2600.770309974528,2141.203769002374,459.5665409721541,0,night,0,0.0,0,1,0,0,0,0,0,0,0,0,0,0,0,0,0,0,0,0,0,0,0,0,0,0,0,2097.5119466174724,1028.218939733639,1696.815230154389,2114.055589798917,5,0.2588190451025207,0.9659258262890684,0,0,1,-89.34407861512568,369.2884368357855,1053.0844672548474,684.0517259136807,840,840,1.48640077737221,2.2625275020722344
A1,roll_03,rf,2026-01-26 06:00:00+00:00,2026-01-26 07:00:00+00:00,0,1,2025-12-08T00:00:00+00:00,2026-01-26T00:00:00+00:00,2026-01-26T00:00:00+00:00,2026-02-02T00:00:00+00:00,2010.6085535996945,1675.040482778468,335.56807082122646,0,night,0,0.0,0,1,0,0,0,0,0,0,0,0,0,0,0,0,0,0,0,0,0,0,0,0,0,0,0,2207.624277541472,2114.055589798917,1659.7306816588614,2600.770309974528,6,6.123233995736766e-17,1.0,0,0,1,-89.34407861512568,369.2884368357855,1053.0844672548474,684.0517259136807,840,840,1.1506240300323871,1.3997831597689374
A1,roll_03,rf,2026-01-26 07:00:00+00:00,2026-01-26 08:00:00+00:00,0,1,2025-12-08T00:00:00+00:00,2026-01-26T00:00:00+00:00,2026-01-26T00:00:00+00:00,2026-02-02T00:00:00+00:00,1665.4681254328334,1792.172371358376,-126.70424592554264,1,low,0,0.0,0,1,0,0,0,0,0,0,0,0,0,0,0,0,0,0,0,0,0,0,0,0,0,0,0,743.501432477222,2600.770309974528,2231.1363579284443,2010.6085535996945,7,-0.2588190451025206,0.9659258262890684,0,0,1,-89.34407861512568,369.2884368357855,1053.0844672548474,684.0517259136807,840,840,0.10116798573639121,0.8952300461782062
A1,roll_03,rf,2026-01-26 08:00:00+00:00,2026-01-26 09:00:00+00:00,0,1,2025-12-08T00:00:00+00:00,2026-01-26T00:00:00+00:00,2026-01-26T00:00:00+00:00,2026-02-02T00:00:00+00:00,1007.3270680508888,1393.90810692766,-386.58103887677134,1,low,0,0.0,0,1,0,0,0,0,0,0,0,0,0,0,0,0,0,0,0,0,0,0,0,0,0,0,0,1602.210022772833,2010.6085535996945,2238.324116505972,1665.4681254328334,8,-0.4999999999999998,0.8660254037844387,0,0,1,-89.34407861512568,369.2884368357855,1053.0844672548474,684.0517259136807,840,840,0.8048910569973261,0.06689172393043949
A1,roll_03,rf,2026-01-26 09:00:00+00:00,2026-01-26 10:00:00+00:00,0,1,2025-12-08T00:00:00+00:00,2026-01-26T00:00:00+00:00,2026-01-26T00:00:00+00:00,2026-02-02T00:00:00+00:00,-569.4865977234444,1130.8678781782005,-1700.354475901645,1,med,0,0.0,0,2,0,0,0,0,0,0,0,0,0,0,0,0,0,0,0,0,0,0,0,0,0,0,0,401.86281383952775,1665.4681254328334,2327.768168646222,1007.3270680508888,9,-0.7071067811865475,0.7071067811865476,0,0,1,-89.34407861512568,369.2884368357855,1053.0844672548474,684.0517259136807,840,840,4.362471814959374,2.372000542518975
A1,roll_03,rf,2026-01-26 10:00:00+00:00,2026-01-26 11:00:00+00:00,0,1,2025-12-08T00:00:00+00:00,2026-01-26T00:00:00+00:00,2026-01-26T00:00:00+00:00,2026-02-02T00:00:00+00:00,-741.4332030484165,145.49855225747146,-886.931755305888,1,high,0,0.0,0,2,1,0,0,0,0,0,0,0,0,0,0,0,0,0,0,0,0,0,0,0,0,0,0,799.5036943302779,1007.3270680508888,3079.3561128761667,-569.4865977234444,10,-0.8660254037844387,0.4999999999999999,0,0,1,-89.34407861512568,369.2884368357855,1053.0844672548474,684.0517259136807,840,840,2.1597959674145772,2.6233654595437876
A1,roll_03,rf,2026-01-26 11:00:00+00:00,2026-01-26 12:00:00+00:00,0,1,2025-12-08T00:00:00+00:00,2026-01-26T00:00:00+00:00,2026-01-26T00:00:00+00:00,2026-02-02T00:00:00+00:00,-1079.799870834083,-174.6459911543311,-905.153879679752,1,high,0,0.0,0,2,1,0,0,0,0,0,0,0,0,0,0,0,0,0,0,0,0,0,0,0,0,0,0,764.1083921755,-569.4865977234444,1060.977643347722,-741.4332030484165,11,-0.9659258262890682,0.258819045102521,0,0,1,-89.34407861512568,369.2884368357855,1053.0844672548474,684.0517259136807,840,840,2.2091398475804405,3.1180161635292407
A1,roll_03,rf,2026-01-26 12:00:00+00:00,2026-01-26 13:00:00+00:00,0,1,2025-12-08T00:00:00+00:00,2026-01-26T00:00:00+00:00,2026-01-26T00:00:00+00:00,2026-02-02T00:00:00+00:00,94.50215176250003,178.1183524359033,-83.61620067340326,1,high,0,0.0,0,2,1,0,0,0,0,0,0,0,0,0,0,0,0,0,0,0,0,0,0,0,0,0,0,135.93812644077775,-741.4332030484165,1745.3068945306666,-1079.799870834083,12,-1.0,1.2246467991473532e-16,0,0,1,-89.34407861512568,369.2884368357855,1053.0844672548474,684.0517259136807,840,840,0.015510580268370244,1.4013301614172218
A1,roll_03,rf,2026-01-26 13:00:00+00:00,2026-01-26 14:00:00+00:00,0,1,2025-12-08T00:00:00+00:00,2026-01-26T00:00:00+00:00,2026-01-26T00:00:00+00:00,2026-02-02T00:00:00+00:00,-184.2188756273056,971.1403535057276,-1155.3592291330333,1,high,0,0.0,0,3,0,0,0,0,0,0,0,0,0,0,0,0,0,0,0,0,0,0,0,0,0,0,0,227.14875664072224,-1079.799870834083,906.8727746182224,94.50215176250003,13,-0.9659258262890684,-0.2588190451025208,0,0,1,-89.34407861512568,369.2884368357855,1053.0844672548474,684.0517259136807,840,840,2.886673516376418,1.8087862306457891
A1,roll_03,rf,2026-01-26 14:00:00+00:00,2026-01-26 15:00:00+00:00,0,1,2025-12-08T00:00:00+00:00,2026-01-26T00:00:00+00:00,2026-01-26T00:00:00+00:00,2026-02-02T00:00:00+00:00,297.8340901346389,656.5139041789578,-358.67981404431885,1,med,0,0.0,0,3,1,0,0,0,0,0,0,0,0,0,0,0,0,0,0,0,0,0,0,0,0,0,0,1951.074940760889,94.50215176250003,1490.25308828425,-184.2188756273056,14,-0.8660254037844388,-0.4999999999999997,0,0,1,-89.34407861512568,369.2884368357855,1053.0844672548474,684.0517259136807,840,840,0.729337040003126,1.104083724240924
A1,roll_03,rf,2026-01-26 15:00:00+00:00,2026-01-26 16:00:00+00:00,0,1,2025-12-08T00:00:00+00:00,2026-01-26T00:00:00+00:00,2026-01-26T00:00:00+00:00,2026-02-02T00:00:00+00:00,931.8924169395276,1020.4645490195236,-88.57213207999598,1,low,0,0.0,0,3,0,0,0,0,0,0,0,0,0,0,0,0,0,0,0,0,0,0,0,0,0,0,0,806.2876032480555,-184.2188756273056,924.6930943503612,297.8340901346389,15,-0.7071067811865479,-0.7071067811865471,0,0,1,-89.34407861512568,369.2884368357855,1053.0844672548474,684.0517259136807,840,840,0.0020903620534237525,0.17716796219386013
A1,roll_03,rf,2026-01-26 16:00:00+00:00,2026-01-26 17:00:00+00:00,0,1,2025-12-08T00:00:00+00:00,2026-01-26T00:00:00+00:00,2026-01-26T00:00:00+00:00,2026-02-02T00:00:00+00:00,2682.2788242863057,1416.6539287162766,1265.6248955700291,0,night,0,0.0,0,2,0,0,0,0,0,0,0,0,0,0,0,0,0,0,0,0,0,0,0,0,0,0,0,738.6692789706944,297.8340901346389,1936.265559235028,931.8924169395276,16,-0.5000000000000004,-0.8660254037844385,0,0,1,-89.34407861512568,369.2884368357855,1053.0844672548474,684.0517259136807,840,840,3.669134581616158,2.381682985822981
A1,roll_03,rf,2026-01-26 17:00:00+00:00,2026-01-26 18:00:00+00:00,0,1,2025-12-08T00:00:00+00:00,2026-01-26T00:00:00+00:00,2026-01-26T00:00:00+00:00,2026-02-02T00:00:00+00:00,1447.201125872611,1826.5556316928107,-379.3545058201996,0,night,0,0.0,0,2,0,0,0,0,0,0,0,0,0,0,0,0,0,0,0,0,0,0,0,0,0,0,0,1883.6500829357776,931.8924169395276,1053.6913190111388,2682.2788242863057,17,-0.2588190451025206,-0.9659258262890684,0,0,1,-89.34407861512568,369.2884368357855,1053.0844672548474,684.0517259136807,840,840,0.7853222529521964,0.5761503753116715
A1,roll_03,rf,2026-01-26 18:00:00+00:00,2026-01-26 19:00:00+00:00,0,1,2025-12-08T00:00:00+00:00,2026-01-26T00:00:00+00:00,2026-01-26T00:00:00+00:00,2026-02-02T00:00:00+00:00,1800.8310691792778,1595.8393925023515,204.99167667692632,0,night,0,0.0,0,2,0,0,0,0,0,0,0,0,0,0,0,0,0,0,0,0,0,0,0,0,0,0,0,1098.2935032161668,2682.2788242863057,1042.3809986754163,1447.201125872611,18,-1.8369701987210287e-16,-1.0,0,0,1,-89.34407861512568,369.2884368357855,1053.0844672548474,684.0517259136807,840,840,0.7970348538774765,1.0931141222188618
A1,roll_03,rf,2026-01-26 19:00:00+00:00,2026-01-26 20:00:00+00:00,0,1,2025-12-08T00:00:00+00:00,2026-01-26T00:00:00+00:00,2026-01-26T00:00:00+00:00,2026-02-02T00:00:00+00:00,1879.5046675005,1305.71813780531,573.7865296951902,0,night,0,0.0,0,2,0,0,0,0,0,0,0,0,0,0,0,0,0,0,0,0,0,0,0,0,0,0,0,1096.4852710823889,1447.201125872611,849.7813898698611,1800.8310691792778,19,0.2588190451025203,-0.9659258262890684,0,0,1,-89.34407861512568,369.2884368357855,1053.0844672548474,684.0517259136807,840,840,1.7956982731230104,1.2081253053514514
A1,roll_03,rf,2026-01-26 20:00:00+00:00,2026-01-26 21:00:00+00:00,0,1,2025-12-08T00:00:00+00:00,2026-01-26T00:00:00+00:00,2026-01-26T00:00:00+00:00,2026-02-02T00:00:00+00:00,982.8754678472778,1362.8418406411436,-379.9663727938657,0,night,0,0.0,0,1,0,0,0,0,0,0,0,0,0,0,0,0,0,0,0,0,0,0,0,0,0,0,0,852.2087300646944,1800.8310691792778,739.4192231492499,1879.5046675005,20,0.5000000000000001,-0.8660254037844386,0,0,1,-89.34407861512568,369.2884368357855,1053.0844672548474,684.0517259136807,840,840,0.786979133895745,0.10263697429283161
A1,roll_03,rf,2026-01-26 21:00:00+00:00,2026-01-26 22:00:00+00:00,0,1,2025-12-08T00:00:00+00:00,2026-01-26T00:00:00+00:00,2026-01-26T00:00:00+00:00,2026-02-02T00:00:00+00:00,411.4689791798889,807.0881651919334,-395.6191860120445,0,night,0,0.0,0,1,0,0,0,0,0,0,0,0,0,0,0,0,0,0,0,0,0,0,0,0,0,0,0,568.0186646560555,1879.5046675005,575.8166761095833,982.8754678472778,21,0.7071067811865474,-0.7071067811865477,0,0,1,-89.34407861512568,369.2884368357855,1053.0844672548474,684.0517259136807,840,840,0.829365549653299,0.9379634079834523
A1,roll_03,rf,2026-01-26 22:00:00+00:00,2026-01-26 23:00:00+00:00,0,1,2025-12-08T00:00:00+00:00,2026-01-26T00:00:00+00:00,2026-01-26T00:00:00+00:00,2026-02-02T00:00:00+00:00,370.9779513775556,414.1203891945343,-43.14243781697871,0,night,0,0.0,0,1,0,0,0,0,0,0,0,0,0,0,0,0,0,0,0,0,0,0,0,0,0,0,0,461.19813976011113,982.8754678472778,367.5400825782778,411.4689791798889,22,0.8660254037844384,-0.5000000000000004,0,0,1,-89.34407861512568,369.2884368357855,1053.0844672548474,684.0517259136807,840,840,0.12510990377608772,0.9971563407229318
A1,roll_03,rf,2026-01-26 23:00:00+00:00,2026-01-27 00:00:00+00:00,0,1,2025-12-08T00:00:00+00:00,2026-01-26T00:00:00+00:00,2026-01-26T00:00:00+00:00,2026-02-02T00:00:00+00:00,389.13017225908334,383.2293812417622,5.900791017321126,0,night,0,0.0,0,1,0,0,0,0,0,0,0,0,0,0,0,0,0,0,0,0,0,0,0,0,0,0,0,356.1728901926111,411.4689791798889,401.8299940770556,370.9779513775556,23,0.965925826289068,-0.2588190451025215,0,0,1,-89.34407861512568,369.2884368357855,1053.0844672548474,684.0517259136807,840,840,0.2579145733577359,0.9706200128490682
A1,roll_03,rf,2026-01-27 00:00:00+00:00,2026-01-27 01:00:00+00:00,0,1,2025-12-08T00:00:00+00:00,2026-01-26T00:00:00+00:00,2026-01-26T00:00:00+00:00,2026-02-02T00:00:00+00:00,376.84390502849993,384.6175388939981,-7.773633865498198,0,night,0,0.0,0,1,0,0,0,0,0,0,0,0,0,0,0,0,0,0,0,0,0,0,0,0,0,0,1,357.6195414715833,370.9779513775556,369.4281183008611,389.13017225908334,0,1.0,0.0,0,0,1,-89.34407861512568,369.2884368357855,1053.0844672548474,684.0517259136807,840,840,0.22088545595566558,0.9885810335806113
A1,roll_03,rf,2026-01-27 01:00:00+00:00,2026-01-27 02:00:00+00:00,0,1,2025-12-08T00:00:00+00:00,2026-01-26T00:00:00+00:00,2026-01-26T00:00:00+00:00,2026-02-02T00:00:00+00:00,378.1934371171667,383.5362417582083,-5.342804641041596,0,night,0,0.0,0,1,0,1,1,0,3,0,0,0,1,0,1,0,1,0,0,0,1,0,0,0,0,0,1,383.7339380009167,389.13017225908334,418.7639288361667,376.84390502849993,1,0.9659258262890684,0.2588190451025207,0,0,1,-89.34407861512568,369.2884368357855,1053.0844672548474,684.0517259136807,840,840,0.22746792370170427,0.9866081826432582
A1,roll_03,rf,2026-01-27 02:00:00+00:00,2026-01-27 03:00:00+00:00,0,1,2025-12-08T00:00:00+00:00,2026-01-26T00:00:00+00:00,2026-01-26T00:00:00+00:00,2026-02-02T00:00:00+00:00,391.1898017904167,383.242785158224,7.947016632192742,0,night,0,0.0,0,1,0,1,1,0,3,0,0,0,1,0,1,0,1,0,0,0,1,0,0,0,0,0,1,363.2547627211111,376.84390502849993,391.5396551361389,378.1934371171667,2,0.8660254037844387,0.4999999999999999,0,0,1,-89.34407861512568,369.2884368357855,1053.0844672548474,684.0517259136807,840,840,0.2634555689881556,0.9676090862578337
A1,roll_03,rf,2026-01-27 03:00:00+00:00,2026-01-27 04:00:00+00:00,0,1,2025-12-08T00:00:00+00:00,2026-01-26T00:00:00+00:00,2026-01-26T00:00:00+00:00,2026-02-02T00:00:00+00:00,949.6719199514168,1000.2996287871222,-50.62770883570533,0,night,0,0.0,0,1,0,1,1,0,3,0,0,0,1,0,1,0,1,0,0,0,1,0,0,0,0,0,1,365.0164142213889,378.1934371171667,371.4401780996666,391.1898017904167,3,0.7071067811865476,0.7071067811865476,0,0,1,-89.34407861512568,369.2884368357855,1053.0844672548474,684.0517259136807,840,840,0.10484046051145836,0.15117650228175872
A1,roll_03,rf,2026-01-27 04:00:00+00:00,2026-01-27 05:00:00+00:00,0,1,2025-12-08T00:00:00+00:00,2026-01-26T00:00:00+00:00,2026-01-26T00:00:00+00:00,2026-02-02T00:00:00+00:00,1868.492211110528,1699.23386293525,169.2583481752779,0,night,0,0.0,0,1,0,0,0,0,0,0,0,0,0,0,0,0,0,0,0,0,0,0,0,0,0,0,1,1039.7831993372222,391.1898017904167,1028.218939733639,949.6719199514168,4,0.5000000000000001,0.8660254037844386,0,0,1,-89.34407861512568,369.2884368357855,1053.0844672548474,684.0517259136807,840,840,0.7002722018761677,1.192026440349301
A1,roll_03,rf,2026-01-27 05:00:00+00:00,2026-01-27 06:00:00+00:00,0,1,2025-12-08T00:00:00+00:00,2026-01-26T00:00:00+00:00,2026-01-26T00:00:00+00:00,2026-02-02T00:00:00+00:00,1857.5546669058888,2105.2551292676253,-247.70046236173653,0,night,0,0.0,0,1,0,0,0,0,0,0,0,0,0,0,0,0,0,0,0,0,0,0,0,0,0,0,1,1994.0688999676115,949.6719199514168,2114.055589798917,1868.492211110528,5,0.2588190451025207,0.9659258262890684,0,0,1,-89.34407861512568,369.2884368357855,1053.0844672548474,684.0517259136807,840,840,0.4288148990081389,1.1760370878043163
A1,roll_03,rf,2026-01-27 06:00:00+00:00,2026-01-27 07:00:00+00:00,0,1,2025-12-08T00:00:00+00:00,2026-01-26T00:00:00+00:00,2026-01-26T00:00:00+00:00,2026-02-02T00:00:00+00:00,1526.8297823245,1697.2602936040994,-170.4305112795994,0,night,0,0.0,0,1,0,0,0,0,0,0,0,0,0,0,0,0,0,0,0,0,0,0,0,0,0,0,1,2029.167694873528,1868.492211110528,2600.770309974528,1857.5546669058888,6,6.123233995736766e-17,1.0,0,0,1,-89.34407861512568,369.2884368357855,1053.0844672548474,684.0517259136807,840,840,0.21957479459485776,0.6925577366782841
A1,roll_03,rf,2026-01-27 07:00:00+00:00,2026-01-27 08:00:00+00:00,0,1,2025-12-08T00:00:00+00:00,2026-01-26T00:00:00+00:00,2026-01-26T00:00:00+00:00,2026-02-02T00:00:00+00:00,1412.669924658583,1495.204874900964,-82.53495024238077,1,low,0,0.0,0,1,0,0,0,0,0,0,0,0,0,0,0,0,0,0,0,0,0,0,0,0,0,0,1,2071.0094555605,1857.5546669058888,2010.6085535996945,1526.8297823245,7,-0.2588190451025206,0.9659258262890684,0,0,1,-89.34407861512568,369.2884368357855,1053.0844672548474,684.0517259136807,840,840,0.018438509559325245,0.5256699804732474
A1,roll_03,rf,2026-01-27 08:00:00+00:00,2026-01-27 09:00:00+00:00,0,1,2025-12-08T00:00:00+00:00,2026-01-26T00:00:00+00:00,2026-01-26T00:00:00+00:00,2026-02-02T00:00:00+00:00,1534.4343933593334,1201.803001612274,332.6313917470593,1,med,0,0.0,0,1,0,0,0,0,0,0,0,0,0,0,0,0,0,0,0,0,0,0,0,0,0,0,1,1907.5549124286945,1526.8297823245,1665.4681254328334,1412.669924658583,8,-0.4999999999999998,0.8660254037844387,0,0,1,-89.34407861512568,369.2884368357855,1053.0844672548474,684.0517259136807,840,840,1.1426717662157082,0.7036747483701645
A1,roll_03,rf,2026-01-27 09:00:00+00:00,2026-01-27 10:00:00+00:00,0,1,2025-12-08T00:00:00+00:00,2026-01-26T00:00:00+00:00,2026-01-26T00:00:00+00:00,2026-02-02T00:00:00+00:00,1156.7474213855278,1091.4908988982245,65.2565224873033,1,med,0,0.0,0,1,0,0,0,0,0,0,0,0,0,0,0,0,0,0,0,0,0,0,0,0,0,0,1,720.9783473233889,1412.669924658583,1007.3270680508888,1534.4343933593334,9,-0.7071067811865475,0.7071067811865476,0,0,1,-89.34407861512568,369.2884368357855,1053.0844672548474,684.0517259136807,840,840,0.41864457611267286,0.15154256645170933
A1,roll_03,rf,2026-01-27 10:00:00+00:00,2026-01-27 11:00:00+00:00,0,1,2025-12-08T00:00:00+00:00,2026-01-26T00:00:00+00:00,2026-01-26T00:00:00+00:00,2026-02-02T00:00:00+00:00,339.89285018286114,1114.390361548311,-774.4975113654498,1,med,0,0.0,0,2,0,0,0,0,0,0,0,0,0,0,0,0,0,0,0,0,0,0,0,0,0,0,1,151.7976551743889,1534.4343933593334,-569.4865977234444,1156.7474213855278,10,-0.8660254037844387,0.4999999999999999,0,0,1,-89.34407861512568,369.2884368357855,1053.0844672548474,684.0517259136807,840,840,1.85533410853857,1.0425989586085522
A1,roll_03,rf,2026-01-27 11:00:00+00:00,2026-01-27 12:00:00+00:00,0,1,2025-12-08T00:00:00+00:00,2026-01-26T00:00:00+00:00,2026-01-26T00:00:00+00:00,2026-02-02T00:00:00+00:00,1030.8584088937498,459.3967215137712,571.4616873799786,1,med,0,0.0,0,2,0,0,0,0,0,0,0,0,0,0,0,0,0,0,0,0,0,0,0,0,0,0,1,787.0186959797501,1156.7474213855278,-741.4332030484165,339.89285018286114,11,-0.9659258262890682,0.258819045102521,0,0,1,-89.34407861512568,369.2884368357855,1053.0844672548474,684.0517259136807,840,840,1.7894028084311508,0.03249178025449822
A1,roll_03,rf,2026-01-27 12:00:00+00:00,2026-01-27 13:00:00+00:00,0,1,2025-12-08T00:00:00+00:00,2026-01-26T00:00:00+00:00,2026-01-26T00:00:00+00:00,2026-02-02T00:00:00+00:00,1307.5905215424166,1024.9821917583454,282.6083297840712,1,low,0,0.0,0,2,0,0,0,0,0,0,0,0,0,0,0,0,0,0,0,0,0,0,0,0,0,0,1,-140.12853059388888,339.89285018286114,-1079.799870834083,1030.8584088937498,12,-1.0,1.2246467991473532e-16,0,0,1,-89.34407861512568,369.2884368357855,1053.0844672548474,684.0517259136807,840,840,1.0072137963111907,0.3720567387614265
A1,roll_03,rf,2026-01-27 13:00:00+00:00,2026-01-27 14:00:00+00:00,0,1,2025-12-08T00:00:00+00:00,2026-01-26T00:00:00+00:00,2026-01-26T00:00:00+00:00,2026-02-02T00:00:00+00:00,899.1258070269446,1517.0635160036768,-617.9377089767322,1,low,0,0.0,0,2,0,0,0,0,0,0,0,0,0,0,0,0,0,0,0,0,0,0,0,0,0,0,1,90.30469802694444,1030.8584088937498,94.50215176250003,1307.5905215424166,13,-0.9659258262890684,-0.2588190451025208,0,0,1,-89.34407861512568,369.2884368357855,1053.0844672548474,684.0517259136807,840,840,1.431384190880205,0.22506874026560172
A1,roll_03,rf,2026-01-27 14:00:00+00:00,2026-01-27 15:00:00+00:00,0,1,2025-12-08T00:00:00+00:00,2026-01-26T00:00:00+00:00,2026-01-26T00:00:00+00:00,2026-02-02T00:00:00+00:00,1560.9848600250834,964.7941625824344,596.190697442649,1,low,0,0.0,0,2,0,0,0,0,0,0,0,0,0,0,0,0,0,0,0,0,0,0,0,0,0,0,1,1579.226911155389,1307.5905215424166,-184.2188756273056,899.1258070269446,14,-0.8660254037844388,-0.4999999999999997,0,0,1,-89.34407861512568,369.2884368357855,1053.0844672548474,684.0517259136807,840,840,1.8563667520481208,0.7424882849200313
A1,roll_03,rf,2026-01-27 15:00:00+00:00,2026-01-27 16:00:00+00:00,0,1,2025-12-08T00:00:00+00:00,2026-01-26T00:00:00+00:00,2026-01-26T00:00:00+00:00,2026-02-02T00:00:00+00:00,1794.9346924112222,1645.7766575124456,149.15803489877658,1,night,0,0.0,0,2,0,0,0,0,0,0,0,0,0,0,0,0,0,0,0,0,0,0,0,0,0,0,1,1514.7609178625555,899.1258070269446,297.8340901346389,1560.9848600250834,15,-0.7071067811865479,-0.7071067811865471,0,0,1,-89.34407861512568,369.2884368357855,1053.0844672548474,684.0517259136807,840,840,0.6458423544411138,1.0844943401984597
A1,roll_03,rf,2026-01-27 16:00:00+00:00,2026-01-27 17:00:00+00:00,0,1,2025-12-08T00:00:00+00:00,2026-01-26T00:00:00+00:00,2026-01-26T00:00:00+00:00,2026-02-02T00:00:00+00:00,843.3756644045833,1850.611260767673,-1007.2355963630896,0,night,0,0.0,0,2,0,0,0,0,0,0,0,0,0,0,0,0,0,0,0,0,0,0,0,0,0,0,1,1201.4197669487778,1560.9848600250834,931.8924169395276,1794.9346924112222,16,-0.5000000000000004,-0.8660254037844385,0,0,1,-89.34407861512568,369.2884368357855,1053.0844672548474,684.0517259136807,840,840,2.4855679901944243,0.30656863349063
A1,roll_03,rf,2026-01-27 17:00:00+00:00,2026-01-27 18:00:00+00:00,0,1,2025-12-08T00:00:00+00:00,2026-01-26T00:00:00+00:00,2026-01-26T00:00:00+00:00,2026-02-02T00:00:00+00:00,973.197521312722,1542.8659391259232,-569.6684178132012,0,night,0,0.0,0,2,0,0,0,0,0,0,0,0,0,0,0,0,0,0,0,0,0,0,0,0,0,0,1,753.0024936381111,1794.9346924112222,2682.2788242863057,843.3756644045833,17,-0.2588190451025206,-0.9659258262890684,0,0,1,-89.34407861512568,369.2884368357855,1053.0844672548474,684.0517259136807,840,840,1.3006752751688928,0.11678494902621765
A1,roll_03,rf,2026-01-27 18:00:00+00:00,2026-01-27 19:00:00+00:00,0,1,2025-12-08T00:00:00+00:00,2026-01-26T00:00:00+00:00,2026-01-26T00:00:00+00:00,2026-02-02T00:00:00+00:00,1523.8945169891667,1777.0952234648994,-253.20070647573263,0,night,0,0.0,0,2,0,0,0,0,0,0,0,0,0,0,0,0,0,0,0,0,0,0,0,0,0,0,1,1059.3235259904168,843.3756644045833,1447.201125872611,973.197521312722,18,-1.8369701987210287e-16,-1.0,0,0,1,-89.34407861512568,369.2884368357855,1053.0844672548474,684.0517259136807,840,840,0.44370906726622045,0.6882667375854704
A1,roll_03,rf,2026-01-27 19:00:00+00:00,2026-01-27 20:00:00+00:00,0,1,2025-12-08T00:00:00+00:00,2026-01-26T00:00:00+00:00,2026-01-26T00:00:00+00:00,2026-02-02T00:00:00+00:00,985.6768274591944,968.7479481685804,16.928879290614077,0,night,0,0.0,0,2,0,0,0,0,0,0,0,0,0,0,0,0,0,0,0,0,0,0,0,0,0,0,1,2397.7932220235834,973.197521312722,1800.8310691792778,1523.8945169891667,19,0.2588190451025203,-0.9659258262890684,0,0,1,-89.34407861512568,369.2884368357855,1053.0844672548474,684.0517259136807,840,840,0.2877776483237059,0.09854172899807723
A1,roll_03,rf,2026-01-27 20:00:00+00:00,2026-01-27 21:00:00+00:00,0,1,2025-12-08T00:00:00+00:00,2026-01-26T00:00:00+00:00,2026-01-26T00:00:00+00:00,2026-02-02T00:00:00+00:00,1010.58551608475,1037.9899532346574,-27.40443714990738,0,night,0,0.0,0,2,0,0,0,0,0,0,0,0,0,0,0,0,0,0,0,0,0,0,0,0,0,0,1,1239.3215171065278,1523.8945169891667,1879.5046675005,985.6768274591944,20,0.5000000000000001,-0.8660254037844386,0,0,1,-89.34407861512568,369.2884368357855,1053.0844672548474,684.0517259136807,840,840,0.1677269995127454,0.06212827124050008
A1,roll_03,rf,2026-01-27 21:00:00+00:00,2026-01-27 22:00:00+00:00,0,1,2025-12-08T00:00:00+00:00,2026-01-26T00:00:00+00:00,2026-01-26T00:00:00+00:00,2026-02-02T00:00:00+00:00,469.4664131017777,836.1886752702804,-366.7222621685028,0,night,0,0.0,0,2,0,0,0,0,0,0,0,0,0,0,0,0,0,0,0,0,0,0,0,0,0,0,1,1097.120321607,985.6768274591944,982.8754678472778,1010.58551608475,21,0.7071067811865474,-0.7071067811865477,0,0,1,-89.34407861512568,369.2884368357855,1053.0844672548474,684.0517259136807,840,840,0.7511152689482156,0.853178249603182
A1,roll_03,rf,2026-01-27 22:00:00+00:00,2026-01-27 23:00:00+00:00,0,1,2025-12-08T00:00:00+00:00,2026-01-26T00:00:00+00:00,2026-01-26T00:00:00+00:00,2026-02-02T00:00:00+00:00,1039.222492417361,424.44939323662345,614.7730991807376,0,night,0,0.0,0,2,0,0,0,0,0,0,0,0,0,0,0,0,0,0,0,0,0,0,0,0,0,0,1,532.8753846346667,1010.58551608475,411.4689791798889,469.4664131017777,22,0.8660254037844384,-0.5000000000000004,0,0,1,-89.34407861512568,369.2884368357855,1053.0844672548474,684.0517259136807,840,840,1.9066862310367136,0.020264512627273898
A1,roll_03,rf,2026-01-27 23:00:00+00:00,2026-01-28 00:00:00+00:00,0,1,2025-12-08T00:00:00+00:00,2026-01-26T00:00:00+00:00,2026-01-26T00:00:00+00:00,2026-02-02T00:00:00+00:00,431.1445660605278,859.9861619352938,-428.841595874766,0,night,0,0.0,0,2,0,0,0,0,0,0,0,0,0,0,0,0,0,0,0,0,0,0,0,0,0,0,1,374.928417115,469.4664131017777,370.9779513775556,1039.222492417361,23,0.965925826289068,-0.2588190451025215,0,0,1,-89.34407861512568,369.2884368357855,1053.0844672548474,684.0517259136807,840,840,0.9193288589499148,0.9092001052458439
A1,roll_03,rf,2026-01-28 00:00:00+00:00,2026-01-28 01:00:00+00:00,0,1,2025-12-08T00:00:00+00:00,2026-01-26T00:00:00+00:00,2026-01-26T00:00:00+00:00,2026-02-02T00:00:00+00:00,417.8579242465556,425.8822808900001,-8.024356643444492,0,night,0,0.0,0,2,0,0,0,0,0,0,0,0,0,0,0,0,0,0,0,0,0,0,0,0,0,0,2,373.7627816694167,1039.222492417361,389.13017225908334,431.1445660605278,0,1.0,0.0,0,0,1,-89.34407861512568,369.2884368357855,1053.0844672548474,684.0517259136807,840,840,0.2202065211368703,0.9286235513254884
A1,roll_03,rf,2026-01-28 01:00:00+00:00,2026-01-28 02:00:00+00:00,0,1,2025-12-08T00:00:00+00:00,2026-01-26T00:00:00+00:00,2026-01-26T00:00:00+00:00,2026-02-02T00:00:00+00:00,419.1348331130556,392.7863275292768,26.34850558377883,0,night,0,0.0,0,2,0,0,0,0,0,0,0,0,0,0,0,0,0,0,0,0,0,0,0,0,0,0,2,382.08433273438885,431.1445660605278,376.84390502849993,417.8579242465556,1,0.9659258262890684,0.2588190451025207,0,0,1,-89.34407861512568,369.2884368357855,1053.0844672548474,684.0517259136807,840,840,0.31328515236005205,0.9267568666609706
A1,roll_03,rf,2026-01-28 02:00:00+00:00,2026-01-28 03:00:00+00:00,0,1,2025-12-08T00:00:00+00:00,2026-01-26T00:00:00+00:00,2026-01-26T00:00:00+00:00,2026-02-02T00:00:00+00:00,421.2961618739444,393.9574864152378,27.33867545870657,0,night,0,0.0,0,2,0,1,1,0,1,0,0,0,1,0,1,0,1,0,0,0,1,0,0,0,0,0,2,365.3667726035,417.8579242465556,378.1934371171667,419.1348331130556,2,0.8660254037844387,0.4999999999999999,0,0,1,-89.34407861512568,369.2884368357855,1053.0844672548474,684.0517259136807,840,840,0.3159664436656015,0.9235972682285539
A1,roll_03,rf,2026-01-28 03:00:00+00:00,2026-01-28 04:00:00+00:00,0,1,2025-12-08T00:00:00+00:00,2026-01-26T00:00:00+00:00,2026-01-26T00:00:00+00:00,2026-02-02T00:00:00+00:00,1092.225752789,1038.4072200729586,53.81853271604132,0,night,0,0.0,0,2,0,0,0,0,0,0,0,0,0,0,0,0,0,0,0,0,0,0,0,0,0,0,2,371.9783939987778,419.1348331130556,391.1898017904167,421.2961618739444,3,0.7071067811865476,0.7071067811865476,0,0,1,-89.34407861512568,369.2884368357855,1053.0844672548474,684.0517259136807,840,840,0.3876715246159421,0.057219774545370715
A1,roll_03,rf,2026-01-28 04:00:00+00:00,2026-01-28 05:00:00+00:00,0,1,2025-12-08T00:00:00+00:00,2026-01-26T00:00:00+00:00,2026-01-26T00:00:00+00:00,2026-02-02T00:00:00+00:00,2035.0871509705555,2112.516576644381,-77.42942567382556,0,night,0,0.0,0,2,0,0,0,0,0,0,0,0,0,0,0,0,0,0,0,0,0,0,0,0,0,0,2,1049.641280434889,421.2961618739444,949.6719199514168,1092.225752789,4,0.5000000000000001,0.8660254037844386,0,0,1,-89.34407861512568,369.2884368357855,1053.0844672548474,684.0517259136807,840,840,0.03226381265384246,1.435567876689526
A1,roll_03,rf,2026-01-28 05:00:00+00:00,2026-01-28 06:00:00+00:00,0,1,2025-12-08T00:00:00+00:00,2026-01-26T00:00:00+00:00,2026-01-26T00:00:00+00:00,2026-02-02T00:00:00+00:00,2063.430210569112,2241.0177076446244,-177.58749707551215,0,night,0,0.0,0,2,0,0,0,0,0,0,0,0,0,0,0,0,0,0,0,0,0,0,0,0,0,0,2,2165.628261214222,1092.225752789,1868.492211110528,2035.0871509705555,5,0.2588190451025207,0.9659258262890684,0,0,1,-89.34407861512568,369.2884368357855,1053.0844672548474,684.0517259136807,840,840,0.23895527088931406,1.4770019649680097
A1,roll_03,rf,2026-01-28 06:00:00+00:00,2026-01-28 07:00:00+00:00,0,1,2025-12-08T00:00:00+00:00,2026-01-26T00:00:00+00:00,2026-01-26T00:00:00+00:00,2026-02-02T00:00:00+00:00,1837.9513309886668,1793.1994892010327,44.75184178763402,0,night,0,0.0,0,2,0,0,0,0,0,0,0,0,0,0,0,0,0,0,0,0,0,0,0,0,0,0,2,2007.6322741502224,2035.0871509705555,1857.5546669058888,2063.430210569112,6,6.123233995736766e-17,1.0,0,0,1,-89.34407861512568,369.2884368357855,1053.0844672548474,684.0517259136807,840,840,0.3631197379255859,1.147379407142758
A1,roll_03,rf,2026-01-28 07:00:00+00:00,2026-01-28 08:00:00+00:00,0,1,2025-12-08T00:00:00+00:00,2026-01-26T00:00:00+00:00,2026-01-26T00:00:00+00:00,2026-02-02T00:00:00+00:00,1887.533959910028,1601.1333550927227,286.4006048173053,1,night,0,0.0,0,2,0,0,0,0,0,0,0,0,0,0,0,0,0,0,0,0,0,0,0,0,0,0,2,1787.7926135424725,2063.430210569112,1526.8297823245,1837.9513309886668,7,-0.2588190451025206,0.9659258262890684,0,0,1,-89.34407861512568,369.2884368357855,1053.0844672548474,684.0517259136807,840,840,1.0174829373266199,1.2198631492971022
A1,roll_03,rf,2026-01-28 08:00:00+00:00,2026-01-28 09:00:00+00:00,0,1,2025-12-08T00:00:00+00:00,2026-01-26T00:00:00+00:00,2026-01-26T00:00:00+00:00,2026-02-02T00:00:00+00:00,1927.4843435574169,1586.5331445121512,340.95119904526564,1,night,0,0.0,0,2,0,0,0,0,0,0,0,0,0,0,0,0,0,0,0,0,0,0,0,0,0,0,2,1396.283928898889,1837.9513309886668,1412.669924658583,1887.533959910028,8,-0.4999999999999998,0.8660254037844387,0,0,1,-89.34407861512568,369.2884368357855,1053.0844672548474,684.0517259136807,840,840,1.165201058953639,1.2782657263741901
A1,roll_03,rf,2026-01-28 09:00:00+00:00,2026-01-28 10:00:00+00:00,0,1,2025-12-08T00:00:00+00:00,2026-01-26T00:00:00+00:00,2026-01-26T00:00:00+00:00,2026-02-02T00:00:00+00:00,1864.801970357278,1620.6222589775402,244.17971137973768,1,low,0,0.0,0,2,0,0,0,0,0,0,0,0,0,0,0,0,0,0,0,0,0,0,0,0,0,0,2,1012.9496219223612,1887.533959910028,1534.4343933593334,1927.4843435574169,9,-0.7071067811865475,0.7071067811865476,0,0,1,-89.34407861512568,369.2884368357855,1053.0844672548474,684.0517259136807,840,840,0.9031525407419516,1.186631759488989
A1,roll_03,rf,2026-01-28 10:00:00+00:00,2026-01-28 11:00:00+00:00,0,1,2025-12-08T00:00:00+00:00,2026-01-26T00:00:00+00:00,2026-01-26T00:00:00+00:00,2026-02-02T00:00:00+00:00,3141.5486331360003,1663.1335926224112,1478.415040513589,1,low,0,0.0,0,2,0,0,0,0,0,0,0,0,0,0,0,0,0,0,0,0,0,0,0,0,0,0,2,755.3586427439723,1927.4843435574169,1156.7474213855278,1864.801970357278,10,-0.8660254037844387,0.4999999999999999,0,0,1,-89.34407861512568,369.2884368357855,1053.0844672548474,684.0517259136807,840,840,4.245351228871169,3.053079301995201
A1,roll_03,rf,2026-01-28 11:00:00+00:00,2026-01-28 12:00:00+00:00,0,1,2025-12-08T00:00:00+00:00,2026-01-26T00:00:00+00:00,2026-01-26T00:00:00+00:00,2026-02-02T00:00:00+00:00,3688.242951303472,2114.7095305372195,1573.533420766253,1,low,0,0.0,0,2,0,0,0,0,0,0,0,0,0,0,0,0,0,0,0,0,0,0,0,0,0,0,2,53.140800646916695,1864.801970357278,339.89285018286114,3141.5486331360003,11,-0.9659258262890682,0.258819045102521,0,0,1,-89.34407861512568,369.2884368357855,1053.0844672548474,684.0517259136807,840,840,4.502923280321458,3.852279563404173
A1,roll_03,rf,2026-01-28 12:00:00+00:00,2026-01-28 13:00:00+00:00,0,1,2025-12-08T00:00:00+00:00,2026-01-26T00:00:00+00:00,2026-01-26T00:00:00+00:00,2026-02-02T00:00:00+00:00,2978.0382318605,2962.369304963801,15.668926896699304,1,low,0,0.0,0,2,0,0,0,0,0,0,0,0,0,0,0,0,0,0,0,0,0,0,0,0,0,0,2,-768.0917536371389,3141.5486331360003,1030.8584088937498,3688.242951303472,12,-1.0,1.2246467991473532e-16,0,0,1,-89.34407861512568,369.2884368357855,1053.0844672548474,684.0517259136807,840,840,0.2843658101283089,2.814047083989902
A1,roll_03,rf,2026-01-28 13:00:00+00:00,2026-01-28 14:00:00+00:00,0,1,2025-12-08T00:00:00+00:00,2026-01-26T00:00:00+00:00,2026-01-26T00:00:00+00:00,2026-02-02T00:00:00+00:00,3380.6789978081943,2703.0952627184734,677.5837350897209,1,low,0,0.0,0,2,0,0,0,0,0,0,0,0,0,0,0,0,0,0,0,0,0,0,0,0,0,0,2,452.3195190723055,3688.242951303472,1307.5905215424166,2978.0382318605,13,-0.9659258262890684,-0.2588190451025208,0,0,1,-89.34407861512568,369.2884368357855,1053.0844672548474,684.0517259136807,840,840,2.076771805465121,3.4026586621712025
A1,roll_03,rf,2026-01-28 14:00:00+00:00,2026-01-28 15:00:00+00:00,0,1,2025-12-08T00:00:00+00:00,2026-01-26T00:00:00+00:00,2026-01-26T00:00:00+00:00,2026-02-02T00:00:00+00:00,3872.714778626834,2842.222792561152,1030.491986065682,1,low,0,0.0,0,2,0,0,0,0,0,0,0,0,0,0,0,0,0,0,0,0,0,0,0,0,0,0,2,66.48684730938892,2978.0382318605,899.1258070269446,3380.6789978081943,14,-0.8660254037844388,-0.4999999999999997,0,0,1,-89.34407861512568,369.2884368357855,1053.0844672548474,684.0517259136807,840,840,3.032415729764034,4.121954823819553
A1,roll_03,rf,2026-01-28 15:00:00+00:00,2026-01-28 16:00:00+00:00,0,1,2025-12-08T00:00:00+00:00,2026-01-26T00:00:00+00:00,2026-01-26T00:00:00+00:00,2026-02-02T00:00:00+00:00,3566.8731119283607,2969.291895612446,597.5812163159148,1,night,0,0.0,0,2,0,0,0,0,0,0,0,0,0,0,0,0,0,0,0,0,0,0,0,0,0,0,2,359.87914049975,3380.6789978081943,1560.9848600250834,3872.714778626834,15,-0.7071067811865479,-0.7071067811865471,0,0,1,-89.34407861512568,369.2884368357855,1053.0844672548474,684.0517259136807,840,840,1.8601321525713008,3.6748516953390804
A1,roll_03,rf,2026-01-28 16:00:00+00:00,2026-01-28 17:00:00+00:00,0,1,2025-12-08T00:00:00+00:00,2026-01-26T00:00:00+00:00,2026-01-26T00:00:00+00:00,2026-02-02T00:00:00+00:00,4099.8204709775,2849.256316886544,1250.564154090956,0,night,0,0.0,0,2,0,0,0,0,0,0,0,0,0,0,0,0,0,0,0,0,0,0,0,0,0,0,2,3501.792804637556,3872.714778626834,1794.9346924112222,3566.8731119283607,16,-0.5000000000000004,-0.8660254037844385,0,0,1,-89.34407861512568,369.2884368357855,1053.0844672548474,684.0517259136807,840,840,3.628351443080547,4.453955583041852
A1,roll_03,rf,2026-01-28 17:00:00+00:00,2026-01-28 18:00:00+00:00,0,1,2025-12-08T00:00:00+00:00,2026-01-26T00:00:00+00:00,2026-01-26T00:00:00+00:00,2026-02-02T00:00:00+00:00,3533.490893778889,2972.9419350833573,560.5489586955318,0,night,0,0.0,0,2,0,0,0,0,0,0,0,0,0,0,0,0,0,0,0,0,0,0,0,0,0,0,2,3139.28925536575,3566.8731119283607,843.3756644045833,4099.8204709775,17,-0.2588190451025206,-0.9659258262890684,0,0,1,-89.34407861512568,369.2884368357855,1053.0844672548474,684.0517259136807,840,840,1.759852116895961,3.6260509732812807
A1,roll_03,rf,2026-01-28 18:00:00+00:00,2026-01-28 19:00:00+00:00,0,1,2025-12-08T00:00:00+00:00,2026-01-26T00:00:00+00:00,2026-01-26T00:00:00+00:00,2026-02-02T00:00:00+00:00,4150.093525715889,2891.513376558128,1258.5801491577613,0,night,0,0.0,0,2,0,0,0,0,0,0,0,0,0,0,0,0,0,0,0,0,0,0,0,0,0,0,2,3084.578836987528,4099.8204709775,973.197521312722,3533.490893778889,18,-1.8369701987210287e-16,-1.0,0,0,1,-89.34407861512568,369.2884368357855,1053.0844672548474,684.0517259136807,840,840,3.6500580395163564,4.527448643338191
A1,roll_03,rf,2026-01-28 19:00:00+00:00,2026-01-28 20:00:00+00:00,0,1,2025-12-08T00:00:00+00:00,2026-01-26T00:00:00+00:00,2026-01-26T00:00:00+00:00,2026-02-02T00:00:00+00:00,3498.4065437332224,2973.4880034630314,524.918540270191,0,night,0,0.0,0,2,0,0,0,0,0,0,0,0,0,0,0,0,0,0,0,0,0,0,0,0,0,0,2,3033.668790060889,3533.490893778889,1523.8945169891667,4150.093525715889,19,0.2588190451025203,-0.9659258262890684,0,0,1,-89.34407861512568,369.2884368357855,1053.0844672548474,684.0517259136807,840,840,1.6633681361609105,3.574761942471798
A1,roll_03,rf,2026-01-28 20:00:00+00:00,2026-01-28 21:00:00+00:00,0,1,2025-12-08T00:00:00+00:00,2026-01-26T00:00:00+00:00,2026-01-26T00:00:00+00:00,2026-02-02T00:00:00+00:00,3031.050403281528,2879.7366688517354,151.31373442979248,0,night,0,0.0,0,2,0,0,0,0,0,0,0,0,0,0,0,0,0,0,0,0,0,0,0,0,0,0,2,2886.9925662115,4150.093525715889,985.6768274591944,3498.4065437332224,20,0.5000000000000001,-0.8660254037844386,0,0,1,-89.34407861512568,369.2884368357855,1053.0844672548474,684.0517259136807,840,840,0.6516797956279726,2.891544398027404
A1,roll_03,rf,2026-01-28 21:00:00+00:00,2026-01-28 22:00:00+00:00,0,1,2025-12-08T00:00:00+00:00,2026-01-26T00:00:00+00:00,2026-01-26T00:00:00+00:00,2026-02-02T00:00:00+00:00,880.7419122894444,2764.314068961923,-1883.5721566724787,0,night,0,0.0,0,2,0,0,0,0,0,0,0,0,0,0,0,0,0,0,0,0,0,0,0,0,0,0,2,2551.3509306884166,3498.4065437332224,1010.58551608475,3031.050403281528,21,0.7071067811865474,-0.7071067811865477,0,0,1,-89.34407861512568,369.2884368357855,1053.0844672548474,684.0517259136807,840,840,4.858608878823918,0.25194374699545835
A1,roll_03,rf,2026-01-28 22:00:00+00:00,2026-01-28 23:00:00+00:00,0,1,2025-12-08T00:00:00+00:00,2026-01-26T00:00:00+00:00,2026-01-26T00:00:00+00:00,2026-02-02T00:00:00+00:00,822.8956369502222,1007.248867282681,-184.3532303324588,0,night,0,0.0,0,2,0,0,0,0,0,0,0,0,0,0,0,0,0,0,0,0,0,0,0,0,0,0,2,2388.614872440278,3031.050403281528,469.4664131017777,880.7419122894444,22,0.8660254037844384,-0.5000000000000004,0,0,1,-89.34407861512568,369.2884368357855,1053.0844672548474,684.0517259136807,840,840,0.2572762703631081,0.3365079300065567
A1,roll_03,rf,2026-01-28 23:00:00+00:00,2026-01-29 00:00:00+00:00,0,1,2025-12-08T00:00:00+00:00,2026-01-26T00:00:00+00:00,2026-01-26T00:00:00+00:00,2026-02-02T00:00:00+00:00,934.8170360965556,669.8687178683214,264.94831822823426,0,night,0,0.0,0,2,0,0,0,0,0,0,0,0,0,0,0,0,0,0,0,0,0,0,0,0,0,0,2,1967.8965871302496,880.7419122894444,1039.222492417361,822.8956369502222,23,0.965925826289068,-0.2588190451025215,0,0,1,-89.34407861512568,369.2884368357855,1053.0844672548474,684.0517259136807,840,840,0.9593920672932038,0.1728925265122651
A1,roll_03,rf,2026-01-29 00:00:00+00:00,2026-01-29 01:00:00+00:00,0,1,2025-12-08T00:00:00+00:00,2026-01-26T00:00:00+00:00,2026-01-26T00:00:00+00:00,2026-02-02T00:00:00+00:00,569.0574982047777,766.5086814244232,-197.4511832196455,0,night,0,0.0,0,2,0,0,0,0,0,0,0,0,0,0,0,0,0,0,0,0,0,0,0,0,0,0,3,387.7841801272222,822.8956369502222,431.1445660605278,934.8170360965556,0,1.0,0.0,0,0,1,-89.34407861512568,369.2884368357855,1053.0844672548474,684.0517259136807,840,840,0.29274435325087816,0.7075882578960822
A1,roll_03,rf,2026-01-29 01:00:00+00:00,2026-01-29 02:00:00+00:00,0,1,2025-12-08T00:00:00+00:00,2026-01-26T00:00:00+00:00,2026-01-26T00:00:00+00:00,2026-02-02T00:00:00+00:00,388.6233783748333,477.5340920585351,-88.91071368370183,0,night,0,0.0,0,2,0,0,0,0,0,0,0,0,0,0,0,0,0,0,0,0,0,0,0,0,0,0,3,375.648988568,934.8170360965556,417.8579242465556,569.0574982047777,1,0.9659258262890684,0.2588190451025207,0,0,1,-89.34407861512568,369.2884368357855,1053.0844672548474,684.0517259136807,840,840,0.0011735134063148604,0.9713608835537991
A1,roll_03,rf,2026-01-29 02:00:00+00:00,2026-01-29 03:00:00+00:00,0,1,2025-12-08T00:00:00+00:00,2026-01-26T00:00:00+00:00,2026-01-26T00:00:00+00:00,2026-02-02T00:00:00+00:00,380.9392708019166,390.6919444689108,-9.752673666994212,0,night,0,0.0,0,2,0,0,0,0,0,0,0,0,0,0,0,0,0,0,0,0,0,0,0,0,0,0,3,370.6715177761111,569.0574982047777,419.1348331130556,388.6233783748333,2,0.8660254037844387,0.4999999999999999,0,0,1,-89.34407861512568,369.2884368357855,1053.0844672548474,684.0517259136807,840,840,0.21552639348825328,0.9825941094661425
A1,roll_03,rf,2026-01-29 03:00:00+00:00,2026-01-29 04:00:00+00:00,0,1,2025-12-08T00:00:00+00:00,2026-01-26T00:00:00+00:00,2026-01-26T00:00:00+00:00,2026-02-02T00:00:00+00:00,1044.109589464861,989.780930962913,54.3286585019481,0,night,0,0.0,0,2,0,0,0,0,0,0,0,0,0,0,0,0,0,0,0,0,0,0,0,0,0,0,3,372.0987236639445,388.6233783748333,421.2961618739444,380.9392708019166,3,0.7071067811865476,0.7071067811865476,0,0,1,-89.34407861512568,369.2884368357855,1053.0844672548474,684.0517259136807,840,840,0.3890528995386929,0.013120174176885008
A1,roll_03,rf,2026-01-29 04:00:00+00:00,2026-01-29 05:00:00+00:00,0,1,2025-12-08T00:00:00+00:00,2026-01-26T00:00:00+00:00,2026-01-26T00:00:00+00:00,2026-02-02T00:00:00+00:00,2097.0978272491666,2137.330743453973,-40.23291620480632,0,night,0,0.0,0,2,0,0,0,0,0,0,0,0,0,0,0,0,0,0,0,0,0,0,0,0,0,0,3,1036.0452877571945,380.9392708019166,1092.225752789,1044.109589464861,4,0.5000000000000001,0.8660254037844386,0,0,1,-89.34407861512568,369.2884368357855,1053.0844672548474,684.0517259136807,840,840,0.1329886276188984,1.526219904788401
A1,roll_03,rf,2026-01-29 05:00:00+00:00,2026-01-29 06:00:00+00:00,0,1,2025-12-08T00:00:00+00:00,2026-01-26T00:00:00+00:00,2026-01-26T00:00:00+00:00,2026-02-02T00:00:00+00:00,2101.717697546028,2150.804382419838,-49.0866848738101,0,night,0,0.0,0,2,0,0,0,0,0,0,0,0,0,0,0,0,0,0,0,0,0,0,0,0,0,0,3,1958.2742827319444,1044.109589464861,2035.0871509705555,2097.0978272491666,5,0.2588190451025207,0.9659258262890684,0,0,1,-89.34407861512568,369.2884368357855,1053.0844672548474,684.0517259136807,840,840,0.10901341532991775,1.5329735903970305
A1,roll_03,rf,2026-01-29 06:00:00+00:00,2026-01-29 07:00:00+00:00,0,1,2025-12-08T00:00:00+00:00,2026-01-26T00:00:00+00:00,2026-01-26T00:00:00+00:00,2026-02-02T00:00:00+00:00,1866.4684684137776,1776.8743237420044,89.59414467177317,0,night,0,0.0,0,2,0,0,0,0,0,0,0,0,0,0,0,0,0,0,0,0,0,0,0,0,0,0,3,1980.8106362188057,2097.0978272491666,2063.430210569112,2101.717697546028,6,6.123233995736766e-17,1.0,0,0,1,-89.34407861512568,369.2884368357855,1053.0844672548474,684.0517259136807,840,840,0.48454867642245936,1.1890679759231684
A1,roll_03,rf,2026-01-29 07:00:00+00:00,2026-01-29 08:00:00+00:00,0,1,2025-12-08T00:00:00+00:00,2026-01-26T00:00:00+00:00,2026-01-26T00:00:00+00:00,2026-02-02T00:00:00+00:00,1765.7431687797225,1653.3784429622528,112.36472581746966,1,night,0,0.0,0,2,0,0,0,0,0,0,0,0,0,0,0,0,0,0,0,0,0,0,0,0,0,0,3,1778.5049296098057,2101.717697546028,1837.9513309886668,1866.4684684137776,7,-0.2588190451025206,0.9659258262890684,0,0,1,-89.34407861512568,369.2884368357855,1053.0844672548474,684.0517259136807,840,840,0.5462093700006395,1.0418199012260139
A1,roll_03,rf,2026-01-29 08:00:00+00:00,2026-01-29 09:00:00+00:00,0,1,2025-12-08T00:00:00+00:00,2026-01-26T00:00:00+00:00,2026-01-26T00:00:00+00:00,2026-02-02T00:00:00+00:00,1253.1664777410554,1623.9668207249322,-370.8003429838768,1,low,0,0.0,0,2,0,0,0,0,0,0,0,0,0,0,0,0,0,0,0,0,0,0,0,0,0,0,3,1415.566902312361,1866.4684684137776,1887.533959910028,1765.7431687797225,8,-0.4999999999999998,0.8660254037844387,0,0,1,-89.34407861512568,369.2884368357855,1053.0844672548474,684.0517259136807,840,840,0.762158346414482,0.2924954399010697
A1,roll_03,rf,2026-01-29 09:00:00+00:00,2026-01-29 10:00:00+00:00,0,1,2025-12-08T00:00:00+00:00,2026-01-26T00:00:00+00:00,2026-01-26T00:00:00+00:00,2026-02-02T00:00:00+00:00,948.2308555061112,1315.9441271921814,-367.71327168607024,1,low,0,0.0,0,2,0,0,0,0,0,0,0,0,0,0,0,0,0,0,0,0,0,0,0,0,0,0,3,1170.112685329639,1765.7431687797225,1927.4843435574169,1253.1664777410554,9,-0.7071067811865475,0.7071067811865476,0,0,1,-89.34407861512568,369.2884368357855,1053.0844672548474,684.0517259136807,840,840,0.7537988339308043,0.15328316233495984
A1,roll_03,rf,2026-01-29 10:00:00+00:00,2026-01-29 11:00:00+00:00,0,1,2025-12-08T00:00:00+00:00,2026-01-26T00:00:00+00:00,2026-01-26T00:00:00+00:00,2026-02-02T00:00:00+00:00,1415.7808458588888,779.0143680480843,636.7664778108045,1,low,0,0.0,0,2,0,0,0,0,0,0,0,0,0,0,0,0,0,0,0,0,0,0,0,0,0,0,3,912.1677645943888,1253.1664777410554,1864.801970357278,948.2308555061112,10,-0.8660254037844387,0.4999999999999999,0,0,1,-89.34407861512568,369.2884368357855,1053.0844672548474,684.0517259136807,840,840,1.9662423298371938,0.5302177669672447
A1,roll_03,rf,2026-01-29 11:00:00+00:00,2026-01-29 12:00:00+00:00,0,1,2025-12-08T00:00:00+00:00,2026-01-26T00:00:00+00:00,2026-01-26T00:00:00+00:00,2026-02-02T00:00:00+00:00,347.5551561380278,908.4821527162082,-560.9269965781805,1,low,0,0.0,0,2,0,0,0,0,0,0,0,0,0,0,0,0,0,0,0,0,0,0,0,0,0,0,3,979.6024800058332,948.2308555061112,3141.5486331360003,1415.7808458588888,11,-0.9659258262890682,0.258819045102521,0,0,1,-89.34407861512568,369.2884368357855,1053.0844672548474,684.0517259136807,840,840,1.2770042896652012,1.0313976039961767
A1,roll_03,rf,2026-01-29 12:00:00+00:00,2026-01-29 13:00:00+00:00,0,1,2025-12-08T00:00:00+00:00,2026-01-26T00:00:00+00:00,2026-01-26T00:00:00+00:00,2026-02-02T00:00:00+00:00,-402.3519291878333,822.2439902154791,-1224.5959194033126,1,med,0,0.0,0,2,0,0,0,0,0,0,0,0,0,0,0,0,0,0,0,0,0,0,0,0,0,0,3,926.4931066359444,1415.7808458588888,3688.242951303472,347.5551561380278,12,-1.0,1.2246467991473532e-16,0,0,1,-89.34407861512568,369.2884368357855,1053.0844672548474,684.0517259136807,840,840,3.0741602702632376,2.12767008883527
A1,roll_03,rf,2026-01-29 13:00:00+00:00,2026-01-29 14:00:00+00:00,0,1,2025-12-08T00:00:00+00:00,2026-01-26T00:00:00+00:00,2026-01-26T00:00:00+00:00,2026-02-02T00:00:00+00:00,1092.5960639581945,553.4621385778182,539.1339253803762,1,high,0,0.0,0,2,1,0,0,0,0,0,0,0,0,0,0,0,0,0,0,0,0,0,0,0,0,0,3,-104.81881332361114,347.5551561380278,2978.0382318605,-402.3519291878333,13,-0.9659258262890684,-0.2588190451025208,0,0,1,-89.34407861512568,369.2884368357855,1053.0844672548474,684.0517259136807,840,840,1.701862125390545,0.05776112420529584
A1,roll_03,rf,2026-01-29 14:00:00+00:00,2026-01-29 15:00:00+00:00,0,1,2025-12-08T00:00:00+00:00,2026-01-26T00:00:00+00:00,2026-01-26T00:00:00+00:00,2026-02-02T00:00:00+00:00,462.4739155892223,1363.1091827074688,-900.6352671182465,1,med,0,0.0,0,3,0,0,0,0,0,0,0,0,0,0,0,0,0,0,0,0,0,0,0,0,0,0,3,1036.759236264139,-402.3519291878333,3380.6789978081943,1092.5960639581945,14,-0.8660254037844388,-0.4999999999999997,0,0,1,-89.34407861512568,369.2884368357855,1053.0844672548474,684.0517259136807,840,840,2.1969038496157527,0.8634004261545467
A1,roll_03,rf,2026-01-29 15:00:00+00:00,2026-01-29 16:00:00+00:00,0,1,2025-12-08T00:00:00+00:00,2026-01-26T00:00:00+00:00,2026-01-26T00:00:00+00:00,2026-02-02T00:00:00+00:00,1737.4693776433332,1118.571650045621,618.8977275977122,1,low,0,0.0,0,3,0,0,0,0,0,0,0,0,0,0,0,0,0,0,0,0,0,0,0,0,0,0,3,1095.6600237501943,1092.5960639581945,3872.714778626834,462.4739155892223,15,-0.7071067811865479,-0.7071067811865471,0,0,1,-89.34407861512568,369.2884368357855,1053.0844672548474,684.0517259136807,840,840,1.9178553552376123,1.0004870749713557
A1,roll_03,rf,2026-01-29 16:00:00+00:00,2026-01-29 17:00:00+00:00,0,1,2025-12-08T00:00:00+00:00,2026-01-26T00:00:00+00:00,2026-01-26T00:00:00+00:00,2026-02-02T00:00:00+00:00,2296.247373537611,1661.125979638977,635.1213938986341,0,night,0,0.0,0,2,0,0,0,0,0,0,0,0,0,0,0,0,0,0,0,0,0,0,0,0,0,0,3,2940.7578966023334,462.4739155892223,3566.8731119283607,1737.4693776433332,16,-0.5000000000000004,-0.8660254037844385,0,0,1,-89.34407861512568,369.2884368357855,1053.0844672548474,684.0517259136807,840,840,1.9617875899967965,1.8173521960233112
A1,roll_03,rf,2026-01-29 17:00:00+00:00,2026-01-29 18:00:00+00:00,0,1,2025-12-08T00:00:00+00:00,2026-01-26T00:00:00+00:00,2026-01-26T00:00:00+00:00,2026-02-02T00:00:00+00:00,773.5572774640833,2087.0101155960933,-1313.45283813201,0,night,0,0.0,0,2,0,0,0,0,0,0,0,0,0,0,0,0,0,0,0,0,0,0,0,0,0,0,3,1509.757366554472,1737.4693776433332,4099.8204709775,2296.247373537611,17,-0.2588190451025206,-0.9659258262890684,0,0,1,-89.34407861512568,369.2884368357855,1053.0844672548474,684.0517259136807,840,840,3.314776844911661,0.40863458010781645
A1,roll_03,rf,2026-01-29 18:00:00+00:00,2026-01-29 19:00:00+00:00,0,1,2025-12-08T00:00:00+00:00,2026-01-26T00:00:00+00:00,2026-01-26T00:00:00+00:00,2026-02-02T00:00:00+00:00,2461.1030846526387,1593.513377119484,867.5897075331548,0,night,0,0.0,0,2,0,0,0,0,0,0,0,0,0,0,0,0,0,0,0,0,0,0,0,0,0,0,3,1902.4201895734168,2296.247373537611,3533.490893778889,773.5572774640833,18,-1.8369701987210287e-16,-1.0,0,0,1,-89.34407861512568,369.2884368357855,1053.0844672548474,684.0517259136807,840,840,2.591290954971894,2.0583510925538793
A1,roll_03,rf,2026-01-29 19:00:00+00:00,2026-01-29 20:00:00+00:00,0,1,2025-12-08T00:00:00+00:00,2026-01-26T00:00:00+00:00,2026-01-26T00:00:00+00:00,2026-02-02T00:00:00+00:00,738.0341406504722,1736.1937481840275,-998.1596075335552,0,night,0,0.0,0,1,0,0,0,0,0,0,0,0,0,0,0,0,0,0,0,0,0,0,0,0,0,0,3,1073.8756977925275,773.5572774640833,4150.093525715889,2461.1030846526387,19,0.2588190451025203,-0.9659258262890684,0,0,1,-89.34407861512568,369.2884368357855,1053.0844672548474,684.0517259136807,840,840,2.460991025620875,0.46056506353165877
A1,roll_03,rf,2026-01-29 20:00:00+00:00,2026-01-29 21:00:00+00:00,0,1,2025-12-08T00:00:00+00:00,2026-01-26T00:00:00+00:00,2026-01-26T00:00:00+00:00,2026-02-02T00:00:00+00:00,1046.6185902225832,1261.958489002228,-215.33989877964476,0,night,0,0.0,0,1,0,0,0,0,0,0,0,0,0,0,0,0,0,0,0,0,0,0,0,0,0,0,3,1112.6407676563056,2461.1030846526387,3498.4065437332224,738.0341406504722,20,0.5000000000000001,-0.8660254037844386,0,0,1,-89.34407861512568,369.2884368357855,1053.0844672548474,684.0517259136807,840,840,0.34118539222105854,0.009452321786963968
A1,roll_03,rf,2026-01-29 21:00:00+00:00,2026-01-29 22:00:00+00:00,0,1,2025-12-08T00:00:00+00:00,2026-01-26T00:00:00+00:00,2026-01-26T00:00:00+00:00,2026-02-02T00:00:00+00:00,366.5958732328333,749.4968525186763,-382.900979285843,0,night,0,0.0,0,1,0,0,0,0,0,0,0,0,0,0,0,0,0,0,0,0,0,0,0,0,0,0,3,565.8491807108888,738.0341406504722,3031.050403281528,1046.6185902225832,21,0.7071067811865474,-0.7071067811865477,0,0,1,-89.34407861512568,369.2884368357855,1053.0844672548474,684.0517259136807,840,840,0.79492578534555,1.003562403274516
A1,roll_03,rf,2026-01-29 22:00:00+00:00,2026-01-29 23:00:00+00:00,0,1,2025-12-08T00:00:00+00:00,2026-01-26T00:00:00+00:00,2026-01-26T00:00:00+00:00,2026-02-02T00:00:00+00:00,363.3738909241667,427.54436062011575,-64.17046969594907,0,night,0,0.0,0,1,0,1,1,0,2,0,0,0,1,0,1,0,1,0,0,0,1,0,0,0,0,0,3,473.87890895927785,1046.6185902225832,880.7419122894444,366.5958732328333,22,0.8660254037844384,-0.5000000000000004,0,0,1,-89.34407861512568,369.2884368357855,1053.0844672548474,684.0517259136807,840,840,0.0681678774858872,1.0082725475320473
A1,roll_03,rf,2026-01-29 23:00:00+00:00,2026-01-30 00:00:00+00:00,0,1,2025-12-08T00:00:00+00:00,2026-01-26T00:00:00+00:00,2026-01-26T00:00:00+00:00,2026-02-02T00:00:00+00:00,372.9620775262778,408.2388875581297,-35.276810031851824,0,night,0,0.0,0,1,0,1,1,0,2,0,0,0,1,0,1,0,1,0,0,0,1,0,0,0,0,0,3,367.6513029880277,366.5958732328333,822.8956369502222,363.3738909241667,23,0.965925826289068,-0.2588190451025215,0,0,1,-89.34407861512568,369.2884368357855,1053.0844672548474,684.0517259136807,840,840,0.14640931908549412,0.9942557908470111
A1,roll_03,rf,2026-01-30 00:00:00+00:00,2026-01-30 01:00:00+00:00,0,1,2025-12-08T00:00:00+00:00,2026-01-26T00:00:00+00:00,2026-01-26T00:00:00+00:00,2026-02-02T00:00:00+00:00,407.8405305781389,429.7035038745027,-21.862973296363805,0,night,0,0.0,0,1,0,0,0,0,0,0,0,0,0,0,0,0,0,0,0,0,0,0,0,0,0,0,4,367.96108710394446,363.3738909241667,934.8170360965556,372.9620775262778,0,1.0,0.0,0,0,1,-89.34407861512568,369.2884368357855,1053.0844672548474,684.0517259136807,840,840,0.1827327871323771,0.9432677562721781
A1,roll_03,rf,2026-01-30 01:00:00+00:00,2026-01-30 02:00:00+00:00,0,1,2025-12-08T00:00:00+00:00,2026-01-26T00:00:00+00:00,2026-01-26T00:00:00+00:00,2026-02-02T00:00:00+00:00,371.0950655588056,388.753298062436,-17.658232503630472,0,night,0,0.0,0,1,0,0,0,0,0,0,0,0,0,0,0,0,0,0,0,0,0,0,0,0,0,0,4,369.3633806425278,372.9620775262778,569.0574982047777,407.8405305781389,1,0.9659258262890684,0.2588190451025207,0,0,1,-89.34407861512568,369.2884368357855,1053.0844672548474,684.0517259136807,840,840,0.19411884846904193,0.9969851341068042
A1,roll_03,rf,2026-01-30 02:00:00+00:00,2026-01-30 03:00:00+00:00,0,1,2025-12-08T00:00:00+00:00,2026-01-26T00:00:00+00:00,2026-01-26T00:00:00+00:00,2026-02-02T00:00:00+00:00,377.9953876609166,382.5782436507496,-4.582855989832979,0,night,0,0.0,0,1,0,0,0,0,0,0,0,0,0,0,0,0,0,0,0,0,0,0,0,0,0,0,4,364.6717208964722,407.8405305781389,388.6233783748333,371.0950655588056,2,0.8660254037844387,0.4999999999999999,0,0,1,-89.34407861512568,369.2884368357855,1053.0844672548474,684.0517259136807,840,840,0.22952579656043812,0.9868977067373399
A1,roll_03,rf,2026-01-30 03:00:00+00:00,2026-01-30 04:00:00+00:00,0,1,2025-12-08T00:00:00+00:00,2026-01-26T00:00:00+00:00,2026-01-26T00:00:00+00:00,2026-02-02T00:00:00+00:00,1042.5099112287778,923.200327816786,119.30958341199177,0,night,0,0.0,0,1,0,0,0,0,0,0,0,0,0,0,0,0,0,0,0,0,0,0,0,0,0,0,4,368.5853674459444,371.0950655588056,380.9392708019166,377.9953876609166,3,0.7071067811865476,0.7071067811865476,0,0,1,-89.34407861512568,369.2884368357855,1053.0844672548474,684.0517259136807,840,840,0.5650154221316742,0.01545870820213959
A1,roll_03,rf,2026-01-30 04:00:00+00:00,2026-01-30 05:00:00+00:00,0,1,2025-12-08T00:00:00+00:00,2026-01-26T00:00:00+00:00,2026-01-26T00:00:00+00:00,2026-02-02T00:00:00+00:00,2043.280496847389,2141.6535244788797,-98.37302763149025,0,night,0,0.0,0,1,0,0,0,0,0,0,0,0,0,0,0,0,0,0,0,0,0,0,0,0,0,0,4,1077.5376334153334,377.9953876609166,1044.109589464861,1042.5099112287778,4,0.5000000000000001,0.8660254037844386,0,0,1,-89.34407861512568,369.2884368357855,1053.0844672548474,684.0517259136807,840,840,0.024449584974087724,1.44754554674933
A1,roll_03,rf,2026-01-30 05:00:00+00:00,2026-01-30 06:00:00+00:00,0,1,2025-12-08T00:00:00+00:00,2026-01-26T00:00:00+00:00,2026-01-26T00:00:00+00:00,2026-02-02T00:00:00+00:00,2356.0469720826945,2195.4780593457926,160.5689127369019,0,night,0,0.0,0,1,0,0,0,0,0,0,0,0,0,0,0,0,0,0,0,0,0,0,0,0,0,0,4,2595.650702010778,1042.5099112287778,2097.0978272491666,2043.280496847389,5,0.2588190451025207,0.9659258262890684,0,0,1,-89.34407861512568,369.2884368357855,1053.0844672548474,684.0517259136807,840,840,0.6767419892520448,1.9047718987734354
A1,roll_03,rf,2026-01-30 06:00:00+00:00,2026-01-30 07:00:00+00:00,0,1,2025-12-08T00:00:00+00:00,2026-01-26T00:00:00+00:00,2026-01-26T00:00:00+00:00,2026-02-02T00:00:00+00:00,2415.724502125278,2036.9457791681364,378.7787229571416,0,night,0,0.0,0,1,0,0,0,0,0,0,0,0,0,0,0,0,0,0,0,0,0,0,0,0,0,0,4,2229.0674939791948,2043.280496847389,2101.717697546028,2356.0469720826945,6,6.123233995736766e-17,1.0,0,0,1,-89.34407861512568,369.2884368357855,1053.0844672548474,684.0517259136807,840,840,1.2676346044932658,1.9920131522954154
A1,roll_03,rf,2026-01-30 07:00:00+00:00,2026-01-30 08:00:00+00:00,0,1,2025-12-08T00:00:00+00:00,2026-01-26T00:00:00+00:00,2026-01-26T00:00:00+00:00,2026-02-02T00:00:00+00:00,2088.875723270194,1915.2309495882157,173.6447736819789,1,night,0,0.0,0,2,0,0,0,0,0,0,0,0,0,0,0,0,0,0,0,0,0,0,0,0,0,0,4,1956.5605310417773,2356.0469720826945,1866.4684684137776,2415.724502125278,7,-0.2588190451025206,0.9659258262890684,0,0,1,-89.34407861512568,369.2884368357855,1053.0844672548474,684.0517259136807,840,840,0.7121502491399426,1.5142001938988625
A1,roll_03,rf,2026-01-30 08:00:00+00:00,2026-01-30 09:00:00+00:00,0,1,2025-12-08T00:00:00+00:00,2026-01-26T00:00:00+00:00,2026-01-26T00:00:00+00:00,2026-02-02T00:00:00+00:00,1376.5848081650277,1780.2528962400982,-403.6680880750705,1,low,0,0.0,0,2,0,0,0,0,0,0,0,0,0,0,0,0,0,0,0,0,0,0,0,0,0,0,4,1820.3555307953327,2415.724502125278,1765.7431687797225,2088.875723270194,8,-0.4999999999999998,0.8660254037844387,0,0,1,-89.34407861512568,369.2884368357855,1053.0844672548474,684.0517259136807,840,840,0.8511612552865224,0.47291795145766835
A1,roll_03,rf,2026-01-30 09:00:00+00:00,2026-01-30 10:00:00+00:00,0,1,2025-12-08T00:00:00+00:00,2026-01-26T00:00:00+00:00,2026-01-26T00:00:00+00:00,2026-02-02T00:00:00+00:00,637.5708449115556,1562.5650879470636,-924.994243035508,1,med,0,0.0,0,2,0,0,0,0,0,0,0,0,0,0,0,0,0,0,0,0,0,0,0,0,0,0,4,2016.7762660696944,2088.875723270194,1253.1664777410554,1376.5848081650277,9,-0.7071067811865475,0.7071067811865476,0,0,1,-89.34407861512568,369.2884368357855,1053.0844672548474,684.0517259136807,840,840,2.262865773920719,0.6074301205633165
A1,roll_03,rf,2026-01-30 10:00:00+00:00,2026-01-30 11:00:00+00:00,0,1,2025-12-08T00:00:00+00:00,2026-01-26T00:00:00+00:00,2026-01-26T00:00:00+00:00,2026-02-02T00:00:00+00:00,-1038.640299738972,729.2388198780602,-1767.8791196170323,1,high,0,0.0,0,2,0,0,0,0,0,0,0,0,0,0,0,0,0,0,0,0,0,0,0,0,0,0,4,1936.420994131,1376.5848081650277,948.2308555061112,637.5708449115556,10,-0.8660254037844387,0.4999999999999999,0,0,1,-89.34407861512568,369.2884368357855,1053.0844672548474,684.0517259136807,840,840,4.545322500168925,3.057845902223147
A1,roll_03,rf,2026-01-30 11:00:00+00:00,2026-01-30 12:00:00+00:00,0,1,2025-12-08T00:00:00+00:00,2026-01-26T00:00:00+00:00,2026-01-26T00:00:00+00:00,2026-02-02T00:00:00+00:00,338.58896643852773,-171.60541592547344,510.1943823640012,1,high,0,0.0,0,2,1,0,0,0,0,0,0,0,0,0,0,0,0,0,0,0,0,0,0,0,0,0,4,1576.1195596841944,637.5708449115556,1415.7808458588888,-1038.640299738972,11,-0.9659258262890682,0.258819045102521,0,0,1,-89.34407861512568,369.2884368357855,1053.0844672548474,684.0517259136807,840,840,1.6234964357839579,1.044505077246864
A1,roll_03,rf,2026-01-30 12:00:00+00:00,2026-01-30 13:00:00+00:00,0,1,2025-12-08T00:00:00+00:00,2026-01-26T00:00:00+00:00,2026-01-26T00:00:00+00:00,2026-02-02T00:00:00+00:00,-266.5041079402778,628.2008173764858,-894.7049253167636,1,med,0,0.0,0,3,0,0,0,0,0,0,0,0,0,0,0,0,0,0,0,0,0,0,0,0,0,0,4,1707.01032054225,-1038.640299738972,347.5551561380278,338.58896643852773,12,-1.0,1.2246467991473532e-16,0,0,1,-89.34407861512568,369.2884368357855,1053.0844672548474,684.0517259136807,840,840,2.180845015355204,1.92907718116282
A1,roll_03,rf,2026-01-30 13:00:00+00:00,2026-01-30 14:00:00+00:00,0,1,2025-12-08T00:00:00+00:00,2026-01-26T00:00:00+00:00,2026-01-26T00:00:00+00:00,2026-02-02T00:00:00+00:00,376.1624140875,330.81479750933363,45.34761657816637,1,med,0,0.0,0,3,1,0,0,0,0,0,0,0,0,0,0,0,0,0,0,0,0,0,0,0,0,0,4,2214.146590013028,338.58896643852773,-402.3519291878333,-266.5041079402778,13,-0.9659258262890684,-0.2588190451025208,0,0,1,-89.34407861512568,369.2884368357855,1053.0844672548474,684.0517259136807,840,840,0.36473304267901163,0.9895772900261157
A1,roll_03,rf,2026-01-30 14:00:00+00:00,2026-01-30 15:00:00+00:00,0,1,2025-12-08T00:00:00+00:00,2026-01-26T00:00:00+00:00,2026-01-26T00:00:00+00:00,2026-02-02T00:00:00+00:00,1082.7555175266666,1122.7180545438175,-39.96253701715091,1,med,0,0.0,0,2,0,0,0,0,0,0,0,0,0,0,0,0,0,0,0,0,0,0,0,0,0,0,4,2195.8262186153333,-266.5041079402778,1092.5960639581945,376.1624140875,14,-0.8660254037844388,-0.4999999999999997,0,0,1,-89.34407861512568,369.2884368357855,1053.0844672548474,684.0517259136807,840,840,0.13372079023404046,0.04337544829988979
A1,roll_03,rf,2026-01-30 15:00:00+00:00,2026-01-30 16:00:00+00:00,0,1,2025-12-08T00:00:00+00:00,2026-01-26T00:00:00+00:00,2026-01-26T00:00:00+00:00,2026-02-02T00:00:00+00:00,1956.864773614972,1362.1825558406597,594.6822177743122,1,low,0,0.0,0,2,0,0,0,0,0,0,0,0,0,0,0,0,0,0,0,0,0,0,0,0,0,0,4,2527.9803929520835,376.1624140875,462.4739155892223,1082.7555175266666,15,-0.7071067811865479,-0.7071067811865471,0,0,1,-89.34407861512568,369.2884368357855,1053.0844672548474,684.0517259136807,840,840,1.8522819242607629,1.3212163234482812
A1,roll_03,rf,2026-01-30 16:00:00+00:00,2026-01-30 17:00:00+00:00,0,1,2025-12-08T00:00:00+00:00,2026-01-26T00:00:00+00:00,2026-01-26T00:00:00+00:00,2026-02-02T00:00:00+00:00,2558.768179305,1496.8003406522794,1061.9678386527207,0,night,0,0.0,0,2,0,0,0,0,0,0,0,0,0,0,0,0,0,0,0,0,0,0,0,0,0,0,4,2048.975809514583,1082.7555175266666,1737.4693776433332,1956.864773614972,16,-0.5000000000000004,-0.8660254037844385,0,0,1,-89.34407861512568,369.2884368357855,1053.0844672548474,684.0517259136807,840,840,3.117649518443519,2.2011255216687404
A1,roll_03,rf,2026-01-30 17:00:00+00:00,2026-01-30 18:00:00+00:00,0,1,2025-12-08T00:00:00+00:00,2026-01-26T00:00:00+00:00,2026-01-26T00:00:00+00:00,2026-02-02T00:00:00+00:00,1987.7934036818888,2040.5815063419773,-52.788102660088725,0,night,0,0.0,0,2,0,0,0,0,0,0,0,0,0,0,0,0,0,0,0,0,0,0,0,0,0,0,4,1253.307754251361,1956.864773614972,2296.247373537611,2558.768179305,17,-0.2588190451025206,-0.9659258262890684,0,0,1,-89.34407861512568,369.2884368357855,1053.0844672548474,684.0517259136807,840,840,0.09899030759875269,1.36643019967322
A1,roll_03,rf,2026-01-30 18:00:00+00:00,2026-01-30 19:00:00+00:00,0,1,2025-12-08T00:00:00+00:00,2026-01-26T00:00:00+00:00,2026-01-26T00:00:00+00:00,2026-02-02T00:00:00+00:00,1676.7119280521667,1846.0858071270452,-169.3738790748787,0,night,0,0.0,0,2,0,0,0,0,0,0,0,0,0,0,0,0,0,0,0,0,0,0,0,0,0,0,4,2022.5164028016115,2558.768179305,773.5572774640833,1987.7934036818888,18,-1.8369701987210287e-16,-1.0,0,0,1,-89.34407861512568,369.2884368357855,1053.0844672548474,684.0517259136807,840,840,0.21671352925502108,0.9116671110862951
A1,roll_03,rf,2026-01-30 19:00:00+00:00,2026-01-30 20:00:00+00:00,0,1,2025-12-08T00:00:00+00:00,2026-01-26T00:00:00+00:00,2026-01-26T00:00:00+00:00,2026-02-02T00:00:00+00:00,1399.5987402705557,1288.047733705213,111.55100656534272,0,night,0,0.0,0,1,0,0,0,0,0,0,0,0,0,0,0,0,0,0,0,0,0,0,0,0,0,0,4,1067.3991769345832,1987.7934036818888,2461.1030846526387,1676.7119280521667,19,0.2588190451025203,-0.9659258262890684,0,0,1,-89.34407861512568,369.2884368357855,1053.0844672548474,684.0517259136807,840,840,0.5440058911722765,0.5065615068113056
A1,roll_03,rf,2026-01-30 20:00:00+00:00,2026-01-30 21:00:00+00:00,0,1,2025-12-08T00:00:00+00:00,2026-01-26T00:00:00+00:00,2026-01-26T00:00:00+00:00,2026-02-02T00:00:00+00:00,1395.9087899032777,1123.0437961365578,272.86499376671986,0,night,0,0.0,0,2,0,0,0,0,0,0,0,0,0,0,0,0,0,0,0,0,0,0,0,0,0,0,4,1046.436184157472,1676.7119280521667,738.0341406504722,1399.5987402705557,20,0.5000000000000001,-0.8660254037844386,0,0,1,-89.34407861512568,369.2884368357855,1053.0844672548474,684.0517259136807,840,840,0.9808297153450055,0.5011672504597857
A1,roll_03,rf,2026-01-30 21:00:00+00:00,2026-01-30 22:00:00+00:00,0,1,2025-12-08T00:00:00+00:00,2026-01-26T00:00:00+00:00,2026-01-26T00:00:00+00:00,2026-02-02T00:00:00+00:00,617.2218638224722,840.8921967480268,-223.6703329255546,0,night,0,0.0,0,2,0,0,0,0,0,0,0,0,0,0,0,0,0,0,0,0,0,0,0,0,0,0,4,602.2876708927778,1399.5987402705557,1046.6185902225832,1395.9087899032777,21,0.7071067811865474,-0.7071067811865477,0,0,1,-89.34407861512568,369.2884368357855,1053.0844672548474,684.0517259136807,840,840,0.36374346151044223,0.637177843313235
A1,roll_03,rf,2026-01-30 22:00:00+00:00,2026-01-30 23:00:00+00:00,0,1,2025-12-08T00:00:00+00:00,2026-01-26T00:00:00+00:00,2026-01-26T00:00:00+00:00,2026-02-02T00:00:00+00:00,560.833410557,456.4854048190516,104.34800573794844,0,night,0,0.0,0,1,0,0,0,0,0,0,0,0,0,0,0,0,0,0,0,0,0,0,0,0,0,0,4,492.5538403097778,1395.9087899032777,366.5958732328333,617.2218638224722,22,0.8660254037844384,-0.5000000000000004,0,0,1,-89.34407861512568,369.2884368357855,1053.0844672548474,684.0517259136807,840,840,0.5245008102953539,0.7196108686669167
A1,roll_03,rf,2026-01-30 23:00:00+00:00,2026-01-31 00:00:00+00:00,0,1,2025-12-08T00:00:00+00:00,2026-01-26T00:00:00+00:00,2026-01-26T00:00:00+00:00,2026-02-02T00:00:00+00:00,568.5592018373611,450.19365241785886,118.36554941950226,0,night,0,0.0,0,1,0,0,0,0,0,0,0,0,0,0,0,0,0,0,0,0,0,0,0,0,0,0,4,435.2853666092778,617.2218638224722,363.3738909241667,560.833410557,23,0.965925826289068,-0.2588190451025215,0,0,1,-89.34407861512568,369.2884368357855,1053.0844672548474,684.0517259136807,840,840,0.562459062662154,0.7083167062699988
A1,roll_03,rf,2026-01-31 00:00:00+00:00,2026-01-31 01:00:00+00:00,0,1,2025-12-08T00:00:00+00:00,2026-01-26T00:00:00+00:00,2026-01-26T00:00:00+00:00,2026-02-02T00:00:00+00:00,560.2704962234167,507.0837634188306,53.186732804586086,0,night,0,0.0,0,1,0,0,0,0,0,0,0,0,0,0,0,0,0,0,0,0,0,0,0,0,0,0,5,405.1807272819444,560.833410557,372.9620775262778,568.5592018373611,0,1.0,0.0,0,1,1,-89.34407861512568,369.2884368357855,1053.0844672548474,684.0517259136807,840,840,0.3859606670627819,0.7204337806080151
A1,roll_03,rf,2026-01-31 01:00:00+00:00,2026-01-31 02:00:00+00:00,0,1,2025-12-08T00:00:00+00:00,2026-01-26T00:00:00+00:00,2026-01-26T00:00:00+00:00,2026-02-02T00:00:00+00:00,565.4011130005833,468.676887903066,96.72422509751732,0,night,0,0.0,0,1,0,0,0,0,0,0,0,0,0,0,0,0,0,0,0,0,0,0,0,0,0,0,5,403.1378216736112,568.5592018373611,407.8405305781389,560.2704962234167,1,0.9659258262890684,0.2588190451025207,0,1,1,-89.34407861512568,369.2884368357855,1053.0844672548474,684.0517259136807,840,840,0.5038562953851261,0.712933446082415
A1,roll_03,rf,2026-01-31 02:00:00+00:00,2026-01-31 03:00:00+00:00,0,1,2025-12-08T00:00:00+00:00,2026-01-26T00:00:00+00:00,2026-01-26T00:00:00+00:00,2026-02-02T00:00:00+00:00,568.1319450434166,490.05569366502834,78.07625137838829,0,night,0,0.0,0,1,0,0,0,0,0,0,0,0,0,0,0,0,0,0,0,0,0,0,0,0,0,0,5,404.9479621853611,560.2704962234167,371.0950655588056,565.4011130005833,2,0.8660254037844387,0.4999999999999999,0,1,1,-89.34407861512568,369.2884368357855,1053.0844672548474,684.0517259136807,840,840,0.45335925334689575,0.7089413034718752
A1,roll_03,rf,2026-01-31 03:00:00+00:00,2026-01-31 04:00:00+00:00,0,1,2025-12-08T00:00:00+00:00,2026-01-26T00:00:00+00:00,2026-01-26T00:00:00+00:00,2026-02-02T00:00:00+00:00,1108.9278010010555,952.2323936939156,156.69540730713993,0,night,0,0.0,0,1,0,1,1,0,2,0,0,0,1,0,1,0,1,0,0,0,1,0,0,0,0,0,5,402.6522398849167,565.4011130005833,377.9953876609166,568.1319450434166,3,0.7071067811865476,0.7071067811865476,0,1,1,-89.34407861512568,369.2884368357855,1053.0844672548474,684.0517259136807,840,840,0.6662528836007774,0.0816361272557551
A1,roll_03,rf,2026-01-31 04:00:00+00:00,2026-01-31 05:00:00+00:00,0,1,2025-12-08T00:00:00+00:00,2026-01-26T00:00:00+00:00,2026-01-26T00:00:00+00:00,2026-02-02T00:00:00+00:00,1973.961116742889,1975.0913704171523,-1.1302536742632583,0,night,0,0.0,0,1,0,1,1,0,2,0,0,0,1,0,1,0,1,0,0,0,1,0,0,0,0,0,5,989.5879204678332,568.1319450434166,1042.5099112287778,1108.9278010010555,4,0.5000000000000001,0.8660254037844386,0,1,1,-89.34407861512568,369.2884368357855,1053.0844672548474,684.0517259136807,840,840,0.23887513428991872,1.3462090871242762
A1,roll_03,rf,2026-01-31 05:00:00+00:00,2026-01-31 06:00:00+00:00,0,1,2025-12-08T00:00:00+00:00,2026-01-26T00:00:00+00:00,2026-01-26T00:00:00+00:00,2026-02-02T00:00:00+00:00,2133.987086771556,2069.7544896030827,64.23259716847315,0,night,0,0.0,0,2,0,0,0,0,0,0,0,0,0,0,0,0,0,0,0,0,0,0,0,0,0,0,5,1683.9951601766388,1108.9278010010555,2043.280496847389,1973.961116742889,5,0.2588190451025207,0.9659258262890684,0,1,1,-89.34407861512568,369.2884368357855,1053.0844672548474,684.0517259136807,840,840,0.4158718780894053,1.5801474926080454
A1,roll_03,rf,2026-01-31 06:00:00+00:00,2026-01-31 07:00:00+00:00,0,1,2025-12-08T00:00:00+00:00,2026-01-26T00:00:00+00:00,2026-01-26T00:00:00+00:00,2026-02-02T00:00:00+00:00,1020.5726502083334,2072.1218252834315,-1051.549175075098,0,night,0,0.0,0,2,0,0,0,0,0,0,0,0,0,0,0,0,0,0,0,0,0,0,0,0,0,0,5,1902.018428271,1973.961116742889,2356.0469720826945,2133.987086771556,6,6.123233995736766e-17,1.0,0,1,1,-89.34407861512568,369.2884368357855,1053.0844672548474,684.0517259136807,840,840,2.605565191005003,0.047528302049217576
A1,roll_03,rf,2026-01-31 07:00:00+00:00,2026-01-31 08:00:00+00:00,0,1,2025-12-08T00:00:00+00:00,2026-01-26T00:00:00+00:00,2026-01-26T00:00:00+00:00,2026-02-02T00:00:00+00:00,419.2874801181944,1735.6094049714306,-1316.3219248532362,1,night,0,0.0,0,2,0,0,0,0,0,0,0,0,0,0,0,0,0,0,0,0,0,0,0,0,0,0,5,2166.76233965375,2133.987086771556,2415.724502125278,1020.5726502083334,7,-0.2588190451025206,0.9659258262890684,0,1,1,-89.34407861512568,369.2884368357855,1053.0844672548474,684.0517259136807,840,840,3.3225460746926143,0.9265337154000992
A1,roll_03,rf,2026-01-31 08:00:00+00:00,2026-01-31 09:00:00+00:00,0,1,2025-12-08T00:00:00+00:00,2026-01-26T00:00:00+00:00,2026-01-26T00:00:00+00:00,2026-02-02T00:00:00+00:00,250.3521221068889,709.2042405558135,-458.85211844892456,1,low,0,0.0,0,2,0,0,0,0,0,0,0,0,0,0,0,0,0,0,0,0,0,0,0,0,0,0,5,2056.1787956731946,1020.5726502083334,2088.875723270194,419.2874801181944,8,-0.4999999999999998,0.8660254037844387,0,1,1,-89.34407861512568,369.2884368357855,1053.0844672548474,684.0517259136807,840,840,1.0005946652429603,1.173496556968345
A1,roll_03,rf,2026-01-31 09:00:00+00:00,2026-01-31 10:00:00+00:00,0,1,2025-12-08T00:00:00+00:00,2026-01-26T00:00:00+00:00,2026-01-26T00:00:00+00:00,2026-02-02T00:00:00+00:00,334.93582907008334,665.5402788981133,-330.60444982803,1,low,0,0.0,0,2,0,0,0,0,0,0,0,0,0,0,0,0,0,0,0,0,0,0,0,0,0,0,5,2110.409867789389,419.2874801181944,1376.5848081650277,250.3521221068889,9,-0.7071067811865475,0.7071067811865476,0,1,1,-89.34407861512568,369.2884368357855,1053.0844672548474,684.0517259136807,840,840,0.6533114691597764,1.0498455174943684
A1,roll_03,rf,2026-01-31 10:00:00+00:00,2026-01-31 11:00:00+00:00,0,1,2025-12-08T00:00:00+00:00,2026-01-26T00:00:00+00:00,2026-01-26T00:00:00+00:00,2026-02-02T00:00:00+00:00,-25.482023055444444,530.5000250813998,-555.9820481368442,1,low,0,0.0,0,2,0,0,0,0,0,0,0,0,0,0,0,0,0,0,0,0,0,0,0,0,0,0,5,3130.832139515,250.3521221068889,637.5708449115556,334.93582907008334,10,-0.8660254037844387,0.4999999999999999,0,1,1,-89.34407861512568,369.2884368357855,1053.0844672548474,684.0517259136807,840,840,1.263613812336134,1.5767323572931007
A1,roll_03,rf,2026-01-31 11:00:00+00:00,2026-01-31 12:00:00+00:00,0,1,2025-12-08T00:00:00+00:00,2026-01-26T00:00:00+00:00,2026-01-26T00:00:00+00:00,2026-02-02T00:00:00+00:00,-362.59401059927774,-303.8354621400854,-58.75854845919236,1,med,0,0.0,0,2,1,0,0,0,0,0,0,0,0,0,0,0,0,0,0,0,0,0,0,0,0,0,5,385.99203080291664,334.93582907008334,-1038.640299738972,-25.482023055444444,11,-0.9659258262890682,0.258819045102521,0,1,1,-89.34407861512568,369.2884368357855,1053.0844672548474,684.0517259136807,840,840,0.08282287530582508,2.069548872145916
A1,roll_03,rf,2026-01-31 12:00:00+00:00,2026-01-31 13:00:00+00:00,0,1,2025-12-08T00:00:00+00:00,2026-01-26T00:00:00+00:00,2026-01-26T00:00:00+00:00,2026-02-02T00:00:00+00:00,-31.184125589083333,259.1168260034668,-290.3009515925501,1,med,0,0.0,0,2,1,0,0,0,0,0,0,0,0,0,0,0,0,0,0,0,0,0,0,0,0,0,5,1016.1453970060834,-25.482023055444444,338.58896643852773,-362.59401059927774,12,-1.0,1.2246467991473532e-16,0,1,1,-89.34407861512568,369.2884368357855,1053.0844672548474,684.0517259136807,840,840,0.544173206990463,1.585068134132232
A1,roll_03,rf,2026-01-31 13:00:00+00:00,2026-01-31 14:00:00+00:00,0,1,2025-12-08T00:00:00+00:00,2026-01-26T00:00:00+00:00,2026-01-26T00:00:00+00:00,2026-02-02T00:00:00+00:00,-90.87281389516666,338.7169532634824,-429.589767158649,1,med,0,0.0,0,2,1,0,0,0,0,0,0,0,0,0,0,0,0,0,0,0,0,0,0,0,0,0,5,1064.5741736199725,-362.59401059927774,-266.5041079402778,-31.184125589083333,13,-0.9659258262890684,-0.2588190451025208,0,1,1,-89.34407861512568,369.2884368357855,1053.0844672548474,684.0517259136807,840,840,0.9213548397531417,1.6723256996713842
A1,roll_03,rf,2026-01-31 14:00:00+00:00,2026-01-31 15:00:00+00:00,0,1,2025-12-08T00:00:00+00:00,2026-01-26T00:00:00+00:00,2026-01-26T00:00:00+00:00,2026-02-02T00:00:00+00:00,422.2890764387501,333.6085140338411,88.68056240490898,1,med,0,0.0,0,3,1,0,0,0,0,0,0,0,0,0,0,0,0,0,0,0,0,0,0,0,0,0,5,1858.781012173056,-31.184125589083333,376.1624140875,-90.87281389516666,14,-0.8660254037844388,-0.4999999999999997,0,1,1,-89.34407861512568,369.2884368357855,1053.0844672548474,684.0517259136807,840,840,0.48207477749756444,0.9221457485156558
A1,roll_03,rf,2026-01-31 15:00:00+00:00,2026-01-31 16:00:00+00:00,0,1,2025-12-08T00:00:00+00:00,2026-01-26T00:00:00+00:00,2026-01-26T00:00:00+00:00,2026-02-02T00:00:00+00:00,514.5742918275556,1156.0656802882488,-641.4913884606932,1,low,0,0.0,0,2,0,0,0,0,0,0,0,0,0,0,0,0,0,0,0,0,0,0,0,0,0,0,5,1831.2616717653889,-90.87281389516666,1082.7555175266666,422.2890764387501,15,-0.7071067811865479,-0.7071067811865471,0,1,1,-89.34407861512568,369.2884368357855,1053.0844672548474,684.0517259136807,840,840,1.4951654445955354,0.787236045209899
A1,roll_03,rf,2026-01-31 16:00:00+00:00,2026-01-31 17:00:00+00:00,0,1,2025-12-08T00:00:00+00:00,2026-01-26T00:00:00+00:00,2026-01-26T00:00:00+00:00,2026-02-02T00:00:00+00:00,555.1924943127777,1043.8912607675402,-488.6987664547625,0,night,0,0.0,0,2,0,0,0,0,0,0,0,0,0,0,0,0,0,0,0,0,0,0,0,0,0,0,5,1060.0596002008333,422.2890764387501,1956.864773614972,514.5742918275556,16,-0.5000000000000004,-0.8660254037844385,0,1,1,-89.34407861512568,369.2884368357855,1053.0844672548474,684.0517259136807,840,840,1.0814167138875814,0.7278571986307623
A1,roll_03,rf,2026-01-31 17:00:00+00:00,2026-01-31 18:00:00+00:00,0,1,2025-12-08T00:00:00+00:00,2026-01-26T00:00:00+00:00,2026-01-26T00:00:00+00:00,2026-02-02T00:00:00+00:00,563.0741589198611,961.6043904242878,-398.5302315044266,0,night,0,0.0,0,2,0,0,0,0,0,0,0,0,0,0,0,0,0,0,0,0,0,0,0,0,0,0,5,992.9213029867224,514.5742918275556,2558.768179305,555.1924943127777,17,-0.2588190451025206,-0.9659258262890684,0,1,1,-89.34407861512568,369.2884368357855,1053.0844672548474,684.0517259136807,840,840,0.8372484000271831,0.7163351684852262
A1,roll_03,rf,2026-01-31 18:00:00+00:00,2026-01-31 19:00:00+00:00,0,1,2025-12-08T00:00:00+00:00,2026-01-26T00:00:00+00:00,2026-01-26T00:00:00+00:00,2026-02-02T00:00:00+00:00,532.8345183753889,908.5609566198898,-375.72643824450086,0,night,0,0.0,0,2,0,0,0,0,0,0,0,0,0,0,0,0,0,0,0,0,0,0,0,0,0,0,5,1541.1415699855834,555.1924943127777,1987.7934036818888,563.0741589198611,18,-1.8369701987210287e-16,-1.0,0,1,1,-89.34407861512568,369.2884368357855,1053.0844672548474,684.0517259136807,840,840,0.7754977710193595,0.7605418262552676
A1,roll_03,rf,2026-01-31 19:00:00+00:00,2026-01-31 20:00:00+00:00,0,1,2025-12-08T00:00:00+00:00,2026-01-26T00:00:00+00:00,2026-01-26T00:00:00+00:00,2026-02-02T00:00:00+00:00,552.461400302111,814.8134436624413,-262.3520433603303,0,night,0,0.0,0,1,0,1,1,0,11,0,0,0,1,0,1,0,1,0,0,0,1,0,0,0,0,0,5,1286.9006860100278,563.0741589198611,1676.7119280521667,532.8345183753889,19,0.2588190451025203,-0.9659258262890684,0,1,1,-89.34407861512568,369.2884368357855,1053.0844672548474,684.0517259136807,840,840,0.46849006762195883,0.7318497242062498
A1,roll_03,rf,2026-01-31 20:00:00+00:00,2026-01-31 21:00:00+00:00,0,1,2025-12-08T00:00:00+00:00,2026-01-26T00:00:00+00:00,2026-01-26T00:00:00+00:00,2026-02-02T00:00:00+00:00,552.9098461985833,702.444698247677,-149.53485204909373,0,night,0,0.0,0,1,0,1,1,0,11,0,0,0,1,0,1,0,1,0,0,0,1,0,0,0,0,0,5,640.4533153681945,532.8345183753889,1399.5987402705557,552.461400302111,20,0.5000000000000001,-0.8660254037844386,0,1,1,-89.34407861512568,369.2884368357855,1053.0844672548474,684.0517259136807,840,840,0.16299122157657367,0.7311941511267822
A1,roll_03,rf,2026-01-31 21:00:00+00:00,2026-01-31 22:00:00+00:00,0,1,2025-12-08T00:00:00+00:00,2026-01-26T00:00:00+00:00,2026-01-26T00:00:00+00:00,2026-02-02T00:00:00+00:00,560.803781971389,657.3407049484249,-96.53692297703594,0,night,0,0.0,0,1,0,1,1,0,11,0,0,0,1,0,1,0,1,0,0,0,1,0,0,0,0,0,5,584.3161862229999,552.461400302111,1395.9087899032777,552.9098461985833,21,0.7071067811865474,-0.7071067811865477,0,1,1,-89.34407861512568,369.2884368357855,1053.0844672548474,684.0517259136807,840,840,0.019477578078375527,0.7196541820370738
A1,roll_03,rf,2026-01-31 22:00:00+00:00,2026-01-31 23:00:00+00:00,0,1,2025-12-08T00:00:00+00:00,2026-01-26T00:00:00+00:00,2026-01-26T00:00:00+00:00,2026-02-02T00:00:00+00:00,565.2245665261389,462.3342655309331,102.8903009952058,0,night,0,0.0,0,1,0,1,1,0,11,0,0,0,1,0,1,0,1,0,0,0,1,0,0,0,0,0,5,518.3547093412777,552.9098461985833,617.2218638224722,560.803781971389,22,0.8660254037844384,-0.5000000000000004,0,1,1,-89.34407861512568,369.2884368357855,1053.0844672548474,684.0517259136807,840,840,0.5205534764572494,0.7131915354457722
A1,roll_03,rf,2026-01-31 23:00:00+00:00,2026-02-01 00:00:00+00:00,0,1,2025-12-08T00:00:00+00:00,2026-01-26T00:00:00+00:00,2026-01-26T00:00:00+00:00,2026-02-02T00:00:00+00:00,564.1097782727777,471.03149730296536,93.07828096981234,0,night,0,0.0,0,1,0,1,1,0,11,0,0,0,1,0,1,0,1,0,0,0,1,0,0,0,0,0,5,430.99813492583326,560.803781971389,560.833410557,565.2245665261389,23,0.965925826289068,-0.2588190451025215,0,1,1,-89.34407861512568,369.2884368357855,1053.0844672548474,684.0517259136807,840,840,0.4939834053511328,0.7148212195926431
A1,roll_03,rf,2026-02-01 00:00:00+00:00,2026-02-01 01:00:00+00:00,0,1,2025-12-08T00:00:00+00:00,2026-01-26T00:00:00+00:00,2026-01-26T00:00:00+00:00,2026-02-02T00:00:00+00:00,533.409867254,500.7039942966372,32.70587295736277,0,night,0,0.0,0,1,0,1,1,0,11,0,0,0,1,0,1,0,1,0,0,0,1,0,0,0,0,0,6,377.7188413770555,565.2245665261389,568.5592018373611,564.1097782727777,0,1.0,0.0,0,1,2,-89.34407861512568,369.2884368357855,1053.0844672548474,684.0517259136807,840,840,0.3305003336098536,0.7597007365294247
A1,roll_03,rf,2026-02-01 01:00:00+00:00,2026-02-01 02:00:00+00:00,0,1,2025-12-08T00:00:00+00:00,2026-01-26T00:00:00+00:00,2026-01-26T00:00:00+00:00,2026-02-02T00:00:00+00:00,562.5751383565,458.6457554753506,103.92938288114942,0,night,0,0.0,0,1,0,1,1,0,11,0,0,0,0,1,1,0,1,0,0,0,1,0,0,0,0,0,6,364.4423996903056,564.1097782727777,560.2704962234167,533.409867254,1,0.9659258262890684,0.2588190451025207,0,1,2,-89.34407861512568,369.2884368357855,1053.0844672548474,684.0517259136807,840,840,0.5233672171062849,0.7170646755450828
A1,roll_03,rf,2026-02-01 02:00:00+00:00,2026-02-01 03:00:00+00:00,0,1,2025-12-08T00:00:00+00:00,2026-01-26T00:00:00+00:00,2026-01-26T00:00:00+00:00,2026-02-02T00:00:00+00:00,534.4757679513611,472.2558348914532,62.21993305990793,0,night,0,0.0,0,1,0,1,1,0,11,0,0,0,0,1,1,0,1,0,0,0,1,0,0,0,0,0,6,384.5271624152222,533.409867254,565.4011130005833,562.5751383565,2,0.8660254037844387,0.4999999999999999,0,1,2,-89.34407861512568,369.2884368357855,1053.0844672548474,684.0517259136807,840,840,0.41042176401106983,0.7581425200130678
A1,roll_03,rf,2026-02-01 03:00:00+00:00,2026-02-01 04:00:00+00:00,0,1,2025-12-08T00:00:00+00:00,2026-01-26T00:00:00+00:00,2026-01-26T00:00:00+00:00,2026-02-02T00:00:00+00:00,559.3680544099722,953.216766919939,-393.8487125099669,0,night,0,0.0,0,1,0,1,1,0,11,0,0,0,0,1,1,0,1,0,0,0,1,0,0,0,0,0,6,395.30640441158334,562.5751383565,568.1319450434166,534.4757679513611,3,0.7071067811865476,0.7071067811865476,0,1,2,-89.34407861512568,369.2884368357855,1053.0844672548474,684.0517259136807,840,840,0.8245712660379014,0.7217530402184476
A1,roll_03,rf,2026-02-01 04:00:00+00:00,2026-02-01 05:00:00+00:00,0,1,2025-12-08T00:00:00+00:00,2026-01-26T00:00:00+00:00,2026-01-26T00:00:00+00:00,2026-02-02T00:00:00+00:00,555.9197919330833,826.0466721686041,-270.12688023552084,0,night,0,0.0,0,1,0,1,1,0,11,0,0,0,0,1,1,0,1,0,0,0,1,0,0,0,0,0,6,963.782436518,534.4757679513611,1108.9278010010555,559.3680544099722,4,0.5000000000000001,0.8660254037844386,0,1,2,-89.34407861512568,369.2884368357855,1053.0844672548474,684.0517259136807,840,840,0.48954362928180534,0.7267939784198432
A1,roll_03,rf,2026-02-01 05:00:00+00:00,2026-02-01 06:00:00+00:00,0,1,2025-12-08T00:00:00+00:00,2026-01-26T00:00:00+00:00,2026-01-26T00:00:00+00:00,2026-02-02T00:00:00+00:00,1160.5435193141388,778.536780934961,382.0067383791778,0,night,0,0.0,0,1,0,1,1,0,11,0,0,0,0,1,1,0,1,0,0,0,1,0,0,0,0,0,6,1696.815230154389,559.3680544099722,1973.961116742889,555.9197919330833,5,0.2588190451025207,0.9659258262890684,0,1,2,-89.34407861512568,369.2884368357855,1053.0844672548474,684.0517259136807,840,840,1.2763757810372571,0.15709199756167497
A1,roll_03,rf,2026-02-01 06:00:00+00:00,2026-02-01 07:00:00+00:00,0,1,2025-12-08T00:00:00+00:00,2026-01-26T00:00:00+00:00,2026-01-26T00:00:00+00:00,2026-02-02T00:00:00+00:00,691.6709654138334,1732.5271464569514,-1040.856181043118,0,night,0,0.0,0,1,0,0,0,0,0,0,0,0,0,0,0,0,0,0,0,0,0,0,0,0,0,0,6,1659.7306816588614,555.9197919330833,2133.987086771556,1160.5435193141388,6,6.123233995736766e-17,1.0,0,1,2,-89.34407861512568,369.2884368357855,1053.0844672548474,684.0517259136807,840,840,2.5766095212212377,0.5283423579675612
A1,roll_03,rf,2026-02-01 07:00:00+00:00,2026-02-01 08:00:00+00:00,0,1,2025-12-08T00:00:00+00:00,2026-01-26T00:00:00+00:00,2026-01-26T00:00:00+00:00,2026-02-02T00:00:00+00:00,1089.2109433604444,866.8727391471758,222.33820421326857,1,night,0,0.0,0,1,0,0,0,0,0,0,0,0,0,0,0,0,0,0,0,0,0,0,0,0,0,0,6,2231.1363579284443,1160.5435193141388,1020.5726502083334,691.6709654138334,7,-0.2588190451025206,0.9659258262890684,0,1,2,-89.34407861512568,369.2884368357855,1053.0844672548474,684.0517259136807,840,840,0.8440076962577427,0.05281249171229452
A1,roll_03,rf,2026-02-01 08:00:00+00:00,2026-02-01 09:00:00+00:00,0,1,2025-12-08T00:00:00+00:00,2026-01-26T00:00:00+00:00,2026-01-26T00:00:00+00:00,2026-02-02T00:00:00+00:00,303.2054646118889,1244.8484143464705,-941.6429497345816,1,low,0,0.0,0,2,0,0,0,0,0,0,0,0,0,0,0,0,0,0,0,0,0,0,0,0,0,0,6,2238.324116505972,691.6709654138334,419.2874801181944,1089.2109433604444,8,-0.4999999999999998,0.8660254037844387,0,1,2,-89.34407861512568,369.2884368357855,1053.0844672548474,684.0517259136807,840,840,2.3079489799959663,1.0962314313897141
A1,roll_03,rf,2026-02-01 09:00:00+00:00,2026-02-01 10:00:00+00:00,0,1,2025-12-08T00:00:00+00:00,2026-01-26T00:00:00+00:00,2026-01-26T00:00:00+00:00,2026-02-02T00:00:00+00:00,306.5586802728889,599.3916653755308,-292.8329851026419,1,low,0,0.0,0,2,0,0,0,0,0,0,0,0,0,0,0,0,0,0,0,0,0,0,0,0,0,0,6,2327.768168646222,1089.2109433604444,250.3521221068889,303.2054646118889,9,-0.7071067811865475,0.7071067811865476,0,1,2,-89.34407861512568,369.2884368357855,1053.0844672548474,684.0517259136807,840,840,0.5510297268744521,1.0913294400139577
A1,roll_03,rf,2026-02-01 10:00:00+00:00,2026-02-01 11:00:00+00:00,0,1,2025-12-08T00:00:00+00:00,2026-01-26T00:00:00+00:00,2026-01-26T00:00:00+00:00,2026-02-02T00:00:00+00:00,298.92543760088887,498.91425241822543,-199.98881481733656,1,low,0,0.0,0,2,0,0,0,0,0,0,0,0,0,0,0,0,0,0,0,0,0,0,0,0,0,0,6,3079.3561128761667,303.2054646118889,334.93582907008334,306.5586802728889,10,-0.8660254037844387,0.4999999999999999,0,1,2,-89.34407861512568,369.2884368357855,1053.0844672548474,684.0517259136807,840,840,0.29961603225451705,1.1024883076592433
A1,roll_03,rf,2026-02-01 11:00:00+00:00,2026-02-01 12:00:00+00:00,0,1,2025-12-08T00:00:00+00:00,2026-01-26T00:00:00+00:00,2026-01-26T00:00:00+00:00,2026-02-02T00:00:00+00:00,73.55411946638888,455.0878672737489,-381.53374780736,1,low,0,0.0,0,2,0,0,0,0,0,0,0,0,0,0,0,0,0,0,0,0,0,0,0,0,0,0,6,1060.977643347722,306.5586802728889,-25.482023055444444,298.92543760088887,11,-0.9659258262890682,0.258819045102521,0,1,2,-89.34407861512568,369.2884368357855,1053.0844672548474,684.0517259136807,840,840,0.7912234450009727,1.4319536237995893
A1,roll_03,rf,2026-02-01 12:00:00+00:00,2026-02-01 13:00:00+00:00,0,1,2025-12-08T00:00:00+00:00,2026-01-26T00:00:00+00:00,2026-01-26T00:00:00+00:00,2026-02-02T00:00:00+00:00,151.58054217927778,496.38726439872136,-344.8067222194436,1,med,0,0.0,0,2,0,0,0,0,0,0,0,0,0,0,0,0,0,0,0,0,0,0,0,0,0,0,6,1745.3068945306666,298.92543760088887,-362.59401059927774,73.55411946638888,12,-1.0,1.2246467991473532e-16,0,1,2,-89.34407861512568,369.2884368357855,1053.0844672548474,684.0517259136807,840,840,0.6917699503218309,1.317888532291093
A1,roll_03,rf,2026-02-01 13:00:00+00:00,2026-02-01 14:00:00+00:00,0,1,2025-12-08T00:00:00+00:00,2026-01-26T00:00:00+00:00,2026-01-26T00:00:00+00:00,2026-02-02T00:00:00+00:00,1336.6438164391946,746.4818695247435,590.161946914451,1,med,0,0.0,0,2,0,0,0,0,0,0,0,0,0,0,0,0,0,0,0,0,0,0,0,0,0,0,6,906.8727746182224,73.55411946638888,-31.184125589083333,151.58054217927778,13,-0.9659258262890684,-0.2588190451025208,0,1,2,-89.34407861512568,369.2884368357855,1053.0844672548474,684.0517259136807,840,840,1.8400414357727053,0.41452910422176037
A1,roll_03,rf,2026-02-01 14:00:00+00:00,2026-02-01 15:00:00+00:00,0,1,2025-12-08T00:00:00+00:00,2026-01-26T00:00:00+00:00,2026-01-26T00:00:00+00:00,2026-02-02T00:00:00+00:00,1896.0841900744165,1248.4603609703934,647.6238291040231,1,med,0,0.0,0,2,0,0,0,0,0,0,0,0,0,0,0,0,0,0,0,0,0,0,0,0,0,0,6,1490.25308828425,151.58054217927778,-90.87281389516666,1336.6438164391946,14,-0.8660254037844388,-0.4999999999999997,0,1,2,-89.34407861512568,369.2884368357855,1053.0844672548474,684.0517259136807,840,840,1.995643064358558,1.2323625405572705
A1,roll_03,rf,2026-02-01 15:00:00+00:00,2026-02-01 16:00:00+00:00,0,1,2025-12-08T00:00:00+00:00,2026-01-26T00:00:00+00:00,2026-01-26T00:00:00+00:00,2026-02-02T00:00:00+00:00,2484.501672130778,1723.635324916491,760.8663472142869,1,low,0,0.0,0,2,0,0,0,0,0,0,0,0,0,0,0,0,0,0,0,0,0,0,0,0,0,0,6,924.6930943503612,1336.6438164391946,422.2890764387501,1896.0841900744165,15,-0.7071067811865479,-0.7071067811865471,0,1,2,-89.34407861512568,369.2884368357855,1053.0844672548474,684.0517259136807,840,840,2.3022936572679167,2.0925569670393007
A1,roll_03,rf,2026-02-01 16:00:00+00:00,2026-02-01 17:00:00+00:00,0,1,2025-12-08T00:00:00+00:00,2026-01-26T00:00:00+00:00,2026-01-26T00:00:00+00:00,2026-02-02T00:00:00+00:00,2486.544613380472,2132.8863522387933,353.65826114167885,0,night,0,0.0,0,2,0,0,0,0,0,0,0,0,0,0,0,0,0,0,0,0,0,0,0,0,0,0,6,1936.265559235028,1896.0841900744165,514.5742918275556,2484.501672130778,16,-0.5000000000000004,-0.8660254037844385,0,1,2,-89.34407861512568,369.2884368357855,1053.0844672548474,684.0517259136807,840,840,1.1996106446024413,2.0955434974028715
A1,roll_03,rf,2026-02-01 17:00:00+00:00,2026-02-01 18:00:00+00:00,0,1,2025-12-08T00:00:00+00:00,2026-01-26T00:00:00+00:00,2026-01-26T00:00:00+00:00,2026-02-02T00:00:00+00:00,2612.5492478209444,2139.001425499943,473.5478223210016,0,night,0,0.0,0,2,0,0,0,0,0,0,0,0,0,0,0,0,0,0,0,0,0,0,0,0,0,0,6,1053.6913190111388,2484.501672130778,555.1924943127777,2486.544613380472,17,-0.2588190451025206,-0.9659258262890684,0,1,2,-89.34407861512568,369.2884368357855,1053.0844672548474,684.0517259136807,840,840,1.5242608345910194,2.279746869263631
A1,roll_03,rf,2026-02-01 18:00:00+00:00,2026-02-01 19:00:00+00:00,0,1,2025-12-08T00:00:00+00:00,2026-01-26T00:00:00+00:00,2026-01-26T00:00:00+00:00,2026-02-02T00:00:00+00:00,3017.157618471861,2124.185660090812,892.9719583810493,0,night,0,0.0,0,2,0,0,0,0,0,0,0,0,0,0,0,0,0,0,0,0,0,0,0,0,0,0,6,1042.3809986754163,2486.544613380472,563.0741589198611,2612.5492478209444,18,-1.8369701987210287e-16,-1.0,0,1,2,-89.34407861512568,369.2884368357855,1053.0844672548474,684.0517259136807,840,840,2.6600238161071625,2.8712348449872294
A1,roll_03,rf,2026-02-01 19:00:00+00:00,2026-02-01 20:00:00+00:00,0,1,2025-12-08T00:00:00+00:00,2026-01-26T00:00:00+00:00,2026-01-26T00:00:00+00:00,2026-02-02T00:00:00+00:00,2133.137917275778,2516.3577065153554,-383.2197892395775,0,night,0,0.0,0,1,0,0,0,0,0,0,0,0,0,0,0,0,0,0,0,0,0,0,0,0,0,0,6,849.7813898698611,2612.5492478209444,532.8345183753889,3017.157618471861,19,0.2588190451025203,-0.9659258262890684,0,1,2,-89.34407861512568,369.2884368357855,1053.0844672548474,684.0517259136807,840,840,0.7957890941360071,1.5789061106136595
A1,roll_03,rf,2026-02-01 20:00:00+00:00,2026-02-01 21:00:00+00:00,0,1,2025-12-08T00:00:00+00:00,2026-01-26T00:00:00+00:00,2026-01-26T00:00:00+00:00,2026-02-02T00:00:00+00:00,952.1327068525555,1631.2666066512088,-679.1338997986533,0,night,0,0.0,0,1,0,0,0,0,0,0,0,0,0,0,0,0,0,0,0,0,0,0,0,0,0,0,6,739.4192231492499,3017.157618471861,552.461400302111,2133.137917275778,20,0.5000000000000001,-0.8660254037844386,0,1,2,-89.34407861512568,369.2884368357855,1053.0844672548474,684.0517259136807,840,840,1.5970979926614768,0.14757913265616227
A1,roll_03,rf,2026-02-01 21:00:00+00:00,2026-02-01 22:00:00+00:00,0,1,2025-12-08T00:00:00+00:00,2026-01-26T00:00:00+00:00,2026-01-26T00:00:00+00:00,2026-02-02T00:00:00+00:00,1463.8755507140277,950.9823740766184,512.8931766374092,0,night,0,0.0,0,1,0,0,0,0,0,0,0,0,0,0,0,0,0,0,0,0,0,0,0,0,0,0,6,575.8166761095833,2133.137917275778,552.9098461985833,952.1327068525555,21,0.7071067811865474,-0.7071067811865477,0,1,2,-89.34407861512568,369.2884368357855,1053.0844672548474,684.0517259136807,840,840,1.6308045288738262,0.6005263460310564
