dataset_id,split_id,model_name,ts_utc,ts_target_utc,is_train_split,is_test_split,train_start_utc,train_end_utc,test_start_utc,test_end_utc,y_true_t_plus_1,yhat_t_plus_1,residual_t_plus_1,is_daylight,pv_regime,pool_on,pool_on_lag_1h,pool_switch,temp_bin,flag_grid_exporting,imputed_any,imputed_count,gaplen_demand_h,gaplen_pv_h,gaplen_pool_h,gaplen_temp_h,pv_imputed_interp,pv_imputed_ffill_night_ok,pv_imputed_fallback_zero,pv_imputed_any,flag_demand_imputed,flag_pv_imputed,flag_pool_imputed,flag_temp_imputed,flag_demand_imputed_new,flag_pv_imputed_new,flag_pool_imputed_new,flag_temp_imputed_new,demand_imputed_any,pool_imputed_any,temp_imputed_any,day_of_week,demand_lag_168h,demand_lag_1h,demand_lag_24h,demand_w,hour,hour_cos,hour_sin,is_holiday_it,is_weekend,month,outdoor_temp_c,outdoor_temp_c_lag_168h,outdoor_temp_c_lag_1h,outdoor_temp_c_lag_24h,pool_w,pool_w_lag_168h,pool_w_lag_1h,pool_w_lag_24h,pv_w,pv_w_lag_168h,pv_w_lag_1h,pv_w_lag_24h,median_r_cal,mad_r_cal,median_y_cal,mad_y_cal,n_resid_cal,n_y_cal,anomaly_score,z_raw
A4,roll_03,mlr,2026-01-26 05:00:00+00:00,2026-01-26 06:00:00+00:00,0,1,2025-12-08T00:00:00+00:00,2026-01-26T00:00:00+00:00,2026-01-26T00:00:00+00:00,2026-02-02T00:00:00+00:00,2600.770309974528,1853.051197512214,747.7191124623141,0,night,0,0.0,0,1,0,0,0,0,0,0,0,0,0,0,0,0,0,0,0,0,0,0,0,0,0,0,0,2097.5119466174724,1028.218939733639,1696.815230154389,2114.055589798917,5,0.2588190451025207,0.9659258262890684,0,0,1,4.408384114472223,6.230610997888888,4.447174962083333,4.974422407805555,18.76648325919444,18.81852253330556,18.50634147902778,18.711754044777777,0.0,0.0,0.0,0.0,-172.17339728194133,435.98515251673166,1431.48542243675,644.4667264569999,543,543,2.1099170566569994,1.8143448521632792
A4,roll_03,mlr,2026-01-26 06:00:00+00:00,2026-01-26 07:00:00+00:00,0,1,2025-12-08T00:00:00+00:00,2026-01-26T00:00:00+00:00,2026-01-26T00:00:00+00:00,2026-02-02T00:00:00+00:00,2010.6085535996945,2260.4404252287422,-249.83187162904775,0,night,0,0.0,0,1,0,0,0,0,0,0,0,0,0,0,0,0,0,0,0,0,0,0,0,0,0,0,0,2207.624277541472,2114.055589798917,1659.7306816588614,2600.770309974528,6,6.123233995736766e-17,1.0,0,0,1,4.431008716472223,6.104236992611111,4.408384114472223,4.992939964055556,18.49337982475,18.518887052166665,18.76648325919444,18.560369708916667,0.0,0.0,0.0,0.0,-172.17339728194133,435.98515251673166,1431.48542243675,644.4667264569999,543,543,0.17812183258723735,0.8986082715964463
A4,roll_03,mlr,2026-01-26 07:00:00+00:00,2026-01-26 08:00:00+00:00,0,1,2025-12-08T00:00:00+00:00,2026-01-26T00:00:00+00:00,2026-01-26T00:00:00+00:00,2026-02-02T00:00:00+00:00,1665.4681254328334,2078.5840998805825,-413.11597444774907,1,low,0,0.0,0,1,0,0,0,0,0,0,0,0,0,0,0,0,0,0,0,0,0,0,0,0,0,0,0,743.501432477222,2600.770309974528,2231.1363579284443,2010.6085535996945,7,-0.2588190451025206,0.9659258262890684,0,0,1,4.217437003583334,6.0920939530833325,4.431008716472223,4.933367505611112,18.407470120777777,17.464818313277778,18.49337982475,18.55700058877778,23.868688164416664,0.0,0.0,0.0,-172.17339728194133,435.98515251673166,1431.48542243675,644.4667264569999,543,543,0.5526394093353011,0.36306405496280525
A4,roll_03,mlr,2026-01-26 08:00:00+00:00,2026-01-26 09:00:00+00:00,0,1,2025-12-08T00:00:00+00:00,2026-01-26T00:00:00+00:00,2026-01-26T00:00:00+00:00,2026-02-02T00:00:00+00:00,1007.3270680508888,1565.8494092178753,-558.5223411669865,1,low,0,0.0,0,1,0,0,0,0,0,0,0,0,0,0,0,0,0,0,0,0,0,0,0,0,0,0,0,1602.210022772833,2010.6085535996945,2238.324116505972,1665.4681254328334,8,-0.4999999999999998,0.8660254037844387,0,0,1,4.718276212527778,6.376790769055556,4.217437003583334,4.832365699444444,18.409084794722222,18.106925738416667,18.407470120777777,18.49024153463889,232.3755870049445,52.25388250475,23.868688164416664,0.0,-172.17339728194133,435.98515251673166,1431.48542243675,644.4667264569999,543,543,0.8861516078124206,0.6581540007778228
A4,roll_03,mlr,2026-01-26 09:00:00+00:00,2026-01-26 10:00:00+00:00,0,1,2025-12-08T00:00:00+00:00,2026-01-26T00:00:00+00:00,2026-01-26T00:00:00+00:00,2026-02-02T00:00:00+00:00,-569.4865977234444,680.8043908171503,-1250.2909885405948,1,med,0,0.0,0,2,0,0,0,0,0,0,0,0,0,0,0,0,0,0,0,0,0,0,0,0,0,0,0,401.86281383952775,1665.4681254328334,2327.768168646222,1007.3270680508888,9,-0.7071067811865475,0.7071067811865476,0,0,1,6.201903485888889,6.883866901888889,4.718276212527778,4.46485140163889,19.274426173416668,17.851597591666668,18.409084794722222,18.60976037316667,957.7790681506112,200.28425978958333,232.3755870049445,20.07319077258333,-172.17339728194133,435.98515251673166,1431.48542243675,644.4667264569999,543,543,2.472830978383556,3.104849231178583
A4,roll_03,mlr,2026-01-26 10:00:00+00:00,2026-01-26 11:00:00+00:00,0,1,2025-12-08T00:00:00+00:00,2026-01-26T00:00:00+00:00,2026-01-26T00:00:00+00:00,2026-02-02T00:00:00+00:00,-741.4332030484165,-271.8694349947041,-469.56376805371247,1,high,0,0.0,0,2,1,0,0,0,0,0,0,0,0,0,0,0,0,0,0,0,0,0,0,0,0,0,0,799.5036943302779,1007.3270680508888,3079.3561128761667,-569.4865977234444,10,-0.8660254037844387,0.4999999999999999,0,0,1,7.908126318222223,7.554804945722222,6.201903485888889,4.6137414355,19.29423308175,18.305271993833333,19.274426173416668,18.23413413661111,1452.9506088285557,300.6106887920556,957.7790681506112,79.55278716463889,-172.17339728194133,435.98515251673166,1431.48542243675,644.4667264569999,543,543,0.6821112348782526,3.3716537041887884
A4,roll_03,mlr,2026-01-26 11:00:00+00:00,2026-01-26 12:00:00+00:00,0,1,2025-12-08T00:00:00+00:00,2026-01-26T00:00:00+00:00,2026-01-26T00:00:00+00:00,2026-02-02T00:00:00+00:00,-1079.799870834083,-393.97668889456713,-685.823181939516,1,high,0,0.0,0,2,1,0,0,0,0,0,0,0,0,0,0,0,0,0,0,0,0,0,0,0,0,0,0,764.1083921755,-569.4865977234444,1060.977643347722,-741.4332030484165,11,-0.9659258262890682,0.258819045102521,0,0,1,8.922148164944444,7.938572868611111,7.908126318222223,5.1184929485833335,19.045338705444447,17.913517779527776,19.29423308175,18.24494905780556,1282.8998087142222,360.65137327452777,1452.9506088285557,220.18301505319445,-172.17339728194133,435.98515251673166,1431.48542243675,644.4667264569999,543,543,1.1781359564483391,3.896687276745529
A4,roll_03,mlr,2026-01-26 12:00:00+00:00,2026-01-26 13:00:00+00:00,0,1,2025-12-08T00:00:00+00:00,2026-01-26T00:00:00+00:00,2026-01-26T00:00:00+00:00,2026-02-02T00:00:00+00:00,94.50215176250003,-787.3966311558174,881.8987829183175,1,high,0,0.0,0,2,1,0,0,0,0,0,0,0,0,0,0,0,0,0,0,0,0,0,0,0,0,0,0,135.93812644077775,-741.4332030484165,1745.3068945306666,-1079.799870834083,12,-1.0,1.2246467991473532e-16,0,0,1,9.81455455672222,8.697412192166667,8.922148164944444,6.667484349638889,19.22219746525,17.51108470222222,19.045338705444447,19.08982180188889,1568.292356256389,429.9776792980833,1282.8998087142222,527.3673956102779,-172.17339728194133,435.98515251673166,1431.48542243675,644.4667264569999,543,543,2.417679074885026,2.074557484176735
A4,roll_03,mlr,2026-01-26 13:00:00+00:00,2026-01-26 14:00:00+00:00,0,1,2025-12-08T00:00:00+00:00,2026-01-26T00:00:00+00:00,2026-01-26T00:00:00+00:00,2026-02-02T00:00:00+00:00,-184.2188756273056,40.300216793108575,-224.51909242041415,1,high,0,0.0,0,3,0,0,0,0,0,0,0,0,0,0,0,0,0,0,0,0,0,0,0,0,0,0,0,227.14875664072224,-1079.799870834083,906.8727746182224,94.50215176250003,13,-0.9659258262890684,-0.2588190451025208,0,0,1,11.254398788638888,9.178790924722222,9.81455455672222,7.015248214916667,19.500437073166665,17.4767666915,19.22219746525,18.02789201130556,1276.3594904251663,331.27048653,1568.292356256389,212.62666984819444,-172.17339728194133,435.98515251673166,1431.48542243675,644.4667264569999,543,543,0.12006302241327808,2.5070406767879247
A4,roll_03,mlr,2026-01-26 14:00:00+00:00,2026-01-26 15:00:00+00:00,0,1,2025-12-08T00:00:00+00:00,2026-01-26T00:00:00+00:00,2026-01-26T00:00:00+00:00,2026-02-02T00:00:00+00:00,297.8340901346389,423.0287246493999,-125.194634514761,1,med,0,0.0,0,3,1,0,0,0,0,0,0,0,0,0,0,0,0,0,0,0,0,0,0,0,0,0,0,1951.074940760889,94.50215176250003,1490.25308828425,-184.2188756273056,14,-0.8660254037844388,-0.4999999999999997,0,0,1,11.926946225083334,8.86652897075,11.254398788638888,7.1463404341666665,18.60872707988889,18.02714254913889,19.500437073166665,18.02865631725,748.6199065452223,138.99832969141667,1276.3594904251663,125.078570753,-172.17339728194133,435.98515251673166,1431.48542243675,644.4667264569999,543,543,0.10775312529794794,1.759053316118331
A4,roll_03,mlr,2026-01-26 15:00:00+00:00,2026-01-26 16:00:00+00:00,0,1,2025-12-08T00:00:00+00:00,2026-01-26T00:00:00+00:00,2026-01-26T00:00:00+00:00,2026-02-02T00:00:00+00:00,931.8924169395276,856.2355988706131,75.6568180689145,1,low,0,0.0,0,3,0,0,0,0,0,0,0,0,0,0,0,0,0,0,0,0,0,0,0,0,0,0,0,806.2876032480555,-184.2188756273056,924.6930943503612,297.8340901346389,15,-0.7071067811865479,-0.7071067811865471,0,0,1,10.923911111027778,8.054252913972222,11.926946225083334,6.817918164777777,18.19638072175,17.764550296583334,18.60872707988889,17.959508398916665,222.2870635009722,60.29446228413889,748.6199065452223,0.0,-172.17339728194133,435.98515251673166,1431.48542243675,644.4667264569999,543,543,0.5684372826006843,0.7752037226867696
A4,roll_03,mlr,2026-01-26 16:00:00+00:00,2026-01-26 17:00:00+00:00,0,1,2025-12-08T00:00:00+00:00,2026-01-26T00:00:00+00:00,2026-01-26T00:00:00+00:00,2026-02-02T00:00:00+00:00,2682.2788242863057,1203.9971585070707,1478.281665779235,0,night,0,0.0,0,2,0,0,0,0,0,0,0,0,0,0,0,0,0,0,0,0,0,0,0,0,0,0,0,738.6692789706944,297.8340901346389,1936.265559235028,931.8924169395276,16,-0.5000000000000004,-0.8660254037844385,0,0,1,8.400742399944445,6.7582327050833335,10.923911111027778,6.112700724861111,17.840104336222222,17.51009285883333,18.19638072175,18.36010683186112,0.0,0.0,222.2870635009722,0.0,-172.17339728194133,435.98515251673166,1431.48542243675,644.4667264569999,543,543,3.7855763058303626,1.9408192083490148
A4,roll_03,mlr,2026-01-26 17:00:00+00:00,2026-01-26 18:00:00+00:00,0,1,2025-12-08T00:00:00+00:00,2026-01-26T00:00:00+00:00,2026-01-26T00:00:00+00:00,2026-02-02T00:00:00+00:00,1447.201125872611,1745.865651499099,-298.66452562648783,0,night,0,0.0,0,2,0,0,0,0,0,0,0,0,0,0,0,0,0,0,0,0,0,0,0,0,0,0,0,1883.6500829357776,931.8924169395276,1053.6913190111388,2682.2788242863057,17,-0.2588190451025206,-0.9659258262890684,0,0,1,7.112603206694445,6.245921308277777,8.400742399944445,5.021550218833333,17.924488307083333,17.879649593055557,17.840104336222222,17.625167409194443,0.0,0.0,0.0,0.0,-172.17339728194133,435.98515251673166,1431.48542243675,644.4667264569999,543,543,0.29012714679473445,0.024385593221017392
A4,roll_03,mlr,2026-01-26 18:00:00+00:00,2026-01-26 19:00:00+00:00,0,1,2025-12-08T00:00:00+00:00,2026-01-26T00:00:00+00:00,2026-01-26T00:00:00+00:00,2026-02-02T00:00:00+00:00,1800.8310691792778,1639.857539075016,160.97353010426173,0,night,0,0.0,0,2,0,0,0,0,0,0,0,0,0,0,0,0,0,0,0,0,0,0,0,0,0,0,0,1098.2935032161668,2682.2788242863057,1042.3809986754163,1447.201125872611,18,-1.8369701987210287e-16,-1.0,0,0,1,6.219289706472222,6.290845957444444,7.112603206694445,4.227878578694444,17.69503970936111,17.678952539277777,17.924488307083333,17.660656862222222,0.0,0.0,0.0,0.0,-172.17339728194133,435.98515251673166,1431.48542243675,644.4667264569999,543,543,0.7641244786963657,0.5731027399552975
A4,roll_03,mlr,2026-01-26 23:00:00+00:00,2026-01-27 00:00:00+00:00,0,1,2025-12-08T00:00:00+00:00,2026-01-26T00:00:00+00:00,2026-01-26T00:00:00+00:00,2026-02-02T00:00:00+00:00,389.13017225908334,199.2634556298858,189.86671662919755,0,night,0,0.0,0,1,0,0,0,0,0,0,0,0,0,0,0,0,0,0,0,0,0,0,0,0,0,0,0,356.1728901926111,411.4689791798889,401.8299940770556,370.9779513775556,23,0.965925826289068,-0.2588190451025215,0,0,1,3.129626014638889,2.691163158333333,3.385893129472222,4.466046058277779,18.01849170036111,18.135445305027776,18.39947556380556,18.2452798105,0.0,0.0,0.0,0.0,-172.17339728194133,435.98515251673166,1431.48542243675,644.4667264569999,543,543,0.8303955119142388,1.6173918798074902
A4,roll_03,mlr,2026-01-27 00:00:00+00:00,2026-01-27 01:00:00+00:00,0,1,2025-12-08T00:00:00+00:00,2026-01-26T00:00:00+00:00,2026-01-26T00:00:00+00:00,2026-02-02T00:00:00+00:00,376.84390502849993,1286.0977853526902,-909.2538803241904,0,night,0,0.0,0,1,0,0,0,0,0,0,0,0,0,0,0,0,0,0,0,0,0,0,0,0,0,0,1,357.6195414715833,370.9779513775556,369.4281183008611,389.13017225908334,0,1.0,0.0,0,0,1,2.743908631833333,3.258476226361111,3.129626014638889,4.461170374777778,18.11665515311111,18.171040281166665,18.01849170036111,18.523186238833336,0.0,0.0,0.0,0.0,-172.17339728194133,435.98515251673166,1431.48542243675,644.4667264569999,543,543,1.6906091383787716,1.636456118077987
A4,roll_03,mlr,2026-01-27 05:00:00+00:00,2026-01-27 06:00:00+00:00,0,1,2025-12-08T00:00:00+00:00,2026-01-26T00:00:00+00:00,2026-01-26T00:00:00+00:00,2026-02-02T00:00:00+00:00,1857.5546669058888,1692.0608369746296,165.49382993125914,0,night,0,0.0,0,1,0,0,0,0,0,0,0,0,0,0,0,0,0,0,0,0,0,0,0,0,0,0,1,1994.0688999676115,949.6719199514168,2114.055589798917,1868.492211110528,5,0.2588190451025207,0.9659258262890684,0,0,1,0.9838426465833332,4.0833006567500005,1.1562568538333335,4.408384114472223,18.67930558830556,18.61474645088889,18.49733369363889,18.76648325919444,0.0,0.0,0.0,0.0,-172.17339728194133,435.98515251673166,1431.48542243675,644.4667264569999,543,543,0.7744924919209076,0.6611190725260304
A4,roll_03,mlr,2026-01-27 06:00:00+00:00,2026-01-27 07:00:00+00:00,0,1,2025-12-08T00:00:00+00:00,2026-01-26T00:00:00+00:00,2026-01-26T00:00:00+00:00,2026-02-02T00:00:00+00:00,1526.8297823245,1836.1941816790516,-309.3643993545513,0,night,0,0.0,0,1,0,0,0,0,0,0,0,0,0,0,0,0,0,0,0,0,0,0,0,0,0,0,1,2029.167694873528,1868.492211110528,2600.770309974528,1857.5546669058888,6,6.123233995736766e-17,1.0,0,0,1,1.1472138321111112,3.4344617149444443,0.9838426465833332,4.431008716472223,18.36578900947222,18.44960326755556,18.67930558830556,18.49337982475,0.0,0.0,0.0,0.0,-172.17339728194133,435.98515251673166,1431.48542243675,644.4667264569999,543,543,0.3146689773279494,0.14794302944375756
A4,roll_03,mlr,2026-01-27 07:00:00+00:00,2026-01-27 08:00:00+00:00,0,1,2025-12-08T00:00:00+00:00,2026-01-26T00:00:00+00:00,2026-01-26T00:00:00+00:00,2026-02-02T00:00:00+00:00,1412.669924658583,1442.680920589411,-30.010995930827903,1,low,0,0.0,0,1,0,0,0,0,0,0,0,0,0,0,0,0,0,0,0,0,0,0,0,0,0,0,1,2071.0094555605,1857.5546669058888,2010.6085535996945,1526.8297823245,7,-0.2588190451025206,0.9659258262890684,0,0,1,1.5920451545555556,3.243632700527778,1.1472138321111112,4.217437003583334,18.29162538472222,18.262677875222224,18.36578900947222,18.407470120777777,181.0939341638056,25.396158990166665,0.0,23.868688164416664,-172.17339728194133,435.98515251673166,1431.48542243675,644.4667264569999,543,543,0.3260716575564066,0.02919545262112505
A4,roll_03,mlr,2026-01-27 08:00:00+00:00,2026-01-27 09:00:00+00:00,0,1,2025-12-08T00:00:00+00:00,2026-01-26T00:00:00+00:00,2026-01-26T00:00:00+00:00,2026-02-02T00:00:00+00:00,1534.4343933593334,1018.078433419074,516.3559599402595,1,med,0,0.0,0,1,0,0,0,0,0,0,0,0,0,0,0,0,0,0,0,0,0,0,0,0,0,0,1,1907.5549124286945,1526.8297823245,1665.4681254328334,1412.669924658583,8,-0.4999999999999998,0.8660254037844387,0,0,1,3.136497066611111,3.802172906555555,1.5920451545555556,4.718276212527778,18.65486796255556,18.28468123055556,18.29162538472222,18.409084794722222,499.9208653843889,287.3037690233889,181.0939341638056,232.3755870049445,-172.17339728194133,435.98515251673166,1431.48542243675,644.4667264569999,543,543,1.5792495529897141,0.15974287995992037
A4,roll_03,mlr,2026-01-27 09:00:00+00:00,2026-01-27 10:00:00+00:00,0,1,2025-12-08T00:00:00+00:00,2026-01-26T00:00:00+00:00,2026-01-26T00:00:00+00:00,2026-02-02T00:00:00+00:00,1156.7474213855278,1162.8123650616217,-6.06494367609389,1,med,0,0.0,0,1,0,0,0,0,0,0,0,0,0,0,0,0,0,0,0,0,0,0,0,0,0,0,1,720.9783473233889,1412.669924658583,1007.3270680508888,1534.4343933593334,9,-0.7071067811865475,0.7071067811865476,0,0,1,4.706430078027778,5.253853115111111,3.136497066611111,6.201903485888889,18.752280843,18.12476716330556,18.65486796255556,19.274426173416668,628.2161829386944,621.6916147889167,499.9208653843889,957.7790681506112,-172.17339728194133,435.98515251673166,1431.48542243675,644.4667264569999,543,543,0.3809956661298753,0.42630284818832037
A4,roll_03,mlr,2026-01-27 10:00:00+00:00,2026-01-27 11:00:00+00:00,0,1,2025-12-08T00:00:00+00:00,2026-01-26T00:00:00+00:00,2026-01-26T00:00:00+00:00,2026-02-02T00:00:00+00:00,339.89285018286114,715.8398530802365,-375.94700289737534,1,med,0,0.0,0,2,0,0,0,0,0,0,0,0,0,0,0,0,0,0,0,0,0,0,0,0,0,0,1,151.7976551743889,1534.4343933593334,-569.4865977234444,1156.7474213855278,10,-0.8660254037844387,0.4999999999999999,0,0,1,6.267240583472223,6.455607524222223,4.706430078027778,7.908126318222223,19.328630021027777,18.34517670655556,18.752280843,19.29423308175,1074.0207572205,959.4708232418888,628.2161829386944,1452.9506088285557,-172.17339728194133,435.98515251673166,1431.48542243675,644.4667264569999,543,543,0.4673865713984695,1.6937919793858
A4,roll_03,mlr,2026-01-27 11:00:00+00:00,2026-01-27 12:00:00+00:00,0,1,2025-12-08T00:00:00+00:00,2026-01-26T00:00:00+00:00,2026-01-26T00:00:00+00:00,2026-02-02T00:00:00+00:00,1030.8584088937498,718.3397053023941,312.5187035913557,1,med,0,0.0,0,2,0,0,0,0,0,0,0,0,0,0,0,0,0,0,0,0,0,0,0,0,0,0,1,787.0186959797501,1156.7474213855278,-741.4332030484165,339.89285018286114,11,-0.9659258262890682,0.258819045102521,0,0,1,7.697859210388889,6.95239593825,6.267240583472223,8.922148164944444,19.243634988,18.396018660722223,19.328630021027777,19.045338705444447,965.1249525716944,590.2926090344722,1074.0207572205,1282.8998087142222,-172.17339728194133,435.98515251673166,1431.48542243675,644.4667264569999,543,543,1.1117169886988207,0.6216411136467428
A4,roll_03,mlr,2026-01-27 12:00:00+00:00,2026-01-27 13:00:00+00:00,0,1,2025-12-08T00:00:00+00:00,2026-01-26T00:00:00+00:00,2026-01-26T00:00:00+00:00,2026-02-02T00:00:00+00:00,1307.5905215424166,1398.3618510530646,-90.771329510648,1,low,0,0.0,0,2,0,0,0,0,0,0,0,0,0,0,0,0,0,0,0,0,0,0,0,0,0,0,1,-140.12853059388888,339.89285018286114,-1079.799870834083,1030.8584088937498,12,-1.0,1.2246467991473532e-16,0,0,1,8.44994003075,7.796212953166666,7.697859210388889,9.81455455672222,18.26876692975,17.971774747861108,19.243634988,19.22219746525,211.40887729319445,566.0869300739722,965.1249525716944,1568.292356256389,-172.17339728194133,435.98515251673166,1431.48542243675,644.4667264569999,543,543,0.1867083484412222,0.19224406134270758
A4,roll_03,mlr,2026-01-27 13:00:00+00:00,2026-01-27 14:00:00+00:00,0,1,2025-12-08T00:00:00+00:00,2026-01-26T00:00:00+00:00,2026-01-26T00:00:00+00:00,2026-02-02T00:00:00+00:00,899.1258070269446,1492.0905842429297,-592.9647772159851,1,low,0,0.0,0,2,0,0,0,0,0,0,0,0,0,0,0,0,0,0,0,0,0,0,0,0,0,0,1,90.30469802694444,1030.8584088937498,94.50215176250003,1307.5905215424166,13,-0.9659258262890684,-0.2588190451025208,0,0,1,8.259617161472223,7.90864646013889,8.44994003075,11.254398788638888,18.076811365166662,17.30683716836111,18.26876692975,19.500437073166665,95.77065074513888,232.06871784988888,211.40887729319445,1276.3594904251663,-172.17339728194133,435.98515251673166,1431.48542243675,644.4667264569999,543,543,0.9651507109932952,0.8260467042829177
A4,roll_03,mlr,2026-01-27 14:00:00+00:00,2026-01-27 15:00:00+00:00,0,1,2025-12-08T00:00:00+00:00,2026-01-26T00:00:00+00:00,2026-01-26T00:00:00+00:00,2026-02-02T00:00:00+00:00,1560.9848600250834,1333.8755426580624,227.10931736702105,1,low,0,0.0,0,2,0,0,0,0,0,0,0,0,0,0,0,0,0,0,0,0,0,0,0,0,0,0,1,1579.226911155389,1307.5905215424166,-184.2188756273056,899.1258070269446,14,-0.8660254037844388,-0.4999999999999997,0,0,1,7.754356971027778,7.004071844694444,8.259617161472223,11.926946225083334,17.710901361,18.014104303444444,18.076811365166662,18.60872707988889,20.843421866277776,65.92271638830555,95.77065074513888,748.6199065452223,-172.17339728194133,435.98515251673166,1431.48542243675,644.4667264569999,543,543,0.9158172298852293,0.20094045553021095
A4,roll_03,mlr,2026-01-27 15:00:00+00:00,2026-01-27 16:00:00+00:00,0,1,2025-12-08T00:00:00+00:00,2026-01-26T00:00:00+00:00,2026-01-26T00:00:00+00:00,2026-02-02T00:00:00+00:00,1794.9346924112222,1396.5545919717647,398.3801004394575,1,night,0,0.0,0,2,0,0,0,0,0,0,0,0,0,0,0,0,0,0,0,0,0,0,0,0,0,0,1,1514.7609178625555,899.1258070269446,297.8340901346389,1560.9848600250834,15,-0.7071067811865479,-0.7071067811865471,0,0,1,7.113380494527778,6.226552915722222,7.754356971027778,10.923911111027778,18.19326131930556,17.985049249555555,17.710901361,18.19638072175,0.0,0.0,20.843421866277776,222.2870635009722,-172.17339728194133,435.98515251673166,1431.48542243675,644.4667264569999,543,543,1.3086535044321328,0.5639535061376395
A4,roll_03,mlr,2026-01-27 16:00:00+00:00,2026-01-27 17:00:00+00:00,0,1,2025-12-08T00:00:00+00:00,2026-01-26T00:00:00+00:00,2026-01-26T00:00:00+00:00,2026-02-02T00:00:00+00:00,843.3756644045833,1580.4586749061073,-737.083010501524,0,night,0,0.0,0,2,0,0,0,0,0,0,0,0,0,0,0,0,0,0,0,0,0,0,0,0,0,0,1,1201.4197669487778,1560.9848600250834,931.8924169395276,1794.9346924112222,16,-0.5000000000000004,-0.8660254037844385,0,0,1,6.417744069444445,5.539642565916666,7.113380494527778,8.400742399944445,18.04983601577777,17.38080857111111,18.19326131930556,17.840104336222222,0.0,0.0,0.0,0.0,-172.17339728194133,435.98515251673166,1431.48542243675,644.4667264569999,543,543,1.295708374376128,0.9125525552969049
A4,roll_03,mlr,2026-01-27 17:00:00+00:00,2026-01-27 18:00:00+00:00,0,1,2025-12-08T00:00:00+00:00,2026-01-26T00:00:00+00:00,2026-01-26T00:00:00+00:00,2026-02-02T00:00:00+00:00,973.197521312722,1246.126516824218,-272.92899551149605,0,night,0,0.0,0,2,0,0,0,0,0,0,0,0,0,0,0,0,0,0,0,0,0,0,0,0,0,0,1,753.0024936381111,1794.9346924112222,2682.2788242863057,843.3756644045833,17,-0.2588190451025206,-0.9659258262890684,0,0,1,6.518880213805556,5.106537856944445,6.417744069444445,7.112603206694445,17.523798786,17.944962672305554,18.04983601577777,17.924488307083333,0.0,0.0,0.0,0.0,-172.17339728194133,435.98515251673166,1431.48542243675,644.4667264569999,543,543,0.23109869143006667,0.7111118112233618
A4,roll_03,mlr,2026-01-27 18:00:00+00:00,2026-01-27 19:00:00+00:00,0,1,2025-12-08T00:00:00+00:00,2026-01-26T00:00:00+00:00,2026-01-26T00:00:00+00:00,2026-02-02T00:00:00+00:00,1523.8945169891667,910.6253138106476,613.2692031785191,0,night,0,0.0,0,2,0,0,0,0,0,0,0,0,0,0,0,0,0,0,0,0,0,0,0,0,0,0,1,1059.3235259904168,843.3756644045833,1447.201125872611,973.197521312722,18,-1.8369701987210287e-16,-1.0,0,0,1,6.447346530638889,5.047560526333333,6.518880213805556,6.219289706472222,17.747513365055557,17.76713559486111,17.523798786,17.69503970936111,0.0,0.0,0.0,0.0,-172.17339728194133,435.98515251673166,1431.48542243675,644.4667264569999,543,543,1.80153520349599,0.1433884648482041
A4,roll_03,mlr,2026-01-27 19:00:00+00:00,2026-01-27 20:00:00+00:00,0,1,2025-12-08T00:00:00+00:00,2026-01-26T00:00:00+00:00,2026-01-26T00:00:00+00:00,2026-02-02T00:00:00+00:00,985.6768274591944,1148.8921682824007,-163.21534082320625,0,night,0,0.0,0,2,0,0,0,0,0,0,0,0,0,0,0,0,0,0,0,0,0,0,0,0,0,0,1,2397.7932220235834,973.197521312722,1800.8310691792778,1523.8945169891667,19,0.2588190451025203,-0.9659258262890684,0,0,1,5.853020431666667,4.7790201357777775,6.447346530638889,5.074136068694444,18.224571140166667,18.29565681925,17.747513365055557,17.853487320499998,0.0,0.0,0.0,0.0,-172.17339728194133,435.98515251673166,1431.48542243675,644.4667264569999,543,543,0.020546700746629912,0.6917480401640267
A4,roll_03,mlr,2026-01-27 20:00:00+00:00,2026-01-27 21:00:00+00:00,0,1,2025-12-08T00:00:00+00:00,2026-01-26T00:00:00+00:00,2026-01-26T00:00:00+00:00,2026-02-02T00:00:00+00:00,1010.58551608475,1069.4286134608706,-58.84309737612057,0,night,0,0.0,0,2,0,0,0,0,0,0,0,0,0,0,0,0,0,0,0,0,0,0,0,0,0,0,1,1239.3215171065278,1523.8945169891667,1879.5046675005,985.6768274591944,20,0.5000000000000001,-0.8660254037844386,0,0,1,5.681178345833334,4.616484813166667,5.853020431666667,4.405074585055556,17.815112795055555,18.163473134916668,18.224571140166667,18.49665259761112,0.0,0.0,0.0,0.0,-172.17339728194133,435.98515251673166,1431.48542243675,644.4667264569999,543,543,0.25994073250343436,0.6530979631267019
A4,roll_03,mlr,2026-01-27 21:00:00+00:00,2026-01-27 22:00:00+00:00,0,1,2025-12-08T00:00:00+00:00,2026-01-26T00:00:00+00:00,2026-01-26T00:00:00+00:00,2026-02-02T00:00:00+00:00,469.4664131017777,750.2311642435361,-280.76475114175844,0,night,0,0.0,0,2,0,0,0,0,0,0,0,0,0,0,0,0,0,0,0,0,0,0,0,0,0,0,1,1097.120321607,985.6768274591944,982.8754678472778,1010.58551608475,21,0.7071067811865474,-0.7071067811865477,0,0,1,5.6377634685,3.733819858222222,5.681178345833334,4.6045820965277775,18.10064228113889,17.823669394694445,17.815112795055555,18.201204467472223,0.0,0.0,0.0,0.0,-172.17339728194133,435.98515251673166,1431.48542243675,644.4667264569999,543,543,0.24907122004722335,1.4927365057677033
A4,roll_03,mlr,2026-01-27 22:00:00+00:00,2026-01-27 23:00:00+00:00,0,1,2025-12-08T00:00:00+00:00,2026-01-26T00:00:00+00:00,2026-01-26T00:00:00+00:00,2026-02-02T00:00:00+00:00,1039.222492417361,625.3849618025797,413.8375306147814,0,night,0,0.0,0,2,0,0,0,0,0,0,0,0,0,0,0,0,0,0,0,0,0,0,0,0,0,0,1,532.8753846346667,1010.58551608475,411.4689791798889,469.4664131017777,22,0.8660254037844384,-0.5000000000000004,0,0,1,5.511910193805555,2.806227175638889,5.6377634685,3.385893129472222,18.249919140416665,21.387805783944444,18.10064228113889,18.39947556380556,0.0,0.0,0.0,0.0,-172.17339728194133,435.98515251673166,1431.48542243675,644.4667264569999,543,543,1.3441075332817292,0.6086628120832263
A4,roll_03,mlr,2026-01-27 23:00:00+00:00,2026-01-28 00:00:00+00:00,0,1,2025-12-08T00:00:00+00:00,2026-01-26T00:00:00+00:00,2026-01-26T00:00:00+00:00,2026-02-02T00:00:00+00:00,431.1445660605278,410.3168764532225,20.82768960730533,0,night,0,0.0,0,2,0,0,0,0,0,0,0,0,0,0,0,0,0,0,0,0,0,0,0,0,0,0,1,374.928417115,469.4664131017777,370.9779513775556,1039.222492417361,23,0.965925826289068,-0.2588190451025215,0,0,1,5.521770110833334,2.466718193027777,5.511910193805555,3.129626014638889,18.24883212461111,17.90830201163889,18.249919140416665,18.01849170036111,0.0,0.0,0.0,0.0,-172.17339728194133,435.98515251673166,1431.48542243675,644.4667264569999,543,543,0.44267811822293635,1.5521993848707516
A4,roll_03,mlr,2026-01-28 04:00:00+00:00,2026-01-28 05:00:00+00:00,0,1,2025-12-08T00:00:00+00:00,2026-01-26T00:00:00+00:00,2026-01-26T00:00:00+00:00,2026-02-02T00:00:00+00:00,2035.0871509705555,1126.2738729261728,908.8132780443829,0,night,0,0.0,0,2,0,0,0,0,0,0,0,0,0,0,0,0,0,0,0,0,0,0,0,0,0,0,2,1049.641280434889,421.2961618739444,949.6719199514168,1092.225752789,4,0.5000000000000001,0.8660254037844386,0,0,1,5.284482934222222,0.5259598769722222,5.2807922785,1.1562568538333335,18.57139395311111,18.346101567916666,18.31751713141667,18.49733369363889,0.0,0.0,0.0,0.0,-172.17339728194133,435.98515251673166,1431.48542243675,644.4667264569999,543,543,2.4794116705266456,0.9365909887266756
A4,roll_03,mlr,2026-01-28 05:00:00+00:00,2026-01-28 06:00:00+00:00,0,1,2025-12-08T00:00:00+00:00,2026-01-26T00:00:00+00:00,2026-01-26T00:00:00+00:00,2026-02-02T00:00:00+00:00,2063.430210569112,1633.4369050878904,429.9933054812218,0,night,0,0.0,0,2,0,0,0,0,0,0,0,0,0,0,0,0,0,0,0,0,0,0,0,0,0,0,2,2165.628261214222,1092.225752789,1868.492211110528,2035.0871509705555,5,0.2588190451025207,0.9659258262890684,0,0,1,5.513712828027778,0.3656367874444444,5.284482934222222,0.9838426465833332,18.634632919027776,18.44876204208333,18.57139395311111,18.67930558830556,0.0,0.0,0.0,0.0,-172.17339728194133,435.98515251673166,1431.48542243675,644.4667264569999,543,543,1.3811633246846726,0.9805700778479628
A4,roll_03,mlr,2026-01-28 06:00:00+00:00,2026-01-28 07:00:00+00:00,0,1,2025-12-08T00:00:00+00:00,2026-01-26T00:00:00+00:00,2026-01-26T00:00:00+00:00,2026-02-02T00:00:00+00:00,1837.9513309886668,1813.9670983797816,23.98423260888489,0,night,0,0.0,0,2,0,0,0,0,0,0,0,0,0,0,0,0,0,0,0,0,0,0,0,0,0,0,2,2007.6322741502224,2035.0871509705555,1857.5546669058888,2063.430210569112,6,6.123233995736766e-17,1.0,0,0,1,5.542613285861112,0.0914363476111111,5.513712828027778,1.1472138321111112,18.442081739,18.20441595636111,18.634632919027776,18.36578900947222,0.0,0.0,0.0,0.0,-172.17339728194133,435.98515251673166,1431.48542243675,644.4667264569999,543,543,0.4499181423002664,0.630701154715141
A4,roll_03,mlr,2026-01-28 07:00:00+00:00,2026-01-28 08:00:00+00:00,0,1,2025-12-08T00:00:00+00:00,2026-01-26T00:00:00+00:00,2026-01-26T00:00:00+00:00,2026-02-02T00:00:00+00:00,1887.533959910028,1678.0789728520926,209.4549870579353,1,night,0,0.0,0,2,0,0,0,0,0,0,0,0,0,0,0,0,0,0,0,0,0,0,0,0,0,0,2,1787.7926135424725,2063.430210569112,1526.8297823245,1837.9513309886668,7,-0.2588190451025206,0.9659258262890684,0,0,1,5.184793339416666,0.4624889772777778,5.542613285861112,1.5920451545555556,18.612981790916667,18.099627230388887,18.442081739,18.29162538472222,0.0,88.74529710644445,0.0,181.0939341638056,-172.17339728194133,435.98515251673166,1431.48542243675,644.4667264569999,543,543,0.8753242676658147,0.7076370567343889
A4,roll_03,mlr,2026-01-28 08:00:00+00:00,2026-01-28 09:00:00+00:00,0,1,2025-12-08T00:00:00+00:00,2026-01-26T00:00:00+00:00,2026-01-26T00:00:00+00:00,2026-02-02T00:00:00+00:00,1927.4843435574169,1595.9606028017934,331.5237407556235,1,night,0,0.0,0,2,0,0,0,0,0,0,0,0,0,0,0,0,0,0,0,0,0,0,0,0,0,0,2,1396.283928898889,1837.9513309886668,1412.669924658583,1887.533959910028,8,-0.4999999999999998,0.8660254037844387,0,0,1,5.1913422946944445,2.0457270672222223,5.184793339416666,3.136497066611111,18.377665885472226,18.33234830197222,18.612981790916667,18.65486796255556,0.0,506.86706511469447,0.0,499.9208653843889,-172.17339728194133,435.98515251673166,1431.48542243675,644.4667264569999,543,543,1.1553080079217484,0.7696268880279591
A4,roll_03,mlr,2026-01-28 09:00:00+00:00,2026-01-28 10:00:00+00:00,0,1,2025-12-08T00:00:00+00:00,2026-01-26T00:00:00+00:00,2026-01-26T00:00:00+00:00,2026-02-02T00:00:00+00:00,1864.801970357278,1554.4277161097125,310.37425424756543,1,low,0,0.0,0,2,0,0,0,0,0,0,0,0,0,0,0,0,0,0,0,0,0,0,0,0,0,0,2,1012.9496219223612,1887.533959910028,1534.4343933593334,1927.4843435574169,9,-0.7071067811865475,0.7071067811865476,0,0,1,5.373750419944444,3.9313944355833335,5.1913422946944445,4.706430078027778,18.25319205494445,18.699979865277776,18.377665885472226,18.752280843,10.544310736611113,949.0842489008888,0.0,628.2161829386944,-172.17339728194133,435.98515251673166,1431.48542243675,644.4667264569999,543,543,1.1067983594028197,0.6723644994097917
A4,roll_03,mlr,2026-01-28 10:00:00+00:00,2026-01-28 11:00:00+00:00,0,1,2025-12-08T00:00:00+00:00,2026-01-26T00:00:00+00:00,2026-01-26T00:00:00+00:00,2026-02-02T00:00:00+00:00,3141.5486331360003,1537.394367151634,1604.1542659843662,1,low,0,0.0,0,2,0,0,0,0,0,0,0,0,0,0,0,0,0,0,0,0,0,0,0,0,0,0,2,755.3586427439723,1927.4843435574169,1156.7474213855278,1864.801970357278,10,-0.8660254037844387,0.4999999999999999,0,0,1,5.65833449311111,5.315615807527778,5.373750419944444,6.267240583472223,18.034370881194445,19.066515733777777,18.25319205494445,19.328630021027777,25.393810472444443,1313.273773081028,10.544310736611113,1074.0207572205,-172.17339728194133,435.98515251673166,1431.48542243675,644.4667264569999,543,543,4.074284761791603,2.653454616812322
A4,roll_03,mlr,2026-01-28 11:00:00+00:00,2026-01-28 12:00:00+00:00,0,1,2025-12-08T00:00:00+00:00,2026-01-26T00:00:00+00:00,2026-01-26T00:00:00+00:00,2026-02-02T00:00:00+00:00,3688.242951303472,1887.566422195966,1800.6765291075062,1,low,0,0.0,0,2,0,0,0,0,0,0,0,0,0,0,0,0,0,0,0,0,0,0,0,0,0,0,2,53.140800646916695,1864.801970357278,339.89285018286114,3141.5486331360003,11,-0.9659258262890682,0.258819045102521,0,0,1,5.88800453525,6.909244716555556,5.65833449311111,7.697859210388889,18.29865785161111,19.08309364155556,18.034370881194445,19.243634988,223.8937608820556,1427.9776504355557,25.393810472444443,965.1249525716944,-172.17339728194133,435.98515251673166,1431.48542243675,644.4667264569999,543,543,4.525039247325598,3.5017440563198687
A4,roll_03,mlr,2026-01-28 12:00:00+00:00,2026-01-28 13:00:00+00:00,0,1,2025-12-08T00:00:00+00:00,2026-01-26T00:00:00+00:00,2026-01-26T00:00:00+00:00,2026-02-02T00:00:00+00:00,2978.0382318605,2531.825469850693,446.21276200980674,1,low,0,0.0,0,2,0,0,0,0,0,0,0,0,0,0,0,0,0,0,0,0,0,0,0,0,0,0,2,-768.0917536371389,3141.5486331360003,1030.8584088937498,3688.242951303472,12,-1.0,1.2246467991473532e-16,0,0,1,6.230890702111111,8.880089984972221,5.88800453525,8.44994003075,18.18650774847222,18.484981089805554,18.29865785161111,18.26876692975,217.1136607175556,1346.315216830611,223.8937608820556,211.40887729319445,-172.17339728194133,435.98515251673166,1431.48542243675,644.4667264569999,543,543,1.418365179919783,2.3997403526571968
A4,roll_03,mlr,2026-01-28 13:00:00+00:00,2026-01-28 14:00:00+00:00,0,1,2025-12-08T00:00:00+00:00,2026-01-26T00:00:00+00:00,2026-01-26T00:00:00+00:00,2026-02-02T00:00:00+00:00,3380.6789978081943,2538.651068510529,842.0279292976647,1,low,0,0.0,0,2,0,0,0,0,0,0,0,0,0,0,0,0,0,0,0,0,0,0,0,0,0,0,2,452.3195190723055,3688.242951303472,1307.5905215424166,2978.0382318605,13,-0.9659258262890684,-0.2588190451025208,0,0,1,6.399069186666668,10.48915223186111,6.230890702111111,8.259617161472223,17.592900088416666,18.524133185916664,18.18650774847222,18.076811365166662,113.17434017758336,1073.8044294135832,217.1136607175556,95.77065074513888,-172.17339728194133,435.98515251673166,1431.48542243675,644.4667264569999,543,543,2.3262290486845982,3.0245061464806255
A4,roll_03,mlr,2026-01-28 14:00:00+00:00,2026-01-28 15:00:00+00:00,0,1,2025-12-08T00:00:00+00:00,2026-01-26T00:00:00+00:00,2026-01-26T00:00:00+00:00,2026-02-02T00:00:00+00:00,3872.714778626834,2525.3204235812927,1347.394355045541,1,low,0,0.0,0,2,0,0,0,0,0,0,0,0,0,0,0,0,0,0,0,0,0,0,0,0,0,0,2,66.48684730938892,2978.0382318605,899.1258070269446,3380.6789978081943,14,-0.8660254037844388,-0.4999999999999997,0,0,1,6.31566832675,10.873624103916669,6.399069186666668,7.754356971027778,17.809436758833332,17.64684908008333,17.592900088416666,17.710901361,57.91523832122223,664.2745502861944,113.17434017758336,20.843421866277776,-172.17339728194133,435.98515251673166,1431.48542243675,644.4667264569999,543,543,3.4853658285282236,3.7879835466617644
A4,roll_03,mlr,2026-01-28 15:00:00+00:00,2026-01-28 16:00:00+00:00,0,1,2025-12-08T00:00:00+00:00,2026-01-26T00:00:00+00:00,2026-01-26T00:00:00+00:00,2026-02-02T00:00:00+00:00,3566.8731119283607,3013.816207094902,553.0569048334587,1,night,0,0.0,0,2,0,0,0,0,0,0,0,0,0,0,0,0,0,0,0,0,0,0,0,0,0,0,2,359.87914049975,3380.6789978081943,1560.9848600250834,3872.714778626834,15,-0.7071067811865479,-0.7071067811865471,0,0,1,6.244660061111111,9.67541222338889,6.31566832675,7.113380494527778,17.889092211916665,17.73781377975,17.809436758833332,18.19326131930556,0.0,144.55603472877775,57.91523832122223,0.0,-172.17339728194133,435.98515251673166,1431.48542243675,644.4667264569999,543,543,1.6634288987342707,3.3134180584171524
A4,roll_03,mlr,2026-01-28 16:00:00+00:00,2026-01-28 17:00:00+00:00,0,1,2025-12-08T00:00:00+00:00,2026-01-26T00:00:00+00:00,2026-01-26T00:00:00+00:00,2026-02-02T00:00:00+00:00,4099.8204709775,2874.1310789909903,1225.6893919865097,0,night,0,0.0,0,2,0,0,0,0,0,0,0,0,0,0,0,0,0,0,0,0,0,0,0,0,0,0,2,3501.792804637556,3872.714778626834,1794.9346924112222,3566.8731119283607,16,-0.5000000000000004,-0.8660254037844385,0,0,1,5.823090861361112,6.537365921777777,6.244660061111111,6.417744069444445,17.597432975833332,17.606137597472223,17.889092211916665,18.04983601577777,0.0,0.0,0.0,0.0,-172.17339728194133,435.98515251673166,1431.48542243675,644.4667264569999,543,543,3.206216498885947,4.140376747159787
A4,roll_03,mlr,2026-01-28 17:00:00+00:00,2026-01-28 18:00:00+00:00,0,1,2025-12-08T00:00:00+00:00,2026-01-26T00:00:00+00:00,2026-01-26T00:00:00+00:00,2026-02-02T00:00:00+00:00,3533.490893778889,2890.847571575436,642.6433222034534,0,night,0,0.0,0,2,0,0,0,0,0,0,0,0,0,0,0,0,0,0,0,0,0,0,0,0,0,0,2,3139.28925536575,3566.8731119283607,843.3756644045833,4099.8204709775,17,-0.2588190451025206,-0.9659258262890684,0,0,1,5.327666574166667,4.898183921,5.823090861361112,6.518880213805556,16.81522350208333,17.69062399725,17.597432975833332,17.523798786,0.0,0.0,0.0,0.0,-172.17339728194133,435.98515251673166,1431.48542243675,644.4667264569999,543,543,1.8689093304711215,3.2616198556875986
A4,roll_03,mlr,2026-01-28 18:00:00+00:00,2026-01-28 19:00:00+00:00,0,1,2025-12-08T00:00:00+00:00,2026-01-26T00:00:00+00:00,2026-01-26T00:00:00+00:00,2026-02-02T00:00:00+00:00,4150.093525715889,2671.044079448832,1479.0494462670567,0,night,0,0.0,0,2,0,0,0,0,0,0,0,0,0,0,0,0,0,0,0,0,0,0,0,0,0,0,2,3084.578836987528,4099.8204709775,973.197521312722,3533.490893778889,18,-1.8369701987210287e-16,-1.0,0,0,1,5.189922447472222,4.040946171194444,5.327666574166667,6.447346530638889,17.198094430777775,17.300488013416665,16.81522350208333,17.747513365055557,0.0,0.0,0.0,0.0,-172.17339728194133,435.98515251673166,1431.48542243675,644.4667264569999,543,543,3.7873373302216518,4.218383962543534
A4,roll_03,mlr,2026-01-28 19:00:00+00:00,2026-01-28 20:00:00+00:00,0,1,2025-12-08T00:00:00+00:00,2026-01-26T00:00:00+00:00,2026-01-26T00:00:00+00:00,2026-02-02T00:00:00+00:00,3498.4065437332224,2768.172638349746,730.2339053834762,0,night,0,0.0,0,2,0,0,0,0,0,0,0,0,0,0,0,0,0,0,0,0,0,0,0,0,0,0,2,3033.668790060889,3533.490893778889,1523.8945169891667,4150.093525715889,19,0.2588190451025203,-0.9659258262890684,0,0,1,5.153431917222222,3.191824916555556,5.189922447472222,5.853020431666667,17.99117864236111,17.536376965666665,17.198094430777775,18.224571140166667,0.0,0.0,0.0,0.0,-172.17339728194133,435.98515251673166,1431.48542243675,644.4667264569999,543,543,2.069812004964518,3.20718050512788
A4,roll_03,mlr,2026-01-28 20:00:00+00:00,2026-01-28 21:00:00+00:00,0,1,2025-12-08T00:00:00+00:00,2026-01-26T00:00:00+00:00,2026-01-26T00:00:00+00:00,2026-02-02T00:00:00+00:00,3031.050403281528,2579.2714308353934,451.7789724461345,0,night,0,0.0,0,2,0,0,0,0,0,0,0,0,0,0,0,0,0,0,0,0,0,0,0,0,0,0,2,2886.9925662115,4150.093525715889,985.6768274591944,3498.4065437332224,20,0.5000000000000001,-0.8660254037844386,0,0,1,5.344064076416667,2.487087112333333,5.153431917222222,5.681178345833334,17.54592248638889,17.762063201333333,17.99117864236111,17.815112795055555,0.0,0.0,0.0,0.0,-172.17339728194133,435.98515251673166,1431.48542243675,644.4667264569999,543,543,1.4311321523824843,2.4819977745608313
A4,roll_03,mlr,2026-01-28 21:00:00+00:00,2026-01-28 22:00:00+00:00,0,1,2025-12-08T00:00:00+00:00,2026-01-26T00:00:00+00:00,2026-01-26T00:00:00+00:00,2026-02-02T00:00:00+00:00,880.7419122894444,2096.161123049029,-1215.4192107595843,0,night,0,0.0,0,2,0,0,0,0,0,0,0,0,0,0,0,0,0,0,0,0,0,0,0,0,0,0,2,2551.3509306884166,3498.4065437332224,1010.58551608475,3031.050403281528,21,0.7071067811865474,-0.7071067811865477,0,0,1,5.513382952611111,1.9324537458333333,5.344064076416667,5.6377634685,19.893719509444445,17.464727486527778,17.54592248638889,18.10064228113889,0.0,0.0,0.0,0.0,-172.17339728194133,435.98515251673166,1431.48542243675,644.4667264569999,543,543,2.3928471129245774,0.8545724512032699
A4,roll_03,mlr,2026-01-28 22:00:00+00:00,2026-01-28 23:00:00+00:00,0,1,2025-12-08T00:00:00+00:00,2026-01-26T00:00:00+00:00,2026-01-26T00:00:00+00:00,2026-02-02T00:00:00+00:00,822.8956369502222,1130.216841850331,-307.3212049001089,0,night,0,0.0,0,2,0,0,0,0,0,0,0,0,0,0,0,0,0,0,0,0,0,0,0,0,0,0,2,2388.614872440278,3031.050403281528,469.4664131017777,880.7419122894444,22,0.8660254037844384,-0.5000000000000004,0,0,1,5.632813449722222,1.30014670125,5.513382952611111,5.511910193805555,19.97541349633333,17.690357956194443,19.893719509444445,18.249919140416665,0.0,0.0,0.0,0.0,-172.17339728194133,435.98515251673166,1431.48542243675,644.4667264569999,543,543,0.3099825919254924,0.9443308094931323
A4,roll_03,mlr,2026-01-28 23:00:00+00:00,2026-01-29 00:00:00+00:00,0,1,2025-12-08T00:00:00+00:00,2026-01-26T00:00:00+00:00,2026-01-26T00:00:00+00:00,2026-02-02T00:00:00+00:00,934.8170360965556,500.5736861719556,434.2433499246,0,night,0,0.0,0,2,0,0,0,0,0,0,0,0,0,0,0,0,0,0,0,0,0,0,0,0,0,0,2,1967.8965871302496,880.7419122894444,1039.222492417361,822.8956369502222,23,0.965925826289068,-0.2588190451025215,0,0,1,5.591124761194444,0.8794424397222222,5.632813449722222,5.521770110833334,18.18788550086111,17.751566612944444,19.97541349633333,18.24883212461111,0.0,0.0,0.0,0.0,-172.17339728194133,435.98515251673166,1431.48542243675,644.4667264569999,543,543,1.3909114650028571,0.7706656774519034
A4,roll_03,mlr,2026-01-29 00:00:00+00:00,2026-01-29 01:00:00+00:00,0,1,2025-12-08T00:00:00+00:00,2026-01-26T00:00:00+00:00,2026-01-26T00:00:00+00:00,2026-02-02T00:00:00+00:00,569.0574982047777,1575.6078100007803,-1006.5503117960026,0,night,0,0.0,0,2,0,0,0,0,0,0,0,0,0,0,0,0,0,0,0,0,0,0,0,0,0,0,3,387.7841801272222,822.8956369502222,431.1445660605278,934.8170360965556,0,1.0,0.0,0,0,1,5.649876135861111,0.7327373778333334,5.591124761194444,5.279464696388889,18.53709236861112,18.514657144027776,18.18788550086111,18.59336328630556,0.0,0.0,0.0,0.0,-172.17339728194133,435.98515251673166,1431.48542243675,644.4667264569999,543,543,1.9137736909103589,1.3382039581364098
A4,roll_03,mlr,2026-01-29 01:00:00+00:00,2026-01-29 02:00:00+00:00,0,1,2025-12-08T00:00:00+00:00,2026-01-26T00:00:00+00:00,2026-01-26T00:00:00+00:00,2026-02-02T00:00:00+00:00,388.6233783748333,1343.7616059988695,-955.1382276240364,0,night,0,0.0,0,2,0,0,0,0,0,0,0,0,0,0,0,0,0,0,0,0,0,0,0,0,0,0,3,375.648988568,934.8170360965556,417.8579242465556,569.0574982047777,1,0.9659258262890684,0.2588190451025207,0,0,1,5.783219677611111,0.5019400923611111,5.649876135861111,5.423899556444446,18.662892832388888,18.432809342444443,18.53709236861112,18.35289168230556,0.0,0.0,0.0,0.0,-172.17339728194133,435.98515251673166,1431.48542243675,644.4667264569999,543,543,1.7958520509756293,1.6181782569212262
A4,roll_03,mlr,2026-01-29 03:00:00+00:00,2026-01-29 04:00:00+00:00,0,1,2025-12-08T00:00:00+00:00,2026-01-26T00:00:00+00:00,2026-01-26T00:00:00+00:00,2026-02-02T00:00:00+00:00,1044.109589464861,942.9483162085062,101.16127325635487,0,night,0,0.0,0,2,0,0,0,0,0,0,0,0,0,0,0,0,0,0,0,0,0,0,0,0,0,0,3,372.0987236639445,388.6233783748333,421.2961618739444,380.9392708019166,3,0.7071067811865476,0.7071067811865476,0,0,1,5.751614257,0.2133146070555555,5.739918612555556,5.2807922785,18.577546874611112,18.459798990916667,18.59705101538889,18.31751713141667,0.0,0.0,0.0,0.0,-172.17339728194133,435.98515251673166,1431.48542243675,644.4667264569999,543,543,0.6269357315506439,0.6010796478221834
A4,roll_03,mlr,2026-01-29 04:00:00+00:00,2026-01-29 05:00:00+00:00,0,1,2025-12-08T00:00:00+00:00,2026-01-26T00:00:00+00:00,2026-01-26T00:00:00+00:00,2026-02-02T00:00:00+00:00,2097.0978272491666,1141.9693373238742,955.1284899252925,0,night,0,0.0,0,2,0,0,0,0,0,0,0,0,0,0,0,0,0,0,0,0,0,0,0,0,0,0,3,1036.0452877571945,380.9392708019166,1092.225752789,1044.109589464861,4,0.5000000000000001,0.8660254037844386,0,0,1,5.690614872888889,-0.1355967138611111,5.751614257,5.284482934222222,18.699853914444443,18.305206327277777,18.577546874611112,18.57139395311111,0.0,0.0,0.0,0.0,-172.17339728194133,435.98515251673166,1431.48542243675,644.4667264569999,543,543,2.5856428382936087,1.0328111250547665
A4,roll_03,mlr,2026-01-29 05:00:00+00:00,2026-01-29 06:00:00+00:00,0,1,2025-12-08T00:00:00+00:00,2026-01-26T00:00:00+00:00,2026-01-26T00:00:00+00:00,2026-02-02T00:00:00+00:00,2101.717697546028,1723.6052750678475,378.1124224781802,0,night,0,0.0,0,2,0,0,0,0,0,0,0,0,0,0,0,0,0,0,0,0,0,0,0,0,0,0,3,1958.2742827319444,1044.109589464861,2035.0871509705555,2097.0978272491666,5,0.2588190451025207,0.9659258262890684,0,0,1,5.321339182305556,-0.2067956863333333,5.690614872888889,5.513712828027778,18.788275002444447,18.570810667694445,18.699853914444443,18.634632919027776,0.0,0.0,0.0,0.0,-172.17339728194133,435.98515251673166,1431.48542243675,644.4667264569999,543,543,1.262166421456298,1.039979641453215
A4,roll_03,mlr,2026-01-29 06:00:00+00:00,2026-01-29 07:00:00+00:00,0,1,2025-12-08T00:00:00+00:00,2026-01-26T00:00:00+00:00,2026-01-26T00:00:00+00:00,2026-02-02T00:00:00+00:00,1866.4684684137776,1909.8967947167407,-43.42832630296357,0,night,0,0.0,0,2,0,0,0,0,0,0,0,0,0,0,0,0,0,0,0,0,0,0,0,0,0,0,3,1980.8106362188057,2097.0978272491666,2063.430210569112,2101.717697546028,6,6.123233995736766e-17,1.0,0,0,1,5.4229227490000005,-0.3390546419444444,5.321339182305556,5.542613285861112,18.46805462488889,18.560011663194445,18.788275002444447,18.442081739,0.0,0.0,0.0,0.0,-172.17339728194133,435.98515251673166,1431.48542243675,644.4667264569999,543,543,0.2952969160435732,0.6749503552625233
A4,roll_03,mlr,2026-01-29 07:00:00+00:00,2026-01-29 08:00:00+00:00,0,1,2025-12-08T00:00:00+00:00,2026-01-26T00:00:00+00:00,2026-01-26T00:00:00+00:00,2026-02-02T00:00:00+00:00,1765.7431687797225,1733.1632633693685,32.57990541035406,1,night,0,0.0,0,2,0,0,0,0,0,0,0,0,0,0,0,0,0,0,0,0,0,0,0,0,0,0,3,1778.5049296098057,2101.717697546028,1837.9513309886668,1866.4684684137776,7,-0.2588190451025206,0.9659258262890684,0,0,1,5.644273330472223,0.0412508166666666,5.4229227490000005,5.184793339416666,18.33773261380556,18.17753363780556,18.46805462488889,18.612981790916667,0.0,50.5301981471389,0.0,0.0,-172.17339728194133,435.98515251673166,1431.48542243675,644.4667264569999,543,543,0.4696336595646744,0.5186578804162278
A4,roll_03,mlr,2026-01-29 08:00:00+00:00,2026-01-29 09:00:00+00:00,0,1,2025-12-08T00:00:00+00:00,2026-01-26T00:00:00+00:00,2026-01-26T00:00:00+00:00,2026-02-02T00:00:00+00:00,1253.1664777410554,1389.7452325991358,-136.5787548580804,1,low,0,0.0,0,2,0,0,0,0,0,0,0,0,0,0,0,0,0,0,0,0,0,0,0,0,0,0,3,1415.566902312361,1866.4684684137776,1887.533959910028,1765.7431687797225,8,-0.4999999999999998,0.8660254037844387,0,0,1,6.577056710277778,1.056784193527778,5.644273330472223,5.1913422946944445,18.68058624561111,18.45113440808333,18.33773261380556,18.377665885472226,107.09455782583336,442.9227532967777,0.0,0.0,-172.17339728194133,435.98515251673166,1431.48542243675,644.4667264569999,543,543,0.08164186834893404,0.2766922439518566
A4,roll_03,mlr,2026-01-29 09:00:00+00:00,2026-01-29 10:00:00+00:00,0,1,2025-12-08T00:00:00+00:00,2026-01-26T00:00:00+00:00,2026-01-26T00:00:00+00:00,2026-02-02T00:00:00+00:00,948.2308555061112,1128.1810279339738,-179.95017242786264,1,low,0,0.0,0,2,0,0,0,0,0,0,0,0,0,0,0,0,0,0,0,0,0,0,0,0,0,0,3,1170.112685329639,1765.7431687797225,1927.4843435574169,1253.1664777410554,9,-0.7071067811865475,0.7071067811865476,0,0,1,7.120698170944444,2.4946484179722224,6.577056710277778,5.373750419944444,18.200570424222224,18.912593772,18.68058624561111,18.25319205494445,173.80403361816664,833.8091316924166,107.09455782583336,10.544310736611113,-172.17339728194133,435.98515251673166,1431.48542243675,644.4667264569999,543,543,0.01783724767008633,0.7498518497415126
A4,roll_03,mlr,2026-01-29 10:00:00+00:00,2026-01-29 11:00:00+00:00,0,1,2025-12-08T00:00:00+00:00,2026-01-26T00:00:00+00:00,2026-01-26T00:00:00+00:00,2026-02-02T00:00:00+00:00,1415.7808458588888,892.6277168818938,523.153128976995,1,low,0,0.0,0,2,0,0,0,0,0,0,0,0,0,0,0,0,0,0,0,0,0,0,0,0,0,0,3,912.1677645943888,1253.1664777410554,1864.801970357278,948.2308555061112,10,-0.8660254037844387,0.4999999999999999,0,0,1,7.047235797361111,3.215811578611111,7.120698170944444,5.65833449311111,18.18368814136112,19.38619283925,18.200570424222224,18.034370881194445,95.93545610280556,1190.1841393934444,173.80403361816664,25.393810472444443,-172.17339728194133,435.98515251673166,1431.48542243675,644.4667264569999,543,543,1.5948399211421587,0.024368328003833768
A4,roll_03,mlr,2026-01-29 11:00:00+00:00,2026-01-29 12:00:00+00:00,0,1,2025-12-08T00:00:00+00:00,2026-01-26T00:00:00+00:00,2026-01-26T00:00:00+00:00,2026-02-02T00:00:00+00:00,347.5551561380278,966.1106321996612,-618.5554760616335,1,low,0,0.0,0,2,0,0,0,0,0,0,0,0,0,0,0,0,0,0,0,0,0,0,0,0,0,0,3,979.6024800058332,948.2308555061112,3141.5486331360003,1415.7808458588888,11,-0.9659258262890682,0.258819045102521,0,0,1,7.484160413777777,4.084419063944444,7.047235797361111,5.88800453525,18.45564459983333,19.31657935863889,18.18368814136112,18.29865785161111,198.05782505847225,1082.5123078365275,95.93545610280556,223.8937608820556,-172.17339728194133,435.98515251673166,1431.48542243675,644.4667264569999,543,543,1.023846973235084,1.6819026053644435
A4,roll_03,mlr,2026-01-29 12:00:00+00:00,2026-01-29 13:00:00+00:00,0,1,2025-12-08T00:00:00+00:00,2026-01-26T00:00:00+00:00,2026-01-26T00:00:00+00:00,2026-02-02T00:00:00+00:00,-402.3519291878333,408.2686969338674,-810.6206261217008,1,med,0,0.0,0,2,0,0,0,0,0,0,0,0,0,0,0,0,0,0,0,0,0,0,0,0,0,0,3,926.4931066359444,1415.7808458588888,3688.242951303472,347.5551561380278,12,-1.0,1.2246467991473532e-16,0,0,1,8.72531020561111,5.38599788475,7.484160413777777,6.230890702111111,18.326656080611112,19.65373982686111,18.45564459983333,18.18650774847222,591.8653806022222,1175.6683752016668,198.05782505847225,217.1136607175556,-172.17339728194133,435.98515251673166,1431.48542243675,644.4667264569999,543,543,1.464378374250389,2.845511298474989
A4,roll_03,mlr,2026-01-29 13:00:00+00:00,2026-01-29 14:00:00+00:00,0,1,2025-12-08T00:00:00+00:00,2026-01-26T00:00:00+00:00,2026-01-26T00:00:00+00:00,2026-02-02T00:00:00+00:00,1092.5960639581945,-632.6155740956056,1725.2116380538,1,high,0,0.0,0,2,1,0,0,0,0,0,0,0,0,0,0,0,0,0,0,0,0,0,0,0,0,0,3,-104.81881332361114,347.5551561380278,2978.0382318605,-402.3519291878333,13,-0.9659258262890684,-0.2588190451025208,0,0,1,9.603330588527776,6.27195117888889,8.72531020561111,6.399069186666668,18.84680833225,18.68513766694445,18.326656080611112,17.592900088416666,1247.4635750589998,952.1943599062224,591.8653806022222,113.17434017758336,-172.17339728194133,435.98515251673166,1431.48542243675,644.4667264569999,543,543,4.351948740417086,0.5258446162792966
A4,roll_03,mlr,2026-01-29 14:00:00+00:00,2026-01-29 15:00:00+00:00,0,1,2025-12-08T00:00:00+00:00,2026-01-26T00:00:00+00:00,2026-01-26T00:00:00+00:00,2026-02-02T00:00:00+00:00,462.4739155892223,773.1456155829223,-310.67169999370003,1,med,0,0.0,0,3,0,0,0,0,0,0,0,0,0,0,0,0,0,0,0,0,0,0,0,0,0,0,3,1036.759236264139,-402.3519291878333,3380.6789978081943,1092.5960639581945,14,-0.8660254037844388,-0.4999999999999997,0,0,1,10.175281555083336,7.388014486055556,9.603330588527776,6.31566832675,18.72012759377778,18.11838555286111,18.84680833225,17.809436758833332,733.8672658107222,761.2699456159722,1247.4635750589998,57.91523832122223,-172.17339728194133,435.98515251673166,1431.48542243675,644.4667264569999,543,543,0.3176674753997353,1.5035865577959857
A4,roll_03,mlr,2026-01-29 15:00:00+00:00,2026-01-29 16:00:00+00:00,0,1,2025-12-08T00:00:00+00:00,2026-01-26T00:00:00+00:00,2026-01-26T00:00:00+00:00,2026-02-02T00:00:00+00:00,1737.4693776433332,1196.40545234079,541.0639253025433,1,low,0,0.0,0,3,0,0,0,0,0,0,0,0,0,0,0,0,0,0,0,0,0,0,0,0,0,0,3,1095.6600237501943,1092.5960639581945,3872.714778626834,462.4739155892223,15,-0.7071067811865479,-0.7071067811865471,0,0,1,10.80456051886111,6.172030068638889,10.175281555083336,6.244660061111111,17.667633677111112,17.8214131055,18.72012759377778,17.889092211916665,202.1270942708333,67.57647916191668,733.8672658107222,0.0,-172.17339728194133,435.98515251673166,1431.48542243675,644.4667264569999,543,543,1.6359211282019817,0.4747862731234412
A4,roll_03,mlr,2026-01-29 16:00:00+00:00,2026-01-29 17:00:00+00:00,0,1,2025-12-08T00:00:00+00:00,2026-01-26T00:00:00+00:00,2026-01-26T00:00:00+00:00,2026-02-02T00:00:00+00:00,2296.247373537611,1377.6351316551068,918.6122418825043,0,night,0,0.0,0,2,0,0,0,0,0,0,0,0,0,0,0,0,0,0,0,0,0,0,0,0,0,0,3,2940.7578966023334,462.4739155892223,3566.8731119283607,1737.4693776433332,16,-0.5000000000000004,-0.8660254037844385,0,0,1,8.926961661277778,3.513001024222222,10.80456051886111,5.823090861361112,17.675791429472223,17.972978045416667,17.667633677111112,17.597432975833332,0.0,0.0,202.1270942708333,0.0,-172.17339728194133,435.98515251673166,1431.48542243675,644.4667264569999,543,543,2.5018871236047078,1.3418255987472762
A4,roll_03,mlr,2026-01-29 17:00:00+00:00,2026-01-29 18:00:00+00:00,0,1,2025-12-08T00:00:00+00:00,2026-01-26T00:00:00+00:00,2026-01-26T00:00:00+00:00,2026-02-02T00:00:00+00:00,773.5572774640833,1781.309497550118,-1007.7522200860348,0,night,0,0.0,0,2,0,0,0,0,0,0,0,0,0,0,0,0,0,0,0,0,0,0,0,0,0,0,3,1509.757366554472,1737.4693776433332,4099.8204709775,2296.247373537611,17,-0.2588190451025206,-0.9659258262890684,0,0,1,7.060031861138889,2.803270102555556,8.926961661277778,5.327666574166667,18.15538444622222,18.275116791861112,17.675791429472223,16.81522350208333,0.0,0.0,0.0,0.0,-172.17339728194133,435.98515251673166,1431.48542243675,644.4667264569999,543,543,1.9165304551788072,1.0208876858386031
A4,roll_03,mlr,2026-01-29 18:00:00+00:00,2026-01-29 19:00:00+00:00,0,1,2025-12-08T00:00:00+00:00,2026-01-26T00:00:00+00:00,2026-01-26T00:00:00+00:00,2026-02-02T00:00:00+00:00,2461.1030846526387,1269.7500438454183,1191.3530408072202,0,night,0,0.0,0,2,0,0,0,0,0,0,0,0,0,0,0,0,0,0,0,0,0,0,0,0,0,0,3,1902.4201895734168,2296.247373537611,3533.490893778889,773.5572774640833,18,-1.8369701987210287e-16,-1.0,0,0,1,5.613281186583333,2.0540354806944445,7.060031861138889,5.189922447472222,17.354192048527775,18.52226880861112,18.15538444622222,17.198094430777775,0.0,0.0,0.0,0.0,-172.17339728194133,435.98515251673166,1431.48542243675,644.4667264569999,543,543,3.1274607179124843,1.5976273404777348
A4,roll_03,mlr,2026-01-29 19:00:00+00:00,2026-01-29 20:00:00+00:00,0,1,2025-12-08T00:00:00+00:00,2026-01-26T00:00:00+00:00,2026-01-26T00:00:00+00:00,2026-02-02T00:00:00+00:00,738.0341406504722,1489.8905820836717,-751.8564414331995,0,night,0,0.0,0,1,0,0,0,0,0,0,0,0,0,0,0,0,0,0,0,0,0,0,0,0,0,0,3,1073.8756977925275,773.5572774640833,4150.093525715889,2461.1030846526387,19,0.2588190451025203,-0.9659258262890684,0,0,1,4.914927927388889,1.7490800439444445,5.613281186583333,5.153431917222222,18.053897769944445,18.13564327775,17.354192048527775,17.99117864236111,0.0,0.0,0.0,0.0,-172.17339728194133,435.98515251673166,1431.48542243675,644.4667264569999,543,543,1.3295935441953195,1.0760078888767057
A4,roll_03,mlr,2026-01-29 20:00:00+00:00,2026-01-29 21:00:00+00:00,0,1,2025-12-08T00:00:00+00:00,2026-01-26T00:00:00+00:00,2026-01-26T00:00:00+00:00,2026-02-02T00:00:00+00:00,1046.6185902225832,1149.6870640371249,-103.06847381454168,0,night,0,0.0,0,1,0,0,0,0,0,0,0,0,0,0,0,0,0,0,0,0,0,0,0,0,0,0,3,1112.6407676563056,2461.1030846526387,3498.4065437332224,738.0341406504722,20,0.5000000000000001,-0.8660254037844386,0,0,1,4.190135806277778,1.6065832648333334,4.914927927388889,5.344064076416667,17.800593456972223,18.311032115555555,18.053897769944445,17.54592248638889,0.0,0.0,0.0,0.0,-172.17339728194133,435.98515251673166,1431.48542243675,644.4667264569999,543,543,0.158502928525181,0.5971865053918278
A4,roll_03,mlr,2026-01-29 21:00:00+00:00,2026-01-29 22:00:00+00:00,0,1,2025-12-08T00:00:00+00:00,2026-01-26T00:00:00+00:00,2026-01-26T00:00:00+00:00,2026-02-02T00:00:00+00:00,366.5958732328333,875.5142678388488,-508.9183946060155,0,night,0,0.0,0,1,0,0,0,0,0,0,0,0,0,0,0,0,0,0,0,0,0,0,0,0,0,0,3,565.8491807108888,738.0341406504722,3031.050403281528,1046.6185902225832,21,0.7071067811865474,-0.7071067811865477,0,0,1,3.735040379,1.2826967101944444,4.190135806277778,5.513382952611111,17.774244155,17.99547290261111,17.800593456972223,19.893719509444445,0.0,0.0,0.0,0.0,-172.17339728194133,435.98515251673166,1431.48542243675,644.4667264569999,543,543,0.7723772137197975,1.652357686576342
A4,roll_03,mlr,2026-01-30 02:00:00+00:00,2026-01-30 03:00:00+00:00,0,1,2025-12-08T00:00:00+00:00,2026-01-26T00:00:00+00:00,2026-01-26T00:00:00+00:00,2026-02-02T00:00:00+00:00,377.9953876609166,1094.1411013635757,-716.1457137026591,0,night,0,0.0,0,1,0,0,0,0,0,0,0,0,0,0,0,0,0,0,0,0,0,0,0,0,0,0,4,364.6717208964722,407.8405305781389,388.6233783748333,371.0950655588056,2,0.8660254037844387,0.4999999999999999,0,0,1,2.568442849555556,2.072341584194444,2.6168204326944444,5.739918612555556,18.29252755372222,18.394230225944444,18.54276345536111,18.59705101538889,0.0,0.0,0.0,0.0,-172.17339728194133,435.98515251673166,1431.48542243675,644.4667264569999,543,543,1.247685416075819,1.6346693964597168
A4,roll_03,mlr,2026-01-30 03:00:00+00:00,2026-01-30 04:00:00+00:00,0,1,2025-12-08T00:00:00+00:00,2026-01-26T00:00:00+00:00,2026-01-26T00:00:00+00:00,2026-02-02T00:00:00+00:00,1042.5099112287778,944.7441043225404,97.76580690623746,0,night,0,0.0,0,1,0,0,0,0,0,0,0,0,0,0,0,0,0,0,0,0,0,0,0,0,0,0,4,368.5853674459444,371.0950655588056,380.9392708019166,377.9953876609166,3,0.7071067811865476,0.7071067811865476,0,0,1,3.226123679444445,2.1618301728333336,2.568442849555556,5.751614257,18.347174637972223,18.33168606486112,18.29252755372222,18.577546874611112,0.0,0.0,0.0,0.0,-172.17339728194133,435.98515251673166,1431.48542243675,644.4667264569999,543,543,0.6191476994800171,0.6035618213315554
A4,roll_03,mlr,2026-01-30 04:00:00+00:00,2026-01-30 05:00:00+00:00,0,1,2025-12-08T00:00:00+00:00,2026-01-26T00:00:00+00:00,2026-01-26T00:00:00+00:00,2026-02-02T00:00:00+00:00,2043.280496847389,1191.1625957334431,852.1179011139459,0,night,0,0.0,0,1,0,0,0,0,0,0,0,0,0,0,0,0,0,0,0,0,0,0,0,0,0,0,4,1077.5376334153334,377.9953876609166,1044.109589464861,1042.5099112287778,4,0.5000000000000001,0.8660254037844386,0,0,1,3.499414719305556,2.4079966898333334,3.226123679444445,5.690614872888889,18.78404704663889,18.65893950025,18.347174637972223,18.699853914444443,0.0,0.0,0.0,0.0,-172.17339728194133,435.98515251673166,1431.48542243675,644.4667264569999,543,543,2.349371973983858,0.9493043617224809
A4,roll_03,mlr,2026-01-30 05:00:00+00:00,2026-01-30 06:00:00+00:00,0,1,2025-12-08T00:00:00+00:00,2026-01-26T00:00:00+00:00,2026-01-26T00:00:00+00:00,2026-02-02T00:00:00+00:00,2356.0469720826945,1722.9210286601865,633.125943422508,0,night,0,0.0,0,1,0,0,0,0,0,0,0,0,0,0,0,0,0,0,0,0,0,0,0,0,0,0,4,2595.650702010778,1042.5099112287778,2097.0978272491666,2043.280496847389,5,0.2588190451025207,0.9659258262890684,0,0,1,3.7577913895277777,2.3870737601111114,3.499414719305556,5.321339182305556,18.75169663830556,18.58098035247222,18.78404704663889,18.788275002444447,0.0,0.0,0.0,0.0,-172.17339728194133,435.98515251673166,1431.48542243675,644.4667264569999,543,543,1.8470797366741627,1.4346148710093771
A4,roll_03,mlr,2026-01-30 06:00:00+00:00,2026-01-30 07:00:00+00:00,0,1,2025-12-08T00:00:00+00:00,2026-01-26T00:00:00+00:00,2026-01-26T00:00:00+00:00,2026-02-02T00:00:00+00:00,2415.724502125278,2019.4913865432568,396.2331155820207,0,night,0,0.0,0,1,0,0,0,0,0,0,0,0,0,0,0,0,0,0,0,0,0,0,0,0,0,0,4,2229.0674939791948,2043.280496847389,2101.717697546028,2356.0469720826945,6,6.123233995736766e-17,1.0,0,0,1,4.644791845444444,2.86016758225,3.7577913895277777,5.4229227490000005,18.553310034722223,18.59333267108333,18.75169663830556,18.46805462488889,0.0,0.0,0.0,0.0,-172.17339728194133,435.98515251673166,1431.48542243675,644.4667264569999,543,543,1.3037290595398165,1.5272147331786232
A4,roll_03,mlr,2026-01-30 07:00:00+00:00,2026-01-30 08:00:00+00:00,0,1,2025-12-08T00:00:00+00:00,2026-01-26T00:00:00+00:00,2026-01-26T00:00:00+00:00,2026-02-02T00:00:00+00:00,2088.875723270194,2087.424037144688,1.4516861255065123,1,night,0,0.0,0,2,0,0,0,0,0,0,0,0,0,0,0,0,0,0,0,0,0,0,0,0,0,0,4,1956.5605310417773,2356.0469720826945,1866.4684684137776,2415.724502125278,7,-0.2588190451025206,0.9659258262890684,0,0,1,5.112628002777778,2.925855649944445,4.644791845444444,5.644273330472223,18.194770331416667,18.58286181677777,18.553310034722223,18.33773261380556,0.0,13.610436851555557,0.0,0.0,-172.17339728194133,435.98515251673166,1431.48542243675,644.4667264569999,543,543,0.39823622984680584,1.0200531289605788
A4,roll_03,mlr,2026-01-30 08:00:00+00:00,2026-01-30 09:00:00+00:00,0,1,2025-12-08T00:00:00+00:00,2026-01-26T00:00:00+00:00,2026-01-26T00:00:00+00:00,2026-02-02T00:00:00+00:00,1376.5848081650277,1856.9710720223995,-480.38626385737166,1,low,0,0.0,0,2,0,0,0,0,0,0,0,0,0,0,0,0,0,0,0,0,0,0,0,0,0,0,4,1820.3555307953327,2415.724502125278,1765.7431687797225,2088.875723270194,8,-0.4999999999999998,0.8660254037844387,0,0,1,5.971257494111111,3.784128624555555,5.112628002777778,6.577056710277778,17.925204983888886,18.901513842444444,18.194770331416667,18.68058624561111,110.06260566791669,145.74993311175,0.0,107.09455782583336,-172.17339728194133,435.98515251673166,1431.48542243675,644.4667264569999,543,543,0.7069343182818643,0.08518766294350409
A4,roll_03,mlr,2026-01-30 09:00:00+00:00,2026-01-30 10:00:00+00:00,0,1,2025-12-08T00:00:00+00:00,2026-01-26T00:00:00+00:00,2026-01-26T00:00:00+00:00,2026-02-02T00:00:00+00:00,637.5708449115556,1211.40977393679,-573.8389290252343,1,med,0,0.0,0,2,0,0,0,0,0,0,0,0,0,0,0,0,0,0,0,0,0,0,0,0,0,0,4,2016.7762660696944,2088.875723270194,1253.1664777410554,1376.5848081650277,9,-0.7071067811865475,0.7071067811865476,0,0,1,6.401175342055556,4.780561090416667,5.971257494111111,7.120698170944444,18.61396918244445,18.886623428750003,17.925204983888886,18.200570424222224,454.6492470125556,232.31283958127776,110.06260566791669,173.80403361816664,-172.17339728194133,435.98515251673166,1431.48542243675,644.4667264569999,543,543,0.9212825928237965,1.2318938200111498
A4,roll_03,mlr,2026-01-30 10:00:00+00:00,2026-01-30 11:00:00+00:00,0,1,2025-12-08T00:00:00+00:00,2026-01-26T00:00:00+00:00,2026-01-26T00:00:00+00:00,2026-02-02T00:00:00+00:00,-1038.640299738972,325.9159865738329,-1364.556286312805,1,high,0,0.0,0,2,0,0,0,0,0,0,0,0,0,0,0,0,0,0,0,0,0,0,0,0,0,0,4,1936.420994131,1376.5848081650277,948.2308555061112,637.5708449115556,10,-0.8660254037844387,0.4999999999999999,0,0,1,6.918664744916666,5.483105661972222,6.401175342055556,7.047235797361111,19.34717694561112,18.61690110308333,18.61396918244445,18.18368814136112,1227.077606142361,231.00179334266667,454.6492470125556,95.93545610280556,-172.17339728194133,435.98515251673166,1431.48542243675,644.4667264569999,543,543,2.734916274436901,3.832821184974759
A4,roll_03,mlr,2026-01-30 11:00:00+00:00,2026-01-30 12:00:00+00:00,0,1,2025-12-08T00:00:00+00:00,2026-01-26T00:00:00+00:00,2026-01-26T00:00:00+00:00,2026-02-02T00:00:00+00:00,338.58896643852773,-539.2003534911437,877.7893199296714,1,high,0,0.0,0,2,1,0,0,0,0,0,0,0,0,0,0,0,0,0,0,0,0,0,0,0,0,0,4,1576.1195596841944,637.5708449115556,1415.7808458588888,-1038.640299738972,11,-0.9659258262890682,0.258819045102521,0,0,1,9.024725996194444,6.005421360722223,6.918664744916666,7.484160413777777,18.99885653263889,18.975925773527777,19.34717694561112,18.45564459983333,1549.6980390854724,305.4964137123056,1227.077606142361,198.05782505847225,-172.17339728194133,435.98515251673166,1431.48542243675,644.4667264569999,543,543,2.408253380076558,1.695815177311784
A4,roll_03,mlr,2026-01-30 12:00:00+00:00,2026-01-30 13:00:00+00:00,0,1,2025-12-08T00:00:00+00:00,2026-01-26T00:00:00+00:00,2026-01-26T00:00:00+00:00,2026-02-02T00:00:00+00:00,-266.5041079402778,287.4924564693192,-553.996564409597,1,med,0,0.0,0,3,0,0,0,0,0,0,0,0,0,0,0,0,0,0,0,0,0,0,0,0,0,0,4,1707.01032054225,-1038.640299738972,347.5551561380278,338.58896643852773,12,-1.0,1.2246467991473532e-16,0,0,1,10.370691970305556,6.755185106222222,9.024725996194444,8.72531020561111,18.922971791888887,18.9128849575,18.99885653263889,18.326656080611112,1116.10089140025,277.5941901626389,1549.6980390854724,591.8653806022222,-172.17339728194133,435.98515251673166,1431.48542243675,644.4667264569999,543,543,0.875771032393133,2.634720243373683
A4,roll_03,mlr,2026-01-30 13:00:00+00:00,2026-01-30 14:00:00+00:00,0,1,2025-12-08T00:00:00+00:00,2026-01-26T00:00:00+00:00,2026-01-26T00:00:00+00:00,2026-02-02T00:00:00+00:00,376.1624140875,423.8844036562568,-47.72198956875684,1,med,0,0.0,0,3,1,0,0,0,0,0,0,0,0,0,0,0,0,0,0,0,0,0,0,0,0,0,4,2214.146590013028,338.58896643852773,-402.3519291878333,-266.5041079402778,13,-0.9659258262890684,-0.2588190451025208,0,0,1,10.433649848611113,6.862749878222222,10.370691970305556,9.603330588527776,18.62102286772222,22.81537184433333,18.922971791888887,18.84680833225,1047.2821290664722,104.38236414708336,1116.10089140025,1247.4635750589998,-172.17339728194133,435.98515251673166,1431.48542243675,644.4667264569999,543,543,0.28544872914773967,1.637513567459038
A4,roll_03,mlr,2026-01-30 14:00:00+00:00,2026-01-30 15:00:00+00:00,0,1,2025-12-08T00:00:00+00:00,2026-01-26T00:00:00+00:00,2026-01-26T00:00:00+00:00,2026-02-02T00:00:00+00:00,1082.7555175266666,945.9790052736644,136.77651225300224,1,med,0,0.0,0,2,0,0,0,0,0,0,0,0,0,0,0,0,0,0,0,0,0,0,0,0,0,0,4,2195.8262186153333,-266.5041079402778,1092.5960639581945,376.1624140875,14,-0.8660254037844388,-0.4999999999999997,0,0,1,9.447840296916668,5.7134238162777775,10.433649848611113,10.175281555083336,18.27117152236111,18.83056621691667,18.62102286772222,18.72012759377778,465.3144706611944,20.72892640275,1047.2821290664722,733.8672658107222,-172.17339728194133,435.98515251673166,1431.48542243675,644.4667264569999,543,543,0.7086248413541723,0.5411139017637885
A4,roll_03,mlr,2026-01-30 15:00:00+00:00,2026-01-30 16:00:00+00:00,0,1,2025-12-08T00:00:00+00:00,2026-01-26T00:00:00+00:00,2026-01-26T00:00:00+00:00,2026-02-02T00:00:00+00:00,1956.864773614972,1249.790678766405,707.0740948485668,1,low,0,0.0,0,2,0,0,0,0,0,0,0,0,0,0,0,0,0,0,0,0,0,0,0,0,0,0,4,2527.9803929520835,376.1624140875,462.4739155892223,1082.7555175266666,15,-0.7071067811865479,-0.7071067811865471,0,0,1,8.110878659944445,5.713572192777778,9.447840296916668,10.80456051886111,18.16102492311111,18.771297444972223,18.27117152236111,17.667633677111112,92.0250742933889,0.0,465.3144706611944,202.1270942708333,-172.17339728194133,435.98515251673166,1431.48542243675,644.4667264569999,543,543,2.016691364499541,0.8152156342756917
A4,roll_03,mlr,2026-01-30 16:00:00+00:00,2026-01-30 17:00:00+00:00,0,1,2025-12-08T00:00:00+00:00,2026-01-26T00:00:00+00:00,2026-01-26T00:00:00+00:00,2026-02-02T00:00:00+00:00,2558.768179305,1639.9726734878573,918.7955058171428,0,night,0,0.0,0,2,0,0,0,0,0,0,0,0,0,0,0,0,0,0,0,0,0,0,0,0,0,0,4,2048.975809514583,1082.7555175266666,1737.4693776433332,1956.864773614972,16,-0.5000000000000004,-0.8660254037844385,0,0,1,7.078508756361111,5.802371368194444,8.110878659944445,8.926961661277778,18.30002895063889,18.720766871444443,18.16102492311111,17.675791429472223,0.0,0.0,92.0250742933889,0.0,-172.17339728194133,435.98515251673166,1431.48542243675,644.4667264569999,543,543,2.5023074680443766,1.749171385566427
A4,roll_03,mlr,2026-01-30 17:00:00+00:00,2026-01-30 18:00:00+00:00,0,1,2025-12-08T00:00:00+00:00,2026-01-26T00:00:00+00:00,2026-01-26T00:00:00+00:00,2026-02-02T00:00:00+00:00,1987.7934036818888,2024.3208084093112,-36.52740472742244,0,night,0,0.0,0,2,0,0,0,0,0,0,0,0,0,0,0,0,0,0,0,0,0,0,0,0,0,0,4,1253.307754251361,1956.864773614972,2296.247373537611,2558.768179305,17,-0.2588190451025206,-0.9659258262890684,0,0,1,6.466590966111112,5.091072229027778,7.078508756361111,7.060031861138889,17.670263042972223,17.994156679944442,18.30002895063889,18.15538444622222,0.0,0.0,0.0,0.0,-172.17339728194133,435.98515251673166,1431.48542243675,644.4667264569999,543,543,0.31112525683844994,0.8632066767876133
A4,roll_03,mlr,2026-01-30 18:00:00+00:00,2026-01-30 19:00:00+00:00,0,1,2025-12-08T00:00:00+00:00,2026-01-26T00:00:00+00:00,2026-01-26T00:00:00+00:00,2026-02-02T00:00:00+00:00,1676.7119280521667,1760.0573437090015,-83.3454156568348,0,night,0,0.0,0,2,0,0,0,0,0,0,0,0,0,0,0,0,0,0,0,0,0,0,0,0,0,0,4,2022.5164028016115,2558.768179305,773.5572774640833,1987.7934036818888,18,-1.8369701987210287e-16,-1.0,0,0,1,5.544694557833334,4.711612085277777,6.466590966111112,5.613281186583333,17.869562911861113,18.35074025972222,17.670263042972223,17.354192048527775,0.0,0.0,0.0,0.0,-172.17339728194133,435.98515251673166,1431.48542243675,644.4667264569999,543,543,0.2037408409720962,0.3805107316611461
A4,roll_03,mlr,2026-01-30 19:00:00+00:00,2026-01-30 20:00:00+00:00,0,1,2025-12-08T00:00:00+00:00,2026-01-26T00:00:00+00:00,2026-01-26T00:00:00+00:00,2026-02-02T00:00:00+00:00,1399.5987402705557,1495.7111936848978,-96.1124534143421,0,night,0,0.0,0,1,0,0,0,0,0,0,0,0,0,0,0,0,0,0,0,0,0,0,0,0,0,0,4,1067.3991769345832,1987.7934036818888,2461.1030846526387,1676.7119280521667,19,0.2588190451025203,-0.9659258262890684,0,0,1,4.983116204916667,3.980250340583333,5.544694557833334,4.914927927388889,17.935109248,17.935994839722223,17.869562911861113,18.053897769944445,0.0,0.0,0.0,0.0,-172.17339728194133,435.98515251673166,1431.48542243675,644.4667264569999,543,543,0.17445764707475966,0.04947762368042417
A4,roll_03,mlr,2026-01-30 20:00:00+00:00,2026-01-30 21:00:00+00:00,0,1,2025-12-08T00:00:00+00:00,2026-01-26T00:00:00+00:00,2026-01-26T00:00:00+00:00,2026-02-02T00:00:00+00:00,1395.9087899032777,1102.9621933010883,292.9465966021892,0,night,0,0.0,0,2,0,0,0,0,0,0,0,0,0,0,0,0,0,0,0,0,0,0,0,0,0,0,4,1046.436184157472,1676.7119280521667,738.0341406504722,1399.5987402705557,20,0.5000000000000001,-0.8660254037844386,0,0,1,5.276358198666666,3.866209152527778,4.983116204916667,4.190135806277778,18.03674184022222,17.69838866127778,17.935109248,17.800593456972223,0.0,0.0,0.0,0.0,-172.17339728194133,435.98515251673166,1431.48542243675,644.4667264569999,543,543,1.0668253063188449,0.05520321076785034
A4,roll_03,mlr,2026-01-30 21:00:00+00:00,2026-01-30 22:00:00+00:00,0,1,2025-12-08T00:00:00+00:00,2026-01-26T00:00:00+00:00,2026-01-26T00:00:00+00:00,2026-02-02T00:00:00+00:00,617.2218638224722,1025.5625632589365,-408.3406994364641,0,night,0,0.0,0,2,0,0,0,0,0,0,0,0,0,0,0,0,0,0,0,0,0,0,0,0,0,0,4,602.2876708927778,1399.5987402705557,1046.6185902225832,1395.9087899032777,21,0.7071067811865474,-0.7071067811865477,0,0,1,5.081265362833333,3.869637564888889,5.276358198666666,3.735040379,17.717666968083332,18.29812389511111,18.03674184022222,17.774244155,0.0,0.0,0.0,0.0,-172.17339728194133,435.98515251673166,1431.48542243675,644.4667264569999,543,543,0.5416865707266475,1.2634687334298043
A4,roll_03,mlr,2026-01-31 00:00:00+00:00,2026-01-31 01:00:00+00:00,0,1,2025-12-08T00:00:00+00:00,2026-01-26T00:00:00+00:00,2026-01-26T00:00:00+00:00,2026-02-02T00:00:00+00:00,560.2704962234167,1330.454271030876,-770.1837748074594,0,night,0,0.0,0,1,0,0,0,0,0,0,0,0,0,0,0,0,0,0,0,0,0,0,0,0,0,0,5,405.1807272819444,560.833410557,372.9620775262778,568.5592018373611,0,1.0,0.0,0,1,1,4.703963593666667,3.7605419066388888,4.713329532638888,2.6865080302222224,18.44129268458333,18.3607900945,18.05467717175,18.659629830333333,0.0,0.0,0.0,0.0,-172.17339728194133,435.98515251673166,1431.48542243675,644.4667264569999,543,543,1.3716301439934204,1.3518384897896858
A4,roll_03,mlr,2026-01-31 01:00:00+00:00,2026-01-31 02:00:00+00:00,0,1,2025-12-08T00:00:00+00:00,2026-01-26T00:00:00+00:00,2026-01-26T00:00:00+00:00,2026-02-02T00:00:00+00:00,565.4011130005833,1246.2212913460207,-680.8201783454374,0,night,0,0.0,0,1,0,0,0,0,0,0,0,0,0,0,0,0,0,0,0,0,0,0,0,0,0,0,5,403.1378216736112,568.5592018373611,407.8405305781389,560.2704962234167,1,0.9659258262890684,0.2588190451025207,0,1,1,4.574595359027778,3.594426555777778,4.703963593666667,2.6168204326944444,18.31030418486112,18.35504471088889,18.44129268458333,18.54276345536111,0.0,0.0,0.0,0.0,-172.17339728194133,435.98515251673166,1431.48542243675,644.4667264569999,543,543,1.1666607867890086,1.3438774631508512
A4,roll_03,mlr,2026-01-31 02:00:00+00:00,2026-01-31 03:00:00+00:00,0,1,2025-12-08T00:00:00+00:00,2026-01-26T00:00:00+00:00,2026-01-26T00:00:00+00:00,2026-02-02T00:00:00+00:00,568.1319450434166,1104.2125413059312,-536.0805962625145,0,night,0,0.0,0,1,0,0,0,0,0,0,0,0,0,0,0,0,0,0,0,0,0,0,0,0,0,0,5,404.9479621853611,560.2704962234167,371.0950655588056,565.4011130005833,2,0.8660254037844387,0.4999999999999999,0,1,1,4.697502777333333,3.4606973831944443,4.574595359027778,2.568442849555556,18.300521219944443,18.292189759527776,18.31030418486112,18.29252755372222,0.0,0.0,0.0,0.0,-172.17339728194133,435.98515251673166,1431.48542243675,644.4667264569999,543,543,0.8346779629533546,1.3396401116620533
A4,roll_03,mlr,2026-01-31 06:00:00+00:00,2026-01-31 07:00:00+00:00,0,1,2025-12-08T00:00:00+00:00,2026-01-26T00:00:00+00:00,2026-01-26T00:00:00+00:00,2026-02-02T00:00:00+00:00,1020.5726502083334,1926.3661507920608,-905.7935005837272,0,night,0,0.0,0,2,0,0,0,0,0,0,0,0,0,0,0,0,0,0,0,0,0,0,0,0,0,0,5,1902.018428271,1973.961116742889,2356.0469720826945,2133.987086771556,6,6.123233995736766e-17,1.0,0,1,1,5.25389160675,3.9873673924166666,5.061477725916666,4.644791845444444,18.82857789311112,18.70620324358333,18.650027333527778,18.553310034722223,0.0,0.0,0.0,0.0,-172.17339728194133,435.98515251673166,1431.48542243675,644.4667264569999,543,543,1.6826722173150885,0.6376012218465301
A4,roll_03,mlr,2026-01-31 07:00:00+00:00,2026-01-31 08:00:00+00:00,0,1,2025-12-08T00:00:00+00:00,2026-01-26T00:00:00+00:00,2026-01-26T00:00:00+00:00,2026-02-02T00:00:00+00:00,419.2874801181944,1442.6900290697831,-1023.4025489515886,1,night,0,0.0,0,2,0,0,0,0,0,0,0,0,0,0,0,0,0,0,0,0,0,0,0,0,0,0,5,2166.76233965375,2133.987086771556,2415.724502125278,1020.5726502083334,7,-0.2588190451025206,0.9659258262890684,0,1,1,5.424044650305555,4.151625831166666,5.25389160675,5.112628002777778,18.197251676277777,18.29483151783333,18.82857789311112,18.194770331416667,0.0,0.0,0.0,0.0,-172.17339728194133,435.98515251673166,1431.48542243675,644.4667264569999,543,543,1.9524269272839054,1.57059767520223
A4,roll_03,mlr,2026-01-31 08:00:00+00:00,2026-01-31 09:00:00+00:00,0,1,2025-12-08T00:00:00+00:00,2026-01-26T00:00:00+00:00,2026-01-26T00:00:00+00:00,2026-02-02T00:00:00+00:00,250.3521221068889,715.9466369839683,-465.5945148770794,1,low,0,0.0,0,2,0,0,0,0,0,0,0,0,0,0,0,0,0,0,0,0,0,0,0,0,0,0,5,2056.1787956731946,1020.5726502083334,2088.875723270194,419.2874801181944,8,-0.4999999999999998,0.8660254037844387,0,1,1,6.129296162111111,4.314655074888889,5.424044650305555,5.971257494111111,17.893700756944444,17.905425590777778,18.197251676277777,17.925204983888886,98.26437011297224,0.0,0.0,110.06260566791669,-172.17339728194133,435.98515251673166,1431.48542243675,644.4667264569999,543,543,0.6730071331589155,1.8327296846234755
A4,roll_03,mlr,2026-01-31 09:00:00+00:00,2026-01-31 10:00:00+00:00,0,1,2025-12-08T00:00:00+00:00,2026-01-26T00:00:00+00:00,2026-01-26T00:00:00+00:00,2026-02-02T00:00:00+00:00,334.93582907008334,435.473205204898,-100.53737613481468,1,low,0,0.0,0,2,0,0,0,0,0,0,0,0,0,0,0,0,0,0,0,0,0,0,0,0,0,0,5,2110.409867789389,419.2874801181944,1376.5848081650277,250.3521221068889,9,-0.7071067811865475,0.7071067811865476,0,1,1,6.980553941499999,4.542731538305556,6.129296162111111,6.401175342055556,18.21654997936111,18.436193536916665,17.893700756944444,18.61396918244445,249.34129817261112,114.76844990783331,98.26437011297224,454.6492470125556,-172.17339728194133,435.98515251673166,1431.48542243675,644.4667264569999,543,543,0.16430839613139694,1.7014836427553417
A4,roll_03,mlr,2026-01-31 10:00:00+00:00,2026-01-31 11:00:00+00:00,0,1,2025-12-08T00:00:00+00:00,2026-01-26T00:00:00+00:00,2026-01-26T00:00:00+00:00,2026-02-02T00:00:00+00:00,-25.482023055444444,517.2602984596369,-542.7423215150814,1,low,0,0.0,0,2,0,0,0,0,0,0,0,0,0,0,0,0,0,0,0,0,0,0,0,0,0,0,5,3130.832139515,250.3521221068889,637.5708449115556,334.93582907008334,10,-0.8660254037844387,0.4999999999999999,0,1,1,7.7654809172777775,5.048194792888889,6.980553941499999,6.918664744916666,18.19416112413889,18.769674477888888,18.21654997936111,19.34717694561112,250.70677482605552,411.0483259695556,249.34129817261112,1227.077606142361,-172.17339728194133,435.98515251673166,1431.48542243675,644.4667264569999,543,543,0.8499576696454562,2.2607333872797017
A4,roll_03,mlr,2026-01-31 11:00:00+00:00,2026-01-31 12:00:00+00:00,0,1,2025-12-08T00:00:00+00:00,2026-01-26T00:00:00+00:00,2026-01-26T00:00:00+00:00,2026-02-02T00:00:00+00:00,-362.59401059927774,-271.2376417503406,-91.35636884893717,1,med,0,0.0,0,2,1,0,0,0,0,0,0,0,0,0,0,0,0,0,0,0,0,0,0,0,0,0,5,385.99203080291664,334.93582907008334,-1038.640299738972,-25.482023055444444,11,-0.9659258262890682,0.258819045102521,0,1,1,8.519014925166667,6.944681730611111,7.7654809172777775,9.024725996194444,18.472632186222224,19.6631947345,18.19416112413889,18.99885653263889,612.0282062237222,1596.5776119012498,250.70677482605552,1549.6980390854724,-172.17339728194133,435.98515251673166,1431.48542243675,644.4667264569999,543,543,0.18536646940036033,2.783820109533199
A4,roll_03,mlr,2026-01-31 12:00:00+00:00,2026-01-31 13:00:00+00:00,0,1,2025-12-08T00:00:00+00:00,2026-01-26T00:00:00+00:00,2026-01-26T00:00:00+00:00,2026-02-02T00:00:00+00:00,-31.184125589083333,-255.6460214066324,224.46189581754905,1,med,0,0.0,0,2,1,0,0,0,0,0,0,0,0,0,0,0,0,0,0,0,0,0,0,0,0,0,5,1016.1453970060834,-25.482023055444444,338.58896643852773,-362.59401059927774,12,-1.0,1.2246467991473532e-16,0,1,1,9.44202883811111,8.35612550725,8.519014925166667,10.370691970305556,18.927687698194443,18.378112199194447,18.472632186222224,18.922971791888887,951.2261224310834,407.66865748083336,612.0282062237222,1116.10089140025,-172.17339728194133,435.98515251673166,1431.48542243675,644.4667264569999,543,543,0.9097449553268189,2.2695811715012186
A4,roll_03,mlr,2026-01-31 13:00:00+00:00,2026-01-31 14:00:00+00:00,0,1,2025-12-08T00:00:00+00:00,2026-01-26T00:00:00+00:00,2026-01-26T00:00:00+00:00,2026-02-02T00:00:00+00:00,-90.87281389516666,305.4957853372175,-396.36859923238416,1,med,0,0.0,0,2,1,0,0,0,0,0,0,0,0,0,0,0,0,0,0,0,0,0,0,0,0,0,5,1064.5741736199725,-362.59401059927774,-266.5041079402778,-31.184125589083333,13,-0.9659258262890684,-0.2588190451025208,0,1,1,9.86314300127778,6.657871230416667,9.44202883811111,10.433649848611113,22.238324754305555,18.062944556944444,18.927687698194443,18.62102286772222,534.3037095073611,88.28240024077779,951.2261224310834,1047.2821290664722,-172.17339728194133,435.98515251673166,1431.48542243675,644.4667264569999,543,543,0.514226690189499,2.362198347618636
A4,roll_03,mlr,2026-01-31 14:00:00+00:00,2026-01-31 15:00:00+00:00,0,1,2025-12-08T00:00:00+00:00,2026-01-26T00:00:00+00:00,2026-01-26T00:00:00+00:00,2026-02-02T00:00:00+00:00,422.2890764387501,263.67015971675573,158.61891672199437,1,med,0,0.0,0,3,1,0,0,0,0,0,0,0,0,0,0,0,0,0,0,0,0,0,0,0,0,0,5,1858.781012173056,-31.184125589083333,376.1624140875,-90.87281389516666,14,-0.8660254037844388,-0.4999999999999997,0,1,1,10.303680118944444,6.097375211722222,9.86314300127778,9.447840296916668,18.43448147455556,18.00922708483333,22.238324754305555,18.27117152236111,583.7794679558612,0.0,534.3037095073611,465.3144706611944,-172.17339728194133,435.98515251673166,1431.48542243675,644.4667264569999,543,543,0.7587238053737185,1.5659401867744611
A4,roll_03,mlr,2026-01-31 15:00:00+00:00,2026-01-31 16:00:00+00:00,0,1,2025-12-08T00:00:00+00:00,2026-01-26T00:00:00+00:00,2026-01-26T00:00:00+00:00,2026-02-02T00:00:00+00:00,514.5742918275556,858.5923764787508,-344.0180846511952,1,low,0,0.0,0,2,0,0,0,0,0,0,0,0,0,0,0,0,0,0,0,0,0,0,0,0,0,0,5,1831.2616717653889,-90.87281389516666,1082.7555175266666,422.2890764387501,15,-0.7071067811865479,-0.7071067811865471,0,1,1,9.053904908055555,6.071665185777778,10.303680118944444,8.110878659944445,17.928356537861113,17.677323049111113,18.43448147455556,18.16102492311111,94.08787515758333,0.0,583.7794679558612,92.0250742933889,-172.17339728194133,435.98515251673166,1431.48542243675,644.4667264569999,543,543,0.394152613632087,1.4227439415685217
A4,roll_03,mlr,2026-01-31 16:00:00+00:00,2026-01-31 17:00:00+00:00,0,1,2025-12-08T00:00:00+00:00,2026-01-26T00:00:00+00:00,2026-01-26T00:00:00+00:00,2026-02-02T00:00:00+00:00,555.1924943127777,849.4830915103666,-294.2905971975889,0,night,0,0.0,0,2,0,0,0,0,0,0,0,0,0,0,0,0,0,0,0,0,0,0,0,0,0,0,5,1060.0596002008333,422.2890764387501,1956.864773614972,514.5742918275556,16,-0.5000000000000004,-0.8660254037844385,0,1,1,7.789694033361112,6.566483526611111,9.053904908055555,7.078508756361111,17.82899920875,17.72403060438889,17.928356537861113,18.30002895063889,0.0,0.0,94.08787515758333,0.0,-172.17339728194133,435.98515251673166,1431.48542243675,644.4667264569999,543,543,0.2800948592187692,1.3597178754928945
A4,roll_03,mlr,2026-01-31 17:00:00+00:00,2026-01-31 18:00:00+00:00,0,1,2025-12-08T00:00:00+00:00,2026-01-26T00:00:00+00:00,2026-01-26T00:00:00+00:00,2026-02-02T00:00:00+00:00,563.0741589198611,751.5842842956235,-188.5101253757624,0,night,0,0.0,0,2,0,0,0,0,0,0,0,0,0,0,0,0,0,0,0,0,0,0,0,0,0,0,5,992.9213029867224,514.5742918275556,2558.768179305,555.1924943127777,17,-0.2588190451025206,-0.9659258262890684,0,1,1,6.755247698277778,6.089130444527778,7.789694033361112,6.466590966111112,17.967200165388892,17.830043843416664,17.82899920875,17.670263042972223,0.0,0.0,0.0,0.0,-172.17339728194133,435.98515251673166,1431.48542243675,644.4667264569999,543,543,0.03747083587483895,1.3474881291250511
A4,roll_03,mlr,2026-01-31 18:00:00+00:00,2026-01-31 19:00:00+00:00,0,1,2025-12-08T00:00:00+00:00,2026-01-26T00:00:00+00:00,2026-01-26T00:00:00+00:00,2026-02-02T00:00:00+00:00,532.8345183753889,718.7942876967563,-185.9597693213674,0,night,0,0.0,0,2,0,0,0,0,0,0,0,0,0,0,0,0,0,0,0,0,0,0,0,0,0,0,5,1541.1415699855834,555.1924943127777,1987.7934036818888,563.0741589198611,18,-1.8369701987210287e-16,-1.0,0,1,1,5.767976541222222,5.9999975540833335,6.755247698277778,5.544694557833334,17.834140197916668,18.11549999886111,17.967200165388892,17.869562911861113,0.0,0.0,0.0,0.0,-172.17339728194133,435.98515251673166,1431.48542243675,644.4667264569999,543,543,0.0316211961802919,1.3944100869283913
A4,roll_03,mlr,2026-02-01 07:00:00+00:00,2026-02-01 08:00:00+00:00,0,1,2025-12-08T00:00:00+00:00,2026-01-26T00:00:00+00:00,2026-01-26T00:00:00+00:00,2026-02-02T00:00:00+00:00,1089.2109433604444,1000.7761153079728,88.43482805247163,1,night,0,0.0,0,1,0,0,0,0,0,0,0,0,0,0,0,0,0,0,0,0,0,0,0,0,0,0,6,2231.1363579284443,1160.5435193141388,1020.5726502083334,691.6709654138334,7,-0.2588190451025206,0.9659258262890684,0,1,2,4.237392116472222,4.933367505611112,3.8328786741666665,5.424044650305555,17.88786849641667,18.55700058877778,18.61053815477777,18.197251676277777,0.0,0.0,0.0,0.0,-172.17339728194133,435.98515251673166,1431.48542243675,644.4667264569999,543,543,0.5977456430111153,0.5310972080094547
A4,roll_03,mlr,2026-02-01 08:00:00+00:00,2026-02-01 09:00:00+00:00,0,1,2025-12-08T00:00:00+00:00,2026-01-26T00:00:00+00:00,2026-01-26T00:00:00+00:00,2026-02-02T00:00:00+00:00,303.2054646118889,835.5030791666431,-532.2976145547543,1,low,0,0.0,0,2,0,0,0,0,0,0,0,0,0,0,0,0,0,0,0,0,0,0,0,0,0,0,6,2238.324116505972,691.6709654138334,419.2874801181944,1089.2109433604444,8,-0.4999999999999998,0.8660254037844387,0,1,2,5.01099208125,4.832365699444444,4.237392116472222,6.129296162111111,18.566264010416667,18.49024153463889,17.88786849641667,17.893700756944444,106.04772709316669,0.0,0.0,98.26437011297224,-172.17339728194133,435.98515251673166,1431.48542243675,644.4667264569999,543,543,0.826001103922897,1.7507187128614967
A4,roll_03,mlr,2026-02-01 09:00:00+00:00,2026-02-01 10:00:00+00:00,0,1,2025-12-08T00:00:00+00:00,2026-01-26T00:00:00+00:00,2026-01-26T00:00:00+00:00,2026-02-02T00:00:00+00:00,306.5586802728889,619.044477769964,-312.4857974970751,1,low,0,0.0,0,2,0,0,0,0,0,0,0,0,0,0,0,0,0,0,0,0,0,0,0,0,0,0,6,2327.768168646222,1089.2109433604444,250.3521221068889,303.2054646118889,9,-0.7071067811865475,0.7071067811865476,0,1,2,5.626684347805555,4.46485140163889,5.01099208125,6.980553941499999,18.47450458186111,18.60976037316667,18.566264010416667,18.21654997936111,248.01824049366667,20.07319077258333,106.04772709316669,249.34129817261112,-172.17339728194133,435.98515251673166,1431.48542243675,644.4667264569999,543,543,0.3218283911852917,1.745515627080118
A4,roll_03,mlr,2026-02-01 10:00:00+00:00,2026-02-01 11:00:00+00:00,0,1,2025-12-08T00:00:00+00:00,2026-01-26T00:00:00+00:00,2026-01-26T00:00:00+00:00,2026-02-02T00:00:00+00:00,298.92543760088887,388.7079553757003,-89.78251777481142,1,low,0,0.0,0,2,0,0,0,0,0,0,0,0,0,0,0,0,0,0,0,0,0,0,0,0,0,0,6,3079.3561128761667,303.2054646118889,334.93582907008334,306.5586802728889,10,-0.8660254037844387,0.4999999999999999,0,1,2,6.359563082472222,4.6137414355,5.626684347805555,7.7654809172777775,18.573064382416668,18.23413413661111,18.47450458186111,18.19416112413889,301.1109472033611,79.55278716463889,248.01824049366667,250.70677482605552,-172.17339728194133,435.98515251673166,1431.48542243675,644.4667264569999,543,543,0.18897634250048922,1.757359904462698
A4,roll_03,mlr,2026-02-01 11:00:00+00:00,2026-02-01 12:00:00+00:00,0,1,2025-12-08T00:00:00+00:00,2026-01-26T00:00:00+00:00,2026-01-26T00:00:00+00:00,2026-02-02T00:00:00+00:00,73.55411946638888,521.3157932847639,-447.761673818375,1,low,0,0.0,0,2,0,0,0,0,0,0,0,0,0,0,0,0,0,0,0,0,0,0,0,0,0,0,6,1060.977643347722,306.5586802728889,-25.482023055444444,298.92543760088887,11,-0.9659258262890682,0.258819045102521,0,1,2,6.701555503277778,5.1184929485833335,6.359563082472222,8.519014925166667,18.641836500222222,18.24494905780556,18.573064382416668,18.472632186222224,264.21803932213885,220.18301505319445,301.1109472033611,612.0282062237222,-172.17339728194133,435.98515251673166,1431.48542243675,644.4667264569999,543,543,0.6321047286715974,2.10706192767419
A4,roll_03,mlr,2026-02-01 12:00:00+00:00,2026-02-01 13:00:00+00:00,0,1,2025-12-08T00:00:00+00:00,2026-01-26T00:00:00+00:00,2026-01-26T00:00:00+00:00,2026-02-02T00:00:00+00:00,151.58054217927778,318.7554521980901,-167.1749100188123,1,med,0,0.0,0,2,0,0,0,0,0,0,0,0,0,0,0,0,0,0,0,0,0,0,0,0,0,0,6,1745.3068945306666,298.92543760088887,-362.59401059927774,73.55411946638888,12,-1.0,1.2246467991473532e-16,0,1,2,6.799436887527777,6.667484349638889,6.701555503277778,9.44202883811111,18.791125845166665,19.08982180188889,18.641836500222222,18.927687698194443,435.7445417964166,527.3673956102779,264.21803932213885,951.2261224310834,-172.17339728194133,435.98515251673166,1431.48542243675,644.4667264569999,543,543,0.011464810749345865,1.98599063025928
A4,roll_03,mlr,2026-02-01 13:00:00+00:00,2026-02-01 14:00:00+00:00,0,1,2025-12-08T00:00:00+00:00,2026-01-26T00:00:00+00:00,2026-01-26T00:00:00+00:00,2026-02-02T00:00:00+00:00,1336.6438164391946,241.7649059842097,1094.8789104549849,1,med,0,0.0,0,2,0,0,0,0,0,0,0,0,0,0,0,0,0,0,0,0,0,0,0,0,0,0,6,906.8727746182224,73.55411946638888,-31.184125589083333,151.58054217927778,13,-0.9659258262890684,-0.2588190451025208,0,1,2,8.563500269777778,7.015248214916667,6.799436887527777,9.86314300127778,19.11458533352777,18.02789201130556,18.791125845166665,22.238324754305555,910.9197011827224,212.62666984819444,435.7445417964166,534.3037095073611,-172.17339728194133,435.98515251673166,1431.48542243675,644.4667264569999,543,543,2.9061822413512144,0.1471629210695697
A4,roll_03,mlr,2026-02-01 14:00:00+00:00,2026-02-01 15:00:00+00:00,0,1,2025-12-08T00:00:00+00:00,2026-01-26T00:00:00+00:00,2026-01-26T00:00:00+00:00,2026-02-02T00:00:00+00:00,1896.0841900744165,969.5288002357652,926.5553898386512,1,med,0,0.0,0,2,0,0,0,0,0,0,0,0,0,0,0,0,0,0,0,0,0,0,0,0,0,0,6,1490.25308828425,151.58054217927778,-90.87281389516666,1336.6438164391946,14,-0.8660254037844388,-0.4999999999999997,0,1,2,9.976889929027775,7.1463404341666665,8.563500269777778,10.303680118944444,19.289118039166667,18.02865631725,19.11458533352777,18.43448147455556,639.4901448136667,125.078570753,910.9197011827224,583.7794679558612,-172.17339728194133,435.98515251673166,1431.48542243675,644.4667264569999,543,543,2.520105973284095,0.7209041965468568
A4,roll_03,mlr,2026-02-01 15:00:00+00:00,2026-02-01 16:00:00+00:00,0,1,2025-12-08T00:00:00+00:00,2026-01-26T00:00:00+00:00,2026-01-26T00:00:00+00:00,2026-02-02T00:00:00+00:00,2484.501672130778,1819.7066901952749,664.7949819355031,1,low,0,0.0,0,2,0,0,0,0,0,0,0,0,0,0,0,0,0,0,0,0,0,0,0,0,0,0,6,924.6930943503612,1336.6438164391946,422.2890764387501,1896.0841900744165,15,-0.7071067811865479,-0.7071067811865471,0,1,2,9.471447134777778,6.817918164777777,9.976889929027775,9.053904908055555,18.72145362119445,17.959508398916665,19.289118039166667,17.928356537861113,146.96965613394443,0.0,639.4901448136667,94.08787515758333,-172.17339728194133,435.98515251673166,1431.48542243675,644.4667264569999,543,543,1.9197176197079884,1.6339342381305813
A4,roll_03,mlr,2026-02-01 16:00:00+00:00,2026-02-01 17:00:00+00:00,0,1,2025-12-08T00:00:00+00:00,2026-01-26T00:00:00+00:00,2026-01-26T00:00:00+00:00,2026-02-02T00:00:00+00:00,2486.544613380472,2039.5608747295564,446.9837386509157,0,night,0,0.0,0,2,0,0,0,0,0,0,0,0,0,0,0,0,0,0,0,0,0,0,0,0,0,0,6,1936.265559235028,1896.0841900744165,514.5742918275556,2484.501672130778,16,-0.5000000000000004,-0.8660254037844385,0,1,2,7.681018360972222,6.112700724861111,9.471447134777778,7.789694033361112,18.355588006666668,18.36010683186112,18.72145362119445,17.82899920875,0.0,0.0,146.96965613394443,0.0,-172.17339728194133,435.98515251673166,1431.48542243675,644.4667264569999,543,543,1.420133535187522,1.6371042097766357
A4,roll_03,mlr,2026-02-01 17:00:00+00:00,2026-02-01 18:00:00+00:00,0,1,2025-12-08T00:00:00+00:00,2026-01-26T00:00:00+00:00,2026-01-26T00:00:00+00:00,2026-02-02T00:00:00+00:00,2612.5492478209444,2007.1251036332635,605.4241441876811,0,night,0,0.0,0,2,0,0,0,0,0,0,0,0,0,0,0,0,0,0,0,0,0,0,0,0,0,0,6,1053.6913190111388,2484.501672130778,555.1924943127777,2486.544613380472,17,-0.2588190451025206,-0.9659258262890684,0,1,2,6.242695821472222,5.021550218833333,7.681018360972222,6.755247698277778,18.471300794,17.625167409194443,18.355588006666668,17.967200165388892,0.0,0.0,0.0,0.0,-172.17339728194133,435.98515251673166,1431.48542243675,644.4667264569999,543,543,1.7835413361691963,1.8326218824006226
A4,roll_03,mlr,2026-02-01 18:00:00+00:00,2026-02-01 19:00:00+00:00,0,1,2025-12-08T00:00:00+00:00,2026-01-26T00:00:00+00:00,2026-01-26T00:00:00+00:00,2026-02-02T00:00:00+00:00,3017.157618471861,1966.882104063534,1050.2755144083271,0,night,0,0.0,0,2,0,0,0,0,0,0,0,0,0,0,0,0,0,0,0,0,0,0,0,0,0,0,6,1042.3809986754163,2486.544613380472,563.0741589198611,2612.5492478209444,18,-1.8369701987210287e-16,-1.0,0,1,2,5.216167870194445,4.227878578694444,6.242695821472222,5.767976541222222,18.42057814105556,17.660656862222222,18.471300794,17.834140197916668,0.0,0.0,0.0,0.0,-172.17339728194133,435.98515251673166,1431.48542243675,644.4667264569999,543,543,2.80387739039658,2.460440750374271
A4,roll_03,persistence,2026-01-26 05:00:00+00:00,2026-01-26 06:00:00+00:00,0,1,2025-12-08T00:00:00+00:00,2026-01-26T00:00:00+00:00,2026-01-26T00:00:00+00:00,2026-02-02T00:00:00+00:00,2600.770309974528,2114.055589798917,486.7147201756111,0,night,0,0.0,0,1,0,0,0,0,0,0,0,0,0,0,0,0,0,0,0,0,0,0,0,0,0,0,0,2097.5119466174724,1028.218939733639,1696.815230154389,2114.055589798917,5,0.2588190451025207,0.9659258262890684,0,0,1,4.408384114472223,6.230610997888888,4.447174962083333,4.974422407805555,18.76648325919444,18.81852253330556,18.50634147902778,18.711754044777777,0.0,0.0,0.0,0.0,-38.149285630749546,333.7543634573614,1383.2154217488053,645.9522731247228,659,659,1.5726056743327472,1.8848991463965838
A4,roll_03,persistence,2026-01-26 06:00:00+00:00,2026-01-26 07:00:00+00:00,0,1,2025-12-08T00:00:00+00:00,2026-01-26T00:00:00+00:00,2026-01-26T00:00:00+00:00,2026-02-02T00:00:00+00:00,2010.6085535996945,2600.770309974528,-590.1617563748337,0,night,0,0.0,0,1,0,0,0,0,0,0,0,0,0,0,0,0,0,0,0,0,0,0,0,0,0,0,0,2207.624277541472,2114.055589798917,1659.7306816588614,2600.770309974528,6,6.123233995736766e-17,1.0,0,0,1,4.431008716472223,6.104236992611111,4.408384114472223,4.992939964055556,18.49337982475,18.518887052166665,18.76648325919444,18.560369708916667,0.0,0.0,0.0,0.0,-38.149285630749546,333.7543634573614,1383.2154217488053,645.9522731247228,659,659,1.6539483260257244,0.9712685564460424
A4,roll_03,persistence,2026-01-26 07:00:00+00:00,2026-01-26 08:00:00+00:00,0,1,2025-12-08T00:00:00+00:00,2026-01-26T00:00:00+00:00,2026-01-26T00:00:00+00:00,2026-02-02T00:00:00+00:00,1665.4681254328334,2010.6085535996945,-345.14042816686106,1,low,0,0.0,0,1,0,0,0,0,0,0,0,0,0,0,0,0,0,0,0,0,0,0,0,0,0,0,0,743.501432477222,2600.770309974528,2231.1363579284443,2010.6085535996945,7,-0.2588190451025206,0.9659258262890684,0,0,1,4.217437003583334,6.0920939530833325,4.431008716472223,4.933367505611112,18.407470120777777,17.464818313277778,18.49337982475,18.55700058877778,23.868688164416664,0.0,0.0,0.0,-38.149285630749546,333.7543634573614,1383.2154217488053,645.9522731247228,659,659,0.9198116224039449,0.43695597248797013
A4,roll_03,persistence,2026-01-26 08:00:00+00:00,2026-01-26 09:00:00+00:00,0,1,2025-12-08T00:00:00+00:00,2026-01-26T00:00:00+00:00,2026-01-26T00:00:00+00:00,2026-02-02T00:00:00+00:00,1007.3270680508888,1665.4681254328334,-658.1410573819446,1,low,0,0.0,0,1,0,0,0,0,0,0,0,0,0,0,0,0,0,0,0,0,0,0,0,0,0,0,0,1602.210022772833,2010.6085535996945,2238.324116505972,1665.4681254328334,8,-0.4999999999999998,0.8660254037844387,0,0,1,4.718276212527778,6.376790769055556,4.217437003583334,4.832365699444444,18.409084794722222,18.106925738416667,18.407470120777777,18.49024153463889,232.3755870049445,52.25388250475,23.868688164416664,0.0,-38.149285630749546,333.7543634573614,1383.2154217488053,645.9522731247228,659,659,1.8576289619967823,0.5819135086863277
A4,roll_03,persistence,2026-01-26 09:00:00+00:00,2026-01-26 10:00:00+00:00,0,1,2025-12-08T00:00:00+00:00,2026-01-26T00:00:00+00:00,2026-01-26T00:00:00+00:00,2026-02-02T00:00:00+00:00,-569.4865977234444,1007.3270680508888,-1576.8136657743332,1,med,0,0.0,0,2,0,0,0,0,0,0,0,0,0,0,0,0,0,0,0,0,0,0,0,0,0,0,0,401.86281383952775,1665.4681254328334,2327.768168646222,1007.3270680508888,9,-0.7071067811865475,0.7071067811865476,0,0,1,6.201903485888889,6.883866901888889,4.718276212527778,4.46485140163889,19.274426173416668,17.851597591666668,18.409084794722222,18.60976037316667,957.7790681506112,200.28425978958333,232.3755870049445,20.07319077258333,-38.149285630749546,333.7543634573614,1383.2154217488053,645.9522731247228,659,659,4.610170078990308,3.0229818838259823
A4,roll_03,persistence,2026-01-26 10:00:00+00:00,2026-01-26 11:00:00+00:00,0,1,2025-12-08T00:00:00+00:00,2026-01-26T00:00:00+00:00,2026-01-26T00:00:00+00:00,2026-02-02T00:00:00+00:00,-741.4332030484165,-569.4865977234444,-171.9466053249721,1,high,0,0.0,0,2,1,0,0,0,0,0,0,0,0,0,0,0,0,0,0,0,0,0,0,0,0,0,0,799.5036943302779,1007.3270680508888,3079.3561128761667,-569.4865977234444,10,-0.8660254037844387,0.4999999999999999,0,0,1,7.908126318222223,7.554804945722222,6.201903485888889,4.6137414355,19.29423308175,18.305271993833333,19.274426173416668,18.23413413661111,1452.9506088285557,300.6106887920556,957.7790681506112,79.55278716463889,-38.149285630749546,333.7543634573614,1383.2154217488053,645.9522731247228,659,659,0.4008856043355243,3.2891727658445546
A4,roll_03,persistence,2026-01-26 11:00:00+00:00,2026-01-26 12:00:00+00:00,0,1,2025-12-08T00:00:00+00:00,2026-01-26T00:00:00+00:00,2026-01-26T00:00:00+00:00,2026-02-02T00:00:00+00:00,-1079.799870834083,-741.4332030484165,-338.3666677856665,1,high,0,0.0,0,2,1,0,0,0,0,0,0,0,0,0,0,0,0,0,0,0,0,0,0,0,0,0,0,764.1083921755,-569.4865977234444,1060.977643347722,-741.4332030484165,11,-0.9659258262890682,0.258819045102521,0,0,1,8.922148164944444,7.938572868611111,7.908126318222223,5.1184929485833335,19.045338705444447,17.913517779527776,19.29423308175,18.24494905780556,1282.8998087142222,360.65137327452777,1452.9506088285557,220.18301505319445,-38.149285630749546,333.7543634573614,1383.2154217488053,645.9522731247228,659,659,0.8995159764953037,3.812998877871153
A4,roll_03,persistence,2026-01-26 12:00:00+00:00,2026-01-26 13:00:00+00:00,0,1,2025-12-08T00:00:00+00:00,2026-01-26T00:00:00+00:00,2026-01-26T00:00:00+00:00,2026-02-02T00:00:00+00:00,94.50215176250003,-1079.799870834083,1174.3020225965831,1,high,0,0.0,0,2,1,0,0,0,0,0,0,0,0,0,0,0,0,0,0,0,0,0,0,0,0,0,0,135.93812644077775,-741.4332030484165,1745.3068945306666,-1079.799870834083,12,-1.0,1.2246467991473532e-16,0,0,1,9.81455455672222,8.697412192166667,8.922148164944444,6.667484349638889,19.22219746525,17.51108470222222,19.045338705444447,19.08982180188889,1568.292356256389,429.9776792980833,1282.8998087142222,527.3673956102779,-38.149285630749546,333.7543634573614,1383.2154217488053,645.9522731247228,659,659,3.632765413663958,1.9950595788637715
A4,roll_03,persistence,2026-01-26 13:00:00+00:00,2026-01-26 14:00:00+00:00,0,1,2025-12-08T00:00:00+00:00,2026-01-26T00:00:00+00:00,2026-01-26T00:00:00+00:00,2026-02-02T00:00:00+00:00,-184.2188756273056,94.50215176250003,-278.7210273898056,1,high,0,0.0,0,3,0,0,0,0,0,0,0,0,0,0,0,0,0,0,0,0,0,0,0,0,0,0,0,227.14875664072224,-1079.799870834083,906.8727746182224,94.50215176250003,13,-0.9659258262890684,-0.2588190451025208,0,0,1,11.254398788638888,9.178790924722222,9.81455455672222,7.015248214916667,19.500437073166665,17.4767666915,19.22219746525,18.02789201130556,1276.3594904251663,331.27048653,1568.292356256389,212.62666984819444,-38.149285630749546,333.7543634573614,1383.2154217488053,645.9522731247228,659,659,0.7208047836947311,2.426548156249719
A4,roll_03,persistence,2026-01-26 14:00:00+00:00,2026-01-26 15:00:00+00:00,0,1,2025-12-08T00:00:00+00:00,2026-01-26T00:00:00+00:00,2026-01-26T00:00:00+00:00,2026-02-02T00:00:00+00:00,297.8340901346389,-184.2188756273056,482.0529657619445,1,med,0,0.0,0,3,1,0,0,0,0,0,0,0,0,0,0,0,0,0,0,0,0,0,0,0,0,0,0,1951.074940760889,94.50215176250003,1490.25308828425,-184.2188756273056,14,-0.8660254037844388,-0.4999999999999997,0,0,1,11.926946225083334,8.86652897075,11.254398788638888,7.1463404341666665,18.60872707988889,18.02714254913889,19.500437073166665,18.02865631725,748.6199065452223,138.99832969141667,1276.3594904251663,125.078570753,-38.149285630749546,333.7543634573614,1383.2154217488053,645.9522731247228,659,659,1.5586380534591937,1.6802810002722866
A4,roll_03,persistence,2026-01-26 15:00:00+00:00,2026-01-26 16:00:00+00:00,0,1,2025-12-08T00:00:00+00:00,2026-01-26T00:00:00+00:00,2026-01-26T00:00:00+00:00,2026-02-02T00:00:00+00:00,931.8924169395276,297.8340901346389,634.0583268048887,1,low,0,0.0,0,3,0,0,0,0,0,0,0,0,0,0,0,0,0,0,0,0,0,0,0,0,0,0,0,806.2876032480555,-184.2188756273056,924.6930943503612,297.8340901346389,15,-0.7071067811865479,-0.7071067811865471,0,0,1,10.923911111027778,8.054252913972222,11.926946225083334,6.817918164777777,18.19638072175,17.764550296583334,18.60872707988889,17.959508398916665,222.2870635009722,60.29446228413889,748.6199065452223,0.0,-38.149285630749546,333.7543634573614,1383.2154217488053,645.9522731247228,659,659,2.0140788736729602,0.6986940422487447
A4,roll_03,persistence,2026-01-26 16:00:00+00:00,2026-01-26 17:00:00+00:00,0,1,2025-12-08T00:00:00+00:00,2026-01-26T00:00:00+00:00,2026-01-26T00:00:00+00:00,2026-02-02T00:00:00+00:00,2682.2788242863057,931.8924169395276,1750.386407346778,0,night,0,0.0,0,2,0,0,0,0,0,0,0,0,0,0,0,0,0,0,0,0,0,0,0,0,0,0,0,738.6692789706944,297.8340901346389,1936.265559235028,931.8924169395276,16,-0.5000000000000004,-0.8660254037844385,0,0,1,8.400742399944445,6.7582327050833335,10.923911111027778,6.112700724861111,17.840104336222222,17.51009285883333,18.19638072175,18.36010683186112,0.0,0.0,222.2870635009722,0.0,-38.149285630749546,333.7543634573614,1383.2154217488053,645.9522731247228,659,659,5.3588383817670175,2.0110826396715424
A4,roll_03,persistence,2026-01-26 17:00:00+00:00,2026-01-26 18:00:00+00:00,0,1,2025-12-08T00:00:00+00:00,2026-01-26T00:00:00+00:00,2026-01-26T00:00:00+00:00,2026-02-02T00:00:00+00:00,1447.201125872611,2682.2788242863057,-1235.0776984136946,0,night,0,0.0,0,2,0,0,0,0,0,0,0,0,0,0,0,0,0,0,0,0,0,0,0,0,0,0,0,1883.6500829357776,931.8924169395276,1053.6913190111388,2682.2788242863057,17,-0.2588190451025206,-0.9659258262890684,0,0,1,7.112603206694445,6.245921308277777,8.400742399944445,5.021550218833333,17.924488307083333,17.879649593055557,17.840104336222222,17.625167409194443,0.0,0.0,0.0,0.0,-38.149285630749546,333.7543634573614,1383.2154217488053,645.9522731247228,659,659,3.586255473588311,0.09905639593817364
A4,roll_03,persistence,2026-01-26 18:00:00+00:00,2026-01-26 19:00:00+00:00,0,1,2025-12-08T00:00:00+00:00,2026-01-26T00:00:00+00:00,2026-01-26T00:00:00+00:00,2026-02-02T00:00:00+00:00,1800.8310691792778,1447.201125872611,353.62994330666675,0,night,0,0.0,0,2,0,0,0,0,0,0,0,0,0,0,0,0,0,0,0,0,0,0,0,0,0,0,0,1098.2935032161668,2682.2788242863057,1042.3809986754163,1447.201125872611,18,-1.8369701987210287e-16,-1.0,0,0,1,6.219289706472222,6.290845957444444,7.112603206694445,4.227878578694444,17.69503970936111,17.678952539277777,17.924488307083333,17.660656862222222,0.0,0.0,0.0,0.0,-38.149285630749546,333.7543634573614,1383.2154217488053,645.9522731247228,659,659,1.173855001861175,0.6465116151852877
A4,roll_03,persistence,2026-01-26 23:00:00+00:00,2026-01-27 00:00:00+00:00,0,1,2025-12-08T00:00:00+00:00,2026-01-26T00:00:00+00:00,2026-01-26T00:00:00+00:00,2026-02-02T00:00:00+00:00,389.13017225908334,370.9779513775556,18.15222088152774,0,night,0,0.0,0,1,0,0,0,0,0,0,0,0,0,0,0,0,0,0,0,0,0,0,0,0,0,0,0,356.1728901926111,411.4689791798889,401.8299940770556,370.9779513775556,23,0.965925826289068,-0.2588190451025215,0,0,1,3.129626014638889,2.691163158333333,3.385893129472222,4.466046058277779,18.01849170036111,18.135445305027776,18.39947556380556,18.2452798105,0.0,0.0,0.0,0.0,-38.149285630749546,333.7543634573614,1383.2154217488053,645.9522731247228,659,659,0.16869144699428043,1.538945353781239
A4,roll_03,persistence,2026-01-27 00:00:00+00:00,2026-01-27 01:00:00+00:00,0,1,2025-12-08T00:00:00+00:00,2026-01-26T00:00:00+00:00,2026-01-26T00:00:00+00:00,2026-02-02T00:00:00+00:00,376.84390502849993,389.13017225908334,-12.286267230583404,0,night,0,0.0,0,1,0,0,0,0,0,0,0,0,0,0,0,0,0,0,0,0,0,0,0,0,0,0,1,357.6195414715833,370.9779513775556,369.4281183008611,389.13017225908334,0,1.0,0.0,0,0,1,2.743908631833333,3.258476226361111,3.129626014638889,4.461170374777778,18.11665515311111,18.171040281166665,18.01849170036111,18.523186238833336,0.0,0.0,0.0,0.0,-38.149285630749546,333.7543634573614,1383.2154217488053,645.9522731247228,659,659,0.07749117684110894,1.557965748540669
A4,roll_03,persistence,2026-01-27 05:00:00+00:00,2026-01-27 06:00:00+00:00,0,1,2025-12-08T00:00:00+00:00,2026-01-26T00:00:00+00:00,2026-01-26T00:00:00+00:00,2026-02-02T00:00:00+00:00,1857.5546669058888,1868.492211110528,-10.937544204639153,0,night,0,0.0,0,1,0,0,0,0,0,0,0,0,0,0,0,0,0,0,0,0,0,0,0,0,0,0,1,1994.0688999676115,949.6719199514168,2114.055589798917,1868.492211110528,5,0.2588190451025207,0.9659258262890684,0,0,1,0.9838426465833332,4.0833006567500005,1.1562568538333335,4.408384114472223,18.67930558830556,18.61474645088889,18.49733369363889,18.76648325919444,0.0,0.0,0.0,0.0,-38.149285630749546,333.7543634573614,1383.2154217488053,645.9522731247228,659,659,0.08153224168883956,0.734325529752407
A4,roll_03,persistence,2026-01-27 06:00:00+00:00,2026-01-27 07:00:00+00:00,0,1,2025-12-08T00:00:00+00:00,2026-01-26T00:00:00+00:00,2026-01-26T00:00:00+00:00,2026-02-02T00:00:00+00:00,1526.8297823245,1857.5546669058888,-330.7248845813888,0,night,0,0.0,0,1,0,0,0,0,0,0,0,0,0,0,0,0,0,0,0,0,0,0,0,0,0,0,1,2029.167694873528,1868.492211110528,2600.770309974528,1857.5546669058888,6,6.123233995736766e-17,1.0,0,0,1,1.1472138321111112,3.4344617149444443,0.9838426465833332,4.431008716472223,18.36578900947222,18.44960326755556,18.67930558830556,18.49337982475,0.0,0.0,0.0,0.0,-38.149285630749546,333.7543634573614,1383.2154217488053,645.9522731247228,659,659,0.8766195471419418,0.22232967751777716
A4,roll_03,persistence,2026-01-27 07:00:00+00:00,2026-01-27 08:00:00+00:00,0,1,2025-12-08T00:00:00+00:00,2026-01-26T00:00:00+00:00,2026-01-26T00:00:00+00:00,2026-02-02T00:00:00+00:00,1412.669924658583,1526.8297823245,-114.15985766591687,1,low,0,0.0,0,1,0,0,0,0,0,0,0,0,0,0,0,0,0,0,0,0,0,0,0,0,0,0,1,2071.0094555605,1857.5546669058888,2010.6085535996945,1526.8297823245,7,-0.2588190451025206,0.9659258262890684,0,0,1,1.5920451545555556,3.243632700527778,1.1472138321111112,4.217437003583334,18.29162538472222,18.262677875222224,18.36578900947222,18.407470120777777,181.0939341638056,25.396158990166665,0.0,23.868688164416664,-38.149285630749546,333.7543634573614,1383.2154217488053,645.9522731247228,659,659,0.22774405478260665,0.04559857459328214
A4,roll_03,persistence,2026-01-27 08:00:00+00:00,2026-01-27 09:00:00+00:00,0,1,2025-12-08T00:00:00+00:00,2026-01-26T00:00:00+00:00,2026-01-26T00:00:00+00:00,2026-02-02T00:00:00+00:00,1534.4343933593334,1412.669924658583,121.76446870075029,1,med,0,0.0,0,1,0,0,0,0,0,0,0,0,0,0,0,0,0,0,0,0,0,0,0,0,0,0,1,1907.5549124286945,1526.8297823245,1665.4681254328334,1412.669924658583,8,-0.4999999999999998,0.8660254037844387,0,0,1,3.136497066611111,3.802172906555555,1.5920451545555556,4.718276212527778,18.65486796255556,18.28468123055556,18.29162538472222,18.409084794722222,499.9208653843889,287.3037690233889,181.0939341638056,232.3755870049445,-38.149285630749546,333.7543634573614,1383.2154217488053,645.9522731247228,659,659,0.4791360708365076,0.2341023910002252
A4,roll_03,persistence,2026-01-27 09:00:00+00:00,2026-01-27 10:00:00+00:00,0,1,2025-12-08T00:00:00+00:00,2026-01-26T00:00:00+00:00,2026-01-26T00:00:00+00:00,2026-02-02T00:00:00+00:00,1156.7474213855278,1534.4343933593334,-377.6869719738056,1,med,0,0.0,0,1,0,0,0,0,0,0,0,0,0,0,0,0,0,0,0,0,0,0,0,0,0,0,1,720.9783473233889,1412.669924658583,1007.3270680508888,1534.4343933593334,9,-0.7071067811865475,0.7071067811865476,0,0,1,4.706430078027778,5.253853115111111,3.136497066611111,6.201903485888889,18.752280843,18.12476716330556,18.65486796255556,19.274426173416668,628.2161829386944,621.6916147889167,499.9208653843889,957.7790681506112,-38.149285630749546,333.7543634573614,1383.2154217488053,645.9522731247228,659,659,1.0173280817238919,0.35059556221973426
A4,roll_03,persistence,2026-01-27 10:00:00+00:00,2026-01-27 11:00:00+00:00,0,1,2025-12-08T00:00:00+00:00,2026-01-26T00:00:00+00:00,2026-01-26T00:00:00+00:00,2026-02-02T00:00:00+00:00,339.89285018286114,1156.7474213855278,-816.8545712026666,1,med,0,0.0,0,2,0,0,0,0,0,0,0,0,0,0,0,0,0,0,0,0,0,0,0,0,0,0,1,151.7976551743889,1534.4343933593334,-569.4865977234444,1156.7474213855278,10,-0.8660254037844387,0.4999999999999999,0,0,1,6.267240583472223,6.455607524222223,4.706430078027778,7.908126318222223,19.328630021027777,18.34517670655556,18.752280843,19.29423308175,1074.0207572205,959.4708232418888,628.2161829386944,1452.9506088285557,-38.149285630749546,333.7543634573614,1383.2154217488053,645.9522731247228,659,659,2.3331688536003217,1.6151697501101536
A4,roll_03,persistence,2026-01-27 11:00:00+00:00,2026-01-27 12:00:00+00:00,0,1,2025-12-08T00:00:00+00:00,2026-01-26T00:00:00+00:00,2026-01-26T00:00:00+00:00,2026-02-02T00:00:00+00:00,1030.8584088937498,339.89285018286114,690.9655587108887,1,med,0,0.0,0,2,0,0,0,0,0,0,0,0,0,0,0,0,0,0,0,0,0,0,0,0,0,0,1,787.0186959797501,1156.7474213855278,-741.4332030484165,339.89285018286114,11,-0.9659258262890682,0.258819045102521,0,0,1,7.697859210388889,6.95239593825,6.267240583472223,8.922148164944444,19.243634988,18.396018660722223,19.328630021027777,19.045338705444447,965.1249525716944,590.2926090344722,1074.0207572205,1282.8998087142222,-38.149285630749546,333.7543634573614,1383.2154217488053,645.9522731247228,659,659,2.1845852044861305,0.5454845930807973
A4,roll_03,persistence,2026-01-27 12:00:00+00:00,2026-01-27 13:00:00+00:00,0,1,2025-12-08T00:00:00+00:00,2026-01-26T00:00:00+00:00,2026-01-26T00:00:00+00:00,2026-02-02T00:00:00+00:00,1307.5905215424166,1030.8584088937498,276.7321126486668,1,low,0,0.0,0,2,0,0,0,0,0,0,0,0,0,0,0,0,0,0,0,0,0,0,0,0,0,0,1,-140.12853059388888,339.89285018286114,-1079.799870834083,1030.8584088937498,12,-1.0,1.2246467991473532e-16,0,0,1,8.44994003075,7.796212953166666,7.697859210388889,9.81455455672222,18.26876692975,17.971774747861108,19.243634988,19.22219746525,211.40887729319445,566.0869300739722,965.1249525716944,1568.292356256389,-38.149285630749546,333.7543634573614,1383.2154217488053,645.9522731247228,659,659,0.9434525290323098,0.117075058565181
A4,roll_03,persistence,2026-01-27 13:00:00+00:00,2026-01-27 14:00:00+00:00,0,1,2025-12-08T00:00:00+00:00,2026-01-26T00:00:00+00:00,2026-01-26T00:00:00+00:00,2026-02-02T00:00:00+00:00,899.1258070269446,1307.5905215424166,-408.464714515472,1,low,0,0.0,0,2,0,0,0,0,0,0,0,0,0,0,0,0,0,0,0,0,0,0,0,0,0,0,1,90.30469802694444,1030.8584088937498,94.50215176250003,1307.5905215424166,13,-0.9659258262890684,-0.2588190451025208,0,0,1,8.259617161472223,7.90864646013889,8.44994003075,11.254398788638888,18.076811365166662,17.30683716836111,18.26876692975,19.500437073166665,95.77065074513888,232.06871784988888,211.40887729319445,1276.3594904251663,-38.149285630749546,333.7543634573614,1383.2154217488053,645.9522731247228,659,659,1.1095448312604064,0.749420096286883
A4,roll_03,persistence,2026-01-27 14:00:00+00:00,2026-01-27 15:00:00+00:00,0,1,2025-12-08T00:00:00+00:00,2026-01-26T00:00:00+00:00,2026-01-26T00:00:00+00:00,2026-02-02T00:00:00+00:00,1560.9848600250834,899.1258070269446,661.8590529981388,1,low,0,0.0,0,2,0,0,0,0,0,0,0,0,0,0,0,0,0,0,0,0,0,0,0,0,0,0,1,1579.226911155389,1307.5905215424166,-184.2188756273056,899.1258070269446,14,-0.8660254037844388,-0.4999999999999997,0,0,1,7.754356971027778,7.004071844694444,8.259617161472223,11.926946225083334,17.710901361,18.014104303444444,18.076811365166662,18.60872707988889,20.843421866277776,65.92271638830555,95.77065074513888,748.6199065452223,-38.149285630749546,333.7543634573614,1383.2154217488053,645.9522731247228,659,659,2.097375840655691,0.2752052213027104
A4,roll_03,persistence,2026-01-27 15:00:00+00:00,2026-01-27 16:00:00+00:00,0,1,2025-12-08T00:00:00+00:00,2026-01-26T00:00:00+00:00,2026-01-26T00:00:00+00:00,2026-02-02T00:00:00+00:00,1794.9346924112222,1560.9848600250834,233.94983238613872,1,night,0,0.0,0,2,0,0,0,0,0,0,0,0,0,0,0,0,0,0,0,0,0,0,0,0,0,0,1,1514.7609178625555,899.1258070269446,297.8340901346389,1560.9848600250834,15,-0.7071067811865479,-0.7071067811865471,0,0,1,7.113380494527778,6.226552915722222,7.754356971027778,10.923911111027778,18.19326131930556,17.985049249555555,17.710901361,18.19638072175,0.0,0.0,20.843421866277776,222.2870635009722,-38.149285630749546,333.7543634573614,1383.2154217488053,645.9522731247228,659,659,0.8152675973977195,0.6373834225720275
A4,roll_03,persistence,2026-01-27 16:00:00+00:00,2026-01-27 17:00:00+00:00,0,1,2025-12-08T00:00:00+00:00,2026-01-26T00:00:00+00:00,2026-01-26T00:00:00+00:00,2026-02-02T00:00:00+00:00,843.3756644045833,1794.9346924112222,-951.5590280066388,0,night,0,0.0,0,2,0,0,0,0,0,0,0,0,0,0,0,0,0,0,0,0,0,0,0,0,0,0,1,1201.4197669487778,1560.9848600250834,931.8924169395276,1794.9346924112222,16,-0.5000000000000004,-0.8660254037844385,0,0,1,6.417744069444445,5.539642565916666,7.113380494527778,8.400742399944445,18.04983601577777,17.38080857111111,18.19326131930556,17.840104336222222,0.0,0.0,0.0,0.0,-38.149285630749546,333.7543634573614,1383.2154217488053,645.9522731247228,659,659,2.7367724362129016,0.8357270030691383
A4,roll_03,persistence,2026-01-27 17:00:00+00:00,2026-01-27 18:00:00+00:00,0,1,2025-12-08T00:00:00+00:00,2026-01-26T00:00:00+00:00,2026-01-26T00:00:00+00:00,2026-02-02T00:00:00+00:00,973.197521312722,843.3756644045833,129.82185690813867,0,night,0,0.0,0,2,0,0,0,0,0,0,0,0,0,0,0,0,0,0,0,0,0,0,0,0,0,0,1,753.0024936381111,1794.9346924112222,2682.2788242863057,843.3756644045833,17,-0.2588190451025206,-0.9659258262890684,0,0,1,6.518880213805556,5.106537856944445,6.417744069444445,7.112603206694445,17.523798786,17.944962672305554,18.04983601577777,17.924488307083333,0.0,0.0,0.0,0.0,-38.149285630749546,333.7543634573614,1383.2154217488053,645.9522731247228,659,659,0.5032777423458233,0.6347495279375163
A4,roll_03,persistence,2026-01-27 18:00:00+00:00,2026-01-27 19:00:00+00:00,0,1,2025-12-08T00:00:00+00:00,2026-01-26T00:00:00+00:00,2026-01-26T00:00:00+00:00,2026-02-02T00:00:00+00:00,1523.8945169891667,973.197521312722,550.6969956764448,0,night,0,0.0,0,2,0,0,0,0,0,0,0,0,0,0,0,0,0,0,0,0,0,0,0,0,0,0,1,1059.3235259904168,843.3756644045833,1447.201125872611,973.197521312722,18,-1.8369701987210287e-16,-1.0,0,0,1,6.447346530638889,5.047560526333333,6.518880213805556,6.219289706472222,17.747513365055557,17.76713559486111,17.523798786,17.69503970936111,0.0,0.0,0.0,0.0,-38.149285630749546,333.7543634573614,1383.2154217488053,645.9522731247228,659,659,1.764310360491877,0.21778558740855863
A4,roll_03,persistence,2026-01-27 19:00:00+00:00,2026-01-27 20:00:00+00:00,0,1,2025-12-08T00:00:00+00:00,2026-01-26T00:00:00+00:00,2026-01-26T00:00:00+00:00,2026-02-02T00:00:00+00:00,985.6768274591944,1523.8945169891667,-538.2176895299723,0,night,0,0.0,0,2,0,0,0,0,0,0,0,0,0,0,0,0,0,0,0,0,0,0,0,0,0,0,1,2397.7932220235834,973.197521312722,1800.8310691792778,1523.8945169891667,19,0.2588190451025203,-0.9659258262890684,0,0,1,5.853020431666667,4.7790201357777775,6.447346530638889,5.074136068694444,18.224571140166667,18.29565681925,17.747513365055557,17.853487320499998,0.0,0.0,0.0,0.0,-38.149285630749546,333.7543634573614,1383.2154217488053,645.9522731247228,659,659,1.4983127073426523,0.6154302892480923
A4,roll_03,persistence,2026-01-27 20:00:00+00:00,2026-01-27 21:00:00+00:00,0,1,2025-12-08T00:00:00+00:00,2026-01-26T00:00:00+00:00,2026-01-26T00:00:00+00:00,2026-02-02T00:00:00+00:00,1010.58551608475,985.6768274591944,24.90868862555556,0,night,0,0.0,0,2,0,0,0,0,0,0,0,0,0,0,0,0,0,0,0,0,0,0,0,0,0,0,1,1239.3215171065278,1523.8945169891667,1879.5046675005,985.6768274591944,20,0.5000000000000001,-0.8660254037844386,0,0,1,5.681178345833334,4.616484813166667,5.853020431666667,4.405074585055556,17.815112795055555,18.163473134916668,18.224571140166667,18.49665259761112,0.0,0.0,0.0,0.0,-38.149285630749546,333.7543634573614,1383.2154217488053,645.9522731247228,659,659,0.18893528043525049,0.5768690987981191
A4,roll_03,persistence,2026-01-27 21:00:00+00:00,2026-01-27 22:00:00+00:00,0,1,2025-12-08T00:00:00+00:00,2026-01-26T00:00:00+00:00,2026-01-26T00:00:00+00:00,2026-02-02T00:00:00+00:00,469.4664131017777,1010.58551608475,-541.1191029829723,0,night,0,0.0,0,2,0,0,0,0,0,0,0,0,0,0,0,0,0,0,0,0,0,0,0,0,0,0,1,1097.120321607,985.6768274591944,982.8754678472778,1010.58551608475,21,0.7071067811865474,-0.7071067811865477,0,0,1,5.6377634685,3.733819858222222,5.681178345833334,4.6045820965277775,18.10064228113889,17.823669394694445,17.815112795055555,18.201204467472223,0.0,0.0,0.0,0.0,-38.149285630749546,333.7543634573614,1383.2154217488053,645.9522731247228,659,659,1.507005967328662,1.4145766593975553
A4,roll_03,persistence,2026-01-27 22:00:00+00:00,2026-01-27 23:00:00+00:00,0,1,2025-12-08T00:00:00+00:00,2026-01-26T00:00:00+00:00,2026-01-26T00:00:00+00:00,2026-02-02T00:00:00+00:00,1039.222492417361,469.4664131017777,569.7560793155834,0,night,0,0.0,0,2,0,0,0,0,0,0,0,0,0,0,0,0,0,0,0,0,0,0,0,0,0,0,1,532.8753846346667,1010.58551608475,411.4689791798889,469.4664131017777,22,0.8660254037844384,-0.5000000000000004,0,0,1,5.511910193805555,2.806227175638889,5.6377634685,3.385893129472222,18.249919140416665,21.387805783944444,18.10064228113889,18.39947556380556,0.0,0.0,0.0,0.0,-38.149285630749546,333.7543634573614,1383.2154217488053,645.9522731247228,659,659,1.8214154824795137,0.5325361387264982
A4,roll_03,persistence,2026-01-27 23:00:00+00:00,2026-01-28 00:00:00+00:00,0,1,2025-12-08T00:00:00+00:00,2026-01-26T00:00:00+00:00,2026-01-26T00:00:00+00:00,2026-02-02T00:00:00+00:00,431.1445660605278,1039.222492417361,-608.0779263568334,0,night,0,0.0,0,2,0,0,0,0,0,0,0,0,0,0,0,0,0,0,0,0,0,0,0,0,0,0,1,374.928417115,469.4664131017777,370.9779513775556,1039.222492417361,23,0.965925826289068,-0.2588190451025215,0,0,1,5.521770110833334,2.466718193027777,5.511910193805555,3.129626014638889,18.24883212461111,17.90830201163889,18.249919140416665,18.01849170036111,0.0,0.0,0.0,0.0,-38.149285630749546,333.7543634573614,1383.2154217488053,645.9522731247228,659,659,1.70762903238835,1.4739027870940682
A4,roll_03,persistence,2026-01-28 04:00:00+00:00,2026-01-28 05:00:00+00:00,0,1,2025-12-08T00:00:00+00:00,2026-01-26T00:00:00+00:00,2026-01-26T00:00:00+00:00,2026-02-02T00:00:00+00:00,2035.0871509705555,1092.225752789,942.8613981815556,0,night,0,0.0,0,2,0,0,0,0,0,0,0,0,0,0,0,0,0,0,0,0,0,0,0,0,0,0,2,1049.641280434889,421.2961618739444,949.6719199514168,1092.225752789,4,0.5000000000000001,0.8660254037844386,0,0,1,5.284482934222222,0.5259598769722222,5.2807922785,1.1562568538333335,18.57139395311111,18.346101567916666,18.31751713141667,18.49733369363889,0.0,0.0,0.0,0.0,-38.149285630749546,333.7543634573614,1383.2154217488053,645.9522731247228,659,659,2.93931942537025,1.009163921768388
A4,roll_03,persistence,2026-01-28 05:00:00+00:00,2026-01-28 06:00:00+00:00,0,1,2025-12-08T00:00:00+00:00,2026-01-26T00:00:00+00:00,2026-01-26T00:00:00+00:00,2026-02-02T00:00:00+00:00,2063.430210569112,2035.0871509705555,28.34305959855669,0,night,0,0.0,0,2,0,0,0,0,0,0,0,0,0,0,0,0,0,0,0,0,0,0,0,0,0,0,2,2165.628261214222,1092.225752789,1868.492211110528,2035.0871509705555,5,0.2588190451025207,0.9659258262890684,0,0,1,5.513712828027778,0.3656367874444444,5.284482934222222,0.9838426465833332,18.634632919027776,18.44876204208333,18.57139395311111,18.67930558830556,0.0,0.0,0.0,0.0,-38.149285630749546,333.7543634573614,1383.2154217488053,645.9522731247228,659,659,0.1992253960083459,1.0530418687588838
A4,roll_03,persistence,2026-01-28 06:00:00+00:00,2026-01-28 07:00:00+00:00,0,1,2025-12-08T00:00:00+00:00,2026-01-26T00:00:00+00:00,2026-01-26T00:00:00+00:00,2026-02-02T00:00:00+00:00,1837.9513309886668,2063.430210569112,-225.47887958044544,0,night,0,0.0,0,2,0,0,0,0,0,0,0,0,0,0,0,0,0,0,0,0,0,0,0,0,0,0,2,2007.6322741502224,2035.0871509705555,1857.5546669058888,2063.430210569112,6,6.123233995736766e-17,1.0,0,0,1,5.542613285861112,0.0914363476111111,5.513712828027778,1.1472138321111112,18.442081739,18.20441595636111,18.634632919027776,18.36578900947222,0.0,0.0,0.0,0.0,-38.149285630749546,333.7543634573614,1383.2154217488053,645.9522731247228,659,659,0.5612798346938408,0.7039775663922146
A4,roll_03,persistence,2026-01-28 07:00:00+00:00,2026-01-28 08:00:00+00:00,0,1,2025-12-08T00:00:00+00:00,2026-01-26T00:00:00+00:00,2026-01-26T00:00:00+00:00,2026-02-02T00:00:00+00:00,1887.533959910028,1837.9513309886668,49.58262892136122,1,night,0,0.0,0,2,0,0,0,0,0,0,0,0,0,0,0,0,0,0,0,0,0,0,0,0,0,0,2,1787.7926135424725,2063.430210569112,1526.8297823245,1837.9513309886668,7,-0.2588190451025206,0.9659258262890684,0,0,1,5.184793339416666,0.4624889772777778,5.542613285861112,1.5920451545555556,18.612981790916667,18.099627230388887,18.442081739,18.29162538472222,0.0,88.74529710644445,0.0,181.0939341638056,-38.149285630749546,333.7543634573614,1383.2154217488053,645.9522731247228,659,659,0.26286372301861727,0.7807365329355332
A4,roll_03,persistence,2026-01-28 08:00:00+00:00,2026-01-28 09:00:00+00:00,0,1,2025-12-08T00:00:00+00:00,2026-01-26T00:00:00+00:00,2026-01-26T00:00:00+00:00,2026-02-02T00:00:00+00:00,1927.4843435574169,1887.533959910028,39.95038364738889,1,night,0,0.0,0,2,0,0,0,0,0,0,0,0,0,0,0,0,0,0,0,0,0,0,0,0,0,0,2,1396.283928898889,1837.9513309886668,1412.669924658583,1887.533959910028,8,-0.4999999999999998,0.8660254037844387,0,0,1,5.1913422946944445,2.0457270672222223,5.184793339416666,3.136497066611111,18.377665885472226,18.33234830197222,18.612981790916667,18.65486796255556,0.0,506.86706511469447,0.0,499.9208653843889,-38.149285630749546,333.7543634573614,1383.2154217488053,645.9522731247228,659,659,0.2340034403418849,0.8425838013941352
A4,roll_03,persistence,2026-01-28 09:00:00+00:00,2026-01-28 10:00:00+00:00,0,1,2025-12-08T00:00:00+00:00,2026-01-26T00:00:00+00:00,2026-01-26T00:00:00+00:00,2026-02-02T00:00:00+00:00,1864.801970357278,1927.4843435574169,-62.68237320013896,1,low,0,0.0,0,2,0,0,0,0,0,0,0,0,0,0,0,0,0,0,0,0,0,0,0,0,0,0,2,1012.9496219223612,1887.533959910028,1534.4343933593334,1927.4843435574169,9,-0.7071067811865475,0.7071067811865476,0,0,1,5.373750419944444,3.9313944355833335,5.1913422946944445,4.706430078027778,18.25319205494445,18.699979865277776,18.377665885472226,18.752280843,10.544310736611113,949.0842489008888,0.0,628.2161829386944,-38.149285630749546,333.7543634573614,1383.2154217488053,645.9522731247228,659,659,0.07350641745998814,0.7455450946535894
A4,roll_03,persistence,2026-01-28 10:00:00+00:00,2026-01-28 11:00:00+00:00,0,1,2025-12-08T00:00:00+00:00,2026-01-26T00:00:00+00:00,2026-01-26T00:00:00+00:00,2026-02-02T00:00:00+00:00,3141.5486331360003,1864.801970357278,1276.7466627787223,1,low,0,0.0,0,2,0,0,0,0,0,0,0,0,0,0,0,0,0,0,0,0,0,0,0,0,0,0,2,755.3586427439723,1927.4843435574169,1156.7474213855278,1864.801970357278,10,-0.8660254037844387,0.4999999999999999,0,0,1,5.65833449311111,5.315615807527778,5.373750419944444,6.267240583472223,18.034370881194445,19.066515733777777,18.25319205494445,19.328630021027777,25.393810472444443,1313.273773081028,10.544310736611113,1074.0207572205,-38.149285630749546,333.7543634573614,1383.2154217488053,645.9522731247228,659,659,3.9397116333954854,2.722079145075924
A4,roll_03,persistence,2026-01-28 11:00:00+00:00,2026-01-28 12:00:00+00:00,0,1,2025-12-08T00:00:00+00:00,2026-01-26T00:00:00+00:00,2026-01-26T00:00:00+00:00,2026-02-02T00:00:00+00:00,3688.242951303472,3141.5486331360003,546.6943181674719,1,low,0,0.0,0,2,0,0,0,0,0,0,0,0,0,0,0,0,0,0,0,0,0,0,0,0,0,0,2,53.140800646916695,1864.801970357278,339.89285018286114,3141.5486331360003,11,-0.9659258262890682,0.258819045102521,0,0,1,5.88800453525,6.909244716555556,5.65833449311111,7.697859210388889,18.29865785161111,19.08309364155556,18.034370881194445,19.243634988,223.8937608820556,1427.9776504355557,25.393810472444443,965.1249525716944,-38.149285630749546,333.7543634573614,1383.2154217488053,645.9522731247228,659,659,1.7523174760618156,3.5684177074017422
A4,roll_03,persistence,2026-01-28 12:00:00+00:00,2026-01-28 13:00:00+00:00,0,1,2025-12-08T00:00:00+00:00,2026-01-26T00:00:00+00:00,2026-01-26T00:00:00+00:00,2026-02-02T00:00:00+00:00,2978.0382318605,3688.242951303472,-710.204719442972,1,low,0,0.0,0,2,0,0,0,0,0,0,0,0,0,0,0,0,0,0,0,0,0,0,0,0,0,0,2,-768.0917536371389,3141.5486331360003,1030.8584088937498,3688.242951303472,12,-1.0,1.2246467991473532e-16,0,0,1,6.230890702111111,8.880089984972221,5.88800453525,8.44994003075,18.18650774847222,18.484981089805554,18.29865785161111,18.26876692975,217.1136607175556,1346.315216830611,223.8937608820556,211.40887729319445,-38.149285630749546,333.7543634573614,1383.2154217488053,645.9522731247228,659,659,2.0136229137213375,2.4689483673413144
A4,roll_03,persistence,2026-01-28 13:00:00+00:00,2026-01-28 14:00:00+00:00,0,1,2025-12-08T00:00:00+00:00,2026-01-26T00:00:00+00:00,2026-01-26T00:00:00+00:00,2026-02-02T00:00:00+00:00,3380.6789978081943,2978.0382318605,402.6407659476941,1,low,0,0.0,0,2,0,0,0,0,0,0,0,0,0,0,0,0,0,0,0,0,0,0,0,0,0,0,2,452.3195190723055,3688.242951303472,1307.5905215424166,2978.0382318605,13,-0.9659258262890684,-0.2588190451025208,0,0,1,6.399069186666668,10.48915223186111,6.230890702111111,8.259617161472223,17.592900088416666,18.524133185916664,18.18650774847222,18.076811365166662,113.17434017758336,1073.8044294135832,217.1136607175556,95.77065074513888,-38.149285630749546,333.7543634573614,1383.2154217488053,645.9522731247228,659,659,1.3207019887689244,3.092277338690798
A4,roll_03,persistence,2026-01-28 14:00:00+00:00,2026-01-28 15:00:00+00:00,0,1,2025-12-08T00:00:00+00:00,2026-01-26T00:00:00+00:00,2026-01-26T00:00:00+00:00,2026-02-02T00:00:00+00:00,3872.714778626834,3380.6789978081943,492.0357808186395,1,low,0,0.0,0,2,0,0,0,0,0,0,0,0,0,0,0,0,0,0,0,0,0,0,0,0,0,0,2,66.48684730938892,2978.0382318605,899.1258070269446,3380.6789978081943,14,-0.8660254037844388,-0.4999999999999997,0,0,1,6.31566832675,10.873624103916669,6.399069186666668,7.754356971027778,17.809436758833332,17.64684908008333,17.592900088416666,17.710901361,57.91523832122223,664.2745502861944,113.17434017758336,20.843421866277776,-38.149285630749546,333.7543634573614,1383.2154217488053,645.9522731247228,659,659,1.5885487187559197,3.853998910531501
A4,roll_03,persistence,2026-01-28 15:00:00+00:00,2026-01-28 16:00:00+00:00,0,1,2025-12-08T00:00:00+00:00,2026-01-26T00:00:00+00:00,2026-01-26T00:00:00+00:00,2026-02-02T00:00:00+00:00,3566.8731119283607,3872.714778626834,-305.8416666984731,1,night,0,0.0,0,2,0,0,0,0,0,0,0,0,0,0,0,0,0,0,0,0,0,0,0,0,0,0,2,359.87914049975,3380.6789978081943,1560.9848600250834,3872.714778626834,15,-0.7071067811865479,-0.7071067811865471,0,0,1,6.244660061111111,9.67541222338889,6.31566832675,7.113380494527778,17.889092211916665,17.73781377975,17.809436758833332,18.19326131930556,0.0,144.55603472877775,57.91523832122223,0.0,-38.149285630749546,333.7543634573614,1383.2154217488053,645.9522731247228,659,659,0.8020640638063821,3.3805248174394564
A4,roll_03,persistence,2026-01-28 16:00:00+00:00,2026-01-28 17:00:00+00:00,0,1,2025-12-08T00:00:00+00:00,2026-01-26T00:00:00+00:00,2026-01-26T00:00:00+00:00,2026-02-02T00:00:00+00:00,4099.8204709775,3566.8731119283607,532.9473590491393,0,night,0,0.0,0,2,0,0,0,0,0,0,0,0,0,0,0,0,0,0,0,0,0,0,0,0,0,0,2,3501.792804637556,3872.714778626834,1794.9346924112222,3566.8731119283607,16,-0.5000000000000004,-0.8660254037844385,0,0,1,5.823090861361112,6.537365921777777,6.244660061111111,6.417744069444445,17.597432975833332,17.606137597472223,17.889092211916665,18.04983601577777,0.0,0.0,0.0,0.0,-38.149285630749546,333.7543634573614,1383.2154217488053,645.9522731247228,659,659,1.7111286239493584,4.205581684986444
A4,roll_03,persistence,2026-01-28 17:00:00+00:00,2026-01-28 18:00:00+00:00,0,1,2025-12-08T00:00:00+00:00,2026-01-26T00:00:00+00:00,2026-01-26T00:00:00+00:00,2026-02-02T00:00:00+00:00,3533.490893778889,4099.8204709775,-566.3295771986109,0,night,0,0.0,0,2,0,0,0,0,0,0,0,0,0,0,0,0,0,0,0,0,0,0,0,0,0,0,2,3139.28925536575,3566.8731119283607,843.3756644045833,4099.8204709775,17,-0.2588190451025206,-0.9659258262890684,0,0,1,5.327666574166667,4.898183921,5.823090861361112,6.518880213805556,16.81522350208333,17.69062399725,17.597432975833332,17.523798786,0.0,0.0,0.0,0.0,-38.149285630749546,333.7543634573614,1383.2154217488053,645.9522731247228,659,659,1.5825419811637569,3.3288457390642248
A4,roll_03,persistence,2026-01-28 18:00:00+00:00,2026-01-28 19:00:00+00:00,0,1,2025-12-08T00:00:00+00:00,2026-01-26T00:00:00+00:00,2026-01-26T00:00:00+00:00,2026-02-02T00:00:00+00:00,4150.093525715889,3533.490893778889,616.6026319369998,0,night,0,0.0,0,2,0,0,0,0,0,0,0,0,0,0,0,0,0,0,0,0,0,0,0,0,0,0,2,3084.578836987528,4099.8204709775,973.197521312722,3533.490893778889,18,-1.8369701987210287e-16,-1.0,0,0,1,5.189922447472222,4.040946171194444,5.327666574166667,6.447346530638889,17.198094430777775,17.300488013416665,16.81522350208333,17.747513365055557,0.0,0.0,0.0,0.0,-38.149285630749546,333.7543634573614,1383.2154217488053,645.9522731247228,659,659,1.9617778499887593,4.283409501111618
A4,roll_03,persistence,2026-01-28 19:00:00+00:00,2026-01-28 20:00:00+00:00,0,1,2025-12-08T00:00:00+00:00,2026-01-26T00:00:00+00:00,2026-01-26T00:00:00+00:00,2026-02-02T00:00:00+00:00,3498.4065437332224,4150.093525715889,-651.6869819826666,0,night,0,0.0,0,2,0,0,0,0,0,0,0,0,0,0,0,0,0,0,0,0,0,0,0,0,0,0,2,3033.668790060889,3533.490893778889,1523.8945169891667,4150.093525715889,19,0.2588190451025203,-0.9659258262890684,0,0,1,5.153431917222222,3.191824916555556,5.189922447472222,5.853020431666667,17.99117864236111,17.536376965666665,17.198094430777775,18.224571140166667,0.0,0.0,0.0,0.0,-38.149285630749546,333.7543634573614,1383.2154217488053,645.9522731247228,659,659,1.8382911611889656,3.2745315869118525
A4,roll_03,persistence,2026-01-28 20:00:00+00:00,2026-01-28 21:00:00+00:00,0,1,2025-12-08T00:00:00+00:00,2026-01-26T00:00:00+00:00,2026-01-26T00:00:00+00:00,2026-02-02T00:00:00+00:00,3031.050403281528,3498.4065437332224,-467.3561404516945,0,night,0,0.0,0,2,0,0,0,0,0,0,0,0,0,0,0,0,0,0,0,0,0,0,0,0,0,0,2,2886.9925662115,4150.093525715889,985.6768274591944,3498.4065437332224,20,0.5000000000000001,-0.8660254037844386,0,0,1,5.344064076416667,2.487087112333333,5.153431917222222,5.681178345833334,17.54592248638889,17.762063201333333,17.99117864236111,17.815112795055555,0.0,0.0,0.0,0.0,-38.149285630749546,333.7543634573614,1383.2154217488053,645.9522731247228,659,659,1.28599623499987,2.551016615455973
A4,roll_03,persistence,2026-01-28 21:00:00+00:00,2026-01-28 22:00:00+00:00,0,1,2025-12-08T00:00:00+00:00,2026-01-26T00:00:00+00:00,2026-01-26T00:00:00+00:00,2026-02-02T00:00:00+00:00,880.7419122894444,3031.050403281528,-2150.3084909920835,0,night,0,0.0,0,2,0,0,0,0,0,0,0,0,0,0,0,0,0,0,0,0,0,0,0,0,0,0,2,2551.3509306884166,3498.4065437332224,1010.58551608475,3031.050403281528,21,0.7071067811865474,-0.7071067811865477,0,0,1,5.513382952611111,1.9324537458333333,5.344064076416667,5.6377634685,19.893719509444445,17.464727486527778,17.54592248638889,18.10064228113889,0.0,0.0,0.0,0.0,-38.149285630749546,333.7543634573614,1383.2154217488053,645.9522731247228,659,659,6.328484168660679,0.7778802403290584
A4,roll_03,persistence,2026-01-28 22:00:00+00:00,2026-01-28 23:00:00+00:00,0,1,2025-12-08T00:00:00+00:00,2026-01-26T00:00:00+00:00,2026-01-26T00:00:00+00:00,2026-02-02T00:00:00+00:00,822.8956369502222,880.7419122894444,-57.84627533922219,0,night,0,0.0,0,2,0,0,0,0,0,0,0,0,0,0,0,0,0,0,0,0,0,0,0,0,0,0,2,2388.614872440278,3031.050403281528,469.4664131017777,880.7419122894444,22,0.8660254037844384,-0.5000000000000004,0,0,1,5.632813449722222,1.30014670125,5.513382952611111,5.511910193805555,19.97541349633333,17.690357956194443,19.893719509444445,18.249919140416665,0.0,0.0,0.0,0.0,-38.149285630749546,333.7543634573614,1383.2154217488053,645.9522731247228,659,659,0.05901642604588455,0.8674321743433119
A4,roll_03,persistence,2026-01-28 23:00:00+00:00,2026-01-29 00:00:00+00:00,0,1,2025-12-08T00:00:00+00:00,2026-01-26T00:00:00+00:00,2026-01-26T00:00:00+00:00,2026-02-02T00:00:00+00:00,934.8170360965556,822.8956369502222,111.92139914633344,0,night,0,0.0,0,2,0,0,0,0,0,0,0,0,0,0,0,0,0,0,0,0,0,0,0,0,0,0,2,1967.8965871302496,880.7419122894444,1039.222492417361,822.8956369502222,23,0.965925826289068,-0.2588190451025215,0,0,1,5.591124761194444,0.8794424397222222,5.632813449722222,5.521770110833334,18.18788550086111,17.751566612944444,19.97541349633333,18.24883212461111,0.0,0.0,0.0,0.0,-38.149285630749546,333.7543634573614,1383.2154217488053,645.9522731247228,659,659,0.44964411318102565,0.6941664335093551
A4,roll_03,persistence,2026-01-29 00:00:00+00:00,2026-01-29 01:00:00+00:00,0,1,2025-12-08T00:00:00+00:00,2026-01-26T00:00:00+00:00,2026-01-26T00:00:00+00:00,2026-02-02T00:00:00+00:00,569.0574982047777,934.8170360965556,-365.7595378917779,0,night,0,0.0,0,2,0,0,0,0,0,0,0,0,0,0,0,0,0,0,0,0,0,0,0,0,0,0,3,387.7841801272222,822.8956369502222,431.1445660605278,934.8170360965556,0,1.0,0.0,0,0,1,5.649876135861111,0.7327373778333334,5.591124761194444,5.279464696388889,18.53709236861112,18.514657144027776,18.18788550086111,18.59336328630556,0.0,0.0,0.0,0.0,-38.149285630749546,333.7543634573614,1383.2154217488053,645.9522731247228,659,659,0.9815909187442937,1.2603995022815362
A4,roll_03,persistence,2026-01-29 01:00:00+00:00,2026-01-29 02:00:00+00:00,0,1,2025-12-08T00:00:00+00:00,2026-01-26T00:00:00+00:00,2026-01-26T00:00:00+00:00,2026-02-02T00:00:00+00:00,388.6233783748333,569.0574982047777,-180.43411982994445,0,night,0,0.0,0,2,0,0,0,0,0,0,0,0,0,0,0,0,0,0,0,0,0,0,0,0,0,0,3,375.648988568,934.8170360965556,417.8579242465556,569.0574982047777,1,0.9659258262890684,0.2588190451025207,0,0,1,5.783219677611111,0.5019400923611111,5.649876135861111,5.423899556444446,18.662892832388888,18.432809342444443,18.53709236861112,18.35289168230556,0.0,0.0,0.0,0.0,-38.149285630749546,333.7543634573614,1383.2154217488053,645.9522731247228,659,659,0.4263160269285061,1.5397299224023826
A4,roll_03,persistence,2026-01-29 03:00:00+00:00,2026-01-29 04:00:00+00:00,0,1,2025-12-08T00:00:00+00:00,2026-01-26T00:00:00+00:00,2026-01-26T00:00:00+00:00,2026-02-02T00:00:00+00:00,1044.109589464861,380.9392708019166,663.1703186629445,0,night,0,0.0,0,2,0,0,0,0,0,0,0,0,0,0,0,0,0,0,0,0,0,0,0,0,0,0,3,372.0987236639445,388.6233783748333,421.2961618739444,380.9392708019166,3,0.7071067811865476,0.7071067811865476,0,0,1,5.751614257,0.2133146070555555,5.739918612555556,5.2807922785,18.577546874611112,18.459798990916667,18.59705101538889,18.31751713141667,0.0,0.0,0.0,0.0,-38.149285630749546,333.7543634573614,1383.2154217488053,645.9522731247228,659,659,2.1013046751770506,0.524970414057926
A4,roll_03,persistence,2026-01-29 04:00:00+00:00,2026-01-29 05:00:00+00:00,0,1,2025-12-08T00:00:00+00:00,2026-01-26T00:00:00+00:00,2026-01-26T00:00:00+00:00,2026-02-02T00:00:00+00:00,2097.0978272491666,1044.109589464861,1052.9882377843055,0,night,0,0.0,0,2,0,0,0,0,0,0,0,0,0,0,0,0,0,0,0,0,0,0,0,0,0,0,3,1036.0452877571945,380.9392708019166,1092.225752789,1044.109589464861,4,0.5000000000000001,0.8660254037844386,0,0,1,5.690614872888889,-0.1355967138611111,5.751614257,5.284482934222222,18.699853914444443,18.305206327277777,18.577546874611112,18.57139395311111,0.0,0.0,0.0,0.0,-38.149285630749546,333.7543634573614,1383.2154217488053,645.9522731247228,659,659,3.2692831701493326,1.105162773167488
A4,roll_03,persistence,2026-01-29 05:00:00+00:00,2026-01-29 06:00:00+00:00,0,1,2025-12-08T00:00:00+00:00,2026-01-26T00:00:00+00:00,2026-01-26T00:00:00+00:00,2026-02-02T00:00:00+00:00,2101.717697546028,2097.0978272491666,4.619870296861336,0,night,0,0.0,0,2,0,0,0,0,0,0,0,0,0,0,0,0,0,0,0,0,0,0,0,0,0,0,3,1958.2742827319444,1044.109589464861,2035.0871509705555,2097.0978272491666,5,0.2588190451025207,0.9659258262890684,0,0,1,5.321339182305556,-0.2067956863333333,5.690614872888889,5.513712828027778,18.788275002444447,18.570810667694445,18.699853914444443,18.634632919027776,0.0,0.0,0.0,0.0,-38.149285630749546,333.7543634573614,1383.2154217488053,645.9522731247228,659,659,0.1281456082987656,1.112314803571396
A4,roll_03,persistence,2026-01-29 06:00:00+00:00,2026-01-29 07:00:00+00:00,0,1,2025-12-08T00:00:00+00:00,2026-01-26T00:00:00+00:00,2026-01-26T00:00:00+00:00,2026-02-02T00:00:00+00:00,1866.4684684137776,2101.717697546028,-235.24922913225032,0,night,0,0.0,0,2,0,0,0,0,0,0,0,0,0,0,0,0,0,0,0,0,0,0,0,0,0,0,3,1980.8106362188057,2097.0978272491666,2063.430210569112,2101.717697546028,6,6.123233995736766e-17,1.0,0,0,1,5.4229227490000005,-0.3390546419444444,5.321339182305556,5.542613285861112,18.46805462488889,18.560011663194445,18.788275002444447,18.442081739,0.0,0.0,0.0,0.0,-38.149285630749546,333.7543634573614,1383.2154217488053,645.9522731247228,659,659,0.5905539075496796,0.7481250036125565
A4,roll_03,persistence,2026-01-29 07:00:00+00:00,2026-01-29 08:00:00+00:00,0,1,2025-12-08T00:00:00+00:00,2026-01-26T00:00:00+00:00,2026-01-26T00:00:00+00:00,2026-02-02T00:00:00+00:00,1765.7431687797225,1866.4684684137776,-100.72529963405508,1,night,0,0.0,0,2,0,0,0,0,0,0,0,0,0,0,0,0,0,0,0,0,0,0,0,0,0,0,3,1778.5049296098057,2101.717697546028,1837.9513309886668,1866.4684684137776,7,-0.2588190451025206,0.9659258262890684,0,0,1,5.644273330472223,0.0412508166666666,5.4229227490000005,5.184793339416666,18.33773261380556,18.17753363780556,18.46805462488889,18.612981790916667,0.0,50.5301981471389,0.0,0.0,-38.149285630749546,333.7543634573614,1383.2154217488053,645.9522731247228,659,659,0.18749122365047338,0.5921919667229926
A4,roll_03,persistence,2026-01-29 08:00:00+00:00,2026-01-29 09:00:00+00:00,0,1,2025-12-08T00:00:00+00:00,2026-01-26T00:00:00+00:00,2026-01-26T00:00:00+00:00,2026-02-02T00:00:00+00:00,1253.1664777410554,1765.7431687797225,-512.5766910386671,1,low,0,0.0,0,2,0,0,0,0,0,0,0,0,0,0,0,0,0,0,0,0,0,0,0,0,0,0,3,1415.566902312361,1866.4684684137776,1887.533959910028,1765.7431687797225,8,-0.4999999999999998,0.8660254037844387,0,0,1,6.577056710277778,1.056784193527778,5.644273330472223,5.1913422946944445,18.68058624561111,18.45113440808333,18.33773261380556,18.377665885472226,107.09455782583336,442.9227532967777,0.0,0.0,-38.149285630749546,333.7543634573614,1383.2154217488053,645.9522731247228,659,659,1.4214867499957877,0.20132902912262005
A4,roll_03,persistence,2026-01-29 09:00:00+00:00,2026-01-29 10:00:00+00:00,0,1,2025-12-08T00:00:00+00:00,2026-01-26T00:00:00+00:00,2026-01-26T00:00:00+00:00,2026-02-02T00:00:00+00:00,948.2308555061112,1253.1664777410554,-304.93562223494416,1,low,0,0.0,0,2,0,0,0,0,0,0,0,0,0,0,0,0,0,0,0,0,0,0,0,0,0,0,3,1170.112685329639,1765.7431687797225,1927.4843435574169,1253.1664777410554,9,-0.7071067811865475,0.7071067811865476,0,0,1,7.120698170944444,2.4946484179722224,6.577056710277778,5.373750419944444,18.200570424222224,18.912593772,18.68058624561111,18.25319205494445,173.80403361816664,833.8091316924166,107.09455782583336,10.544310736611113,-38.149285630749546,333.7543634573614,1383.2154217488053,645.9522731247228,659,659,0.7993493593328788,0.6734004729769032
A4,roll_03,persistence,2026-01-29 10:00:00+00:00,2026-01-29 11:00:00+00:00,0,1,2025-12-08T00:00:00+00:00,2026-01-26T00:00:00+00:00,2026-01-26T00:00:00+00:00,2026-02-02T00:00:00+00:00,1415.7808458588888,948.2308555061112,467.5499903527776,1,low,0,0.0,0,2,0,0,0,0,0,0,0,0,0,0,0,0,0,0,0,0,0,0,0,0,0,0,3,912.1677645943888,1253.1664777410554,1864.801970357278,948.2308555061112,10,-0.8660254037844387,0.4999999999999999,0,0,1,7.047235797361111,3.215811578611111,7.120698170944444,5.65833449311111,18.18368814136112,19.38619283925,18.200570424222224,18.034370881194445,95.93545610280556,1190.1841393934444,173.80403361816664,25.393810472444443,-38.149285630749546,333.7543634573614,1383.2154217488053,645.9522731247228,659,659,1.5151840136110535,0.05041459789676395
A4,roll_03,persistence,2026-01-29 11:00:00+00:00,2026-01-29 12:00:00+00:00,0,1,2025-12-08T00:00:00+00:00,2026-01-26T00:00:00+00:00,2026-01-26T00:00:00+00:00,2026-02-02T00:00:00+00:00,347.5551561380278,1415.7808458588888,-1068.225689720861,1,low,0,0.0,0,2,0,0,0,0,0,0,0,0,0,0,0,0,0,0,0,0,0,0,0,0,0,0,3,979.6024800058332,948.2308555061112,3141.5486331360003,1415.7808458588888,11,-0.9659258262890682,0.258819045102521,0,0,1,7.484160413777777,4.084419063944444,7.047235797361111,5.88800453525,18.45564459983333,19.31657935863889,18.18368814136112,18.29865785161111,198.05782505847225,1082.5123078365275,95.93545610280556,223.8937608820556,-38.149285630749546,333.7543634573614,1383.2154217488053,645.9522731247228,659,659,3.0863308974287262,1.6033077190066773
A4,roll_03,persistence,2026-01-29 12:00:00+00:00,2026-01-29 13:00:00+00:00,0,1,2025-12-08T00:00:00+00:00,2026-01-26T00:00:00+00:00,2026-01-26T00:00:00+00:00,2026-02-02T00:00:00+00:00,-402.3519291878333,347.5551561380278,-749.9070853258611,1,med,0,0.0,0,2,0,0,0,0,0,0,0,0,0,0,0,0,0,0,0,0,0,0,0,0,0,0,3,926.4931066359444,1415.7808458588888,3688.242951303472,347.5551561380278,12,-1.0,1.2246467991473532e-16,0,0,1,8.72531020561111,5.38599788475,7.484160413777777,6.230890702111111,18.326656080611112,19.65373982686111,18.45564459983333,18.18650774847222,591.8653806022222,1175.6683752016668,198.05782505847225,217.1136607175556,-38.149285630749546,333.7543634573614,1383.2154217488053,645.9522731247228,659,659,2.132579758125145,2.7642403707307257
A4,roll_03,persistence,2026-01-29 13:00:00+00:00,2026-01-29 14:00:00+00:00,0,1,2025-12-08T00:00:00+00:00,2026-01-26T00:00:00+00:00,2026-01-26T00:00:00+00:00,2026-02-02T00:00:00+00:00,1092.5960639581945,-402.3519291878333,1494.9479931460278,1,high,0,0.0,0,2,1,0,0,0,0,0,0,0,0,0,0,0,0,0,0,0,0,0,0,0,0,0,3,-104.81881332361114,347.5551561380278,2978.0382318605,-402.3519291878333,13,-0.9659258262890684,-0.2588190451025208,0,0,1,9.603330588527776,6.27195117888889,8.72531020561111,6.399069186666668,18.84680833225,18.68513766694445,18.326656080611112,17.592900088416666,1247.4635750589998,952.1943599062224,591.8653806022222,113.17434017758336,-38.149285630749546,333.7543634573614,1383.2154217488053,645.9522731247228,659,659,4.593489843534696,0.44990840636688495
A4,roll_03,persistence,2026-01-29 14:00:00+00:00,2026-01-29 15:00:00+00:00,0,1,2025-12-08T00:00:00+00:00,2026-01-26T00:00:00+00:00,2026-01-26T00:00:00+00:00,2026-02-02T00:00:00+00:00,462.4739155892223,1092.5960639581945,-630.1221483689721,1,med,0,0.0,0,3,0,0,0,0,0,0,0,0,0,0,0,0,0,0,0,0,0,0,0,0,0,0,3,1036.759236264139,-402.3519291878333,3380.6789978081943,1092.5960639581945,14,-0.8660254037844388,-0.4999999999999997,0,0,1,10.175281555083336,7.388014486055556,9.603330588527776,6.31566832675,18.72012759377778,18.11838555286111,18.84680833225,17.809436758833332,733.8672658107222,761.2699456159722,1247.4635750589998,57.91523832122223,-38.149285630749546,333.7543634573614,1383.2154217488053,645.9522731247228,659,659,1.7736782722657938,1.425401758717556
A4,roll_03,persistence,2026-01-29 15:00:00+00:00,2026-01-29 16:00:00+00:00,0,1,2025-12-08T00:00:00+00:00,2026-01-26T00:00:00+00:00,2026-01-26T00:00:00+00:00,2026-02-02T00:00:00+00:00,1737.4693776433332,462.4739155892223,1274.995462054111,1,low,0,0.0,0,3,0,0,0,0,0,0,0,0,0,0,0,0,0,0,0,0,0,0,0,0,0,0,3,1095.6600237501943,1092.5960639581945,3872.714778626834,462.4739155892223,15,-0.7071067811865479,-0.7071067811865471,0,0,1,10.80456051886111,6.172030068638889,10.175281555083336,6.244660061111111,17.667633677111112,17.8214131055,18.72012759377778,17.889092211916665,202.1270942708333,67.57647916191668,733.8672658107222,0.0,-38.149285630749546,333.7543634573614,1383.2154217488053,645.9522731247228,659,659,3.9344646586249663,0.5484212543766795
A4,roll_03,persistence,2026-01-29 16:00:00+00:00,2026-01-29 17:00:00+00:00,0,1,2025-12-08T00:00:00+00:00,2026-01-26T00:00:00+00:00,2026-01-26T00:00:00+00:00,2026-02-02T00:00:00+00:00,2296.247373537611,1737.4693776433332,558.7779958942779,0,night,0,0.0,0,2,0,0,0,0,0,0,0,0,0,0,0,0,0,0,0,0,0,0,0,0,0,0,3,2940.7578966023334,462.4739155892223,3566.8731119283607,1737.4693776433332,16,-0.5000000000000004,-0.8660254037844385,0,0,1,8.926961661277778,3.513001024222222,10.80456051886111,5.823090861361112,17.675791429472223,17.972978045416667,17.667633677111112,17.597432975833332,0.0,0.0,202.1270942708333,0.0,-38.149285630749546,333.7543634573614,1383.2154217488053,645.9522731247228,659,659,1.7885227786730868,1.41346658224781
A4,roll_03,persistence,2026-01-29 17:00:00+00:00,2026-01-29 18:00:00+00:00,0,1,2025-12-08T00:00:00+00:00,2026-01-26T00:00:00+00:00,2026-01-26T00:00:00+00:00,2026-02-02T00:00:00+00:00,773.5572774640833,2296.247373537611,-1522.690096073528,0,night,0,0.0,0,2,0,0,0,0,0,0,0,0,0,0,0,0,0,0,0,0,0,0,0,0,0,0,3,1509.757366554472,1737.4693776433332,4099.8204709775,2296.247373537611,17,-0.2588190451025206,-0.9659258262890684,0,0,1,7.060031861138889,2.803270102555556,8.926961661277778,5.327666574166667,18.15538444622222,18.275116791861112,17.675791429472223,16.81522350208333,0.0,0.0,0.0,0.0,-38.149285630749546,333.7543634573614,1383.2154217488053,645.9522731247228,659,659,4.448004200048263,0.9438129868876659
A4,roll_03,persistence,2026-01-29 18:00:00+00:00,2026-01-29 19:00:00+00:00,0,1,2025-12-08T00:00:00+00:00,2026-01-26T00:00:00+00:00,2026-01-26T00:00:00+00:00,2026-02-02T00:00:00+00:00,2461.1030846526387,773.5572774640833,1687.5458071885555,0,night,0,0.0,0,2,0,0,0,0,0,0,0,0,0,0,0,0,0,0,0,0,0,0,0,0,0,0,3,1902.4201895734168,2296.247373537611,3533.490893778889,773.5572774640833,18,-1.8369701987210287e-16,-1.0,0,0,1,5.613281186583333,2.0540354806944445,7.060031861138889,5.189922447472222,17.354192048527775,18.52226880861112,18.15538444622222,17.198094430777775,0.0,0.0,0.0,0.0,-38.149285630749546,333.7543634573614,1383.2154217488053,645.9522731247228,659,659,5.170554400975705,1.668680036823264
A4,roll_03,persistence,2026-01-29 19:00:00+00:00,2026-01-29 20:00:00+00:00,0,1,2025-12-08T00:00:00+00:00,2026-01-26T00:00:00+00:00,2026-01-26T00:00:00+00:00,2026-02-02T00:00:00+00:00,738.0341406504722,2461.1030846526387,-1723.0689440021663,0,night,0,0.0,0,1,0,0,0,0,0,0,0,0,0,0,0,0,0,0,0,0,0,0,0,0,0,0,3,1073.8756977925275,773.5572774640833,4150.093525715889,2461.1030846526387,19,0.2588190451025203,-0.9659258262890684,0,0,1,4.914927927388889,1.7490800439444445,5.613281186583333,5.153431917222222,18.053897769944445,18.13564327775,17.354192048527775,17.99117864236111,0.0,0.0,0.0,0.0,-38.149285630749546,333.7543634573614,1383.2154217488053,645.9522731247228,659,659,5.048382411895186,0.9988064257090388
A4,roll_03,persistence,2026-01-29 20:00:00+00:00,2026-01-29 21:00:00+00:00,0,1,2025-12-08T00:00:00+00:00,2026-01-26T00:00:00+00:00,2026-01-26T00:00:00+00:00,2026-02-02T00:00:00+00:00,1046.6185902225832,738.0341406504722,308.584449572111,0,night,0,0.0,0,1,0,0,0,0,0,0,0,0,0,0,0,0,0,0,0,0,0,0,0,0,0,0,3,1112.6407676563056,2461.1030846526387,3498.4065437332224,738.0341406504722,20,0.5000000000000001,-0.8660254037844386,0,0,1,4.190135806277778,1.6065832648333334,4.914927927388889,5.344064076416667,17.800593456972223,18.311032115555555,18.053897769944445,17.54592248638889,0.0,0.0,0.0,0.0,-38.149285630749546,333.7543634573614,1383.2154217488053,645.9522731247228,659,659,1.0388889949214322,0.521086224989924
A4,roll_03,persistence,2026-01-29 21:00:00+00:00,2026-01-29 22:00:00+00:00,0,1,2025-12-08T00:00:00+00:00,2026-01-26T00:00:00+00:00,2026-01-26T00:00:00+00:00,2026-02-02T00:00:00+00:00,366.5958732328333,1046.6185902225832,-680.0227169897498,0,night,0,0.0,0,1,0,0,0,0,0,0,0,0,0,0,0,0,0,0,0,0,0,0,0,0,0,0,3,565.8491807108888,738.0341406504722,3031.050403281528,1046.6185902225832,21,0.7071067811865474,-0.7071067811865477,0,0,1,3.735040379,1.2826967101944444,4.190135806277778,5.513382952611111,17.774244155,17.99547290261111,17.800593456972223,19.893719509444445,0.0,0.0,0.0,0.0,-38.149285630749546,333.7543634573614,1383.2154217488053,645.9522731247228,659,659,1.923191129877175,1.5738307469655415
A4,roll_03,persistence,2026-01-30 02:00:00+00:00,2026-01-30 03:00:00+00:00,0,1,2025-12-08T00:00:00+00:00,2026-01-26T00:00:00+00:00,2026-01-26T00:00:00+00:00,2026-02-02T00:00:00+00:00,377.9953876609166,371.0950655588056,6.9003221021110335,0,night,0,0.0,0,1,0,0,0,0,0,0,0,0,0,0,0,0,0,0,0,0,0,0,0,0,0,0,4,364.6717208964722,407.8405305781389,388.6233783748333,371.0950655588056,2,0.8660254037844387,0.4999999999999999,0,0,1,2.568442849555556,2.072341584194444,2.6168204326944444,5.739918612555556,18.29252755372222,18.394230225944444,18.54276345536111,18.59705101538889,0.0,0.0,0.0,0.0,-38.149285630749546,333.7543634573614,1383.2154217488053,645.9522731247228,659,659,0.1349783333652681,1.5561831359850287
A4,roll_03,persistence,2026-01-30 03:00:00+00:00,2026-01-30 04:00:00+00:00,0,1,2025-12-08T00:00:00+00:00,2026-01-26T00:00:00+00:00,2026-01-26T00:00:00+00:00,2026-02-02T00:00:00+00:00,1042.5099112287778,377.9953876609166,664.5145235678613,0,night,0,0.0,0,1,0,0,0,0,0,0,0,0,0,0,0,0,0,0,0,0,0,0,0,0,0,0,4,368.5853674459444,371.0950655588056,380.9392708019166,377.9953876609166,3,0.7071067811865476,0.7071067811865476,0,0,1,3.226123679444445,2.1618301728333336,2.568442849555556,5.751614257,18.347174637972223,18.33168606486112,18.29252755372222,18.577546874611112,0.0,0.0,0.0,0.0,-38.149285630749546,333.7543634573614,1383.2154217488053,645.9522731247228,659,659,2.105332202760487,0.5274468791198802
A4,roll_03,persistence,2026-01-30 04:00:00+00:00,2026-01-30 05:00:00+00:00,0,1,2025-12-08T00:00:00+00:00,2026-01-26T00:00:00+00:00,2026-01-26T00:00:00+00:00,2026-02-02T00:00:00+00:00,2043.280496847389,1042.5099112287778,1000.7705856186112,0,night,0,0.0,0,1,0,0,0,0,0,0,0,0,0,0,0,0,0,0,0,0,0,0,0,0,0,0,4,1077.5376334153334,377.9953876609166,1044.109589464861,1042.5099112287778,4,0.5000000000000001,0.8660254037844386,0,0,1,3.499414719305556,2.4079966898333334,3.226123679444445,5.690614872888889,18.78404704663889,18.65893950025,18.347174637972223,18.699853914444443,0.0,0.0,0.0,0.0,-38.149285630749546,333.7543634573614,1383.2154217488053,645.9522731247228,659,659,3.1128278308849358,1.0218480568318025
A4,roll_03,persistence,2026-01-30 05:00:00+00:00,2026-01-30 06:00:00+00:00,0,1,2025-12-08T00:00:00+00:00,2026-01-26T00:00:00+00:00,2026-01-26T00:00:00+00:00,2026-02-02T00:00:00+00:00,2356.0469720826945,2043.280496847389,312.7664752353055,0,night,0,0.0,0,1,0,0,0,0,0,0,0,0,0,0,0,0,0,0,0,0,0,0,0,0,0,0,4,2595.650702010778,1042.5099112287778,2097.0978272491666,2043.280496847389,5,0.2588190451025207,0.9659258262890684,0,0,1,3.7577913895277777,2.3870737601111114,3.499414719305556,5.321339182305556,18.75169663830556,18.58098035247222,18.78404704663889,18.788275002444447,0.0,0.0,0.0,0.0,-38.149285630749546,333.7543634573614,1383.2154217488053,645.9522731247228,659,659,1.0514192450726898,1.506042459805775
A4,roll_03,persistence,2026-01-30 06:00:00+00:00,2026-01-30 07:00:00+00:00,0,1,2025-12-08T00:00:00+00:00,2026-01-26T00:00:00+00:00,2026-01-26T00:00:00+00:00,2026-02-02T00:00:00+00:00,2415.724502125278,2356.0469720826945,59.677530042583385,0,night,0,0.0,0,1,0,0,0,0,0,0,0,0,0,0,0,0,0,0,0,0,0,0,0,0,0,0,4,2229.0674939791948,2043.280496847389,2101.717697546028,2356.0469720826945,6,6.123233995736766e-17,1.0,0,0,1,4.644791845444444,2.86016758225,3.7577913895277777,5.4229227490000005,18.553310034722223,18.59333267108333,18.75169663830556,18.46805462488889,0.0,0.0,0.0,0.0,-38.149285630749546,333.7543634573614,1383.2154217488053,645.9522731247228,659,659,0.29311022232022665,1.598429362872003
A4,roll_03,persistence,2026-01-30 07:00:00+00:00,2026-01-30 08:00:00+00:00,0,1,2025-12-08T00:00:00+00:00,2026-01-26T00:00:00+00:00,2026-01-26T00:00:00+00:00,2026-02-02T00:00:00+00:00,2088.875723270194,2415.724502125278,-326.84877885508376,1,night,0,0.0,0,2,0,0,0,0,0,0,0,0,0,0,0,0,0,0,0,0,0,0,0,0,0,0,4,1956.5605310417773,2356.0469720826945,1866.4684684137776,2415.724502125278,7,-0.2588190451025206,0.9659258262890684,0,0,1,5.112628002777778,2.925855649944445,4.644791845444444,5.644273330472223,18.194770331416667,18.58286181677777,18.553310034722223,18.33773261380556,0.0,13.610436851555557,0.0,0.0,-38.149285630749546,333.7543634573614,1383.2154217488053,645.9522731247228,659,659,0.8650058990501164,1.0924341176289003
A4,roll_03,persistence,2026-01-30 08:00:00+00:00,2026-01-30 09:00:00+00:00,0,1,2025-12-08T00:00:00+00:00,2026-01-26T00:00:00+00:00,2026-01-26T00:00:00+00:00,2026-02-02T00:00:00+00:00,1376.5848081650277,2088.875723270194,-712.2909151051665,1,low,0,0.0,0,2,0,0,0,0,0,0,0,0,0,0,0,0,0,0,0,0,0,0,0,0,0,0,4,1820.3555307953327,2415.724502125278,1765.7431687797225,2088.875723270194,8,-0.4999999999999998,0.8660254037844387,0,0,1,5.971257494111111,3.784128624555555,5.112628002777778,6.577056710277778,17.925204983888886,18.901513842444444,18.194770331416667,18.68058624561111,110.06260566791669,145.74993311175,0.0,107.09455782583336,-38.149285630749546,333.7543634573614,1383.2154217488053,645.9522731247228,659,659,2.0198736055192925,0.010264866089413651
A4,roll_03,persistence,2026-01-30 09:00:00+00:00,2026-01-30 10:00:00+00:00,0,1,2025-12-08T00:00:00+00:00,2026-01-26T00:00:00+00:00,2026-01-26T00:00:00+00:00,2026-02-02T00:00:00+00:00,637.5708449115556,1376.5848081650277,-739.0139632534721,1,med,0,0.0,0,2,0,0,0,0,0,0,0,0,0,0,0,0,0,0,0,0,0,0,0,0,0,0,4,2016.7762660696944,2088.875723270194,1253.1664777410554,1376.5848081650277,9,-0.7071067811865475,0.7071067811865476,0,0,1,6.401175342055556,4.780561090416667,5.971257494111111,7.120698170944444,18.61396918244445,18.886623428750003,17.925204983888886,18.200570424222224,454.6492470125556,232.31283958127776,110.06260566791669,173.80403361816664,-38.149285630749546,333.7543634573614,1383.2154217488053,645.9522731247228,659,659,2.0999416168300105,1.1543338538469359
A4,roll_03,persistence,2026-01-30 10:00:00+00:00,2026-01-30 11:00:00+00:00,0,1,2025-12-08T00:00:00+00:00,2026-01-26T00:00:00+00:00,2026-01-26T00:00:00+00:00,2026-02-02T00:00:00+00:00,-1038.640299738972,637.5708449115556,-1676.2111446505278,1,high,0,0.0,0,2,0,0,0,0,0,0,0,0,0,0,0,0,0,0,0,0,0,0,0,0,0,0,4,1936.420994131,1376.5848081650277,948.2308555061112,637.5708449115556,10,-0.8660254037844387,0.4999999999999999,0,0,1,6.918664744916666,5.483105661972222,6.401175342055556,7.047235797361111,19.34717694561112,18.61690110308333,18.61396918244445,18.18368814136112,1227.077606142361,231.00179334266667,454.6492470125556,95.93545610280556,-38.149285630749546,333.7543634573614,1383.2154217488053,645.9522731247228,659,659,4.907986346758423,3.749279663917456
A4,roll_03,persistence,2026-01-30 11:00:00+00:00,2026-01-30 12:00:00+00:00,0,1,2025-12-08T00:00:00+00:00,2026-01-26T00:00:00+00:00,2026-01-26T00:00:00+00:00,2026-02-02T00:00:00+00:00,338.58896643852773,-1038.640299738972,1377.2292661774998,1,high,0,0.0,0,2,1,0,0,0,0,0,0,0,0,0,0,0,0,0,0,0,0,0,0,0,0,0,4,1576.1195596841944,637.5708449115556,1415.7808458588888,-1038.640299738972,11,-0.9659258262890682,0.258819045102521,0,0,1,9.024725996194444,6.005421360722223,6.918664744916666,7.484160413777777,18.99885653263889,18.975925773527777,19.34717694561112,18.45564459983333,1549.6980390854724,305.4964137123056,1227.077606142361,198.05782505847225,-38.149285630749546,333.7543634573614,1383.2154217488053,645.9522731247228,659,659,4.240779168087402,1.6171882951305558
A4,roll_03,persistence,2026-01-30 12:00:00+00:00,2026-01-30 13:00:00+00:00,0,1,2025-12-08T00:00:00+00:00,2026-01-26T00:00:00+00:00,2026-01-26T00:00:00+00:00,2026-02-02T00:00:00+00:00,-266.5041079402778,338.58896643852773,-605.0930743788056,1,med,0,0.0,0,3,0,0,0,0,0,0,0,0,0,0,0,0,0,0,0,0,0,0,0,0,0,0,4,1707.01032054225,-1038.640299738972,347.5551561380278,338.58896643852773,12,-1.0,1.2246467991473532e-16,0,0,1,10.370691970305556,6.755185106222222,9.024725996194444,8.72531020561111,18.922971791888887,18.9128849575,18.99885653263889,18.326656080611112,1116.10089140025,277.5941901626389,1549.6980390854724,591.8653806022222,-38.149285630749546,333.7543634573614,1383.2154217488053,645.9522731247228,659,659,1.698685772599601,2.5539340882086337
A4,roll_03,persistence,2026-01-30 13:00:00+00:00,2026-01-30 14:00:00+00:00,0,1,2025-12-08T00:00:00+00:00,2026-01-26T00:00:00+00:00,2026-01-26T00:00:00+00:00,2026-02-02T00:00:00+00:00,376.1624140875,-266.5041079402778,642.6665220277778,1,med,0,0.0,0,3,1,0,0,0,0,0,0,0,0,0,0,0,0,0,0,0,0,0,0,0,0,0,4,2214.146590013028,338.58896643852773,-402.3519291878333,-266.5041079402778,13,-0.9659258262890684,-0.2588190451025208,0,0,1,10.433649848611113,6.862749878222222,10.370691970305556,9.603330588527776,18.62102286772222,22.81537184433333,18.922971791888887,18.84680833225,1047.2821290664722,104.38236414708336,1116.10089140025,1247.4635750589998,-38.149285630749546,333.7543634573614,1383.2154217488053,645.9522731247228,659,659,2.039870881704606,1.5590207660231579
A4,roll_03,persistence,2026-01-30 14:00:00+00:00,2026-01-30 15:00:00+00:00,0,1,2025-12-08T00:00:00+00:00,2026-01-26T00:00:00+00:00,2026-01-26T00:00:00+00:00,2026-02-02T00:00:00+00:00,1082.7555175266666,376.1624140875,706.5931034391666,1,med,0,0.0,0,2,0,0,0,0,0,0,0,0,0,0,0,0,0,0,0,0,0,0,0,0,0,0,4,2195.8262186153333,-266.5041079402778,1092.5960639581945,376.1624140875,14,-0.8660254037844388,-0.4999999999999997,0,0,1,9.447840296916668,5.7134238162777775,10.433649848611113,10.175281555083336,18.27117152236111,18.83056621691667,18.62102286772222,18.72012759377778,465.3144706611944,20.72892640275,1047.2821290664722,733.8672658107222,-38.149285630749546,333.7543634573614,1383.2154217488053,645.9522731247228,659,659,2.2314086963691793,0.46514257588830377
A4,roll_03,persistence,2026-01-30 15:00:00+00:00,2026-01-30 16:00:00+00:00,0,1,2025-12-08T00:00:00+00:00,2026-01-26T00:00:00+00:00,2026-01-26T00:00:00+00:00,2026-02-02T00:00:00+00:00,1956.864773614972,1082.7555175266666,874.1092560883053,1,low,0,0.0,0,2,0,0,0,0,0,0,0,0,0,0,0,0,0,0,0,0,0,0,0,0,0,0,4,2527.9803929520835,376.1624140875,462.4739155892223,1082.7555175266666,15,-0.7071067811865479,-0.7071067811865471,0,0,1,8.110878659944445,5.713572192777778,9.447840296916668,10.80456051886111,18.16102492311111,18.771297444972223,18.27117152236111,17.667633677111112,92.0250742933889,0.0,465.3144706611944,202.1270942708333,-38.149285630749546,333.7543634573614,1383.2154217488053,645.9522731247228,659,659,2.73332319095088,0.8880677036574255
A4,roll_03,persistence,2026-01-30 16:00:00+00:00,2026-01-30 17:00:00+00:00,0,1,2025-12-08T00:00:00+00:00,2026-01-26T00:00:00+00:00,2026-01-26T00:00:00+00:00,2026-02-02T00:00:00+00:00,2558.768179305,1956.864773614972,601.9034056900282,0,night,0,0.0,0,2,0,0,0,0,0,0,0,0,0,0,0,0,0,0,0,0,0,0,0,0,0,0,4,2048.975809514583,1082.7555175266666,1737.4693776433332,1956.864773614972,16,-0.5000000000000004,-0.8660254037844385,0,0,1,7.078508756361111,5.802371368194444,8.110878659944445,8.926961661277778,18.30002895063889,18.720766871444443,18.16102492311111,17.675791429472223,0.0,0.0,92.0250742933889,0.0,-38.149285630749546,333.7543634573614,1383.2154217488053,645.9522731247228,659,659,1.9177358003367266,1.8198755642883464
A4,roll_03,persistence,2026-01-30 17:00:00+00:00,2026-01-30 18:00:00+00:00,0,1,2025-12-08T00:00:00+00:00,2026-01-26T00:00:00+00:00,2026-01-26T00:00:00+00:00,2026-02-02T00:00:00+00:00,1987.7934036818888,2558.768179305,-570.9747756231113,0,night,0,0.0,0,2,0,0,0,0,0,0,0,0,0,0,0,0,0,0,0,0,0,0,0,0,0,0,4,1253.307754251361,1956.864773614972,2296.247373537611,2558.768179305,17,-0.2588190451025206,-0.9659258262890684,0,0,1,6.466590966111112,5.091072229027778,7.078508756361111,7.060031861138889,17.670263042972223,17.994156679944442,18.30002895063889,18.15538444622222,0.0,0.0,0.0,0.0,-38.149285630749546,333.7543634573614,1383.2154217488053,645.9522731247228,659,659,1.5964599967258033,0.9359483774373984
A4,roll_03,persistence,2026-01-30 18:00:00+00:00,2026-01-30 19:00:00+00:00,0,1,2025-12-08T00:00:00+00:00,2026-01-26T00:00:00+00:00,2026-01-26T00:00:00+00:00,2026-02-02T00:00:00+00:00,1676.7119280521667,1987.7934036818888,-311.08147562972204,0,night,0,0.0,0,2,0,0,0,0,0,0,0,0,0,0,0,0,0,0,0,0,0,0,0,0,0,0,4,2022.5164028016115,2558.768179305,773.5572774640833,1987.7934036818888,18,-1.8369701987210287e-16,-1.0,0,0,1,5.544694557833334,4.711612085277777,6.466590966111112,5.613281186583333,17.869562911861113,18.35074025972222,17.670263042972223,17.354192048527775,0.0,0.0,0.0,0.0,-38.149285630749546,333.7543634573614,1383.2154217488053,645.9522731247228,659,659,0.8177636605905851,0.4543625257073631
A4,roll_03,persistence,2026-01-30 19:00:00+00:00,2026-01-30 20:00:00+00:00,0,1,2025-12-08T00:00:00+00:00,2026-01-26T00:00:00+00:00,2026-01-26T00:00:00+00:00,2026-02-02T00:00:00+00:00,1399.5987402705557,1676.7119280521667,-277.11318778161103,0,night,0,0.0,0,1,0,0,0,0,0,0,0,0,0,0,0,0,0,0,0,0,0,0,0,0,0,0,4,1067.3991769345832,1987.7934036818888,2461.1030846526387,1676.7119280521667,19,0.2588190451025203,-0.9659258262890684,0,0,1,4.983116204916667,3.980250340583333,5.544694557833334,4.914927927388889,17.935109248,17.935994839722223,17.869562911861113,18.053897769944445,0.0,0.0,0.0,0.0,-38.149285630749546,333.7543634573614,1383.2154217488053,645.9522731247228,659,659,0.7159873497246132,0.025363048019783153
A4,roll_03,persistence,2026-01-30 20:00:00+00:00,2026-01-30 21:00:00+00:00,0,1,2025-12-08T00:00:00+00:00,2026-01-26T00:00:00+00:00,2026-01-26T00:00:00+00:00,2026-02-02T00:00:00+00:00,1395.9087899032777,1399.5987402705557,-3.689950367278016,0,night,0,0.0,0,2,0,0,0,0,0,0,0,0,0,0,0,0,0,0,0,0,0,0,0,0,0,0,4,1046.436184157472,1676.7119280521667,738.0341406504722,1399.5987402705557,20,0.5000000000000001,-0.8660254037844386,0,0,1,5.276358198666666,3.866209152527778,4.983116204916667,4.190135806277778,18.03674184022222,17.69838866127778,17.935109248,17.800593456972223,0.0,0.0,0.0,0.0,-38.149285630749546,333.7543634573614,1383.2154217488053,645.9522731247228,659,659,0.1032475947475481,0.019650628510167856
A4,roll_03,persistence,2026-01-30 21:00:00+00:00,2026-01-30 22:00:00+00:00,0,1,2025-12-08T00:00:00+00:00,2026-01-26T00:00:00+00:00,2026-01-26T00:00:00+00:00,2026-02-02T00:00:00+00:00,617.2218638224722,1395.9087899032777,-778.6869260808055,0,night,0,0.0,0,2,0,0,0,0,0,0,0,0,0,0,0,0,0,0,0,0,0,0,0,0,0,0,4,602.2876708927778,1399.5987402705557,1046.6185902225832,1395.9087899032777,21,0.7071067811865474,-0.7071067811865477,0,0,1,5.081265362833333,3.869637564888889,5.276358198666666,3.735040379,17.717666968083332,18.29812389511111,18.03674184022222,17.774244155,0.0,0.0,0.0,0.0,-38.149285630749546,333.7543634573614,1383.2154217488053,645.9522731247228,659,659,2.2188103633427487,1.1858361519821332
A4,roll_03,persistence,2026-01-31 00:00:00+00:00,2026-01-31 01:00:00+00:00,0,1,2025-12-08T00:00:00+00:00,2026-01-26T00:00:00+00:00,2026-01-26T00:00:00+00:00,2026-02-02T00:00:00+00:00,560.2704962234167,568.5592018373611,-8.288705613944444,0,night,0,0.0,0,1,0,0,0,0,0,0,0,0,0,0,0,0,0,0,0,0,0,0,0,0,0,0,5,405.1807272819444,560.833410557,372.9620775262778,568.5592018373611,0,1.0,0.0,0,1,1,4.703963593666667,3.7605419066388888,4.713329532638888,2.6865080302222224,18.44129268458333,18.3607900945,18.05467717175,18.659629830333333,0.0,0.0,0.0,0.0,-38.149285630749546,333.7543634573614,1383.2154217488053,645.9522731247228,659,659,0.089468732955217,1.274002677542233
A4,roll_03,persistence,2026-01-31 01:00:00+00:00,2026-01-31 02:00:00+00:00,0,1,2025-12-08T00:00:00+00:00,2026-01-26T00:00:00+00:00,2026-01-26T00:00:00+00:00,2026-02-02T00:00:00+00:00,565.4011130005833,560.2704962234167,5.130616777166665,0,night,0,0.0,0,1,0,0,0,0,0,0,0,0,0,0,0,0,0,0,0,0,0,0,0,0,0,0,5,403.1378216736112,568.5592018373611,407.8405305781389,560.2704962234167,1,0.9659258262890684,0.2588190451025207,0,1,1,4.574595359027778,3.594426555777778,4.703963593666667,2.6168204326944444,18.31030418486112,18.35504471088889,18.44129268458333,18.54276345536111,0.0,0.0,0.0,0.0,-38.149285630749546,333.7543634573614,1383.2154217488053,645.9522731247228,659,659,0.1296759148242429,1.2660599594953597
A4,roll_03,persistence,2026-01-31 02:00:00+00:00,2026-01-31 03:00:00+00:00,0,1,2025-12-08T00:00:00+00:00,2026-01-26T00:00:00+00:00,2026-01-26T00:00:00+00:00,2026-02-02T00:00:00+00:00,568.1319450434166,565.4011130005833,2.730832042833299,0,night,0,0.0,0,1,0,0,0,0,0,0,0,0,0,0,0,0,0,0,0,0,0,0,0,0,0,0,5,404.9479621853611,560.2704962234167,371.0950655588056,565.4011130005833,2,0.8660254037844387,0.4999999999999999,0,1,1,4.697502777333333,3.4606973831944443,4.574595359027778,2.568442849555556,18.300521219944443,18.292189759527776,18.31030418486112,18.29252755372222,0.0,0.0,0.0,0.0,-38.149285630749546,333.7543634573614,1383.2154217488053,645.9522731247228,659,659,0.12248564258488101,1.2618323529732505
A4,roll_03,persistence,2026-01-31 06:00:00+00:00,2026-01-31 07:00:00+00:00,0,1,2025-12-08T00:00:00+00:00,2026-01-26T00:00:00+00:00,2026-01-26T00:00:00+00:00,2026-02-02T00:00:00+00:00,1020.5726502083334,2133.987086771556,-1113.4144365632224,0,night,0,0.0,0,2,0,0,0,0,0,0,0,0,0,0,0,0,0,0,0,0,0,0,0,0,0,0,5,1902.018428271,1973.961116742889,2356.0469720826945,2133.987086771556,6,6.123233995736766e-17,1.0,0,1,1,5.25389160675,3.9873673924166666,5.061477725916666,4.644791845444444,18.82857789311112,18.70620324358333,18.650027333527778,18.553310034722223,0.0,0.0,0.0,0.0,-38.149285630749546,333.7543634573614,1383.2154217488053,645.9522731247228,659,659,3.221726121551794,0.5614079965787993
A4,roll_03,persistence,2026-01-31 07:00:00+00:00,2026-01-31 08:00:00+00:00,0,1,2025-12-08T00:00:00+00:00,2026-01-26T00:00:00+00:00,2026-01-26T00:00:00+00:00,2026-02-02T00:00:00+00:00,419.2874801181944,1020.5726502083334,-601.285170090139,1,night,0,0.0,0,2,0,0,0,0,0,0,0,0,0,0,0,0,0,0,0,0,0,0,0,0,0,0,5,2166.76233965375,2133.987086771556,2415.724502125278,1020.5726502083334,7,-0.2588190451025206,0.9659258262890684,0,1,1,5.424044650305555,4.151625831166666,5.25389160675,5.112628002777778,18.197251676277777,18.29483151783333,18.82857789311112,18.194770331416667,0.0,0.0,0.0,0.0,-38.149285630749546,333.7543634573614,1383.2154217488053,645.9522731247228,659,659,1.6872764707129664,1.4922587654467347
A4,roll_03,persistence,2026-01-31 08:00:00+00:00,2026-01-31 09:00:00+00:00,0,1,2025-12-08T00:00:00+00:00,2026-01-26T00:00:00+00:00,2026-01-26T00:00:00+00:00,2026-02-02T00:00:00+00:00,250.3521221068889,419.2874801181944,-168.9353580113055,1,low,0,0.0,0,2,0,0,0,0,0,0,0,0,0,0,0,0,0,0,0,0,0,0,0,0,0,0,5,2056.1787956731946,1020.5726502083334,2088.875723270194,419.2874801181944,8,-0.4999999999999998,0.8660254037844387,0,1,1,6.129296162111111,4.314655074888889,5.424044650305555,5.971257494111111,17.893700756944444,17.905425590777778,18.197251676277777,17.925204983888886,98.26437011297224,0.0,0.0,110.06260566791669,-38.149285630749546,333.7543634573614,1383.2154217488053,645.9522731247228,659,659,0.39186325843276787,1.7537879295041652
A4,roll_03,persistence,2026-01-31 09:00:00+00:00,2026-01-31 10:00:00+00:00,0,1,2025-12-08T00:00:00+00:00,2026-01-26T00:00:00+00:00,2026-01-26T00:00:00+00:00,2026-02-02T00:00:00+00:00,334.93582907008334,250.3521221068889,84.58370696319443,1,low,0,0.0,0,2,0,0,0,0,0,0,0,0,0,0,0,0,0,0,0,0,0,0,0,0,0,0,5,2110.409867789389,419.2874801181944,1376.5848081650277,250.3521221068889,9,-0.7071067811865475,0.7071067811865476,0,1,1,6.980553941499999,4.542731538305556,6.129296162111111,6.401175342055556,18.21654997936111,18.436193536916665,17.893700756944444,18.61396918244445,249.34129817261112,114.76844990783331,98.26437011297224,454.6492470125556,-38.149285630749546,333.7543634573614,1383.2154217488053,645.9522731247228,659,659,0.36773449588060186,1.6228437243633886
A4,roll_03,persistence,2026-01-31 10:00:00+00:00,2026-01-31 11:00:00+00:00,0,1,2025-12-08T00:00:00+00:00,2026-01-26T00:00:00+00:00,2026-01-26T00:00:00+00:00,2026-02-02T00:00:00+00:00,-25.482023055444444,334.93582907008334,-360.4178521255278,1,low,0,0.0,0,2,0,0,0,0,0,0,0,0,0,0,0,0,0,0,0,0,0,0,0,0,0,0,5,3130.832139515,250.3521221068889,637.5708449115556,334.93582907008334,10,-0.8660254037844387,0.4999999999999999,0,1,1,7.7654809172777775,5.048194792888889,6.980553941499999,6.918664744916666,18.19416112413889,18.769674477888888,18.21654997936111,19.34717694561112,250.70677482605552,411.0483259695556,249.34129817261112,1227.077606142361,-38.149285630749546,333.7543634573614,1383.2154217488053,645.9522731247228,659,659,0.9655860770070486,2.1808073187664956
A4,roll_03,persistence,2026-01-31 11:00:00+00:00,2026-01-31 12:00:00+00:00,0,1,2025-12-08T00:00:00+00:00,2026-01-26T00:00:00+00:00,2026-01-26T00:00:00+00:00,2026-02-02T00:00:00+00:00,-362.59401059927774,-25.482023055444444,-337.11198754383327,1,med,0,0.0,0,2,1,0,0,0,0,0,0,0,0,0,0,0,0,0,0,0,0,0,0,0,0,0,5,385.99203080291664,334.93582907008334,-1038.640299738972,-25.482023055444444,11,-0.9659258262890682,0.258819045102521,0,1,1,8.519014925166667,6.944681730611111,7.7654809172777775,9.024725996194444,18.472632186222224,19.6631947345,18.19416112413889,18.99885653263889,612.0282062237222,1596.5776119012498,250.70677482605552,1549.6980390854724,-38.149285630749546,333.7543634573614,1383.2154217488053,645.9522731247228,659,659,0.8957566840958395,2.702691057812867
A4,roll_03,persistence,2026-01-31 12:00:00+00:00,2026-01-31 13:00:00+00:00,0,1,2025-12-08T00:00:00+00:00,2026-01-26T00:00:00+00:00,2026-01-26T00:00:00+00:00,2026-02-02T00:00:00+00:00,-31.184125589083333,-362.59401059927774,331.4098850101944,1,med,0,0.0,0,2,1,0,0,0,0,0,0,0,0,0,0,0,0,0,0,0,0,0,0,0,0,0,5,1016.1453970060834,-25.482023055444444,338.58896643852773,-362.59401059927774,12,-1.0,1.2246467991473532e-16,0,1,1,9.44202883811111,8.35612550725,8.519014925166667,10.370691970305556,18.927687698194443,18.378112199194447,18.472632186222224,18.922971791888887,951.2261224310834,407.66865748083336,612.0282062237222,1116.10089140025,-38.149285630749546,333.7543634573614,1383.2154217488053,645.9522731247228,659,659,1.1072789185815595,2.18963475505069
A4,roll_03,persistence,2026-01-31 13:00:00+00:00,2026-01-31 14:00:00+00:00,0,1,2025-12-08T00:00:00+00:00,2026-01-26T00:00:00+00:00,2026-01-26T00:00:00+00:00,2026-02-02T00:00:00+00:00,-90.87281389516666,-31.184125589083333,-59.68868830608332,1,med,0,0.0,0,2,1,0,0,0,0,0,0,0,0,0,0,0,0,0,0,0,0,0,0,0,0,0,5,1064.5741736199725,-362.59401059927774,-266.5041079402778,-31.184125589083333,13,-0.9659258262890684,-0.2588190451025208,0,1,1,9.86314300127778,6.657871230416667,9.44202883811111,10.433649848611113,22.238324754305555,18.062944556944444,18.927687698194443,18.62102286772222,534.3037095073611,88.28240024077779,951.2261224310834,1047.2821290664722,-38.149285630749546,333.7543634573614,1383.2154217488053,645.9522731247228,659,659,0.0645366923512463,2.282038932246856
A4,roll_03,persistence,2026-01-31 14:00:00+00:00,2026-01-31 15:00:00+00:00,0,1,2025-12-08T00:00:00+00:00,2026-01-26T00:00:00+00:00,2026-01-26T00:00:00+00:00,2026-02-02T00:00:00+00:00,422.2890764387501,-90.87281389516666,513.1618903339167,1,med,0,0.0,0,3,1,0,0,0,0,0,0,0,0,0,0,0,0,0,0,0,0,0,0,0,0,0,5,1858.781012173056,-31.184125589083333,376.1624140875,-90.87281389516666,14,-0.8660254037844388,-0.4999999999999997,0,1,1,10.303680118944444,6.097375211722222,9.86314300127778,9.447840296916668,18.43448147455556,18.00922708483333,22.238324754305555,18.27117152236111,583.7794679558612,0.0,534.3037095073611,465.3144706611944,-38.149285630749546,333.7543634573614,1383.2154217488053,645.9522731247228,659,659,1.6518470957312255,1.4876119882072405
A4,roll_03,persistence,2026-01-31 15:00:00+00:00,2026-01-31 16:00:00+00:00,0,1,2025-12-08T00:00:00+00:00,2026-01-26T00:00:00+00:00,2026-01-26T00:00:00+00:00,2026-02-02T00:00:00+00:00,514.5742918275556,422.2890764387501,92.28521538880553,1,low,0,0.0,0,2,0,0,0,0,0,0,0,0,0,0,0,0,0,0,0,0,0,0,0,0,0,0,5,1831.2616717653889,-90.87281389516666,1082.7555175266666,422.2890764387501,15,-0.7071067811865479,-0.7071067811865471,0,1,1,9.053904908055555,6.071665185777778,10.303680118944444,8.110878659944445,17.928356537861113,17.677323049111113,18.43448147455556,18.16102492311111,94.08787515758333,0.0,583.7794679558612,92.0250742933889,-38.149285630749546,333.7543634573614,1383.2154217488053,645.9522731247228,659,659,0.39080987486840346,1.3447450625404478
A4,roll_03,persistence,2026-01-31 16:00:00+00:00,2026-01-31 17:00:00+00:00,0,1,2025-12-08T00:00:00+00:00,2026-01-26T00:00:00+00:00,2026-01-26T00:00:00+00:00,2026-02-02T00:00:00+00:00,555.1924943127777,514.5742918275556,40.61820248522213,0,night,0,0.0,0,2,0,0,0,0,0,0,0,0,0,0,0,0,0,0,0,0,0,0,0,0,0,0,5,1060.0596002008333,422.2890764387501,1956.864773614972,514.5742918275556,16,-0.5000000000000004,-0.8660254037844385,0,1,1,7.789694033361112,6.566483526611111,9.053904908055555,7.078508756361111,17.82899920875,17.72403060438889,17.928356537861113,18.30002895063889,0.0,0.0,94.08787515758333,0.0,-38.149285630749546,333.7543634573614,1383.2154217488053,645.9522731247228,659,659,0.23600436950102846,1.2818639424094882
A4,roll_03,persistence,2026-01-31 17:00:00+00:00,2026-01-31 18:00:00+00:00,0,1,2025-12-08T00:00:00+00:00,2026-01-26T00:00:00+00:00,2026-01-26T00:00:00+00:00,2026-02-02T00:00:00+00:00,563.0741589198611,555.1924943127777,7.881664607083394,0,night,0,0.0,0,2,0,0,0,0,0,0,0,0,0,0,0,0,0,0,0,0,0,0,0,0,0,0,5,992.9213029867224,514.5742918275556,2558.768179305,555.1924943127777,17,-0.2588190451025206,-0.9659258262890684,0,1,1,6.755247698277778,6.089130444527778,7.789694033361112,6.466590966111112,17.967200165388892,17.830043843416664,17.82899920875,17.670263042972223,0.0,0.0,0.0,0.0,-38.149285630749546,333.7543634573614,1383.2154217488053,645.9522731247228,659,659,0.13791864699834433,1.2696623217402756
A4,roll_03,persistence,2026-01-31 18:00:00+00:00,2026-01-31 19:00:00+00:00,0,1,2025-12-08T00:00:00+00:00,2026-01-26T00:00:00+00:00,2026-01-26T00:00:00+00:00,2026-02-02T00:00:00+00:00,532.8345183753889,563.0741589198611,-30.239640544472195,0,night,0,0.0,0,2,0,0,0,0,0,0,0,0,0,0,0,0,0,0,0,0,0,0,0,0,0,0,5,1541.1415699855834,555.1924943127777,1987.7934036818888,563.0741589198611,18,-1.8369701987210287e-16,-1.0,0,1,1,5.767976541222222,5.9999975540833335,6.755247698277778,5.544694557833334,17.834140197916668,18.11549999886111,17.967200165388892,17.869562911861113,0.0,0.0,0.0,0.0,-38.149285630749546,333.7543634573614,1383.2154217488053,645.9522731247228,659,659,0.02369900127848918,1.316476369468897
A4,roll_03,persistence,2026-02-01 07:00:00+00:00,2026-02-01 08:00:00+00:00,0,1,2025-12-08T00:00:00+00:00,2026-01-26T00:00:00+00:00,2026-01-26T00:00:00+00:00,2026-02-02T00:00:00+00:00,1089.2109433604444,691.6709654138334,397.539977946611,1,night,0,0.0,0,1,0,0,0,0,0,0,0,0,0,0,0,0,0,0,0,0,0,0,0,0,0,0,6,2231.1363579284443,1160.5435193141388,1020.5726502083334,691.6709654138334,7,-0.2588190451025206,0.9659258262890684,0,1,2,4.237392116472222,4.933367505611112,3.8328786741666665,5.424044650305555,17.88786849641667,18.55700058877778,18.61053815477777,18.197251676277777,0.0,0.0,0.0,0.0,-38.149285630749546,333.7543634573614,1383.2154217488053,645.9522731247228,659,659,1.305418928651765,0.4551489183034324
A4,roll_03,persistence,2026-02-01 08:00:00+00:00,2026-02-01 09:00:00+00:00,0,1,2025-12-08T00:00:00+00:00,2026-01-26T00:00:00+00:00,2026-01-26T00:00:00+00:00,2026-02-02T00:00:00+00:00,303.2054646118889,1089.2109433604444,-786.0054787485556,1,low,0,0.0,0,2,0,0,0,0,0,0,0,0,0,0,0,0,0,0,0,0,0,0,0,0,0,0,6,2238.324116505972,691.6709654138334,419.2874801181944,1089.2109433604444,8,-0.4999999999999998,0.8660254037844387,0,1,2,5.01099208125,4.832365699444444,4.237392116472222,6.129296162111111,18.566264010416667,18.49024153463889,17.88786849641667,17.893700756944444,106.04772709316669,0.0,0.0,98.26437011297224,-38.149285630749546,333.7543634573614,1383.2154217488053,645.9522731247228,659,659,2.240738324349572,1.6719655647506086
A4,roll_03,persistence,2026-02-01 09:00:00+00:00,2026-02-01 10:00:00+00:00,0,1,2025-12-08T00:00:00+00:00,2026-01-26T00:00:00+00:00,2026-01-26T00:00:00+00:00,2026-02-02T00:00:00+00:00,306.5586802728889,303.2054646118889,3.353215661000036,1,low,0,0.0,0,2,0,0,0,0,0,0,0,0,0,0,0,0,0,0,0,0,0,0,0,0,0,0,6,2327.768168646222,1089.2109433604444,250.3521221068889,303.2054646118889,9,-0.7071067811865475,0.7071067811865476,0,1,2,5.626684347805555,4.46485140163889,5.01099208125,6.980553941499999,18.47450458186111,18.60976037316667,18.566264010416667,18.21654997936111,248.01824049366667,20.07319077258333,106.04772709316669,249.34129817261112,-38.149285630749546,333.7543634573614,1383.2154217488053,645.9522731247228,659,659,0.12435043803420329,1.6667744449101607
A4,roll_03,persistence,2026-02-01 10:00:00+00:00,2026-02-01 11:00:00+00:00,0,1,2025-12-08T00:00:00+00:00,2026-01-26T00:00:00+00:00,2026-01-26T00:00:00+00:00,2026-02-02T00:00:00+00:00,298.92543760088887,306.5586802728889,-7.633242672000051,1,low,0,0.0,0,2,0,0,0,0,0,0,0,0,0,0,0,0,0,0,0,0,0,0,0,0,0,0,6,3079.3561128761667,303.2054646118889,334.93582907008334,306.5586802728889,10,-0.8660254037844387,0.4999999999999999,0,1,2,6.359563082472222,4.6137414355,5.626684347805555,7.7654809172777775,18.573064382416668,18.23413413661111,18.47450458186111,18.19416112413889,301.1109472033611,79.55278716463889,248.01824049366667,250.70677482605552,-38.149285630749546,333.7543634573614,1383.2154217488053,645.9522731247228,659,659,0.09143264118747035,1.678591483087107
A4,roll_03,persistence,2026-02-01 11:00:00+00:00,2026-02-01 12:00:00+00:00,0,1,2025-12-08T00:00:00+00:00,2026-01-26T00:00:00+00:00,2026-01-26T00:00:00+00:00,2026-02-02T00:00:00+00:00,73.55411946638888,298.92543760088887,-225.3713181345,1,low,0,0.0,0,2,0,0,0,0,0,0,0,0,0,0,0,0,0,0,0,0,0,0,0,0,0,0,6,1060.977643347722,306.5586802728889,-25.482023055444444,298.92543760088887,11,-0.9659258262890682,0.258819045102521,0,1,2,6.701555503277778,5.1184929485833335,6.359563082472222,8.519014925166667,18.641836500222222,18.24494905780556,18.573064382416668,18.472632186222224,264.21803932213885,220.18301505319445,301.1109472033611,612.0282062237222,-38.149285630749546,333.7543634573614,1383.2154217488053,645.9522731247228,659,659,0.5609575574213246,2.0274892693651725
A4,roll_03,persistence,2026-02-01 12:00:00+00:00,2026-02-01 13:00:00+00:00,0,1,2025-12-08T00:00:00+00:00,2026-01-26T00:00:00+00:00,2026-01-26T00:00:00+00:00,2026-02-02T00:00:00+00:00,151.58054217927778,73.55411946638888,78.0264227128889,1,med,0,0.0,0,2,0,0,0,0,0,0,0,0,0,0,0,0,0,0,0,0,0,0,0,0,0,0,6,1745.3068945306666,298.92543760088887,-362.59401059927774,73.55411946638888,12,-1.0,1.2246467991473532e-16,0,1,2,6.799436887527777,6.667484349638889,6.701555503277778,9.44202883811111,18.791125845166665,19.08982180188889,18.641836500222222,18.927687698194443,435.7445417964166,527.3673956102779,264.21803932213885,951.2261224310834,-38.149285630749546,333.7543634573614,1383.2154217488053,645.9522731247228,659,659,0.34808745911266686,1.906696409026676
A4,roll_03,persistence,2026-02-01 13:00:00+00:00,2026-02-01 14:00:00+00:00,0,1,2025-12-08T00:00:00+00:00,2026-01-26T00:00:00+00:00,2026-01-26T00:00:00+00:00,2026-02-02T00:00:00+00:00,1336.6438164391946,151.58054217927778,1185.0632742599169,1,med,0,0.0,0,2,0,0,0,0,0,0,0,0,0,0,0,0,0,0,0,0,0,0,0,0,0,0,6,906.8727746182224,73.55411946638888,-31.184125589083333,151.58054217927778,13,-0.9659258262890684,-0.2588190451025208,0,1,2,8.563500269777778,7.015248214916667,6.799436887527777,9.86314300127778,19.11458533352777,18.02789201130556,18.791125845166665,22.238324754305555,910.9197011827224,212.62666984819444,435.7445417964166,534.3037095073611,-38.149285630749546,333.7543634573614,1383.2154217488053,645.9522731247228,659,659,3.6650084427942984,0.07209759489555743
A4,roll_03,persistence,2026-02-01 14:00:00+00:00,2026-02-01 15:00:00+00:00,0,1,2025-12-08T00:00:00+00:00,2026-01-26T00:00:00+00:00,2026-01-26T00:00:00+00:00,2026-02-02T00:00:00+00:00,1896.0841900744165,1336.6438164391946,559.4403736352219,1,med,0,0.0,0,2,0,0,0,0,0,0,0,0,0,0,0,0,0,0,0,0,0,0,0,0,0,0,6,1490.25308828425,151.58054217927778,-90.87281389516666,1336.6438164391946,14,-0.8660254037844388,-0.4999999999999997,0,1,2,9.976889929027775,7.1463404341666665,8.563500269777778,10.303680118944444,19.289118039166667,18.02865631725,19.11458533352777,18.43448147455556,639.4901448136667,125.078570753,910.9197011827224,583.7794679558612,-38.149285630749546,333.7543634573614,1383.2154217488053,645.9522731247228,659,659,1.790507405133345,0.7939731612750044
A4,roll_03,persistence,2026-02-01 15:00:00+00:00,2026-02-01 16:00:00+00:00,0,1,2025-12-08T00:00:00+00:00,2026-01-26T00:00:00+00:00,2026-01-26T00:00:00+00:00,2026-02-02T00:00:00+00:00,2484.501672130778,1896.0841900744165,588.4174820563615,1,low,0,0.0,0,2,0,0,0,0,0,0,0,0,0,0,0,0,0,0,0,0,0,0,0,0,0,0,6,924.6930943503612,1336.6438164391946,422.2890764387501,1896.0841900744165,15,-0.7071067811865479,-0.7071067811865471,0,1,2,9.471447134777778,6.817918164777777,9.976889929027775,9.053904908055555,18.72145362119445,17.959508398916665,19.289118039166667,17.928356537861113,146.96965613394443,0.0,639.4901448136667,94.08787515758333,-38.149285630749546,333.7543634573614,1383.2154217488053,645.9522731247228,659,659,1.8773290667918343,1.7049034366805802
A4,roll_03,persistence,2026-02-01 16:00:00+00:00,2026-02-01 17:00:00+00:00,0,1,2025-12-08T00:00:00+00:00,2026-01-26T00:00:00+00:00,2026-01-26T00:00:00+00:00,2026-02-02T00:00:00+00:00,2486.544613380472,2484.501672130778,2.042941249694195,0,night,0,0.0,0,2,0,0,0,0,0,0,0,0,0,0,0,0,0,0,0,0,0,0,0,0,0,0,6,1936.265559235028,1896.0841900744165,514.5742918275556,2484.501672130778,16,-0.5000000000000004,-0.8660254037844385,0,1,2,7.681018360972222,6.112700724861111,9.471447134777778,7.789694033361112,18.355588006666668,18.36010683186112,18.72145362119445,17.82899920875,0.0,0.0,146.96965613394443,0.0,-38.149285630749546,333.7543634573614,1383.2154217488053,645.9522731247228,659,659,0.1204245735219533,1.708066118096363
A4,roll_03,persistence,2026-02-01 17:00:00+00:00,2026-02-01 18:00:00+00:00,0,1,2025-12-08T00:00:00+00:00,2026-01-26T00:00:00+00:00,2026-01-26T00:00:00+00:00,2026-02-02T00:00:00+00:00,2612.5492478209444,2486.544613380472,126.00463444047227,0,night,0,0.0,0,2,0,0,0,0,0,0,0,0,0,0,0,0,0,0,0,0,0,0,0,0,0,0,6,1053.6913190111388,2484.501672130778,555.1924943127777,2486.544613380472,17,-0.2588190451025206,-0.9659258262890684,0,1,2,6.242695821472222,5.021550218833333,7.681018360972222,6.755247698277778,18.471300794,17.625167409194443,18.355588006666668,17.967200165388892,0.0,0.0,0.0,0.0,-38.149285630749546,333.7543634573614,1383.2154217488053,645.9522731247228,659,659,0.4918405211867536,1.9031341435263824
A4,roll_03,persistence,2026-02-01 18:00:00+00:00,2026-02-01 19:00:00+00:00,0,1,2025-12-08T00:00:00+00:00,2026-01-26T00:00:00+00:00,2026-01-26T00:00:00+00:00,2026-02-02T00:00:00+00:00,3017.157618471861,2612.5492478209444,404.60837065091664,0,night,0,0.0,0,2,0,0,0,0,0,0,0,0,0,0,0,0,0,0,0,0,0,0,0,0,0,0,6,1042.3809986754163,2486.544613380472,563.0741589198611,2612.5492478209444,18,-1.8369701987210287e-16,-1.0,0,1,2,5.216167870194445,4.227878578694444,6.242695821472222,5.767976541222222,18.42057814105556,17.660656862222222,18.471300794,17.834140197916668,0.0,0.0,0.0,0.0,-38.149285630749546,333.7543634573614,1383.2154217488053,645.9522731247228,659,659,1.3265973564963756,2.5295091676340746
A4,roll_03,rf,2026-01-26 05:00:00+00:00,2026-01-26 06:00:00+00:00,0,1,2025-12-08T00:00:00+00:00,2026-01-26T00:00:00+00:00,2026-01-26T00:00:00+00:00,2026-02-02T00:00:00+00:00,2600.770309974528,2010.883627962012,589.8866820125163,0,night,0,0.0,0,1,0,0,0,0,0,0,0,0,0,0,0,0,0,0,0,0,0,0,0,0,0,0,0,2097.5119466174724,1028.218939733639,1696.815230154389,2114.055589798917,5,0.2588190451025207,0.9659258262890684,0,0,1,4.408384114472223,6.230610997888888,4.447174962083333,4.974422407805555,18.76648325919444,18.81852253330556,18.50634147902778,18.711754044777777,0.0,0.0,0.0,0.0,-92.6715057865581,498.9221127995917,1431.48542243675,644.4667264569999,543,543,1.3680656164326919,1.8143448521632792
A4,roll_03,rf,2026-01-26 06:00:00+00:00,2026-01-26 07:00:00+00:00,0,1,2025-12-08T00:00:00+00:00,2026-01-26T00:00:00+00:00,2026-01-26T00:00:00+00:00,2026-02-02T00:00:00+00:00,2010.6085535996945,1898.676354712527,111.93219888716747,0,night,0,0.0,0,1,0,0,0,0,0,0,0,0,0,0,0,0,0,0,0,0,0,0,0,0,0,0,0,2207.624277541472,2114.055589798917,1659.7306816588614,2600.770309974528,6,6.123233995736766e-17,1.0,0,0,1,4.431008716472223,6.104236992611111,4.408384114472223,4.992939964055556,18.49337982475,18.518887052166665,18.76648325919444,18.560369708916667,0.0,0.0,0.0,0.0,-92.6715057865581,498.9221127995917,1431.48542243675,644.4667264569999,543,543,0.4100914740491996,0.8986082715964463
A4,roll_03,rf,2026-01-26 07:00:00+00:00,2026-01-26 08:00:00+00:00,0,1,2025-12-08T00:00:00+00:00,2026-01-26T00:00:00+00:00,2026-01-26T00:00:00+00:00,2026-02-02T00:00:00+00:00,1665.4681254328334,2014.6055005614928,-349.1373751286594,1,low,0,0.0,0,1,0,0,0,0,0,0,0,0,0,0,0,0,0,0,0,0,0,0,0,0,0,0,0,743.501432477222,2600.770309974528,2231.1363579284443,2010.6085535996945,7,-0.2588190451025206,0.9659258262890684,0,0,1,4.217437003583334,6.0920939530833325,4.431008716472223,4.933367505611112,18.407470120777777,17.464818313277778,18.49337982475,18.55700058877778,23.868688164416664,0.0,0.0,0.0,-92.6715057865581,498.9221127995917,1431.48542243675,644.4667264569999,543,543,0.5140398927259398,0.36306405496280525
A4,roll_03,rf,2026-01-26 08:00:00+00:00,2026-01-26 09:00:00+00:00,0,1,2025-12-08T00:00:00+00:00,2026-01-26T00:00:00+00:00,2026-01-26T00:00:00+00:00,2026-02-02T00:00:00+00:00,1007.3270680508888,1602.265454449237,-594.9383863983483,1,low,0,0.0,0,1,0,0,0,0,0,0,0,0,0,0,0,0,0,0,0,0,0,0,0,0,0,0,0,1602.210022772833,2010.6085535996945,2238.324116505972,1665.4681254328334,8,-0.4999999999999998,0.8660254037844387,0,0,1,4.718276212527778,6.376790769055556,4.217437003583334,4.832365699444444,18.409084794722222,18.106925738416667,18.407470120777777,18.49024153463889,232.3755870049445,52.25388250475,23.868688164416664,0.0,-92.6715057865581,498.9221127995917,1431.48542243675,644.4667264569999,543,543,1.0067039879099164,0.6581540007778228
A4,roll_03,rf,2026-01-26 09:00:00+00:00,2026-01-26 10:00:00+00:00,0,1,2025-12-08T00:00:00+00:00,2026-01-26T00:00:00+00:00,2026-01-26T00:00:00+00:00,2026-02-02T00:00:00+00:00,-569.4865977234444,1121.846085473957,-1691.3326831974014,1,med,0,0.0,0,2,0,0,0,0,0,0,0,0,0,0,0,0,0,0,0,0,0,0,0,0,0,0,0,401.86281383952775,1665.4681254328334,2327.768168646222,1007.3270680508888,9,-0.7071067811865475,0.7071067811865476,0,0,1,6.201903485888889,6.883866901888889,4.718276212527778,4.46485140163889,19.274426173416668,17.851597591666668,18.409084794722222,18.60976037316667,957.7790681506112,200.28425978958333,232.3755870049445,20.07319077258333,-92.6715057865581,498.9221127995917,1431.48542243675,644.4667264569999,543,543,3.204229951725947,3.104849231178583
A4,roll_03,rf,2026-01-26 10:00:00+00:00,2026-01-26 11:00:00+00:00,0,1,2025-12-08T00:00:00+00:00,2026-01-26T00:00:00+00:00,2026-01-26T00:00:00+00:00,2026-02-02T00:00:00+00:00,-741.4332030484165,-103.05227646022234,-638.3809265881941,1,high,0,0.0,0,2,1,0,0,0,0,0,0,0,0,0,0,0,0,0,0,0,0,0,0,0,0,0,0,799.5036943302779,1007.3270680508888,3079.3561128761667,-569.4865977234444,10,-0.8660254037844387,0.4999999999999999,0,0,1,7.908126318222223,7.554804945722222,6.201903485888889,4.6137414355,19.29423308175,18.305271993833333,19.274426173416668,18.23413413661111,1452.9506088285557,300.6106887920556,957.7790681506112,79.55278716463889,-92.6715057865581,498.9221127995917,1431.48542243675,644.4667264569999,543,543,1.093776777580588,3.3716537041887884
A4,roll_03,rf,2026-01-26 11:00:00+00:00,2026-01-26 12:00:00+00:00,0,1,2025-12-08T00:00:00+00:00,2026-01-26T00:00:00+00:00,2026-01-26T00:00:00+00:00,2026-02-02T00:00:00+00:00,-1079.799870834083,-289.95341093976026,-789.8464598943228,1,high,0,0.0,0,2,1,0,0,0,0,0,0,0,0,0,0,0,0,0,0,0,0,0,0,0,0,0,0,764.1083921755,-569.4865977234444,1060.977643347722,-741.4332030484165,11,-0.9659258262890682,0.258819045102521,0,0,1,8.922148164944444,7.938572868611111,7.908126318222223,5.1184929485833335,19.045338705444447,17.913517779527776,19.29423308175,18.24494905780556,1282.8998087142222,360.65137327452777,1452.9506088285557,220.18301505319445,-92.6715057865581,498.9221127995917,1431.48542243675,644.4667264569999,543,543,1.397362306103694,3.896687276745529
A4,roll_03,rf,2026-01-26 12:00:00+00:00,2026-01-26 13:00:00+00:00,0,1,2025-12-08T00:00:00+00:00,2026-01-26T00:00:00+00:00,2026-01-26T00:00:00+00:00,2026-02-02T00:00:00+00:00,94.50215176250003,-196.4161991312286,290.91835089372864,1,high,0,0.0,0,2,1,0,0,0,0,0,0,0,0,0,0,0,0,0,0,0,0,0,0,0,0,0,0,135.93812644077775,-741.4332030484165,1745.3068945306666,-1079.799870834083,12,-1.0,1.2246467991473532e-16,0,0,1,9.81455455672222,8.697412192166667,8.922148164944444,6.667484349638889,19.22219746525,17.51108470222222,19.045338705444447,19.08982180188889,1568.292356256389,429.9776792980833,1282.8998087142222,527.3673956102779,-92.6715057865581,498.9221127995917,1431.48542243675,644.4667264569999,543,543,0.7688371528130046,2.074557484176735
A4,roll_03,rf,2026-01-26 13:00:00+00:00,2026-01-26 14:00:00+00:00,0,1,2025-12-08T00:00:00+00:00,2026-01-26T00:00:00+00:00,2026-01-26T00:00:00+00:00,2026-02-02T00:00:00+00:00,-184.2188756273056,507.7543557000888,-691.9732313273944,1,high,0,0.0,0,3,0,0,0,0,0,0,0,0,0,0,0,0,0,0,0,0,0,0,0,0,0,0,0,227.14875664072224,-1079.799870834083,906.8727746182224,94.50215176250003,13,-0.9659258262890684,-0.2588190451025208,0,0,1,11.254398788638888,9.178790924722222,9.81455455672222,7.015248214916667,19.500437073166665,17.4767666915,19.22219746525,18.02789201130556,1276.3594904251663,331.27048653,1568.292356256389,212.62666984819444,-92.6715057865581,498.9221127995917,1431.48542243675,644.4667264569999,543,543,1.2011929520982474,2.5070406767879247
A4,roll_03,rf,2026-01-26 14:00:00+00:00,2026-01-26 15:00:00+00:00,0,1,2025-12-08T00:00:00+00:00,2026-01-26T00:00:00+00:00,2026-01-26T00:00:00+00:00,2026-02-02T00:00:00+00:00,297.8340901346389,102.0504470439958,195.78364309064312,1,med,0,0.0,0,3,1,0,0,0,0,0,0,0,0,0,0,0,0,0,0,0,0,0,0,0,0,0,0,1951.074940760889,94.50215176250003,1490.25308828425,-184.2188756273056,14,-0.8660254037844388,-0.4999999999999997,0,0,1,11.926946225083334,8.86652897075,11.254398788638888,7.1463404341666665,18.60872707988889,18.02714254913889,19.500437073166665,18.02865631725,748.6199065452223,138.99832969141667,1276.3594904251663,125.078570753,-92.6715057865581,498.9221127995917,1431.48542243675,644.4667264569999,543,543,0.5781566731099542,1.759053316118331
A4,roll_03,rf,2026-01-26 15:00:00+00:00,2026-01-26 16:00:00+00:00,0,1,2025-12-08T00:00:00+00:00,2026-01-26T00:00:00+00:00,2026-01-26T00:00:00+00:00,2026-02-02T00:00:00+00:00,931.8924169395276,768.3219213490131,163.5704955905145,1,low,0,0.0,0,3,0,0,0,0,0,0,0,0,0,0,0,0,0,0,0,0,0,0,0,0,0,0,0,806.2876032480555,-184.2188756273056,924.6930943503612,297.8340901346389,15,-0.7071067811865479,-0.7071067811865471,0,0,1,10.923911111027778,8.054252913972222,11.926946225083334,6.817918164777777,18.19638072175,17.764550296583334,18.60872707988889,17.959508398916665,222.2870635009722,60.29446228413889,748.6199065452223,0.0,-92.6715057865581,498.9221127995917,1431.48542243675,644.4667264569999,543,543,0.513591189492939,0.7752037226867696
A4,roll_03,rf,2026-01-26 16:00:00+00:00,2026-01-26 17:00:00+00:00,0,1,2025-12-08T00:00:00+00:00,2026-01-26T00:00:00+00:00,2026-01-26T00:00:00+00:00,2026-02-02T00:00:00+00:00,2682.2788242863057,1351.917628605431,1330.3611956808747,0,night,0,0.0,0,2,0,0,0,0,0,0,0,0,0,0,0,0,0,0,0,0,0,0,0,0,0,0,0,738.6692789706944,297.8340901346389,1936.265559235028,931.8924169395276,16,-0.5000000000000004,-0.8660254037844385,0,0,1,8.400742399944445,6.7582327050833335,10.923911111027778,6.112700724861111,17.840104336222222,17.51009285883333,18.19638072175,18.36010683186112,0.0,0.0,222.2870635009722,0.0,-92.6715057865581,498.9221127995917,1431.48542243675,644.4667264569999,543,543,2.852214133148755,1.9408192083490148
A4,roll_03,rf,2026-01-26 17:00:00+00:00,2026-01-26 18:00:00+00:00,0,1,2025-12-08T00:00:00+00:00,2026-01-26T00:00:00+00:00,2026-01-26T00:00:00+00:00,2026-02-02T00:00:00+00:00,1447.201125872611,1599.9350723814505,-152.73394650883915,0,night,0,0.0,0,2,0,0,0,0,0,0,0,0,0,0,0,0,0,0,0,0,0,0,0,0,0,0,0,1883.6500829357776,931.8924169395276,1053.6913190111388,2682.2788242863057,17,-0.2588190451025206,-0.9659258262890684,0,0,1,7.112603206694445,6.245921308277777,8.400742399944445,5.021550218833333,17.924488307083333,17.879649593055557,17.840104336222222,17.625167409194443,0.0,0.0,0.0,0.0,-92.6715057865581,498.9221127995917,1431.48542243675,644.4667264569999,543,543,0.12038440305893415,0.024385593221017392
A4,roll_03,rf,2026-01-26 18:00:00+00:00,2026-01-26 19:00:00+00:00,0,1,2025-12-08T00:00:00+00:00,2026-01-26T00:00:00+00:00,2026-01-26T00:00:00+00:00,2026-02-02T00:00:00+00:00,1800.8310691792778,1516.3535497080416,284.4775194712363,0,night,0,0.0,0,2,0,0,0,0,0,0,0,0,0,0,0,0,0,0,0,0,0,0,0,0,0,0,0,1098.2935032161668,2682.2788242863057,1042.3809986754163,1447.201125872611,18,-1.8369701987210287e-16,-1.0,0,0,1,6.219289706472222,6.290845957444444,7.112603206694445,4.227878578694444,17.69503970936111,17.678952539277777,17.924488307083333,17.660656862222222,0.0,0.0,0.0,0.0,-92.6715057865581,498.9221127995917,1431.48542243675,644.4667264569999,543,543,0.755927660013916,0.5731027399552975
A4,roll_03,rf,2026-01-26 23:00:00+00:00,2026-01-27 00:00:00+00:00,0,1,2025-12-08T00:00:00+00:00,2026-01-26T00:00:00+00:00,2026-01-26T00:00:00+00:00,2026-02-02T00:00:00+00:00,389.13017225908334,462.4858861362793,-73.35571387719597,0,night,0,0.0,0,1,0,0,0,0,0,0,0,0,0,0,0,0,0,0,0,0,0,0,0,0,0,0,0,356.1728901926111,411.4689791798889,401.8299940770556,370.9779513775556,23,0.965925826289068,-0.2588190451025215,0,0,1,3.129626014638889,2.691163158333333,3.385893129472222,4.466046058277779,18.01849170036111,18.135445305027776,18.39947556380556,18.2452798105,0.0,0.0,0.0,0.0,-92.6715057865581,498.9221127995917,1431.48542243675,644.4667264569999,543,543,0.0387150447210604,1.6173918798074902
A4,roll_03,rf,2026-01-27 00:00:00+00:00,2026-01-27 01:00:00+00:00,0,1,2025-12-08T00:00:00+00:00,2026-01-26T00:00:00+00:00,2026-01-26T00:00:00+00:00,2026-02-02T00:00:00+00:00,376.84390502849993,540.7694386219947,-163.92553359349478,0,night,0,0.0,0,1,0,0,0,0,0,0,0,0,0,0,0,0,0,0,0,0,0,0,0,0,0,0,1,357.6195414715833,370.9779513775556,369.4281183008611,389.13017225908334,0,1.0,0.0,0,0,1,2.743908631833333,3.258476226361111,3.129626014638889,4.461170374777778,18.11665515311111,18.171040281166665,18.01849170036111,18.523186238833336,0.0,0.0,0.0,0.0,-92.6715057865581,498.9221127995917,1431.48542243675,644.4667264569999,543,543,0.1428159345496041,1.636456118077987
A4,roll_03,rf,2026-01-27 05:00:00+00:00,2026-01-27 06:00:00+00:00,0,1,2025-12-08T00:00:00+00:00,2026-01-26T00:00:00+00:00,2026-01-26T00:00:00+00:00,2026-02-02T00:00:00+00:00,1857.5546669058888,1901.0040234695057,-43.4493565636169,0,night,0,0.0,0,1,0,0,0,0,0,0,0,0,0,0,0,0,0,0,0,0,0,0,0,0,0,0,1,1994.0688999676115,949.6719199514168,2114.055589798917,1868.492211110528,5,0.2588190451025207,0.9659258262890684,0,0,1,0.9838426465833332,4.0833006567500005,1.1562568538333335,4.408384114472223,18.67930558830556,18.61474645088889,18.49733369363889,18.76648325919444,0.0,0.0,0.0,0.0,-92.6715057865581,498.9221127995917,1431.48542243675,644.4667264569999,543,543,0.09865698063920626,0.6611190725260304
A4,roll_03,rf,2026-01-27 06:00:00+00:00,2026-01-27 07:00:00+00:00,0,1,2025-12-08T00:00:00+00:00,2026-01-26T00:00:00+00:00,2026-01-26T00:00:00+00:00,2026-02-02T00:00:00+00:00,1526.8297823245,1783.038026163362,-256.208243838862,0,night,0,0.0,0,1,0,0,0,0,0,0,0,0,0,0,0,0,0,0,0,0,0,0,0,0,0,0,1,2029.167694873528,1868.492211110528,2600.770309974528,1857.5546669058888,6,6.123233995736766e-17,1.0,0,0,1,1.1472138321111112,3.4344617149444443,0.9838426465833332,4.431008716472223,18.36578900947222,18.44960326755556,18.67930558830556,18.49337982475,0.0,0.0,0.0,0.0,-92.6715057865581,498.9221127995917,1431.48542243675,644.4667264569999,543,543,0.32778009604475833,0.14794302944375756
A4,roll_03,rf,2026-01-27 07:00:00+00:00,2026-01-27 08:00:00+00:00,0,1,2025-12-08T00:00:00+00:00,2026-01-26T00:00:00+00:00,2026-01-26T00:00:00+00:00,2026-02-02T00:00:00+00:00,1412.669924658583,1454.1755811897524,-41.50565653116928,1,low,0,0.0,0,1,0,0,0,0,0,0,0,0,0,0,0,0,0,0,0,0,0,0,0,0,0,0,1,2071.0094555605,1857.5546669058888,2010.6085535996945,1526.8297823245,7,-0.2588190451025206,0.9659258262890684,0,0,1,1.5920451545555556,3.243632700527778,1.1472138321111112,4.217437003583334,18.29162538472222,18.262677875222224,18.36578900947222,18.407470120777777,181.0939341638056,25.396158990166665,0.0,23.868688164416664,-92.6715057865581,498.9221127995917,1431.48542243675,644.4667264569999,543,543,0.10255277916683811,0.02919545262112505
A4,roll_03,rf,2026-01-27 08:00:00+00:00,2026-01-27 09:00:00+00:00,0,1,2025-12-08T00:00:00+00:00,2026-01-26T00:00:00+00:00,2026-01-26T00:00:00+00:00,2026-02-02T00:00:00+00:00,1534.4343933593334,1236.358844394197,298.0755489651365,1,med,0,0.0,0,1,0,0,0,0,0,0,0,0,0,0,0,0,0,0,0,0,0,0,0,0,0,0,1,1907.5549124286945,1526.8297823245,1665.4681254328334,1412.669924658583,8,-0.4999999999999998,0.8660254037844387,0,0,1,3.136497066611111,3.802172906555555,1.5920451545555556,4.718276212527778,18.65486796255556,18.28468123055556,18.29162538472222,18.409084794722222,499.9208653843889,287.3037690233889,181.0939341638056,232.3755870049445,-92.6715057865581,498.9221127995917,1431.48542243675,644.4667264569999,543,543,0.7831824742325079,0.15974287995992037
A4,roll_03,rf,2026-01-27 09:00:00+00:00,2026-01-27 10:00:00+00:00,0,1,2025-12-08T00:00:00+00:00,2026-01-26T00:00:00+00:00,2026-01-26T00:00:00+00:00,2026-02-02T00:00:00+00:00,1156.7474213855278,1255.773843313999,-99.02642192847088,1,med,0,0.0,0,1,0,0,0,0,0,0,0,0,0,0,0,0,0,0,0,0,0,0,0,0,0,0,1,720.9783473233889,1412.669924658583,1007.3270680508888,1534.4343933593334,9,-0.7071067811865475,0.7071067811865476,0,0,1,4.706430078027778,5.253853115111111,3.136497066611111,6.201903485888889,18.752280843,18.12476716330556,18.65486796255556,19.274426173416668,628.2161829386944,621.6916147889167,499.9208653843889,957.7790681506112,-92.6715057865581,498.9221127995917,1431.48542243675,644.4667264569999,543,543,0.01273729100972007,0.42630284818832037
A4,roll_03,rf,2026-01-27 10:00:00+00:00,2026-01-27 11:00:00+00:00,0,1,2025-12-08T00:00:00+00:00,2026-01-26T00:00:00+00:00,2026-01-26T00:00:00+00:00,2026-02-02T00:00:00+00:00,339.89285018286114,1007.7543719645618,-667.8615217817006,1,med,0,0.0,0,2,0,0,0,0,0,0,0,0,0,0,0,0,0,0,0,0,0,0,0,0,0,0,1,151.7976551743889,1534.4343933593334,-569.4865977234444,1156.7474213855278,10,-0.8660254037844387,0.4999999999999999,0,0,1,6.267240583472223,6.455607524222223,4.706430078027778,7.908126318222223,19.328630021027777,18.34517670655556,18.752280843,19.29423308175,1074.0207572205,959.4708232418888,628.2161829386944,1452.9506088285557,-92.6715057865581,498.9221127995917,1431.48542243675,644.4667264569999,543,543,1.1528653495985381,1.6937919793858
A4,roll_03,rf,2026-01-27 11:00:00+00:00,2026-01-27 12:00:00+00:00,0,1,2025-12-08T00:00:00+00:00,2026-01-26T00:00:00+00:00,2026-01-26T00:00:00+00:00,2026-02-02T00:00:00+00:00,1030.8584088937498,555.3584643902603,475.4999445034895,1,med,0,0.0,0,2,0,0,0,0,0,0,0,0,0,0,0,0,0,0,0,0,0,0,0,0,0,0,1,787.0186959797501,1156.7474213855278,-741.4332030484165,339.89285018286114,11,-0.9659258262890682,0.258819045102521,0,0,1,7.697859210388889,6.95239593825,6.267240583472223,8.922148164944444,19.243634988,18.396018660722223,19.328630021027777,19.045338705444447,965.1249525716944,590.2926090344722,1074.0207572205,1282.8998087142222,-92.6715057865581,498.9221127995917,1431.48542243675,644.4667264569999,543,543,1.1387978919232071,0.6216411136467428
A4,roll_03,rf,2026-01-27 12:00:00+00:00,2026-01-27 13:00:00+00:00,0,1,2025-12-08T00:00:00+00:00,2026-01-26T00:00:00+00:00,2026-01-26T00:00:00+00:00,2026-02-02T00:00:00+00:00,1307.5905215424166,1224.6636239095296,82.92689763288695,1,low,0,0.0,0,2,0,0,0,0,0,0,0,0,0,0,0,0,0,0,0,0,0,0,0,0,0,0,1,-140.12853059388888,339.89285018286114,-1079.799870834083,1030.8584088937498,12,-1.0,1.2246467991473532e-16,0,0,1,8.44994003075,7.796212953166666,7.697859210388889,9.81455455672222,18.26876692975,17.971774747861108,19.243634988,19.22219746525,211.40887729319445,566.0869300739722,965.1249525716944,1568.292356256389,-92.6715057865581,498.9221127995917,1431.48542243675,644.4667264569999,543,543,0.3519555435899869,0.19224406134270758
A4,roll_03,rf,2026-01-27 13:00:00+00:00,2026-01-27 14:00:00+00:00,0,1,2025-12-08T00:00:00+00:00,2026-01-26T00:00:00+00:00,2026-01-26T00:00:00+00:00,2026-02-02T00:00:00+00:00,899.1258070269446,1405.9919799281547,-506.8661729012101,1,low,0,0.0,0,2,0,0,0,0,0,0,0,0,0,0,0,0,0,0,0,0,0,0,0,0,0,0,1,90.30469802694444,1030.8584088937498,94.50215176250003,1307.5905215424166,13,-0.9659258262890684,-0.2588190451025208,0,0,1,8.259617161472223,7.90864646013889,8.44994003075,11.254398788638888,18.076811365166662,17.30683716836111,18.26876692975,19.500437073166665,95.77065074513888,232.06871784988888,211.40887729319445,1276.3594904251663,-92.6715057865581,498.9221127995917,1431.48542243675,644.4667264569999,543,543,0.8301790128933949,0.8260467042829177
A4,roll_03,rf,2026-01-27 14:00:00+00:00,2026-01-27 15:00:00+00:00,0,1,2025-12-08T00:00:00+00:00,2026-01-26T00:00:00+00:00,2026-01-26T00:00:00+00:00,2026-02-02T00:00:00+00:00,1560.9848600250834,1317.3835047390612,243.60135528602223,1,low,0,0.0,0,2,0,0,0,0,0,0,0,0,0,0,0,0,0,0,0,0,0,0,0,0,0,0,1,1579.226911155389,1307.5905215424166,-184.2188756273056,899.1258070269446,14,-0.8660254037844388,-0.4999999999999997,0,0,1,7.754356971027778,7.004071844694444,8.259617161472223,11.926946225083334,17.710901361,18.014104303444444,18.076811365166662,18.60872707988889,20.843421866277776,65.92271638830555,95.77065074513888,748.6199065452223,-92.6715057865581,498.9221127995917,1431.48542243675,644.4667264569999,543,543,0.673998711313193,0.20094045553021095
A4,roll_03,rf,2026-01-27 15:00:00+00:00,2026-01-27 16:00:00+00:00,0,1,2025-12-08T00:00:00+00:00,2026-01-26T00:00:00+00:00,2026-01-26T00:00:00+00:00,2026-02-02T00:00:00+00:00,1794.9346924112222,1465.168357169713,329.76633524150907,1,night,0,0.0,0,2,0,0,0,0,0,0,0,0,0,0,0,0,0,0,0,0,0,0,0,0,0,0,1,1514.7609178625555,899.1258070269446,297.8340901346389,1560.9848600250834,15,-0.7071067811865479,-0.7071067811865471,0,0,1,7.113380494527778,6.226552915722222,7.754356971027778,10.923911111027778,18.19326131930556,17.985049249555555,17.710901361,18.19638072175,0.0,0.0,20.843421866277776,222.2870635009722,-92.6715057865581,498.9221127995917,1431.48542243675,644.4667264569999,543,543,0.8467009783504086,0.5639535061376395
A4,roll_03,rf,2026-01-27 16:00:00+00:00,2026-01-27 17:00:00+00:00,0,1,2025-12-08T00:00:00+00:00,2026-01-26T00:00:00+00:00,2026-01-26T00:00:00+00:00,2026-02-02T00:00:00+00:00,843.3756644045833,1506.5452291460251,-663.1695647414418,0,night,0,0.0,0,2,0,0,0,0,0,0,0,0,0,0,0,0,0,0,0,0,0,0,0,0,0,0,1,1201.4197669487778,1560.9848600250834,931.8924169395276,1794.9346924112222,16,-0.5000000000000004,-0.8660254037844385,0,0,1,6.417744069444445,5.539642565916666,7.113380494527778,8.400742399944445,18.04983601577777,17.38080857111111,18.19326131930556,17.840104336222222,0.0,0.0,0.0,0.0,-92.6715057865581,498.9221127995917,1431.48542243675,644.4667264569999,543,543,1.1434611622115913,0.9125525552969049
A4,roll_03,rf,2026-01-27 17:00:00+00:00,2026-01-27 18:00:00+00:00,0,1,2025-12-08T00:00:00+00:00,2026-01-26T00:00:00+00:00,2026-01-26T00:00:00+00:00,2026-02-02T00:00:00+00:00,973.197521312722,1428.5251398549826,-455.3276185422607,0,night,0,0.0,0,2,0,0,0,0,0,0,0,0,0,0,0,0,0,0,0,0,0,0,0,0,0,0,1,753.0024936381111,1794.9346924112222,2682.2788242863057,843.3756644045833,17,-0.2588190451025206,-0.9659258262890684,0,0,1,6.518880213805556,5.106537856944445,6.417744069444445,7.112603206694445,17.523798786,17.944962672305554,18.04983601577777,17.924488307083333,0.0,0.0,0.0,0.0,-92.6715057865581,498.9221127995917,1431.48542243675,644.4667264569999,543,543,0.7268792131115168,0.7111118112233618
A4,roll_03,rf,2026-01-27 18:00:00+00:00,2026-01-27 19:00:00+00:00,0,1,2025-12-08T00:00:00+00:00,2026-01-26T00:00:00+00:00,2026-01-26T00:00:00+00:00,2026-02-02T00:00:00+00:00,1523.8945169891667,1487.1379295527438,36.75658743642293,0,night,0,0.0,0,2,0,0,0,0,0,0,0,0,0,0,0,0,0,0,0,0,0,0,0,0,0,0,1,1059.3235259904168,843.3756644045833,1447.201125872611,973.197521312722,18,-1.8369701987210287e-16,-1.0,0,0,1,6.447346530638889,5.047560526333333,6.518880213805556,6.219289706472222,17.747513365055557,17.76713559486111,17.523798786,17.69503970936111,0.0,0.0,0.0,0.0,-92.6715057865581,498.9221127995917,1431.48542243675,644.4667264569999,543,543,0.2594154275839244,0.1433884648482041
A4,roll_03,rf,2026-01-27 19:00:00+00:00,2026-01-27 20:00:00+00:00,0,1,2025-12-08T00:00:00+00:00,2026-01-26T00:00:00+00:00,2026-01-26T00:00:00+00:00,2026-02-02T00:00:00+00:00,985.6768274591944,1060.3082312621332,-74.63140380293873,0,night,0,0.0,0,2,0,0,0,0,0,0,0,0,0,0,0,0,0,0,0,0,0,0,0,0,0,0,1,2397.7932220235834,973.197521312722,1800.8310691792778,1523.8945169891667,19,0.2588190451025203,-0.9659258262890684,0,0,1,5.853020431666667,4.7790201357777775,6.447346530638889,5.074136068694444,18.224571140166667,18.29565681925,17.747513365055557,17.853487320499998,0.0,0.0,0.0,0.0,-92.6715057865581,498.9221127995917,1431.48542243675,644.4667264569999,543,543,0.036158152787398624,0.6917480401640267
A4,roll_03,rf,2026-01-27 20:00:00+00:00,2026-01-27 21:00:00+00:00,0,1,2025-12-08T00:00:00+00:00,2026-01-26T00:00:00+00:00,2026-01-26T00:00:00+00:00,2026-02-02T00:00:00+00:00,1010.58551608475,1060.5720482507372,-49.98653216598723,0,night,0,0.0,0,2,0,0,0,0,0,0,0,0,0,0,0,0,0,0,0,0,0,0,0,0,0,0,1,1239.3215171065278,1523.8945169891667,1879.5046675005,985.6768274591944,20,0.5000000000000001,-0.8660254037844386,0,0,1,5.681178345833334,4.616484813166667,5.853020431666667,4.405074585055556,17.815112795055555,18.163473134916668,18.224571140166667,18.49665259761112,0.0,0.0,0.0,0.0,-92.6715057865581,498.9221127995917,1431.48542243675,644.4667264569999,543,543,0.08555438319030105,0.6530979631267019
A4,roll_03,rf,2026-01-27 21:00:00+00:00,2026-01-27 22:00:00+00:00,0,1,2025-12-08T00:00:00+00:00,2026-01-26T00:00:00+00:00,2026-01-26T00:00:00+00:00,2026-02-02T00:00:00+00:00,469.4664131017777,913.5447102033096,-444.0782971015319,0,night,0,0.0,0,2,0,0,0,0,0,0,0,0,0,0,0,0,0,0,0,0,0,0,0,0,0,0,1,1097.120321607,985.6768274591944,982.8754678472778,1010.58551608475,21,0.7071067811865474,-0.7071067811865477,0,0,1,5.6377634685,3.733819858222222,5.681178345833334,4.6045820965277775,18.10064228113889,17.823669394694445,17.815112795055555,18.201204467472223,0.0,0.0,0.0,0.0,-92.6715057865581,498.9221127995917,1431.48542243675,644.4667264569999,543,543,0.7043319634464223,1.4927365057677033
A4,roll_03,rf,2026-01-27 22:00:00+00:00,2026-01-27 23:00:00+00:00,0,1,2025-12-08T00:00:00+00:00,2026-01-26T00:00:00+00:00,2026-01-26T00:00:00+00:00,2026-02-02T00:00:00+00:00,1039.222492417361,494.1528571116886,545.0696353056725,0,night,0,0.0,0,2,0,0,0,0,0,0,0,0,0,0,0,0,0,0,0,0,0,0,0,0,0,0,1,532.8753846346667,1010.58551608475,411.4689791798889,469.4664131017777,22,0.8660254037844384,-0.5000000000000004,0,0,1,5.511910193805555,2.806227175638889,5.6377634685,3.385893129472222,18.249919140416665,21.387805783944444,18.10064228113889,18.39947556380556,0.0,0.0,0.0,0.0,-92.6715057865581,498.9221127995917,1431.48542243675,644.4667264569999,543,543,1.2782378746728351,0.6086628120832263
A4,roll_03,rf,2026-01-27 23:00:00+00:00,2026-01-28 00:00:00+00:00,0,1,2025-12-08T00:00:00+00:00,2026-01-26T00:00:00+00:00,2026-01-26T00:00:00+00:00,2026-02-02T00:00:00+00:00,431.1445660605278,838.464304924208,-407.3197388636802,0,night,0,0.0,0,2,0,0,0,0,0,0,0,0,0,0,0,0,0,0,0,0,0,0,0,0,0,0,1,374.928417115,469.4664131017777,370.9779513775556,1039.222492417361,23,0.965925826289068,-0.2588190451025215,0,0,1,5.521770110833334,2.466718193027777,5.511910193805555,3.129626014638889,18.24883212461111,17.90830201163889,18.249919140416665,18.01849170036111,0.0,0.0,0.0,0.0,-92.6715057865581,498.9221127995917,1431.48542243675,644.4667264569999,543,543,0.6306560182541173,1.5521993848707516
A4,roll_03,rf,2026-01-28 04:00:00+00:00,2026-01-28 05:00:00+00:00,0,1,2025-12-08T00:00:00+00:00,2026-01-26T00:00:00+00:00,2026-01-26T00:00:00+00:00,2026-02-02T00:00:00+00:00,2035.0871509705555,1711.6884553382592,323.39869563229627,0,night,0,0.0,0,2,0,0,0,0,0,0,0,0,0,0,0,0,0,0,0,0,0,0,0,0,0,0,2,1049.641280434889,421.2961618739444,949.6719199514168,1092.225752789,4,0.5000000000000001,0.8660254037844386,0,0,1,5.284482934222222,0.5259598769722222,5.2807922785,1.1562568538333335,18.57139395311111,18.346101567916666,18.31751713141667,18.49733369363889,0.0,0.0,0.0,0.0,-92.6715057865581,498.9221127995917,1431.48542243675,644.4667264569999,543,543,0.8339381854297216,0.9365909887266756
A4,roll_03,rf,2026-01-28 05:00:00+00:00,2026-01-28 06:00:00+00:00,0,1,2025-12-08T00:00:00+00:00,2026-01-26T00:00:00+00:00,2026-01-26T00:00:00+00:00,2026-02-02T00:00:00+00:00,2063.430210569112,1897.846798982534,165.58341158657822,0,night,0,0.0,0,2,0,0,0,0,0,0,0,0,0,0,0,0,0,0,0,0,0,0,0,0,0,0,2,2165.628261214222,1092.225752789,1868.492211110528,2035.0871509705555,5,0.2588190451025207,0.9659258262890684,0,0,1,5.513712828027778,0.3656367874444444,5.284482934222222,0.9838426465833332,18.634632919027776,18.44876204208333,18.57139395311111,18.67930558830556,0.0,0.0,0.0,0.0,-92.6715057865581,498.9221127995917,1431.48542243675,644.4667264569999,543,543,0.5176257190205414,0.9805700778479628
A4,roll_03,rf,2026-01-28 06:00:00+00:00,2026-01-28 07:00:00+00:00,0,1,2025-12-08T00:00:00+00:00,2026-01-26T00:00:00+00:00,2026-01-26T00:00:00+00:00,2026-02-02T00:00:00+00:00,1837.9513309886668,1753.7225237468597,84.22880724180709,0,night,0,0.0,0,2,0,0,0,0,0,0,0,0,0,0,0,0,0,0,0,0,0,0,0,0,0,0,2,2007.6322741502224,2035.0871509705555,1857.5546669058888,2063.430210569112,6,6.123233995736766e-17,1.0,0,0,1,5.542613285861112,0.0914363476111111,5.513712828027778,1.1472138321111112,18.442081739,18.20441595636111,18.634632919027776,18.36578900947222,0.0,0.0,0.0,0.0,-92.6715057865581,498.9221127995917,1431.48542243675,644.4667264569999,543,543,0.3545649881816783,0.630701154715141
A4,roll_03,rf,2026-01-28 07:00:00+00:00,2026-01-28 08:00:00+00:00,0,1,2025-12-08T00:00:00+00:00,2026-01-26T00:00:00+00:00,2026-01-26T00:00:00+00:00,2026-02-02T00:00:00+00:00,1887.533959910028,1721.3703879709396,166.16357193908834,1,night,0,0.0,0,2,0,0,0,0,0,0,0,0,0,0,0,0,0,0,0,0,0,0,0,0,0,0,2,1787.7926135424725,2063.430210569112,1526.8297823245,1837.9513309886668,7,-0.2588190451025206,0.9659258262890684,0,0,1,5.184793339416666,0.4624889772777778,5.542613285861112,1.5920451545555556,18.612981790916667,18.099627230388887,18.442081739,18.29162538472222,0.0,88.74529710644445,0.0,181.0939341638056,-92.6715057865581,498.9221127995917,1431.48542243675,644.4667264569999,543,543,0.518788546519316,0.7076370567343889
A4,roll_03,rf,2026-01-28 08:00:00+00:00,2026-01-28 09:00:00+00:00,0,1,2025-12-08T00:00:00+00:00,2026-01-26T00:00:00+00:00,2026-01-26T00:00:00+00:00,2026-02-02T00:00:00+00:00,1927.4843435574169,1688.8942217569988,238.59012180041805,1,night,0,0.0,0,2,0,0,0,0,0,0,0,0,0,0,0,0,0,0,0,0,0,0,0,0,0,0,2,1396.283928898889,1837.9513309886668,1412.669924658583,1887.533959910028,8,-0.4999999999999998,0.8660254037844387,0,0,1,5.1913422946944445,2.0457270672222223,5.184793339416666,3.136497066611111,18.377665885472226,18.33234830197222,18.612981790916667,18.65486796255556,0.0,506.86706511469447,0.0,499.9208653843889,-92.6715057865581,498.9221127995917,1431.48542243675,644.4667264569999,543,543,0.6639545914855816,0.7696268880279591
A4,roll_03,rf,2026-01-28 09:00:00+00:00,2026-01-28 10:00:00+00:00,0,1,2025-12-08T00:00:00+00:00,2026-01-26T00:00:00+00:00,2026-01-26T00:00:00+00:00,2026-02-02T00:00:00+00:00,1864.801970357278,1673.4573619703372,191.3446083869408,1,low,0,0.0,0,2,0,0,0,0,0,0,0,0,0,0,0,0,0,0,0,0,0,0,0,0,0,0,2,1012.9496219223612,1887.533959910028,1534.4343933593334,1927.4843435574169,9,-0.7071067811865475,0.7071067811865476,0,0,1,5.373750419944444,3.9313944355833335,5.1913422946944445,4.706430078027778,18.25319205494445,18.699979865277776,18.377665885472226,18.752280843,10.544310736611113,949.0842489008888,0.0,628.2161829386944,-92.6715057865581,498.9221127995917,1431.48542243675,644.4667264569999,543,543,0.5692594232390401,0.6723644994097917
A4,roll_03,rf,2026-01-28 10:00:00+00:00,2026-01-28 11:00:00+00:00,0,1,2025-12-08T00:00:00+00:00,2026-01-26T00:00:00+00:00,2026-01-26T00:00:00+00:00,2026-02-02T00:00:00+00:00,3141.5486331360003,1552.514217656873,1589.0344154791271,1,low,0,0.0,0,2,0,0,0,0,0,0,0,0,0,0,0,0,0,0,0,0,0,0,0,0,0,0,2,755.3586427439723,1927.4843435574169,1156.7474213855278,1864.801970357278,10,-0.8660254037844387,0.4999999999999999,0,0,1,5.65833449311111,5.315615807527778,5.373750419944444,6.267240583472223,18.034370881194445,19.066515733777777,18.25319205494445,19.328630021027777,25.393810472444443,1313.273773081028,10.544310736611113,1074.0207572205,-92.6715057865581,498.9221127995917,1431.48542243675,644.4667264569999,543,543,3.370678264447255,2.653454616812322
A4,roll_03,rf,2026-01-28 11:00:00+00:00,2026-01-28 12:00:00+00:00,0,1,2025-12-08T00:00:00+00:00,2026-01-26T00:00:00+00:00,2026-01-26T00:00:00+00:00,2026-02-02T00:00:00+00:00,3688.242951303472,1860.8162273596304,1827.4267239438416,1,low,0,0.0,0,2,0,0,0,0,0,0,0,0,0,0,0,0,0,0,0,0,0,0,0,0,0,0,2,53.140800646916695,1864.801970357278,339.89285018286114,3141.5486331360003,11,-0.9659258262890682,0.258819045102521,0,0,1,5.88800453525,6.909244716555556,5.65833449311111,7.697859210388889,18.29865785161111,19.08309364155556,18.034370881194445,19.243634988,223.8937608820556,1427.9776504355557,25.393810472444443,965.1249525716944,-92.6715057865581,498.9221127995917,1431.48542243675,644.4667264569999,543,543,3.8484929420269447,3.5017440563198687
A4,roll_03,rf,2026-01-28 12:00:00+00:00,2026-01-28 13:00:00+00:00,0,1,2025-12-08T00:00:00+00:00,2026-01-26T00:00:00+00:00,2026-01-26T00:00:00+00:00,2026-02-02T00:00:00+00:00,2978.0382318605,2873.9596802509577,104.0785516095425,1,low,0,0.0,0,2,0,0,0,0,0,0,0,0,0,0,0,0,0,0,0,0,0,0,0,0,0,0,2,-768.0917536371389,3141.5486331360003,1030.8584088937498,3688.242951303472,12,-1.0,1.2246467991473532e-16,0,0,1,6.230890702111111,8.880089984972221,5.88800453525,8.44994003075,18.18650774847222,18.484981089805554,18.29865785161111,18.26876692975,217.1136607175556,1346.315216830611,223.8937608820556,211.40887729319445,-92.6715057865581,498.9221127995917,1431.48542243675,644.4667264569999,543,543,0.39435024495523147,2.3997403526571968
A4,roll_03,rf,2026-01-28 13:00:00+00:00,2026-01-28 14:00:00+00:00,0,1,2025-12-08T00:00:00+00:00,2026-01-26T00:00:00+00:00,2026-01-26T00:00:00+00:00,2026-02-02T00:00:00+00:00,3380.6789978081943,2016.7467565333025,1363.932241274892,1,low,0,0.0,0,2,0,0,0,0,0,0,0,0,0,0,0,0,0,0,0,0,0,0,0,0,0,0,2,452.3195190723055,3688.242951303472,1307.5905215424166,2978.0382318605,13,-0.9659258262890684,-0.2588190451025208,0,0,1,6.399069186666668,10.48915223186111,6.230890702111111,8.259617161472223,17.592900088416666,18.524133185916664,18.18650774847222,18.076811365166662,113.17434017758336,1073.8044294135832,217.1136607175556,95.77065074513888,-92.6715057865581,498.9221127995917,1431.48542243675,644.4667264569999,543,543,2.919501280246006,3.0245061464806255
A4,roll_03,rf,2026-01-28 14:00:00+00:00,2026-01-28 15:00:00+00:00,0,1,2025-12-08T00:00:00+00:00,2026-01-26T00:00:00+00:00,2026-01-26T00:00:00+00:00,2026-02-02T00:00:00+00:00,3872.714778626834,2719.5510386250776,1153.1637400017562,1,low,0,0.0,0,2,0,0,0,0,0,0,0,0,0,0,0,0,0,0,0,0,0,0,0,0,0,0,2,66.48684730938892,2978.0382318605,899.1258070269446,3380.6789978081943,14,-0.8660254037844388,-0.4999999999999997,0,0,1,6.31566832675,10.873624103916669,6.399069186666668,7.754356971027778,17.809436758833332,17.64684908008333,17.592900088416666,17.710901361,57.91523832122223,664.2745502861944,113.17434017758336,20.843421866277776,-92.6715057865581,498.9221127995917,1431.48542243675,644.4667264569999,543,543,2.497053575752704,3.7879835466617644
A4,roll_03,rf,2026-01-28 15:00:00+00:00,2026-01-28 16:00:00+00:00,0,1,2025-12-08T00:00:00+00:00,2026-01-26T00:00:00+00:00,2026-01-26T00:00:00+00:00,2026-02-02T00:00:00+00:00,3566.8731119283607,2907.69320844957,659.1799034787905,1,night,0,0.0,0,2,0,0,0,0,0,0,0,0,0,0,0,0,0,0,0,0,0,0,0,0,0,0,2,359.87914049975,3380.6789978081943,1560.9848600250834,3872.714778626834,15,-0.7071067811865479,-0.7071067811865471,0,0,1,6.244660061111111,9.67541222338889,6.31566832675,7.113380494527778,17.889092211916665,17.73781377975,17.809436758833332,18.19326131930556,0.0,144.55603472877775,57.91523832122223,0.0,-92.6715057865581,498.9221127995917,1431.48542243675,644.4667264569999,543,543,1.5069514659242098,3.3134180584171524
A4,roll_03,rf,2026-01-28 16:00:00+00:00,2026-01-28 17:00:00+00:00,0,1,2025-12-08T00:00:00+00:00,2026-01-26T00:00:00+00:00,2026-01-26T00:00:00+00:00,2026-02-02T00:00:00+00:00,4099.8204709775,2911.204023686409,1188.616447291091,0,night,0,0.0,0,2,0,0,0,0,0,0,0,0,0,0,0,0,0,0,0,0,0,0,0,0,0,0,2,3501.792804637556,3872.714778626834,1794.9346924112222,3566.8731119283607,16,-0.5000000000000004,-0.8660254037844385,0,0,1,5.823090861361112,6.537365921777777,6.244660061111111,6.417744069444445,17.597432975833332,17.606137597472223,17.889092211916665,18.04983601577777,0.0,0.0,0.0,0.0,-92.6715057865581,498.9221127995917,1431.48542243675,644.4667264569999,543,543,2.568112176644133,4.140376747159787
A4,roll_03,rf,2026-01-28 17:00:00+00:00,2026-01-28 18:00:00+00:00,0,1,2025-12-08T00:00:00+00:00,2026-01-26T00:00:00+00:00,2026-01-26T00:00:00+00:00,2026-02-02T00:00:00+00:00,3533.490893778889,2943.18215886322,590.308734915669,0,night,0,0.0,0,2,0,0,0,0,0,0,0,0,0,0,0,0,0,0,0,0,0,0,0,0,0,0,2,3139.28925536575,3566.8731119283607,843.3756644045833,4099.8204709775,17,-0.2588190451025206,-0.9659258262890684,0,0,1,5.327666574166667,4.898183921,5.823090861361112,6.518880213805556,16.81522350208333,17.69062399725,17.597432975833332,17.523798786,0.0,0.0,0.0,0.0,-92.6715057865581,498.9221127995917,1431.48542243675,644.4667264569999,543,543,1.3689115458720273,3.2616198556875986
A4,roll_03,rf,2026-01-28 18:00:00+00:00,2026-01-28 19:00:00+00:00,0,1,2025-12-08T00:00:00+00:00,2026-01-26T00:00:00+00:00,2026-01-26T00:00:00+00:00,2026-02-02T00:00:00+00:00,4150.093525715889,2912.720892586136,1237.372633129753,0,night,0,0.0,0,2,0,0,0,0,0,0,0,0,0,0,0,0,0,0,0,0,0,0,0,0,0,0,2,3084.578836987528,4099.8204709775,973.197521312722,3533.490893778889,18,-1.8369701987210287e-16,-1.0,0,0,1,5.189922447472222,4.040946171194444,5.327666574166667,6.447346530638889,17.198094430777775,17.300488013416665,16.81522350208333,17.747513365055557,0.0,0.0,0.0,0.0,-92.6715057865581,498.9221127995917,1431.48542243675,644.4667264569999,543,543,2.665835217150551,4.218383962543534
A4,roll_03,rf,2026-01-28 19:00:00+00:00,2026-01-28 20:00:00+00:00,0,1,2025-12-08T00:00:00+00:00,2026-01-26T00:00:00+00:00,2026-01-26T00:00:00+00:00,2026-02-02T00:00:00+00:00,3498.4065437332224,2959.956565781791,538.4499779514313,0,night,0,0.0,0,2,0,0,0,0,0,0,0,0,0,0,0,0,0,0,0,0,0,0,0,0,0,0,2,3033.668790060889,3533.490893778889,1523.8945169891667,4150.093525715889,19,0.2588190451025203,-0.9659258262890684,0,0,1,5.153431917222222,3.191824916555556,5.189922447472222,5.853020431666667,17.99117864236111,17.536376965666665,17.198094430777775,18.224571140166667,0.0,0.0,0.0,0.0,-92.6715057865581,498.9221127995917,1431.48542243675,644.4667264569999,543,543,1.2649699573277882,3.20718050512788
A4,roll_03,rf,2026-01-28 20:00:00+00:00,2026-01-28 21:00:00+00:00,0,1,2025-12-08T00:00:00+00:00,2026-01-26T00:00:00+00:00,2026-01-26T00:00:00+00:00,2026-02-02T00:00:00+00:00,3031.050403281528,2906.755398901114,124.29500438041396,0,night,0,0.0,0,2,0,0,0,0,0,0,0,0,0,0,0,0,0,0,0,0,0,0,0,0,0,0,2,2886.9925662115,4150.093525715889,985.6768274591944,3498.4065437332224,20,0.5000000000000001,-0.8660254037844386,0,0,1,5.344064076416667,2.487087112333333,5.153431917222222,5.681178345833334,17.54592248638889,17.762063201333333,17.99117864236111,17.815112795055555,0.0,0.0,0.0,0.0,-92.6715057865581,498.9221127995917,1431.48542243675,644.4667264569999,543,543,0.4348705030320509,2.4819977745608313
A4,roll_03,rf,2026-01-28 21:00:00+00:00,2026-01-28 22:00:00+00:00,0,1,2025-12-08T00:00:00+00:00,2026-01-26T00:00:00+00:00,2026-01-26T00:00:00+00:00,2026-02-02T00:00:00+00:00,880.7419122894444,2466.530203033744,-1585.7882907442995,0,night,0,0.0,0,2,0,0,0,0,0,0,0,0,0,0,0,0,0,0,0,0,0,0,0,0,0,0,2,2551.3509306884166,3498.4065437332224,1010.58551608475,3031.050403281528,21,0.7071067811865474,-0.7071067811865477,0,0,1,5.513382952611111,1.9324537458333333,5.344064076416667,5.6377634685,19.893719509444445,17.464727486527778,17.54592248638889,18.10064228113889,0.0,0.0,0.0,0.0,-92.6715057865581,498.9221127995917,1431.48542243675,644.4667264569999,543,543,2.992685123895281,0.8545724512032699
A4,roll_03,rf,2026-01-28 22:00:00+00:00,2026-01-28 23:00:00+00:00,0,1,2025-12-08T00:00:00+00:00,2026-01-26T00:00:00+00:00,2026-01-26T00:00:00+00:00,2026-02-02T00:00:00+00:00,822.8956369502222,1071.2812050611385,-248.3855681109161,0,night,0,0.0,0,2,0,0,0,0,0,0,0,0,0,0,0,0,0,0,0,0,0,0,0,0,0,0,2,2388.614872440278,3031.050403281528,469.4664131017777,880.7419122894444,22,0.8660254037844384,-0.5000000000000004,0,0,1,5.632813449722222,1.30014670125,5.513382952611111,5.511910193805555,19.97541349633333,17.690357956194443,19.893719509444445,18.249919140416665,0.0,0.0,0.0,0.0,-92.6715057865581,498.9221127995917,1431.48542243675,644.4667264569999,543,543,0.31210094387399023,0.9443308094931323
A4,roll_03,rf,2026-01-28 23:00:00+00:00,2026-01-29 00:00:00+00:00,0,1,2025-12-08T00:00:00+00:00,2026-01-26T00:00:00+00:00,2026-01-26T00:00:00+00:00,2026-02-02T00:00:00+00:00,934.8170360965556,738.9000053978162,195.91703069873935,0,night,0,0.0,0,2,0,0,0,0,0,0,0,0,0,0,0,0,0,0,0,0,0,0,0,0,0,0,2,1967.8965871302496,880.7419122894444,1039.222492417361,822.8956369502222,23,0.965925826289068,-0.2588190451025215,0,0,1,5.591124761194444,0.8794424397222222,5.632813449722222,5.521770110833334,18.18788550086111,17.751566612944444,19.97541349633333,18.24883212461111,0.0,0.0,0.0,0.0,-92.6715057865581,498.9221127995917,1431.48542243675,644.4667264569999,543,543,0.5784240246758084,0.7706656774519034
A4,roll_03,rf,2026-01-29 00:00:00+00:00,2026-01-29 01:00:00+00:00,0,1,2025-12-08T00:00:00+00:00,2026-01-26T00:00:00+00:00,2026-01-26T00:00:00+00:00,2026-02-02T00:00:00+00:00,569.0574982047777,1193.5112642178317,-624.453766013054,0,night,0,0.0,0,2,0,0,0,0,0,0,0,0,0,0,0,0,0,0,0,0,0,0,0,0,0,0,3,387.7841801272222,822.8956369502222,431.1445660605278,934.8170360965556,0,1.0,0.0,0,0,1,5.649876135861111,0.7327373778333334,5.591124761194444,5.279464696388889,18.53709236861112,18.514657144027776,18.18788550086111,18.59336328630556,0.0,0.0,0.0,0.0,-92.6715057865581,498.9221127995917,1431.48542243675,644.4667264569999,543,543,1.0658622790690047,1.3382039581364098
A4,roll_03,rf,2026-01-29 01:00:00+00:00,2026-01-29 02:00:00+00:00,0,1,2025-12-08T00:00:00+00:00,2026-01-26T00:00:00+00:00,2026-01-26T00:00:00+00:00,2026-02-02T00:00:00+00:00,388.6233783748333,522.451817796908,-133.82843942207472,0,night,0,0.0,0,2,0,0,0,0,0,0,0,0,0,0,0,0,0,0,0,0,0,0,0,0,0,0,3,375.648988568,934.8170360965556,417.8579242465556,569.0574982047777,1,0.9659258262890684,0.2588190451025207,0,0,1,5.783219677611111,0.5019400923611111,5.649876135861111,5.423899556444446,18.662892832388888,18.432809342444443,18.53709236861112,18.35289168230556,0.0,0.0,0.0,0.0,-92.6715057865581,498.9221127995917,1431.48542243675,644.4667264569999,543,543,0.08249170076782836,1.6181782569212262
A4,roll_03,rf,2026-01-29 03:00:00+00:00,2026-01-29 04:00:00+00:00,0,1,2025-12-08T00:00:00+00:00,2026-01-26T00:00:00+00:00,2026-01-26T00:00:00+00:00,2026-02-02T00:00:00+00:00,1044.109589464861,636.3534186042737,407.7561708605874,0,night,0,0.0,0,2,0,0,0,0,0,0,0,0,0,0,0,0,0,0,0,0,0,0,0,0,0,0,3,372.0987236639445,388.6233783748333,421.2961618739444,380.9392708019166,3,0.7071067811865476,0.7071067811865476,0,0,1,5.751614257,0.2133146070555555,5.739918612555556,5.2807922785,18.577546874611112,18.459798990916667,18.59705101538889,18.31751713141667,0.0,0.0,0.0,0.0,-92.6715057865581,498.9221127995917,1431.48542243675,644.4667264569999,543,543,1.0030176330311473,0.6010796478221834
A4,roll_03,rf,2026-01-29 04:00:00+00:00,2026-01-29 05:00:00+00:00,0,1,2025-12-08T00:00:00+00:00,2026-01-26T00:00:00+00:00,2026-01-26T00:00:00+00:00,2026-02-02T00:00:00+00:00,2097.0978272491666,1696.9052318639883,400.1925953851781,0,night,0,0.0,0,2,0,0,0,0,0,0,0,0,0,0,0,0,0,0,0,0,0,0,0,0,0,0,3,1036.0452877571945,380.9392708019166,1092.225752789,1044.109589464861,4,0.5000000000000001,0.8660254037844386,0,0,1,5.690614872888889,-0.1355967138611111,5.751614257,5.284482934222222,18.699853914444443,18.305206327277777,18.577546874611112,18.57139395311111,0.0,0.0,0.0,0.0,-92.6715057865581,498.9221127995917,1431.48542243675,644.4667264569999,543,543,0.9878578009023046,1.0328111250547665
A4,roll_03,rf,2026-01-29 05:00:00+00:00,2026-01-29 06:00:00+00:00,0,1,2025-12-08T00:00:00+00:00,2026-01-26T00:00:00+00:00,2026-01-26T00:00:00+00:00,2026-02-02T00:00:00+00:00,2101.717697546028,1933.6123055293208,168.10539201670736,0,night,0,0.0,0,2,0,0,0,0,0,0,0,0,0,0,0,0,0,0,0,0,0,0,0,0,0,0,3,1958.2742827319444,1044.109589464861,2035.0871509705555,2097.0978272491666,5,0.2588190451025207,0.9659258262890684,0,0,1,5.321339182305556,-0.2067956863333333,5.690614872888889,5.513712828027778,18.788275002444447,18.570810667694445,18.699853914444443,18.634632919027776,0.0,0.0,0.0,0.0,-92.6715057865581,498.9221127995917,1431.48542243675,644.4667264569999,543,543,0.5226805770142623,1.039979641453215
A4,roll_03,rf,2026-01-29 06:00:00+00:00,2026-01-29 07:00:00+00:00,0,1,2025-12-08T00:00:00+00:00,2026-01-26T00:00:00+00:00,2026-01-26T00:00:00+00:00,2026-02-02T00:00:00+00:00,1866.4684684137776,1771.5996926452997,94.86877576847792,0,night,0,0.0,0,2,0,0,0,0,0,0,0,0,0,0,0,0,0,0,0,0,0,0,0,0,0,0,3,1980.8106362188057,2097.0978272491666,2063.430210569112,2101.717697546028,6,6.123233995736766e-17,1.0,0,0,1,5.4229227490000005,-0.3390546419444444,5.321339182305556,5.542613285861112,18.46805462488889,18.560011663194445,18.788275002444447,18.442081739,0.0,0.0,0.0,0.0,-92.6715057865581,498.9221127995917,1431.48542243675,644.4667264569999,543,543,0.3758908990878255,0.6749503552625233
A4,roll_03,rf,2026-01-29 07:00:00+00:00,2026-01-29 08:00:00+00:00,0,1,2025-12-08T00:00:00+00:00,2026-01-26T00:00:00+00:00,2026-01-26T00:00:00+00:00,2026-02-02T00:00:00+00:00,1765.7431687797225,1652.2459167220036,113.49725205771892,1,night,0,0.0,0,2,0,0,0,0,0,0,0,0,0,0,0,0,0,0,0,0,0,0,0,0,0,0,3,1778.5049296098057,2101.717697546028,1837.9513309886668,1866.4684684137776,7,-0.2588190451025206,0.9659258262890684,0,0,1,5.644273330472223,0.0412508166666666,5.4229227490000005,5.184793339416666,18.33773261380556,18.17753363780556,18.46805462488889,18.612981790916667,0.0,50.5301981471389,0.0,0.0,-92.6715057865581,498.9221127995917,1431.48542243675,644.4667264569999,543,543,0.4132283427715929,0.5186578804162278
A4,roll_03,rf,2026-01-29 08:00:00+00:00,2026-01-29 09:00:00+00:00,0,1,2025-12-08T00:00:00+00:00,2026-01-26T00:00:00+00:00,2026-01-26T00:00:00+00:00,2026-02-02T00:00:00+00:00,1253.1664777410554,1560.643262938751,-307.4767851976956,1,low,0,0.0,0,2,0,0,0,0,0,0,0,0,0,0,0,0,0,0,0,0,0,0,0,0,0,0,3,1415.566902312361,1866.4684684137776,1887.533959910028,1765.7431687797225,8,-0.4999999999999998,0.8660254037844387,0,0,1,6.577056710277778,1.056784193527778,5.644273330472223,5.1913422946944445,18.68058624561111,18.45113440808333,18.33773261380556,18.377665885472226,107.09455782583336,442.9227532967777,0.0,0.0,-92.6715057865581,498.9221127995917,1431.48542243675,644.4667264569999,543,543,0.4305387031370587,0.2766922439518566
A4,roll_03,rf,2026-01-29 09:00:00+00:00,2026-01-29 10:00:00+00:00,0,1,2025-12-08T00:00:00+00:00,2026-01-26T00:00:00+00:00,2026-01-26T00:00:00+00:00,2026-02-02T00:00:00+00:00,948.2308555061112,1341.181962803543,-392.9511072974318,1,low,0,0.0,0,2,0,0,0,0,0,0,0,0,0,0,0,0,0,0,0,0,0,0,0,0,0,0,3,1170.112685329639,1765.7431687797225,1927.4843435574169,1253.1664777410554,9,-0.7071067811865475,0.7071067811865476,0,0,1,7.120698170944444,2.4946484179722224,6.577056710277778,5.373750419944444,18.200570424222224,18.912593772,18.68058624561111,18.25319205494445,173.80403361816664,833.8091316924166,107.09455782583336,10.544310736611113,-92.6715057865581,498.9221127995917,1431.48542243675,644.4667264569999,543,543,0.6018566702243778,0.7498518497415126
A4,roll_03,rf,2026-01-29 10:00:00+00:00,2026-01-29 11:00:00+00:00,0,1,2025-12-08T00:00:00+00:00,2026-01-26T00:00:00+00:00,2026-01-26T00:00:00+00:00,2026-02-02T00:00:00+00:00,1415.7808458588888,1254.2363097364398,161.54453612244902,1,low,0,0.0,0,2,0,0,0,0,0,0,0,0,0,0,0,0,0,0,0,0,0,0,0,0,0,0,3,912.1677645943888,1253.1664777410554,1864.801970357278,948.2308555061112,10,-0.8660254037844387,0.4999999999999999,0,0,1,7.047235797361111,3.215811578611111,7.120698170944444,5.65833449311111,18.18368814136112,19.38619283925,18.200570424222224,18.034370881194445,95.93545610280556,1190.1841393934444,173.80403361816664,25.393810472444443,-92.6715057865581,498.9221127995917,1431.48542243675,644.4667264569999,543,543,0.5095305166622697,0.024368328003833768
A4,roll_03,rf,2026-01-29 11:00:00+00:00,2026-01-29 12:00:00+00:00,0,1,2025-12-08T00:00:00+00:00,2026-01-26T00:00:00+00:00,2026-01-26T00:00:00+00:00,2026-02-02T00:00:00+00:00,347.5551561380278,1175.6788882549642,-828.1237321169365,1,low,0,0.0,0,2,0,0,0,0,0,0,0,0,0,0,0,0,0,0,0,0,0,0,0,0,0,0,3,979.6024800058332,948.2308555061112,3141.5486331360003,1415.7808458588888,11,-0.9659258262890682,0.258819045102521,0,0,1,7.484160413777777,4.084419063944444,7.047235797361111,5.88800453525,18.45564459983333,19.31657935863889,18.18368814136112,18.29865785161111,198.05782505847225,1082.5123078365275,95.93545610280556,223.8937608820556,-92.6715057865581,498.9221127995917,1431.48542243675,644.4667264569999,543,543,1.4740822414215118,1.6819026053644435
A4,roll_03,rf,2026-01-29 12:00:00+00:00,2026-01-29 13:00:00+00:00,0,1,2025-12-08T00:00:00+00:00,2026-01-26T00:00:00+00:00,2026-01-26T00:00:00+00:00,2026-02-02T00:00:00+00:00,-402.3519291878333,887.9881924612756,-1290.3401216491088,1,med,0,0.0,0,2,0,0,0,0,0,0,0,0,0,0,0,0,0,0,0,0,0,0,0,0,0,0,3,926.4931066359444,1415.7808458588888,3688.242951303472,347.5551561380278,12,-1.0,1.2246467991473532e-16,0,0,1,8.72531020561111,5.38599788475,7.484160413777777,6.230890702111111,18.326656080611112,19.65373982686111,18.45564459983333,18.18650774847222,591.8653806022222,1175.6683752016668,198.05782505847225,217.1136607175556,-92.6715057865581,498.9221127995917,1431.48542243675,644.4667264569999,543,543,2.4005121944627725,2.845511298474989
A4,roll_03,rf,2026-01-29 13:00:00+00:00,2026-01-29 14:00:00+00:00,0,1,2025-12-08T00:00:00+00:00,2026-01-26T00:00:00+00:00,2026-01-26T00:00:00+00:00,2026-02-02T00:00:00+00:00,1092.5960639581945,48.92128395641913,1043.6747800017754,1,high,0,0.0,0,2,1,0,0,0,0,0,0,0,0,0,0,0,0,0,0,0,0,0,0,0,0,0,3,-104.81881332361114,347.5551561380278,2978.0382318605,-402.3519291878333,13,-0.9659258262890684,-0.2588190451025208,0,0,1,9.603330588527776,6.27195117888889,8.72531020561111,6.399069186666668,18.84680833225,18.68513766694445,18.326656080611112,17.592900088416666,1247.4635750589998,952.1943599062224,591.8653806022222,113.17434017758336,-92.6715057865581,498.9221127995917,1431.48542243675,644.4667264569999,543,543,2.277602568889914,0.5258446162792966
A4,roll_03,rf,2026-01-29 14:00:00+00:00,2026-01-29 15:00:00+00:00,0,1,2025-12-08T00:00:00+00:00,2026-01-26T00:00:00+00:00,2026-01-26T00:00:00+00:00,2026-02-02T00:00:00+00:00,462.4739155892223,1070.1581780662812,-607.6842624770588,1,med,0,0.0,0,3,0,0,0,0,0,0,0,0,0,0,0,0,0,0,0,0,0,0,0,0,0,0,3,1036.759236264139,-402.3519291878333,3380.6789978081943,1092.5960639581945,14,-0.8660254037844388,-0.4999999999999997,0,0,1,10.175281555083336,7.388014486055556,9.603330588527776,6.31566832675,18.72012759377778,18.11838555286111,18.84680833225,17.809436758833332,733.8672658107222,761.2699456159722,1247.4635750589998,57.91523832122223,-92.6715057865581,498.9221127995917,1431.48542243675,644.4667264569999,543,543,1.0322508132594483,1.5035865577959857
A4,roll_03,rf,2026-01-29 15:00:00+00:00,2026-01-29 16:00:00+00:00,0,1,2025-12-08T00:00:00+00:00,2026-01-26T00:00:00+00:00,2026-01-26T00:00:00+00:00,2026-02-02T00:00:00+00:00,1737.4693776433332,1047.7330115973266,689.7363660460067,1,low,0,0.0,0,3,0,0,0,0,0,0,0,0,0,0,0,0,0,0,0,0,0,0,0,0,0,0,3,1095.6600237501943,1092.5960639581945,3872.714778626834,462.4739155892223,15,-0.7071067811865479,-0.7071067811865471,0,0,1,10.80456051886111,6.172030068638889,10.175281555083336,6.244660061111111,17.667633677111112,17.8214131055,18.72012759377778,17.889092211916665,202.1270942708333,67.57647916191668,733.8672658107222,0.0,-92.6715057865581,498.9221127995917,1431.48542243675,644.4667264569999,543,543,1.5681964213657622,0.4747862731234412
A4,roll_03,rf,2026-01-29 16:00:00+00:00,2026-01-29 17:00:00+00:00,0,1,2025-12-08T00:00:00+00:00,2026-01-26T00:00:00+00:00,2026-01-26T00:00:00+00:00,2026-02-02T00:00:00+00:00,2296.247373537611,1465.5363300139647,830.7110435236464,0,night,0,0.0,0,2,0,0,0,0,0,0,0,0,0,0,0,0,0,0,0,0,0,0,0,0,0,0,3,2940.7578966023334,462.4739155892223,3566.8731119283607,1737.4693776433332,16,-0.5000000000000004,-0.8660254037844385,0,0,1,8.926961661277778,3.513001024222222,10.80456051886111,5.823090861361112,17.675791429472223,17.972978045416667,17.667633677111112,17.597432975833332,0.0,0.0,202.1270942708333,0.0,-92.6715057865581,498.9221127995917,1431.48542243675,644.4667264569999,543,543,1.8507549086747157,1.3418255987472762
A4,roll_03,rf,2026-01-29 17:00:00+00:00,2026-01-29 18:00:00+00:00,0,1,2025-12-08T00:00:00+00:00,2026-01-26T00:00:00+00:00,2026-01-26T00:00:00+00:00,2026-02-02T00:00:00+00:00,773.5572774640833,1638.7437790970907,-865.1865016330074,0,night,0,0.0,0,2,0,0,0,0,0,0,0,0,0,0,0,0,0,0,0,0,0,0,0,0,0,0,3,1509.757366554472,1737.4693776433332,4099.8204709775,2296.247373537611,17,-0.2588190451025206,-0.9659258262890684,0,0,1,7.060031861138889,2.803270102555556,8.926961661277778,5.327666574166667,18.15538444622222,18.275116791861112,17.675791429472223,16.81522350208333,0.0,0.0,0.0,0.0,-92.6715057865581,498.9221127995917,1431.48542243675,644.4667264569999,543,543,1.5483679236256966,1.0208876858386031
A4,roll_03,rf,2026-01-29 18:00:00+00:00,2026-01-29 19:00:00+00:00,0,1,2025-12-08T00:00:00+00:00,2026-01-26T00:00:00+00:00,2026-01-26T00:00:00+00:00,2026-02-02T00:00:00+00:00,2461.1030846526387,1342.2568441238827,1118.846240528756,0,night,0,0.0,0,2,0,0,0,0,0,0,0,0,0,0,0,0,0,0,0,0,0,0,0,0,0,0,3,1902.4201895734168,2296.247373537611,3533.490893778889,773.5572774640833,18,-1.8369701987210287e-16,-1.0,0,0,1,5.613281186583333,2.0540354806944445,7.060031861138889,5.189922447472222,17.354192048527775,18.52226880861112,18.15538444622222,17.198094430777775,0.0,0.0,0.0,0.0,-92.6715057865581,498.9221127995917,1431.48542243675,644.4667264569999,543,543,2.428270295572086,1.5976273404777348
A4,roll_03,rf,2026-01-29 19:00:00+00:00,2026-01-29 20:00:00+00:00,0,1,2025-12-08T00:00:00+00:00,2026-01-26T00:00:00+00:00,2026-01-26T00:00:00+00:00,2026-02-02T00:00:00+00:00,738.0341406504722,1523.857577573488,-785.8234369230158,0,night,0,0.0,0,1,0,0,0,0,0,0,0,0,0,0,0,0,0,0,0,0,0,0,0,0,0,0,3,1073.8756977925275,773.5572774640833,4150.093525715889,2461.1030846526387,19,0.2588190451025203,-0.9659258262890684,0,0,1,4.914927927388889,1.7490800439444445,5.613281186583333,5.153431917222222,18.053897769944445,18.13564327775,17.354192048527775,17.99117864236111,0.0,0.0,0.0,0.0,-92.6715057865581,498.9221127995917,1431.48542243675,644.4667264569999,543,543,1.3892988772275259,1.0760078888767057
A4,roll_03,rf,2026-01-29 20:00:00+00:00,2026-01-29 21:00:00+00:00,0,1,2025-12-08T00:00:00+00:00,2026-01-26T00:00:00+00:00,2026-01-26T00:00:00+00:00,2026-02-02T00:00:00+00:00,1046.6185902225832,1194.8303390821743,-148.21174885959135,0,night,0,0.0,0,1,0,0,0,0,0,0,0,0,0,0,0,0,0,0,0,0,0,0,0,0,0,0,3,1112.6407676563056,2461.1030846526387,3498.4065437332224,738.0341406504722,20,0.5000000000000001,-0.8660254037844386,0,0,1,4.190135806277778,1.6065832648333334,4.914927927388889,5.344064076416667,17.800593456972223,18.311032115555555,18.053897769944445,17.54592248638889,0.0,0.0,0.0,0.0,-92.6715057865581,498.9221127995917,1431.48542243675,644.4667264569999,543,543,0.11132046796118415,0.5971865053918278
A4,roll_03,rf,2026-01-29 21:00:00+00:00,2026-01-29 22:00:00+00:00,0,1,2025-12-08T00:00:00+00:00,2026-01-26T00:00:00+00:00,2026-01-26T00:00:00+00:00,2026-02-02T00:00:00+00:00,366.5958732328333,933.1015433191186,-566.5056700862854,0,night,0,0.0,0,1,0,0,0,0,0,0,0,0,0,0,0,0,0,0,0,0,0,0,0,0,0,0,3,565.8491807108888,738.0341406504722,3031.050403281528,1046.6185902225832,21,0.7071067811865474,-0.7071067811865477,0,0,1,3.735040379,1.2826967101944444,4.190135806277778,5.513382952611111,17.774244155,17.99547290261111,17.800593456972223,19.893719509444445,0.0,0.0,0.0,0.0,-92.6715057865581,498.9221127995917,1431.48542243675,644.4667264569999,543,543,0.9497157013965789,1.652357686576342
A4,roll_03,rf,2026-01-30 02:00:00+00:00,2026-01-30 03:00:00+00:00,0,1,2025-12-08T00:00:00+00:00,2026-01-26T00:00:00+00:00,2026-01-26T00:00:00+00:00,2026-02-02T00:00:00+00:00,377.9953876609166,526.1081252688326,-148.11273760791602,0,night,0,0.0,0,1,0,0,0,0,0,0,0,0,0,0,0,0,0,0,0,0,0,0,0,0,0,0,4,364.6717208964722,407.8405305781389,388.6233783748333,371.0950655588056,2,0.8660254037844387,0.4999999999999999,0,0,1,2.568442849555556,2.072341584194444,2.6168204326944444,5.739918612555556,18.29252755372222,18.394230225944444,18.54276345536111,18.59705101538889,0.0,0.0,0.0,0.0,-92.6715057865581,498.9221127995917,1431.48542243675,644.4667264569999,543,543,0.11112201764371926,1.6346693964597168
A4,roll_03,rf,2026-01-30 03:00:00+00:00,2026-01-30 04:00:00+00:00,0,1,2025-12-08T00:00:00+00:00,2026-01-26T00:00:00+00:00,2026-01-26T00:00:00+00:00,2026-02-02T00:00:00+00:00,1042.5099112287778,671.7992744284205,370.7106368003573,0,night,0,0.0,0,1,0,0,0,0,0,0,0,0,0,0,0,0,0,0,0,0,0,0,0,0,0,0,4,368.5853674459444,371.0950655588056,380.9392708019166,377.9953876609166,3,0.7071067811865476,0.7071067811865476,0,0,1,3.226123679444445,2.1618301728333336,2.568442849555556,5.751614257,18.347174637972223,18.33168606486112,18.29252755372222,18.577546874611112,0.0,0.0,0.0,0.0,-92.6715057865581,498.9221127995917,1431.48542243675,644.4667264569999,543,543,0.928766496210698,0.6035618213315554
A4,roll_03,rf,2026-01-30 04:00:00+00:00,2026-01-30 05:00:00+00:00,0,1,2025-12-08T00:00:00+00:00,2026-01-26T00:00:00+00:00,2026-01-26T00:00:00+00:00,2026-02-02T00:00:00+00:00,2043.280496847389,1704.9493030270355,338.3311938203533,0,night,0,0.0,0,1,0,0,0,0,0,0,0,0,0,0,0,0,0,0,0,0,0,0,0,0,0,0,4,1077.5376334153334,377.9953876609166,1044.109589464861,1042.5099112287778,4,0.5000000000000001,0.8660254037844386,0,0,1,3.499414719305556,2.4079966898333334,3.226123679444445,5.690614872888889,18.78404704663889,18.65893950025,18.347174637972223,18.699853914444443,0.0,0.0,0.0,0.0,-92.6715057865581,498.9221127995917,1431.48542243675,644.4667264569999,543,543,0.8638677030938448,0.9493043617224809
A4,roll_03,rf,2026-01-30 05:00:00+00:00,2026-01-30 06:00:00+00:00,0,1,2025-12-08T00:00:00+00:00,2026-01-26T00:00:00+00:00,2026-01-26T00:00:00+00:00,2026-02-02T00:00:00+00:00,2356.0469720826945,1987.728084268601,368.3188878140936,0,night,0,0.0,0,1,0,0,0,0,0,0,0,0,0,0,0,0,0,0,0,0,0,0,0,0,0,0,4,2595.650702010778,1042.5099112287778,2097.0978272491666,2043.280496847389,5,0.2588190451025207,0.9659258262890684,0,0,1,3.7577913895277777,2.3870737601111114,3.499414719305556,5.321339182305556,18.75169663830556,18.58098035247222,18.78404704663889,18.788275002444447,0.0,0.0,0.0,0.0,-92.6715057865581,498.9221127995917,1431.48542243675,644.4667264569999,543,543,0.9239726638170145,1.4346148710093771
A4,roll_03,rf,2026-01-30 06:00:00+00:00,2026-01-30 07:00:00+00:00,0,1,2025-12-08T00:00:00+00:00,2026-01-26T00:00:00+00:00,2026-01-26T00:00:00+00:00,2026-02-02T00:00:00+00:00,2415.724502125278,1914.9771163049493,500.7473858203287,0,night,0,0.0,0,1,0,0,0,0,0,0,0,0,0,0,0,0,0,0,0,0,0,0,0,0,0,0,4,2229.0674939791948,2043.280496847389,2101.717697546028,2356.0469720826945,6,6.123233995736766e-17,1.0,0,0,1,4.644791845444444,2.86016758225,3.7577913895277777,5.4229227490000005,18.553310034722223,18.59333267108333,18.75169663830556,18.46805462488889,0.0,0.0,0.0,0.0,-92.6715057865581,498.9221127995917,1431.48542243675,644.4667264569999,543,543,1.1894018653072864,1.5272147331786232
A4,roll_03,rf,2026-01-30 07:00:00+00:00,2026-01-30 08:00:00+00:00,0,1,2025-12-08T00:00:00+00:00,2026-01-26T00:00:00+00:00,2026-01-26T00:00:00+00:00,2026-02-02T00:00:00+00:00,2088.875723270194,1825.9011509304144,262.9745723397798,1,night,0,0.0,0,2,0,0,0,0,0,0,0,0,0,0,0,0,0,0,0,0,0,0,0,0,0,0,4,1956.5605310417773,2356.0469720826945,1866.4684684137776,2415.724502125278,7,-0.2588190451025206,0.9659258262890684,0,0,1,5.112628002777778,2.925855649944445,4.644791845444444,5.644273330472223,18.194770331416667,18.58286181677777,18.553310034722223,18.33773261380556,0.0,13.610436851555557,0.0,0.0,-92.6715057865581,498.9221127995917,1431.48542243675,644.4667264569999,543,543,0.7128288544492609,1.0200531289605788
A4,roll_03,rf,2026-01-30 08:00:00+00:00,2026-01-30 09:00:00+00:00,0,1,2025-12-08T00:00:00+00:00,2026-01-26T00:00:00+00:00,2026-01-26T00:00:00+00:00,2026-02-02T00:00:00+00:00,1376.5848081650277,1508.210209816092,-131.6254016510643,1,low,0,0.0,0,2,0,0,0,0,0,0,0,0,0,0,0,0,0,0,0,0,0,0,0,0,0,0,4,1820.3555307953327,2415.724502125278,1765.7431687797225,2088.875723270194,8,-0.4999999999999998,0.8660254037844387,0,0,1,5.971257494111111,3.784128624555555,5.112628002777778,6.577056710277778,17.925204983888886,18.901513842444444,18.194770331416667,18.68058624561111,110.06260566791669,145.74993311175,0.0,107.09455782583336,-92.6715057865581,498.9221127995917,1431.48542243675,644.4667264569999,543,543,0.07807610620007395,0.08518766294350409
A4,roll_03,rf,2026-01-30 09:00:00+00:00,2026-01-30 10:00:00+00:00,0,1,2025-12-08T00:00:00+00:00,2026-01-26T00:00:00+00:00,2026-01-26T00:00:00+00:00,2026-02-02T00:00:00+00:00,637.5708449115556,1306.3823594918836,-668.811514580328,1,med,0,0.0,0,2,0,0,0,0,0,0,0,0,0,0,0,0,0,0,0,0,0,0,0,0,0,0,4,2016.7762660696944,2088.875723270194,1253.1664777410554,1376.5848081650277,9,-0.7071067811865475,0.7071067811865476,0,0,1,6.401175342055556,4.780561090416667,5.971257494111111,7.120698170944444,18.61396918244445,18.886623428750003,17.925204983888886,18.200570424222224,454.6492470125556,232.31283958127776,110.06260566791669,173.80403361816664,-92.6715057865581,498.9221127995917,1431.48542243675,644.4667264569999,543,543,1.154769439985105,1.2318938200111498
A4,roll_03,rf,2026-01-30 10:00:00+00:00,2026-01-30 11:00:00+00:00,0,1,2025-12-08T00:00:00+00:00,2026-01-26T00:00:00+00:00,2026-01-26T00:00:00+00:00,2026-02-02T00:00:00+00:00,-1038.640299738972,741.2842741243844,-1779.9245738633565,1,high,0,0.0,0,2,0,0,0,0,0,0,0,0,0,0,0,0,0,0,0,0,0,0,0,0,0,0,4,1936.420994131,1376.5848081650277,948.2308555061112,637.5708449115556,10,-0.8660254037844387,0.4999999999999999,0,0,1,6.918664744916666,5.483105661972222,6.401175342055556,7.047235797361111,19.34717694561112,18.61690110308333,18.61396918244445,18.18368814136112,1227.077606142361,231.00179334266667,454.6492470125556,95.93545610280556,-92.6715057865581,498.9221127995917,1431.48542243675,644.4667264569999,543,543,3.38179652653427,3.832821184974759
A4,roll_03,rf,2026-01-30 11:00:00+00:00,2026-01-30 12:00:00+00:00,0,1,2025-12-08T00:00:00+00:00,2026-01-26T00:00:00+00:00,2026-01-26T00:00:00+00:00,2026-02-02T00:00:00+00:00,338.58896643852773,-225.9679706547377,564.5569370932654,1,high,0,0.0,0,2,1,0,0,0,0,0,0,0,0,0,0,0,0,0,0,0,0,0,0,0,0,0,4,1576.1195596841944,637.5708449115556,1415.7808458588888,-1038.640299738972,11,-0.9659258262890682,0.258819045102521,0,0,1,9.024725996194444,6.005421360722223,6.918664744916666,7.484160413777777,18.99885653263889,18.975925773527777,19.34717694561112,18.45564459983333,1549.6980390854724,305.4964137123056,1227.077606142361,198.05782505847225,-92.6715057865581,498.9221127995917,1431.48542243675,644.4667264569999,543,543,1.3172966802211485,1.695815177311784
A4,roll_03,rf,2026-01-30 12:00:00+00:00,2026-01-30 13:00:00+00:00,0,1,2025-12-08T00:00:00+00:00,2026-01-26T00:00:00+00:00,2026-01-26T00:00:00+00:00,2026-02-02T00:00:00+00:00,-266.5041079402778,599.6754972396335,-866.1796051799113,1,med,0,0.0,0,3,0,0,0,0,0,0,0,0,0,0,0,0,0,0,0,0,0,0,0,0,0,0,4,1707.01032054225,-1038.640299738972,347.5551561380278,338.58896643852773,12,-1.0,1.2246467991473532e-16,0,0,1,10.370691970305556,6.755185106222222,9.024725996194444,8.72531020561111,18.922971791888887,18.9128849575,18.99885653263889,18.326656080611112,1116.10089140025,277.5941901626389,1549.6980390854724,591.8653806022222,-92.6715057865581,498.9221127995917,1431.48542243675,644.4667264569999,543,543,1.55035842178448,2.634720243373683
A4,roll_03,rf,2026-01-30 13:00:00+00:00,2026-01-30 14:00:00+00:00,0,1,2025-12-08T00:00:00+00:00,2026-01-26T00:00:00+00:00,2026-01-26T00:00:00+00:00,2026-02-02T00:00:00+00:00,376.1624140875,-23.953443444107137,400.1158575316072,1,med,0,0.0,0,3,1,0,0,0,0,0,0,0,0,0,0,0,0,0,0,0,0,0,0,0,0,0,4,2214.146590013028,338.58896643852773,-402.3519291878333,-266.5041079402778,13,-0.9659258262890684,-0.2588190451025208,0,0,1,10.433649848611113,6.862749878222222,10.370691970305556,9.603330588527776,18.62102286772222,22.81537184433333,18.922971791888887,18.84680833225,1047.2821290664722,104.38236414708336,1116.10089140025,1247.4635750589998,-92.6715057865581,498.9221127995917,1431.48542243675,644.4667264569999,543,543,0.987703993621364,1.637513567459038
A4,roll_03,rf,2026-01-30 14:00:00+00:00,2026-01-30 15:00:00+00:00,0,1,2025-12-08T00:00:00+00:00,2026-01-26T00:00:00+00:00,2026-01-26T00:00:00+00:00,2026-02-02T00:00:00+00:00,1082.7555175266666,904.8789269768258,177.87659054984078,1,med,0,0.0,0,2,0,0,0,0,0,0,0,0,0,0,0,0,0,0,0,0,0,0,0,0,0,0,4,2195.8262186153333,-266.5041079402778,1092.5960639581945,376.1624140875,14,-0.8660254037844388,-0.4999999999999997,0,0,1,9.447840296916668,5.7134238162777775,10.433649848611113,10.175281555083336,18.27117152236111,18.83056621691667,18.62102286772222,18.72012759377778,465.3144706611944,20.72892640275,1047.2821290664722,733.8672658107222,-92.6715057865581,498.9221127995917,1431.48542243675,644.4667264569999,543,543,0.5422651940966853,0.5411139017637885
A4,roll_03,rf,2026-01-30 15:00:00+00:00,2026-01-30 16:00:00+00:00,0,1,2025-12-08T00:00:00+00:00,2026-01-26T00:00:00+00:00,2026-01-26T00:00:00+00:00,2026-02-02T00:00:00+00:00,1956.864773614972,1386.27416488599,570.590608728982,1,low,0,0.0,0,2,0,0,0,0,0,0,0,0,0,0,0,0,0,0,0,0,0,0,0,0,0,0,4,2527.9803929520835,376.1624140875,462.4739155892223,1082.7555175266666,15,-0.7071067811865479,-0.7071067811865471,0,0,1,8.110878659944445,5.713572192777778,9.447840296916668,10.80456051886111,18.16102492311111,18.771297444972223,18.27117152236111,17.667633677111112,92.0250742933889,0.0,465.3144706611944,202.1270942708333,-92.6715057865581,498.9221127995917,1431.48542243675,644.4667264569999,543,543,1.32939009416478,0.8152156342756917
A4,roll_03,rf,2026-01-30 16:00:00+00:00,2026-01-30 17:00:00+00:00,0,1,2025-12-08T00:00:00+00:00,2026-01-26T00:00:00+00:00,2026-01-26T00:00:00+00:00,2026-02-02T00:00:00+00:00,2558.768179305,1505.907257262836,1052.8609220421642,0,night,0,0.0,0,2,0,0,0,0,0,0,0,0,0,0,0,0,0,0,0,0,0,0,0,0,0,0,4,2048.975809514583,1082.7555175266666,1737.4693776433332,1956.864773614972,16,-0.5000000000000004,-0.8660254037844385,0,0,1,7.078508756361111,5.802371368194444,8.110878659944445,8.926961661277778,18.30002895063889,18.720766871444443,18.16102492311111,17.675791429472223,0.0,0.0,92.0250742933889,0.0,-92.6715057865581,498.9221127995917,1431.48542243675,644.4667264569999,543,543,2.296014545037539,1.749171385566427
A4,roll_03,rf,2026-01-30 17:00:00+00:00,2026-01-30 18:00:00+00:00,0,1,2025-12-08T00:00:00+00:00,2026-01-26T00:00:00+00:00,2026-01-26T00:00:00+00:00,2026-02-02T00:00:00+00:00,1987.7934036818888,1761.2046178005485,226.5887858813403,0,night,0,0.0,0,2,0,0,0,0,0,0,0,0,0,0,0,0,0,0,0,0,0,0,0,0,0,0,4,1253.307754251361,1956.864773614972,2296.247373537611,2558.768179305,17,-0.2588190451025206,-0.9659258262890684,0,0,1,6.466590966111112,5.091072229027778,7.078508756361111,7.060031861138889,17.670263042972223,17.994156679944442,18.30002895063889,18.15538444622222,0.0,0.0,0.0,0.0,-92.6715057865581,498.9221127995917,1431.48542243675,644.4667264569999,543,543,0.6399000635117965,0.8632066767876133
A4,roll_03,rf,2026-01-30 18:00:00+00:00,2026-01-30 19:00:00+00:00,0,1,2025-12-08T00:00:00+00:00,2026-01-26T00:00:00+00:00,2026-01-26T00:00:00+00:00,2026-02-02T00:00:00+00:00,1676.7119280521667,1815.3309696884771,-138.6190416363106,0,night,0,0.0,0,2,0,0,0,0,0,0,0,0,0,0,0,0,0,0,0,0,0,0,0,0,0,0,4,2022.5164028016115,2558.768179305,773.5572774640833,1987.7934036818888,18,-1.8369701987210287e-16,-1.0,0,0,1,5.544694557833334,4.711612085277777,6.466590966111112,5.613281186583333,17.869562911861113,18.35074025972222,17.670263042972223,17.354192048527775,0.0,0.0,0.0,0.0,-92.6715057865581,498.9221127995917,1431.48542243675,644.4667264569999,543,543,0.09209360473507182,0.3805107316611461
A4,roll_03,rf,2026-01-30 19:00:00+00:00,2026-01-30 20:00:00+00:00,0,1,2025-12-08T00:00:00+00:00,2026-01-26T00:00:00+00:00,2026-01-26T00:00:00+00:00,2026-02-02T00:00:00+00:00,1399.5987402705557,1415.594810114341,-15.996069843785335,0,night,0,0.0,0,1,0,0,0,0,0,0,0,0,0,0,0,0,0,0,0,0,0,0,0,0,0,0,4,1067.3991769345832,1987.7934036818888,2461.1030846526387,1676.7119280521667,19,0.2588190451025203,-0.9659258262890684,0,0,1,4.983116204916667,3.980250340583333,5.544694557833334,4.914927927388889,17.935109248,17.935994839722223,17.869562911861113,18.053897769944445,0.0,0.0,0.0,0.0,-92.6715057865581,498.9221127995917,1431.48542243675,644.4667264569999,543,543,0.1536821759863988,0.04947762368042417
A4,roll_03,rf,2026-01-30 20:00:00+00:00,2026-01-30 21:00:00+00:00,0,1,2025-12-08T00:00:00+00:00,2026-01-26T00:00:00+00:00,2026-01-26T00:00:00+00:00,2026-02-02T00:00:00+00:00,1395.9087899032777,1054.2215300568012,341.68725984647654,0,night,0,0.0,0,2,0,0,0,0,0,0,0,0,0,0,0,0,0,0,0,0,0,0,0,0,0,0,4,1046.436184157472,1676.7119280521667,738.0341406504722,1399.5987402705557,20,0.5000000000000001,-0.8660254037844386,0,0,1,5.276358198666666,3.866209152527778,4.983116204916667,4.190135806277778,18.03674184022222,17.69838866127778,17.935109248,17.800593456972223,0.0,0.0,0.0,0.0,-92.6715057865581,498.9221127995917,1431.48542243675,644.4667264569999,543,543,0.8705943362496522,0.05520321076785034
A4,roll_03,rf,2026-01-30 21:00:00+00:00,2026-01-30 22:00:00+00:00,0,1,2025-12-08T00:00:00+00:00,2026-01-26T00:00:00+00:00,2026-01-26T00:00:00+00:00,2026-02-02T00:00:00+00:00,617.2218638224722,954.7698678229802,-337.54800400050806,0,night,0,0.0,0,2,0,0,0,0,0,0,0,0,0,0,0,0,0,0,0,0,0,0,0,0,0,0,4,602.2876708927778,1399.5987402705557,1046.6185902225832,1395.9087899032777,21,0.7071067811865474,-0.7071067811865477,0,0,1,5.081265362833333,3.869637564888889,5.276358198666666,3.735040379,17.717666968083332,18.29812389511111,18.03674184022222,17.774244155,0.0,0.0,0.0,0.0,-92.6715057865581,498.9221127995917,1431.48542243675,644.4667264569999,543,543,0.4908110743776806,1.2634687334298043
A4,roll_03,rf,2026-01-31 00:00:00+00:00,2026-01-31 01:00:00+00:00,0,1,2025-12-08T00:00:00+00:00,2026-01-26T00:00:00+00:00,2026-01-26T00:00:00+00:00,2026-02-02T00:00:00+00:00,560.2704962234167,533.4358757144299,26.834620508986745,0,night,0,0.0,0,1,0,0,0,0,0,0,0,0,0,0,0,0,0,0,0,0,0,0,0,0,0,0,5,405.1807272819444,560.833410557,372.9620775262778,568.5592018373611,0,1.0,0.0,0,1,1,4.703963593666667,3.7605419066388888,4.713329532638888,2.6865080302222224,18.44129268458333,18.3607900945,18.05467717175,18.659629830333333,0.0,0.0,0.0,0.0,-92.6715057865581,498.9221127995917,1431.48542243675,644.4667264569999,543,543,0.23952862226322763,1.3518384897896858
A4,roll_03,rf,2026-01-31 01:00:00+00:00,2026-01-31 02:00:00+00:00,0,1,2025-12-08T00:00:00+00:00,2026-01-26T00:00:00+00:00,2026-01-26T00:00:00+00:00,2026-02-02T00:00:00+00:00,565.4011130005833,502.11210717331227,63.28900582727107,0,night,0,0.0,0,1,0,0,0,0,0,0,0,0,0,0,0,0,0,0,0,0,0,0,0,0,0,0,5,403.1378216736112,568.5592018373611,407.8405305781389,560.2704962234167,1,0.9659258262890684,0.2588190451025207,0,1,1,4.574595359027778,3.594426555777778,4.703963593666667,2.6168204326944444,18.31030418486112,18.35504471088889,18.44129268458333,18.54276345536111,0.0,0.0,0.0,0.0,-92.6715057865581,498.9221127995917,1431.48542243675,644.4667264569999,543,543,0.31259490732669887,1.3438774631508512
A4,roll_03,rf,2026-01-31 02:00:00+00:00,2026-01-31 03:00:00+00:00,0,1,2025-12-08T00:00:00+00:00,2026-01-26T00:00:00+00:00,2026-01-26T00:00:00+00:00,2026-02-02T00:00:00+00:00,568.1319450434166,537.7303756315381,30.40156941187854,0,night,0,0.0,0,1,0,0,0,0,0,0,0,0,0,0,0,0,0,0,0,0,0,0,0,0,0,0,5,404.9479621853611,560.2704962234167,371.0950655588056,565.4011130005833,2,0.8660254037844387,0.4999999999999999,0,1,1,4.697502777333333,3.4606973831944443,4.574595359027778,2.568442849555556,18.300521219944443,18.292189759527776,18.31030418486112,18.29252755372222,0.0,0.0,0.0,0.0,-92.6715057865581,498.9221127995917,1431.48542243675,644.4667264569999,543,543,0.24667793236872015,1.3396401116620533
A4,roll_03,rf,2026-01-31 06:00:00+00:00,2026-01-31 07:00:00+00:00,0,1,2025-12-08T00:00:00+00:00,2026-01-26T00:00:00+00:00,2026-01-26T00:00:00+00:00,2026-02-02T00:00:00+00:00,1020.5726502083334,1977.0968000008536,-956.5241497925202,0,night,0,0.0,0,2,0,0,0,0,0,0,0,0,0,0,0,0,0,0,0,0,0,0,0,0,0,0,5,1902.018428271,1973.961116742889,2356.0469720826945,2133.987086771556,6,6.123233995736766e-17,1.0,0,1,1,5.25389160675,3.9873673924166666,5.061477725916666,4.644791845444444,18.82857789311112,18.70620324358333,18.650027333527778,18.553310034722223,0.0,0.0,0.0,0.0,-92.6715057865581,498.9221127995917,1431.48542243675,644.4667264569999,543,543,1.7314378774647672,0.6376012218465301
A4,roll_03,rf,2026-01-31 07:00:00+00:00,2026-01-31 08:00:00+00:00,0,1,2025-12-08T00:00:00+00:00,2026-01-26T00:00:00+00:00,2026-01-26T00:00:00+00:00,2026-02-02T00:00:00+00:00,419.2874801181944,1571.6402382932654,-1152.352758175071,1,night,0,0.0,0,2,0,0,0,0,0,0,0,0,0,0,0,0,0,0,0,0,0,0,0,0,0,0,5,2166.76233965375,2133.987086771556,2415.724502125278,1020.5726502083334,7,-0.2588190451025206,0.9659258262890684,0,1,1,5.424044650305555,4.151625831166666,5.25389160675,5.112628002777778,18.197251676277777,18.29483151783333,18.82857789311112,18.194770331416667,0.0,0.0,0.0,0.0,-92.6715057865581,498.9221127995917,1431.48542243675,644.4667264569999,543,543,2.1239412429373887,1.57059767520223
A4,roll_03,rf,2026-01-31 08:00:00+00:00,2026-01-31 09:00:00+00:00,0,1,2025-12-08T00:00:00+00:00,2026-01-26T00:00:00+00:00,2026-01-26T00:00:00+00:00,2026-02-02T00:00:00+00:00,250.3521221068889,924.1532034235424,-673.8010813166536,1,low,0,0.0,0,2,0,0,0,0,0,0,0,0,0,0,0,0,0,0,0,0,0,0,0,0,0,0,5,2056.1787956731946,1020.5726502083334,2088.875723270194,419.2874801181944,8,-0.4999999999999998,0.8660254037844387,0,1,1,6.129296162111111,4.314655074888889,5.424044650305555,5.971257494111111,17.893700756944444,17.905425590777778,18.197251676277777,17.925204983888886,98.26437011297224,0.0,0.0,110.06260566791669,-92.6715057865581,498.9221127995917,1431.48542243675,644.4667264569999,543,543,1.164770132695091,1.8327296846234755
A4,roll_03,rf,2026-01-31 09:00:00+00:00,2026-01-31 10:00:00+00:00,0,1,2025-12-08T00:00:00+00:00,2026-01-26T00:00:00+00:00,2026-01-26T00:00:00+00:00,2026-02-02T00:00:00+00:00,334.93582907008334,792.7008570727002,-457.7650280026168,1,low,0,0.0,0,2,0,0,0,0,0,0,0,0,0,0,0,0,0,0,0,0,0,0,0,0,0,0,5,2110.409867789389,419.2874801181944,1376.5848081650277,250.3521221068889,9,-0.7071067811865475,0.7071067811865476,0,1,1,6.980553941499999,4.542731538305556,6.129296162111111,6.401175342055556,18.21654997936111,18.436193536916665,17.893700756944444,18.61396918244445,249.34129817261112,114.76844990783331,98.26437011297224,454.6492470125556,-92.6715057865581,498.9221127995917,1431.48542243675,644.4667264569999,543,543,0.731764563746066,1.7014836427553417
A4,roll_03,rf,2026-01-31 10:00:00+00:00,2026-01-31 11:00:00+00:00,0,1,2025-12-08T00:00:00+00:00,2026-01-26T00:00:00+00:00,2026-01-26T00:00:00+00:00,2026-02-02T00:00:00+00:00,-25.482023055444444,671.7238389585217,-697.2058620139661,1,low,0,0.0,0,2,0,0,0,0,0,0,0,0,0,0,0,0,0,0,0,0,0,0,0,0,0,0,5,3130.832139515,250.3521221068889,637.5708449115556,334.93582907008334,10,-0.8660254037844387,0.4999999999999999,0,1,1,7.7654809172777775,5.048194792888889,6.980553941499999,6.918664744916666,18.19416112413889,18.769674477888888,18.21654997936111,19.34717694561112,250.70677482605552,411.0483259695556,249.34129817261112,1227.077606142361,-92.6715057865581,498.9221127995917,1431.48542243675,644.4667264569999,543,543,1.2116808229549028,2.2607333872797017
A4,roll_03,rf,2026-01-31 11:00:00+00:00,2026-01-31 12:00:00+00:00,0,1,2025-12-08T00:00:00+00:00,2026-01-26T00:00:00+00:00,2026-01-26T00:00:00+00:00,2026-02-02T00:00:00+00:00,-362.59401059927774,-183.2293447970696,-179.36466580220818,1,med,0,0.0,0,2,1,0,0,0,0,0,0,0,0,0,0,0,0,0,0,0,0,0,0,0,0,0,5,385.99203080291664,334.93582907008334,-1038.640299738972,-25.482023055444444,11,-0.9659258262890682,0.258819045102521,0,1,1,8.519014925166667,6.944681730611111,7.7654809172777775,9.024725996194444,18.472632186222224,19.6631947345,18.19416112413889,18.99885653263889,612.0282062237222,1596.5776119012498,250.70677482605552,1549.6980390854724,-92.6715057865581,498.9221127995917,1431.48542243675,644.4667264569999,543,543,0.17376090935154284,2.783820109533199
A4,roll_03,rf,2026-01-31 12:00:00+00:00,2026-01-31 13:00:00+00:00,0,1,2025-12-08T00:00:00+00:00,2026-01-26T00:00:00+00:00,2026-01-26T00:00:00+00:00,2026-02-02T00:00:00+00:00,-31.184125589083333,-18.42112765411864,-12.762997934964694,1,med,0,0.0,0,2,1,0,0,0,0,0,0,0,0,0,0,0,0,0,0,0,0,0,0,0,0,0,5,1016.1453970060834,-25.482023055444444,338.58896643852773,-362.59401059927774,12,-1.0,1.2246467991473532e-16,0,1,1,9.44202883811111,8.35612550725,8.519014925166667,10.370691970305556,18.927687698194443,18.378112199194447,18.472632186222224,18.922971791888887,951.2261224310834,407.66865748083336,612.0282062237222,1116.10089140025,-92.6715057865581,498.9221127995917,1431.48542243675,644.4667264569999,543,543,0.16016228946679553,2.2695811715012186
A4,roll_03,rf,2026-01-31 13:00:00+00:00,2026-01-31 14:00:00+00:00,0,1,2025-12-08T00:00:00+00:00,2026-01-26T00:00:00+00:00,2026-01-26T00:00:00+00:00,2026-02-02T00:00:00+00:00,-90.87281389516666,-25.509631104626283,-65.36318279054038,1,med,0,0.0,0,2,1,0,0,0,0,0,0,0,0,0,0,0,0,0,0,0,0,0,0,0,0,0,5,1064.5741736199725,-362.59401059927774,-266.5041079402778,-31.184125589083333,13,-0.9659258262890684,-0.2588190451025208,0,1,1,9.86314300127778,6.657871230416667,9.44202883811111,10.433649848611113,22.238324754305555,18.062944556944444,18.927687698194443,18.62102286772222,534.3037095073611,88.28240024077779,951.2261224310834,1047.2821290664722,-92.6715057865581,498.9221127995917,1431.48542243675,644.4667264569999,543,543,0.05473464153108604,2.362198347618636
A4,roll_03,rf,2026-01-31 14:00:00+00:00,2026-01-31 15:00:00+00:00,0,1,2025-12-08T00:00:00+00:00,2026-01-26T00:00:00+00:00,2026-01-26T00:00:00+00:00,2026-02-02T00:00:00+00:00,422.2890764387501,128.47547193783973,293.8136045009104,1,med,0,0.0,0,3,1,0,0,0,0,0,0,0,0,0,0,0,0,0,0,0,0,0,0,0,0,0,5,1858.781012173056,-31.184125589083333,376.1624140875,-90.87281389516666,14,-0.8660254037844388,-0.4999999999999997,0,1,1,10.303680118944444,6.097375211722222,9.86314300127778,9.447840296916668,18.43448147455556,18.00922708483333,22.238324754305555,18.27117152236111,583.7794679558612,0.0,534.3037095073611,465.3144706611944,-92.6715057865581,498.9221127995917,1431.48542243675,644.4667264569999,543,543,0.7746401700233175,1.5659401867744611
A4,roll_03,rf,2026-01-31 15:00:00+00:00,2026-01-31 16:00:00+00:00,0,1,2025-12-08T00:00:00+00:00,2026-01-26T00:00:00+00:00,2026-01-26T00:00:00+00:00,2026-02-02T00:00:00+00:00,514.5742918275556,843.2953005634869,-328.72100873593126,1,low,0,0.0,0,2,0,0,0,0,0,0,0,0,0,0,0,0,0,0,0,0,0,0,0,0,0,0,5,1831.2616717653889,-90.87281389516666,1082.7555175266666,422.2890764387501,15,-0.7071067811865479,-0.7071067811865471,0,1,1,9.053904908055555,6.071665185777778,10.303680118944444,8.110878659944445,17.928356537861113,17.677323049111113,18.43448147455556,18.16102492311111,94.08787515758333,0.0,583.7794679558612,92.0250742933889,-92.6715057865581,498.9221127995917,1431.48542243675,644.4667264569999,543,543,0.4731189436059134,1.4227439415685217
A4,roll_03,rf,2026-01-31 16:00:00+00:00,2026-01-31 17:00:00+00:00,0,1,2025-12-08T00:00:00+00:00,2026-01-26T00:00:00+00:00,2026-01-26T00:00:00+00:00,2026-02-02T00:00:00+00:00,555.1924943127777,856.8613189154294,-301.6688246026516,0,night,0,0.0,0,2,0,0,0,0,0,0,0,0,0,0,0,0,0,0,0,0,0,0,0,0,0,0,5,1060.0596002008333,422.2890764387501,1956.864773614972,514.5742918275556,16,-0.5000000000000004,-0.8660254037844385,0,1,1,7.789694033361112,6.566483526611111,9.053904908055555,7.078508756361111,17.82899920875,17.72403060438889,17.928356537861113,18.30002895063889,0.0,0.0,94.08787515758333,0.0,-92.6715057865581,498.9221127995917,1431.48542243675,644.4667264569999,543,543,0.4188976865413943,1.3597178754928945
A4,roll_03,rf,2026-01-31 17:00:00+00:00,2026-01-31 18:00:00+00:00,0,1,2025-12-08T00:00:00+00:00,2026-01-26T00:00:00+00:00,2026-01-26T00:00:00+00:00,2026-02-02T00:00:00+00:00,563.0741589198611,832.9614690870957,-269.88731016723455,0,night,0,0.0,0,2,0,0,0,0,0,0,0,0,0,0,0,0,0,0,0,0,0,0,0,0,0,0,5,992.9213029867224,514.5742918275556,2558.768179305,555.1924943127777,17,-0.2588190451025206,-0.9659258262890684,0,1,1,6.755247698277778,6.089130444527778,7.789694033361112,6.466590966111112,17.967200165388892,17.830043843416664,17.82899920875,17.670263042972223,0.0,0.0,0.0,0.0,-92.6715057865581,498.9221127995917,1431.48542243675,644.4667264569999,543,543,0.3551973340814039,1.3474881291250511
A4,roll_03,rf,2026-01-31 18:00:00+00:00,2026-01-31 19:00:00+00:00,0,1,2025-12-08T00:00:00+00:00,2026-01-26T00:00:00+00:00,2026-01-26T00:00:00+00:00,2026-02-02T00:00:00+00:00,532.8345183753889,870.3582965253885,-337.52377814999954,0,night,0,0.0,0,2,0,0,0,0,0,0,0,0,0,0,0,0,0,0,0,0,0,0,0,0,0,0,5,1541.1415699855834,555.1924943127777,1987.7934036818888,563.0741589198611,18,-1.8369701987210287e-16,-1.0,0,1,1,5.767976541222222,5.9999975540833335,6.755247698277778,5.544694557833334,17.834140197916668,18.11549999886111,17.967200165388892,17.869562911861113,0.0,0.0,0.0,0.0,-92.6715057865581,498.9221127995917,1431.48542243675,644.4667264569999,543,543,0.49076251800006776,1.3944100869283913
A4,roll_03,rf,2026-02-01 07:00:00+00:00,2026-02-01 08:00:00+00:00,0,1,2025-12-08T00:00:00+00:00,2026-01-26T00:00:00+00:00,2026-01-26T00:00:00+00:00,2026-02-02T00:00:00+00:00,1089.2109433604444,1065.5516749727055,23.659268387738848,1,night,0,0.0,0,1,0,0,0,0,0,0,0,0,0,0,0,0,0,0,0,0,0,0,0,0,0,0,6,2231.1363579284443,1160.5435193141388,1020.5726502083334,691.6709654138334,7,-0.2588190451025206,0.9659258262890684,0,1,2,4.237392116472222,4.933367505611112,3.8328786741666665,5.424044650305555,17.88786849641667,18.55700058877778,18.61053815477777,18.197251676277777,0.0,0.0,0.0,0.0,-92.6715057865581,498.9221127995917,1431.48542243675,644.4667264569999,543,543,0.23316419775730604,0.5310972080094547
A4,roll_03,rf,2026-02-01 08:00:00+00:00,2026-02-01 09:00:00+00:00,0,1,2025-12-08T00:00:00+00:00,2026-01-26T00:00:00+00:00,2026-01-26T00:00:00+00:00,2026-02-02T00:00:00+00:00,303.2054646118889,1411.4603193959151,-1108.2548547840263,1,low,0,0.0,0,2,0,0,0,0,0,0,0,0,0,0,0,0,0,0,0,0,0,0,0,0,0,0,6,2238.324116505972,691.6709654138334,419.2874801181944,1089.2109433604444,8,-0.4999999999999998,0.8660254037844387,0,1,2,5.01099208125,4.832365699444444,4.237392116472222,6.129296162111111,18.566264010416667,18.49024153463889,17.88786849641667,17.893700756944444,106.04772709316669,0.0,0.0,98.26437011297224,-92.6715057865581,498.9221127995917,1431.48542243675,644.4667264569999,543,543,2.035554895129313,1.7507187128614967
A4,roll_03,rf,2026-02-01 09:00:00+00:00,2026-02-01 10:00:00+00:00,0,1,2025-12-08T00:00:00+00:00,2026-01-26T00:00:00+00:00,2026-01-26T00:00:00+00:00,2026-02-02T00:00:00+00:00,306.5586802728889,712.0927512479417,-405.5340709750528,1,low,0,0.0,0,2,0,0,0,0,0,0,0,0,0,0,0,0,0,0,0,0,0,0,0,0,0,0,6,2327.768168646222,1089.2109433604444,250.3521221068889,303.2054646118889,9,-0.7071067811865475,0.7071067811865476,0,1,2,5.626684347805555,4.46485140163889,5.01099208125,6.980553941499999,18.47450458186111,18.60976037316667,18.566264010416667,18.21654997936111,248.01824049366667,20.07319077258333,106.04772709316669,249.34129817261112,-92.6715057865581,498.9221127995917,1431.48542243675,644.4667264569999,543,543,0.6270769668494652,1.745515627080118
A4,roll_03,rf,2026-02-01 10:00:00+00:00,2026-02-01 11:00:00+00:00,0,1,2025-12-08T00:00:00+00:00,2026-01-26T00:00:00+00:00,2026-01-26T00:00:00+00:00,2026-02-02T00:00:00+00:00,298.92543760088887,577.0437457190026,-278.1183081181137,1,low,0,0.0,0,2,0,0,0,0,0,0,0,0,0,0,0,0,0,0,0,0,0,0,0,0,0,0,6,3079.3561128761667,303.2054646118889,334.93582907008334,306.5586802728889,10,-0.8660254037844387,0.4999999999999999,0,1,2,6.359563082472222,4.6137414355,5.626684347805555,7.7654809172777775,18.573064382416668,18.23413413661111,18.47450458186111,18.19416112413889,301.1109472033611,79.55278716463889,248.01824049366667,250.70677482605552,-92.6715057865581,498.9221127995917,1431.48542243675,644.4667264569999,543,543,0.3716948950026722,1.757359904462698
A4,roll_03,rf,2026-02-01 11:00:00+00:00,2026-02-01 12:00:00+00:00,0,1,2025-12-08T00:00:00+00:00,2026-01-26T00:00:00+00:00,2026-01-26T00:00:00+00:00,2026-02-02T00:00:00+00:00,73.55411946638888,498.49342311236177,-424.93930364597287,1,low,0,0.0,0,2,0,0,0,0,0,0,0,0,0,0,0,0,0,0,0,0,0,0,0,0,0,0,6,1060.977643347722,306.5586802728889,-25.482023055444444,298.92543760088887,11,-0.9659258262890682,0.258819045102521,0,1,2,6.701555503277778,5.1184929485833335,6.359563082472222,8.519014925166667,18.641836500222222,18.24494905780556,18.573064382416668,18.472632186222224,264.21803932213885,220.18301505319445,301.1109472033611,612.0282062237222,-92.6715057865581,498.9221127995917,1431.48542243675,644.4667264569999,543,543,0.6659712795549733,2.10706192767419
A4,roll_03,rf,2026-02-01 12:00:00+00:00,2026-02-01 13:00:00+00:00,0,1,2025-12-08T00:00:00+00:00,2026-01-26T00:00:00+00:00,2026-01-26T00:00:00+00:00,2026-02-02T00:00:00+00:00,151.58054217927778,224.3409054803464,-72.76036330106862,1,med,0,0.0,0,2,0,0,0,0,0,0,0,0,0,0,0,0,0,0,0,0,0,0,0,0,0,0,6,1745.3068945306666,298.92543760088887,-362.59401059927774,73.55411946638888,12,-1.0,1.2246467991473532e-16,0,1,2,6.799436887527777,6.667484349638889,6.701555503277778,9.44202883811111,18.791125845166665,19.08982180188889,18.641836500222222,18.927687698194443,435.7445417964166,527.3673956102779,264.21803932213885,951.2261224310834,-92.6715057865581,498.9221127995917,1431.48542243675,644.4667264569999,543,543,0.03990831830195395,1.98599063025928
A4,roll_03,rf,2026-02-01 13:00:00+00:00,2026-02-01 14:00:00+00:00,0,1,2025-12-08T00:00:00+00:00,2026-01-26T00:00:00+00:00,2026-01-26T00:00:00+00:00,2026-02-02T00:00:00+00:00,1336.6438164391946,574.0911944086698,762.5526220305247,1,med,0,0.0,0,2,0,0,0,0,0,0,0,0,0,0,0,0,0,0,0,0,0,0,0,0,0,0,6,906.8727746182224,73.55411946638888,-31.184125589083333,151.58054217927778,13,-0.9659258262890684,-0.2588190451025208,0,1,2,8.563500269777778,7.015248214916667,6.799436887527777,9.86314300127778,19.11458533352777,18.02789201130556,18.791125845166665,22.238324754305555,910.9197011827224,212.62666984819444,435.7445417964166,534.3037095073611,-92.6715057865581,498.9221127995917,1431.48542243675,644.4667264569999,543,543,1.7141435624454102,0.1471629210695697
A4,roll_03,rf,2026-02-01 14:00:00+00:00,2026-02-01 15:00:00+00:00,0,1,2025-12-08T00:00:00+00:00,2026-01-26T00:00:00+00:00,2026-01-26T00:00:00+00:00,2026-02-02T00:00:00+00:00,1896.0841900744165,1067.925786001479,828.1584040729374,1,med,0,0.0,0,2,0,0,0,0,0,0,0,0,0,0,0,0,0,0,0,0,0,0,0,0,0,0,6,1490.25308828425,151.58054217927778,-90.87281389516666,1336.6438164391946,14,-0.8660254037844388,-0.4999999999999997,0,1,2,9.976889929027775,7.1463404341666665,8.563500269777778,10.303680118944444,19.289118039166667,18.02865631725,19.11458533352777,18.43448147455556,639.4901448136667,125.078570753,910.9197011827224,583.7794679558612,-92.6715057865581,498.9221127995917,1431.48542243675,644.4667264569999,543,543,1.8456386001663887,0.7209041965468568
A4,roll_03,rf,2026-02-01 15:00:00+00:00,2026-02-01 16:00:00+00:00,0,1,2025-12-08T00:00:00+00:00,2026-01-26T00:00:00+00:00,2026-01-26T00:00:00+00:00,2026-02-02T00:00:00+00:00,2484.501672130778,1735.91707779379,748.584594336988,1,low,0,0.0,0,2,0,0,0,0,0,0,0,0,0,0,0,0,0,0,0,0,0,0,0,0,0,0,6,924.6930943503612,1336.6438164391946,422.2890764387501,1896.0841900744165,15,-0.7071067811865479,-0.7071067811865471,0,1,2,9.471447134777778,6.817918164777777,9.976889929027775,9.053904908055555,18.72145362119445,17.959508398916665,19.289118039166667,17.928356537861113,146.96965613394443,0.0,639.4901448136667,94.08787515758333,-92.6715057865581,498.9221127995917,1431.48542243675,644.4667264569999,543,543,1.686147153115789,1.6339342381305813
A4,roll_03,rf,2026-02-01 16:00:00+00:00,2026-02-01 17:00:00+00:00,0,1,2025-12-08T00:00:00+00:00,2026-01-26T00:00:00+00:00,2026-01-26T00:00:00+00:00,2026-02-02T00:00:00+00:00,2486.544613380472,1813.3934936762355,673.1511197042366,0,night,0,0.0,0,2,0,0,0,0,0,0,0,0,0,0,0,0,0,0,0,0,0,0,0,0,0,0,6,1936.265559235028,1896.0841900744165,514.5742918275556,2484.501672130778,16,-0.5000000000000004,-0.8660254037844385,0,1,2,7.681018360972222,6.112700724861111,9.471447134777778,7.789694033361112,18.355588006666668,18.36010683186112,18.72145362119445,17.82899920875,0.0,0.0,146.96965613394443,0.0,-92.6715057865581,498.9221127995917,1431.48542243675,644.4667264569999,543,543,1.5349542660948612,1.6371042097766357
A4,roll_03,rf,2026-02-01 17:00:00+00:00,2026-02-01 18:00:00+00:00,0,1,2025-12-08T00:00:00+00:00,2026-01-26T00:00:00+00:00,2026-01-26T00:00:00+00:00,2026-02-02T00:00:00+00:00,2612.5492478209444,1999.993002184499,612.5562456364455,0,night,0,0.0,0,2,0,0,0,0,0,0,0,0,0,0,0,0,0,0,0,0,0,0,0,0,0,0,6,1053.6913190111388,2484.501672130778,555.1924943127777,2486.544613380472,17,-0.2588190451025206,-0.9659258262890684,0,1,2,6.242695821472222,5.021550218833333,7.681018360972222,6.755247698277778,18.471300794,17.625167409194443,18.355588006666668,17.967200165388892,0.0,0.0,0.0,0.0,-92.6715057865581,498.9221127995917,1431.48542243675,644.4667264569999,543,543,1.41350269577304,1.8326218824006226
A4,roll_03,rf,2026-02-01 18:00:00+00:00,2026-02-01 19:00:00+00:00,0,1,2025-12-08T00:00:00+00:00,2026-01-26T00:00:00+00:00,2026-01-26T00:00:00+00:00,2026-02-02T00:00:00+00:00,3017.157618471861,2039.9399038354195,977.2177146364417,0,night,0,0.0,0,2,0,0,0,0,0,0,0,0,0,0,0,0,0,0,0,0,0,0,0,0,0,0,6,1042.3809986754163,2486.544613380472,563.0741589198611,2612.5492478209444,18,-1.8369701987210287e-16,-1.0,0,1,2,5.216167870194445,4.227878578694444,6.242695821472222,5.767976541222222,18.42057814105556,17.660656862222222,18.471300794,17.834140197916668,0.0,0.0,0.0,0.0,-92.6715057865581,498.9221127995917,1431.48542243675,644.4667264569999,543,543,2.1444012862439625,2.460440750374271
