dataset_id,split_id,model_name,ts_utc,ts_target_utc,is_train_split,is_test_split,train_start_utc,train_end_utc,test_start_utc,test_end_utc,y_true_t_plus_1,yhat_t_plus_1,residual_t_plus_1,is_daylight,pv_regime,pool_on,pool_on_lag_1h,pool_switch,temp_bin,flag_grid_exporting,imputed_any,imputed_count,gaplen_demand_h,gaplen_pv_h,gaplen_pool_h,gaplen_temp_h,pv_imputed_interp,pv_imputed_ffill_night_ok,pv_imputed_fallback_zero,pv_imputed_any,flag_demand_imputed,flag_pv_imputed,flag_pool_imputed,flag_temp_imputed,flag_demand_imputed_new,flag_pv_imputed_new,flag_pool_imputed_new,flag_temp_imputed_new,demand_imputed_any,pool_imputed_any,temp_imputed_any,day_of_week,demand_lag_168h,demand_lag_1h,demand_lag_24h,demand_w,hour,hour_cos,hour_sin,is_holiday_it,is_weekend,month,median_r_cal,mad_r_cal,median_y_cal,mad_y_cal,n_resid_cal,n_y_cal,anomaly_score,z_raw
B2,roll_03,mlr,2026-01-25 23:00:00+00:00,2026-01-26 00:00:00+00:00,0,1,2025-12-08T00:00:00+00:00,2026-01-26T00:00:00+00:00,2026-01-26T00:00:00+00:00,2026-02-02T00:00:00+00:00,369.4281183008611,325.0542330818133,44.37388521904779,0,night,0,0.0,0,1,0,0,0,0,0,0,0,0,0,0,0,0,0,0,0,0,0,0,0,0,0,0,6,371.8011446672778,367.5400825782778,430.99813492583326,401.8299940770556,23,0.965925826289068,-0.2588190451025215,0,1,1,-169.37931517299307,363.9176662198315,1053.0844672548474,684.0517259136807,840,840,0.5873669245364942,0.9994220072185823
B2,roll_03,mlr,2026-01-26 00:00:00+00:00,2026-01-26 01:00:00+00:00,0,1,2025-12-08T00:00:00+00:00,2026-01-26T00:00:00+00:00,2026-01-26T00:00:00+00:00,2026-02-02T00:00:00+00:00,418.7639288361667,765.4728045812595,-346.7088757450928,0,night,0,0.0,0,1,0,0,0,0,0,0,0,0,0,0,0,0,0,0,0,0,0,0,0,0,0,0,0,368.0171135468333,401.8299940770556,377.7188413770555,369.4281183008611,0,1.0,0.0,0,0,1,-169.37931517299307,363.9176662198315,1053.0844672548474,684.0517259136807,840,840,0.48727934099517,0.9272990833718391
B2,roll_03,mlr,2026-01-26 01:00:00+00:00,2026-01-26 02:00:00+00:00,0,1,2025-12-08T00:00:00+00:00,2026-01-26T00:00:00+00:00,2026-01-26T00:00:00+00:00,2026-02-02T00:00:00+00:00,391.5396551361389,758.4112970672945,-366.8716419311557,0,night,0,0.0,0,1,0,0,0,0,0,0,0,0,0,0,0,0,0,0,0,0,0,0,0,0,0,0,0,370.43651664125,369.4281183008611,364.4423996903056,418.7639288361667,1,0.9659258262890684,0.2588190451025207,0,0,1,-169.37931517299307,363.9176662198315,1053.0844672548474,684.0517259136807,840,840,0.5426840878861416,0.9670976434349172
B2,roll_03,mlr,2026-01-26 02:00:00+00:00,2026-01-26 03:00:00+00:00,0,1,2025-12-08T00:00:00+00:00,2026-01-26T00:00:00+00:00,2026-01-26T00:00:00+00:00,2026-02-02T00:00:00+00:00,371.4401780996666,718.658242672934,-347.2180645732674,0,night,0,0.0,0,1,0,0,0,0,0,0,0,0,0,0,0,0,0,0,0,0,0,0,0,0,0,0,0,382.0239495386389,418.7639288361667,384.5271624152222,391.5396551361389,2,0.8660254037844387,0.4999999999999999,0,0,1,-169.37931517299307,363.9176662198315,1053.0844672548474,684.0517259136807,840,840,0.48867852788670985,0.9964806217610455
B2,roll_03,mlr,2026-01-26 03:00:00+00:00,2026-01-26 04:00:00+00:00,0,1,2025-12-08T00:00:00+00:00,2026-01-26T00:00:00+00:00,2026-01-26T00:00:00+00:00,2026-02-02T00:00:00+00:00,1028.218939733639,676.2567037696117,351.9622359640273,0,night,0,0.0,0,1,0,1,1,0,1,0,0,1,0,0,1,0,1,0,0,0,1,0,0,0,0,0,0,368.1878588306667,391.5396551361389,395.30640441158334,371.4401780996666,3,0.7071067811865476,0.7071067811865476,0,0,1,-169.37931517299307,363.9176662198315,1053.0844672548474,684.0517259136807,840,840,1.4325810465658841,0.03635036149933801
B2,roll_03,mlr,2026-01-26 04:00:00+00:00,2026-01-26 05:00:00+00:00,0,1,2025-12-08T00:00:00+00:00,2026-01-26T00:00:00+00:00,2026-01-26T00:00:00+00:00,2026-02-02T00:00:00+00:00,2114.055589798917,1092.3515532835556,1021.7040365153614,0,night,0,0.0,0,1,0,0,0,0,0,0,0,0,0,0,0,0,0,0,0,0,0,0,0,0,0,0,0,956.6022458266112,371.4401780996666,963.782436518,1028.218939733639,4,0.5000000000000001,0.8660254037844386,0,0,1,-169.37931517299307,363.9176662198315,1053.0844672548474,684.0517259136807,840,840,3.272947323664297,1.5510100806001794
B2,roll_03,mlr,2026-01-26 05:00:00+00:00,2026-01-26 06:00:00+00:00,0,1,2025-12-08T00:00:00+00:00,2026-01-26T00:00:00+00:00,2026-01-26T00:00:00+00:00,2026-02-02T00:00:00+00:00,2600.770309974528,1877.564223578384,723.2060863961442,0,night,0,0.0,0,1,0,0,0,0,0,0,0,0,0,0,0,0,0,0,0,0,0,0,0,0,0,0,0,2097.5119466174724,1028.218939733639,1696.815230154389,2114.055589798917,5,0.2588190451025207,0.9659258262890684,0,0,1,-169.37931517299307,363.9176662198315,1053.0844672548474,684.0517259136807,840,840,2.452712479833155,2.2625275020722344
B2,roll_03,mlr,2026-01-26 06:00:00+00:00,2026-01-26 07:00:00+00:00,0,1,2025-12-08T00:00:00+00:00,2026-01-26T00:00:00+00:00,2026-01-26T00:00:00+00:00,2026-02-02T00:00:00+00:00,2010.6085535996945,2311.581906572564,-300.9733529728692,0,night,0,0.0,0,1,0,0,0,0,0,0,0,0,0,0,0,0,0,0,0,0,0,0,0,0,0,0,0,2207.624277541472,2114.055589798917,1659.7306816588614,2600.770309974528,6,6.123233995736766e-17,1.0,0,0,1,-169.37931517299307,363.9176662198315,1053.0844672548474,684.0517259136807,840,840,0.3616038736640616,1.3997831597689374
B2,roll_03,mlr,2026-01-26 07:00:00+00:00,2026-01-26 08:00:00+00:00,0,1,2025-12-08T00:00:00+00:00,2026-01-26T00:00:00+00:00,2026-01-26T00:00:00+00:00,2026-02-02T00:00:00+00:00,1665.4681254328334,2044.5964933398384,-379.1283679070052,1,low,0,0.0,0,1,0,0,0,0,0,0,0,0,0,0,0,0,0,0,0,0,0,0,0,0,0,0,0,743.501432477222,2600.770309974528,2231.1363579284443,2010.6085535996945,7,-0.2588190451025206,0.9659258262890684,0,0,1,-169.37931517299307,363.9176662198315,1053.0844672548474,684.0517259136807,840,840,0.5763640301191346,0.8952300461782062
B2,roll_03,mlr,2026-01-26 08:00:00+00:00,2026-01-26 09:00:00+00:00,0,1,2025-12-08T00:00:00+00:00,2026-01-26T00:00:00+00:00,2026-01-26T00:00:00+00:00,2026-02-02T00:00:00+00:00,1007.3270680508888,1731.3276709922384,-724.0006029413496,1,low,0,0.0,0,1,0,0,0,0,0,0,0,0,0,0,0,0,0,0,0,0,0,0,0,0,0,0,0,1602.210022772833,2010.6085535996945,2238.324116505972,1665.4681254328334,8,-0.4999999999999998,0.8660254037844387,0,0,1,-169.37931517299307,363.9176662198315,1053.0844672548474,684.0517259136807,840,840,1.5240295793536078,0.06689172393043949
B2,roll_03,mlr,2026-01-26 09:00:00+00:00,2026-01-26 10:00:00+00:00,0,1,2025-12-08T00:00:00+00:00,2026-01-26T00:00:00+00:00,2026-01-26T00:00:00+00:00,2026-02-02T00:00:00+00:00,-569.4865977234444,1283.5670941696026,-1853.053691893047,1,med,0,0.0,0,2,0,0,0,0,0,0,0,0,0,0,0,0,0,0,0,0,0,0,0,0,0,0,0,401.86281383952775,1665.4681254328334,2327.768168646222,1007.3270680508888,9,-0.7071067811865475,0.7071067811865476,0,0,1,-169.37931517299307,363.9176662198315,1053.0844672548474,684.0517259136807,840,840,4.626525538617292,2.372000542518975
B2,roll_03,mlr,2026-01-26 10:00:00+00:00,2026-01-26 11:00:00+00:00,0,1,2025-12-08T00:00:00+00:00,2026-01-26T00:00:00+00:00,2026-01-26T00:00:00+00:00,2026-02-02T00:00:00+00:00,-741.4332030484165,149.11301089167011,-890.5462139400867,1,high,0,0.0,0,2,1,0,0,0,0,0,0,0,0,0,0,0,0,0,0,0,0,0,0,0,0,0,0,799.5036943302779,1007.3270680508888,3079.3561128761667,-569.4865977234444,10,-0.8660254037844387,0.4999999999999999,0,0,1,-169.37931517299307,363.9176662198315,1053.0844672548474,684.0517259136807,840,840,1.9816759825324302,2.6233654595437876
B2,roll_03,mlr,2026-01-26 11:00:00+00:00,2026-01-26 12:00:00+00:00,0,1,2025-12-08T00:00:00+00:00,2026-01-26T00:00:00+00:00,2026-01-26T00:00:00+00:00,2026-02-02T00:00:00+00:00,-1079.799870834083,-295.8407127423926,-783.9591580916905,1,high,0,0.0,0,2,1,0,0,0,0,0,0,0,0,0,0,0,0,0,0,0,0,0,0,0,0,0,0,764.1083921755,-569.4865977234444,1060.977643347722,-741.4332030484165,11,-0.9659258262890682,0.258819045102521,0,0,1,-169.37931517299307,363.9176662198315,1053.0844672548474,684.0517259136807,840,840,1.688788151733883,3.1180161635292407
B2,roll_03,mlr,2026-01-26 12:00:00+00:00,2026-01-26 13:00:00+00:00,0,1,2025-12-08T00:00:00+00:00,2026-01-26T00:00:00+00:00,2026-01-26T00:00:00+00:00,2026-02-02T00:00:00+00:00,94.50215176250003,-488.0984294311927,582.6005811936927,1,high,0,0.0,0,2,1,0,0,0,0,0,0,0,0,0,0,0,0,0,0,0,0,0,0,0,0,0,0,135.93812644077775,-741.4332030484165,1745.3068945306666,-1079.799870834083,12,-1.0,1.2246467991473532e-16,0,0,1,-169.37931517299307,363.9176662198315,1053.0844672548474,684.0517259136807,840,840,2.0663462265457535,1.4013301614172218
B2,roll_03,mlr,2026-01-26 13:00:00+00:00,2026-01-26 14:00:00+00:00,0,1,2025-12-08T00:00:00+00:00,2026-01-26T00:00:00+00:00,2026-01-26T00:00:00+00:00,2026-02-02T00:00:00+00:00,-184.2188756273056,238.61545653904696,-422.83433216635257,1,high,0,0.0,0,3,0,0,0,0,0,0,0,0,0,0,0,0,0,0,0,0,0,0,0,0,0,0,0,227.14875664072224,-1079.799870834083,906.8727746182224,94.50215176250003,13,-0.9659258262890684,-0.2588190451025208,0,0,1,-169.37931517299307,363.9176662198315,1053.0844672548474,684.0517259136807,840,840,0.6964625257853106,1.8087862306457891
B2,roll_03,mlr,2026-01-26 14:00:00+00:00,2026-01-26 15:00:00+00:00,0,1,2025-12-08T00:00:00+00:00,2026-01-26T00:00:00+00:00,2026-01-26T00:00:00+00:00,2026-02-02T00:00:00+00:00,297.8340901346389,138.1884278634716,159.64566227116734,1,med,0,0.0,0,3,1,0,0,0,0,0,0,0,0,0,0,0,0,0,0,0,0,0,0,0,0,0,0,1951.074940760889,94.50215176250003,1490.25308828425,-184.2188756273056,14,-0.8660254037844388,-0.4999999999999997,0,0,1,-169.37931517299307,363.9176662198315,1053.0844672548474,684.0517259136807,840,840,0.9041192774780176,1.104083724240924
B2,roll_03,mlr,2026-01-26 15:00:00+00:00,2026-01-26 16:00:00+00:00,0,1,2025-12-08T00:00:00+00:00,2026-01-26T00:00:00+00:00,2026-01-26T00:00:00+00:00,2026-02-02T00:00:00+00:00,931.8924169395276,460.6731596189828,471.2192573205448,1,low,0,0.0,0,3,0,0,0,0,0,0,0,0,0,0,0,0,0,0,0,0,0,0,0,0,0,0,0,806.2876032480555,-184.2188756273056,924.6930943503612,297.8340901346389,15,-0.7071067811865479,-0.7071067811865471,0,0,1,-169.37931517299307,363.9176662198315,1053.0844672548474,684.0517259136807,840,840,1.7602843498852618,0.17716796219386013
B2,roll_03,mlr,2026-01-26 16:00:00+00:00,2026-01-26 17:00:00+00:00,0,1,2025-12-08T00:00:00+00:00,2026-01-26T00:00:00+00:00,2026-01-26T00:00:00+00:00,2026-02-02T00:00:00+00:00,2682.2788242863057,970.6782741465622,1711.6005501397435,0,night,0,0.0,0,2,0,0,0,0,0,0,0,0,0,0,0,0,0,0,0,0,0,0,0,0,0,0,0,738.6692789706944,297.8340901346389,1936.265559235028,931.8924169395276,16,-0.5000000000000004,-0.8660254037844385,0,0,1,-169.37931517299307,363.9176662198315,1053.0844672548474,684.0517259136807,840,840,5.168696218711444,2.381682985822981
B2,roll_03,mlr,2026-01-26 17:00:00+00:00,2026-01-26 18:00:00+00:00,0,1,2025-12-08T00:00:00+00:00,2026-01-26T00:00:00+00:00,2026-01-26T00:00:00+00:00,2026-02-02T00:00:00+00:00,1447.201125872611,2072.424684489889,-625.2235586172778,0,night,0,0.0,0,2,0,0,0,0,0,0,0,0,0,0,0,0,0,0,0,0,0,0,0,0,0,0,0,1883.6500829357776,931.8924169395276,1053.6913190111388,2682.2788242863057,17,-0.2588190451025206,-0.9659258262890684,0,0,1,-169.37931517299307,363.9176662198315,1053.0844672548474,684.0517259136807,840,840,1.252602678455635,0.5761503753116715
B2,roll_03,mlr,2026-01-26 18:00:00+00:00,2026-01-26 19:00:00+00:00,0,1,2025-12-08T00:00:00+00:00,2026-01-26T00:00:00+00:00,2026-01-26T00:00:00+00:00,2026-02-02T00:00:00+00:00,1800.8310691792778,1512.4653653770215,288.3657038022561,0,night,0,0.0,0,2,0,0,0,0,0,0,0,0,0,0,0,0,0,0,0,0,0,0,0,0,0,0,0,1098.2935032161668,2682.2788242863057,1042.3809986754163,1447.201125872611,18,-1.8369701987210287e-16,-1.0,0,0,1,-169.37931517299307,363.9176662198315,1053.0844672548474,684.0517259136807,840,840,1.257825770675116,1.0931141222188618
B2,roll_03,mlr,2026-01-26 19:00:00+00:00,2026-01-26 20:00:00+00:00,0,1,2025-12-08T00:00:00+00:00,2026-01-26T00:00:00+00:00,2026-01-26T00:00:00+00:00,2026-02-02T00:00:00+00:00,1879.5046675005,1530.0462873356228,349.4583801648773,0,night,0,0.0,0,2,0,0,0,0,0,0,0,0,0,0,0,0,0,0,0,0,0,0,0,0,0,0,0,1096.4852710823889,1447.201125872611,849.7813898698611,1800.8310691792778,19,0.2588190451025203,-0.9659258262890684,0,0,1,-169.37931517299307,363.9176662198315,1053.0844672548474,684.0517259136807,840,840,1.4257007655804663,1.2081253053514514
B2,roll_03,mlr,2026-01-26 20:00:00+00:00,2026-01-26 21:00:00+00:00,0,1,2025-12-08T00:00:00+00:00,2026-01-26T00:00:00+00:00,2026-01-26T00:00:00+00:00,2026-02-02T00:00:00+00:00,982.8754678472778,1591.7503933865987,-608.8749255393209,0,night,0,0.0,0,1,0,0,0,0,0,0,0,0,0,0,0,0,0,0,0,0,0,0,0,0,0,0,0,852.2087300646944,1800.8310691792778,739.4192231492499,1879.5046675005,20,0.5000000000000001,-0.8660254037844386,0,0,1,-169.37931517299307,363.9176662198315,1053.0844672548474,684.0517259136807,840,840,1.2076786898848761,0.10263697429283161
B2,roll_03,mlr,2026-01-26 21:00:00+00:00,2026-01-26 22:00:00+00:00,0,1,2025-12-08T00:00:00+00:00,2026-01-26T00:00:00+00:00,2026-01-26T00:00:00+00:00,2026-02-02T00:00:00+00:00,411.4689791798889,996.92256792823,-585.4535887483412,0,night,0,0.0,0,1,0,0,0,0,0,0,0,0,0,0,0,0,0,0,0,0,0,0,0,0,0,0,0,568.0186646560555,1879.5046675005,575.8166761095833,982.8754678472778,21,0.7071067811865474,-0.7071067811865477,0,0,1,-169.37931517299307,363.9176662198315,1053.0844672548474,684.0517259136807,840,840,1.1433198005947047,0.9379634079834523
B2,roll_03,mlr,2026-01-26 22:00:00+00:00,2026-01-26 23:00:00+00:00,0,1,2025-12-08T00:00:00+00:00,2026-01-26T00:00:00+00:00,2026-01-26T00:00:00+00:00,2026-02-02T00:00:00+00:00,370.9779513775556,470.2164725369565,-99.23852115940092,0,night,0,0.0,0,1,0,0,0,0,0,0,0,0,0,0,0,0,0,0,0,0,0,0,0,0,0,0,0,461.19813976011113,982.8754678472778,367.5400825782778,411.4689791798889,22,0.8660254037844384,-0.5000000000000004,0,0,1,-169.37931517299307,363.9176662198315,1053.0844672548474,684.0517259136807,840,840,0.1927380848041113,0.9971563407229318
B2,roll_03,mlr,2026-01-26 23:00:00+00:00,2026-01-27 00:00:00+00:00,0,1,2025-12-08T00:00:00+00:00,2026-01-26T00:00:00+00:00,2026-01-26T00:00:00+00:00,2026-02-02T00:00:00+00:00,389.13017225908334,335.8953996214461,53.23477263763726,0,night,0,0.0,0,1,0,0,0,0,0,0,0,0,0,0,0,0,0,0,0,0,0,0,0,0,0,0,0,356.1728901926111,411.4689791798889,401.8299940770556,370.9779513775556,23,0.965925826289068,-0.2588190451025215,0,0,1,-169.37931517299307,363.9176662198315,1053.0844672548474,684.0517259136807,840,840,0.6117155292927055,0.9706200128490682
B2,roll_03,mlr,2026-01-27 00:00:00+00:00,2026-01-27 01:00:00+00:00,0,1,2025-12-08T00:00:00+00:00,2026-01-26T00:00:00+00:00,2026-01-26T00:00:00+00:00,2026-02-02T00:00:00+00:00,376.84390502849993,786.3123998873914,-409.46849485889146,0,night,0,0.0,0,1,0,0,0,0,0,0,0,0,0,0,0,0,0,0,0,0,0,0,0,0,0,0,1,357.6195414715833,370.9779513775556,369.4281183008611,389.13017225908334,0,1.0,0.0,0,0,1,-169.37931517299307,363.9176662198315,1053.0844672548474,684.0517259136807,840,840,0.6597348850354186,0.9885810335806113
B2,roll_03,mlr,2026-01-27 01:00:00+00:00,2026-01-27 02:00:00+00:00,0,1,2025-12-08T00:00:00+00:00,2026-01-26T00:00:00+00:00,2026-01-26T00:00:00+00:00,2026-02-02T00:00:00+00:00,378.1934371171667,750.7293941468174,-372.5359570296507,0,night,0,0.0,0,1,0,1,1,0,3,0,0,0,1,0,1,0,1,0,0,0,1,0,0,0,0,0,1,383.7339380009167,389.13017225908334,418.7639288361667,376.84390502849993,1,0.9659258262890684,0.2588190451025207,0,0,1,-169.37931517299307,363.9176662198315,1053.0844672548474,684.0517259136807,840,840,0.5582489137362651,0.9866081826432582
B2,roll_03,mlr,2026-01-27 02:00:00+00:00,2026-01-27 03:00:00+00:00,0,1,2025-12-08T00:00:00+00:00,2026-01-26T00:00:00+00:00,2026-01-26T00:00:00+00:00,2026-02-02T00:00:00+00:00,391.1898017904167,718.2091878932007,-327.019386102784,0,night,0,0.0,0,1,0,1,1,0,3,0,0,0,1,0,1,0,1,0,0,0,1,0,0,0,0,0,1,363.2547627211111,376.84390502849993,391.5396551361389,378.1934371171667,2,0.8660254037844387,0.4999999999999999,0,0,1,-169.37931517299307,363.9176662198315,1053.0844672548474,684.0517259136807,840,840,0.4331750985525538,0.9676090862578337
B2,roll_03,mlr,2026-01-27 03:00:00+00:00,2026-01-27 04:00:00+00:00,0,1,2025-12-08T00:00:00+00:00,2026-01-26T00:00:00+00:00,2026-01-26T00:00:00+00:00,2026-02-02T00:00:00+00:00,949.6719199514168,698.4513274417216,251.22059250969528,0,night,0,0.0,0,1,0,1,1,0,3,0,0,0,1,0,1,0,1,0,0,0,1,0,0,0,0,0,1,365.0164142213889,378.1934371171667,371.4401780996666,391.1898017904167,3,0.7071067811865476,0.7071067811865476,0,0,1,-169.37931517299307,363.9176662198315,1053.0844672548474,684.0517259136807,840,840,1.1557556742205992,0.15117650228175872
B2,roll_03,mlr,2026-01-27 04:00:00+00:00,2026-01-27 05:00:00+00:00,0,1,2025-12-08T00:00:00+00:00,2026-01-26T00:00:00+00:00,2026-01-26T00:00:00+00:00,2026-02-02T00:00:00+00:00,1868.492211110528,1061.4466451968424,807.0455659136856,0,night,0,0.0,0,1,0,0,0,0,0,0,0,0,0,0,0,0,0,0,0,0,0,0,0,0,0,0,1,1039.7831993372222,391.1898017904167,1028.218939733639,949.6719199514168,4,0.5000000000000001,0.8660254037844386,0,0,1,-169.37931517299307,363.9176662198315,1053.0844672548474,684.0517259136807,840,840,2.683092830389966,1.192026440349301
B2,roll_03,mlr,2026-01-27 05:00:00+00:00,2026-01-27 06:00:00+00:00,0,1,2025-12-08T00:00:00+00:00,2026-01-26T00:00:00+00:00,2026-01-26T00:00:00+00:00,2026-02-02T00:00:00+00:00,1857.5546669058888,1751.6365615650218,105.918105340867,0,night,0,0.0,0,1,0,0,0,0,0,0,0,0,0,0,0,0,0,0,0,0,0,0,0,0,0,0,1,1994.0688999676115,949.6719199514168,2114.055589798917,1868.492211110528,5,0.2588190451025207,0.9659258262890684,0,0,1,-169.37931517299307,363.9176662198315,1053.0844672548474,684.0517259136807,840,840,0.7564827049301897,1.1760370878043163
B2,roll_03,mlr,2026-01-27 06:00:00+00:00,2026-01-27 07:00:00+00:00,0,1,2025-12-08T00:00:00+00:00,2026-01-26T00:00:00+00:00,2026-01-26T00:00:00+00:00,2026-02-02T00:00:00+00:00,1526.8297823245,1882.223693437028,-355.39391111252803,0,night,0,0.0,0,1,0,0,0,0,0,0,0,0,0,0,0,0,0,0,0,0,0,0,0,0,0,0,1,2029.167694873528,1868.492211110528,2600.770309974528,1857.5546669058888,6,6.123233995736766e-17,1.0,0,0,1,-169.37931517299307,363.9176662198315,1053.0844672548474,684.0517259136807,840,840,0.5111447264205339,0.6925577366782841
B2,roll_03,mlr,2026-01-27 07:00:00+00:00,2026-01-27 08:00:00+00:00,0,1,2025-12-08T00:00:00+00:00,2026-01-26T00:00:00+00:00,2026-01-26T00:00:00+00:00,2026-02-02T00:00:00+00:00,1412.669924658583,1625.2697985629889,-212.5998739044057,1,low,0,0.0,0,1,0,0,0,0,0,0,0,0,0,0,0,0,0,0,0,0,0,0,0,0,0,0,1,2071.0094555605,1857.5546669058888,2010.6085535996945,1526.8297823245,7,-0.2588190451025206,0.9659258262890684,0,0,1,-169.37931517299307,363.9176662198315,1053.0844672548474,684.0517259136807,840,840,0.11876466229398279,0.5256699804732474
B2,roll_03,mlr,2026-01-27 08:00:00+00:00,2026-01-27 09:00:00+00:00,0,1,2025-12-08T00:00:00+00:00,2026-01-26T00:00:00+00:00,2026-01-26T00:00:00+00:00,2026-02-02T00:00:00+00:00,1534.4343933593334,1482.1655992596584,52.268794099675006,1,med,0,0.0,0,1,0,0,0,0,0,0,0,0,0,0,0,0,0,0,0,0,0,0,0,0,0,0,1,1907.5549124286945,1526.8297823245,1665.4681254328334,1412.669924658583,8,-0.4999999999999998,0.8660254037844387,0,0,1,-169.37931517299307,363.9176662198315,1053.0844672548474,684.0517259136807,840,840,0.6090611417000494,0.7036747483701645
B2,roll_03,mlr,2026-01-27 09:00:00+00:00,2026-01-27 10:00:00+00:00,0,1,2025-12-08T00:00:00+00:00,2026-01-26T00:00:00+00:00,2026-01-26T00:00:00+00:00,2026-02-02T00:00:00+00:00,1156.7474213855278,1511.3777740560065,-354.6303526704785,1,med,0,0.0,0,1,0,0,0,0,0,0,0,0,0,0,0,0,0,0,0,0,0,0,0,0,0,0,1,720.9783473233889,1412.669924658583,1007.3270680508888,1534.4343933593334,9,-0.7071067811865475,0.7071067811865476,0,0,1,-169.37931517299307,363.9176662198315,1053.0844672548474,684.0517259136807,840,840,0.5090465638059487,0.15154256645170933
B2,roll_03,mlr,2026-01-27 10:00:00+00:00,2026-01-27 11:00:00+00:00,0,1,2025-12-08T00:00:00+00:00,2026-01-26T00:00:00+00:00,2026-01-26T00:00:00+00:00,2026-02-02T00:00:00+00:00,339.89285018286114,1196.630784880795,-856.737934697934,1,med,0,0.0,0,2,0,0,0,0,0,0,0,0,0,0,0,0,0,0,0,0,0,0,0,0,0,0,1,151.7976551743889,1534.4343933593334,-569.4865977234444,1156.7474213855278,10,-0.8660254037844387,0.4999999999999999,0,0,1,-169.37931517299307,363.9176662198315,1053.0844672548474,684.0517259136807,840,840,1.8887750810913604,1.0425989586085522
B2,roll_03,mlr,2026-01-27 11:00:00+00:00,2026-01-27 12:00:00+00:00,0,1,2025-12-08T00:00:00+00:00,2026-01-26T00:00:00+00:00,2026-01-26T00:00:00+00:00,2026-02-02T00:00:00+00:00,1030.8584088937498,610.427797609249,420.43061128450086,1,med,0,0.0,0,2,0,0,0,0,0,0,0,0,0,0,0,0,0,0,0,0,0,0,0,0,0,0,1,787.0186959797501,1156.7474213855278,-741.4332030484165,339.89285018286114,11,-0.9659258262890682,0.258819045102521,0,0,1,-169.37931517299307,363.9176662198315,1053.0844672548474,684.0517259136807,840,840,1.6207235350350038,0.03249178025449822
B2,roll_03,mlr,2026-01-27 12:00:00+00:00,2026-01-27 13:00:00+00:00,0,1,2025-12-08T00:00:00+00:00,2026-01-26T00:00:00+00:00,2026-01-26T00:00:00+00:00,2026-02-02T00:00:00+00:00,1307.5905215424166,921.6800570234924,385.9104645189241,1,low,0,0.0,0,2,0,0,0,0,0,0,0,0,0,0,0,0,0,0,0,0,0,0,0,0,0,0,1,-140.12853059388888,339.89285018286114,-1079.799870834083,1030.8584088937498,12,-1.0,1.2246467991473532e-16,0,0,1,-169.37931517299307,363.9176662198315,1053.0844672548474,684.0517259136807,840,840,1.5258665111258534,0.3720567387614265
B2,roll_03,mlr,2026-01-27 13:00:00+00:00,2026-01-27 14:00:00+00:00,0,1,2025-12-08T00:00:00+00:00,2026-01-26T00:00:00+00:00,2026-01-26T00:00:00+00:00,2026-02-02T00:00:00+00:00,899.1258070269446,1251.1268278192376,-352.00102079229305,1,low,0,0.0,0,2,0,0,0,0,0,0,0,0,0,0,0,0,0,0,0,0,0,0,0,0,0,0,1,90.30469802694444,1030.8584088937498,94.50215176250003,1307.5905215424166,13,-0.9659258262890684,-0.2588190451025208,0,0,1,-169.37931517299307,363.9176662198315,1053.0844672548474,684.0517259136807,840,840,0.5018214903284849,0.22506874026560172
B2,roll_03,mlr,2026-01-27 14:00:00+00:00,2026-01-27 15:00:00+00:00,0,1,2025-12-08T00:00:00+00:00,2026-01-26T00:00:00+00:00,2026-01-26T00:00:00+00:00,2026-02-02T00:00:00+00:00,1560.9848600250834,989.0077868215624,571.9770732035212,1,low,0,0.0,0,2,0,0,0,0,0,0,0,0,0,0,0,0,0,0,0,0,0,0,0,0,0,0,1,1579.226911155389,1307.5905215424166,-184.2188756273056,899.1258070269446,14,-0.8660254037844388,-0.4999999999999997,0,0,1,-169.37931517299307,363.9176662198315,1053.0844672548474,684.0517259136807,840,840,2.0371541620314844,0.7424882849200313
B2,roll_03,mlr,2026-01-27 15:00:00+00:00,2026-01-27 16:00:00+00:00,0,1,2025-12-08T00:00:00+00:00,2026-01-26T00:00:00+00:00,2026-01-26T00:00:00+00:00,2026-02-02T00:00:00+00:00,1794.9346924112222,1369.0194795573566,425.9152128538656,1,night,0,0.0,0,2,0,0,0,0,0,0,0,0,0,0,0,0,0,0,0,0,0,0,0,0,0,0,1,1514.7609178625555,899.1258070269446,297.8340901346389,1560.9848600250834,15,-0.7071067811865479,-0.7071067811865471,0,0,1,-169.37931517299307,363.9176662198315,1053.0844672548474,684.0517259136807,840,840,1.6357945306982142,1.0844943401984597
B2,roll_03,mlr,2026-01-27 16:00:00+00:00,2026-01-27 17:00:00+00:00,0,1,2025-12-08T00:00:00+00:00,2026-01-26T00:00:00+00:00,2026-01-26T00:00:00+00:00,2026-02-02T00:00:00+00:00,843.3756644045833,1630.878997112197,-787.503332707614,0,night,0,0.0,0,2,0,0,0,0,0,0,0,0,0,0,0,0,0,0,0,0,0,0,0,0,0,0,1,1201.4197669487778,1560.9848600250834,931.8924169395276,1794.9346924112222,16,-0.5000000000000004,-0.8660254037844385,0,0,1,-169.37931517299307,363.9176662198315,1053.0844672548474,684.0517259136807,840,840,1.698527098053083,0.30656863349063
B2,roll_03,mlr,2026-01-27 17:00:00+00:00,2026-01-27 18:00:00+00:00,0,1,2025-12-08T00:00:00+00:00,2026-01-26T00:00:00+00:00,2026-01-26T00:00:00+00:00,2026-02-02T00:00:00+00:00,973.197521312722,1153.3002060422734,-180.10268472955147,0,night,0,0.0,0,2,0,0,0,0,0,0,0,0,0,0,0,0,0,0,0,0,0,0,0,0,0,0,1,753.0024936381111,1794.9346924112222,2682.2788242863057,843.3756644045833,17,-0.2588190451025206,-0.9659258262890684,0,0,1,-169.37931517299307,363.9176662198315,1053.0844672548474,684.0517259136807,840,840,0.02946647154546418,0.11678494902621765
B2,roll_03,mlr,2026-01-27 18:00:00+00:00,2026-01-27 19:00:00+00:00,0,1,2025-12-08T00:00:00+00:00,2026-01-26T00:00:00+00:00,2026-01-26T00:00:00+00:00,2026-02-02T00:00:00+00:00,1523.8945169891667,1005.2124903522616,518.682026636905,0,night,0,0.0,0,2,0,0,0,0,0,0,0,0,0,0,0,0,0,0,0,0,0,0,0,0,0,0,1,1059.3235259904168,843.3756644045833,1447.201125872611,973.197521312722,18,-1.8369701987210287e-16,-1.0,0,0,1,-169.37931517299307,363.9176662198315,1053.0844672548474,684.0517259136807,840,840,1.8907060735937489,0.6882667375854704
B2,roll_03,mlr,2026-01-27 19:00:00+00:00,2026-01-27 20:00:00+00:00,0,1,2025-12-08T00:00:00+00:00,2026-01-26T00:00:00+00:00,2026-01-26T00:00:00+00:00,2026-02-02T00:00:00+00:00,985.6768274591944,1348.284885239344,-362.6080577801496,0,night,0,0.0,0,2,0,0,0,0,0,0,0,0,0,0,0,0,0,0,0,0,0,0,0,0,0,0,1,2397.7932220235834,973.197521312722,1800.8310691792778,1523.8945169891667,19,0.2588190451025203,-0.9659258262890684,0,0,1,-169.37931517299307,363.9176662198315,1053.0844672548474,684.0517259136807,840,840,0.5309682945989023,0.09854172899807723
B2,roll_03,mlr,2026-01-27 20:00:00+00:00,2026-01-27 21:00:00+00:00,0,1,2025-12-08T00:00:00+00:00,2026-01-26T00:00:00+00:00,2026-01-26T00:00:00+00:00,2026-02-02T00:00:00+00:00,1010.58551608475,1069.1504343130905,-58.5649182283405,0,night,0,0.0,0,2,0,0,0,0,0,0,0,0,0,0,0,0,0,0,0,0,0,0,0,0,0,0,1,1239.3215171065278,1523.8945169891667,1879.5046675005,985.6768274591944,20,0.5000000000000001,-0.8660254037844386,0,0,1,-169.37931517299307,363.9176662198315,1053.0844672548474,684.0517259136807,840,840,0.30450403272731746,0.06212827124050008
B2,roll_03,mlr,2026-01-27 21:00:00+00:00,2026-01-27 22:00:00+00:00,0,1,2025-12-08T00:00:00+00:00,2026-01-26T00:00:00+00:00,2026-01-26T00:00:00+00:00,2026-02-02T00:00:00+00:00,469.4664131017777,926.373012697946,-456.9065995961682,0,night,0,0.0,0,2,0,0,0,0,0,0,0,0,0,0,0,0,0,0,0,0,0,0,0,0,0,0,1,1097.120321607,985.6768274591944,982.8754678472778,1010.58551608475,21,0.7071067811865474,-0.7071067811865477,0,0,1,-169.37931517299307,363.9176662198315,1053.0844672548474,684.0517259136807,840,840,0.790088833581079,0.853178249603182
B2,roll_03,mlr,2026-01-27 22:00:00+00:00,2026-01-27 23:00:00+00:00,0,1,2025-12-08T00:00:00+00:00,2026-01-26T00:00:00+00:00,2026-01-26T00:00:00+00:00,2026-02-02T00:00:00+00:00,1039.222492417361,525.2952795269746,513.9272128903865,0,night,0,0.0,0,2,0,0,0,0,0,0,0,0,0,0,0,0,0,0,0,0,0,0,0,0,0,0,1,532.8753846346667,1010.58551608475,411.4689791798889,469.4664131017777,22,0.8660254037844384,-0.5000000000000004,0,0,1,-169.37931517299307,363.9176662198315,1053.0844672548474,684.0517259136807,840,840,1.8776404431287352,0.020264512627273898
B2,roll_03,mlr,2026-01-27 23:00:00+00:00,2026-01-28 00:00:00+00:00,0,1,2025-12-08T00:00:00+00:00,2026-01-26T00:00:00+00:00,2026-01-26T00:00:00+00:00,2026-02-02T00:00:00+00:00,431.1445660605278,775.5824963543394,-344.4379302938116,0,night,0,0.0,0,2,0,0,0,0,0,0,0,0,0,0,0,0,0,0,0,0,0,0,0,0,0,0,1,374.928417115,469.4664131017777,370.9779513775556,1039.222492417361,23,0.965925826289068,-0.2588190451025215,0,0,1,-169.37931517299307,363.9176662198315,1053.0844672548474,684.0517259136807,840,840,0.48103906836737886,0.9092001052458439
B2,roll_03,mlr,2026-01-28 00:00:00+00:00,2026-01-28 01:00:00+00:00,0,1,2025-12-08T00:00:00+00:00,2026-01-26T00:00:00+00:00,2026-01-26T00:00:00+00:00,2026-02-02T00:00:00+00:00,417.8579242465556,916.3120587135654,-498.4541344670098,0,night,0,0.0,0,2,0,0,0,0,0,0,0,0,0,0,0,0,0,0,0,0,0,0,0,0,0,0,2,373.7627816694167,1039.222492417361,389.13017225908334,431.1445660605278,0,1.0,0.0,0,0,1,-169.37931517299307,363.9176662198315,1053.0844672548474,684.0517259136807,840,840,0.9042562366159842,0.9286235513254884
B2,roll_03,mlr,2026-01-28 01:00:00+00:00,2026-01-28 02:00:00+00:00,0,1,2025-12-08T00:00:00+00:00,2026-01-26T00:00:00+00:00,2026-01-26T00:00:00+00:00,2026-02-02T00:00:00+00:00,419.1348331130556,792.6330295624439,-373.4981964493883,0,night,0,0.0,0,2,0,0,0,0,0,0,0,0,0,0,0,0,0,0,0,0,0,0,0,0,0,0,2,382.08433273438885,431.1445660605278,376.84390502849993,417.8579242465556,1,0.9659258262890684,0.2588190451025207,0,0,1,-169.37931517299307,363.9176662198315,1053.0844672548474,684.0517259136807,840,840,0.5608930267020706,0.9267568666609706
B2,roll_03,mlr,2026-01-28 02:00:00+00:00,2026-01-28 03:00:00+00:00,0,1,2025-12-08T00:00:00+00:00,2026-01-26T00:00:00+00:00,2026-01-26T00:00:00+00:00,2026-02-02T00:00:00+00:00,421.2961618739444,761.620405871938,-340.3242439979936,0,night,0,0.0,0,2,0,1,1,0,1,0,0,1,0,0,1,0,1,0,0,0,1,0,0,0,0,0,2,365.3667726035,417.8579242465556,378.1934371171667,419.1348331130556,2,0.8660254037844387,0.4999999999999999,0,0,1,-169.37931517299307,363.9176662198315,1053.0844672548474,684.0517259136807,840,840,0.46973517554308,0.9235972682285539
B2,roll_03,mlr,2026-01-28 03:00:00+00:00,2026-01-28 04:00:00+00:00,0,1,2025-12-08T00:00:00+00:00,2026-01-26T00:00:00+00:00,2026-01-26T00:00:00+00:00,2026-02-02T00:00:00+00:00,1092.225752789,736.9751313675074,355.2506214214925,0,night,0,0.0,0,2,0,0,0,0,0,0,0,0,0,0,0,0,0,0,0,0,0,0,0,0,0,0,2,371.9783939987778,419.1348331130556,391.1898017904167,421.2961618739444,3,0.7071067811865476,0.7071067811865476,0,0,1,-169.37931517299307,363.9176662198315,1053.0844672548474,684.0517259136807,840,840,1.4416171164319698,0.057219774545370715
B2,roll_03,mlr,2026-01-28 04:00:00+00:00,2026-01-28 05:00:00+00:00,0,1,2025-12-08T00:00:00+00:00,2026-01-26T00:00:00+00:00,2026-01-26T00:00:00+00:00,2026-02-02T00:00:00+00:00,2035.0871509705555,1163.3892498196385,871.6979011509172,0,night,0,0.0,0,2,0,0,0,0,0,0,0,0,0,0,0,0,0,0,0,0,0,0,0,0,0,0,2,1049.641280434889,421.2961618739444,949.6719199514168,1092.225752789,4,0.5000000000000001,0.8660254037844386,0,0,1,-169.37931517299307,363.9176662198315,1053.0844672548474,684.0517259136807,840,840,2.860749320410918,1.435567876689526
B2,roll_03,mlr,2026-01-28 05:00:00+00:00,2026-01-28 06:00:00+00:00,0,1,2025-12-08T00:00:00+00:00,2026-01-26T00:00:00+00:00,2026-01-26T00:00:00+00:00,2026-02-02T00:00:00+00:00,2063.430210569112,1871.9265523614129,191.5036582076996,0,night,0,0.0,0,2,0,0,0,0,0,0,0,0,0,0,0,0,0,0,0,0,0,0,0,0,0,0,2,2165.628261214222,1092.225752789,1868.492211110528,2035.0871509705555,5,0.2588190451025207,0.9659258262890684,0,0,1,-169.37931517299307,363.9176662198315,1053.0844672548474,684.0517259136807,840,840,0.9916610455582947,1.4770019649680097
B2,roll_03,mlr,2026-01-28 06:00:00+00:00,2026-01-28 07:00:00+00:00,0,1,2025-12-08T00:00:00+00:00,2026-01-26T00:00:00+00:00,2026-01-26T00:00:00+00:00,2026-02-02T00:00:00+00:00,1837.9513309886668,2002.491109289666,-164.53977830099916,0,night,0,0.0,0,2,0,0,0,0,0,0,0,0,0,0,0,0,0,0,0,0,0,0,0,0,0,0,2,2007.6322741502224,2035.0871509705555,1857.5546669058888,2063.430210569112,6,6.123233995736766e-17,1.0,0,0,1,-169.37931517299307,363.9176662198315,1053.0844672548474,684.0517259136807,840,840,0.013298438963582763,1.147379407142758
B2,roll_03,mlr,2026-01-28 07:00:00+00:00,2026-01-28 08:00:00+00:00,0,1,2025-12-08T00:00:00+00:00,2026-01-26T00:00:00+00:00,2026-01-26T00:00:00+00:00,2026-02-02T00:00:00+00:00,1887.533959910028,1835.66854206958,51.865417840448345,1,night,0,0.0,0,2,0,0,0,0,0,0,0,0,0,0,0,0,0,0,0,0,0,0,0,0,0,0,2,1787.7926135424725,2063.430210569112,1526.8297823245,1837.9513309886668,7,-0.2588190451025206,0.9659258262890684,0,0,1,-169.37931517299307,363.9176662198315,1053.0844672548474,684.0517259136807,840,840,0.6079527144466634,1.2198631492971022
B2,roll_03,mlr,2026-01-28 08:00:00+00:00,2026-01-28 09:00:00+00:00,0,1,2025-12-08T00:00:00+00:00,2026-01-26T00:00:00+00:00,2026-01-26T00:00:00+00:00,2026-02-02T00:00:00+00:00,1927.4843435574169,1826.3043267571084,101.18001680030852,1,night,0,0.0,0,2,0,0,0,0,0,0,0,0,0,0,0,0,0,0,0,0,0,0,0,0,0,0,2,1396.283928898889,1837.9513309886668,1412.669924658583,1887.533959910028,8,-0.4999999999999998,0.8660254037844387,0,0,1,-169.37931517299307,363.9176662198315,1053.0844672548474,684.0517259136807,840,840,0.7434630332286891,1.2782657263741901
B2,roll_03,mlr,2026-01-28 09:00:00+00:00,2026-01-28 10:00:00+00:00,0,1,2025-12-08T00:00:00+00:00,2026-01-26T00:00:00+00:00,2026-01-26T00:00:00+00:00,2026-02-02T00:00:00+00:00,1864.801970357278,1864.313137500502,0.4888328567758435,1,low,0,0.0,0,2,0,0,0,0,0,0,0,0,0,0,0,0,0,0,0,0,0,0,0,0,0,0,2,1012.9496219223612,1887.533959910028,1534.4343933593334,1927.4843435574169,9,-0.7071067811865475,0.7071067811865476,0,0,1,-169.37931517299307,363.9176662198315,1053.0844672548474,684.0517259136807,840,840,0.4667763172759983,1.186631759488989
B2,roll_03,mlr,2026-01-28 10:00:00+00:00,2026-01-28 11:00:00+00:00,0,1,2025-12-08T00:00:00+00:00,2026-01-26T00:00:00+00:00,2026-01-26T00:00:00+00:00,2026-02-02T00:00:00+00:00,3141.5486331360003,1806.2070699564583,1335.341563179542,1,low,0,0.0,0,2,0,0,0,0,0,0,0,0,0,0,0,0,0,0,0,0,0,0,0,0,0,0,2,755.3586427439723,1927.4843435574169,1156.7474213855278,1864.801970357278,10,-0.8660254037844387,0.4999999999999999,0,0,1,-169.37931517299307,363.9176662198315,1053.0844672548474,684.0517259136807,840,840,4.13478382069965,3.053079301995201
B2,roll_03,mlr,2026-01-28 11:00:00+00:00,2026-01-28 12:00:00+00:00,0,1,2025-12-08T00:00:00+00:00,2026-01-26T00:00:00+00:00,2026-01-26T00:00:00+00:00,2026-02-02T00:00:00+00:00,3688.242951303472,2556.932157686388,1131.3107936170843,1,low,0,0.0,0,2,0,0,0,0,0,0,0,0,0,0,0,0,0,0,0,0,0,0,0,0,0,0,2,53.140800646916695,1864.801970357278,339.89285018286114,3141.5486331360003,11,-0.9659258262890682,0.258819045102521,0,0,1,-169.37931517299307,363.9176662198315,1053.0844672548474,684.0517259136807,840,840,3.5741329139112756,3.852279563404173
B2,roll_03,mlr,2026-01-28 12:00:00+00:00,2026-01-28 13:00:00+00:00,0,1,2025-12-08T00:00:00+00:00,2026-01-26T00:00:00+00:00,2026-01-26T00:00:00+00:00,2026-02-02T00:00:00+00:00,2978.0382318605,3118.9963869348903,-140.9581550743901,1,low,0,0.0,0,2,0,0,0,0,0,0,0,0,0,0,0,0,0,0,0,0,0,0,0,0,0,0,2,-768.0917536371389,3141.5486331360003,1030.8584088937498,3688.242951303472,12,-1.0,1.2246467991473532e-16,0,0,1,-169.37931517299307,363.9176662198315,1053.0844672548474,684.0517259136807,840,840,0.07809777522983623,2.814047083989902
B2,roll_03,mlr,2026-01-28 13:00:00+00:00,2026-01-28 14:00:00+00:00,0,1,2025-12-08T00:00:00+00:00,2026-01-26T00:00:00+00:00,2026-01-26T00:00:00+00:00,2026-02-02T00:00:00+00:00,3380.6789978081943,2742.1545231648206,638.5244746433737,1,low,0,0.0,0,2,0,0,0,0,0,0,0,0,0,0,0,0,0,0,0,0,0,0,0,0,0,0,2,452.3195190723055,3688.242951303472,1307.5905215424166,2978.0382318605,13,-0.9659258262890684,-0.2588190451025208,0,0,1,-169.37931517299307,363.9176662198315,1053.0844672548474,684.0517259136807,840,840,2.220018055755328,3.4026586621712025
B2,roll_03,mlr,2026-01-28 14:00:00+00:00,2026-01-28 15:00:00+00:00,0,1,2025-12-08T00:00:00+00:00,2026-01-26T00:00:00+00:00,2026-01-26T00:00:00+00:00,2026-02-02T00:00:00+00:00,3872.714778626834,2871.4516206315297,1001.263157995304,1,low,0,0.0,0,2,0,0,0,0,0,0,0,0,0,0,0,0,0,0,0,0,0,0,0,0,0,0,2,66.48684730938892,2978.0382318605,899.1258070269446,3380.6789978081943,14,-0.8660254037844388,-0.4999999999999997,0,0,1,-169.37931517299307,363.9176662198315,1053.0844672548474,684.0517259136807,840,840,3.2167783590400028,4.121954823819553
B2,roll_03,mlr,2026-01-28 15:00:00+00:00,2026-01-28 16:00:00+00:00,0,1,2025-12-08T00:00:00+00:00,2026-01-26T00:00:00+00:00,2026-01-26T00:00:00+00:00,2026-02-02T00:00:00+00:00,3566.8731119283607,3260.14002467755,306.7330872508105,1,night,0,0.0,0,2,0,0,0,0,0,0,0,0,0,0,0,0,0,0,0,0,0,0,0,0,0,0,2,359.87914049975,3380.6789978081943,1560.9848600250834,3872.714778626834,15,-0.7071067811865479,-0.7071067811865471,0,0,1,-169.37931517299307,363.9176662198315,1053.0844672548474,684.0517259136807,840,840,1.3082970314944773,3.6748516953390804
B2,roll_03,mlr,2026-01-28 16:00:00+00:00,2026-01-28 17:00:00+00:00,0,1,2025-12-08T00:00:00+00:00,2026-01-26T00:00:00+00:00,2026-01-26T00:00:00+00:00,2026-02-02T00:00:00+00:00,4099.8204709775,3097.159317021429,1002.6611539560708,0,night,0,0.0,0,2,0,0,0,0,0,0,0,0,0,0,0,0,0,0,0,0,0,0,0,0,0,0,2,3501.792804637556,3872.714778626834,1794.9346924112222,3566.8731119283607,16,-0.5000000000000004,-0.8660254037844385,0,0,1,-169.37931517299307,363.9176662198315,1053.0844672548474,684.0517259136807,840,840,3.22061987620318,4.453955583041852
B2,roll_03,mlr,2026-01-28 17:00:00+00:00,2026-01-28 18:00:00+00:00,0,1,2025-12-08T00:00:00+00:00,2026-01-26T00:00:00+00:00,2026-01-26T00:00:00+00:00,2026-02-02T00:00:00+00:00,3533.490893778889,3318.175674237963,215.3152195409261,0,night,0,0.0,0,2,0,0,0,0,0,0,0,0,0,0,0,0,0,0,0,0,0,0,0,0,0,0,2,3139.28925536575,3566.8731119283607,843.3756644045833,4099.8204709775,17,-0.2588190451025206,-0.9659258262890684,0,0,1,-169.37931517299307,363.9176662198315,1053.0844672548474,684.0517259136807,840,840,1.0570922228368465,3.6260509732812807
B2,roll_03,mlr,2026-01-28 18:00:00+00:00,2026-01-28 19:00:00+00:00,0,1,2025-12-08T00:00:00+00:00,2026-01-26T00:00:00+00:00,2026-01-26T00:00:00+00:00,2026-02-02T00:00:00+00:00,4150.093525715889,3016.949064873877,1133.1444608420115,0,night,0,0.0,0,2,0,0,0,0,0,0,0,0,0,0,0,0,0,0,0,0,0,0,0,0,0,0,2,3084.578836987528,4099.8204709775,973.197521312722,3533.490893778889,18,-1.8369701987210287e-16,-1.0,0,0,1,-169.37931517299307,363.9176662198315,1053.0844672548474,684.0517259136807,840,840,3.5791716009417085,4.527448643338191
B2,roll_03,mlr,2026-01-28 19:00:00+00:00,2026-01-28 20:00:00+00:00,0,1,2025-12-08T00:00:00+00:00,2026-01-26T00:00:00+00:00,2026-01-26T00:00:00+00:00,2026-02-02T00:00:00+00:00,3498.4065437332224,3335.352102881699,163.0544408515234,0,night,0,0.0,0,2,0,0,0,0,0,0,0,0,0,0,0,0,0,0,0,0,0,0,0,0,0,0,2,3033.668790060889,3533.490893778889,1523.8945169891667,4150.093525715889,19,0.2588190451025203,-0.9659258262890684,0,0,1,-169.37931517299307,363.9176662198315,1053.0844672548474,684.0517259136807,840,840,0.9134861725116236,3.574761942471798
B2,roll_03,mlr,2026-01-28 20:00:00+00:00,2026-01-28 21:00:00+00:00,0,1,2025-12-08T00:00:00+00:00,2026-01-26T00:00:00+00:00,2026-01-26T00:00:00+00:00,2026-02-02T00:00:00+00:00,3031.050403281528,2945.1791265953243,85.8712766862036,0,night,0,0.0,0,2,0,0,0,0,0,0,0,0,0,0,0,0,0,0,0,0,0,0,0,0,0,0,2,2886.9925662115,4150.093525715889,985.6768274591944,3498.4065437332224,20,0.5000000000000001,-0.8660254037844386,0,0,1,-169.37931517299307,363.9176662198315,1053.0844672548474,684.0517259136807,840,840,0.7013965398014166,2.891544398027404
B2,roll_03,mlr,2026-01-28 21:00:00+00:00,2026-01-28 22:00:00+00:00,0,1,2025-12-08T00:00:00+00:00,2026-01-26T00:00:00+00:00,2026-01-26T00:00:00+00:00,2026-02-02T00:00:00+00:00,880.7419122894444,2534.897758485817,-1654.1558461963727,0,night,0,0.0,0,2,0,0,0,0,0,0,0,0,0,0,0,0,0,0,0,0,0,0,0,0,0,0,2,2551.3509306884166,3498.4065437332224,1010.58551608475,3031.050403281528,21,0.7071067811865474,-0.7071067811865477,0,0,1,-169.37931517299307,363.9176662198315,1053.0844672548474,684.0517259136807,840,840,4.079979261370817,0.25194374699545835
B2,roll_03,mlr,2026-01-28 22:00:00+00:00,2026-01-28 23:00:00+00:00,0,1,2025-12-08T00:00:00+00:00,2026-01-26T00:00:00+00:00,2026-01-26T00:00:00+00:00,2026-02-02T00:00:00+00:00,822.8956369502222,1051.394792897183,-228.49915594696077,0,night,0,0.0,0,2,0,0,0,0,0,0,0,0,0,0,0,0,0,0,0,0,0,0,0,0,0,0,2,2388.614872440278,3031.050403281528,469.4664131017777,880.7419122894444,22,0.8660254037844384,-0.5000000000000004,0,0,1,-169.37931517299307,363.9176662198315,1053.0844672548474,684.0517259136807,840,840,0.16245389070574884,0.3365079300065567
B2,roll_03,mlr,2026-01-28 23:00:00+00:00,2026-01-29 00:00:00+00:00,0,1,2025-12-08T00:00:00+00:00,2026-01-26T00:00:00+00:00,2026-01-26T00:00:00+00:00,2026-02-02T00:00:00+00:00,934.8170360965556,730.3650026444818,204.4520334520738,0,night,0,0.0,0,2,0,0,0,0,0,0,0,0,0,0,0,0,0,0,0,0,0,0,0,0,0,0,2,1967.8965871302496,880.7419122894444,1039.222492417361,822.8956369502222,23,0.965925826289068,-0.2588190451025215,0,0,1,-169.37931517299307,363.9176662198315,1053.0844672548474,684.0517259136807,840,840,1.0272415530364685,0.1728925265122651
B2,roll_03,mlr,2026-01-29 00:00:00+00:00,2026-01-29 01:00:00+00:00,0,1,2025-12-08T00:00:00+00:00,2026-01-26T00:00:00+00:00,2026-01-26T00:00:00+00:00,2026-02-02T00:00:00+00:00,569.0574982047777,1220.000910352618,-650.9434121478404,0,night,0,0.0,0,2,0,0,0,0,0,0,0,0,0,0,0,0,0,0,0,0,0,0,0,0,0,0,3,387.7841801272222,822.8956369502222,431.1445660605278,934.8170360965556,0,1.0,0.0,0,0,1,-169.37931517299307,363.9176662198315,1053.0844672548474,684.0517259136807,840,840,1.3232776028079636,0.7075882578960822
B2,roll_03,mlr,2026-01-29 01:00:00+00:00,2026-01-29 02:00:00+00:00,0,1,2025-12-08T00:00:00+00:00,2026-01-26T00:00:00+00:00,2026-01-26T00:00:00+00:00,2026-02-02T00:00:00+00:00,388.6233783748333,970.9050172254445,-582.2816388506112,0,night,0,0.0,0,2,0,0,0,0,0,0,0,0,0,0,0,0,0,0,0,0,0,0,0,0,0,0,3,375.648988568,934.8170360965556,417.8579242465556,569.0574982047777,1,0.9659258262890684,0.2588190451025207,0,0,1,-169.37931517299307,363.9176662198315,1053.0844672548474,684.0517259136807,840,840,1.134603681010079,0.9713608835537991
B2,roll_03,mlr,2026-01-29 02:00:00+00:00,2026-01-29 03:00:00+00:00,0,1,2025-12-08T00:00:00+00:00,2026-01-26T00:00:00+00:00,2026-01-26T00:00:00+00:00,2026-02-02T00:00:00+00:00,380.9392708019166,778.028951272769,-397.08968047085233,0,night,0,0.0,0,2,0,0,0,0,0,0,0,0,0,0,0,0,0,0,0,0,0,0,0,0,0,0,3,370.6715177761111,569.0574982047777,419.1348331130556,388.6233783748333,2,0.8660254037844387,0.4999999999999999,0,0,1,-169.37931517299307,363.9176662198315,1053.0844672548474,684.0517259136807,840,840,0.6257194591930209,0.9825941094661425
B2,roll_03,mlr,2026-01-29 03:00:00+00:00,2026-01-29 04:00:00+00:00,0,1,2025-12-08T00:00:00+00:00,2026-01-26T00:00:00+00:00,2026-01-26T00:00:00+00:00,2026-02-02T00:00:00+00:00,1044.109589464861,722.2272575013354,321.88233196352564,0,night,0,0.0,0,2,0,0,0,0,0,0,0,0,0,0,0,0,0,0,0,0,0,0,0,0,0,0,3,372.0987236639445,388.6233783748333,421.2961618739444,380.9392708019166,3,0.7071067811865476,0.7071067811865476,0,0,1,-169.37931517299307,363.9176662198315,1053.0844672548474,684.0517259136807,840,840,1.3499252516083202,0.013120174176885008
B2,roll_03,mlr,2026-01-29 04:00:00+00:00,2026-01-29 05:00:00+00:00,0,1,2025-12-08T00:00:00+00:00,2026-01-26T00:00:00+00:00,2026-01-26T00:00:00+00:00,2026-02-02T00:00:00+00:00,2097.0978272491666,1149.3853044848966,947.71252276427,0,night,0,0.0,0,2,0,0,0,0,0,0,0,0,0,0,0,0,0,0,0,0,0,0,0,0,0,0,3,1036.0452877571945,380.9392708019166,1092.225752789,1044.109589464861,4,0.5000000000000001,0.8660254037844386,0,0,1,-169.37931517299307,363.9176662198315,1053.0844672548474,684.0517259136807,840,840,3.0696279450815727,1.526219904788401
B2,roll_03,mlr,2026-01-29 05:00:00+00:00,2026-01-29 06:00:00+00:00,0,1,2025-12-08T00:00:00+00:00,2026-01-26T00:00:00+00:00,2026-01-26T00:00:00+00:00,2026-02-02T00:00:00+00:00,2101.717697546028,1929.841975391589,171.8757221544388,0,night,0,0.0,0,2,0,0,0,0,0,0,0,0,0,0,0,0,0,0,0,0,0,0,0,0,0,0,3,1958.2742827319444,1044.109589464861,2035.0871509705555,2097.0978272491666,5,0.2588190451025207,0.9659258262890684,0,0,1,-169.37931517299307,363.9176662198315,1053.0844672548474,684.0517259136807,840,840,0.9377259446407038,1.5329735903970305
B2,roll_03,mlr,2026-01-29 06:00:00+00:00,2026-01-29 07:00:00+00:00,0,1,2025-12-08T00:00:00+00:00,2026-01-26T00:00:00+00:00,2026-01-26T00:00:00+00:00,2026-02-02T00:00:00+00:00,1866.4684684137776,2060.622207263592,-194.15373884981432,0,night,0,0.0,0,2,0,0,0,0,0,0,0,0,0,0,0,0,0,0,0,0,0,0,0,0,0,0,3,1980.8106362188057,2097.0978272491666,2063.430210569112,2101.717697546028,6,6.123233995736766e-17,1.0,0,0,1,-169.37931517299307,363.9176662198315,1053.0844672548474,684.0517259136807,840,840,0.06807700196081103,1.1890679759231684
B2,roll_03,mlr,2026-01-29 07:00:00+00:00,2026-01-29 08:00:00+00:00,0,1,2025-12-08T00:00:00+00:00,2026-01-26T00:00:00+00:00,2026-01-26T00:00:00+00:00,2026-02-02T00:00:00+00:00,1765.7431687797225,1890.6391854923197,-124.89601671259676,1,night,0,0.0,0,2,0,0,0,0,0,0,0,0,0,0,0,0,0,0,0,0,0,0,0,0,0,0,3,1778.5049296098057,2101.717697546028,1837.9513309886668,1866.4684684137776,7,-0.2588190451025206,0.9659258262890684,0,0,1,-169.37931517299307,363.9176662198315,1053.0844672548474,684.0517259136807,840,840,0.12223451233479089,1.0418199012260139
B2,roll_03,mlr,2026-01-29 08:00:00+00:00,2026-01-29 09:00:00+00:00,0,1,2025-12-08T00:00:00+00:00,2026-01-26T00:00:00+00:00,2026-01-26T00:00:00+00:00,2026-02-02T00:00:00+00:00,1253.1664777410554,1794.8550727831605,-541.6885950421049,1,low,0,0.0,0,2,0,0,0,0,0,0,0,0,0,0,0,0,0,0,0,0,0,0,0,0,0,0,3,1415.566902312361,1866.4684684137776,1887.533959910028,1765.7431687797225,8,-0.4999999999999998,0.8660254037844387,0,0,1,-169.37931517299307,363.9176662198315,1053.0844672548474,684.0517259136807,840,840,1.023059099428856,0.2924954399010697
B2,roll_03,mlr,2026-01-29 09:00:00+00:00,2026-01-29 10:00:00+00:00,0,1,2025-12-08T00:00:00+00:00,2026-01-26T00:00:00+00:00,2026-01-26T00:00:00+00:00,2026-02-02T00:00:00+00:00,948.2308555061112,1458.1349353089574,-509.90407980284624,1,low,0,0.0,0,2,0,0,0,0,0,0,0,0,0,0,0,0,0,0,0,0,0,0,0,0,0,0,3,1170.112685329639,1765.7431687797225,1927.4843435574169,1253.1664777410554,9,-0.7071067811865475,0.7071067811865476,0,0,1,-169.37931517299307,363.9176662198315,1053.0844672548474,684.0517259136807,840,840,0.9357192470676942,0.15328316233495984
B2,roll_03,mlr,2026-01-29 10:00:00+00:00,2026-01-29 11:00:00+00:00,0,1,2025-12-08T00:00:00+00:00,2026-01-26T00:00:00+00:00,2026-01-26T00:00:00+00:00,2026-02-02T00:00:00+00:00,1415.7808458588888,1192.3995572030783,223.3812886558105,1,low,0,0.0,0,2,0,0,0,0,0,0,0,0,0,0,0,0,0,0,0,0,0,0,0,0,0,0,3,912.1677645943888,1253.1664777410554,1864.801970357278,948.2308555061112,10,-0.8660254037844387,0.4999999999999999,0,0,1,-169.37931517299307,363.9176662198315,1053.0844672548474,684.0517259136807,840,840,1.079256766808207,0.5302177669672447
B2,roll_03,mlr,2026-01-29 11:00:00+00:00,2026-01-29 12:00:00+00:00,0,1,2025-12-08T00:00:00+00:00,2026-01-26T00:00:00+00:00,2026-01-26T00:00:00+00:00,2026-02-02T00:00:00+00:00,347.5551561380278,1519.0472025758977,-1171.49204643787,1,low,0,0.0,0,2,0,0,0,0,0,0,0,0,0,0,0,0,0,0,0,0,0,0,0,0,0,0,3,979.6024800058332,948.2308555061112,3141.5486331360003,1415.7808458588888,11,-0.9659258262890682,0.258819045102521,0,0,1,-169.37931517299307,363.9176662198315,1053.0844672548474,684.0517259136807,840,840,2.7536798135530227,1.0313976039961767
B2,roll_03,mlr,2026-01-29 12:00:00+00:00,2026-01-29 13:00:00+00:00,0,1,2025-12-08T00:00:00+00:00,2026-01-26T00:00:00+00:00,2026-01-26T00:00:00+00:00,2026-02-02T00:00:00+00:00,-402.3519291878333,938.03025960979,-1340.3821887976233,1,med,0,0.0,0,2,0,0,0,0,0,0,0,0,0,0,0,0,0,0,0,0,0,0,0,0,0,0,3,926.4931066359444,1415.7808458588888,3688.242951303472,347.5551561380278,12,-1.0,1.2246467991473532e-16,0,0,1,-169.37931517299307,363.9176662198315,1053.0844672548474,684.0517259136807,840,840,3.21776869418937,2.12767008883527
B2,roll_03,mlr,2026-01-29 13:00:00+00:00,2026-01-29 14:00:00+00:00,0,1,2025-12-08T00:00:00+00:00,2026-01-26T00:00:00+00:00,2026-01-26T00:00:00+00:00,2026-02-02T00:00:00+00:00,1092.5960639581945,194.70337688239292,897.8926870758015,1,high,0,0.0,0,2,1,0,0,0,0,0,0,0,0,0,0,0,0,0,0,0,0,0,0,0,0,0,3,-104.81881332361114,347.5551561380278,2978.0382318605,-402.3519291878333,13,-0.9659258262890684,-0.2588190451025208,0,0,1,-169.37931517299307,363.9176662198315,1053.0844672548474,684.0517259136807,840,840,2.9327292992808114,0.05776112420529584
B2,roll_03,mlr,2026-01-29 14:00:00+00:00,2026-01-29 15:00:00+00:00,0,1,2025-12-08T00:00:00+00:00,2026-01-26T00:00:00+00:00,2026-01-26T00:00:00+00:00,2026-02-02T00:00:00+00:00,462.4739155892223,1129.2083321460802,-666.7344165568579,1,med,0,0.0,0,3,0,0,0,0,0,0,0,0,0,0,0,0,0,0,0,0,0,0,0,0,0,0,3,1036.759236264139,-402.3519291878333,3380.6789978081943,1092.5960639581945,14,-0.8660254037844388,-0.4999999999999997,0,0,1,-169.37931517299307,363.9176662198315,1053.0844672548474,684.0517259136807,840,840,1.3666692978939579,0.8634004261545467
B2,roll_03,mlr,2026-01-29 15:00:00+00:00,2026-01-29 16:00:00+00:00,0,1,2025-12-08T00:00:00+00:00,2026-01-26T00:00:00+00:00,2026-01-26T00:00:00+00:00,2026-02-02T00:00:00+00:00,1737.4693776433332,949.5565291325332,787.9128485107999,1,low,0,0.0,0,3,0,0,0,0,0,0,0,0,0,0,0,0,0,0,0,0,0,0,0,0,0,0,3,1095.6600237501943,1092.5960639581945,3872.714778626834,462.4739155892223,15,-0.7071067811865479,-0.7071067811865471,0,0,1,-169.37931517299307,363.9176662198315,1053.0844672548474,684.0517259136807,840,840,2.6305185280714625,1.0004870749713557
B2,roll_03,mlr,2026-01-29 16:00:00+00:00,2026-01-29 17:00:00+00:00,0,1,2025-12-08T00:00:00+00:00,2026-01-26T00:00:00+00:00,2026-01-26T00:00:00+00:00,2026-02-02T00:00:00+00:00,2296.247373537611,1613.7247175838809,682.5226559537302,0,night,0,0.0,0,2,0,0,0,0,0,0,0,0,0,0,0,0,0,0,0,0,0,0,0,0,0,0,3,2940.7578966023334,462.4739155892223,3566.8731119283607,1737.4693776433332,16,-0.5000000000000004,-0.8660254037844385,0,0,1,-169.37931517299307,363.9176662198315,1053.0844672548474,684.0517259136807,840,840,2.34091952714413,1.8173521960233112
B2,roll_03,mlr,2026-01-29 17:00:00+00:00,2026-01-29 18:00:00+00:00,0,1,2025-12-08T00:00:00+00:00,2026-01-26T00:00:00+00:00,2026-01-26T00:00:00+00:00,2026-02-02T00:00:00+00:00,773.5572774640833,2164.376855493877,-1390.8195780297938,0,night,0,0.0,0,2,0,0,0,0,0,0,0,0,0,0,0,0,0,0,0,0,0,0,0,0,0,0,3,1509.757366554472,1737.4693776433332,4099.8204709775,2296.247373537611,17,-0.2588190451025206,-0.9659258262890684,0,0,1,-169.37931517299307,363.9176662198315,1053.0844672548474,684.0517259136807,840,840,3.3563642994978045,0.40863458010781645
B2,roll_03,mlr,2026-01-29 18:00:00+00:00,2026-01-29 19:00:00+00:00,0,1,2025-12-08T00:00:00+00:00,2026-01-26T00:00:00+00:00,2026-01-26T00:00:00+00:00,2026-02-02T00:00:00+00:00,2461.1030846526387,1217.0413122079392,1244.0617724446995,0,night,0,0.0,0,2,0,0,0,0,0,0,0,0,0,0,0,0,0,0,0,0,0,0,0,0,0,0,3,1902.4201895734168,2296.247373537611,3533.490893778889,773.5572774640833,18,-1.8369701987210287e-16,-1.0,0,0,1,-169.37931517299307,363.9176662198315,1053.0844672548474,684.0517259136807,840,840,3.883958430212278,2.0583510925538793
B2,roll_03,mlr,2026-01-29 19:00:00+00:00,2026-01-29 20:00:00+00:00,0,1,2025-12-08T00:00:00+00:00,2026-01-26T00:00:00+00:00,2026-01-26T00:00:00+00:00,2026-02-02T00:00:00+00:00,738.0341406504722,2094.514746493308,-1356.4806058428358,0,night,0,0.0,0,1,0,0,0,0,0,0,0,0,0,0,0,0,0,0,0,0,0,0,0,0,0,0,3,1073.8756977925275,773.5572774640833,4150.093525715889,2461.1030846526387,19,0.2588190451025203,-0.9659258262890684,0,0,1,-169.37931517299307,363.9176662198315,1053.0844672548474,684.0517259136807,840,840,3.2620051205558984,0.46056506353165877
B2,roll_03,mlr,2026-01-29 20:00:00+00:00,2026-01-29 21:00:00+00:00,0,1,2025-12-08T00:00:00+00:00,2026-01-26T00:00:00+00:00,2026-01-26T00:00:00+00:00,2026-02-02T00:00:00+00:00,1046.6185902225832,1163.9486697315854,-117.3300795090022,0,night,0,0.0,0,1,0,0,0,0,0,0,0,0,0,0,0,0,0,0,0,0,0,0,0,0,0,0,3,1112.6407676563056,2461.1030846526387,3498.4065437332224,738.0341406504722,20,0.5000000000000001,-0.8660254037844386,0,0,1,-169.37931517299307,363.9176662198315,1053.0844672548474,684.0517259136807,840,840,0.14302475668369868,0.009452321786963968
B2,roll_03,mlr,2026-01-29 21:00:00+00:00,2026-01-29 22:00:00+00:00,0,1,2025-12-08T00:00:00+00:00,2026-01-26T00:00:00+00:00,2026-01-26T00:00:00+00:00,2026-02-02T00:00:00+00:00,366.5958732328333,1071.4927401764037,-704.8968669435701,0,night,0,0.0,0,1,0,0,0,0,0,0,0,0,0,0,0,0,0,0,0,0,0,0,0,0,0,0,3,565.8491807108888,738.0341406504722,3031.050403281528,1046.6185902225832,21,0.7071067811865474,-0.7071067811865477,0,0,1,-169.37931517299307,363.9176662198315,1053.0844672548474,684.0517259136807,840,840,1.4715349142931886,1.003562403274516
B2,roll_03,mlr,2026-01-29 22:00:00+00:00,2026-01-29 23:00:00+00:00,0,1,2025-12-08T00:00:00+00:00,2026-01-26T00:00:00+00:00,2026-01-26T00:00:00+00:00,2026-02-02T00:00:00+00:00,363.3738909241667,520.2408103874977,-156.86691946333104,0,night,0,0.0,0,1,0,1,1,0,2,0,0,1,0,0,1,0,1,0,0,0,1,0,0,0,0,0,3,473.87890895927785,1046.6185902225832,880.7419122894444,366.5958732328333,22,0.8660254037844384,-0.5000000000000004,0,0,1,-169.37931517299307,363.9176662198315,1053.0844672548474,684.0517259136807,840,840,0.034382490522193214,1.0082725475320473
B2,roll_03,mlr,2026-01-29 23:00:00+00:00,2026-01-30 00:00:00+00:00,0,1,2025-12-08T00:00:00+00:00,2026-01-26T00:00:00+00:00,2026-01-26T00:00:00+00:00,2026-02-02T00:00:00+00:00,372.9620775262778,389.2834253716178,-16.32134784533997,0,night,0,0.0,0,1,0,1,1,0,2,0,0,1,0,0,1,0,1,0,0,0,1,0,0,0,0,0,3,367.6513029880277,366.5958732328333,822.8956369502222,363.3738909241667,23,0.965925826289068,-0.2588190451025215,0,0,1,-169.37931517299307,363.9176662198315,1053.0844672548474,684.0517259136807,840,840,0.4205840538535314,0.9942557908470111
B2,roll_03,mlr,2026-01-30 00:00:00+00:00,2026-01-30 01:00:00+00:00,0,1,2025-12-08T00:00:00+00:00,2026-01-26T00:00:00+00:00,2026-01-26T00:00:00+00:00,2026-02-02T00:00:00+00:00,407.8405305781389,848.0427441006025,-440.2022135224636,0,night,0,0.0,0,1,0,0,0,0,0,0,0,0,0,0,0,0,0,0,0,0,0,0,0,0,0,0,4,367.96108710394446,363.3738909241667,934.8170360965556,372.9620775262778,0,1.0,0.0,0,0,1,-169.37931517299307,363.9176662198315,1053.0844672548474,684.0517259136807,840,840,0.7441872804984265,0.9432677562721781
B2,roll_03,mlr,2026-01-30 01:00:00+00:00,2026-01-30 02:00:00+00:00,0,1,2025-12-08T00:00:00+00:00,2026-01-26T00:00:00+00:00,2026-01-26T00:00:00+00:00,2026-02-02T00:00:00+00:00,371.0950655588056,816.1880991365954,-445.0930335777898,0,night,0,0.0,0,1,0,0,0,0,0,0,0,0,0,0,0,0,0,0,0,0,0,0,0,0,0,0,4,369.3633806425278,372.9620775262778,569.0574982047777,407.8405305781389,1,0.9659258262890684,0.2588190451025207,0,0,1,-169.37931517299307,363.9176662198315,1053.0844672548474,684.0517259136807,840,840,0.7576266392031832,0.9969851341068042
B2,roll_03,mlr,2026-01-30 02:00:00+00:00,2026-01-30 03:00:00+00:00,0,1,2025-12-08T00:00:00+00:00,2026-01-26T00:00:00+00:00,2026-01-26T00:00:00+00:00,2026-02-02T00:00:00+00:00,377.9953876609166,756.5462015786403,-378.5508139177237,0,night,0,0.0,0,1,0,0,0,0,0,0,0,0,0,0,0,0,0,0,0,0,0,0,0,0,0,0,4,364.6717208964722,407.8405305781389,388.6233783748333,371.0950655588056,2,0.8660254037844387,0.4999999999999999,0,0,1,-169.37931517299307,363.9176662198315,1053.0844672548474,684.0517259136807,840,840,0.5747769843588096,0.9868977067373399
B2,roll_03,mlr,2026-01-30 03:00:00+00:00,2026-01-30 04:00:00+00:00,0,1,2025-12-08T00:00:00+00:00,2026-01-26T00:00:00+00:00,2026-01-26T00:00:00+00:00,2026-02-02T00:00:00+00:00,1042.5099112287778,728.5691754175662,313.94073581121165,0,night,0,0.0,0,1,0,0,0,0,0,0,0,0,0,0,0,0,0,0,0,0,0,0,0,0,0,0,4,368.5853674459444,371.0950655588056,380.9392708019166,377.9953876609166,3,0.7071067811865476,0.7071067811865476,0,0,1,-169.37931517299307,363.9176662198315,1053.0844672548474,684.0517259136807,840,840,1.3281027436910575,0.01545870820213959
B2,roll_03,mlr,2026-01-30 04:00:00+00:00,2026-01-30 05:00:00+00:00,0,1,2025-12-08T00:00:00+00:00,2026-01-26T00:00:00+00:00,2026-01-26T00:00:00+00:00,2026-02-02T00:00:00+00:00,2043.280496847389,1157.5674969159454,885.7129999314436,0,night,0,0.0,0,1,0,0,0,0,0,0,0,0,0,0,0,0,0,0,0,0,0,0,0,0,0,0,4,1077.5376334153334,377.9953876609166,1044.109589464861,1042.5099112287778,4,0.5000000000000001,0.8660254037844386,0,0,1,-169.37931517299307,363.9176662198315,1053.0844672548474,684.0517259136807,840,840,2.8992610500724845,1.44754554674933
B2,roll_03,mlr,2026-01-30 05:00:00+00:00,2026-01-30 06:00:00+00:00,0,1,2025-12-08T00:00:00+00:00,2026-01-26T00:00:00+00:00,2026-01-26T00:00:00+00:00,2026-02-02T00:00:00+00:00,2356.0469720826945,1905.451796587247,450.5951754954476,0,night,0,0.0,0,1,0,0,0,0,0,0,0,0,0,0,0,0,0,0,0,0,0,0,0,0,0,0,4,2595.650702010778,1042.5099112287778,2097.0978272491666,2043.280496847389,5,0.2588190451025207,0.9659258262890684,0,0,1,-169.37931517299307,363.9176662198315,1053.0844672548474,684.0517259136807,840,840,1.7036119656085427,1.9047718987734354
B2,roll_03,mlr,2026-01-30 06:00:00+00:00,2026-01-30 07:00:00+00:00,0,1,2025-12-08T00:00:00+00:00,2026-01-26T00:00:00+00:00,2026-01-26T00:00:00+00:00,2026-02-02T00:00:00+00:00,2415.724502125278,2226.203884999177,189.52061712610111,0,night,0,0.0,0,1,0,0,0,0,0,0,0,0,0,0,0,0,0,0,0,0,0,0,0,0,0,0,4,2229.0674939791948,2043.280496847389,2101.717697546028,2356.0469720826945,6,6.123233995736766e-17,1.0,0,0,1,-169.37931517299307,363.9176662198315,1053.0844672548474,684.0517259136807,840,840,0.9862118979469761,1.9920131522954154
B2,roll_03,mlr,2026-01-30 07:00:00+00:00,2026-01-30 08:00:00+00:00,0,1,2025-12-08T00:00:00+00:00,2026-01-26T00:00:00+00:00,2026-01-26T00:00:00+00:00,2026-02-02T00:00:00+00:00,2088.875723270194,2283.520037046101,-194.644313775907,1,night,0,0.0,0,2,0,0,0,0,0,0,0,0,0,0,0,0,0,0,0,0,0,0,0,0,0,0,4,1956.5605310417773,2356.0469720826945,1866.4684684137776,2415.724502125278,7,-0.2588190451025206,0.9659258262890684,0,0,1,-169.37931517299307,363.9176662198315,1053.0844672548474,684.0517259136807,840,840,0.06942504018931608,1.5142001938988625
B2,roll_03,mlr,2026-01-30 08:00:00+00:00,2026-01-30 09:00:00+00:00,0,1,2025-12-08T00:00:00+00:00,2026-01-26T00:00:00+00:00,2026-01-26T00:00:00+00:00,2026-02-02T00:00:00+00:00,1376.5848081650277,2073.221040378098,-696.6362322130706,1,low,0,0.0,0,2,0,0,0,0,0,0,0,0,0,0,0,0,0,0,0,0,0,0,0,0,0,0,4,1820.3555307953327,2415.724502125278,1765.7431687797225,2088.875723270194,8,-0.4999999999999998,0.8660254037844387,0,0,1,-169.37931517299307,363.9176662198315,1053.0844672548474,684.0517259136807,840,840,1.4488357284682567,0.47291795145766835
B2,roll_03,mlr,2026-01-30 09:00:00+00:00,2026-01-30 10:00:00+00:00,0,1,2025-12-08T00:00:00+00:00,2026-01-26T00:00:00+00:00,2026-01-26T00:00:00+00:00,2026-02-02T00:00:00+00:00,637.5708449115556,1542.1064261585368,-904.5355812469812,1,med,0,0.0,0,2,0,0,0,0,0,0,0,0,0,0,0,0,0,0,0,0,0,0,0,0,0,0,4,2016.7762660696944,2088.875723270194,1253.1664777410554,1376.5848081650277,9,-0.7071067811865475,0.7071067811865476,0,0,1,-169.37931517299307,363.9176662198315,1053.0844672548474,684.0517259136807,840,840,2.020117005339067,0.6074301205633165
B2,roll_03,mlr,2026-01-30 10:00:00+00:00,2026-01-30 11:00:00+00:00,0,1,2025-12-08T00:00:00+00:00,2026-01-26T00:00:00+00:00,2026-01-26T00:00:00+00:00,2026-02-02T00:00:00+00:00,-1038.640299738972,959.5107590511273,-1998.1510587900996,1,high,0,0.0,0,2,0,0,0,0,0,0,0,0,0,0,0,0,0,0,0,0,0,0,0,0,0,0,4,1936.420994131,1376.5848081650277,948.2308555061112,637.5708449115556,10,-0.8660254037844387,0.4999999999999999,0,0,1,-169.37931517299307,363.9176662198315,1053.0844672548474,684.0517259136807,840,840,5.025234863185789,3.057845902223147
B2,roll_03,mlr,2026-01-30 11:00:00+00:00,2026-01-30 12:00:00+00:00,0,1,2025-12-08T00:00:00+00:00,2026-01-26T00:00:00+00:00,2026-01-26T00:00:00+00:00,2026-02-02T00:00:00+00:00,338.58896643852773,-256.9377191625774,595.5266856011051,1,high,0,0.0,0,2,1,0,0,0,0,0,0,0,0,0,0,0,0,0,0,0,0,0,0,0,0,0,4,1576.1195596841944,637.5708449115556,1415.7808458588888,-1038.640299738972,11,-0.9659258262890682,0.258819045102521,0,0,1,-169.37931517299307,363.9176662198315,1053.0844672548474,684.0517259136807,840,840,2.101865536563542,1.044505077246864
B2,roll_03,mlr,2026-01-30 12:00:00+00:00,2026-01-30 13:00:00+00:00,0,1,2025-12-08T00:00:00+00:00,2026-01-26T00:00:00+00:00,2026-01-26T00:00:00+00:00,2026-02-02T00:00:00+00:00,-266.5041079402778,405.7448472567232,-672.2489551970009,1,med,0,0.0,0,3,0,0,0,0,0,0,0,0,0,0,0,0,0,0,0,0,0,0,0,0,0,0,4,1707.01032054225,-1038.640299738972,347.5551561380278,338.58896643852773,12,-1.0,1.2246467991473532e-16,0,0,1,-169.37931517299307,363.9176662198315,1053.0844672548474,684.0517259136807,840,840,1.381822556864386,1.92907718116282
B2,roll_03,mlr,2026-01-30 13:00:00+00:00,2026-01-30 14:00:00+00:00,0,1,2025-12-08T00:00:00+00:00,2026-01-26T00:00:00+00:00,2026-01-26T00:00:00+00:00,2026-02-02T00:00:00+00:00,376.1624140875,62.19993462040759,313.9624794670924,1,med,0,0.0,0,3,1,0,0,0,0,0,0,0,0,0,0,0,0,0,0,0,0,0,0,0,0,0,4,2214.146590013028,338.58896643852773,-402.3519291878333,-266.5041079402778,13,-0.9659258262890684,-0.2588190451025208,0,0,1,-169.37931517299307,363.9176662198315,1053.0844672548474,684.0517259136807,840,840,1.3281624925241016,0.9895772900261157
B2,roll_03,mlr,2026-01-30 14:00:00+00:00,2026-01-30 15:00:00+00:00,0,1,2025-12-08T00:00:00+00:00,2026-01-26T00:00:00+00:00,2026-01-26T00:00:00+00:00,2026-02-02T00:00:00+00:00,1082.7555175266666,557.8806454939978,524.8748720326688,1,med,0,0.0,0,2,0,0,0,0,0,0,0,0,0,0,0,0,0,0,0,0,0,0,0,0,0,0,4,2195.8262186153333,-266.5041079402778,1092.5960639581945,376.1624140875,14,-0.8660254037844388,-0.4999999999999997,0,0,1,-169.37931517299307,363.9176662198315,1053.0844672548474,684.0517259136807,840,840,1.907723234261137,0.04337544829988979
B2,roll_03,mlr,2026-01-30 15:00:00+00:00,2026-01-30 16:00:00+00:00,0,1,2025-12-08T00:00:00+00:00,2026-01-26T00:00:00+00:00,2026-01-26T00:00:00+00:00,2026-02-02T00:00:00+00:00,1956.864773614972,1035.343254748323,921.5215188666488,1,low,0,0.0,0,2,0,0,0,0,0,0,0,0,0,0,0,0,0,0,0,0,0,0,0,0,0,0,4,2527.9803929520835,376.1624140875,462.4739155892223,1082.7555175266666,15,-0.7071067811865479,-0.7071067811865471,0,0,1,-169.37931517299307,363.9176662198315,1053.0844672548474,684.0517259136807,840,840,2.9976583587471732,1.3212163234482812
B2,roll_03,mlr,2026-01-30 16:00:00+00:00,2026-01-30 17:00:00+00:00,0,1,2025-12-08T00:00:00+00:00,2026-01-26T00:00:00+00:00,2026-01-26T00:00:00+00:00,2026-02-02T00:00:00+00:00,2558.768179305,1747.1229863926258,811.6451929123743,0,night,0,0.0,0,2,0,0,0,0,0,0,0,0,0,0,0,0,0,0,0,0,0,0,0,0,0,0,4,2048.975809514583,1082.7555175266666,1737.4693776433332,1956.864773614972,16,-0.5000000000000004,-0.8660254037844385,0,0,1,-169.37931517299307,363.9176662198315,1053.0844672548474,684.0517259136807,840,840,2.6957320271799077,2.2011255216687404
B2,roll_03,mlr,2026-01-30 17:00:00+00:00,2026-01-30 18:00:00+00:00,0,1,2025-12-08T00:00:00+00:00,2026-01-26T00:00:00+00:00,2026-01-26T00:00:00+00:00,2026-02-02T00:00:00+00:00,1987.7934036818888,2265.8340490834835,-278.0406454015947,0,night,0,0.0,0,2,0,0,0,0,0,0,0,0,0,0,0,0,0,0,0,0,0,0,0,0,0,0,4,1253.307754251361,1956.864773614972,2296.247373537611,2558.768179305,17,-0.2588190451025206,-0.9659258262890684,0,0,1,-169.37931517299307,363.9176662198315,1053.0844672548474,684.0517259136807,840,840,0.29858767604583025,1.36643019967322
B2,roll_03,mlr,2026-01-30 18:00:00+00:00,2026-01-30 19:00:00+00:00,0,1,2025-12-08T00:00:00+00:00,2026-01-26T00:00:00+00:00,2026-01-26T00:00:00+00:00,2026-02-02T00:00:00+00:00,1676.7119280521667,1861.9489551266165,-185.23702707444977,0,night,0,0.0,0,2,0,0,0,0,0,0,0,0,0,0,0,0,0,0,0,0,0,0,0,0,0,0,4,2022.5164028016115,2558.768179305,773.5572774640833,1987.7934036818888,18,-1.8369701987210287e-16,-1.0,0,0,1,-169.37931517299307,363.9176662198315,1053.0844672548474,684.0517259136807,840,840,0.04357499888965967,0.9116671110862951
B2,roll_03,mlr,2026-01-30 19:00:00+00:00,2026-01-30 20:00:00+00:00,0,1,2025-12-08T00:00:00+00:00,2026-01-26T00:00:00+00:00,2026-01-26T00:00:00+00:00,2026-02-02T00:00:00+00:00,1399.5987402705557,1673.8869012903508,-274.2881610197951,0,night,0,0.0,0,1,0,0,0,0,0,0,0,0,0,0,0,0,0,0,0,0,0,0,0,0,0,0,4,1067.3991769345832,1987.7934036818888,2461.1030846526387,1676.7119280521667,19,0.2588190451025203,-0.9659258262890684,0,0,1,-169.37931517299307,363.9176662198315,1053.0844672548474,684.0517259136807,840,840,0.28827632067586906,0.5065615068113056
B2,roll_03,mlr,2026-01-30 20:00:00+00:00,2026-01-30 21:00:00+00:00,0,1,2025-12-08T00:00:00+00:00,2026-01-26T00:00:00+00:00,2026-01-26T00:00:00+00:00,2026-02-02T00:00:00+00:00,1395.9087899032777,1322.3327601270053,73.57602977627243,0,night,0,0.0,0,2,0,0,0,0,0,0,0,0,0,0,0,0,0,0,0,0,0,0,0,0,0,0,4,1046.436184157472,1676.7119280521667,738.0341406504722,1399.5987402705557,20,0.5000000000000001,-0.8660254037844386,0,0,1,-169.37931517299307,363.9176662198315,1053.0844672548474,684.0517259136807,840,840,0.6676107468838944,0.5011672504597857
B2,roll_03,mlr,2026-01-30 21:00:00+00:00,2026-01-30 22:00:00+00:00,0,1,2025-12-08T00:00:00+00:00,2026-01-26T00:00:00+00:00,2026-01-26T00:00:00+00:00,2026-02-02T00:00:00+00:00,617.2218638224722,1272.7406047416594,-655.5187409191872,0,night,0,0.0,0,2,0,0,0,0,0,0,0,0,0,0,0,0,0,0,0,0,0,0,0,0,0,0,4,602.2876708927778,1399.5987402705557,1046.6185902225832,1395.9087899032777,21,0.7071067811865474,-0.7071067811865477,0,0,1,-169.37931517299307,363.9176662198315,1053.0844672548474,684.0517259136807,840,840,1.3358500311236117,0.637177843313235
B2,roll_03,mlr,2026-01-30 22:00:00+00:00,2026-01-30 23:00:00+00:00,0,1,2025-12-08T00:00:00+00:00,2026-01-26T00:00:00+00:00,2026-01-26T00:00:00+00:00,2026-02-02T00:00:00+00:00,560.833410557,706.607870476849,-145.77445991984905,0,night,0,0.0,0,1,0,0,0,0,0,0,0,0,0,0,0,0,0,0,0,0,0,0,0,0,0,0,4,492.5538403097778,1395.9087899032777,366.5958732328333,617.2218638224722,22,0.8660254037844384,-0.5000000000000004,0,0,1,-169.37931517299307,363.9176662198315,1053.0844672548474,684.0517259136807,840,840,0.06486317495475763,0.7196108686669167
B2,roll_03,mlr,2026-01-30 23:00:00+00:00,2026-01-31 00:00:00+00:00,0,1,2025-12-08T00:00:00+00:00,2026-01-26T00:00:00+00:00,2026-01-26T00:00:00+00:00,2026-02-02T00:00:00+00:00,568.5592018373611,531.6976915396481,36.86151029771304,0,night,0,0.0,0,1,0,0,0,0,0,0,0,0,0,0,0,0,0,0,0,0,0,0,0,0,0,0,4,435.2853666092778,617.2218638224722,363.3738909241667,560.833410557,23,0.965925826289068,-0.2588190451025215,0,0,1,-169.37931517299307,363.9176662198315,1053.0844672548474,684.0517259136807,840,840,0.5667238626061158,0.7083167062699988
B2,roll_03,mlr,2026-01-31 00:00:00+00:00,2026-01-31 01:00:00+00:00,0,1,2025-12-08T00:00:00+00:00,2026-01-26T00:00:00+00:00,2026-01-26T00:00:00+00:00,2026-02-02T00:00:00+00:00,560.2704962234167,872.620053442644,-312.34955721922734,0,night,0,0.0,0,1,0,0,0,0,0,0,0,0,0,0,0,0,0,0,0,0,0,0,0,0,0,0,5,405.1807272819444,560.833410557,372.9620775262778,568.5592018373611,0,1.0,0.0,0,1,1,-169.37931517299307,363.9176662198315,1053.0844672548474,684.0517259136807,840,840,0.3928642528716106,0.7204337806080151
B2,roll_03,mlr,2026-01-31 01:00:00+00:00,2026-01-31 02:00:00+00:00,0,1,2025-12-08T00:00:00+00:00,2026-01-26T00:00:00+00:00,2026-01-26T00:00:00+00:00,2026-02-02T00:00:00+00:00,565.4011130005833,837.5915586406154,-272.19044564003207,0,night,0,0.0,0,1,0,0,0,0,0,0,0,0,0,0,0,0,0,0,0,0,0,0,0,0,0,0,5,403.1378216736112,568.5592018373611,407.8405305781389,560.2704962234167,1,0.9659258262890684,0.2588190451025207,0,1,1,-169.37931517299307,363.9176662198315,1053.0844672548474,684.0517259136807,840,840,0.28251206250848493,0.712933446082415
B2,roll_03,mlr,2026-01-31 02:00:00+00:00,2026-01-31 03:00:00+00:00,0,1,2025-12-08T00:00:00+00:00,2026-01-26T00:00:00+00:00,2026-01-26T00:00:00+00:00,2026-02-02T00:00:00+00:00,568.1319450434166,807.1698232357929,-239.0378781923763,0,night,0,0.0,0,1,0,0,0,0,0,0,0,0,0,0,0,0,0,0,0,0,0,0,0,0,0,0,5,404.9479621853611,560.2704962234167,371.0950655588056,565.4011130005833,2,0.8660254037844387,0.4999999999999999,0,1,1,-169.37931517299307,363.9176662198315,1053.0844672548474,684.0517259136807,840,840,0.1914129746515373,0.7089413034718752
B2,roll_03,mlr,2026-01-31 03:00:00+00:00,2026-01-31 04:00:00+00:00,0,1,2025-12-08T00:00:00+00:00,2026-01-26T00:00:00+00:00,2026-01-26T00:00:00+00:00,2026-02-02T00:00:00+00:00,1108.9278010010555,783.1284777531725,325.79932324788297,0,night,0,0.0,0,1,0,1,1,0,2,0,0,1,0,0,1,0,1,0,0,0,1,0,0,0,0,0,5,402.6522398849167,565.4011130005833,377.9953876609166,568.1319450434166,3,0.7071067811865476,0.7071067811865476,0,1,1,-169.37931517299307,363.9176662198315,1053.0844672548474,684.0517259136807,840,840,1.360688651266943,0.0816361272557551
B2,roll_03,mlr,2026-01-31 04:00:00+00:00,2026-01-31 05:00:00+00:00,0,1,2025-12-08T00:00:00+00:00,2026-01-26T00:00:00+00:00,2026-01-26T00:00:00+00:00,2026-02-02T00:00:00+00:00,1973.961116742889,1135.0325861265292,838.9285306163599,0,night,0,0.0,0,1,0,1,1,0,2,0,0,1,0,0,1,0,1,0,0,0,1,0,0,0,0,0,5,989.5879204678332,568.1319450434166,1042.5099112287778,1108.9278010010555,4,0.5000000000000001,0.8660254037844386,0,1,1,-169.37931517299307,363.9176662198315,1053.0844672548474,684.0517259136807,840,840,2.7707032095008683,1.3462090871242762
B2,roll_03,mlr,2026-01-31 05:00:00+00:00,2026-01-31 06:00:00+00:00,0,1,2025-12-08T00:00:00+00:00,2026-01-26T00:00:00+00:00,2026-01-26T00:00:00+00:00,2026-02-02T00:00:00+00:00,2133.987086771556,1786.6578347492743,347.3292520222815,0,night,0,0.0,0,2,0,0,0,0,0,0,0,0,0,0,0,0,0,0,0,0,0,0,0,0,0,0,5,1683.9951601766388,1108.9278010010555,2043.280496847389,1973.961116742889,5,0.2588190451025207,0.9659258262890684,0,1,1,-169.37931517299307,363.9176662198315,1053.0844672548474,684.0517259136807,840,840,1.4198501890896023,1.5801474926080454
B2,roll_03,mlr,2026-01-31 06:00:00+00:00,2026-01-31 07:00:00+00:00,0,1,2025-12-08T00:00:00+00:00,2026-01-26T00:00:00+00:00,2026-01-26T00:00:00+00:00,2026-02-02T00:00:00+00:00,1020.5726502083334,2005.2312967484213,-984.6586465400882,0,night,0,0.0,0,2,0,0,0,0,0,0,0,0,0,0,0,0,0,0,0,0,0,0,0,0,0,0,5,1902.018428271,1973.961116742889,2356.0469720826945,2133.987086771556,6,6.123233995736766e-17,1.0,0,1,1,-169.37931517299307,363.9176662198315,1053.0844672548474,684.0517259136807,840,840,2.2402851167841074,0.047528302049217576
B2,roll_03,mlr,2026-01-31 07:00:00+00:00,2026-01-31 08:00:00+00:00,0,1,2025-12-08T00:00:00+00:00,2026-01-26T00:00:00+00:00,2026-01-26T00:00:00+00:00,2026-02-02T00:00:00+00:00,419.2874801181944,1314.9220735183226,-895.6345934001281,1,night,0,0.0,0,2,0,0,0,0,0,0,0,0,0,0,0,0,0,0,0,0,0,0,0,0,0,0,5,2166.76233965375,2133.987086771556,2415.724502125278,1020.5726502083334,7,-0.2588190451025206,0.9659258262890684,0,1,1,-169.37931517299307,363.9176662198315,1053.0844672548474,684.0517259136807,840,840,1.995658209646867,0.9265337154000992
B2,roll_03,mlr,2026-01-31 08:00:00+00:00,2026-01-31 09:00:00+00:00,0,1,2025-12-08T00:00:00+00:00,2026-01-26T00:00:00+00:00,2026-01-26T00:00:00+00:00,2026-02-02T00:00:00+00:00,250.3521221068889,760.5243033396338,-510.1721812327448,1,low,0,0.0,0,2,0,0,0,0,0,0,0,0,0,0,0,0,0,0,0,0,0,0,0,0,0,0,5,2056.1787956731946,1020.5726502083334,2088.875723270194,419.2874801181944,8,-0.4999999999999998,0.8660254037844387,0,1,1,-169.37931517299307,363.9176662198315,1053.0844672548474,684.0517259136807,840,840,0.9364559560949953,1.173496556968345
B2,roll_03,mlr,2026-01-31 09:00:00+00:00,2026-01-31 10:00:00+00:00,0,1,2025-12-08T00:00:00+00:00,2026-01-26T00:00:00+00:00,2026-01-26T00:00:00+00:00,2026-02-02T00:00:00+00:00,334.93582907008334,524.448681743751,-189.5128526736676,1,low,0,0.0,0,2,0,0,0,0,0,0,0,0,0,0,0,0,0,0,0,0,0,0,0,0,0,0,5,2110.409867789389,419.2874801181944,1376.5848081650277,250.3521221068889,9,-0.7071067811865475,0.7071067811865476,0,1,1,-169.37931517299307,363.9176662198315,1053.0844672548474,684.0517259136807,840,840,0.055324430137756675,1.0498455174943684
B2,roll_03,mlr,2026-01-31 10:00:00+00:00,2026-01-31 11:00:00+00:00,0,1,2025-12-08T00:00:00+00:00,2026-01-26T00:00:00+00:00,2026-01-26T00:00:00+00:00,2026-02-02T00:00:00+00:00,-25.482023055444444,495.3038580054471,-520.7858810608915,1,low,0,0.0,0,2,0,0,0,0,0,0,0,0,0,0,0,0,0,0,0,0,0,0,0,0,0,0,5,3130.832139515,250.3521221068889,637.5708449115556,334.93582907008334,10,-0.8660254037844387,0.4999999999999999,0,1,1,-169.37931517299307,363.9176662198315,1053.0844672548474,684.0517259136807,840,840,0.9656210690129686,1.5767323572931007
B2,roll_03,mlr,2026-01-31 11:00:00+00:00,2026-01-31 12:00:00+00:00,0,1,2025-12-08T00:00:00+00:00,2026-01-26T00:00:00+00:00,2026-01-26T00:00:00+00:00,2026-02-02T00:00:00+00:00,-362.59401059927774,114.65650449515806,-477.2505150944358,1,med,0,0.0,0,2,1,0,0,0,0,0,0,0,0,0,0,0,0,0,0,0,0,0,0,0,0,0,5,385.99203080291664,334.93582907008334,-1038.640299738972,-25.482023055444444,11,-0.9659258262890682,0.258819045102521,0,1,1,-169.37931517299307,363.9176662198315,1053.0844672548474,684.0517259136807,840,840,0.8459913560103651,2.069548872145916
B2,roll_03,mlr,2026-01-31 12:00:00+00:00,2026-01-31 13:00:00+00:00,0,1,2025-12-08T00:00:00+00:00,2026-01-26T00:00:00+00:00,2026-01-26T00:00:00+00:00,2026-02-02T00:00:00+00:00,-31.184125589083333,-73.91075076794232,42.72662517885898,1,med,0,0.0,0,2,1,0,0,0,0,0,0,0,0,0,0,0,0,0,0,0,0,0,0,0,0,0,5,1016.1453970060834,-25.482023055444444,338.58896643852773,-362.59401059927774,12,-1.0,1.2246467991473532e-16,0,1,1,-169.37931517299307,363.9176662198315,1053.0844672548474,684.0517259136807,840,840,0.5828404610171504,1.585068134132232
B2,roll_03,mlr,2026-01-31 13:00:00+00:00,2026-01-31 14:00:00+00:00,0,1,2025-12-08T00:00:00+00:00,2026-01-26T00:00:00+00:00,2026-01-26T00:00:00+00:00,2026-02-02T00:00:00+00:00,-90.87281389516666,46.54230505042023,-137.41511894558687,1,med,0,0.0,0,2,1,0,0,0,0,0,0,0,0,0,0,0,0,0,0,0,0,0,0,0,0,0,5,1064.5741736199725,-362.59401059927774,-266.5041079402778,-31.184125589083333,13,-0.9659258262890684,-0.2588190451025208,0,1,1,-169.37931517299307,363.9176662198315,1053.0844672548474,684.0517259136807,840,840,0.08783359312954489,1.6723256996713842
B2,roll_03,mlr,2026-01-31 14:00:00+00:00,2026-01-31 15:00:00+00:00,0,1,2025-12-08T00:00:00+00:00,2026-01-26T00:00:00+00:00,2026-01-26T00:00:00+00:00,2026-02-02T00:00:00+00:00,422.2890764387501,74.83533164390712,347.453744794843,1,med,0,0.0,0,3,1,0,0,0,0,0,0,0,0,0,0,0,0,0,0,0,0,0,0,0,0,0,5,1858.781012173056,-31.184125589083333,376.1624140875,-90.87281389516666,14,-0.8660254037844388,-0.4999999999999997,0,1,1,-169.37931517299307,363.9176662198315,1053.0844672548474,684.0517259136807,840,840,1.4201922795790658,0.9221457485156558
B2,roll_03,mlr,2026-01-31 15:00:00+00:00,2026-01-31 16:00:00+00:00,0,1,2025-12-08T00:00:00+00:00,2026-01-26T00:00:00+00:00,2026-01-26T00:00:00+00:00,2026-02-02T00:00:00+00:00,514.5742918275556,511.0207876108319,3.553504216723695,1,low,0,0.0,0,2,0,0,0,0,0,0,0,0,0,0,0,0,0,0,0,0,0,0,0,0,0,0,5,1831.2616717653889,-90.87281389516666,1082.7555175266666,422.2890764387501,15,-0.7071067811865479,-0.7071067811865471,0,1,1,-169.37931517299307,363.9176662198315,1053.0844672548474,684.0517259136807,840,840,0.4751976489243953,0.787236045209899
B2,roll_03,mlr,2026-01-31 16:00:00+00:00,2026-01-31 17:00:00+00:00,0,1,2025-12-08T00:00:00+00:00,2026-01-26T00:00:00+00:00,2026-01-26T00:00:00+00:00,2026-02-02T00:00:00+00:00,555.1924943127777,683.2199210213248,-128.02742670854707,0,night,0,0.0,0,2,0,0,0,0,0,0,0,0,0,0,0,0,0,0,0,0,0,0,0,0,0,0,5,1060.0596002008333,422.2890764387501,1956.864773614972,514.5742918275556,16,-0.5000000000000004,-0.8660254037844385,0,1,1,-169.37931517299307,363.9176662198315,1053.0844672548474,684.0517259136807,840,840,0.11362979130413141,0.7278571986307623
B2,roll_03,mlr,2026-01-31 17:00:00+00:00,2026-01-31 18:00:00+00:00,0,1,2025-12-08T00:00:00+00:00,2026-01-26T00:00:00+00:00,2026-01-26T00:00:00+00:00,2026-02-02T00:00:00+00:00,563.0741589198611,738.1440969096598,-175.06993798979863,0,night,0,0.0,0,2,0,0,0,0,0,0,0,0,0,0,0,0,0,0,0,0,0,0,0,0,0,0,5,992.9213029867224,514.5742918275556,2558.768179305,555.1924943127777,17,-0.2588190451025206,-0.9659258262890684,0,1,1,-169.37931517299307,363.9176662198315,1053.0844672548474,684.0517259136807,840,840,0.015637116152992767,0.7163351684852262
B2,roll_03,mlr,2026-01-31 18:00:00+00:00,2026-01-31 19:00:00+00:00,0,1,2025-12-08T00:00:00+00:00,2026-01-26T00:00:00+00:00,2026-01-26T00:00:00+00:00,2026-02-02T00:00:00+00:00,532.8345183753889,683.7357952501917,-150.90127687480276,0,night,0,0.0,0,2,0,0,0,0,0,0,0,0,0,0,0,0,0,0,0,0,0,0,0,0,0,0,5,1541.1415699855834,555.1924943127777,1987.7934036818888,563.0741589198611,18,-1.8369701987210287e-16,-1.0,0,1,1,-169.37931517299307,363.9176662198315,1053.0844672548474,684.0517259136807,840,840,0.050775326436140356,0.7605418262552676
B2,roll_03,mlr,2026-01-31 19:00:00+00:00,2026-01-31 20:00:00+00:00,0,1,2025-12-08T00:00:00+00:00,2026-01-26T00:00:00+00:00,2026-01-26T00:00:00+00:00,2026-02-02T00:00:00+00:00,552.461400302111,621.6383493040446,-69.17694900193362,0,night,0,0.0,0,1,0,1,1,0,11,0,0,0,1,0,1,0,1,0,0,0,1,0,0,0,0,0,5,1286.9006860100278,563.0741589198611,1676.7119280521667,532.8345183753889,19,0.2588190451025203,-0.9659258262890684,0,1,1,-169.37931517299307,363.9176662198315,1053.0844672548474,684.0517259136807,840,840,0.2753435061614466,0.7318497242062498
B2,roll_03,mlr,2026-01-31 20:00:00+00:00,2026-01-31 21:00:00+00:00,0,1,2025-12-08T00:00:00+00:00,2026-01-26T00:00:00+00:00,2026-01-26T00:00:00+00:00,2026-02-02T00:00:00+00:00,552.9098461985833,588.9990218656717,-36.0891756670884,0,night,0,0.0,0,1,0,1,1,0,11,0,0,0,1,0,1,0,1,0,0,0,1,0,0,0,0,0,5,640.4533153681945,532.8345183753889,1399.5987402705557,552.461400302111,20,0.5000000000000001,-0.8660254037844386,0,1,1,-169.37931517299307,363.9176662198315,1053.0844672548474,684.0517259136807,840,840,0.36626454794142416,0.7311941511267822
B2,roll_03,mlr,2026-01-31 21:00:00+00:00,2026-01-31 22:00:00+00:00,0,1,2025-12-08T00:00:00+00:00,2026-01-26T00:00:00+00:00,2026-01-26T00:00:00+00:00,2026-02-02T00:00:00+00:00,560.803781971389,558.6534815910156,2.150300380373324,0,night,0,0.0,0,1,0,1,1,0,11,0,0,0,1,0,1,0,1,0,0,0,1,0,0,0,0,0,5,584.3161862229999,552.461400302111,1395.9087899032777,552.9098461985833,21,0.7071067811865474,-0.7071067811865477,0,1,1,-169.37931517299307,363.9176662198315,1053.0844672548474,684.0517259136807,840,840,0.4713418211737778,0.7196541820370738
B2,roll_03,mlr,2026-01-31 22:00:00+00:00,2026-01-31 23:00:00+00:00,0,1,2025-12-08T00:00:00+00:00,2026-01-26T00:00:00+00:00,2026-01-26T00:00:00+00:00,2026-02-02T00:00:00+00:00,565.2245665261389,482.2238918222565,83.0006747038824,0,night,0,0.0,0,1,0,1,1,0,11,0,0,0,1,0,1,0,1,0,0,0,1,0,0,0,0,0,5,518.3547093412777,552.9098461985833,617.2218638224722,560.803781971389,22,0.8660254037844384,-0.5000000000000004,0,1,1,-169.37931517299307,363.9176662198315,1053.0844672548474,684.0517259136807,840,840,0.6935084864069788,0.7131915354457722
B2,roll_03,mlr,2026-01-31 23:00:00+00:00,2026-02-01 00:00:00+00:00,0,1,2025-12-08T00:00:00+00:00,2026-01-26T00:00:00+00:00,2026-01-26T00:00:00+00:00,2026-02-02T00:00:00+00:00,564.1097782727777,448.164031403221,115.94574686955671,0,night,0,0.0,0,1,0,1,1,0,11,0,0,0,1,0,1,0,1,0,0,0,1,0,0,0,0,0,5,430.99813492583326,560.803781971389,560.833410557,565.2245665261389,23,0.965925826289068,-0.2588190451025215,0,1,1,-169.37931517299307,363.9176662198315,1053.0844672548474,684.0517259136807,840,840,0.784037403312522,0.7148212195926431
B2,roll_03,mlr,2026-02-01 00:00:00+00:00,2026-02-01 01:00:00+00:00,0,1,2025-12-08T00:00:00+00:00,2026-01-26T00:00:00+00:00,2026-01-26T00:00:00+00:00,2026-02-02T00:00:00+00:00,533.409867254,890.899465962573,-357.489598708573,0,night,0,0.0,0,1,0,1,1,0,11,0,0,0,1,0,1,0,1,0,0,0,1,0,0,0,0,0,6,377.7188413770555,565.2245665261389,568.5592018373611,564.1097782727777,0,1.0,0.0,0,1,2,-169.37931517299307,363.9176662198315,1053.0844672548474,684.0517259136807,840,840,0.5169034124931662,0.7597007365294247
B2,roll_03,mlr,2026-02-01 01:00:00+00:00,2026-02-01 02:00:00+00:00,0,1,2025-12-08T00:00:00+00:00,2026-01-26T00:00:00+00:00,2026-01-26T00:00:00+00:00,2026-02-02T00:00:00+00:00,562.5751383565,838.0770666948929,-275.5019283383929,0,night,0,0.0,0,1,0,1,1,0,11,0,0,0,0,1,1,0,1,0,0,0,1,0,0,0,0,0,6,364.4423996903056,564.1097782727777,560.2704962234167,533.409867254,1,0.9659258262890684,0.2588190451025207,0,1,2,-169.37931517299307,363.9176662198315,1053.0844672548474,684.0517259136807,840,840,0.2916116006890811,0.7170646755450828
B2,roll_03,mlr,2026-02-01 02:00:00+00:00,2026-02-01 03:00:00+00:00,0,1,2025-12-08T00:00:00+00:00,2026-01-26T00:00:00+00:00,2026-01-26T00:00:00+00:00,2026-02-02T00:00:00+00:00,534.4757679513611,822.1284173987827,-287.6526494474216,0,night,0,0.0,0,1,0,1,1,0,11,0,0,0,0,1,1,0,1,0,0,0,1,0,0,0,0,0,6,384.5271624152222,533.409867254,565.4011130005833,562.5751383565,2,0.8660254037844387,0.4999999999999999,0,1,2,-169.37931517299307,363.9176662198315,1053.0844672548474,684.0517259136807,840,840,0.3250002548735384,0.7581425200130678
B2,roll_03,mlr,2026-02-01 03:00:00+00:00,2026-02-01 04:00:00+00:00,0,1,2025-12-08T00:00:00+00:00,2026-01-26T00:00:00+00:00,2026-01-26T00:00:00+00:00,2026-02-02T00:00:00+00:00,559.3680544099722,781.4882576421579,-222.12020323218576,0,night,0,0.0,0,1,0,1,1,0,11,0,0,0,0,1,1,0,1,0,0,0,1,0,0,0,0,0,6,395.30640441158334,562.5751383565,568.1319450434166,534.4757679513611,3,0.7071067811865476,0.7071067811865476,0,1,2,-169.37931517299307,363.9176662198315,1053.0844672548474,684.0517259136807,840,840,0.14492533052059509,0.7217530402184476
B2,roll_03,mlr,2026-02-01 04:00:00+00:00,2026-02-01 05:00:00+00:00,0,1,2025-12-08T00:00:00+00:00,2026-01-26T00:00:00+00:00,2026-01-26T00:00:00+00:00,2026-02-02T00:00:00+00:00,555.9197919330833,796.9260295586396,-241.0062376255563,0,night,0,0.0,0,1,0,1,1,0,11,0,0,0,0,1,1,0,1,0,0,0,1,0,0,0,0,0,6,963.782436518,534.4757679513611,1108.9278010010555,559.3680544099722,4,0.5000000000000001,0.8660254037844386,0,1,2,-169.37931517299307,363.9176662198315,1053.0844672548474,684.0517259136807,840,840,0.19682177893857894,0.7267939784198432
B2,roll_03,mlr,2026-02-01 05:00:00+00:00,2026-02-01 06:00:00+00:00,0,1,2025-12-08T00:00:00+00:00,2026-01-26T00:00:00+00:00,2026-01-26T00:00:00+00:00,2026-02-02T00:00:00+00:00,1160.5435193141388,823.5739593012217,336.9695600129171,0,night,0,0.0,0,1,0,1,1,0,11,0,0,0,0,1,1,0,1,0,0,0,1,0,0,0,0,0,6,1696.815230154389,559.3680544099722,1973.961116742889,555.9197919330833,5,0.2588190451025207,0.9659258262890684,0,1,2,-169.37931517299307,363.9176662198315,1053.0844672548474,684.0517259136807,840,840,1.3913830577272397,0.15709199756167497
B2,roll_03,mlr,2026-02-01 06:00:00+00:00,2026-02-01 07:00:00+00:00,0,1,2025-12-08T00:00:00+00:00,2026-01-26T00:00:00+00:00,2026-01-26T00:00:00+00:00,2026-02-02T00:00:00+00:00,691.6709654138334,1199.4200088430002,-507.7490434291668,0,night,0,0.0,0,1,0,0,0,0,0,0,0,0,0,0,0,0,0,0,0,0,0,0,0,0,0,0,6,1659.7306816588614,555.9197919330833,2133.987086771556,1160.5435193141388,6,6.123233995736766e-17,1.0,0,1,2,-169.37931517299307,363.9176662198315,1053.0844672548474,684.0517259136807,840,840,0.9297974780146423,0.5283423579675612
B2,roll_03,mlr,2026-02-01 07:00:00+00:00,2026-02-01 08:00:00+00:00,0,1,2025-12-08T00:00:00+00:00,2026-01-26T00:00:00+00:00,2026-01-26T00:00:00+00:00,2026-02-02T00:00:00+00:00,1089.2109433604444,900.4842307630437,188.7267125974007,1,night,0,0.0,0,1,0,0,0,0,0,0,0,0,0,0,0,0,0,0,0,0,0,0,0,0,0,0,6,2231.1363579284443,1160.5435193141388,1020.5726502083334,691.6709654138334,7,-0.2588190451025206,0.9659258262890684,0,1,2,-169.37931517299307,363.9176662198315,1053.0844672548474,684.0517259136807,840,840,0.984030348100971,0.05281249171229452
B2,roll_03,mlr,2026-02-01 08:00:00+00:00,2026-02-01 09:00:00+00:00,0,1,2025-12-08T00:00:00+00:00,2026-01-26T00:00:00+00:00,2026-01-26T00:00:00+00:00,2026-02-02T00:00:00+00:00,303.2054646118889,1043.906918694529,-740.7014540826401,1,low,0,0.0,0,2,0,0,0,0,0,0,0,0,0,0,0,0,0,0,0,0,0,0,0,0,0,0,6,2238.324116505972,691.6709654138334,419.2874801181944,1089.2109433604444,8,-0.4999999999999998,0.8660254037844387,0,1,2,-169.37931517299307,363.9176662198315,1053.0844672548474,684.0517259136807,840,840,1.56992141888635,1.0962314313897141
B2,roll_03,mlr,2026-02-01 09:00:00+00:00,2026-02-01 10:00:00+00:00,0,1,2025-12-08T00:00:00+00:00,2026-01-26T00:00:00+00:00,2026-01-26T00:00:00+00:00,2026-02-02T00:00:00+00:00,306.5586802728889,585.3936128170907,-278.83493254420176,1,low,0,0.0,0,2,0,0,0,0,0,0,0,0,0,0,0,0,0,0,0,0,0,0,0,0,0,0,6,2327.768168646222,1089.2109433604444,250.3521221068889,303.2054646118889,9,-0.7071067811865475,0.7071067811865476,0,1,2,-169.37931517299307,363.9176662198315,1053.0844672548474,684.0517259136807,840,840,0.3007702772667538,1.0913294400139577
B2,roll_03,mlr,2026-02-01 10:00:00+00:00,2026-02-01 11:00:00+00:00,0,1,2025-12-08T00:00:00+00:00,2026-01-26T00:00:00+00:00,2026-01-26T00:00:00+00:00,2026-02-02T00:00:00+00:00,298.92543760088887,475.1251298643811,-176.19969226349224,1,low,0,0.0,0,2,0,0,0,0,0,0,0,0,0,0,0,0,0,0,0,0,0,0,0,0,0,0,6,3079.3561128761667,303.2054646118889,334.93582907008334,306.5586802728889,10,-0.8660254037844387,0.4999999999999999,0,1,2,-169.37931517299307,363.9176662198315,1053.0844672548474,684.0517259136807,840,840,0.018741538879783824,1.1024883076592433
B2,roll_03,mlr,2026-02-01 11:00:00+00:00,2026-02-01 12:00:00+00:00,0,1,2025-12-08T00:00:00+00:00,2026-01-26T00:00:00+00:00,2026-01-26T00:00:00+00:00,2026-02-02T00:00:00+00:00,73.55411946638888,467.4601473738895,-393.90602790750063,1,low,0,0.0,0,2,0,0,0,0,0,0,0,0,0,0,0,0,0,0,0,0,0,0,0,0,0,0,6,1060.977643347722,306.5586802728889,-25.482023055444444,298.92543760088887,11,-0.9659258262890682,0.258819045102521,0,1,2,-169.37931517299307,363.9176662198315,1053.0844672548474,684.0517259136807,840,840,0.6169711821543663,1.4319536237995893
B2,roll_03,mlr,2026-02-01 12:00:00+00:00,2026-02-01 13:00:00+00:00,0,1,2025-12-08T00:00:00+00:00,2026-01-26T00:00:00+00:00,2026-01-26T00:00:00+00:00,2026-02-02T00:00:00+00:00,151.58054217927778,292.28029086809795,-140.69974868882016,1,med,0,0.0,0,2,0,0,0,0,0,0,0,0,0,0,0,0,0,0,0,0,0,0,0,0,0,0,6,1745.3068945306666,298.92543760088887,-362.59401059927774,73.55411946638888,12,-1.0,1.2246467991473532e-16,0,1,2,-169.37931517299307,363.9176662198315,1053.0844672548474,684.0517259136807,840,840,0.07880784349405137,1.317888532291093
B2,roll_03,mlr,2026-02-01 13:00:00+00:00,2026-02-01 14:00:00+00:00,0,1,2025-12-08T00:00:00+00:00,2026-01-26T00:00:00+00:00,2026-01-26T00:00:00+00:00,2026-02-02T00:00:00+00:00,1336.6438164391946,334.4098942959845,1002.23392214321,1,med,0,0.0,0,2,0,0,0,0,0,0,0,0,0,0,0,0,0,0,0,0,0,0,0,0,0,0,6,906.8727746182224,73.55411946638888,-31.184125589083333,151.58054217927778,13,-0.9659258262890684,-0.2588190451025208,0,1,2,-169.37931517299307,363.9176662198315,1053.0844672548474,684.0517259136807,840,840,3.2194458968872026,0.41452910422176037
B2,roll_03,mlr,2026-02-01 14:00:00+00:00,2026-02-01 15:00:00+00:00,0,1,2025-12-08T00:00:00+00:00,2026-01-26T00:00:00+00:00,2026-01-26T00:00:00+00:00,2026-02-02T00:00:00+00:00,1896.0841900744165,1072.8312288482175,823.252961226199,1,med,0,0.0,0,2,0,0,0,0,0,0,0,0,0,0,0,0,0,0,0,0,0,0,0,0,0,0,6,1490.25308828425,151.58054217927778,-90.87281389516666,1336.6438164391946,14,-0.8660254037844388,-0.4999999999999997,0,1,2,-169.37931517299307,363.9176662198315,1053.0844672548474,684.0517259136807,840,840,2.727628715335774,1.2323625405572705
B2,roll_03,mlr,2026-02-01 15:00:00+00:00,2026-02-01 16:00:00+00:00,0,1,2025-12-08T00:00:00+00:00,2026-01-26T00:00:00+00:00,2026-01-26T00:00:00+00:00,2026-02-02T00:00:00+00:00,2484.501672130778,1609.2501017984357,875.2515703323425,1,low,0,0.0,0,2,0,0,0,0,0,0,0,0,0,0,0,0,0,0,0,0,0,0,0,0,0,0,6,924.6930943503612,1336.6438164391946,422.2890764387501,1896.0841900744165,15,-0.7071067811865479,-0.7071067811865471,0,1,2,-169.37931517299307,363.9176662198315,1053.0844672548474,684.0517259136807,840,840,2.8705143566025892,2.0925569670393007
B2,roll_03,mlr,2026-02-01 16:00:00+00:00,2026-02-01 17:00:00+00:00,0,1,2025-12-08T00:00:00+00:00,2026-01-26T00:00:00+00:00,2026-01-26T00:00:00+00:00,2026-02-02T00:00:00+00:00,2486.544613380472,2033.4619221266207,453.0826912538514,0,night,0,0.0,0,2,0,0,0,0,0,0,0,0,0,0,0,0,0,0,0,0,0,0,0,0,0,0,6,1936.265559235028,1896.0841900744165,514.5742918275556,2484.501672130778,16,-0.5000000000000004,-0.8660254037844385,0,1,2,-169.37931517299307,363.9176662198315,1053.0844672548474,684.0517259136807,840,840,1.7104473462160374,2.0955434974028715
B2,roll_03,mlr,2026-02-01 17:00:00+00:00,2026-02-01 18:00:00+00:00,0,1,2025-12-08T00:00:00+00:00,2026-01-26T00:00:00+00:00,2026-01-26T00:00:00+00:00,2026-02-02T00:00:00+00:00,2612.5492478209444,2105.536863377728,507.0123844432164,0,night,0,0.0,0,2,0,0,0,0,0,0,0,0,0,0,0,0,0,0,0,0,0,0,0,0,0,0,6,1053.6913190111388,2484.501672130778,555.1924943127777,2486.544613380472,17,-0.2588190451025206,-0.9659258262890684,0,1,2,-169.37931517299307,363.9176662198315,1053.0844672548474,684.0517259136807,840,840,1.8586393637939578,2.279746869263631
B2,roll_03,mlr,2026-02-01 18:00:00+00:00,2026-02-01 19:00:00+00:00,0,1,2025-12-08T00:00:00+00:00,2026-01-26T00:00:00+00:00,2026-01-26T00:00:00+00:00,2026-02-02T00:00:00+00:00,3017.157618471861,2161.5172723836395,855.6403460882216,0,night,0,0.0,0,2,0,0,0,0,0,0,0,0,0,0,0,0,0,0,0,0,0,0,0,0,0,0,6,1042.3809986754163,2486.544613380472,563.0741589198611,2612.5492478209444,18,-1.8369701987210287e-16,-1.0,0,1,2,-169.37931517299307,363.9176662198315,1053.0844672548474,684.0517259136807,840,840,2.816625177635734,2.8712348449872294
B2,roll_03,mlr,2026-02-01 19:00:00+00:00,2026-02-01 20:00:00+00:00,0,1,2025-12-08T00:00:00+00:00,2026-01-26T00:00:00+00:00,2026-01-26T00:00:00+00:00,2026-02-02T00:00:00+00:00,2133.137917275778,2405.548666602561,-272.41074932678293,0,night,0,0.0,0,1,0,0,0,0,0,0,0,0,0,0,0,0,0,0,0,0,0,0,0,0,0,0,6,849.7813898698611,2612.5492478209444,532.8345183753889,3017.157618471861,19,0.2588190451025203,-0.9659258262890684,0,1,2,-169.37931517299307,363.9176662198315,1053.0844672548474,684.0517259136807,840,840,0.28311742934609757,1.5789061106136595
B2,roll_03,mlr,2026-02-01 20:00:00+00:00,2026-02-01 21:00:00+00:00,0,1,2025-12-08T00:00:00+00:00,2026-01-26T00:00:00+00:00,2026-01-26T00:00:00+00:00,2026-02-02T00:00:00+00:00,952.1327068525555,1873.927403005693,-921.7946961531376,0,night,0,0.0,0,1,0,0,0,0,0,0,0,0,0,0,0,0,0,0,0,0,0,0,0,0,0,0,6,739.4192231492499,3017.157618471861,552.461400302111,2133.137917275778,20,0.5000000000000001,-0.8660254037844386,0,1,2,-169.37931517299307,363.9176662198315,1053.0844672548474,684.0517259136807,840,840,2.067542883520344,0.14757913265616227
B2,roll_03,mlr,2026-02-01 21:00:00+00:00,2026-02-01 22:00:00+00:00,0,1,2025-12-08T00:00:00+00:00,2026-01-26T00:00:00+00:00,2026-01-26T00:00:00+00:00,2026-02-02T00:00:00+00:00,1463.8755507140277,979.5025652450854,484.3729854689423,0,night,0,0.0,0,1,0,0,0,0,0,0,0,0,0,0,0,0,0,0,0,0,0,0,0,0,0,0,6,575.8166761095833,2133.137917275778,552.9098461985833,952.1327068525555,21,0.7071067811865474,-0.7071067811865477,0,1,2,-169.37931517299307,363.9176662198315,1053.0844672548474,684.0517259136807,840,840,1.7964291413295215,0.6005263460310564
B2,roll_03,persistence,2026-01-25 23:00:00+00:00,2026-01-26 00:00:00+00:00,0,1,2025-12-08T00:00:00+00:00,2026-01-26T00:00:00+00:00,2026-01-26T00:00:00+00:00,2026-02-02T00:00:00+00:00,369.4281183008611,401.8299940770556,-32.40187577619446,0,night,0,0.0,0,1,0,0,0,0,0,0,0,0,0,0,0,0,0,0,0,0,0,0,0,0,0,0,6,371.8011446672778,367.5400825782778,430.99813492583326,401.8299940770556,23,0.965925826289068,-0.2588190451025215,0,1,1,-4.087827328708443,257.33249462531967,1072.5309976097637,699.2838500327638,1008,1008,0.11002904428650465,1.0054613434529625
B2,roll_03,persistence,2026-01-26 00:00:00+00:00,2026-01-26 01:00:00+00:00,0,1,2025-12-08T00:00:00+00:00,2026-01-26T00:00:00+00:00,2026-01-26T00:00:00+00:00,2026-02-02T00:00:00+00:00,418.7639288361667,369.4281183008611,49.3358105353056,0,night,0,0.0,0,1,0,0,0,0,0,0,0,0,0,0,0,0,0,0,0,0,0,0,0,0,0,0,0,368.0171135468333,401.8299940770556,377.7188413770555,369.4281183008611,0,1.0,0.0,0,0,1,-4.087827328708443,257.33249462531967,1072.5309976097637,699.2838500327638,1008,1008,0.20760548698600903,0.9349094344778102
B2,roll_03,persistence,2026-01-26 01:00:00+00:00,2026-01-26 02:00:00+00:00,0,1,2025-12-08T00:00:00+00:00,2026-01-26T00:00:00+00:00,2026-01-26T00:00:00+00:00,2026-02-02T00:00:00+00:00,391.5396551361389,418.7639288361667,-27.224273700027823,0,night,0,0.0,0,1,0,0,0,0,0,0,0,0,0,0,0,0,0,0,0,0,0,0,0,0,0,0,0,370.43651664125,369.4281183008611,364.4423996903056,418.7639288361667,1,0.9659258262890684,0.2588190451025207,0,0,1,-4.087827328708443,257.33249462531967,1072.5309976097637,699.2838500327638,1008,1008,0.08990876338803004,0.973841083905653
B2,roll_03,persistence,2026-01-26 02:00:00+00:00,2026-01-26 03:00:00+00:00,0,1,2025-12-08T00:00:00+00:00,2026-01-26T00:00:00+00:00,2026-01-26T00:00:00+00:00,2026-02-02T00:00:00+00:00,371.4401780996666,391.5396551361389,-20.099477036472308,0,night,0,0.0,0,1,0,0,0,0,0,0,0,0,0,0,0,0,0,0,0,0,0,0,0,0,0,0,0,382.0239495386389,418.7639288361667,384.5271624152222,391.5396551361389,2,0.8660254037844387,0.4999999999999999,0,0,1,-4.087827328708443,257.33249462531967,1072.5309976097637,699.2838500327638,1008,1008,0.06222163948271317,1.0025840286133432
B2,roll_03,persistence,2026-01-26 03:00:00+00:00,2026-01-26 04:00:00+00:00,0,1,2025-12-08T00:00:00+00:00,2026-01-26T00:00:00+00:00,2026-01-26T00:00:00+00:00,2026-02-02T00:00:00+00:00,1028.218939733639,371.4401780996666,656.7787616339724,0,night,0,0.0,0,1,0,1,1,0,1,0,0,1,0,0,1,0,1,0,0,0,1,0,0,0,0,0,0,368.1878588306667,391.5396551361389,395.30640441158334,371.4401780996666,3,0.7071067811865476,0.7071067811865476,0,0,1,-4.087827328708443,257.33249462531967,1072.5309976097637,699.2838500327638,1008,1008,2.568142783230363,0.0633677695746135
B2,roll_03,persistence,2026-01-26 04:00:00+00:00,2026-01-26 05:00:00+00:00,0,1,2025-12-08T00:00:00+00:00,2026-01-26T00:00:00+00:00,2026-01-26T00:00:00+00:00,2026-02-02T00:00:00+00:00,2114.055589798917,1028.218939733639,1085.836650065278,0,night,0,0.0,0,1,0,0,0,0,0,0,0,0,0,0,0,0,0,0,0,0,0,0,0,0,0,0,0,956.6022458266112,371.4401780996666,963.782436518,1028.218939733639,4,0.5000000000000001,0.8660254037844386,0,0,1,-4.087827328708443,257.33249462531967,1072.5309976097637,699.2838500327638,1008,1008,4.23547161807503,1.4894160534958076
B2,roll_03,persistence,2026-01-26 05:00:00+00:00,2026-01-26 06:00:00+00:00,0,1,2025-12-08T00:00:00+00:00,2026-01-26T00:00:00+00:00,2026-01-26T00:00:00+00:00,2026-02-02T00:00:00+00:00,2600.770309974528,2114.055589798917,486.7147201756111,0,night,0,0.0,0,1,0,0,0,0,0,0,0,0,0,0,0,0,0,0,0,0,0,0,0,0,0,0,0,2097.5119466174724,1028.218939733639,1696.815230154389,2114.055589798917,5,0.2588190451025207,0.9659258262890684,0,0,1,-4.087827328708443,257.33249462531967,1072.5309976097637,699.2838500327638,1008,1008,1.9072700018664028,2.1854348735397813
B2,roll_03,persistence,2026-01-26 06:00:00+00:00,2026-01-26 07:00:00+00:00,0,1,2025-12-08T00:00:00+00:00,2026-01-26T00:00:00+00:00,2026-01-26T00:00:00+00:00,2026-02-02T00:00:00+00:00,2010.6085535996945,2600.770309974528,-590.1617563748337,0,night,0,0.0,0,1,0,0,0,0,0,0,0,0,0,0,0,0,0,0,0,0,0,0,0,0,0,0,0,2207.624277541472,2114.055589798917,1659.7306816588614,2600.770309974528,6,6.123233995736766e-17,1.0,0,0,1,-4.087827328708443,257.33249462531967,1072.5309976097637,699.2838500327638,1008,1008,2.27749678445957,1.3414832273703714
B2,roll_03,persistence,2026-01-26 07:00:00+00:00,2026-01-26 08:00:00+00:00,0,1,2025-12-08T00:00:00+00:00,2026-01-26T00:00:00+00:00,2026-01-26T00:00:00+00:00,2026-02-02T00:00:00+00:00,1665.4681254328334,2010.6085535996945,-345.14042816686106,1,low,0,0.0,0,1,0,0,0,0,0,0,0,0,0,0,0,0,0,0,0,0,0,0,0,0,0,0,0,743.501432477222,2600.770309974528,2231.1363579284443,2010.6085535996945,7,-0.2588190451025206,0.9659258262890684,0,0,1,-4.087827328708443,257.33249462531967,1072.5309976097637,699.2838500327638,1008,1008,1.3253382606605155,0.8479205229683033
B2,roll_03,persistence,2026-01-26 08:00:00+00:00,2026-01-26 09:00:00+00:00,0,1,2025-12-08T00:00:00+00:00,2026-01-26T00:00:00+00:00,2026-01-26T00:00:00+00:00,2026-02-02T00:00:00+00:00,1007.3270680508888,1665.4681254328334,-658.1410573819446,1,low,0,0.0,0,1,0,0,0,0,0,0,0,0,0,0,0,0,0,0,0,0,0,0,0,0,0,0,0,1602.210022772833,2010.6085535996945,2238.324116505972,1665.4681254328334,8,-0.4999999999999998,0.8660254037844387,0,0,1,-4.087827328708443,257.33249462531967,1072.5309976097637,699.2838500327638,1008,1008,2.5416659136093496,0.09324386592915014
B2,roll_03,persistence,2026-01-26 09:00:00+00:00,2026-01-26 10:00:00+00:00,0,1,2025-12-08T00:00:00+00:00,2026-01-26T00:00:00+00:00,2026-01-26T00:00:00+00:00,2026-02-02T00:00:00+00:00,-569.4865977234444,1007.3270680508888,-1576.8136657743332,1,med,0,0.0,0,2,0,0,0,0,0,0,0,0,0,0,0,0,0,0,0,0,0,0,0,0,0,0,0,401.86281383952775,1665.4681254328334,2327.768168646222,1007.3270680508888,9,-0.7071067811865475,0.7071067811865476,0,0,1,-4.087827328708443,257.33249462531967,1072.5309976097637,699.2838500327638,1008,1008,6.111648825133955,2.3481417385175907
B2,roll_03,persistence,2026-01-26 10:00:00+00:00,2026-01-26 11:00:00+00:00,0,1,2025-12-08T00:00:00+00:00,2026-01-26T00:00:00+00:00,2026-01-26T00:00:00+00:00,2026-02-02T00:00:00+00:00,-741.4332030484165,-569.4865977234444,-171.9466053249721,1,high,0,0.0,0,2,1,0,0,0,0,0,0,0,0,0,0,0,0,0,0,0,0,0,0,0,0,0,0,799.5036943302779,1007.3270680508888,3079.3561128761667,-569.4865977234444,10,-0.8660254037844387,0.4999999999999999,0,0,1,-4.087827328708443,257.33249462531967,1072.5309976097637,699.2838500327638,1008,1008,0.652303076767156,2.5940313087070295
B2,roll_03,persistence,2026-01-26 11:00:00+00:00,2026-01-26 12:00:00+00:00,0,1,2025-12-08T00:00:00+00:00,2026-01-26T00:00:00+00:00,2026-01-26T00:00:00+00:00,2026-02-02T00:00:00+00:00,-1079.799870834083,-741.4332030484165,-338.3666677856665,1,high,0,0.0,0,2,1,0,0,0,0,0,0,0,0,0,0,0,0,0,0,0,0,0,0,0,0,0,0,764.1083921755,-569.4865977234444,1060.977643347722,-741.4332030484165,11,-0.9659258262890682,0.258819045102521,0,0,1,-4.087827328708443,257.33249462531967,1072.5309976097637,699.2838500327638,1008,1008,1.2990152718321621,3.0779073023679913
B2,roll_03,persistence,2026-01-26 12:00:00+00:00,2026-01-26 13:00:00+00:00,0,1,2025-12-08T00:00:00+00:00,2026-01-26T00:00:00+00:00,2026-01-26T00:00:00+00:00,2026-02-02T00:00:00+00:00,94.50215176250003,-1079.799870834083,1174.3020225965831,1,high,0,0.0,0,2,1,0,0,0,0,0,0,0,0,0,0,0,0,0,0,0,0,0,0,0,0,0,0,135.93812644077775,-741.4332030484165,1745.3068945306666,-1079.799870834083,12,-1.0,1.2246467991473532e-16,0,0,1,-4.087827328708443,257.33249462531967,1072.5309976097637,699.2838500327638,1008,1008,4.579250092923735,1.3986149484239336
B2,roll_03,persistence,2026-01-26 13:00:00+00:00,2026-01-26 14:00:00+00:00,0,1,2025-12-08T00:00:00+00:00,2026-01-26T00:00:00+00:00,2026-01-26T00:00:00+00:00,2026-02-02T00:00:00+00:00,-184.2188756273056,94.50215176250003,-278.7210273898056,1,high,0,0.0,0,3,0,0,0,0,0,0,0,0,0,0,0,0,0,0,0,0,0,0,0,0,0,0,0,227.14875664072224,-1079.799870834083,906.8727746182224,94.50215176250003,13,-0.9659258262890684,-0.2588190451025208,0,0,1,-4.087827328708443,257.33249462531967,1072.5309976097637,699.2838500327638,1008,1008,1.0672309397263164,1.7971956211747009
B2,roll_03,persistence,2026-01-26 14:00:00+00:00,2026-01-26 15:00:00+00:00,0,1,2025-12-08T00:00:00+00:00,2026-01-26T00:00:00+00:00,2026-01-26T00:00:00+00:00,2026-02-02T00:00:00+00:00,297.8340901346389,-184.2188756273056,482.0529657619445,1,med,0,0.0,0,3,1,0,0,0,0,0,0,0,0,0,0,0,0,0,0,0,0,0,0,0,0,0,0,1951.074940760889,94.50215176250003,1490.25308828425,-184.2188756273056,14,-0.8660254037844388,-0.4999999999999997,0,0,1,-4.087827328708443,257.33249462531967,1072.5309976097637,699.2838500327638,1008,1008,1.8891543168634102,1.1078432705672063
B2,roll_03,persistence,2026-01-26 15:00:00+00:00,2026-01-26 16:00:00+00:00,0,1,2025-12-08T00:00:00+00:00,2026-01-26T00:00:00+00:00,2026-01-26T00:00:00+00:00,2026-02-02T00:00:00+00:00,931.8924169395276,297.8340901346389,634.0583268048887,1,low,0,0.0,0,3,0,0,0,0,0,0,0,0,0,0,0,0,0,0,0,0,0,0,0,0,0,0,0,806.2876032480555,-184.2188756273056,924.6930943503612,297.8340901346389,15,-0.7071067811865479,-0.7071067811865471,0,0,1,-4.087827328708443,257.33249462531967,1072.5309976097637,699.2838500327638,1008,1008,2.479850650275428,0.20111801618705588
B2,roll_03,persistence,2026-01-26 16:00:00+00:00,2026-01-26 17:00:00+00:00,0,1,2025-12-08T00:00:00+00:00,2026-01-26T00:00:00+00:00,2026-01-26T00:00:00+00:00,2026-02-02T00:00:00+00:00,2682.2788242863057,931.8924169395276,1750.386407346778,0,night,0,0.0,0,2,0,0,0,0,0,0,0,0,0,0,0,0,0,0,0,0,0,0,0,0,0,0,0,738.6692789706944,297.8340901346389,1936.265559235028,931.8924169395276,16,-0.5000000000000004,-0.8660254037844385,0,0,1,-4.087827328708443,257.33249462531967,1072.5309976097637,699.2838500327638,1008,1008,6.8179272782088,2.3019948574546945
B2,roll_03,persistence,2026-01-26 17:00:00+00:00,2026-01-26 18:00:00+00:00,0,1,2025-12-08T00:00:00+00:00,2026-01-26T00:00:00+00:00,2026-01-26T00:00:00+00:00,2026-02-02T00:00:00+00:00,1447.201125872611,2682.2788242863057,-1235.0776984136946,0,night,0,0.0,0,2,0,0,0,0,0,0,0,0,0,0,0,0,0,0,0,0,0,0,0,0,0,0,0,1883.6500829357776,931.8924169395276,1053.6913190111388,2682.2788242863057,17,-0.2588190451025206,-0.9659258262890684,0,0,1,-4.087827328708443,257.33249462531967,1072.5309976097637,699.2838500327638,1008,1008,4.783654986430406,0.5357911930116688
B2,roll_03,persistence,2026-01-26 18:00:00+00:00,2026-01-26 19:00:00+00:00,0,1,2025-12-08T00:00:00+00:00,2026-01-26T00:00:00+00:00,2026-01-26T00:00:00+00:00,2026-02-02T00:00:00+00:00,1800.8310691792778,1447.201125872611,353.62994330666675,0,night,0,0.0,0,2,0,0,0,0,0,0,0,0,0,0,0,0,0,0,0,0,0,0,0,0,0,0,0,1098.2935032161668,2682.2788242863057,1042.3809986754163,1447.201125872611,18,-1.8369701987210287e-16,-1.0,0,0,1,-4.087827328708443,257.33249462531967,1072.5309976097637,699.2838500327638,1008,1008,1.3900994942602105,1.0414941965775284
B2,roll_03,persistence,2026-01-26 19:00:00+00:00,2026-01-26 20:00:00+00:00,0,1,2025-12-08T00:00:00+00:00,2026-01-26T00:00:00+00:00,2026-01-26T00:00:00+00:00,2026-02-02T00:00:00+00:00,1879.5046675005,1800.8310691792778,78.67359832122224,0,night,0,0.0,0,2,0,0,0,0,0,0,0,0,0,0,0,0,0,0,0,0,0,0,0,0,0,0,0,1096.4852710823889,1447.201125872611,849.7813898698611,1800.8310691792778,19,0.2588190451025203,-0.9659258262890684,0,0,1,-4.087827328708443,257.33249462531967,1072.5309976097637,699.2838500327638,1008,1008,0.32161280591645713,1.1540001529463706
B2,roll_03,persistence,2026-01-26 20:00:00+00:00,2026-01-26 21:00:00+00:00,0,1,2025-12-08T00:00:00+00:00,2026-01-26T00:00:00+00:00,2026-01-26T00:00:00+00:00,2026-02-02T00:00:00+00:00,982.8754678472778,1879.5046675005,-896.6291996532223,0,night,0,0.0,0,1,0,0,0,0,0,0,0,0,0,0,0,0,0,0,0,0,0,0,0,0,0,0,0,852.2087300646944,1800.8310691792778,739.4192231492499,1879.5046675005,20,0.5000000000000001,-0.8660254037844386,0,0,1,-4.087827328708443,257.33249462531967,1072.5309976097637,699.2838500327638,1008,1008,3.468436326411356,0.12821049672216117
B2,roll_03,persistence,2026-01-26 21:00:00+00:00,2026-01-26 22:00:00+00:00,0,1,2025-12-08T00:00:00+00:00,2026-01-26T00:00:00+00:00,2026-01-26T00:00:00+00:00,2026-02-02T00:00:00+00:00,411.4689791798889,982.8754678472778,-571.4064886673889,0,night,0,0.0,0,1,0,0,0,0,0,0,0,0,0,0,0,0,0,0,0,0,0,0,0,0,0,0,0,568.0186646560555,1879.5046675005,575.8166761095833,982.8754678472778,21,0.7071067811865474,-0.7071067811865477,0,0,1,-4.087827328708443,257.33249462531967,1072.5309976097637,699.2838500327638,1008,1008,2.2046133822497063,0.9453414638403301
B2,roll_03,persistence,2026-01-26 22:00:00+00:00,2026-01-26 23:00:00+00:00,0,1,2025-12-08T00:00:00+00:00,2026-01-26T00:00:00+00:00,2026-01-26T00:00:00+00:00,2026-02-02T00:00:00+00:00,370.9779513775556,411.4689791798889,-40.49102780233329,0,night,0,0.0,0,1,0,0,0,0,0,0,0,0,0,0,0,0,0,0,0,0,0,0,0,0,0,0,0,461.19813976011113,982.8754678472778,367.5400825782778,411.4689791798889,22,0.8660254037844384,-0.5000000000000004,0,0,1,-4.087827328708443,257.33249462531967,1072.5309976097637,699.2838500327638,1008,1008,0.14146367533812046,1.0032450287523986
B2,roll_03,persistence,2026-01-26 23:00:00+00:00,2026-01-27 00:00:00+00:00,0,1,2025-12-08T00:00:00+00:00,2026-01-26T00:00:00+00:00,2026-01-26T00:00:00+00:00,2026-02-02T00:00:00+00:00,389.13017225908334,370.9779513775556,18.15222088152774,0,night,0,0.0,0,1,0,0,0,0,0,0,0,0,0,0,0,0,0,0,0,0,0,0,0,0,0,0,0,356.1728901926111,411.4689791798889,401.8299940770556,370.9779513775556,23,0.965925826289068,-0.2588190451025215,0,0,1,-4.087827328708443,257.33249462531967,1072.5309976097637,699.2838500327638,1008,1008,0.08642533949168782,0.9772867274407393
B2,roll_03,persistence,2026-01-27 00:00:00+00:00,2026-01-27 01:00:00+00:00,0,1,2025-12-08T00:00:00+00:00,2026-01-26T00:00:00+00:00,2026-01-26T00:00:00+00:00,2026-02-02T00:00:00+00:00,376.84390502849993,389.13017225908334,-12.286267230583404,0,night,0,0.0,0,1,0,0,0,0,0,0,0,0,0,0,0,0,0,0,0,0,0,0,0,0,0,0,1,357.6195414715833,370.9779513775556,369.4281183008611,389.13017225908334,0,1.0,0.0,0,0,1,-4.087827328708443,257.33249462531967,1072.5309976097637,699.2838500327638,1008,1008,0.03185932625342176,0.9948565129148466
B2,roll_03,persistence,2026-01-27 01:00:00+00:00,2026-01-27 02:00:00+00:00,0,1,2025-12-08T00:00:00+00:00,2026-01-26T00:00:00+00:00,2026-01-26T00:00:00+00:00,2026-02-02T00:00:00+00:00,378.1934371171667,376.84390502849993,1.3495320886667628,0,night,0,0.0,0,1,0,1,1,0,3,0,0,0,1,0,1,0,1,0,0,0,1,0,0,0,0,0,1,383.7339380009167,389.13017225908334,418.7639288361667,376.84390502849993,1,0.9659258262890684,0.2588190451025207,0,0,1,-4.087827328708443,257.33249462531967,1072.5309976097637,699.2838500327638,1008,1008,0.021129703908136784,0.9929266355287127
B2,roll_03,persistence,2026-01-27 02:00:00+00:00,2026-01-27 03:00:00+00:00,0,1,2025-12-08T00:00:00+00:00,2026-01-26T00:00:00+00:00,2026-01-26T00:00:00+00:00,2026-02-02T00:00:00+00:00,391.1898017904167,378.1934371171667,12.996364673250014,0,night,0,0.0,0,1,0,1,1,0,3,0,0,0,1,0,1,0,1,0,0,0,1,0,0,0,0,0,1,363.2547627211111,376.84390502849993,391.5396551361389,378.1934371171667,2,0.8660254037844387,0.4999999999999999,0,0,1,-4.087827328708443,257.33249462531967,1072.5309976097637,699.2838500327638,1008,1008,0.06638956353659618,0.9743413862445471
B2,roll_03,persistence,2026-01-27 03:00:00+00:00,2026-01-27 04:00:00+00:00,0,1,2025-12-08T00:00:00+00:00,2026-01-26T00:00:00+00:00,2026-01-26T00:00:00+00:00,2026-02-02T00:00:00+00:00,949.6719199514168,391.1898017904167,558.4821181610001,0,night,0,0.0,0,1,0,1,1,0,3,0,0,0,1,0,1,0,1,0,0,0,1,0,0,0,0,0,1,365.0164142213889,378.1934371171667,371.4401780996666,391.1898017904167,3,0.7071067811865476,0.7071067811865476,0,0,1,-4.087827328708443,257.33249462531967,1072.5309976097637,699.2838500327638,1008,1008,2.1861597631065584,0.1756927142713085
B2,roll_03,persistence,2026-01-27 04:00:00+00:00,2026-01-27 05:00:00+00:00,0,1,2025-12-08T00:00:00+00:00,2026-01-26T00:00:00+00:00,2026-01-26T00:00:00+00:00,2026-02-02T00:00:00+00:00,1868.492211110528,949.6719199514168,918.8202911591112,0,night,0,0.0,0,1,0,0,0,0,0,0,0,0,0,0,0,0,0,0,0,0,0,0,0,0,0,0,1,1039.7831993372222,391.1898017904167,1028.218939733639,949.6719199514168,4,0.5000000000000001,0.8660254037844386,0,0,1,-4.087827328708443,257.33249462531967,1072.5309976097637,699.2838500327638,1008,1008,3.5864422012913253,1.1382519608646342
B2,roll_03,persistence,2026-01-27 05:00:00+00:00,2026-01-27 06:00:00+00:00,0,1,2025-12-08T00:00:00+00:00,2026-01-26T00:00:00+00:00,2026-01-26T00:00:00+00:00,2026-02-02T00:00:00+00:00,1857.5546669058888,1868.492211110528,-10.937544204639153,0,night,0,0.0,0,1,0,0,0,0,0,0,0,0,0,0,0,0,0,0,0,0,0,0,0,0,0,0,1,1994.0688999676115,949.6719199514168,2114.055589798917,1868.492211110528,5,0.2588190451025207,0.9659258262890684,0,0,1,-4.087827328708443,257.33249462531967,1072.5309976097637,699.2838500327638,1008,1008,0.026618157516033917,1.1226108957890906
B2,roll_03,persistence,2026-01-27 06:00:00+00:00,2026-01-27 07:00:00+00:00,0,1,2025-12-08T00:00:00+00:00,2026-01-26T00:00:00+00:00,2026-01-26T00:00:00+00:00,2026-02-02T00:00:00+00:00,1526.8297823245,1857.5546669058888,-330.7248845813888,0,night,0,0.0,0,1,0,0,0,0,0,0,0,0,0,0,0,0,0,0,0,0,0,0,0,0,0,0,1,2029.167694873528,1868.492211110528,2600.770309974528,1857.5546669058888,6,6.123233995736766e-17,1.0,0,0,1,-4.087827328708443,257.33249462531967,1072.5309976097637,699.2838500327638,1008,1008,1.269319126324366,0.6496629154147502
B2,roll_03,persistence,2026-01-27 07:00:00+00:00,2026-01-27 08:00:00+00:00,0,1,2025-12-08T00:00:00+00:00,2026-01-26T00:00:00+00:00,2026-01-26T00:00:00+00:00,2026-02-02T00:00:00+00:00,1412.669924658583,1526.8297823245,-114.15985766591687,1,low,0,0.0,0,1,0,0,0,0,0,0,0,0,0,0,0,0,0,0,0,0,0,0,0,0,0,0,1,2071.0094555605,1857.5546669058888,2010.6085535996945,1526.8297823245,7,-0.2588190451025206,0.9659258262890684,0,0,1,-4.087827328708443,257.33249462531967,1072.5309976097637,699.2838500327638,1008,1008,0.4277424446433596,0.48641038547205506
B2,roll_03,persistence,2026-01-27 08:00:00+00:00,2026-01-27 09:00:00+00:00,0,1,2025-12-08T00:00:00+00:00,2026-01-26T00:00:00+00:00,2026-01-26T00:00:00+00:00,2026-02-02T00:00:00+00:00,1534.4343933593334,1412.669924658583,121.76446870075029,1,med,0,0.0,0,1,0,0,0,0,0,0,0,0,0,0,0,0,0,0,0,0,0,0,0,0,0,0,1,1907.5549124286945,1526.8297823245,1665.4681254328334,1412.669924658583,8,-0.4999999999999998,0.8660254037844387,0,0,1,-4.087827328708443,257.33249462531967,1072.5309976097637,699.2838500327638,1008,1008,0.48906492051344597,0.6605377712182656
B2,roll_03,persistence,2026-01-27 09:00:00+00:00,2026-01-27 10:00:00+00:00,0,1,2025-12-08T00:00:00+00:00,2026-01-26T00:00:00+00:00,2026-01-26T00:00:00+00:00,2026-02-02T00:00:00+00:00,1156.7474213855278,1534.4343933593334,-377.6869719738056,1,med,0,0.0,0,1,0,0,0,0,0,0,0,0,0,0,0,0,0,0,0,0,0,0,0,0,0,0,1,720.9783473233889,1412.669924658583,1007.3270680508888,1534.4343933593334,9,-0.7071067811865475,0.7071067811865476,0,0,1,-4.087827328708443,257.33249462531967,1072.5309976097637,699.2838500327638,1008,1008,1.4518148793803272,0.12043238775186675
B2,roll_03,persistence,2026-01-27 10:00:00+00:00,2026-01-27 11:00:00+00:00,0,1,2025-12-08T00:00:00+00:00,2026-01-26T00:00:00+00:00,2026-01-26T00:00:00+00:00,2026-02-02T00:00:00+00:00,339.89285018286114,1156.7474213855278,-816.8545712026666,1,med,0,0.0,0,2,0,0,0,0,0,0,0,0,0,0,0,0,0,0,0,0,0,0,0,0,0,0,1,151.7976551743889,1534.4343933593334,-569.4865977234444,1156.7474213855278,10,-0.8660254037844387,0.4999999999999999,0,0,1,-4.087827328708443,257.33249462531967,1072.5309976097637,699.2838500327638,1008,1008,3.1584302831920232,1.047697794525894
B2,roll_03,persistence,2026-01-27 11:00:00+00:00,2026-01-27 12:00:00+00:00,0,1,2025-12-08T00:00:00+00:00,2026-01-26T00:00:00+00:00,2026-01-26T00:00:00+00:00,2026-02-02T00:00:00+00:00,1030.8584088937498,339.89285018286114,690.9655587108887,1,med,0,0.0,0,2,0,0,0,0,0,0,0,0,0,0,0,0,0,0,0,0,0,0,0,0,0,0,1,787.0186959797501,1156.7474213855278,-741.4332030484165,339.89285018286114,11,-0.9659258262890682,0.258819045102521,0,0,1,-4.087827328708443,257.33249462531967,1072.5309976097637,699.2838500327638,1008,1008,2.7009934639292497,0.059593237730374345
B2,roll_03,persistence,2026-01-27 12:00:00+00:00,2026-01-27 13:00:00+00:00,0,1,2025-12-08T00:00:00+00:00,2026-01-26T00:00:00+00:00,2026-01-26T00:00:00+00:00,2026-02-02T00:00:00+00:00,1307.5905215424166,1030.8584088937498,276.7321126486668,1,low,0,0.0,0,2,0,0,0,0,0,0,0,0,0,0,0,0,0,0,0,0,0,0,0,0,0,0,1,-140.12853059388888,339.89285018286114,-1079.799870834083,1030.8584088937498,12,-1.0,1.2246467991473532e-16,0,0,1,-4.087827328708443,257.33249462531967,1072.5309976097637,699.2838500327638,1008,1008,1.091272753510021,0.3361432184107205
B2,roll_03,persistence,2026-01-27 13:00:00+00:00,2026-01-27 14:00:00+00:00,0,1,2025-12-08T00:00:00+00:00,2026-01-26T00:00:00+00:00,2026-01-26T00:00:00+00:00,2026-02-02T00:00:00+00:00,899.1258070269446,1307.5905215424166,-408.464714515472,1,low,0,0.0,0,2,0,0,0,0,0,0,0,0,0,0,0,0,0,0,0,0,0,0,0,0,0,0,1,90.30469802694444,1030.8584088937498,94.50215176250003,1307.5905215424166,13,-0.9659258262890684,-0.2588190451025208,0,0,1,-4.087827328708443,257.33249462531967,1072.5309976097637,699.2838500327638,1008,1008,1.5714178956510834,0.24797539736502502
B2,roll_03,persistence,2026-01-27 14:00:00+00:00,2026-01-27 15:00:00+00:00,0,1,2025-12-08T00:00:00+00:00,2026-01-26T00:00:00+00:00,2026-01-26T00:00:00+00:00,2026-02-02T00:00:00+00:00,1560.9848600250834,899.1258070269446,661.8590529981388,1,low,0,0.0,0,2,0,0,0,0,0,0,0,0,0,0,0,0,0,0,0,0,0,0,0,0,0,0,1,1579.226911155389,1307.5905215424166,-184.2188756273056,899.1258070269446,14,-0.8660254037844388,-0.4999999999999997,0,0,1,-4.087827328708443,257.33249462531967,1072.5309976097637,699.2838500327638,1008,1008,2.587884912461121,0.6985058533704647
B2,roll_03,persistence,2026-01-27 15:00:00+00:00,2026-01-27 16:00:00+00:00,0,1,2025-12-08T00:00:00+00:00,2026-01-26T00:00:00+00:00,2026-01-26T00:00:00+00:00,2026-02-02T00:00:00+00:00,1794.9346924112222,1560.9848600250834,233.94983238613872,1,night,0,0.0,0,2,0,0,0,0,0,0,0,0,0,0,0,0,0,0,0,0,0,0,0,0,0,0,1,1514.7609178625555,899.1258070269446,297.8340901346389,1560.9848600250834,15,-0.7071067811865479,-0.7071067811865471,0,0,1,-4.087827328708443,257.33249462531967,1072.5309976097637,699.2838500327638,1008,1008,0.925019827213947,1.033062174634251
B2,roll_03,persistence,2026-01-27 16:00:00+00:00,2026-01-27 17:00:00+00:00,0,1,2025-12-08T00:00:00+00:00,2026-01-26T00:00:00+00:00,2026-01-26T00:00:00+00:00,2026-02-02T00:00:00+00:00,843.3756644045833,1794.9346924112222,-951.5590280066388,0,night,0,0.0,0,2,0,0,0,0,0,0,0,0,0,0,0,0,0,0,0,0,0,0,0,0,0,0,1,1201.4197669487778,1560.9848600250834,931.8924169395276,1794.9346924112222,16,-0.5000000000000004,-0.8660254037844385,0,0,1,-4.087827328708443,257.33249462531967,1072.5309976097637,699.2838500327638,1008,1008,3.6818949043239324,0.32770002223624034
B2,roll_03,persistence,2026-01-27 17:00:00+00:00,2026-01-27 18:00:00+00:00,0,1,2025-12-08T00:00:00+00:00,2026-01-26T00:00:00+00:00,2026-01-26T00:00:00+00:00,2026-02-02T00:00:00+00:00,973.197521312722,843.3756644045833,129.82185690813867,0,night,0,0.0,0,2,0,0,0,0,0,0,0,0,0,0,0,0,0,0,0,0,0,0,0,0,0,0,1,753.0024936381111,1794.9346924112222,2682.2788242863057,843.3756644045833,17,-0.2588190451025206,-0.9659258262890684,0,0,1,-4.087827328708443,257.33249462531967,1072.5309976097637,699.2838500327638,1008,1008,0.5203761166339362,0.14205029372891664
B2,roll_03,persistence,2026-01-27 18:00:00+00:00,2026-01-27 19:00:00+00:00,0,1,2025-12-08T00:00:00+00:00,2026-01-26T00:00:00+00:00,2026-01-26T00:00:00+00:00,2026-02-02T00:00:00+00:00,1523.8945169891667,973.197521312722,550.6969956764448,0,night,0,0.0,0,2,0,0,0,0,0,0,0,0,0,0,0,0,0,0,0,0,0,0,0,0,0,0,1,1059.3235259904168,843.3756644045833,1447.201125872611,973.197521312722,18,-1.8369701987210287e-16,-1.0,0,0,1,-4.087827328708443,257.33249462531967,1072.5309976097637,699.2838500327638,1008,1008,2.1559065978547673,0.64546538484802
B2,roll_03,persistence,2026-01-27 19:00:00+00:00,2026-01-27 20:00:00+00:00,0,1,2025-12-08T00:00:00+00:00,2026-01-26T00:00:00+00:00,2026-01-26T00:00:00+00:00,2026-02-02T00:00:00+00:00,985.6768274591944,1523.8945169891667,-538.2176895299723,0,night,0,0.0,0,2,0,0,0,0,0,0,0,0,0,0,0,0,0,0,0,0,0,0,0,0,0,0,1,2397.7932220235834,973.197521312722,1800.8310691792778,1523.8945169891667,19,0.2588190451025203,-0.9659258262890684,0,0,1,-4.087827328708443,257.33249462531967,1072.5309976097637,699.2838500327638,1008,1008,2.075640944525742,0.12420445595375883
B2,roll_03,persistence,2026-01-27 20:00:00+00:00,2026-01-27 21:00:00+00:00,0,1,2025-12-08T00:00:00+00:00,2026-01-26T00:00:00+00:00,2026-01-26T00:00:00+00:00,2026-02-02T00:00:00+00:00,1010.58551608475,985.6768274591944,24.90868862555556,0,night,0,0.0,0,2,0,0,0,0,0,0,0,0,0,0,0,0,0,0,0,0,0,0,0,0,0,0,1,1239.3215171065278,1523.8945169891667,1879.5046675005,985.6768274591944,20,0.5000000000000001,-0.8660254037844386,0,0,1,-4.087827328708443,257.33249462531967,1072.5309976097637,699.2838500327638,1008,1008,0.11268112873379402,0.08858417296797487
B2,roll_03,persistence,2026-01-27 21:00:00+00:00,2026-01-27 22:00:00+00:00,0,1,2025-12-08T00:00:00+00:00,2026-01-26T00:00:00+00:00,2026-01-26T00:00:00+00:00,2026-02-02T00:00:00+00:00,469.4664131017777,1010.58551608475,-541.1191029829723,0,night,0,0.0,0,2,0,0,0,0,0,0,0,0,0,0,0,0,0,0,0,0,0,0,0,0,0,0,1,1097.120321607,985.6768274591944,982.8754678472778,1010.58551608475,21,0.7071067811865474,-0.7071067811865477,0,0,1,-4.087827328708443,257.33249462531967,1072.5309976097637,699.2838500327638,1008,1008,2.0869159040182246,0.8624031349783503
B2,roll_03,persistence,2026-01-27 22:00:00+00:00,2026-01-27 23:00:00+00:00,0,1,2025-12-08T00:00:00+00:00,2026-01-26T00:00:00+00:00,2026-01-26T00:00:00+00:00,2026-02-02T00:00:00+00:00,1039.222492417361,469.4664131017777,569.7560793155834,0,night,0,0.0,0,2,0,0,0,0,0,0,0,0,0,0,0,0,0,0,0,0,0,0,0,0,0,0,1,532.8753846346667,1010.58551608475,411.4689791798889,469.4664131017777,22,0.8660254037844384,-0.5000000000000004,0,0,1,-4.087827328708443,257.33249462531967,1072.5309976097637,699.2838500327638,1008,1008,2.2299706357715063,0.047632310099599826
B2,roll_03,persistence,2026-01-27 23:00:00+00:00,2026-01-28 00:00:00+00:00,0,1,2025-12-08T00:00:00+00:00,2026-01-26T00:00:00+00:00,2026-01-26T00:00:00+00:00,2026-02-02T00:00:00+00:00,431.1445660605278,1039.222492417361,-608.0779263568334,0,night,0,0.0,0,2,0,0,0,0,0,0,0,0,0,0,0,0,0,0,0,0,0,0,0,0,0,0,1,374.928417115,469.4664131017777,370.9779513775556,1039.222492417361,23,0.965925826289068,-0.2588190451025215,0,0,1,-4.087827328708443,257.33249462531967,1072.5309976097637,699.2838500327638,1008,1008,2.3471194335855032,0.9172046966609981
B2,roll_03,persistence,2026-01-28 00:00:00+00:00,2026-01-28 01:00:00+00:00,0,1,2025-12-08T00:00:00+00:00,2026-01-26T00:00:00+00:00,2026-01-26T00:00:00+00:00,2026-02-02T00:00:00+00:00,417.8579242465556,431.1445660605278,-13.286641813972151,0,night,0,0.0,0,2,0,0,0,0,0,0,0,0,0,0,0,0,0,0,0,0,0,0,0,0,0,0,2,373.7627816694167,1039.222492417361,389.13017225908334,431.1445660605278,0,1.0,0.0,0,0,1,-4.087827328708443,257.33249462531967,1072.5309976097637,699.2838500327638,1008,1008,0.03574680492122588,0.936205052258156
B2,roll_03,persistence,2026-01-28 01:00:00+00:00,2026-01-28 02:00:00+00:00,0,1,2025-12-08T00:00:00+00:00,2026-01-26T00:00:00+00:00,2026-01-26T00:00:00+00:00,2026-02-02T00:00:00+00:00,419.1348331130556,417.8579242465556,1.27690886649998,0,night,0,0.0,0,2,0,0,0,0,0,0,0,0,0,0,0,0,0,0,0,0,0,0,0,0,0,0,2,382.08433273438885,431.1445660605278,376.84390502849993,417.8579242465556,1,0.9659258262890684,0.2588190451025207,0,0,1,-4.087827328708443,257.33249462531967,1072.5309976097637,699.2838500327638,1008,1008,0.020847488394419703,0.934379028582019
B2,roll_03,persistence,2026-01-28 02:00:00+00:00,2026-01-28 03:00:00+00:00,0,1,2025-12-08T00:00:00+00:00,2026-01-26T00:00:00+00:00,2026-01-26T00:00:00+00:00,2026-02-02T00:00:00+00:00,421.2961618739444,419.1348331130556,2.161328760888807,0,night,0,0.0,0,2,0,1,1,0,1,0,0,1,0,0,1,0,1,0,0,0,1,0,0,0,0,0,2,365.3667726035,417.8579242465556,378.1934371171667,419.1348331130556,2,0.8660254037844387,0.4999999999999999,0,0,1,-4.087827328708443,257.33249462531967,1072.5309976097637,699.2838500327638,1008,1008,0.024284364470550535,0.9312882539834244
B2,roll_03,persistence,2026-01-28 03:00:00+00:00,2026-01-28 04:00:00+00:00,0,1,2025-12-08T00:00:00+00:00,2026-01-26T00:00:00+00:00,2026-01-26T00:00:00+00:00,2026-02-02T00:00:00+00:00,1092.225752789,421.2961618739444,670.9295909150555,0,night,0,0.0,0,2,0,0,0,0,0,0,0,0,0,0,0,0,0,0,0,0,0,0,0,0,0,0,2,371.9783939987778,419.1348331130556,391.1898017904167,421.2961618739444,3,0.7071067811865476,0.7071067811865476,0,0,1,-4.087827328708443,257.33249462531967,1072.5309976097637,699.2838500327638,1008,1008,2.623133231683781,0.028164178506787176
B2,roll_03,persistence,2026-01-28 04:00:00+00:00,2026-01-28 05:00:00+00:00,0,1,2025-12-08T00:00:00+00:00,2026-01-26T00:00:00+00:00,2026-01-26T00:00:00+00:00,2026-02-02T00:00:00+00:00,2035.0871509705555,1092.225752789,942.8613981815556,0,night,0,0.0,0,2,0,0,0,0,0,0,0,0,0,0,0,0,0,0,0,0,0,0,0,0,0,0,2,1049.641280434889,421.2961618739444,949.6719199514168,1092.225752789,4,0.5000000000000001,0.8660254037844386,0,0,1,-4.087827328708443,257.33249462531967,1072.5309976097637,699.2838500327638,1008,1008,3.67986649680227,1.3764884650427618
B2,roll_03,persistence,2026-01-28 05:00:00+00:00,2026-01-28 06:00:00+00:00,0,1,2025-12-08T00:00:00+00:00,2026-01-26T00:00:00+00:00,2026-01-26T00:00:00+00:00,2026-02-02T00:00:00+00:00,2063.430210569112,2035.0871509705555,28.34305959855669,0,night,0,0.0,0,2,0,0,0,0,0,0,0,0,0,0,0,0,0,0,0,0,0,0,0,0,0,0,2,2165.628261214222,1092.225752789,1868.492211110528,2035.0871509705555,5,0.2588190451025207,0.9659258262890684,0,0,1,-4.087827328708443,257.33249462531967,1072.5309976097637,699.2838500327638,1008,1008,0.1260271734220159,1.417020016854274
B2,roll_03,persistence,2026-01-28 06:00:00+00:00,2026-01-28 07:00:00+00:00,0,1,2025-12-08T00:00:00+00:00,2026-01-26T00:00:00+00:00,2026-01-26T00:00:00+00:00,2026-02-02T00:00:00+00:00,1837.9513309886668,2063.430210569112,-225.47887958044544,0,night,0,0.0,0,2,0,0,0,0,0,0,0,0,0,0,0,0,0,0,0,0,0,0,0,0,0,0,2,2007.6322741502224,2035.0871509705555,1857.5546669058888,2063.430210569112,6,6.123233995736766e-17,1.0,0,0,1,-4.087827328708443,257.33249462531967,1072.5309976097637,699.2838500327638,1008,1008,0.8603307272720687,1.0945774499769165
B2,roll_03,persistence,2026-01-28 07:00:00+00:00,2026-01-28 08:00:00+00:00,0,1,2025-12-08T00:00:00+00:00,2026-01-26T00:00:00+00:00,2026-01-26T00:00:00+00:00,2026-02-02T00:00:00+00:00,1887.533959910028,1837.9513309886668,49.58262892136122,1,night,0,0.0,0,2,0,0,0,0,0,0,0,0,0,0,0,0,0,0,0,0,0,0,0,0,0,0,2,1787.7926135424725,2063.430210569112,1526.8297823245,1837.9513309886668,7,-0.2588190451025206,0.9659258262890684,0,0,1,-4.087827328708443,257.33249462531967,1072.5309976097637,699.2838500327638,1008,1008,0.20856462891798694,1.1654823177484774
B2,roll_03,persistence,2026-01-28 08:00:00+00:00,2026-01-28 09:00:00+00:00,0,1,2025-12-08T00:00:00+00:00,2026-01-26T00:00:00+00:00,2026-01-26T00:00:00+00:00,2026-02-02T00:00:00+00:00,1927.4843435574169,1887.533959910028,39.95038364738889,1,night,0,0.0,0,2,0,0,0,0,0,0,0,0,0,0,0,0,0,0,0,0,0,0,0,0,0,0,2,1396.283928898889,1837.9513309886668,1412.669924658583,1887.533959910028,8,-0.4999999999999998,0.8660254037844387,0,0,1,-4.087827328708443,257.33249462531967,1072.5309976097637,699.2838500327638,1008,1008,0.171133501970739,1.2226127428905955
B2,roll_03,persistence,2026-01-28 09:00:00+00:00,2026-01-28 10:00:00+00:00,0,1,2025-12-08T00:00:00+00:00,2026-01-26T00:00:00+00:00,2026-01-26T00:00:00+00:00,2026-02-02T00:00:00+00:00,1864.801970357278,1927.4843435574169,-62.68237320013896,1,low,0,0.0,0,2,0,0,0,0,0,0,0,0,0,0,0,0,0,0,0,0,0,0,0,0,0,0,2,1012.9496219223612,1887.533959910028,1534.4343933593334,1927.4843435574169,9,-0.7071067811865475,0.7071067811865476,0,0,1,-4.087827328708443,257.33249462531967,1072.5309976097637,699.2838500327638,1008,1008,0.22769975457916863,1.132974789436927
B2,roll_03,persistence,2026-01-28 10:00:00+00:00,2026-01-28 11:00:00+00:00,0,1,2025-12-08T00:00:00+00:00,2026-01-26T00:00:00+00:00,2026-01-26T00:00:00+00:00,2026-02-02T00:00:00+00:00,3141.5486331360003,1864.801970357278,1276.7466627787223,1,low,0,0.0,0,2,0,0,0,0,0,0,0,0,0,0,0,0,0,0,0,0,0,0,0,0,0,0,2,755.3586427439723,1927.4843435574169,1156.7474213855278,1864.801970357278,10,-0.8660254037844387,0.4999999999999999,0,0,1,-4.087827328708443,257.33249462531967,1072.5309976097637,699.2838500327638,1008,1008,4.977352323779967,2.9587665086635364
B2,roll_03,persistence,2026-01-28 11:00:00+00:00,2026-01-28 12:00:00+00:00,0,1,2025-12-08T00:00:00+00:00,2026-01-26T00:00:00+00:00,2026-01-26T00:00:00+00:00,2026-02-02T00:00:00+00:00,3688.242951303472,3141.5486331360003,546.6943181674719,1,low,0,0.0,0,2,0,0,0,0,0,0,0,0,0,0,0,0,0,0,0,0,0,0,0,0,0,0,2,53.140800646916695,1864.801970357278,339.89285018286114,3141.5486331360003,11,-0.9659258262890682,0.258819045102521,0,0,1,-4.087827328708443,257.33249462531967,1072.5309976097637,699.2838500327638,1008,1008,2.1403521008807234,3.7405582204867933
B2,roll_03,persistence,2026-01-28 12:00:00+00:00,2026-01-28 13:00:00+00:00,0,1,2025-12-08T00:00:00+00:00,2026-01-26T00:00:00+00:00,2026-01-26T00:00:00+00:00,2026-02-02T00:00:00+00:00,2978.0382318605,3688.242951303472,-710.204719442972,1,low,0,0.0,0,2,0,0,0,0,0,0,0,0,0,0,0,0,0,0,0,0,0,0,0,0,0,0,2,-768.0917536371389,3141.5486331360003,1030.8584088937498,3688.242951303472,12,-1.0,1.2246467991473532e-16,0,0,1,-4.087827328708443,257.33249462531967,1072.5309976097637,699.2838500327638,1008,1008,2.7439865033072532,2.724941000941831
B2,roll_03,persistence,2026-01-28 13:00:00+00:00,2026-01-28 14:00:00+00:00,0,1,2025-12-08T00:00:00+00:00,2026-01-26T00:00:00+00:00,2026-01-26T00:00:00+00:00,2026-02-02T00:00:00+00:00,3380.6789978081943,2978.0382318605,402.6407659476941,1,low,0,0.0,0,2,0,0,0,0,0,0,0,0,0,0,0,0,0,0,0,0,0,0,0,0,0,0,2,452.3195190723055,3688.242951303472,1307.5905215424166,2978.0382318605,13,-0.9659258262890684,-0.2588190451025208,0,0,1,-4.087827328708443,257.33249462531967,1072.5309976097637,699.2838500327638,1008,1008,1.5805566796708128,3.300731169596275
B2,roll_03,persistence,2026-01-28 14:00:00+00:00,2026-01-28 15:00:00+00:00,0,1,2025-12-08T00:00:00+00:00,2026-01-26T00:00:00+00:00,2026-01-26T00:00:00+00:00,2026-02-02T00:00:00+00:00,3872.714778626834,3380.6789978081943,492.0357808186395,1,low,0,0.0,0,2,0,0,0,0,0,0,0,0,0,0,0,0,0,0,0,0,0,0,0,0,0,0,2,66.48684730938892,2978.0382318605,899.1258070269446,3380.6789978081943,14,-0.8660254037844388,-0.4999999999999997,0,0,1,-4.087827328708443,257.33249462531967,1072.5309976097637,699.2838500327638,1008,1008,1.9279477660592848,4.004359289701703
B2,roll_03,persistence,2026-01-28 15:00:00+00:00,2026-01-28 16:00:00+00:00,0,1,2025-12-08T00:00:00+00:00,2026-01-26T00:00:00+00:00,2026-01-26T00:00:00+00:00,2026-02-02T00:00:00+00:00,3566.8731119283607,3872.714778626834,-305.8416666984731,1,night,0,0.0,0,2,0,0,0,0,0,0,0,0,0,0,0,0,0,0,0,0,0,0,0,0,0,0,2,359.87914049975,3380.6789978081943,1560.9848600250834,3872.714778626834,15,-0.7071067811865479,-0.7071067811865471,0,0,1,-4.087827328708443,257.33249462531967,1072.5309976097637,699.2838500327638,1008,1008,1.172622368617392,3.566995168273554
B2,roll_03,persistence,2026-01-28 16:00:00+00:00,2026-01-28 17:00:00+00:00,0,1,2025-12-08T00:00:00+00:00,2026-01-26T00:00:00+00:00,2026-01-26T00:00:00+00:00,2026-02-02T00:00:00+00:00,4099.8204709775,3566.8731119283607,532.9473590491393,0,night,0,0.0,0,2,0,0,0,0,0,0,0,0,0,0,0,0,0,0,0,0,0,0,0,0,0,0,2,3501.792804637556,3872.714778626834,1794.9346924112222,3566.8731119283607,16,-0.5000000000000004,-0.8660254037844385,0,0,1,-4.087827328708443,257.33249462531967,1072.5309976097637,699.2838500327638,1008,1008,2.086931101180128,4.329128254893771
B2,roll_03,persistence,2026-01-28 17:00:00+00:00,2026-01-28 18:00:00+00:00,0,1,2025-12-08T00:00:00+00:00,2026-01-26T00:00:00+00:00,2026-01-26T00:00:00+00:00,2026-02-02T00:00:00+00:00,3533.490893778889,4099.8204709775,-566.3295771986109,0,night,0,0.0,0,2,0,0,0,0,0,0,0,0,0,0,0,0,0,0,0,0,0,0,0,0,0,0,2,3139.28925536575,3566.8731119283607,843.3756644045833,4099.8204709775,17,-0.2588190451025206,-0.9659258262890684,0,0,1,-4.087827328708443,257.33249462531967,1072.5309976097637,699.2838500327638,1008,1008,2.18488438737026,3.5192574461054997
B2,roll_03,persistence,2026-01-28 18:00:00+00:00,2026-01-28 19:00:00+00:00,0,1,2025-12-08T00:00:00+00:00,2026-01-26T00:00:00+00:00,2026-01-26T00:00:00+00:00,2026-02-02T00:00:00+00:00,4150.093525715889,3533.490893778889,616.6026319369998,0,night,0,0.0,0,2,0,0,0,0,0,0,0,0,0,0,0,0,0,0,0,0,0,0,0,0,0,0,2,3084.578836987528,4099.8204709775,973.197521312722,3533.490893778889,18,-1.8369701987210287e-16,-1.0,0,0,1,-4.087827328708443,257.33249462531967,1072.5309976097637,699.2838500327638,1008,1008,2.4120174180468106,4.401020455372923
B2,roll_03,persistence,2026-01-28 19:00:00+00:00,2026-01-28 20:00:00+00:00,0,1,2025-12-08T00:00:00+00:00,2026-01-26T00:00:00+00:00,2026-01-26T00:00:00+00:00,2026-02-02T00:00:00+00:00,3498.4065437332224,4150.093525715889,-651.6869819826666,0,night,0,0.0,0,2,0,0,0,0,0,0,0,0,0,0,0,0,0,0,0,0,0,0,0,0,0,0,2,3033.668790060889,3533.490893778889,1523.8945169891667,4150.093525715889,19,0.2588190451025203,-0.9659258262890684,0,0,1,-4.087827328708443,257.33249462531967,1072.5309976097637,699.2838500327638,1008,1008,2.5165852279824708,3.4690856166774027
B2,roll_03,persistence,2026-01-28 20:00:00+00:00,2026-01-28 21:00:00+00:00,0,1,2025-12-08T00:00:00+00:00,2026-01-26T00:00:00+00:00,2026-01-26T00:00:00+00:00,2026-02-02T00:00:00+00:00,3031.050403281528,3498.4065437332224,-467.3561404516945,0,night,0,0.0,0,2,0,0,0,0,0,0,0,0,0,0,0,0,0,0,0,0,0,0,0,0,0,0,2,2886.9925662115,4150.093525715889,985.6768274591944,3498.4065437332224,20,0.5000000000000001,-0.8660254037844386,0,0,1,-4.087827328708443,257.33249462531967,1072.5309976097637,699.2838500327638,1008,1008,1.8002713329986262,2.800750232655882
B2,roll_03,persistence,2026-01-28 21:00:00+00:00,2026-01-28 22:00:00+00:00,0,1,2025-12-08T00:00:00+00:00,2026-01-26T00:00:00+00:00,2026-01-26T00:00:00+00:00,2026-02-02T00:00:00+00:00,880.7419122894444,3031.050403281528,-2150.3084909920835,0,night,0,0.0,0,2,0,0,0,0,0,0,0,0,0,0,0,0,0,0,0,0,0,0,0,0,0,0,2,2551.3509306884166,3498.4065437332224,1010.58551608475,3031.050403281528,21,0.7071067811865474,-0.7071067811865477,0,0,1,-4.087827328708443,257.33249462531967,1072.5309976097637,699.2838500327638,1008,1008,8.340262922443229,0.27426500027325584
B2,roll_03,persistence,2026-01-28 22:00:00+00:00,2026-01-28 23:00:00+00:00,0,1,2025-12-08T00:00:00+00:00,2026-01-26T00:00:00+00:00,2026-01-26T00:00:00+00:00,2026-02-02T00:00:00+00:00,822.8956369502222,880.7419122894444,-57.84627533922219,0,night,0,0.0,0,2,0,0,0,0,0,0,0,0,0,0,0,0,0,0,0,0,0,0,0,0,0,0,2,2388.614872440278,3031.050403281528,469.4664131017777,880.7419122894444,22,0.8660254037844384,-0.5000000000000004,0,0,1,-4.087827328708443,257.33249462531967,1072.5309976097637,699.2838500327638,1008,1008,0.20890656692535828,0.35698716715371775
B2,roll_03,persistence,2026-01-28 23:00:00+00:00,2026-01-29 00:00:00+00:00,0,1,2025-12-08T00:00:00+00:00,2026-01-26T00:00:00+00:00,2026-01-26T00:00:00+00:00,2026-02-02T00:00:00+00:00,934.8170360965556,822.8956369502222,111.92139914633344,0,night,0,0.0,0,2,0,0,0,0,0,0,0,0,0,0,0,0,0,0,0,0,0,0,0,0,0,0,2,1967.8965871302496,880.7419122894444,1039.222492417361,822.8956369502222,23,0.965925826289068,-0.2588190451025215,0,0,1,-4.087827328708443,257.33249462531967,1072.5309976097637,699.2838500327638,1008,1008,0.45081452555750184,0.19693571002212587
B2,roll_03,persistence,2026-01-29 00:00:00+00:00,2026-01-29 01:00:00+00:00,0,1,2025-12-08T00:00:00+00:00,2026-01-26T00:00:00+00:00,2026-01-26T00:00:00+00:00,2026-02-02T00:00:00+00:00,569.0574982047777,934.8170360965556,-365.7595378917779,0,night,0,0.0,0,2,0,0,0,0,0,0,0,0,0,0,0,0,0,0,0,0,0,0,0,0,0,0,3,387.7841801272222,822.8956369502222,431.1445660605278,934.8170360965556,0,1.0,0.0,0,0,1,-4.087827328708443,257.33249462531967,1072.5309976097637,699.2838500327638,1008,1008,1.405464595871071,0.7199844517807705
B2,roll_03,persistence,2026-01-29 01:00:00+00:00,2026-01-29 02:00:00+00:00,0,1,2025-12-08T00:00:00+00:00,2026-01-26T00:00:00+00:00,2026-01-26T00:00:00+00:00,2026-02-02T00:00:00+00:00,388.6233783748333,569.0574982047777,-180.43411982994445,0,night,0,0.0,0,2,0,0,0,0,0,0,0,0,0,0,0,0,0,0,0,0,0,0,0,0,0,0,3,375.648988568,934.8170360965556,417.8579242465556,569.0574982047777,1,0.9659258262890684,0.2588190451025207,0,0,1,-4.087827328708443,257.33249462531967,1072.5309976097637,699.2838500327638,1008,1008,0.6852857535850616,0.9780114601572554
B2,roll_03,persistence,2026-01-29 02:00:00+00:00,2026-01-29 03:00:00+00:00,0,1,2025-12-08T00:00:00+00:00,2026-01-26T00:00:00+00:00,2026-01-26T00:00:00+00:00,2026-02-02T00:00:00+00:00,380.9392708019166,388.6233783748333,-7.684107572916673,0,night,0,0.0,0,2,0,0,0,0,0,0,0,0,0,0,0,0,0,0,0,0,0,0,0,0,0,0,3,370.6715177761111,569.0574982047777,419.1348331130556,388.6233783748333,2,0.8660254037844387,0.4999999999999999,0,0,1,-4.087827328708443,257.33249462531967,1072.5309976097637,699.2838500327638,1008,1008,0.013975227844600323,0.9889999987493545
B2,roll_03,persistence,2026-01-29 03:00:00+00:00,2026-01-29 04:00:00+00:00,0,1,2025-12-08T00:00:00+00:00,2026-01-26T00:00:00+00:00,2026-01-26T00:00:00+00:00,2026-02-02T00:00:00+00:00,1044.109589464861,380.9392708019166,663.1703186629445,0,night,0,0.0,0,2,0,0,0,0,0,0,0,0,0,0,0,0,0,0,0,0,0,0,0,0,0,0,3,372.0987236639445,388.6233783748333,421.2961618739444,380.9392708019166,3,0.7071067811865476,0.7071067811865476,0,0,1,-4.087827328708443,257.33249462531967,1072.5309976097637,699.2838500327638,1008,1008,2.5929805210305514,0.04064359293235648
B2,roll_03,persistence,2026-01-29 04:00:00+00:00,2026-01-29 05:00:00+00:00,0,1,2025-12-08T00:00:00+00:00,2026-01-26T00:00:00+00:00,2026-01-26T00:00:00+00:00,2026-02-02T00:00:00+00:00,2097.0978272491666,1044.109589464861,1052.9882377843055,0,night,0,0.0,0,2,0,0,0,0,0,0,0,0,0,0,0,0,0,0,0,0,0,0,0,0,0,0,3,1036.0452877571945,380.9392708019166,1092.225752789,1044.109589464861,4,0.5000000000000001,0.8660254037844386,0,0,1,-4.087827328708443,257.33249462531967,1072.5309976097637,699.2838500327638,1008,1008,4.107821931513679,1.4651658687547244
B2,roll_03,persistence,2026-01-29 05:00:00+00:00,2026-01-29 06:00:00+00:00,0,1,2025-12-08T00:00:00+00:00,2026-01-26T00:00:00+00:00,2026-01-26T00:00:00+00:00,2026-02-02T00:00:00+00:00,2101.717697546028,2097.0978272491666,4.619870296861336,0,night,0,0.0,0,2,0,0,0,0,0,0,0,0,0,0,0,0,0,0,0,0,0,0,0,0,0,0,3,1958.2742827319444,1044.109589464861,2035.0871509705555,2097.0978272491666,5,0.2588190451025207,0.9659258262890684,0,0,1,-4.087827328708443,257.33249462531967,1072.5309976097637,699.2838500327638,1008,1008,0.03383831349495263,1.4717724424610168
B2,roll_03,persistence,2026-01-29 06:00:00+00:00,2026-01-29 07:00:00+00:00,0,1,2025-12-08T00:00:00+00:00,2026-01-26T00:00:00+00:00,2026-01-26T00:00:00+00:00,2026-02-02T00:00:00+00:00,1866.4684684137776,2101.717697546028,-235.24922913225032,0,night,0,0.0,0,2,0,0,0,0,0,0,0,0,0,0,0,0,0,0,0,0,0,0,0,0,0,0,3,1980.8106362188057,2097.0978272491666,2063.430210569112,2101.717697546028,6,6.123233995736766e-17,1.0,0,0,1,-4.087827328708443,257.33249462531967,1072.5309976097637,699.2838500327638,1008,1008,0.8982985306232572,1.135357939078409
B2,roll_03,persistence,2026-01-29 07:00:00+00:00,2026-01-29 08:00:00+00:00,0,1,2025-12-08T00:00:00+00:00,2026-01-26T00:00:00+00:00,2026-01-26T00:00:00+00:00,2026-02-02T00:00:00+00:00,1765.7431687797225,1866.4684684137776,-100.72529963405508,1,night,0,0.0,0,2,0,0,0,0,0,0,0,0,0,0,0,0,0,0,0,0,0,0,0,0,0,0,3,1778.5049296098057,2101.717697546028,1837.9513309886668,1866.4684684137776,7,-0.2588190451025206,0.9659258262890684,0,0,1,-4.087827328708443,257.33249462531967,1072.5309976097637,699.2838500327638,1008,1008,0.3755354427588027,0.9913172900210401
B2,roll_03,persistence,2026-01-29 08:00:00+00:00,2026-01-29 09:00:00+00:00,0,1,2025-12-08T00:00:00+00:00,2026-01-26T00:00:00+00:00,2026-01-26T00:00:00+00:00,2026-02-02T00:00:00+00:00,1253.1664777410554,1765.7431687797225,-512.5766910386671,1,low,0,0.0,0,2,0,0,0,0,0,0,0,0,0,0,0,0,0,0,0,0,0,0,0,0,0,0,3,1415.566902312361,1866.4684684137776,1887.533959910028,1765.7431687797225,8,-0.4999999999999998,0.8660254037844387,0,0,1,-4.087827328708443,257.33249462531967,1072.5309976097637,699.2838500327638,1008,1008,1.9759994339242963,0.25831496054546127
B2,roll_03,persistence,2026-01-29 09:00:00+00:00,2026-01-29 10:00:00+00:00,0,1,2025-12-08T00:00:00+00:00,2026-01-26T00:00:00+00:00,2026-01-26T00:00:00+00:00,2026-02-02T00:00:00+00:00,948.2308555061112,1253.1664777410554,-304.93562223494416,1,low,0,0.0,0,2,0,0,0,0,0,0,0,0,0,0,0,0,0,0,0,0,0,0,0,0,0,0,3,1170.112685329639,1765.7431687797225,1927.4843435574169,1253.1664777410554,9,-0.7071067811865475,0.7071067811865476,0,0,1,-4.087827328708443,257.33249462531967,1072.5309976097637,699.2838500327638,1008,1008,1.1691014589676094,0.17775348608126537
B2,roll_03,persistence,2026-01-29 10:00:00+00:00,2026-01-29 11:00:00+00:00,0,1,2025-12-08T00:00:00+00:00,2026-01-26T00:00:00+00:00,2026-01-26T00:00:00+00:00,2026-02-02T00:00:00+00:00,1415.7808458588888,948.2308555061112,467.5499903527776,1,low,0,0.0,0,2,0,0,0,0,0,0,0,0,0,0,0,0,0,0,0,0,0,0,0,0,0,0,3,912.1677645943888,1253.1664777410554,1864.801970357278,948.2308555061112,10,-0.8660254037844387,0.4999999999999999,0,0,1,-4.087827328708443,257.33249462531967,1072.5309976097637,699.2838500327638,1008,1008,1.832795420446992,0.4908591099780764
B2,roll_03,persistence,2026-01-29 11:00:00+00:00,2026-01-29 12:00:00+00:00,0,1,2025-12-08T00:00:00+00:00,2026-01-26T00:00:00+00:00,2026-01-26T00:00:00+00:00,2026-02-02T00:00:00+00:00,347.5551561380278,1415.7808458588888,-1068.225689720861,1,low,0,0.0,0,2,0,0,0,0,0,0,0,0,0,0,0,0,0,0,0,0,0,0,0,0,0,0,3,979.6024800058332,948.2308555061112,3141.5486331360003,1415.7808458588888,11,-0.9659258262890682,0.258819045102521,0,0,1,-4.087827328708443,257.33249462531967,1072.5309976097637,699.2838500327638,1008,1008,4.135264238360393,1.0367404329983718
B2,roll_03,persistence,2026-01-29 12:00:00+00:00,2026-01-29 13:00:00+00:00,0,1,2025-12-08T00:00:00+00:00,2026-01-26T00:00:00+00:00,2026-01-26T00:00:00+00:00,2026-02-02T00:00:00+00:00,-402.3519291878333,347.5551561380278,-749.9070853258611,1,med,0,0.0,0,2,0,0,0,0,0,0,0,0,0,0,0,0,0,0,0,0,0,0,0,0,0,0,3,926.4931066359444,1415.7808458588888,3688.242951303472,347.5551561380278,12,-1.0,1.2246467991473532e-16,0,0,1,-4.087827328708443,257.33249462531967,1072.5309976097637,699.2838500327638,1008,1008,2.898270811399383,2.109133403736543
B2,roll_03,persistence,2026-01-29 13:00:00+00:00,2026-01-29 14:00:00+00:00,0,1,2025-12-08T00:00:00+00:00,2026-01-26T00:00:00+00:00,2026-01-26T00:00:00+00:00,2026-02-02T00:00:00+00:00,1092.5960639581945,-402.3519291878333,1494.9479931460278,1,high,0,0.0,0,2,1,0,0,0,0,0,0,0,0,0,0,0,0,0,0,0,0,0,0,0,0,0,3,-104.81881332361114,347.5551561380278,2978.0382318605,-402.3519291878333,13,-0.9659258262890684,-0.2588190451025208,0,0,1,-4.087827328708443,257.33249462531967,1072.5309976097637,699.2838500327638,1008,1008,5.825287718355806,0.028693736238139353
B2,roll_03,persistence,2026-01-29 14:00:00+00:00,2026-01-29 15:00:00+00:00,0,1,2025-12-08T00:00:00+00:00,2026-01-26T00:00:00+00:00,2026-01-26T00:00:00+00:00,2026-02-02T00:00:00+00:00,462.4739155892223,1092.5960639581945,-630.1221483689721,1,med,0,0.0,0,3,0,0,0,0,0,0,0,0,0,0,0,0,0,0,0,0,0,0,0,0,0,0,3,1036.759236264139,-402.3519291878333,3380.6789978081943,1092.5960639581945,14,-0.8660254037844388,-0.4999999999999997,0,0,1,-4.087827328708443,257.33249462531967,1072.5309976097637,699.2838500327638,1008,1008,2.4327837879618737,0.8724026473540869
B2,roll_03,persistence,2026-01-29 15:00:00+00:00,2026-01-29 16:00:00+00:00,0,1,2025-12-08T00:00:00+00:00,2026-01-26T00:00:00+00:00,2026-01-26T00:00:00+00:00,2026-02-02T00:00:00+00:00,1737.4693776433332,462.4739155892223,1274.995462054111,1,low,0,0.0,0,3,0,0,0,0,0,0,0,0,0,0,0,0,0,0,0,0,0,0,0,0,0,0,3,1095.6600237501943,1092.5960639581945,3872.714778626834,462.4739155892223,15,-0.7071067811865479,-0.7071067811865471,0,0,1,-4.087827328708443,257.33249462531967,1072.5309976097637,699.2838500327638,1008,1008,4.970547117437251,0.9508847944971344
B2,roll_03,persistence,2026-01-29 16:00:00+00:00,2026-01-29 17:00:00+00:00,0,1,2025-12-08T00:00:00+00:00,2026-01-26T00:00:00+00:00,2026-01-26T00:00:00+00:00,2026-02-02T00:00:00+00:00,2296.247373537611,1737.4693776433332,558.7779958942779,0,night,0,0.0,0,2,0,0,0,0,0,0,0,0,0,0,0,0,0,0,0,0,0,0,0,0,0,0,3,2940.7578966023334,462.4739155892223,3566.8731119283607,1737.4693776433332,16,-0.5000000000000004,-0.8660254037844385,0,0,1,-4.087827328708443,257.33249462531967,1072.5309976097637,699.2838500327638,1008,1008,2.1873095507915865,1.749956581823693
B2,roll_03,persistence,2026-01-29 17:00:00+00:00,2026-01-29 18:00:00+00:00,0,1,2025-12-08T00:00:00+00:00,2026-01-26T00:00:00+00:00,2026-01-26T00:00:00+00:00,2026-02-02T00:00:00+00:00,773.5572774640833,2296.247373537611,-1522.690096073528,0,night,0,0.0,0,2,0,0,0,0,0,0,0,0,0,0,0,0,0,0,0,0,0,0,0,0,0,0,3,1509.757366554472,1737.4693776433332,4099.8204709775,2296.247373537611,17,-0.2588190451025206,-0.9659258262890684,0,0,1,-4.087827328708443,257.33249462531967,1072.5309976097637,699.2838500327638,1008,1008,5.901323386912054,0.42754272121638803
B2,roll_03,persistence,2026-01-29 18:00:00+00:00,2026-01-29 19:00:00+00:00,0,1,2025-12-08T00:00:00+00:00,2026-01-26T00:00:00+00:00,2026-01-26T00:00:00+00:00,2026-02-02T00:00:00+00:00,2461.1030846526387,773.5572774640833,1687.5458071885555,0,night,0,0.0,0,2,0,0,0,0,0,0,0,0,0,0,0,0,0,0,0,0,0,0,0,0,0,0,3,1902.4201895734168,2296.247373537611,3533.490893778889,773.5572774640833,18,-1.8369701987210287e-16,-1.0,0,0,1,-4.087827328708443,257.33249462531967,1072.5309976097637,699.2838500327638,1008,1008,6.57372725889247,1.985705928969782
B2,roll_03,persistence,2026-01-29 19:00:00+00:00,2026-01-29 20:00:00+00:00,0,1,2025-12-08T00:00:00+00:00,2026-01-26T00:00:00+00:00,2026-01-26T00:00:00+00:00,2026-02-02T00:00:00+00:00,738.0341406504722,2461.1030846526387,-1723.0689440021663,0,night,0,0.0,0,1,0,0,0,0,0,0,0,0,0,0,0,0,0,0,0,0,0,0,0,0,0,0,3,1073.8756977925275,773.5572774640833,4150.093525715889,2461.1030846526387,19,0.2588190451025203,-0.9659258262890684,0,0,1,-4.087827328708443,257.33249462531967,1072.5309976097637,699.2838500327638,1008,1008,6.680000204312799,0.47834203084143767
B2,roll_03,persistence,2026-01-29 20:00:00+00:00,2026-01-29 21:00:00+00:00,0,1,2025-12-08T00:00:00+00:00,2026-01-26T00:00:00+00:00,2026-01-26T00:00:00+00:00,2026-02-02T00:00:00+00:00,1046.6185902225832,738.0341406504722,308.584449572111,0,night,0,0.0,0,1,0,0,0,0,0,0,0,0,0,0,0,0,0,0,0,0,0,0,0,0,0,0,3,1112.6407676563056,2461.1030846526387,3498.4065437332224,738.0341406504722,20,0.5000000000000001,-0.8660254037844386,0,0,1,-4.087827328708443,257.33249462531967,1072.5309976097637,699.2838500327638,1008,1008,1.2150516682942643,0.03705563539893919
B2,roll_03,persistence,2026-01-29 21:00:00+00:00,2026-01-29 22:00:00+00:00,0,1,2025-12-08T00:00:00+00:00,2026-01-26T00:00:00+00:00,2026-01-26T00:00:00+00:00,2026-02-02T00:00:00+00:00,366.5958732328333,1046.6185902225832,-680.0227169897498,0,night,0,0.0,0,1,0,0,0,0,0,0,0,0,0,0,0,0,0,0,0,0,0,0,0,0,0,0,3,565.8491807108888,738.0341406504722,3031.050403281528,1046.6185902225832,21,0.7071067811865474,-0.7071067811865477,0,0,1,-4.087827328708443,257.33249462531967,1072.5309976097637,699.2838500327638,1008,1008,2.626698546738971,1.00951155148779
B2,roll_03,persistence,2026-01-29 22:00:00+00:00,2026-01-29 23:00:00+00:00,0,1,2025-12-08T00:00:00+00:00,2026-01-26T00:00:00+00:00,2026-01-26T00:00:00+00:00,2026-02-02T00:00:00+00:00,363.3738909241667,366.5958732328333,-3.221982308666611,0,night,0,0.0,0,1,0,1,1,0,2,0,0,1,0,0,1,0,1,0,0,0,1,0,0,0,0,0,3,473.87890895927785,1046.6185902225832,880.7419122894444,366.5958732328333,22,0.8660254037844384,-0.5000000000000004,0,0,1,-4.087827328708443,257.33249462531967,1072.5309976097637,699.2838500327638,1008,1008,0.0033646936866737957,1.0141190972054777
B2,roll_03,persistence,2026-01-29 23:00:00+00:00,2026-01-30 00:00:00+00:00,0,1,2025-12-08T00:00:00+00:00,2026-01-26T00:00:00+00:00,2026-01-26T00:00:00+00:00,2026-02-02T00:00:00+00:00,372.9620775262778,363.3738909241667,9.588186602111136,0,night,0,0.0,0,1,0,1,1,0,2,0,0,1,0,0,1,0,1,0,0,0,1,0,0,0,0,0,3,367.6513029880277,366.5958732328333,822.8956369502222,363.3738909241667,23,0.965925826289068,-0.2588190451025215,0,0,1,-4.087827328708443,257.33249462531967,1072.5309976097637,699.2838500327638,1008,1008,0.053145305068184566,1.0004076599948772
B2,roll_03,persistence,2026-01-30 00:00:00+00:00,2026-01-30 01:00:00+00:00,0,1,2025-12-08T00:00:00+00:00,2026-01-26T00:00:00+00:00,2026-01-26T00:00:00+00:00,2026-02-02T00:00:00+00:00,407.8405305781389,372.9620775262778,34.87845305186107,0,night,0,0.0,0,1,0,0,0,0,0,0,0,0,0,0,0,0,0,0,0,0,0,0,0,0,0,0,4,367.96108710394446,363.3738909241667,934.8170360965556,372.9620775262778,0,1.0,0.0,0,0,1,-4.087827328708443,257.33249462531967,1072.5309976097637,699.2838500327638,1008,1008,0.15142386287944343,0.9505302703622883
B2,roll_03,persistence,2026-01-30 01:00:00+00:00,2026-01-30 02:00:00+00:00,0,1,2025-12-08T00:00:00+00:00,2026-01-26T00:00:00+00:00,2026-01-26T00:00:00+00:00,2026-02-02T00:00:00+00:00,371.0950655588056,407.8405305781389,-36.74546501933333,0,night,0,0.0,0,1,0,0,0,0,0,0,0,0,0,0,0,0,0,0,0,0,0,0,0,0,0,0,4,369.3633806425278,372.9620775262778,569.0574982047777,407.8405305781389,1,0.9659258262890684,0.2588190451025207,0,0,1,-4.087827328708443,257.33249462531967,1072.5309976097637,699.2838500327638,1008,1008,0.12690833211007785,1.0030775514379369
B2,roll_03,persistence,2026-01-30 02:00:00+00:00,2026-01-30 03:00:00+00:00,0,1,2025-12-08T00:00:00+00:00,2026-01-26T00:00:00+00:00,2026-01-26T00:00:00+00:00,2026-02-02T00:00:00+00:00,377.9953876609166,371.0950655588056,6.9003221021110335,0,night,0,0.0,0,1,0,0,0,0,0,0,0,0,0,0,0,0,0,0,0,0,0,0,0,0,0,0,4,364.6717208964722,407.8405305781389,388.6233783748333,371.0950655588056,2,0.8660254037844387,0.4999999999999999,0,0,1,-4.087827328708443,257.33249462531967,1072.5309976097637,699.2838500327638,1008,1008,0.04270020172469241,0.9932098530751223
B2,roll_03,persistence,2026-01-30 03:00:00+00:00,2026-01-30 04:00:00+00:00,0,1,2025-12-08T00:00:00+00:00,2026-01-26T00:00:00+00:00,2026-01-26T00:00:00+00:00,2026-02-02T00:00:00+00:00,1042.5099112287778,377.9953876609166,664.5145235678613,0,night,0,0.0,0,1,0,0,0,0,0,0,0,0,0,0,0,0,0,0,0,0,0,0,0,0,0,0,4,368.5853674459444,371.0950655588056,380.9392708019166,377.9953876609166,3,0.7071067811865476,0.7071067811865476,0,0,1,-4.087827328708443,257.33249462531967,1072.5309976097637,699.2838500327638,1008,1008,2.598204132245583,0.042931187928306004
B2,roll_03,persistence,2026-01-30 04:00:00+00:00,2026-01-30 05:00:00+00:00,0,1,2025-12-08T00:00:00+00:00,2026-01-26T00:00:00+00:00,2026-01-26T00:00:00+00:00,2026-02-02T00:00:00+00:00,2043.280496847389,1042.5099112287778,1000.7705856186112,0,night,0,0.0,0,1,0,0,0,0,0,0,0,0,0,0,0,0,0,0,0,0,0,0,0,0,0,0,4,1077.5376334153334,377.9953876609166,1044.109589464861,1042.5099112287778,4,0.5000000000000001,0.8660254037844386,0,0,1,-4.087827328708443,257.33249462531967,1072.5309976097637,699.2838500327638,1008,1008,3.904902932722935,1.388205231955725
B2,roll_03,persistence,2026-01-30 05:00:00+00:00,2026-01-30 06:00:00+00:00,0,1,2025-12-08T00:00:00+00:00,2026-01-26T00:00:00+00:00,2026-01-26T00:00:00+00:00,2026-02-02T00:00:00+00:00,2356.0469720826945,2043.280496847389,312.7664752353055,0,night,0,0.0,0,1,0,0,0,0,0,0,0,0,0,0,0,0,0,0,0,0,0,0,0,0,0,0,4,2595.650702010778,1042.5099112287778,2097.0978272491666,2043.280496847389,5,0.2588190451025207,0.9659258262890684,0,0,1,-4.087827328708443,257.33249462531967,1072.5309976097637,699.2838500327638,1008,1008,1.2313031163256665,1.8354720681920422
B2,roll_03,persistence,2026-01-30 06:00:00+00:00,2026-01-30 07:00:00+00:00,0,1,2025-12-08T00:00:00+00:00,2026-01-26T00:00:00+00:00,2026-01-26T00:00:00+00:00,2026-02-02T00:00:00+00:00,2415.724502125278,2356.0469720826945,59.677530042583385,0,night,0,0.0,0,1,0,0,0,0,0,0,0,0,0,0,0,0,0,0,0,0,0,0,0,0,0,0,4,2229.0674939791948,2043.280496847389,2101.717697546028,2356.0469720826945,6,6.123233995736766e-17,1.0,0,0,1,-4.087827328708443,257.33249462531967,1072.5309976097637,699.2838500327638,1008,1008,0.24779364714174645,1.9208129923958361
B2,roll_03,persistence,2026-01-30 07:00:00+00:00,2026-01-30 08:00:00+00:00,0,1,2025-12-08T00:00:00+00:00,2026-01-26T00:00:00+00:00,2026-01-26T00:00:00+00:00,2026-02-02T00:00:00+00:00,2088.875723270194,2415.724502125278,-326.84877885508376,1,night,0,0.0,0,2,0,0,0,0,0,0,0,0,0,0,0,0,0,0,0,0,0,0,0,0,0,0,4,1956.5605310417773,2356.0469720826945,1866.4684684137776,2415.724502125278,7,-0.2588190451025206,0.9659258262890684,0,0,1,-4.087827328708443,257.33249462531967,1072.5309976097637,699.2838500327638,1008,1008,1.25425649021248,1.4534079767648163
B2,roll_03,persistence,2026-01-30 08:00:00+00:00,2026-01-30 09:00:00+00:00,0,1,2025-12-08T00:00:00+00:00,2026-01-26T00:00:00+00:00,2026-01-26T00:00:00+00:00,2026-02-02T00:00:00+00:00,1376.5848081650277,2088.875723270194,-712.2909151051665,1,low,0,0.0,0,2,0,0,0,0,0,0,0,0,0,0,0,0,0,0,0,0,0,0,0,0,0,0,4,1820.3555307953327,2415.724502125278,1765.7431687797225,2088.875723270194,8,-0.4999999999999998,0.8660254037844387,0,0,1,-4.087827328708443,257.33249462531967,1072.5309976097637,699.2838500327638,1008,1008,2.752093507691725,0.4348074255411704
B2,roll_03,persistence,2026-01-30 09:00:00+00:00,2026-01-30 10:00:00+00:00,0,1,2025-12-08T00:00:00+00:00,2026-01-26T00:00:00+00:00,2026-01-26T00:00:00+00:00,2026-02-02T00:00:00+00:00,637.5708449115556,1376.5848081650277,-739.0139632534721,1,med,0,0.0,0,2,0,0,0,0,0,0,0,0,0,0,0,0,0,0,0,0,0,0,0,0,0,0,4,2016.7762660696944,2088.875723270194,1253.1664777410554,1376.5848081650277,9,-0.7071067811865475,0.7071067811865476,0,0,1,-4.087827328708443,257.33249462531967,1072.5309976097637,699.2838500327638,1008,1008,2.855939888177854,0.622008005301179
B2,roll_03,persistence,2026-01-30 10:00:00+00:00,2026-01-30 11:00:00+00:00,0,1,2025-12-08T00:00:00+00:00,2026-01-26T00:00:00+00:00,2026-01-26T00:00:00+00:00,2026-02-02T00:00:00+00:00,-1038.640299738972,637.5708449115556,-1676.2111446505278,1,high,0,0.0,0,2,0,0,0,0,0,0,0,0,0,0,0,0,0,0,0,0,0,0,0,0,0,0,4,1936.420994131,1376.5848081650277,948.2308555061112,637.5708449115556,10,-0.8660254037844387,0.4999999999999999,0,0,1,-4.087827328708443,257.33249462531967,1072.5309976097637,699.2838500327638,1008,1008,6.497909716984862,3.0190476975119904
B2,roll_03,persistence,2026-01-30 11:00:00+00:00,2026-01-30 12:00:00+00:00,0,1,2025-12-08T00:00:00+00:00,2026-01-26T00:00:00+00:00,2026-01-26T00:00:00+00:00,2026-02-02T00:00:00+00:00,338.58896643852773,-1038.640299738972,1377.2292661774998,1,high,0,0.0,0,2,1,0,0,0,0,0,0,0,0,0,0,0,0,0,0,0,0,0,0,0,0,0,4,1576.1195596841944,637.5708449115556,1415.7808458588888,-1038.640299738972,11,-0.9659258262890682,0.258819045102521,0,0,1,-4.087827328708443,257.33249462531967,1072.5309976097637,699.2838500327638,1008,1008,5.367830034514019,1.0495623932067764
B2,roll_03,persistence,2026-01-30 12:00:00+00:00,2026-01-30 13:00:00+00:00,0,1,2025-12-08T00:00:00+00:00,2026-01-26T00:00:00+00:00,2026-01-26T00:00:00+00:00,2026-02-02T00:00:00+00:00,-266.5041079402778,338.58896643852773,-605.0930743788056,1,med,0,0.0,0,3,0,0,0,0,0,0,0,0,0,0,0,0,0,0,0,0,0,0,0,0,0,0,4,1707.01032054225,-1038.640299738972,347.5551561380278,338.58896643852773,12,-1.0,1.2246467991473532e-16,0,0,1,-4.087827328708443,257.33249462531967,1072.5309976097637,699.2838500327638,1008,1008,2.3355202300633295,1.9148663385938387
B2,roll_03,persistence,2026-01-30 13:00:00+00:00,2026-01-30 14:00:00+00:00,0,1,2025-12-08T00:00:00+00:00,2026-01-26T00:00:00+00:00,2026-01-26T00:00:00+00:00,2026-02-02T00:00:00+00:00,376.1624140875,-266.5041079402778,642.6665220277778,1,med,0,0.0,0,3,1,0,0,0,0,0,0,0,0,0,0,0,0,0,0,0,0,0,0,0,0,0,4,2214.146590013028,338.58896643852773,-402.3519291878333,-266.5041079402778,13,-0.9659258262890684,-0.2588190451025208,0,0,1,-4.087827328708443,257.33249462531967,1072.5309976097637,699.2838500327638,1008,1008,2.5133022951422097,0.9958310684418589
B2,roll_03,persistence,2026-01-30 14:00:00+00:00,2026-01-30 15:00:00+00:00,0,1,2025-12-08T00:00:00+00:00,2026-01-26T00:00:00+00:00,2026-01-26T00:00:00+00:00,2026-02-02T00:00:00+00:00,1082.7555175266666,376.1624140875,706.5931034391666,1,med,0,0.0,0,2,0,0,0,0,0,0,0,0,0,0,0,0,0,0,0,0,0,0,0,0,0,0,4,2195.8262186153333,-266.5041079402778,1092.5960639581945,376.1624140875,14,-0.8660254037844388,-0.4999999999999997,0,0,1,-4.087827328708443,257.33249462531967,1072.5309976097637,699.2838500327638,1008,1008,2.761722462616461,0.014621415776188468
B2,roll_03,persistence,2026-01-30 15:00:00+00:00,2026-01-30 16:00:00+00:00,0,1,2025-12-08T00:00:00+00:00,2026-01-26T00:00:00+00:00,2026-01-26T00:00:00+00:00,2026-02-02T00:00:00+00:00,1956.864773614972,1082.7555175266666,874.1092560883053,1,low,0,0.0,0,2,0,0,0,0,0,0,0,0,0,0,0,0,0,0,0,0,0,0,0,0,0,0,4,2527.9803929520835,376.1624140875,462.4739155892223,1082.7555175266666,15,-0.7071067811865479,-0.7071067811865471,0,0,1,-4.087827328708443,257.33249462531967,1072.5309976097637,699.2838500327638,1008,1008,3.4126940893946687,1.2646277702020061
B2,roll_03,persistence,2026-01-30 16:00:00+00:00,2026-01-30 17:00:00+00:00,0,1,2025-12-08T00:00:00+00:00,2026-01-26T00:00:00+00:00,2026-01-26T00:00:00+00:00,2026-02-02T00:00:00+00:00,2558.768179305,1956.864773614972,601.9034056900282,0,night,0,0.0,0,2,0,0,0,0,0,0,0,0,0,0,0,0,0,0,0,0,0,0,0,0,0,0,4,2048.975809514583,1082.7555175266666,1737.4693776433332,1956.864773614972,16,-0.5000000000000004,-0.8660254037844385,0,0,1,-4.087827328708443,257.33249462531967,1072.5309976097637,699.2838500327638,1008,1008,2.3548958863553935,2.1253703794612178
B2,roll_03,persistence,2026-01-30 17:00:00+00:00,2026-01-30 18:00:00+00:00,0,1,2025-12-08T00:00:00+00:00,2026-01-26T00:00:00+00:00,2026-01-26T00:00:00+00:00,2026-02-02T00:00:00+00:00,1987.7934036818888,2558.768179305,-570.9747756231113,0,night,0,0.0,0,2,0,0,0,0,0,0,0,0,0,0,0,0,0,0,0,0,0,0,0,0,0,0,4,1253.307754251361,1956.864773614972,2296.247373537611,2558.768179305,17,-0.2588190451025206,-0.9659258262890684,0,0,1,-4.087827328708443,257.33249462531967,1072.5309976097637,699.2838500327638,1008,1008,2.2029357354181,1.3088567768714263
B2,roll_03,persistence,2026-01-30 18:00:00+00:00,2026-01-30 19:00:00+00:00,0,1,2025-12-08T00:00:00+00:00,2026-01-26T00:00:00+00:00,2026-01-26T00:00:00+00:00,2026-02-02T00:00:00+00:00,1676.7119280521667,1987.7934036818888,-311.08147562972204,0,night,0,0.0,0,2,0,0,0,0,0,0,0,0,0,0,0,0,0,0,0,0,0,0,0,0,0,0,4,2022.5164028016115,2558.768179305,773.5572774640833,1987.7934036818888,18,-1.8369701987210287e-16,-1.0,0,0,1,-4.087827328708443,257.33249462531967,1072.5309976097637,699.2838500327638,1008,1008,1.192984386787224,0.8639995481292684
B2,roll_03,persistence,2026-01-30 19:00:00+00:00,2026-01-30 20:00:00+00:00,0,1,2025-12-08T00:00:00+00:00,2026-01-26T00:00:00+00:00,2026-01-26T00:00:00+00:00,2026-02-02T00:00:00+00:00,1399.5987402705557,1676.7119280521667,-277.11318778161103,0,night,0,0.0,0,1,0,0,0,0,0,0,0,0,0,0,0,0,0,0,0,0,0,0,0,0,0,0,4,1067.3991769345832,1987.7934036818888,2461.1030846526387,1676.7119280521667,19,0.2588190451025203,-0.9659258262890684,0,0,1,-4.087827328708443,257.33249462531967,1072.5309976097637,699.2838500327638,1008,1008,1.0609828379833335,0.4677181414177773
B2,roll_03,persistence,2026-01-30 20:00:00+00:00,2026-01-30 21:00:00+00:00,0,1,2025-12-08T00:00:00+00:00,2026-01-26T00:00:00+00:00,2026-01-26T00:00:00+00:00,2026-02-02T00:00:00+00:00,1395.9087899032777,1399.5987402705557,-3.689950367278016,0,night,0,0.0,0,2,0,0,0,0,0,0,0,0,0,0,0,0,0,0,0,0,0,0,0,0,0,0,4,1046.436184157472,1676.7119280521667,738.0341406504722,1399.5987402705557,20,0.5000000000000001,-0.8660254037844386,0,0,1,-4.087827328708443,257.33249462531967,1072.5309976097637,699.2838500327638,1008,1008,0.0015461590344808256,0.4624413852520155
B2,roll_03,persistence,2026-01-30 21:00:00+00:00,2026-01-30 22:00:00+00:00,0,1,2025-12-08T00:00:00+00:00,2026-01-26T00:00:00+00:00,2026-01-26T00:00:00+00:00,2026-02-02T00:00:00+00:00,617.2218638224722,1395.9087899032777,-778.6869260808055,0,night,0,0.0,0,2,0,0,0,0,0,0,0,0,0,0,0,0,0,0,0,0,0,0,0,0,0,0,4,602.2876708927778,1399.5987402705557,1046.6185902225832,1395.9087899032777,21,0.7071067811865474,-0.7071067811865477,0,0,1,-4.087827328708443,257.33249462531967,1072.5309976097637,699.2838500327638,1008,1008,3.0101099353189964,0.651107749400989
B2,roll_03,persistence,2026-01-30 22:00:00+00:00,2026-01-30 23:00:00+00:00,0,1,2025-12-08T00:00:00+00:00,2026-01-26T00:00:00+00:00,2026-01-26T00:00:00+00:00,2026-02-02T00:00:00+00:00,560.833410557,617.2218638224722,-56.38845326547221,0,night,0,0.0,0,1,0,0,0,0,0,0,0,0,0,0,0,0,0,0,0,0,0,0,0,0,0,0,4,492.5538403097778,1395.9087899032777,366.5958732328333,617.2218638224722,22,0.8660254037844384,-0.5000000000000004,0,0,1,-4.087827328708443,257.33249462531967,1072.5309976097637,699.2838500327638,1008,1008,0.20324143677585038,0.7317451804854195
B2,roll_03,persistence,2026-01-30 23:00:00+00:00,2026-01-31 00:00:00+00:00,0,1,2025-12-08T00:00:00+00:00,2026-01-26T00:00:00+00:00,2026-01-26T00:00:00+00:00,2026-02-02T00:00:00+00:00,568.5592018373611,560.833410557,7.725791280361136,0,night,0,0.0,0,1,0,0,0,0,0,0,0,0,0,0,0,0,0,0,0,0,0,0,0,0,0,0,4,435.2853666092778,617.2218638224722,363.3738909241667,560.833410557,23,0.965925826289068,-0.2588190451025215,0,0,1,-4.087827328708443,257.33249462531967,1072.5309976097637,699.2838500327638,1008,1008,0.04590799396038344,0.7206970327554253
B2,roll_03,persistence,2026-01-31 00:00:00+00:00,2026-01-31 01:00:00+00:00,0,1,2025-12-08T00:00:00+00:00,2026-01-26T00:00:00+00:00,2026-01-26T00:00:00+00:00,2026-02-02T00:00:00+00:00,560.2704962234167,568.5592018373611,-8.288705613944444,0,night,0,0.0,0,1,0,0,0,0,0,0,0,0,0,0,0,0,0,0,0,0,0,0,0,0,0,0,5,405.1807272819444,560.833410557,372.9620775262778,568.5592018373611,0,1.0,0.0,0,1,1,-4.087827328708443,257.33249462531967,1072.5309976097637,699.2838500327638,1008,1008,0.01632470975479622,0.7325501673781626
B2,roll_03,persistence,2026-01-31 01:00:00+00:00,2026-01-31 02:00:00+00:00,0,1,2025-12-08T00:00:00+00:00,2026-01-26T00:00:00+00:00,2026-01-26T00:00:00+00:00,2026-02-02T00:00:00+00:00,565.4011130005833,560.2704962234167,5.130616777166665,0,night,0,0.0,0,1,0,0,0,0,0,0,0,0,0,0,0,0,0,0,0,0,0,0,0,0,0,0,5,403.1378216736112,568.5592018373611,407.8405305781389,560.2704962234167,1,0.9659258262890684,0.2588190451025207,0,1,1,-4.087827328708443,257.33249462531967,1072.5309976097637,699.2838500327638,1008,1008,0.03582308607895522,0.7252132086068049
B2,roll_03,persistence,2026-01-31 02:00:00+00:00,2026-01-31 03:00:00+00:00,0,1,2025-12-08T00:00:00+00:00,2026-01-26T00:00:00+00:00,2026-01-26T00:00:00+00:00,2026-02-02T00:00:00+00:00,568.1319450434166,565.4011130005833,2.730832042833299,0,night,0,0.0,0,1,0,0,0,0,0,0,0,0,0,0,0,0,0,0,0,0,0,0,0,0,0,0,5,404.9479621853611,560.2704962234167,371.0950655588056,565.4011130005833,2,0.8660254037844387,0.4999999999999999,0,1,1,-4.087827328708443,257.33249462531967,1072.5309976097637,699.2838500327638,1008,1008,0.026497467338782152,0.7213080246922824
B2,roll_03,persistence,2026-01-31 03:00:00+00:00,2026-01-31 04:00:00+00:00,0,1,2025-12-08T00:00:00+00:00,2026-01-26T00:00:00+00:00,2026-01-26T00:00:00+00:00,2026-02-02T00:00:00+00:00,1108.9278010010555,568.1319450434166,540.7958559576389,0,night,0,0.0,0,1,0,1,1,0,2,0,0,1,0,0,1,0,1,0,0,0,1,0,0,0,0,0,5,402.6522398849167,565.4011130005833,377.9953876609166,568.1319450434166,3,0.7071067811865476,0.7071067811865476,0,1,1,-4.087827328708443,257.33249462531967,1072.5309976097637,699.2838500327638,1008,1008,2.1174305409027605,0.05204868293409959
B2,roll_03,persistence,2026-01-31 04:00:00+00:00,2026-01-31 05:00:00+00:00,0,1,2025-12-08T00:00:00+00:00,2026-01-26T00:00:00+00:00,2026-01-26T00:00:00+00:00,2026-02-02T00:00:00+00:00,1973.961116742889,1108.9278010010555,865.0333157418336,0,night,0,0.0,0,1,0,1,1,0,2,0,0,1,0,0,1,0,1,0,0,0,1,0,0,0,0,0,5,989.5879204678332,568.1319450434166,1042.5099112287778,1108.9278010010555,4,0.5000000000000001,0.8660254037844386,0,1,1,-4.087827328708443,257.33249462531967,1072.5309976097637,699.2838500327638,1008,1008,3.3774247762063503,1.2890761299447862
B2,roll_03,persistence,2026-01-31 05:00:00+00:00,2026-01-31 06:00:00+00:00,0,1,2025-12-08T00:00:00+00:00,2026-01-26T00:00:00+00:00,2026-01-26T00:00:00+00:00,2026-02-02T00:00:00+00:00,2133.987086771556,1973.961116742889,160.02597002866673,0,night,0,0.0,0,2,0,0,0,0,0,0,0,0,0,0,0,0,0,0,0,0,0,0,0,0,0,0,5,1683.9951601766388,1108.9278010010555,2043.280496847389,1973.961116742889,5,0.2588190451025207,0.9659258262890684,0,1,1,-4.087827328708443,257.33249462531967,1072.5309976097637,699.2838500327638,1008,1008,0.6377499957645363,1.5179187809243118
B2,roll_03,persistence,2026-01-31 06:00:00+00:00,2026-01-31 07:00:00+00:00,0,1,2025-12-08T00:00:00+00:00,2026-01-26T00:00:00+00:00,2026-01-26T00:00:00+00:00,2026-02-02T00:00:00+00:00,1020.5726502083334,2133.987086771556,-1113.4144365632224,0,night,0,0.0,0,2,0,0,0,0,0,0,0,0,0,0,0,0,0,0,0,0,0,0,0,0,0,0,5,1902.018428271,1973.961116742889,2356.0469720826945,2133.987086771556,6,6.123233995736766e-17,1.0,0,1,1,-4.087827328708443,257.33249462531967,1072.5309976097637,699.2838500327638,1008,1008,4.310868749202123,0.07430222705557402
B2,roll_03,persistence,2026-01-31 07:00:00+00:00,2026-01-31 08:00:00+00:00,0,1,2025-12-08T00:00:00+00:00,2026-01-26T00:00:00+00:00,2026-01-26T00:00:00+00:00,2026-02-02T00:00:00+00:00,419.2874801181944,1020.5726502083334,-601.285170090139,1,night,0,0.0,0,2,0,0,0,0,0,0,0,0,0,0,0,0,0,0,0,0,0,0,0,0,0,0,5,2166.76233965375,2133.987086771556,2415.724502125278,1020.5726502083334,7,-0.2588190451025206,0.9659258262890684,0,1,1,-4.087827328708443,257.33249462531967,1072.5309976097637,699.2838500327638,1008,1008,2.320722626308658,0.9341607381050808
B2,roll_03,persistence,2026-01-31 08:00:00+00:00,2026-01-31 09:00:00+00:00,0,1,2025-12-08T00:00:00+00:00,2026-01-26T00:00:00+00:00,2026-01-26T00:00:00+00:00,2026-02-02T00:00:00+00:00,250.3521221068889,419.2874801181944,-168.9353580113055,1,low,0,0.0,0,2,0,0,0,0,0,0,0,0,0,0,0,0,0,0,0,0,0,0,0,0,0,0,5,2056.1787956731946,1020.5726502083334,2088.875723270194,419.2874801181944,8,-0.4999999999999998,0.8660254037844387,0,1,1,-4.087827328708443,257.33249462531967,1072.5309976097637,699.2838500327638,1008,1008,0.6406013003628546,1.1757441208807453
B2,roll_03,persistence,2026-01-31 09:00:00+00:00,2026-01-31 10:00:00+00:00,0,1,2025-12-08T00:00:00+00:00,2026-01-26T00:00:00+00:00,2026-01-26T00:00:00+00:00,2026-02-02T00:00:00+00:00,334.93582907008334,250.3521221068889,84.58370696319443,1,low,0,0.0,0,2,0,0,0,0,0,0,0,0,0,0,0,0,0,0,0,0,0,0,0,0,0,0,5,2110.409867789389,419.2874801181944,1376.5848081650277,250.3521221068889,9,-0.7071067811865475,0.7071067811865476,0,1,1,-4.087827328708443,257.33249462531967,1072.5309976097637,699.2838500327638,1008,1008,0.34457962419790816,1.054786505515781
B2,roll_03,persistence,2026-01-31 10:00:00+00:00,2026-01-31 11:00:00+00:00,0,1,2025-12-08T00:00:00+00:00,2026-01-26T00:00:00+00:00,2026-01-26T00:00:00+00:00,2026-02-02T00:00:00+00:00,-25.482023055444444,334.93582907008334,-360.4178521255278,1,low,0,0.0,0,2,0,0,0,0,0,0,0,0,0,0,0,0,0,0,0,0,0,0,0,0,0,0,5,3130.832139515,250.3521221068889,637.5708449115556,334.93582907008334,10,-0.8660254037844387,0.4999999999999999,0,1,1,-4.087827328708443,257.33249462531967,1072.5309976097637,699.2838500327638,1008,1008,1.3847066819743916,1.5701964525761072
B2,roll_03,persistence,2026-01-31 11:00:00+00:00,2026-01-31 12:00:00+00:00,0,1,2025-12-08T00:00:00+00:00,2026-01-26T00:00:00+00:00,2026-01-26T00:00:00+00:00,2026-02-02T00:00:00+00:00,-362.59401059927774,-25.482023055444444,-337.11198754383327,1,med,0,0.0,0,2,1,0,0,0,0,0,0,0,0,0,0,0,0,0,0,0,0,0,0,0,0,0,5,385.99203080291664,334.93582907008334,-1038.640299738972,-25.482023055444444,11,-0.9659258262890682,0.258819045102521,0,1,1,-4.087827328708443,257.33249462531967,1072.5309976097637,699.2838500327638,1008,1008,1.2941395555194593,2.0522782102601127
B2,roll_03,persistence,2026-01-31 12:00:00+00:00,2026-01-31 13:00:00+00:00,0,1,2025-12-08T00:00:00+00:00,2026-01-26T00:00:00+00:00,2026-01-26T00:00:00+00:00,2026-02-02T00:00:00+00:00,-31.184125589083333,-362.59401059927774,331.4098850101944,1,med,0,0.0,0,2,1,0,0,0,0,0,0,0,0,0,0,0,0,0,0,0,0,0,0,0,0,0,5,1016.1453970060834,-25.482023055444444,338.58896643852773,-362.59401059927774,12,-1.0,1.2246467991473532e-16,0,1,1,-4.087827328708443,257.33249462531967,1072.5309976097637,699.2838500327638,1008,1008,1.3037518360337392,1.578350655670275
B2,roll_03,persistence,2026-01-31 13:00:00+00:00,2026-01-31 14:00:00+00:00,0,1,2025-12-08T00:00:00+00:00,2026-01-26T00:00:00+00:00,2026-01-26T00:00:00+00:00,2026-02-02T00:00:00+00:00,-90.87281389516666,-31.184125589083333,-59.68868830608332,1,med,0,0.0,0,2,1,0,0,0,0,0,0,0,0,0,0,0,0,0,0,0,0,0,0,0,0,0,5,1064.5741736199725,-362.59401059927774,-266.5041079402778,-31.184125589083333,13,-0.9659258262890684,-0.2588190451025208,0,1,1,-4.087827328708443,257.33249462531967,1072.5309976097637,699.2838500327638,1008,1008,0.21606622614190502,1.6637075365753422
B2,roll_03,persistence,2026-01-31 14:00:00+00:00,2026-01-31 15:00:00+00:00,0,1,2025-12-08T00:00:00+00:00,2026-01-26T00:00:00+00:00,2026-01-26T00:00:00+00:00,2026-02-02T00:00:00+00:00,422.2890764387501,-90.87281389516666,513.1618903339167,1,med,0,0.0,0,3,1,0,0,0,0,0,0,0,0,0,0,0,0,0,0,0,0,0,0,0,0,0,5,1858.781012173056,-31.184125589083333,376.1624140875,-90.87281389516666,14,-0.8660254037844388,-0.4999999999999997,0,1,1,-4.087827328708443,257.33249462531967,1072.5309976097637,699.2838500327638,1008,1008,2.010044314130438,0.9298683519439891
B2,roll_03,persistence,2026-01-31 15:00:00+00:00,2026-01-31 16:00:00+00:00,0,1,2025-12-08T00:00:00+00:00,2026-01-26T00:00:00+00:00,2026-01-26T00:00:00+00:00,2026-02-02T00:00:00+00:00,514.5742918275556,422.2890764387501,92.28521538880553,1,low,0,0.0,0,2,0,0,0,0,0,0,0,0,0,0,0,0,0,0,0,0,0,0,0,0,0,0,5,1831.2616717653889,-90.87281389516666,1082.7555175266666,422.2890764387501,15,-0.7071067811865479,-0.7071067811865471,0,1,1,-4.087827328708443,257.33249462531967,1072.5309976097637,699.2838500327638,1008,1008,0.37450786329116614,0.7978973141680106
B2,roll_03,persistence,2026-01-31 16:00:00+00:00,2026-01-31 17:00:00+00:00,0,1,2025-12-08T00:00:00+00:00,2026-01-26T00:00:00+00:00,2026-01-26T00:00:00+00:00,2026-02-02T00:00:00+00:00,555.1924943127777,514.5742918275556,40.61820248522213,0,night,0,0.0,0,2,0,0,0,0,0,0,0,0,0,0,0,0,0,0,0,0,0,0,0,0,0,0,5,1060.0596002008333,422.2890764387501,1956.864773614972,514.5742918275556,16,-0.5000000000000004,-0.8660254037844385,0,1,1,-4.087827328708443,257.33249462531967,1072.5309976097637,699.2838500327638,1008,1008,0.17372866135317766,0.7398118850774932
B2,roll_03,persistence,2026-01-31 17:00:00+00:00,2026-01-31 18:00:00+00:00,0,1,2025-12-08T00:00:00+00:00,2026-01-26T00:00:00+00:00,2026-01-26T00:00:00+00:00,2026-02-02T00:00:00+00:00,563.0741589198611,555.1924943127777,7.881664607083394,0,night,0,0.0,0,2,0,0,0,0,0,0,0,0,0,0,0,0,0,0,0,0,0,0,0,0,0,0,5,992.9213029867224,514.5742918275556,2558.768179305,555.1924943127777,17,-0.2588190451025206,-0.9659258262890684,0,1,1,-4.087827328708443,257.33249462531967,1072.5309976097637,699.2838500327638,1008,1008,0.046513721297497285,0.7285408331195306
B2,roll_03,persistence,2026-01-31 18:00:00+00:00,2026-01-31 19:00:00+00:00,0,1,2025-12-08T00:00:00+00:00,2026-01-26T00:00:00+00:00,2026-01-26T00:00:00+00:00,2026-02-02T00:00:00+00:00,532.8345183753889,563.0741589198611,-30.239640544472195,0,night,0,0.0,0,2,0,0,0,0,0,0,0,0,0,0,0,0,0,0,0,0,0,0,0,0,0,0,5,1541.1415699855834,555.1924943127777,1987.7934036818888,563.0741589198611,18,-1.8369701987210287e-16,-1.0,0,1,1,-4.087827328708443,257.33249462531967,1072.5309976097637,699.2838500327638,1008,1008,0.10162654838379903,0.7717845610321019
B2,roll_03,persistence,2026-01-31 19:00:00+00:00,2026-01-31 20:00:00+00:00,0,1,2025-12-08T00:00:00+00:00,2026-01-26T00:00:00+00:00,2026-01-26T00:00:00+00:00,2026-02-02T00:00:00+00:00,552.461400302111,532.8345183753889,19.626881926722035,0,night,0,0.0,0,1,0,1,1,0,11,0,0,0,1,0,1,0,1,0,0,0,1,0,0,0,0,0,5,1286.9006860100278,563.0741589198611,1676.7119280521667,532.8345183753889,19,0.2588190451025203,-0.9659258262890684,0,1,1,-4.087827328708443,257.33249462531967,1072.5309976097637,699.2838500327638,1008,1008,0.09215590627199835,0.7437174436150439
B2,roll_03,persistence,2026-01-31 20:00:00+00:00,2026-01-31 21:00:00+00:00,0,1,2025-12-08T00:00:00+00:00,2026-01-26T00:00:00+00:00,2026-01-26T00:00:00+00:00,2026-02-02T00:00:00+00:00,552.9098461985833,552.461400302111,0.4484458964723217,0,night,0,0.0,0,1,0,1,1,0,11,0,0,0,1,0,1,0,1,0,0,0,1,0,0,0,0,0,5,640.4533153681945,532.8345183753889,1399.5987402705557,552.461400302111,20,0.5000000000000001,-0.8660254037844386,0,1,1,-4.087827328708443,257.33249462531967,1072.5309976097637,699.2838500327638,1008,1008,0.017628062214939674,0.7430761505314822
B2,roll_03,persistence,2026-01-31 21:00:00+00:00,2026-01-31 22:00:00+00:00,0,1,2025-12-08T00:00:00+00:00,2026-01-26T00:00:00+00:00,2026-01-26T00:00:00+00:00,2026-02-02T00:00:00+00:00,560.803781971389,552.9098461985833,7.893935772805662,0,night,0,0.0,0,1,0,1,1,0,11,0,0,0,1,0,1,0,1,0,0,0,1,0,0,0,0,0,5,584.3161862229999,552.461400302111,1395.9087899032777,552.9098461985833,21,0.7071067811865474,-0.7071067811865477,0,1,1,-4.087827328708443,257.33249462531967,1072.5309976097637,699.2838500327638,1008,1008,0.04656140733007601,0.7317875503837228
B2,roll_03,persistence,2026-01-31 22:00:00+00:00,2026-01-31 23:00:00+00:00,0,1,2025-12-08T00:00:00+00:00,2026-01-26T00:00:00+00:00,2026-01-26T00:00:00+00:00,2026-02-02T00:00:00+00:00,565.2245665261389,560.803781971389,4.420784554749957,0,night,0,0.0,0,1,0,1,1,0,11,0,0,0,1,0,1,0,1,0,0,0,1,0,0,0,0,0,5,518.3547093412777,552.9098461985833,617.2218638224722,560.803781971389,22,0.8660254037844384,-0.5000000000000004,0,1,1,-4.087827328708443,257.33249462531967,1072.5309976097637,699.2838500327638,1008,1008,0.03306466171653556,0.7254656761483278
B2,roll_03,persistence,2026-01-31 23:00:00+00:00,2026-02-01 00:00:00+00:00,0,1,2025-12-08T00:00:00+00:00,2026-01-26T00:00:00+00:00,2026-01-26T00:00:00+00:00,2026-02-02T00:00:00+00:00,564.1097782727777,565.2245665261389,-1.114788253361212,0,night,0,0.0,0,1,0,1,1,0,11,0,0,0,1,0,1,0,1,0,0,0,1,0,0,0,0,0,5,430.99813492583326,560.803781971389,560.833410557,565.2245665261389,23,0.965925826289068,-0.2588190451025215,0,1,1,-4.087827328708443,257.33249462531967,1072.5309976097637,699.2838500327638,1008,1008,0.01155329831032814,0.7270598617616649
B2,roll_03,persistence,2026-02-01 00:00:00+00:00,2026-02-01 01:00:00+00:00,0,1,2025-12-08T00:00:00+00:00,2026-01-26T00:00:00+00:00,2026-01-26T00:00:00+00:00,2026-02-02T00:00:00+00:00,533.409867254,564.1097782727777,-30.699911018777694,0,night,0,0.0,0,1,0,1,1,0,11,0,0,0,1,0,1,0,1,0,0,0,1,0,0,0,0,0,6,377.7188413770555,565.2245665261389,568.5592018373611,564.1097782727777,0,1.0,0.0,0,1,2,-4.087827328708443,257.33249462531967,1072.5309976097637,699.2838500327638,1008,1008,0.10341517004611828,0.7709617923115257
B2,roll_03,persistence,2026-02-01 01:00:00+00:00,2026-02-01 02:00:00+00:00,0,1,2025-12-08T00:00:00+00:00,2026-01-26T00:00:00+00:00,2026-01-26T00:00:00+00:00,2026-02-02T00:00:00+00:00,562.5751383565,533.409867254,29.16527110250001,0,night,0,0.0,0,1,0,1,1,0,11,0,0,0,0,1,1,0,1,0,0,0,1,0,0,0,0,0,6,364.4423996903056,564.1097782727777,560.2704962234167,533.409867254,1,0.9659258262890684,0.2588190451025207,0,1,2,-4.087827328708443,257.33249462531967,1072.5309976097637,699.2838500327638,1008,1008,0.12922230626033263,0.7292544497193387
B2,roll_03,persistence,2026-02-01 02:00:00+00:00,2026-02-01 03:00:00+00:00,0,1,2025-12-08T00:00:00+00:00,2026-01-26T00:00:00+00:00,2026-01-26T00:00:00+00:00,2026-02-02T00:00:00+00:00,534.4757679513611,562.5751383565,-28.09937040513887,0,night,0,0.0,0,1,0,1,1,0,11,0,0,0,0,1,1,0,1,0,0,0,1,0,0,0,0,0,6,384.5271624152222,533.409867254,565.4011130005833,562.5751383565,2,0.8660254037844387,0.4999999999999999,0,1,2,-4.087827328708443,257.33249462531967,1072.5309976097637,699.2838500327638,1008,1008,0.09330940933593182,0.7694375175877334
B2,roll_03,persistence,2026-02-01 03:00:00+00:00,2026-02-01 04:00:00+00:00,0,1,2025-12-08T00:00:00+00:00,2026-01-26T00:00:00+00:00,2026-01-26T00:00:00+00:00,2026-02-02T00:00:00+00:00,559.3680544099722,534.4757679513611,24.89228645861101,0,night,0,0.0,0,1,0,1,1,0,11,0,0,0,0,1,1,0,1,0,0,0,1,0,0,0,0,0,6,395.30640441158334,562.5751383565,568.1319450434166,534.4757679513611,3,0.7071067811865476,0.7071067811865476,0,1,2,-4.087827328708443,257.33249462531967,1072.5309976097637,699.2838500327638,1008,1008,0.11261738953533627,0.7338406902658315
B2,roll_03,persistence,2026-02-01 04:00:00+00:00,2026-02-01 05:00:00+00:00,0,1,2025-12-08T00:00:00+00:00,2026-01-26T00:00:00+00:00,2026-01-26T00:00:00+00:00,2026-02-02T00:00:00+00:00,555.9197919330833,559.3680544099722,-3.448262476888885,0,night,0,0.0,0,1,0,1,1,0,11,0,0,0,0,1,1,0,1,0,0,0,1,0,0,0,0,0,6,963.782436518,534.4757679513611,1108.9278010010555,559.3680544099722,4,0.5000000000000001,0.8660254037844386,0,1,2,-4.087827328708443,257.33249462531967,1072.5309976097637,699.2838500327638,1008,1008,0.0024853637421530248,0.7387718244207635
B2,roll_03,persistence,2026-02-01 05:00:00+00:00,2026-02-01 06:00:00+00:00,0,1,2025-12-08T00:00:00+00:00,2026-01-26T00:00:00+00:00,2026-01-26T00:00:00+00:00,2026-02-02T00:00:00+00:00,1160.5435193141388,555.9197919330833,604.6237273810556,0,night,0,0.0,0,1,0,1,1,0,11,0,0,0,0,1,1,0,1,0,0,0,1,0,0,0,0,0,6,1696.815230154389,559.3680544099722,1973.961116742889,555.9197919330833,5,0.2588190451025207,0.9659258262890684,0,1,2,-4.087827328708443,257.33249462531967,1072.5309976097637,699.2838500327638,1008,1008,2.3654671190906456,0.12586093858774433
B2,roll_03,persistence,2026-02-01 06:00:00+00:00,2026-02-01 07:00:00+00:00,0,1,2025-12-08T00:00:00+00:00,2026-01-26T00:00:00+00:00,2026-01-26T00:00:00+00:00,2026-02-02T00:00:00+00:00,691.6709654138334,1160.5435193141388,-468.87255390030543,0,night,0,0.0,0,1,0,0,0,0,0,0,0,0,0,0,0,0,0,0,0,0,0,0,0,0,0,0,6,1659.7306816588614,555.9197919330833,2133.987086771556,1160.5435193141388,6,6.123233995736766e-17,1.0,0,1,2,-4.087827328708443,257.33249462531967,1072.5309976097637,699.2838500327638,1008,1008,1.8061641505800936,0.5446429689146771
B2,roll_03,persistence,2026-02-01 07:00:00+00:00,2026-02-01 08:00:00+00:00,0,1,2025-12-08T00:00:00+00:00,2026-01-26T00:00:00+00:00,2026-01-26T00:00:00+00:00,2026-02-02T00:00:00+00:00,1089.2109433604444,691.6709654138334,397.539977946611,1,night,0,0.0,0,1,0,0,0,0,0,0,0,0,0,0,0,0,0,0,0,0,0,0,0,0,0,0,6,2231.1363579284443,1160.5435193141388,1020.5726502083334,691.6709654138334,7,-0.2588190451025206,0.9659258262890684,0,1,2,-4.087827328708443,257.33249462531967,1072.5309976097637,699.2838500327638,1008,1008,1.5607349000369972,0.023852897145986044
B2,roll_03,persistence,2026-02-01 08:00:00+00:00,2026-02-01 09:00:00+00:00,0,1,2025-12-08T00:00:00+00:00,2026-01-26T00:00:00+00:00,2026-01-26T00:00:00+00:00,2026-02-02T00:00:00+00:00,303.2054646118889,1089.2109433604444,-786.0054787485556,1,low,0,0.0,0,2,0,0,0,0,0,0,0,0,0,0,0,0,0,0,0,0,0,0,0,0,0,0,6,2238.324116505972,691.6709654138334,419.2874801181944,1089.2109433604444,8,-0.4999999999999998,0.8660254037844387,0,1,2,-4.087827328708443,257.33249462531967,1072.5309976097637,699.2838500327638,1008,1008,3.0385499995184517,1.1001620199892068
B2,roll_03,persistence,2026-02-01 09:00:00+00:00,2026-02-01 10:00:00+00:00,0,1,2025-12-08T00:00:00+00:00,2026-01-26T00:00:00+00:00,2026-01-26T00:00:00+00:00,2026-02-02T00:00:00+00:00,306.5586802728889,303.2054646118889,3.353215661000036,1,low,0,0.0,0,2,0,0,0,0,0,0,0,0,0,0,0,0,0,0,0,0,0,0,0,0,0,0,6,2327.768168646222,1089.2109433604444,250.3521221068889,303.2054646118889,9,-0.7071067811865475,0.7071067811865476,0,1,2,-4.087827328708443,257.33249462531967,1072.5309976097637,699.2838500327638,1008,1008,0.02891606441130864,1.0953668060559192
B2,roll_03,persistence,2026-02-01 10:00:00+00:00,2026-02-01 11:00:00+00:00,0,1,2025-12-08T00:00:00+00:00,2026-01-26T00:00:00+00:00,2026-01-26T00:00:00+00:00,2026-02-02T00:00:00+00:00,298.92543760088887,306.5586802728889,-7.633242672000051,1,low,0,0.0,0,2,0,0,0,0,0,0,0,0,0,0,0,0,0,0,0,0,0,0,0,0,0,0,6,3079.3561128761667,303.2054646118889,334.93582907008334,306.5586802728889,10,-0.8660254037844387,0.4999999999999999,0,1,2,-4.087827328708443,257.33249462531967,1072.5309976097637,699.2838500327638,1008,1008,0.013777565668314807,1.1062826060871116
B2,roll_03,persistence,2026-02-01 11:00:00+00:00,2026-02-01 12:00:00+00:00,0,1,2025-12-08T00:00:00+00:00,2026-01-26T00:00:00+00:00,2026-01-26T00:00:00+00:00,2026-02-02T00:00:00+00:00,73.55411946638888,298.92543760088887,-225.3713181345,1,low,0,0.0,0,2,0,0,0,0,0,0,0,0,0,0,0,0,0,0,0,0,0,0,0,0,0,0,6,1060.977643347722,306.5586802728889,-25.482023055444444,298.92543760088887,11,-0.9659258262890682,0.258819045102521,0,1,2,-4.087827328708443,257.33249462531967,1072.5309976097637,699.2838500327638,1008,1008,0.8599127410161859,1.4285713563906408
B2,roll_03,persistence,2026-02-01 12:00:00+00:00,2026-02-01 13:00:00+00:00,0,1,2025-12-08T00:00:00+00:00,2026-01-26T00:00:00+00:00,2026-01-26T00:00:00+00:00,2026-02-02T00:00:00+00:00,151.58054217927778,73.55411946638888,78.0264227128889,1,med,0,0.0,0,2,0,0,0,0,0,0,0,0,0,0,0,0,0,0,0,0,0,0,0,0,0,0,6,1745.3068945306666,298.92543760088887,-362.59401059927774,73.55411946638888,12,-1.0,1.2246467991473532e-16,0,1,2,-4.087827328708443,257.33249462531967,1072.5309976097637,699.2838500327638,1008,1008,0.31909786659923006,1.316990883440732
B2,roll_03,persistence,2026-02-01 13:00:00+00:00,2026-02-01 14:00:00+00:00,0,1,2025-12-08T00:00:00+00:00,2026-01-26T00:00:00+00:00,2026-01-26T00:00:00+00:00,2026-02-02T00:00:00+00:00,1336.6438164391946,151.58054217927778,1185.0632742599169,1,med,0,0.0,0,2,0,0,0,0,0,0,0,0,0,0,0,0,0,0,0,0,0,0,0,0,0,0,6,906.8727746182224,73.55411946638888,-31.184125589083333,151.58054217927778,13,-0.9659258262890684,-0.2588190451025208,0,1,2,-4.087827328708443,257.33249462531967,1072.5309976097637,699.2838500327638,1008,1008,4.6210685646989464,0.3776904311704843
B2,roll_03,persistence,2026-02-01 14:00:00+00:00,2026-02-01 15:00:00+00:00,0,1,2025-12-08T00:00:00+00:00,2026-01-26T00:00:00+00:00,2026-01-26T00:00:00+00:00,2026-02-02T00:00:00+00:00,1896.0841900744165,1336.6438164391946,559.4403736352219,1,med,0,0.0,0,2,0,0,0,0,0,0,0,0,0,0,0,0,0,0,0,0,0,0,0,0,0,0,6,1490.25308828425,151.58054217927778,-90.87281389516666,1336.6438164391946,14,-0.8660254037844388,-0.4999999999999997,0,1,2,-4.087827328708443,257.33249462531967,1072.5309976097637,699.2838500327638,1008,1008,2.1898835659462157,1.1777094414894131
B2,roll_03,persistence,2026-02-01 15:00:00+00:00,2026-02-01 16:00:00+00:00,0,1,2025-12-08T00:00:00+00:00,2026-01-26T00:00:00+00:00,2026-01-26T00:00:00+00:00,2026-02-02T00:00:00+00:00,2484.501672130778,1896.0841900744165,588.4174820563615,1,low,0,0.0,0,2,0,0,0,0,0,0,0,0,0,0,0,0,0,0,0,0,0,0,0,0,0,0,6,924.6930943503612,1336.6438164391946,422.2890764387501,1896.0841900744165,15,-0.7071067811865479,-0.7071067811865471,0,1,2,-4.087827328708443,257.33249462531967,1072.5309976097637,699.2838500327638,1008,1008,2.3024892765593687,2.019166715282869
B2,roll_03,persistence,2026-02-01 16:00:00+00:00,2026-02-01 17:00:00+00:00,0,1,2025-12-08T00:00:00+00:00,2026-01-26T00:00:00+00:00,2026-01-26T00:00:00+00:00,2026-02-02T00:00:00+00:00,2486.544613380472,2484.501672130778,2.042941249694195,0,night,0,0.0,0,2,0,0,0,0,0,0,0,0,0,0,0,0,0,0,0,0,0,0,0,0,0,0,6,1936.265559235028,1896.0841900744165,514.5742918275556,2484.501672130778,16,-0.5000000000000004,-0.8660254037844385,0,1,2,-4.087827328708443,257.33249462531967,1072.5309976097637,699.2838500327638,1008,1008,0.023824307875805334,2.022088191661308
B2,roll_03,persistence,2026-02-01 17:00:00+00:00,2026-02-01 18:00:00+00:00,0,1,2025-12-08T00:00:00+00:00,2026-01-26T00:00:00+00:00,2026-01-26T00:00:00+00:00,2026-02-02T00:00:00+00:00,2612.5492478209444,2486.544613380472,126.00463444047227,0,night,0,0.0,0,2,0,0,0,0,0,0,0,0,0,0,0,0,0,0,0,0,0,0,0,0,0,0,6,1053.6913190111388,2484.501672130778,555.1924943127777,2486.544613380472,17,-0.2588190451025206,-0.9659258262890684,0,1,2,-4.087827328708443,257.33249462531967,1072.5309976097637,699.2838500327638,1008,1008,0.5055423022210913,2.2022791605140397
B2,roll_03,persistence,2026-02-01 18:00:00+00:00,2026-02-01 19:00:00+00:00,0,1,2025-12-08T00:00:00+00:00,2026-01-26T00:00:00+00:00,2026-01-26T00:00:00+00:00,2026-02-02T00:00:00+00:00,3017.157618471861,2612.5492478209444,404.60837065091664,0,night,0,0.0,0,2,0,0,0,0,0,0,0,0,0,0,0,0,0,0,0,0,0,0,0,0,0,0,6,1042.3809986754163,2486.544613380472,563.0741589198611,2612.5492478209444,18,-1.8369701987210287e-16,-1.0,0,1,2,-4.087827328708443,257.33249462531967,1072.5309976097637,699.2838500327638,1008,1008,1.5882028368577914,2.7808830716896793
B2,roll_03,persistence,2026-02-01 19:00:00+00:00,2026-02-01 20:00:00+00:00,0,1,2025-12-08T00:00:00+00:00,2026-01-26T00:00:00+00:00,2026-01-26T00:00:00+00:00,2026-02-02T00:00:00+00:00,2133.137917275778,3017.157618471861,-884.0197011960831,0,night,0,0.0,0,1,0,0,0,0,0,0,0,0,0,0,0,0,0,0,0,0,0,0,0,0,0,0,6,849.7813898698611,2612.5492478209444,532.8345183753889,3017.157618471861,19,0.2588190451025203,-0.9659258262890684,0,1,2,-4.087827328708443,257.33249462531967,1072.5309976097637,699.2838500327638,1008,1008,3.4194355250337503,1.5167044392864517
B2,roll_03,persistence,2026-02-01 20:00:00+00:00,2026-02-01 21:00:00+00:00,0,1,2025-12-08T00:00:00+00:00,2026-01-26T00:00:00+00:00,2026-01-26T00:00:00+00:00,2026-02-02T00:00:00+00:00,952.1327068525555,2133.137917275778,-1181.0052104232225,0,night,0,0.0,0,1,0,0,0,0,0,0,0,0,0,0,0,0,0,0,0,0,0,0,0,0,0,0,6,739.4192231492499,3017.157618471861,552.461400302111,2133.137917275778,20,0.5000000000000001,-0.8660254037844386,0,1,2,-4.087827328708443,257.33249462531967,1072.5309976097637,699.2838500327638,1008,1008,4.573528052911176,0.1721737042140572
B2,roll_03,persistence,2026-02-01 21:00:00+00:00,2026-02-01 22:00:00+00:00,0,1,2025-12-08T00:00:00+00:00,2026-01-26T00:00:00+00:00,2026-01-26T00:00:00+00:00,2026-02-02T00:00:00+00:00,1463.8755507140277,952.1327068525555,511.7428438614721,0,night,0,0.0,0,1,0,0,0,0,0,0,0,0,0,0,0,0,0,0,0,0,0,0,0,0,0,0,6,575.8166761095833,2133.137917275778,552.9098461985833,952.1327068525555,21,0.7071067811865474,-0.7071067811865477,0,1,2,-4.087827328708443,257.33249462531967,1072.5309976097637,699.2838500327638,1008,1008,2.0045298668605316,0.5596361950671793
B2,roll_03,rf,2026-01-25 23:00:00+00:00,2026-01-26 00:00:00+00:00,0,1,2025-12-08T00:00:00+00:00,2026-01-26T00:00:00+00:00,2026-01-26T00:00:00+00:00,2026-02-02T00:00:00+00:00,369.4281183008611,399.0812319702006,-29.65311366933946,0,night,0,0.0,0,1,0,0,0,0,0,0,0,0,0,0,0,0,0,0,0,0,0,0,0,0,0,0,6,371.8011446672778,367.5400825782778,430.99813492583326,401.8299940770556,23,0.965925826289068,-0.2588190451025215,0,1,1,-95.91505519037855,389.4287469135014,1053.0844672548474,684.0517259136807,840,840,0.1701516440329891,0.9994220072185823
B2,roll_03,rf,2026-01-26 00:00:00+00:00,2026-01-26 01:00:00+00:00,0,1,2025-12-08T00:00:00+00:00,2026-01-26T00:00:00+00:00,2026-01-26T00:00:00+00:00,2026-02-02T00:00:00+00:00,418.7639288361667,383.16127710779455,35.602651728372166,0,night,0,0.0,0,1,0,0,0,0,0,0,0,0,0,0,0,0,0,0,0,0,0,0,0,0,0,0,0,368.0171135468333,401.8299940770556,377.7188413770555,369.4281183008611,0,1.0,0.0,0,0,1,-95.91505519037855,389.4287469135014,1053.0844672548474,684.0517259136807,840,840,0.3377195647756404,0.9272990833718391
B2,roll_03,rf,2026-01-26 01:00:00+00:00,2026-01-26 02:00:00+00:00,0,1,2025-12-08T00:00:00+00:00,2026-01-26T00:00:00+00:00,2026-01-26T00:00:00+00:00,2026-02-02T00:00:00+00:00,391.5396551361389,391.2330748873841,0.3065802487548126,0,night,0,0.0,0,1,0,0,0,0,0,0,0,0,0,0,0,0,0,0,0,0,0,0,0,0,0,0,0,370.43651664125,369.4281183008611,364.4423996903056,418.7639288361667,1,0.9659258262890684,0.2588190451025207,0,0,1,-95.91505519037855,389.4287469135014,1053.0844672548474,684.0517259136807,840,840,0.24708405889847107,0.9670976434349172
B2,roll_03,rf,2026-01-26 02:00:00+00:00,2026-01-26 03:00:00+00:00,0,1,2025-12-08T00:00:00+00:00,2026-01-26T00:00:00+00:00,2026-01-26T00:00:00+00:00,2026-02-02T00:00:00+00:00,371.4401780996666,397.8042419541734,-26.36406385450681,0,night,0,0.0,0,1,0,0,0,0,0,0,0,0,0,0,0,0,0,0,0,0,0,0,0,0,0,0,0,382.0239495386389,418.7639288361667,384.5271624152222,391.5396551361389,2,0.8660254037844387,0.4999999999999999,0,0,1,-95.91505519037855,389.4287469135014,1053.0844672548474,684.0517259136807,840,840,0.17859747614194535,0.9964806217610455
B2,roll_03,rf,2026-01-26 03:00:00+00:00,2026-01-26 04:00:00+00:00,0,1,2025-12-08T00:00:00+00:00,2026-01-26T00:00:00+00:00,2026-01-26T00:00:00+00:00,2026-02-02T00:00:00+00:00,1028.218939733639,906.9567248606857,121.26221487295334,0,night,0,0.0,0,1,0,1,1,0,1,0,0,1,0,0,1,0,1,0,0,0,1,0,0,0,0,0,0,368.1878588306667,391.5396551361389,395.30640441158334,371.4401780996666,3,0.7071067811865476,0.7071067811865476,0,0,1,-95.91505519037855,389.4287469135014,1053.0844672548474,684.0517259136807,840,840,0.5576816600844584,0.03635036149933801
B2,roll_03,rf,2026-01-26 04:00:00+00:00,2026-01-26 05:00:00+00:00,0,1,2025-12-08T00:00:00+00:00,2026-01-26T00:00:00+00:00,2026-01-26T00:00:00+00:00,2026-02-02T00:00:00+00:00,2114.055589798917,2089.305196268758,24.750393530158817,0,night,0,0.0,0,1,0,0,0,0,0,0,0,0,0,0,0,0,0,0,0,0,0,0,0,0,0,0,0,956.6022458266112,371.4401780996666,963.782436518,1028.218939733639,4,0.5000000000000001,0.8660254037844386,0,0,1,-95.91505519037855,389.4287469135014,1053.0844672548474,684.0517259136807,840,840,0.3098524432952023,1.5510100806001794
B2,roll_03,rf,2026-01-26 05:00:00+00:00,2026-01-26 06:00:00+00:00,0,1,2025-12-08T00:00:00+00:00,2026-01-26T00:00:00+00:00,2026-01-26T00:00:00+00:00,2026-02-02T00:00:00+00:00,2600.770309974528,2187.256589109605,413.513720864923,0,night,0,0.0,0,1,0,0,0,0,0,0,0,0,0,0,0,0,0,0,0,0,0,0,0,0,0,0,0,2097.5119466174724,1028.218939733639,1696.815230154389,2114.055589798917,5,0.2588190451025207,0.9659258262890684,0,0,1,-95.91505519037855,389.4287469135014,1053.0844672548474,684.0517259136807,840,840,1.3081437364161874,2.2625275020722344
B2,roll_03,rf,2026-01-26 06:00:00+00:00,2026-01-26 07:00:00+00:00,0,1,2025-12-08T00:00:00+00:00,2026-01-26T00:00:00+00:00,2026-01-26T00:00:00+00:00,2026-02-02T00:00:00+00:00,2010.6085535996945,1886.6542775268288,123.9542760728657,0,night,0,0.0,0,1,0,0,0,0,0,0,0,0,0,0,0,0,0,0,0,0,0,0,0,0,0,0,0,2207.624277541472,2114.055589798917,1659.7306816588614,2600.770309974528,6,6.123233995736766e-17,1.0,0,0,1,-95.91505519037855,389.4287469135014,1053.0844672548474,684.0517259136807,840,840,0.5645945067123688,1.3997831597689374
B2,roll_03,rf,2026-01-26 07:00:00+00:00,2026-01-26 08:00:00+00:00,0,1,2025-12-08T00:00:00+00:00,2026-01-26T00:00:00+00:00,2026-01-26T00:00:00+00:00,2026-02-02T00:00:00+00:00,1665.4681254328334,1942.120148591886,-276.65202315905253,1,low,0,0.0,0,1,0,0,0,0,0,0,0,0,0,0,0,0,0,0,0,0,0,0,0,0,0,0,0,743.501432477222,2600.770309974528,2231.1363579284443,2010.6085535996945,7,-0.2588190451025206,0.9659258262890684,0,0,1,-95.91505519037855,389.4287469135014,1053.0844672548474,684.0517259136807,840,840,0.4641079257788297,0.8952300461782062
B2,roll_03,rf,2026-01-26 08:00:00+00:00,2026-01-26 09:00:00+00:00,0,1,2025-12-08T00:00:00+00:00,2026-01-26T00:00:00+00:00,2026-01-26T00:00:00+00:00,2026-02-02T00:00:00+00:00,1007.3270680508888,1522.0601895296306,-514.7331214787419,1,low,0,0.0,0,1,0,0,0,0,0,0,0,0,0,0,0,0,0,0,0,0,0,0,0,0,0,0,0,1602.210022772833,2010.6085535996945,2238.324116505972,1665.4681254328334,8,-0.4999999999999998,0.8660254037844387,0,0,1,-95.91505519037855,389.4287469135014,1053.0844672548474,684.0517259136807,840,840,1.0754677706969324,0.06689172393043949
B2,roll_03,rf,2026-01-26 09:00:00+00:00,2026-01-26 10:00:00+00:00,0,1,2025-12-08T00:00:00+00:00,2026-01-26T00:00:00+00:00,2026-01-26T00:00:00+00:00,2026-02-02T00:00:00+00:00,-569.4865977234444,1255.6815744439318,-1825.1681721673765,1,med,0,0.0,0,2,0,0,0,0,0,0,0,0,0,0,0,0,0,0,0,0,0,0,0,0,0,0,0,401.86281383952775,1665.4681254328334,2327.768168646222,1007.3270680508888,9,-0.7071067811865475,0.7071067811865476,0,0,1,-95.91505519037855,389.4287469135014,1053.0844672548474,684.0517259136807,840,840,4.4404865605904895,2.372000542518975
B2,roll_03,rf,2026-01-26 10:00:00+00:00,2026-01-26 11:00:00+00:00,0,1,2025-12-08T00:00:00+00:00,2026-01-26T00:00:00+00:00,2026-01-26T00:00:00+00:00,2026-02-02T00:00:00+00:00,-741.4332030484165,324.1288543894625,-1065.562057437879,1,high,0,0.0,0,2,1,0,0,0,0,0,0,0,0,0,0,0,0,0,0,0,0,0,0,0,0,0,0,799.5036943302779,1007.3270680508888,3079.3561128761667,-569.4865977234444,10,-0.8660254037844387,0.4999999999999999,0,0,1,-95.91505519037855,389.4287469135014,1053.0844672548474,684.0517259136807,840,840,2.4899214809708825,2.6233654595437876
B2,roll_03,rf,2026-01-26 11:00:00+00:00,2026-01-26 12:00:00+00:00,0,1,2025-12-08T00:00:00+00:00,2026-01-26T00:00:00+00:00,2026-01-26T00:00:00+00:00,2026-02-02T00:00:00+00:00,-1079.799870834083,37.22317619534483,-1117.023047029428,1,high,0,0.0,0,2,1,0,0,0,0,0,0,0,0,0,0,0,0,0,0,0,0,0,0,0,0,0,0,764.1083921755,-569.4865977234444,1060.977643347722,-741.4332030484165,11,-0.9659258262890682,0.258819045102521,0,0,1,-95.91505519037855,389.4287469135014,1053.0844672548474,684.0517259136807,840,840,2.6220662956498546,3.1180161635292407
B2,roll_03,rf,2026-01-26 12:00:00+00:00,2026-01-26 13:00:00+00:00,0,1,2025-12-08T00:00:00+00:00,2026-01-26T00:00:00+00:00,2026-01-26T00:00:00+00:00,2026-02-02T00:00:00+00:00,94.50215176250003,88.71329929118033,5.7888524713197,1,high,0,0.0,0,2,1,0,0,0,0,0,0,0,0,0,0,0,0,0,0,0,0,0,0,0,0,0,0,135.93812644077775,-741.4332030484165,1745.3068945306666,-1079.799870834083,12,-1.0,1.2246467991473532e-16,0,0,1,-95.91505519037855,389.4287469135014,1053.0844672548474,684.0517259136807,840,840,0.26116178753564995,1.4013301614172218
B2,roll_03,rf,2026-01-26 13:00:00+00:00,2026-01-26 14:00:00+00:00,0,1,2025-12-08T00:00:00+00:00,2026-01-26T00:00:00+00:00,2026-01-26T00:00:00+00:00,2026-02-02T00:00:00+00:00,-184.2188756273056,652.7282364677802,-836.9471120950858,1,high,0,0.0,0,3,0,0,0,0,0,0,0,0,0,0,0,0,0,0,0,0,0,0,0,0,0,0,0,227.14875664072224,-1079.799870834083,906.8727746182224,94.50215176250003,13,-0.9659258262890684,-0.2588190451025208,0,0,1,-95.91505519037855,389.4287469135014,1053.0844672548474,684.0517259136807,840,840,1.9028694280479062,1.8087862306457891
B2,roll_03,rf,2026-01-26 14:00:00+00:00,2026-01-26 15:00:00+00:00,0,1,2025-12-08T00:00:00+00:00,2026-01-26T00:00:00+00:00,2026-01-26T00:00:00+00:00,2026-02-02T00:00:00+00:00,297.8340901346389,427.8796605239148,-130.04557038927584,1,med,0,0.0,0,3,1,0,0,0,0,0,0,0,0,0,0,0,0,0,0,0,0,0,0,0,0,0,0,1951.074940760889,94.50215176250003,1490.25308828425,-184.2188756273056,14,-0.8660254037844388,-0.4999999999999997,0,0,1,-95.91505519037855,389.4287469135014,1053.0844672548474,684.0517259136807,840,840,0.08764251604280832,1.104083724240924
B2,roll_03,rf,2026-01-26 15:00:00+00:00,2026-01-26 16:00:00+00:00,0,1,2025-12-08T00:00:00+00:00,2026-01-26T00:00:00+00:00,2026-01-26T00:00:00+00:00,2026-02-02T00:00:00+00:00,931.8924169395276,733.6548301667157,198.23758677281197,1,low,0,0.0,0,3,0,0,0,0,0,0,0,0,0,0,0,0,0,0,0,0,0,0,0,0,0,0,0,806.2876032480555,-184.2188756273056,924.6930943503612,297.8340901346389,15,-0.7071067811865479,-0.7071067811865471,0,0,1,-95.91505519037855,389.4287469135014,1053.0844672548474,684.0517259136807,840,840,0.7553439346595712,0.17716796219386013
B2,roll_03,rf,2026-01-26 16:00:00+00:00,2026-01-26 17:00:00+00:00,0,1,2025-12-08T00:00:00+00:00,2026-01-26T00:00:00+00:00,2026-01-26T00:00:00+00:00,2026-02-02T00:00:00+00:00,2682.2788242863057,1325.579961300669,1356.6988629856369,0,night,0,0.0,0,2,0,0,0,0,0,0,0,0,0,0,0,0,0,0,0,0,0,0,0,0,0,0,0,738.6692789706944,297.8340901346389,1936.265559235028,931.8924169395276,16,-0.5000000000000004,-0.8660254037844385,0,0,1,-95.91505519037855,389.4287469135014,1053.0844672548474,684.0517259136807,840,840,3.73011476345547,2.381682985822981
B2,roll_03,rf,2026-01-26 17:00:00+00:00,2026-01-26 18:00:00+00:00,0,1,2025-12-08T00:00:00+00:00,2026-01-26T00:00:00+00:00,2026-01-26T00:00:00+00:00,2026-02-02T00:00:00+00:00,1447.201125872611,1739.9611021948022,-292.75997632219105,0,night,0,0.0,0,2,0,0,0,0,0,0,0,0,0,0,0,0,0,0,0,0,0,0,0,0,0,0,0,1883.6500829357776,931.8924169395276,1053.6913190111388,2682.2788242863057,17,-0.2588190451025206,-0.9659258262890684,0,0,1,-95.91505519037855,389.4287469135014,1053.0844672548474,684.0517259136807,840,840,0.505470956348107,0.5761503753116715
B2,roll_03,rf,2026-01-26 18:00:00+00:00,2026-01-26 19:00:00+00:00,0,1,2025-12-08T00:00:00+00:00,2026-01-26T00:00:00+00:00,2026-01-26T00:00:00+00:00,2026-02-02T00:00:00+00:00,1800.8310691792778,1612.3548124099646,188.4762567693133,0,night,0,0.0,0,2,0,0,0,0,0,0,0,0,0,0,0,0,0,0,0,0,0,0,0,0,0,0,0,1098.2935032161668,2682.2788242863057,1042.3809986754163,1447.201125872611,18,-1.8369701987210287e-16,-1.0,0,0,1,-95.91505519037855,389.4287469135014,1053.0844672548474,684.0517259136807,840,840,0.7302781682495049,1.0931141222188618
B2,roll_03,rf,2026-01-26 19:00:00+00:00,2026-01-26 20:00:00+00:00,0,1,2025-12-08T00:00:00+00:00,2026-01-26T00:00:00+00:00,2026-01-26T00:00:00+00:00,2026-02-02T00:00:00+00:00,1879.5046675005,1441.3623104066617,438.1423570938384,0,night,0,0.0,0,2,0,0,0,0,0,0,0,0,0,0,0,0,0,0,0,0,0,0,0,0,0,0,0,1096.4852710823889,1447.201125872611,849.7813898698611,1800.8310691792778,19,0.2588190451025203,-0.9659258262890684,0,0,1,-95.91505519037855,389.4287469135014,1053.0844672548474,684.0517259136807,840,840,1.371386720977843,1.2081253053514514
B2,roll_03,rf,2026-01-26 20:00:00+00:00,2026-01-26 21:00:00+00:00,0,1,2025-12-08T00:00:00+00:00,2026-01-26T00:00:00+00:00,2026-01-26T00:00:00+00:00,2026-02-02T00:00:00+00:00,982.8754678472778,1486.4492071093184,-503.5737392620406,0,night,0,0.0,0,1,0,0,0,0,0,0,0,0,0,0,0,0,0,0,0,0,0,0,0,0,0,0,0,852.2087300646944,1800.8310691792778,739.4192231492499,1879.5046675005,20,0.5000000000000001,-0.8660254037844386,0,0,1,-95.91505519037855,389.4287469135014,1053.0844672548474,684.0517259136807,840,840,1.0468119965530172,0.10263697429283161
B2,roll_03,rf,2026-01-26 21:00:00+00:00,2026-01-26 22:00:00+00:00,0,1,2025-12-08T00:00:00+00:00,2026-01-26T00:00:00+00:00,2026-01-26T00:00:00+00:00,2026-02-02T00:00:00+00:00,411.4689791798889,938.140539648474,-526.6715604685853,0,night,0,0.0,0,1,0,0,0,0,0,0,0,0,0,0,0,0,0,0,0,0,0,0,0,0,0,0,0,568.0186646560555,1879.5046675005,575.8166761095833,982.8754678472778,21,0.7071067811865474,-0.7071067811865477,0,0,1,-95.91505519037855,389.4287469135014,1053.0844672548474,684.0517259136807,840,840,1.1061240565629966,0.9379634079834523
B2,roll_03,rf,2026-01-26 22:00:00+00:00,2026-01-26 23:00:00+00:00,0,1,2025-12-08T00:00:00+00:00,2026-01-26T00:00:00+00:00,2026-01-26T00:00:00+00:00,2026-02-02T00:00:00+00:00,370.9779513775556,439.6428948852002,-68.66494350764458,0,night,0,0.0,0,1,0,0,0,0,0,0,0,0,0,0,0,0,0,0,0,0,0,0,0,0,0,0,0,461.19813976011113,982.8754678472778,367.5400825782778,411.4689791798889,22,0.8660254037844384,-0.5000000000000004,0,0,1,-95.91505519037855,389.4287469135014,1053.0844672548474,684.0517259136807,840,840,0.06997457660409101,0.9971563407229318
B2,roll_03,rf,2026-01-26 23:00:00+00:00,2026-01-27 00:00:00+00:00,0,1,2025-12-08T00:00:00+00:00,2026-01-26T00:00:00+00:00,2026-01-26T00:00:00+00:00,2026-02-02T00:00:00+00:00,389.13017225908334,402.9438481464869,-13.813675887403576,0,night,0,0.0,0,1,0,0,0,0,0,0,0,0,0,0,0,0,0,0,0,0,0,0,0,0,0,0,0,356.1728901926111,411.4689791798889,401.8299940770556,370.9779513775556,23,0.965925826289068,-0.2588190451025215,0,0,1,-95.91505519037855,389.4287469135014,1053.0844672548474,684.0517259136807,840,840,0.210825163662638,0.9706200128490682
B2,roll_03,rf,2026-01-27 00:00:00+00:00,2026-01-27 01:00:00+00:00,0,1,2025-12-08T00:00:00+00:00,2026-01-26T00:00:00+00:00,2026-01-26T00:00:00+00:00,2026-02-02T00:00:00+00:00,376.84390502849993,397.777067101482,-20.933162072982043,0,night,0,0.0,0,1,0,0,0,0,0,0,0,0,0,0,0,0,0,0,0,0,0,0,0,0,0,0,1,357.6195414715833,370.9779513775556,369.4281183008611,389.13017225908334,0,1.0,0.0,0,0,1,-95.91505519037855,389.4287469135014,1053.0844672548474,684.0517259136807,840,840,0.19254329248079682,0.9885810335806113
B2,roll_03,rf,2026-01-27 01:00:00+00:00,2026-01-27 02:00:00+00:00,0,1,2025-12-08T00:00:00+00:00,2026-01-26T00:00:00+00:00,2026-01-26T00:00:00+00:00,2026-02-02T00:00:00+00:00,378.1934371171667,384.1396718130406,-5.946234695873898,0,night,0,0.0,0,1,0,1,1,0,3,0,0,0,1,0,1,0,1,0,0,0,1,0,0,0,0,0,1,383.7339380009167,389.13017225908334,418.7639288361667,376.84390502849993,1,0.9659258262890684,0.2588190451025207,0,0,1,-95.91505519037855,389.4287469135014,1053.0844672548474,684.0517259136807,840,840,0.23102768146309502,0.9866081826432582
B2,roll_03,rf,2026-01-27 02:00:00+00:00,2026-01-27 03:00:00+00:00,0,1,2025-12-08T00:00:00+00:00,2026-01-26T00:00:00+00:00,2026-01-26T00:00:00+00:00,2026-02-02T00:00:00+00:00,391.1898017904167,393.4702655916011,-2.2804638011843963,0,night,0,0.0,0,1,0,1,1,0,3,0,0,0,1,0,1,0,1,0,0,0,1,0,0,0,0,0,1,363.2547627211111,376.84390502849993,391.5396551361389,378.1934371171667,2,0.8660254037844387,0.4999999999999999,0,0,1,-95.91505519037855,389.4287469135014,1053.0844672548474,684.0517259136807,840,840,0.24044088201324273,0.9676090862578337
B2,roll_03,rf,2026-01-27 03:00:00+00:00,2026-01-27 04:00:00+00:00,0,1,2025-12-08T00:00:00+00:00,2026-01-26T00:00:00+00:00,2026-01-26T00:00:00+00:00,2026-02-02T00:00:00+00:00,949.6719199514168,898.7776005098162,50.8943194416006,0,night,0,0.0,0,1,0,1,1,0,3,0,0,0,1,0,1,0,1,0,0,0,1,0,0,0,0,0,1,365.0164142213889,378.1934371171667,371.4401780996666,391.1898017904167,3,0.7071067811865476,0.7071067811865476,0,0,1,-95.91505519037855,389.4287469135014,1053.0844672548474,684.0517259136807,840,840,0.37698648544964236,0.15117650228175872
B2,roll_03,rf,2026-01-27 04:00:00+00:00,2026-01-27 05:00:00+00:00,0,1,2025-12-08T00:00:00+00:00,2026-01-26T00:00:00+00:00,2026-01-26T00:00:00+00:00,2026-02-02T00:00:00+00:00,1868.492211110528,1845.8968320113208,22.595379099207094,0,night,0,0.0,0,1,0,0,0,0,0,0,0,0,0,0,0,0,0,0,0,0,0,0,0,0,0,0,1,1039.7831993372222,391.1898017904167,1028.218939733639,949.6719199514168,4,0.5000000000000001,0.8660254037844386,0,0,1,-95.91505519037855,389.4287469135014,1053.0844672548474,684.0517259136807,840,840,0.3043186596492035,1.192026440349301
B2,roll_03,rf,2026-01-27 05:00:00+00:00,2026-01-27 06:00:00+00:00,0,1,2025-12-08T00:00:00+00:00,2026-01-26T00:00:00+00:00,2026-01-26T00:00:00+00:00,2026-02-02T00:00:00+00:00,1857.5546669058888,2113.362707011717,-255.808040105828,0,night,0,0.0,0,1,0,0,0,0,0,0,0,0,0,0,0,0,0,0,0,0,0,0,0,0,0,0,1,1994.0688999676115,949.6719199514168,2114.055589798917,1868.492211110528,5,0.2588190451025207,0.9659258262890684,0,0,1,-95.91505519037855,389.4287469135014,1053.0844672548474,684.0517259136807,840,840,0.41058341527869885,1.1760370878043163
B2,roll_03,rf,2026-01-27 06:00:00+00:00,2026-01-27 07:00:00+00:00,0,1,2025-12-08T00:00:00+00:00,2026-01-26T00:00:00+00:00,2026-01-26T00:00:00+00:00,2026-02-02T00:00:00+00:00,1526.8297823245,1791.8919800974045,-265.06219777290426,0,night,0,0.0,0,1,0,0,0,0,0,0,0,0,0,0,0,0,0,0,0,0,0,0,0,0,0,0,1,2029.167694873528,1868.492211110528,2600.770309974528,1857.5546669058888,6,6.123233995736766e-17,1.0,0,0,1,-95.91505519037855,389.4287469135014,1053.0844672548474,684.0517259136807,840,840,0.4343468321821041,0.6925577366782841
B2,roll_03,rf,2026-01-27 07:00:00+00:00,2026-01-27 08:00:00+00:00,0,1,2025-12-08T00:00:00+00:00,2026-01-26T00:00:00+00:00,2026-01-26T00:00:00+00:00,2026-02-02T00:00:00+00:00,1412.669924658583,1468.3990196062646,-55.72909494768146,1,low,0,0.0,0,1,0,0,0,0,0,0,0,0,0,0,0,0,0,0,0,0,0,0,0,0,0,0,1,2071.0094555605,1857.5546669058888,2010.6085535996945,1526.8297823245,7,-0.2588190451025206,0.9659258262890684,0,0,1,-95.91505519037855,389.4287469135014,1053.0844672548474,684.0517259136807,840,840,0.10319207444545192,0.5256699804732474
B2,roll_03,rf,2026-01-27 08:00:00+00:00,2026-01-27 09:00:00+00:00,0,1,2025-12-08T00:00:00+00:00,2026-01-26T00:00:00+00:00,2026-01-26T00:00:00+00:00,2026-02-02T00:00:00+00:00,1534.4343933593334,1302.3398007551032,232.09459260423023,1,med,0,0.0,0,1,0,0,0,0,0,0,0,0,0,0,0,0,0,0,0,0,0,0,0,0,0,0,1,1907.5549124286945,1526.8297823245,1665.4681254328334,1412.669924658583,8,-0.4999999999999998,0.8660254037844387,0,0,1,-95.91505519037855,389.4287469135014,1053.0844672548474,684.0517259136807,840,840,0.842284115885942,0.7036747483701645
B2,roll_03,rf,2026-01-27 09:00:00+00:00,2026-01-27 10:00:00+00:00,0,1,2025-12-08T00:00:00+00:00,2026-01-26T00:00:00+00:00,2026-01-26T00:00:00+00:00,2026-02-02T00:00:00+00:00,1156.7474213855278,1237.4644244402064,-80.71700305467857,1,med,0,0.0,0,1,0,0,0,0,0,0,0,0,0,0,0,0,0,0,0,0,0,0,0,0,0,0,1,720.9783473233889,1412.669924658583,1007.3270680508888,1534.4343933593334,9,-0.7071067811865475,0.7071067811865476,0,0,1,-95.91505519037855,389.4287469135014,1053.0844672548474,684.0517259136807,840,840,0.039026528616994266,0.15154256645170933
B2,roll_03,rf,2026-01-27 10:00:00+00:00,2026-01-27 11:00:00+00:00,0,1,2025-12-08T00:00:00+00:00,2026-01-26T00:00:00+00:00,2026-01-26T00:00:00+00:00,2026-02-02T00:00:00+00:00,339.89285018286114,1099.0352303594136,-759.1423801765525,1,med,0,0.0,0,2,0,0,0,0,0,0,0,0,0,0,0,0,0,0,0,0,0,0,0,0,0,0,1,151.7976551743889,1534.4343933593334,-569.4865977234444,1156.7474213855278,10,-0.8660254037844387,0.4999999999999999,0,0,1,-95.91505519037855,389.4287469135014,1053.0844672548474,684.0517259136807,840,840,1.7030774698650784,1.0425989586085522
B2,roll_03,rf,2026-01-27 11:00:00+00:00,2026-01-27 12:00:00+00:00,0,1,2025-12-08T00:00:00+00:00,2026-01-26T00:00:00+00:00,2026-01-26T00:00:00+00:00,2026-02-02T00:00:00+00:00,1030.8584088937498,494.4793985279112,536.3790103658387,1,med,0,0.0,0,2,0,0,0,0,0,0,0,0,0,0,0,0,0,0,0,0,0,0,0,0,0,0,1,787.0186959797501,1156.7474213855278,-741.4332030484165,339.89285018286114,11,-0.9659258262890682,0.258819045102521,0,0,1,-95.91505519037855,389.4287469135014,1053.0844672548474,684.0517259136807,840,840,1.623645071319453,0.03249178025449822
B2,roll_03,rf,2026-01-27 12:00:00+00:00,2026-01-27 13:00:00+00:00,0,1,2025-12-08T00:00:00+00:00,2026-01-26T00:00:00+00:00,2026-01-26T00:00:00+00:00,2026-02-02T00:00:00+00:00,1307.5905215424166,1062.7129579213106,244.877563621106,1,low,0,0.0,0,2,0,0,0,0,0,0,0,0,0,0,0,0,0,0,0,0,0,0,0,0,0,0,1,-140.12853059388888,339.89285018286114,-1079.799870834083,1030.8584088937498,12,-1.0,1.2246467991473532e-16,0,0,1,-95.91505519037855,389.4287469135014,1053.0844672548474,684.0517259136807,840,840,0.875109045011462,0.3720567387614265
B2,roll_03,rf,2026-01-27 13:00:00+00:00,2026-01-27 14:00:00+00:00,0,1,2025-12-08T00:00:00+00:00,2026-01-26T00:00:00+00:00,2026-01-26T00:00:00+00:00,2026-02-02T00:00:00+00:00,899.1258070269446,1386.317997828923,-487.1921908019783,1,low,0,0.0,0,2,0,0,0,0,0,0,0,0,0,0,0,0,0,0,0,0,0,0,0,0,0,0,1,90.30469802694444,1030.8584088937498,94.50215176250003,1307.5905215424166,13,-0.9659258262890684,-0.2588190451025208,0,0,1,-95.91505519037855,389.4287469135014,1053.0844672548474,684.0517259136807,840,840,1.0047464105121877,0.22506874026560172
B2,roll_03,rf,2026-01-27 14:00:00+00:00,2026-01-27 15:00:00+00:00,0,1,2025-12-08T00:00:00+00:00,2026-01-26T00:00:00+00:00,2026-01-26T00:00:00+00:00,2026-02-02T00:00:00+00:00,1560.9848600250834,1063.596444185352,497.3884158397316,1,low,0,0.0,0,2,0,0,0,0,0,0,0,0,0,0,0,0,0,0,0,0,0,0,0,0,0,0,1,1579.226911155389,1307.5905215424166,-184.2188756273056,899.1258070269446,14,-0.8660254037844388,-0.4999999999999997,0,0,1,-95.91505519037855,389.4287469135014,1053.0844672548474,684.0517259136807,840,840,1.523522533281018,0.7424882849200313
B2,roll_03,rf,2026-01-27 15:00:00+00:00,2026-01-27 16:00:00+00:00,0,1,2025-12-08T00:00:00+00:00,2026-01-26T00:00:00+00:00,2026-01-26T00:00:00+00:00,2026-02-02T00:00:00+00:00,1794.9346924112222,1431.873563842995,363.0611285682271,1,night,0,0.0,0,2,0,0,0,0,0,0,0,0,0,0,0,0,0,0,0,0,0,0,0,0,0,0,1,1514.7609178625555,899.1258070269446,297.8340901346389,1560.9848600250834,15,-0.7071067811865479,-0.7071067811865471,0,0,1,-95.91505519037855,389.4287469135014,1053.0844672548474,684.0517259136807,840,840,1.1785883486936106,1.0844943401984597
B2,roll_03,rf,2026-01-27 16:00:00+00:00,2026-01-27 17:00:00+00:00,0,1,2025-12-08T00:00:00+00:00,2026-01-26T00:00:00+00:00,2026-01-26T00:00:00+00:00,2026-02-02T00:00:00+00:00,843.3756644045833,1784.6536283991625,-941.2779639945792,0,night,0,0.0,0,2,0,0,0,0,0,0,0,0,0,0,0,0,0,0,0,0,0,0,0,0,0,0,1,1201.4197669487778,1560.9848600250834,931.8924169395276,1794.9346924112222,16,-0.5000000000000004,-0.8660254037844385,0,0,1,-95.91505519037855,389.4287469135014,1053.0844672548474,684.0517259136807,840,840,2.17077685071865,0.30656863349063
B2,roll_03,rf,2026-01-27 17:00:00+00:00,2026-01-27 18:00:00+00:00,0,1,2025-12-08T00:00:00+00:00,2026-01-26T00:00:00+00:00,2026-01-26T00:00:00+00:00,2026-02-02T00:00:00+00:00,973.197521312722,1468.4070434850066,-495.2095221722847,0,night,0,0.0,0,2,0,0,0,0,0,0,0,0,0,0,0,0,0,0,0,0,0,0,0,0,0,0,1,753.0024936381111,1794.9346924112222,2682.2788242863057,843.3756644045833,17,-0.2588190451025206,-0.9659258262890684,0,0,1,-95.91505519037855,389.4287469135014,1053.0844672548474,684.0517259136807,840,840,1.025333825883676,0.11678494902621765
B2,roll_03,rf,2026-01-27 18:00:00+00:00,2026-01-27 19:00:00+00:00,0,1,2025-12-08T00:00:00+00:00,2026-01-26T00:00:00+00:00,2026-01-26T00:00:00+00:00,2026-02-02T00:00:00+00:00,1523.8945169891667,1523.6158971393409,0.2786198498258727,0,night,0,0.0,0,2,0,0,0,0,0,0,0,0,0,0,0,0,0,0,0,0,0,0,0,0,0,0,1,1059.3235259904168,843.3756644045833,1447.201125872611,973.197521312722,18,-1.8369701987210287e-16,-1.0,0,0,1,-95.91505519037855,389.4287469135014,1053.0844672548474,684.0517259136807,840,840,0.24701226040092678,0.6882667375854704
B2,roll_03,rf,2026-01-27 19:00:00+00:00,2026-01-27 20:00:00+00:00,0,1,2025-12-08T00:00:00+00:00,2026-01-26T00:00:00+00:00,2026-01-26T00:00:00+00:00,2026-02-02T00:00:00+00:00,985.6768274591944,1103.5063482076737,-117.829520748479,0,night,0,0.0,0,2,0,0,0,0,0,0,0,0,0,0,0,0,0,0,0,0,0,0,0,0,0,0,1,2397.7932220235834,973.197521312722,1800.8310691792778,1523.8945169891667,19,0.2588190451025203,-0.9659258262890684,0,0,1,-95.91505519037855,389.4287469135014,1053.0844672548474,684.0517259136807,840,840,0.05627336382274833,0.09854172899807723
B2,roll_03,rf,2026-01-27 20:00:00+00:00,2026-01-27 21:00:00+00:00,0,1,2025-12-08T00:00:00+00:00,2026-01-26T00:00:00+00:00,2026-01-26T00:00:00+00:00,2026-02-02T00:00:00+00:00,1010.58551608475,1008.0717490934088,2.513766991341299,0,night,0,0.0,0,2,0,0,0,0,0,0,0,0,0,0,0,0,0,0,0,0,0,0,0,0,0,0,1,1239.3215171065278,1523.8945169891667,1879.5046675005,985.6768274591944,20,0.5000000000000001,-0.8660254037844386,0,0,1,-95.91505519037855,389.4287469135014,1053.0844672548474,684.0517259136807,840,840,0.2527518139373068,0.06212827124050008
B2,roll_03,rf,2026-01-27 21:00:00+00:00,2026-01-27 22:00:00+00:00,0,1,2025-12-08T00:00:00+00:00,2026-01-26T00:00:00+00:00,2026-01-26T00:00:00+00:00,2026-02-02T00:00:00+00:00,469.4664131017777,925.9983155233172,-456.5319024215396,0,night,0,0.0,0,2,0,0,0,0,0,0,0,0,0,0,0,0,0,0,0,0,0,0,0,0,0,0,1,1097.120321607,985.6768274591944,982.8754678472778,1010.58551608475,21,0.7071067811865474,-0.7071067811865477,0,0,1,-95.91505519037855,389.4287469135014,1053.0844672548474,684.0517259136807,840,840,0.9260149644557699,0.853178249603182
B2,roll_03,rf,2026-01-27 22:00:00+00:00,2026-01-27 23:00:00+00:00,0,1,2025-12-08T00:00:00+00:00,2026-01-26T00:00:00+00:00,2026-01-26T00:00:00+00:00,2026-02-02T00:00:00+00:00,1039.222492417361,469.1426817759555,570.0798106414056,0,night,0,0.0,0,2,0,0,0,0,0,0,0,0,0,0,0,0,0,0,0,0,0,0,0,0,0,0,1,532.8753846346667,1010.58551608475,411.4689791798889,469.4664131017777,22,0.8660254037844384,-0.5000000000000004,0,0,1,-95.91505519037855,389.4287469135014,1053.0844672548474,684.0517259136807,840,840,1.7101841379463254,0.020264512627273898
B2,roll_03,rf,2026-01-27 23:00:00+00:00,2026-01-28 00:00:00+00:00,0,1,2025-12-08T00:00:00+00:00,2026-01-26T00:00:00+00:00,2026-01-26T00:00:00+00:00,2026-02-02T00:00:00+00:00,431.1445660605278,964.8947662708732,-533.7502002103454,0,night,0,0.0,0,2,0,0,0,0,0,0,0,0,0,0,0,0,0,0,0,0,0,0,0,0,0,0,1,374.928417115,469.4664131017777,370.9779513775556,1039.222492417361,23,0.965925826289068,-0.2588190451025215,0,0,1,-95.91505519037855,389.4287469135014,1053.0844672548474,684.0517259136807,840,840,1.1243010396384971,0.9092001052458439
B2,roll_03,rf,2026-01-28 00:00:00+00:00,2026-01-28 01:00:00+00:00,0,1,2025-12-08T00:00:00+00:00,2026-01-26T00:00:00+00:00,2026-01-26T00:00:00+00:00,2026-02-02T00:00:00+00:00,417.8579242465556,511.6495327181361,-93.79160847158045,0,night,0,0.0,0,2,0,0,0,0,0,0,0,0,0,0,0,0,0,0,0,0,0,0,0,0,0,0,2,373.7627816694167,1039.222492417361,389.13017225908334,431.1445660605278,0,1.0,0.0,0,0,1,-95.91505519037855,389.4287469135014,1053.0844672548474,684.0517259136807,840,840,0.0054527220592417115,0.9286235513254884
B2,roll_03,rf,2026-01-28 01:00:00+00:00,2026-01-28 02:00:00+00:00,0,1,2025-12-08T00:00:00+00:00,2026-01-26T00:00:00+00:00,2026-01-26T00:00:00+00:00,2026-02-02T00:00:00+00:00,419.1348331130556,401.9003996788612,17.234433434194386,0,night,0,0.0,0,2,0,0,0,0,0,0,0,0,0,0,0,0,0,0,0,0,0,0,0,0,0,0,2,382.08433273438885,431.1445660605278,376.84390502849993,417.8579242465556,1,0.9659258262890684,0.2588190451025207,0,0,1,-95.91505519037855,389.4287469135014,1053.0844672548474,684.0517259136807,840,840,0.2905524810927872,0.9267568666609706
B2,roll_03,rf,2026-01-28 02:00:00+00:00,2026-01-28 03:00:00+00:00,0,1,2025-12-08T00:00:00+00:00,2026-01-26T00:00:00+00:00,2026-01-26T00:00:00+00:00,2026-02-02T00:00:00+00:00,421.2961618739444,405.67478980891866,15.621372065025753,0,night,0,0.0,0,2,0,1,1,0,1,0,0,1,0,0,1,0,1,0,0,0,1,0,0,0,0,0,2,365.3667726035,417.8579242465556,378.1934371171667,419.1348331130556,2,0.8660254037844387,0.4999999999999999,0,0,1,-95.91505519037855,389.4287469135014,1053.0844672548474,684.0517259136807,840,840,0.2864103591206594,0.9235972682285539
B2,roll_03,rf,2026-01-28 03:00:00+00:00,2026-01-28 04:00:00+00:00,0,1,2025-12-08T00:00:00+00:00,2026-01-26T00:00:00+00:00,2026-01-26T00:00:00+00:00,2026-02-02T00:00:00+00:00,1092.225752789,932.9536146716254,159.27213811737454,0,night,0,0.0,0,2,0,0,0,0,0,0,0,0,0,0,0,0,0,0,0,0,0,0,0,0,0,0,2,371.9783939987778,419.1348331130556,391.1898017904167,421.2961618739444,3,0.7071067811865476,0.7071067811865476,0,0,1,-95.91505519037855,389.4287469135014,1053.0844672548474,684.0517259136807,840,840,0.6552859677933186,0.057219774545370715
B2,roll_03,rf,2026-01-28 04:00:00+00:00,2026-01-28 05:00:00+00:00,0,1,2025-12-08T00:00:00+00:00,2026-01-26T00:00:00+00:00,2026-01-26T00:00:00+00:00,2026-02-02T00:00:00+00:00,2035.0871509705555,2078.9415885875924,-43.85443761703687,0,night,0,0.0,0,2,0,0,0,0,0,0,0,0,0,0,0,0,0,0,0,0,0,0,0,0,0,0,2,1049.641280434889,421.2961618739444,949.6719199514168,1092.225752789,4,0.5000000000000001,0.8660254037844386,0,0,1,-95.91505519037855,389.4287469135014,1053.0844672548474,684.0517259136807,840,840,0.1336845776947874,1.435567876689526
B2,roll_03,rf,2026-01-28 05:00:00+00:00,2026-01-28 06:00:00+00:00,0,1,2025-12-08T00:00:00+00:00,2026-01-26T00:00:00+00:00,2026-01-26T00:00:00+00:00,2026-02-02T00:00:00+00:00,2063.430210569112,2205.81195183056,-142.38174126144804,0,night,0,0.0,0,2,0,0,0,0,0,0,0,0,0,0,0,0,0,0,0,0,0,0,0,0,0,0,2,2165.628261214222,1092.225752789,1868.492211110528,2035.0871509705555,5,0.2588190451025207,0.9659258262890684,0,0,1,-95.91505519037855,389.4287469135014,1053.0844672548474,684.0517259136807,840,840,0.11932012323011817,1.4770019649680097
B2,roll_03,rf,2026-01-28 06:00:00+00:00,2026-01-28 07:00:00+00:00,0,1,2025-12-08T00:00:00+00:00,2026-01-26T00:00:00+00:00,2026-01-26T00:00:00+00:00,2026-02-02T00:00:00+00:00,1837.9513309886668,1813.728408914559,24.222922074107828,0,night,0,0.0,0,2,0,0,0,0,0,0,0,0,0,0,0,0,0,0,0,0,0,0,0,0,0,0,2,2007.6322741502224,2035.0871509705555,1857.5546669058888,2063.430210569112,6,6.123233995736766e-17,1.0,0,0,1,-95.91505519037855,389.4287469135014,1053.0844672548474,684.0517259136807,840,840,0.3084979684131306,1.147379407142758
B2,roll_03,rf,2026-01-28 07:00:00+00:00,2026-01-28 08:00:00+00:00,0,1,2025-12-08T00:00:00+00:00,2026-01-26T00:00:00+00:00,2026-01-26T00:00:00+00:00,2026-02-02T00:00:00+00:00,1887.533959910028,1650.4472641554603,237.0866957545677,1,night,0,0.0,0,2,0,0,0,0,0,0,0,0,0,0,0,0,0,0,0,0,0,0,0,0,0,0,2,1787.7926135424725,2063.430210569112,1526.8297823245,1837.9513309886668,7,-0.2588190451025206,0.9659258262890684,0,0,1,-95.91505519037855,389.4287469135014,1053.0844672548474,684.0517259136807,840,840,0.8551031570838592,1.2198631492971022
B2,roll_03,rf,2026-01-28 08:00:00+00:00,2026-01-28 09:00:00+00:00,0,1,2025-12-08T00:00:00+00:00,2026-01-26T00:00:00+00:00,2026-01-26T00:00:00+00:00,2026-02-02T00:00:00+00:00,1927.4843435574169,1632.7360128215485,294.7483307358684,1,night,0,0.0,0,2,0,0,0,0,0,0,0,0,0,0,0,0,0,0,0,0,0,0,0,0,0,0,2,1396.283928898889,1837.9513309886668,1412.669924658583,1887.533959910028,8,-0.4999999999999998,0.8660254037844387,0,0,1,-95.91505519037855,389.4287469135014,1053.0844672548474,684.0517259136807,840,840,1.003170384884349,1.2782657263741901
B2,roll_03,rf,2026-01-28 09:00:00+00:00,2026-01-28 10:00:00+00:00,0,1,2025-12-08T00:00:00+00:00,2026-01-26T00:00:00+00:00,2026-01-26T00:00:00+00:00,2026-02-02T00:00:00+00:00,1864.801970357278,1649.3098722696443,215.4920980876334,1,low,0,0.0,0,2,0,0,0,0,0,0,0,0,0,0,0,0,0,0,0,0,0,0,0,0,0,0,2,1012.9496219223612,1887.533959910028,1534.4343933593334,1927.4843435574169,9,-0.7071067811865475,0.7071067811865476,0,0,1,-95.91505519037855,389.4287469135014,1053.0844672548474,684.0517259136807,840,840,0.7996511704545033,1.186631759488989
B2,roll_03,rf,2026-01-28 10:00:00+00:00,2026-01-28 11:00:00+00:00,0,1,2025-12-08T00:00:00+00:00,2026-01-26T00:00:00+00:00,2026-01-26T00:00:00+00:00,2026-02-02T00:00:00+00:00,3141.5486331360003,1660.821125163044,1480.727507972956,1,low,0,0.0,0,2,0,0,0,0,0,0,0,0,0,0,0,0,0,0,0,0,0,0,0,0,0,0,2,755.3586427439723,1927.4843435574169,1156.7474213855278,1864.801970357278,10,-0.8660254037844387,0.4999999999999999,0,0,1,-95.91505519037855,389.4287469135014,1053.0844672548474,684.0517259136807,840,840,4.048603436852937,3.053079301995201
B2,roll_03,rf,2026-01-28 11:00:00+00:00,2026-01-28 12:00:00+00:00,0,1,2025-12-08T00:00:00+00:00,2026-01-26T00:00:00+00:00,2026-01-26T00:00:00+00:00,2026-02-02T00:00:00+00:00,3688.242951303472,2237.721251797678,1450.521699505794,1,low,0,0.0,0,2,0,0,0,0,0,0,0,0,0,0,0,0,0,0,0,0,0,0,0,0,0,0,2,53.140800646916695,1864.801970357278,339.89285018286114,3141.5486331360003,11,-0.9659258262890682,0.258819045102521,0,0,1,-95.91505519037855,389.4287469135014,1053.0844672548474,684.0517259136807,840,840,3.9710390333347987,3.852279563404173
B2,roll_03,rf,2026-01-28 12:00:00+00:00,2026-01-28 13:00:00+00:00,0,1,2025-12-08T00:00:00+00:00,2026-01-26T00:00:00+00:00,2026-01-26T00:00:00+00:00,2026-02-02T00:00:00+00:00,2978.0382318605,2959.267778606872,18.770453253628148,1,low,0,0.0,0,2,0,0,0,0,0,0,0,0,0,0,0,0,0,0,0,0,0,0,0,0,0,0,2,-768.0917536371389,3141.5486331360003,1030.8584088937498,3688.242951303472,12,-1.0,1.2246467991473532e-16,0,0,1,-95.91505519037855,389.4287469135014,1053.0844672548474,684.0517259136807,840,840,0.29449677085467,2.814047083989902
B2,roll_03,rf,2026-01-28 13:00:00+00:00,2026-01-28 14:00:00+00:00,0,1,2025-12-08T00:00:00+00:00,2026-01-26T00:00:00+00:00,2026-01-26T00:00:00+00:00,2026-02-02T00:00:00+00:00,3380.6789978081943,2768.512920755248,612.1660770529461,1,low,0,0.0,0,2,0,0,0,0,0,0,0,0,0,0,0,0,0,0,0,0,0,0,0,0,0,0,2,452.3195190723055,3688.242951303472,1307.5905215424166,2978.0382318605,13,-0.9659258262890684,-0.2588190451025208,0,0,1,-95.91505519037855,389.4287469135014,1053.0844672548474,684.0517259136807,840,840,1.8182559399000948,3.4026586621712025
B2,roll_03,rf,2026-01-28 14:00:00+00:00,2026-01-28 15:00:00+00:00,0,1,2025-12-08T00:00:00+00:00,2026-01-26T00:00:00+00:00,2026-01-26T00:00:00+00:00,2026-02-02T00:00:00+00:00,3872.714778626834,2796.746254429332,1075.9685241975017,1,low,0,0.0,0,2,0,0,0,0,0,0,0,0,0,0,0,0,0,0,0,0,0,0,0,0,0,0,2,66.48684730938892,2978.0382318605,899.1258070269446,3380.6789978081943,14,-0.8660254037844388,-0.4999999999999997,0,0,1,-95.91505519037855,389.4287469135014,1053.0844672548474,684.0517259136807,840,840,3.009237475856334,4.121954823819553
B2,roll_03,rf,2026-01-28 15:00:00+00:00,2026-01-28 16:00:00+00:00,0,1,2025-12-08T00:00:00+00:00,2026-01-26T00:00:00+00:00,2026-01-26T00:00:00+00:00,2026-02-02T00:00:00+00:00,3566.8731119283607,2895.2869639303563,671.5861479980044,1,night,0,0.0,0,2,0,0,0,0,0,0,0,0,0,0,0,0,0,0,0,0,0,0,0,0,0,0,2,359.87914049975,3380.6789978081943,1560.9848600250834,3872.714778626834,15,-0.7071067811865479,-0.7071067811865471,0,0,1,-95.91505519037855,389.4287469135014,1053.0844672548474,684.0517259136807,840,840,1.970838591838362,3.6748516953390804
B2,roll_03,rf,2026-01-28 16:00:00+00:00,2026-01-28 17:00:00+00:00,0,1,2025-12-08T00:00:00+00:00,2026-01-26T00:00:00+00:00,2026-01-26T00:00:00+00:00,2026-02-02T00:00:00+00:00,4099.8204709775,2892.785831321847,1207.0346396556529,0,night,0,0.0,0,2,0,0,0,0,0,0,0,0,0,0,0,0,0,0,0,0,0,0,0,0,0,0,2,3501.792804637556,3872.714778626834,1794.9346924112222,3566.8731119283607,16,-0.5000000000000004,-0.8660254037844385,0,0,1,-95.91505519037855,389.4287469135014,1053.0844672548474,684.0517259136807,840,840,3.345797415246898,4.453955583041852
B2,roll_03,rf,2026-01-28 17:00:00+00:00,2026-01-28 18:00:00+00:00,0,1,2025-12-08T00:00:00+00:00,2026-01-26T00:00:00+00:00,2026-01-26T00:00:00+00:00,2026-02-02T00:00:00+00:00,3533.490893778889,2878.808865838429,654.6820279404596,0,night,0,0.0,0,2,0,0,0,0,0,0,0,0,0,0,0,0,0,0,0,0,0,0,0,0,0,0,2,3139.28925536575,3566.8731119283607,843.3756644045833,4099.8204709775,17,-0.2588190451025206,-0.9659258262890684,0,0,1,-95.91505519037855,389.4287469135014,1053.0844672548474,684.0517259136807,840,840,1.927431113085132,3.6260509732812807
B2,roll_03,rf,2026-01-28 18:00:00+00:00,2026-01-28 19:00:00+00:00,0,1,2025-12-08T00:00:00+00:00,2026-01-26T00:00:00+00:00,2026-01-26T00:00:00+00:00,2026-02-02T00:00:00+00:00,4150.093525715889,2909.300597239962,1240.792928475927,0,night,0,0.0,0,2,0,0,0,0,0,0,0,0,0,0,0,0,0,0,0,0,0,0,0,0,0,0,2,3084.578836987528,4099.8204709775,973.197521312722,3533.490893778889,18,-1.8369701987210287e-16,-1.0,0,0,1,-95.91505519037855,389.4287469135014,1053.0844672548474,684.0517259136807,840,840,3.4324841046293137,4.527448643338191
B2,roll_03,rf,2026-01-28 19:00:00+00:00,2026-01-28 20:00:00+00:00,0,1,2025-12-08T00:00:00+00:00,2026-01-26T00:00:00+00:00,2026-01-26T00:00:00+00:00,2026-02-02T00:00:00+00:00,3498.4065437332224,2906.9130829937053,591.4934607395171,0,night,0,0.0,0,2,0,0,0,0,0,0,0,0,0,0,0,0,0,0,0,0,0,0,0,0,0,0,2,3033.668790060889,3533.490893778889,1523.8945169891667,4150.093525715889,19,0.2588190451025203,-0.9659258262890684,0,0,1,-95.91505519037855,389.4287469135014,1053.0844672548474,684.0517259136807,840,840,1.7651714758555832,3.574761942471798
B2,roll_03,rf,2026-01-28 20:00:00+00:00,2026-01-28 21:00:00+00:00,0,1,2025-12-08T00:00:00+00:00,2026-01-26T00:00:00+00:00,2026-01-26T00:00:00+00:00,2026-02-02T00:00:00+00:00,3031.050403281528,2889.6939222777405,141.3564810037874,0,night,0,0.0,0,2,0,0,0,0,0,0,0,0,0,0,0,0,0,0,0,0,0,0,0,0,0,0,2,2886.9925662115,4150.093525715889,985.6768274591944,3498.4065437332224,20,0.5000000000000001,-0.8660254037844386,0,0,1,-95.91505519037855,389.4287469135014,1053.0844672548474,684.0517259136807,840,840,0.6092809996044486,2.891544398027404
B2,roll_03,rf,2026-01-28 21:00:00+00:00,2026-01-28 22:00:00+00:00,0,1,2025-12-08T00:00:00+00:00,2026-01-26T00:00:00+00:00,2026-01-26T00:00:00+00:00,2026-02-02T00:00:00+00:00,880.7419122894444,2730.826233049163,-1850.0843207597184,0,night,0,0.0,0,2,0,0,0,0,0,0,0,0,0,0,0,0,0,0,0,0,0,0,0,0,0,0,2,2551.3509306884166,3498.4065437332224,1010.58551608475,3031.050403281528,21,0.7071067811865474,-0.7071067811865477,0,0,1,-95.91505519037855,389.4287469135014,1053.0844672548474,684.0517259136807,840,840,4.504467837755619,0.25194374699545835
B2,roll_03,rf,2026-01-28 22:00:00+00:00,2026-01-28 23:00:00+00:00,0,1,2025-12-08T00:00:00+00:00,2026-01-26T00:00:00+00:00,2026-01-26T00:00:00+00:00,2026-02-02T00:00:00+00:00,822.8956369502222,1164.120268131746,-341.22463118152393,0,night,0,0.0,0,2,0,0,0,0,0,0,0,0,0,0,0,0,0,0,0,0,0,0,0,0,0,0,2,2388.614872440278,3031.050403281528,469.4664131017777,880.7419122894444,22,0.8660254037844384,-0.5000000000000004,0,0,1,-95.91505519037855,389.4287469135014,1053.0844672548474,684.0517259136807,840,840,0.629921591396109,0.3365079300065567
B2,roll_03,rf,2026-01-28 23:00:00+00:00,2026-01-29 00:00:00+00:00,0,1,2025-12-08T00:00:00+00:00,2026-01-26T00:00:00+00:00,2026-01-26T00:00:00+00:00,2026-02-02T00:00:00+00:00,934.8170360965556,792.4834068325658,142.3336292639898,0,night,0,0.0,0,2,0,0,0,0,0,0,0,0,0,0,0,0,0,0,0,0,0,0,0,0,0,0,2,1967.8965871302496,880.7419122894444,1039.222492417361,822.8956369502222,23,0.965925826289068,-0.2588190451025215,0,0,1,-95.91505519037855,389.4287469135014,1053.0844672548474,684.0517259136807,840,840,0.6117901832945253,0.1728925265122651
B2,roll_03,rf,2026-01-29 00:00:00+00:00,2026-01-29 01:00:00+00:00,0,1,2025-12-08T00:00:00+00:00,2026-01-26T00:00:00+00:00,2026-01-26T00:00:00+00:00,2026-02-02T00:00:00+00:00,569.0574982047777,1044.018194031732,-474.9606958269543,0,night,0,0.0,0,2,0,0,0,0,0,0,0,0,0,0,0,0,0,0,0,0,0,0,0,0,0,0,3,387.7841801272222,822.8956369502222,431.1445660605278,934.8170360965556,0,1.0,0.0,0,0,1,-95.91505519037855,389.4287469135014,1053.0844672548474,684.0517259136807,840,840,0.9733375967767681,0.7075882578960822
B2,roll_03,rf,2026-01-29 01:00:00+00:00,2026-01-29 02:00:00+00:00,0,1,2025-12-08T00:00:00+00:00,2026-01-26T00:00:00+00:00,2026-01-26T00:00:00+00:00,2026-02-02T00:00:00+00:00,388.6233783748333,508.3273510726848,-119.7039726978515,0,night,0,0.0,0,2,0,0,0,0,0,0,0,0,0,0,0,0,0,0,0,0,0,0,0,0,0,0,3,375.648988568,934.8170360965556,417.8579242465556,569.0574982047777,1,0.9659258262890684,0.2588190451025207,0,0,1,-95.91505519037855,389.4287469135014,1053.0844672548474,684.0517259136807,840,840,0.061086701215606096,0.9713608835537991
B2,roll_03,rf,2026-01-29 02:00:00+00:00,2026-01-29 03:00:00+00:00,0,1,2025-12-08T00:00:00+00:00,2026-01-26T00:00:00+00:00,2026-01-26T00:00:00+00:00,2026-02-02T00:00:00+00:00,380.9392708019166,402.1016404254213,-21.162369623504677,0,night,0,0.0,0,2,0,0,0,0,0,0,0,0,0,0,0,0,0,0,0,0,0,0,0,0,0,0,3,370.6715177761111,569.0574982047777,419.1348331130556,388.6233783748333,2,0.8660254037844387,0.4999999999999999,0,0,1,-95.91505519037855,389.4287469135014,1053.0844672548474,684.0517259136807,840,840,0.1919547186984573,0.9825941094661425
B2,roll_03,rf,2026-01-29 03:00:00+00:00,2026-01-29 04:00:00+00:00,0,1,2025-12-08T00:00:00+00:00,2026-01-26T00:00:00+00:00,2026-01-26T00:00:00+00:00,2026-02-02T00:00:00+00:00,1044.109589464861,919.5944224082452,124.51516705661597,0,night,0,0.0,0,2,0,0,0,0,0,0,0,0,0,0,0,0,0,0,0,0,0,0,0,0,0,0,3,372.0987236639445,388.6233783748333,421.2961618739444,380.9392708019166,3,0.7071067811865476,0.7071067811865476,0,0,1,-95.91505519037855,389.4287469135014,1053.0844672548474,684.0517259136807,840,840,0.5660347983913877,0.013120174176885008
B2,roll_03,rf,2026-01-29 04:00:00+00:00,2026-01-29 05:00:00+00:00,0,1,2025-12-08T00:00:00+00:00,2026-01-26T00:00:00+00:00,2026-01-26T00:00:00+00:00,2026-02-02T00:00:00+00:00,2097.0978272491666,2076.6461193933583,20.45170785580831,0,night,0,0.0,0,2,0,0,0,0,0,0,0,0,0,0,0,0,0,0,0,0,0,0,0,0,0,0,3,1036.0452877571945,380.9392708019166,1092.225752789,1044.109589464861,4,0.5000000000000001,0.8660254037844386,0,0,1,-95.91505519037855,389.4287469135014,1053.0844672548474,684.0517259136807,840,840,0.2988140037644264,1.526219904788401
B2,roll_03,rf,2026-01-29 05:00:00+00:00,2026-01-29 06:00:00+00:00,0,1,2025-12-08T00:00:00+00:00,2026-01-26T00:00:00+00:00,2026-01-26T00:00:00+00:00,2026-02-02T00:00:00+00:00,2101.717697546028,2228.650476822073,-126.93277927604504,0,night,0,0.0,0,2,0,0,0,0,0,0,0,0,0,0,0,0,0,0,0,0,0,0,0,0,0,0,3,1958.2742827319444,1044.109589464861,2035.0871509705555,2097.0978272491666,5,0.2588190451025207,0.9659258262890684,0,0,1,-95.91505519037855,389.4287469135014,1053.0844672548474,684.0517259136807,840,840,0.07964929228133237,1.5329735903970305
B2,roll_03,rf,2026-01-29 06:00:00+00:00,2026-01-29 07:00:00+00:00,0,1,2025-12-08T00:00:00+00:00,2026-01-26T00:00:00+00:00,2026-01-26T00:00:00+00:00,2026-02-02T00:00:00+00:00,1866.4684684137776,1842.2237868339644,24.244681579813232,0,night,0,0.0,0,2,0,0,0,0,0,0,0,0,0,0,0,0,0,0,0,0,0,0,0,0,0,0,3,1980.8106362188057,2097.0978272491666,2063.430210569112,2101.717697546028,6,6.123233995736766e-17,1.0,0,0,1,-95.91505519037855,389.4287469135014,1053.0844672548474,684.0517259136807,840,840,0.3085538438611499,1.1890679759231684
B2,roll_03,rf,2026-01-29 07:00:00+00:00,2026-01-29 08:00:00+00:00,0,1,2025-12-08T00:00:00+00:00,2026-01-26T00:00:00+00:00,2026-01-26T00:00:00+00:00,2026-02-02T00:00:00+00:00,1765.7431687797225,1696.7951738071577,68.94799497256486,1,night,0,0.0,0,2,0,0,0,0,0,0,0,0,0,0,0,0,0,0,0,0,0,0,0,0,0,0,3,1778.5049296098057,2101.717697546028,1837.9513309886668,1866.4684684137776,7,-0.2588190451025206,0.9659258262890684,0,0,1,-95.91505519037855,389.4287469135014,1053.0844672548474,684.0517259136807,840,840,0.4233458661426508,1.0418199012260139
B2,roll_03,rf,2026-01-29 08:00:00+00:00,2026-01-29 09:00:00+00:00,0,1,2025-12-08T00:00:00+00:00,2026-01-26T00:00:00+00:00,2026-01-26T00:00:00+00:00,2026-02-02T00:00:00+00:00,1253.1664777410554,1671.803740970148,-418.6372632290927,1,low,0,0.0,0,2,0,0,0,0,0,0,0,0,0,0,0,0,0,0,0,0,0,0,0,0,0,0,3,1415.566902312361,1866.4684684137776,1887.533959910028,1765.7431687797225,8,-0.4999999999999998,0.8660254037844387,0,0,1,-95.91505519037855,389.4287469135014,1053.0844672548474,684.0517259136807,840,840,0.8287066904960565,0.2924954399010697
B2,roll_03,rf,2026-01-29 09:00:00+00:00,2026-01-29 10:00:00+00:00,0,1,2025-12-08T00:00:00+00:00,2026-01-26T00:00:00+00:00,2026-01-26T00:00:00+00:00,2026-02-02T00:00:00+00:00,948.2308555061112,1269.4397693180017,-321.2089138118903,1,low,0,0.0,0,2,0,0,0,0,0,0,0,0,0,0,0,0,0,0,0,0,0,0,0,0,0,0,3,1170.112685329639,1765.7431687797225,1927.4843435574169,1253.1664777410554,9,-0.7071067811865475,0.7071067811865476,0,0,1,-95.91505519037855,389.4287469135014,1053.0844672548474,684.0517259136807,840,840,0.5785239544001954,0.15328316233495984
B2,roll_03,rf,2026-01-29 10:00:00+00:00,2026-01-29 11:00:00+00:00,0,1,2025-12-08T00:00:00+00:00,2026-01-26T00:00:00+00:00,2026-01-26T00:00:00+00:00,2026-02-02T00:00:00+00:00,1415.7808458588888,994.3555183953588,421.4253274635301,1,low,0,0.0,0,2,0,0,0,0,0,0,0,0,0,0,0,0,0,0,0,0,0,0,0,0,0,0,3,912.1677645943888,1253.1664777410554,1864.801970357278,948.2308555061112,10,-0.8660254037844387,0.4999999999999999,0,0,1,-95.91505519037855,389.4287469135014,1053.0844672548474,684.0517259136807,840,840,1.328459664968746,0.5302177669672447
B2,roll_03,rf,2026-01-29 11:00:00+00:00,2026-01-29 12:00:00+00:00,0,1,2025-12-08T00:00:00+00:00,2026-01-26T00:00:00+00:00,2026-01-26T00:00:00+00:00,2026-02-02T00:00:00+00:00,347.5551561380278,1062.1595995666096,-714.6044434285818,1,low,0,0.0,0,2,0,0,0,0,0,0,0,0,0,0,0,0,0,0,0,0,0,0,0,0,0,0,3,979.6024800058332,948.2308555061112,3141.5486331360003,1415.7808458588888,11,-0.9659258262890682,0.258819045102521,0,0,1,-95.91505519037855,389.4287469135014,1053.0844672548474,684.0517259136807,840,840,1.5887101122907714,1.0313976039961767
B2,roll_03,rf,2026-01-29 12:00:00+00:00,2026-01-29 13:00:00+00:00,0,1,2025-12-08T00:00:00+00:00,2026-01-26T00:00:00+00:00,2026-01-26T00:00:00+00:00,2026-02-02T00:00:00+00:00,-402.3519291878333,921.9390697172742,-1324.2909989051077,1,med,0,0.0,0,2,0,0,0,0,0,0,0,0,0,0,0,0,0,0,0,0,0,0,0,0,0,0,3,926.4931066359444,1415.7808458588888,3688.242951303472,347.5551561380278,12,-1.0,1.2246467991473532e-16,0,0,1,-95.91505519037855,389.4287469135014,1053.0844672548474,684.0517259136807,840,840,3.154302175816445,2.12767008883527
B2,roll_03,rf,2026-01-29 13:00:00+00:00,2026-01-29 14:00:00+00:00,0,1,2025-12-08T00:00:00+00:00,2026-01-26T00:00:00+00:00,2026-01-26T00:00:00+00:00,2026-02-02T00:00:00+00:00,1092.5960639581945,287.02633478042355,805.5697291777709,1,high,0,0.0,0,2,1,0,0,0,0,0,0,0,0,0,0,0,0,0,0,0,0,0,0,0,0,0,3,-104.81881332361114,347.5551561380278,2978.0382318605,-402.3519291878333,13,-0.9659258262890684,-0.2588190451025208,0,0,1,-95.91505519037855,389.4287469135014,1053.0844672548474,684.0517259136807,840,840,2.314890185978962,0.05776112420529584
B2,roll_03,rf,2026-01-29 14:00:00+00:00,2026-01-29 15:00:00+00:00,0,1,2025-12-08T00:00:00+00:00,2026-01-26T00:00:00+00:00,2026-01-26T00:00:00+00:00,2026-02-02T00:00:00+00:00,462.4739155892223,1351.500415101655,-889.0264995124328,1,med,0,0.0,0,3,0,0,0,0,0,0,0,0,0,0,0,0,0,0,0,0,0,0,0,0,0,0,3,1036.759236264139,-402.3519291878333,3380.6789978081943,1092.5960639581945,14,-0.8660254037844388,-0.4999999999999997,0,0,1,-95.91505519037855,389.4287469135014,1053.0844672548474,684.0517259136807,840,840,2.03660220414652,0.8634004261545467
B2,roll_03,rf,2026-01-29 15:00:00+00:00,2026-01-29 16:00:00+00:00,0,1,2025-12-08T00:00:00+00:00,2026-01-26T00:00:00+00:00,2026-01-26T00:00:00+00:00,2026-02-02T00:00:00+00:00,1737.4693776433332,1060.681769564275,676.7876080790579,1,low,0,0.0,0,3,0,0,0,0,0,0,0,0,0,0,0,0,0,0,0,0,0,0,0,0,0,0,3,1095.6600237501943,1092.5960639581945,3872.714778626834,462.4739155892223,15,-0.7071067811865479,-0.7071067811865471,0,0,1,-95.91505519037855,389.4287469135014,1053.0844672548474,684.0517259136807,840,840,1.9841952331296862,1.0004870749713557
B2,roll_03,rf,2026-01-29 16:00:00+00:00,2026-01-29 17:00:00+00:00,0,1,2025-12-08T00:00:00+00:00,2026-01-26T00:00:00+00:00,2026-01-26T00:00:00+00:00,2026-02-02T00:00:00+00:00,2296.247373537611,1514.3480987606763,781.8992747769348,0,night,0,0.0,0,2,0,0,0,0,0,0,0,0,0,0,0,0,0,0,0,0,0,0,0,0,0,0,3,2940.7578966023334,462.4739155892223,3566.8731119283607,1737.4693776433332,16,-0.5000000000000004,-0.8660254037844385,0,0,1,-95.91505519037855,389.4287469135014,1053.0844672548474,684.0517259136807,840,840,2.254107681892037,1.8173521960233112
B2,roll_03,rf,2026-01-29 17:00:00+00:00,2026-01-29 18:00:00+00:00,0,1,2025-12-08T00:00:00+00:00,2026-01-26T00:00:00+00:00,2026-01-26T00:00:00+00:00,2026-02-02T00:00:00+00:00,773.5572774640833,1963.2315747522189,-1189.6742972881357,0,night,0,0.0,0,2,0,0,0,0,0,0,0,0,0,0,0,0,0,0,0,0,0,0,0,0,0,0,3,1509.757366554472,1737.4693776433332,4099.8204709775,2296.247373537611,17,-0.2588190451025206,-0.9659258262890684,0,0,1,-95.91505519037855,389.4287469135014,1053.0844672548474,684.0517259136807,840,840,2.8086248145946433,0.40863458010781645
B2,roll_03,rf,2026-01-29 18:00:00+00:00,2026-01-29 19:00:00+00:00,0,1,2025-12-08T00:00:00+00:00,2026-01-26T00:00:00+00:00,2026-01-26T00:00:00+00:00,2026-02-02T00:00:00+00:00,2461.1030846526387,1368.340043698233,1092.7630409544054,0,night,0,0.0,0,2,0,0,0,0,0,0,0,0,0,0,0,0,0,0,0,0,0,0,0,0,0,0,3,1902.4201895734168,2296.247373537611,3533.490893778889,773.5572774640833,18,-1.8369701987210287e-16,-1.0,0,0,1,-95.91505519037855,389.4287469135014,1053.0844672548474,684.0517259136807,840,840,3.0523635082563874,2.0583510925538793
B2,roll_03,rf,2026-01-29 19:00:00+00:00,2026-01-29 20:00:00+00:00,0,1,2025-12-08T00:00:00+00:00,2026-01-26T00:00:00+00:00,2026-01-26T00:00:00+00:00,2026-02-02T00:00:00+00:00,738.0341406504722,1591.4364742996745,-853.4023336492021,0,night,0,0.0,0,1,0,0,0,0,0,0,0,0,0,0,0,0,0,0,0,0,0,0,0,0,0,0,3,1073.8756977925275,773.5572774640833,4150.093525715889,2461.1030846526387,19,0.2588190451025203,-0.9659258262890684,0,0,1,-95.91505519037855,389.4287469135014,1053.0844672548474,684.0517259136807,840,840,1.9451241965634192,0.46056506353165877
B2,roll_03,rf,2026-01-29 20:00:00+00:00,2026-01-29 21:00:00+00:00,0,1,2025-12-08T00:00:00+00:00,2026-01-26T00:00:00+00:00,2026-01-26T00:00:00+00:00,2026-02-02T00:00:00+00:00,1046.6185902225832,1237.582094405907,-190.9635041833235,0,night,0,0.0,0,1,0,0,0,0,0,0,0,0,0,0,0,0,0,0,0,0,0,0,0,0,0,0,3,1112.6407676563056,2461.1030846526387,3498.4065437332224,738.0341406504722,20,0.5000000000000001,-0.8660254037844386,0,0,1,-95.91505519037855,389.4287469135014,1053.0844672548474,684.0517259136807,840,840,0.24407147583806077,0.009452321786963968
B2,roll_03,rf,2026-01-29 21:00:00+00:00,2026-01-29 22:00:00+00:00,0,1,2025-12-08T00:00:00+00:00,2026-01-26T00:00:00+00:00,2026-01-26T00:00:00+00:00,2026-02-02T00:00:00+00:00,366.5958732328333,947.818047227196,-581.2221739943627,0,night,0,0.0,0,1,0,0,0,0,0,0,0,0,0,0,0,0,0,0,0,0,0,0,0,0,0,0,3,565.8491807108888,738.0341406504722,3031.050403281528,1046.6185902225832,21,0.7071067811865474,-0.7071067811865477,0,0,1,-95.91505519037855,389.4287469135014,1053.0844672548474,684.0517259136807,840,840,1.2462026048420585,1.003562403274516
B2,roll_03,rf,2026-01-29 22:00:00+00:00,2026-01-29 23:00:00+00:00,0,1,2025-12-08T00:00:00+00:00,2026-01-26T00:00:00+00:00,2026-01-26T00:00:00+00:00,2026-02-02T00:00:00+00:00,363.3738909241667,490.3001396355026,-126.92624871133592,0,night,0,0.0,0,1,0,1,1,0,2,0,0,1,0,0,1,0,1,0,0,0,1,0,0,0,0,0,3,473.87890895927785,1046.6185902225832,880.7419122894444,366.5958732328333,22,0.8660254037844384,-0.5000000000000004,0,0,1,-95.91505519037855,389.4287469135014,1053.0844672548474,684.0517259136807,840,840,0.07963252268031837,1.0082725475320473
B2,roll_03,rf,2026-01-29 23:00:00+00:00,2026-01-30 00:00:00+00:00,0,1,2025-12-08T00:00:00+00:00,2026-01-26T00:00:00+00:00,2026-01-26T00:00:00+00:00,2026-02-02T00:00:00+00:00,372.9620775262778,441.1780176399921,-68.21594011371423,0,night,0,0.0,0,1,0,1,1,0,2,0,0,1,0,0,1,0,1,0,0,0,1,0,0,0,0,0,3,367.6513029880277,366.5958732328333,822.8956369502222,363.3738909241667,23,0.965925826289068,-0.2588190451025215,0,0,1,-95.91505519037855,389.4287469135014,1053.0844672548474,684.0517259136807,840,840,0.07112755618633557,0.9942557908470111
B2,roll_03,rf,2026-01-30 00:00:00+00:00,2026-01-30 01:00:00+00:00,0,1,2025-12-08T00:00:00+00:00,2026-01-26T00:00:00+00:00,2026-01-26T00:00:00+00:00,2026-02-02T00:00:00+00:00,407.8405305781389,487.64274578003096,-79.80221520189207,0,night,0,0.0,0,1,0,0,0,0,0,0,0,0,0,0,0,0,0,0,0,0,0,0,0,0,0,0,4,367.96108710394446,363.3738909241667,934.8170360965556,372.9620775262778,0,1.0,0.0,0,0,1,-95.91505519037855,389.4287469135014,1053.0844672548474,684.0517259136807,840,840,0.04137557927141268,0.9432677562721781
B2,roll_03,rf,2026-01-30 01:00:00+00:00,2026-01-30 02:00:00+00:00,0,1,2025-12-08T00:00:00+00:00,2026-01-26T00:00:00+00:00,2026-01-26T00:00:00+00:00,2026-02-02T00:00:00+00:00,371.0950655588056,398.302891193962,-27.207825635156382,0,night,0,0.0,0,1,0,0,0,0,0,0,0,0,0,0,0,0,0,0,0,0,0,0,0,0,0,0,4,369.3633806425278,372.9620775262778,569.0574982047777,407.8405305781389,1,0.9659258262890684,0.2588190451025207,0,0,1,-95.91505519037855,389.4287469135014,1053.0844672548474,684.0517259136807,840,840,0.17643081077032863,0.9969851341068042
B2,roll_03,rf,2026-01-30 02:00:00+00:00,2026-01-30 03:00:00+00:00,0,1,2025-12-08T00:00:00+00:00,2026-01-26T00:00:00+00:00,2026-01-26T00:00:00+00:00,2026-02-02T00:00:00+00:00,377.9953876609166,391.1376052634204,-13.142217602503765,0,night,0,0.0,0,1,0,0,0,0,0,0,0,0,0,0,0,0,0,0,0,0,0,0,0,0,0,0,4,364.6717208964722,407.8405305781389,388.6233783748333,371.0950655588056,2,0.8660254037844387,0.4999999999999999,0,0,1,-95.91505519037855,389.4287469135014,1053.0844672548474,684.0517259136807,840,840,0.2125493771168876,0.9868977067373399
B2,roll_03,rf,2026-01-30 03:00:00+00:00,2026-01-30 04:00:00+00:00,0,1,2025-12-08T00:00:00+00:00,2026-01-26T00:00:00+00:00,2026-01-26T00:00:00+00:00,2026-02-02T00:00:00+00:00,1042.5099112287778,863.338049030353,179.17186219842483,0,night,0,0.0,0,1,0,0,0,0,0,0,0,0,0,0,0,0,0,0,0,0,0,0,0,0,0,0,4,368.5853674459444,371.0950655588056,380.9392708019166,377.9953876609166,3,0.7071067811865476,0.7071067811865476,0,0,1,-95.91505519037855,389.4287469135014,1053.0844672548474,684.0517259136807,840,840,0.7063857498170384,0.01545870820213959
B2,roll_03,rf,2026-01-30 04:00:00+00:00,2026-01-30 05:00:00+00:00,0,1,2025-12-08T00:00:00+00:00,2026-01-26T00:00:00+00:00,2026-01-26T00:00:00+00:00,2026-02-02T00:00:00+00:00,2043.280496847389,2046.7435651537076,-3.4630683063182914,0,night,0,0.0,0,1,0,0,0,0,0,0,0,0,0,0,0,0,0,0,0,0,0,0,0,0,0,0,4,1077.5376334153334,377.9953876609166,1044.109589464861,1042.5099112287778,4,0.5000000000000001,0.8660254037844386,0,0,1,-95.91505519037855,389.4287469135014,1053.0844672548474,684.0517259136807,840,840,0.23740411465976183,1.44754554674933
B2,roll_03,rf,2026-01-30 05:00:00+00:00,2026-01-30 06:00:00+00:00,0,1,2025-12-08T00:00:00+00:00,2026-01-26T00:00:00+00:00,2026-01-26T00:00:00+00:00,2026-02-02T00:00:00+00:00,2356.0469720826945,2232.1178581322465,123.92911395044804,0,night,0,0.0,0,1,0,0,0,0,0,0,0,0,0,0,0,0,0,0,0,0,0,0,0,0,0,0,4,2595.650702010778,1042.5099112287778,2097.0978272491666,2043.280496847389,5,0.2588190451025207,0.9659258262890684,0,0,1,-95.91505519037855,389.4287469135014,1053.0844672548474,684.0517259136807,840,840,0.5645298938079104,1.9047718987734354
B2,roll_03,rf,2026-01-30 06:00:00+00:00,2026-01-30 07:00:00+00:00,0,1,2025-12-08T00:00:00+00:00,2026-01-26T00:00:00+00:00,2026-01-26T00:00:00+00:00,2026-02-02T00:00:00+00:00,2415.724502125278,1986.636199083088,429.0883030421901,0,night,0,0.0,0,1,0,0,0,0,0,0,0,0,0,0,0,0,0,0,0,0,0,0,0,0,0,0,4,2229.0674939791948,2043.280496847389,2101.717697546028,2356.0469720826945,6,6.123233995736766e-17,1.0,0,0,1,-95.91505519037855,389.4287469135014,1053.0844672548474,684.0517259136807,840,840,1.3481371429140556,1.9920131522954154
B2,roll_03,rf,2026-01-30 07:00:00+00:00,2026-01-30 08:00:00+00:00,0,1,2025-12-08T00:00:00+00:00,2026-01-26T00:00:00+00:00,2026-01-26T00:00:00+00:00,2026-02-02T00:00:00+00:00,2088.875723270194,1897.6416322128848,191.2340910573096,1,night,0,0.0,0,2,0,0,0,0,0,0,0,0,0,0,0,0,0,0,0,0,0,0,0,0,0,0,4,1956.5605310417773,2356.0469720826945,1866.4684684137776,2415.724502125278,7,-0.2588190451025206,0.9659258262890684,0,0,1,-95.91505519037855,389.4287469135014,1053.0844672548474,684.0517259136807,840,840,0.7373599112123809,1.5142001938988625
B2,roll_03,rf,2026-01-30 08:00:00+00:00,2026-01-30 09:00:00+00:00,0,1,2025-12-08T00:00:00+00:00,2026-01-26T00:00:00+00:00,2026-01-26T00:00:00+00:00,2026-02-02T00:00:00+00:00,1376.5848081650277,1852.6134921613104,-476.0286839962828,1,low,0,0.0,0,2,0,0,0,0,0,0,0,0,0,0,0,0,0,0,0,0,0,0,0,0,0,0,4,1820.3555307953327,2415.724502125278,1765.7431687797225,2088.875723270194,8,-0.4999999999999998,0.8660254037844387,0,0,1,-95.91505519037855,389.4287469135014,1053.0844672548474,684.0517259136807,840,840,0.9760800449853122,0.47291795145766835
B2,roll_03,rf,2026-01-30 09:00:00+00:00,2026-01-30 10:00:00+00:00,0,1,2025-12-08T00:00:00+00:00,2026-01-26T00:00:00+00:00,2026-01-26T00:00:00+00:00,2026-02-02T00:00:00+00:00,637.5708449115556,1365.8063389603426,-728.235494048787,1,med,0,0.0,0,2,0,0,0,0,0,0,0,0,0,0,0,0,0,0,0,0,0,0,0,0,0,0,4,2016.7762660696944,2088.875723270194,1253.1664777410554,1376.5848081650277,9,-0.7071067811865475,0.7071067811865476,0,0,1,-95.91505519037855,389.4287469135014,1053.0844672548474,684.0517259136807,840,840,1.6237127943686636,0.6074301205633165
B2,roll_03,rf,2026-01-30 10:00:00+00:00,2026-01-30 11:00:00+00:00,0,1,2025-12-08T00:00:00+00:00,2026-01-26T00:00:00+00:00,2026-01-26T00:00:00+00:00,2026-02-02T00:00:00+00:00,-1038.640299738972,867.3357549141363,-1905.9760546531083,1,high,0,0.0,0,2,0,0,0,0,0,0,0,0,0,0,0,0,0,0,0,0,0,0,0,0,0,0,4,1936.420994131,1376.5848081650277,948.2308555061112,637.5708449115556,10,-0.8660254037844387,0.4999999999999999,0,0,1,-95.91505519037855,389.4287469135014,1053.0844672548474,684.0517259136807,840,840,4.647990200540522,3.057845902223147
B2,roll_03,rf,2026-01-30 11:00:00+00:00,2026-01-30 12:00:00+00:00,0,1,2025-12-08T00:00:00+00:00,2026-01-26T00:00:00+00:00,2026-01-26T00:00:00+00:00,2026-02-02T00:00:00+00:00,338.58896643852773,104.14801147471958,234.44095496380817,1,high,0,0.0,0,2,1,0,0,0,0,0,0,0,0,0,0,0,0,0,0,0,0,0,0,0,0,0,4,1576.1195596841944,637.5708449115556,1415.7808458588888,-1038.640299738972,11,-0.9659258262890682,0.258819045102521,0,0,1,-95.91505519037855,389.4287469135014,1053.0844672548474,684.0517259136807,840,840,0.848309254959969,1.044505077246864
B2,roll_03,rf,2026-01-30 12:00:00+00:00,2026-01-30 13:00:00+00:00,0,1,2025-12-08T00:00:00+00:00,2026-01-26T00:00:00+00:00,2026-01-26T00:00:00+00:00,2026-02-02T00:00:00+00:00,-266.5041079402778,417.04823639516417,-683.552344335442,1,med,0,0.0,0,3,0,0,0,0,0,0,0,0,0,0,0,0,0,0,0,0,0,0,0,0,0,0,4,1707.01032054225,-1038.640299738972,347.5551561380278,338.58896643852773,12,-1.0,1.2246467991473532e-16,0,0,1,-95.91505519037855,389.4287469135014,1053.0844672548474,684.0517259136807,840,840,1.508972549670524,1.92907718116282
B2,roll_03,rf,2026-01-30 13:00:00+00:00,2026-01-30 14:00:00+00:00,0,1,2025-12-08T00:00:00+00:00,2026-01-26T00:00:00+00:00,2026-01-26T00:00:00+00:00,2026-02-02T00:00:00+00:00,376.1624140875,-53.94022248546695,430.10263657296696,1,med,0,0.0,0,3,1,0,0,0,0,0,0,0,0,0,0,0,0,0,0,0,0,0,0,0,0,0,4,2214.146590013028,338.58896643852773,-402.3519291878333,-266.5041079402778,13,-0.9659258262890684,-0.2588190451025208,0,0,1,-95.91505519037855,389.4287469135014,1053.0844672548474,684.0517259136807,840,840,1.350741813316064,0.9895772900261157
B2,roll_03,rf,2026-01-30 14:00:00+00:00,2026-01-30 15:00:00+00:00,0,1,2025-12-08T00:00:00+00:00,2026-01-26T00:00:00+00:00,2026-01-26T00:00:00+00:00,2026-02-02T00:00:00+00:00,1082.7555175266666,832.4379691645653,250.3175483621013,1,med,0,0.0,0,2,0,0,0,0,0,0,0,0,0,0,0,0,0,0,0,0,0,0,0,0,0,0,4,2195.8262186153333,-266.5041079402778,1092.5960639581945,376.1624140875,14,-0.8660254037844388,-0.4999999999999997,0,0,1,-95.91505519037855,389.4287469135014,1053.0844672548474,684.0517259136807,840,840,0.8890781851535574,0.04337544829988979
B2,roll_03,rf,2026-01-30 15:00:00+00:00,2026-01-30 16:00:00+00:00,0,1,2025-12-08T00:00:00+00:00,2026-01-26T00:00:00+00:00,2026-01-26T00:00:00+00:00,2026-02-02T00:00:00+00:00,1956.864773614972,1272.035100363522,684.82967325145,1,low,0,0.0,0,2,0,0,0,0,0,0,0,0,0,0,0,0,0,0,0,0,0,0,0,0,0,0,4,2527.9803929520835,376.1624140875,462.4739155892223,1082.7555175266666,15,-0.7071067811865479,-0.7071067811865471,0,0,1,-95.91505519037855,389.4287469135014,1053.0844672548474,684.0517259136807,840,840,2.0048461615373374,1.3212163234482812
B2,roll_03,rf,2026-01-30 16:00:00+00:00,2026-01-30 17:00:00+00:00,0,1,2025-12-08T00:00:00+00:00,2026-01-26T00:00:00+00:00,2026-01-26T00:00:00+00:00,2026-02-02T00:00:00+00:00,2558.768179305,1616.776620093577,941.9915592114228,0,night,0,0.0,0,2,0,0,0,0,0,0,0,0,0,0,0,0,0,0,0,0,0,0,0,0,0,0,4,2048.975809514583,1082.7555175266666,1737.4693776433332,1956.864773614972,16,-0.5000000000000004,-0.8660254037844385,0,0,1,-95.91505519037855,389.4287469135014,1053.0844672548474,684.0517259136807,840,840,2.665202871200306,2.2011255216687404
B2,roll_03,rf,2026-01-30 17:00:00+00:00,2026-01-30 18:00:00+00:00,0,1,2025-12-08T00:00:00+00:00,2026-01-26T00:00:00+00:00,2026-01-26T00:00:00+00:00,2026-02-02T00:00:00+00:00,1987.7934036818888,1985.2829872030752,2.510416478813568,0,night,0,0.0,0,2,0,0,0,0,0,0,0,0,0,0,0,0,0,0,0,0,0,0,0,0,0,0,4,1253.307754251361,1956.864773614972,2296.247373537611,2558.768179305,17,-0.2588190451025206,-0.9659258262890684,0,0,1,-95.91505519037855,389.4287469135014,1053.0844672548474,684.0517259136807,840,840,0.2527432102773195,1.36643019967322
B2,roll_03,rf,2026-01-30 18:00:00+00:00,2026-01-30 19:00:00+00:00,0,1,2025-12-08T00:00:00+00:00,2026-01-26T00:00:00+00:00,2026-01-26T00:00:00+00:00,2026-02-02T00:00:00+00:00,1676.7119280521667,1890.7701068721656,-214.05817881999903,0,night,0,0.0,0,2,0,0,0,0,0,0,0,0,0,0,0,0,0,0,0,0,0,0,0,0,0,0,4,2022.5164028016115,2558.768179305,773.5572774640833,1987.7934036818888,18,-1.8369701987210287e-16,-1.0,0,0,1,-95.91505519037855,389.4287469135014,1053.0844672548474,684.0517259136807,840,840,0.3033754558850326,0.9116671110862951
B2,roll_03,rf,2026-01-30 19:00:00+00:00,2026-01-30 20:00:00+00:00,0,1,2025-12-08T00:00:00+00:00,2026-01-26T00:00:00+00:00,2026-01-26T00:00:00+00:00,2026-02-02T00:00:00+00:00,1399.5987402705557,1424.693760378792,-25.09502010823644,0,night,0,0.0,0,1,0,0,0,0,0,0,0,0,0,0,0,0,0,0,0,0,0,0,0,0,0,0,4,1067.3991769345832,1987.7934036818888,2461.1030846526387,1676.7119280521667,19,0.2588190451025203,-0.9659258262890684,0,0,1,-95.91505519037855,389.4287469135014,1053.0844672548474,684.0517259136807,840,840,0.1818562076976624,0.5065615068113056
B2,roll_03,rf,2026-01-30 20:00:00+00:00,2026-01-30 21:00:00+00:00,0,1,2025-12-08T00:00:00+00:00,2026-01-26T00:00:00+00:00,2026-01-26T00:00:00+00:00,2026-02-02T00:00:00+00:00,1395.9087899032777,1072.343331355377,323.565458547901,0,night,0,0.0,0,2,0,0,0,0,0,0,0,0,0,0,0,0,0,0,0,0,0,0,0,0,0,0,4,1046.436184157472,1676.7119280521667,738.0341406504722,1399.5987402705557,20,0.5000000000000001,-0.8660254037844386,0,0,1,-95.91505519037855,389.4287469135014,1053.0844672548474,684.0517259136807,840,840,1.0771688455538007,0.5011672504597857
B2,roll_03,rf,2026-01-30 21:00:00+00:00,2026-01-30 22:00:00+00:00,0,1,2025-12-08T00:00:00+00:00,2026-01-26T00:00:00+00:00,2026-01-26T00:00:00+00:00,2026-02-02T00:00:00+00:00,617.2218638224722,972.756310052155,-355.5344462296828,0,night,0,0.0,0,2,0,0,0,0,0,0,0,0,0,0,0,0,0,0,0,0,0,0,0,0,0,0,4,602.2876708927778,1399.5987402705557,1046.6185902225832,1395.9087899032777,21,0.7071067811865474,-0.7071067811865477,0,0,1,-95.91505519037855,389.4287469135014,1053.0844672548474,684.0517259136807,840,840,0.6666672481088564,0.637177843313235
B2,roll_03,rf,2026-01-30 22:00:00+00:00,2026-01-30 23:00:00+00:00,0,1,2025-12-08T00:00:00+00:00,2026-01-26T00:00:00+00:00,2026-01-26T00:00:00+00:00,2026-02-02T00:00:00+00:00,560.833410557,533.5205368596681,27.31287369733184,0,night,0,0.0,0,1,0,0,0,0,0,0,0,0,0,0,0,0,0,0,0,0,0,0,0,0,0,0,4,492.5538403097778,1395.9087899032777,366.5958732328333,617.2218638224722,22,0.8660254037844384,-0.5000000000000004,0,0,1,-95.91505519037855,389.4287469135014,1053.0844672548474,684.0517259136807,840,840,0.31643254347394484,0.7196108686669167
B2,roll_03,rf,2026-01-30 23:00:00+00:00,2026-01-31 00:00:00+00:00,0,1,2025-12-08T00:00:00+00:00,2026-01-26T00:00:00+00:00,2026-01-26T00:00:00+00:00,2026-02-02T00:00:00+00:00,568.5592018373611,465.20719057099154,103.35201126636956,0,night,0,0.0,0,1,0,0,0,0,0,0,0,0,0,0,0,0,0,0,0,0,0,0,0,0,0,0,4,435.2853666092778,617.2218638224722,363.3738909241667,560.833410557,23,0.965925826289068,-0.2588190451025215,0,0,1,-95.91505519037855,389.4287469135014,1053.0844672548474,684.0517259136807,840,840,0.5116906957590592,0.7083167062699988
B2,roll_03,rf,2026-01-31 00:00:00+00:00,2026-01-31 01:00:00+00:00,0,1,2025-12-08T00:00:00+00:00,2026-01-26T00:00:00+00:00,2026-01-26T00:00:00+00:00,2026-02-02T00:00:00+00:00,560.2704962234167,503.6616121110353,56.60888411238136,0,night,0,0.0,0,1,0,0,0,0,0,0,0,0,0,0,0,0,0,0,0,0,0,0,0,0,0,0,5,405.1807272819444,560.833410557,372.9620775262778,568.5592018373611,0,1.0,0.0,0,1,1,-95.91505519037855,389.4287469135014,1053.0844672548474,684.0517259136807,840,840,0.3916607094664175,0.7204337806080151
B2,roll_03,rf,2026-01-31 01:00:00+00:00,2026-01-31 02:00:00+00:00,0,1,2025-12-08T00:00:00+00:00,2026-01-26T00:00:00+00:00,2026-01-26T00:00:00+00:00,2026-02-02T00:00:00+00:00,565.4011130005833,485.0592499533014,80.34186304728195,0,night,0,0.0,0,1,0,0,0,0,0,0,0,0,0,0,0,0,0,0,0,0,0,0,0,0,0,0,5,403.1378216736112,568.5592018373611,407.8405305781389,560.2704962234167,1,0.9659258262890684,0.2588190451025207,0,1,1,-95.91505519037855,389.4287469135014,1053.0844672548474,684.0517259136807,840,840,0.45260376804388835,0.712933446082415
B2,roll_03,rf,2026-01-31 02:00:00+00:00,2026-01-31 03:00:00+00:00,0,1,2025-12-08T00:00:00+00:00,2026-01-26T00:00:00+00:00,2026-01-26T00:00:00+00:00,2026-02-02T00:00:00+00:00,568.1319450434166,504.325753021092,63.80619202232469,0,night,0,0.0,0,1,0,0,0,0,0,0,0,0,0,0,0,0,0,0,0,0,0,0,0,0,0,0,5,404.9479621853611,560.2704962234167,371.0950655588056,565.4011130005833,2,0.8660254037844387,0.4999999999999999,0,1,1,-95.91505519037855,389.4287469135014,1053.0844672548474,684.0517259136807,840,840,0.4101424162407301,0.7089413034718752
B2,roll_03,rf,2026-01-31 03:00:00+00:00,2026-01-31 04:00:00+00:00,0,1,2025-12-08T00:00:00+00:00,2026-01-26T00:00:00+00:00,2026-01-26T00:00:00+00:00,2026-02-02T00:00:00+00:00,1108.9278010010555,911.4766037036858,197.45119729736973,0,night,0,0.0,0,1,0,1,1,0,2,0,0,1,0,0,1,0,1,0,0,0,1,0,0,0,0,0,5,402.6522398849167,565.4011130005833,377.9953876609166,568.1319450434166,3,0.7071067811865476,0.7071067811865476,0,1,1,-95.91505519037855,389.4287469135014,1053.0844672548474,684.0517259136807,840,840,0.7533245935562888,0.0816361272557551
B2,roll_03,rf,2026-01-31 04:00:00+00:00,2026-01-31 05:00:00+00:00,0,1,2025-12-08T00:00:00+00:00,2026-01-26T00:00:00+00:00,2026-01-26T00:00:00+00:00,2026-02-02T00:00:00+00:00,1973.961116742889,2084.9171919747487,-110.9560752318596,0,night,0,0.0,0,1,0,1,1,0,2,0,0,1,0,0,1,0,1,0,0,0,1,0,0,0,0,0,5,989.5879204678332,568.1319450434166,1042.5099112287778,1108.9278010010555,4,0.5000000000000001,0.8660254037844386,0,1,1,-95.91505519037855,389.4287469135014,1053.0844672548474,684.0517259136807,840,840,0.03862329157950404,1.3462090871242762
B2,roll_03,rf,2026-01-31 05:00:00+00:00,2026-01-31 06:00:00+00:00,0,1,2025-12-08T00:00:00+00:00,2026-01-26T00:00:00+00:00,2026-01-26T00:00:00+00:00,2026-02-02T00:00:00+00:00,2133.987086771556,2198.948342488194,-64.96125571663833,0,night,0,0.0,0,2,0,0,0,0,0,0,0,0,0,0,0,0,0,0,0,0,0,0,0,0,0,0,5,1683.9951601766388,1108.9278010010555,2043.280496847389,1973.961116742889,5,0.2588190451025207,0.9659258262890684,0,1,1,-95.91505519037855,389.4287469135014,1053.0844672548474,684.0517259136807,840,840,0.07948514258146323,1.5801474926080454
B2,roll_03,rf,2026-01-31 06:00:00+00:00,2026-01-31 07:00:00+00:00,0,1,2025-12-08T00:00:00+00:00,2026-01-26T00:00:00+00:00,2026-01-26T00:00:00+00:00,2026-02-02T00:00:00+00:00,1020.5726502083334,1985.715834748007,-965.1431845396736,0,night,0,0.0,0,2,0,0,0,0,0,0,0,0,0,0,0,0,0,0,0,0,0,0,0,0,0,0,5,1902.018428271,1973.961116742889,2356.0469720826945,2133.987086771556,6,6.123233995736766e-17,1.0,0,1,1,-95.91505519037855,389.4287469135014,1053.0844672548474,684.0517259136807,840,840,2.2320594877459445,0.047528302049217576
B2,roll_03,rf,2026-01-31 07:00:00+00:00,2026-01-31 08:00:00+00:00,0,1,2025-12-08T00:00:00+00:00,2026-01-26T00:00:00+00:00,2026-01-26T00:00:00+00:00,2026-02-02T00:00:00+00:00,419.2874801181944,1579.9679302936847,-1160.6804501754905,1,night,0,0.0,0,2,0,0,0,0,0,0,0,0,0,0,0,0,0,0,0,0,0,0,0,0,0,0,5,2166.76233965375,2133.987086771556,2415.724502125278,1020.5726502083334,7,-0.2588190451025206,0.9659258262890684,0,1,1,-95.91505519037855,389.4287469135014,1053.0844672548474,684.0517259136807,840,840,2.7341725628221636,0.9265337154000992
B2,roll_03,rf,2026-01-31 08:00:00+00:00,2026-01-31 09:00:00+00:00,0,1,2025-12-08T00:00:00+00:00,2026-01-26T00:00:00+00:00,2026-01-26T00:00:00+00:00,2026-02-02T00:00:00+00:00,250.3521221068889,867.5828023906515,-617.2306802837626,1,low,0,0.0,0,2,0,0,0,0,0,0,0,0,0,0,0,0,0,0,0,0,0,0,0,0,0,0,5,2056.1787956731946,1020.5726502083334,2088.875723270194,419.2874801181944,8,-0.4999999999999998,0.8660254037844387,0,1,1,-95.91505519037855,389.4287469135014,1053.0844672548474,684.0517259136807,840,840,1.3386675463102802,1.173496556968345
B2,roll_03,rf,2026-01-31 09:00:00+00:00,2026-01-31 10:00:00+00:00,0,1,2025-12-08T00:00:00+00:00,2026-01-26T00:00:00+00:00,2026-01-26T00:00:00+00:00,2026-02-02T00:00:00+00:00,334.93582907008334,688.5488620415844,-353.613032971501,1,low,0,0.0,0,2,0,0,0,0,0,0,0,0,0,0,0,0,0,0,0,0,0,0,0,0,0,0,5,2110.409867789389,419.2874801181944,1376.5848081650277,250.3521221068889,9,-0.7071067811865475,0.7071067811865476,0,1,1,-95.91505519037855,389.4287469135014,1053.0844672548474,684.0517259136807,840,840,0.6617333204689213,1.0498455174943684
B2,roll_03,rf,2026-01-31 10:00:00+00:00,2026-01-31 11:00:00+00:00,0,1,2025-12-08T00:00:00+00:00,2026-01-26T00:00:00+00:00,2026-01-26T00:00:00+00:00,2026-02-02T00:00:00+00:00,-25.482023055444444,483.22286114063104,-508.70488419607545,1,low,0,0.0,0,2,0,0,0,0,0,0,0,0,0,0,0,0,0,0,0,0,0,0,0,0,0,0,5,3130.832139515,250.3521221068889,637.5708449115556,334.93582907008334,10,-0.8660254037844387,0.4999999999999999,0,1,1,-95.91505519037855,389.4287469135014,1053.0844672548474,684.0517259136807,840,840,1.0599880781204485,1.5767323572931007
B2,roll_03,rf,2026-01-31 11:00:00+00:00,2026-01-31 12:00:00+00:00,0,1,2025-12-08T00:00:00+00:00,2026-01-26T00:00:00+00:00,2026-01-26T00:00:00+00:00,2026-02-02T00:00:00+00:00,-362.59401059927774,-77.30216802984692,-285.2918425694308,1,med,0,0.0,0,2,1,0,0,0,0,0,0,0,0,0,0,0,0,0,0,0,0,0,0,0,0,0,5,385.99203080291664,334.93582907008334,-1038.640299738972,-25.482023055444444,11,-0.9659258262890682,0.258819045102521,0,1,1,-95.91505519037855,389.4287469135014,1053.0844672548474,684.0517259136807,840,840,0.4862938056833179,2.069548872145916
B2,roll_03,rf,2026-01-31 12:00:00+00:00,2026-01-31 13:00:00+00:00,0,1,2025-12-08T00:00:00+00:00,2026-01-26T00:00:00+00:00,2026-01-26T00:00:00+00:00,2026-02-02T00:00:00+00:00,-31.184125589083333,-72.6748212517866,41.49069566270326,1,med,0,0.0,0,2,1,0,0,0,0,0,0,0,0,0,0,0,0,0,0,0,0,0,0,0,0,0,5,1016.1453970060834,-25.482023055444444,338.58896643852773,-362.59401059927774,12,-1.0,1.2246467991473532e-16,0,1,1,-95.91505519037855,389.4287469135014,1053.0844672548474,684.0517259136807,840,840,0.35283925992140974,1.585068134132232
B2,roll_03,rf,2026-01-31 13:00:00+00:00,2026-01-31 14:00:00+00:00,0,1,2025-12-08T00:00:00+00:00,2026-01-26T00:00:00+00:00,2026-01-26T00:00:00+00:00,2026-02-02T00:00:00+00:00,-90.87281389516666,-100.16075262884536,9.287938733678716,1,med,0,0.0,0,2,1,0,0,0,0,0,0,0,0,0,0,0,0,0,0,0,0,0,0,0,0,0,5,1064.5741736199725,-362.59401059927774,-266.5041079402778,-31.184125589083333,13,-0.9659258262890684,-0.2588190451025208,0,1,1,-95.91505519037855,389.4287469135014,1053.0844672548474,684.0517259136807,840,840,0.2701469646446635,1.6723256996713842
B2,roll_03,rf,2026-01-31 14:00:00+00:00,2026-01-31 15:00:00+00:00,0,1,2025-12-08T00:00:00+00:00,2026-01-26T00:00:00+00:00,2026-01-26T00:00:00+00:00,2026-02-02T00:00:00+00:00,422.2890764387501,107.50010854427248,314.78896789447765,1,med,0,0.0,0,3,1,0,0,0,0,0,0,0,0,0,0,0,0,0,0,0,0,0,0,0,0,0,5,1858.781012173056,-31.184125589083333,376.1624140875,-90.87281389516666,14,-0.8660254037844388,-0.4999999999999997,0,1,1,-95.91505519037855,389.4287469135014,1053.0844672548474,684.0517259136807,840,840,1.0546320125054363,0.9221457485156558
B2,roll_03,rf,2026-01-31 15:00:00+00:00,2026-01-31 16:00:00+00:00,0,1,2025-12-08T00:00:00+00:00,2026-01-26T00:00:00+00:00,2026-01-26T00:00:00+00:00,2026-02-02T00:00:00+00:00,514.5742918275556,857.9727829018184,-343.3984910742628,1,low,0,0.0,0,2,0,0,0,0,0,0,0,0,0,0,0,0,0,0,0,0,0,0,0,0,0,0,5,1831.2616717653889,-90.87281389516666,1082.7555175266666,422.2890764387501,15,-0.7071067811865479,-0.7071067811865471,0,1,1,-95.91505519037855,389.4287469135014,1053.0844672548474,684.0517259136807,840,840,0.6355037676221021,0.787236045209899
B2,roll_03,rf,2026-01-31 16:00:00+00:00,2026-01-31 17:00:00+00:00,0,1,2025-12-08T00:00:00+00:00,2026-01-26T00:00:00+00:00,2026-01-26T00:00:00+00:00,2026-02-02T00:00:00+00:00,555.1924943127777,906.22955372968,-351.03705941690214,0,night,0,0.0,0,2,0,0,0,0,0,0,0,0,0,0,0,0,0,0,0,0,0,0,0,0,0,0,5,1060.0596002008333,422.2890764387501,1956.864773614972,514.5742918275556,16,-0.5000000000000004,-0.8660254037844385,0,1,1,-95.91505519037855,389.4287469135014,1053.0844672548474,684.0517259136807,840,840,0.6551185711084406,0.7278571986307623
B2,roll_03,rf,2026-01-31 17:00:00+00:00,2026-01-31 18:00:00+00:00,0,1,2025-12-08T00:00:00+00:00,2026-01-26T00:00:00+00:00,2026-01-26T00:00:00+00:00,2026-02-02T00:00:00+00:00,563.0741589198611,853.1654041352418,-290.0912452153807,0,night,0,0.0,0,2,0,0,0,0,0,0,0,0,0,0,0,0,0,0,0,0,0,0,0,0,0,0,5,992.9213029867224,514.5742918275556,2558.768179305,555.1924943127777,17,-0.2588190451025206,-0.9659258262890684,0,1,1,-95.91505519037855,389.4287469135014,1053.0844672548474,684.0517259136807,840,840,0.49861801822280954,0.7163351684852262
B2,roll_03,rf,2026-01-31 18:00:00+00:00,2026-01-31 19:00:00+00:00,0,1,2025-12-08T00:00:00+00:00,2026-01-26T00:00:00+00:00,2026-01-26T00:00:00+00:00,2026-02-02T00:00:00+00:00,532.8345183753889,819.1050510516906,-286.2705326763016,0,night,0,0.0,0,2,0,0,0,0,0,0,0,0,0,0,0,0,0,0,0,0,0,0,0,0,0,0,5,1541.1415699855834,555.1924943127777,1987.7934036818888,563.0741589198611,18,-1.8369701987210287e-16,-1.0,0,1,1,-95.91505519037855,389.4287469135014,1053.0844672548474,684.0517259136807,840,840,0.48880694862571145,0.7605418262552676
B2,roll_03,rf,2026-01-31 19:00:00+00:00,2026-01-31 20:00:00+00:00,0,1,2025-12-08T00:00:00+00:00,2026-01-26T00:00:00+00:00,2026-01-26T00:00:00+00:00,2026-02-02T00:00:00+00:00,552.461400302111,786.0238242935645,-233.5624239914536,0,night,0,0.0,0,1,0,1,1,0,11,0,0,0,1,0,1,0,1,0,0,0,1,0,0,0,0,0,5,1286.9006860100278,563.0741589198611,1676.7119280521667,532.8345183753889,19,0.2588190451025203,-0.9659258262890684,0,1,1,-95.91505519037855,389.4287469135014,1053.0844672548474,684.0517259136807,840,840,0.3534597019147352,0.7318497242062498
B2,roll_03,rf,2026-01-31 20:00:00+00:00,2026-01-31 21:00:00+00:00,0,1,2025-12-08T00:00:00+00:00,2026-01-26T00:00:00+00:00,2026-01-26T00:00:00+00:00,2026-02-02T00:00:00+00:00,552.9098461985833,707.8277651951731,-154.91791899658983,0,night,0,0.0,0,1,0,1,1,0,11,0,0,0,1,0,1,0,1,0,0,0,1,0,0,0,0,0,5,640.4533153681945,532.8345183753889,1399.5987402705557,552.461400302111,20,0.5000000000000001,-0.8660254037844386,0,1,1,-95.91505519037855,389.4287469135014,1053.0844672548474,684.0517259136807,840,840,0.1515113208099062,0.7311941511267822
B2,roll_03,rf,2026-01-31 21:00:00+00:00,2026-01-31 22:00:00+00:00,0,1,2025-12-08T00:00:00+00:00,2026-01-26T00:00:00+00:00,2026-01-26T00:00:00+00:00,2026-02-02T00:00:00+00:00,560.803781971389,669.7798205825376,-108.97603861114862,0,night,0,0.0,0,1,0,1,1,0,11,0,0,0,1,0,1,0,1,0,0,0,1,0,0,0,0,0,5,584.3161862229999,552.461400302111,1395.9087899032777,552.9098461985833,21,0.7071067811865474,-0.7071067811865477,0,1,1,-95.91505519037855,389.4287469135014,1053.0844672548474,684.0517259136807,840,840,0.03353882712636808,0.7196541820370738
B2,roll_03,rf,2026-01-31 22:00:00+00:00,2026-01-31 23:00:00+00:00,0,1,2025-12-08T00:00:00+00:00,2026-01-26T00:00:00+00:00,2026-01-26T00:00:00+00:00,2026-02-02T00:00:00+00:00,565.2245665261389,472.1984311345097,93.02613539162924,0,night,0,0.0,0,1,0,1,1,0,11,0,0,0,1,0,1,0,1,0,0,0,1,0,0,0,0,0,5,518.3547093412777,552.9098461985833,617.2218638224722,560.803781971389,22,0.8660254037844384,-0.5000000000000004,0,1,1,-95.91505519037855,389.4287469135014,1053.0844672548474,684.0517259136807,840,840,0.48517525241652165,0.7131915354457722
B2,roll_03,rf,2026-01-31 23:00:00+00:00,2026-02-01 00:00:00+00:00,0,1,2025-12-08T00:00:00+00:00,2026-01-26T00:00:00+00:00,2026-01-26T00:00:00+00:00,2026-02-02T00:00:00+00:00,564.1097782727777,476.2572597064841,87.85251856629361,0,night,0,0.0,0,1,0,1,1,0,11,0,0,0,1,0,1,0,1,0,0,0,1,0,0,0,0,0,5,430.99813492583326,560.803781971389,560.833410557,565.2245665261389,23,0.965925826289068,-0.2588190451025215,0,1,1,-95.91505519037855,389.4287469135014,1053.0844672548474,684.0517259136807,840,840,0.4718901088149252,0.7148212195926431
B2,roll_03,rf,2026-02-01 00:00:00+00:00,2026-02-01 01:00:00+00:00,0,1,2025-12-08T00:00:00+00:00,2026-01-26T00:00:00+00:00,2026-01-26T00:00:00+00:00,2026-02-02T00:00:00+00:00,533.409867254,505.2161194364337,28.193747817566305,0,night,0,0.0,0,1,0,1,1,0,11,0,0,0,1,0,1,0,1,0,0,0,1,0,0,0,0,0,6,377.7188413770555,565.2245665261389,568.5592018373611,564.1097782727777,0,1.0,0.0,0,1,2,-95.91505519037855,389.4287469135014,1053.0844672548474,684.0517259136807,840,840,0.31869450828064183,0.7597007365294247
B2,roll_03,rf,2026-02-01 01:00:00+00:00,2026-02-01 02:00:00+00:00,0,1,2025-12-08T00:00:00+00:00,2026-01-26T00:00:00+00:00,2026-01-26T00:00:00+00:00,2026-02-02T00:00:00+00:00,562.5751383565,475.8659409279333,86.70919742856671,0,night,0,0.0,0,1,0,1,1,0,11,0,0,0,0,1,1,0,1,0,0,0,1,0,0,0,0,0,6,364.4423996903056,564.1097782727777,560.2704962234167,533.409867254,1,0.9659258262890684,0.2588190451025207,0,1,2,-95.91505519037855,389.4287469135014,1053.0844672548474,684.0517259136807,840,840,0.4689542158003789,0.7170646755450828
B2,roll_03,rf,2026-02-01 02:00:00+00:00,2026-02-01 03:00:00+00:00,0,1,2025-12-08T00:00:00+00:00,2026-01-26T00:00:00+00:00,2026-01-26T00:00:00+00:00,2026-02-02T00:00:00+00:00,534.4757679513611,488.4259244988343,46.04984345252683,0,night,0,0.0,0,1,0,1,1,0,11,0,0,0,0,1,1,0,1,0,0,0,1,0,0,0,0,0,6,384.5271624152222,533.409867254,565.4011130005833,562.5751383565,2,0.8660254037844387,0.4999999999999999,0,1,2,-95.91505519037855,389.4287469135014,1053.0844672548474,684.0517259136807,840,840,0.3645465307019005,0.7581425200130678
B2,roll_03,rf,2026-02-01 03:00:00+00:00,2026-02-01 04:00:00+00:00,0,1,2025-12-08T00:00:00+00:00,2026-01-26T00:00:00+00:00,2026-01-26T00:00:00+00:00,2026-02-02T00:00:00+00:00,559.3680544099722,895.9332608960779,-336.5652064861057,0,night,0,0.0,0,1,0,1,1,0,11,0,0,0,0,1,1,0,1,0,0,0,1,0,0,0,0,0,6,395.30640441158334,562.5751383565,568.1319450434166,534.4757679513611,3,0.7071067811865476,0.7071067811865476,0,1,2,-95.91505519037855,389.4287469135014,1053.0844672548474,684.0517259136807,840,840,0.6179568231750995,0.7217530402184476
B2,roll_03,rf,2026-02-01 04:00:00+00:00,2026-02-01 05:00:00+00:00,0,1,2025-12-08T00:00:00+00:00,2026-01-26T00:00:00+00:00,2026-01-26T00:00:00+00:00,2026-02-02T00:00:00+00:00,555.9197919330833,944.929044577354,-389.0092526442708,0,night,0,0.0,0,1,0,1,1,0,11,0,0,0,0,1,1,0,1,0,0,0,1,0,0,0,0,0,6,963.782436518,534.4757679513611,1108.9278010010555,559.3680544099722,4,0.5000000000000001,0.8660254037844386,0,1,2,-95.91505519037855,389.4287469135014,1053.0844672548474,684.0517259136807,840,840,0.7526259932705824,0.7267939784198432
B2,roll_03,rf,2026-02-01 05:00:00+00:00,2026-02-01 06:00:00+00:00,0,1,2025-12-08T00:00:00+00:00,2026-01-26T00:00:00+00:00,2026-01-26T00:00:00+00:00,2026-02-02T00:00:00+00:00,1160.5435193141388,889.8071567390285,270.7363625751103,0,night,0,0.0,0,1,0,1,1,0,11,0,0,0,0,1,1,0,1,0,0,0,1,0,0,0,0,0,6,1696.815230154389,559.3680544099722,1973.961116742889,555.9197919330833,5,0.2588190451025207,0.9659258262890684,0,1,2,-95.91505519037855,389.4287469135014,1053.0844672548474,684.0517259136807,840,840,0.9415109199602264,0.15709199756167497
B2,roll_03,rf,2026-02-01 06:00:00+00:00,2026-02-01 07:00:00+00:00,0,1,2025-12-08T00:00:00+00:00,2026-01-26T00:00:00+00:00,2026-01-26T00:00:00+00:00,2026-02-02T00:00:00+00:00,691.6709654138334,1728.0248804928,-1036.3539150789666,0,night,0,0.0,0,1,0,0,0,0,0,0,0,0,0,0,0,0,0,0,0,0,0,0,0,0,0,0,6,1659.7306816588614,555.9197919330833,2133.987086771556,1160.5435193141388,6,6.123233995736766e-17,1.0,0,1,2,-95.91505519037855,389.4287469135014,1053.0844672548474,684.0517259136807,840,840,2.4149189481830295,0.5283423579675612
B2,roll_03,rf,2026-02-01 07:00:00+00:00,2026-02-01 08:00:00+00:00,0,1,2025-12-08T00:00:00+00:00,2026-01-26T00:00:00+00:00,2026-01-26T00:00:00+00:00,2026-02-02T00:00:00+00:00,1089.2109433604444,961.9716274788632,127.23931588158132,1,night,0,0.0,0,1,0,0,0,0,0,0,0,0,0,0,0,0,0,0,0,0,0,0,0,0,0,0,6,2231.1363579284443,1160.5435193141388,1020.5726502083334,691.6709654138334,7,-0.2588190451025206,0.9659258262890684,0,1,2,-95.91505519037855,389.4287469135014,1053.0844672548474,684.0517259136807,840,840,0.5730300416715928,0.05281249171229452
B2,roll_03,rf,2026-02-01 08:00:00+00:00,2026-02-01 09:00:00+00:00,0,1,2025-12-08T00:00:00+00:00,2026-01-26T00:00:00+00:00,2026-01-26T00:00:00+00:00,2026-02-02T00:00:00+00:00,303.2054646118889,1233.0132279589643,-929.8077633470756,1,low,0,0.0,0,2,0,0,0,0,0,0,0,0,0,0,0,0,0,0,0,0,0,0,0,0,0,0,6,2238.324116505972,691.6709654138334,419.2874801181944,1089.2109433604444,8,-0.4999999999999998,0.8660254037844387,0,1,2,-95.91505519037855,389.4287469135014,1053.0844672548474,684.0517259136807,840,840,2.141322937163441,1.0962314313897141
B2,roll_03,rf,2026-02-01 09:00:00+00:00,2026-02-01 10:00:00+00:00,0,1,2025-12-08T00:00:00+00:00,2026-01-26T00:00:00+00:00,2026-01-26T00:00:00+00:00,2026-02-02T00:00:00+00:00,306.5586802728889,639.9949731327645,-333.43629285987555,1,low,0,0.0,0,2,0,0,0,0,0,0,0,0,0,0,0,0,0,0,0,0,0,0,0,0,0,0,6,2327.768168646222,1089.2109433604444,250.3521221068889,303.2054646118889,9,-0.7071067811865475,0.7071067811865476,0,1,2,-95.91505519037855,389.4287469135014,1053.0844672548474,684.0517259136807,840,840,0.6099221989953773,1.0913294400139577
B2,roll_03,rf,2026-02-01 10:00:00+00:00,2026-02-01 11:00:00+00:00,0,1,2025-12-08T00:00:00+00:00,2026-01-26T00:00:00+00:00,2026-01-26T00:00:00+00:00,2026-02-02T00:00:00+00:00,298.92543760088887,459.1442353477215,-160.2187977468326,1,low,0,0.0,0,2,0,0,0,0,0,0,0,0,0,0,0,0,0,0,0,0,0,0,0,0,0,0,6,3079.3561128761667,303.2054646118889,334.93582907008334,306.5586802728889,10,-0.8660254037844387,0.4999999999999999,0,1,2,-95.91505519037855,389.4287469135014,1053.0844672548474,684.0517259136807,840,840,0.16512325570751193,1.1024883076592433
B2,roll_03,rf,2026-02-01 11:00:00+00:00,2026-02-01 12:00:00+00:00,0,1,2025-12-08T00:00:00+00:00,2026-01-26T00:00:00+00:00,2026-01-26T00:00:00+00:00,2026-02-02T00:00:00+00:00,73.55411946638888,355.080872917209,-281.5267534508201,1,low,0,0.0,0,2,0,0,0,0,0,0,0,0,0,0,0,0,0,0,0,0,0,0,0,0,0,0,6,1060.977643347722,306.5586802728889,-25.482023055444444,298.92543760088887,11,-0.9659258262890682,0.258819045102521,0,1,2,-95.91505519037855,389.4287469135014,1053.0844672548474,684.0517259136807,840,840,0.476625569456661,1.4319536237995893
B2,roll_03,rf,2026-02-01 12:00:00+00:00,2026-02-01 13:00:00+00:00,0,1,2025-12-08T00:00:00+00:00,2026-01-26T00:00:00+00:00,2026-01-26T00:00:00+00:00,2026-02-02T00:00:00+00:00,151.58054217927778,278.0579472848455,-126.47740510556773,1,med,0,0.0,0,2,0,0,0,0,0,0,0,0,0,0,0,0,0,0,0,0,0,0,0,0,0,0,6,1745.3068945306666,298.92543760088887,-362.59401059927774,73.55411946638888,12,-1.0,1.2246467991473532e-16,0,1,2,-95.91505519037855,389.4287469135014,1053.0844672548474,684.0517259136807,840,840,0.07847995341231853,1.317888532291093
B2,roll_03,rf,2026-02-01 13:00:00+00:00,2026-02-01 14:00:00+00:00,0,1,2025-12-08T00:00:00+00:00,2026-01-26T00:00:00+00:00,2026-01-26T00:00:00+00:00,2026-02-02T00:00:00+00:00,1336.6438164391946,401.1746769854996,935.4691394536948,1,med,0,0.0,0,2,0,0,0,0,0,0,0,0,0,0,0,0,0,0,0,0,0,0,0,0,0,0,6,906.8727746182224,73.55411946638888,-31.184125589083333,151.58054217927778,13,-0.9659258262890684,-0.2588190451025208,0,1,2,-95.91505519037855,389.4287469135014,1053.0844672548474,684.0517259136807,840,840,2.6484541853125214,0.41452910422176037
B2,roll_03,rf,2026-02-01 14:00:00+00:00,2026-02-01 15:00:00+00:00,0,1,2025-12-08T00:00:00+00:00,2026-01-26T00:00:00+00:00,2026-01-26T00:00:00+00:00,2026-02-02T00:00:00+00:00,1896.0841900744165,1229.9620451852602,666.1221448891563,1,med,0,0.0,0,2,0,0,0,0,0,0,0,0,0,0,0,0,0,0,0,0,0,0,0,0,0,0,6,1490.25308828425,151.58054217927778,-90.87281389516666,1336.6438164391946,14,-0.8660254037844388,-0.4999999999999997,0,1,2,-95.91505519037855,389.4287469135014,1053.0844672548474,684.0517259136807,840,840,1.9568077757978046,1.2323625405572705
B2,roll_03,rf,2026-02-01 15:00:00+00:00,2026-02-01 16:00:00+00:00,0,1,2025-12-08T00:00:00+00:00,2026-01-26T00:00:00+00:00,2026-01-26T00:00:00+00:00,2026-02-02T00:00:00+00:00,2484.501672130778,1685.485528275173,799.0161438556049,1,low,0,0.0,0,2,0,0,0,0,0,0,0,0,0,0,0,0,0,0,0,0,0,0,0,0,0,0,6,924.6930943503612,1336.6438164391946,422.2890764387501,1896.0841900744165,15,-0.7071067811865479,-0.7071067811865471,0,1,2,-95.91505519037855,389.4287469135014,1053.0844672548474,684.0517259136807,840,840,2.298061471165,2.0925569670393007
B2,roll_03,rf,2026-02-01 16:00:00+00:00,2026-02-01 17:00:00+00:00,0,1,2025-12-08T00:00:00+00:00,2026-01-26T00:00:00+00:00,2026-01-26T00:00:00+00:00,2026-02-02T00:00:00+00:00,2486.544613380472,2037.2851292462976,449.2594841341743,0,night,0,0.0,0,2,0,0,0,0,0,0,0,0,0,0,0,0,0,0,0,0,0,0,0,0,0,0,6,1936.265559235028,1896.0841900744165,514.5742918275556,2484.501672130778,16,-0.5000000000000004,-0.8660254037844385,0,1,2,-95.91505519037855,389.4287469135014,1053.0844672548474,684.0517259136807,840,840,1.3999339895820406,2.0955434974028715
B2,roll_03,rf,2026-02-01 17:00:00+00:00,2026-02-01 18:00:00+00:00,0,1,2025-12-08T00:00:00+00:00,2026-01-26T00:00:00+00:00,2026-01-26T00:00:00+00:00,2026-02-02T00:00:00+00:00,2612.5492478209444,2106.0118220297204,506.537425791224,0,night,0,0.0,0,2,0,0,0,0,0,0,0,0,0,0,0,0,0,0,0,0,0,0,0,0,0,0,6,1053.6913190111388,2484.501672130778,555.1924943127777,2486.544613380472,17,-0.2588190451025206,-0.9659258262890684,0,1,2,-95.91505519037855,389.4287469135014,1053.0844672548474,684.0517259136807,840,840,1.54701594516703,2.279746869263631
B2,roll_03,rf,2026-02-01 18:00:00+00:00,2026-02-01 19:00:00+00:00,0,1,2025-12-08T00:00:00+00:00,2026-01-26T00:00:00+00:00,2026-01-26T00:00:00+00:00,2026-02-02T00:00:00+00:00,3017.157618471861,2128.9835506493214,888.1740678225397,0,night,0,0.0,0,2,0,0,0,0,0,0,0,0,0,0,0,0,0,0,0,0,0,0,0,0,0,0,6,1042.3809986754163,2486.544613380472,563.0741589198611,2612.5492478209444,18,-1.8369701987210287e-16,-1.0,0,1,2,-95.91505519037855,389.4287469135014,1053.0844672548474,684.0517259136807,840,840,2.5270068807516686,2.8712348449872294
B2,roll_03,rf,2026-02-01 19:00:00+00:00,2026-02-01 20:00:00+00:00,0,1,2025-12-08T00:00:00+00:00,2026-01-26T00:00:00+00:00,2026-01-26T00:00:00+00:00,2026-02-02T00:00:00+00:00,2133.137917275778,2569.648832222978,-436.5109149472,0,night,0,0.0,0,1,0,0,0,0,0,0,0,0,0,0,0,0,0,0,0,0,0,0,0,0,0,0,6,849.7813898698611,2612.5492478209444,532.8345183753889,3017.157618471861,19,0.2588190451025203,-0.9659258262890684,0,1,2,-95.91505519037855,389.4287469135014,1053.0844672548474,684.0517259136807,840,840,0.8746037945485144,1.5789061106136595
B2,roll_03,rf,2026-02-01 20:00:00+00:00,2026-02-01 21:00:00+00:00,0,1,2025-12-08T00:00:00+00:00,2026-01-26T00:00:00+00:00,2026-01-26T00:00:00+00:00,2026-02-02T00:00:00+00:00,952.1327068525555,1820.3316666346227,-868.1989597820672,0,night,0,0.0,0,1,0,0,0,0,0,0,0,0,0,0,0,0,0,0,0,0,0,0,0,0,0,0,6,739.4192231492499,3017.157618471861,552.461400302111,2133.137917275778,20,0.5000000000000001,-0.8660254037844386,0,1,2,-95.91505519037855,389.4287469135014,1053.0844672548474,684.0517259136807,840,840,1.9831199178606753,0.14757913265616227
B2,roll_03,rf,2026-02-01 21:00:00+00:00,2026-02-01 22:00:00+00:00,0,1,2025-12-08T00:00:00+00:00,2026-01-26T00:00:00+00:00,2026-01-26T00:00:00+00:00,2026-02-02T00:00:00+00:00,1463.8755507140277,973.1412394799412,490.7343112340866,0,night,0,0.0,0,1,0,0,0,0,0,0,0,0,0,0,0,0,0,0,0,0,0,0,0,0,0,0,6,575.8166761095833,2133.137917275778,552.9098461985833,952.1327068525555,21,0.7071067811865474,-0.7071067811865477,0,1,2,-95.91505519037855,389.4287469135014,1053.0844672548474,684.0517259136807,840,840,1.5064356986331306,0.6005263460310564
