dataset_id,split_id,model_name,ts_utc,ts_target_utc,is_train_split,is_test_split,train_start_utc,train_end_utc,test_start_utc,test_end_utc,y_true_t_plus_1,yhat_t_plus_1,residual_t_plus_1,is_daylight,pv_regime,pool_on,pool_on_lag_1h,pool_switch,temp_bin,flag_grid_exporting,imputed_any,imputed_count,gaplen_demand_h,gaplen_pv_h,gaplen_pool_h,gaplen_temp_h,pv_imputed_interp,pv_imputed_ffill_night_ok,pv_imputed_fallback_zero,pv_imputed_any,flag_demand_imputed,flag_pv_imputed,flag_pool_imputed,flag_temp_imputed,flag_demand_imputed_new,flag_pv_imputed_new,flag_pool_imputed_new,flag_temp_imputed_new,demand_imputed_any,pool_imputed_any,temp_imputed_any,day_of_week,demand_lag_168h,demand_lag_1h,demand_lag_24h,demand_w,hour,hour_cos,hour_sin,is_holiday_it,is_weekend,month,median_r_cal,mad_r_cal,median_y_cal,mad_y_cal,n_resid_cal,n_y_cal,anomaly_score,z_raw
A1,roll_01,mlr,2026-01-11 23:00:00+00:00,2026-01-12 00:00:00+00:00,0,1,2025-12-08T00:00:00+00:00,2026-01-12T00:00:00+00:00,2026-01-12T00:00:00+00:00,2026-01-19T00:00:00+00:00,2521.281662351861,1976.9761124454303,544.3055499064308,0,night,0,0.0,0,1,0,0,0,0,0,0,0,0,0,0,0,0,0,0,0,0,0,0,0,0,0,0,6,364.9348326606112,2652.970591418611,410.7482779138611,2501.345489155889,23,0.965925826289068,-0.2588190451025215,0,1,1,-211.75125182288693,379.1843190919823,973.0697614069028,616.5166494453612,504,504,1.99390313275564,2.511224802019185
A1,roll_01,mlr,2026-01-12 00:00:00+00:00,2026-01-12 01:00:00+00:00,0,1,2025-12-08T00:00:00+00:00,2026-01-12T00:00:00+00:00,2026-01-12T00:00:00+00:00,2026-01-19T00:00:00+00:00,2510.7629793080832,2452.2601258623554,58.50285344572785,0,night,0,0.0,0,1,0,0,0,0,0,0,0,0,0,0,0,0,0,0,0,0,0,0,0,0,0,0,0,370.6410842640833,2501.345489155889,405.205528771,2521.281662351861,0,1.0,0.0,0,0,1,-211.75125182288693,379.1843190919823,973.0697614069028,616.5166494453612,504,504,0.7127248983180045,2.4941633275995714
A1,roll_01,mlr,2026-01-12 01:00:00+00:00,2026-01-12 02:00:00+00:00,0,1,2025-12-08T00:00:00+00:00,2026-01-12T00:00:00+00:00,2026-01-12T00:00:00+00:00,2026-01-19T00:00:00+00:00,2517.397726423444,2419.958317132817,97.43940929062728,0,night,0,0.0,0,0,0,0,0,0,0,0,0,0,0,0,0,0,0,0,0,0,0,0,0,0,0,0,0,368.0486825067223,2521.281662351861,475.14375079194434,2510.7629793080832,1,0.9659258262890684,0.2588190451025207,0,0,1,-211.75125182288693,379.1843190919823,973.0697614069028,616.5166494453612,504,504,0.8154099353420545,2.5049249949792434
A1,roll_01,mlr,2026-01-12 02:00:00+00:00,2026-01-12 03:00:00+00:00,0,1,2025-12-08T00:00:00+00:00,2026-01-12T00:00:00+00:00,2026-01-12T00:00:00+00:00,2026-01-19T00:00:00+00:00,2481.68678522575,2386.846480638449,94.84030458730103,0,night,0,0.0,0,0,0,0,0,0,0,0,0,0,0,0,0,0,0,0,0,0,0,0,0,0,0,0,0,407.2023981933612,2510.7629793080832,401.84106967408337,2517.397726423444,2,0.8660254037844387,0.4999999999999999,0,0,1,-211.75125182288693,379.1843190919823,973.0697614069028,616.5166494453612,504,504,0.8085554728222166,2.4470012694321386
A1,roll_01,mlr,2026-01-12 03:00:00+00:00,2026-01-12 04:00:00+00:00,0,1,2025-12-08T00:00:00+00:00,2026-01-12T00:00:00+00:00,2026-01-12T00:00:00+00:00,2026-01-19T00:00:00+00:00,3016.15648477425,2335.006263255511,681.1502215187393,0,night,0,0.0,0,1,0,0,0,0,0,0,0,0,0,0,0,0,0,0,0,0,0,0,0,0,0,0,0,381.6384086141388,2517.397726423444,367.7446838216111,2481.68678522575,3,0.7071067811865476,0.7071067811865476,0,0,1,-211.75125182288693,379.1843190919823,973.0697614069028,616.5166494453612,504,504,2.354795355145018,3.3139197866032917
A1,roll_01,mlr,2026-01-12 04:00:00+00:00,2026-01-12 05:00:00+00:00,0,1,2025-12-08T00:00:00+00:00,2026-01-12T00:00:00+00:00,2026-01-12T00:00:00+00:00,2026-01-19T00:00:00+00:00,4262.747835938639,2689.563194398918,1573.1846415397208,0,night,0,0.0,0,0,0,0,0,0,0,0,0,0,0,0,0,0,0,0,0,0,0,0,0,0,0,0,0,1018.144173213861,2481.68678522575,963.4637856096666,3016.15648477425,4,0.5000000000000001,0.8660254037844386,0,0,1,-211.75125182288693,379.1843190919823,973.0697614069028,616.5166494453612,504,504,4.70730408271345,5.335911167186222
A1,roll_01,mlr,2026-01-12 05:00:00+00:00,2026-01-12 06:00:00+00:00,0,1,2025-12-08T00:00:00+00:00,2026-01-12T00:00:00+00:00,2026-01-12T00:00:00+00:00,2026-01-19T00:00:00+00:00,4361.908397110695,3571.1865347059115,790.7218624047832,0,night,0,0.0,0,0,0,0,0,0,0,0,0,0,0,0,0,0,0,0,0,0,0,0,0,0,0,0,0,3480.3327933123333,3016.15648477425,1813.34006411675,4262.747835938639,5,0.2588190451025207,0.9659258262890684,0,0,1,-211.75125182288693,379.1843190919823,973.0697614069028,616.5166494453612,504,504,2.643762053842978,5.496751204939078
A1,roll_01,mlr,2026-01-12 06:00:00+00:00,2026-01-12 07:00:00+00:00,0,1,2025-12-08T00:00:00+00:00,2026-01-12T00:00:00+00:00,2026-01-12T00:00:00+00:00,2026-01-19T00:00:00+00:00,4563.315619382333,3768.033859851119,795.2817595312144,0,night,0,0.0,0,0,0,0,0,0,0,0,0,0,0,0,0,0,0,0,0,0,0,0,0,0,0,0,0,3264.2411370842497,4262.747835938639,1868.444830851611,4361.908397110695,6,6.123233995736766e-17,1.0,0,0,1,-211.75125182288693,379.1843190919823,973.0697614069028,616.5166494453612,504,504,2.6557875962951307,5.823436984557246
A1,roll_01,mlr,2026-01-12 07:00:00+00:00,2026-01-12 08:00:00+00:00,0,1,2025-12-08T00:00:00+00:00,2026-01-12T00:00:00+00:00,2026-01-12T00:00:00+00:00,2026-01-19T00:00:00+00:00,3089.202245556361,3906.3782001699337,-817.1759546135727,1,night,0,0.0,0,1,0,0,0,0,0,0,0,0,0,0,0,0,0,0,0,0,0,0,0,0,0,0,0,3395.476410544472,4361.908397110695,1998.770939867861,4563.315619382333,7,-0.2588190451025206,0.9659258262890684,0,0,1,-211.75125182288693,379.1843190919823,973.0697614069028,616.5166494453612,504,504,1.5966501574761118,3.4324011947661126
A1,roll_01,mlr,2026-01-12 08:00:00+00:00,2026-01-12 09:00:00+00:00,0,1,2025-12-08T00:00:00+00:00,2026-01-12T00:00:00+00:00,2026-01-12T00:00:00+00:00,2026-01-19T00:00:00+00:00,2796.8041315197224,2954.0335926864554,-157.22946116673302,1,med,0,0.0,0,1,0,0,0,0,0,0,0,0,0,0,0,0,0,0,0,0,0,0,0,0,0,0,0,2043.147877824084,4563.315619382333,1620.6764299421666,3089.202245556361,8,-0.4999999999999998,0.8660254037844387,0,0,1,-211.75125182288693,379.1843190919823,973.0697614069028,616.5166494453612,504,504,0.14378703947123944,2.9581267136151337
A1,roll_01,mlr,2026-01-12 09:00:00+00:00,2026-01-12 10:00:00+00:00,0,1,2025-12-08T00:00:00+00:00,2026-01-12T00:00:00+00:00,2026-01-12T00:00:00+00:00,2026-01-19T00:00:00+00:00,746.3919299871112,2591.114687843147,-1844.7227578560355,1,med,0,0.0,0,1,0,0,0,0,0,0,0,0,0,0,0,0,0,0,0,0,0,0,0,0,0,0,0,1179.0779114988334,3089.202245556361,1464.1872420950556,2796.8041315197224,9,-0.7071067811865475,0.7071067811865476,0,0,1,-211.75125182288693,379.1843190919823,973.0697614069028,616.5166494453612,504,504,4.306537543386712,0.3676751173284914
A1,roll_01,mlr,2026-01-12 10:00:00+00:00,2026-01-12 11:00:00+00:00,0,1,2025-12-08T00:00:00+00:00,2026-01-12T00:00:00+00:00,2026-01-12T00:00:00+00:00,2026-01-19T00:00:00+00:00,632.5966184736388,1155.793556222954,-523.1969377493152,1,high,0,0.0,0,1,0,0,0,0,0,0,0,0,0,0,0,0,0,0,0,0,0,0,0,0,0,0,0,947.8847584085834,2796.8041315197224,474.102661966639,746.3919299871112,10,-0.8660254037844387,0.4999999999999999,0,0,1,-211.75125182288693,379.1843190919823,973.0697614069028,616.5166494453612,504,504,0.8213569766604141,0.5522529573849545
A1,roll_01,mlr,2026-01-12 11:00:00+00:00,2026-01-12 12:00:00+00:00,0,1,2025-12-08T00:00:00+00:00,2026-01-12T00:00:00+00:00,2026-01-12T00:00:00+00:00,2026-01-19T00:00:00+00:00,-422.1210146441389,880.4915034949979,-1302.612518139137,1,high,0,0.0,0,2,0,0,0,0,0,0,0,0,0,0,0,0,0,0,0,0,0,0,0,0,0,0,0,863.6994095845556,746.3919299871112,924.8024321908888,632.5966184736388,11,-0.9659258262890682,0.258819045102521,0,0,1,-211.75125182288693,379.1843190919823,973.0697614069028,616.5166494453612,504,504,2.876862811543717,2.2630220567541874
A1,roll_01,mlr,2026-01-12 12:00:00+00:00,2026-01-12 13:00:00+00:00,0,1,2025-12-08T00:00:00+00:00,2026-01-12T00:00:00+00:00,2026-01-12T00:00:00+00:00,2026-01-19T00:00:00+00:00,754.2202679822223,-50.19097360467367,804.4112415868959,1,med,0,0.0,0,2,1,0,0,0,0,0,0,0,0,0,0,0,0,0,0,0,0,0,0,0,0,0,0,843.0538203102777,632.5966184736388,-377.0683961764167,-422.1210146441389,12,-1.0,1.2246467991473532e-16,0,0,1,-211.75125182288693,379.1843190919823,973.0697614069028,616.5166494453612,504,504,2.6798642302591706,0.3549774261920822
A1,roll_01,mlr,2026-01-12 13:00:00+00:00,2026-01-12 14:00:00+00:00,0,1,2025-12-08T00:00:00+00:00,2026-01-12T00:00:00+00:00,2026-01-12T00:00:00+00:00,2026-01-19T00:00:00+00:00,1500.3252466112224,706.9714348298043,793.3538117814181,1,med,0,0.0,0,2,0,0,0,0,0,0,0,0,0,0,0,0,0,0,0,0,0,0,0,0,0,0,0,1428.490628339573,-422.1210146441389,-533.3608326616389,754.2202679822223,13,-0.9659258262890684,-0.2588190451025208,0,0,1,-211.75125182288693,379.1843190919823,973.0697614069028,616.5166494453612,504,504,2.6507031356444024,0.855216944552359
A1,roll_01,mlr,2026-01-12 14:00:00+00:00,2026-01-12 15:00:00+00:00,0,1,2025-12-08T00:00:00+00:00,2026-01-12T00:00:00+00:00,2026-01-12T00:00:00+00:00,2026-01-19T00:00:00+00:00,586.6202596731389,1468.803698754341,-882.1834390812021,1,low,0,0.0,0,2,0,0,0,0,0,0,0,0,0,0,0,0,0,0,0,0,0,0,0,0,0,0,0,1773.3037352634722,754.2202679822223,1619.3522628639723,1500.3252466112224,14,-0.8660254037844388,-0.4999999999999997,0,0,1,-211.75125182288693,379.1843190919823,973.0697614069028,616.5166494453612,504,504,1.7680904866102392,0.6268273567006287
A1,roll_01,mlr,2026-01-12 15:00:00+00:00,2026-01-12 16:00:00+00:00,0,1,2025-12-08T00:00:00+00:00,2026-01-12T00:00:00+00:00,2026-01-12T00:00:00+00:00,2026-01-19T00:00:00+00:00,1670.774375533639,892.9545129022207,777.8198626314182,1,low,0,0.0,0,2,0,0,0,0,0,0,0,0,0,0,0,0,0,0,0,0,0,0,0,0,0,0,0,2045.117999196167,1500.3252466112224,867.3860450609445,586.6202596731389,15,-0.7071067811865479,-0.7071067811865471,0,0,1,-211.75125182288693,379.1843190919823,973.0697614069028,616.5166494453612,504,504,2.6097363857872393,1.1316881948839732
A1,roll_01,mlr,2026-01-12 16:00:00+00:00,2026-01-12 17:00:00+00:00,0,1,2025-12-08T00:00:00+00:00,2026-01-12T00:00:00+00:00,2026-01-12T00:00:00+00:00,2026-01-19T00:00:00+00:00,893.0618960396945,1501.80324198601,-608.7413459463156,0,night,0,0.0,0,2,0,0,0,0,0,0,0,0,0,0,0,0,0,0,0,0,0,0,0,0,0,0,0,1695.0528240614449,586.6202596731389,1129.351029028639,1670.774375533639,16,-0.5000000000000004,-0.8660254037844385,0,0,1,-211.75125182288693,379.1843190919823,973.0697614069028,616.5166494453612,504,504,1.0469580996231205,0.12977405466532985
A1,roll_01,mlr,2026-01-12 17:00:00+00:00,2026-01-12 18:00:00+00:00,0,1,2025-12-08T00:00:00+00:00,2026-01-12T00:00:00+00:00,2026-01-12T00:00:00+00:00,2026-01-19T00:00:00+00:00,2274.0885418814723,1138.098870135047,1135.9896717464253,0,night,0,0.0,0,1,0,0,0,0,0,0,0,0,0,0,0,0,0,0,0,0,0,0,0,0,0,0,0,2050.756231673639,1670.774375533639,1683.5612400863336,893.0618960396945,17,-0.2588190451025206,-0.9659258262890684,0,0,1,-211.75125182288693,379.1843190919823,973.0697614069028,616.5166494453612,504,504,3.5543160824706415,2.1102735532690144
A1,roll_01,mlr,2026-01-12 18:00:00+00:00,2026-01-12 19:00:00+00:00,0,1,2025-12-08T00:00:00+00:00,2026-01-12T00:00:00+00:00,2026-01-12T00:00:00+00:00,2026-01-19T00:00:00+00:00,1365.6644136303612,1978.7486813184448,-613.0842676880834,0,night,0,0.0,0,1,0,0,0,0,0,0,0,0,0,0,0,0,0,0,0,0,0,0,0,0,0,0,0,3794.624143870611,893.0618960396945,2735.553599037861,2274.0885418814723,18,-1.8369701987210287e-16,-1.0,0,0,1,-211.75125182288693,379.1843190919823,973.0697614069028,616.5166494453612,504,504,1.058411425942541,0.636794890416422
A1,roll_01,mlr,2026-01-12 19:00:00+00:00,2026-01-12 20:00:00+00:00,0,1,2025-12-08T00:00:00+00:00,2026-01-12T00:00:00+00:00,2026-01-12T00:00:00+00:00,2026-01-19T00:00:00+00:00,653.7379858252777,1492.4113370493787,-838.673351224101,0,night,0,0.0,0,1,0,0,0,0,0,0,0,0,0,0,0,0,0,0,0,0,0,0,0,0,0,0,0,1861.5080703779724,2274.0885418814723,2033.9936153407496,1365.6644136303612,19,0.2588190451025203,-0.9659258262890684,0,0,1,-211.75125182288693,379.1843190919823,973.0697614069028,616.5166494453612,504,504,1.6533439486698176,0.5179613168093782
A1,roll_01,mlr,2026-01-12 20:00:00+00:00,2026-01-12 21:00:00+00:00,0,1,2025-12-08T00:00:00+00:00,2026-01-12T00:00:00+00:00,2026-01-12T00:00:00+00:00,2026-01-19T00:00:00+00:00,1060.23997367125,845.663187643022,214.57678602822807,0,night,0,0.0,0,1,0,0,0,0,0,0,0,0,0,0,0,0,0,0,0,0,0,0,0,0,0,0,0,1496.9097637140555,1365.6644136303612,1245.8312970156112,653.7379858252777,20,0.5000000000000001,-0.8660254037844386,0,0,1,-211.75125182288693,379.1843190919823,973.0697614069028,616.5166494453612,504,504,1.1243292941860727,0.14139149744417845
A1,roll_01,mlr,2026-01-12 21:00:00+00:00,2026-01-12 22:00:00+00:00,0,1,2025-12-08T00:00:00+00:00,2026-01-12T00:00:00+00:00,2026-01-12T00:00:00+00:00,2026-01-19T00:00:00+00:00,372.6696216118889,1120.38560763651,-747.7159860246211,0,night,0,0.0,0,1,0,0,0,0,0,0,0,0,0,0,0,0,0,0,0,0,0,0,0,0,0,0,0,719.7584706931667,653.7379858252777,2829.186617279833,1060.23997367125,21,0.7071067811865474,-0.7071067811865477,0,0,1,-211.75125182288693,379.1843190919823,973.0697614069028,616.5166494453612,504,504,1.413467559748219,0.9738587600759101
A1,roll_01,mlr,2026-01-12 22:00:00+00:00,2026-01-12 23:00:00+00:00,0,1,2025-12-08T00:00:00+00:00,2026-01-12T00:00:00+00:00,2026-01-12T00:00:00+00:00,2026-01-19T00:00:00+00:00,368.2867205090556,677.159743871796,-308.87302336274035,0,night,0,0.0,0,1,0,0,0,0,0,0,0,0,0,0,0,0,0,0,0,0,0,0,0,0,0,0,0,446.7607589221944,1060.23997367125,2652.970591418611,372.6696216118889,22,0.8660254037844384,-0.5000000000000004,0,0,1,-211.75125182288693,379.1843190919823,973.0697614069028,616.5166494453612,504,504,0.2561334070259738,0.98096789671768
A1,roll_01,mlr,2026-01-12 23:00:00+00:00,2026-01-13 00:00:00+00:00,0,1,2025-12-08T00:00:00+00:00,2026-01-12T00:00:00+00:00,2026-01-12T00:00:00+00:00,2026-01-19T00:00:00+00:00,366.1301339879167,551.6663121669294,-185.53617817901272,0,night,0,0.0,0,1,0,0,0,0,0,0,0,0,0,0,0,0,0,0,0,0,0,0,0,0,0,0,0,377.8106354470833,372.6696216118889,2501.345489155889,368.2867205090556,23,0.965925826289068,-0.2588190451025215,0,0,1,-211.75125182288693,379.1843190919823,973.0697614069028,616.5166494453612,504,504,0.06913543710523264,0.9844659150162597
A1,roll_01,mlr,2026-01-13 00:00:00+00:00,2026-01-13 01:00:00+00:00,0,1,2025-12-08T00:00:00+00:00,2026-01-12T00:00:00+00:00,2026-01-12T00:00:00+00:00,2026-01-19T00:00:00+00:00,374.135321881,969.7372459454288,-595.6019240644289,0,night,0,0.0,0,1,0,1,1,0,3,0,0,0,1,0,1,0,1,0,0,0,1,0,0,0,0,0,1,392.73774841372216,368.2867205090556,2521.281662351861,366.1301339879167,0,1.0,0.0,0,0,1,-211.75125182288693,379.1843190919823,973.0697614069028,616.5166494453612,504,504,1.0123062925195165,0.9714813704783546
A1,roll_01,mlr,2026-01-13 01:00:00+00:00,2026-01-13 02:00:00+00:00,0,1,2025-12-08T00:00:00+00:00,2026-01-12T00:00:00+00:00,2026-01-12T00:00:00+00:00,2026-01-19T00:00:00+00:00,383.9471823114166,941.0916513808984,-557.1444690694818,0,night,0,0.0,0,1,0,1,1,0,3,0,0,0,1,0,1,0,1,0,0,0,1,0,0,0,0,0,1,392.9088330086667,366.1301339879167,2510.7629793080832,374.135321881,1,0.9659258262890684,0.2588190451025207,0,0,1,-211.75125182288693,379.1843190919823,973.0697614069028,616.5166494453612,504,504,0.9108847593531673,0.9555663737961989
A1,roll_01,mlr,2026-01-13 02:00:00+00:00,2026-01-13 03:00:00+00:00,0,1,2025-12-08T00:00:00+00:00,2026-01-12T00:00:00+00:00,2026-01-12T00:00:00+00:00,2026-01-19T00:00:00+00:00,367.6768063598889,918.4764362600538,-550.799629900165,0,night,0,0.0,0,1,0,1,1,0,3,0,0,0,1,0,1,0,1,0,0,0,1,0,0,0,0,0,1,385.8227960619445,374.135321881,2517.397726423444,383.9471823114166,2,0.8660254037844387,0.4999999999999999,0,0,1,-211.75125182288693,379.1843190919823,973.0697614069028,616.5166494453612,504,504,0.894151896600534,0.9819571873551922
A1,roll_01,mlr,2026-01-13 03:00:00+00:00,2026-01-13 04:00:00+00:00,0,1,2025-12-08T00:00:00+00:00,2026-01-12T00:00:00+00:00,2026-01-12T00:00:00+00:00,2026-01-19T00:00:00+00:00,977.1223704921111,879.1020538924264,98.02031659968476,0,night,0,0.0,0,1,0,0,0,0,0,0,0,0,0,0,0,0,0,0,0,0,0,0,0,0,0,0,1,392.4521254978611,383.9471823114166,2481.68678522575,367.6768063598889,3,0.7071067811865476,0.7071067811865476,0,0,1,-211.75125182288693,379.1843190919823,973.0697614069028,616.5166494453612,504,504,0.8169419272515527,0.006573397634685489
A1,roll_01,mlr,2026-01-13 04:00:00+00:00,2026-01-13 05:00:00+00:00,0,1,2025-12-08T00:00:00+00:00,2026-01-12T00:00:00+00:00,2026-01-12T00:00:00+00:00,2026-01-19T00:00:00+00:00,2001.738657636584,1279.5915281266348,722.1471295099493,0,night,0,0.0,0,1,0,0,0,0,0,0,0,0,0,0,0,0,0,0,0,0,0,0,0,0,0,0,1,1067.7196651701668,367.6768063598889,3016.15648477425,977.1223704921111,4,0.5000000000000001,0.8660254037844386,0,0,1,-211.75125182288693,379.1843190919823,973.0697614069028,616.5166494453612,504,504,2.462914034971715,1.6685176258501793
A1,roll_01,mlr,2026-01-13 05:00:00+00:00,2026-01-13 06:00:00+00:00,0,1,2025-12-08T00:00:00+00:00,2026-01-12T00:00:00+00:00,2026-01-12T00:00:00+00:00,2026-01-19T00:00:00+00:00,2099.6764230465,2073.921633093338,25.754789953161435,0,night,0,0.0,0,1,0,0,0,0,0,0,0,0,0,0,0,0,0,0,0,0,0,0,0,0,0,0,1,1903.881896566528,977.1223704921111,4262.747835938639,2001.738657636584,5,0.2588190451025207,0.9659258262890684,0,0,1,-211.75125182288693,379.1843190919823,973.0697614069028,616.5166494453612,504,504,0.6263603999890995,1.8273742690536097
A1,roll_01,mlr,2026-01-13 06:00:00+00:00,2026-01-13 07:00:00+00:00,0,1,2025-12-08T00:00:00+00:00,2026-01-12T00:00:00+00:00,2026-01-12T00:00:00+00:00,2026-01-19T00:00:00+00:00,1798.5318447581387,2245.6630451713336,-447.1312004131949,0,night,0,0.0,0,1,0,0,0,0,0,0,0,0,0,0,0,0,0,0,0,0,0,0,0,0,0,0,1,1884.089269866861,2001.738657636584,4361.908397110695,2099.6764230465,6,6.123233995736766e-17,1.0,0,0,1,-211.75125182288693,379.1843190919823,973.0697614069028,616.5166494453612,504,504,0.6207533822969342,1.3389128810938828
A1,roll_01,mlr,2026-01-13 07:00:00+00:00,2026-01-13 08:00:00+00:00,0,1,2025-12-08T00:00:00+00:00,2026-01-12T00:00:00+00:00,2026-01-12T00:00:00+00:00,2026-01-19T00:00:00+00:00,1792.85737564,2063.241342540752,-270.38396690075206,1,night,0,0.0,0,2,0,0,0,0,0,0,0,0,0,0,0,0,0,0,0,0,0,0,0,0,0,0,1,2001.9943023529447,2099.6764230465,4563.315619382333,1798.5318447581387,7,-0.2588190451025206,0.9659258262890684,0,0,1,-211.75125182288693,379.1843190919823,973.0697614069028,616.5166494453612,504,504,0.15462853321115858,1.3297088001931585
A1,roll_01,mlr,2026-01-13 08:00:00+00:00,2026-01-13 09:00:00+00:00,0,1,2025-12-08T00:00:00+00:00,2026-01-12T00:00:00+00:00,2026-01-12T00:00:00+00:00,2026-01-19T00:00:00+00:00,1704.9205994411388,1907.414462634084,-202.49386319294533,1,low,0,0.0,0,2,0,0,0,0,0,0,0,0,0,0,0,0,0,0,0,0,0,0,0,0,0,0,1,2286.4682565411667,1798.5318447581387,3089.202245556361,1792.85737564,8,-0.4999999999999998,0.8660254037844387,0,0,1,-211.75125182288693,379.1843190919823,973.0697614069028,616.5166494453612,504,504,0.024413954279833894,1.1870739236201218
A1,roll_01,mlr,2026-01-13 09:00:00+00:00,2026-01-13 10:00:00+00:00,0,1,2025-12-08T00:00:00+00:00,2026-01-12T00:00:00+00:00,2026-01-12T00:00:00+00:00,2026-01-19T00:00:00+00:00,1712.5081979704166,1828.863260188351,-116.35506221793436,1,low,0,0.0,0,2,0,0,0,0,0,0,0,0,0,0,0,0,0,0,0,0,0,0,0,0,0,0,1,1821.3285119935,1792.85737564,2796.8041315197224,1704.9205994411388,9,-0.7071067811865475,0.7071067811865476,0,0,1,-211.75125182288693,379.1843190919823,973.0697614069028,616.5166494453612,504,504,0.2515826335682711,1.199381131440225
A1,roll_01,mlr,2026-01-13 10:00:00+00:00,2026-01-13 11:00:00+00:00,0,1,2025-12-08T00:00:00+00:00,2026-01-12T00:00:00+00:00,2026-01-12T00:00:00+00:00,2026-01-19T00:00:00+00:00,1729.1863273721667,1676.29646323139,52.88986414077658,1,low,0,0.0,0,2,0,0,0,0,0,0,0,0,0,0,0,0,0,0,0,0,0,0,0,0,0,0,1,1457.3535129481943,1704.9205994411388,746.3919299871112,1712.5081979704166,10,-0.8660254037844387,0.4999999999999999,0,0,1,-211.75125182288693,379.1843190919823,973.0697614069028,616.5166494453612,504,504,0.6979220991980607,1.2264333277057342
A1,roll_01,mlr,2026-01-13 11:00:00+00:00,2026-01-13 12:00:00+00:00,0,1,2025-12-08T00:00:00+00:00,2026-01-12T00:00:00+00:00,2026-01-12T00:00:00+00:00,2026-01-19T00:00:00+00:00,1776.8351252307775,1681.228063995682,95.60706123509544,1,low,0,0.0,0,2,0,0,0,0,0,0,0,0,0,0,0,0,0,0,0,0,0,0,0,0,0,0,1,1098.783385659861,1712.5081979704166,632.5966184736388,1729.1863273721667,11,-0.9659258262890682,0.258819045102521,0,0,1,-211.75125182288693,379.1843190919823,973.0697614069028,616.5166494453612,504,504,0.8105775940154941,1.3037204502862474
A1,roll_01,mlr,2026-01-13 12:00:00+00:00,2026-01-13 13:00:00+00:00,0,1,2025-12-08T00:00:00+00:00,2026-01-12T00:00:00+00:00,2026-01-12T00:00:00+00:00,2026-01-19T00:00:00+00:00,1850.1251705731663,1636.9977633296862,213.1274072434801,1,low,0,0.0,0,2,0,0,0,0,0,0,0,0,0,0,0,0,0,0,0,0,0,0,0,0,0,0,1,894.0836341709445,1729.1863273721667,-422.1210146441389,1776.8351252307775,12,-1.0,1.2246467991473532e-16,0,0,1,-211.75125182288693,379.1843190919823,973.0697614069028,616.5166494453612,504,504,1.1205069346849765,1.4225980919660348
A1,roll_01,mlr,2026-01-13 13:00:00+00:00,2026-01-13 14:00:00+00:00,0,1,2025-12-08T00:00:00+00:00,2026-01-12T00:00:00+00:00,2026-01-12T00:00:00+00:00,2026-01-19T00:00:00+00:00,2103.8606620909723,1777.2236666363826,326.6369954545896,1,low,0,0.0,0,2,0,0,0,0,0,0,0,0,0,0,0,0,0,0,0,0,0,0,0,0,0,0,1,329.2631219953055,1776.8351252307775,754.2202679822223,1850.1251705731663,13,-0.9659258262890684,-0.2588190451025208,0,0,1,-211.75125182288693,379.1843190919823,973.0697614069028,616.5166494453612,504,504,1.4198589450289867,1.8341611726161273
A1,roll_01,mlr,2026-01-13 14:00:00+00:00,2026-01-13 15:00:00+00:00,0,1,2025-12-08T00:00:00+00:00,2026-01-12T00:00:00+00:00,2026-01-12T00:00:00+00:00,2026-01-19T00:00:00+00:00,1367.69234237475,1989.4723844370528,-621.7800420623028,1,low,0,0.0,0,2,0,0,0,0,0,0,0,0,0,0,0,0,0,0,0,0,0,0,0,0,0,0,1,967.2042220471388,1850.1251705731663,1500.3252466112224,2103.8606620909723,14,-0.8660254037844388,-0.4999999999999997,0,0,1,-211.75125182288693,379.1843190919823,973.0697614069028,616.5166494453612,504,504,1.0813442687221233,0.6400842237153901
A1,roll_01,mlr,2026-01-13 15:00:00+00:00,2026-01-13 16:00:00+00:00,0,1,2025-12-08T00:00:00+00:00,2026-01-12T00:00:00+00:00,2026-01-12T00:00:00+00:00,2026-01-19T00:00:00+00:00,2518.591872478111,1448.8886446878128,1069.703227790298,1,night,0,0.0,0,2,0,0,0,0,0,0,0,0,0,0,0,0,0,0,0,0,0,0,0,0,0,0,1,2273.575334169805,2103.8606620909723,586.6202596731389,1367.69234237475,15,-0.7071067811865479,-0.7071067811865471,0,0,1,-211.75125182288693,379.1843190919823,973.0697614069028,616.5166494453612,504,504,3.3795028303961336,2.5068619192386956
A1,roll_01,mlr,2026-01-13 16:00:00+00:00,2026-01-13 17:00:00+00:00,0,1,2025-12-08T00:00:00+00:00,2026-01-12T00:00:00+00:00,2026-01-12T00:00:00+00:00,2026-01-19T00:00:00+00:00,2818.4871972926667,2183.867104013289,634.6200932793781,0,night,0,0.0,0,2,0,0,0,0,0,0,0,0,0,0,0,0,0,0,0,0,0,0,0,0,0,0,1,1652.948210602611,1367.69234237475,1670.774375533639,2518.591872478111,16,-0.5000000000000004,-0.8660254037844385,0,0,1,-211.75125182288693,379.1843190919823,973.0697614069028,616.5166494453612,504,504,2.23208424633444,2.9932969978117585
A1,roll_01,mlr,2026-01-13 17:00:00+00:00,2026-01-13 18:00:00+00:00,0,1,2025-12-08T00:00:00+00:00,2026-01-12T00:00:00+00:00,2026-01-12T00:00:00+00:00,2026-01-19T00:00:00+00:00,1383.2154217488053,2429.2776286713315,-1046.0622069225262,0,night,0,0.0,0,2,0,0,0,0,0,0,0,0,0,0,0,0,0,0,0,0,0,0,0,0,0,0,1,2089.0237929649165,2518.591872478111,893.0618960396945,2818.4871972926667,17,-0.2588190451025206,-0.9659258262890684,0,0,1,-211.75125182288693,379.1843190919823,973.0697614069028,616.5166494453612,504,504,2.200278105111337,0.6652629101109973
A1,roll_01,mlr,2026-01-13 18:00:00+00:00,2026-01-13 19:00:00+00:00,0,1,2025-12-08T00:00:00+00:00,2026-01-12T00:00:00+00:00,2026-01-12T00:00:00+00:00,2026-01-19T00:00:00+00:00,962.6741752021112,1604.7815433697997,-642.1073681676883,0,night,0,0.0,0,2,0,0,0,0,0,0,0,0,0,0,0,0,0,0,0,0,0,0,0,0,0,0,1,2541.390361368472,2818.4871972926667,2274.0885418814723,1383.2154217488053,18,-1.8369701987210287e-16,-1.0,0,0,1,-211.75125182288693,379.1843190919823,973.0697614069028,616.5166494453612,504,504,1.1349523033424962,0.016861809351205355
A1,roll_01,mlr,2026-01-13 19:00:00+00:00,2026-01-13 20:00:00+00:00,0,1,2025-12-08T00:00:00+00:00,2026-01-12T00:00:00+00:00,2026-01-12T00:00:00+00:00,2026-01-19T00:00:00+00:00,2371.2932299861945,1093.0038579977493,1278.2893719884453,0,night,0,0.0,0,2,0,0,0,0,0,0,0,0,0,0,0,0,0,0,0,0,0,0,0,0,0,0,1,1259.8555531175557,1383.2154217488053,1365.6644136303612,962.6741752021112,19,0.2588190451025203,-0.9659258262890684,0,0,1,-211.75125182288693,379.1843190919823,973.0697614069028,616.5166494453612,504,504,3.929594523791157,2.267941133199209
A1,roll_01,mlr,2026-01-13 20:00:00+00:00,2026-01-13 21:00:00+00:00,0,1,2025-12-08T00:00:00+00:00,2026-01-12T00:00:00+00:00,2026-01-12T00:00:00+00:00,2026-01-19T00:00:00+00:00,813.2224330626667,1882.7922873050009,-1069.5698542423338,0,night,0,0.0,0,2,0,0,0,0,0,0,0,0,0,0,0,0,0,0,0,0,0,0,0,0,0,0,1,856.5431156826388,962.6741752021112,653.7379858252777,2371.2932299861945,20,0.5000000000000001,-0.8660254037844386,0,0,1,-211.75125182288693,379.1843190919823,973.0697614069028,616.5166494453612,504,504,2.2622734096009856,0.25927495792374794
A1,roll_01,mlr,2026-01-13 21:00:00+00:00,2026-01-13 22:00:00+00:00,0,1,2025-12-08T00:00:00+00:00,2026-01-12T00:00:00+00:00,2026-01-12T00:00:00+00:00,2026-01-19T00:00:00+00:00,1323.4556494799722,1032.5611124900545,290.8945369899177,0,night,0,0.0,0,1,0,0,0,0,0,0,0,0,0,0,0,0,0,0,0,0,0,0,0,0,0,0,1,575.4723228509444,2371.2932299861945,1060.23997367125,813.2224330626667,21,0.7071067811865474,-0.7071067811865477,0,0,1,-211.75125182288693,379.1843190919823,973.0697614069028,616.5166494453612,504,504,1.3255975089277707,0.5683315907012214
A1,roll_01,mlr,2026-01-13 22:00:00+00:00,2026-01-13 23:00:00+00:00,0,1,2025-12-08T00:00:00+00:00,2026-01-12T00:00:00+00:00,2026-01-12T00:00:00+00:00,2026-01-19T00:00:00+00:00,690.983777113111,1105.66616532762,-414.68238821450905,0,night,0,0.0,0,1,0,0,0,0,0,0,0,0,0,0,0,0,0,0,0,0,0,0,0,0,0,0,1,379.3353790977222,813.2224330626667,372.6696216118889,1323.4556494799722,22,0.8660254037844384,-0.5000000000000004,0,0,1,-211.75125182288693,379.1843190919823,973.0697614069028,616.5166494453612,504,504,0.5351780814079372,0.4575480395339942
A1,roll_01,mlr,2026-01-13 23:00:00+00:00,2026-01-14 00:00:00+00:00,0,1,2025-12-08T00:00:00+00:00,2026-01-12T00:00:00+00:00,2026-01-12T00:00:00+00:00,2026-01-19T00:00:00+00:00,373.91198171711113,718.4450167803625,-344.53303506325136,0,night,0,0.0,0,1,0,0,0,0,0,0,0,0,0,0,0,0,0,0,0,0,0,0,0,0,0,0,1,372.6325051877778,1323.4556494799722,368.2867205090556,690.983777113111,23,0.965925826289068,-0.2588190451025215,0,0,1,-211.75125182288693,379.1843190919823,973.0697614069028,616.5166494453612,504,504,0.3501774112345461,0.9718436318448396
A1,roll_01,mlr,2026-01-14 00:00:00+00:00,2026-01-14 01:00:00+00:00,0,1,2025-12-08T00:00:00+00:00,2026-01-12T00:00:00+00:00,2026-01-12T00:00:00+00:00,2026-01-19T00:00:00+00:00,370.08383153427775,859.497655462746,-489.4138239284683,0,night,0,0.0,0,1,0,0,0,0,0,0,0,0,0,0,0,0,0,0,0,0,0,0,0,0,0,0,2,389.1375681515556,690.983777113111,366.1301339879167,373.91198171711113,0,1.0,0.0,0,0,1,-211.75125182288693,379.1843190919823,973.0697614069028,616.5166494453612,504,504,0.7322628023502896,0.9780529535010793
A1,roll_01,mlr,2026-01-14 01:00:00+00:00,2026-01-14 02:00:00+00:00,0,1,2025-12-08T00:00:00+00:00,2026-01-12T00:00:00+00:00,2026-01-12T00:00:00+00:00,2026-01-19T00:00:00+00:00,363.9680898908056,788.6909020938081,-424.7228122030025,0,night,0,0.0,0,1,0,0,0,0,0,0,0,0,0,0,0,0,0,0,0,0,0,0,0,0,0,0,2,401.5769106128611,373.91198171711113,374.135321881,370.08383153427775,1,0.9659258262890684,0.2588190451025207,0,0,1,-211.75125182288693,379.1843190919823,973.0697614069028,616.5166494453612,504,504,0.561657087745902,0.9879727855915412
A1,roll_01,mlr,2026-01-14 02:00:00+00:00,2026-01-14 03:00:00+00:00,0,1,2025-12-08T00:00:00+00:00,2026-01-12T00:00:00+00:00,2026-01-12T00:00:00+00:00,2026-01-19T00:00:00+00:00,367.8678755790834,754.839054507244,-386.9711789281606,0,night,0,0.0,0,1,0,0,0,0,0,0,0,0,0,0,0,0,0,0,0,0,0,0,0,0,0,0,2,377.4491772511944,370.08383153427775,383.9471823114166,363.9680898908056,2,0.8660254037844387,0.4999999999999999,0,0,1,-211.75125182288693,379.1843190919823,973.0697614069028,616.5166494453612,504,504,0.4620969757527577,0.9816472699841587
A1,roll_01,mlr,2026-01-14 03:00:00+00:00,2026-01-14 04:00:00+00:00,0,1,2025-12-08T00:00:00+00:00,2026-01-12T00:00:00+00:00,2026-01-12T00:00:00+00:00,2026-01-19T00:00:00+00:00,1021.3973762487502,728.0767091025845,293.32066714616576,0,night,0,0.0,0,1,0,0,0,0,0,0,0,0,0,0,0,0,0,0,0,0,0,0,0,0,0,0,2,390.0319296185555,363.9680898908056,367.6768063598889,367.8678755790834,3,0.7071067811865476,0.7071067811865476,0,0,1,-211.75125182288693,379.1843190919823,973.0697614069028,616.5166494453612,504,504,1.3319957960775606,0.07838817473189826
A1,roll_01,mlr,2026-01-14 04:00:00+00:00,2026-01-14 05:00:00+00:00,0,1,2025-12-08T00:00:00+00:00,2026-01-12T00:00:00+00:00,2026-01-12T00:00:00+00:00,2026-01-19T00:00:00+00:00,2059.780215135472,1165.6980628177405,894.0821523177319,0,night,0,0.0,0,1,0,0,0,0,0,0,0,0,0,0,0,0,0,0,0,0,0,0,0,0,0,0,2,995.877723643,367.8678755790834,977.1223704921111,1021.3973762487502,4,0.5000000000000001,0.8660254037844386,0,0,1,-211.75125182288693,379.1843190919823,973.0697614069028,616.5166494453612,504,504,2.9163479301800095,1.7626619730484332
A1,roll_01,mlr,2026-01-14 05:00:00+00:00,2026-01-14 06:00:00+00:00,0,1,2025-12-08T00:00:00+00:00,2026-01-12T00:00:00+00:00,2026-01-12T00:00:00+00:00,2026-01-19T00:00:00+00:00,1951.7951114496389,1955.3030237097169,-3.507912260078001,0,night,0,0.0,0,1,0,0,0,0,0,0,0,0,0,0,0,0,0,0,0,0,0,0,0,0,0,0,2,2048.148801472083,1021.3973762487502,2001.738657636584,2059.780215135472,5,0.2588190451025207,0.9659258262890684,0,0,1,-211.75125182288693,379.1843190919823,973.0697614069028,616.5166494453612,504,504,0.5491876353470551,1.5875083842800188
A1,roll_01,mlr,2026-01-14 06:00:00+00:00,2026-01-14 07:00:00+00:00,0,1,2025-12-08T00:00:00+00:00,2026-01-12T00:00:00+00:00,2026-01-12T00:00:00+00:00,2026-01-19T00:00:00+00:00,1687.1433126186946,1993.578799210825,-306.4354865921305,0,night,0,0.0,0,1,0,0,0,0,0,0,0,0,0,0,0,0,0,0,0,0,0,0,0,0,0,0,2,2144.072206509945,2059.780215135472,2099.6764230465,1951.7951114496389,6,6.123233995736766e-17,1.0,0,0,1,-211.75125182288693,379.1843190919823,973.0697614069028,616.5166494453612,504,504,0.24970503789813922,1.1582388761993632
A1,roll_01,mlr,2026-01-14 07:00:00+00:00,2026-01-14 08:00:00+00:00,0,1,2025-12-08T00:00:00+00:00,2026-01-12T00:00:00+00:00,2026-01-12T00:00:00+00:00,2026-01-19T00:00:00+00:00,1700.1424731680556,1778.7199388690606,-78.57746570100494,1,night,0,0.0,0,1,0,0,0,0,0,0,0,0,0,0,0,0,0,0,0,0,0,0,0,0,0,0,2,1962.395727615584,1951.7951114496389,1798.5318447581387,1687.1433126186946,7,-0.2588190451025206,0.9659258262890684,0,0,1,-211.75125182288693,379.1843190919823,973.0697614069028,616.5166494453612,504,504,0.3512112168583026,1.1793237253450521
A1,roll_01,mlr,2026-01-14 08:00:00+00:00,2026-01-14 09:00:00+00:00,0,1,2025-12-08T00:00:00+00:00,2026-01-12T00:00:00+00:00,2026-01-12T00:00:00+00:00,2026-01-19T00:00:00+00:00,1616.381493539,1754.9261415708206,-138.54464803182054,1,night,0,0.0,0,1,0,0,0,0,0,0,0,0,0,0,0,0,0,0,0,0,0,0,0,0,0,0,2,1449.9337721436666,1687.1433126186946,1792.85737564,1700.1424731680556,8,-0.4999999999999998,0.8660254037844387,0,0,1,-211.75125182288693,379.1843190919823,973.0697614069028,616.5166494453612,504,504,0.193063373417897,1.0434620585037595
A1,roll_01,mlr,2026-01-14 09:00:00+00:00,2026-01-14 10:00:00+00:00,0,1,2025-12-08T00:00:00+00:00,2026-01-12T00:00:00+00:00,2026-01-12T00:00:00+00:00,2026-01-19T00:00:00+00:00,1771.2370990303614,1695.2661465263045,75.97095250405687,1,low,0,0.0,0,2,0,0,0,0,0,0,0,0,0,0,0,0,0,0,0,0,0,0,0,0,0,0,2,1045.4205219210555,1700.1424731680556,1704.9205994411388,1616.381493539,9,-0.7071067811865475,0.7071067811865476,0,0,1,-211.75125182288693,379.1843190919823,973.0697614069028,616.5166494453612,504,504,0.7587924654055864,1.2946403610373156
A1,roll_01,mlr,2026-01-14 10:00:00+00:00,2026-01-14 11:00:00+00:00,0,1,2025-12-08T00:00:00+00:00,2026-01-12T00:00:00+00:00,2026-01-12T00:00:00+00:00,2026-01-19T00:00:00+00:00,1698.523145841389,1786.6371927639268,-88.11404692253791,1,low,0,0.0,0,2,0,0,0,0,0,0,0,0,0,0,0,0,0,0,0,0,0,0,0,0,0,0,2,760.5154770373333,1616.381493539,1712.5081979704166,1771.2370990303614,10,-0.8660254037844387,0.4999999999999999,0,0,1,-211.75125182288693,379.1843190919823,973.0697614069028,616.5166494453612,504,504,0.3260609647477463,1.1766971501696313
A1,roll_01,mlr,2026-01-14 11:00:00+00:00,2026-01-14 12:00:00+00:00,0,1,2025-12-08T00:00:00+00:00,2026-01-12T00:00:00+00:00,2026-01-12T00:00:00+00:00,2026-01-19T00:00:00+00:00,986.6906551339166,1757.9899105570769,-771.2992554231603,1,low,0,0.0,0,2,0,0,0,0,0,0,0,0,0,0,0,0,0,0,0,0,0,0,0,0,0,0,2,546.3529176781944,1771.2370990303614,1729.1863273721667,1698.523145841389,11,-0.9659258262890682,0.258819045102521,0,0,1,-211.75125182288693,379.1843190919823,973.0697614069028,616.5166494453612,504,504,1.4756622977980758,0.02209331043900863
A1,roll_01,mlr,2026-01-14 12:00:00+00:00,2026-01-14 13:00:00+00:00,0,1,2025-12-08T00:00:00+00:00,2026-01-12T00:00:00+00:00,2026-01-12T00:00:00+00:00,2026-01-19T00:00:00+00:00,1215.6235662438055,1285.864721003638,-70.2411547598324,1,low,0,0.0,0,2,0,0,0,0,0,0,0,0,0,0,0,0,0,0,0,0,0,0,0,0,0,0,2,756.1850252865555,1698.523145841389,1776.8351252307775,986.6906551339166,12,-1.0,1.2246467991473532e-16,0,0,1,-211.75125182288693,379.1843190919823,973.0697614069028,616.5166494453612,504,504,0.3731960683446066,0.3934262035828427
A1,roll_01,mlr,2026-01-14 13:00:00+00:00,2026-01-14 14:00:00+00:00,0,1,2025-12-08T00:00:00+00:00,2026-01-12T00:00:00+00:00,2026-01-12T00:00:00+00:00,2026-01-19T00:00:00+00:00,1567.194707997861,1347.8725232057432,219.32218479211792,1,low,0,0.0,0,2,0,0,0,0,0,0,0,0,0,0,0,0,0,0,0,0,0,0,0,0,0,0,2,1302.286245294389,986.6906551339166,1850.1251705731663,1215.6235662438055,13,-0.9659258262890684,-0.2588190451025208,0,0,1,-211.75125182288693,379.1843190919823,973.0697614069028,616.5166494453612,504,504,1.1368440489503349,0.9636802949692483
A1,roll_01,mlr,2026-01-14 14:00:00+00:00,2026-01-14 15:00:00+00:00,0,1,2025-12-08T00:00:00+00:00,2026-01-12T00:00:00+00:00,2026-01-12T00:00:00+00:00,2026-01-19T00:00:00+00:00,1578.744458172111,1608.1387209385468,-29.39426276643576,1,night,0,0.0,0,2,0,0,0,0,0,0,0,0,0,0,0,0,0,0,0,0,0,0,0,0,0,0,2,1726.787963903611,1215.6235662438055,2103.8606620909723,1567.194707997861,14,-0.8660254037844388,-0.4999999999999997,0,0,1,-211.75125182288693,379.1843190919823,973.0697614069028,616.5166494453612,504,504,0.48091912000246806,0.982414176989532
A1,roll_01,mlr,2026-01-14 15:00:00+00:00,2026-01-14 16:00:00+00:00,0,1,2025-12-08T00:00:00+00:00,2026-01-12T00:00:00+00:00,2026-01-12T00:00:00+00:00,2026-01-19T00:00:00+00:00,1624.9310390754445,1583.0736845182255,41.85735455721897,1,night,0,0.0,0,2,0,0,0,0,0,0,0,0,0,0,0,0,0,0,0,0,0,0,0,0,0,0,2,2477.2962560777223,1567.194707997861,1367.69234237475,1578.744458172111,15,-0.7071067811865479,-0.7071067811865471,0,0,1,-211.75125182288693,379.1843190919823,973.0697614069028,616.5166494453612,504,504,0.668826725185821,1.0573295599639974
A1,roll_01,mlr,2026-01-14 16:00:00+00:00,2026-01-14 17:00:00+00:00,0,1,2025-12-08T00:00:00+00:00,2026-01-12T00:00:00+00:00,2026-01-12T00:00:00+00:00,2026-01-19T00:00:00+00:00,1793.6743844524724,1680.594964142358,113.0794203101143,0,night,0,0.0,0,2,0,0,0,0,0,0,0,0,0,0,0,0,0,0,0,0,0,0,0,0,0,0,2,2736.9958837058616,1578.744458172111,2518.591872478111,1624.9310390754445,16,-0.5000000000000004,-0.8660254037844385,0,0,1,-211.75125182288693,379.1843190919823,973.0697614069028,616.5166494453612,504,504,0.8566563957888882,1.3310340017318474
A1,roll_01,mlr,2026-01-14 17:00:00+00:00,2026-01-14 18:00:00+00:00,0,1,2025-12-08T00:00:00+00:00,2026-01-12T00:00:00+00:00,2026-01-12T00:00:00+00:00,2026-01-19T00:00:00+00:00,1048.612189175861,1804.650507048859,-756.038317872998,0,night,0,0.0,0,2,0,0,0,0,0,0,0,0,0,0,0,0,0,0,0,0,0,0,0,0,0,0,2,2262.745013387778,1624.9310390754445,2818.4871972926667,1793.6743844524724,17,-0.2588190451025206,-0.9659258262890684,0,0,1,-211.75125182288693,379.1843190919823,973.0697614069028,616.5166494453612,504,504,1.4354155450138177,0.12253104248996141
A1,roll_01,mlr,2026-01-14 18:00:00+00:00,2026-01-14 19:00:00+00:00,0,1,2025-12-08T00:00:00+00:00,2026-01-12T00:00:00+00:00,2026-01-12T00:00:00+00:00,2026-01-19T00:00:00+00:00,1797.1453520931666,1222.8919040371015,574.253448056065,0,night,0,0.0,0,2,0,0,0,0,0,0,0,0,0,0,0,0,0,0,0,0,0,0,0,0,0,0,2,1568.7467902066112,1793.6743844524724,1383.2154217488053,1048.612189175861,18,-1.8369701987210287e-16,-1.0,0,0,1,-211.75125182288693,379.1843190919823,973.0697614069028,616.5166494453612,504,504,2.0728829234319774,1.3366639675143073
A1,roll_01,mlr,2026-01-14 19:00:00+00:00,2026-01-14 20:00:00+00:00,0,1,2025-12-08T00:00:00+00:00,2026-01-12T00:00:00+00:00,2026-01-12T00:00:00+00:00,2026-01-19T00:00:00+00:00,741.7054459836112,1560.010250073624,-818.3048040900127,0,night,0,0.0,0,2,0,0,0,0,0,0,0,0,0,0,0,0,0,0,0,0,0,0,0,0,0,0,2,2191.9078966617776,1048.612189175861,962.6741752021112,1797.1453520931666,19,0.2588190451025203,-0.9659258262890684,0,0,1,-211.75125182288693,379.1843190919823,973.0697614069028,616.5166494453612,504,504,1.599627204309544,0.37527667035664747
A1,roll_01,mlr,2026-01-14 20:00:00+00:00,2026-01-14 21:00:00+00:00,0,1,2025-12-08T00:00:00+00:00,2026-01-12T00:00:00+00:00,2026-01-12T00:00:00+00:00,2026-01-19T00:00:00+00:00,554.3527368332501,1047.3608415954336,-493.0081047621835,0,night,0,0.0,0,2,0,0,0,0,0,0,0,0,0,0,0,0,0,0,0,0,0,0,0,0,0,0,2,974.76946242625,1797.1453520931666,2371.2932299861945,741.7054459836112,20,0.5000000000000001,-0.8660254037844386,0,0,1,-211.75125182288693,379.1843190919823,973.0697614069028,616.5166494453612,504,504,0.7417417830273447,0.6791658018487325
A1,roll_01,mlr,2026-01-14 21:00:00+00:00,2026-01-14 22:00:00+00:00,0,1,2025-12-08T00:00:00+00:00,2026-01-12T00:00:00+00:00,2026-01-12T00:00:00+00:00,2026-01-19T00:00:00+00:00,374.6190320515,666.0502176171067,-291.43118556560665,0,night,0,0.0,0,2,0,0,0,0,0,0,0,0,0,0,0,0,0,0,0,0,0,0,0,0,0,0,2,588.3848682054444,741.7054459836112,813.2224330626667,554.3527368332501,21,0.7071067811865474,-0.7071067811865477,0,0,1,-211.75125182288693,379.1843190919823,973.0697614069028,616.5166494453612,504,504,0.2101350971831486,0.9706967847401832
A1,roll_01,mlr,2026-01-14 22:00:00+00:00,2026-01-14 23:00:00+00:00,0,1,2025-12-08T00:00:00+00:00,2026-01-12T00:00:00+00:00,2026-01-12T00:00:00+00:00,2026-01-19T00:00:00+00:00,391.3148025667222,533.8229421344612,-142.50813956773897,0,night,0,0.0,0,2,0,1,1,0,2,0,0,0,1,0,1,0,1,0,0,0,1,0,0,0,0,0,2,377.2789850275833,554.3527368332501,1323.4556494799722,374.6190320515,22,0.8660254037844384,-0.5000000000000004,0,0,1,-211.75125182288693,379.1843190919823,973.0697614069028,616.5166494453612,504,504,0.18261069556083362,0.9436159743026349
A1,roll_01,mlr,2026-01-14 23:00:00+00:00,2026-01-15 00:00:00+00:00,0,1,2025-12-08T00:00:00+00:00,2026-01-12T00:00:00+00:00,2026-01-12T00:00:00+00:00,2026-01-19T00:00:00+00:00,367.0031919465834,443.8989980705305,-76.89580612394712,0,night,0,0.0,0,2,0,1,1,0,2,0,0,0,1,0,1,0,1,0,0,0,1,0,0,0,0,0,2,379.2127282198055,374.6190320515,690.983777113111,391.3148025667222,23,0.965925826289068,-0.2588190451025215,0,0,1,-211.75125182288693,379.1843190919823,973.0697614069028,616.5166494453612,504,504,0.35564615652322545,0.9830498008538083
A1,roll_01,mlr,2026-01-15 00:00:00+00:00,2026-01-15 01:00:00+00:00,0,1,2025-12-08T00:00:00+00:00,2026-01-12T00:00:00+00:00,2026-01-12T00:00:00+00:00,2026-01-19T00:00:00+00:00,371.0505770755,825.5503086389954,-454.4997315634954,0,night,0,0.0,0,2,0,0,0,0,0,0,0,0,0,0,0,0,0,0,0,0,0,0,0,0,0,0,3,398.8101495591666,391.3148025667222,373.91198171711113,367.0031919465834,0,1.0,0.0,0,0,1,-211.75125182288693,379.1843190919823,973.0697614069028,616.5166494453612,504,504,0.64018596634457,0.9764848765609156
A1,roll_01,mlr,2026-01-15 01:00:00+00:00,2026-01-15 02:00:00+00:00,0,1,2025-12-08T00:00:00+00:00,2026-01-12T00:00:00+00:00,2026-01-12T00:00:00+00:00,2026-01-19T00:00:00+00:00,364.3398802528056,792.2803232867741,-427.9404430339685,0,night,0,0.0,0,2,0,0,0,0,0,0,0,0,0,0,0,0,0,0,0,0,0,0,0,0,0,0,3,401.6086582135,367.0031919465834,370.08383153427775,371.0505770755,1,0.9659258262890684,0.2588190451025207,0,0,1,-211.75125182288693,379.1843190919823,973.0697614069028,616.5166494453612,504,504,0.5701427520230301,0.987369735597134
A1,roll_01,mlr,2026-01-15 02:00:00+00:00,2026-01-15 03:00:00+00:00,0,1,2025-12-08T00:00:00+00:00,2026-01-12T00:00:00+00:00,2026-01-12T00:00:00+00:00,2026-01-19T00:00:00+00:00,373.5574161077223,757.5677377275535,-384.0103216198313,0,night,0,0.0,0,2,0,0,0,0,0,0,0,0,0,0,0,0,0,0,0,0,0,0,0,0,0,0,3,395.4177442066111,371.0505770755,363.9680898908056,364.3398802528056,2,0.8660254037844387,0.4999999999999999,0,0,1,-211.75125182288693,379.1843190919823,973.0697614069028,616.5166494453612,504,504,0.4542884848441158,0.9724187430112741
A1,roll_01,mlr,2026-01-15 03:00:00+00:00,2026-01-15 04:00:00+00:00,0,1,2025-12-08T00:00:00+00:00,2026-01-12T00:00:00+00:00,2026-01-12T00:00:00+00:00,2026-01-19T00:00:00+00:00,1052.1522978683056,734.6694484166103,317.4828494516953,0,night,0,0.0,0,2,0,0,0,0,0,0,0,0,0,0,0,0,0,0,0,0,0,0,0,0,0,0,3,489.5676838576112,364.3398802528056,367.8678755790834,373.5574161077223,3,0.7071067811865476,0.7071067811865476,0,0,1,-211.75125182288693,379.1843190919823,973.0697614069028,616.5166494453612,504,504,1.3957172663202906,0.1282731561792339
A1,roll_01,mlr,2026-01-15 04:00:00+00:00,2026-01-15 05:00:00+00:00,0,1,2025-12-08T00:00:00+00:00,2026-01-12T00:00:00+00:00,2026-01-12T00:00:00+00:00,2026-01-19T00:00:00+00:00,2039.245831840444,1193.3200618336082,845.9257700068358,0,night,0,0.0,0,2,0,0,0,0,0,0,0,0,0,0,0,0,0,0,0,0,0,0,0,0,0,0,3,1013.4860831681112,373.5574161077223,1021.3973762487502,1052.1522978683056,4,0.5000000000000001,0.8660254037844386,0,0,1,-211.75125182288693,379.1843190919823,973.0697614069028,616.5166494453612,504,504,2.78934799931205,1.729354870452742
A1,roll_01,mlr,2026-01-15 05:00:00+00:00,2026-01-15 06:00:00+00:00,0,1,2025-12-08T00:00:00+00:00,2026-01-12T00:00:00+00:00,2026-01-12T00:00:00+00:00,2026-01-19T00:00:00+00:00,2008.2256900938053,1953.724202372824,54.501487720981686,0,night,0,0.0,0,2,0,0,0,0,0,0,0,0,0,0,0,0,0,0,0,0,0,0,0,0,0,0,3,2046.8079468206668,1052.1522978683056,2059.780215135472,2039.245831840444,5,0.2588190451025207,0.9659258262890684,0,0,1,-211.75125182288693,379.1843190919823,973.0697614069028,616.5166494453612,504,504,0.7021723371405589,1.6790396976596869
A1,roll_01,mlr,2026-01-15 06:00:00+00:00,2026-01-15 07:00:00+00:00,0,1,2025-12-08T00:00:00+00:00,2026-01-12T00:00:00+00:00,2026-01-12T00:00:00+00:00,2026-01-19T00:00:00+00:00,1864.800559224361,2022.8843140892243,-158.0837548648633,0,night,0,0.0,0,2,0,0,0,0,0,0,0,0,0,0,0,0,0,0,0,0,0,0,0,0,0,0,3,2002.5342499304168,2039.245831840444,1951.7951114496389,2008.2256900938053,6,6.123233995736766e-17,1.0,0,0,1,-211.75125182288693,379.1843190919823,973.0697614069028,616.5166494453612,504,504,0.14153406207972702,1.4464018102669065
A1,roll_01,mlr,2026-01-15 07:00:00+00:00,2026-01-15 08:00:00+00:00,0,1,2025-12-08T00:00:00+00:00,2026-01-12T00:00:00+00:00,2026-01-12T00:00:00+00:00,2026-01-19T00:00:00+00:00,1891.1646381102776,1897.648880249517,-6.484242139239768,1,night,0,0.0,0,2,0,0,0,0,0,0,0,0,0,0,0,0,0,0,0,0,0,0,0,0,0,0,3,1850.8068317207776,2008.2256900938053,1687.1433126186946,1864.800559224361,7,-0.2588190451025206,0.9659258262890684,0,0,1,-211.75125182288693,379.1843190919823,973.0697614069028,616.5166494453612,504,504,0.5413383395579014,1.4891647736185607
A1,roll_01,mlr,2026-01-15 08:00:00+00:00,2026-01-15 09:00:00+00:00,0,1,2025-12-08T00:00:00+00:00,2026-01-12T00:00:00+00:00,2026-01-12T00:00:00+00:00,2026-01-19T00:00:00+00:00,1853.015352479528,1895.2122138254729,-42.19686134594463,1,night,0,0.0,0,2,0,0,0,0,0,0,0,0,0,0,0,0,0,0,0,0,0,0,0,0,0,0,3,1538.5037201446942,1864.800559224361,1700.1424731680556,1891.1646381102776,8,-0.4999999999999998,0.8660254037844387,0,0,1,-211.75125182288693,379.1843190919823,973.0697614069028,616.5166494453612,504,504,0.4471555967371423,1.427286013872056
A1,roll_01,mlr,2026-01-15 09:00:00+00:00,2026-01-15 10:00:00+00:00,0,1,2025-12-08T00:00:00+00:00,2026-01-12T00:00:00+00:00,2026-01-12T00:00:00+00:00,2026-01-19T00:00:00+00:00,1753.4225527633614,1865.605957383672,-112.18340462031053,1,low,0,0.0,0,2,0,0,0,0,0,0,0,0,0,0,0,0,0,0,0,0,0,0,0,0,0,0,3,1246.2386662023334,1891.1646381102776,1616.381493539,1853.015352479528,9,-0.7071067811865475,0.7071067811865476,0,0,1,-211.75125182288693,379.1843190919823,973.0697614069028,616.5166494453612,504,504,0.26258429526043586,1.2657448781934597
A1,roll_01,mlr,2026-01-15 10:00:00+00:00,2026-01-15 11:00:00+00:00,0,1,2025-12-08T00:00:00+00:00,2026-01-12T00:00:00+00:00,2026-01-12T00:00:00+00:00,2026-01-19T00:00:00+00:00,1683.7846975026666,1805.465842455396,-121.68114495272948,1,low,0,0.0,0,2,0,0,0,0,0,0,0,0,0,0,0,0,0,0,0,0,0,0,0,0,0,0,3,1154.3803733119444,1853.015352479528,1771.2370990303614,1753.4225527633614,10,-0.8660254037844387,0.4999999999999999,0,0,1,-211.75125182288693,379.1843190919823,973.0697614069028,616.5166494453612,504,504,0.23753647589078783,1.152791148033304
A1,roll_01,mlr,2026-01-15 11:00:00+00:00,2026-01-15 12:00:00+00:00,0,1,2025-12-08T00:00:00+00:00,2026-01-12T00:00:00+00:00,2026-01-12T00:00:00+00:00,2026-01-19T00:00:00+00:00,662.9256880891389,1741.452617851177,-1078.5269297620378,1,low,0,0.0,0,2,0,0,0,0,0,0,0,0,0,0,0,0,0,0,0,0,0,0,0,0,0,0,3,1112.5980900928612,1753.4225527633614,1698.523145841389,1683.7846975026666,11,-0.9659258262890682,0.258819045102521,0,0,1,-211.75125182288693,379.1843190919823,973.0697614069028,616.5166494453612,504,504,2.2858953661764927,0.5030587147918548
A1,roll_01,mlr,2026-01-15 12:00:00+00:00,2026-01-15 13:00:00+00:00,0,1,2025-12-08T00:00:00+00:00,2026-01-12T00:00:00+00:00,2026-01-12T00:00:00+00:00,2026-01-19T00:00:00+00:00,1670.502586263833,1021.7897840802408,648.7128021835923,1,low,0,0.0,0,2,0,0,0,0,0,0,0,0,0,0,0,0,0,0,0,0,0,0,0,0,0,0,3,697.50058879075,1683.7846975026666,986.6906551339166,662.9256880891389,12,-1.0,1.2246467991473532e-16,0,0,1,-211.75125182288693,379.1843190919823,973.0697614069028,616.5166494453612,504,504,2.2692500999698475,1.131247348282263
A1,roll_01,mlr,2026-01-15 13:00:00+00:00,2026-01-15 14:00:00+00:00,0,1,2025-12-08T00:00:00+00:00,2026-01-12T00:00:00+00:00,2026-01-12T00:00:00+00:00,2026-01-19T00:00:00+00:00,1481.236402503917,1563.756943719096,-82.52054121517904,1,low,0,0.0,0,2,0,0,0,0,0,0,0,0,0,0,0,0,0,0,0,0,0,0,0,0,0,0,3,1350.37595587875,662.9256880891389,1215.6235662438055,1670.502586263833,13,-0.9659258262890684,-0.2588190451025208,0,0,1,-211.75125182288693,379.1843190919823,973.0697614069028,616.5166494453612,504,504,0.34081238094753386,0.8242545299533722
A1,roll_01,mlr,2026-01-15 14:00:00+00:00,2026-01-15 15:00:00+00:00,0,1,2025-12-08T00:00:00+00:00,2026-01-12T00:00:00+00:00,2026-01-12T00:00:00+00:00,2026-01-19T00:00:00+00:00,885.3972389852223,1569.3883567391902,-683.9911177539678,1,low,0,0.0,0,2,0,0,0,0,0,0,0,0,0,0,0,0,0,0,0,0,0,0,0,0,0,0,3,1705.890929453528,1670.502586263833,1567.194707997861,1481.236402503917,14,-0.8660254037844388,-0.4999999999999997,0,0,1,-211.75125182288693,379.1843190919823,973.0697614069028,616.5166494453612,504,504,1.2454097971718214,0.14220625266252515
A1,roll_01,mlr,2026-01-15 15:00:00+00:00,2026-01-15 16:00:00+00:00,0,1,2025-12-08T00:00:00+00:00,2026-01-12T00:00:00+00:00,2026-01-12T00:00:00+00:00,2026-01-19T00:00:00+00:00,1797.5373261431112,1141.653036374057,655.8842897690545,1,night,0,0.0,0,2,0,0,0,0,0,0,0,0,0,0,0,0,0,0,0,0,0,0,0,0,0,0,3,2587.529739670056,1481.236402503917,1578.744458172111,885.3972389852223,15,-0.7071067811865479,-0.7071067811865471,0,0,1,-211.75125182288693,379.1843190919823,973.0697614069028,616.5166494453612,504,504,2.288163032874445,1.3372997557777666
A1,roll_01,mlr,2026-01-15 16:00:00+00:00,2026-01-15 17:00:00+00:00,0,1,2025-12-08T00:00:00+00:00,2026-01-12T00:00:00+00:00,2026-01-12T00:00:00+00:00,2026-01-19T00:00:00+00:00,1346.1776368881667,1655.3774216425336,-309.1997847543669,0,night,0,0.0,0,2,0,0,0,0,0,0,0,0,0,0,0,0,0,0,0,0,0,0,0,0,0,0,3,2568.744366554028,885.3972389852223,1624.9310390754445,1797.5373261431112,16,-0.5000000000000004,-0.8660254037844385,0,0,1,-211.75125182288693,379.1843190919823,973.0697614069028,616.5166494453612,504,504,0.2569951551921664,0.605187022632599
A1,roll_01,mlr,2026-01-15 17:00:00+00:00,2026-01-15 18:00:00+00:00,0,1,2025-12-08T00:00:00+00:00,2026-01-12T00:00:00+00:00,2026-01-12T00:00:00+00:00,2026-01-19T00:00:00+00:00,2386.9593965361114,1462.1594398538,924.7999566823114,0,night,0,0.0,0,2,0,0,0,0,0,0,0,0,0,0,0,0,0,0,0,0,0,0,0,0,0,0,3,2405.933929940611,1797.5373261431112,1793.6743844524724,1346.1776368881667,17,-0.2588190451025206,-0.9659258262890684,0,0,1,-211.75125182288693,379.1843190919823,973.0697614069028,616.5166494453612,504,504,2.9973581482136513,2.2933519093137074
A1,roll_01,mlr,2026-01-15 18:00:00+00:00,2026-01-15 19:00:00+00:00,0,1,2025-12-08T00:00:00+00:00,2026-01-12T00:00:00+00:00,2026-01-12T00:00:00+00:00,2026-01-19T00:00:00+00:00,1666.5948316020276,2010.057808910102,-343.4629773080744,0,night,0,0.0,0,2,0,0,0,0,0,0,0,0,0,0,0,0,0,0,0,0,0,0,0,0,0,0,3,2399.449532727612,1346.1776368881667,1048.612189175861,2386.9593965361114,18,-1.8369701987210287e-16,-1.0,0,0,1,-211.75125182288693,379.1843190919823,973.0697614069028,616.5166494453612,504,504,0.3473554122717742,1.1249089068706304
A1,roll_01,mlr,2026-01-15 19:00:00+00:00,2026-01-15 20:00:00+00:00,0,1,2025-12-08T00:00:00+00:00,2026-01-12T00:00:00+00:00,2026-01-12T00:00:00+00:00,2026-01-19T00:00:00+00:00,1076.4033323202225,1700.4970057981732,-624.0936734779507,0,night,0,0.0,0,2,0,0,0,0,0,0,0,0,0,0,0,0,0,0,0,0,0,0,0,0,0,0,3,1431.48542243675,2386.9593965361114,1797.1453520931666,1666.5948316020276,19,0.2588190451025203,-0.9659258262890684,0,0,1,-211.75125182288693,379.1843190919823,973.0697614069028,616.5166494453612,504,504,1.0874458697091796,0.1676087272035265
A1,roll_01,mlr,2026-01-15 20:00:00+00:00,2026-01-15 21:00:00+00:00,0,1,2025-12-08T00:00:00+00:00,2026-01-12T00:00:00+00:00,2026-01-12T00:00:00+00:00,2026-01-19T00:00:00+00:00,1005.1173250451112,1136.6912527400789,-131.57392769496744,0,night,0,0.0,0,2,0,0,0,0,0,0,0,0,0,0,0,0,0,0,0,0,0,0,0,0,0,0,3,898.016377999889,1666.5948316020276,741.7054459836112,1076.4033323202225,20,0.5000000000000001,-0.8660254037844386,0,0,1,-211.75125182288693,379.1843190919823,973.0697614069028,616.5166494453612,504,504,0.21144683493219593,0.0519816677571311
A1,roll_01,mlr,2026-01-15 21:00:00+00:00,2026-01-15 22:00:00+00:00,0,1,2025-12-08T00:00:00+00:00,2026-01-12T00:00:00+00:00,2026-01-12T00:00:00+00:00,2026-01-19T00:00:00+00:00,480.00597344519446,980.3989491308776,-500.3929756856832,0,night,0,0.0,0,2,0,0,0,0,0,0,0,0,0,0,0,0,0,0,0,0,0,0,0,0,0,0,3,690.6828434769444,1076.4033323202225,554.3527368332501,1005.1173250451112,21,0.7071067811865474,-0.7071067811865477,0,0,1,-211.75125182288693,379.1843190919823,973.0697614069028,616.5166494453612,504,504,0.7612174589761392,0.7997574573294733
A1,roll_01,mlr,2026-01-15 22:00:00+00:00,2026-01-15 23:00:00+00:00,0,1,2025-12-08T00:00:00+00:00,2026-01-12T00:00:00+00:00,2026-01-12T00:00:00+00:00,2026-01-19T00:00:00+00:00,479.6300936403031,588.2409768917481,-108.61088325144505,0,night,0,0.0,0,2,0,0,0,0,0,0,0,0,0,0,0,0,0,0,0,0,0,0,0,0,0,0,3,409.9078194608056,1005.1173250451112,374.6190320515,480.00597344519446,22,0.8660254037844384,-0.5000000000000004,0,0,1,-211.75125182288693,379.1843190919823,973.0697614069028,616.5166494453612,504,504,0.27200589100949124,0.800367140466546
A1,roll_01,mlr,2026-01-15 23:00:00+00:00,2026-01-16 00:00:00+00:00,0,1,2025-12-08T00:00:00+00:00,2026-01-12T00:00:00+00:00,2026-01-12T00:00:00+00:00,2026-01-19T00:00:00+00:00,436.11526816900937,495.56940144768265,-59.45413327867328,0,night,0,0.0,0,2,0,0,0,0,0,0,0,0,0,0,0,0,0,0,0,0,0,0,0,0,0,0,3,371.1837877735,480.00597344519446,391.3148025667222,479.6300936403031,23,0.965925826289068,-0.2588190451025215,0,0,1,-211.75125182288693,379.1843190919823,973.0697614069028,616.5166494453612,504,504,0.40164403134843113,0.87094889281734
A1,roll_01,mlr,2026-01-16 00:00:00+00:00,2026-01-16 01:00:00+00:00,0,1,2025-12-08T00:00:00+00:00,2026-01-12T00:00:00+00:00,2026-01-12T00:00:00+00:00,2026-01-19T00:00:00+00:00,363.3156685093611,884.2604854620918,-520.9448169527307,0,night,0,0.0,0,2,0,1,1,0,4,0,0,0,1,0,1,0,1,0,0,0,1,0,0,0,0,0,4,370.2046938166389,479.6300936403031,367.0031919465834,436.11526816900937,0,1.0,0.0,0,0,1,-211.75125182288693,379.1843190919823,973.0697614069028,616.5166494453612,504,504,0.8154175939296682,0.9890310236489098
A1,roll_01,mlr,2026-01-16 01:00:00+00:00,2026-01-16 02:00:00+00:00,0,1,2025-12-08T00:00:00+00:00,2026-01-12T00:00:00+00:00,2026-01-12T00:00:00+00:00,2026-01-19T00:00:00+00:00,402.5595977328056,799.3761917115546,-396.816593978749,0,night,0,0.0,0,2,0,1,1,0,4,0,0,0,1,0,1,0,1,0,0,0,1,0,0,0,0,0,4,387.13958684741664,436.11526816900937,371.0505770755,363.3156685093611,1,0.9659258262890684,0.2588190451025207,0,0,1,-211.75125182288693,379.1843190919823,973.0697614069028,616.5166494453612,504,504,0.4880616967469296,0.925376734249346
A1,roll_01,mlr,2026-01-16 02:00:00+00:00,2026-01-16 03:00:00+00:00,0,1,2025-12-08T00:00:00+00:00,2026-01-12T00:00:00+00:00,2026-01-12T00:00:00+00:00,2026-01-19T00:00:00+00:00,399.17939954838886,785.5272314869007,-386.3478319385119,0,night,0,0.0,0,2,0,1,1,0,4,0,0,0,1,0,1,0,1,0,0,0,1,0,0,0,0,0,4,396.8507443261112,363.3156685093611,364.3398802528056,402.5595977328056,2,0.8660254037844387,0.4999999999999999,0,0,1,-211.75125182288693,379.1843190919823,973.0697614069028,616.5166494453612,504,504,0.46045306022602545,0.9308594705022235
A1,roll_01,mlr,2026-01-16 03:00:00+00:00,2026-01-16 04:00:00+00:00,0,1,2025-12-08T00:00:00+00:00,2026-01-12T00:00:00+00:00,2026-01-12T00:00:00+00:00,2026-01-19T00:00:00+00:00,1076.4506056084722,761.4888657503732,314.961739858099,0,night,0,0.0,0,2,0,1,1,0,4,0,0,0,1,0,1,0,1,0,0,0,1,0,0,0,0,0,4,370.8476521360556,402.5595977328056,373.5574161077223,399.17939954838886,3,0.7071067811865476,0.7071067811865476,0,0,1,-211.75125182288693,379.1843190919823,973.0697614069028,616.5166494453612,504,504,1.389068495612595,0.1676854052434338
A1,roll_01,mlr,2026-01-16 04:00:00+00:00,2026-01-16 05:00:00+00:00,0,1,2025-12-08T00:00:00+00:00,2026-01-12T00:00:00+00:00,2026-01-12T00:00:00+00:00,2026-01-19T00:00:00+00:00,2002.717169422556,1218.036876663864,784.6802927586921,0,night,0,0.0,0,2,0,0,0,0,0,0,0,0,0,0,0,0,0,0,0,0,0,0,0,0,0,0,4,1030.9182591538056,399.17939954838886,1052.1522978683056,1076.4506056084722,4,0.5000000000000001,0.8660254037844386,0,0,1,-211.75125182288693,379.1843190919823,973.0697614069028,616.5166494453612,504,504,2.627828985564842,1.670104787830074
A1,roll_01,mlr,2026-01-16 05:00:00+00:00,2026-01-16 06:00:00+00:00,0,1,2025-12-08T00:00:00+00:00,2026-01-12T00:00:00+00:00,2026-01-12T00:00:00+00:00,2026-01-19T00:00:00+00:00,2477.7992105114445,1935.3368986801624,542.462311831282,0,night,0,0.0,0,2,0,0,0,0,0,0,0,0,0,0,0,0,0,0,0,0,0,0,0,0,0,0,4,2047.0297009597773,1076.4506056084722,2039.245831840444,2002.717169422556,5,0.2588190451025207,0.9659258262890684,0,0,1,-211.75125182288693,379.1843190919823,973.0697614069028,616.5166494453612,504,504,1.989042071835287,2.440695560222496
A1,roll_01,mlr,2026-01-16 06:00:00+00:00,2026-01-16 07:00:00+00:00,0,1,2025-12-08T00:00:00+00:00,2026-01-12T00:00:00+00:00,2026-01-12T00:00:00+00:00,2026-01-19T00:00:00+00:00,2372.8508934692777,2324.754829050904,48.09606441837377,0,night,0,0.0,0,2,0,0,0,0,0,0,0,0,0,0,0,0,0,0,0,0,0,0,0,0,0,0,4,2558.245225021167,2002.717169422556,2008.2256900938053,2477.7992105114445,6,6.123233995736766e-17,1.0,0,0,1,-211.75125182288693,379.1843190919823,973.0697614069028,616.5166494453612,504,504,0.6852796994968221,2.2704676886206796
A1,roll_01,mlr,2026-01-16 07:00:00+00:00,2026-01-16 08:00:00+00:00,0,1,2025-12-08T00:00:00+00:00,2026-01-12T00:00:00+00:00,2026-01-12T00:00:00+00:00,2026-01-19T00:00:00+00:00,1713.0605896702225,2296.440113825369,-583.3795241551463,1,night,0,0.0,0,2,0,0,0,0,0,0,0,0,0,0,0,0,0,0,0,0,0,0,0,0,0,0,4,1917.6388459600832,2477.7992105114445,1864.800559224361,2372.8508934692777,7,-0.2588190451025206,0.9659258262890684,0,0,1,-211.75125182288693,379.1843190919823,973.0697614069028,616.5166494453612,504,504,0.9800728923131181,1.2002771197323543
A1,roll_01,mlr,2026-01-16 08:00:00+00:00,2026-01-16 09:00:00+00:00,0,1,2025-12-08T00:00:00+00:00,2026-01-12T00:00:00+00:00,2026-01-12T00:00:00+00:00,2026-01-19T00:00:00+00:00,1442.9932598915832,1843.1605286806812,-400.1672687890982,1,low,0,0.0,0,2,0,0,0,0,0,0,0,0,0,0,0,0,0,0,0,0,0,0,0,0,0,0,4,2537.646863457084,2372.8508934692777,1891.1646381102776,1713.0605896702225,8,-0.4999999999999998,0.8660254037844387,0,0,1,-211.75125182288693,379.1843190919823,973.0697614069028,616.5166494453612,504,504,0.49689822990941107,0.7622235326611847
A1,roll_01,mlr,2026-01-16 09:00:00+00:00,2026-01-16 10:00:00+00:00,0,1,2025-12-08T00:00:00+00:00,2026-01-12T00:00:00+00:00,2026-01-12T00:00:00+00:00,2026-01-19T00:00:00+00:00,1623.9131629396943,1593.763289677805,30.149873261889297,1,low,0,0.0,0,2,0,0,0,0,0,0,0,0,0,0,0,0,0,0,0,0,0,0,0,0,0,0,4,1822.7418795589167,1713.0605896702225,1853.015352479528,1442.9932598915832,9,-0.7071067811865475,0.7071067811865476,0,0,1,-211.75125182288693,379.1843190919823,973.0697614069028,616.5166494453612,504,504,0.6379512888719853,1.0556785483706106
A1,roll_01,mlr,2026-01-16 10:00:00+00:00,2026-01-16 11:00:00+00:00,0,1,2025-12-08T00:00:00+00:00,2026-01-12T00:00:00+00:00,2026-01-12T00:00:00+00:00,2026-01-19T00:00:00+00:00,490.20504058097225,1670.1317704120809,-1179.9267298311086,1,low,0,0.0,0,2,0,0,0,0,0,0,0,0,0,0,0,0,0,0,0,0,0,0,0,0,0,0,4,1791.9841544997778,1442.9932598915832,1753.4225527633614,1623.9131629396943,10,-0.8660254037844387,0.4999999999999999,0,0,1,-211.75125182288693,379.1843190919823,973.0697614069028,616.5166494453612,504,504,2.5533109605552076,0.7832144050940582
A1,roll_01,mlr,2026-01-16 11:00:00+00:00,2026-01-16 12:00:00+00:00,0,1,2025-12-08T00:00:00+00:00,2026-01-12T00:00:00+00:00,2026-01-12T00:00:00+00:00,2026-01-19T00:00:00+00:00,1595.4900083538612,945.9928857312482,649.497122622613,1,low,0,0.0,0,2,0,0,0,0,0,0,0,0,0,0,0,0,0,0,0,0,0,0,0,0,0,0,4,1919.5265633675,1623.9131629396943,1683.7846975026666,490.20504058097225,11,-0.9659258262890682,0.258819045102521,0,0,1,-211.75125182288693,379.1843190919823,973.0697614069028,616.5166494453612,504,504,2.271318541093412,1.0095757308531867
A1,roll_01,mlr,2026-01-16 12:00:00+00:00,2026-01-16 13:00:00+00:00,0,1,2025-12-08T00:00:00+00:00,2026-01-12T00:00:00+00:00,2026-01-12T00:00:00+00:00,2026-01-19T00:00:00+00:00,701.5758242305001,1455.8172258298312,-754.2414015993311,1,low,0,0.0,0,2,0,0,0,0,0,0,0,0,0,0,0,0,0,0,0,0,0,0,0,0,0,0,4,2047.703922921584,490.20504058097225,662.9256880891389,1595.4900083538612,12,-1.0,1.2246467991473532e-16,0,0,1,-211.75125182288693,379.1843190919823,973.0697614069028,616.5166494453612,504,504,1.4306766457946465,0.4403675673976488
A1,roll_01,mlr,2026-01-16 13:00:00+00:00,2026-01-16 14:00:00+00:00,0,1,2025-12-08T00:00:00+00:00,2026-01-12T00:00:00+00:00,2026-01-12T00:00:00+00:00,2026-01-19T00:00:00+00:00,1952.1323181944445,1066.2717003675302,885.8606178269142,1,low,0,0.0,0,2,0,0,0,0,0,0,0,0,0,0,0,0,0,0,0,0,0,0,0,0,0,0,4,2327.2743383188613,1595.4900083538612,1670.502586263833,701.5758242305001,13,-0.9659258262890684,-0.2588190451025208,0,0,1,-211.75125182288693,379.1843190919823,973.0697614069028,616.5166494453612,504,504,2.89466577172339,1.5880553390866878
A1,roll_01,mlr,2026-01-16 14:00:00+00:00,2026-01-16 15:00:00+00:00,0,1,2025-12-08T00:00:00+00:00,2026-01-12T00:00:00+00:00,2026-01-12T00:00:00+00:00,2026-01-19T00:00:00+00:00,573.8755752583612,1753.6151986249542,-1179.7396233665932,1,low,0,0.0,0,2,0,0,0,0,0,0,0,0,0,0,0,0,0,0,0,0,0,0,0,0,0,0,4,2475.2395324104723,701.5758242305001,1481.236402503917,1952.1323181944445,14,-0.8660254037844388,-0.4999999999999997,0,0,1,-211.75125182288693,379.1843190919823,973.0697614069028,616.5166494453612,504,504,2.552817515929218,0.6474994414306084
A1,roll_01,mlr,2026-01-16 15:00:00+00:00,2026-01-16 16:00:00+00:00,0,1,2025-12-08T00:00:00+00:00,2026-01-12T00:00:00+00:00,2026-01-12T00:00:00+00:00,2026-01-19T00:00:00+00:00,1748.7442167502777,952.6810346473394,796.0631821029383,1,night,0,0.0,0,2,0,0,0,0,0,0,0,0,0,0,0,0,0,0,0,0,0,0,0,0,0,0,4,2099.886327037028,1952.1323181944445,885.3972389852223,573.8755752583612,15,-0.7071067811865479,-0.7071067811865471,0,0,1,-211.75125182288693,379.1843190919823,973.0697614069028,616.5166494453612,504,504,2.6578483950475555,1.2581565413378493
A1,roll_01,mlr,2026-01-16 16:00:00+00:00,2026-01-16 17:00:00+00:00,0,1,2025-12-08T00:00:00+00:00,2026-01-12T00:00:00+00:00,2026-01-12T00:00:00+00:00,2026-01-19T00:00:00+00:00,1779.3662909536945,1611.2517721811562,168.1145187725383,0,night,0,0.0,0,2,0,0,0,0,0,0,0,0,0,0,0,0,0,0,0,0,0,0,0,0,0,0,4,2043.670283908889,573.8755752583612,1797.5373261431112,1748.7442167502777,16,-0.5000000000000004,-0.8660254037844385,0,0,1,-211.75125182288693,379.1843190919823,973.0697614069028,616.5166494453612,504,504,1.0017971510664652,1.3078260421225651
A1,roll_01,mlr,2026-01-16 17:00:00+00:00,2026-01-16 18:00:00+00:00,0,1,2025-12-08T00:00:00+00:00,2026-01-12T00:00:00+00:00,2026-01-12T00:00:00+00:00,2026-01-19T00:00:00+00:00,1926.1523590546667,1713.8659151526474,212.2864439020193,0,night,0,0.0,0,2,0,0,0,0,0,0,0,0,0,0,0,0,0,0,0,0,0,0,0,0,0,0,4,2019.3687657176667,1748.7442167502777,1346.1776368881667,1779.3662909536945,17,-0.2588190451025206,-0.9659258262890684,0,0,1,-211.75125182288693,379.1843190919823,973.0697614069028,616.5166494453612,504,504,1.1182891126413999,1.5459154241903907
A1,roll_01,mlr,2026-01-16 18:00:00+00:00,2026-01-16 19:00:00+00:00,0,1,2025-12-08T00:00:00+00:00,2026-01-12T00:00:00+00:00,2026-01-12T00:00:00+00:00,2026-01-19T00:00:00+00:00,3573.4096695315,1866.4839705204236,1706.9256990110769,0,night,0,0.0,0,2,0,0,0,0,0,0,0,0,0,0,0,0,0,0,0,0,0,0,0,0,0,0,4,1954.244045320861,1779.3662909536945,2386.9593965361114,1926.1523590546667,18,-1.8369701987210287e-16,-1.0,0,0,1,-211.75125182288693,379.1843190919823,973.0697614069028,616.5166494453612,504,504,5.060011330185129,4.217793486135289
A1,roll_01,mlr,2026-01-16 19:00:00+00:00,2026-01-16 20:00:00+00:00,0,1,2025-12-08T00:00:00+00:00,2026-01-12T00:00:00+00:00,2026-01-12T00:00:00+00:00,2026-01-19T00:00:00+00:00,2754.500442691028,2868.638578676019,-114.13813598499064,0,night,0,0.0,0,2,0,0,0,0,0,0,0,0,0,0,0,0,0,0,0,0,0,0,0,0,0,0,4,2342.330235312528,1926.1523590546667,1666.5948316020276,3573.4096695315,19,0.2588190451025203,-0.9659258262890684,0,0,1,-211.75125182288693,379.1843190919823,973.0697614069028,616.5166494453612,504,504,0.25742919979298345,2.88950944453286
A1,roll_01,mlr,2026-01-16 20:00:00+00:00,2026-01-16 21:00:00+00:00,0,1,2025-12-08T00:00:00+00:00,2026-01-12T00:00:00+00:00,2026-01-12T00:00:00+00:00,2026-01-19T00:00:00+00:00,2483.442940576528,2467.932326950679,15.510613625849146,0,night,0,0.0,0,2,0,0,0,0,0,0,0,0,0,0,0,0,0,0,0,0,0,0,0,0,0,0,4,1013.7995625885,3573.4096695315,1076.4033323202225,2754.500442691028,20,0.5000000000000001,-0.8660254037844386,0,0,1,-211.75125182288693,379.1843190919823,973.0697614069028,616.5166494453612,504,504,0.5993440498619539,2.449849781880842
A1,roll_01,mlr,2026-01-16 21:00:00+00:00,2026-01-16 22:00:00+00:00,0,1,2025-12-08T00:00:00+00:00,2026-01-12T00:00:00+00:00,2026-01-12T00:00:00+00:00,2026-01-19T00:00:00+00:00,2471.681181403111,2165.5284669963303,306.1527144067809,0,night,0,0.0,0,2,0,0,0,0,0,0,0,0,0,0,0,0,0,0,0,0,0,0,0,0,0,0,4,725.7640030931667,2754.500442691028,1005.1173250451112,2483.442940576528,21,0.7071067811865474,-0.7071067811865477,0,0,1,-211.75125182288693,379.1843190919823,973.0697614069028,616.5166494453612,504,504,1.365836982578478,2.430772017826946
A1,roll_01,mlr,2026-01-16 22:00:00+00:00,2026-01-16 23:00:00+00:00,0,1,2025-12-08T00:00:00+00:00,2026-01-12T00:00:00+00:00,2026-01-12T00:00:00+00:00,2026-01-19T00:00:00+00:00,2428.759211638084,2058.5273286967144,370.23188294136935,0,night,0,0.0,0,2,0,0,0,0,0,0,0,0,0,0,0,0,0,0,0,0,0,0,0,0,0,0,4,457.7714818046389,2483.442940576528,480.00597344519446,2471.681181403111,22,0.8660254037844384,-0.5000000000000004,0,0,1,-211.75125182288693,379.1843190919823,973.0697614069028,616.5166494453612,504,504,1.5348291199327766,2.361151887042739
A1,roll_01,mlr,2026-01-16 23:00:00+00:00,2026-01-17 00:00:00+00:00,0,1,2025-12-08T00:00:00+00:00,2026-01-12T00:00:00+00:00,2026-01-12T00:00:00+00:00,2026-01-19T00:00:00+00:00,2422.2099434294164,1994.9120207605024,427.2979226689142,0,night,0,0.0,0,2,0,0,0,0,0,0,0,0,0,0,0,0,0,0,0,0,0,0,0,0,0,0,4,442.25945804897225,2471.681181403111,479.6300936403031,2428.759211638084,23,0.965925826289068,-0.2588190451025215,0,0,1,-211.75125182288693,379.1843190919823,973.0697614069028,616.5166494453612,504,504,1.6853259544648551,2.3505288678354566
A1,roll_01,mlr,2026-01-17 00:00:00+00:00,2026-01-17 01:00:00+00:00,0,1,2025-12-08T00:00:00+00:00,2026-01-12T00:00:00+00:00,2026-01-12T00:00:00+00:00,2026-01-19T00:00:00+00:00,2419.0737715843334,2311.667956980357,107.40581460397652,0,night,0,0.0,0,2,0,0,0,0,0,0,0,0,0,0,0,0,0,0,0,0,0,0,0,0,0,0,5,451.9524179743889,2428.759211638084,436.11526816900937,2422.2099434294164,0,1.0,0.0,0,1,1,-211.75125182288693,379.1843190919823,973.0697614069028,616.5166494453612,504,504,0.841693736679661,2.3454419462609875
A1,roll_01,mlr,2026-01-17 01:00:00+00:00,2026-01-17 02:00:00+00:00,0,1,2025-12-08T00:00:00+00:00,2026-01-12T00:00:00+00:00,2026-01-12T00:00:00+00:00,2026-01-19T00:00:00+00:00,2397.090425719361,2271.524439290912,125.56598642844938,0,night,0,0.0,0,2,0,0,0,0,0,0,0,0,0,0,0,0,0,0,0,0,0,0,0,0,0,0,5,391.0213954262777,2422.2099434294164,363.3156685093611,2419.0737715843334,1,0.9659258262890684,0.2588190451025207,0,1,1,-211.75125182288693,379.1843190919823,973.0697614069028,616.5166494453612,504,504,0.8895864656510496,2.3097846028871314
A1,roll_01,mlr,2026-01-17 02:00:00+00:00,2026-01-17 03:00:00+00:00,0,1,2025-12-08T00:00:00+00:00,2026-01-12T00:00:00+00:00,2026-01-12T00:00:00+00:00,2026-01-19T00:00:00+00:00,2408.5668939863613,2229.2312016432,179.33569234316155,0,night,0,0.0,0,2,0,0,0,0,0,0,0,0,0,0,0,0,0,0,0,0,0,0,0,0,0,0,5,396.8184454624445,2419.0737715843334,402.5595977328056,2397.090425719361,2,0.8660254037844387,0.4999999999999999,0,1,1,-211.75125182288693,379.1843190919823,973.0697614069028,616.5166494453612,504,504,1.031390077265244,2.3283996204658535
A1,roll_01,mlr,2026-01-17 03:00:00+00:00,2026-01-17 04:00:00+00:00,0,1,2025-12-08T00:00:00+00:00,2026-01-12T00:00:00+00:00,2026-01-12T00:00:00+00:00,2026-01-19T00:00:00+00:00,2987.1550890425,2206.720272773032,780.4348162694682,0,night,0,0.0,0,2,0,0,0,0,0,0,0,0,0,0,0,0,0,0,0,0,0,0,0,0,0,0,5,392.470940987861,2397.090425719361,399.17939954838886,2408.5668939863613,3,0.7071067811865476,0.7071067811865476,0,1,1,-211.75125182288693,379.1843190919823,973.0697614069028,616.5166494453612,504,504,2.6166326457494447,3.26687905257309
A1,roll_01,mlr,2026-01-17 04:00:00+00:00,2026-01-17 05:00:00+00:00,0,1,2025-12-08T00:00:00+00:00,2026-01-12T00:00:00+00:00,2026-01-12T00:00:00+00:00,2026-01-19T00:00:00+00:00,3319.657065773777,2603.0046468219434,716.6524189518336,0,night,0,0.0,0,2,0,0,0,0,0,0,0,0,0,0,0,0,0,0,0,0,0,0,0,0,0,0,5,873.0134955361945,2408.5668939863613,1076.4506056084722,2987.1550890425,4,0.5000000000000001,0.8660254037844386,0,1,1,-211.75125182288693,379.1843190919823,973.0697614069028,616.5166494453612,504,504,2.4484231652773305,3.806202649154637
A1,roll_01,mlr,2026-01-17 05:00:00+00:00,2026-01-17 06:00:00+00:00,0,1,2025-12-08T00:00:00+00:00,2026-01-12T00:00:00+00:00,2026-01-12T00:00:00+00:00,2026-01-19T00:00:00+00:00,2391.335260368139,2921.842597653442,-530.507337285303,0,night,0,0.0,0,2,0,0,0,0,0,0,0,0,0,0,0,0,0,0,0,0,0,0,0,0,0,0,5,1704.9182572990833,2987.1550890425,2002.717169422556,3319.657065773777,5,0.2588190451025207,0.9659258262890684,0,1,1,-211.75125182288693,379.1843190919823,973.0697614069028,616.5166494453612,504,504,0.8406362536977496,2.300449631388147
A1,roll_01,mlr,2026-01-17 06:00:00+00:00,2026-01-17 07:00:00+00:00,0,1,2025-12-08T00:00:00+00:00,2026-01-12T00:00:00+00:00,2026-01-12T00:00:00+00:00,2026-01-19T00:00:00+00:00,2341.329542084556,2373.6674727458944,-32.337930661338305,0,night,0,0.0,0,2,0,0,0,0,0,0,0,0,0,0,0,0,0,0,0,0,0,0,0,0,0,0,5,1945.5007948983048,3319.657065773777,2477.7992105114445,2391.335260368139,6,6.123233995736766e-17,1.0,0,1,1,-211.75125182288693,379.1843190919823,973.0697614069028,616.5166494453612,504,504,0.47315596170005825,2.2193395456693428
A1,roll_01,mlr,2026-01-17 07:00:00+00:00,2026-01-17 08:00:00+00:00,0,1,2025-12-08T00:00:00+00:00,2026-01-12T00:00:00+00:00,2026-01-12T00:00:00+00:00,2026-01-19T00:00:00+00:00,2591.676535681584,2217.1638980423604,374.5126376392236,1,night,0,0.0,0,2,0,0,0,0,0,0,0,0,0,0,0,0,0,0,0,0,0,0,0,0,0,0,5,1939.5566896918056,2391.335260368139,2372.8508934692777,2341.329542084556,7,-0.2588190451025206,0.9659258262890684,0,1,1,-211.75125182288693,379.1843190919823,973.0697614069028,616.5166494453612,504,504,1.546118496846108,2.6254064277596294
A1,roll_01,mlr,2026-01-17 08:00:00+00:00,2026-01-17 09:00:00+00:00,0,1,2025-12-08T00:00:00+00:00,2026-01-12T00:00:00+00:00,2026-01-12T00:00:00+00:00,2026-01-19T00:00:00+00:00,876.2151453261389,2315.9028191608486,-1439.6876738347096,1,low,0,0.0,0,2,0,0,0,0,0,0,0,0,0,0,0,0,0,0,0,0,0,0,0,0,0,0,5,2127.9194307847497,2341.329542084556,1713.0605896702225,2591.676535681584,8,-0.4999999999999998,0.8660254037844387,0,1,1,-211.75125182288693,379.1843190919823,973.0697614069028,616.5166494453612,504,504,3.238362875744212,0.1570997574321756
A1,roll_01,mlr,2026-01-17 09:00:00+00:00,2026-01-17 10:00:00+00:00,0,1,2025-12-08T00:00:00+00:00,2026-01-12T00:00:00+00:00,2026-01-12T00:00:00+00:00,2026-01-19T00:00:00+00:00,1362.1403257086388,1208.403652400786,153.7366733078527,1,low,0,0.0,0,2,0,0,0,0,0,0,0,0,0,0,0,0,0,0,0,0,0,0,0,0,0,0,5,2000.1470279075832,2591.676535681584,1442.9932598915832,876.2151453261389,9,-0.7071067811865475,0.7071067811865476,0,1,1,-211.75125182288693,379.1843190919823,973.0697614069028,616.5166494453612,504,504,0.9638793239286877,0.63107876267698
A1,roll_01,mlr,2026-01-17 10:00:00+00:00,2026-01-17 11:00:00+00:00,0,1,2025-12-08T00:00:00+00:00,2026-01-12T00:00:00+00:00,2026-01-12T00:00:00+00:00,2026-01-19T00:00:00+00:00,851.023270576111,1341.4966898418702,-490.4734192657592,1,low,0,0.0,0,2,0,0,0,0,0,0,0,0,0,0,0,0,0,0,0,0,0,0,0,0,0,0,5,1770.5304107042775,876.2151453261389,1623.9131629396943,1362.1403257086388,10,-0.8660254037844387,0.4999999999999999,0,1,1,-211.75125182288693,379.1843190919823,973.0697614069028,616.5166494453612,504,504,0.7350572094075971,0.19796138667234506
A1,roll_01,mlr,2026-01-17 11:00:00+00:00,2026-01-17 12:00:00+00:00,0,1,2025-12-08T00:00:00+00:00,2026-01-12T00:00:00+00:00,2026-01-12T00:00:00+00:00,2026-01-19T00:00:00+00:00,375.1866214471667,976.3014545070856,-601.114833059919,1,low,0,0.0,0,2,0,0,0,0,0,0,0,0,0,0,0,0,0,0,0,0,0,0,0,0,0,0,5,2099.097986216222,1362.1403257086388,490.20504058097225,851.023270576111,11,-0.9659258262890682,0.258819045102521,0,1,1,-211.75125182288693,379.1843190919823,973.0697614069028,616.5166494453612,504,504,1.0268451558583056,0.9697761455389917
A1,roll_01,mlr,2026-01-17 12:00:00+00:00,2026-01-17 13:00:00+00:00,0,1,2025-12-08T00:00:00+00:00,2026-01-12T00:00:00+00:00,2026-01-12T00:00:00+00:00,2026-01-19T00:00:00+00:00,1125.2122855051666,686.9896866651704,438.2225988399962,1,low,0,0.0,0,3,0,0,0,0,0,0,0,0,0,0,0,0,0,0,0,0,0,0,0,0,0,0,5,2066.14777083575,851.023270576111,1595.4900083538612,375.1866214471667,12,-1.0,1.2246467991473532e-16,0,1,1,-211.75125182288693,379.1843190919823,973.0697614069028,616.5166494453612,504,504,1.7141369459036435,0.24677764053109724
A1,roll_01,mlr,2026-01-17 13:00:00+00:00,2026-01-17 14:00:00+00:00,0,1,2025-12-08T00:00:00+00:00,2026-01-12T00:00:00+00:00,2026-01-12T00:00:00+00:00,2026-01-19T00:00:00+00:00,553.7227735364166,1054.4166156043266,-500.69384206790994,1,low,0,0.0,0,3,0,0,0,0,0,0,0,0,0,0,0,0,0,0,0,0,0,0,0,0,0,0,5,1718.2276665944446,375.1866214471667,701.5758242305001,1125.2122855051666,13,-0.9659258262890684,-0.2588190451025208,0,1,1,-211.75125182288693,379.1843190919823,973.0697614069028,616.5166494453612,504,504,0.7620109157914082,0.6801876125287851
A1,roll_01,mlr,2026-01-17 14:00:00+00:00,2026-01-17 15:00:00+00:00,0,1,2025-12-08T00:00:00+00:00,2026-01-12T00:00:00+00:00,2026-01-12T00:00:00+00:00,2026-01-19T00:00:00+00:00,893.3163181295832,845.3343386007971,47.98197952878616,1,low,0,0.0,0,3,0,0,0,0,0,0,0,0,0,0,0,0,0,0,0,0,0,0,0,0,0,0,5,2298.0285432916944,1125.2122855051666,1952.1323181944445,553.7227735364166,14,-0.8660254037844388,-0.4999999999999997,0,1,1,-211.75125182288693,379.1843190919823,973.0697614069028,616.5166494453612,504,504,0.6849788302787574,0.12936137791099137
A1,roll_01,mlr,2026-01-17 15:00:00+00:00,2026-01-17 16:00:00+00:00,0,1,2025-12-08T00:00:00+00:00,2026-01-12T00:00:00+00:00,2026-01-12T00:00:00+00:00,2026-01-19T00:00:00+00:00,1082.6851535658332,888.077187278866,194.6079662869672,1,night,0,0.0,0,3,0,0,0,0,0,0,0,0,0,0,0,0,0,0,0,0,0,0,0,0,0,0,5,2539.5653047919445,553.7227735364166,573.8755752583612,893.3163181295832,15,-0.7071067811865479,-0.7071067811865471,0,1,1,-211.75125182288693,379.1843190919823,973.0697614069028,616.5166494453612,504,504,1.0716667268386693,0.17779794310104036
A1,roll_01,mlr,2026-01-17 16:00:00+00:00,2026-01-17 17:00:00+00:00,0,1,2025-12-08T00:00:00+00:00,2026-01-12T00:00:00+00:00,2026-01-12T00:00:00+00:00,2026-01-19T00:00:00+00:00,1215.7402370096668,1130.416627036553,85.32360997311343,0,night,0,0.0,0,2,0,0,0,0,0,0,0,0,0,0,0,0,0,0,0,0,0,0,0,0,0,0,5,1708.9707138076667,893.3163181295832,1748.7442167502777,1082.6851535658332,16,-0.5000000000000004,-0.8660254037844385,0,1,1,-211.75125182288693,379.1843190919823,973.0697614069028,616.5166494453612,504,504,0.7834576664652004,0.39361544545646643
A1,roll_01,mlr,2026-01-17 17:00:00+00:00,2026-01-17 18:00:00+00:00,0,1,2025-12-08T00:00:00+00:00,2026-01-12T00:00:00+00:00,2026-01-12T00:00:00+00:00,2026-01-19T00:00:00+00:00,1466.154889960333,1199.4574489544502,266.69744100588287,0,night,0,0.0,0,2,0,0,0,0,0,0,0,0,0,0,0,0,0,0,0,0,0,0,0,0,0,0,5,3623.9131346842223,1082.6851535658332,1779.3662909536945,1215.7402370096668,17,-0.2588190451025206,-0.9659258262890684,0,1,1,-211.75125182288693,379.1843190919823,973.0697614069028,616.5166494453612,504,504,1.2617839629404823,0.7997920721152073
A1,roll_01,mlr,2026-01-17 18:00:00+00:00,2026-01-17 19:00:00+00:00,0,1,2025-12-08T00:00:00+00:00,2026-01-12T00:00:00+00:00,2026-01-12T00:00:00+00:00,2026-01-19T00:00:00+00:00,1078.6994199493888,1395.634890540442,-316.9354705910532,0,night,0,0.0,0,2,0,0,0,0,0,0,0,0,0,0,0,0,0,0,0,0,0,0,0,0,0,0,5,1101.2175339098333,1215.7402370096668,1926.1523590546667,1466.154889960333,18,-1.8369701987210287e-16,-1.0,0,1,1,-211.75125182288693,379.1843190919823,973.0697614069028,616.5166494453612,504,504,0.2773960142129474,0.17133301856083524
A1,roll_01,mlr,2026-01-17 19:00:00+00:00,2026-01-17 20:00:00+00:00,0,1,2025-12-08T00:00:00+00:00,2026-01-12T00:00:00+00:00,2026-01-12T00:00:00+00:00,2026-01-19T00:00:00+00:00,1284.7492482649168,1256.901479710748,27.84776855416885,0,night,0,0.0,0,2,0,0,0,0,0,0,0,0,0,0,0,0,0,0,0,0,0,0,0,0,0,0,5,1849.9723726721668,1466.154889960333,3573.4096695315,1078.6994199493888,19,0.2588190451025203,-0.9659258262890684,0,1,1,-211.75125182288693,379.1843190919823,973.0697614069028,616.5166494453612,504,504,0.6318800865785117,0.5055491804453476
A1,roll_01,mlr,2026-01-17 20:00:00+00:00,2026-01-17 21:00:00+00:00,0,1,2025-12-08T00:00:00+00:00,2026-01-12T00:00:00+00:00,2026-01-12T00:00:00+00:00,2026-01-19T00:00:00+00:00,851.6801286406111,1262.6702459371052,-410.9901172964941,0,night,0,0.0,0,2,0,0,0,0,0,0,0,0,0,0,0,0,0,0,0,0,0,0,0,0,0,0,5,1455.1370739963888,1078.6994199493888,2754.500442691028,1284.7492482649168,20,0.5000000000000001,-0.8660254037844386,0,1,1,-211.75125182288693,379.1843190919823,973.0697614069028,616.5166494453612,504,504,0.525440677374836,0.1968959522431354
A1,roll_01,mlr,2026-01-17 21:00:00+00:00,2026-01-17 22:00:00+00:00,0,1,2025-12-08T00:00:00+00:00,2026-01-12T00:00:00+00:00,2026-01-12T00:00:00+00:00,2026-01-19T00:00:00+00:00,661.5588102037779,961.553477318261,-299.99466711448315,0,night,0,0.0,0,2,0,0,0,0,0,0,0,0,0,0,0,0,0,0,0,0,0,0,0,0,0,0,5,775.8096372270278,1284.7492482649168,2483.442940576528,851.6801286406111,21,0.7071067811865474,-0.7071067811865477,0,1,1,-211.75125182288693,379.1843190919823,973.0697614069028,616.5166494453612,504,504,0.23271905205075263,0.5052758128809182
A1,roll_01,mlr,2026-01-17 22:00:00+00:00,2026-01-17 23:00:00+00:00,0,1,2025-12-08T00:00:00+00:00,2026-01-12T00:00:00+00:00,2026-01-12T00:00:00+00:00,2026-01-19T00:00:00+00:00,356.0791067192222,756.4509348337929,-400.3718281145707,0,night,0,0.0,0,2,0,0,0,0,0,0,0,0,0,0,0,0,0,0,0,0,0,0,0,0,0,0,5,609.0600654670277,851.6801286406111,2471.681181403111,661.5588102037779,22,0.8660254037844384,-0.5000000000000004,0,1,1,-211.75125182288693,379.1843190919823,973.0697614069028,616.5166494453612,504,504,0.49743770191596004,1.000768844187332
A1,roll_01,mlr,2026-01-17 23:00:00+00:00,2026-01-18 00:00:00+00:00,0,1,2025-12-08T00:00:00+00:00,2026-01-12T00:00:00+00:00,2026-01-12T00:00:00+00:00,2026-01-19T00:00:00+00:00,409.1542958934167,501.4562181814708,-92.30192228805412,0,night,0,0.0,0,2,0,1,1,0,2,0,0,0,1,0,1,0,1,0,0,0,1,0,0,0,0,0,5,410.7482779138611,661.5588102037779,2428.759211638084,356.0791067192222,23,0.965925826289068,-0.2588190451025215,0,1,1,-211.75125182288693,379.1843190919823,973.0697614069028,616.5166494453612,504,504,0.3150165329116811,0.9146800269235278
A1,roll_01,mlr,2026-01-18 00:00:00+00:00,2026-01-18 01:00:00+00:00,0,1,2025-12-08T00:00:00+00:00,2026-01-12T00:00:00+00:00,2026-01-12T00:00:00+00:00,2026-01-19T00:00:00+00:00,386.80348134525,919.5622015137692,-532.7587201685193,0,night,0,0.0,0,2,0,1,1,0,2,0,0,0,1,0,1,0,1,0,0,0,1,0,0,0,0,0,6,405.205528771,356.0791067192222,2422.2099434294164,409.1542958934167,0,1.0,0.0,0,1,1,-211.75125182288693,379.1843190919823,973.0697614069028,616.5166494453612,504,504,0.8465736903739486,0.9509334104587076
A1,roll_01,mlr,2026-01-18 01:00:00+00:00,2026-01-18 02:00:00+00:00,0,1,2025-12-08T00:00:00+00:00,2026-01-12T00:00:00+00:00,2026-01-12T00:00:00+00:00,2026-01-19T00:00:00+00:00,363.9506782922222,877.1857172860472,-513.2350389938249,0,night,0,0.0,0,2,0,0,0,0,0,0,0,0,0,0,0,0,0,0,0,0,0,0,0,0,0,0,6,475.14375079194434,409.1542958934167,2419.0737715843334,386.80348134525,1,0.9659258262890684,0.2588190451025207,0,1,1,-211.75125182288693,379.1843190919823,973.0697614069028,616.5166494453612,504,504,0.7950850601968174,0.9880010274867098
A1,roll_01,mlr,2026-01-18 02:00:00+00:00,2026-01-18 03:00:00+00:00,0,1,2025-12-08T00:00:00+00:00,2026-01-12T00:00:00+00:00,2026-01-12T00:00:00+00:00,2026-01-19T00:00:00+00:00,366.92154284288887,828.6688111376404,-461.7472682947516,0,night,0,0.0,0,2,0,0,0,0,0,0,0,0,0,0,0,0,0,0,0,0,0,0,0,0,0,0,6,401.84106967408337,386.80348134525,2397.090425719361,363.9506782922222,2,0.8660254037844387,0.4999999999999999,0,1,1,-211.75125182288693,379.1843190919823,973.0697614069028,616.5166494453612,504,504,0.659299459087655,0.9831822370236472
A1,roll_01,mlr,2026-01-18 03:00:00+00:00,2026-01-18 04:00:00+00:00,0,1,2025-12-08T00:00:00+00:00,2026-01-12T00:00:00+00:00,2026-01-12T00:00:00+00:00,2026-01-19T00:00:00+00:00,919.6470143296112,801.9742007966781,117.6728135329331,0,night,0,0.0,0,2,0,0,0,0,0,0,0,0,0,0,0,0,0,0,0,0,0,0,0,0,0,0,6,367.7446838216111,363.9506782922222,2408.5668939863613,366.92154284288887,3,0.7071067811865476,0.7071067811865476,0,1,1,-211.75125182288693,379.1843190919823,973.0697614069028,616.5166494453612,504,504,0.868770275481536,0.08665256181702866
A1,roll_01,mlr,2026-01-18 04:00:00+00:00,2026-01-18 05:00:00+00:00,0,1,2025-12-08T00:00:00+00:00,2026-01-12T00:00:00+00:00,2026-01-12T00:00:00+00:00,2026-01-19T00:00:00+00:00,1696.4327096815832,1172.0025105167738,524.4301991648094,0,night,0,0.0,0,2,0,0,0,0,0,0,0,0,0,0,0,0,0,0,0,0,0,0,0,0,0,0,6,963.4637856096666,366.92154284288887,2987.1550890425,919.6470143296112,4,0.5000000000000001,0.8660254037844386,0,1,1,-211.75125182288693,379.1843190919823,973.0697614069028,616.5166494453612,504,504,1.9414870655796133,1.1733064288295243
A1,roll_01,mlr,2026-01-18 05:00:00+00:00,2026-01-18 06:00:00+00:00,0,1,2025-12-08T00:00:00+00:00,2026-01-12T00:00:00+00:00,2026-01-12T00:00:00+00:00,2026-01-19T00:00:00+00:00,1787.8514459331388,1732.8750501501097,54.976395783029375,0,night,0,0.0,0,2,0,0,0,0,0,0,0,0,0,0,0,0,0,0,0,0,0,0,0,0,0,0,6,1813.34006411675,919.6470143296112,3319.657065773777,1696.4327096815832,5,0.2588190451025207,0.9659258262890684,0,1,1,-211.75125182288693,379.1843190919823,973.0697614069028,616.5166494453612,504,504,0.7034247836108796,1.3215891010554877
A1,roll_01,mlr,2026-01-18 06:00:00+00:00,2026-01-18 07:00:00+00:00,0,1,2025-12-08T00:00:00+00:00,2026-01-12T00:00:00+00:00,2026-01-12T00:00:00+00:00,2026-01-19T00:00:00+00:00,2221.478881947944,1797.0717795214025,424.40710242654177,0,night,0,0.0,0,2,0,0,0,0,0,0,0,0,0,0,0,0,0,0,0,0,0,0,0,0,0,0,6,1868.444830851611,1696.4327096815832,2391.335260368139,1787.8514459331388,6,6.123233995736766e-17,1.0,0,1,1,-211.75125182288693,379.1843190919823,973.0697614069028,616.5166494453612,504,504,1.677702168098122,2.024939831980453
A1,roll_01,mlr,2026-01-18 07:00:00+00:00,2026-01-18 08:00:00+00:00,0,1,2025-12-08T00:00:00+00:00,2026-01-12T00:00:00+00:00,2026-01-12T00:00:00+00:00,2026-01-19T00:00:00+00:00,1747.753539249222,2072.108879051269,-324.3553398020474,1,night,0,0.0,0,2,0,0,0,0,0,0,0,0,0,0,0,0,0,0,0,0,0,0,0,0,0,0,6,1998.770939867861,1787.8514459331388,2341.329542084556,2221.478881947944,7,-0.2588190451025206,0.9659258262890684,0,1,1,-211.75125182288693,379.1843190919823,973.0697614069028,616.5166494453612,504,504,0.296963989040499,1.2565496463708652
A1,roll_01,mlr,2026-01-18 08:00:00+00:00,2026-01-18 09:00:00+00:00,0,1,2025-12-08T00:00:00+00:00,2026-01-12T00:00:00+00:00,2026-01-12T00:00:00+00:00,2026-01-19T00:00:00+00:00,1199.014191615,1828.6798711762597,-629.6656795612594,1,low,0,0.0,0,2,0,0,0,0,0,0,0,0,0,0,0,0,0,0,0,0,0,0,0,0,0,0,6,1620.6764299421666,2221.478881947944,2591.676535681584,1747.753539249222,8,-0.4999999999999998,0.8660254037844387,0,1,1,-211.75125182288693,379.1843190919823,973.0697614069028,616.5166494453612,504,504,1.1021405862434808,0.36648552867366097
A1,roll_01,mlr,2026-01-18 09:00:00+00:00,2026-01-18 10:00:00+00:00,0,1,2025-12-08T00:00:00+00:00,2026-01-12T00:00:00+00:00,2026-01-12T00:00:00+00:00,2026-01-19T00:00:00+00:00,2696.399735123361,1291.5871329000047,1404.8126022233564,1,low,0,0.0,0,2,0,0,0,0,0,0,0,0,0,0,0,0,0,0,0,0,0,0,0,0,0,0,6,1464.1872420950556,1747.753539249222,876.2151453261389,1199.014191615,9,-0.7071067811865475,0.7071067811865476,0,1,1,-211.75125182288693,379.1843190919823,973.0697614069028,616.5166494453612,504,504,4.263266629583641,2.7952691549641413
A1,roll_01,mlr,2026-01-18 10:00:00+00:00,2026-01-18 11:00:00+00:00,0,1,2025-12-08T00:00:00+00:00,2026-01-12T00:00:00+00:00,2026-01-12T00:00:00+00:00,2026-01-19T00:00:00+00:00,908.328997025861,2244.0267549490754,-1335.6977579232143,1,low,0,0.0,0,2,0,0,0,0,0,0,0,0,0,0,0,0,0,0,0,0,0,0,0,0,0,0,6,474.102661966639,1199.014191615,1362.1403257086388,2696.399735123361,10,-0.8660254037844387,0.4999999999999999,0,1,1,-211.75125182288693,379.1843190919823,973.0697614069028,616.5166494453612,504,504,2.9641165246279115,0.10501056936464691
A1,roll_01,mlr,2026-01-18 11:00:00+00:00,2026-01-18 12:00:00+00:00,0,1,2025-12-08T00:00:00+00:00,2026-01-12T00:00:00+00:00,2026-01-12T00:00:00+00:00,2026-01-19T00:00:00+00:00,1081.863576312389,1208.8452801217463,-126.98170380935744,1,low,0,0.0,0,2,0,0,0,0,0,0,0,0,0,0,0,0,0,0,0,0,0,0,0,0,0,0,6,924.8024321908888,2696.399735123361,851.023270576111,908.328997025861,11,-0.9659258262890682,0.258819045102521,0,1,1,-211.75125182288693,379.1843190919823,973.0697614069028,616.5166494453612,504,504,0.22355763080214863,0.1764653314770341
A1,roll_01,mlr,2026-01-18 12:00:00+00:00,2026-01-18 13:00:00+00:00,0,1,2025-12-08T00:00:00+00:00,2026-01-12T00:00:00+00:00,2026-01-12T00:00:00+00:00,2026-01-19T00:00:00+00:00,2173.5554944418054,1096.800936176308,1076.7545582654975,1,low,0,0.0,0,3,0,0,0,0,0,0,0,0,0,0,0,0,0,0,0,0,0,0,0,0,0,0,6,-377.0683961764167,908.328997025861,375.1866214471667,1081.863576312389,12,-1.0,1.2246467991473532e-16,0,1,1,-211.75125182288693,379.1843190919823,973.0697614069028,616.5166494453612,504,504,3.398098880180273,1.9472073205401663
A1,roll_01,mlr,2026-01-18 13:00:00+00:00,2026-01-18 14:00:00+00:00,0,1,2025-12-08T00:00:00+00:00,2026-01-12T00:00:00+00:00,2026-01-12T00:00:00+00:00,2026-01-19T00:00:00+00:00,1035.234056645167,1876.0375620229884,-840.8035053778215,1,low,0,0.0,0,3,0,0,0,0,0,0,0,0,0,0,0,0,0,0,0,0,0,0,0,0,0,0,6,-533.3608326616389,1081.863576312389,1125.2122855051666,2173.5554944418054,13,-0.9659258262890684,-0.2588190451025208,0,1,1,-211.75125182288693,379.1843190919823,973.0697614069028,616.5166494453612,504,504,1.6589616761086037,0.1008314946468829
A1,roll_01,mlr,2026-01-18 14:00:00+00:00,2026-01-18 15:00:00+00:00,0,1,2025-12-08T00:00:00+00:00,2026-01-12T00:00:00+00:00,2026-01-12T00:00:00+00:00,2026-01-19T00:00:00+00:00,982.0105920020555,1187.38352193939,-205.37292993733445,1,low,0,0.0,0,3,0,0,0,0,0,0,0,0,0,0,0,0,0,0,0,0,0,0,0,0,0,0,6,1619.3522628639723,2173.5554944418054,553.7227735364166,1035.234056645167,14,-0.8660254037844388,-0.4999999999999997,0,1,1,-211.75125182288693,379.1843190919823,973.0697614069028,616.5166494453612,504,504,0.01682116470645832,0.014502172168742286
A1,roll_01,mlr,2026-01-18 15:00:00+00:00,2026-01-18 16:00:00+00:00,0,1,2025-12-08T00:00:00+00:00,2026-01-12T00:00:00+00:00,2026-01-12T00:00:00+00:00,2026-01-19T00:00:00+00:00,939.633989883972,1047.3295538986629,-107.6955640146906,1,night,0,0.0,0,3,0,0,0,0,0,0,0,0,0,0,0,0,0,0,0,0,0,0,0,0,0,0,6,867.3860450609445,1035.234056645167,893.3163181295832,982.0105920020555,15,-0.7071067811865479,-0.7071067811865471,0,1,1,-211.75125182288693,379.1843190919823,973.0697614069028,616.5166494453612,504,504,0.27441980738384536,0.05423336345094762
A1,roll_01,mlr,2026-01-18 16:00:00+00:00,2026-01-18 17:00:00+00:00,0,1,2025-12-08T00:00:00+00:00,2026-01-12T00:00:00+00:00,2026-01-12T00:00:00+00:00,2026-01-19T00:00:00+00:00,1984.2611124879447,1010.478340102758,973.7827723851868,0,night,0,0.0,0,2,0,0,0,0,0,0,0,0,0,0,0,0,0,0,0,0,0,0,0,0,0,0,6,1129.351029028639,982.0105920020555,1082.6851535658332,939.633989883972,16,-0.5000000000000004,-0.8660254037844385,0,1,1,-211.75125182288693,379.1843190919823,973.0697614069028,616.5166494453612,504,504,3.1265375821632744,1.6401687642835652
A1,roll_01,mlr,2026-01-18 17:00:00+00:00,2026-01-18 18:00:00+00:00,0,1,2025-12-08T00:00:00+00:00,2026-01-12T00:00:00+00:00,2026-01-12T00:00:00+00:00,2026-01-19T00:00:00+00:00,1779.6982078336666,1668.167648490565,111.53055934310169,0,night,0,0.0,0,2,0,0,0,0,0,0,0,0,0,0,0,0,0,0,0,0,0,0,0,0,0,0,6,1683.5612400863336,939.633989883972,1215.7402370096668,1984.2611124879447,17,-0.2588190451025206,-0.9659258262890684,0,1,1,-211.75125182288693,379.1843190919823,973.0697614069028,616.5166494453612,504,504,0.8525716779115203,1.3083644166827182
A1,roll_01,mlr,2026-01-18 18:00:00+00:00,2026-01-18 19:00:00+00:00,0,1,2025-12-08T00:00:00+00:00,2026-01-12T00:00:00+00:00,2026-01-12T00:00:00+00:00,2026-01-19T00:00:00+00:00,1945.2175917344168,1637.243743525895,307.97384820852176,0,night,0,0.0,0,2,0,0,0,0,0,0,0,0,0,0,0,0,0,0,0,0,0,0,0,0,0,0,6,2735.553599037861,1984.2611124879447,1466.154889960333,1779.6982078336666,18,-1.8369701987210287e-16,-1.0,0,1,1,-211.75125182288693,379.1843190919823,973.0697614069028,616.5166494453612,504,504,1.3706397492279583,1.5768395406711084
A1,roll_01,mlr,2026-01-18 19:00:00+00:00,2026-01-18 20:00:00+00:00,0,1,2025-12-08T00:00:00+00:00,2026-01-12T00:00:00+00:00,2026-01-12T00:00:00+00:00,2026-01-19T00:00:00+00:00,817.2623687095833,1675.7437746597766,-858.4814059501933,0,night,0,0.0,0,2,0,0,0,0,0,0,0,0,0,0,0,0,0,0,0,0,0,0,0,0,0,0,6,2033.9936153407496,1779.6982078336666,1078.6994199493888,1945.2175917344168,19,0.2588190451025203,-0.9659258262890684,0,1,1,-211.75125182288693,379.1843190919823,973.0697614069028,616.5166494453612,504,504,1.705582540111378,0.252722116811426
A1,roll_01,mlr,2026-01-18 20:00:00+00:00,2026-01-18 21:00:00+00:00,0,1,2025-12-08T00:00:00+00:00,2026-01-12T00:00:00+00:00,2026-01-12T00:00:00+00:00,2026-01-19T00:00:00+00:00,1022.3695540110556,957.8636284554776,64.50592555557785,0,night,0,0.0,0,2,0,0,0,0,0,0,0,0,0,0,0,0,0,0,0,0,0,0,0,0,0,0,6,1245.8312970156112,1945.2175917344168,1284.7492482649168,817.2623687095833,20,0.5000000000000001,-0.8660254037844386,0,1,1,-211.75125182288693,379.1843190919823,973.0697614069028,616.5166494453612,504,504,0.7285564393591142,0.07996506282272267
A1,roll_01,mlr,2026-01-18 21:00:00+00:00,2026-01-18 22:00:00+00:00,0,1,2025-12-08T00:00:00+00:00,2026-01-12T00:00:00+00:00,2026-01-12T00:00:00+00:00,2026-01-19T00:00:00+00:00,579.8006035581112,880.6767953535974,-300.8761917954862,0,night,0,0.0,0,2,0,0,0,0,0,0,0,0,0,0,0,0,0,0,0,0,0,0,0,0,0,0,6,2829.186617279833,817.2623687095833,851.6801286406111,1022.3695540110556,21,0.7071067811865474,-0.7071067811865477,0,1,1,-211.75125182288693,379.1843190919823,973.0697614069028,616.5166494453612,504,504,0.2350438440756813,0.6378889494753947
A1,roll_01,persistence,2026-01-11 23:00:00+00:00,2026-01-12 00:00:00+00:00,0,1,2025-12-08T00:00:00+00:00,2026-01-12T00:00:00+00:00,2026-01-12T00:00:00+00:00,2026-01-19T00:00:00+00:00,2521.281662351861,2501.345489155889,19.93617319597206,0,night,0,0.0,0,1,0,0,0,0,0,0,0,0,0,0,0,0,0,0,0,0,0,0,0,0,0,0,6,364.9348326606112,2652.970591418611,410.7482779138611,2501.345489155889,23,0.965925826289068,-0.2588190451025215,0,1,1,-2.692560749666626,257.96870882059727,1032.0046785286665,666.383730499847,672,672,0.08771890997592152,2.2348639614987365
A1,roll_01,persistence,2026-01-12 00:00:00+00:00,2026-01-12 01:00:00+00:00,0,1,2025-12-08T00:00:00+00:00,2026-01-12T00:00:00+00:00,2026-01-12T00:00:00+00:00,2026-01-19T00:00:00+00:00,2510.7629793080832,2521.281662351861,-10.518683043777855,0,night,0,0.0,0,1,0,0,0,0,0,0,0,0,0,0,0,0,0,0,0,0,0,0,0,0,0,0,0,370.6410842640833,2501.345489155889,405.205528771,2521.281662351861,0,1.0,0.0,0,0,1,-2.692560749666626,257.96870882059727,1032.0046785286665,666.383730499847,672,672,0.030337486782375057,2.2190792378292556
A1,roll_01,persistence,2026-01-12 01:00:00+00:00,2026-01-12 02:00:00+00:00,0,1,2025-12-08T00:00:00+00:00,2026-01-12T00:00:00+00:00,2026-01-12T00:00:00+00:00,2026-01-19T00:00:00+00:00,2517.397726423444,2510.7629793080832,6.634747115360824,0,night,0,0.0,0,0,0,0,0,0,0,0,0,0,0,0,0,0,0,0,0,0,0,0,0,0,0,0,0,368.0486825067223,2521.281662351861,475.14375079194434,2510.7629793080832,1,0.9659258262890684,0.2588190451025207,0,0,1,-2.692560749666626,257.96870882059727,1032.0046785286665,666.383730499847,672,672,0.03615674128723134,2.2290355840179363
A1,roll_01,persistence,2026-01-12 02:00:00+00:00,2026-01-12 03:00:00+00:00,0,1,2025-12-08T00:00:00+00:00,2026-01-12T00:00:00+00:00,2026-01-12T00:00:00+00:00,2026-01-19T00:00:00+00:00,2481.68678522575,2517.397726423444,-35.710941197693955,0,night,0,0.0,0,0,0,0,0,0,0,0,0,0,0,0,0,0,0,0,0,0,0,0,0,0,0,0,0,407.2023981933612,2510.7629793080832,401.84106967408337,2517.397726423444,2,0.8660254037844387,0.4999999999999999,0,0,1,-2.692560749666626,257.96870882059727,1032.0046785286665,666.383730499847,672,672,0.12799374233791183,2.175446428756136
A1,roll_01,persistence,2026-01-12 03:00:00+00:00,2026-01-12 04:00:00+00:00,0,1,2025-12-08T00:00:00+00:00,2026-01-12T00:00:00+00:00,2026-01-12T00:00:00+00:00,2026-01-19T00:00:00+00:00,3016.15648477425,2481.68678522575,534.4696995485001,0,night,0,0.0,0,1,0,0,0,0,0,0,0,0,0,0,0,0,0,0,0,0,0,0,0,0,0,0,0,381.6384086141388,2517.397726423444,367.7446838216111,2481.68678522575,3,0.7071067811865476,0.7071067811865476,0,0,1,-2.692560749666626,257.96870882059727,1032.0046785286665,666.383730499847,672,672,2.0822768108349643,2.9774913693605534
A1,roll_01,persistence,2026-01-12 04:00:00+00:00,2026-01-12 05:00:00+00:00,0,1,2025-12-08T00:00:00+00:00,2026-01-12T00:00:00+00:00,2026-01-12T00:00:00+00:00,2026-01-19T00:00:00+00:00,4262.747835938639,3016.15648477425,1246.5913511643885,0,night,0,0.0,0,0,0,0,0,0,0,0,0,0,0,0,0,0,0,0,0,0,0,0,0,0,0,0,0,1018.144173213861,2481.68678522575,963.4637856096666,3016.15648477425,4,0.5000000000000001,0.8660254037844386,0,0,1,-2.692560749666626,257.96870882059727,1032.0046785286665,666.383730499847,672,672,4.842773054242256,4.848172321053858
A1,roll_01,persistence,2026-01-12 05:00:00+00:00,2026-01-12 06:00:00+00:00,0,1,2025-12-08T00:00:00+00:00,2026-01-12T00:00:00+00:00,2026-01-12T00:00:00+00:00,2026-01-19T00:00:00+00:00,4361.908397110695,4262.747835938639,99.16056117205608,0,night,0,0.0,0,0,0,0,0,0,0,0,0,0,0,0,0,0,0,0,0,0,0,0,0,0,0,0,0,3480.3327933123333,3016.15648477425,1813.34006411675,4262.747835938639,5,0.2588190451025207,0.9659258262890684,0,0,1,-2.692560749666626,257.96870882059727,1032.0046785286665,666.383730499847,672,672,0.3948274284403843,4.996976315859789
A1,roll_01,persistence,2026-01-12 06:00:00+00:00,2026-01-12 07:00:00+00:00,0,1,2025-12-08T00:00:00+00:00,2026-01-12T00:00:00+00:00,2026-01-12T00:00:00+00:00,2026-01-19T00:00:00+00:00,4563.315619382333,4361.908397110695,201.4072222716386,0,night,0,0.0,0,0,0,0,0,0,0,0,0,0,0,0,0,0,0,0,0,0,0,0,0,0,0,0,0,3264.2411370842497,4262.747835938639,1868.444830851611,4361.908397110695,6,6.123233995736766e-17,1.0,0,0,1,-2.692560749666626,257.96870882059727,1032.0046785286665,666.383730499847,672,672,0.7911803875533027,5.299215420827981
A1,roll_01,persistence,2026-01-12 07:00:00+00:00,2026-01-12 08:00:00+00:00,0,1,2025-12-08T00:00:00+00:00,2026-01-12T00:00:00+00:00,2026-01-12T00:00:00+00:00,2026-01-19T00:00:00+00:00,3089.202245556361,4563.315619382333,-1474.1133738259723,1,night,0,0.0,0,1,0,0,0,0,0,0,0,0,0,0,0,0,0,0,0,0,0,0,0,0,0,0,0,3395.476410544472,4361.908397110695,1998.770939867861,4563.315619382333,7,-0.2588190451025206,0.9659258262890684,0,0,1,-2.692560749666626,257.96870882059727,1032.0046785286665,666.383730499847,672,672,5.703873232546185,3.087106531674495
A1,roll_01,persistence,2026-01-12 08:00:00+00:00,2026-01-12 09:00:00+00:00,0,1,2025-12-08T00:00:00+00:00,2026-01-12T00:00:00+00:00,2026-01-12T00:00:00+00:00,2026-01-19T00:00:00+00:00,2796.8041315197224,3089.202245556361,-292.3981140366386,1,med,0,0.0,0,1,0,0,0,0,0,0,0,0,0,0,0,0,0,0,0,0,0,0,0,0,0,0,0,2043.147877824084,4563.315619382333,1620.6764299421666,3089.202245556361,8,-0.4999999999999998,0.8660254037844387,0,0,1,-2.692560749666626,257.96870882059727,1032.0046785286665,666.383730499847,672,672,1.1230259460981598,2.6483231390827915
A1,roll_01,persistence,2026-01-12 09:00:00+00:00,2026-01-12 10:00:00+00:00,0,1,2025-12-08T00:00:00+00:00,2026-01-12T00:00:00+00:00,2026-01-12T00:00:00+00:00,2026-01-19T00:00:00+00:00,746.3919299871112,2796.8041315197224,-2050.412201532611,1,med,0,0.0,0,1,0,0,0,0,0,0,0,0,0,0,0,0,0,0,0,0,0,0,0,0,0,0,0,1179.0779114988334,3089.202245556361,1464.1872420950556,2796.8041315197224,9,-0.7071067811865475,0.7071067811865476,0,0,1,-2.692560749666626,257.96870882059727,1032.0046785286665,666.383730499847,672,672,7.9378605651238825,0.42860102290810786
A1,roll_01,persistence,2026-01-12 10:00:00+00:00,2026-01-12 11:00:00+00:00,0,1,2025-12-08T00:00:00+00:00,2026-01-12T00:00:00+00:00,2026-01-12T00:00:00+00:00,2026-01-19T00:00:00+00:00,632.5966184736388,746.3919299871112,-113.79531151347236,1,high,0,0.0,0,1,0,0,0,0,0,0,0,0,0,0,0,0,0,0,0,0,0,0,0,0,0,0,0,947.8847584085834,2796.8041315197224,474.102661966639,746.3919299871112,10,-0.8660254037844387,0.4999999999999999,0,0,1,-2.692560749666626,257.96870882059727,1032.0046785286665,666.383730499847,672,672,0.43068305172264687,0.5993664637572051
A1,roll_01,persistence,2026-01-12 11:00:00+00:00,2026-01-12 12:00:00+00:00,0,1,2025-12-08T00:00:00+00:00,2026-01-12T00:00:00+00:00,2026-01-12T00:00:00+00:00,2026-01-19T00:00:00+00:00,-422.1210146441389,632.5966184736388,-1054.7176331177775,1,high,0,0.0,0,2,0,0,0,0,0,0,0,0,0,0,0,0,0,0,0,0,0,0,0,0,0,0,0,863.6994095845556,746.3919299871112,924.8024321908888,632.5966184736388,11,-0.9659258262890682,0.258819045102521,0,0,1,-2.692560749666626,257.96870882059727,1032.0046785286665,666.383730499847,672,672,4.078111167737538,2.1821146384862695
A1,roll_01,persistence,2026-01-12 12:00:00+00:00,2026-01-12 13:00:00+00:00,0,1,2025-12-08T00:00:00+00:00,2026-01-12T00:00:00+00:00,2026-01-12T00:00:00+00:00,2026-01-19T00:00:00+00:00,754.2202679822223,-422.1210146441389,1176.3412826263611,1,med,0,0.0,0,2,1,0,0,0,0,0,0,0,0,0,0,0,0,0,0,0,0,0,0,0,0,0,0,843.0538203102777,632.5966184736388,-377.0683961764167,-422.1210146441389,12,-1.0,1.2246467991473532e-16,0,0,1,-2.692560749666626,257.96870882059727,1032.0046785286665,666.383730499847,672,672,4.57045293891043,0.416853530229619
A1,roll_01,persistence,2026-01-12 13:00:00+00:00,2026-01-12 14:00:00+00:00,0,1,2025-12-08T00:00:00+00:00,2026-01-12T00:00:00+00:00,2026-01-12T00:00:00+00:00,2026-01-19T00:00:00+00:00,1500.3252466112224,754.2202679822223,746.1049786290001,1,med,0,0.0,0,2,0,0,0,0,0,0,0,0,0,0,0,0,0,0,0,0,0,0,0,0,0,0,0,1428.490628339573,-422.1210146441389,-533.3608326616389,754.2202679822223,13,-0.9659258262890684,-0.2588190451025208,0,0,1,-2.692560749666626,257.96870882059727,1032.0046785286665,666.383730499847,672,672,2.902668090258239,0.7027791145670285
A1,roll_01,persistence,2026-01-12 14:00:00+00:00,2026-01-12 15:00:00+00:00,0,1,2025-12-08T00:00:00+00:00,2026-01-12T00:00:00+00:00,2026-01-12T00:00:00+00:00,2026-01-19T00:00:00+00:00,586.6202596731389,1500.3252466112224,-913.7049869380836,1,low,0,0.0,0,2,0,0,0,0,0,0,0,0,0,0,0,0,0,0,0,0,0,0,0,0,0,0,0,1773.3037352634722,754.2202679822223,1619.3522628639723,1500.3252466112224,14,-0.8660254037844388,-0.4999999999999997,0,0,1,-2.692560749666626,257.96870882059727,1032.0046785286665,666.383730499847,672,672,3.53148422672447,0.6683602832281781
A1,roll_01,persistence,2026-01-12 15:00:00+00:00,2026-01-12 16:00:00+00:00,0,1,2025-12-08T00:00:00+00:00,2026-01-12T00:00:00+00:00,2026-01-12T00:00:00+00:00,2026-01-19T00:00:00+00:00,1670.774375533639,586.6202596731389,1084.1541158605,1,low,0,0.0,0,2,0,0,0,0,0,0,0,0,0,0,0,0,0,0,0,0,0,0,0,0,0,0,0,2045.117999196167,1500.3252466112224,867.3860450609445,586.6202596731389,15,-0.7071067811865479,-0.7071067811865471,0,0,1,-2.692560749666626,257.96870882059727,1032.0046785286665,666.383730499847,672,672,4.213094997370427,0.9585613630240317
A1,roll_01,persistence,2026-01-12 16:00:00+00:00,2026-01-12 17:00:00+00:00,0,1,2025-12-08T00:00:00+00:00,2026-01-12T00:00:00+00:00,2026-01-12T00:00:00+00:00,2026-01-19T00:00:00+00:00,893.0618960396945,1670.774375533639,-777.7124794939444,0,night,0,0.0,0,2,0,0,0,0,0,0,0,0,0,0,0,0,0,0,0,0,0,0,0,0,0,0,0,1695.0528240614449,586.6202596731389,1129.351029028639,1670.774375533639,16,-0.5000000000000004,-0.8660254037844385,0,0,1,-2.692560749666626,257.96870882059727,1032.0046785286665,666.383730499847,672,672,3.004317547998663,0.20850266314988306
A1,roll_01,persistence,2026-01-12 17:00:00+00:00,2026-01-12 18:00:00+00:00,0,1,2025-12-08T00:00:00+00:00,2026-01-12T00:00:00+00:00,2026-01-12T00:00:00+00:00,2026-01-19T00:00:00+00:00,2274.0885418814723,893.0618960396945,1381.0266458417775,0,night,0,0.0,0,1,0,0,0,0,0,0,0,0,0,0,0,0,0,0,0,0,0,0,0,0,0,0,0,2050.756231673639,1670.774375533639,1683.5612400863336,893.0618960396945,17,-0.2588190451025206,-0.9659258262890684,0,0,1,-2.692560749666626,257.96870882059727,1032.0046785286665,666.383730499847,672,672,5.363903292448322,1.8639168492621099
A1,roll_01,persistence,2026-01-12 18:00:00+00:00,2026-01-12 19:00:00+00:00,0,1,2025-12-08T00:00:00+00:00,2026-01-12T00:00:00+00:00,2026-01-12T00:00:00+00:00,2026-01-19T00:00:00+00:00,1365.6644136303612,2274.0885418814723,-908.4241282511113,0,night,0,0.0,0,1,0,0,0,0,0,0,0,0,0,0,0,0,0,0,0,0,0,0,0,0,0,0,0,3794.624143870611,893.0618960396945,2735.553599037861,2274.0885418814723,18,-1.8369701987210287e-16,-1.0,0,0,1,-2.692560749666626,257.96870882059727,1032.0046785286665,666.383730499847,672,672,3.5110132994127206,0.5007021027530492
A1,roll_01,persistence,2026-01-12 19:00:00+00:00,2026-01-12 20:00:00+00:00,0,1,2025-12-08T00:00:00+00:00,2026-01-12T00:00:00+00:00,2026-01-12T00:00:00+00:00,2026-01-19T00:00:00+00:00,653.7379858252777,1365.6644136303612,-711.9264278050834,0,night,0,0.0,0,1,0,0,0,0,0,0,0,0,0,0,0,0,0,0,0,0,0,0,0,0,0,0,0,1861.5080703779724,2274.0885418814723,2033.9936153407496,1365.6644136303612,19,0.2588190451025203,-0.9659258262890684,0,0,1,-2.692560749666626,257.96870882059727,1032.0046785286665,666.383730499847,672,672,2.749301922306589,0.5676409482861401
A1,roll_01,persistence,2026-01-12 20:00:00+00:00,2026-01-12 21:00:00+00:00,0,1,2025-12-08T00:00:00+00:00,2026-01-12T00:00:00+00:00,2026-01-12T00:00:00+00:00,2026-01-19T00:00:00+00:00,1060.23997367125,653.7379858252777,406.5019878459723,0,night,0,0.0,0,1,0,0,0,0,0,0,0,0,0,0,0,0,0,0,0,0,0,0,0,0,0,0,0,1496.9097637140555,1365.6644136303612,1245.8312970156112,653.7379858252777,20,0.5000000000000001,-0.8660254037844386,0,0,1,-2.692560749666626,257.96870882059727,1032.0046785286665,666.383730499847,672,672,1.586217764419679,0.04237092511458
A1,roll_01,persistence,2026-01-12 21:00:00+00:00,2026-01-12 22:00:00+00:00,0,1,2025-12-08T00:00:00+00:00,2026-01-12T00:00:00+00:00,2026-01-12T00:00:00+00:00,2026-01-19T00:00:00+00:00,372.6696216118889,1060.23997367125,-687.5703520593611,0,night,0,0.0,0,1,0,0,0,0,0,0,0,0,0,0,0,0,0,0,0,0,0,0,0,0,0,0,0,719.7584706931667,653.7379858252777,2829.186617279833,1060.23997367125,21,0.7071067811865474,-0.7071067811865477,0,0,1,-2.692560749666626,257.96870882059727,1032.0046785286665,666.383730499847,672,672,2.654887076967108,0.9894225004896469
A1,roll_01,persistence,2026-01-12 22:00:00+00:00,2026-01-12 23:00:00+00:00,0,1,2025-12-08T00:00:00+00:00,2026-01-12T00:00:00+00:00,2026-01-12T00:00:00+00:00,2026-01-19T00:00:00+00:00,368.2867205090556,372.6696216118889,-4.382901102833273,0,night,0,0.0,0,1,0,0,0,0,0,0,0,0,0,0,0,0,0,0,0,0,0,0,0,0,0,0,0,446.7607589221944,1060.23997367125,2652.970591418611,372.6696216118889,22,0.8660254037844384,-0.5000000000000004,0,0,1,-2.692560749666626,257.96870882059727,1032.0046785286665,666.383730499847,672,672,0.006552501506460552,0.9959996435113496
A1,roll_01,persistence,2026-01-12 23:00:00+00:00,2026-01-13 00:00:00+00:00,0,1,2025-12-08T00:00:00+00:00,2026-01-12T00:00:00+00:00,2026-01-12T00:00:00+00:00,2026-01-19T00:00:00+00:00,366.1301339879167,368.2867205090556,-2.1565865211389337,0,night,0,0.0,0,1,0,0,0,0,0,0,0,0,0,0,0,0,0,0,0,0,0,0,0,0,0,0,0,377.8106354470833,372.6696216118889,2501.345489155889,368.2867205090556,23,0.965925826289068,-0.2588190451025215,0,0,1,-2.692560749666626,257.96870882059727,1032.0046785286665,666.383730499847,672,672,0.002077671477979262,0.999235896772697
A1,roll_01,persistence,2026-01-13 00:00:00+00:00,2026-01-13 01:00:00+00:00,0,1,2025-12-08T00:00:00+00:00,2026-01-12T00:00:00+00:00,2026-01-12T00:00:00+00:00,2026-01-19T00:00:00+00:00,374.135321881,366.1301339879167,8.005187893083303,0,night,0,0.0,0,1,0,1,1,0,3,0,0,0,1,0,1,0,1,0,0,0,1,0,0,0,0,0,1,392.73774841372216,368.2867205090556,2521.281662351861,366.1301339879167,0,1.0,0.0,0,0,1,-2.692560749666626,257.96870882059727,1032.0046785286665,666.383730499847,672,672,0.04146917155828233,0.9872230166156759
A1,roll_01,persistence,2026-01-13 01:00:00+00:00,2026-01-13 02:00:00+00:00,0,1,2025-12-08T00:00:00+00:00,2026-01-12T00:00:00+00:00,2026-01-12T00:00:00+00:00,2026-01-19T00:00:00+00:00,383.9471823114166,374.135321881,9.81186043041663,0,night,0,0.0,0,1,0,1,1,0,3,0,0,0,1,0,1,0,1,0,0,0,1,0,0,0,0,0,1,392.9088330086667,366.1301339879167,2510.7629793080832,374.135321881,1,0.9659258262890684,0.2588190451025207,0,0,1,-2.692560749666626,257.96870882059727,1032.0046785286665,666.383730499847,672,672,0.04847262769679317,0.9724989770250682
A1,roll_01,persistence,2026-01-13 02:00:00+00:00,2026-01-13 03:00:00+00:00,0,1,2025-12-08T00:00:00+00:00,2026-01-12T00:00:00+00:00,2026-01-12T00:00:00+00:00,2026-01-19T00:00:00+00:00,367.6768063598889,383.9471823114166,-16.27037595152774,0,night,0,0.0,0,1,0,1,1,0,3,0,0,0,1,0,1,0,1,0,0,0,1,0,0,0,0,0,1,385.8227960619445,374.135321881,2517.397726423444,383.9471823114166,2,0.8660254037844387,0.4999999999999999,0,0,1,-2.692560749666626,257.96870882059727,1032.0046785286665,666.383730499847,672,672,0.0526335742964226,0.9969149031751912
A1,roll_01,persistence,2026-01-13 03:00:00+00:00,2026-01-13 04:00:00+00:00,0,1,2025-12-08T00:00:00+00:00,2026-01-12T00:00:00+00:00,2026-01-12T00:00:00+00:00,2026-01-19T00:00:00+00:00,977.1223704921111,367.6768063598889,609.4455641322222,0,night,0,0.0,0,1,0,0,0,0,0,0,0,0,0,0,0,0,0,0,0,0,0,0,0,0,0,0,1,392.4521254978611,383.9471823114166,2481.68678522575,367.6768063598889,3,0.7071067811865476,0.7071067811865476,0,0,1,-2.692560749666626,257.96870882059727,1032.0046785286665,666.383730499847,672,672,2.3729161869302393,0.08235841531633552
A1,roll_01,persistence,2026-01-13 04:00:00+00:00,2026-01-13 05:00:00+00:00,0,1,2025-12-08T00:00:00+00:00,2026-01-12T00:00:00+00:00,2026-01-12T00:00:00+00:00,2026-01-19T00:00:00+00:00,2001.738657636584,977.1223704921111,1024.616287144473,0,night,0,0.0,0,1,0,0,0,0,0,0,0,0,0,0,0,0,0,0,0,0,0,0,0,0,0,0,1,1067.7196651701668,367.6768063598889,3016.15648477425,977.1223704921111,4,0.5000000000000001,0.8660254037844386,0,0,1,-2.692560749666626,257.96870882059727,1032.0046785286665,666.383730499847,672,672,3.982300227771327,1.4552185696078306
A1,roll_01,persistence,2026-01-13 05:00:00+00:00,2026-01-13 06:00:00+00:00,0,1,2025-12-08T00:00:00+00:00,2026-01-12T00:00:00+00:00,2026-01-12T00:00:00+00:00,2026-01-19T00:00:00+00:00,2099.6764230465,2001.738657636584,97.93776540991598,0,night,0,0.0,0,1,0,0,0,0,0,0,0,0,0,0,0,0,0,0,0,0,0,0,0,0,0,0,1,1903.881896566528,977.1223704921111,4262.747835938639,2001.738657636584,5,0.2588190451025207,0.9659258262890684,0,0,1,-2.692560749666626,257.96870882059727,1032.0046785286665,666.383730499847,672,672,0.3900873350866959,1.6021875920004602
A1,roll_01,persistence,2026-01-13 06:00:00+00:00,2026-01-13 07:00:00+00:00,0,1,2025-12-08T00:00:00+00:00,2026-01-12T00:00:00+00:00,2026-01-12T00:00:00+00:00,2026-01-19T00:00:00+00:00,1798.5318447581387,2099.6764230465,-301.14457828836134,0,night,0,0.0,0,1,0,0,0,0,0,0,0,0,0,0,0,0,0,0,0,0,0,0,0,0,0,0,1,1884.089269866861,2001.738657636584,4361.908397110695,2099.6764230465,6,6.123233995736766e-17,1.0,0,0,1,-2.692560749666626,257.96870882059727,1032.0046785286665,666.383730499847,672,672,1.156931082468034,1.1502789326121583
A1,roll_01,persistence,2026-01-13 07:00:00+00:00,2026-01-13 08:00:00+00:00,0,1,2025-12-08T00:00:00+00:00,2026-01-12T00:00:00+00:00,2026-01-12T00:00:00+00:00,2026-01-19T00:00:00+00:00,1792.85737564,1798.5318447581387,-5.674469118138632,1,night,0,0.0,0,2,0,0,0,0,0,0,0,0,0,0,0,0,0,0,0,0,0,0,0,0,0,0,1,2001.9943023529447,2099.6764230465,4563.315619382333,1798.5318447581387,7,-0.2588190451025206,0.9659258262890684,0,0,1,-2.692560749666626,257.96870882059727,1032.0046785286665,666.383730499847,672,672,0.011559186314126788,1.1417636149979629
A1,roll_01,persistence,2026-01-13 08:00:00+00:00,2026-01-13 09:00:00+00:00,0,1,2025-12-08T00:00:00+00:00,2026-01-12T00:00:00+00:00,2026-01-12T00:00:00+00:00,2026-01-19T00:00:00+00:00,1704.9205994411388,1792.85737564,-87.93677619886125,1,low,0,0.0,0,2,0,0,0,0,0,0,0,0,0,0,0,0,0,0,0,0,0,0,0,0,0,0,1,2286.4682565411667,1798.5318447581387,3089.202245556361,1792.85737564,8,-0.4999999999999998,0.8660254037844387,0,0,1,-2.692560749666626,257.96870882059727,1032.0046785286665,666.383730499847,672,672,0.33044401330270323,1.009802445818606
A1,roll_01,persistence,2026-01-13 09:00:00+00:00,2026-01-13 10:00:00+00:00,0,1,2025-12-08T00:00:00+00:00,2026-01-12T00:00:00+00:00,2026-01-12T00:00:00+00:00,2026-01-19T00:00:00+00:00,1712.5081979704166,1704.9205994411388,7.587598529277784,1,low,0,0.0,0,2,0,0,0,0,0,0,0,0,0,0,0,0,0,0,0,0,0,0,0,0,0,0,1,1821.3285119935,1792.85737564,2796.8041315197224,1704.9205994411388,9,-0.7071067811865475,0.7071067811865476,0,0,1,-2.692560749666626,257.96870882059727,1032.0046785286665,666.383730499847,672,672,0.03985041180360244,1.021188675976996
A1,roll_01,persistence,2026-01-13 10:00:00+00:00,2026-01-13 11:00:00+00:00,0,1,2025-12-08T00:00:00+00:00,2026-01-12T00:00:00+00:00,2026-01-12T00:00:00+00:00,2026-01-19T00:00:00+00:00,1729.1863273721667,1712.5081979704166,16.678129401750084,1,low,0,0.0,0,2,0,0,0,0,0,0,0,0,0,0,0,0,0,0,0,0,0,0,0,0,0,0,1,1457.3535129481943,1704.9205994411388,746.3919299871112,1712.5081979704166,10,-0.8660254037844387,0.4999999999999999,0,0,1,-2.692560749666626,257.96870882059727,1032.0046785286665,666.383730499847,672,672,0.07508930148922804,1.0462164919911114
A1,roll_01,persistence,2026-01-13 11:00:00+00:00,2026-01-13 12:00:00+00:00,0,1,2025-12-08T00:00:00+00:00,2026-01-12T00:00:00+00:00,2026-01-12T00:00:00+00:00,2026-01-19T00:00:00+00:00,1776.8351252307775,1729.1863273721667,47.648797858610806,1,low,0,0.0,0,2,0,0,0,0,0,0,0,0,0,0,0,0,0,0,0,0,0,0,0,0,0,0,1,1098.783385659861,1712.5081979704166,632.5966184736388,1729.1863273721667,11,-0.9659258262890682,0.258819045102521,0,0,1,-2.692560749666626,257.96870882059727,1032.0046785286665,666.383730499847,672,672,0.19514521291528816,1.1177200351866663
A1,roll_01,persistence,2026-01-13 12:00:00+00:00,2026-01-13 13:00:00+00:00,0,1,2025-12-08T00:00:00+00:00,2026-01-12T00:00:00+00:00,2026-01-12T00:00:00+00:00,2026-01-19T00:00:00+00:00,1850.1251705731663,1776.8351252307775,73.2900453423888,1,low,0,0.0,0,2,0,0,0,0,0,0,0,0,0,0,0,0,0,0,0,0,0,0,0,0,0,0,1,894.0836341709445,1729.1863273721667,-422.1210146441389,1776.8351252307775,12,-1.0,1.2246467991473532e-16,0,0,1,-2.692560749666626,257.96870882059727,1032.0046785286665,666.383730499847,672,672,0.2945419482829487,1.227701779920162
A1,roll_01,persistence,2026-01-13 13:00:00+00:00,2026-01-13 14:00:00+00:00,0,1,2025-12-08T00:00:00+00:00,2026-01-12T00:00:00+00:00,2026-01-12T00:00:00+00:00,2026-01-19T00:00:00+00:00,2103.8606620909723,1850.1251705731663,253.73549151780597,1,low,0,0.0,0,2,0,0,0,0,0,0,0,0,0,0,0,0,0,0,0,0,0,0,0,0,0,0,1,329.2631219953055,1776.8351252307775,754.2202679822223,1850.1251705731663,13,-0.9659258262890684,-0.2588190451025208,0,0,1,-2.692560749666626,257.96870882059727,1032.0046785286665,666.383730499847,672,672,0.994027738634781,1.6084666154113914
A1,roll_01,persistence,2026-01-13 14:00:00+00:00,2026-01-13 15:00:00+00:00,0,1,2025-12-08T00:00:00+00:00,2026-01-12T00:00:00+00:00,2026-01-12T00:00:00+00:00,2026-01-19T00:00:00+00:00,1367.69234237475,2103.8606620909723,-736.1683197162222,1,low,0,0.0,0,2,0,0,0,0,0,0,0,0,0,0,0,0,0,0,0,0,0,0,0,0,0,0,1,967.2042220471388,1850.1251705731663,1500.3252466112224,2103.8606620909723,14,-0.8660254037844388,-0.4999999999999997,0,0,1,-2.692560749666626,257.96870882059727,1032.0046785286665,666.383730499847,672,672,2.843274140960432,0.5037452874101352
A1,roll_01,persistence,2026-01-13 15:00:00+00:00,2026-01-13 16:00:00+00:00,0,1,2025-12-08T00:00:00+00:00,2026-01-12T00:00:00+00:00,2026-01-12T00:00:00+00:00,2026-01-19T00:00:00+00:00,2518.591872478111,1367.69234237475,1150.8995301033608,1,night,0,0.0,0,2,0,0,0,0,0,0,0,0,0,0,0,0,0,0,0,0,0,0,0,0,0,0,1,2273.575334169805,2103.8606620909723,586.6202596731389,1367.69234237475,15,-0.7071067811865479,-0.7071067811865471,0,0,1,-2.692560749666626,257.96870882059727,1032.0046785286665,666.383730499847,672,672,4.47182953361714,2.230827563623697
A1,roll_01,persistence,2026-01-13 16:00:00+00:00,2026-01-13 17:00:00+00:00,0,1,2025-12-08T00:00:00+00:00,2026-01-12T00:00:00+00:00,2026-01-12T00:00:00+00:00,2026-01-19T00:00:00+00:00,2818.4871972926667,2518.591872478111,299.8953248145558,0,night,0,0.0,0,2,0,0,0,0,0,0,0,0,0,0,0,0,0,0,0,0,0,0,0,0,0,0,1,1652.948210602611,1367.69234237475,1670.774375533639,2518.591872478111,16,-0.5000000000000004,-0.8660254037844385,0,0,1,-2.692560749666626,257.96870882059727,1032.0046785286665,666.383730499847,672,672,1.1729635231637932,2.6808615471809003
A1,roll_01,persistence,2026-01-13 17:00:00+00:00,2026-01-13 18:00:00+00:00,0,1,2025-12-08T00:00:00+00:00,2026-01-12T00:00:00+00:00,2026-01-12T00:00:00+00:00,2026-01-19T00:00:00+00:00,1383.2154217488053,2818.4871972926667,-1435.2717755438614,0,night,0,0.0,0,2,0,0,0,0,0,0,0,0,0,0,0,0,0,0,0,0,0,0,0,0,0,0,1,2089.0237929649165,2518.591872478111,893.0618960396945,2818.4871972926667,17,-0.2588190451025206,-0.9659258262890684,0,0,1,-2.692560749666626,257.96870882059727,1032.0046785286665,666.383730499847,672,672,5.5533061406702355,0.5270397927582947
A1,roll_01,persistence,2026-01-13 18:00:00+00:00,2026-01-13 19:00:00+00:00,0,1,2025-12-08T00:00:00+00:00,2026-01-12T00:00:00+00:00,2026-01-12T00:00:00+00:00,2026-01-19T00:00:00+00:00,962.6741752021112,1383.2154217488053,-420.5412465466941,0,night,0,0.0,0,2,0,0,0,0,0,0,0,0,0,0,0,0,0,0,0,0,0,0,0,0,0,0,1,2541.390361368472,2818.4871972926667,2274.0885418814723,1383.2154217488053,18,-1.8369701987210287e-16,-1.0,0,0,1,-2.692560749666626,257.96870882059727,1032.0046785286665,666.383730499847,672,672,1.6197650005978736,0.1040399099698177
A1,roll_01,persistence,2026-01-13 19:00:00+00:00,2026-01-13 20:00:00+00:00,0,1,2025-12-08T00:00:00+00:00,2026-01-12T00:00:00+00:00,2026-01-12T00:00:00+00:00,2026-01-19T00:00:00+00:00,2371.2932299861945,962.6741752021112,1408.6190547840831,0,night,0,0.0,0,2,0,0,0,0,0,0,0,0,0,0,0,0,0,0,0,0,0,0,0,0,0,0,1,1259.8555531175557,1383.2154217488053,1365.6644136303612,962.6741752021112,19,0.2588190451025203,-0.9659258262890684,0,0,1,-2.692560749666626,257.96870882059727,1032.0046785286665,666.383730499847,672,672,5.470863586464038,2.009785788817117
A1,roll_01,persistence,2026-01-13 20:00:00+00:00,2026-01-13 21:00:00+00:00,0,1,2025-12-08T00:00:00+00:00,2026-01-12T00:00:00+00:00,2026-01-12T00:00:00+00:00,2026-01-19T00:00:00+00:00,813.2224330626667,2371.2932299861945,-1558.0707969235275,0,night,0,0.0,0,2,0,0,0,0,0,0,0,0,0,0,0,0,0,0,0,0,0,0,0,0,0,0,1,856.5431156826388,962.6741752021112,653.7379858252777,2371.2932299861945,20,0.5000000000000001,-0.8660254037844386,0,0,1,-2.692560749666626,257.96870882059727,1032.0046785286665,666.383730499847,672,672,6.02932907361078,0.32831270550662106
A1,roll_01,persistence,2026-01-13 21:00:00+00:00,2026-01-13 22:00:00+00:00,0,1,2025-12-08T00:00:00+00:00,2026-01-12T00:00:00+00:00,2026-01-12T00:00:00+00:00,2026-01-19T00:00:00+00:00,1323.4556494799722,813.2224330626667,510.2332164173055,0,night,0,0.0,0,1,0,0,0,0,0,0,0,0,0,0,0,0,0,0,0,0,0,0,0,0,0,0,1,575.4723228509444,2371.2932299861945,1060.23997367125,813.2224330626667,21,0.7071067811865474,-0.7071067811865477,0,0,1,-2.692560749666626,257.96870882059727,1032.0046785286665,666.383730499847,672,672,1.988325558987401,0.4373620747503717
A1,roll_01,persistence,2026-01-13 22:00:00+00:00,2026-01-13 23:00:00+00:00,0,1,2025-12-08T00:00:00+00:00,2026-01-12T00:00:00+00:00,2026-01-12T00:00:00+00:00,2026-01-19T00:00:00+00:00,690.983777113111,1323.4556494799722,-632.4718723668611,0,night,0,0.0,0,1,0,0,0,0,0,0,0,0,0,0,0,0,0,0,0,0,0,0,0,0,0,0,1,379.3353790977222,813.2224330626667,372.6696216118889,1323.4556494799722,22,0.8660254037844384,-0.5000000000000004,0,0,1,-2.692560749666626,257.96870882059727,1032.0046785286665,666.383730499847,672,672,2.4413011736829313,0.5117485403789188
A1,roll_01,persistence,2026-01-13 23:00:00+00:00,2026-01-14 00:00:00+00:00,0,1,2025-12-08T00:00:00+00:00,2026-01-12T00:00:00+00:00,2026-01-12T00:00:00+00:00,2026-01-19T00:00:00+00:00,373.91198171711113,690.983777113111,-317.0717953959999,0,night,0,0.0,0,1,0,0,0,0,0,0,0,0,0,0,0,0,0,0,0,0,0,0,0,0,0,0,1,372.6325051877778,1323.4556494799722,368.2867205090556,690.983777113111,23,0.965925826289068,-0.2588190451025215,0,0,1,-2.692560749666626,257.96870882059727,1032.0046785286665,666.383730499847,672,672,1.2186719702697213,0.9875581691016487
A1,roll_01,persistence,2026-01-14 00:00:00+00:00,2026-01-14 01:00:00+00:00,0,1,2025-12-08T00:00:00+00:00,2026-01-12T00:00:00+00:00,2026-01-12T00:00:00+00:00,2026-01-19T00:00:00+00:00,370.08383153427775,373.91198171711113,-3.828150182833383,0,night,0,0.0,0,1,0,0,0,0,0,0,0,0,0,0,0,0,0,0,0,0,0,0,0,0,0,0,2,389.1375681515556,690.983777113111,366.1301339879167,373.91198171711113,0,1.0,0.0,0,0,1,-2.692560749666626,257.96870882059727,1032.0046785286665,666.383730499847,672,672,0.00440204332672183,0.9933028324354336
A1,roll_01,persistence,2026-01-14 01:00:00+00:00,2026-01-14 02:00:00+00:00,0,1,2025-12-08T00:00:00+00:00,2026-01-12T00:00:00+00:00,2026-01-12T00:00:00+00:00,2026-01-19T00:00:00+00:00,363.9680898908056,370.08383153427775,-6.115741643472177,0,night,0,0.0,0,1,0,0,0,0,0,0,0,0,0,0,0,0,0,0,0,0,0,0,0,0,0,0,2,401.5769106128611,373.91198171711113,374.135321881,370.08383153427775,1,0.9659258262890684,0.2588190451025207,0,0,1,-2.692560749666626,257.96870882059727,1032.0046785286665,666.383730499847,672,672,0.013269752403134213,1.0024803398738054
A1,roll_01,persistence,2026-01-14 02:00:00+00:00,2026-01-14 03:00:00+00:00,0,1,2025-12-08T00:00:00+00:00,2026-01-12T00:00:00+00:00,2026-01-12T00:00:00+00:00,2026-01-19T00:00:00+00:00,367.8678755790834,363.9680898908056,3.8997856882778015,0,night,0,0.0,0,1,0,0,0,0,0,0,0,0,0,0,0,0,0,0,0,0,0,0,0,0,0,0,2,377.4491772511944,370.08383153427775,383.9471823114166,363.9680898908056,2,0.8660254037844387,0.4999999999999999,0,0,1,-2.692560749666626,257.96870882059727,1032.0046785286665,666.383730499847,672,672,0.025554829762430734,0.9966281776588716
A1,roll_01,persistence,2026-01-14 03:00:00+00:00,2026-01-14 04:00:00+00:00,0,1,2025-12-08T00:00:00+00:00,2026-01-12T00:00:00+00:00,2026-01-12T00:00:00+00:00,2026-01-19T00:00:00+00:00,1021.3973762487502,367.8678755790834,653.5295006696668,0,night,0,0.0,0,1,0,0,0,0,0,0,0,0,0,0,0,0,0,0,0,0,0,0,0,0,0,0,2,390.0319296185555,363.9680898908056,367.6768063598889,367.8678755790834,3,0.7071067811865476,0.7071067811865476,0,0,1,-2.692560749666626,257.96870882059727,1032.0046785286665,666.383730499847,672,672,2.5438048840090097,0.01591770896321239
A1,roll_01,persistence,2026-01-14 04:00:00+00:00,2026-01-14 05:00:00+00:00,0,1,2025-12-08T00:00:00+00:00,2026-01-12T00:00:00+00:00,2026-01-12T00:00:00+00:00,2026-01-19T00:00:00+00:00,2059.780215135472,1021.3973762487502,1038.382838886722,0,night,0,0.0,0,1,0,0,0,0,0,0,0,0,0,0,0,0,0,0,0,0,0,0,0,0,0,0,2,995.877723643,367.8678755790834,977.1223704921111,1021.3973762487502,4,0.5000000000000001,0.8660254037844386,0,0,1,-2.692560749666626,257.96870882059727,1032.0046785286665,666.383730499847,672,672,4.035665427780228,1.542317871169938
A1,roll_01,persistence,2026-01-14 05:00:00+00:00,2026-01-14 06:00:00+00:00,0,1,2025-12-08T00:00:00+00:00,2026-01-12T00:00:00+00:00,2026-01-12T00:00:00+00:00,2026-01-19T00:00:00+00:00,1951.7951114496389,2059.780215135472,-107.98510368583334,0,night,0,0.0,0,1,0,0,0,0,0,0,0,0,0,0,0,0,0,0,0,0,0,0,0,0,0,0,2,2048.148801472083,1021.3973762487502,2001.738657636584,2059.780215135472,5,0.2588190451025207,0.9659258262890684,0,0,1,-2.692560749666626,257.96870882059727,1032.0046785286665,666.383730499847,672,672,0.40816013468281437,1.3802714424481037
A1,roll_01,persistence,2026-01-14 06:00:00+00:00,2026-01-14 07:00:00+00:00,0,1,2025-12-08T00:00:00+00:00,2026-01-12T00:00:00+00:00,2026-01-12T00:00:00+00:00,2026-01-19T00:00:00+00:00,1687.1433126186946,1951.7951114496389,-264.65179883094424,0,night,0,0.0,0,1,0,0,0,0,0,0,0,0,0,0,0,0,0,0,0,0,0,0,0,0,0,0,2,2144.072206509945,2059.780215135472,2099.6764230465,1951.7951114496389,6,6.123233995736766e-17,1.0,0,0,1,-2.692560749666626,257.96870882059727,1032.0046785286665,666.383730499847,672,672,1.0154690438190141,0.9831251936457329
A1,roll_01,persistence,2026-01-14 07:00:00+00:00,2026-01-14 08:00:00+00:00,0,1,2025-12-08T00:00:00+00:00,2026-01-12T00:00:00+00:00,2026-01-12T00:00:00+00:00,2026-01-19T00:00:00+00:00,1700.1424731680556,1687.1433126186946,12.999160549361022,1,night,0,0.0,0,1,0,0,0,0,0,0,0,0,0,0,0,0,0,0,0,0,0,0,0,0,0,0,2,1962.395727615584,1951.7951114496389,1798.5318447581387,1687.1433126186946,7,-0.2588190451025206,0.9659258262890684,0,0,1,-2.692560749666626,257.96870882059727,1032.0046785286665,666.383730499847,672,672,0.0608280026316694,1.0026322133318386
A1,roll_01,persistence,2026-01-14 08:00:00+00:00,2026-01-14 09:00:00+00:00,0,1,2025-12-08T00:00:00+00:00,2026-01-12T00:00:00+00:00,2026-01-12T00:00:00+00:00,2026-01-19T00:00:00+00:00,1616.381493539,1700.1424731680556,-83.76097962905556,1,night,0,0.0,0,1,0,0,0,0,0,0,0,0,0,0,0,0,0,0,0,0,0,0,0,0,0,0,2,1449.9337721436666,1687.1433126186946,1792.85737564,1700.1424731680556,8,-0.4999999999999998,0.8660254037844387,0,0,1,-2.692560749666626,257.96870882059727,1032.0046785286665,666.383730499847,672,672,0.314256792035066,0.8769373984745981
A1,roll_01,persistence,2026-01-14 09:00:00+00:00,2026-01-14 10:00:00+00:00,0,1,2025-12-08T00:00:00+00:00,2026-01-12T00:00:00+00:00,2026-01-12T00:00:00+00:00,2026-01-19T00:00:00+00:00,1771.2370990303614,1616.381493539,154.8556054913613,1,low,0,0.0,0,2,0,0,0,0,0,0,0,0,0,0,0,0,0,0,0,0,0,0,0,0,0,0,2,1045.4205219210555,1700.1424731680556,1704.9205994411388,1616.381493539,9,-0.7071067811865475,0.7071067811865476,0,0,1,-2.692560749666626,257.96870882059727,1032.0046785286665,666.383730499847,672,672,0.6107258781939859,1.1093194306337653
A1,roll_01,persistence,2026-01-14 10:00:00+00:00,2026-01-14 11:00:00+00:00,0,1,2025-12-08T00:00:00+00:00,2026-01-12T00:00:00+00:00,2026-01-12T00:00:00+00:00,2026-01-19T00:00:00+00:00,1698.523145841389,1771.2370990303614,-72.71395318897248,1,low,0,0.0,0,2,0,0,0,0,0,0,0,0,0,0,0,0,0,0,0,0,0,0,0,0,0,0,2,760.5154770373333,1616.381493539,1712.5081979704166,1771.2370990303614,10,-0.8660254037844387,0.4999999999999999,0,0,1,-2.692560749666626,257.96870882059727,1032.0046785286665,666.383730499847,672,672,0.27143366635215355,1.0002021910300454
A1,roll_01,persistence,2026-01-14 11:00:00+00:00,2026-01-14 12:00:00+00:00,0,1,2025-12-08T00:00:00+00:00,2026-01-12T00:00:00+00:00,2026-01-12T00:00:00+00:00,2026-01-19T00:00:00+00:00,986.6906551339166,1698.523145841389,-711.8324907074723,1,low,0,0.0,0,2,0,0,0,0,0,0,0,0,0,0,0,0,0,0,0,0,0,0,0,0,0,0,2,546.3529176781944,1771.2370990303614,1729.1863273721667,1698.523145841389,11,-0.9659258262890682,0.258819045102521,0,0,1,-2.692560749666626,257.96870882059727,1032.0046785286665,666.383730499847,672,672,2.7489377808646265,0.0679998945363813
A1,roll_01,persistence,2026-01-14 12:00:00+00:00,2026-01-14 13:00:00+00:00,0,1,2025-12-08T00:00:00+00:00,2026-01-12T00:00:00+00:00,2026-01-12T00:00:00+00:00,2026-01-19T00:00:00+00:00,1215.6235662438055,986.6906551339166,228.9329111098889,1,low,0,0.0,0,2,0,0,0,0,0,0,0,0,0,0,0,0,0,0,0,0,0,0,0,0,0,0,2,756.1850252865555,1698.523145841389,1776.8351252307775,986.6906551339166,12,-1.0,1.2246467991473532e-16,0,0,1,-2.692560749666626,257.96870882059727,1032.0046785286665,666.383730499847,672,672,0.8978820451461732,0.2755452741581918
A1,roll_01,persistence,2026-01-14 13:00:00+00:00,2026-01-14 14:00:00+00:00,0,1,2025-12-08T00:00:00+00:00,2026-01-12T00:00:00+00:00,2026-01-12T00:00:00+00:00,2026-01-19T00:00:00+00:00,1567.194707997861,1215.6235662438055,351.5711417540556,1,low,0,0.0,0,2,0,0,0,0,0,0,0,0,0,0,0,0,0,0,0,0,0,0,0,0,0,0,2,1302.286245294389,986.6906551339166,1850.1251705731663,1215.6235662438055,13,-0.9659258262890684,-0.2588190451025208,0,0,1,-2.692560749666626,257.96870882059727,1032.0046785286665,666.383730499847,672,672,1.3732816825861338,0.8031258942467795
A1,roll_01,persistence,2026-01-14 14:00:00+00:00,2026-01-14 15:00:00+00:00,0,1,2025-12-08T00:00:00+00:00,2026-01-12T00:00:00+00:00,2026-01-12T00:00:00+00:00,2026-01-19T00:00:00+00:00,1578.744458172111,1567.194707997861,11.549750174249994,1,night,0,0.0,0,2,0,0,0,0,0,0,0,0,0,0,0,0,0,0,0,0,0,0,0,0,0,0,2,1726.787963903611,1215.6235662438055,2103.8606620909723,1567.194707997861,14,-0.8660254037844388,-0.4999999999999997,0,0,1,-2.692560749666626,257.96870882059727,1032.0046785286665,666.383730499847,672,672,0.0552094515223602,0.8204578752745675
A1,roll_01,persistence,2026-01-14 15:00:00+00:00,2026-01-14 16:00:00+00:00,0,1,2025-12-08T00:00:00+00:00,2026-01-12T00:00:00+00:00,2026-01-12T00:00:00+00:00,2026-01-19T00:00:00+00:00,1624.9310390754445,1578.744458172111,46.18658090333338,1,night,0,0.0,0,2,0,0,0,0,0,0,0,0,0,0,0,0,0,0,0,0,0,0,0,0,0,0,2,2477.2962560777223,1567.194707997861,1367.69234237475,1578.744458172111,15,-0.7071067811865479,-0.7071067811865471,0,0,1,-2.692560749666626,257.96870882059727,1032.0046785286665,666.383730499847,672,672,0.18947701787736085,0.8897671617853431
A1,roll_01,persistence,2026-01-14 16:00:00+00:00,2026-01-14 17:00:00+00:00,0,1,2025-12-08T00:00:00+00:00,2026-01-12T00:00:00+00:00,2026-01-12T00:00:00+00:00,2026-01-19T00:00:00+00:00,1793.6743844524724,1624.9310390754445,168.74334537702794,0,night,0,0.0,0,2,0,0,0,0,0,0,0,0,0,0,0,0,0,0,0,0,0,0,0,0,0,0,2,2736.9958837058616,1578.744458172111,2518.591872478111,1624.9310390754445,16,-0.5000000000000004,-0.8660254037844385,0,0,1,-2.692560749666626,257.96870882059727,1032.0046785286665,666.383730499847,672,672,0.6645608566654438,1.1429896485505218
A1,roll_01,persistence,2026-01-14 17:00:00+00:00,2026-01-14 18:00:00+00:00,0,1,2025-12-08T00:00:00+00:00,2026-01-12T00:00:00+00:00,2026-01-12T00:00:00+00:00,2026-01-19T00:00:00+00:00,1048.612189175861,1793.6743844524724,-745.0621952766114,0,night,0,0.0,0,2,0,0,0,0,0,0,0,0,0,0,0,0,0,0,0,0,0,0,0,0,0,0,2,2262.745013387778,1624.9310390754445,2818.4871972926667,1793.6743844524724,17,-0.2588190451025206,-0.9659258262890684,0,0,1,-2.692560749666626,257.96870882059727,1032.0046785286665,666.383730499847,672,672,2.877750708297033,0.024921842906844863
A1,roll_01,persistence,2026-01-14 18:00:00+00:00,2026-01-14 19:00:00+00:00,0,1,2025-12-08T00:00:00+00:00,2026-01-12T00:00:00+00:00,2026-01-12T00:00:00+00:00,2026-01-19T00:00:00+00:00,1797.1453520931666,1048.612189175861,748.5331629173056,0,night,0,0.0,0,2,0,0,0,0,0,0,0,0,0,0,0,0,0,0,0,0,0,0,0,0,0,0,2,1568.7467902066112,1793.6743844524724,1383.2154217488053,1048.612189175861,18,-1.8369701987210287e-16,-1.0,0,0,1,-2.692560749666626,257.96870882059727,1032.0046785286665,666.383730499847,672,672,2.9120807988747486,1.1481983105898708
A1,roll_01,persistence,2026-01-14 19:00:00+00:00,2026-01-14 20:00:00+00:00,0,1,2025-12-08T00:00:00+00:00,2026-01-12T00:00:00+00:00,2026-01-12T00:00:00+00:00,2026-01-19T00:00:00+00:00,741.7054459836112,1797.1453520931666,-1055.4399061095555,0,night,0,0.0,0,2,0,0,0,0,0,0,0,0,0,0,0,0,0,0,0,0,0,0,0,0,0,0,2,2191.9078966617776,1048.612189175861,962.6741752021112,1797.1453520931666,19,0.2588190451025203,-0.9659258262890684,0,0,1,-2.692560749666626,257.96870882059727,1032.0046785286665,666.383730499847,672,672,4.080911015033283,0.4356337336256771
A1,roll_01,persistence,2026-01-14 20:00:00+00:00,2026-01-14 21:00:00+00:00,0,1,2025-12-08T00:00:00+00:00,2026-01-12T00:00:00+00:00,2026-01-12T00:00:00+00:00,2026-01-19T00:00:00+00:00,554.3527368332501,741.7054459836112,-187.35270915036108,0,night,0,0.0,0,2,0,0,0,0,0,0,0,0,0,0,0,0,0,0,0,0,0,0,0,0,0,0,2,974.76946242625,1797.1453520931666,2371.2932299861945,741.7054459836112,20,0.5000000000000001,-0.8660254037844386,0,0,1,-2.692560749666626,257.96870882059727,1032.0046785286665,666.383730499847,672,672,0.715823827025142,0.7167821179204585
A1,roll_01,persistence,2026-01-14 21:00:00+00:00,2026-01-14 22:00:00+00:00,0,1,2025-12-08T00:00:00+00:00,2026-01-12T00:00:00+00:00,2026-01-12T00:00:00+00:00,2026-01-19T00:00:00+00:00,374.6190320515,554.3527368332501,-179.73370478175008,0,night,0,0.0,0,2,0,0,0,0,0,0,0,0,0,0,0,0,0,0,0,0,0,0,0,0,0,0,2,588.3848682054444,741.7054459836112,813.2224330626667,554.3527368332501,21,0.7071067811865474,-0.7071067811865477,0,0,1,-2.692560749666626,257.96870882059727,1032.0046785286665,666.383730499847,672,672,0.6862892202759584,0.986497143296204
A1,roll_01,persistence,2026-01-14 22:00:00+00:00,2026-01-14 23:00:00+00:00,0,1,2025-12-08T00:00:00+00:00,2026-01-12T00:00:00+00:00,2026-01-12T00:00:00+00:00,2026-01-19T00:00:00+00:00,391.3148025667222,374.6190320515,16.695770515222193,0,night,0,0.0,0,2,0,1,1,0,2,0,0,0,1,0,1,0,1,0,0,0,1,0,0,0,0,0,2,377.2789850275833,554.3527368332501,1323.4556494799722,374.6190320515,22,0.8660254037844384,-0.5000000000000004,0,0,1,-2.692560749666626,257.96870882059727,1032.0046785286665,666.383730499847,672,672,0.07515768619198042,0.9614428543766668
A1,roll_01,persistence,2026-01-14 23:00:00+00:00,2026-01-15 00:00:00+00:00,0,1,2025-12-08T00:00:00+00:00,2026-01-12T00:00:00+00:00,2026-01-12T00:00:00+00:00,2026-01-19T00:00:00+00:00,367.0031919465834,391.3148025667222,-24.311610620138826,0,night,0,0.0,0,2,0,1,1,0,2,0,0,0,1,0,1,0,1,0,0,0,1,0,0,0,0,0,2,379.2127282198055,374.6190320515,690.983777113111,391.3148025667222,23,0.965925826289068,-0.2588190451025215,0,0,1,-2.692560749666626,257.96870882059727,1032.0046785286665,666.383730499847,672,672,0.08380493110700117,0.9979257538044527
A1,roll_01,persistence,2026-01-15 00:00:00+00:00,2026-01-15 01:00:00+00:00,0,1,2025-12-08T00:00:00+00:00,2026-01-12T00:00:00+00:00,2026-01-12T00:00:00+00:00,2026-01-19T00:00:00+00:00,371.0505770755,367.0031919465834,4.047385128916574,0,night,0,0.0,0,2,0,0,0,0,0,0,0,0,0,0,0,0,0,0,0,0,0,0,0,0,0,0,3,398.8101495591666,391.3148025667222,373.91198171711113,367.0031919465834,0,1.0,0.0,0,0,1,-2.692560749666626,257.96870882059727,1032.0046785286665,666.383730499847,672,672,0.02612699001129805,0.9918520984259208
A1,roll_01,persistence,2026-01-15 01:00:00+00:00,2026-01-15 02:00:00+00:00,0,1,2025-12-08T00:00:00+00:00,2026-01-12T00:00:00+00:00,2026-01-12T00:00:00+00:00,2026-01-19T00:00:00+00:00,364.3398802528056,371.0505770755,-6.710696822694388,0,night,0,0.0,0,2,0,0,0,0,0,0,0,0,0,0,0,0,0,0,0,0,0,0,0,0,0,0,3,401.6086582135,367.0031919465834,370.08383153427775,371.0505770755,1,0.9659258262890684,0.2588190451025207,0,0,1,-2.692560749666626,257.96870882059727,1032.0046785286665,666.383730499847,672,672,0.015576059946953293,1.001922417546198
A1,roll_01,persistence,2026-01-15 02:00:00+00:00,2026-01-15 03:00:00+00:00,0,1,2025-12-08T00:00:00+00:00,2026-01-12T00:00:00+00:00,2026-01-12T00:00:00+00:00,2026-01-19T00:00:00+00:00,373.5574161077223,364.3398802528056,9.21753585491672,0,night,0,0.0,0,2,0,0,0,0,0,0,0,0,0,0,0,0,0,0,0,0,0,0,0,0,0,0,3,395.4177442066111,371.0505770755,363.9680898908056,364.3398802528056,2,0.8660254037844387,0.4999999999999999,0,0,1,-2.692560749666626,257.96870882059727,1032.0046785286665,666.383730499847,672,672,0.04616876464992562,0.988090243330296
A1,roll_01,persistence,2026-01-15 03:00:00+00:00,2026-01-15 04:00:00+00:00,0,1,2025-12-08T00:00:00+00:00,2026-01-12T00:00:00+00:00,2026-01-12T00:00:00+00:00,2026-01-19T00:00:00+00:00,1052.1522978683056,373.5574161077223,678.5948817605833,0,night,0,0.0,0,2,0,0,0,0,0,0,0,0,0,0,0,0,0,0,0,0,0,0,0,0,0,0,3,489.5676838576112,364.3398802528056,367.8678755790834,373.5574161077223,3,0.7071067811865476,0.7071067811865476,0,0,1,-2.692560749666626,257.96870882059727,1032.0046785286665,666.383730499847,672,672,2.6409693083514525,0.030234260558141993
A1,roll_01,persistence,2026-01-15 04:00:00+00:00,2026-01-15 05:00:00+00:00,0,1,2025-12-08T00:00:00+00:00,2026-01-12T00:00:00+00:00,2026-01-12T00:00:00+00:00,2026-01-19T00:00:00+00:00,2039.245831840444,1052.1522978683056,987.0935339721384,0,night,0,0.0,0,2,0,0,0,0,0,0,0,0,0,0,0,0,0,0,0,0,0,0,0,0,0,0,3,1013.4860831681112,373.5574161077223,1021.3973762487502,1052.1522978683056,4,0.5000000000000001,0.8660254037844386,0,0,1,-2.692560749666626,257.96870882059727,1032.0046785286665,666.383730499847,672,672,3.836845558699701,1.5115032183577726
A1,roll_01,persistence,2026-01-15 05:00:00+00:00,2026-01-15 06:00:00+00:00,0,1,2025-12-08T00:00:00+00:00,2026-01-12T00:00:00+00:00,2026-01-12T00:00:00+00:00,2026-01-19T00:00:00+00:00,2008.2256900938053,2039.245831840444,-31.02014174663873,0,night,0,0.0,0,2,0,0,0,0,0,0,0,0,0,0,0,0,0,0,0,0,0,0,0,0,0,0,3,2046.8079468206668,1052.1522978683056,2059.780215135472,2039.245831840444,5,0.2588190451025207,0.9659258262890684,0,0,1,-2.692560749666626,257.96870882059727,1032.0046785286665,666.383730499847,672,672,0.1098101437437218,1.4649532497332822
A1,roll_01,persistence,2026-01-15 06:00:00+00:00,2026-01-15 07:00:00+00:00,0,1,2025-12-08T00:00:00+00:00,2026-01-12T00:00:00+00:00,2026-01-12T00:00:00+00:00,2026-01-19T00:00:00+00:00,1864.800559224361,2008.2256900938053,-143.42513086944427,0,night,0,0.0,0,2,0,0,0,0,0,0,0,0,0,0,0,0,0,0,0,0,0,0,0,0,0,0,3,2002.5342499304168,2039.245831840444,1951.7951114496389,2008.2256900938053,6,6.123233995736766e-17,1.0,0,0,1,-2.692560749666626,257.96870882059727,1032.0046785286665,666.383730499847,672,672,0.545541243211979,1.2497242093095873
A1,roll_01,persistence,2026-01-15 07:00:00+00:00,2026-01-15 08:00:00+00:00,0,1,2025-12-08T00:00:00+00:00,2026-01-12T00:00:00+00:00,2026-01-12T00:00:00+00:00,2026-01-19T00:00:00+00:00,1891.1646381102776,1864.800559224361,26.36407888591657,1,night,0,0.0,0,2,0,0,0,0,0,0,0,0,0,0,0,0,0,0,0,0,0,0,0,0,0,0,3,1850.8068317207776,2008.2256900938053,1687.1433126186946,1864.800559224361,7,-0.2588190451025206,0.9659258262890684,0,0,1,-2.692560749666626,257.96870882059727,1032.0046785286665,666.383730499847,672,672,0.11263629518644626,1.2892871183051913
A1,roll_01,persistence,2026-01-15 08:00:00+00:00,2026-01-15 09:00:00+00:00,0,1,2025-12-08T00:00:00+00:00,2026-01-12T00:00:00+00:00,2026-01-12T00:00:00+00:00,2026-01-19T00:00:00+00:00,1853.015352479528,1891.1646381102776,-38.149285630749546,1,night,0,0.0,0,2,0,0,0,0,0,0,0,0,0,0,0,0,0,0,0,0,0,0,0,0,0,0,3,1538.5037201446942,1864.800559224361,1700.1424731680556,1891.1646381102776,8,-0.4999999999999998,0.8660254037844387,0,0,1,-2.692560749666626,257.96870882059727,1032.0046785286665,666.383730499847,672,672,0.13744583613720793,1.2320388934691284
A1,roll_01,persistence,2026-01-15 09:00:00+00:00,2026-01-15 10:00:00+00:00,0,1,2025-12-08T00:00:00+00:00,2026-01-12T00:00:00+00:00,2026-01-12T00:00:00+00:00,2026-01-19T00:00:00+00:00,1753.4225527633614,1853.015352479528,-99.5927997161666,1,low,0,0.0,0,2,0,0,0,0,0,0,0,0,0,0,0,0,0,0,0,0,0,0,0,0,0,0,3,1246.2386662023334,1891.1646381102776,1616.381493539,1853.015352479528,9,-0.7071067811865475,0.7071067811865476,0,0,1,-2.692560749666626,257.96870882059727,1032.0046785286665,666.383730499847,672,672,0.3756278790924547,1.0825862655643879
A1,roll_01,persistence,2026-01-15 10:00:00+00:00,2026-01-15 11:00:00+00:00,0,1,2025-12-08T00:00:00+00:00,2026-01-12T00:00:00+00:00,2026-01-12T00:00:00+00:00,2026-01-19T00:00:00+00:00,1683.7846975026666,1753.4225527633614,-69.63785526069478,1,low,0,0.0,0,2,0,0,0,0,0,0,0,0,0,0,0,0,0,0,0,0,0,0,0,0,0,0,3,1154.3803733119444,1853.015352479528,1771.2370990303614,1753.4225527633614,10,-0.8660254037844387,0.4999999999999999,0,0,1,-2.692560749666626,257.96870882059727,1032.0046785286665,666.383730499847,672,672,0.2595093599417317,0.9780851319480851
A1,roll_01,persistence,2026-01-15 11:00:00+00:00,2026-01-15 12:00:00+00:00,0,1,2025-12-08T00:00:00+00:00,2026-01-12T00:00:00+00:00,2026-01-12T00:00:00+00:00,2026-01-19T00:00:00+00:00,662.9256880891389,1683.7846975026666,-1020.8590094135276,1,low,0,0.0,0,2,0,0,0,0,0,0,0,0,0,0,0,0,0,0,0,0,0,0,0,0,0,0,3,1112.5980900928612,1753.4225527633614,1698.523145841389,1683.7846975026666,11,-0.9659258262890682,0.258819045102521,0,0,1,-2.692560749666626,257.96870882059727,1032.0046785286665,666.383730499847,672,672,3.9468602735533262,0.5538535434571392
A1,roll_01,persistence,2026-01-15 12:00:00+00:00,2026-01-15 13:00:00+00:00,0,1,2025-12-08T00:00:00+00:00,2026-01-12T00:00:00+00:00,2026-01-12T00:00:00+00:00,2026-01-19T00:00:00+00:00,1670.502586263833,662.9256880891389,1007.5768981746942,1,low,0,0.0,0,2,0,0,0,0,0,0,0,0,0,0,0,0,0,0,0,0,0,0,0,0,0,0,3,697.50058879075,1683.7846975026666,986.6906551339166,662.9256880891389,12,-1.0,1.2246467991473532e-16,0,0,1,-2.692560749666626,257.96870882059727,1032.0046785286665,666.383730499847,672,672,3.9162480734318303,0.9581535060230782
A1,roll_01,persistence,2026-01-15 13:00:00+00:00,2026-01-15 14:00:00+00:00,0,1,2025-12-08T00:00:00+00:00,2026-01-12T00:00:00+00:00,2026-01-12T00:00:00+00:00,2026-01-19T00:00:00+00:00,1481.236402503917,1670.502586263833,-189.2661837599162,1,low,0,0.0,0,2,0,0,0,0,0,0,0,0,0,0,0,0,0,0,0,0,0,0,0,0,0,0,3,1350.37595587875,662.9256880891389,1215.6235662438055,1670.502586263833,13,-0.9659258262890684,-0.2588190451025208,0,0,1,-2.692560749666626,257.96870882059727,1032.0046785286665,666.383730499847,672,672,0.7232412948967428,0.6741336911666295
A1,roll_01,persistence,2026-01-15 14:00:00+00:00,2026-01-15 15:00:00+00:00,0,1,2025-12-08T00:00:00+00:00,2026-01-12T00:00:00+00:00,2026-01-12T00:00:00+00:00,2026-01-19T00:00:00+00:00,885.3972389852223,1481.236402503917,-595.8391635186946,1,low,0,0.0,0,2,0,0,0,0,0,0,0,0,0,0,0,0,0,0,0,0,0,0,0,0,0,0,3,1705.890929453528,1670.502586263833,1567.194707997861,1481.236402503917,14,-0.8660254037844388,-0.4999999999999997,0,0,1,-2.692560749666626,257.96870882059727,1032.0046785286665,666.383730499847,672,672,2.299296707266648,0.22000453017284144
A1,roll_01,persistence,2026-01-15 15:00:00+00:00,2026-01-15 16:00:00+00:00,0,1,2025-12-08T00:00:00+00:00,2026-01-12T00:00:00+00:00,2026-01-12T00:00:00+00:00,2026-01-19T00:00:00+00:00,1797.5373261431112,885.3972389852223,912.1400871578888,1,night,0,0.0,0,2,0,0,0,0,0,0,0,0,0,0,0,0,0,0,0,0,0,0,0,0,0,0,3,2587.529739670056,1481.236402503917,1578.744458172111,885.3972389852223,15,-0.7071067811865479,-0.7071067811865471,0,0,1,-2.692560749666626,257.96870882059727,1032.0046785286665,666.383730499847,672,672,3.546293083723461,1.1487865213039146
A1,roll_01,persistence,2026-01-15 16:00:00+00:00,2026-01-15 17:00:00+00:00,0,1,2025-12-08T00:00:00+00:00,2026-01-12T00:00:00+00:00,2026-01-12T00:00:00+00:00,2026-01-19T00:00:00+00:00,1346.1776368881667,1797.5373261431112,-451.3596892549445,0,night,0,0.0,0,2,0,0,0,0,0,0,0,0,0,0,0,0,0,0,0,0,0,0,0,0,0,0,3,2568.744366554028,885.3972389852223,1624.9310390754445,1797.5373261431112,16,-0.5000000000000004,-0.8660254037844385,0,0,1,-2.692560749666626,257.96870882059727,1032.0046785286665,666.383730499847,672,672,1.739230818173768,0.4714595269663059
A1,roll_01,persistence,2026-01-15 17:00:00+00:00,2026-01-15 18:00:00+00:00,0,1,2025-12-08T00:00:00+00:00,2026-01-12T00:00:00+00:00,2026-01-12T00:00:00+00:00,2026-01-19T00:00:00+00:00,2386.9593965361114,1346.1776368881667,1040.781759647945,0,night,0,0.0,0,2,0,0,0,0,0,0,0,0,0,0,0,0,0,0,0,0,0,0,0,0,0,0,3,2405.933929940611,1797.5373261431112,1793.6743844524724,1346.1776368881667,17,-0.2588190451025206,-0.9659258262890684,0,0,1,-2.692560749666626,257.96870882059727,1032.0046785286665,666.383730499847,672,672,4.044964698114954,2.0332950160579526
A1,roll_01,persistence,2026-01-15 18:00:00+00:00,2026-01-15 19:00:00+00:00,0,1,2025-12-08T00:00:00+00:00,2026-01-12T00:00:00+00:00,2026-01-12T00:00:00+00:00,2026-01-19T00:00:00+00:00,1666.5948316020276,2386.9593965361114,-720.3645649340838,0,night,0,0.0,0,2,0,0,0,0,0,0,0,0,0,0,0,0,0,0,0,0,0,0,0,0,0,0,3,2399.449532727612,1346.1776368881667,1048.612189175861,2386.9593965361114,18,-1.8369701987210287e-16,-1.0,0,0,1,-2.692560749666626,257.96870882059727,1032.0046785286665,666.383730499847,672,672,2.7820118473497404,0.9522893852725997
A1,roll_01,persistence,2026-01-15 19:00:00+00:00,2026-01-15 20:00:00+00:00,0,1,2025-12-08T00:00:00+00:00,2026-01-12T00:00:00+00:00,2026-01-12T00:00:00+00:00,2026-01-19T00:00:00+00:00,1076.4033323202225,1666.5948316020276,-590.1914992818051,0,night,0,0.0,0,2,0,0,0,0,0,0,0,0,0,0,0,0,0,0,0,0,0,0,0,0,0,0,3,1431.48542243675,2386.9593965361114,1797.1453520931666,1666.5948316020276,19,0.2588190451025203,-0.9659258262890684,0,0,1,-2.692560749666626,257.96870882059727,1032.0046785286665,666.383730499847,672,672,2.2774038805640995,0.06662625715404698
A1,roll_01,persistence,2026-01-15 20:00:00+00:00,2026-01-15 21:00:00+00:00,0,1,2025-12-08T00:00:00+00:00,2026-01-12T00:00:00+00:00,2026-01-12T00:00:00+00:00,2026-01-19T00:00:00+00:00,1005.1173250451112,1076.4033323202225,-71.28600727511127,0,night,0,0.0,0,2,0,0,0,0,0,0,0,0,0,0,0,0,0,0,0,0,0,0,0,0,0,0,3,898.016377999889,1666.5948316020276,741.7054459836112,1076.4033323202225,20,0.5000000000000001,-0.8660254037844386,0,0,1,-2.692560749666626,257.96870882059727,1032.0046785286665,666.383730499847,672,672,0.26589832092057153,0.04034815415344463
A1,roll_01,persistence,2026-01-15 21:00:00+00:00,2026-01-15 22:00:00+00:00,0,1,2025-12-08T00:00:00+00:00,2026-01-12T00:00:00+00:00,2026-01-12T00:00:00+00:00,2026-01-19T00:00:00+00:00,480.00597344519446,1005.1173250451112,-525.1113515999168,0,night,0,0.0,0,2,0,0,0,0,0,0,0,0,0,0,0,0,0,0,0,0,0,0,0,0,0,0,3,690.6828434769444,1076.4033323202225,554.3527368332501,1005.1173250451112,21,0.7071067811865474,-0.7071067811865477,0,0,1,-2.692560749666626,257.96870882059727,1032.0046785286665,666.383730499847,672,672,2.025124648794374,0.828349612721523
A1,roll_01,persistence,2026-01-15 22:00:00+00:00,2026-01-15 23:00:00+00:00,0,1,2025-12-08T00:00:00+00:00,2026-01-12T00:00:00+00:00,2026-01-12T00:00:00+00:00,2026-01-19T00:00:00+00:00,479.6300936403031,480.00597344519446,-0.3758798048913832,0,night,0,0.0,0,2,0,0,0,0,0,0,0,0,0,0,0,0,0,0,0,0,0,0,0,0,0,0,3,409.9078194608056,1005.1173250451112,374.6190320515,480.00597344519446,22,0.8660254037844384,-0.5000000000000004,0,0,1,-2.692560749666626,257.96870882059727,1032.0046785286665,666.383730499847,672,672,0.00898047269130755,0.828913671817938
A1,roll_01,persistence,2026-01-15 23:00:00+00:00,2026-01-16 00:00:00+00:00,0,1,2025-12-08T00:00:00+00:00,2026-01-12T00:00:00+00:00,2026-01-12T00:00:00+00:00,2026-01-19T00:00:00+00:00,436.11526816900937,479.6300936403031,-43.514825471293705,0,night,0,0.0,0,2,0,0,0,0,0,0,0,0,0,0,0,0,0,0,0,0,0,0,0,0,0,0,3,371.1837877735,480.00597344519446,391.3148025667222,479.6300936403031,23,0.965925826289068,-0.2588190451025215,0,0,1,-2.692560749666626,257.96870882059727,1032.0046785286665,666.383730499847,672,672,0.15824502478716002,0.8942136236019554
A1,roll_01,persistence,2026-01-16 00:00:00+00:00,2026-01-16 01:00:00+00:00,0,1,2025-12-08T00:00:00+00:00,2026-01-12T00:00:00+00:00,2026-01-12T00:00:00+00:00,2026-01-19T00:00:00+00:00,363.3156685093611,436.11526816900937,-72.79959965964827,0,night,0,0.0,0,2,0,1,1,0,4,0,0,0,1,0,1,0,1,0,0,0,1,0,0,0,0,0,4,370.2046938166389,479.6300936403031,367.0031919465834,436.11526816900937,0,1.0,0.0,0,0,1,-2.692560749666626,257.96870882059727,1032.0046785286665,666.383730499847,672,672,0.27176566968336124,1.0034593874579278
A1,roll_01,persistence,2026-01-16 01:00:00+00:00,2026-01-16 02:00:00+00:00,0,1,2025-12-08T00:00:00+00:00,2026-01-12T00:00:00+00:00,2026-01-12T00:00:00+00:00,2026-01-19T00:00:00+00:00,402.5595977328056,363.3156685093611,39.243929223444525,0,night,0,0.0,0,2,0,1,1,0,4,0,0,0,1,0,1,0,1,0,0,0,1,0,0,0,0,0,4,387.13958684741664,436.11526816900937,371.0505770755,363.3156685093611,1,0.9659258262890684,0.2588190451025207,0,0,1,-2.692560749666626,257.96870882059727,1032.0046785286665,666.383730499847,672,672,0.16256425116379375,0.9445685000798582
A1,roll_01,persistence,2026-01-16 02:00:00+00:00,2026-01-16 03:00:00+00:00,0,1,2025-12-08T00:00:00+00:00,2026-01-12T00:00:00+00:00,2026-01-12T00:00:00+00:00,2026-01-19T00:00:00+00:00,399.17939954838886,402.5595977328056,-3.38019818441677,0,night,0,0.0,0,2,0,1,1,0,4,0,0,0,1,0,1,0,1,0,0,0,1,0,0,0,0,0,4,396.8507443261112,363.3156685093611,364.3398802528056,402.5595977328056,2,0.8660254037844387,0.4999999999999999,0,0,1,-2.692560749666626,257.96870882059727,1032.0046785286665,666.383730499847,672,672,0.0026655846668145983,0.9496409501258419
A1,roll_01,persistence,2026-01-16 03:00:00+00:00,2026-01-16 04:00:00+00:00,0,1,2025-12-08T00:00:00+00:00,2026-01-12T00:00:00+00:00,2026-01-12T00:00:00+00:00,2026-01-19T00:00:00+00:00,1076.4506056084722,399.17939954838886,677.2712060600834,0,night,0,0.0,0,2,0,1,1,0,4,0,0,0,1,0,1,0,1,0,0,0,1,0,0,0,0,0,4,370.8476521360556,402.5595977328056,373.5574161077223,399.17939954838886,3,0.7071067811865476,0.7071067811865476,0,0,1,-2.692560749666626,257.96870882059727,1032.0046785286665,666.383730499847,672,672,2.635838160056174,0.06669719719367585
A1,roll_01,persistence,2026-01-16 04:00:00+00:00,2026-01-16 05:00:00+00:00,0,1,2025-12-08T00:00:00+00:00,2026-01-12T00:00:00+00:00,2026-01-12T00:00:00+00:00,2026-01-19T00:00:00+00:00,2002.717169422556,1076.4506056084722,926.2665638140838,0,night,0,0.0,0,2,0,0,0,0,0,0,0,0,0,0,0,0,0,0,0,0,0,0,0,0,0,0,4,1030.9182591538056,399.17939954838886,1052.1522978683056,1076.4506056084722,4,0.5000000000000001,0.8660254037844386,0,0,1,-2.692560749666626,257.96870882059727,1032.0046785286665,666.383730499847,672,672,3.6010535107565675,1.456686960478115
A1,roll_01,persistence,2026-01-16 05:00:00+00:00,2026-01-16 06:00:00+00:00,0,1,2025-12-08T00:00:00+00:00,2026-01-12T00:00:00+00:00,2026-01-12T00:00:00+00:00,2026-01-19T00:00:00+00:00,2477.7992105114445,2002.717169422556,475.0820410888885,0,night,0,0.0,0,2,0,0,0,0,0,0,0,0,0,0,0,0,0,0,0,0,0,0,0,0,0,0,4,2047.0297009597773,1076.4506056084722,2039.245831840444,2002.717169422556,5,0.2588190451025207,0.9659258262890684,0,0,1,-2.692560749666626,257.96870882059727,1032.0046785286665,666.383730499847,672,672,1.852064167095632,2.1696125907790447
A1,roll_01,persistence,2026-01-16 06:00:00+00:00,2026-01-16 07:00:00+00:00,0,1,2025-12-08T00:00:00+00:00,2026-01-12T00:00:00+00:00,2026-01-12T00:00:00+00:00,2026-01-19T00:00:00+00:00,2372.8508934692777,2477.7992105114445,-104.94831704216676,0,night,0,0.0,0,2,0,0,0,0,0,0,0,0,0,0,0,0,0,0,0,0,0,0,0,0,0,0,4,2558.245225021167,2002.717169422556,2008.2256900938053,2477.7992105114445,6,6.123233995736766e-17,1.0,0,0,1,-2.692560749666626,257.96870882059727,1032.0046785286665,666.383730499847,672,672,0.39638821607473823,2.012123276081271
A1,roll_01,persistence,2026-01-16 07:00:00+00:00,2026-01-16 08:00:00+00:00,0,1,2025-12-08T00:00:00+00:00,2026-01-12T00:00:00+00:00,2026-01-12T00:00:00+00:00,2026-01-19T00:00:00+00:00,1713.0605896702225,2372.8508934692777,-659.7903037990552,1,night,0,0.0,0,2,0,0,0,0,0,0,0,0,0,0,0,0,0,0,0,0,0,0,0,0,0,0,4,1917.6388459600832,2477.7992105114445,1864.800559224361,2372.8508934692777,7,-0.2588190451025206,0.9659258262890684,0,0,1,-2.692560749666626,257.96870882059727,1032.0046785286665,666.383730499847,672,672,2.547199410554724,1.0220176153320901
A1,roll_01,persistence,2026-01-16 08:00:00+00:00,2026-01-16 09:00:00+00:00,0,1,2025-12-08T00:00:00+00:00,2026-01-12T00:00:00+00:00,2026-01-12T00:00:00+00:00,2026-01-19T00:00:00+00:00,1442.9932598915832,1713.0605896702225,-270.0673297786393,1,low,0,0.0,0,2,0,0,0,0,0,0,0,0,0,0,0,0,0,0,0,0,0,0,0,0,0,0,4,2537.646863457084,2372.8508934692777,1891.1646381102776,1713.0605896702225,8,-0.4999999999999998,0.8660254037844387,0,0,1,-2.692560749666626,257.96870882059727,1032.0046785286665,666.383730499847,672,672,1.036462019953423,0.6167446210828686
A1,roll_01,persistence,2026-01-16 09:00:00+00:00,2026-01-16 10:00:00+00:00,0,1,2025-12-08T00:00:00+00:00,2026-01-12T00:00:00+00:00,2026-01-12T00:00:00+00:00,2026-01-19T00:00:00+00:00,1623.9131629396943,1442.9932598915832,180.9199030481111,1,low,0,0.0,0,2,0,0,0,0,0,0,0,0,0,0,0,0,0,0,0,0,0,0,0,0,0,0,4,1822.7418795589167,1713.0605896702225,1853.015352479528,1442.9932598915832,9,-0.7071067811865475,0.7071067811865476,0,0,1,-2.692560749666626,257.96870882059727,1032.0046785286665,666.383730499847,672,672,0.7117625414230757,0.8882396993201557
A1,roll_01,persistence,2026-01-16 10:00:00+00:00,2026-01-16 11:00:00+00:00,0,1,2025-12-08T00:00:00+00:00,2026-01-12T00:00:00+00:00,2026-01-12T00:00:00+00:00,2026-01-19T00:00:00+00:00,490.20504058097225,1623.9131629396943,-1133.708122358722,1,low,0,0.0,0,2,0,0,0,0,0,0,0,0,0,0,0,0,0,0,0,0,0,0,0,0,0,0,4,1791.9841544997778,1442.9932598915832,1753.4225527633614,1623.9131629396943,10,-0.8660254037844387,0.4999999999999999,0,0,1,-2.692560749666626,257.96870882059727,1032.0046785286665,666.383730499847,672,672,4.3843129919900985,0.8130445164699569
A1,roll_01,persistence,2026-01-16 11:00:00+00:00,2026-01-16 12:00:00+00:00,0,1,2025-12-08T00:00:00+00:00,2026-01-12T00:00:00+00:00,2026-01-12T00:00:00+00:00,2026-01-19T00:00:00+00:00,1595.4900083538612,490.20504058097225,1105.2849677728889,1,low,0,0.0,0,2,0,0,0,0,0,0,0,0,0,0,0,0,0,0,0,0,0,0,0,0,0,0,4,1919.5265633675,1623.9131629396943,1683.7846975026666,490.20504058097225,11,-0.9659258262890682,0.258819045102521,0,0,1,-2.692560749666626,257.96870882059727,1032.0046785286665,666.383730499847,672,672,4.295007458804205,0.8455868653974048
A1,roll_01,persistence,2026-01-16 12:00:00+00:00,2026-01-16 13:00:00+00:00,0,1,2025-12-08T00:00:00+00:00,2026-01-12T00:00:00+00:00,2026-01-12T00:00:00+00:00,2026-01-19T00:00:00+00:00,701.5758242305001,1595.4900083538612,-893.9141841233611,1,low,0,0.0,0,2,0,0,0,0,0,0,0,0,0,0,0,0,0,0,0,0,0,0,0,0,0,0,4,2047.703922921584,490.20504058097225,662.9256880891389,1595.4900083538612,12,-1.0,1.2246467991473532e-16,0,0,1,-2.692560749666626,257.96870882059727,1032.0046785286665,666.383730499847,672,672,3.4547663840636154,0.4958537238751544
A1,roll_01,persistence,2026-01-16 13:00:00+00:00,2026-01-16 14:00:00+00:00,0,1,2025-12-08T00:00:00+00:00,2026-01-12T00:00:00+00:00,2026-01-12T00:00:00+00:00,2026-01-19T00:00:00+00:00,1952.1323181944445,701.5758242305001,1250.5564939639444,1,low,0,0.0,0,2,0,0,0,0,0,0,0,0,0,0,0,0,0,0,0,0,0,0,0,0,0,0,4,2327.2743383188613,1595.4900083538612,1670.502586263833,701.5758242305001,13,-0.9659258262890684,-0.2588190451025208,0,0,1,-2.692560749666626,257.96870882059727,1032.0046785286665,666.383730499847,672,672,4.858143688989719,1.3807774673244204
A1,roll_01,persistence,2026-01-16 14:00:00+00:00,2026-01-16 15:00:00+00:00,0,1,2025-12-08T00:00:00+00:00,2026-01-12T00:00:00+00:00,2026-01-12T00:00:00+00:00,2026-01-19T00:00:00+00:00,573.8755752583612,1952.1323181944445,-1378.2567429360834,1,low,0,0.0,0,2,0,0,0,0,0,0,0,0,0,0,0,0,0,0,0,0,0,0,0,0,0,0,4,2475.2395324104723,701.5758242305001,1481.236402503917,1952.1323181944445,14,-0.8660254037844388,-0.4999999999999997,0,0,1,-2.692560749666626,257.96870882059727,1032.0046785286665,666.383730499847,672,672,5.332290836649666,0.6874854266424959
A1,roll_01,persistence,2026-01-16 15:00:00+00:00,2026-01-16 16:00:00+00:00,0,1,2025-12-08T00:00:00+00:00,2026-01-12T00:00:00+00:00,2026-01-12T00:00:00+00:00,2026-01-19T00:00:00+00:00,1748.7442167502777,573.8755752583612,1174.8686414919166,1,night,0,0.0,0,2,0,0,0,0,0,0,0,0,0,0,0,0,0,0,0,0,0,0,0,0,0,0,4,2099.886327037028,1952.1323181944445,885.3972389852223,573.8755752583612,15,-0.7071067811865479,-0.7071067811865471,0,0,1,-2.692560749666626,257.96870882059727,1032.0046785286665,666.383730499847,672,672,4.564744335176368,1.0755657820217082
A1,roll_01,persistence,2026-01-16 16:00:00+00:00,2026-01-16 17:00:00+00:00,0,1,2025-12-08T00:00:00+00:00,2026-01-12T00:00:00+00:00,2026-01-12T00:00:00+00:00,2026-01-19T00:00:00+00:00,1779.3662909536945,1748.7442167502777,30.622074203416787,0,night,0,0.0,0,2,0,0,0,0,0,0,0,0,0,0,0,0,0,0,0,0,0,0,0,0,0,0,4,2043.670283908889,573.8755752583612,1797.5373261431112,1748.7442167502777,16,-0.5000000000000004,-0.8660254037844385,0,0,1,-2.692560749666626,257.96870882059727,1032.0046785286665,666.383730499847,672,672,0.12914215489697964,1.1215183958114348
A1,roll_01,persistence,2026-01-16 17:00:00+00:00,2026-01-16 18:00:00+00:00,0,1,2025-12-08T00:00:00+00:00,2026-01-12T00:00:00+00:00,2026-01-12T00:00:00+00:00,2026-01-19T00:00:00+00:00,1926.1523590546667,1779.3662909536945,146.78606810097222,0,night,0,0.0,0,2,0,0,0,0,0,0,0,0,0,0,0,0,0,0,0,0,0,0,0,0,0,0,4,2019.3687657176667,1748.7442167502777,1346.1776368881667,1779.3662909536945,17,-0.2588190451025206,-0.9659258262890684,0,0,1,-2.692560749666626,257.96870882059727,1032.0046785286665,666.383730499847,672,672,0.5794448076049131,1.3417909825849288
A1,roll_01,persistence,2026-01-16 18:00:00+00:00,2026-01-16 19:00:00+00:00,0,1,2025-12-08T00:00:00+00:00,2026-01-12T00:00:00+00:00,2026-01-12T00:00:00+00:00,2026-01-19T00:00:00+00:00,3573.4096695315,1926.1523590546667,1647.2573104768337,0,night,0,0.0,0,2,0,0,0,0,0,0,0,0,0,0,0,0,0,0,0,0,0,0,0,0,0,0,4,1954.244045320861,1779.3662909536945,2386.9593965361114,1926.1523590546667,18,-1.8369701987210287e-16,-1.0,0,0,1,-2.692560749666626,257.96870882059727,1032.0046785286665,666.383730499847,672,672,6.39593026134789,3.8137260480482524
A1,roll_01,persistence,2026-01-16 19:00:00+00:00,2026-01-16 20:00:00+00:00,0,1,2025-12-08T00:00:00+00:00,2026-01-12T00:00:00+00:00,2026-01-12T00:00:00+00:00,2026-01-19T00:00:00+00:00,2754.500442691028,3573.4096695315,-818.909226840472,0,night,0,0.0,0,2,0,0,0,0,0,0,0,0,0,0,0,0,0,0,0,0,0,0,0,0,0,0,4,2342.330235312528,1926.1523590546667,1666.5948316020276,3573.4096695315,19,0.2588190451025203,-0.9659258262890684,0,0,1,-2.692560749666626,257.96870882059727,1032.0046785286665,666.383730499847,672,672,3.1640142318905746,2.584840663607343
A1,roll_01,persistence,2026-01-16 20:00:00+00:00,2026-01-16 21:00:00+00:00,0,1,2025-12-08T00:00:00+00:00,2026-01-12T00:00:00+00:00,2026-01-12T00:00:00+00:00,2026-01-19T00:00:00+00:00,2483.442940576528,2754.500442691028,-271.05750211450004,0,night,0,0.0,0,2,0,0,0,0,0,0,0,0,0,0,0,0,0,0,0,0,0,0,0,0,0,0,4,1013.7995625885,3573.4096695315,1076.4033323202225,2754.500442691028,20,0.5000000000000001,-0.8660254037844386,0,0,1,-2.692560749666626,257.96870882059727,1032.0046785286665,666.383730499847,672,672,1.0403003627523915,2.1780817802366723
A1,roll_01,persistence,2026-01-16 21:00:00+00:00,2026-01-16 22:00:00+00:00,0,1,2025-12-08T00:00:00+00:00,2026-01-12T00:00:00+00:00,2026-01-12T00:00:00+00:00,2026-01-19T00:00:00+00:00,2471.681181403111,2483.442940576528,-11.761759173416976,0,night,0,0.0,0,2,0,0,0,0,0,0,0,0,0,0,0,0,0,0,0,0,0,0,0,0,0,0,4,725.7640030931667,2754.500442691028,1005.1173250451112,2483.442940576528,21,0.7071067811865474,-0.7071067811865477,0,0,1,-2.692560749666626,257.96870882059727,1032.0046785286665,666.383730499847,672,672,0.035156195746428566,2.1604316506865486
A1,roll_01,persistence,2026-01-16 22:00:00+00:00,2026-01-16 23:00:00+00:00,0,1,2025-12-08T00:00:00+00:00,2026-01-12T00:00:00+00:00,2026-01-12T00:00:00+00:00,2026-01-19T00:00:00+00:00,2428.759211638084,2471.681181403111,-42.92196976502737,0,night,0,0.0,0,2,0,0,0,0,0,0,0,0,0,0,0,0,0,0,0,0,0,0,0,0,0,0,4,457.7714818046389,2483.442940576528,480.00597344519446,2471.681181403111,22,0.8660254037844384,-0.5000000000000004,0,0,1,-2.692560749666626,257.96870882059727,1032.0046785286665,666.383730499847,672,672,0.15594685572248235,2.0960213600378976
A1,roll_01,persistence,2026-01-16 23:00:00+00:00,2026-01-17 00:00:00+00:00,0,1,2025-12-08T00:00:00+00:00,2026-01-12T00:00:00+00:00,2026-01-12T00:00:00+00:00,2026-01-19T00:00:00+00:00,2422.2099434294164,2428.759211638084,-6.5492682086674,0,night,0,0.0,0,2,0,0,0,0,0,0,0,0,0,0,0,0,0,0,0,0,0,0,0,0,0,0,4,442.25945804897225,2471.681181403111,479.6300936403031,2428.759211638084,23,0.965925826289068,-0.2588190451025215,0,0,1,-2.692560749666626,257.96870882059727,1032.0046785286665,666.383730499847,672,672,0.014950291749077589,2.0861932866487787
A1,roll_01,persistence,2026-01-17 00:00:00+00:00,2026-01-17 01:00:00+00:00,0,1,2025-12-08T00:00:00+00:00,2026-01-12T00:00:00+00:00,2026-01-12T00:00:00+00:00,2026-01-19T00:00:00+00:00,2419.0737715843334,2422.2099434294164,-3.1361718450830267,0,night,0,0.0,0,2,0,0,0,0,0,0,0,0,0,0,0,0,0,0,0,0,0,0,0,0,0,0,5,451.9524179743889,2428.759211638084,436.11526816900937,2422.2099434294164,0,1.0,0.0,0,1,1,-2.692560749666626,257.96870882059727,1032.0046785286665,666.383730499847,672,672,0.0017196314136103512,2.0814870315264775
A1,roll_01,persistence,2026-01-17 01:00:00+00:00,2026-01-17 02:00:00+00:00,0,1,2025-12-08T00:00:00+00:00,2026-01-12T00:00:00+00:00,2026-01-12T00:00:00+00:00,2026-01-19T00:00:00+00:00,2397.090425719361,2419.0737715843334,-21.983345864972307,0,night,0,0.0,0,2,0,0,0,0,0,0,0,0,0,0,0,0,0,0,0,0,0,0,0,0,0,0,5,391.0213954262777,2422.2099434294164,363.3156685093611,2419.0737715843334,1,0.9659258262890684,0.2588190451025207,0,1,1,-2.692560749666626,257.96870882059727,1032.0046785286665,666.383730499847,672,672,0.0747795544796921,2.0484980120489418
A1,roll_01,persistence,2026-01-17 02:00:00+00:00,2026-01-17 03:00:00+00:00,0,1,2025-12-08T00:00:00+00:00,2026-01-12T00:00:00+00:00,2026-01-12T00:00:00+00:00,2026-01-19T00:00:00+00:00,2408.5668939863613,2397.090425719361,11.4764682670002,0,night,0,0.0,0,2,0,0,0,0,0,0,0,0,0,0,0,0,0,0,0,0,0,0,0,0,0,0,5,396.8184454624445,2419.0737715843334,402.5595977328056,2397.090425719361,2,0.8660254037844387,0.4999999999999999,0,1,1,-2.692560749666626,257.96870882059727,1032.0046785286665,666.383730499847,672,672,0.05492537866877718,2.0657200235443183
A1,roll_01,persistence,2026-01-17 03:00:00+00:00,2026-01-17 04:00:00+00:00,0,1,2025-12-08T00:00:00+00:00,2026-01-12T00:00:00+00:00,2026-01-12T00:00:00+00:00,2026-01-19T00:00:00+00:00,2987.1550890425,2408.5668939863613,578.5881950561388,0,night,0,0.0,0,2,0,0,0,0,0,0,0,0,0,0,0,0,0,0,0,0,0,0,0,0,0,0,5,392.470940987861,2397.090425719361,399.17939954838886,2408.5668939863613,3,0.7071067811865476,0.7071067811865476,0,1,1,-2.692560749666626,257.96870882059727,1032.0046785286665,666.383730499847,672,672,2.253299473658464,2.933970805450633
A1,roll_01,persistence,2026-01-17 04:00:00+00:00,2026-01-17 05:00:00+00:00,0,1,2025-12-08T00:00:00+00:00,2026-01-12T00:00:00+00:00,2026-01-12T00:00:00+00:00,2026-01-19T00:00:00+00:00,3319.657065773777,2987.1550890425,332.5019767312769,0,night,0,0.0,0,2,0,0,0,0,0,0,0,0,0,0,0,0,0,0,0,0,0,0,0,0,0,0,5,873.0134955361945,2408.5668939863613,1076.4506056084722,2987.1550890425,4,0.5000000000000001,0.8660254037844386,0,1,1,-2.692560749666626,257.96870882059727,1032.0046785286665,666.383730499847,672,672,1.2993612249075233,3.4329355332987617
A1,roll_01,persistence,2026-01-17 05:00:00+00:00,2026-01-17 06:00:00+00:00,0,1,2025-12-08T00:00:00+00:00,2026-01-12T00:00:00+00:00,2026-01-12T00:00:00+00:00,2026-01-19T00:00:00+00:00,2391.335260368139,3319.657065773777,-928.321805405638,0,night,0,0.0,0,2,0,0,0,0,0,0,0,0,0,0,0,0,0,0,0,0,0,0,0,0,0,0,5,1704.9182572990833,2987.1550890425,2002.717169422556,3319.657065773777,5,0.2588190451025207,0.9659258262890684,0,1,1,-2.692560749666626,257.96870882059727,1032.0046785286665,666.383730499847,672,672,3.5881454339475507,2.0398615986915734
A1,roll_01,persistence,2026-01-17 06:00:00+00:00,2026-01-17 07:00:00+00:00,0,1,2025-12-08T00:00:00+00:00,2026-01-12T00:00:00+00:00,2026-01-12T00:00:00+00:00,2026-01-19T00:00:00+00:00,2341.329542084556,2391.335260368139,-50.00571828358306,0,night,0,0.0,0,2,0,0,0,0,0,0,0,0,0,0,0,0,0,0,0,0,0,0,0,0,0,0,5,1945.5007948983048,3319.657065773777,2477.7992105114445,2391.335260368139,6,6.123233995736766e-17,1.0,0,1,1,-2.692560749666626,257.96870882059727,1032.0046785286665,666.383730499847,672,672,0.18340657574411504,1.964821173790932
A1,roll_01,persistence,2026-01-17 07:00:00+00:00,2026-01-17 08:00:00+00:00,0,1,2025-12-08T00:00:00+00:00,2026-01-12T00:00:00+00:00,2026-01-12T00:00:00+00:00,2026-01-19T00:00:00+00:00,2591.676535681584,2341.329542084556,250.3469935970279,1,night,0,0.0,0,2,0,0,0,0,0,0,0,0,0,0,0,0,0,0,0,0,0,0,0,0,0,0,5,1939.5566896918056,2391.335260368139,2372.8508934692777,2341.329542084556,7,-0.2588190451025206,0.9659258262890684,0,1,1,-2.692560749666626,257.96870882059727,1032.0046785286665,666.383730499847,672,672,0.9808924326658134,2.3405011043457273
A1,roll_01,persistence,2026-01-17 08:00:00+00:00,2026-01-17 09:00:00+00:00,0,1,2025-12-08T00:00:00+00:00,2026-01-12T00:00:00+00:00,2026-01-12T00:00:00+00:00,2026-01-19T00:00:00+00:00,876.2151453261389,2591.676535681584,-1715.461390355445,1,low,0,0.0,0,2,0,0,0,0,0,0,0,0,0,0,0,0,0,0,0,0,0,0,0,0,0,0,5,2127.9194307847497,2341.329542084556,1713.0605896702225,2591.676535681584,8,-0.4999999999999998,0.8660254037844387,0,1,1,-2.692560749666626,257.96870882059727,1032.0046785286665,666.383730499847,672,672,6.639444130399989,0.23378351852268608
A1,roll_01,persistence,2026-01-17 09:00:00+00:00,2026-01-17 10:00:00+00:00,0,1,2025-12-08T00:00:00+00:00,2026-01-12T00:00:00+00:00,2026-01-12T00:00:00+00:00,2026-01-19T00:00:00+00:00,1362.1403257086388,876.2151453261389,485.9251803824999,1,low,0,0.0,0,2,0,0,0,0,0,0,0,0,0,0,0,0,0,0,0,0,0,0,0,0,0,0,5,2000.1470279075832,2591.676535681584,1442.9932598915832,876.2151453261389,9,-0.7071067811865475,0.7071067811865476,0,1,1,-2.692560749666626,257.96870882059727,1032.0046785286665,666.383730499847,672,672,1.894096936663635,0.49541372646109044
A1,roll_01,persistence,2026-01-17 10:00:00+00:00,2026-01-17 11:00:00+00:00,0,1,2025-12-08T00:00:00+00:00,2026-01-12T00:00:00+00:00,2026-01-12T00:00:00+00:00,2026-01-19T00:00:00+00:00,851.023270576111,1362.1403257086388,-511.11705513252775,1,low,0,0.0,0,2,0,0,0,0,0,0,0,0,0,0,0,0,0,0,0,0,0,0,0,0,0,0,5,1770.5304107042775,876.2151453261389,1623.9131629396943,1362.1403257086388,10,-0.8660254037844387,0.4999999999999999,0,1,1,-2.692560749666626,257.96870882059727,1032.0046785286665,666.383730499847,672,672,1.9708766102188067,0.2715873747649922
A1,roll_01,persistence,2026-01-17 11:00:00+00:00,2026-01-17 12:00:00+00:00,0,1,2025-12-08T00:00:00+00:00,2026-01-12T00:00:00+00:00,2026-01-12T00:00:00+00:00,2026-01-19T00:00:00+00:00,375.1866214471667,851.023270576111,-475.8366491289443,1,low,0,0.0,0,2,0,0,0,0,0,0,0,0,0,0,0,0,0,0,0,0,0,0,0,0,0,0,5,2099.097986216222,1362.1403257086388,490.20504058097225,851.023270576111,11,-0.9659258262890682,0.258819045102521,0,1,1,-2.692560749666626,257.96870882059727,1032.0046785286665,666.383730499847,672,672,1.8341142634796177,0.9856453977182603
A1,roll_01,persistence,2026-01-17 12:00:00+00:00,2026-01-17 13:00:00+00:00,0,1,2025-12-08T00:00:00+00:00,2026-01-12T00:00:00+00:00,2026-01-12T00:00:00+00:00,2026-01-19T00:00:00+00:00,1125.2122855051666,375.1866214471667,750.0256640579998,1,low,0,0.0,0,3,0,0,0,0,0,0,0,0,0,0,0,0,0,0,0,0,0,0,0,0,0,0,5,2066.14777083575,851.023270576111,1595.4900083538612,375.1866214471667,12,-1.0,1.2246467991473532e-16,0,1,1,-2.692560749666626,257.96870882059727,1032.0046785286665,666.383730499847,672,672,2.917866388714376,0.13987077221496103
A1,roll_01,persistence,2026-01-17 13:00:00+00:00,2026-01-17 14:00:00+00:00,0,1,2025-12-08T00:00:00+00:00,2026-01-12T00:00:00+00:00,2026-01-12T00:00:00+00:00,2026-01-19T00:00:00+00:00,553.7227735364166,1125.2122855051666,-571.48951196875,1,low,0,0.0,0,3,0,0,0,0,0,0,0,0,0,0,0,0,0,0,0,0,0,0,0,0,0,0,5,1718.2276665944446,375.1866214471667,701.5758242305001,1125.2122855051666,13,-0.9659258262890684,-0.2588190451025208,0,1,1,-2.692560749666626,257.96870882059727,1032.0046785286665,666.383730499847,672,672,2.204906764931128,0.7177274640746345
A1,roll_01,persistence,2026-01-17 14:00:00+00:00,2026-01-17 15:00:00+00:00,0,1,2025-12-08T00:00:00+00:00,2026-01-12T00:00:00+00:00,2026-01-12T00:00:00+00:00,2026-01-19T00:00:00+00:00,893.3163181295832,553.7227735364166,339.5935445931666,1,low,0,0.0,0,3,0,0,0,0,0,0,0,0,0,0,0,0,0,0,0,0,0,0,0,0,0,0,5,2298.0285432916944,1125.2122855051666,1952.1323181944445,553.7227735364166,14,-0.8660254037844388,-0.4999999999999997,0,1,1,-2.692560749666626,257.96870882059727,1032.0046785286665,666.383730499847,672,672,1.3268512561377124,0.20812086797955692
A1,roll_01,persistence,2026-01-17 15:00:00+00:00,2026-01-17 16:00:00+00:00,0,1,2025-12-08T00:00:00+00:00,2026-01-12T00:00:00+00:00,2026-01-12T00:00:00+00:00,2026-01-19T00:00:00+00:00,1082.6851535658332,893.3163181295832,189.36883543624992,1,night,0,0.0,0,3,0,0,0,0,0,0,0,0,0,0,0,0,0,0,0,0,0,0,0,0,0,0,5,2539.5653047919445,553.7227735364166,573.8755752583612,893.3163181295832,15,-0.7071067811865479,-0.7071067811865471,0,1,1,-2.692560749666626,257.96870882059727,1032.0046785286665,666.383730499847,672,672,0.744514313631288,0.07605298976785005
A1,roll_01,persistence,2026-01-17 16:00:00+00:00,2026-01-17 17:00:00+00:00,0,1,2025-12-08T00:00:00+00:00,2026-01-12T00:00:00+00:00,2026-01-12T00:00:00+00:00,2026-01-19T00:00:00+00:00,1215.7402370096668,1082.6851535658332,133.0550834438336,0,night,0,0.0,0,2,0,0,0,0,0,0,0,0,0,0,0,0,0,0,0,0,0,0,0,0,0,0,5,1708.9707138076667,893.3163181295832,1748.7442167502777,1082.6851535658332,16,-0.5000000000000004,-0.8660254037844385,0,1,1,-2.692560749666626,257.96870882059727,1032.0046785286665,666.383730499847,672,672,0.5262174812368623,0.2757203546118724
A1,roll_01,persistence,2026-01-17 17:00:00+00:00,2026-01-17 18:00:00+00:00,0,1,2025-12-08T00:00:00+00:00,2026-01-12T00:00:00+00:00,2026-01-12T00:00:00+00:00,2026-01-19T00:00:00+00:00,1466.154889960333,1215.7402370096668,250.41465295066632,0,night,0,0.0,0,2,0,0,0,0,0,0,0,0,0,0,0,0,0,0,0,0,0,0,0,0,0,0,5,3623.9131346842223,1082.6851535658332,1779.3662909536945,1215.7402370096668,17,-0.2588190451025206,-0.9659258262890684,0,1,1,-2.692560749666626,257.96870882059727,1032.0046785286665,666.383730499847,672,672,0.9811547100325054,0.651501817287789
A1,roll_01,persistence,2026-01-17 18:00:00+00:00,2026-01-17 19:00:00+00:00,0,1,2025-12-08T00:00:00+00:00,2026-01-12T00:00:00+00:00,2026-01-12T00:00:00+00:00,2026-01-19T00:00:00+00:00,1078.6994199493888,1466.154889960333,-387.4554700109443,0,night,0,0.0,0,2,0,0,0,0,0,0,0,0,0,0,0,0,0,0,0,0,0,0,0,0,0,0,5,1101.2175339098333,1215.7402370096668,1926.1523590546667,1466.154889960333,18,-1.8369701987210287e-16,-1.0,0,1,1,-2.692560749666626,257.96870882059727,1032.0046785286665,666.383730499847,672,672,1.4915100014275708,0.07007185092243633
A1,roll_01,persistence,2026-01-17 19:00:00+00:00,2026-01-17 20:00:00+00:00,0,1,2025-12-08T00:00:00+00:00,2026-01-12T00:00:00+00:00,2026-01-12T00:00:00+00:00,2026-01-19T00:00:00+00:00,1284.7492482649168,1078.6994199493888,206.049828315528,0,night,0,0.0,0,2,0,0,0,0,0,0,0,0,0,0,0,0,0,0,0,0,0,0,0,0,0,0,5,1849.9723726721668,1466.154889960333,3573.4096695315,1078.6994199493888,19,0.2588190451025203,-0.9659258262890684,0,1,1,-2.692560749666626,257.96870882059727,1032.0046785286665,666.383730499847,672,672,0.8091771673376217,0.37927782172393276
A1,roll_01,persistence,2026-01-17 20:00:00+00:00,2026-01-17 21:00:00+00:00,0,1,2025-12-08T00:00:00+00:00,2026-01-12T00:00:00+00:00,2026-01-12T00:00:00+00:00,2026-01-19T00:00:00+00:00,851.6801286406111,1284.7492482649168,-433.0691196243057,0,night,0,0.0,0,2,0,0,0,0,0,0,0,0,0,0,0,0,0,0,0,0,0,0,0,0,0,0,5,1455.1370739963888,1078.6994199493888,2754.500442691028,1284.7492482649168,20,0.5000000000000001,-0.8660254037844386,0,1,1,-2.692560749666626,257.96870882059727,1032.0046785286665,666.383730499847,672,672,1.668328538148174,0.2706016693306663
A1,roll_01,persistence,2026-01-17 21:00:00+00:00,2026-01-17 22:00:00+00:00,0,1,2025-12-08T00:00:00+00:00,2026-01-12T00:00:00+00:00,2026-01-12T00:00:00+00:00,2026-01-19T00:00:00+00:00,661.5588102037779,851.6801286406111,-190.12131843683323,0,night,0,0.0,0,2,0,0,0,0,0,0,0,0,0,0,0,0,0,0,0,0,0,0,0,0,0,0,5,775.8096372270278,1284.7492482649168,2483.442940576528,851.6801286406111,21,0.7071067811865474,-0.7071067811865477,0,1,1,-2.692560749666626,257.96870882059727,1032.0046785286665,666.383730499847,672,672,0.7265561724290862,0.5559047308178148
A1,roll_01,persistence,2026-01-17 22:00:00+00:00,2026-01-17 23:00:00+00:00,0,1,2025-12-08T00:00:00+00:00,2026-01-12T00:00:00+00:00,2026-01-12T00:00:00+00:00,2026-01-19T00:00:00+00:00,356.0791067192222,661.5588102037779,-305.47970348455567,0,night,0,0.0,0,2,0,0,0,0,0,0,0,0,0,0,0,0,0,0,0,0,0,0,0,0,0,0,5,609.0600654670277,851.6801286406111,2471.681181403111,661.5588102037779,22,0.8660254037844384,-0.5000000000000004,0,1,1,-2.692560749666626,257.96870882059727,1032.0046785286665,666.383730499847,672,672,1.1737359314592704,1.0143188389405007
A1,roll_01,persistence,2026-01-17 23:00:00+00:00,2026-01-18 00:00:00+00:00,0,1,2025-12-08T00:00:00+00:00,2026-01-12T00:00:00+00:00,2026-01-12T00:00:00+00:00,2026-01-19T00:00:00+00:00,409.1542958934167,356.0791067192222,53.07518917419452,0,night,0,0.0,0,2,0,1,1,0,2,0,0,0,1,0,1,0,1,0,0,0,1,0,0,0,0,0,5,410.7482779138611,661.5588102037779,2428.759211638084,356.0791067192222,23,0.965925826289068,-0.2588190451025215,0,1,1,-2.692560749666626,257.96870882059727,1032.0046785286665,666.383730499847,672,672,0.21618028860486518,0.9346722528295471
A1,roll_01,persistence,2026-01-18 00:00:00+00:00,2026-01-18 01:00:00+00:00,0,1,2025-12-08T00:00:00+00:00,2026-01-12T00:00:00+00:00,2026-01-12T00:00:00+00:00,2026-01-19T00:00:00+00:00,386.80348134525,409.1542958934167,-22.35081454816668,0,night,0,0.0,0,2,0,1,1,0,2,0,0,0,1,0,1,0,1,0,0,0,1,0,0,0,0,0,6,405.205528771,356.0791067192222,2422.2099434294164,409.1542958934167,0,1.0,0.0,0,1,1,-2.692560749666626,257.96870882059727,1032.0046785286665,666.383730499847,672,672,0.07620402446628233,0.9682127093641051
A1,roll_01,persistence,2026-01-18 01:00:00+00:00,2026-01-18 02:00:00+00:00,0,1,2025-12-08T00:00:00+00:00,2026-01-12T00:00:00+00:00,2026-01-12T00:00:00+00:00,2026-01-19T00:00:00+00:00,363.9506782922222,386.80348134525,-22.8528030530278,0,night,0,0.0,0,2,0,0,0,0,0,0,0,0,0,0,0,0,0,0,0,0,0,0,0,0,0,0,6,475.14375079194434,409.1542958934167,2419.0737715843334,386.80348134525,1,0.9659258262890684,0.2588190451025207,0,1,1,-2.692560749666626,257.96870882059727,1032.0046785286665,666.383730499847,672,672,0.07814995235480861,1.0025064683607214
A1,roll_01,persistence,2026-01-18 02:00:00+00:00,2026-01-18 03:00:00+00:00,0,1,2025-12-08T00:00:00+00:00,2026-01-12T00:00:00+00:00,2026-01-12T00:00:00+00:00,2026-01-19T00:00:00+00:00,366.92154284288887,363.9506782922222,2.970864550666647,0,night,0,0.0,0,2,0,0,0,0,0,0,0,0,0,0,0,0,0,0,0,0,0,0,0,0,0,0,6,401.84106967408337,386.80348134525,2397.090425719361,363.9506782922222,2,0.8660254037844387,0.4999999999999999,0,1,1,-2.692560749666626,257.96870882059727,1032.0046785286665,666.383730499847,672,672,0.021953923505784057,0.9980482794604038
A1,roll_01,persistence,2026-01-18 03:00:00+00:00,2026-01-18 04:00:00+00:00,0,1,2025-12-08T00:00:00+00:00,2026-01-12T00:00:00+00:00,2026-01-12T00:00:00+00:00,2026-01-19T00:00:00+00:00,919.6470143296112,366.92154284288887,552.7254714867224,0,night,0,0.0,0,2,0,0,0,0,0,0,0,0,0,0,0,0,0,0,0,0,0,0,0,0,0,0,6,367.7446838216111,363.9506782922222,2408.5668939863613,366.92154284288887,3,0.7071067811865476,0.7071067811865476,0,1,1,-2.692560749666626,257.96870882059727,1032.0046785286665,666.383730499847,672,672,2.1530441997236616,0.16860805427343953
A1,roll_01,persistence,2026-01-18 04:00:00+00:00,2026-01-18 05:00:00+00:00,0,1,2025-12-08T00:00:00+00:00,2026-01-12T00:00:00+00:00,2026-01-12T00:00:00+00:00,2026-01-19T00:00:00+00:00,1696.4327096815832,919.6470143296112,776.785695351972,0,night,0,0.0,0,2,0,0,0,0,0,0,0,0,0,0,0,0,0,0,0,0,0,0,0,0,0,0,6,963.4637856096666,366.92154284288887,2987.1550890425,919.6470143296112,4,0.5000000000000001,0.8660254037844386,0,1,1,-2.692560749666626,257.96870882059727,1032.0046785286665,666.383730499847,672,672,3.02160002143408,0.9970652054403197
A1,roll_01,persistence,2026-01-18 05:00:00+00:00,2026-01-18 06:00:00+00:00,0,1,2025-12-08T00:00:00+00:00,2026-01-12T00:00:00+00:00,2026-01-12T00:00:00+00:00,2026-01-19T00:00:00+00:00,1787.8514459331388,1696.4327096815832,91.41873625155564,0,night,0,0.0,0,2,0,0,0,0,0,0,0,0,0,0,0,0,0,0,0,0,0,0,0,0,0,0,6,1813.34006411675,919.6470143296112,3319.657065773777,1696.4327096815832,5,0.2588190451025207,0.9659258262890684,0,1,1,-2.692560749666626,257.96870882059727,1032.0046785286665,666.383730499847,672,672,0.36481671529654935,1.1342515322778364
A1,roll_01,persistence,2026-01-18 06:00:00+00:00,2026-01-18 07:00:00+00:00,0,1,2025-12-08T00:00:00+00:00,2026-01-12T00:00:00+00:00,2026-01-12T00:00:00+00:00,2026-01-19T00:00:00+00:00,2221.478881947944,1787.8514459331388,433.6274360148052,0,night,0,0.0,0,2,0,0,0,0,0,0,0,0,0,0,0,0,0,0,0,0,0,0,0,0,0,0,6,1868.444830851611,1696.4327096815832,2391.335260368139,1787.8514459331388,6,6.123233995736766e-17,1.0,0,1,1,-2.692560749666626,257.96870882059727,1032.0046785286665,666.383730499847,672,672,1.6913679134158395,1.7849688534968675
A1,roll_01,persistence,2026-01-18 07:00:00+00:00,2026-01-18 08:00:00+00:00,0,1,2025-12-08T00:00:00+00:00,2026-01-12T00:00:00+00:00,2026-01-12T00:00:00+00:00,2026-01-19T00:00:00+00:00,1747.753539249222,2221.478881947944,-473.725342698722,1,night,0,0.0,0,2,0,0,0,0,0,0,0,0,0,0,0,0,0,0,0,0,0,0,0,0,0,0,6,1998.770939867861,1787.8514459331388,2341.329542084556,2221.478881947944,7,-0.2588190451025206,0.9659258262890684,0,1,1,-2.692560749666626,257.96870882059727,1032.0046785286665,666.383730499847,672,672,1.8259299125950665,1.0740791348307381
A1,roll_01,persistence,2026-01-18 08:00:00+00:00,2026-01-18 09:00:00+00:00,0,1,2025-12-08T00:00:00+00:00,2026-01-12T00:00:00+00:00,2026-01-12T00:00:00+00:00,2026-01-19T00:00:00+00:00,1199.014191615,1747.753539249222,-548.739347634222,1,low,0,0.0,0,2,0,0,0,0,0,0,0,0,0,0,0,0,0,0,0,0,0,0,0,0,0,0,6,1620.6764299421666,2221.478881947944,2591.676535681584,1747.753539249222,8,-0.4999999999999998,0.8660254037844387,0,1,1,-2.692560749666626,257.96870882059727,1032.0046785286665,666.383730499847,672,672,2.116717137442821,0.2506206340918041
A1,roll_01,persistence,2026-01-18 09:00:00+00:00,2026-01-18 10:00:00+00:00,0,1,2025-12-08T00:00:00+00:00,2026-01-12T00:00:00+00:00,2026-01-12T00:00:00+00:00,2026-01-19T00:00:00+00:00,2696.399735123361,1199.014191615,1497.385543508361,1,low,0,0.0,0,2,0,0,0,0,0,0,0,0,0,0,0,0,0,0,0,0,0,0,0,0,0,0,6,1464.1872420950556,1747.753539249222,876.2151453261389,1199.014191615,9,-0.7071067811865475,0.7071067811865476,0,1,1,-2.692560749666626,257.96870882059727,1032.0046785286665,666.383730499847,672,672,5.814961477755225,2.497652599270769
A1,roll_01,persistence,2026-01-18 10:00:00+00:00,2026-01-18 11:00:00+00:00,0,1,2025-12-08T00:00:00+00:00,2026-01-12T00:00:00+00:00,2026-01-12T00:00:00+00:00,2026-01-19T00:00:00+00:00,908.328997025861,2696.399735123361,-1788.0707380975,1,low,0,0.0,0,2,0,0,0,0,0,0,0,0,0,0,0,0,0,0,0,0,0,0,0,0,0,0,6,474.102661966639,1199.014191615,1362.1403257086388,2696.399735123361,10,-0.8660254037844387,0.4999999999999999,0,1,1,-2.692560749666626,257.96870882059727,1032.0046785286665,666.383730499847,672,672,6.920909847982623,0.18559228841021944
A1,roll_01,persistence,2026-01-18 11:00:00+00:00,2026-01-18 12:00:00+00:00,0,1,2025-12-08T00:00:00+00:00,2026-01-12T00:00:00+00:00,2026-01-12T00:00:00+00:00,2026-01-19T00:00:00+00:00,1081.863576312389,908.328997025861,173.5345792865279,1,low,0,0.0,0,2,0,0,0,0,0,0,0,0,0,0,0,0,0,0,0,0,0,0,0,0,0,0,6,924.8024321908888,2696.399735123361,851.023270576111,908.328997025861,11,-0.9659258262890682,0.258819045102521,0,1,1,-2.692560749666626,257.96870882059727,1032.0046785286665,666.383730499847,672,672,0.6831337833254443,0.07482010064429954
A1,roll_01,persistence,2026-01-18 12:00:00+00:00,2026-01-18 13:00:00+00:00,0,1,2025-12-08T00:00:00+00:00,2026-01-12T00:00:00+00:00,2026-01-12T00:00:00+00:00,2026-01-19T00:00:00+00:00,2173.5554944418054,1081.863576312389,1091.6919181294163,1,low,0,0.0,0,3,0,0,0,0,0,0,0,0,0,0,0,0,0,0,0,0,0,0,0,0,0,0,6,-377.0683961764167,908.328997025861,375.1866214471667,1081.863576312389,12,-1.0,1.2246467991473532e-16,0,1,1,-2.692560749666626,257.96870882059727,1032.0046785286665,666.383730499847,672,672,4.242314829122031,1.713053250950281
A1,roll_01,persistence,2026-01-18 13:00:00+00:00,2026-01-18 14:00:00+00:00,0,1,2025-12-08T00:00:00+00:00,2026-01-12T00:00:00+00:00,2026-01-12T00:00:00+00:00,2026-01-19T00:00:00+00:00,1035.234056645167,2173.5554944418054,-1138.3214377966383,1,low,0,0.0,0,3,0,0,0,0,0,0,0,0,0,0,0,0,0,0,0,0,0,0,0,0,0,0,6,-533.3608326616389,1081.863576312389,1125.2122855051666,2173.5554944418054,13,-0.9659258262890684,-0.2588190451025208,0,1,1,-2.692560749666626,257.96870882059727,1032.0046785286665,666.383730499847,672,672,4.402196228522962,0.004846123890326728
A1,roll_01,persistence,2026-01-18 14:00:00+00:00,2026-01-18 15:00:00+00:00,0,1,2025-12-08T00:00:00+00:00,2026-01-12T00:00:00+00:00,2026-01-12T00:00:00+00:00,2026-01-19T00:00:00+00:00,982.0105920020555,1035.234056645167,-53.22346464311136,1,low,0,0.0,0,3,0,0,0,0,0,0,0,0,0,0,0,0,0,0,0,0,0,0,0,0,0,0,6,1619.3522628639723,2173.5554944418054,553.7227735364166,1035.234056645167,14,-0.8660254037844388,-0.4999999999999997,0,1,1,-2.692560749666626,257.96870882059727,1032.0046785286665,666.383730499847,672,672,0.19587997367768406,0.07502296985718872
A1,roll_01,persistence,2026-01-18 15:00:00+00:00,2026-01-18 16:00:00+00:00,0,1,2025-12-08T00:00:00+00:00,2026-01-12T00:00:00+00:00,2026-01-12T00:00:00+00:00,2026-01-19T00:00:00+00:00,939.633989883972,982.0105920020555,-42.3766021180835,1,night,0,0.0,0,3,0,0,0,0,0,0,0,0,0,0,0,0,0,0,0,0,0,0,0,0,0,0,6,867.3860450609445,1035.234056645167,893.3163181295832,982.0105920020555,15,-0.7071067811865479,-0.7071067811865471,0,1,1,-2.692560749666626,257.96870882059727,1032.0046785286665,666.383730499847,672,672,0.15383277122968775,0.13861486170349366
A1,roll_01,persistence,2026-01-18 16:00:00+00:00,2026-01-18 17:00:00+00:00,0,1,2025-12-08T00:00:00+00:00,2026-01-12T00:00:00+00:00,2026-01-12T00:00:00+00:00,2026-01-19T00:00:00+00:00,1984.2611124879447,939.633989883972,1044.6271226039726,0,night,0,0.0,0,2,0,0,0,0,0,0,0,0,0,0,0,0,0,0,0,0,0,0,0,0,0,0,6,1129.351029028639,982.0105920020555,1082.6851535658332,939.633989883972,16,-0.5000000000000004,-0.8660254037844385,0,1,1,-2.692560749666626,257.96870882059727,1032.0046785286665,666.383730499847,672,672,4.059871013588672,1.4289911208441437
A1,roll_01,persistence,2026-01-18 17:00:00+00:00,2026-01-18 18:00:00+00:00,0,1,2025-12-08T00:00:00+00:00,2026-01-12T00:00:00+00:00,2026-01-12T00:00:00+00:00,2026-01-19T00:00:00+00:00,1779.6982078336666,1984.2611124879447,-204.5629046542781,0,night,0,0.0,0,2,0,0,0,0,0,0,0,0,0,0,0,0,0,0,0,0,0,0,0,0,0,0,6,1683.5612400863336,939.633989883972,1215.7402370096668,1984.2611124879447,17,-0.2588190451025206,-0.9659258262890684,0,1,1,-2.692560749666626,257.96870882059727,1032.0046785286665,666.383730499847,672,672,0.782538102499094,1.1220164825215098
A1,roll_01,persistence,2026-01-18 18:00:00+00:00,2026-01-18 19:00:00+00:00,0,1,2025-12-08T00:00:00+00:00,2026-01-12T00:00:00+00:00,2026-01-12T00:00:00+00:00,2026-01-19T00:00:00+00:00,1945.2175917344168,1779.6982078336666,165.5193839007502,0,night,0,0.0,0,2,0,0,0,0,0,0,0,0,0,0,0,0,0,0,0,0,0,0,0,0,0,0,6,2735.553599037861,1984.2611124879447,1466.154889960333,1779.6982078336666,18,-1.8369701987210287e-16,-1.0,0,1,1,-2.692560749666626,257.96870882059727,1032.0046785286665,666.383730499847,672,672,0.652063366210042,1.3704009738064273
A1,roll_01,persistence,2026-01-18 19:00:00+00:00,2026-01-18 20:00:00+00:00,0,1,2025-12-08T00:00:00+00:00,2026-01-12T00:00:00+00:00,2026-01-12T00:00:00+00:00,2026-01-19T00:00:00+00:00,817.2623687095833,1945.2175917344168,-1127.9552230248337,0,night,0,0.0,0,2,0,0,0,0,0,0,0,0,0,0,0,0,0,0,0,0,0,0,0,0,0,0,6,2033.9936153407496,1779.6982078336666,1078.6994199493888,1945.2175917344168,19,0.2588190451025203,-0.9659258262890684,0,1,1,-2.692560749666626,257.96870882059727,1032.0046785286665,666.383730499847,672,672,4.362012227838547,0.32225022909549045
A1,roll_01,persistence,2026-01-18 20:00:00+00:00,2026-01-18 21:00:00+00:00,0,1,2025-12-08T00:00:00+00:00,2026-01-12T00:00:00+00:00,2026-01-12T00:00:00+00:00,2026-01-19T00:00:00+00:00,1022.3695540110556,817.2623687095833,205.10718530147236,0,night,0,0.0,0,2,0,0,0,0,0,0,0,0,0,0,0,0,0,0,0,0,0,0,0,0,0,0,6,1245.8312970156112,1945.2175917344168,1284.7492482649168,817.2623687095833,20,0.5000000000000001,-0.8660254037844386,0,1,1,-2.692560749666626,257.96870882059727,1032.0046785286665,666.383730499847,672,672,0.8055230690620389,0.01445882316241989
A1,roll_01,persistence,2026-01-18 21:00:00+00:00,2026-01-18 22:00:00+00:00,0,1,2025-12-08T00:00:00+00:00,2026-01-12T00:00:00+00:00,2026-01-12T00:00:00+00:00,2026-01-19T00:00:00+00:00,579.8006035581112,1022.3695540110556,-442.5689504529444,0,night,0,0.0,0,2,0,0,0,0,0,0,0,0,0,0,0,0,0,0,0,0,0,0,0,0,0,0,6,2829.186617279833,817.2623687095833,851.6801286406111,1022.3695540110556,21,0.7071067811865474,-0.7071067811865477,0,1,1,-2.692560749666626,257.96870882059727,1032.0046785286665,666.383730499847,672,672,1.7051540542042527,0.6785941106805865
A1,roll_01,rf,2026-01-11 23:00:00+00:00,2026-01-12 00:00:00+00:00,0,1,2025-12-08T00:00:00+00:00,2026-01-12T00:00:00+00:00,2026-01-12T00:00:00+00:00,2026-01-19T00:00:00+00:00,2521.281662351861,2287.814999581927,233.46666276993392,0,night,0,0.0,0,1,0,0,0,0,0,0,0,0,0,0,0,0,0,0,0,0,0,0,0,0,0,0,6,364.9348326606112,2652.970591418611,410.7482779138611,2501.345489155889,23,0.965925826289068,-0.2588190451025215,0,1,1,-107.23434483206677,451.6771302440603,973.0697614069028,616.5166494453612,504,504,0.7543020994175762,2.511224802019185
A1,roll_01,rf,2026-01-12 00:00:00+00:00,2026-01-12 01:00:00+00:00,0,1,2025-12-08T00:00:00+00:00,2026-01-12T00:00:00+00:00,2026-01-12T00:00:00+00:00,2026-01-19T00:00:00+00:00,2510.7629793080832,2620.353506177615,-109.59052686953191,0,night,0,0.0,0,1,0,0,0,0,0,0,0,0,0,0,0,0,0,0,0,0,0,0,0,0,0,0,0,370.6410842640833,2501.345489155889,405.205528771,2521.281662351861,0,1.0,0.0,0,0,1,-107.23434483206677,451.6771302440603,973.0697614069028,616.5166494453612,504,504,0.005216518348387489,2.4941633275995714
A1,roll_01,rf,2026-01-12 01:00:00+00:00,2026-01-12 02:00:00+00:00,0,1,2025-12-08T00:00:00+00:00,2026-01-12T00:00:00+00:00,2026-01-12T00:00:00+00:00,2026-01-19T00:00:00+00:00,2517.397726423444,2556.328714734964,-38.93098831151974,0,night,0,0.0,0,0,0,0,0,0,0,0,0,0,0,0,0,0,0,0,0,0,0,0,0,0,0,0,0,368.0486825067223,2521.281662351861,475.14375079194434,2510.7629793080832,1,0.9659258262890684,0.2588190451025207,0,0,1,-107.23434483206677,451.6771302440603,973.0697614069028,616.5166494453612,504,504,0.1512216402978823,2.5049249949792434
A1,roll_01,rf,2026-01-12 02:00:00+00:00,2026-01-12 03:00:00+00:00,0,1,2025-12-08T00:00:00+00:00,2026-01-12T00:00:00+00:00,2026-01-12T00:00:00+00:00,2026-01-19T00:00:00+00:00,2481.68678522575,2648.014885518762,-166.32810029301254,0,night,0,0.0,0,0,0,0,0,0,0,0,0,0,0,0,0,0,0,0,0,0,0,0,0,0,0,0,0,407.2023981933612,2510.7629793080832,401.84106967408337,2517.397726423444,2,0.8660254037844387,0.4999999999999999,0,0,1,-107.23434483206677,451.6771302440603,973.0697614069028,616.5166494453612,504,504,0.13083185201122516,2.4470012694321386
A1,roll_01,rf,2026-01-12 03:00:00+00:00,2026-01-12 04:00:00+00:00,0,1,2025-12-08T00:00:00+00:00,2026-01-12T00:00:00+00:00,2026-01-12T00:00:00+00:00,2026-01-19T00:00:00+00:00,3016.15648477425,2703.275471176268,312.8810135979825,0,night,0,0.0,0,1,0,0,0,0,0,0,0,0,0,0,0,0,0,0,0,0,0,0,0,0,0,0,0,381.6384086141388,2517.397726423444,367.7446838216111,2481.68678522575,3,0.7071067811865476,0.7071067811865476,0,0,1,-107.23434483206677,451.6771302440603,973.0697614069028,616.5166494453612,504,504,0.9301231572274715,3.3139197866032917
A1,roll_01,rf,2026-01-12 04:00:00+00:00,2026-01-12 05:00:00+00:00,0,1,2025-12-08T00:00:00+00:00,2026-01-12T00:00:00+00:00,2026-01-12T00:00:00+00:00,2026-01-19T00:00:00+00:00,4262.747835938639,3423.339316560101,839.4085193785377,0,night,0,0.0,0,0,0,0,0,0,0,0,0,0,0,0,0,0,0,0,0,0,0,0,0,0,0,0,0,1018.144173213861,2481.68678522575,963.4637856096666,3016.15648477425,4,0.5000000000000001,0.8660254037844386,0,0,1,-107.23434483206677,451.6771302440603,973.0697614069028,616.5166494453612,504,504,2.095839706781464,5.335911167186222
A1,roll_01,rf,2026-01-12 05:00:00+00:00,2026-01-12 06:00:00+00:00,0,1,2025-12-08T00:00:00+00:00,2026-01-12T00:00:00+00:00,2026-01-12T00:00:00+00:00,2026-01-19T00:00:00+00:00,4361.908397110695,3495.136391812441,866.7720052982536,0,night,0,0.0,0,0,0,0,0,0,0,0,0,0,0,0,0,0,0,0,0,0,0,0,0,0,0,0,0,3480.3327933123333,3016.15648477425,1813.34006411675,4262.747835938639,5,0.2588190451025207,0.9659258262890684,0,0,1,-107.23434483206677,451.6771302440603,973.0697614069028,616.5166494453612,504,504,2.1564216669637966,5.496751204939078
A1,roll_01,rf,2026-01-12 06:00:00+00:00,2026-01-12 07:00:00+00:00,0,1,2025-12-08T00:00:00+00:00,2026-01-12T00:00:00+00:00,2026-01-12T00:00:00+00:00,2026-01-19T00:00:00+00:00,4563.315619382333,3126.176493903237,1437.1391254790965,0,night,0,0.0,0,0,0,0,0,0,0,0,0,0,0,0,0,0,0,0,0,0,0,0,0,0,0,0,0,3264.2411370842497,4262.747835938639,1868.444830851611,4361.908397110695,6,6.123233995736766e-17,1.0,0,0,1,-107.23434483206677,451.6771302440603,973.0697614069028,616.5166494453612,504,504,3.419197844877983,5.823436984557246
A1,roll_01,rf,2026-01-12 07:00:00+00:00,2026-01-12 08:00:00+00:00,0,1,2025-12-08T00:00:00+00:00,2026-01-12T00:00:00+00:00,2026-01-12T00:00:00+00:00,2026-01-19T00:00:00+00:00,3089.202245556361,3005.40176785337,83.80047770299097,1,night,0,0.0,0,1,0,0,0,0,0,0,0,0,0,0,0,0,0,0,0,0,0,0,0,0,0,0,0,3395.476410544472,4361.908397110695,1998.770939867861,4563.315619382333,7,-0.2588190451025206,0.9659258262890684,0,0,1,-107.23434483206677,451.6771302440603,973.0697614069028,616.5166494453612,504,504,0.42294552843938216,3.4324011947661126
A1,roll_01,rf,2026-01-12 08:00:00+00:00,2026-01-12 09:00:00+00:00,0,1,2025-12-08T00:00:00+00:00,2026-01-12T00:00:00+00:00,2026-01-12T00:00:00+00:00,2026-01-19T00:00:00+00:00,2796.8041315197224,2773.989002615347,22.815128904375342,1,med,0,0.0,0,1,0,0,0,0,0,0,0,0,0,0,0,0,0,0,0,0,0,0,0,0,0,0,0,2043.147877824084,4563.315619382333,1620.6764299421666,3089.202245556361,8,-0.4999999999999998,0.8660254037844387,0,0,1,-107.23434483206677,451.6771302440603,973.0697614069028,616.5166494453612,504,504,0.2879257439183845,2.9581267136151337
A1,roll_01,rf,2026-01-12 09:00:00+00:00,2026-01-12 10:00:00+00:00,0,1,2025-12-08T00:00:00+00:00,2026-01-12T00:00:00+00:00,2026-01-12T00:00:00+00:00,2026-01-19T00:00:00+00:00,746.3919299871112,2007.059383880634,-1260.6674538935226,1,med,0,0.0,0,1,0,0,0,0,0,0,0,0,0,0,0,0,0,0,0,0,0,0,0,0,0,0,0,1179.0779114988334,3089.202245556361,1464.1872420950556,2796.8041315197224,9,-0.7071067811865475,0.7071067811865476,0,0,1,-107.23434483206677,451.6771302440603,973.0697614069028,616.5166494453612,504,504,2.5536672809584298,0.3676751173284914
A1,roll_01,rf,2026-01-12 10:00:00+00:00,2026-01-12 11:00:00+00:00,0,1,2025-12-08T00:00:00+00:00,2026-01-12T00:00:00+00:00,2026-01-12T00:00:00+00:00,2026-01-19T00:00:00+00:00,632.5966184736388,1224.057247783113,-591.4606293094745,1,high,0,0.0,0,1,0,0,0,0,0,0,0,0,0,0,0,0,0,0,0,0,0,0,0,0,0,0,0,947.8847584085834,2796.8041315197224,474.102661966639,746.3919299871112,10,-0.8660254037844387,0.4999999999999999,0,0,1,-107.23434483206677,451.6771302440603,973.0697614069028,616.5166494453612,504,504,1.0720628786668027,0.5522529573849545
A1,roll_01,rf,2026-01-12 11:00:00+00:00,2026-01-12 12:00:00+00:00,0,1,2025-12-08T00:00:00+00:00,2026-01-12T00:00:00+00:00,2026-01-12T00:00:00+00:00,2026-01-19T00:00:00+00:00,-422.1210146441389,916.6996383975114,-1338.8206530416503,1,high,0,0.0,0,2,0,0,0,0,0,0,0,0,0,0,0,0,0,0,0,0,0,0,0,0,0,0,0,863.6994095845556,746.3919299871112,924.8024321908888,632.5966184736388,11,-0.9659258262890682,0.258819045102521,0,0,1,-107.23434483206677,451.6771302440603,973.0697614069028,616.5166494453612,504,504,2.726696185711473,2.2630220567541874
A1,roll_01,rf,2026-01-12 12:00:00+00:00,2026-01-12 13:00:00+00:00,0,1,2025-12-08T00:00:00+00:00,2026-01-12T00:00:00+00:00,2026-01-12T00:00:00+00:00,2026-01-19T00:00:00+00:00,754.2202679822223,-429.3494338169959,1183.569701799218,1,med,0,0.0,0,2,1,0,0,0,0,0,0,0,0,0,0,0,0,0,0,0,0,0,0,0,0,0,0,843.0538203102777,632.5966184736388,-377.0683961764167,-422.1210146441389,12,-1.0,1.2246467991473532e-16,0,0,1,-107.23434483206677,451.6771302440603,973.0697614069028,616.5166494453612,504,504,2.857802532383715,0.3549774261920822
A1,roll_01,rf,2026-01-12 13:00:00+00:00,2026-01-12 14:00:00+00:00,0,1,2025-12-08T00:00:00+00:00,2026-01-12T00:00:00+00:00,2026-01-12T00:00:00+00:00,2026-01-19T00:00:00+00:00,1500.3252466112224,948.277470478126,552.0477761330962,1,med,0,0.0,0,2,0,0,0,0,0,0,0,0,0,0,0,0,0,0,0,0,0,0,0,0,0,0,0,1428.490628339573,-422.1210146441389,-533.3608326616389,754.2202679822223,13,-0.9659258262890684,-0.2588190451025208,0,0,1,-107.23434483206677,451.6771302440603,973.0697614069028,616.5166494453612,504,504,1.4596313977839102,0.855216944552359
A1,roll_01,rf,2026-01-12 14:00:00+00:00,2026-01-12 15:00:00+00:00,0,1,2025-12-08T00:00:00+00:00,2026-01-12T00:00:00+00:00,2026-01-12T00:00:00+00:00,2026-01-19T00:00:00+00:00,586.6202596731389,1711.7561116456498,-1125.1358519725109,1,low,0,0.0,0,2,0,0,0,0,0,0,0,0,0,0,0,0,0,0,0,0,0,0,0,0,0,0,0,1773.3037352634722,754.2202679822223,1619.3522628639723,1500.3252466112224,14,-0.8660254037844388,-0.4999999999999997,0,0,1,-107.23434483206677,451.6771302440603,973.0697614069028,616.5166494453612,504,504,2.2536042650431045,0.6268273567006287
A1,roll_01,rf,2026-01-12 15:00:00+00:00,2026-01-12 16:00:00+00:00,0,1,2025-12-08T00:00:00+00:00,2026-01-12T00:00:00+00:00,2026-01-12T00:00:00+00:00,2026-01-19T00:00:00+00:00,1670.774375533639,1170.977657655029,499.7967178786103,1,low,0,0.0,0,2,0,0,0,0,0,0,0,0,0,0,0,0,0,0,0,0,0,0,0,0,0,0,0,2045.117999196167,1500.3252466112224,867.3860450609445,586.6202596731389,15,-0.7071067811865479,-0.7071067811865471,0,0,1,-107.23434483206677,451.6771302440603,973.0697614069028,616.5166494453612,504,504,1.3439490779235879,1.1316881948839732
A1,roll_01,rf,2026-01-12 16:00:00+00:00,2026-01-12 17:00:00+00:00,0,1,2025-12-08T00:00:00+00:00,2026-01-12T00:00:00+00:00,2026-01-12T00:00:00+00:00,2026-01-19T00:00:00+00:00,893.0618960396945,1941.297815745669,-1048.235919705974,0,night,0,0.0,0,2,0,0,0,0,0,0,0,0,0,0,0,0,0,0,0,0,0,0,0,0,0,0,0,1695.0528240614449,586.6202596731389,1129.351029028639,1670.774375533639,16,-0.5000000000000004,-0.8660254037844385,0,0,1,-107.23434483206677,451.6771302440603,973.0697614069028,616.5166494453612,504,504,2.083350056633251,0.12977405466532985
A1,roll_01,rf,2026-01-12 17:00:00+00:00,2026-01-12 18:00:00+00:00,0,1,2025-12-08T00:00:00+00:00,2026-01-12T00:00:00+00:00,2026-01-12T00:00:00+00:00,2026-01-19T00:00:00+00:00,2274.0885418814723,1436.278299639902,837.8102422415702,0,night,0,0.0,0,1,0,0,0,0,0,0,0,0,0,0,0,0,0,0,0,0,0,0,0,0,0,0,0,2050.756231673639,1670.774375533639,1683.5612400863336,893.0618960396945,17,-0.2588190451025206,-0.9659258262890684,0,0,1,-107.23434483206677,451.6771302440603,973.0697614069028,616.5166494453612,504,504,2.0923011677898975,2.1102735532690144
A1,roll_01,rf,2026-01-12 18:00:00+00:00,2026-01-12 19:00:00+00:00,0,1,2025-12-08T00:00:00+00:00,2026-01-12T00:00:00+00:00,2026-01-12T00:00:00+00:00,2026-01-19T00:00:00+00:00,1365.6644136303612,1835.0892789987968,-469.4248653684356,0,night,0,0.0,0,1,0,0,0,0,0,0,0,0,0,0,0,0,0,0,0,0,0,0,0,0,0,0,0,3794.624143870611,893.0618960396945,2735.553599037861,2274.0885418814723,18,-1.8369701987210287e-16,-1.0,0,0,1,-107.23434483206677,451.6771302440603,973.0697614069028,616.5166494453612,504,504,0.8018792546362972,0.636794890416422
A1,roll_01,rf,2026-01-12 19:00:00+00:00,2026-01-12 20:00:00+00:00,0,1,2025-12-08T00:00:00+00:00,2026-01-12T00:00:00+00:00,2026-01-12T00:00:00+00:00,2026-01-19T00:00:00+00:00,653.7379858252777,1083.7965636596475,-430.05857783436977,0,night,0,0.0,0,1,0,0,0,0,0,0,0,0,0,0,0,0,0,0,0,0,0,0,0,0,0,0,0,1861.5080703779724,2274.0885418814723,2033.9936153407496,1365.6644136303612,19,0.2588190451025203,-0.9659258262890684,0,0,1,-107.23434483206677,451.6771302440603,973.0697614069028,616.5166494453612,504,504,0.714723441560717,0.5179613168093782
A1,roll_01,rf,2026-01-12 20:00:00+00:00,2026-01-12 21:00:00+00:00,0,1,2025-12-08T00:00:00+00:00,2026-01-12T00:00:00+00:00,2026-01-12T00:00:00+00:00,2026-01-19T00:00:00+00:00,1060.23997367125,822.1613769201963,238.0785967510537,0,night,0,0.0,0,1,0,0,0,0,0,0,0,0,0,0,0,0,0,0,0,0,0,0,0,0,0,0,0,1496.9097637140555,1365.6644136303612,1245.8312970156112,653.7379858252777,20,0.5000000000000001,-0.8660254037844386,0,0,1,-107.23434483206677,451.6771302440603,973.0697614069028,616.5166494453612,504,504,0.7645127868141858,0.14139149744417845
A1,roll_01,rf,2026-01-12 21:00:00+00:00,2026-01-12 22:00:00+00:00,0,1,2025-12-08T00:00:00+00:00,2026-01-12T00:00:00+00:00,2026-01-12T00:00:00+00:00,2026-01-19T00:00:00+00:00,372.6696216118889,1075.5759505148692,-702.9063289029802,0,night,0,0.0,0,1,0,0,0,0,0,0,0,0,0,0,0,0,0,0,0,0,0,0,0,0,0,0,0,719.7584706931667,653.7379858252777,2829.186617279833,1060.23997367125,21,0.7071067811865474,-0.7071067811865477,0,0,1,-107.23434483206677,451.6771302440603,973.0697614069028,616.5166494453612,504,504,1.3188004089315892,0.9738587600759101
A1,roll_01,rf,2026-01-12 22:00:00+00:00,2026-01-12 23:00:00+00:00,0,1,2025-12-08T00:00:00+00:00,2026-01-12T00:00:00+00:00,2026-01-12T00:00:00+00:00,2026-01-19T00:00:00+00:00,368.2867205090556,616.7975745186097,-248.51085400955407,0,night,0,0.0,0,1,0,0,0,0,0,0,0,0,0,0,0,0,0,0,0,0,0,0,0,0,0,0,0,446.7607589221944,1060.23997367125,2652.970591418611,372.6696216118889,22,0.8660254037844384,-0.5000000000000004,0,0,1,-107.23434483206677,451.6771302440603,973.0697614069028,616.5166494453612,504,504,0.31278207311747136,0.98096789671768
A1,roll_01,rf,2026-01-12 23:00:00+00:00,2026-01-13 00:00:00+00:00,0,1,2025-12-08T00:00:00+00:00,2026-01-12T00:00:00+00:00,2026-01-12T00:00:00+00:00,2026-01-19T00:00:00+00:00,366.1301339879167,549.6118168029043,-183.4816828149876,0,night,0,0.0,0,1,0,0,0,0,0,0,0,0,0,0,0,0,0,0,0,0,0,0,0,0,0,0,0,377.8106354470833,372.6696216118889,2501.345489155889,368.2867205090556,23,0.965925826289068,-0.2588190451025215,0,0,1,-107.23434483206677,451.6771302440603,973.0697614069028,616.5166494453612,504,504,0.16880938368901072,0.9844659150162597
A1,roll_01,rf,2026-01-13 00:00:00+00:00,2026-01-13 01:00:00+00:00,0,1,2025-12-08T00:00:00+00:00,2026-01-12T00:00:00+00:00,2026-01-12T00:00:00+00:00,2026-01-19T00:00:00+00:00,374.135321881,578.9921210240676,-204.85679914306763,0,night,0,0.0,0,1,0,1,1,0,3,0,0,0,1,0,1,0,1,0,0,0,1,0,0,0,0,0,1,392.73774841372216,368.2867205090556,2521.281662351861,366.1301339879167,0,1.0,0.0,0,0,1,-107.23434483206677,451.6771302440603,973.0697614069028,616.5166494453612,504,504,0.21613326815606385,0.9714813704783546
A1,roll_01,rf,2026-01-13 01:00:00+00:00,2026-01-13 02:00:00+00:00,0,1,2025-12-08T00:00:00+00:00,2026-01-12T00:00:00+00:00,2026-01-12T00:00:00+00:00,2026-01-19T00:00:00+00:00,383.9471823114166,574.5391915181795,-190.59200920676284,0,night,0,0.0,0,1,0,1,1,0,3,0,0,0,1,0,1,0,1,0,0,0,1,0,0,0,0,0,1,392.9088330086667,366.1301339879167,2510.7629793080832,374.135321881,1,0.9659258262890684,0.2588190451025207,0,0,1,-107.23434483206677,451.6771302440603,973.0697614069028,616.5166494453612,504,504,0.1845514390548275,0.9555663737961989
A1,roll_01,rf,2026-01-13 02:00:00+00:00,2026-01-13 03:00:00+00:00,0,1,2025-12-08T00:00:00+00:00,2026-01-12T00:00:00+00:00,2026-01-12T00:00:00+00:00,2026-01-19T00:00:00+00:00,367.6768063598889,584.4612397275349,-216.78443336764605,0,night,0,0.0,0,1,0,1,1,0,3,0,0,0,1,0,1,0,1,0,0,0,1,0,0,0,0,0,1,385.8227960619445,374.135321881,2517.397726423444,383.9471823114166,2,0.8660254037844387,0.4999999999999999,0,0,1,-107.23434483206677,451.6771302440603,973.0697614069028,616.5166494453612,504,504,0.24254070263948213,0.9819571873551922
A1,roll_01,rf,2026-01-13 03:00:00+00:00,2026-01-13 04:00:00+00:00,0,1,2025-12-08T00:00:00+00:00,2026-01-12T00:00:00+00:00,2026-01-12T00:00:00+00:00,2026-01-19T00:00:00+00:00,977.1223704921111,852.3189216114274,124.80344888068372,0,night,0,0.0,0,1,0,0,0,0,0,0,0,0,0,0,0,0,0,0,0,0,0,0,0,0,0,0,1,392.4521254978611,383.9471823114166,2481.68678522575,367.6768063598889,3,0.7071067811865476,0.7071067811865476,0,0,1,-107.23434483206677,451.6771302440603,973.0697614069028,616.5166494453612,504,504,0.5137249113927257,0.006573397634685489
A1,roll_01,rf,2026-01-13 04:00:00+00:00,2026-01-13 05:00:00+00:00,0,1,2025-12-08T00:00:00+00:00,2026-01-12T00:00:00+00:00,2026-01-12T00:00:00+00:00,2026-01-19T00:00:00+00:00,2001.738657636584,1761.2638137383487,240.47484389823532,0,night,0,0.0,0,1,0,0,0,0,0,0,0,0,0,0,0,0,0,0,0,0,0,0,0,0,0,0,1,1067.7196651701668,367.6768063598889,3016.15648477425,977.1223704921111,4,0.5000000000000001,0.8660254037844386,0,0,1,-107.23434483206677,451.6771302440603,973.0697614069028,616.5166494453612,504,504,0.76981800814759,1.6685176258501793
A1,roll_01,rf,2026-01-13 05:00:00+00:00,2026-01-13 06:00:00+00:00,0,1,2025-12-08T00:00:00+00:00,2026-01-12T00:00:00+00:00,2026-01-12T00:00:00+00:00,2026-01-19T00:00:00+00:00,2099.6764230465,2308.198648330141,-208.5222252836411,0,night,0,0.0,0,1,0,0,0,0,0,0,0,0,0,0,0,0,0,0,0,0,0,0,0,0,0,0,1,1903.881896566528,977.1223704921111,4262.747835938639,2001.738657636584,5,0.2588190451025207,0.9659258262890684,0,0,1,-107.23434483206677,451.6771302440603,973.0697614069028,616.5166494453612,504,504,0.22424841478434868,1.8273742690536097
A1,roll_01,rf,2026-01-13 06:00:00+00:00,2026-01-13 07:00:00+00:00,0,1,2025-12-08T00:00:00+00:00,2026-01-12T00:00:00+00:00,2026-01-12T00:00:00+00:00,2026-01-19T00:00:00+00:00,1798.5318447581387,1886.675428756489,-88.14358399835032,0,night,0,0.0,0,1,0,0,0,0,0,0,0,0,0,0,0,0,0,0,0,0,0,0,0,0,0,0,1,1884.089269866861,2001.738657636584,4361.908397110695,2099.6764230465,6,6.123233995736766e-17,1.0,0,0,1,-107.23434483206677,451.6771302440603,973.0697614069028,616.5166494453612,504,504,0.04226638799135324,1.3389128810938828
A1,roll_01,rf,2026-01-13 07:00:00+00:00,2026-01-13 08:00:00+00:00,0,1,2025-12-08T00:00:00+00:00,2026-01-12T00:00:00+00:00,2026-01-12T00:00:00+00:00,2026-01-19T00:00:00+00:00,1792.85737564,1859.389231971076,-66.53185633107614,1,night,0,0.0,0,2,0,0,0,0,0,0,0,0,0,0,0,0,0,0,0,0,0,0,0,0,0,0,1,2001.9943023529447,2099.6764230465,4563.315619382333,1798.5318447581387,7,-0.2588190451025206,0.9659258262890684,0,0,1,-107.23434483206677,451.6771302440603,973.0697614069028,616.5166494453612,504,504,0.09011412306617637,1.3297088001931585
A1,roll_01,rf,2026-01-13 08:00:00+00:00,2026-01-13 09:00:00+00:00,0,1,2025-12-08T00:00:00+00:00,2026-01-12T00:00:00+00:00,2026-01-12T00:00:00+00:00,2026-01-19T00:00:00+00:00,1704.9205994411388,1798.4856519751647,-93.56505253402588,1,low,0,0.0,0,2,0,0,0,0,0,0,0,0,0,0,0,0,0,0,0,0,0,0,0,0,0,0,1,2286.4682565411667,1798.5318447581387,3089.202245556361,1792.85737564,8,-0.4999999999999998,0.8660254037844387,0,0,1,-107.23434483206677,451.6771302440603,973.0697614069028,616.5166494453612,504,504,0.03026341468883932,1.1870739236201218
A1,roll_01,rf,2026-01-13 09:00:00+00:00,2026-01-13 10:00:00+00:00,0,1,2025-12-08T00:00:00+00:00,2026-01-12T00:00:00+00:00,2026-01-12T00:00:00+00:00,2026-01-19T00:00:00+00:00,1712.5081979704166,1847.5195788672,-135.0113808967833,1,low,0,0.0,0,2,0,0,0,0,0,0,0,0,0,0,0,0,0,0,0,0,0,0,0,0,0,0,1,1821.3285119935,1792.85737564,2796.8041315197224,1704.9205994411388,9,-0.7071067811865475,0.7071067811865476,0,0,1,-107.23434483206677,451.6771302440603,973.0697614069028,616.5166494453612,504,504,0.06149754814840285,1.199381131440225
A1,roll_01,rf,2026-01-13 10:00:00+00:00,2026-01-13 11:00:00+00:00,0,1,2025-12-08T00:00:00+00:00,2026-01-12T00:00:00+00:00,2026-01-12T00:00:00+00:00,2026-01-19T00:00:00+00:00,1729.1863273721667,1758.4368524315703,-29.25052505940357,1,low,0,0.0,0,2,0,0,0,0,0,0,0,0,0,0,0,0,0,0,0,0,0,0,0,0,0,0,1,1457.3535129481943,1704.9205994411388,746.3919299871112,1712.5081979704166,10,-0.8660254037844387,0.4999999999999999,0,0,1,-107.23434483206677,451.6771302440603,973.0697614069028,616.5166494453612,504,504,0.17265390375316375,1.2264333277057342
A1,roll_01,rf,2026-01-13 11:00:00+00:00,2026-01-13 12:00:00+00:00,0,1,2025-12-08T00:00:00+00:00,2026-01-12T00:00:00+00:00,2026-01-12T00:00:00+00:00,2026-01-19T00:00:00+00:00,1776.8351252307775,1786.5144411554784,-9.67931592470086,1,low,0,0.0,0,2,0,0,0,0,0,0,0,0,0,0,0,0,0,0,0,0,0,0,0,0,0,0,1,1098.783385659861,1712.5081979704166,632.5966184736388,1729.1863273721667,11,-0.9659258262890682,0.258819045102521,0,0,1,-107.23434483206677,451.6771302440603,973.0697614069028,616.5166494453612,504,504,0.2159839902778624,1.3037204502862474
A1,roll_01,rf,2026-01-13 12:00:00+00:00,2026-01-13 13:00:00+00:00,0,1,2025-12-08T00:00:00+00:00,2026-01-12T00:00:00+00:00,2026-01-12T00:00:00+00:00,2026-01-19T00:00:00+00:00,1850.1251705731663,1850.9790497478211,-0.8538791746550487,1,low,0,0.0,0,2,0,0,0,0,0,0,0,0,0,0,0,0,0,0,0,0,0,0,0,0,0,0,1,894.0836341709445,1729.1863273721667,-422.1210146441389,1776.8351252307775,12,-1.0,1.2246467991473532e-16,0,0,1,-107.23434483206677,451.6771302440603,973.0697614069028,616.5166494453612,504,504,0.2355232499815296,1.4225980919660348
A1,roll_01,rf,2026-01-13 13:00:00+00:00,2026-01-13 14:00:00+00:00,0,1,2025-12-08T00:00:00+00:00,2026-01-12T00:00:00+00:00,2026-01-12T00:00:00+00:00,2026-01-19T00:00:00+00:00,2103.8606620909723,1899.6337253859397,204.2269367050328,1,low,0,0.0,0,2,0,0,0,0,0,0,0,0,0,0,0,0,0,0,0,0,0,0,0,0,0,0,1,329.2631219953055,1776.8351252307775,754.2202679822223,1850.1251705731663,13,-0.9659258262890684,-0.2588190451025208,0,0,1,-107.23434483206677,451.6771302440603,973.0697614069028,616.5166494453612,504,504,0.6895661982460874,1.8341611726161273
A1,roll_01,rf,2026-01-13 14:00:00+00:00,2026-01-13 15:00:00+00:00,0,1,2025-12-08T00:00:00+00:00,2026-01-12T00:00:00+00:00,2026-01-12T00:00:00+00:00,2026-01-19T00:00:00+00:00,1367.69234237475,2045.4193517297483,-677.7270093549982,1,low,0,0.0,0,2,0,0,0,0,0,0,0,0,0,0,0,0,0,0,0,0,0,0,0,0,0,0,1,967.2042220471388,1850.1251705731663,1500.3252466112224,2103.8606620909723,14,-0.8660254037844388,-0.4999999999999997,0,0,1,-107.23434483206677,451.6771302440603,973.0697614069028,616.5166494453612,504,504,1.2630541294279614,0.6400842237153901
A1,roll_01,rf,2026-01-13 15:00:00+00:00,2026-01-13 16:00:00+00:00,0,1,2025-12-08T00:00:00+00:00,2026-01-12T00:00:00+00:00,2026-01-12T00:00:00+00:00,2026-01-19T00:00:00+00:00,2518.591872478111,1560.6357272180835,957.9561452600274,1,night,0,0.0,0,2,0,0,0,0,0,0,0,0,0,0,0,0,0,0,0,0,0,0,0,0,0,0,1,2273.575334169805,2103.8606620909723,586.6202596731389,1367.69234237475,15,-0.7071067811865479,-0.7071067811865471,0,0,1,-107.23434483206677,451.6771302440603,973.0697614069028,616.5166494453612,504,504,2.3583006948271357,2.5068619192386956
A1,roll_01,rf,2026-01-13 16:00:00+00:00,2026-01-13 17:00:00+00:00,0,1,2025-12-08T00:00:00+00:00,2026-01-12T00:00:00+00:00,2026-01-12T00:00:00+00:00,2026-01-19T00:00:00+00:00,2818.4871972926667,2107.049407015461,711.4377902772057,0,night,0,0.0,0,2,0,0,0,0,0,0,0,0,0,0,0,0,0,0,0,0,0,0,0,0,0,0,1,1652.948210602611,1367.69234237475,1670.774375533639,2518.591872478111,16,-0.5000000000000004,-0.8660254037844385,0,0,1,-107.23434483206677,451.6771302440603,973.0697614069028,616.5166494453612,504,504,1.812516242889936,2.9932969978117585
A1,roll_01,rf,2026-01-13 17:00:00+00:00,2026-01-13 18:00:00+00:00,0,1,2025-12-08T00:00:00+00:00,2026-01-12T00:00:00+00:00,2026-01-12T00:00:00+00:00,2026-01-19T00:00:00+00:00,1383.2154217488053,2215.970872611488,-832.7554508626824,0,night,0,0.0,0,2,0,0,0,0,0,0,0,0,0,0,0,0,0,0,0,0,0,0,0,0,0,0,1,2089.0237929649165,2518.591872478111,893.0618960396945,2818.4871972926667,17,-0.2588190451025206,-0.9659258262890684,0,0,1,-107.23434483206677,451.6771302440603,973.0697614069028,616.5166494453612,504,504,1.6062825798565135,0.6652629101109973
A1,roll_01,rf,2026-01-13 18:00:00+00:00,2026-01-13 19:00:00+00:00,0,1,2025-12-08T00:00:00+00:00,2026-01-12T00:00:00+00:00,2026-01-12T00:00:00+00:00,2026-01-19T00:00:00+00:00,962.6741752021112,1937.808678542845,-975.1345033407338,0,night,0,0.0,0,2,0,0,0,0,0,0,0,0,0,0,0,0,0,0,0,0,0,0,0,0,0,0,1,2541.390361368472,2818.4871972926667,2274.0885418814723,1383.2154217488053,18,-1.8369701987210287e-16,-1.0,0,0,1,-107.23434483206677,451.6771302440603,973.0697614069028,616.5166494453612,504,504,1.9215056517023648,0.016861809351205355
A1,roll_01,rf,2026-01-13 19:00:00+00:00,2026-01-13 20:00:00+00:00,0,1,2025-12-08T00:00:00+00:00,2026-01-12T00:00:00+00:00,2026-01-12T00:00:00+00:00,2026-01-19T00:00:00+00:00,2371.2932299861945,1062.1447335510904,1309.148496435104,0,night,0,0.0,0,2,0,0,0,0,0,0,0,0,0,0,0,0,0,0,0,0,0,0,0,0,0,0,1,1259.8555531175557,1383.2154217488053,1365.6644136303612,962.6741752021112,19,0.2588190451025203,-0.9659258262890684,0,0,1,-107.23434483206677,451.6771302440603,973.0697614069028,616.5166494453612,504,504,3.135830323093488,2.267941133199209
A1,roll_01,rf,2026-01-13 20:00:00+00:00,2026-01-13 21:00:00+00:00,0,1,2025-12-08T00:00:00+00:00,2026-01-12T00:00:00+00:00,2026-01-12T00:00:00+00:00,2026-01-19T00:00:00+00:00,813.2224330626667,1597.1042767547617,-783.881843692095,0,night,0,0.0,0,2,0,0,0,0,0,0,0,0,0,0,0,0,0,0,0,0,0,0,0,0,0,0,1,856.5431156826388,962.6741752021112,653.7379858252777,2371.2932299861945,20,0.5000000000000001,-0.8660254037844386,0,0,1,-107.23434483206677,451.6771302440603,973.0697614069028,616.5166494453612,504,504,1.4980778382434525,0.25927495792374794
A1,roll_01,rf,2026-01-13 21:00:00+00:00,2026-01-13 22:00:00+00:00,0,1,2025-12-08T00:00:00+00:00,2026-01-12T00:00:00+00:00,2026-01-12T00:00:00+00:00,2026-01-19T00:00:00+00:00,1323.4556494799722,885.3944787641468,438.06117071582537,0,night,0,0.0,0,1,0,0,0,0,0,0,0,0,0,0,0,0,0,0,0,0,0,0,0,0,0,0,1,575.4723228509444,2371.2932299861945,1060.23997367125,813.2224330626667,21,0.7071067811865474,-0.7071067811865477,0,0,1,-107.23434483206677,451.6771302440603,973.0697614069028,616.5166494453612,504,504,1.2072683760925549,0.5683315907012214
A1,roll_01,rf,2026-01-13 22:00:00+00:00,2026-01-13 23:00:00+00:00,0,1,2025-12-08T00:00:00+00:00,2026-01-12T00:00:00+00:00,2026-01-12T00:00:00+00:00,2026-01-19T00:00:00+00:00,690.983777113111,1062.3803375536072,-371.39656044049616,0,night,0,0.0,0,1,0,0,0,0,0,0,0,0,0,0,0,0,0,0,0,0,0,0,0,0,0,0,1,379.3353790977222,813.2224330626667,372.6696216118889,1323.4556494799722,22,0.8660254037844384,-0.5000000000000004,0,0,1,-107.23434483206677,451.6771302440603,973.0697614069028,616.5166494453612,504,504,0.5848474450448516,0.4575480395339942
A1,roll_01,rf,2026-01-13 23:00:00+00:00,2026-01-14 00:00:00+00:00,0,1,2025-12-08T00:00:00+00:00,2026-01-12T00:00:00+00:00,2026-01-12T00:00:00+00:00,2026-01-19T00:00:00+00:00,373.91198171711113,528.6246612911772,-154.71267957406604,0,night,0,0.0,0,1,0,0,0,0,0,0,0,0,0,0,0,0,0,0,0,0,0,0,0,0,0,0,1,372.6325051877778,1323.4556494799722,368.2867205090556,690.983777113111,23,0.965925826289068,-0.2588190451025215,0,0,1,-107.23434483206677,451.6771302440603,973.0697614069028,616.5166494453612,504,504,0.1051156491282716,0.9718436318448396
A1,roll_01,rf,2026-01-14 00:00:00+00:00,2026-01-14 01:00:00+00:00,0,1,2025-12-08T00:00:00+00:00,2026-01-12T00:00:00+00:00,2026-01-12T00:00:00+00:00,2026-01-19T00:00:00+00:00,370.08383153427775,398.9900421073339,-28.90621057305617,0,night,0,0.0,0,1,0,0,0,0,0,0,0,0,0,0,0,0,0,0,0,0,0,0,0,0,0,0,2,389.1375681515556,690.983777113111,366.1301339879167,373.91198171711113,0,1.0,0.0,0,0,1,-107.23434483206677,451.6771302440603,973.0697614069028,616.5166494453612,504,504,0.17341620598919094,0.9780529535010793
A1,roll_01,rf,2026-01-14 01:00:00+00:00,2026-01-14 02:00:00+00:00,0,1,2025-12-08T00:00:00+00:00,2026-01-12T00:00:00+00:00,2026-01-12T00:00:00+00:00,2026-01-19T00:00:00+00:00,363.9680898908056,398.0638001972375,-34.095710306431954,0,night,0,0.0,0,1,0,0,0,0,0,0,0,0,0,0,0,0,0,0,0,0,0,0,0,0,0,0,2,401.5769106128611,373.91198171711113,374.135321881,370.08383153427775,1,0.9659258262890684,0.2588190451025207,0,0,1,-107.23434483206677,451.6771302440603,973.0697614069028,616.5166494453612,504,504,0.16192680485309252,0.9879727855915412
A1,roll_01,rf,2026-01-14 02:00:00+00:00,2026-01-14 03:00:00+00:00,0,1,2025-12-08T00:00:00+00:00,2026-01-12T00:00:00+00:00,2026-01-12T00:00:00+00:00,2026-01-19T00:00:00+00:00,367.8678755790834,389.4980687085522,-21.630193129468807,0,night,0,0.0,0,1,0,0,0,0,0,0,0,0,0,0,0,0,0,0,0,0,0,0,0,0,0,0,2,377.4491772511944,370.08383153427775,383.9471823114166,363.9680898908056,2,0.8660254037844387,0.4999999999999999,0,0,1,-107.23434483206677,451.6771302440603,973.0697614069028,616.5166494453612,504,504,0.1895250965138359,0.9816472699841587
A1,roll_01,rf,2026-01-14 03:00:00+00:00,2026-01-14 04:00:00+00:00,0,1,2025-12-08T00:00:00+00:00,2026-01-12T00:00:00+00:00,2026-01-12T00:00:00+00:00,2026-01-19T00:00:00+00:00,1021.3973762487502,551.7349334405648,469.6624428081855,0,night,0,0.0,0,1,0,0,0,0,0,0,0,0,0,0,0,0,0,0,0,0,0,0,0,0,0,0,2,390.0319296185555,363.9680898908056,367.6768063598889,367.8678755790834,3,0.7071067811865476,0.7071067811865476,0,0,1,-107.23434483206677,451.6771302440603,973.0697614069028,616.5166494453612,504,504,1.2772326713299178,0.07838817473189826
A1,roll_01,rf,2026-01-14 04:00:00+00:00,2026-01-14 05:00:00+00:00,0,1,2025-12-08T00:00:00+00:00,2026-01-12T00:00:00+00:00,2026-01-12T00:00:00+00:00,2026-01-19T00:00:00+00:00,2059.780215135472,2140.2989457063463,-80.51873057087414,0,night,0,0.0,0,1,0,0,0,0,0,0,0,0,0,0,0,0,0,0,0,0,0,0,0,0,0,0,2,995.877723643,367.8678755790834,977.1223704921111,1021.3973762487502,4,0.5000000000000001,0.8660254037844386,0,0,1,-107.23434483206677,451.6771302440603,973.0697614069028,616.5166494453612,504,504,0.05914759121578072,1.7626619730484332
A1,roll_01,rf,2026-01-14 05:00:00+00:00,2026-01-14 06:00:00+00:00,0,1,2025-12-08T00:00:00+00:00,2026-01-12T00:00:00+00:00,2026-01-12T00:00:00+00:00,2026-01-19T00:00:00+00:00,1951.7951114496389,2350.3714174989864,-398.5763060493475,0,night,0,0.0,0,1,0,0,0,0,0,0,0,0,0,0,0,0,0,0,0,0,0,0,0,0,0,0,2,2048.148801472083,1021.3973762487502,2001.738657636584,2059.780215135472,5,0.2588190451025207,0.9659258262890684,0,0,1,-107.23434483206677,451.6771302440603,973.0697614069028,616.5166494453612,504,504,0.6450226095349488,1.5875083842800188
A1,roll_01,rf,2026-01-14 06:00:00+00:00,2026-01-14 07:00:00+00:00,0,1,2025-12-08T00:00:00+00:00,2026-01-12T00:00:00+00:00,2026-01-12T00:00:00+00:00,2026-01-19T00:00:00+00:00,1687.1433126186946,1763.020684438816,-75.87737182012143,0,night,0,0.0,0,1,0,0,0,0,0,0,0,0,0,0,0,0,0,0,0,0,0,0,0,0,0,0,2,2144.072206509945,2059.780215135472,2099.6764230465,1951.7951114496389,6,6.123233995736766e-17,1.0,0,0,1,-107.23434483206677,451.6771302440603,973.0697614069028,616.5166494453612,504,504,0.06942342419462734,1.1582388761993632
A1,roll_01,rf,2026-01-14 07:00:00+00:00,2026-01-14 08:00:00+00:00,0,1,2025-12-08T00:00:00+00:00,2026-01-12T00:00:00+00:00,2026-01-12T00:00:00+00:00,2026-01-19T00:00:00+00:00,1700.1424731680556,1819.4707772656136,-119.32830409755798,1,night,0,0.0,0,1,0,0,0,0,0,0,0,0,0,0,0,0,0,0,0,0,0,0,0,0,0,0,2,1962.395727615584,1951.7951114496389,1798.5318447581387,1687.1433126186946,7,-0.2588190451025206,0.9659258262890684,0,0,1,-107.23434483206677,451.6771302440603,973.0697614069028,616.5166494453612,504,504,0.026775673275634584,1.1793237253450521
A1,roll_01,rf,2026-01-14 08:00:00+00:00,2026-01-14 09:00:00+00:00,0,1,2025-12-08T00:00:00+00:00,2026-01-12T00:00:00+00:00,2026-01-12T00:00:00+00:00,2026-01-19T00:00:00+00:00,1616.381493539,1753.05926323217,-136.67776969316992,1,night,0,0.0,0,1,0,0,0,0,0,0,0,0,0,0,0,0,0,0,0,0,0,0,0,0,0,0,2,1449.9337721436666,1687.1433126186946,1792.85737564,1700.1424731680556,8,-0.4999999999999998,0.8660254037844387,0,0,1,-107.23434483206677,451.6771302440603,973.0697614069028,616.5166494453612,504,504,0.06518688436847273,1.0434620585037595
A1,roll_01,rf,2026-01-14 09:00:00+00:00,2026-01-14 10:00:00+00:00,0,1,2025-12-08T00:00:00+00:00,2026-01-12T00:00:00+00:00,2026-01-12T00:00:00+00:00,2026-01-19T00:00:00+00:00,1771.2370990303614,1186.9555933599067,584.2815056704546,1,low,0,0.0,0,2,0,0,0,0,0,0,0,0,0,0,0,0,0,0,0,0,0,0,0,0,0,0,2,1045.4205219210555,1700.1424731680556,1704.9205994411388,1616.381493539,9,-0.7071067811865475,0.7071067811865476,0,0,1,-107.23434483206677,451.6771302440603,973.0697614069028,616.5166494453612,504,504,1.5309959353684037,1.2946403610373156
A1,roll_01,rf,2026-01-14 10:00:00+00:00,2026-01-14 11:00:00+00:00,0,1,2025-12-08T00:00:00+00:00,2026-01-12T00:00:00+00:00,2026-01-12T00:00:00+00:00,2026-01-19T00:00:00+00:00,1698.523145841389,1738.2664970361454,-39.74335119475654,1,low,0,0.0,0,2,0,0,0,0,0,0,0,0,0,0,0,0,0,0,0,0,0,0,0,0,0,0,2,760.5154770373333,1616.381493539,1712.5081979704166,1771.2370990303614,10,-0.8660254037844387,0.4999999999999999,0,0,1,-107.23434483206677,451.6771302440603,973.0697614069028,616.5166494453612,504,504,0.14942309255472372,1.1766971501696313
A1,roll_01,rf,2026-01-14 11:00:00+00:00,2026-01-14 12:00:00+00:00,0,1,2025-12-08T00:00:00+00:00,2026-01-12T00:00:00+00:00,2026-01-12T00:00:00+00:00,2026-01-19T00:00:00+00:00,986.6906551339166,1989.4233077675824,-1002.7326526336658,1,low,0,0.0,0,2,0,0,0,0,0,0,0,0,0,0,0,0,0,0,0,0,0,0,0,0,0,0,2,546.3529176781944,1771.2370990303614,1729.1863273721667,1698.523145841389,11,-0.9659258262890682,0.258819045102521,0,0,1,-107.23434483206677,451.6771302440603,973.0697614069028,616.5166494453612,504,504,1.982607149752575,0.02209331043900863
A1,roll_01,rf,2026-01-14 12:00:00+00:00,2026-01-14 13:00:00+00:00,0,1,2025-12-08T00:00:00+00:00,2026-01-12T00:00:00+00:00,2026-01-12T00:00:00+00:00,2026-01-19T00:00:00+00:00,1215.6235662438055,1216.6023241832822,-0.9787579394767364,1,low,0,0.0,0,2,0,0,0,0,0,0,0,0,0,0,0,0,0,0,0,0,0,0,0,0,0,0,2,756.1850252865555,1698.523145841389,1776.8351252307775,986.6906551339166,12,-1.0,1.2246467991473532e-16,0,0,1,-107.23434483206677,451.6771302440603,973.0697614069028,616.5166494453612,504,504,0.23524677203642264,0.3934262035828427
A1,roll_01,rf,2026-01-14 13:00:00+00:00,2026-01-14 14:00:00+00:00,0,1,2025-12-08T00:00:00+00:00,2026-01-12T00:00:00+00:00,2026-01-12T00:00:00+00:00,2026-01-19T00:00:00+00:00,1567.194707997861,1373.6929692584697,193.5017387393916,1,low,0,0.0,0,2,0,0,0,0,0,0,0,0,0,0,0,0,0,0,0,0,0,0,0,0,0,0,2,1302.286245294389,986.6906551339166,1850.1251705731663,1215.6235662438055,13,-0.9659258262890684,-0.2588190451025208,0,0,1,-107.23434483206677,451.6771302440603,973.0697614069028,616.5166494453612,504,504,0.6658209225890138,0.9636802949692483
A1,roll_01,rf,2026-01-14 14:00:00+00:00,2026-01-14 15:00:00+00:00,0,1,2025-12-08T00:00:00+00:00,2026-01-12T00:00:00+00:00,2026-01-12T00:00:00+00:00,2026-01-19T00:00:00+00:00,1578.744458172111,1682.2021539503442,-103.45769577823307,1,night,0,0.0,0,2,0,0,0,0,0,0,0,0,0,0,0,0,0,0,0,0,0,0,0,0,0,0,2,1726.787963903611,1215.6235662438055,2103.8606620909723,1567.194707997861,14,-0.8660254037844388,-0.4999999999999997,0,0,1,-107.23434483206677,451.6771302440603,973.0697614069028,616.5166494453612,504,504,0.008361390916101974,0.982414176989532
A1,roll_01,rf,2026-01-14 15:00:00+00:00,2026-01-14 16:00:00+00:00,0,1,2025-12-08T00:00:00+00:00,2026-01-12T00:00:00+00:00,2026-01-12T00:00:00+00:00,2026-01-19T00:00:00+00:00,1624.9310390754445,1722.7712266676426,-97.84018759219816,1,night,0,0.0,0,2,0,0,0,0,0,0,0,0,0,0,0,0,0,0,0,0,0,0,0,0,0,0,2,2477.2962560777223,1567.194707997861,1367.69234237475,1578.744458172111,15,-0.7071067811865479,-0.7071067811865471,0,0,1,-107.23434483206677,451.6771302440603,973.0697614069028,616.5166494453612,504,504,0.02079839028996784,1.0573295599639974
A1,roll_01,rf,2026-01-14 16:00:00+00:00,2026-01-14 17:00:00+00:00,0,1,2025-12-08T00:00:00+00:00,2026-01-12T00:00:00+00:00,2026-01-12T00:00:00+00:00,2026-01-19T00:00:00+00:00,1793.6743844524724,1689.2156661978422,104.45871825463018,0,night,0,0.0,0,2,0,0,0,0,0,0,0,0,0,0,0,0,0,0,0,0,0,0,0,0,0,0,2,2736.9958837058616,1578.744458172111,2518.591872478111,1624.9310390754445,16,-0.5000000000000004,-0.8660254037844385,0,0,1,-107.23434483206677,451.6771302440603,973.0697614069028,616.5166494453612,504,504,0.4686822708342798,1.3310340017318474
A1,roll_01,rf,2026-01-14 17:00:00+00:00,2026-01-14 18:00:00+00:00,0,1,2025-12-08T00:00:00+00:00,2026-01-12T00:00:00+00:00,2026-01-12T00:00:00+00:00,2026-01-19T00:00:00+00:00,1048.612189175861,2175.666353981798,-1127.0541648059368,0,night,0,0.0,0,2,0,0,0,0,0,0,0,0,0,0,0,0,0,0,0,0,0,0,0,0,0,0,2,2262.745013387778,1624.9310390754445,2818.4871972926667,1793.6743844524724,17,-0.2588190451025206,-0.9659258262890684,0,0,1,-107.23434483206677,451.6771302440603,973.0697614069028,616.5166494453612,504,504,2.257851353737609,0.12253104248996141
A1,roll_01,rf,2026-01-14 18:00:00+00:00,2026-01-14 19:00:00+00:00,0,1,2025-12-08T00:00:00+00:00,2026-01-12T00:00:00+00:00,2026-01-12T00:00:00+00:00,2026-01-19T00:00:00+00:00,1797.1453520931666,1550.8811589827908,246.2641931103758,0,night,0,0.0,0,2,0,0,0,0,0,0,0,0,0,0,0,0,0,0,0,0,0,0,0,0,0,0,2,1568.7467902066112,1793.6743844524724,1383.2154217488053,1048.612189175861,18,-1.8369701987210287e-16,-1.0,0,0,1,-107.23434483206677,451.6771302440603,973.0697614069028,616.5166494453612,504,504,0.7826354585440983,1.3366639675143073
A1,roll_01,rf,2026-01-14 19:00:00+00:00,2026-01-14 20:00:00+00:00,0,1,2025-12-08T00:00:00+00:00,2026-01-12T00:00:00+00:00,2026-01-12T00:00:00+00:00,2026-01-19T00:00:00+00:00,741.7054459836112,1640.9018852521406,-899.1964392685294,0,night,0,0.0,0,2,0,0,0,0,0,0,0,0,0,0,0,0,0,0,0,0,0,0,0,0,0,0,2,2191.9078966617776,1048.612189175861,962.6741752021112,1797.1453520931666,19,0.2588190451025203,-0.9659258262890684,0,0,1,-107.23434483206677,451.6771302440603,973.0697614069028,616.5166494453612,504,504,1.753380991436365,0.37527667035664747
A1,roll_01,rf,2026-01-14 20:00:00+00:00,2026-01-14 21:00:00+00:00,0,1,2025-12-08T00:00:00+00:00,2026-01-12T00:00:00+00:00,2026-01-12T00:00:00+00:00,2026-01-19T00:00:00+00:00,554.3527368332501,1122.4755289821646,-568.1227921489145,0,night,0,0.0,0,2,0,0,0,0,0,0,0,0,0,0,0,0,0,0,0,0,0,0,0,0,0,0,2,974.76946242625,1797.1453520931666,2371.2932299861945,741.7054459836112,20,0.5000000000000001,-0.8660254037844386,0,0,1,-107.23434483206677,451.6771302440603,973.0697614069028,616.5166494453612,504,504,1.0203935874898298,0.6791658018487325
A1,roll_01,rf,2026-01-14 21:00:00+00:00,2026-01-14 22:00:00+00:00,0,1,2025-12-08T00:00:00+00:00,2026-01-12T00:00:00+00:00,2026-01-12T00:00:00+00:00,2026-01-19T00:00:00+00:00,374.6190320515,707.8105457610022,-333.1915137095022,0,night,0,0.0,0,2,0,0,0,0,0,0,0,0,0,0,0,0,0,0,0,0,0,0,0,0,0,0,2,588.3848682054444,741.7054459836112,813.2224330626667,554.3527368332501,21,0.7071067811865474,-0.7071067811865477,0,0,1,-107.23434483206677,451.6771302440603,973.0697614069028,616.5166494453612,504,504,0.5002625852571752,0.9706967847401832
A1,roll_01,rf,2026-01-14 22:00:00+00:00,2026-01-14 23:00:00+00:00,0,1,2025-12-08T00:00:00+00:00,2026-01-12T00:00:00+00:00,2026-01-12T00:00:00+00:00,2026-01-19T00:00:00+00:00,391.3148025667222,530.2162366012254,-138.9014340345032,0,night,0,0.0,0,2,0,1,1,0,2,0,0,0,1,0,1,0,1,0,0,0,1,0,0,0,0,0,2,377.2789850275833,554.3527368332501,1323.4556494799722,374.6190320515,22,0.8660254037844384,-0.5000000000000004,0,0,1,-107.23434483206677,451.6771302440603,973.0697614069028,616.5166494453612,504,504,0.0701100124005069,0.9436159743026349
A1,roll_01,rf,2026-01-14 23:00:00+00:00,2026-01-15 00:00:00+00:00,0,1,2025-12-08T00:00:00+00:00,2026-01-12T00:00:00+00:00,2026-01-12T00:00:00+00:00,2026-01-19T00:00:00+00:00,367.0031919465834,428.36523204708806,-61.36204010050466,0,night,0,0.0,0,2,0,1,1,0,2,0,0,0,1,0,1,0,1,0,0,0,1,0,0,0,0,0,2,379.2127282198055,374.6190320515,690.983777113111,391.3148025667222,23,0.965925826289068,-0.2588190451025215,0,0,1,-107.23434483206677,451.6771302440603,973.0697614069028,616.5166494453612,504,504,0.10155994550083897,0.9830498008538083
A1,roll_01,rf,2026-01-15 00:00:00+00:00,2026-01-15 01:00:00+00:00,0,1,2025-12-08T00:00:00+00:00,2026-01-12T00:00:00+00:00,2026-01-12T00:00:00+00:00,2026-01-19T00:00:00+00:00,371.0505770755,383.97421261702766,-12.923635541527688,0,night,0,0.0,0,2,0,0,0,0,0,0,0,0,0,0,0,0,0,0,0,0,0,0,0,0,0,0,3,398.8101495591666,391.3148025667222,373.91198171711113,367.0031919465834,0,1.0,0.0,0,0,1,-107.23434483206677,451.6771302440603,973.0697614069028,616.5166494453612,504,504,0.20880116121792353,0.9764848765609156
A1,roll_01,rf,2026-01-15 01:00:00+00:00,2026-01-15 02:00:00+00:00,0,1,2025-12-08T00:00:00+00:00,2026-01-12T00:00:00+00:00,2026-01-12T00:00:00+00:00,2026-01-19T00:00:00+00:00,364.3398802528056,393.2313473114317,-28.891467058626063,0,night,0,0.0,0,2,0,0,0,0,0,0,0,0,0,0,0,0,0,0,0,0,0,0,0,0,0,0,3,401.6086582135,367.0031919465834,370.08383153427775,371.0505770755,1,0.9659258262890684,0.2588190451025207,0,0,1,-107.23434483206677,451.6771302440603,973.0697614069028,616.5166494453612,504,504,0.17344884770036667,0.987369735597134
A1,roll_01,rf,2026-01-15 02:00:00+00:00,2026-01-15 03:00:00+00:00,0,1,2025-12-08T00:00:00+00:00,2026-01-12T00:00:00+00:00,2026-01-12T00:00:00+00:00,2026-01-19T00:00:00+00:00,373.5574161077223,393.8057698438715,-20.24835373614917,0,night,0,0.0,0,2,0,0,0,0,0,0,0,0,0,0,0,0,0,0,0,0,0,0,0,0,0,0,3,395.4177442066111,371.0505770755,363.9680898908056,364.3398802528056,2,0.8660254037844387,0.4999999999999999,0,0,1,-107.23434483206677,451.6771302440603,973.0697614069028,616.5166494453612,504,504,0.19258444865011293,0.9724187430112741
A1,roll_01,rf,2026-01-15 03:00:00+00:00,2026-01-15 04:00:00+00:00,0,1,2025-12-08T00:00:00+00:00,2026-01-12T00:00:00+00:00,2026-01-12T00:00:00+00:00,2026-01-19T00:00:00+00:00,1052.1522978683056,552.2183359862767,499.93396188202894,0,night,0,0.0,0,2,0,0,0,0,0,0,0,0,0,0,0,0,0,0,0,0,0,0,0,0,0,0,3,489.5676838576112,364.3398802528056,367.8678755790834,373.5574161077223,3,0.7071067811865476,0.7071067811865476,0,0,1,-107.23434483206677,451.6771302440603,973.0697614069028,616.5166494453612,504,504,1.3442529321465022,0.1282731561792339
A1,roll_01,rf,2026-01-15 04:00:00+00:00,2026-01-15 05:00:00+00:00,0,1,2025-12-08T00:00:00+00:00,2026-01-12T00:00:00+00:00,2026-01-12T00:00:00+00:00,2026-01-19T00:00:00+00:00,2039.245831840444,2137.925567600201,-98.67973575975724,0,night,0,0.0,0,2,0,0,0,0,0,0,0,0,0,0,0,0,0,0,0,0,0,0,0,0,0,0,3,1013.4860831681112,373.5574161077223,1021.3973762487502,1052.1522978683056,4,0.5000000000000001,0.8660254037844386,0,0,1,-107.23434483206677,451.6771302440603,973.0697614069028,616.5166494453612,504,504,0.0189396551197691,1.729354870452742
A1,roll_01,rf,2026-01-15 05:00:00+00:00,2026-01-15 06:00:00+00:00,0,1,2025-12-08T00:00:00+00:00,2026-01-12T00:00:00+00:00,2026-01-12T00:00:00+00:00,2026-01-19T00:00:00+00:00,2008.2256900938053,2321.5817119016574,-313.35602180785213,0,night,0,0.0,0,2,0,0,0,0,0,0,0,0,0,0,0,0,0,0,0,0,0,0,0,0,0,0,3,2046.8079468206668,1052.1522978683056,2059.780215135472,2039.245831840444,5,0.2588190451025207,0.9659258262890684,0,0,1,-107.23434483206677,451.6771302440603,973.0697614069028,616.5166494453612,504,504,0.45634738439028133,1.6790396976596869
A1,roll_01,rf,2026-01-15 06:00:00+00:00,2026-01-15 07:00:00+00:00,0,1,2025-12-08T00:00:00+00:00,2026-01-12T00:00:00+00:00,2026-01-12T00:00:00+00:00,2026-01-19T00:00:00+00:00,1864.800559224361,1764.9805694278052,99.81998979655576,0,night,0,0.0,0,2,0,0,0,0,0,0,0,0,0,0,0,0,0,0,0,0,0,0,0,0,0,0,3,2002.5342499304168,2039.245831840444,1951.7951114496389,2008.2256900938053,6,6.123233995736766e-17,1.0,0,0,1,-107.23434483206677,451.6771302440603,973.0697614069028,616.5166494453612,504,504,0.45841226124675005,1.4464018102669065
A1,roll_01,rf,2026-01-15 07:00:00+00:00,2026-01-15 08:00:00+00:00,0,1,2025-12-08T00:00:00+00:00,2026-01-12T00:00:00+00:00,2026-01-12T00:00:00+00:00,2026-01-19T00:00:00+00:00,1891.1646381102776,1778.7364173104247,112.42822079985284,1,night,0,0.0,0,2,0,0,0,0,0,0,0,0,0,0,0,0,0,0,0,0,0,0,0,0,0,0,3,1850.8068317207776,2008.2256900938053,1687.1433126186946,1864.800559224361,7,-0.2588190451025206,0.9659258262890684,0,0,1,-107.23434483206677,451.6771302440603,973.0697614069028,616.5166494453612,504,504,0.4863265171588976,1.4891647736185607
A1,roll_01,rf,2026-01-15 08:00:00+00:00,2026-01-15 09:00:00+00:00,0,1,2025-12-08T00:00:00+00:00,2026-01-12T00:00:00+00:00,2026-01-12T00:00:00+00:00,2026-01-19T00:00:00+00:00,1853.015352479528,1767.4772500776346,85.53810240189341,1,night,0,0.0,0,2,0,0,0,0,0,0,0,0,0,0,0,0,0,0,0,0,0,0,0,0,0,0,3,1538.5037201446942,1864.800559224361,1700.1424731680556,1891.1646381102776,8,-0.4999999999999998,0.8660254037844387,0,0,1,-107.23434483206677,451.6771302440603,973.0697614069028,616.5166494453612,504,504,0.4267925788710999,1.427286013872056
A1,roll_01,rf,2026-01-15 09:00:00+00:00,2026-01-15 10:00:00+00:00,0,1,2025-12-08T00:00:00+00:00,2026-01-12T00:00:00+00:00,2026-01-12T00:00:00+00:00,2026-01-19T00:00:00+00:00,1753.4225527633614,1792.0854899790706,-38.66293721570924,1,low,0,0.0,0,2,0,0,0,0,0,0,0,0,0,0,0,0,0,0,0,0,0,0,0,0,0,0,3,1246.2386662023334,1891.1646381102776,1616.381493539,1853.015352479528,9,-0.7071067811865475,0.7071067811865476,0,0,1,-107.23434483206677,451.6771302440603,973.0697614069028,616.5166494453612,504,504,0.15181509761033393,1.2657448781934597
A1,roll_01,rf,2026-01-15 10:00:00+00:00,2026-01-15 11:00:00+00:00,0,1,2025-12-08T00:00:00+00:00,2026-01-12T00:00:00+00:00,2026-01-12T00:00:00+00:00,2026-01-19T00:00:00+00:00,1683.7846975026666,1865.382515546095,-181.59781804342836,1,low,0,0.0,0,2,0,0,0,0,0,0,0,0,0,0,0,0,0,0,0,0,0,0,0,0,0,0,3,1154.3803733119444,1853.015352479528,1771.2370990303614,1753.4225527633614,10,-0.8660254037844387,0.4999999999999999,0,0,1,-107.23434483206677,451.6771302440603,973.0697614069028,616.5166494453612,504,504,0.16463856199931987,1.152791148033304
A1,roll_01,rf,2026-01-15 11:00:00+00:00,2026-01-15 12:00:00+00:00,0,1,2025-12-08T00:00:00+00:00,2026-01-12T00:00:00+00:00,2026-01-12T00:00:00+00:00,2026-01-19T00:00:00+00:00,662.9256880891389,1965.0475003052093,-1302.1218122160706,1,low,0,0.0,0,2,0,0,0,0,0,0,0,0,0,0,0,0,0,0,0,0,0,0,0,0,0,0,3,1112.5980900928612,1753.4225527633614,1698.523145841389,1683.7846975026666,11,-0.9659258262890682,0.258819045102521,0,0,1,-107.23434483206677,451.6771302440603,973.0697614069028,616.5166494453612,504,504,2.6454460218925746,0.5030587147918548
A1,roll_01,rf,2026-01-15 12:00:00+00:00,2026-01-15 13:00:00+00:00,0,1,2025-12-08T00:00:00+00:00,2026-01-12T00:00:00+00:00,2026-01-12T00:00:00+00:00,2026-01-19T00:00:00+00:00,1670.502586263833,1140.038394672286,530.464191591547,1,low,0,0.0,0,2,0,0,0,0,0,0,0,0,0,0,0,0,0,0,0,0,0,0,0,0,0,0,3,697.50058879075,1683.7846975026666,986.6906551339166,662.9256880891389,12,-1.0,1.2246467991473532e-16,0,0,1,-107.23434483206677,451.6771302440603,973.0697614069028,616.5166494453612,504,504,1.4118459707690716,1.131247348282263
A1,roll_01,rf,2026-01-15 13:00:00+00:00,2026-01-15 14:00:00+00:00,0,1,2025-12-08T00:00:00+00:00,2026-01-12T00:00:00+00:00,2026-01-12T00:00:00+00:00,2026-01-19T00:00:00+00:00,1481.236402503917,1626.2496710903667,-145.01326858644984,1,low,0,0.0,0,2,0,0,0,0,0,0,0,0,0,0,0,0,0,0,0,0,0,0,0,0,0,0,3,1350.37595587875,662.9256880891389,1215.6235662438055,1670.502586263833,13,-0.9659258262890684,-0.2588190451025208,0,0,1,-107.23434483206677,451.6771302440603,973.0697614069028,616.5166494453612,504,504,0.0836414359389184,0.8242545299533722
A1,roll_01,rf,2026-01-15 14:00:00+00:00,2026-01-15 15:00:00+00:00,0,1,2025-12-08T00:00:00+00:00,2026-01-12T00:00:00+00:00,2026-01-12T00:00:00+00:00,2026-01-19T00:00:00+00:00,885.3972389852223,1643.5187144976435,-758.1214755124212,1,low,0,0.0,0,2,0,0,0,0,0,0,0,0,0,0,0,0,0,0,0,0,0,0,0,0,0,0,3,1705.890929453528,1670.502586263833,1567.194707997861,1481.236402503917,14,-0.8660254037844388,-0.4999999999999997,0,0,1,-107.23434483206677,451.6771302440603,973.0697614069028,616.5166494453612,504,504,1.4410451340067902,0.14220625266252515
A1,roll_01,rf,2026-01-15 15:00:00+00:00,2026-01-15 16:00:00+00:00,0,1,2025-12-08T00:00:00+00:00,2026-01-12T00:00:00+00:00,2026-01-12T00:00:00+00:00,2026-01-19T00:00:00+00:00,1797.5373261431112,1286.0883182999696,511.4490078431416,1,night,0,0.0,0,2,0,0,0,0,0,0,0,0,0,0,0,0,0,0,0,0,0,0,0,0,0,0,3,2587.529739670056,1481.236402503917,1578.744458172111,885.3972389852223,15,-0.7071067811865479,-0.7071067811865471,0,0,1,-107.23434483206677,451.6771302440603,973.0697614069028,616.5166494453612,504,504,1.36974690824153,1.3372997557777666
A1,roll_01,rf,2026-01-15 16:00:00+00:00,2026-01-15 17:00:00+00:00,0,1,2025-12-08T00:00:00+00:00,2026-01-12T00:00:00+00:00,2026-01-12T00:00:00+00:00,2026-01-19T00:00:00+00:00,1346.1776368881667,1898.983711456952,-552.8060745687853,0,night,0,0.0,0,2,0,0,0,0,0,0,0,0,0,0,0,0,0,0,0,0,0,0,0,0,0,0,3,2568.744366554028,885.3972389852223,1624.9310390754445,1797.5373261431112,16,-0.5000000000000004,-0.8660254037844385,0,0,1,-107.23434483206677,451.6771302440603,973.0697614069028,616.5166494453612,504,504,0.9864828212487917,0.605187022632599
A1,roll_01,rf,2026-01-15 17:00:00+00:00,2026-01-15 18:00:00+00:00,0,1,2025-12-08T00:00:00+00:00,2026-01-12T00:00:00+00:00,2026-01-12T00:00:00+00:00,2026-01-19T00:00:00+00:00,2386.9593965361114,1536.730211319288,850.2291852168235,0,night,0,0.0,0,2,0,0,0,0,0,0,0,0,0,0,0,0,0,0,0,0,0,0,0,0,0,0,3,2405.933929940611,1797.5373261431112,1793.6743844524724,1346.1776368881667,17,-0.2588190451025206,-0.9659258262890684,0,0,1,-107.23434483206677,451.6771302440603,973.0697614069028,616.5166494453612,504,504,2.1197963455256903,2.2933519093137074
A1,roll_01,rf,2026-01-15 18:00:00+00:00,2026-01-15 19:00:00+00:00,0,1,2025-12-08T00:00:00+00:00,2026-01-12T00:00:00+00:00,2026-01-12T00:00:00+00:00,2026-01-19T00:00:00+00:00,1666.5948316020276,1956.655006629268,-290.0601750272406,0,night,0,0.0,0,2,0,0,0,0,0,0,0,0,0,0,0,0,0,0,0,0,0,0,0,0,0,0,3,2399.449532727612,1346.1776368881667,1048.612189175861,2386.9593965361114,18,-1.8369701987210287e-16,-1.0,0,0,1,-107.23434483206677,451.6771302440603,973.0697614069028,616.5166494453612,504,504,0.404771058690497,1.1249089068706304
A1,roll_01,rf,2026-01-15 19:00:00+00:00,2026-01-15 20:00:00+00:00,0,1,2025-12-08T00:00:00+00:00,2026-01-12T00:00:00+00:00,2026-01-12T00:00:00+00:00,2026-01-19T00:00:00+00:00,1076.4033323202225,1611.182120191461,-534.7787878712386,0,night,0,0.0,0,2,0,0,0,0,0,0,0,0,0,0,0,0,0,0,0,0,0,0,0,0,0,0,3,1431.48542243675,2386.9593965361114,1797.1453520931666,1666.5948316020276,19,0.2588190451025203,-0.9659258262890684,0,0,1,-107.23434483206677,451.6771302440603,973.0697614069028,616.5166494453612,504,504,0.946570933994713,0.1676087272035265
A1,roll_01,rf,2026-01-15 20:00:00+00:00,2026-01-15 21:00:00+00:00,0,1,2025-12-08T00:00:00+00:00,2026-01-12T00:00:00+00:00,2026-01-12T00:00:00+00:00,2026-01-19T00:00:00+00:00,1005.1173250451112,1039.3850168178951,-34.267691772783905,0,night,0,0.0,0,2,0,0,0,0,0,0,0,0,0,0,0,0,0,0,0,0,0,0,0,0,0,0,3,898.016377999889,1666.5948316020276,741.7054459836112,1076.4033323202225,20,0.5000000000000001,-0.8660254037844386,0,0,1,-107.23434483206677,451.6771302440603,973.0697614069028,616.5166494453612,504,504,0.1615460428998384,0.0519816677571311
A1,roll_01,rf,2026-01-15 21:00:00+00:00,2026-01-15 22:00:00+00:00,0,1,2025-12-08T00:00:00+00:00,2026-01-12T00:00:00+00:00,2026-01-12T00:00:00+00:00,2026-01-19T00:00:00+00:00,480.00597344519446,887.0812772842373,-407.0753038390429,0,night,0,0.0,0,2,0,0,0,0,0,0,0,0,0,0,0,0,0,0,0,0,0,0,0,0,0,0,3,690.6828434769444,1076.4033323202225,554.3527368332501,1005.1173250451112,21,0.7071067811865474,-0.7071067811865477,0,0,1,-107.23434483206677,451.6771302440603,973.0697614069028,616.5166494453612,504,504,0.6638391428960756,0.7997574573294733
A1,roll_01,rf,2026-01-15 22:00:00+00:00,2026-01-15 23:00:00+00:00,0,1,2025-12-08T00:00:00+00:00,2026-01-12T00:00:00+00:00,2026-01-12T00:00:00+00:00,2026-01-19T00:00:00+00:00,479.6300936403031,492.66536539081176,-13.035271750508684,0,night,0,0.0,0,2,0,0,0,0,0,0,0,0,0,0,0,0,0,0,0,0,0,0,0,0,0,0,3,409.9078194608056,1005.1173250451112,374.6190320515,480.00597344519446,22,0.8660254037844384,-0.5000000000000004,0,0,1,-107.23434483206677,451.6771302440603,973.0697614069028,616.5166494453612,504,504,0.20855400190542817,0.800367140466546
A1,roll_01,rf,2026-01-15 23:00:00+00:00,2026-01-16 00:00:00+00:00,0,1,2025-12-08T00:00:00+00:00,2026-01-12T00:00:00+00:00,2026-01-12T00:00:00+00:00,2026-01-19T00:00:00+00:00,436.11526816900937,521.0707936926163,-84.95552552360698,0,night,0,0.0,0,2,0,0,0,0,0,0,0,0,0,0,0,0,0,0,0,0,0,0,0,0,0,0,3,371.1837877735,480.00597344519446,391.3148025667222,479.6300936403031,23,0.965925826289068,-0.2588190451025215,0,0,1,-107.23434483206677,451.6771302440603,973.0697614069028,616.5166494453612,504,504,0.04932465652272808,0.87094889281734
A1,roll_01,rf,2026-01-16 00:00:00+00:00,2026-01-16 01:00:00+00:00,0,1,2025-12-08T00:00:00+00:00,2026-01-12T00:00:00+00:00,2026-01-12T00:00:00+00:00,2026-01-19T00:00:00+00:00,363.3156685093611,419.6706890474924,-56.35502053813133,0,night,0,0.0,0,2,0,1,1,0,4,0,0,0,1,0,1,0,1,0,0,0,1,0,0,0,0,0,4,370.2046938166389,479.6300936403031,367.0031919465834,436.11526816900937,0,1.0,0.0,0,0,1,-107.23434483206677,451.6771302440603,973.0697614069028,616.5166494453612,504,504,0.11264534085762364,0.9890310236489098
A1,roll_01,rf,2026-01-16 01:00:00+00:00,2026-01-16 02:00:00+00:00,0,1,2025-12-08T00:00:00+00:00,2026-01-12T00:00:00+00:00,2026-01-12T00:00:00+00:00,2026-01-19T00:00:00+00:00,402.5595977328056,390.9834509880483,11.576146744757352,0,night,0,0.0,0,2,0,1,1,0,4,0,0,0,1,0,1,0,1,0,0,0,1,0,0,0,0,0,4,387.13958684741664,436.11526816900937,371.0505770755,363.3156685093611,1,0.9659258262890684,0.2588190451025207,0,0,1,-107.23434483206677,451.6771302440603,973.0697614069028,616.5166494453612,504,504,0.2630429650326236,0.925376734249346
A1,roll_01,rf,2026-01-16 02:00:00+00:00,2026-01-16 03:00:00+00:00,0,1,2025-12-08T00:00:00+00:00,2026-01-12T00:00:00+00:00,2026-01-12T00:00:00+00:00,2026-01-19T00:00:00+00:00,399.17939954838886,415.0280717045627,-15.848672156173848,0,night,0,0.0,0,2,0,1,1,0,4,0,0,0,1,0,1,0,1,0,0,0,1,0,0,0,0,0,4,396.8507443261112,363.3156685093611,364.3398802528056,402.5595977328056,2,0.8660254037844387,0.4999999999999999,0,0,1,-107.23434483206677,451.6771302440603,973.0697614069028,616.5166494453612,504,504,0.20232521541773293,0.9308594705022235
A1,roll_01,rf,2026-01-16 03:00:00+00:00,2026-01-16 04:00:00+00:00,0,1,2025-12-08T00:00:00+00:00,2026-01-12T00:00:00+00:00,2026-01-12T00:00:00+00:00,2026-01-19T00:00:00+00:00,1076.4506056084722,893.5425994982351,182.90800611023712,0,night,0,0.0,0,2,0,1,1,0,4,0,0,0,1,0,1,0,1,0,0,0,1,0,0,0,0,0,4,370.8476521360556,402.5595977328056,373.5574161077223,399.17939954838886,3,0.7071067811865476,0.7071067811865476,0,0,1,-107.23434483206677,451.6771302440603,973.0697614069028,616.5166494453612,504,504,0.6423667073547152,0.1676854052434338
A1,roll_01,rf,2026-01-16 04:00:00+00:00,2026-01-16 05:00:00+00:00,0,1,2025-12-08T00:00:00+00:00,2026-01-12T00:00:00+00:00,2026-01-12T00:00:00+00:00,2026-01-19T00:00:00+00:00,2002.717169422556,2189.2369171080045,-186.5197476854485,0,night,0,0.0,0,2,0,0,0,0,0,0,0,0,0,0,0,0,0,0,0,0,0,0,0,0,0,0,4,1030.9182591538056,399.17939954838886,1052.1522978683056,1076.4506056084722,4,0.5000000000000001,0.8660254037844386,0,0,1,-107.23434483206677,451.6771302440603,973.0697614069028,616.5166494453612,504,504,0.17553557075280846,1.670104787830074
A1,roll_01,rf,2026-01-16 05:00:00+00:00,2026-01-16 06:00:00+00:00,0,1,2025-12-08T00:00:00+00:00,2026-01-12T00:00:00+00:00,2026-01-12T00:00:00+00:00,2026-01-19T00:00:00+00:00,2477.7992105114445,2312.2303946470565,165.56881586438794,0,night,0,0.0,0,2,0,0,0,0,0,0,0,0,0,0,0,0,0,0,0,0,0,0,0,0,0,0,4,2047.0297009597773,1076.4506056084722,2039.245831840444,2002.717169422556,5,0.2588190451025207,0.9659258262890684,0,0,1,-107.23434483206677,451.6771302440603,973.0697614069028,616.5166494453612,504,504,0.6039782455867261,2.440695560222496
A1,roll_01,rf,2026-01-16 06:00:00+00:00,2026-01-16 07:00:00+00:00,0,1,2025-12-08T00:00:00+00:00,2026-01-12T00:00:00+00:00,2026-01-12T00:00:00+00:00,2026-01-19T00:00:00+00:00,2372.8508934692777,1816.2699850951856,556.5809083740921,0,night,0,0.0,0,2,0,0,0,0,0,0,0,0,0,0,0,0,0,0,0,0,0,0,0,0,0,0,4,2558.245225021167,2002.717169422556,2008.2256900938053,2477.7992105114445,6,6.123233995736766e-17,1.0,0,0,1,-107.23434483206677,451.6771302440603,973.0697614069028,616.5166494453612,504,504,1.4696676204249512,2.2704676886206796
A1,roll_01,rf,2026-01-16 07:00:00+00:00,2026-01-16 08:00:00+00:00,0,1,2025-12-08T00:00:00+00:00,2026-01-12T00:00:00+00:00,2026-01-12T00:00:00+00:00,2026-01-19T00:00:00+00:00,1713.0605896702225,1876.2528026340865,-163.192212963864,1,night,0,0.0,0,2,0,0,0,0,0,0,0,0,0,0,0,0,0,0,0,0,0,0,0,0,0,0,4,1917.6388459600832,2477.7992105114445,1864.800559224361,2372.8508934692777,7,-0.2588190451025206,0.9659258262890684,0,0,1,-107.23434483206677,451.6771302440603,973.0697614069028,616.5166494453612,504,504,0.12388908887541154,1.2002771197323543
A1,roll_01,rf,2026-01-16 08:00:00+00:00,2026-01-16 09:00:00+00:00,0,1,2025-12-08T00:00:00+00:00,2026-01-12T00:00:00+00:00,2026-01-12T00:00:00+00:00,2026-01-19T00:00:00+00:00,1442.9932598915832,1804.695664045155,-361.7024041535715,1,low,0,0.0,0,2,0,0,0,0,0,0,0,0,0,0,0,0,0,0,0,0,0,0,0,0,0,0,4,2537.646863457084,2372.8508934692777,1891.1646381102776,1713.0605896702225,8,-0.4999999999999998,0.8660254037844387,0,0,1,-107.23434483206677,451.6771302440603,973.0697614069028,616.5166494453612,504,504,0.5633848656096553,0.7622235326611847
A1,roll_01,rf,2026-01-16 09:00:00+00:00,2026-01-16 10:00:00+00:00,0,1,2025-12-08T00:00:00+00:00,2026-01-12T00:00:00+00:00,2026-01-12T00:00:00+00:00,2026-01-19T00:00:00+00:00,1623.9131629396943,1070.8193984413597,553.0937644983346,1,low,0,0.0,0,2,0,0,0,0,0,0,0,0,0,0,0,0,0,0,0,0,0,0,0,0,0,0,4,1822.7418795589167,1713.0605896702225,1853.015352479528,1442.9932598915832,9,-0.7071067811865475,0.7071067811865476,0,0,1,-107.23434483206677,451.6771302440603,973.0697614069028,616.5166494453612,504,504,1.461947185534052,1.0556785483706106
A1,roll_01,rf,2026-01-16 10:00:00+00:00,2026-01-16 11:00:00+00:00,0,1,2025-12-08T00:00:00+00:00,2026-01-12T00:00:00+00:00,2026-01-12T00:00:00+00:00,2026-01-19T00:00:00+00:00,490.20504058097225,1058.2760148267664,-568.0709742457941,1,low,0,0.0,0,2,0,0,0,0,0,0,0,0,0,0,0,0,0,0,0,0,0,0,0,0,0,0,4,1791.9841544997778,1442.9932598915832,1753.4225527633614,1623.9131629396943,10,-0.8660254037844387,0.4999999999999999,0,0,1,-107.23434483206677,451.6771302440603,973.0697614069028,616.5166494453612,504,504,1.0202788641628098,0.7832144050940582
A1,roll_01,rf,2026-01-16 11:00:00+00:00,2026-01-16 12:00:00+00:00,0,1,2025-12-08T00:00:00+00:00,2026-01-12T00:00:00+00:00,2026-01-12T00:00:00+00:00,2026-01-19T00:00:00+00:00,1595.4900083538612,1136.633899478381,458.8561088754802,1,low,0,0.0,0,2,0,0,0,0,0,0,0,0,0,0,0,0,0,0,0,0,0,0,0,0,0,0,4,1919.5265633675,1623.9131629396943,1683.7846975026666,490.20504058097225,11,-0.9659258262890682,0.258819045102521,0,0,1,-107.23434483206677,451.6771302440603,973.0697614069028,616.5166494453612,504,504,1.253307763006872,1.0095757308531867
A1,roll_01,rf,2026-01-16 12:00:00+00:00,2026-01-16 13:00:00+00:00,0,1,2025-12-08T00:00:00+00:00,2026-01-12T00:00:00+00:00,2026-01-12T00:00:00+00:00,2026-01-19T00:00:00+00:00,701.5758242305001,1298.772074871355,-597.1962506408549,1,low,0,0.0,0,2,0,0,0,0,0,0,0,0,0,0,0,0,0,0,0,0,0,0,0,0,0,0,4,2047.703922921584,490.20504058097225,662.9256880891389,1595.4900083538612,12,-1.0,1.2246467991473532e-16,0,0,1,-107.23434483206677,451.6771302440603,973.0697614069028,616.5166494453612,504,504,1.0847613771014728,0.4403675673976488
A1,roll_01,rf,2026-01-16 13:00:00+00:00,2026-01-16 14:00:00+00:00,0,1,2025-12-08T00:00:00+00:00,2026-01-12T00:00:00+00:00,2026-01-12T00:00:00+00:00,2026-01-19T00:00:00+00:00,1952.1323181944445,1327.228851656788,624.9034665376564,1,low,0,0.0,0,2,0,0,0,0,0,0,0,0,0,0,0,0,0,0,0,0,0,0,0,0,0,0,4,2327.2743383188613,1595.4900083538612,1670.502586263833,701.5758242305001,13,-0.9659258262890684,-0.2588190451025208,0,0,1,-107.23434483206677,451.6771302440603,973.0697614069028,616.5166494453612,504,504,1.620931772600747,1.5880553390866878
A1,roll_01,rf,2026-01-16 14:00:00+00:00,2026-01-16 15:00:00+00:00,0,1,2025-12-08T00:00:00+00:00,2026-01-12T00:00:00+00:00,2026-01-12T00:00:00+00:00,2026-01-19T00:00:00+00:00,573.8755752583612,1954.244744910615,-1380.3691696522535,1,low,0,0.0,0,2,0,0,0,0,0,0,0,0,0,0,0,0,0,0,0,0,0,0,0,0,0,0,4,2475.2395324104723,701.5758242305001,1481.236402503917,1952.1323181944445,14,-0.8660254037844388,-0.4999999999999997,0,0,1,-107.23434483206677,451.6771302440603,973.0697614069028,616.5166494453612,504,504,2.8186833903506647,0.6474994414306084
A1,roll_01,rf,2026-01-16 15:00:00+00:00,2026-01-16 16:00:00+00:00,0,1,2025-12-08T00:00:00+00:00,2026-01-12T00:00:00+00:00,2026-01-12T00:00:00+00:00,2026-01-19T00:00:00+00:00,1748.7442167502777,1288.7608495823004,459.98336716797735,1,night,0,0.0,0,2,0,0,0,0,0,0,0,0,0,0,0,0,0,0,0,0,0,0,0,0,0,0,4,2099.886327037028,1952.1323181944445,885.3972389852223,573.8755752583612,15,-0.7071067811865479,-0.7071067811865471,0,0,1,-107.23434483206677,451.6771302440603,973.0697614069028,616.5166494453612,504,504,1.2558034800069517,1.2581565413378493
A1,roll_01,rf,2026-01-16 16:00:00+00:00,2026-01-16 17:00:00+00:00,0,1,2025-12-08T00:00:00+00:00,2026-01-12T00:00:00+00:00,2026-01-12T00:00:00+00:00,2026-01-19T00:00:00+00:00,1779.3662909536945,1893.4600149469263,-114.09372399323206,0,night,0,0.0,0,2,0,0,0,0,0,0,0,0,0,0,0,0,0,0,0,0,0,0,0,0,0,0,4,2043.670283908889,573.8755752583612,1797.5373261431112,1748.7442167502777,16,-0.5000000000000004,-0.8660254037844385,0,0,1,-107.23434483206677,451.6771302440603,973.0697614069028,616.5166494453612,504,504,0.015186465512342588,1.3078260421225651
A1,roll_01,rf,2026-01-16 17:00:00+00:00,2026-01-16 18:00:00+00:00,0,1,2025-12-08T00:00:00+00:00,2026-01-12T00:00:00+00:00,2026-01-12T00:00:00+00:00,2026-01-19T00:00:00+00:00,1926.1523590546667,2133.0116937868715,-206.85933473220484,0,night,0,0.0,0,2,0,0,0,0,0,0,0,0,0,0,0,0,0,0,0,0,0,0,0,0,0,0,4,2019.3687657176667,1748.7442167502777,1346.1776368881667,1779.3662909536945,17,-0.2588190451025206,-0.9659258262890684,0,0,1,-107.23434483206677,451.6771302440603,973.0697614069028,616.5166494453612,504,504,0.22056682357662533,1.5459154241903907
A1,roll_01,rf,2026-01-16 18:00:00+00:00,2026-01-16 19:00:00+00:00,0,1,2025-12-08T00:00:00+00:00,2026-01-12T00:00:00+00:00,2026-01-12T00:00:00+00:00,2026-01-19T00:00:00+00:00,3573.4096695315,2100.926446834979,1472.4832226965214,0,night,0,0.0,0,2,0,0,0,0,0,0,0,0,0,0,0,0,0,0,0,0,0,0,0,0,0,0,4,1954.244045320861,1779.3662909536945,2386.9593965361114,1926.1523590546667,18,-1.8369701987210287e-16,-1.0,0,0,1,-107.23434483206677,451.6771302440603,973.0697614069028,616.5166494453612,504,504,3.4974486458391185,4.217793486135289
A1,roll_01,rf,2026-01-16 19:00:00+00:00,2026-01-16 20:00:00+00:00,0,1,2025-12-08T00:00:00+00:00,2026-01-12T00:00:00+00:00,2026-01-12T00:00:00+00:00,2026-01-19T00:00:00+00:00,2754.500442691028,1735.8130752797133,1018.6873674113148,0,night,0,0.0,0,2,0,0,0,0,0,0,0,0,0,0,0,0,0,0,0,0,0,0,0,0,0,0,4,2342.330235312528,1926.1523590546667,1666.5948316020276,3573.4096695315,19,0.2588190451025203,-0.9659258262890684,0,0,1,-107.23434483206677,451.6771302440603,973.0697614069028,616.5166494453612,504,504,2.492757850358725,2.88950944453286
A1,roll_01,rf,2026-01-16 20:00:00+00:00,2026-01-16 21:00:00+00:00,0,1,2025-12-08T00:00:00+00:00,2026-01-12T00:00:00+00:00,2026-01-12T00:00:00+00:00,2026-01-19T00:00:00+00:00,2483.442940576528,1920.7639997705849,562.6789408059433,0,night,0,0.0,0,2,0,0,0,0,0,0,0,0,0,0,0,0,0,0,0,0,0,0,0,0,0,0,4,1013.7995625885,3573.4096695315,1076.4033323202225,2754.500442691028,20,0.5000000000000001,-0.8660254037844386,0,0,1,-107.23434483206677,451.6771302440603,973.0697614069028,616.5166494453612,504,504,1.4831684864718022,2.449849781880842
A1,roll_01,rf,2026-01-16 21:00:00+00:00,2026-01-16 22:00:00+00:00,0,1,2025-12-08T00:00:00+00:00,2026-01-12T00:00:00+00:00,2026-01-12T00:00:00+00:00,2026-01-19T00:00:00+00:00,2471.681181403111,2021.9705460155385,449.7106353875729,0,night,0,0.0,0,2,0,0,0,0,0,0,0,0,0,0,0,0,0,0,0,0,0,0,0,0,0,0,4,725.7640030931667,2754.500442691028,1005.1173250451112,2483.442940576528,21,0.7071067811865474,-0.7071067811865477,0,0,1,-107.23434483206677,451.6771302440603,973.0697614069028,616.5166494453612,504,504,1.2330599512946308,2.430772017826946
A1,roll_01,rf,2026-01-16 22:00:00+00:00,2026-01-16 23:00:00+00:00,0,1,2025-12-08T00:00:00+00:00,2026-01-12T00:00:00+00:00,2026-01-12T00:00:00+00:00,2026-01-19T00:00:00+00:00,2428.759211638084,2305.106548459028,123.65266317905616,0,night,0,0.0,0,2,0,0,0,0,0,0,0,0,0,0,0,0,0,0,0,0,0,0,0,0,0,0,4,457.7714818046389,2483.442940576528,480.00597344519446,2471.681181403111,22,0.8660254037844384,-0.5000000000000004,0,0,1,-107.23434483206677,451.6771302440603,973.0697614069028,616.5166494453612,504,504,0.5111771053946541,2.361151887042739
A1,roll_01,rf,2026-01-16 23:00:00+00:00,2026-01-17 00:00:00+00:00,0,1,2025-12-08T00:00:00+00:00,2026-01-12T00:00:00+00:00,2026-01-12T00:00:00+00:00,2026-01-19T00:00:00+00:00,2422.2099434294164,2294.8090384273064,127.40090500211,0,night,0,0.0,0,2,0,0,0,0,0,0,0,0,0,0,0,0,0,0,0,0,0,0,0,0,0,0,4,442.25945804897225,2471.681181403111,479.6300936403031,2428.759211638084,23,0.965925826289068,-0.2588190451025215,0,0,1,-107.23434483206677,451.6771302440603,973.0697614069028,616.5166494453612,504,504,0.5194756035298784,2.3505288678354566
A1,roll_01,rf,2026-01-17 00:00:00+00:00,2026-01-17 01:00:00+00:00,0,1,2025-12-08T00:00:00+00:00,2026-01-12T00:00:00+00:00,2026-01-12T00:00:00+00:00,2026-01-19T00:00:00+00:00,2419.0737715843334,2594.074949936105,-175.00117835177207,0,night,0,0.0,0,2,0,0,0,0,0,0,0,0,0,0,0,0,0,0,0,0,0,0,0,0,0,0,5,451.9524179743889,2428.759211638084,436.11526816900937,2422.2099434294164,0,1.0,0.0,0,1,1,-107.23434483206677,451.6771302440603,973.0697614069028,616.5166494453612,504,504,0.15003379401363096,2.3454419462609875
A1,roll_01,rf,2026-01-17 01:00:00+00:00,2026-01-17 02:00:00+00:00,0,1,2025-12-08T00:00:00+00:00,2026-01-12T00:00:00+00:00,2026-01-12T00:00:00+00:00,2026-01-19T00:00:00+00:00,2397.090425719361,2628.736671961445,-231.6462462420841,0,night,0,0.0,0,2,0,0,0,0,0,0,0,0,0,0,0,0,0,0,0,0,0,0,0,0,0,0,5,391.0213954262777,2422.2099434294164,363.3156685093611,2419.0737715843334,1,0.9659258262890684,0.2588190451025207,0,1,1,-107.23434483206677,451.6771302440603,973.0697614069028,616.5166494453612,504,504,0.2754443231225639,2.3097846028871314
A1,roll_01,rf,2026-01-17 02:00:00+00:00,2026-01-17 03:00:00+00:00,0,1,2025-12-08T00:00:00+00:00,2026-01-12T00:00:00+00:00,2026-01-12T00:00:00+00:00,2026-01-19T00:00:00+00:00,2408.5668939863613,2413.184107699173,-4.6172137128119175,0,night,0,0.0,0,2,0,0,0,0,0,0,0,0,0,0,0,0,0,0,0,0,0,0,0,0,0,0,5,396.8184454624445,2419.0737715843334,402.5595977328056,2397.090425719361,2,0.8660254037844387,0.4999999999999999,0,1,1,-107.23434483206677,451.6771302440603,973.0697614069028,616.5166494453612,504,504,0.2271913370150188,2.3283996204658535
A1,roll_01,rf,2026-01-17 03:00:00+00:00,2026-01-17 04:00:00+00:00,0,1,2025-12-08T00:00:00+00:00,2026-01-12T00:00:00+00:00,2026-01-12T00:00:00+00:00,2026-01-19T00:00:00+00:00,2987.1550890425,2661.593379694252,325.5617093482483,0,night,0,0.0,0,2,0,0,0,0,0,0,0,0,0,0,0,0,0,0,0,0,0,0,0,0,0,0,5,392.470940987861,2397.090425719361,399.17939954838886,2408.5668939863613,3,0.7071067811865476,0.7071067811865476,0,1,1,-107.23434483206677,451.6771302440603,973.0697614069028,616.5166494453612,504,504,0.958197847977065,3.26687905257309
A1,roll_01,rf,2026-01-17 04:00:00+00:00,2026-01-17 05:00:00+00:00,0,1,2025-12-08T00:00:00+00:00,2026-01-12T00:00:00+00:00,2026-01-12T00:00:00+00:00,2026-01-19T00:00:00+00:00,3319.657065773777,3151.2374435839665,168.41962218981053,0,night,0,0.0,0,2,0,0,0,0,0,0,0,0,0,0,0,0,0,0,0,0,0,0,0,0,0,0,5,873.0134955361945,2408.5668939863613,1076.4506056084722,2987.1550890425,4,0.5000000000000001,0.8660254037844386,0,1,1,-107.23434483206677,451.6771302440603,973.0697614069028,616.5166494453612,504,504,0.610289847690384,3.806202649154637
A1,roll_01,rf,2026-01-17 05:00:00+00:00,2026-01-17 06:00:00+00:00,0,1,2025-12-08T00:00:00+00:00,2026-01-12T00:00:00+00:00,2026-01-12T00:00:00+00:00,2026-01-19T00:00:00+00:00,2391.335260368139,3484.4714804990604,-1093.1362201309212,0,night,0,0.0,0,2,0,0,0,0,0,0,0,0,0,0,0,0,0,0,0,0,0,0,0,0,0,0,5,1704.9182572990833,2987.1550890425,2002.717169422556,3319.657065773777,5,0.2588190451025207,0.9659258262890684,0,1,1,-107.23434483206677,451.6771302440603,973.0697614069028,616.5166494453612,504,504,2.1827580129331094,2.300449631388147
A1,roll_01,rf,2026-01-17 06:00:00+00:00,2026-01-17 07:00:00+00:00,0,1,2025-12-08T00:00:00+00:00,2026-01-12T00:00:00+00:00,2026-01-12T00:00:00+00:00,2026-01-19T00:00:00+00:00,2341.329542084556,2090.994747022741,250.33479506181493,0,night,0,0.0,0,2,0,0,0,0,0,0,0,0,0,0,0,0,0,0,0,0,0,0,0,0,0,0,5,1945.5007948983048,3319.657065773777,2477.7992105114445,2391.335260368139,6,6.123233995736766e-17,1.0,0,1,1,-107.23434483206677,451.6771302440603,973.0697614069028,616.5166494453612,504,504,0.7916476526067899,2.2193395456693428
A1,roll_01,rf,2026-01-17 07:00:00+00:00,2026-01-17 08:00:00+00:00,0,1,2025-12-08T00:00:00+00:00,2026-01-12T00:00:00+00:00,2026-01-12T00:00:00+00:00,2026-01-19T00:00:00+00:00,2591.676535681584,1724.3185632649972,867.3579724165868,1,night,0,0.0,0,2,0,0,0,0,0,0,0,0,0,0,0,0,0,0,0,0,0,0,0,0,0,0,5,1939.5566896918056,2391.335260368139,2372.8508934692777,2341.329542084556,7,-0.2588190451025206,0.9659258262890684,0,1,1,-107.23434483206677,451.6771302440603,973.0697614069028,616.5166494453612,504,504,2.157718981082881,2.6254064277596294
A1,roll_01,rf,2026-01-17 08:00:00+00:00,2026-01-17 09:00:00+00:00,0,1,2025-12-08T00:00:00+00:00,2026-01-12T00:00:00+00:00,2026-01-12T00:00:00+00:00,2026-01-19T00:00:00+00:00,876.2151453261389,1755.9417607772184,-879.7266154510795,1,low,0,0.0,0,2,0,0,0,0,0,0,0,0,0,0,0,0,0,0,0,0,0,0,0,0,0,0,5,2127.9194307847497,2341.329542084556,1713.0605896702225,2591.676535681584,8,-0.4999999999999998,0.8660254037844387,0,1,1,-107.23434483206677,451.6771302440603,973.0697614069028,616.5166494453612,504,504,1.7102753690486883,0.1570997574321756
A1,roll_01,rf,2026-01-17 09:00:00+00:00,2026-01-17 10:00:00+00:00,0,1,2025-12-08T00:00:00+00:00,2026-01-12T00:00:00+00:00,2026-01-12T00:00:00+00:00,2026-01-19T00:00:00+00:00,1362.1403257086388,1354.6437420552954,7.49658365334335,1,low,0,0.0,0,2,0,0,0,0,0,0,0,0,0,0,0,0,0,0,0,0,0,0,0,0,0,0,5,2000.1470279075832,2591.676535681584,1442.9932598915832,876.2151453261389,9,-0.7071067811865475,0.7071067811865476,0,1,1,-107.23434483206677,451.6771302440603,973.0697614069028,616.5166494453612,504,504,0.2540109312672442,0.63107876267698
A1,roll_01,rf,2026-01-17 10:00:00+00:00,2026-01-17 11:00:00+00:00,0,1,2025-12-08T00:00:00+00:00,2026-01-12T00:00:00+00:00,2026-01-12T00:00:00+00:00,2026-01-19T00:00:00+00:00,851.023270576111,991.1044976977822,-140.0812271216712,1,low,0,0.0,0,2,0,0,0,0,0,0,0,0,0,0,0,0,0,0,0,0,0,0,0,0,0,0,5,1770.5304107042775,876.2151453261389,1623.9131629396943,1362.1403257086388,10,-0.8660254037844387,0.4999999999999999,0,1,1,-107.23434483206677,451.6771302440603,973.0697614069028,616.5166494453612,504,504,0.07272203990460145,0.19796138667234506
A1,roll_01,rf,2026-01-17 11:00:00+00:00,2026-01-17 12:00:00+00:00,0,1,2025-12-08T00:00:00+00:00,2026-01-12T00:00:00+00:00,2026-01-12T00:00:00+00:00,2026-01-19T00:00:00+00:00,375.1866214471667,1006.6495753380148,-631.4629538908482,1,low,0,0.0,0,2,0,0,0,0,0,0,0,0,0,0,0,0,0,0,0,0,0,0,0,0,0,0,5,2099.097986216222,1362.1403257086388,490.20504058097225,851.023270576111,11,-0.9659258262890682,0.258819045102521,0,1,1,-107.23434483206677,451.6771302440603,973.0697614069028,616.5166494453612,504,504,1.1606268592246822,0.9697761455389917
A1,roll_01,rf,2026-01-17 12:00:00+00:00,2026-01-17 13:00:00+00:00,0,1,2025-12-08T00:00:00+00:00,2026-01-12T00:00:00+00:00,2026-01-12T00:00:00+00:00,2026-01-19T00:00:00+00:00,1125.2122855051666,675.2311459721383,449.98113953302834,1,low,0,0.0,0,3,0,0,0,0,0,0,0,0,0,0,0,0,0,0,0,0,0,0,0,0,0,0,5,2066.14777083575,851.023270576111,1595.4900083538612,375.1866214471667,12,-1.0,1.2246467991473532e-16,0,1,1,-107.23434483206677,451.6771302440603,973.0697614069028,616.5166494453612,504,504,1.2336588395874901,0.24677764053109724
A1,roll_01,rf,2026-01-17 13:00:00+00:00,2026-01-17 14:00:00+00:00,0,1,2025-12-08T00:00:00+00:00,2026-01-12T00:00:00+00:00,2026-01-12T00:00:00+00:00,2026-01-19T00:00:00+00:00,553.7227735364166,1384.5322607643132,-830.8094872278965,1,low,0,0.0,0,3,0,0,0,0,0,0,0,0,0,0,0,0,0,0,0,0,0,0,0,0,0,0,5,1718.2276665944446,375.1866214471667,701.5758242305001,1125.2122855051666,13,-0.9659258262890684,-0.2588190451025208,0,1,1,-107.23434483206677,451.6771302440603,973.0697614069028,616.5166494453612,504,504,1.6019742730938167,0.6801876125287851
A1,roll_01,rf,2026-01-17 14:00:00+00:00,2026-01-17 15:00:00+00:00,0,1,2025-12-08T00:00:00+00:00,2026-01-12T00:00:00+00:00,2026-01-12T00:00:00+00:00,2026-01-19T00:00:00+00:00,893.3163181295832,1171.8302809306342,-278.513962801051,1,low,0,0.0,0,3,0,0,0,0,0,0,0,0,0,0,0,0,0,0,0,0,0,0,0,0,0,0,5,2298.0285432916944,1125.2122855051666,1952.1323181944445,553.7227735364166,14,-0.8660254037844388,-0.4999999999999997,0,1,1,-107.23434483206677,451.6771302440603,973.0697614069028,616.5166494453612,504,504,0.379208081393084,0.12936137791099137
A1,roll_01,rf,2026-01-17 15:00:00+00:00,2026-01-17 16:00:00+00:00,0,1,2025-12-08T00:00:00+00:00,2026-01-12T00:00:00+00:00,2026-01-12T00:00:00+00:00,2026-01-19T00:00:00+00:00,1082.6851535658332,1110.0878177052175,-27.402664139384346,1,night,0,0.0,0,3,0,0,0,0,0,0,0,0,0,0,0,0,0,0,0,0,0,0,0,0,0,0,5,2539.5653047919445,553.7227735364166,573.8755752583612,893.3163181295832,15,-0.7071067811865479,-0.7071067811865471,0,1,1,-107.23434483206677,451.6771302440603,973.0697614069028,616.5166494453612,504,504,0.17674501396505504,0.17779794310104036
A1,roll_01,rf,2026-01-17 16:00:00+00:00,2026-01-17 17:00:00+00:00,0,1,2025-12-08T00:00:00+00:00,2026-01-12T00:00:00+00:00,2026-01-12T00:00:00+00:00,2026-01-19T00:00:00+00:00,1215.7402370096668,1477.7095900249358,-261.969353015269,0,night,0,0.0,0,2,0,0,0,0,0,0,0,0,0,0,0,0,0,0,0,0,0,0,0,0,0,0,5,1708.9707138076667,893.3163181295832,1748.7442167502777,1082.6851535658332,16,-0.5000000000000004,-0.8660254037844385,0,1,1,-107.23434483206677,451.6771302440603,973.0697614069028,616.5166494453612,504,504,0.3425787976017124,0.39361544545646643
A1,roll_01,rf,2026-01-17 17:00:00+00:00,2026-01-17 18:00:00+00:00,0,1,2025-12-08T00:00:00+00:00,2026-01-12T00:00:00+00:00,2026-01-12T00:00:00+00:00,2026-01-19T00:00:00+00:00,1466.154889960333,1575.6423330130483,-109.48744305271543,0,night,0,0.0,0,2,0,0,0,0,0,0,0,0,0,0,0,0,0,0,0,0,0,0,0,0,0,0,5,3623.9131346842223,1082.6851535658332,1779.3662909536945,1215.7402370096668,17,-0.2588190451025206,-0.9659258262890684,0,1,1,-107.23434483206677,451.6771302440603,973.0697614069028,616.5166494453612,504,504,0.004988293782842674,0.7997920721152073
A1,roll_01,rf,2026-01-17 18:00:00+00:00,2026-01-17 19:00:00+00:00,0,1,2025-12-08T00:00:00+00:00,2026-01-12T00:00:00+00:00,2026-01-12T00:00:00+00:00,2026-01-19T00:00:00+00:00,1078.6994199493888,1618.7186949109553,-540.0192749615665,0,night,0,0.0,0,2,0,0,0,0,0,0,0,0,0,0,0,0,0,0,0,0,0,0,0,0,0,0,5,1101.2175339098333,1215.7402370096668,1926.1523590546667,1466.154889960333,18,-1.8369701987210287e-16,-1.0,0,1,1,-107.23434483206677,451.6771302440603,973.0697614069028,616.5166494453612,504,504,0.9581732196528251,0.17133301856083524
A1,roll_01,rf,2026-01-17 19:00:00+00:00,2026-01-17 20:00:00+00:00,0,1,2025-12-08T00:00:00+00:00,2026-01-12T00:00:00+00:00,2026-01-12T00:00:00+00:00,2026-01-19T00:00:00+00:00,1284.7492482649168,1122.4371851715068,162.31206309340996,0,night,0,0.0,0,2,0,0,0,0,0,0,0,0,0,0,0,0,0,0,0,0,0,0,0,0,0,0,5,1849.9723726721668,1466.154889960333,3573.4096695315,1078.6994199493888,19,0.2588190451025203,-0.9659258262890684,0,1,1,-107.23434483206677,451.6771302440603,973.0697614069028,616.5166494453612,504,504,0.5967678898859222,0.5055491804453476
A1,roll_01,rf,2026-01-17 20:00:00+00:00,2026-01-17 21:00:00+00:00,0,1,2025-12-08T00:00:00+00:00,2026-01-12T00:00:00+00:00,2026-01-12T00:00:00+00:00,2026-01-19T00:00:00+00:00,851.6801286406111,1049.6060524219445,-197.92592378133335,0,night,0,0.0,0,2,0,0,0,0,0,0,0,0,0,0,0,0,0,0,0,0,0,0,0,0,0,0,5,1455.1370739963888,1078.6994199493888,2754.500442691028,1284.7492482649168,20,0.5000000000000001,-0.8660254037844386,0,1,1,-107.23434483206677,451.6771302440603,973.0697614069028,616.5166494453612,504,504,0.20078851213977134,0.1968959522431354
A1,roll_01,rf,2026-01-17 21:00:00+00:00,2026-01-17 22:00:00+00:00,0,1,2025-12-08T00:00:00+00:00,2026-01-12T00:00:00+00:00,2026-01-12T00:00:00+00:00,2026-01-19T00:00:00+00:00,661.5588102037779,849.7983371600104,-188.23952695623257,0,night,0,0.0,0,2,0,0,0,0,0,0,0,0,0,0,0,0,0,0,0,0,0,0,0,0,0,0,5,775.8096372270278,1284.7492482649168,2483.442940576528,851.6801286406111,21,0.7071067811865474,-0.7071067811865477,0,1,1,-107.23434483206677,451.6771302440603,973.0697614069028,616.5166494453612,504,504,0.17934311192686525,0.5052758128809182
A1,roll_01,rf,2026-01-17 22:00:00+00:00,2026-01-17 23:00:00+00:00,0,1,2025-12-08T00:00:00+00:00,2026-01-12T00:00:00+00:00,2026-01-12T00:00:00+00:00,2026-01-19T00:00:00+00:00,356.0791067192222,681.1694877915389,-325.09038107231675,0,night,0,0.0,0,2,0,0,0,0,0,0,0,0,0,0,0,0,0,0,0,0,0,0,0,0,0,0,5,609.0600654670277,851.6801286406111,2471.681181403111,661.5588102037779,22,0.8660254037844384,-0.5000000000000004,0,1,1,-107.23434483206677,451.6771302440603,973.0697614069028,616.5166494453612,504,504,0.48232691374596076,1.000768844187332
A1,roll_01,rf,2026-01-17 23:00:00+00:00,2026-01-18 00:00:00+00:00,0,1,2025-12-08T00:00:00+00:00,2026-01-12T00:00:00+00:00,2026-01-12T00:00:00+00:00,2026-01-19T00:00:00+00:00,409.1542958934167,534.623872674368,-125.46957678095134,0,night,0,0.0,0,2,0,1,1,0,2,0,0,0,1,0,1,0,1,0,0,0,1,0,0,0,0,0,5,410.7482779138611,661.5588102037779,2428.759211638084,356.0791067192222,23,0.965925826289068,-0.2588190451025215,0,1,1,-107.23434483206677,451.6771302440603,973.0697614069028,616.5166494453612,504,504,0.040372271978949444,0.9146800269235278
A1,roll_01,rf,2026-01-18 00:00:00+00:00,2026-01-18 01:00:00+00:00,0,1,2025-12-08T00:00:00+00:00,2026-01-12T00:00:00+00:00,2026-01-12T00:00:00+00:00,2026-01-19T00:00:00+00:00,386.80348134525,599.9746648806134,-213.1711835353634,0,night,0,0.0,0,2,0,1,1,0,2,0,0,0,1,0,1,0,1,0,0,0,1,0,0,0,0,0,6,405.205528771,356.0791067192222,2422.2099434294164,409.1542958934167,0,1.0,0.0,0,1,1,-107.23434483206677,451.6771302440603,973.0697614069028,616.5166494453612,504,504,0.23454107283681702,0.9509334104587076
A1,roll_01,rf,2026-01-18 01:00:00+00:00,2026-01-18 02:00:00+00:00,0,1,2025-12-08T00:00:00+00:00,2026-01-12T00:00:00+00:00,2026-01-12T00:00:00+00:00,2026-01-19T00:00:00+00:00,363.9506782922222,581.8241385646344,-217.87346027241216,0,night,0,0.0,0,2,0,0,0,0,0,0,0,0,0,0,0,0,0,0,0,0,0,0,0,0,0,0,6,475.14375079194434,409.1542958934167,2419.0737715843334,386.80348134525,1,0.9659258262890684,0.2588190451025207,0,1,1,-107.23434483206677,451.6771302440603,973.0697614069028,616.5166494453612,504,504,0.24495177646156754,0.9880010274867098
A1,roll_01,rf,2026-01-18 02:00:00+00:00,2026-01-18 03:00:00+00:00,0,1,2025-12-08T00:00:00+00:00,2026-01-12T00:00:00+00:00,2026-01-12T00:00:00+00:00,2026-01-19T00:00:00+00:00,366.92154284288887,555.4148734139577,-188.49333057106884,0,night,0,0.0,0,2,0,0,0,0,0,0,0,0,0,0,0,0,0,0,0,0,0,0,0,0,0,0,6,401.84106967408337,386.80348134525,2397.090425719361,363.9506782922222,2,0.8660254037844387,0.4999999999999999,0,1,1,-107.23434483206677,451.6771302440603,973.0697614069028,616.5166494453612,504,504,0.1799050257317531,0.9831822370236472
A1,roll_01,rf,2026-01-18 03:00:00+00:00,2026-01-18 04:00:00+00:00,0,1,2025-12-08T00:00:00+00:00,2026-01-12T00:00:00+00:00,2026-01-12T00:00:00+00:00,2026-01-19T00:00:00+00:00,919.6470143296112,700.3054076048008,219.3416067248104,0,night,0,0.0,0,2,0,0,0,0,0,0,0,0,0,0,0,0,0,0,0,0,0,0,0,0,0,0,6,367.7446838216111,363.9506782922222,2408.5668939863613,366.92154284288887,3,0.7071067811865476,0.7071067811865476,0,1,1,-107.23434483206677,451.6771302440603,973.0697614069028,616.5166494453612,504,504,0.7230296370781808,0.08665256181702866
A1,roll_01,rf,2026-01-18 04:00:00+00:00,2026-01-18 05:00:00+00:00,0,1,2025-12-08T00:00:00+00:00,2026-01-12T00:00:00+00:00,2026-01-12T00:00:00+00:00,2026-01-19T00:00:00+00:00,1696.4327096815832,1714.9983492912577,-18.56563960967424,0,night,0,0.0,0,2,0,0,0,0,0,0,0,0,0,0,0,0,0,0,0,0,0,0,0,0,0,0,6,963.4637856096666,366.92154284288887,2987.1550890425,919.6470143296112,4,0.5000000000000001,0.8660254037844386,0,1,1,-107.23434483206677,451.6771302440603,973.0697614069028,616.5166494453612,504,504,0.19630992867511593,1.1733064288295243
A1,roll_01,rf,2026-01-18 05:00:00+00:00,2026-01-18 06:00:00+00:00,0,1,2025-12-08T00:00:00+00:00,2026-01-12T00:00:00+00:00,2026-01-12T00:00:00+00:00,2026-01-19T00:00:00+00:00,1787.8514459331388,2258.678336000239,-470.8268900671003,0,night,0,0.0,0,2,0,0,0,0,0,0,0,0,0,0,0,0,0,0,0,0,0,0,0,0,0,0,6,1813.34006411675,919.6470143296112,3319.657065773777,1696.4327096815832,5,0.2588190451025207,0.9659258262890684,0,1,1,-107.23434483206677,451.6771302440603,973.0697614069028,616.5166494453612,504,504,0.8049832964502078,1.3215891010554877
A1,roll_01,rf,2026-01-18 06:00:00+00:00,2026-01-18 07:00:00+00:00,0,1,2025-12-08T00:00:00+00:00,2026-01-12T00:00:00+00:00,2026-01-12T00:00:00+00:00,2026-01-19T00:00:00+00:00,2221.478881947944,1867.3352233194096,354.14365862853447,0,night,0,0.0,0,2,0,0,0,0,0,0,0,0,0,0,0,0,0,0,0,0,0,0,0,0,0,0,6,1868.444830851611,1696.4327096815832,2391.335260368139,1787.8514459331388,6,6.123233995736766e-17,1.0,0,1,1,-107.23434483206677,451.6771302440603,973.0697614069028,616.5166494453612,504,504,1.0214774505215687,2.024939831980453
A1,roll_01,rf,2026-01-18 07:00:00+00:00,2026-01-18 08:00:00+00:00,0,1,2025-12-08T00:00:00+00:00,2026-01-12T00:00:00+00:00,2026-01-12T00:00:00+00:00,2026-01-19T00:00:00+00:00,1747.753539249222,1860.053124143366,-112.29958489414388,1,night,0,0.0,0,2,0,0,0,0,0,0,0,0,0,0,0,0,0,0,0,0,0,0,0,0,0,0,6,1998.770939867861,1787.8514459331388,2341.329542084556,2221.478881947944,7,-0.2588190451025206,0.9659258262890684,0,1,1,-107.23434483206677,451.6771302440603,973.0697614069028,616.5166494453612,504,504,0.011214293846004877,1.2565496463708652
A1,roll_01,rf,2026-01-18 08:00:00+00:00,2026-01-18 09:00:00+00:00,0,1,2025-12-08T00:00:00+00:00,2026-01-12T00:00:00+00:00,2026-01-12T00:00:00+00:00,2026-01-19T00:00:00+00:00,1199.014191615,1822.1215317521333,-623.1073401371334,1,low,0,0.0,0,2,0,0,0,0,0,0,0,0,0,0,0,0,0,0,0,0,0,0,0,0,0,0,6,1620.6764299421666,2221.478881947944,2591.676535681584,1747.753539249222,8,-0.4999999999999998,0.8660254037844387,0,1,1,-107.23434483206677,451.6771302440603,973.0697614069028,616.5166494453612,504,504,1.1421277739395805,0.36648552867366097
A1,roll_01,rf,2026-01-18 09:00:00+00:00,2026-01-18 10:00:00+00:00,0,1,2025-12-08T00:00:00+00:00,2026-01-12T00:00:00+00:00,2026-01-12T00:00:00+00:00,2026-01-19T00:00:00+00:00,2696.399735123361,1200.3543899257957,1496.0453451975654,1,low,0,0.0,0,2,0,0,0,0,0,0,0,0,0,0,0,0,0,0,0,0,0,0,0,0,0,0,6,1464.1872420950556,1747.753539249222,876.2151453261389,1199.014191615,9,-0.7071067811865475,0.7071067811865476,0,1,1,-107.23434483206677,451.6771302440603,973.0697614069028,616.5166494453612,504,504,3.5496144982220197,2.7952691549641413
A1,roll_01,rf,2026-01-18 10:00:00+00:00,2026-01-18 11:00:00+00:00,0,1,2025-12-08T00:00:00+00:00,2026-01-12T00:00:00+00:00,2026-01-12T00:00:00+00:00,2026-01-19T00:00:00+00:00,908.328997025861,1607.5674437823573,-699.2384467564963,1,low,0,0.0,0,2,0,0,0,0,0,0,0,0,0,0,0,0,0,0,0,0,0,0,0,0,0,0,6,474.102661966639,1199.014191615,1362.1403257086388,2696.399735123361,10,-0.8660254037844387,0.4999999999999999,0,1,1,-107.23434483206677,451.6771302440603,973.0697614069028,616.5166494453612,504,504,1.310679824777811,0.10501056936464691
A1,roll_01,rf,2026-01-18 11:00:00+00:00,2026-01-18 12:00:00+00:00,0,1,2025-12-08T00:00:00+00:00,2026-01-12T00:00:00+00:00,2026-01-12T00:00:00+00:00,2026-01-19T00:00:00+00:00,1081.863576312389,1165.106213428077,-83.24263711568778,1,low,0,0.0,0,2,0,0,0,0,0,0,0,0,0,0,0,0,0,0,0,0,0,0,0,0,0,0,6,924.8024321908888,2696.399735123361,851.023270576111,908.328997025861,11,-0.9659258262890682,0.258819045102521,0,1,1,-107.23434483206677,451.6771302440603,973.0697614069028,616.5166494453612,504,504,0.053116941527270256,0.1764653314770341
A1,roll_01,rf,2026-01-18 12:00:00+00:00,2026-01-18 13:00:00+00:00,0,1,2025-12-08T00:00:00+00:00,2026-01-12T00:00:00+00:00,2026-01-12T00:00:00+00:00,2026-01-19T00:00:00+00:00,2173.5554944418054,1148.543968462962,1025.0115259788436,1,low,0,0.0,0,3,0,0,0,0,0,0,0,0,0,0,0,0,0,0,0,0,0,0,0,0,0,0,6,-377.0683961764167,908.328997025861,375.1866214471667,1081.863576312389,12,-1.0,1.2246467991473532e-16,0,1,1,-107.23434483206677,451.6771302440603,973.0697614069028,616.5166494453612,504,504,2.506759353078403,1.9472073205401663
A1,roll_01,rf,2026-01-18 13:00:00+00:00,2026-01-18 14:00:00+00:00,0,1,2025-12-08T00:00:00+00:00,2026-01-12T00:00:00+00:00,2026-01-12T00:00:00+00:00,2026-01-19T00:00:00+00:00,1035.234056645167,1720.7116404585256,-685.4775838133587,1,low,0,0.0,0,3,0,0,0,0,0,0,0,0,0,0,0,0,0,0,0,0,0,0,0,0,0,0,6,-533.3608326616389,1081.863576312389,1125.2122855051666,2173.5554944418054,13,-0.9659258262890684,-0.2588190451025208,0,1,1,-107.23434483206677,451.6771302440603,973.0697614069028,616.5166494453612,504,504,1.2802136753500062,0.1008314946468829
A1,roll_01,rf,2026-01-18 14:00:00+00:00,2026-01-18 15:00:00+00:00,0,1,2025-12-08T00:00:00+00:00,2026-01-12T00:00:00+00:00,2026-01-12T00:00:00+00:00,2026-01-19T00:00:00+00:00,982.0105920020555,1545.0323704416523,-563.0217784395968,1,low,0,0.0,0,3,0,0,0,0,0,0,0,0,0,0,0,0,0,0,0,0,0,0,0,0,0,0,6,1619.3522628639723,2173.5554944418054,553.7227735364166,1035.234056645167,14,-0.8660254037844388,-0.4999999999999997,0,1,1,-107.23434483206677,451.6771302440603,973.0697614069028,616.5166494453612,504,504,1.0091000918316337,0.014502172168742286
A1,roll_01,rf,2026-01-18 15:00:00+00:00,2026-01-18 16:00:00+00:00,0,1,2025-12-08T00:00:00+00:00,2026-01-12T00:00:00+00:00,2026-01-12T00:00:00+00:00,2026-01-19T00:00:00+00:00,939.633989883972,1190.3351598343988,-250.7011699504268,1,night,0,0.0,0,3,0,0,0,0,0,0,0,0,0,0,0,0,0,0,0,0,0,0,0,0,0,0,6,867.3860450609445,1035.234056645167,893.3163181295832,982.0105920020555,15,-0.7071067811865479,-0.7071067811865471,0,1,1,-107.23434483206677,451.6771302440603,973.0697614069028,616.5166494453612,504,504,0.31763136876298964,0.05423336345094762
A1,roll_01,rf,2026-01-18 16:00:00+00:00,2026-01-18 17:00:00+00:00,0,1,2025-12-08T00:00:00+00:00,2026-01-12T00:00:00+00:00,2026-01-12T00:00:00+00:00,2026-01-19T00:00:00+00:00,1984.2611124879447,1271.610456095283,712.6506563926614,0,night,0,0.0,0,2,0,0,0,0,0,0,0,0,0,0,0,0,0,0,0,0,0,0,0,0,0,0,6,1129.351029028639,982.0105920020555,1082.6851535658332,939.633989883972,16,-0.5000000000000004,-0.8660254037844385,0,1,1,-107.23434483206677,451.6771302440603,973.0697614069028,616.5166494453612,504,504,1.8152014931145828,1.6401687642835652
A1,roll_01,rf,2026-01-18 17:00:00+00:00,2026-01-18 18:00:00+00:00,0,1,2025-12-08T00:00:00+00:00,2026-01-12T00:00:00+00:00,2026-01-12T00:00:00+00:00,2026-01-19T00:00:00+00:00,1779.6982078336666,1863.1473476208464,-83.44913978717955,0,night,0,0.0,0,2,0,0,0,0,0,0,0,0,0,0,0,0,0,0,0,0,0,0,0,0,0,0,6,1683.5612400863336,939.633989883972,1215.7402370096668,1984.2611124879447,17,-0.2588190451025206,-0.9659258262890684,0,1,1,-107.23434483206677,451.6771302440603,973.0697614069028,616.5166494453612,504,504,0.052659750632127564,1.3083644166827182
A1,roll_01,rf,2026-01-18 18:00:00+00:00,2026-01-18 19:00:00+00:00,0,1,2025-12-08T00:00:00+00:00,2026-01-12T00:00:00+00:00,2026-01-12T00:00:00+00:00,2026-01-19T00:00:00+00:00,1945.2175917344168,2012.0745333024208,-66.85694156800378,0,night,0,0.0,0,2,0,0,0,0,0,0,0,0,0,0,0,0,0,0,0,0,0,0,0,0,0,0,6,2735.553599037861,1984.2611124879447,1466.154889960333,1779.6982078336666,18,-1.8369701987210287e-16,-1.0,0,1,1,-107.23434483206677,451.6771302440603,973.0697614069028,616.5166494453612,504,504,0.0893943938278331,1.5768395406711084
A1,roll_01,rf,2026-01-18 19:00:00+00:00,2026-01-18 20:00:00+00:00,0,1,2025-12-08T00:00:00+00:00,2026-01-12T00:00:00+00:00,2026-01-12T00:00:00+00:00,2026-01-19T00:00:00+00:00,817.2623687095833,1630.378654774168,-813.1162860645846,0,night,0,0.0,0,2,0,0,0,0,0,0,0,0,0,0,0,0,0,0,0,0,0,0,0,0,0,0,6,2033.9936153407496,1779.6982078336666,1078.6994199493888,1945.2175917344168,19,0.2588190451025203,-0.9659258262890684,0,1,1,-107.23434483206677,451.6771302440603,973.0697614069028,616.5166494453612,504,504,1.5628020414739614,0.252722116811426
A1,roll_01,rf,2026-01-18 20:00:00+00:00,2026-01-18 21:00:00+00:00,0,1,2025-12-08T00:00:00+00:00,2026-01-12T00:00:00+00:00,2026-01-12T00:00:00+00:00,2026-01-19T00:00:00+00:00,1022.3695540110556,1037.7243417935088,-15.354787782453172,0,night,0,0.0,0,2,0,0,0,0,0,0,0,0,0,0,0,0,0,0,0,0,0,0,0,0,0,0,6,1245.8312970156112,1945.2175917344168,1284.7492482649168,817.2623687095833,20,0.5000000000000001,-0.8660254037844386,0,1,1,-107.23434483206677,451.6771302440603,973.0697614069028,616.5166494453612,504,504,0.20341866102445164,0.07996506282272267
A1,roll_01,rf,2026-01-18 21:00:00+00:00,2026-01-18 22:00:00+00:00,0,1,2025-12-08T00:00:00+00:00,2026-01-12T00:00:00+00:00,2026-01-12T00:00:00+00:00,2026-01-19T00:00:00+00:00,579.8006035581112,1155.8613487776977,-576.0607452195862,0,night,0,0.0,0,2,0,0,0,0,0,0,0,0,0,0,0,0,0,0,0,0,0,0,0,0,0,0,6,2829.186617279833,817.2623687095833,851.6801286406111,1022.3695540110556,21,0.7071067811865474,-0.7071067811865477,0,1,1,-107.23434483206677,451.6771302440603,973.0697614069028,616.5166494453612,504,504,1.037967984197457,0.6378889494753947
