dataset_id,split_id,model_name,ts_utc,ts_target_utc,is_train_split,is_test_split,train_start_utc,train_end_utc,test_start_utc,test_end_utc,y_true_t_plus_1,yhat_t_plus_1,residual_t_plus_1,is_daylight,pv_regime,pool_on,pool_on_lag_1h,pool_switch,temp_bin,flag_grid_exporting,imputed_any,imputed_count,gaplen_demand_h,gaplen_pv_h,gaplen_pool_h,gaplen_temp_h,pv_imputed_interp,pv_imputed_ffill_night_ok,pv_imputed_fallback_zero,pv_imputed_any,flag_demand_imputed,flag_pv_imputed,flag_pool_imputed,flag_temp_imputed,flag_demand_imputed_new,flag_pv_imputed_new,flag_pool_imputed_new,flag_temp_imputed_new,demand_imputed_any,pool_imputed_any,temp_imputed_any,day_of_week,demand_lag_168h,demand_lag_1h,demand_lag_24h,demand_w,hour,hour_cos,hour_sin,is_holiday_it,is_weekend,month
A1,roll_04,rf,2026-02-01 23:00:00+00:00,2026-02-02 00:00:00+00:00,0,1,2025-12-08T00:00:00+00:00,2026-02-02T00:00:00+00:00,2026-02-02T00:00:00+00:00,2026-02-09T00:00:00+00:00,543.2085049798055,774.2871114031692,-231.07860642336368,0,night,0,0.0,0,1,0,0,0,0,0,0,0,0,0,0,0,0,0,0,0,0,0,0,0,0,0,0,6,401.8299940770556,1463.8755507140277,565.2245665261389,976.5316384429444,23,0.965925826289068,-0.2588190451025215,0,1,2
A1,roll_04,rf,2026-02-02 00:00:00+00:00,2026-02-02 01:00:00+00:00,0,1,2025-12-08T00:00:00+00:00,2026-02-02T00:00:00+00:00,2026-02-02T00:00:00+00:00,2026-02-09T00:00:00+00:00,555.9650401257778,495.3520735690097,60.61296655676813,0,night,0,0.0,0,1,0,0,0,0,0,0,0,0,0,0,0,0,0,0,0,0,0,0,0,0,0,0,0,369.4281183008611,976.5316384429444,564.1097782727777,543.2085049798055,0,1.0,0.0,0,0,2
A1,roll_04,rf,2026-02-02 01:00:00+00:00,2026-02-02 02:00:00+00:00,0,1,2025-12-08T00:00:00+00:00,2026-02-02T00:00:00+00:00,2026-02-02T00:00:00+00:00,2026-02-09T00:00:00+00:00,559.2648734329445,521.8870539300783,37.377819502866146,0,night,0,0.0,0,1,0,1,1,0,4,0,0,0,1,0,1,0,1,0,0,0,1,0,0,0,0,0,0,418.7639288361667,543.2085049798055,533.409867254,555.9650401257778,1,0.9659258262890684,0.2588190451025207,0,0,2
A1,roll_04,rf,2026-02-02 02:00:00+00:00,2026-02-02 03:00:00+00:00,0,1,2025-12-08T00:00:00+00:00,2026-02-02T00:00:00+00:00,2026-02-02T00:00:00+00:00,2026-02-09T00:00:00+00:00,543.3187399811248,512.5854248922715,30.733315088853374,0,night,0,0.0,0,1,0,1,1,0,4,0,0,0,1,0,1,0,1,0,0,0,1,0,0,0,0,0,0,391.5396551361389,555.9650401257778,562.5751383565,559.2648734329445,2,0.8660254037844387,0.4999999999999999,0,0,2
A1,roll_04,rf,2026-02-02 03:00:00+00:00,2026-02-02 04:00:00+00:00,0,1,2025-12-08T00:00:00+00:00,2026-02-02T00:00:00+00:00,2026-02-02T00:00:00+00:00,2026-02-09T00:00:00+00:00,1132.2936000000002,944.0397910198982,188.253808980102,0,night,0,0.0,0,1,0,1,1,0,4,0,0,0,1,0,1,0,1,0,0,0,1,0,0,0,0,0,0,371.4401780996666,559.2648734329445,534.4757679513611,543.3187399811248,3,0.7071067811865476,0.7071067811865476,0,0,2
A1,roll_04,rf,2026-02-02 04:00:00+00:00,2026-02-02 05:00:00+00:00,0,1,2025-12-08T00:00:00+00:00,2026-02-02T00:00:00+00:00,2026-02-02T00:00:00+00:00,2026-02-09T00:00:00+00:00,1968.2842857142853,1820.447201017227,147.83708469705834,0,night,0,0.0,0,1,0,1,1,0,4,0,0,0,1,0,1,0,1,0,0,0,1,0,0,0,0,0,0,1028.218939733639,543.3187399811248,559.3680544099722,1132.2936000000002,4,0.5000000000000001,0.8660254037844386,0,0,2
A1,roll_04,rf,2026-02-02 05:00:00+00:00,2026-02-02 06:00:00+00:00,0,1,2025-12-08T00:00:00+00:00,2026-02-02T00:00:00+00:00,2026-02-02T00:00:00+00:00,2026-02-09T00:00:00+00:00,2066.43476702509,2078.2405180090072,-11.805750983917278,0,night,0,0.0,0,1,0,0,0,0,0,0,0,0,0,0,0,0,0,0,0,0,0,0,0,0,0,0,0,2114.055589798917,1132.2936000000002,555.9197919330833,1968.2842857142853,5,0.2588190451025207,0.9659258262890684,0,0,2
A1,roll_04,rf,2026-02-02 06:00:00+00:00,2026-02-02 07:00:00+00:00,0,1,2025-12-08T00:00:00+00:00,2026-02-02T00:00:00+00:00,2026-02-02T00:00:00+00:00,2026-02-09T00:00:00+00:00,1906.8957894736843,1633.9943038801857,272.9014855934986,0,night,0,0.0,0,1,0,0,0,0,0,0,0,0,0,0,0,0,0,0,0,0,0,0,0,0,0,0,0,2600.770309974528,1968.2842857142853,1160.5435193141388,2066.43476702509,6,6.123233995736766e-17,1.0,0,0,2
A1,roll_04,rf,2026-02-02 07:00:00+00:00,2026-02-02 08:00:00+00:00,0,1,2025-12-08T00:00:00+00:00,2026-02-02T00:00:00+00:00,2026-02-02T00:00:00+00:00,2026-02-09T00:00:00+00:00,1804.416,1660.242315071796,144.173684928204,1,low,0,0.0,0,1,0,0,0,0,0,0,0,0,0,0,0,0,0,0,0,0,0,0,0,0,0,0,0,2010.6085535996945,2066.43476702509,691.6709654138334,1906.8957894736843,7,-0.2588190451025206,0.9659258262890684,0,0,2
A1,roll_04,rf,2026-02-02 08:00:00+00:00,2026-02-02 09:00:00+00:00,0,1,2025-12-08T00:00:00+00:00,2026-02-02T00:00:00+00:00,2026-02-02T00:00:00+00:00,2026-02-09T00:00:00+00:00,1845.520588235294,1640.5510702976014,204.96951793769267,1,low,0,0.0,0,2,0,0,0,0,0,0,0,0,0,0,0,0,0,0,0,0,0,0,0,0,0,0,0,1665.4681254328334,1906.8957894736843,1089.2109433604444,1804.416,8,-0.4999999999999998,0.8660254037844387,0,0,2
A1,roll_04,rf,2026-02-02 09:00:00+00:00,2026-02-02 10:00:00+00:00,0,1,2025-12-08T00:00:00+00:00,2026-02-02T00:00:00+00:00,2026-02-02T00:00:00+00:00,2026-02-09T00:00:00+00:00,1895.989453125,1765.8113312594899,130.1781218655101,1,low,0,0.0,0,2,0,0,0,0,0,0,0,0,0,0,0,0,0,0,0,0,0,0,0,0,0,0,0,1007.3270680508888,1804.416,303.2054646118889,1845.520588235294,9,-0.7071067811865475,0.7071067811865476,0,0,2
A1,roll_04,rf,2026-02-02 10:00:00+00:00,2026-02-02 11:00:00+00:00,0,1,2025-12-08T00:00:00+00:00,2026-02-02T00:00:00+00:00,2026-02-02T00:00:00+00:00,2026-02-09T00:00:00+00:00,1458.9305555555557,1860.5029782335628,-401.5724226780071,1,low,0,0.0,0,2,0,0,0,0,0,0,0,0,0,0,0,0,0,0,0,0,0,0,0,0,0,0,0,-569.4865977234444,1845.520588235294,306.5586802728889,1895.989453125,10,-0.8660254037844387,0.4999999999999999,0,0,2
A1,roll_04,rf,2026-02-02 11:00:00+00:00,2026-02-02 12:00:00+00:00,0,1,2025-12-08T00:00:00+00:00,2026-02-02T00:00:00+00:00,2026-02-02T00:00:00+00:00,2026-02-09T00:00:00+00:00,994.9530726256984,1179.8985535418367,-184.9454809161383,1,low,0,0.0,0,2,0,0,0,0,0,0,0,0,0,0,0,0,0,0,0,0,0,0,0,0,0,0,0,-741.4332030484165,1895.989453125,298.92543760088887,1458.9305555555557,11,-0.9659258262890682,0.258819045102521,0,0,2
A1,roll_04,rf,2026-02-02 12:00:00+00:00,2026-02-02 13:00:00+00:00,0,1,2025-12-08T00:00:00+00:00,2026-02-02T00:00:00+00:00,2026-02-02T00:00:00+00:00,2026-02-09T00:00:00+00:00,891.7146341463415,956.1979456859139,-64.48331153957236,1,low,0,0.0,0,2,0,0,0,0,0,0,0,0,0,0,0,0,0,0,0,0,0,0,0,0,0,0,0,-1079.799870834083,1458.9305555555557,73.55411946638888,994.9530726256984,12,-1.0,1.2246467991473532e-16,0,0,2
A1,roll_04,rf,2026-02-02 13:00:00+00:00,2026-02-02 14:00:00+00:00,0,1,2025-12-08T00:00:00+00:00,2026-02-02T00:00:00+00:00,2026-02-02T00:00:00+00:00,2026-02-09T00:00:00+00:00,747.8884726224784,1191.8577162092433,-443.96924358676495,1,low,0,0.0,0,2,0,0,0,0,0,0,0,0,0,0,0,0,0,0,0,0,0,0,0,0,0,0,0,94.50215176250003,994.9530726256984,151.58054217927778,891.7146341463415,13,-0.9659258262890684,-0.2588190451025208,0,0,2
A1,roll_04,rf,2026-02-02 14:00:00+00:00,2026-02-02 15:00:00+00:00,0,1,2025-12-08T00:00:00+00:00,2026-02-02T00:00:00+00:00,2026-02-02T00:00:00+00:00,2026-02-09T00:00:00+00:00,1131.010752688172,1355.8651685009997,-224.8544158128277,1,low,0,0.0,0,2,0,0,0,0,0,0,0,0,0,0,0,0,0,0,0,0,0,0,0,0,0,0,0,-184.2188756273056,891.7146341463415,1336.6438164391946,747.8884726224784,14,-0.8660254037844388,-0.4999999999999997,0,0,2
A1,roll_04,rf,2026-02-02 15:00:00+00:00,2026-02-02 16:00:00+00:00,0,1,2025-12-08T00:00:00+00:00,2026-02-02T00:00:00+00:00,2026-02-02T00:00:00+00:00,2026-02-09T00:00:00+00:00,1511.6196629213482,1764.5075654357092,-252.88790251436103,1,low,0,0.0,0,2,0,0,0,0,0,0,0,0,0,0,0,0,0,0,0,0,0,0,0,0,0,0,0,297.8340901346389,747.8884726224784,1896.0841900744165,1131.010752688172,15,-0.7071067811865479,-0.7071067811865471,0,0,2
A1,roll_04,rf,2026-02-02 16:00:00+00:00,2026-02-02 17:00:00+00:00,0,1,2025-12-08T00:00:00+00:00,2026-02-02T00:00:00+00:00,2026-02-02T00:00:00+00:00,2026-02-09T00:00:00+00:00,1624.4313218390805,1691.111614681254,-66.68029284217346,0,night,0,0.0,0,2,0,0,0,0,0,0,0,0,0,0,0,0,0,0,0,0,0,0,0,0,0,0,0,931.8924169395276,1131.010752688172,2484.501672130778,1511.6196629213482,16,-0.5000000000000004,-0.8660254037844385,0,0,2
A1,roll_04,rf,2026-02-02 17:00:00+00:00,2026-02-02 18:00:00+00:00,0,1,2025-12-08T00:00:00+00:00,2026-02-02T00:00:00+00:00,2026-02-02T00:00:00+00:00,2026-02-09T00:00:00+00:00,1738.5641379310343,1800.645892598564,-62.081754667529594,0,night,0,0.0,0,2,0,0,0,0,0,0,0,0,0,0,0,0,0,0,0,0,0,0,0,0,0,0,0,2682.2788242863057,1511.6196629213482,2486.544613380472,1624.4313218390805,17,-0.2588190451025206,-0.9659258262890684,0,0,2
A1,roll_04,rf,2026-02-02 18:00:00+00:00,2026-02-02 19:00:00+00:00,0,1,2025-12-08T00:00:00+00:00,2026-02-02T00:00:00+00:00,2026-02-02T00:00:00+00:00,2026-02-09T00:00:00+00:00,1581.9688888888888,1591.1788106888737,-9.20992179998484,0,night,0,0.0,0,2,0,0,0,0,0,0,0,0,0,0,0,0,0,0,0,0,0,0,0,0,0,0,0,1447.201125872611,1624.4313218390805,2612.5492478209444,1738.5641379310343,18,-1.8369701987210292e-16,-1.0,0,0,2
A1,roll_04,rf,2026-02-02 19:00:00+00:00,2026-02-02 20:00:00+00:00,0,1,2025-12-08T00:00:00+00:00,2026-02-02T00:00:00+00:00,2026-02-02T00:00:00+00:00,2026-02-09T00:00:00+00:00,792.707570977918,1101.751790616594,-309.04421963867605,0,night,0,0.0,0,2,0,0,0,0,0,0,0,0,0,0,0,0,0,0,0,0,0,0,0,0,0,0,0,1800.8310691792778,1738.5641379310343,3017.157618471861,1581.9688888888888,19,0.2588190451025203,-0.9659258262890684,0,0,2
A1,roll_04,rf,2026-02-02 20:00:00+00:00,2026-02-02 21:00:00+00:00,0,1,2025-12-08T00:00:00+00:00,2026-02-02T00:00:00+00:00,2026-02-02T00:00:00+00:00,2026-02-09T00:00:00+00:00,1121.9964285714286,1051.5067022402511,70.48972633117751,0,night,0,0.0,0,1,0,1,1,0,1,0,0,0,1,0,1,0,1,0,0,0,1,0,0,0,0,0,0,1879.5046675005,1581.9688888888888,2133.137917275778,792.707570977918,20,0.5000000000000001,-0.8660254037844386,0,0,2
A1,roll_04,rf,2026-02-02 21:00:00+00:00,2026-02-02 22:00:00+00:00,0,1,2025-12-08T00:00:00+00:00,2026-02-02T00:00:00+00:00,2026-02-02T00:00:00+00:00,2026-02-09T00:00:00+00:00,395.40241935483874,772.0166551380728,-376.61423578323405,0,night,0,0.0,0,1,0,0,0,0,0,0,0,0,0,0,0,0,0,0,0,0,0,0,0,0,0,0,0,982.8754678472778,792.707570977918,952.1327068525555,1121.9964285714286,21,0.7071067811865474,-0.7071067811865477,0,0,2
A1,roll_04,rf,2026-02-02 22:00:00+00:00,2026-02-02 23:00:00+00:00,0,1,2025-12-08T00:00:00+00:00,2026-02-02T00:00:00+00:00,2026-02-02T00:00:00+00:00,2026-02-09T00:00:00+00:00,434.56734693877553,417.89066544909156,16.676681489683972,0,night,0,0.0,0,1,0,0,0,0,0,0,0,0,0,0,0,0,0,0,0,0,0,0,0,0,0,0,0,411.4689791798889,1121.9964285714286,1463.8755507140277,395.40241935483874,22,0.8660254037844384,-0.5000000000000004,0,0,2
A1,roll_04,rf,2026-02-02 23:00:00+00:00,2026-02-03 00:00:00+00:00,0,1,2025-12-08T00:00:00+00:00,2026-02-02T00:00:00+00:00,2026-02-02T00:00:00+00:00,2026-02-09T00:00:00+00:00,561.1720833333333,417.04012164717136,144.1319616861619,0,night,0,0.0,0,1,0,1,1,0,2,0,0,0,1,0,1,0,1,0,0,0,1,0,0,0,0,0,0,370.9779513775556,395.40241935483874,976.5316384429444,434.56734693877553,23,0.965925826289068,-0.2588190451025215,0,0,2
A1,roll_04,rf,2026-02-03 00:00:00+00:00,2026-02-03 01:00:00+00:00,0,1,2025-12-08T00:00:00+00:00,2026-02-02T00:00:00+00:00,2026-02-02T00:00:00+00:00,2026-02-09T00:00:00+00:00,575.5421487603306,515.3764135216522,60.165735238678394,0,night,0,0.0,0,1,0,1,1,0,2,0,0,0,1,0,1,0,1,0,0,0,1,0,0,0,0,0,1,389.13017225908334,434.56734693877553,543.2085049798055,561.1720833333333,0,1.0,0.0,0,0,2
A1,roll_04,rf,2026-02-03 01:00:00+00:00,2026-02-03 02:00:00+00:00,0,1,2025-12-08T00:00:00+00:00,2026-02-02T00:00:00+00:00,2026-02-02T00:00:00+00:00,2026-02-09T00:00:00+00:00,565.2688259109311,515.1725271584952,50.09629875243593,0,night,0,0.0,0,1,0,0,0,0,0,0,0,0,0,0,0,0,0,0,0,0,0,0,0,0,0,0,1,376.84390502849993,561.1720833333333,555.9650401257778,575.5421487603306,1,0.9659258262890684,0.2588190451025207,0,0,2
A1,roll_04,rf,2026-02-03 02:00:00+00:00,2026-02-03 03:00:00+00:00,0,1,2025-12-08T00:00:00+00:00,2026-02-02T00:00:00+00:00,2026-02-02T00:00:00+00:00,2026-02-09T00:00:00+00:00,597.2084677419356,511.34422340387647,85.86424433805911,0,night,0,0.0,0,1,0,1,1,0,1,0,0,0,1,0,1,0,1,0,0,0,1,0,0,0,0,0,1,378.1934371171667,575.5421487603306,559.2648734329445,565.2688259109311,2,0.8660254037844387,0.4999999999999999,0,0,2
A1,roll_04,rf,2026-02-03 03:00:00+00:00,2026-02-03 04:00:00+00:00,0,1,2025-12-08T00:00:00+00:00,2026-02-02T00:00:00+00:00,2026-02-02T00:00:00+00:00,2026-02-09T00:00:00+00:00,1173.6686046511627,946.5902870499353,227.07831760122735,0,night,0,0.0,0,1,0,0,0,0,0,0,0,0,0,0,0,0,0,0,0,0,0,0,0,0,0,0,1,391.1898017904167,565.2688259109311,543.3187399811248,597.2084677419356,3,0.7071067811865476,0.7071067811865476,0,0,2
A1,roll_04,rf,2026-02-03 04:00:00+00:00,2026-02-03 05:00:00+00:00,0,1,2025-12-08T00:00:00+00:00,2026-02-02T00:00:00+00:00,2026-02-02T00:00:00+00:00,2026-02-09T00:00:00+00:00,2016.13358778626,2064.3717292023966,-48.238141416136614,0,night,0,0.0,0,1,0,0,0,0,0,0,0,0,0,0,0,0,0,0,0,0,0,0,0,0,0,0,1,949.6719199514168,597.2084677419356,1132.2936000000002,1173.6686046511627,4,0.5000000000000001,0.8660254037844386,0,0,2
A1,roll_04,rf,2026-02-03 05:00:00+00:00,2026-02-03 06:00:00+00:00,0,1,2025-12-08T00:00:00+00:00,2026-02-02T00:00:00+00:00,2026-02-02T00:00:00+00:00,2026-02-09T00:00:00+00:00,2081.1158088235293,2157.1994040258423,-76.08359520231306,0,night,0,0.0,0,1,0,0,0,0,0,0,0,0,0,0,0,0,0,0,0,0,0,0,0,0,0,0,1,1868.492211110528,1173.6686046511627,1968.2842857142853,2016.13358778626,5,0.2588190451025207,0.9659258262890684,0,0,2
A1,roll_04,rf,2026-02-03 06:00:00+00:00,2026-02-03 07:00:00+00:00,0,1,2025-12-08T00:00:00+00:00,2026-02-02T00:00:00+00:00,2026-02-02T00:00:00+00:00,2026-02-09T00:00:00+00:00,1670.6992307692308,1732.3473360366274,-61.64810526739666,0,night,0,0.0,0,1,0,0,0,0,0,0,0,0,0,0,0,0,0,0,0,0,0,0,0,0,0,0,1,1857.5546669058888,2016.13358778626,2066.43476702509,2081.1158088235293,6,6.123233995736766e-17,1.0,0,0,2
A1,roll_04,rf,2026-02-03 07:00:00+00:00,2026-02-03 08:00:00+00:00,0,1,2025-12-08T00:00:00+00:00,2026-02-02T00:00:00+00:00,2026-02-02T00:00:00+00:00,2026-02-09T00:00:00+00:00,1695.1438661710038,1348.636456330344,346.5074098406599,1,night,0,0.0,0,1,0,0,0,0,0,0,0,0,0,0,0,0,0,0,0,0,0,0,0,0,0,0,1,1526.8297823245,2081.1158088235293,1906.8957894736843,1670.6992307692308,7,-0.2588190451025206,0.9659258262890684,0,0,2
A1,roll_04,rf,2026-02-03 08:00:00+00:00,2026-02-03 09:00:00+00:00,0,1,2025-12-08T00:00:00+00:00,2026-02-02T00:00:00+00:00,2026-02-02T00:00:00+00:00,2026-02-09T00:00:00+00:00,1085.7120141342757,1464.030344278235,-378.3183301439592,1,night,0,0.0,0,1,0,0,0,0,0,0,0,0,0,0,0,0,0,0,0,0,0,0,0,0,0,0,1,1412.669924658583,1670.6992307692308,1804.416,1695.1438661710038,8,-0.4999999999999998,0.8660254037844387,0,0,2
A1,roll_04,rf,2026-02-03 09:00:00+00:00,2026-02-03 10:00:00+00:00,0,1,2025-12-08T00:00:00+00:00,2026-02-02T00:00:00+00:00,2026-02-02T00:00:00+00:00,2026-02-09T00:00:00+00:00,1706.1051136363635,1252.010972390432,454.0941412459315,1,low,0,0.0,0,1,0,0,0,0,0,0,0,0,0,0,0,0,0,0,0,0,0,0,0,0,0,0,1,1534.4343933593334,1695.1438661710038,1845.520588235294,1085.7120141342757,9,-0.7071067811865475,0.7071067811865476,0,0,2
A1,roll_04,rf,2026-02-03 10:00:00+00:00,2026-02-03 11:00:00+00:00,0,1,2025-12-08T00:00:00+00:00,2026-02-02T00:00:00+00:00,2026-02-02T00:00:00+00:00,2026-02-09T00:00:00+00:00,835.5128205128206,1304.958123838364,-469.44530332554336,1,low,0,0.0,0,1,0,0,0,0,0,0,0,0,0,0,0,0,0,0,0,0,0,0,0,0,0,0,1,1156.7474213855278,1085.7120141342757,1895.989453125,1706.1051136363635,10,-0.8660254037844387,0.4999999999999999,0,0,2
A1,roll_04,rf,2026-02-03 11:00:00+00:00,2026-02-03 12:00:00+00:00,0,1,2025-12-08T00:00:00+00:00,2026-02-02T00:00:00+00:00,2026-02-02T00:00:00+00:00,2026-02-09T00:00:00+00:00,1812.142446043165,1201.6492827706136,610.4931632725513,1,low,0,0.0,0,1,0,0,0,0,0,0,0,0,0,0,0,0,0,0,0,0,0,0,0,0,0,0,1,339.89285018286114,1706.1051136363635,1458.9305555555557,835.5128205128206,11,-0.9659258262890682,0.258819045102521,0,0,2
A1,roll_04,rf,2026-02-03 12:00:00+00:00,2026-02-03 13:00:00+00:00,0,1,2025-12-08T00:00:00+00:00,2026-02-02T00:00:00+00:00,2026-02-02T00:00:00+00:00,2026-02-09T00:00:00+00:00,918.8297520661156,1254.1822342988642,-335.35248223274857,1,low,0,0.0,0,1,0,0,0,0,0,0,0,0,0,0,0,0,0,0,0,0,0,0,0,0,0,0,1,1030.8584088937498,835.5128205128206,994.9530726256984,1812.142446043165,12,-1.0,1.2246467991473532e-16,0,0,2
A1,roll_04,rf,2026-02-03 13:00:00+00:00,2026-02-03 14:00:00+00:00,0,1,2025-12-08T00:00:00+00:00,2026-02-02T00:00:00+00:00,2026-02-02T00:00:00+00:00,2026-02-09T00:00:00+00:00,1825.0157894736844,1163.374781844522,661.6410076291625,1,low,0,0.0,0,2,0,0,0,0,0,0,0,0,0,0,0,0,0,0,0,0,0,0,0,0,0,0,1,1307.5905215424166,1812.142446043165,891.7146341463415,918.8297520661156,13,-0.9659258262890684,-0.2588190451025208,0,0,2
A1,roll_04,rf,2026-02-03 14:00:00+00:00,2026-02-03 15:00:00+00:00,0,1,2025-12-08T00:00:00+00:00,2026-02-02T00:00:00+00:00,2026-02-02T00:00:00+00:00,2026-02-09T00:00:00+00:00,1432.5622406639004,1592.534744367475,-159.9725037035746,1,low,0,0.0,0,2,0,0,0,0,0,0,0,0,0,0,0,0,0,0,0,0,0,0,0,0,0,0,1,899.1258070269446,918.8297520661156,747.8884726224784,1825.0157894736844,14,-0.8660254037844388,-0.4999999999999997,0,0,2
A1,roll_04,rf,2026-02-03 15:00:00+00:00,2026-02-03 16:00:00+00:00,0,1,2025-12-08T00:00:00+00:00,2026-02-02T00:00:00+00:00,2026-02-02T00:00:00+00:00,2026-02-09T00:00:00+00:00,1624.8924590163936,1612.6991230423253,12.193335974068304,1,low,0,0.0,0,2,0,0,0,0,0,0,0,0,0,0,0,0,0,0,0,0,0,0,0,0,0,0,1,1560.9848600250834,1825.0157894736844,1131.010752688172,1432.5622406639004,15,-0.7071067811865479,-0.7071067811865471,0,0,2
A1,roll_04,rf,2026-02-03 16:00:00+00:00,2026-02-03 17:00:00+00:00,0,1,2025-12-08T00:00:00+00:00,2026-02-02T00:00:00+00:00,2026-02-02T00:00:00+00:00,2026-02-09T00:00:00+00:00,1250.0767605633805,1744.0693970780928,-493.99263651471233,1,night,0,0.0,0,2,0,0,0,0,0,0,0,0,0,0,0,0,0,0,0,0,0,0,0,0,0,0,1,1794.9346924112222,1432.5622406639004,1511.6196629213482,1624.8924590163936,16,-0.5000000000000004,-0.8660254037844385,0,0,2
A1,roll_04,rf,2026-02-03 17:00:00+00:00,2026-02-03 18:00:00+00:00,0,1,2025-12-08T00:00:00+00:00,2026-02-02T00:00:00+00:00,2026-02-02T00:00:00+00:00,2026-02-09T00:00:00+00:00,856.6192182410423,1649.9070887538253,-793.287870512783,0,night,0,0.0,0,1,0,0,0,0,0,0,0,0,0,0,0,0,0,0,0,0,0,0,0,0,0,0,1,843.3756644045833,1624.8924590163936,1624.4313218390805,1250.0767605633805,17,-0.2588190451025206,-0.9659258262890684,0,0,2
A1,roll_04,rf,2026-02-03 18:00:00+00:00,2026-02-03 19:00:00+00:00,0,1,2025-12-08T00:00:00+00:00,2026-02-02T00:00:00+00:00,2026-02-02T00:00:00+00:00,2026-02-09T00:00:00+00:00,1353.571382636656,1428.5618781570715,-74.9904955204156,0,night,0,0.0,0,1,0,1,1,0,1,0,0,0,1,0,1,0,1,0,0,0,1,0,0,0,0,0,1,973.197521312722,1250.0767605633805,1738.5641379310343,856.6192182410423,18,-1.8369701987210292e-16,-1.0,0,0,2
A1,roll_04,rf,2026-02-03 19:00:00+00:00,2026-02-03 20:00:00+00:00,0,1,2025-12-08T00:00:00+00:00,2026-02-02T00:00:00+00:00,2026-02-02T00:00:00+00:00,2026-02-09T00:00:00+00:00,663.0740213523131,1036.8212968194007,-373.74727546708755,0,night,0,0.0,0,1,0,0,0,0,0,0,0,0,0,0,0,0,0,0,0,0,0,0,0,0,0,0,1,1523.8945169891667,856.6192182410423,1581.9688888888888,1353.571382636656,19,0.2588190451025203,-0.9659258262890684,0,0,2
A1,roll_04,rf,2026-02-03 20:00:00+00:00,2026-02-03 21:00:00+00:00,0,1,2025-12-08T00:00:00+00:00,2026-02-02T00:00:00+00:00,2026-02-02T00:00:00+00:00,2026-02-09T00:00:00+00:00,1029.1314516129032,697.5179405854608,331.6135110274424,0,night,0,0.0,0,1,0,1,1,0,1,0,0,0,1,0,1,0,1,0,0,0,1,0,0,0,0,0,1,985.6768274591944,1353.571382636656,792.707570977918,663.0740213523131,20,0.5000000000000001,-0.8660254037844386,0,0,2
A1,roll_04,rf,2026-02-03 21:00:00+00:00,2026-02-03 22:00:00+00:00,0,1,2025-12-08T00:00:00+00:00,2026-02-02T00:00:00+00:00,2026-02-02T00:00:00+00:00,2026-02-09T00:00:00+00:00,439.3551867219917,774.861746190144,-335.5065594681523,0,night,0,0.0,0,1,0,0,0,0,0,0,0,0,0,0,0,0,0,0,0,0,0,0,0,0,0,0,1,1010.58551608475,663.0740213523131,1121.9964285714286,1029.1314516129032,21,0.7071067811865474,-0.7071067811865477,0,0,2
A1,roll_04,rf,2026-02-03 22:00:00+00:00,2026-02-03 23:00:00+00:00,0,1,2025-12-08T00:00:00+00:00,2026-02-02T00:00:00+00:00,2026-02-02T00:00:00+00:00,2026-02-09T00:00:00+00:00,619.8279166666667,435.6326305188499,184.19528614781683,0,night,0,0.0,0,1,0,0,0,0,0,0,0,0,0,0,0,0,0,0,0,0,0,0,0,0,0,0,1,469.4664131017777,1029.1314516129032,395.40241935483874,439.3551867219917,22,0.8660254037844384,-0.5000000000000004,0,0,2
A1,roll_04,rf,2026-02-03 23:00:00+00:00,2026-02-04 00:00:00+00:00,0,1,2025-12-08T00:00:00+00:00,2026-02-02T00:00:00+00:00,2026-02-02T00:00:00+00:00,2026-02-09T00:00:00+00:00,600.8824999999999,552.0808722120586,48.80162778794136,0,night,0,0.0,0,1,0,1,1,0,1,0,0,0,1,0,1,0,1,0,0,0,1,0,0,0,0,0,1,1039.222492417361,439.3551867219917,434.56734693877553,619.8279166666667,23,0.965925826289068,-0.2588190451025215,0,0,2
A1,roll_04,rf,2026-02-04 00:00:00+00:00,2026-02-04 01:00:00+00:00,0,1,2025-12-08T00:00:00+00:00,2026-02-02T00:00:00+00:00,2026-02-02T00:00:00+00:00,2026-02-09T00:00:00+00:00,570.0795918367347,534.8540627287264,35.225529108008345,0,night,0,0.0,0,1,0,0,0,0,0,0,0,0,0,0,0,0,0,0,0,0,0,0,0,0,0,0,2,431.1445660605278,619.8279166666667,561.1720833333333,600.8824999999999,0,1.0,0.0,0,0,2
A1,roll_04,rf,2026-02-04 01:00:00+00:00,2026-02-04 02:00:00+00:00,0,1,2025-12-08T00:00:00+00:00,2026-02-02T00:00:00+00:00,2026-02-02T00:00:00+00:00,2026-02-09T00:00:00+00:00,557.3929460580913,522.3044516239288,35.0884944341625,0,night,0,0.0,0,1,0,1,1,0,3,0,0,0,1,0,1,0,1,0,0,0,1,0,0,0,0,0,2,417.8579242465556,600.8824999999999,575.5421487603306,570.0795918367347,1,0.9659258262890684,0.2588190451025207,0,0,2
A1,roll_04,rf,2026-02-04 02:00:00+00:00,2026-02-04 03:00:00+00:00,0,1,2025-12-08T00:00:00+00:00,2026-02-02T00:00:00+00:00,2026-02-02T00:00:00+00:00,2026-02-09T00:00:00+00:00,535.2727272727273,521.3657845521396,13.906942720587608,0,night,0,0.0,0,1,0,1,1,0,3,0,0,0,1,0,1,0,1,0,0,0,1,0,0,0,0,0,2,419.1348331130556,570.0795918367347,565.2688259109311,557.3929460580913,2,0.8660254037844387,0.4999999999999999,0,0,2
A1,roll_04,rf,2026-02-04 03:00:00+00:00,2026-02-04 04:00:00+00:00,0,1,2025-12-08T00:00:00+00:00,2026-02-02T00:00:00+00:00,2026-02-02T00:00:00+00:00,2026-02-09T00:00:00+00:00,1096.6170634920634,941.0967460010772,155.52031749098614,0,night,0,0.0,0,1,0,1,1,0,3,0,0,0,1,0,1,0,1,0,0,0,1,0,0,0,0,0,2,421.2961618739444,557.3929460580913,597.2084677419356,535.2727272727273,3,0.7071067811865476,0.7071067811865476,0,0,2
A1,roll_04,rf,2026-02-04 04:00:00+00:00,2026-02-04 05:00:00+00:00,0,1,2025-12-08T00:00:00+00:00,2026-02-02T00:00:00+00:00,2026-02-02T00:00:00+00:00,2026-02-09T00:00:00+00:00,2001.764661654136,2014.3208550926076,-12.55619343847161,0,night,0,0.0,0,1,0,0,0,0,0,0,0,0,0,0,0,0,0,0,0,0,0,0,0,0,0,0,2,1092.225752789,535.2727272727273,1173.6686046511627,1096.6170634920634,4,0.5000000000000001,0.8660254037844386,0,0,2
A1,roll_04,rf,2026-02-04 05:00:00+00:00,2026-02-04 06:00:00+00:00,0,1,2025-12-08T00:00:00+00:00,2026-02-02T00:00:00+00:00,2026-02-02T00:00:00+00:00,2026-02-09T00:00:00+00:00,2016.4624060150377,2158.2695305017064,-141.80712448666873,0,night,0,0.0,0,1,0,0,0,0,0,0,0,0,0,0,0,0,0,0,0,0,0,0,0,0,0,0,2,2035.0871509705555,1096.6170634920634,2016.13358778626,2001.764661654136,5,0.2588190451025207,0.9659258262890684,0,0,2
A1,roll_04,rf,2026-02-04 06:00:00+00:00,2026-02-04 07:00:00+00:00,0,1,2025-12-08T00:00:00+00:00,2026-02-02T00:00:00+00:00,2026-02-02T00:00:00+00:00,2026-02-09T00:00:00+00:00,1742.2797833935017,1730.1030234643413,12.176759929160426,0,night,0,0.0,0,2,0,0,0,0,0,0,0,0,0,0,0,0,0,0,0,0,0,0,0,0,0,0,2,2063.430210569112,2001.764661654136,2081.1158088235293,2016.4624060150377,6,6.123233995736766e-17,1.0,0,0,2
A1,roll_04,rf,2026-02-04 07:00:00+00:00,2026-02-04 08:00:00+00:00,0,1,2025-12-08T00:00:00+00:00,2026-02-02T00:00:00+00:00,2026-02-02T00:00:00+00:00,2026-02-09T00:00:00+00:00,1544.9358649789028,1567.642560097588,-22.706695118685275,1,night,0,0.0,0,2,0,0,0,0,0,0,0,0,0,0,0,0,0,0,0,0,0,0,0,0,0,0,2,1837.9513309886668,2016.4624060150377,1670.6992307692308,1742.2797833935017,7,-0.2588190451025206,0.9659258262890684,0,0,2
A1,roll_04,rf,2026-02-04 08:00:00+00:00,2026-02-04 09:00:00+00:00,0,1,2025-12-08T00:00:00+00:00,2026-02-02T00:00:00+00:00,2026-02-02T00:00:00+00:00,2026-02-09T00:00:00+00:00,1741.7046808510638,1303.473321038107,438.2313598129567,1,low,0,0.0,0,2,0,0,0,0,0,0,0,0,0,0,0,0,0,0,0,0,0,0,0,0,0,0,2,1887.533959910028,1742.2797833935017,1695.1438661710038,1544.9358649789028,8,-0.4999999999999998,0.8660254037844387,0,0,2
A1,roll_04,rf,2026-02-04 09:00:00+00:00,2026-02-04 10:00:00+00:00,0,1,2025-12-08T00:00:00+00:00,2026-02-02T00:00:00+00:00,2026-02-02T00:00:00+00:00,2026-02-09T00:00:00+00:00,1733.1420765027322,1613.9771674864166,119.1649090163155,1,low,0,0.0,0,2,0,0,0,0,0,0,0,0,0,0,0,0,0,0,0,0,0,0,0,0,0,0,2,1927.4843435574169,1544.9358649789028,1085.7120141342757,1741.7046808510638,9,-0.7071067811865475,0.7071067811865476,0,0,2
A1,roll_04,rf,2026-02-04 10:00:00+00:00,2026-02-04 11:00:00+00:00,0,1,2025-12-08T00:00:00+00:00,2026-02-02T00:00:00+00:00,2026-02-02T00:00:00+00:00,2026-02-09T00:00:00+00:00,902.2468599033816,1712.621627371255,-810.3747674678734,1,low,0,0.0,0,2,0,0,0,0,0,0,0,0,0,0,0,0,0,0,0,0,0,0,0,0,0,0,2,1864.801970357278,1741.7046808510638,1706.1051136363635,1733.1420765027322,10,-0.8660254037844387,0.4999999999999999,0,0,2
A1,roll_04,rf,2026-02-04 11:00:00+00:00,2026-02-04 12:00:00+00:00,0,1,2025-12-08T00:00:00+00:00,2026-02-02T00:00:00+00:00,2026-02-02T00:00:00+00:00,2026-02-09T00:00:00+00:00,2676.460583941606,1258.0768125291222,1418.3837714124836,1,low,0,0.0,0,2,0,0,0,0,0,0,0,0,0,0,0,0,0,0,0,0,0,0,0,0,0,0,2,3141.5486331360003,1733.1420765027322,835.5128205128206,902.2468599033816,11,-0.9659258262890682,0.258819045102521,0,0,2
A1,roll_04,rf,2026-02-04 12:00:00+00:00,2026-02-04 13:00:00+00:00,0,1,2025-12-08T00:00:00+00:00,2026-02-02T00:00:00+00:00,2026-02-02T00:00:00+00:00,2026-02-09T00:00:00+00:00,3913.525657894737,1527.1334424398842,2386.3922154548527,1,low,0,0.0,0,2,0,0,0,0,0,0,0,0,0,0,0,0,0,0,0,0,0,0,0,0,0,0,2,3688.242951303472,902.2468599033816,1812.142446043165,2676.460583941606,12,-1.0,1.2246467991473532e-16,0,0,2
A1,roll_04,rf,2026-02-04 13:00:00+00:00,2026-02-04 14:00:00+00:00,0,1,2025-12-08T00:00:00+00:00,2026-02-02T00:00:00+00:00,2026-02-02T00:00:00+00:00,2026-02-09T00:00:00+00:00,2946.6394495412846,3019.2500654140727,-72.610615872788,1,low,0,0.0,0,2,0,0,0,0,0,0,0,0,0,0,0,0,0,0,0,0,0,0,0,0,0,0,2,2978.0382318605,2676.460583941606,918.8297520661156,3913.525657894737,13,-0.9659258262890684,-0.2588190451025208,0,0,2
A1,roll_04,rf,2026-02-04 14:00:00+00:00,2026-02-04 15:00:00+00:00,0,1,2025-12-08T00:00:00+00:00,2026-02-02T00:00:00+00:00,2026-02-02T00:00:00+00:00,2026-02-09T00:00:00+00:00,2754.6374269005846,2701.796008835959,52.841418064625486,1,low,0,0.0,0,2,0,0,0,0,0,0,0,0,0,0,0,0,0,0,0,0,0,0,0,0,0,0,2,3380.6789978081943,3913.525657894737,1825.0157894736844,2946.6394495412846,14,-0.8660254037844388,-0.4999999999999997,0,0,2
A1,roll_04,rf,2026-02-04 15:00:00+00:00,2026-02-04 16:00:00+00:00,0,1,2025-12-08T00:00:00+00:00,2026-02-02T00:00:00+00:00,2026-02-02T00:00:00+00:00,2026-02-09T00:00:00+00:00,2882.762139917695,2148.733013343963,734.0291265737319,1,low,0,0.0,0,2,0,0,0,0,0,0,0,0,0,0,0,0,0,0,0,0,0,0,0,0,0,0,2,3872.714778626834,2946.6394495412846,1432.5622406639004,2754.6374269005846,15,-0.7071067811865479,-0.7071067811865471,0,0,2
A1,roll_04,rf,2026-02-04 16:00:00+00:00,2026-02-04 17:00:00+00:00,0,1,2025-12-08T00:00:00+00:00,2026-02-02T00:00:00+00:00,2026-02-02T00:00:00+00:00,2026-02-09T00:00:00+00:00,4170.079435483871,2238.6641394606254,1931.4152960232454,1,night,0,0.0,0,2,0,0,0,0,0,0,0,0,0,0,0,0,0,0,0,0,0,0,0,0,0,0,2,3566.8731119283607,2754.6374269005846,1624.8924590163936,2882.762139917695,16,-0.5000000000000004,-0.8660254037844385,0,0,2
A1,roll_04,rf,2026-02-04 17:00:00+00:00,2026-02-04 18:00:00+00:00,0,1,2025-12-08T00:00:00+00:00,2026-02-02T00:00:00+00:00,2026-02-02T00:00:00+00:00,2026-02-09T00:00:00+00:00,3388.3426229508195,3313.6961249330984,74.64649801772111,0,night,0,0.0,0,2,0,0,0,0,0,0,0,0,0,0,0,0,0,0,0,0,0,0,0,0,0,0,2,4099.8204709775,2882.762139917695,1250.0767605633805,4170.079435483871,17,-0.2588190451025206,-0.9659258262890684,0,0,2
A1,roll_04,rf,2026-02-04 18:00:00+00:00,2026-02-04 19:00:00+00:00,0,1,2025-12-08T00:00:00+00:00,2026-02-02T00:00:00+00:00,2026-02-02T00:00:00+00:00,2026-02-09T00:00:00+00:00,3374.507818930041,3268.1870111296776,106.32080780036358,0,night,0,0.0,0,2,0,0,0,0,0,0,0,0,0,0,0,0,0,0,0,0,0,0,0,0,0,0,2,3533.490893778889,4170.079435483871,856.6192182410423,3388.3426229508195,18,-1.8369701987210292e-16,-1.0,0,0,2
A1,roll_04,rf,2026-02-04 19:00:00+00:00,2026-02-04 20:00:00+00:00,0,1,2025-12-08T00:00:00+00:00,2026-02-02T00:00:00+00:00,2026-02-02T00:00:00+00:00,2026-02-09T00:00:00+00:00,3326.137804878049,3016.055766518528,310.082038359521,0,night,0,0.0,0,2,0,0,0,0,0,0,0,0,0,0,0,0,0,0,0,0,0,0,0,0,0,0,2,4150.093525715889,3388.3426229508195,1353.571382636656,3374.507818930041,19,0.2588190451025203,-0.9659258262890684,0,0,2
A1,roll_04,rf,2026-02-04 20:00:00+00:00,2026-02-04 21:00:00+00:00,0,1,2025-12-08T00:00:00+00:00,2026-02-02T00:00:00+00:00,2026-02-02T00:00:00+00:00,2026-02-09T00:00:00+00:00,2641.1531380753136,2928.77778973376,-287.6246516584465,0,night,0,0.0,0,2,0,0,0,0,0,0,0,0,0,0,0,0,0,0,0,0,0,0,0,0,0,0,2,3498.4065437332224,3374.507818930041,663.0740213523131,3326.137804878049,20,0.5000000000000001,-0.8660254037844386,0,0,2
A1,roll_04,rf,2026-02-04 21:00:00+00:00,2026-02-04 22:00:00+00:00,0,1,2025-12-08T00:00:00+00:00,2026-02-02T00:00:00+00:00,2026-02-02T00:00:00+00:00,2026-02-09T00:00:00+00:00,2707.4724576271187,2206.5798330233397,500.89262460377904,0,night,0,0.0,0,2,0,0,0,0,0,0,0,0,0,0,0,0,0,0,0,0,0,0,0,0,0,0,2,3031.050403281528,3326.137804878049,1029.1314516129032,2641.1531380753136,21,0.7071067811865474,-0.7071067811865477,0,0,2
A1,roll_04,rf,2026-02-04 22:00:00+00:00,2026-02-04 23:00:00+00:00,0,1,2025-12-08T00:00:00+00:00,2026-02-02T00:00:00+00:00,2026-02-02T00:00:00+00:00,2026-02-09T00:00:00+00:00,2638.623580786026,2397.8536054164483,240.76997536957788,0,night,0,0.0,0,2,0,0,0,0,0,0,0,0,0,0,0,0,0,0,0,0,0,0,0,0,0,0,2,880.7419122894444,2641.1531380753136,439.3551867219917,2707.4724576271187,22,0.8660254037844384,-0.5000000000000004,0,0,2
A1,roll_04,rf,2026-02-04 23:00:00+00:00,2026-02-05 00:00:00+00:00,0,1,2025-12-08T00:00:00+00:00,2026-02-02T00:00:00+00:00,2026-02-02T00:00:00+00:00,2026-02-09T00:00:00+00:00,735.8008196721311,2277.149303963381,-1541.3484842912499,0,night,0,0.0,0,2,0,0,0,0,0,0,0,0,0,0,0,0,0,0,0,0,0,0,0,0,0,0,2,822.8956369502222,2707.4724576271187,619.8279166666667,2638.623580786026,23,0.965925826289068,-0.2588190451025215,0,0,2
A1,roll_04,rf,2026-02-05 00:00:00+00:00,2026-02-05 01:00:00+00:00,0,1,2025-12-08T00:00:00+00:00,2026-02-02T00:00:00+00:00,2026-02-02T00:00:00+00:00,2026-02-09T00:00:00+00:00,572.743621399177,1110.4700272465525,-537.7264058473755,0,night,0,0.0,0,2,0,0,0,0,0,0,0,0,0,0,0,0,0,0,0,0,0,0,0,0,0,0,3,934.8170360965556,2638.623580786026,600.8824999999999,735.8008196721311,0,1.0,0.0,0,0,2
A1,roll_04,rf,2026-02-05 01:00:00+00:00,2026-02-05 02:00:00+00:00,0,1,2025-12-08T00:00:00+00:00,2026-02-02T00:00:00+00:00,2026-02-02T00:00:00+00:00,2026-02-09T00:00:00+00:00,576.4938524590164,523.0262646653174,53.467587793698954,0,night,0,0.0,0,2,0,0,0,0,0,0,0,0,0,0,0,0,0,0,0,0,0,0,0,0,0,0,3,569.0574982047777,735.8008196721311,570.0795918367347,572.743621399177,1,0.9659258262890684,0.2588190451025207,0,0,2
A1,roll_04,rf,2026-02-05 02:00:00+00:00,2026-02-05 03:00:00+00:00,0,1,2025-12-08T00:00:00+00:00,2026-02-02T00:00:00+00:00,2026-02-02T00:00:00+00:00,2026-02-09T00:00:00+00:00,582.7389344262294,515.8325922470216,66.90634217920785,0,night,0,0.0,0,2,0,0,0,0,0,0,0,0,0,0,0,0,0,0,0,0,0,0,0,0,0,0,3,388.6233783748333,572.743621399177,557.3929460580913,576.4938524590164,2,0.8660254037844387,0.4999999999999999,0,0,2
A1,roll_04,rf,2026-02-05 03:00:00+00:00,2026-02-05 04:00:00+00:00,0,1,2025-12-08T00:00:00+00:00,2026-02-02T00:00:00+00:00,2026-02-02T00:00:00+00:00,2026-02-09T00:00:00+00:00,1140.7624489795917,959.7975280393919,180.96492094019982,0,night,0,0.0,0,2,0,0,0,0,0,0,0,0,0,0,0,0,0,0,0,0,0,0,0,0,0,0,3,380.9392708019166,576.4938524590164,535.2727272727273,582.7389344262294,3,0.7071067811865476,0.7071067811865476,0,0,2
A1,roll_04,rf,2026-02-05 04:00:00+00:00,2026-02-05 05:00:00+00:00,0,1,2025-12-08T00:00:00+00:00,2026-02-02T00:00:00+00:00,2026-02-02T00:00:00+00:00,2026-02-09T00:00:00+00:00,1980.2167272727272,2030.2482209719128,-50.0314936991856,0,night,0,0.0,0,2,0,0,0,0,0,0,0,0,0,0,0,0,0,0,0,0,0,0,0,0,0,0,3,1044.109589464861,582.7389344262294,1096.6170634920634,1140.7624489795917,4,0.5000000000000001,0.8660254037844386,0,0,2
A1,roll_04,rf,2026-02-05 05:00:00+00:00,2026-02-05 06:00:00+00:00,0,1,2025-12-08T00:00:00+00:00,2026-02-02T00:00:00+00:00,2026-02-02T00:00:00+00:00,2026-02-09T00:00:00+00:00,2024.3182156133828,2219.5730732484567,-195.2548576350739,0,night,0,0.0,0,2,0,0,0,0,0,0,0,0,0,0,0,0,0,0,0,0,0,0,0,0,0,0,3,2097.0978272491666,1140.7624489795917,2001.764661654136,1980.2167272727272,5,0.2588190451025207,0.9659258262890684,0,0,2
A1,roll_04,rf,2026-02-05 06:00:00+00:00,2026-02-05 07:00:00+00:00,0,1,2025-12-08T00:00:00+00:00,2026-02-02T00:00:00+00:00,2026-02-02T00:00:00+00:00,2026-02-09T00:00:00+00:00,1672.158108108108,1697.550998943126,-25.39289083501785,0,night,0,0.0,0,1,0,0,0,0,0,0,0,0,0,0,0,0,0,0,0,0,0,0,0,0,0,0,3,2101.717697546028,1980.2167272727272,2016.4624060150377,2024.3182156133828,6,6.123233995736766e-17,1.0,0,0,2
A1,roll_04,rf,2026-02-05 07:00:00+00:00,2026-02-05 08:00:00+00:00,0,1,2025-12-08T00:00:00+00:00,2026-02-02T00:00:00+00:00,2026-02-02T00:00:00+00:00,2026-02-09T00:00:00+00:00,1393.502840909091,1357.6306089705988,35.87223193849218,1,low,0,0.0,0,1,0,0,0,0,0,0,0,0,0,0,0,0,0,0,0,0,0,0,0,0,0,0,3,1866.4684684137776,2024.3182156133828,1742.2797833935017,1672.158108108108,7,-0.2588190451025206,0.9659258262890684,0,0,2
A1,roll_04,rf,2026-02-05 08:00:00+00:00,2026-02-05 09:00:00+00:00,0,1,2025-12-08T00:00:00+00:00,2026-02-02T00:00:00+00:00,2026-02-02T00:00:00+00:00,2026-02-09T00:00:00+00:00,1354.447186147186,1164.5663490947002,189.88083705248573,1,low,0,0.0,0,1,0,0,0,0,0,0,0,0,0,0,0,0,0,0,0,0,0,0,0,0,0,0,3,1765.7431687797225,1672.158108108108,1544.9358649789028,1393.502840909091,8,-0.4999999999999998,0.8660254037844387,0,0,2
A1,roll_04,rf,2026-02-05 09:00:00+00:00,2026-02-05 10:00:00+00:00,0,1,2025-12-08T00:00:00+00:00,2026-02-02T00:00:00+00:00,2026-02-02T00:00:00+00:00,2026-02-09T00:00:00+00:00,662.0819532908704,953.1552122229458,-291.0732589320754,1,low,0,0.0,0,2,0,0,0,0,0,0,0,0,0,0,0,0,0,0,0,0,0,0,0,0,0,0,3,1253.1664777410554,1393.502840909091,1741.7046808510638,1354.447186147186,9,-0.7071067811865475,0.7071067811865476,0,0,2
A1,roll_04,rf,2026-02-05 10:00:00+00:00,2026-02-05 11:00:00+00:00,0,1,2025-12-08T00:00:00+00:00,2026-02-02T00:00:00+00:00,2026-02-02T00:00:00+00:00,2026-02-09T00:00:00+00:00,-1116.5161157024795,538.4021731399708,-1654.9182888424502,1,med,0,0.0,0,2,0,0,0,0,0,0,0,0,0,0,0,0,0,0,0,0,0,0,0,0,0,0,3,948.2308555061112,1354.447186147186,1733.1420765027322,662.0819532908704,10,-0.8660254037844387,0.4999999999999999,0,0,2
A1,roll_04,rf,2026-02-05 11:00:00+00:00,2026-02-05 12:00:00+00:00,0,1,2025-12-08T00:00:00+00:00,2026-02-02T00:00:00+00:00,2026-02-02T00:00:00+00:00,2026-02-09T00:00:00+00:00,-936.9505836575876,-262.52716758371525,-674.4234160738723,1,high,0,0.0,0,2,1,0,0,0,0,0,0,0,0,0,0,0,0,0,0,0,0,0,0,0,0,0,3,1415.7808458588888,662.0819532908704,902.2468599033816,-1116.5161157024795,11,-0.9659258262890682,0.258819045102521,0,0,2
A1,roll_04,rf,2026-02-05 12:00:00+00:00,2026-02-05 13:00:00+00:00,0,1,2025-12-08T00:00:00+00:00,2026-02-02T00:00:00+00:00,2026-02-02T00:00:00+00:00,2026-02-09T00:00:00+00:00,-837.3921487603305,-82.30825940076608,-755.0838893595644,1,high,0,0.0,0,3,1,0,0,0,0,0,0,0,0,0,0,0,0,0,0,0,0,0,0,0,0,0,3,347.5551561380278,-1116.5161157024795,2676.460583941606,-936.9505836575876,12,-1.0,1.2246467991473532e-16,0,0,2
A1,roll_04,rf,2026-02-05 13:00:00+00:00,2026-02-05 14:00:00+00:00,0,1,2025-12-08T00:00:00+00:00,2026-02-02T00:00:00+00:00,2026-02-02T00:00:00+00:00,2026-02-09T00:00:00+00:00,-375.85170454545454,149.63703206044437,-525.4887366058989,1,high,0,0.0,0,3,1,0,0,0,0,0,0,0,0,0,0,0,0,0,0,0,0,0,0,0,0,0,3,-402.3519291878333,-936.9505836575876,3913.525657894737,-837.3921487603305,13,-0.9659258262890684,-0.2588190451025208,0,0,2
A1,roll_04,rf,2026-02-05 14:00:00+00:00,2026-02-05 15:00:00+00:00,0,1,2025-12-08T00:00:00+00:00,2026-02-02T00:00:00+00:00,2026-02-02T00:00:00+00:00,2026-02-09T00:00:00+00:00,735.4822981366459,450.6615737917867,284.82072434485923,1,med,0,0.0,0,3,1,0,0,0,0,0,0,0,0,0,0,0,0,0,0,0,0,0,0,0,0,0,3,1092.5960639581945,-837.3921487603305,2946.6394495412846,-375.85170454545454,14,-0.8660254037844388,-0.4999999999999997,0,0,2
A1,roll_04,rf,2026-02-05 15:00:00+00:00,2026-02-05 16:00:00+00:00,0,1,2025-12-08T00:00:00+00:00,2026-02-02T00:00:00+00:00,2026-02-02T00:00:00+00:00,2026-02-09T00:00:00+00:00,773.8824840764331,1182.1158403517577,-408.2333562753246,1,low,0,0.0,0,4,0,0,0,0,0,0,0,0,0,0,0,0,0,0,0,0,0,0,0,0,0,0,3,462.4739155892223,-375.85170454545454,2754.6374269005846,735.4822981366459,15,-0.7071067811865479,-0.7071067811865471,0,0,2
A1,roll_04,rf,2026-02-05 16:00:00+00:00,2026-02-05 17:00:00+00:00,0,1,2025-12-08T00:00:00+00:00,2026-02-02T00:00:00+00:00,2026-02-02T00:00:00+00:00,2026-02-09T00:00:00+00:00,822.6935275080906,1217.87895841681,-395.18543090871947,1,low,0,0.0,0,3,0,0,0,0,0,0,0,0,0,0,0,0,0,0,0,0,0,0,0,0,0,0,3,1737.4693776433332,735.4822981366459,2882.762139917695,773.8824840764331,16,-0.5000000000000004,-0.8660254037844385,0,0,2
A1,roll_04,rf,2026-02-05 17:00:00+00:00,2026-02-05 18:00:00+00:00,0,1,2025-12-08T00:00:00+00:00,2026-02-02T00:00:00+00:00,2026-02-02T00:00:00+00:00,2026-02-09T00:00:00+00:00,1374.275974025974,1176.3285583717864,197.94741565418758,0,night,0,0.0,0,3,0,1,1,0,1,0,0,0,0,1,1,0,1,0,0,0,1,0,0,0,0,0,3,2296.247373537611,773.8824840764331,4170.079435483871,822.6935275080906,17,-0.2588190451025206,-0.9659258262890684,0,0,2
A1,roll_04,rf,2026-02-05 18:00:00+00:00,2026-02-05 19:00:00+00:00,0,1,2025-12-08T00:00:00+00:00,2026-02-02T00:00:00+00:00,2026-02-02T00:00:00+00:00,2026-02-09T00:00:00+00:00,1357.352397260274,1431.298473635193,-73.9460763749189,0,night,0,0.0,0,2,0,0,0,0,0,0,0,0,0,0,0,0,0,0,0,0,0,0,0,0,0,0,3,773.5572774640833,822.6935275080906,3388.3426229508195,1374.275974025974,18,-1.8369701987210292e-16,-1.0,0,0,2
A1,roll_04,rf,2026-02-05 19:00:00+00:00,2026-02-05 20:00:00+00:00,0,1,2025-12-08T00:00:00+00:00,2026-02-02T00:00:00+00:00,2026-02-02T00:00:00+00:00,2026-02-09T00:00:00+00:00,756.398866855524,953.2743316762186,-196.87546482069456,0,night,0,0.0,0,2,0,0,0,0,0,0,0,0,0,0,0,0,0,0,0,0,0,0,0,0,0,0,3,2461.1030846526387,1374.275974025974,3374.507818930041,1357.352397260274,19,0.2588190451025203,-0.9659258262890684,0,0,2
A1,roll_04,rf,2026-02-05 20:00:00+00:00,2026-02-05 21:00:00+00:00,0,1,2025-12-08T00:00:00+00:00,2026-02-02T00:00:00+00:00,2026-02-02T00:00:00+00:00,2026-02-09T00:00:00+00:00,1207.6818181818182,738.8525317305407,468.82928645127754,0,night,0,0.0,0,2,0,0,0,0,0,0,0,0,0,0,0,0,0,0,0,0,0,0,0,0,0,0,3,738.0341406504722,1357.352397260274,3326.137804878049,756.398866855524,20,0.5000000000000001,-0.8660254037844386,0,0,2
A1,roll_04,rf,2026-02-05 21:00:00+00:00,2026-02-05 22:00:00+00:00,0,1,2025-12-08T00:00:00+00:00,2026-02-02T00:00:00+00:00,2026-02-02T00:00:00+00:00,2026-02-09T00:00:00+00:00,799.4336507936508,769.1329347379547,30.30071605569617,0,night,0,0.0,0,2,0,0,0,0,0,0,0,0,0,0,0,0,0,0,0,0,0,0,0,0,0,0,3,1046.6185902225832,756.398866855524,2641.1531380753136,1207.6818181818182,21,0.7071067811865474,-0.7071067811865477,0,0,2
A1,roll_04,rf,2026-02-05 22:00:00+00:00,2026-02-05 23:00:00+00:00,0,1,2025-12-08T00:00:00+00:00,2026-02-02T00:00:00+00:00,2026-02-02T00:00:00+00:00,2026-02-09T00:00:00+00:00,632.1702602230483,620.5418303664225,11.628429856625871,0,night,0,0.0,0,2,0,1,1,0,4,0,0,0,1,0,1,0,1,0,0,0,1,0,0,0,0,0,3,366.5958732328333,1207.6818181818182,2707.4724576271187,799.4336507936508,22,0.8660254037844384,-0.5000000000000004,0,0,2
A1,roll_04,rf,2026-02-05 23:00:00+00:00,2026-02-06 00:00:00+00:00,0,1,2025-12-08T00:00:00+00:00,2026-02-02T00:00:00+00:00,2026-02-02T00:00:00+00:00,2026-02-09T00:00:00+00:00,577.5668032786884,539.5633995235306,38.00340375515782,0,night,0,0.0,0,2,0,1,1,0,4,0,0,0,1,0,1,0,1,0,0,0,1,0,0,0,0,0,3,363.3738909241667,799.4336507936508,2638.623580786026,632.1702602230483,23,0.965925826289068,-0.2588190451025215,0,0,2
A1,roll_04,rf,2026-02-06 00:00:00+00:00,2026-02-06 01:00:00+00:00,0,1,2025-12-08T00:00:00+00:00,2026-02-02T00:00:00+00:00,2026-02-02T00:00:00+00:00,2026-02-09T00:00:00+00:00,580.2045454545455,515.1642127122185,65.040332742327,0,night,0,0.0,0,2,0,1,1,0,4,0,0,0,1,0,1,0,1,0,0,0,1,0,0,0,0,0,4,372.9620775262778,632.1702602230483,735.8008196721311,577.5668032786884,0,1.0,0.0,0,0,2
A1,roll_04,rf,2026-02-06 01:00:00+00:00,2026-02-06 02:00:00+00:00,0,1,2025-12-08T00:00:00+00:00,2026-02-02T00:00:00+00:00,2026-02-02T00:00:00+00:00,2026-02-09T00:00:00+00:00,575.4979166666667,516.0864328168336,59.411483849833076,0,night,0,0.0,0,2,0,1,1,0,4,0,0,0,1,0,1,0,1,0,0,0,1,0,0,0,0,0,4,407.8405305781389,577.5668032786884,572.743621399177,580.2045454545455,1,0.9659258262890684,0.2588190451025207,0,0,2
A1,roll_04,rf,2026-02-06 02:00:00+00:00,2026-02-06 03:00:00+00:00,0,1,2025-12-08T00:00:00+00:00,2026-02-02T00:00:00+00:00,2026-02-02T00:00:00+00:00,2026-02-09T00:00:00+00:00,574.4534979423869,504.63314253046826,69.82035541191863,0,night,0,0.0,0,2,0,0,0,0,0,0,0,0,0,0,0,0,0,0,0,0,0,0,0,0,0,0,4,371.0950655588056,580.2045454545455,576.4938524590164,575.4979166666667,2,0.8660254037844387,0.4999999999999999,0,0,2
A1,roll_04,rf,2026-02-06 03:00:00+00:00,2026-02-06 04:00:00+00:00,0,1,2025-12-08T00:00:00+00:00,2026-02-02T00:00:00+00:00,2026-02-02T00:00:00+00:00,2026-02-09T00:00:00+00:00,1180.2426294820718,940.059851152029,240.18277833004288,0,night,0,0.0,0,2,0,0,0,0,0,0,0,0,0,0,0,0,0,0,0,0,0,0,0,0,0,0,4,377.9953876609166,575.4979166666667,582.7389344262294,574.4534979423869,3,0.7071067811865476,0.7071067811865476,0,0,2
A1,roll_04,rf,2026-02-06 04:00:00+00:00,2026-02-06 05:00:00+00:00,0,1,2025-12-08T00:00:00+00:00,2026-02-02T00:00:00+00:00,2026-02-02T00:00:00+00:00,2026-02-09T00:00:00+00:00,2027.4632958801496,2044.285269665327,-16.821973785177306,0,night,0,0.0,0,2,0,0,0,0,0,0,0,0,0,0,0,0,0,0,0,0,0,0,0,0,0,0,4,1042.5099112287778,574.4534979423869,1140.7624489795917,1180.2426294820718,4,0.5000000000000001,0.8660254037844386,0,0,2
A1,roll_04,rf,2026-02-06 05:00:00+00:00,2026-02-06 06:00:00+00:00,0,1,2025-12-08T00:00:00+00:00,2026-02-02T00:00:00+00:00,2026-02-02T00:00:00+00:00,2026-02-09T00:00:00+00:00,2067.114606741573,2189.5384151816056,-122.42380844003264,0,night,0,0.0,0,2,0,0,0,0,0,0,0,0,0,0,0,0,0,0,0,0,0,0,0,0,0,0,4,2043.280496847389,1180.2426294820718,1980.2167272727272,2027.4632958801496,5,0.2588190451025207,0.9659258262890684,0,0,2
A1,roll_04,rf,2026-02-06 06:00:00+00:00,2026-02-06 07:00:00+00:00,0,1,2025-12-08T00:00:00+00:00,2026-02-02T00:00:00+00:00,2026-02-02T00:00:00+00:00,2026-02-09T00:00:00+00:00,1597.1892857142857,1925.3621205412592,-328.1728348269735,0,night,0,0.0,0,2,0,0,0,0,0,0,0,0,0,0,0,0,0,0,0,0,0,0,0,0,0,0,4,2356.0469720826945,2027.4632958801496,2024.3182156133828,2067.114606741573,6,6.123233995736766e-17,1.0,0,0,2
A1,roll_04,rf,2026-02-06 07:00:00+00:00,2026-02-06 08:00:00+00:00,0,1,2025-12-08T00:00:00+00:00,2026-02-02T00:00:00+00:00,2026-02-02T00:00:00+00:00,2026-02-09T00:00:00+00:00,1538.8590163934423,1353.9632835117013,184.89573288174097,1,low,0,0.0,0,2,0,0,0,0,0,0,0,0,0,0,0,0,0,0,0,0,0,0,0,0,0,0,4,2415.724502125278,2067.114606741573,1672.158108108108,1597.1892857142857,7,-0.2588190451025206,0.9659258262890684,0,0,2
A1,roll_04,rf,2026-02-06 08:00:00+00:00,2026-02-06 09:00:00+00:00,0,1,2025-12-08T00:00:00+00:00,2026-02-02T00:00:00+00:00,2026-02-02T00:00:00+00:00,2026-02-09T00:00:00+00:00,808.640361445783,1107.6967516576733,-299.0563902118903,1,low,0,0.0,0,2,0,0,0,0,0,0,0,0,0,0,0,0,0,0,0,0,0,0,0,0,0,0,4,2088.875723270194,1597.1892857142857,1393.502840909091,1538.8590163934423,8,-0.4999999999999998,0.8660254037844387,0,0,2
A1,roll_04,rf,2026-02-06 09:00:00+00:00,2026-02-06 10:00:00+00:00,0,1,2025-12-08T00:00:00+00:00,2026-02-02T00:00:00+00:00,2026-02-02T00:00:00+00:00,2026-02-09T00:00:00+00:00,1106.088343558282,1091.1530953986278,14.935248159654293,1,low,0,0.0,0,2,0,0,0,0,0,0,0,0,0,0,0,0,0,0,0,0,0,0,0,0,0,0,4,1376.5848081650277,1538.8590163934423,1354.447186147186,808.640361445783,9,-0.7071067811865475,0.7071067811865476,0,0,2
A1,roll_04,rf,2026-02-06 10:00:00+00:00,2026-02-06 11:00:00+00:00,0,1,2025-12-08T00:00:00+00:00,2026-02-02T00:00:00+00:00,2026-02-02T00:00:00+00:00,2026-02-09T00:00:00+00:00,-642.7065420560747,931.3847002972977,-1574.0912423533723,1,med,0,0.0,0,2,0,0,0,0,0,0,0,0,0,0,0,0,0,0,0,0,0,0,0,0,0,0,4,637.5708449115556,808.640361445783,662.0819532908704,1106.088343558282,10,-0.8660254037844387,0.4999999999999999,0,0,2
A1,roll_04,rf,2026-02-06 11:00:00+00:00,2026-02-06 12:00:00+00:00,0,1,2025-12-08T00:00:00+00:00,2026-02-02T00:00:00+00:00,2026-02-02T00:00:00+00:00,2026-02-09T00:00:00+00:00,-1011.863082437276,-252.94549335834665,-758.9175890789294,1,high,0,0.0,0,3,1,0,0,0,0,0,0,0,0,0,0,0,0,0,0,0,0,0,0,0,0,0,4,-1038.640299738972,1106.088343558282,-1116.5161157024795,-642.7065420560747,11,-0.9659258262890682,0.258819045102521,0,0,2
A1,roll_04,rf,2026-02-06 12:00:00+00:00,2026-02-06 13:00:00+00:00,0,1,2025-12-08T00:00:00+00:00,2026-02-02T00:00:00+00:00,2026-02-02T00:00:00+00:00,2026-02-09T00:00:00+00:00,-893.904280155642,-365.30997329988577,-528.5943068557563,1,high,0,0.0,0,3,1,0,0,0,0,0,0,0,0,0,0,0,0,0,0,0,0,0,0,0,0,0,4,338.58896643852773,-642.7065420560747,-936.9505836575876,-1011.863082437276,12,-1.0,1.2246467991473532e-16,0,0,2
A1,roll_04,rf,2026-02-06 13:00:00+00:00,2026-02-06 14:00:00+00:00,0,1,2025-12-08T00:00:00+00:00,2026-02-02T00:00:00+00:00,2026-02-02T00:00:00+00:00,2026-02-09T00:00:00+00:00,-665.2588028169014,-264.252910976849,-401.00589184005236,1,high,0,0.0,0,3,1,0,0,0,0,0,0,0,0,0,0,0,0,0,0,0,0,0,0,0,0,0,4,-266.5041079402778,-1011.863082437276,-837.3921487603305,-893.904280155642,13,-0.9659258262890684,-0.2588190451025208,0,0,2
A1,roll_04,rf,2026-02-06 14:00:00+00:00,2026-02-06 15:00:00+00:00,0,1,2025-12-08T00:00:00+00:00,2026-02-02T00:00:00+00:00,2026-02-02T00:00:00+00:00,2026-02-09T00:00:00+00:00,710.4511864406779,129.03363053636468,581.4175559043133,1,med,0,0.0,0,3,1,0,0,0,0,0,0,0,0,0,0,0,0,0,0,0,0,0,0,0,0,0,4,376.1624140875,-893.904280155642,-375.85170454545454,-665.2588028169014,14,-0.8660254037844388,-0.4999999999999997,0,0,2
A1,roll_04,rf,2026-02-06 15:00:00+00:00,2026-02-06 16:00:00+00:00,0,1,2025-12-08T00:00:00+00:00,2026-02-02T00:00:00+00:00,2026-02-02T00:00:00+00:00,2026-02-09T00:00:00+00:00,641.5711610486892,856.8249575593532,-215.25379651066396,1,med,0,0.0,0,3,0,0,0,0,0,0,0,0,0,0,0,0,0,0,0,0,0,0,0,0,0,0,4,1082.7555175266666,-665.2588028169014,735.4822981366459,710.4511864406779,15,-0.7071067811865479,-0.7071067811865471,0,0,2
A1,roll_04,rf,2026-02-06 16:00:00+00:00,2026-02-06 17:00:00+00:00,0,1,2025-12-08T00:00:00+00:00,2026-02-02T00:00:00+00:00,2026-02-02T00:00:00+00:00,2026-02-09T00:00:00+00:00,1208.6992857142857,825.1679834692242,383.5313022450615,1,low,0,0.0,0,3,0,0,0,0,0,0,0,0,0,0,0,0,0,0,0,0,0,0,0,0,0,0,4,1956.864773614972,710.4511864406779,773.8824840764331,641.5711610486892,16,-0.5000000000000004,-0.8660254037844385,0,0,2
A1,roll_04,rf,2026-02-06 17:00:00+00:00,2026-02-06 18:00:00+00:00,0,1,2025-12-08T00:00:00+00:00,2026-02-02T00:00:00+00:00,2026-02-02T00:00:00+00:00,2026-02-09T00:00:00+00:00,1998.979389312977,1452.423768781462,546.5556205315149,0,night,0,0.0,0,3,0,0,0,0,0,0,0,0,0,0,0,0,0,0,0,0,0,0,0,0,0,0,4,2558.768179305,641.5711610486892,822.6935275080906,1208.6992857142857,17,-0.2588190451025206,-0.9659258262890684,0,0,2
A1,roll_04,rf,2026-02-06 18:00:00+00:00,2026-02-06 19:00:00+00:00,0,1,2025-12-08T00:00:00+00:00,2026-02-02T00:00:00+00:00,2026-02-02T00:00:00+00:00,2026-02-09T00:00:00+00:00,1523.3758957654725,1666.2956511969246,-142.91975543145213,0,night,0,0.0,0,2,0,0,0,0,0,0,0,0,0,0,0,0,0,0,0,0,0,0,0,0,0,0,4,1987.7934036818888,1208.6992857142857,1374.275974025974,1998.979389312977,18,-1.8369701987210292e-16,-1.0,0,0,2
A1,roll_04,rf,2026-02-06 19:00:00+00:00,2026-02-06 20:00:00+00:00,0,1,2025-12-08T00:00:00+00:00,2026-02-02T00:00:00+00:00,2026-02-02T00:00:00+00:00,2026-02-09T00:00:00+00:00,912.399686520376,1180.7701465319399,-268.37046001156386,0,night,0,0.0,0,2,0,0,0,0,0,0,0,0,0,0,0,0,0,0,0,0,0,0,0,0,0,0,4,1676.7119280521667,1998.979389312977,1357.352397260274,1523.3758957654725,19,0.2588190451025203,-0.9659258262890684,0,0,2
A1,roll_04,rf,2026-02-06 20:00:00+00:00,2026-02-06 21:00:00+00:00,0,1,2025-12-08T00:00:00+00:00,2026-02-02T00:00:00+00:00,2026-02-02T00:00:00+00:00,2026-02-09T00:00:00+00:00,912.399686520376,961.5007751532544,-49.10108863287837,0,night,0,0.0,0,2,0,0,0,0,0,0,0,0,0,0,0,0,0,0,0,0,0,0,0,0,0,0,4,1399.5987402705557,1523.3758957654725,756.398866855524,912.399686520376,20,0.5000000000000001,-0.8660254037844386,0,0,2
A1,roll_04,rf,2026-02-06 21:00:00+00:00,2026-02-06 22:00:00+00:00,0,1,2025-12-08T00:00:00+00:00,2026-02-02T00:00:00+00:00,2026-02-02T00:00:00+00:00,2026-02-09T00:00:00+00:00,912.399686520376,789.140853082047,123.25883343832902,0,night,0,0.0,0,2,0,1,4,8,8,8,10,0,1,0,1,1,1,1,1,1,1,1,1,1,1,1,4,1395.9087899032777,912.399686520376,1207.6818181818182,912.399686520376,21,0.7071067811865474,-0.7071067811865477,0,0,2
A1,roll_04,rf,2026-02-06 22:00:00+00:00,2026-02-06 23:00:00+00:00,0,1,2025-12-08T00:00:00+00:00,2026-02-02T00:00:00+00:00,2026-02-02T00:00:00+00:00,2026-02-09T00:00:00+00:00,912.399686520376,617.4404982593379,294.9591882610381,0,night,0,0.0,0,2,0,1,4,8,8,8,10,0,1,0,1,1,1,1,1,1,1,1,1,1,1,1,4,617.2218638224722,912.399686520376,799.4336507936508,912.399686520376,22,0.8660254037844384,-0.5000000000000004,0,0,2
A1,roll_04,rf,2026-02-06 23:00:00+00:00,2026-02-07 00:00:00+00:00,0,1,2025-12-08T00:00:00+00:00,2026-02-02T00:00:00+00:00,2026-02-02T00:00:00+00:00,2026-02-09T00:00:00+00:00,912.399686520376,616.174154554995,296.22553196538104,0,night,0,0.0,0,2,0,1,4,8,8,8,10,0,1,0,1,1,1,1,1,1,1,1,1,1,1,1,4,560.833410557,912.399686520376,632.1702602230483,912.399686520376,23,0.965925826289068,-0.2588190451025215,0,0,2
A1,roll_04,rf,2026-02-07 00:00:00+00:00,2026-02-07 01:00:00+00:00,0,1,2025-12-08T00:00:00+00:00,2026-02-02T00:00:00+00:00,2026-02-02T00:00:00+00:00,2026-02-09T00:00:00+00:00,912.399686520376,768.4384011386582,143.96128538171786,0,night,0,0.0,0,2,0,1,4,8,8,8,10,0,1,0,1,1,1,1,1,1,1,1,1,1,1,1,5,568.5592018373611,912.399686520376,577.5668032786884,912.399686520376,0,1.0,0.0,0,1,2
A1,roll_04,rf,2026-02-07 01:00:00+00:00,2026-02-07 02:00:00+00:00,0,1,2025-12-08T00:00:00+00:00,2026-02-02T00:00:00+00:00,2026-02-02T00:00:00+00:00,2026-02-09T00:00:00+00:00,912.399686520376,751.3595679663428,161.04011855403326,0,night,0,0.0,0,2,0,1,4,8,8,8,10,0,1,0,1,1,1,1,1,1,1,1,1,1,1,1,5,560.2704962234167,912.399686520376,580.2045454545455,912.399686520376,1,0.9659258262890684,0.2588190451025207,0,1,2
A1,roll_04,rf,2026-02-07 02:00:00+00:00,2026-02-07 03:00:00+00:00,0,1,2025-12-08T00:00:00+00:00,2026-02-02T00:00:00+00:00,2026-02-02T00:00:00+00:00,2026-02-09T00:00:00+00:00,1030.863562636764,755.7041007222779,275.1594619144862,0,night,0,0.0,0,2,0,1,4,8,8,8,10,0,1,0,1,1,1,1,1,1,1,1,1,1,1,1,5,565.4011130005833,912.399686520376,575.4979166666667,912.399686520376,2,0.8660254037844387,0.4999999999999999,0,1,2
A1,roll_04,rf,2026-02-07 03:00:00+00:00,2026-02-07 04:00:00+00:00,0,1,2025-12-08T00:00:00+00:00,2026-02-02T00:00:00+00:00,2026-02-02T00:00:00+00:00,2026-02-09T00:00:00+00:00,1030.863562636764,1393.530754663188,-362.6671920264239,0,night,0,0.0,0,2,0,1,4,8,8,8,10,0,0,1,1,1,1,1,1,1,1,1,1,1,1,1,5,568.1319450434166,912.399686520376,574.4534979423869,1030.863562636764,3,0.7071067811865476,0.7071067811865476,0,1,2
A1,roll_04,rf,2026-02-07 04:00:00+00:00,2026-02-07 05:00:00+00:00,0,1,2025-12-08T00:00:00+00:00,2026-02-02T00:00:00+00:00,2026-02-02T00:00:00+00:00,2026-02-09T00:00:00+00:00,2298.011320754717,1957.1279450416596,340.8833757130574,0,night,0,0.0,0,2,0,1,4,8,8,8,10,0,0,1,1,1,1,1,1,1,1,1,1,1,1,1,5,1108.9278010010555,1030.863562636764,1180.2426294820718,1030.863562636764,4,0.5000000000000001,0.8660254037844386,0,1,2
A1,roll_04,rf,2026-02-07 05:00:00+00:00,2026-02-07 06:00:00+00:00,0,1,2025-12-08T00:00:00+00:00,2026-02-02T00:00:00+00:00,2026-02-02T00:00:00+00:00,2026-02-09T00:00:00+00:00,2062.442647058824,2272.307126442545,-209.86447938372066,0,night,0,0.0,0,2,0,1,1,0,0,0,10,0,0,0,0,0,0,0,1,0,0,0,1,0,0,1,5,1973.961116742889,1030.863562636764,2027.4632958801496,2298.011320754717,5,0.2588190451025207,0.9659258262890684,0,1,2
A1,roll_04,rf,2026-02-07 06:00:00+00:00,2026-02-07 07:00:00+00:00,0,1,2025-12-08T00:00:00+00:00,2026-02-02T00:00:00+00:00,2026-02-02T00:00:00+00:00,2026-02-09T00:00:00+00:00,1559.708875739645,1949.7253423031184,-390.0164665634734,0,night,0,0.0,0,2,0,1,1,0,0,0,10,0,0,0,0,0,0,0,1,0,0,0,1,0,0,1,5,2133.987086771556,2298.011320754717,2067.114606741573,2062.442647058824,6,6.123233995736766e-17,1.0,0,1,2
A1,roll_04,rf,2026-02-07 07:00:00+00:00,2026-02-07 08:00:00+00:00,0,1,2025-12-08T00:00:00+00:00,2026-02-02T00:00:00+00:00,2026-02-02T00:00:00+00:00,2026-02-09T00:00:00+00:00,706.9373134328358,1401.5470161926817,-694.6097027598458,1,low,0,0.0,0,2,0,0,0,0,0,0,0,0,0,0,0,0,0,0,0,0,0,0,0,0,0,0,5,1020.5726502083334,2062.442647058824,1597.1892857142857,1559.708875739645,7,-0.2588190451025206,0.9659258262890684,0,1,2
A1,roll_04,rf,2026-02-07 08:00:00+00:00,2026-02-07 09:00:00+00:00,0,1,2025-12-08T00:00:00+00:00,2026-02-02T00:00:00+00:00,2026-02-02T00:00:00+00:00,2026-02-09T00:00:00+00:00,632.1936915887851,1063.6647186585908,-431.4710270698057,1,low,0,0.0,0,2,0,0,0,0,0,0,0,0,0,0,0,0,0,0,0,0,0,0,0,0,0,0,5,419.2874801181944,1559.708875739645,1538.8590163934423,706.9373134328358,8,-0.4999999999999998,0.8660254037844387,0,1,2
A1,roll_04,rf,2026-02-07 09:00:00+00:00,2026-02-07 10:00:00+00:00,0,1,2025-12-08T00:00:00+00:00,2026-02-02T00:00:00+00:00,2026-02-02T00:00:00+00:00,2026-02-09T00:00:00+00:00,578.2054744525547,742.9442154893771,-164.7387410368225,1,low,0,0.0,0,2,0,0,0,0,0,0,0,0,0,0,0,0,0,0,0,0,0,0,0,0,0,0,5,250.3521221068889,706.9373134328358,808.640361445783,632.1936915887851,9,-0.7071067811865475,0.7071067811865476,0,1,2
A1,roll_04,rf,2026-02-07 10:00:00+00:00,2026-02-07 11:00:00+00:00,0,1,2025-12-08T00:00:00+00:00,2026-02-02T00:00:00+00:00,2026-02-02T00:00:00+00:00,2026-02-09T00:00:00+00:00,-41.95252679938744,622.5181595384649,-664.4706863378524,1,low,0,0.0,0,2,0,0,0,0,0,0,0,0,0,0,0,0,0,0,0,0,0,0,0,0,0,0,5,334.93582907008334,632.1936915887851,1106.088343558282,578.2054744525547,10,-0.8660254037844387,0.4999999999999999,0,1,2
A1,roll_04,rf,2026-02-07 11:00:00+00:00,2026-02-07 12:00:00+00:00,0,1,2025-12-08T00:00:00+00:00,2026-02-02T00:00:00+00:00,2026-02-02T00:00:00+00:00,2026-02-09T00:00:00+00:00,446.3483552631579,-228.78311453419542,675.1314697973532,1,high,0,0.0,0,3,1,0,0,0,0,0,0,0,0,0,0,0,0,0,0,0,0,0,0,0,0,0,5,-25.482023055444444,578.2054744525547,-642.7065420560747,-41.95252679938744,11,-0.9659258262890682,0.258819045102521,0,1,2
A1,roll_04,rf,2026-02-07 12:00:00+00:00,2026-02-07 13:00:00+00:00,0,1,2025-12-08T00:00:00+00:00,2026-02-02T00:00:00+00:00,2026-02-02T00:00:00+00:00,2026-02-09T00:00:00+00:00,632.8982843137255,646.5023645858059,-13.60408027208041,1,med,0,0.0,0,3,0,0,0,0,0,0,0,0,0,0,0,0,0,0,0,0,0,0,0,0,0,0,5,-362.59401059927774,-41.95252679938744,-1011.863082437276,446.3483552631579,12,-1.0,1.2246467991473532e-16,0,1,2
A1,roll_04,rf,2026-02-07 13:00:00+00:00,2026-02-07 14:00:00+00:00,0,1,2025-12-08T00:00:00+00:00,2026-02-02T00:00:00+00:00,2026-02-02T00:00:00+00:00,2026-02-09T00:00:00+00:00,561.9701612903226,771.559367115936,-209.58920582561336,1,low,0,0.0,0,3,0,0,0,0,0,0,0,0,0,0,0,0,0,0,0,0,0,0,0,0,0,0,5,-31.184125589083333,446.3483552631579,-893.904280155642,632.8982843137255,13,-0.9659258262890684,-0.2588190451025208,0,1,2
A1,roll_04,rf,2026-02-07 14:00:00+00:00,2026-02-07 15:00:00+00:00,0,1,2025-12-08T00:00:00+00:00,2026-02-02T00:00:00+00:00,2026-02-02T00:00:00+00:00,2026-02-09T00:00:00+00:00,334.5904761904762,778.1094377191586,-443.5189615286824,1,low,0,0.0,0,3,0,0,0,0,0,0,0,0,0,0,0,0,0,0,0,0,0,0,0,0,0,0,5,-90.87281389516666,632.8982843137255,-665.2588028169014,561.9701612903226,14,-0.8660254037844388,-0.4999999999999997,0,1,2
A1,roll_04,rf,2026-02-07 15:00:00+00:00,2026-02-07 16:00:00+00:00,0,1,2025-12-08T00:00:00+00:00,2026-02-02T00:00:00+00:00,2026-02-02T00:00:00+00:00,2026-02-09T00:00:00+00:00,645.034188034188,548.3083490529239,96.72583898126413,1,low,0,0.0,0,3,0,0,0,0,0,0,0,0,0,0,0,0,0,0,0,0,0,0,0,0,0,0,5,422.2890764387501,561.9701612903226,710.4511864406779,334.5904761904762,15,-0.7071067811865479,-0.7071067811865471,0,1,2
A1,roll_04,rf,2026-02-07 16:00:00+00:00,2026-02-07 17:00:00+00:00,0,1,2025-12-08T00:00:00+00:00,2026-02-02T00:00:00+00:00,2026-02-02T00:00:00+00:00,2026-02-09T00:00:00+00:00,804.1076923076923,734.960439309585,69.14725299810732,1,low,0,0.0,0,3,0,0,0,0,0,0,0,0,0,0,0,0,0,0,0,0,0,0,0,0,0,0,5,514.5742918275556,334.5904761904762,641.5711610486892,645.034188034188,16,-0.5000000000000004,-0.8660254037844385,0,1,2
A1,roll_04,rf,2026-02-07 17:00:00+00:00,2026-02-07 18:00:00+00:00,0,1,2025-12-08T00:00:00+00:00,2026-02-02T00:00:00+00:00,2026-02-02T00:00:00+00:00,2026-02-09T00:00:00+00:00,1198.3504918032788,1196.0562807589417,2.2942110443370893,0,night,0,0.0,0,3,0,1,1,0,2,0,0,0,0,1,1,0,1,0,0,0,1,0,0,0,0,0,5,555.1924943127777,645.034188034188,1208.6992857142857,804.1076923076923,17,-0.2588190451025206,-0.9659258262890684,0,1,2
A1,roll_04,rf,2026-02-07 18:00:00+00:00,2026-02-07 19:00:00+00:00,0,1,2025-12-08T00:00:00+00:00,2026-02-02T00:00:00+00:00,2026-02-02T00:00:00+00:00,2026-02-09T00:00:00+00:00,1452.110101010101,1384.06944261859,68.04065839151099,0,night,0,0.0,0,2,0,1,1,0,2,0,0,0,0,1,1,0,1,0,0,0,1,0,0,0,0,0,5,563.0741589198611,804.1076923076923,1998.979389312977,1198.3504918032788,18,-1.8369701987210292e-16,-1.0,0,1,2
A1,roll_04,rf,2026-02-07 19:00:00+00:00,2026-02-07 20:00:00+00:00,0,1,2025-12-08T00:00:00+00:00,2026-02-02T00:00:00+00:00,2026-02-02T00:00:00+00:00,2026-02-09T00:00:00+00:00,497.8637305699482,969.7903936934963,-471.9266631235481,0,night,0,0.0,0,2,0,0,0,0,0,0,0,0,0,0,0,0,0,0,0,0,0,0,0,0,0,0,5,532.8345183753889,1198.3504918032788,1523.3758957654725,1452.110101010101,19,0.2588190451025203,-0.9659258262890684,0,1,2
A1,roll_04,rf,2026-02-07 20:00:00+00:00,2026-02-07 21:00:00+00:00,0,1,2025-12-08T00:00:00+00:00,2026-02-02T00:00:00+00:00,2026-02-02T00:00:00+00:00,2026-02-09T00:00:00+00:00,872.810650887574,646.8148656452013,225.99578524237268,0,night,0,0.0,0,2,0,1,1,0,2,0,0,0,1,0,1,0,1,0,0,0,1,0,0,0,0,0,5,552.461400302111,1452.110101010101,912.399686520376,497.8637305699482,20,0.5000000000000001,-0.8660254037844386,0,1,2
A1,roll_04,rf,2026-02-07 21:00:00+00:00,2026-02-07 22:00:00+00:00,0,1,2025-12-08T00:00:00+00:00,2026-02-02T00:00:00+00:00,2026-02-02T00:00:00+00:00,2026-02-09T00:00:00+00:00,509.871225071225,767.5745736834093,-257.7033486121843,0,night,0,0.0,0,2,0,1,1,0,2,0,0,0,1,0,1,0,1,0,0,0,1,0,0,0,0,0,5,552.9098461985833,497.8637305699482,912.399686520376,872.810650887574,21,0.7071067811865474,-0.7071067811865477,0,1,2
A1,roll_04,rf,2026-02-07 22:00:00+00:00,2026-02-07 23:00:00+00:00,0,1,2025-12-08T00:00:00+00:00,2026-02-02T00:00:00+00:00,2026-02-02T00:00:00+00:00,2026-02-09T00:00:00+00:00,378.2717213114754,504.8646031791625,-126.59288186768708,0,night,0,0.0,0,2,0,0,0,0,0,0,0,0,0,0,0,0,0,0,0,0,0,0,0,0,0,0,5,560.803781971389,872.810650887574,912.399686520376,509.871225071225,22,0.8660254037844384,-0.5000000000000004,0,1,2
A1,roll_04,rf,2026-02-07 23:00:00+00:00,2026-02-08 00:00:00+00:00,0,1,2025-12-08T00:00:00+00:00,2026-02-02T00:00:00+00:00,2026-02-02T00:00:00+00:00,2026-02-09T00:00:00+00:00,361.8569037656904,404.65544937518547,-42.79854560949508,0,night,0,0.0,0,2,0,1,1,0,8,0,0,0,1,0,1,0,1,0,0,0,1,0,0,0,0,0,5,565.2245665261389,509.871225071225,912.399686520376,378.2717213114754,23,0.965925826289068,-0.2588190451025215,0,1,2
A1,roll_04,rf,2026-02-08 00:00:00+00:00,2026-02-08 01:00:00+00:00,0,1,2025-12-08T00:00:00+00:00,2026-02-02T00:00:00+00:00,2026-02-02T00:00:00+00:00,2026-02-09T00:00:00+00:00,374.6403225806452,395.44477158254705,-20.804449001901844,0,night,0,0.0,0,2,0,1,1,0,8,0,0,0,1,0,1,0,1,0,0,0,1,0,0,0,0,0,6,564.1097782727777,378.2717213114754,912.399686520376,361.8569037656904,0,1.0,0.0,0,1,2
A1,roll_04,rf,2026-02-08 01:00:00+00:00,2026-02-08 02:00:00+00:00,0,1,2025-12-08T00:00:00+00:00,2026-02-02T00:00:00+00:00,2026-02-02T00:00:00+00:00,2026-02-09T00:00:00+00:00,359.75774058577406,391.0657567778416,-31.308016192067555,0,night,0,0.0,0,2,0,1,1,0,8,0,0,0,1,0,1,0,1,0,0,0,1,0,0,0,0,0,6,533.409867254,361.8569037656904,912.399686520376,374.6403225806452,1,0.9659258262890684,0.2588190451025207,0,1,2
A1,roll_04,rf,2026-02-08 02:00:00+00:00,2026-02-08 03:00:00+00:00,0,1,2025-12-08T00:00:00+00:00,2026-02-02T00:00:00+00:00,2026-02-02T00:00:00+00:00,2026-02-09T00:00:00+00:00,358.26639004149376,393.30192119531773,-35.03553115382397,0,night,0,0.0,0,2,0,1,1,0,8,0,0,0,1,0,1,0,1,0,0,0,1,0,0,0,0,0,6,562.5751383565,374.6403225806452,912.399686520376,359.75774058577406,2,0.8660254037844387,0.4999999999999999,0,1,2
A1,roll_04,rf,2026-02-08 03:00:00+00:00,2026-02-08 04:00:00+00:00,0,1,2025-12-08T00:00:00+00:00,2026-02-02T00:00:00+00:00,2026-02-02T00:00:00+00:00,2026-02-09T00:00:00+00:00,369.4539094650206,631.4872401336023,-262.0333306685817,0,night,0,0.0,0,2,0,1,1,0,8,0,0,0,1,0,1,0,1,0,0,0,1,0,0,0,0,0,6,534.4757679513611,359.75774058577406,1030.863562636764,358.26639004149376,3,0.7071067811865476,0.7071067811865476,0,1,2
A1,roll_04,rf,2026-02-08 04:00:00+00:00,2026-02-08 05:00:00+00:00,0,1,2025-12-08T00:00:00+00:00,2026-02-02T00:00:00+00:00,2026-02-02T00:00:00+00:00,2026-02-09T00:00:00+00:00,397.2683333333333,628.5002904569563,-231.23195712362303,0,night,0,0.0,0,2,0,1,1,0,8,0,0,0,1,0,1,0,1,0,0,0,1,0,0,0,0,0,6,559.3680544099722,358.26639004149376,1030.863562636764,369.4539094650206,4,0.5000000000000001,0.8660254037844386,0,1,2
A1,roll_04,rf,2026-02-08 05:00:00+00:00,2026-02-08 06:00:00+00:00,0,1,2025-12-08T00:00:00+00:00,2026-02-02T00:00:00+00:00,2026-02-02T00:00:00+00:00,2026-02-09T00:00:00+00:00,379.6493975903615,718.8675816135952,-339.21818402323373,0,night,0,0.0,0,2,0,1,1,0,8,0,0,0,0,1,1,0,1,0,0,0,1,0,0,0,0,0,6,555.9197919330833,369.4539094650206,2298.011320754717,397.2683333333333,5,0.2588190451025207,0.9659258262890684,0,1,2
A1,roll_04,rf,2026-02-08 06:00:00+00:00,2026-02-08 07:00:00+00:00,0,1,2025-12-08T00:00:00+00:00,2026-02-02T00:00:00+00:00,2026-02-02T00:00:00+00:00,2026-02-09T00:00:00+00:00,1316.8424615384615,533.8121169779527,783.0303445605089,0,night,0,0.0,0,2,0,1,1,0,8,0,0,0,0,1,1,0,1,0,0,0,1,0,0,0,0,0,6,1160.5435193141388,397.2683333333333,2062.442647058824,379.6493975903615,6,6.123233995736766e-17,1.0,0,1,2
A1,roll_04,rf,2026-02-08 07:00:00+00:00,2026-02-08 08:00:00+00:00,0,1,2025-12-08T00:00:00+00:00,2026-02-02T00:00:00+00:00,2026-02-02T00:00:00+00:00,2026-02-09T00:00:00+00:00,834.62125,1223.9933667110522,-389.3721167110522,1,low,0,0.0,0,2,0,0,0,0,0,0,0,0,0,0,0,0,0,0,0,0,0,0,0,0,0,0,6,691.6709654138334,379.6493975903615,1559.708875739645,1316.8424615384615,7,-0.2588190451025206,0.9659258262890684,0,1,2
A1,roll_04,rf,2026-02-08 08:00:00+00:00,2026-02-08 09:00:00+00:00,0,1,2025-12-08T00:00:00+00:00,2026-02-02T00:00:00+00:00,2026-02-02T00:00:00+00:00,2026-02-09T00:00:00+00:00,1570.537150837989,985.2260139496761,585.3111368883128,1,low,0,0.0,0,2,0,0,0,0,0,0,0,0,0,0,0,0,0,0,0,0,0,0,0,0,0,0,6,1089.2109433604444,1316.8424615384615,706.9373134328358,834.62125,8,-0.4999999999999998,0.8660254037844387,0,1,2
A1,roll_04,rf,2026-02-08 09:00:00+00:00,2026-02-08 10:00:00+00:00,0,1,2025-12-08T00:00:00+00:00,2026-02-02T00:00:00+00:00,2026-02-02T00:00:00+00:00,2026-02-09T00:00:00+00:00,1105.7391382405744,951.8108400001678,153.92829824040666,1,low,0,0.0,0,2,0,0,0,0,0,0,0,0,0,0,0,0,0,0,0,0,0,0,0,0,0,0,6,303.2054646118889,834.62125,632.1936915887851,1570.537150837989,9,-0.7071067811865475,0.7071067811865476,0,1,2
A1,roll_04,rf,2026-02-08 10:00:00+00:00,2026-02-08 11:00:00+00:00,0,1,2025-12-08T00:00:00+00:00,2026-02-02T00:00:00+00:00,2026-02-02T00:00:00+00:00,2026-02-09T00:00:00+00:00,923.620527306968,849.0585802986245,74.56194700834351,1,med,0,0.0,0,3,0,0,0,0,0,0,0,0,0,0,0,0,0,0,0,0,0,0,0,0,0,0,6,306.5586802728889,1570.537150837989,578.2054744525547,1105.7391382405744,10,-0.8660254037844387,0.4999999999999999,0,1,2
A1,roll_04,rf,2026-02-08 11:00:00+00:00,2026-02-08 12:00:00+00:00,0,1,2025-12-08T00:00:00+00:00,2026-02-02T00:00:00+00:00,2026-02-02T00:00:00+00:00,2026-02-09T00:00:00+00:00,947.024628450106,760.4183798312621,186.6062486188439,1,med,0,0.0,0,3,0,0,0,0,0,0,0,0,0,0,0,0,0,0,0,0,0,0,0,0,0,0,6,298.92543760088887,1105.7391382405744,-41.95252679938744,923.620527306968,11,-0.9659258262890682,0.258819045102521,0,1,2
A1,roll_04,rf,2026-02-08 12:00:00+00:00,2026-02-08 13:00:00+00:00,0,1,2025-12-08T00:00:00+00:00,2026-02-02T00:00:00+00:00,2026-02-02T00:00:00+00:00,2026-02-09T00:00:00+00:00,712.1665188470066,1031.8596144223177,-319.6930955753111,1,med,0,0.0,0,3,0,0,0,0,0,0,0,0,0,0,0,0,0,0,0,0,0,0,0,0,0,0,6,73.55411946638888,923.620527306968,446.3483552631579,947.024628450106,12,-1.0,1.2246467991473532e-16,0,1,2
A1,roll_04,rf,2026-02-08 13:00:00+00:00,2026-02-08 14:00:00+00:00,0,1,2025-12-08T00:00:00+00:00,2026-02-02T00:00:00+00:00,2026-02-02T00:00:00+00:00,2026-02-09T00:00:00+00:00,736.6655786350148,1031.675809898236,-295.01023126322116,1,low,0,0.0,0,3,0,0,0,0,0,0,0,0,0,0,0,0,0,0,0,0,0,0,0,0,0,0,6,151.58054217927778,947.024628450106,632.8982843137255,712.1665188470066,13,-0.9659258262890684,-0.2588190451025208,0,1,2
A1,roll_04,rf,2026-02-08 14:00:00+00:00,2026-02-08 15:00:00+00:00,0,1,2025-12-08T00:00:00+00:00,2026-02-02T00:00:00+00:00,2026-02-02T00:00:00+00:00,2026-02-09T00:00:00+00:00,695.3514285714285,958.2896982951811,-262.93826972375257,1,low,0,0.0,0,3,0,0,0,0,0,0,0,0,0,0,0,0,0,0,0,0,0,0,0,0,0,0,6,1336.6438164391946,712.1665188470066,561.9701612903226,736.6655786350148,14,-0.8660254037844388,-0.4999999999999997,0,1,2
A1,roll_04,rf,2026-02-08 15:00:00+00:00,2026-02-08 16:00:00+00:00,0,1,2025-12-08T00:00:00+00:00,2026-02-02T00:00:00+00:00,2026-02-02T00:00:00+00:00,2026-02-09T00:00:00+00:00,1433.765206812652,912.9698060174801,520.7954007951719,1,low,0,0.0,0,3,0,0,0,0,0,0,0,0,0,0,0,0,0,0,0,0,0,0,0,0,0,0,6,1896.0841900744165,736.6655786350148,334.5904761904762,695.3514285714285,15,-0.7071067811865479,-0.7071067811865471,0,1,2
A1,roll_04,rf,2026-02-08 16:00:00+00:00,2026-02-08 17:00:00+00:00,0,1,2025-12-08T00:00:00+00:00,2026-02-02T00:00:00+00:00,2026-02-02T00:00:00+00:00,2026-02-09T00:00:00+00:00,1460.5596112311014,1431.537589626165,29.0220216049363,1,low,0,0.0,0,3,0,0,0,0,0,0,0,0,0,0,0,0,0,0,0,0,0,0,0,0,0,0,6,2484.501672130778,695.3514285714285,645.034188034188,1433.765206812652,16,-0.5000000000000004,-0.8660254037844385,0,1,2
A1,roll_04,rf,2026-02-08 17:00:00+00:00,2026-02-08 18:00:00+00:00,0,1,2025-12-08T00:00:00+00:00,2026-02-02T00:00:00+00:00,2026-02-02T00:00:00+00:00,2026-02-09T00:00:00+00:00,1677.3,1405.6331807656068,271.6668192343932,0,night,0,0.0,0,2,0,1,1,0,2,0,0,0,0,1,1,0,1,0,0,0,1,0,0,0,0,0,6,2486.544613380472,1433.765206812652,804.1076923076923,1460.5596112311014,17,-0.2588190451025206,-0.9659258262890684,0,1,2
A1,roll_04,rf,2026-02-08 18:00:00+00:00,2026-02-08 19:00:00+00:00,0,1,2025-12-08T00:00:00+00:00,2026-02-02T00:00:00+00:00,2026-02-02T00:00:00+00:00,2026-02-09T00:00:00+00:00,1634.7964788732395,1675.6396140088832,-40.843135135643706,0,night,0,0.0,0,2,0,1,1,0,2,0,0,0,0,1,1,0,1,0,0,0,1,0,0,0,0,0,6,2612.5492478209444,1460.5596112311014,1198.3504918032788,1677.3,18,-1.8369701987210292e-16,-1.0,0,1,2
A1,roll_04,rf,2026-02-08 19:00:00+00:00,2026-02-08 20:00:00+00:00,0,1,2025-12-08T00:00:00+00:00,2026-02-02T00:00:00+00:00,2026-02-02T00:00:00+00:00,2026-02-09T00:00:00+00:00,1380.816091954023,1228.5163488617432,152.29974309227987,0,night,0,0.0,0,2,0,0,0,0,0,0,0,0,0,0,0,0,0,0,0,0,0,0,0,0,0,0,6,3017.157618471861,1677.3,1452.110101010101,1634.7964788732395,19,0.2588190451025203,-0.9659258262890684,0,1,2
A1,roll_04,rf,2026-02-08 20:00:00+00:00,2026-02-08 21:00:00+00:00,0,1,2025-12-08T00:00:00+00:00,2026-02-02T00:00:00+00:00,2026-02-02T00:00:00+00:00,2026-02-09T00:00:00+00:00,1796.902564102564,1184.5682136177559,612.334350484808,0,night,0,0.0,0,2,0,1,1,0,1,0,0,0,1,0,1,0,1,0,0,0,1,0,0,0,0,0,6,2133.137917275778,1634.7964788732395,497.8637305699482,1380.816091954023,20,0.5000000000000001,-0.8660254037844386,0,1,2
A1,roll_04,rf,2026-02-08 21:00:00+00:00,2026-02-08 22:00:00+00:00,0,1,2025-12-08T00:00:00+00:00,2026-02-02T00:00:00+00:00,2026-02-02T00:00:00+00:00,2026-02-09T00:00:00+00:00,682.9762008733624,1322.3165058977274,-639.3403050243651,0,night,0,0.0,0,2,0,0,0,0,0,0,0,0,0,0,0,0,0,0,0,0,0,0,0,0,0,0,6,952.1327068525555,1380.816091954023,872.810650887574,1796.902564102564,21,0.7071067811865474,-0.7071067811865477,0,1,2
A1,roll_04,persistence,2026-02-01 23:00:00+00:00,2026-02-02 00:00:00+00:00,0,1,2025-12-08T00:00:00+00:00,2026-02-02T00:00:00+00:00,2026-02-02T00:00:00+00:00,2026-02-09T00:00:00+00:00,543.2085049798055,976.5316384429444,-433.3231334631389,0,night,0,0.0,0,1,0,0,0,0,0,0,0,0,0,0,0,0,0,0,0,0,0,0,0,0,0,0,6,401.8299940770556,1463.8755507140277,565.2245665261389,976.5316384429444,23,0.965925826289068,-0.2588190451025215,0,1,2
A1,roll_04,persistence,2026-02-02 00:00:00+00:00,2026-02-02 01:00:00+00:00,0,1,2025-12-08T00:00:00+00:00,2026-02-02T00:00:00+00:00,2026-02-02T00:00:00+00:00,2026-02-09T00:00:00+00:00,555.9650401257778,543.2085049798055,12.756535145972293,0,night,0,0.0,0,1,0,0,0,0,0,0,0,0,0,0,0,0,0,0,0,0,0,0,0,0,0,0,0,369.4281183008611,976.5316384429444,564.1097782727777,543.2085049798055,0,1.0,0.0,0,0,2
A1,roll_04,persistence,2026-02-02 01:00:00+00:00,2026-02-02 02:00:00+00:00,0,1,2025-12-08T00:00:00+00:00,2026-02-02T00:00:00+00:00,2026-02-02T00:00:00+00:00,2026-02-09T00:00:00+00:00,559.2648734329445,555.9650401257778,3.2998333071666366,0,night,0,0.0,0,1,0,1,1,0,4,0,0,0,1,0,1,0,1,0,0,0,1,0,0,0,0,0,0,418.7639288361667,543.2085049798055,533.409867254,555.9650401257778,1,0.9659258262890684,0.2588190451025207,0,0,2
A1,roll_04,persistence,2026-02-02 02:00:00+00:00,2026-02-02 03:00:00+00:00,0,1,2025-12-08T00:00:00+00:00,2026-02-02T00:00:00+00:00,2026-02-02T00:00:00+00:00,2026-02-09T00:00:00+00:00,543.3187399811248,559.2648734329445,-15.946133451819605,0,night,0,0.0,0,1,0,1,1,0,4,0,0,0,1,0,1,0,1,0,0,0,1,0,0,0,0,0,0,391.5396551361389,555.9650401257778,562.5751383565,559.2648734329445,2,0.8660254037844387,0.4999999999999999,0,0,2
A1,roll_04,persistence,2026-02-02 03:00:00+00:00,2026-02-02 04:00:00+00:00,0,1,2025-12-08T00:00:00+00:00,2026-02-02T00:00:00+00:00,2026-02-02T00:00:00+00:00,2026-02-09T00:00:00+00:00,1132.2936000000002,543.3187399811248,588.9748600188753,0,night,0,0.0,0,1,0,1,1,0,4,0,0,0,1,0,1,0,1,0,0,0,1,0,0,0,0,0,0,371.4401780996666,559.2648734329445,534.4757679513611,543.3187399811248,3,0.7071067811865476,0.7071067811865476,0,0,2
A1,roll_04,persistence,2026-02-02 04:00:00+00:00,2026-02-02 05:00:00+00:00,0,1,2025-12-08T00:00:00+00:00,2026-02-02T00:00:00+00:00,2026-02-02T00:00:00+00:00,2026-02-09T00:00:00+00:00,1968.2842857142853,1132.2936000000002,835.9906857142851,0,night,0,0.0,0,1,0,1,1,0,4,0,0,0,1,0,1,0,1,0,0,0,1,0,0,0,0,0,0,1028.218939733639,543.3187399811248,559.3680544099722,1132.2936000000002,4,0.5000000000000001,0.8660254037844386,0,0,2
A1,roll_04,persistence,2026-02-02 05:00:00+00:00,2026-02-02 06:00:00+00:00,0,1,2025-12-08T00:00:00+00:00,2026-02-02T00:00:00+00:00,2026-02-02T00:00:00+00:00,2026-02-09T00:00:00+00:00,2066.43476702509,1968.2842857142853,98.15048131080471,0,night,0,0.0,0,1,0,0,0,0,0,0,0,0,0,0,0,0,0,0,0,0,0,0,0,0,0,0,0,2114.055589798917,1132.2936000000002,555.9197919330833,1968.2842857142853,5,0.2588190451025207,0.9659258262890684,0,0,2
A1,roll_04,persistence,2026-02-02 06:00:00+00:00,2026-02-02 07:00:00+00:00,0,1,2025-12-08T00:00:00+00:00,2026-02-02T00:00:00+00:00,2026-02-02T00:00:00+00:00,2026-02-09T00:00:00+00:00,1906.8957894736843,2066.43476702509,-159.53897755140565,0,night,0,0.0,0,1,0,0,0,0,0,0,0,0,0,0,0,0,0,0,0,0,0,0,0,0,0,0,0,2600.770309974528,1968.2842857142853,1160.5435193141388,2066.43476702509,6,6.123233995736766e-17,1.0,0,0,2
A1,roll_04,persistence,2026-02-02 07:00:00+00:00,2026-02-02 08:00:00+00:00,0,1,2025-12-08T00:00:00+00:00,2026-02-02T00:00:00+00:00,2026-02-02T00:00:00+00:00,2026-02-09T00:00:00+00:00,1804.416,1906.8957894736843,-102.47978947368438,1,low,0,0.0,0,1,0,0,0,0,0,0,0,0,0,0,0,0,0,0,0,0,0,0,0,0,0,0,0,2010.6085535996945,2066.43476702509,691.6709654138334,1906.8957894736843,7,-0.2588190451025206,0.9659258262890684,0,0,2
A1,roll_04,persistence,2026-02-02 08:00:00+00:00,2026-02-02 09:00:00+00:00,0,1,2025-12-08T00:00:00+00:00,2026-02-02T00:00:00+00:00,2026-02-02T00:00:00+00:00,2026-02-09T00:00:00+00:00,1845.520588235294,1804.416,41.10458823529416,1,low,0,0.0,0,2,0,0,0,0,0,0,0,0,0,0,0,0,0,0,0,0,0,0,0,0,0,0,0,1665.4681254328334,1906.8957894736843,1089.2109433604444,1804.416,8,-0.4999999999999998,0.8660254037844387,0,0,2
A1,roll_04,persistence,2026-02-02 09:00:00+00:00,2026-02-02 10:00:00+00:00,0,1,2025-12-08T00:00:00+00:00,2026-02-02T00:00:00+00:00,2026-02-02T00:00:00+00:00,2026-02-09T00:00:00+00:00,1895.989453125,1845.520588235294,50.468864889705856,1,low,0,0.0,0,2,0,0,0,0,0,0,0,0,0,0,0,0,0,0,0,0,0,0,0,0,0,0,0,1007.3270680508888,1804.416,303.2054646118889,1845.520588235294,9,-0.7071067811865475,0.7071067811865476,0,0,2
A1,roll_04,persistence,2026-02-02 10:00:00+00:00,2026-02-02 11:00:00+00:00,0,1,2025-12-08T00:00:00+00:00,2026-02-02T00:00:00+00:00,2026-02-02T00:00:00+00:00,2026-02-09T00:00:00+00:00,1458.9305555555557,1895.989453125,-437.0588975694443,1,low,0,0.0,0,2,0,0,0,0,0,0,0,0,0,0,0,0,0,0,0,0,0,0,0,0,0,0,0,-569.4865977234444,1845.520588235294,306.5586802728889,1895.989453125,10,-0.8660254037844387,0.4999999999999999,0,0,2
A1,roll_04,persistence,2026-02-02 11:00:00+00:00,2026-02-02 12:00:00+00:00,0,1,2025-12-08T00:00:00+00:00,2026-02-02T00:00:00+00:00,2026-02-02T00:00:00+00:00,2026-02-09T00:00:00+00:00,994.9530726256984,1458.9305555555557,-463.9774829298573,1,low,0,0.0,0,2,0,0,0,0,0,0,0,0,0,0,0,0,0,0,0,0,0,0,0,0,0,0,0,-741.4332030484165,1895.989453125,298.92543760088887,1458.9305555555557,11,-0.9659258262890682,0.258819045102521,0,0,2
A1,roll_04,persistence,2026-02-02 12:00:00+00:00,2026-02-02 13:00:00+00:00,0,1,2025-12-08T00:00:00+00:00,2026-02-02T00:00:00+00:00,2026-02-02T00:00:00+00:00,2026-02-09T00:00:00+00:00,891.7146341463415,994.9530726256984,-103.23843847935689,1,low,0,0.0,0,2,0,0,0,0,0,0,0,0,0,0,0,0,0,0,0,0,0,0,0,0,0,0,0,-1079.799870834083,1458.9305555555557,73.55411946638888,994.9530726256984,12,-1.0,1.2246467991473532e-16,0,0,2
A1,roll_04,persistence,2026-02-02 13:00:00+00:00,2026-02-02 14:00:00+00:00,0,1,2025-12-08T00:00:00+00:00,2026-02-02T00:00:00+00:00,2026-02-02T00:00:00+00:00,2026-02-09T00:00:00+00:00,747.8884726224784,891.7146341463415,-143.8261615238631,1,low,0,0.0,0,2,0,0,0,0,0,0,0,0,0,0,0,0,0,0,0,0,0,0,0,0,0,0,0,94.50215176250003,994.9530726256984,151.58054217927778,891.7146341463415,13,-0.9659258262890684,-0.2588190451025208,0,0,2
A1,roll_04,persistence,2026-02-02 14:00:00+00:00,2026-02-02 15:00:00+00:00,0,1,2025-12-08T00:00:00+00:00,2026-02-02T00:00:00+00:00,2026-02-02T00:00:00+00:00,2026-02-09T00:00:00+00:00,1131.010752688172,747.8884726224784,383.12228006569364,1,low,0,0.0,0,2,0,0,0,0,0,0,0,0,0,0,0,0,0,0,0,0,0,0,0,0,0,0,0,-184.2188756273056,891.7146341463415,1336.6438164391946,747.8884726224784,14,-0.8660254037844388,-0.4999999999999997,0,0,2
A1,roll_04,persistence,2026-02-02 15:00:00+00:00,2026-02-02 16:00:00+00:00,0,1,2025-12-08T00:00:00+00:00,2026-02-02T00:00:00+00:00,2026-02-02T00:00:00+00:00,2026-02-09T00:00:00+00:00,1511.6196629213482,1131.010752688172,380.6089102331762,1,low,0,0.0,0,2,0,0,0,0,0,0,0,0,0,0,0,0,0,0,0,0,0,0,0,0,0,0,0,297.8340901346389,747.8884726224784,1896.0841900744165,1131.010752688172,15,-0.7071067811865479,-0.7071067811865471,0,0,2
A1,roll_04,persistence,2026-02-02 16:00:00+00:00,2026-02-02 17:00:00+00:00,0,1,2025-12-08T00:00:00+00:00,2026-02-02T00:00:00+00:00,2026-02-02T00:00:00+00:00,2026-02-09T00:00:00+00:00,1624.4313218390805,1511.6196629213482,112.8116589177323,0,night,0,0.0,0,2,0,0,0,0,0,0,0,0,0,0,0,0,0,0,0,0,0,0,0,0,0,0,0,931.8924169395276,1131.010752688172,2484.501672130778,1511.6196629213482,16,-0.5000000000000004,-0.8660254037844385,0,0,2
A1,roll_04,persistence,2026-02-02 17:00:00+00:00,2026-02-02 18:00:00+00:00,0,1,2025-12-08T00:00:00+00:00,2026-02-02T00:00:00+00:00,2026-02-02T00:00:00+00:00,2026-02-09T00:00:00+00:00,1738.5641379310343,1624.4313218390805,114.13281609195383,0,night,0,0.0,0,2,0,0,0,0,0,0,0,0,0,0,0,0,0,0,0,0,0,0,0,0,0,0,0,2682.2788242863057,1511.6196629213482,2486.544613380472,1624.4313218390805,17,-0.2588190451025206,-0.9659258262890684,0,0,2
A1,roll_04,persistence,2026-02-02 18:00:00+00:00,2026-02-02 19:00:00+00:00,0,1,2025-12-08T00:00:00+00:00,2026-02-02T00:00:00+00:00,2026-02-02T00:00:00+00:00,2026-02-09T00:00:00+00:00,1581.9688888888888,1738.5641379310343,-156.5952490421455,0,night,0,0.0,0,2,0,0,0,0,0,0,0,0,0,0,0,0,0,0,0,0,0,0,0,0,0,0,0,1447.201125872611,1624.4313218390805,2612.5492478209444,1738.5641379310343,18,-1.8369701987210292e-16,-1.0,0,0,2
A1,roll_04,persistence,2026-02-02 19:00:00+00:00,2026-02-02 20:00:00+00:00,0,1,2025-12-08T00:00:00+00:00,2026-02-02T00:00:00+00:00,2026-02-02T00:00:00+00:00,2026-02-09T00:00:00+00:00,792.707570977918,1581.9688888888888,-789.2613179109709,0,night,0,0.0,0,2,0,0,0,0,0,0,0,0,0,0,0,0,0,0,0,0,0,0,0,0,0,0,0,1800.8310691792778,1738.5641379310343,3017.157618471861,1581.9688888888888,19,0.2588190451025203,-0.9659258262890684,0,0,2
A1,roll_04,persistence,2026-02-02 20:00:00+00:00,2026-02-02 21:00:00+00:00,0,1,2025-12-08T00:00:00+00:00,2026-02-02T00:00:00+00:00,2026-02-02T00:00:00+00:00,2026-02-09T00:00:00+00:00,1121.9964285714286,792.707570977918,329.28885759351067,0,night,0,0.0,0,1,0,1,1,0,1,0,0,0,1,0,1,0,1,0,0,0,1,0,0,0,0,0,0,1879.5046675005,1581.9688888888888,2133.137917275778,792.707570977918,20,0.5000000000000001,-0.8660254037844386,0,0,2
A1,roll_04,persistence,2026-02-02 21:00:00+00:00,2026-02-02 22:00:00+00:00,0,1,2025-12-08T00:00:00+00:00,2026-02-02T00:00:00+00:00,2026-02-02T00:00:00+00:00,2026-02-09T00:00:00+00:00,395.40241935483874,1121.9964285714286,-726.5940092165899,0,night,0,0.0,0,1,0,0,0,0,0,0,0,0,0,0,0,0,0,0,0,0,0,0,0,0,0,0,0,982.8754678472778,792.707570977918,952.1327068525555,1121.9964285714286,21,0.7071067811865474,-0.7071067811865477,0,0,2
A1,roll_04,persistence,2026-02-02 22:00:00+00:00,2026-02-02 23:00:00+00:00,0,1,2025-12-08T00:00:00+00:00,2026-02-02T00:00:00+00:00,2026-02-02T00:00:00+00:00,2026-02-09T00:00:00+00:00,434.56734693877553,395.40241935483874,39.16492758393679,0,night,0,0.0,0,1,0,0,0,0,0,0,0,0,0,0,0,0,0,0,0,0,0,0,0,0,0,0,0,411.4689791798889,1121.9964285714286,1463.8755507140277,395.40241935483874,22,0.8660254037844384,-0.5000000000000004,0,0,2
A1,roll_04,persistence,2026-02-02 23:00:00+00:00,2026-02-03 00:00:00+00:00,0,1,2025-12-08T00:00:00+00:00,2026-02-02T00:00:00+00:00,2026-02-02T00:00:00+00:00,2026-02-09T00:00:00+00:00,561.1720833333333,434.56734693877553,126.60473639455773,0,night,0,0.0,0,1,0,1,1,0,2,0,0,0,1,0,1,0,1,0,0,0,1,0,0,0,0,0,0,370.9779513775556,395.40241935483874,976.5316384429444,434.56734693877553,23,0.965925826289068,-0.2588190451025215,0,0,2
A1,roll_04,persistence,2026-02-03 00:00:00+00:00,2026-02-03 01:00:00+00:00,0,1,2025-12-08T00:00:00+00:00,2026-02-02T00:00:00+00:00,2026-02-02T00:00:00+00:00,2026-02-09T00:00:00+00:00,575.5421487603306,561.1720833333333,14.370065426997371,0,night,0,0.0,0,1,0,1,1,0,2,0,0,0,1,0,1,0,1,0,0,0,1,0,0,0,0,0,1,389.13017225908334,434.56734693877553,543.2085049798055,561.1720833333333,0,1.0,0.0,0,0,2
A1,roll_04,persistence,2026-02-03 01:00:00+00:00,2026-02-03 02:00:00+00:00,0,1,2025-12-08T00:00:00+00:00,2026-02-02T00:00:00+00:00,2026-02-02T00:00:00+00:00,2026-02-09T00:00:00+00:00,565.2688259109311,575.5421487603306,-10.273322849399506,0,night,0,0.0,0,1,0,0,0,0,0,0,0,0,0,0,0,0,0,0,0,0,0,0,0,0,0,0,1,376.84390502849993,561.1720833333333,555.9650401257778,575.5421487603306,1,0.9659258262890684,0.2588190451025207,0,0,2
A1,roll_04,persistence,2026-02-03 02:00:00+00:00,2026-02-03 03:00:00+00:00,0,1,2025-12-08T00:00:00+00:00,2026-02-02T00:00:00+00:00,2026-02-02T00:00:00+00:00,2026-02-09T00:00:00+00:00,597.2084677419356,565.2688259109311,31.93964183100445,0,night,0,0.0,0,1,0,1,1,0,1,0,0,0,1,0,1,0,1,0,0,0,1,0,0,0,0,0,1,378.1934371171667,575.5421487603306,559.2648734329445,565.2688259109311,2,0.8660254037844387,0.4999999999999999,0,0,2
A1,roll_04,persistence,2026-02-03 03:00:00+00:00,2026-02-03 04:00:00+00:00,0,1,2025-12-08T00:00:00+00:00,2026-02-02T00:00:00+00:00,2026-02-02T00:00:00+00:00,2026-02-09T00:00:00+00:00,1173.6686046511627,597.2084677419356,576.4601369092271,0,night,0,0.0,0,1,0,0,0,0,0,0,0,0,0,0,0,0,0,0,0,0,0,0,0,0,0,0,1,391.1898017904167,565.2688259109311,543.3187399811248,597.2084677419356,3,0.7071067811865476,0.7071067811865476,0,0,2
A1,roll_04,persistence,2026-02-03 04:00:00+00:00,2026-02-03 05:00:00+00:00,0,1,2025-12-08T00:00:00+00:00,2026-02-02T00:00:00+00:00,2026-02-02T00:00:00+00:00,2026-02-09T00:00:00+00:00,2016.13358778626,1173.6686046511627,842.4649831350973,0,night,0,0.0,0,1,0,0,0,0,0,0,0,0,0,0,0,0,0,0,0,0,0,0,0,0,0,0,1,949.6719199514168,597.2084677419356,1132.2936000000002,1173.6686046511627,4,0.5000000000000001,0.8660254037844386,0,0,2
A1,roll_04,persistence,2026-02-03 05:00:00+00:00,2026-02-03 06:00:00+00:00,0,1,2025-12-08T00:00:00+00:00,2026-02-02T00:00:00+00:00,2026-02-02T00:00:00+00:00,2026-02-09T00:00:00+00:00,2081.1158088235293,2016.13358778626,64.98222103726926,0,night,0,0.0,0,1,0,0,0,0,0,0,0,0,0,0,0,0,0,0,0,0,0,0,0,0,0,0,1,1868.492211110528,1173.6686046511627,1968.2842857142853,2016.13358778626,5,0.2588190451025207,0.9659258262890684,0,0,2
A1,roll_04,persistence,2026-02-03 06:00:00+00:00,2026-02-03 07:00:00+00:00,0,1,2025-12-08T00:00:00+00:00,2026-02-02T00:00:00+00:00,2026-02-02T00:00:00+00:00,2026-02-09T00:00:00+00:00,1670.6992307692308,2081.1158088235293,-410.4165780542985,0,night,0,0.0,0,1,0,0,0,0,0,0,0,0,0,0,0,0,0,0,0,0,0,0,0,0,0,0,1,1857.5546669058888,2016.13358778626,2066.43476702509,2081.1158088235293,6,6.123233995736766e-17,1.0,0,0,2
A1,roll_04,persistence,2026-02-03 07:00:00+00:00,2026-02-03 08:00:00+00:00,0,1,2025-12-08T00:00:00+00:00,2026-02-02T00:00:00+00:00,2026-02-02T00:00:00+00:00,2026-02-09T00:00:00+00:00,1695.1438661710038,1670.6992307692308,24.444635401772985,1,night,0,0.0,0,1,0,0,0,0,0,0,0,0,0,0,0,0,0,0,0,0,0,0,0,0,0,0,1,1526.8297823245,2081.1158088235293,1906.8957894736843,1670.6992307692308,7,-0.2588190451025206,0.9659258262890684,0,0,2
A1,roll_04,persistence,2026-02-03 08:00:00+00:00,2026-02-03 09:00:00+00:00,0,1,2025-12-08T00:00:00+00:00,2026-02-02T00:00:00+00:00,2026-02-02T00:00:00+00:00,2026-02-09T00:00:00+00:00,1085.7120141342757,1695.1438661710038,-609.4318520367281,1,night,0,0.0,0,1,0,0,0,0,0,0,0,0,0,0,0,0,0,0,0,0,0,0,0,0,0,0,1,1412.669924658583,1670.6992307692308,1804.416,1695.1438661710038,8,-0.4999999999999998,0.8660254037844387,0,0,2
A1,roll_04,persistence,2026-02-03 09:00:00+00:00,2026-02-03 10:00:00+00:00,0,1,2025-12-08T00:00:00+00:00,2026-02-02T00:00:00+00:00,2026-02-02T00:00:00+00:00,2026-02-09T00:00:00+00:00,1706.1051136363635,1085.7120141342757,620.3930995020878,1,low,0,0.0,0,1,0,0,0,0,0,0,0,0,0,0,0,0,0,0,0,0,0,0,0,0,0,0,1,1534.4343933593334,1695.1438661710038,1845.520588235294,1085.7120141342757,9,-0.7071067811865475,0.7071067811865476,0,0,2
A1,roll_04,persistence,2026-02-03 10:00:00+00:00,2026-02-03 11:00:00+00:00,0,1,2025-12-08T00:00:00+00:00,2026-02-02T00:00:00+00:00,2026-02-02T00:00:00+00:00,2026-02-09T00:00:00+00:00,835.5128205128206,1706.1051136363635,-870.592293123543,1,low,0,0.0,0,1,0,0,0,0,0,0,0,0,0,0,0,0,0,0,0,0,0,0,0,0,0,0,1,1156.7474213855278,1085.7120141342757,1895.989453125,1706.1051136363635,10,-0.8660254037844387,0.4999999999999999,0,0,2
A1,roll_04,persistence,2026-02-03 11:00:00+00:00,2026-02-03 12:00:00+00:00,0,1,2025-12-08T00:00:00+00:00,2026-02-02T00:00:00+00:00,2026-02-02T00:00:00+00:00,2026-02-09T00:00:00+00:00,1812.142446043165,835.5128205128206,976.6296255303444,1,low,0,0.0,0,1,0,0,0,0,0,0,0,0,0,0,0,0,0,0,0,0,0,0,0,0,0,0,1,339.89285018286114,1706.1051136363635,1458.9305555555557,835.5128205128206,11,-0.9659258262890682,0.258819045102521,0,0,2
A1,roll_04,persistence,2026-02-03 12:00:00+00:00,2026-02-03 13:00:00+00:00,0,1,2025-12-08T00:00:00+00:00,2026-02-02T00:00:00+00:00,2026-02-02T00:00:00+00:00,2026-02-09T00:00:00+00:00,918.8297520661156,1812.142446043165,-893.3126939770493,1,low,0,0.0,0,1,0,0,0,0,0,0,0,0,0,0,0,0,0,0,0,0,0,0,0,0,0,0,1,1030.8584088937498,835.5128205128206,994.9530726256984,1812.142446043165,12,-1.0,1.2246467991473532e-16,0,0,2
A1,roll_04,persistence,2026-02-03 13:00:00+00:00,2026-02-03 14:00:00+00:00,0,1,2025-12-08T00:00:00+00:00,2026-02-02T00:00:00+00:00,2026-02-02T00:00:00+00:00,2026-02-09T00:00:00+00:00,1825.0157894736844,918.8297520661156,906.1860374075688,1,low,0,0.0,0,2,0,0,0,0,0,0,0,0,0,0,0,0,0,0,0,0,0,0,0,0,0,0,1,1307.5905215424166,1812.142446043165,891.7146341463415,918.8297520661156,13,-0.9659258262890684,-0.2588190451025208,0,0,2
A1,roll_04,persistence,2026-02-03 14:00:00+00:00,2026-02-03 15:00:00+00:00,0,1,2025-12-08T00:00:00+00:00,2026-02-02T00:00:00+00:00,2026-02-02T00:00:00+00:00,2026-02-09T00:00:00+00:00,1432.5622406639004,1825.0157894736844,-392.453548809784,1,low,0,0.0,0,2,0,0,0,0,0,0,0,0,0,0,0,0,0,0,0,0,0,0,0,0,0,0,1,899.1258070269446,918.8297520661156,747.8884726224784,1825.0157894736844,14,-0.8660254037844388,-0.4999999999999997,0,0,2
A1,roll_04,persistence,2026-02-03 15:00:00+00:00,2026-02-03 16:00:00+00:00,0,1,2025-12-08T00:00:00+00:00,2026-02-02T00:00:00+00:00,2026-02-02T00:00:00+00:00,2026-02-09T00:00:00+00:00,1624.8924590163936,1432.5622406639004,192.33021835249315,1,low,0,0.0,0,2,0,0,0,0,0,0,0,0,0,0,0,0,0,0,0,0,0,0,0,0,0,0,1,1560.9848600250834,1825.0157894736844,1131.010752688172,1432.5622406639004,15,-0.7071067811865479,-0.7071067811865471,0,0,2
A1,roll_04,persistence,2026-02-03 16:00:00+00:00,2026-02-03 17:00:00+00:00,0,1,2025-12-08T00:00:00+00:00,2026-02-02T00:00:00+00:00,2026-02-02T00:00:00+00:00,2026-02-09T00:00:00+00:00,1250.0767605633805,1624.8924590163936,-374.81569845301306,1,night,0,0.0,0,2,0,0,0,0,0,0,0,0,0,0,0,0,0,0,0,0,0,0,0,0,0,0,1,1794.9346924112222,1432.5622406639004,1511.6196629213482,1624.8924590163936,16,-0.5000000000000004,-0.8660254037844385,0,0,2
A1,roll_04,persistence,2026-02-03 17:00:00+00:00,2026-02-03 18:00:00+00:00,0,1,2025-12-08T00:00:00+00:00,2026-02-02T00:00:00+00:00,2026-02-02T00:00:00+00:00,2026-02-09T00:00:00+00:00,856.6192182410423,1250.0767605633805,-393.4575423223382,0,night,0,0.0,0,1,0,0,0,0,0,0,0,0,0,0,0,0,0,0,0,0,0,0,0,0,0,0,1,843.3756644045833,1624.8924590163936,1624.4313218390805,1250.0767605633805,17,-0.2588190451025206,-0.9659258262890684,0,0,2
A1,roll_04,persistence,2026-02-03 18:00:00+00:00,2026-02-03 19:00:00+00:00,0,1,2025-12-08T00:00:00+00:00,2026-02-02T00:00:00+00:00,2026-02-02T00:00:00+00:00,2026-02-09T00:00:00+00:00,1353.571382636656,856.6192182410423,496.95216439561364,0,night,0,0.0,0,1,0,1,1,0,1,0,0,0,1,0,1,0,1,0,0,0,1,0,0,0,0,0,1,973.197521312722,1250.0767605633805,1738.5641379310343,856.6192182410423,18,-1.8369701987210292e-16,-1.0,0,0,2
A1,roll_04,persistence,2026-02-03 19:00:00+00:00,2026-02-03 20:00:00+00:00,0,1,2025-12-08T00:00:00+00:00,2026-02-02T00:00:00+00:00,2026-02-02T00:00:00+00:00,2026-02-09T00:00:00+00:00,663.0740213523131,1353.571382636656,-690.4973612843428,0,night,0,0.0,0,1,0,0,0,0,0,0,0,0,0,0,0,0,0,0,0,0,0,0,0,0,0,0,1,1523.8945169891667,856.6192182410423,1581.9688888888888,1353.571382636656,19,0.2588190451025203,-0.9659258262890684,0,0,2
A1,roll_04,persistence,2026-02-03 20:00:00+00:00,2026-02-03 21:00:00+00:00,0,1,2025-12-08T00:00:00+00:00,2026-02-02T00:00:00+00:00,2026-02-02T00:00:00+00:00,2026-02-09T00:00:00+00:00,1029.1314516129032,663.0740213523131,366.0574302605901,0,night,0,0.0,0,1,0,1,1,0,1,0,0,0,1,0,1,0,1,0,0,0,1,0,0,0,0,0,1,985.6768274591944,1353.571382636656,792.707570977918,663.0740213523131,20,0.5000000000000001,-0.8660254037844386,0,0,2
A1,roll_04,persistence,2026-02-03 21:00:00+00:00,2026-02-03 22:00:00+00:00,0,1,2025-12-08T00:00:00+00:00,2026-02-02T00:00:00+00:00,2026-02-02T00:00:00+00:00,2026-02-09T00:00:00+00:00,439.3551867219917,1029.1314516129032,-589.7762648909115,0,night,0,0.0,0,1,0,0,0,0,0,0,0,0,0,0,0,0,0,0,0,0,0,0,0,0,0,0,1,1010.58551608475,663.0740213523131,1121.9964285714286,1029.1314516129032,21,0.7071067811865474,-0.7071067811865477,0,0,2
A1,roll_04,persistence,2026-02-03 22:00:00+00:00,2026-02-03 23:00:00+00:00,0,1,2025-12-08T00:00:00+00:00,2026-02-02T00:00:00+00:00,2026-02-02T00:00:00+00:00,2026-02-09T00:00:00+00:00,619.8279166666667,439.3551867219917,180.47272994467505,0,night,0,0.0,0,1,0,0,0,0,0,0,0,0,0,0,0,0,0,0,0,0,0,0,0,0,0,0,1,469.4664131017777,1029.1314516129032,395.40241935483874,439.3551867219917,22,0.8660254037844384,-0.5000000000000004,0,0,2
A1,roll_04,persistence,2026-02-03 23:00:00+00:00,2026-02-04 00:00:00+00:00,0,1,2025-12-08T00:00:00+00:00,2026-02-02T00:00:00+00:00,2026-02-02T00:00:00+00:00,2026-02-09T00:00:00+00:00,600.8824999999999,619.8279166666667,-18.9454166666668,0,night,0,0.0,0,1,0,1,1,0,1,0,0,0,1,0,1,0,1,0,0,0,1,0,0,0,0,0,1,1039.222492417361,439.3551867219917,434.56734693877553,619.8279166666667,23,0.965925826289068,-0.2588190451025215,0,0,2
A1,roll_04,persistence,2026-02-04 00:00:00+00:00,2026-02-04 01:00:00+00:00,0,1,2025-12-08T00:00:00+00:00,2026-02-02T00:00:00+00:00,2026-02-02T00:00:00+00:00,2026-02-09T00:00:00+00:00,570.0795918367347,600.8824999999999,-30.802908163265215,0,night,0,0.0,0,1,0,0,0,0,0,0,0,0,0,0,0,0,0,0,0,0,0,0,0,0,0,0,2,431.1445660605278,619.8279166666667,561.1720833333333,600.8824999999999,0,1.0,0.0,0,0,2
A1,roll_04,persistence,2026-02-04 01:00:00+00:00,2026-02-04 02:00:00+00:00,0,1,2025-12-08T00:00:00+00:00,2026-02-02T00:00:00+00:00,2026-02-02T00:00:00+00:00,2026-02-09T00:00:00+00:00,557.3929460580913,570.0795918367347,-12.686645778643424,0,night,0,0.0,0,1,0,1,1,0,3,0,0,0,1,0,1,0,1,0,0,0,1,0,0,0,0,0,2,417.8579242465556,600.8824999999999,575.5421487603306,570.0795918367347,1,0.9659258262890684,0.2588190451025207,0,0,2
A1,roll_04,persistence,2026-02-04 02:00:00+00:00,2026-02-04 03:00:00+00:00,0,1,2025-12-08T00:00:00+00:00,2026-02-02T00:00:00+00:00,2026-02-02T00:00:00+00:00,2026-02-09T00:00:00+00:00,535.2727272727273,557.3929460580913,-22.120218785364045,0,night,0,0.0,0,1,0,1,1,0,3,0,0,0,1,0,1,0,1,0,0,0,1,0,0,0,0,0,2,419.1348331130556,570.0795918367347,565.2688259109311,557.3929460580913,2,0.8660254037844387,0.4999999999999999,0,0,2
A1,roll_04,persistence,2026-02-04 03:00:00+00:00,2026-02-04 04:00:00+00:00,0,1,2025-12-08T00:00:00+00:00,2026-02-02T00:00:00+00:00,2026-02-02T00:00:00+00:00,2026-02-09T00:00:00+00:00,1096.6170634920634,535.2727272727273,561.3443362193361,0,night,0,0.0,0,1,0,1,1,0,3,0,0,0,1,0,1,0,1,0,0,0,1,0,0,0,0,0,2,421.2961618739444,557.3929460580913,597.2084677419356,535.2727272727273,3,0.7071067811865476,0.7071067811865476,0,0,2
A1,roll_04,persistence,2026-02-04 04:00:00+00:00,2026-02-04 05:00:00+00:00,0,1,2025-12-08T00:00:00+00:00,2026-02-02T00:00:00+00:00,2026-02-02T00:00:00+00:00,2026-02-09T00:00:00+00:00,2001.764661654136,1096.6170634920634,905.1475981620727,0,night,0,0.0,0,1,0,0,0,0,0,0,0,0,0,0,0,0,0,0,0,0,0,0,0,0,0,0,2,1092.225752789,535.2727272727273,1173.6686046511627,1096.6170634920634,4,0.5000000000000001,0.8660254037844386,0,0,2
A1,roll_04,persistence,2026-02-04 05:00:00+00:00,2026-02-04 06:00:00+00:00,0,1,2025-12-08T00:00:00+00:00,2026-02-02T00:00:00+00:00,2026-02-02T00:00:00+00:00,2026-02-09T00:00:00+00:00,2016.4624060150377,2001.764661654136,14.697744360901652,0,night,0,0.0,0,1,0,0,0,0,0,0,0,0,0,0,0,0,0,0,0,0,0,0,0,0,0,0,2,2035.0871509705555,1096.6170634920634,2016.13358778626,2001.764661654136,5,0.2588190451025207,0.9659258262890684,0,0,2
A1,roll_04,persistence,2026-02-04 06:00:00+00:00,2026-02-04 07:00:00+00:00,0,1,2025-12-08T00:00:00+00:00,2026-02-02T00:00:00+00:00,2026-02-02T00:00:00+00:00,2026-02-09T00:00:00+00:00,1742.2797833935017,2016.4624060150377,-274.182622621536,0,night,0,0.0,0,2,0,0,0,0,0,0,0,0,0,0,0,0,0,0,0,0,0,0,0,0,0,0,2,2063.430210569112,2001.764661654136,2081.1158088235293,2016.4624060150377,6,6.123233995736766e-17,1.0,0,0,2
A1,roll_04,persistence,2026-02-04 07:00:00+00:00,2026-02-04 08:00:00+00:00,0,1,2025-12-08T00:00:00+00:00,2026-02-02T00:00:00+00:00,2026-02-02T00:00:00+00:00,2026-02-09T00:00:00+00:00,1544.9358649789028,1742.2797833935017,-197.34391841459887,1,night,0,0.0,0,2,0,0,0,0,0,0,0,0,0,0,0,0,0,0,0,0,0,0,0,0,0,0,2,1837.9513309886668,2016.4624060150377,1670.6992307692308,1742.2797833935017,7,-0.2588190451025206,0.9659258262890684,0,0,2
A1,roll_04,persistence,2026-02-04 08:00:00+00:00,2026-02-04 09:00:00+00:00,0,1,2025-12-08T00:00:00+00:00,2026-02-02T00:00:00+00:00,2026-02-02T00:00:00+00:00,2026-02-09T00:00:00+00:00,1741.7046808510638,1544.9358649789028,196.76881587216099,1,low,0,0.0,0,2,0,0,0,0,0,0,0,0,0,0,0,0,0,0,0,0,0,0,0,0,0,0,2,1887.533959910028,1742.2797833935017,1695.1438661710038,1544.9358649789028,8,-0.4999999999999998,0.8660254037844387,0,0,2
A1,roll_04,persistence,2026-02-04 09:00:00+00:00,2026-02-04 10:00:00+00:00,0,1,2025-12-08T00:00:00+00:00,2026-02-02T00:00:00+00:00,2026-02-02T00:00:00+00:00,2026-02-09T00:00:00+00:00,1733.1420765027322,1741.7046808510638,-8.56260434833166,1,low,0,0.0,0,2,0,0,0,0,0,0,0,0,0,0,0,0,0,0,0,0,0,0,0,0,0,0,2,1927.4843435574169,1544.9358649789028,1085.7120141342757,1741.7046808510638,9,-0.7071067811865475,0.7071067811865476,0,0,2
A1,roll_04,persistence,2026-02-04 10:00:00+00:00,2026-02-04 11:00:00+00:00,0,1,2025-12-08T00:00:00+00:00,2026-02-02T00:00:00+00:00,2026-02-02T00:00:00+00:00,2026-02-09T00:00:00+00:00,902.2468599033816,1733.1420765027322,-830.8952165993505,1,low,0,0.0,0,2,0,0,0,0,0,0,0,0,0,0,0,0,0,0,0,0,0,0,0,0,0,0,2,1864.801970357278,1741.7046808510638,1706.1051136363635,1733.1420765027322,10,-0.8660254037844387,0.4999999999999999,0,0,2
A1,roll_04,persistence,2026-02-04 11:00:00+00:00,2026-02-04 12:00:00+00:00,0,1,2025-12-08T00:00:00+00:00,2026-02-02T00:00:00+00:00,2026-02-02T00:00:00+00:00,2026-02-09T00:00:00+00:00,2676.460583941606,902.2468599033816,1774.2137240382242,1,low,0,0.0,0,2,0,0,0,0,0,0,0,0,0,0,0,0,0,0,0,0,0,0,0,0,0,0,2,3141.5486331360003,1733.1420765027322,835.5128205128206,902.2468599033816,11,-0.9659258262890682,0.258819045102521,0,0,2
A1,roll_04,persistence,2026-02-04 12:00:00+00:00,2026-02-04 13:00:00+00:00,0,1,2025-12-08T00:00:00+00:00,2026-02-02T00:00:00+00:00,2026-02-02T00:00:00+00:00,2026-02-09T00:00:00+00:00,3913.525657894737,2676.460583941606,1237.065073953131,1,low,0,0.0,0,2,0,0,0,0,0,0,0,0,0,0,0,0,0,0,0,0,0,0,0,0,0,0,2,3688.242951303472,902.2468599033816,1812.142446043165,2676.460583941606,12,-1.0,1.2246467991473532e-16,0,0,2
A1,roll_04,persistence,2026-02-04 13:00:00+00:00,2026-02-04 14:00:00+00:00,0,1,2025-12-08T00:00:00+00:00,2026-02-02T00:00:00+00:00,2026-02-02T00:00:00+00:00,2026-02-09T00:00:00+00:00,2946.6394495412846,3913.525657894737,-966.8862083534523,1,low,0,0.0,0,2,0,0,0,0,0,0,0,0,0,0,0,0,0,0,0,0,0,0,0,0,0,0,2,2978.0382318605,2676.460583941606,918.8297520661156,3913.525657894737,13,-0.9659258262890684,-0.2588190451025208,0,0,2
A1,roll_04,persistence,2026-02-04 14:00:00+00:00,2026-02-04 15:00:00+00:00,0,1,2025-12-08T00:00:00+00:00,2026-02-02T00:00:00+00:00,2026-02-02T00:00:00+00:00,2026-02-09T00:00:00+00:00,2754.6374269005846,2946.6394495412846,-192.00202264070003,1,low,0,0.0,0,2,0,0,0,0,0,0,0,0,0,0,0,0,0,0,0,0,0,0,0,0,0,0,2,3380.6789978081943,3913.525657894737,1825.0157894736844,2946.6394495412846,14,-0.8660254037844388,-0.4999999999999997,0,0,2
A1,roll_04,persistence,2026-02-04 15:00:00+00:00,2026-02-04 16:00:00+00:00,0,1,2025-12-08T00:00:00+00:00,2026-02-02T00:00:00+00:00,2026-02-02T00:00:00+00:00,2026-02-09T00:00:00+00:00,2882.762139917695,2754.6374269005846,128.12471301711048,1,low,0,0.0,0,2,0,0,0,0,0,0,0,0,0,0,0,0,0,0,0,0,0,0,0,0,0,0,2,3872.714778626834,2946.6394495412846,1432.5622406639004,2754.6374269005846,15,-0.7071067811865479,-0.7071067811865471,0,0,2
A1,roll_04,persistence,2026-02-04 16:00:00+00:00,2026-02-04 17:00:00+00:00,0,1,2025-12-08T00:00:00+00:00,2026-02-02T00:00:00+00:00,2026-02-02T00:00:00+00:00,2026-02-09T00:00:00+00:00,4170.079435483871,2882.762139917695,1287.3172955661757,1,night,0,0.0,0,2,0,0,0,0,0,0,0,0,0,0,0,0,0,0,0,0,0,0,0,0,0,0,2,3566.8731119283607,2754.6374269005846,1624.8924590163936,2882.762139917695,16,-0.5000000000000004,-0.8660254037844385,0,0,2
A1,roll_04,persistence,2026-02-04 17:00:00+00:00,2026-02-04 18:00:00+00:00,0,1,2025-12-08T00:00:00+00:00,2026-02-02T00:00:00+00:00,2026-02-02T00:00:00+00:00,2026-02-09T00:00:00+00:00,3388.3426229508195,4170.079435483871,-781.7368125330513,0,night,0,0.0,0,2,0,0,0,0,0,0,0,0,0,0,0,0,0,0,0,0,0,0,0,0,0,0,2,4099.8204709775,2882.762139917695,1250.0767605633805,4170.079435483871,17,-0.2588190451025206,-0.9659258262890684,0,0,2
A1,roll_04,persistence,2026-02-04 18:00:00+00:00,2026-02-04 19:00:00+00:00,0,1,2025-12-08T00:00:00+00:00,2026-02-02T00:00:00+00:00,2026-02-02T00:00:00+00:00,2026-02-09T00:00:00+00:00,3374.507818930041,3388.3426229508195,-13.834804020778392,0,night,0,0.0,0,2,0,0,0,0,0,0,0,0,0,0,0,0,0,0,0,0,0,0,0,0,0,0,2,3533.490893778889,4170.079435483871,856.6192182410423,3388.3426229508195,18,-1.8369701987210292e-16,-1.0,0,0,2
A1,roll_04,persistence,2026-02-04 19:00:00+00:00,2026-02-04 20:00:00+00:00,0,1,2025-12-08T00:00:00+00:00,2026-02-02T00:00:00+00:00,2026-02-02T00:00:00+00:00,2026-02-09T00:00:00+00:00,3326.137804878049,3374.507818930041,-48.37001405199226,0,night,0,0.0,0,2,0,0,0,0,0,0,0,0,0,0,0,0,0,0,0,0,0,0,0,0,0,0,2,4150.093525715889,3388.3426229508195,1353.571382636656,3374.507818930041,19,0.2588190451025203,-0.9659258262890684,0,0,2
A1,roll_04,persistence,2026-02-04 20:00:00+00:00,2026-02-04 21:00:00+00:00,0,1,2025-12-08T00:00:00+00:00,2026-02-02T00:00:00+00:00,2026-02-02T00:00:00+00:00,2026-02-09T00:00:00+00:00,2641.1531380753136,3326.137804878049,-684.9846668027353,0,night,0,0.0,0,2,0,0,0,0,0,0,0,0,0,0,0,0,0,0,0,0,0,0,0,0,0,0,2,3498.4065437332224,3374.507818930041,663.0740213523131,3326.137804878049,20,0.5000000000000001,-0.8660254037844386,0,0,2
A1,roll_04,persistence,2026-02-04 21:00:00+00:00,2026-02-04 22:00:00+00:00,0,1,2025-12-08T00:00:00+00:00,2026-02-02T00:00:00+00:00,2026-02-02T00:00:00+00:00,2026-02-09T00:00:00+00:00,2707.4724576271187,2641.1531380753136,66.31931955180517,0,night,0,0.0,0,2,0,0,0,0,0,0,0,0,0,0,0,0,0,0,0,0,0,0,0,0,0,0,2,3031.050403281528,3326.137804878049,1029.1314516129032,2641.1531380753136,21,0.7071067811865474,-0.7071067811865477,0,0,2
A1,roll_04,persistence,2026-02-04 22:00:00+00:00,2026-02-04 23:00:00+00:00,0,1,2025-12-08T00:00:00+00:00,2026-02-02T00:00:00+00:00,2026-02-02T00:00:00+00:00,2026-02-09T00:00:00+00:00,2638.623580786026,2707.4724576271187,-68.84887684109253,0,night,0,0.0,0,2,0,0,0,0,0,0,0,0,0,0,0,0,0,0,0,0,0,0,0,0,0,0,2,880.7419122894444,2641.1531380753136,439.3551867219917,2707.4724576271187,22,0.8660254037844384,-0.5000000000000004,0,0,2
A1,roll_04,persistence,2026-02-04 23:00:00+00:00,2026-02-05 00:00:00+00:00,0,1,2025-12-08T00:00:00+00:00,2026-02-02T00:00:00+00:00,2026-02-02T00:00:00+00:00,2026-02-09T00:00:00+00:00,735.8008196721311,2638.623580786026,-1902.822761113895,0,night,0,0.0,0,2,0,0,0,0,0,0,0,0,0,0,0,0,0,0,0,0,0,0,0,0,0,0,2,822.8956369502222,2707.4724576271187,619.8279166666667,2638.623580786026,23,0.965925826289068,-0.2588190451025215,0,0,2
A1,roll_04,persistence,2026-02-05 00:00:00+00:00,2026-02-05 01:00:00+00:00,0,1,2025-12-08T00:00:00+00:00,2026-02-02T00:00:00+00:00,2026-02-02T00:00:00+00:00,2026-02-09T00:00:00+00:00,572.743621399177,735.8008196721311,-163.0571982729541,0,night,0,0.0,0,2,0,0,0,0,0,0,0,0,0,0,0,0,0,0,0,0,0,0,0,0,0,0,3,934.8170360965556,2638.623580786026,600.8824999999999,735.8008196721311,0,1.0,0.0,0,0,2
A1,roll_04,persistence,2026-02-05 01:00:00+00:00,2026-02-05 02:00:00+00:00,0,1,2025-12-08T00:00:00+00:00,2026-02-02T00:00:00+00:00,2026-02-02T00:00:00+00:00,2026-02-09T00:00:00+00:00,576.4938524590164,572.743621399177,3.7502310598393933,0,night,0,0.0,0,2,0,0,0,0,0,0,0,0,0,0,0,0,0,0,0,0,0,0,0,0,0,0,3,569.0574982047777,735.8008196721311,570.0795918367347,572.743621399177,1,0.9659258262890684,0.2588190451025207,0,0,2
A1,roll_04,persistence,2026-02-05 02:00:00+00:00,2026-02-05 03:00:00+00:00,0,1,2025-12-08T00:00:00+00:00,2026-02-02T00:00:00+00:00,2026-02-02T00:00:00+00:00,2026-02-09T00:00:00+00:00,582.7389344262294,576.4938524590164,6.245081967213082,0,night,0,0.0,0,2,0,0,0,0,0,0,0,0,0,0,0,0,0,0,0,0,0,0,0,0,0,0,3,388.6233783748333,572.743621399177,557.3929460580913,576.4938524590164,2,0.8660254037844387,0.4999999999999999,0,0,2
A1,roll_04,persistence,2026-02-05 03:00:00+00:00,2026-02-05 04:00:00+00:00,0,1,2025-12-08T00:00:00+00:00,2026-02-02T00:00:00+00:00,2026-02-02T00:00:00+00:00,2026-02-09T00:00:00+00:00,1140.7624489795917,582.7389344262294,558.0235145533622,0,night,0,0.0,0,2,0,0,0,0,0,0,0,0,0,0,0,0,0,0,0,0,0,0,0,0,0,0,3,380.9392708019166,576.4938524590164,535.2727272727273,582.7389344262294,3,0.7071067811865476,0.7071067811865476,0,0,2
A1,roll_04,persistence,2026-02-05 04:00:00+00:00,2026-02-05 05:00:00+00:00,0,1,2025-12-08T00:00:00+00:00,2026-02-02T00:00:00+00:00,2026-02-02T00:00:00+00:00,2026-02-09T00:00:00+00:00,1980.2167272727272,1140.7624489795917,839.4542782931355,0,night,0,0.0,0,2,0,0,0,0,0,0,0,0,0,0,0,0,0,0,0,0,0,0,0,0,0,0,3,1044.109589464861,582.7389344262294,1096.6170634920634,1140.7624489795917,4,0.5000000000000001,0.8660254037844386,0,0,2
A1,roll_04,persistence,2026-02-05 05:00:00+00:00,2026-02-05 06:00:00+00:00,0,1,2025-12-08T00:00:00+00:00,2026-02-02T00:00:00+00:00,2026-02-02T00:00:00+00:00,2026-02-09T00:00:00+00:00,2024.3182156133828,1980.2167272727272,44.10148834065558,0,night,0,0.0,0,2,0,0,0,0,0,0,0,0,0,0,0,0,0,0,0,0,0,0,0,0,0,0,3,2097.0978272491666,1140.7624489795917,2001.764661654136,1980.2167272727272,5,0.2588190451025207,0.9659258262890684,0,0,2
A1,roll_04,persistence,2026-02-05 06:00:00+00:00,2026-02-05 07:00:00+00:00,0,1,2025-12-08T00:00:00+00:00,2026-02-02T00:00:00+00:00,2026-02-02T00:00:00+00:00,2026-02-09T00:00:00+00:00,1672.158108108108,2024.3182156133828,-352.1601075052747,0,night,0,0.0,0,1,0,0,0,0,0,0,0,0,0,0,0,0,0,0,0,0,0,0,0,0,0,0,3,2101.717697546028,1980.2167272727272,2016.4624060150377,2024.3182156133828,6,6.123233995736766e-17,1.0,0,0,2
A1,roll_04,persistence,2026-02-05 07:00:00+00:00,2026-02-05 08:00:00+00:00,0,1,2025-12-08T00:00:00+00:00,2026-02-02T00:00:00+00:00,2026-02-02T00:00:00+00:00,2026-02-09T00:00:00+00:00,1393.502840909091,1672.158108108108,-278.6552671990171,1,low,0,0.0,0,1,0,0,0,0,0,0,0,0,0,0,0,0,0,0,0,0,0,0,0,0,0,0,3,1866.4684684137776,2024.3182156133828,1742.2797833935017,1672.158108108108,7,-0.2588190451025206,0.9659258262890684,0,0,2
A1,roll_04,persistence,2026-02-05 08:00:00+00:00,2026-02-05 09:00:00+00:00,0,1,2025-12-08T00:00:00+00:00,2026-02-02T00:00:00+00:00,2026-02-02T00:00:00+00:00,2026-02-09T00:00:00+00:00,1354.447186147186,1393.502840909091,-39.05565476190509,1,low,0,0.0,0,1,0,0,0,0,0,0,0,0,0,0,0,0,0,0,0,0,0,0,0,0,0,0,3,1765.7431687797225,1672.158108108108,1544.9358649789028,1393.502840909091,8,-0.4999999999999998,0.8660254037844387,0,0,2
A1,roll_04,persistence,2026-02-05 09:00:00+00:00,2026-02-05 10:00:00+00:00,0,1,2025-12-08T00:00:00+00:00,2026-02-02T00:00:00+00:00,2026-02-02T00:00:00+00:00,2026-02-09T00:00:00+00:00,662.0819532908704,1354.447186147186,-692.3652328563155,1,low,0,0.0,0,2,0,0,0,0,0,0,0,0,0,0,0,0,0,0,0,0,0,0,0,0,0,0,3,1253.1664777410554,1393.502840909091,1741.7046808510638,1354.447186147186,9,-0.7071067811865475,0.7071067811865476,0,0,2
A1,roll_04,persistence,2026-02-05 10:00:00+00:00,2026-02-05 11:00:00+00:00,0,1,2025-12-08T00:00:00+00:00,2026-02-02T00:00:00+00:00,2026-02-02T00:00:00+00:00,2026-02-09T00:00:00+00:00,-1116.5161157024795,662.0819532908704,-1778.59806899335,1,med,0,0.0,0,2,0,0,0,0,0,0,0,0,0,0,0,0,0,0,0,0,0,0,0,0,0,0,3,948.2308555061112,1354.447186147186,1733.1420765027322,662.0819532908704,10,-0.8660254037844387,0.4999999999999999,0,0,2
A1,roll_04,persistence,2026-02-05 11:00:00+00:00,2026-02-05 12:00:00+00:00,0,1,2025-12-08T00:00:00+00:00,2026-02-02T00:00:00+00:00,2026-02-02T00:00:00+00:00,2026-02-09T00:00:00+00:00,-936.9505836575876,-1116.5161157024795,179.56553204489194,1,high,0,0.0,0,2,1,0,0,0,0,0,0,0,0,0,0,0,0,0,0,0,0,0,0,0,0,0,3,1415.7808458588888,662.0819532908704,902.2468599033816,-1116.5161157024795,11,-0.9659258262890682,0.258819045102521,0,0,2
A1,roll_04,persistence,2026-02-05 12:00:00+00:00,2026-02-05 13:00:00+00:00,0,1,2025-12-08T00:00:00+00:00,2026-02-02T00:00:00+00:00,2026-02-02T00:00:00+00:00,2026-02-09T00:00:00+00:00,-837.3921487603305,-936.9505836575876,99.55843489725703,1,high,0,0.0,0,3,1,0,0,0,0,0,0,0,0,0,0,0,0,0,0,0,0,0,0,0,0,0,3,347.5551561380278,-1116.5161157024795,2676.460583941606,-936.9505836575876,12,-1.0,1.2246467991473532e-16,0,0,2
A1,roll_04,persistence,2026-02-05 13:00:00+00:00,2026-02-05 14:00:00+00:00,0,1,2025-12-08T00:00:00+00:00,2026-02-02T00:00:00+00:00,2026-02-02T00:00:00+00:00,2026-02-09T00:00:00+00:00,-375.85170454545454,-837.3921487603305,461.540444214876,1,high,0,0.0,0,3,1,0,0,0,0,0,0,0,0,0,0,0,0,0,0,0,0,0,0,0,0,0,3,-402.3519291878333,-936.9505836575876,3913.525657894737,-837.3921487603305,13,-0.9659258262890684,-0.2588190451025208,0,0,2
A1,roll_04,persistence,2026-02-05 14:00:00+00:00,2026-02-05 15:00:00+00:00,0,1,2025-12-08T00:00:00+00:00,2026-02-02T00:00:00+00:00,2026-02-02T00:00:00+00:00,2026-02-09T00:00:00+00:00,735.4822981366459,-375.85170454545454,1111.3340026821004,1,med,0,0.0,0,3,1,0,0,0,0,0,0,0,0,0,0,0,0,0,0,0,0,0,0,0,0,0,3,1092.5960639581945,-837.3921487603305,2946.6394495412846,-375.85170454545454,14,-0.8660254037844388,-0.4999999999999997,0,0,2
A1,roll_04,persistence,2026-02-05 15:00:00+00:00,2026-02-05 16:00:00+00:00,0,1,2025-12-08T00:00:00+00:00,2026-02-02T00:00:00+00:00,2026-02-02T00:00:00+00:00,2026-02-09T00:00:00+00:00,773.8824840764331,735.4822981366459,38.40018593978721,1,low,0,0.0,0,4,0,0,0,0,0,0,0,0,0,0,0,0,0,0,0,0,0,0,0,0,0,0,3,462.4739155892223,-375.85170454545454,2754.6374269005846,735.4822981366459,15,-0.7071067811865479,-0.7071067811865471,0,0,2
A1,roll_04,persistence,2026-02-05 16:00:00+00:00,2026-02-05 17:00:00+00:00,0,1,2025-12-08T00:00:00+00:00,2026-02-02T00:00:00+00:00,2026-02-02T00:00:00+00:00,2026-02-09T00:00:00+00:00,822.6935275080906,773.8824840764331,48.81104343165748,1,low,0,0.0,0,3,0,0,0,0,0,0,0,0,0,0,0,0,0,0,0,0,0,0,0,0,0,0,3,1737.4693776433332,735.4822981366459,2882.762139917695,773.8824840764331,16,-0.5000000000000004,-0.8660254037844385,0,0,2
A1,roll_04,persistence,2026-02-05 17:00:00+00:00,2026-02-05 18:00:00+00:00,0,1,2025-12-08T00:00:00+00:00,2026-02-02T00:00:00+00:00,2026-02-02T00:00:00+00:00,2026-02-09T00:00:00+00:00,1374.275974025974,822.6935275080906,551.5824465178833,0,night,0,0.0,0,3,0,1,1,0,1,0,0,0,0,1,1,0,1,0,0,0,1,0,0,0,0,0,3,2296.247373537611,773.8824840764331,4170.079435483871,822.6935275080906,17,-0.2588190451025206,-0.9659258262890684,0,0,2
A1,roll_04,persistence,2026-02-05 18:00:00+00:00,2026-02-05 19:00:00+00:00,0,1,2025-12-08T00:00:00+00:00,2026-02-02T00:00:00+00:00,2026-02-02T00:00:00+00:00,2026-02-09T00:00:00+00:00,1357.352397260274,1374.275974025974,-16.923576765699863,0,night,0,0.0,0,2,0,0,0,0,0,0,0,0,0,0,0,0,0,0,0,0,0,0,0,0,0,0,3,773.5572774640833,822.6935275080906,3388.3426229508195,1374.275974025974,18,-1.8369701987210292e-16,-1.0,0,0,2
A1,roll_04,persistence,2026-02-05 19:00:00+00:00,2026-02-05 20:00:00+00:00,0,1,2025-12-08T00:00:00+00:00,2026-02-02T00:00:00+00:00,2026-02-02T00:00:00+00:00,2026-02-09T00:00:00+00:00,756.398866855524,1357.352397260274,-600.95353040475,0,night,0,0.0,0,2,0,0,0,0,0,0,0,0,0,0,0,0,0,0,0,0,0,0,0,0,0,0,3,2461.1030846526387,1374.275974025974,3374.507818930041,1357.352397260274,19,0.2588190451025203,-0.9659258262890684,0,0,2
A1,roll_04,persistence,2026-02-05 20:00:00+00:00,2026-02-05 21:00:00+00:00,0,1,2025-12-08T00:00:00+00:00,2026-02-02T00:00:00+00:00,2026-02-02T00:00:00+00:00,2026-02-09T00:00:00+00:00,1207.6818181818182,756.398866855524,451.2829513262942,0,night,0,0.0,0,2,0,0,0,0,0,0,0,0,0,0,0,0,0,0,0,0,0,0,0,0,0,0,3,738.0341406504722,1357.352397260274,3326.137804878049,756.398866855524,20,0.5000000000000001,-0.8660254037844386,0,0,2
A1,roll_04,persistence,2026-02-05 21:00:00+00:00,2026-02-05 22:00:00+00:00,0,1,2025-12-08T00:00:00+00:00,2026-02-02T00:00:00+00:00,2026-02-02T00:00:00+00:00,2026-02-09T00:00:00+00:00,799.4336507936508,1207.6818181818182,-408.2481673881674,0,night,0,0.0,0,2,0,0,0,0,0,0,0,0,0,0,0,0,0,0,0,0,0,0,0,0,0,0,3,1046.6185902225832,756.398866855524,2641.1531380753136,1207.6818181818182,21,0.7071067811865474,-0.7071067811865477,0,0,2
A1,roll_04,persistence,2026-02-05 22:00:00+00:00,2026-02-05 23:00:00+00:00,0,1,2025-12-08T00:00:00+00:00,2026-02-02T00:00:00+00:00,2026-02-02T00:00:00+00:00,2026-02-09T00:00:00+00:00,632.1702602230483,799.4336507936508,-167.2633905706025,0,night,0,0.0,0,2,0,1,1,0,4,0,0,0,1,0,1,0,1,0,0,0,1,0,0,0,0,0,3,366.5958732328333,1207.6818181818182,2707.4724576271187,799.4336507936508,22,0.8660254037844384,-0.5000000000000004,0,0,2
A1,roll_04,persistence,2026-02-05 23:00:00+00:00,2026-02-06 00:00:00+00:00,0,1,2025-12-08T00:00:00+00:00,2026-02-02T00:00:00+00:00,2026-02-02T00:00:00+00:00,2026-02-09T00:00:00+00:00,577.5668032786884,632.1702602230483,-54.60345694435989,0,night,0,0.0,0,2,0,1,1,0,4,0,0,0,1,0,1,0,1,0,0,0,1,0,0,0,0,0,3,363.3738909241667,799.4336507936508,2638.623580786026,632.1702602230483,23,0.965925826289068,-0.2588190451025215,0,0,2
A1,roll_04,persistence,2026-02-06 00:00:00+00:00,2026-02-06 01:00:00+00:00,0,1,2025-12-08T00:00:00+00:00,2026-02-02T00:00:00+00:00,2026-02-02T00:00:00+00:00,2026-02-09T00:00:00+00:00,580.2045454545455,577.5668032786884,2.6377421758570563,0,night,0,0.0,0,2,0,1,1,0,4,0,0,0,1,0,1,0,1,0,0,0,1,0,0,0,0,0,4,372.9620775262778,632.1702602230483,735.8008196721311,577.5668032786884,0,1.0,0.0,0,0,2
A1,roll_04,persistence,2026-02-06 01:00:00+00:00,2026-02-06 02:00:00+00:00,0,1,2025-12-08T00:00:00+00:00,2026-02-02T00:00:00+00:00,2026-02-02T00:00:00+00:00,2026-02-09T00:00:00+00:00,575.4979166666667,580.2045454545455,-4.706628787878799,0,night,0,0.0,0,2,0,1,1,0,4,0,0,0,1,0,1,0,1,0,0,0,1,0,0,0,0,0,4,407.8405305781389,577.5668032786884,572.743621399177,580.2045454545455,1,0.9659258262890684,0.2588190451025207,0,0,2
A1,roll_04,persistence,2026-02-06 02:00:00+00:00,2026-02-06 03:00:00+00:00,0,1,2025-12-08T00:00:00+00:00,2026-02-02T00:00:00+00:00,2026-02-02T00:00:00+00:00,2026-02-09T00:00:00+00:00,574.4534979423869,575.4979166666667,-1.044418724279808,0,night,0,0.0,0,2,0,0,0,0,0,0,0,0,0,0,0,0,0,0,0,0,0,0,0,0,0,0,4,371.0950655588056,580.2045454545455,576.4938524590164,575.4979166666667,2,0.8660254037844387,0.4999999999999999,0,0,2
A1,roll_04,persistence,2026-02-06 03:00:00+00:00,2026-02-06 04:00:00+00:00,0,1,2025-12-08T00:00:00+00:00,2026-02-02T00:00:00+00:00,2026-02-02T00:00:00+00:00,2026-02-09T00:00:00+00:00,1180.2426294820718,574.4534979423869,605.789131539685,0,night,0,0.0,0,2,0,0,0,0,0,0,0,0,0,0,0,0,0,0,0,0,0,0,0,0,0,0,4,377.9953876609166,575.4979166666667,582.7389344262294,574.4534979423869,3,0.7071067811865476,0.7071067811865476,0,0,2
A1,roll_04,persistence,2026-02-06 04:00:00+00:00,2026-02-06 05:00:00+00:00,0,1,2025-12-08T00:00:00+00:00,2026-02-02T00:00:00+00:00,2026-02-02T00:00:00+00:00,2026-02-09T00:00:00+00:00,2027.4632958801496,1180.2426294820718,847.2206663980778,0,night,0,0.0,0,2,0,0,0,0,0,0,0,0,0,0,0,0,0,0,0,0,0,0,0,0,0,0,4,1042.5099112287778,574.4534979423869,1140.7624489795917,1180.2426294820718,4,0.5000000000000001,0.8660254037844386,0,0,2
A1,roll_04,persistence,2026-02-06 05:00:00+00:00,2026-02-06 06:00:00+00:00,0,1,2025-12-08T00:00:00+00:00,2026-02-02T00:00:00+00:00,2026-02-02T00:00:00+00:00,2026-02-09T00:00:00+00:00,2067.114606741573,2027.4632958801496,39.651310861423326,0,night,0,0.0,0,2,0,0,0,0,0,0,0,0,0,0,0,0,0,0,0,0,0,0,0,0,0,0,4,2043.280496847389,1180.2426294820718,1980.2167272727272,2027.4632958801496,5,0.2588190451025207,0.9659258262890684,0,0,2
A1,roll_04,persistence,2026-02-06 06:00:00+00:00,2026-02-06 07:00:00+00:00,0,1,2025-12-08T00:00:00+00:00,2026-02-02T00:00:00+00:00,2026-02-02T00:00:00+00:00,2026-02-09T00:00:00+00:00,1597.1892857142857,2067.114606741573,-469.9253210272873,0,night,0,0.0,0,2,0,0,0,0,0,0,0,0,0,0,0,0,0,0,0,0,0,0,0,0,0,0,4,2356.0469720826945,2027.4632958801496,2024.3182156133828,2067.114606741573,6,6.123233995736766e-17,1.0,0,0,2
A1,roll_04,persistence,2026-02-06 07:00:00+00:00,2026-02-06 08:00:00+00:00,0,1,2025-12-08T00:00:00+00:00,2026-02-02T00:00:00+00:00,2026-02-02T00:00:00+00:00,2026-02-09T00:00:00+00:00,1538.8590163934423,1597.1892857142857,-58.3302693208434,1,low,0,0.0,0,2,0,0,0,0,0,0,0,0,0,0,0,0,0,0,0,0,0,0,0,0,0,0,4,2415.724502125278,2067.114606741573,1672.158108108108,1597.1892857142857,7,-0.2588190451025206,0.9659258262890684,0,0,2
A1,roll_04,persistence,2026-02-06 08:00:00+00:00,2026-02-06 09:00:00+00:00,0,1,2025-12-08T00:00:00+00:00,2026-02-02T00:00:00+00:00,2026-02-02T00:00:00+00:00,2026-02-09T00:00:00+00:00,808.640361445783,1538.8590163934423,-730.2186549476593,1,low,0,0.0,0,2,0,0,0,0,0,0,0,0,0,0,0,0,0,0,0,0,0,0,0,0,0,0,4,2088.875723270194,1597.1892857142857,1393.502840909091,1538.8590163934423,8,-0.4999999999999998,0.8660254037844387,0,0,2
A1,roll_04,persistence,2026-02-06 09:00:00+00:00,2026-02-06 10:00:00+00:00,0,1,2025-12-08T00:00:00+00:00,2026-02-02T00:00:00+00:00,2026-02-02T00:00:00+00:00,2026-02-09T00:00:00+00:00,1106.088343558282,808.640361445783,297.44798211249906,1,low,0,0.0,0,2,0,0,0,0,0,0,0,0,0,0,0,0,0,0,0,0,0,0,0,0,0,0,4,1376.5848081650277,1538.8590163934423,1354.447186147186,808.640361445783,9,-0.7071067811865475,0.7071067811865476,0,0,2
A1,roll_04,persistence,2026-02-06 10:00:00+00:00,2026-02-06 11:00:00+00:00,0,1,2025-12-08T00:00:00+00:00,2026-02-02T00:00:00+00:00,2026-02-02T00:00:00+00:00,2026-02-09T00:00:00+00:00,-642.7065420560747,1106.088343558282,-1748.7948856143566,1,med,0,0.0,0,2,0,0,0,0,0,0,0,0,0,0,0,0,0,0,0,0,0,0,0,0,0,0,4,637.5708449115556,808.640361445783,662.0819532908704,1106.088343558282,10,-0.8660254037844387,0.4999999999999999,0,0,2
A1,roll_04,persistence,2026-02-06 11:00:00+00:00,2026-02-06 12:00:00+00:00,0,1,2025-12-08T00:00:00+00:00,2026-02-02T00:00:00+00:00,2026-02-02T00:00:00+00:00,2026-02-09T00:00:00+00:00,-1011.863082437276,-642.7065420560747,-369.15654038120135,1,high,0,0.0,0,3,1,0,0,0,0,0,0,0,0,0,0,0,0,0,0,0,0,0,0,0,0,0,4,-1038.640299738972,1106.088343558282,-1116.5161157024795,-642.7065420560747,11,-0.9659258262890682,0.258819045102521,0,0,2
A1,roll_04,persistence,2026-02-06 12:00:00+00:00,2026-02-06 13:00:00+00:00,0,1,2025-12-08T00:00:00+00:00,2026-02-02T00:00:00+00:00,2026-02-02T00:00:00+00:00,2026-02-09T00:00:00+00:00,-893.904280155642,-1011.863082437276,117.95880228163401,1,high,0,0.0,0,3,1,0,0,0,0,0,0,0,0,0,0,0,0,0,0,0,0,0,0,0,0,0,4,338.58896643852773,-642.7065420560747,-936.9505836575876,-1011.863082437276,12,-1.0,1.2246467991473532e-16,0,0,2
A1,roll_04,persistence,2026-02-06 13:00:00+00:00,2026-02-06 14:00:00+00:00,0,1,2025-12-08T00:00:00+00:00,2026-02-02T00:00:00+00:00,2026-02-02T00:00:00+00:00,2026-02-09T00:00:00+00:00,-665.2588028169014,-893.904280155642,228.64547733874065,1,high,0,0.0,0,3,1,0,0,0,0,0,0,0,0,0,0,0,0,0,0,0,0,0,0,0,0,0,4,-266.5041079402778,-1011.863082437276,-837.3921487603305,-893.904280155642,13,-0.9659258262890684,-0.2588190451025208,0,0,2
A1,roll_04,persistence,2026-02-06 14:00:00+00:00,2026-02-06 15:00:00+00:00,0,1,2025-12-08T00:00:00+00:00,2026-02-02T00:00:00+00:00,2026-02-02T00:00:00+00:00,2026-02-09T00:00:00+00:00,710.4511864406779,-665.2588028169014,1375.7099892575793,1,med,0,0.0,0,3,1,0,0,0,0,0,0,0,0,0,0,0,0,0,0,0,0,0,0,0,0,0,4,376.1624140875,-893.904280155642,-375.85170454545454,-665.2588028169014,14,-0.8660254037844388,-0.4999999999999997,0,0,2
A1,roll_04,persistence,2026-02-06 15:00:00+00:00,2026-02-06 16:00:00+00:00,0,1,2025-12-08T00:00:00+00:00,2026-02-02T00:00:00+00:00,2026-02-02T00:00:00+00:00,2026-02-09T00:00:00+00:00,641.5711610486892,710.4511864406779,-68.88002539198874,1,med,0,0.0,0,3,0,0,0,0,0,0,0,0,0,0,0,0,0,0,0,0,0,0,0,0,0,0,4,1082.7555175266666,-665.2588028169014,735.4822981366459,710.4511864406779,15,-0.7071067811865479,-0.7071067811865471,0,0,2
A1,roll_04,persistence,2026-02-06 16:00:00+00:00,2026-02-06 17:00:00+00:00,0,1,2025-12-08T00:00:00+00:00,2026-02-02T00:00:00+00:00,2026-02-02T00:00:00+00:00,2026-02-09T00:00:00+00:00,1208.6992857142857,641.5711610486892,567.1281246655965,1,low,0,0.0,0,3,0,0,0,0,0,0,0,0,0,0,0,0,0,0,0,0,0,0,0,0,0,0,4,1956.864773614972,710.4511864406779,773.8824840764331,641.5711610486892,16,-0.5000000000000004,-0.8660254037844385,0,0,2
A1,roll_04,persistence,2026-02-06 17:00:00+00:00,2026-02-06 18:00:00+00:00,0,1,2025-12-08T00:00:00+00:00,2026-02-02T00:00:00+00:00,2026-02-02T00:00:00+00:00,2026-02-09T00:00:00+00:00,1998.979389312977,1208.6992857142857,790.2801035986913,0,night,0,0.0,0,3,0,0,0,0,0,0,0,0,0,0,0,0,0,0,0,0,0,0,0,0,0,0,4,2558.768179305,641.5711610486892,822.6935275080906,1208.6992857142857,17,-0.2588190451025206,-0.9659258262890684,0,0,2
A1,roll_04,persistence,2026-02-06 18:00:00+00:00,2026-02-06 19:00:00+00:00,0,1,2025-12-08T00:00:00+00:00,2026-02-02T00:00:00+00:00,2026-02-02T00:00:00+00:00,2026-02-09T00:00:00+00:00,1523.3758957654725,1998.979389312977,-475.6034935475045,0,night,0,0.0,0,2,0,0,0,0,0,0,0,0,0,0,0,0,0,0,0,0,0,0,0,0,0,0,4,1987.7934036818888,1208.6992857142857,1374.275974025974,1998.979389312977,18,-1.8369701987210292e-16,-1.0,0,0,2
A1,roll_04,persistence,2026-02-06 19:00:00+00:00,2026-02-06 20:00:00+00:00,0,1,2025-12-08T00:00:00+00:00,2026-02-02T00:00:00+00:00,2026-02-02T00:00:00+00:00,2026-02-09T00:00:00+00:00,912.399686520376,1523.3758957654725,-610.9762092450965,0,night,0,0.0,0,2,0,0,0,0,0,0,0,0,0,0,0,0,0,0,0,0,0,0,0,0,0,0,4,1676.7119280521667,1998.979389312977,1357.352397260274,1523.3758957654725,19,0.2588190451025203,-0.9659258262890684,0,0,2
A1,roll_04,persistence,2026-02-06 20:00:00+00:00,2026-02-06 21:00:00+00:00,0,1,2025-12-08T00:00:00+00:00,2026-02-02T00:00:00+00:00,2026-02-02T00:00:00+00:00,2026-02-09T00:00:00+00:00,912.399686520376,912.399686520376,0.0,0,night,0,0.0,0,2,0,0,0,0,0,0,0,0,0,0,0,0,0,0,0,0,0,0,0,0,0,0,4,1399.5987402705557,1523.3758957654725,756.398866855524,912.399686520376,20,0.5000000000000001,-0.8660254037844386,0,0,2
A1,roll_04,persistence,2026-02-06 21:00:00+00:00,2026-02-06 22:00:00+00:00,0,1,2025-12-08T00:00:00+00:00,2026-02-02T00:00:00+00:00,2026-02-02T00:00:00+00:00,2026-02-09T00:00:00+00:00,912.399686520376,912.399686520376,0.0,0,night,0,0.0,0,2,0,1,4,8,8,8,10,0,1,0,1,1,1,1,1,1,1,1,1,1,1,1,4,1395.9087899032777,912.399686520376,1207.6818181818182,912.399686520376,21,0.7071067811865474,-0.7071067811865477,0,0,2
A1,roll_04,persistence,2026-02-06 22:00:00+00:00,2026-02-06 23:00:00+00:00,0,1,2025-12-08T00:00:00+00:00,2026-02-02T00:00:00+00:00,2026-02-02T00:00:00+00:00,2026-02-09T00:00:00+00:00,912.399686520376,912.399686520376,0.0,0,night,0,0.0,0,2,0,1,4,8,8,8,10,0,1,0,1,1,1,1,1,1,1,1,1,1,1,1,4,617.2218638224722,912.399686520376,799.4336507936508,912.399686520376,22,0.8660254037844384,-0.5000000000000004,0,0,2
A1,roll_04,persistence,2026-02-06 23:00:00+00:00,2026-02-07 00:00:00+00:00,0,1,2025-12-08T00:00:00+00:00,2026-02-02T00:00:00+00:00,2026-02-02T00:00:00+00:00,2026-02-09T00:00:00+00:00,912.399686520376,912.399686520376,0.0,0,night,0,0.0,0,2,0,1,4,8,8,8,10,0,1,0,1,1,1,1,1,1,1,1,1,1,1,1,4,560.833410557,912.399686520376,632.1702602230483,912.399686520376,23,0.965925826289068,-0.2588190451025215,0,0,2
A1,roll_04,persistence,2026-02-07 00:00:00+00:00,2026-02-07 01:00:00+00:00,0,1,2025-12-08T00:00:00+00:00,2026-02-02T00:00:00+00:00,2026-02-02T00:00:00+00:00,2026-02-09T00:00:00+00:00,912.399686520376,912.399686520376,0.0,0,night,0,0.0,0,2,0,1,4,8,8,8,10,0,1,0,1,1,1,1,1,1,1,1,1,1,1,1,5,568.5592018373611,912.399686520376,577.5668032786884,912.399686520376,0,1.0,0.0,0,1,2
A1,roll_04,persistence,2026-02-07 01:00:00+00:00,2026-02-07 02:00:00+00:00,0,1,2025-12-08T00:00:00+00:00,2026-02-02T00:00:00+00:00,2026-02-02T00:00:00+00:00,2026-02-09T00:00:00+00:00,912.399686520376,912.399686520376,0.0,0,night,0,0.0,0,2,0,1,4,8,8,8,10,0,1,0,1,1,1,1,1,1,1,1,1,1,1,1,5,560.2704962234167,912.399686520376,580.2045454545455,912.399686520376,1,0.9659258262890684,0.2588190451025207,0,1,2
A1,roll_04,persistence,2026-02-07 02:00:00+00:00,2026-02-07 03:00:00+00:00,0,1,2025-12-08T00:00:00+00:00,2026-02-02T00:00:00+00:00,2026-02-02T00:00:00+00:00,2026-02-09T00:00:00+00:00,1030.863562636764,912.399686520376,118.46387611638806,0,night,0,0.0,0,2,0,1,4,8,8,8,10,0,1,0,1,1,1,1,1,1,1,1,1,1,1,1,5,565.4011130005833,912.399686520376,575.4979166666667,912.399686520376,2,0.8660254037844387,0.4999999999999999,0,1,2
A1,roll_04,persistence,2026-02-07 03:00:00+00:00,2026-02-07 04:00:00+00:00,0,1,2025-12-08T00:00:00+00:00,2026-02-02T00:00:00+00:00,2026-02-02T00:00:00+00:00,2026-02-09T00:00:00+00:00,1030.863562636764,1030.863562636764,0.0,0,night,0,0.0,0,2,0,1,4,8,8,8,10,0,0,1,1,1,1,1,1,1,1,1,1,1,1,1,5,568.1319450434166,912.399686520376,574.4534979423869,1030.863562636764,3,0.7071067811865476,0.7071067811865476,0,1,2
A1,roll_04,persistence,2026-02-07 04:00:00+00:00,2026-02-07 05:00:00+00:00,0,1,2025-12-08T00:00:00+00:00,2026-02-02T00:00:00+00:00,2026-02-02T00:00:00+00:00,2026-02-09T00:00:00+00:00,2298.011320754717,1030.863562636764,1267.147758117953,0,night,0,0.0,0,2,0,1,4,8,8,8,10,0,0,1,1,1,1,1,1,1,1,1,1,1,1,1,5,1108.9278010010555,1030.863562636764,1180.2426294820718,1030.863562636764,4,0.5000000000000001,0.8660254037844386,0,1,2
A1,roll_04,persistence,2026-02-07 05:00:00+00:00,2026-02-07 06:00:00+00:00,0,1,2025-12-08T00:00:00+00:00,2026-02-02T00:00:00+00:00,2026-02-02T00:00:00+00:00,2026-02-09T00:00:00+00:00,2062.442647058824,2298.011320754717,-235.5686736958928,0,night,0,0.0,0,2,0,1,1,0,0,0,10,0,0,0,0,0,0,0,1,0,0,0,1,0,0,1,5,1973.961116742889,1030.863562636764,2027.4632958801496,2298.011320754717,5,0.2588190451025207,0.9659258262890684,0,1,2
A1,roll_04,persistence,2026-02-07 06:00:00+00:00,2026-02-07 07:00:00+00:00,0,1,2025-12-08T00:00:00+00:00,2026-02-02T00:00:00+00:00,2026-02-02T00:00:00+00:00,2026-02-09T00:00:00+00:00,1559.708875739645,2062.442647058824,-502.73377131917914,0,night,0,0.0,0,2,0,1,1,0,0,0,10,0,0,0,0,0,0,0,1,0,0,0,1,0,0,1,5,2133.987086771556,2298.011320754717,2067.114606741573,2062.442647058824,6,6.123233995736766e-17,1.0,0,1,2
A1,roll_04,persistence,2026-02-07 07:00:00+00:00,2026-02-07 08:00:00+00:00,0,1,2025-12-08T00:00:00+00:00,2026-02-02T00:00:00+00:00,2026-02-02T00:00:00+00:00,2026-02-09T00:00:00+00:00,706.9373134328358,1559.708875739645,-852.7715623068092,1,low,0,0.0,0,2,0,0,0,0,0,0,0,0,0,0,0,0,0,0,0,0,0,0,0,0,0,0,5,1020.5726502083334,2062.442647058824,1597.1892857142857,1559.708875739645,7,-0.2588190451025206,0.9659258262890684,0,1,2
A1,roll_04,persistence,2026-02-07 08:00:00+00:00,2026-02-07 09:00:00+00:00,0,1,2025-12-08T00:00:00+00:00,2026-02-02T00:00:00+00:00,2026-02-02T00:00:00+00:00,2026-02-09T00:00:00+00:00,632.1936915887851,706.9373134328358,-74.74362184405072,1,low,0,0.0,0,2,0,0,0,0,0,0,0,0,0,0,0,0,0,0,0,0,0,0,0,0,0,0,5,419.2874801181944,1559.708875739645,1538.8590163934423,706.9373134328358,8,-0.4999999999999998,0.8660254037844387,0,1,2
A1,roll_04,persistence,2026-02-07 09:00:00+00:00,2026-02-07 10:00:00+00:00,0,1,2025-12-08T00:00:00+00:00,2026-02-02T00:00:00+00:00,2026-02-02T00:00:00+00:00,2026-02-09T00:00:00+00:00,578.2054744525547,632.1936915887851,-53.988217136230446,1,low,0,0.0,0,2,0,0,0,0,0,0,0,0,0,0,0,0,0,0,0,0,0,0,0,0,0,0,5,250.3521221068889,706.9373134328358,808.640361445783,632.1936915887851,9,-0.7071067811865475,0.7071067811865476,0,1,2
A1,roll_04,persistence,2026-02-07 10:00:00+00:00,2026-02-07 11:00:00+00:00,0,1,2025-12-08T00:00:00+00:00,2026-02-02T00:00:00+00:00,2026-02-02T00:00:00+00:00,2026-02-09T00:00:00+00:00,-41.95252679938744,578.2054744525547,-620.1580012519421,1,low,0,0.0,0,2,0,0,0,0,0,0,0,0,0,0,0,0,0,0,0,0,0,0,0,0,0,0,5,334.93582907008334,632.1936915887851,1106.088343558282,578.2054744525547,10,-0.8660254037844387,0.4999999999999999,0,1,2
A1,roll_04,persistence,2026-02-07 11:00:00+00:00,2026-02-07 12:00:00+00:00,0,1,2025-12-08T00:00:00+00:00,2026-02-02T00:00:00+00:00,2026-02-02T00:00:00+00:00,2026-02-09T00:00:00+00:00,446.3483552631579,-41.95252679938744,488.3008820625453,1,high,0,0.0,0,3,1,0,0,0,0,0,0,0,0,0,0,0,0,0,0,0,0,0,0,0,0,0,5,-25.482023055444444,578.2054744525547,-642.7065420560747,-41.95252679938744,11,-0.9659258262890682,0.258819045102521,0,1,2
A1,roll_04,persistence,2026-02-07 12:00:00+00:00,2026-02-07 13:00:00+00:00,0,1,2025-12-08T00:00:00+00:00,2026-02-02T00:00:00+00:00,2026-02-02T00:00:00+00:00,2026-02-09T00:00:00+00:00,632.8982843137255,446.3483552631579,186.54992905056764,1,med,0,0.0,0,3,0,0,0,0,0,0,0,0,0,0,0,0,0,0,0,0,0,0,0,0,0,0,5,-362.59401059927774,-41.95252679938744,-1011.863082437276,446.3483552631579,12,-1.0,1.2246467991473532e-16,0,1,2
A1,roll_04,persistence,2026-02-07 13:00:00+00:00,2026-02-07 14:00:00+00:00,0,1,2025-12-08T00:00:00+00:00,2026-02-02T00:00:00+00:00,2026-02-02T00:00:00+00:00,2026-02-09T00:00:00+00:00,561.9701612903226,632.8982843137255,-70.92812302340292,1,low,0,0.0,0,3,0,0,0,0,0,0,0,0,0,0,0,0,0,0,0,0,0,0,0,0,0,0,5,-31.184125589083333,446.3483552631579,-893.904280155642,632.8982843137255,13,-0.9659258262890684,-0.2588190451025208,0,1,2
A1,roll_04,persistence,2026-02-07 14:00:00+00:00,2026-02-07 15:00:00+00:00,0,1,2025-12-08T00:00:00+00:00,2026-02-02T00:00:00+00:00,2026-02-02T00:00:00+00:00,2026-02-09T00:00:00+00:00,334.5904761904762,561.9701612903226,-227.37968509984643,1,low,0,0.0,0,3,0,0,0,0,0,0,0,0,0,0,0,0,0,0,0,0,0,0,0,0,0,0,5,-90.87281389516666,632.8982843137255,-665.2588028169014,561.9701612903226,14,-0.8660254037844388,-0.4999999999999997,0,1,2
A1,roll_04,persistence,2026-02-07 15:00:00+00:00,2026-02-07 16:00:00+00:00,0,1,2025-12-08T00:00:00+00:00,2026-02-02T00:00:00+00:00,2026-02-02T00:00:00+00:00,2026-02-09T00:00:00+00:00,645.034188034188,334.5904761904762,310.4437118437118,1,low,0,0.0,0,3,0,0,0,0,0,0,0,0,0,0,0,0,0,0,0,0,0,0,0,0,0,0,5,422.2890764387501,561.9701612903226,710.4511864406779,334.5904761904762,15,-0.7071067811865479,-0.7071067811865471,0,1,2
A1,roll_04,persistence,2026-02-07 16:00:00+00:00,2026-02-07 17:00:00+00:00,0,1,2025-12-08T00:00:00+00:00,2026-02-02T00:00:00+00:00,2026-02-02T00:00:00+00:00,2026-02-09T00:00:00+00:00,804.1076923076923,645.034188034188,159.07350427350434,1,low,0,0.0,0,3,0,0,0,0,0,0,0,0,0,0,0,0,0,0,0,0,0,0,0,0,0,0,5,514.5742918275556,334.5904761904762,641.5711610486892,645.034188034188,16,-0.5000000000000004,-0.8660254037844385,0,1,2
A1,roll_04,persistence,2026-02-07 17:00:00+00:00,2026-02-07 18:00:00+00:00,0,1,2025-12-08T00:00:00+00:00,2026-02-02T00:00:00+00:00,2026-02-02T00:00:00+00:00,2026-02-09T00:00:00+00:00,1198.3504918032788,804.1076923076923,394.2427994955865,0,night,0,0.0,0,3,0,1,1,0,2,0,0,0,0,1,1,0,1,0,0,0,1,0,0,0,0,0,5,555.1924943127777,645.034188034188,1208.6992857142857,804.1076923076923,17,-0.2588190451025206,-0.9659258262890684,0,1,2
A1,roll_04,persistence,2026-02-07 18:00:00+00:00,2026-02-07 19:00:00+00:00,0,1,2025-12-08T00:00:00+00:00,2026-02-02T00:00:00+00:00,2026-02-02T00:00:00+00:00,2026-02-09T00:00:00+00:00,1452.110101010101,1198.3504918032788,253.75960920682223,0,night,0,0.0,0,2,0,1,1,0,2,0,0,0,0,1,1,0,1,0,0,0,1,0,0,0,0,0,5,563.0741589198611,804.1076923076923,1998.979389312977,1198.3504918032788,18,-1.8369701987210292e-16,-1.0,0,1,2
A1,roll_04,persistence,2026-02-07 19:00:00+00:00,2026-02-07 20:00:00+00:00,0,1,2025-12-08T00:00:00+00:00,2026-02-02T00:00:00+00:00,2026-02-02T00:00:00+00:00,2026-02-09T00:00:00+00:00,497.8637305699482,1452.110101010101,-954.2463704401529,0,night,0,0.0,0,2,0,0,0,0,0,0,0,0,0,0,0,0,0,0,0,0,0,0,0,0,0,0,5,532.8345183753889,1198.3504918032788,1523.3758957654725,1452.110101010101,19,0.2588190451025203,-0.9659258262890684,0,1,2
A1,roll_04,persistence,2026-02-07 20:00:00+00:00,2026-02-07 21:00:00+00:00,0,1,2025-12-08T00:00:00+00:00,2026-02-02T00:00:00+00:00,2026-02-02T00:00:00+00:00,2026-02-09T00:00:00+00:00,872.810650887574,497.8637305699482,374.94692031762577,0,night,0,0.0,0,2,0,1,1,0,2,0,0,0,1,0,1,0,1,0,0,0,1,0,0,0,0,0,5,552.461400302111,1452.110101010101,912.399686520376,497.8637305699482,20,0.5000000000000001,-0.8660254037844386,0,1,2
A1,roll_04,persistence,2026-02-07 21:00:00+00:00,2026-02-07 22:00:00+00:00,0,1,2025-12-08T00:00:00+00:00,2026-02-02T00:00:00+00:00,2026-02-02T00:00:00+00:00,2026-02-09T00:00:00+00:00,509.871225071225,872.810650887574,-362.93942581634894,0,night,0,0.0,0,2,0,1,1,0,2,0,0,0,1,0,1,0,1,0,0,0,1,0,0,0,0,0,5,552.9098461985833,497.8637305699482,912.399686520376,872.810650887574,21,0.7071067811865474,-0.7071067811865477,0,1,2
A1,roll_04,persistence,2026-02-07 22:00:00+00:00,2026-02-07 23:00:00+00:00,0,1,2025-12-08T00:00:00+00:00,2026-02-02T00:00:00+00:00,2026-02-02T00:00:00+00:00,2026-02-09T00:00:00+00:00,378.2717213114754,509.871225071225,-131.5995037597496,0,night,0,0.0,0,2,0,0,0,0,0,0,0,0,0,0,0,0,0,0,0,0,0,0,0,0,0,0,5,560.803781971389,872.810650887574,912.399686520376,509.871225071225,22,0.8660254037844384,-0.5000000000000004,0,1,2
A1,roll_04,persistence,2026-02-07 23:00:00+00:00,2026-02-08 00:00:00+00:00,0,1,2025-12-08T00:00:00+00:00,2026-02-02T00:00:00+00:00,2026-02-02T00:00:00+00:00,2026-02-09T00:00:00+00:00,361.8569037656904,378.2717213114754,-16.414817545785013,0,night,0,0.0,0,2,0,1,1,0,8,0,0,0,1,0,1,0,1,0,0,0,1,0,0,0,0,0,5,565.2245665261389,509.871225071225,912.399686520376,378.2717213114754,23,0.965925826289068,-0.2588190451025215,0,1,2
A1,roll_04,persistence,2026-02-08 00:00:00+00:00,2026-02-08 01:00:00+00:00,0,1,2025-12-08T00:00:00+00:00,2026-02-02T00:00:00+00:00,2026-02-02T00:00:00+00:00,2026-02-09T00:00:00+00:00,374.6403225806452,361.8569037656904,12.783418814954814,0,night,0,0.0,0,2,0,1,1,0,8,0,0,0,1,0,1,0,1,0,0,0,1,0,0,0,0,0,6,564.1097782727777,378.2717213114754,912.399686520376,361.8569037656904,0,1.0,0.0,0,1,2
A1,roll_04,persistence,2026-02-08 01:00:00+00:00,2026-02-08 02:00:00+00:00,0,1,2025-12-08T00:00:00+00:00,2026-02-02T00:00:00+00:00,2026-02-02T00:00:00+00:00,2026-02-09T00:00:00+00:00,359.75774058577406,374.6403225806452,-14.882581994871146,0,night,0,0.0,0,2,0,1,1,0,8,0,0,0,1,0,1,0,1,0,0,0,1,0,0,0,0,0,6,533.409867254,361.8569037656904,912.399686520376,374.6403225806452,1,0.9659258262890684,0.2588190451025207,0,1,2
A1,roll_04,persistence,2026-02-08 02:00:00+00:00,2026-02-08 03:00:00+00:00,0,1,2025-12-08T00:00:00+00:00,2026-02-02T00:00:00+00:00,2026-02-02T00:00:00+00:00,2026-02-09T00:00:00+00:00,358.26639004149376,359.75774058577406,-1.4913505442802943,0,night,0,0.0,0,2,0,1,1,0,8,0,0,0,1,0,1,0,1,0,0,0,1,0,0,0,0,0,6,562.5751383565,374.6403225806452,912.399686520376,359.75774058577406,2,0.8660254037844387,0.4999999999999999,0,1,2
A1,roll_04,persistence,2026-02-08 03:00:00+00:00,2026-02-08 04:00:00+00:00,0,1,2025-12-08T00:00:00+00:00,2026-02-02T00:00:00+00:00,2026-02-02T00:00:00+00:00,2026-02-09T00:00:00+00:00,369.4539094650206,358.26639004149376,11.187519423526851,0,night,0,0.0,0,2,0,1,1,0,8,0,0,0,1,0,1,0,1,0,0,0,1,0,0,0,0,0,6,534.4757679513611,359.75774058577406,1030.863562636764,358.26639004149376,3,0.7071067811865476,0.7071067811865476,0,1,2
A1,roll_04,persistence,2026-02-08 04:00:00+00:00,2026-02-08 05:00:00+00:00,0,1,2025-12-08T00:00:00+00:00,2026-02-02T00:00:00+00:00,2026-02-02T00:00:00+00:00,2026-02-09T00:00:00+00:00,397.2683333333333,369.4539094650206,27.8144238683127,0,night,0,0.0,0,2,0,1,1,0,8,0,0,0,1,0,1,0,1,0,0,0,1,0,0,0,0,0,6,559.3680544099722,358.26639004149376,1030.863562636764,369.4539094650206,4,0.5000000000000001,0.8660254037844386,0,1,2
A1,roll_04,persistence,2026-02-08 05:00:00+00:00,2026-02-08 06:00:00+00:00,0,1,2025-12-08T00:00:00+00:00,2026-02-02T00:00:00+00:00,2026-02-02T00:00:00+00:00,2026-02-09T00:00:00+00:00,379.6493975903615,397.2683333333333,-17.618935742971814,0,night,0,0.0,0,2,0,1,1,0,8,0,0,0,0,1,1,0,1,0,0,0,1,0,0,0,0,0,6,555.9197919330833,369.4539094650206,2298.011320754717,397.2683333333333,5,0.2588190451025207,0.9659258262890684,0,1,2
A1,roll_04,persistence,2026-02-08 06:00:00+00:00,2026-02-08 07:00:00+00:00,0,1,2025-12-08T00:00:00+00:00,2026-02-02T00:00:00+00:00,2026-02-02T00:00:00+00:00,2026-02-09T00:00:00+00:00,1316.8424615384615,379.6493975903615,937.1930639481,0,night,0,0.0,0,2,0,1,1,0,8,0,0,0,0,1,1,0,1,0,0,0,1,0,0,0,0,0,6,1160.5435193141388,397.2683333333333,2062.442647058824,379.6493975903615,6,6.123233995736766e-17,1.0,0,1,2
A1,roll_04,persistence,2026-02-08 07:00:00+00:00,2026-02-08 08:00:00+00:00,0,1,2025-12-08T00:00:00+00:00,2026-02-02T00:00:00+00:00,2026-02-02T00:00:00+00:00,2026-02-09T00:00:00+00:00,834.62125,1316.8424615384615,-482.2212115384615,1,low,0,0.0,0,2,0,0,0,0,0,0,0,0,0,0,0,0,0,0,0,0,0,0,0,0,0,0,6,691.6709654138334,379.6493975903615,1559.708875739645,1316.8424615384615,7,-0.2588190451025206,0.9659258262890684,0,1,2
A1,roll_04,persistence,2026-02-08 08:00:00+00:00,2026-02-08 09:00:00+00:00,0,1,2025-12-08T00:00:00+00:00,2026-02-02T00:00:00+00:00,2026-02-02T00:00:00+00:00,2026-02-09T00:00:00+00:00,1570.537150837989,834.62125,735.9159008379889,1,low,0,0.0,0,2,0,0,0,0,0,0,0,0,0,0,0,0,0,0,0,0,0,0,0,0,0,0,6,1089.2109433604444,1316.8424615384615,706.9373134328358,834.62125,8,-0.4999999999999998,0.8660254037844387,0,1,2
A1,roll_04,persistence,2026-02-08 09:00:00+00:00,2026-02-08 10:00:00+00:00,0,1,2025-12-08T00:00:00+00:00,2026-02-02T00:00:00+00:00,2026-02-02T00:00:00+00:00,2026-02-09T00:00:00+00:00,1105.7391382405744,1570.537150837989,-464.7980125974145,1,low,0,0.0,0,2,0,0,0,0,0,0,0,0,0,0,0,0,0,0,0,0,0,0,0,0,0,0,6,303.2054646118889,834.62125,632.1936915887851,1570.537150837989,9,-0.7071067811865475,0.7071067811865476,0,1,2
A1,roll_04,persistence,2026-02-08 10:00:00+00:00,2026-02-08 11:00:00+00:00,0,1,2025-12-08T00:00:00+00:00,2026-02-02T00:00:00+00:00,2026-02-02T00:00:00+00:00,2026-02-09T00:00:00+00:00,923.620527306968,1105.7391382405744,-182.11861093360642,1,med,0,0.0,0,3,0,0,0,0,0,0,0,0,0,0,0,0,0,0,0,0,0,0,0,0,0,0,6,306.5586802728889,1570.537150837989,578.2054744525547,1105.7391382405744,10,-0.8660254037844387,0.4999999999999999,0,1,2
A1,roll_04,persistence,2026-02-08 11:00:00+00:00,2026-02-08 12:00:00+00:00,0,1,2025-12-08T00:00:00+00:00,2026-02-02T00:00:00+00:00,2026-02-02T00:00:00+00:00,2026-02-09T00:00:00+00:00,947.024628450106,923.620527306968,23.40410114313795,1,med,0,0.0,0,3,0,0,0,0,0,0,0,0,0,0,0,0,0,0,0,0,0,0,0,0,0,0,6,298.92543760088887,1105.7391382405744,-41.95252679938744,923.620527306968,11,-0.9659258262890682,0.258819045102521,0,1,2
A1,roll_04,persistence,2026-02-08 12:00:00+00:00,2026-02-08 13:00:00+00:00,0,1,2025-12-08T00:00:00+00:00,2026-02-02T00:00:00+00:00,2026-02-02T00:00:00+00:00,2026-02-09T00:00:00+00:00,712.1665188470066,947.024628450106,-234.85810960309936,1,med,0,0.0,0,3,0,0,0,0,0,0,0,0,0,0,0,0,0,0,0,0,0,0,0,0,0,0,6,73.55411946638888,923.620527306968,446.3483552631579,947.024628450106,12,-1.0,1.2246467991473532e-16,0,1,2
A1,roll_04,persistence,2026-02-08 13:00:00+00:00,2026-02-08 14:00:00+00:00,0,1,2025-12-08T00:00:00+00:00,2026-02-02T00:00:00+00:00,2026-02-02T00:00:00+00:00,2026-02-09T00:00:00+00:00,736.6655786350148,712.1665188470066,24.49905978800814,1,low,0,0.0,0,3,0,0,0,0,0,0,0,0,0,0,0,0,0,0,0,0,0,0,0,0,0,0,6,151.58054217927778,947.024628450106,632.8982843137255,712.1665188470066,13,-0.9659258262890684,-0.2588190451025208,0,1,2
A1,roll_04,persistence,2026-02-08 14:00:00+00:00,2026-02-08 15:00:00+00:00,0,1,2025-12-08T00:00:00+00:00,2026-02-02T00:00:00+00:00,2026-02-02T00:00:00+00:00,2026-02-09T00:00:00+00:00,695.3514285714285,736.6655786350148,-41.314150063586226,1,low,0,0.0,0,3,0,0,0,0,0,0,0,0,0,0,0,0,0,0,0,0,0,0,0,0,0,0,6,1336.6438164391946,712.1665188470066,561.9701612903226,736.6655786350148,14,-0.8660254037844388,-0.4999999999999997,0,1,2
A1,roll_04,persistence,2026-02-08 15:00:00+00:00,2026-02-08 16:00:00+00:00,0,1,2025-12-08T00:00:00+00:00,2026-02-02T00:00:00+00:00,2026-02-02T00:00:00+00:00,2026-02-09T00:00:00+00:00,1433.765206812652,695.3514285714285,738.4137782412234,1,low,0,0.0,0,3,0,0,0,0,0,0,0,0,0,0,0,0,0,0,0,0,0,0,0,0,0,0,6,1896.0841900744165,736.6655786350148,334.5904761904762,695.3514285714285,15,-0.7071067811865479,-0.7071067811865471,0,1,2
A1,roll_04,persistence,2026-02-08 16:00:00+00:00,2026-02-08 17:00:00+00:00,0,1,2025-12-08T00:00:00+00:00,2026-02-02T00:00:00+00:00,2026-02-02T00:00:00+00:00,2026-02-09T00:00:00+00:00,1460.5596112311014,1433.765206812652,26.794404418449403,1,low,0,0.0,0,3,0,0,0,0,0,0,0,0,0,0,0,0,0,0,0,0,0,0,0,0,0,0,6,2484.501672130778,695.3514285714285,645.034188034188,1433.765206812652,16,-0.5000000000000004,-0.8660254037844385,0,1,2
A1,roll_04,persistence,2026-02-08 17:00:00+00:00,2026-02-08 18:00:00+00:00,0,1,2025-12-08T00:00:00+00:00,2026-02-02T00:00:00+00:00,2026-02-02T00:00:00+00:00,2026-02-09T00:00:00+00:00,1677.3,1460.5596112311014,216.74038876889858,0,night,0,0.0,0,2,0,1,1,0,2,0,0,0,0,1,1,0,1,0,0,0,1,0,0,0,0,0,6,2486.544613380472,1433.765206812652,804.1076923076923,1460.5596112311014,17,-0.2588190451025206,-0.9659258262890684,0,1,2
A1,roll_04,persistence,2026-02-08 18:00:00+00:00,2026-02-08 19:00:00+00:00,0,1,2025-12-08T00:00:00+00:00,2026-02-02T00:00:00+00:00,2026-02-02T00:00:00+00:00,2026-02-09T00:00:00+00:00,1634.7964788732395,1677.3,-42.50352112676046,0,night,0,0.0,0,2,0,1,1,0,2,0,0,0,0,1,1,0,1,0,0,0,1,0,0,0,0,0,6,2612.5492478209444,1460.5596112311014,1198.3504918032788,1677.3,18,-1.8369701987210292e-16,-1.0,0,1,2
A1,roll_04,persistence,2026-02-08 19:00:00+00:00,2026-02-08 20:00:00+00:00,0,1,2025-12-08T00:00:00+00:00,2026-02-02T00:00:00+00:00,2026-02-02T00:00:00+00:00,2026-02-09T00:00:00+00:00,1380.816091954023,1634.7964788732395,-253.98038691921647,0,night,0,0.0,0,2,0,0,0,0,0,0,0,0,0,0,0,0,0,0,0,0,0,0,0,0,0,0,6,3017.157618471861,1677.3,1452.110101010101,1634.7964788732395,19,0.2588190451025203,-0.9659258262890684,0,1,2
A1,roll_04,persistence,2026-02-08 20:00:00+00:00,2026-02-08 21:00:00+00:00,0,1,2025-12-08T00:00:00+00:00,2026-02-02T00:00:00+00:00,2026-02-02T00:00:00+00:00,2026-02-09T00:00:00+00:00,1796.902564102564,1380.816091954023,416.0864721485409,0,night,0,0.0,0,2,0,1,1,0,1,0,0,0,1,0,1,0,1,0,0,0,1,0,0,0,0,0,6,2133.137917275778,1634.7964788732395,497.8637305699482,1380.816091954023,20,0.5000000000000001,-0.8660254037844386,0,1,2
A1,roll_04,persistence,2026-02-08 21:00:00+00:00,2026-02-08 22:00:00+00:00,0,1,2025-12-08T00:00:00+00:00,2026-02-02T00:00:00+00:00,2026-02-02T00:00:00+00:00,2026-02-09T00:00:00+00:00,682.9762008733624,1796.902564102564,-1113.9263632292016,0,night,0,0.0,0,2,0,0,0,0,0,0,0,0,0,0,0,0,0,0,0,0,0,0,0,0,0,0,6,952.1327068525555,1380.816091954023,872.810650887574,1796.902564102564,21,0.7071067811865474,-0.7071067811865477,0,1,2
A1,roll_04,mlr,2026-02-01 23:00:00+00:00,2026-02-02 00:00:00+00:00,0,1,2025-12-08T00:00:00+00:00,2026-02-02T00:00:00+00:00,2026-02-02T00:00:00+00:00,2026-02-09T00:00:00+00:00,543.2085049798055,813.669281115984,-270.4607761361784,0,night,0,0.0,0,1,0,0,0,0,0,0,0,0,0,0,0,0,0,0,0,0,0,0,0,0,0,0,6,401.8299940770556,1463.8755507140277,565.2245665261389,976.5316384429444,23,0.965925826289068,-0.2588190451025215,0,1,2
A1,roll_04,mlr,2026-02-02 00:00:00+00:00,2026-02-02 01:00:00+00:00,0,1,2025-12-08T00:00:00+00:00,2026-02-02T00:00:00+00:00,2026-02-02T00:00:00+00:00,2026-02-09T00:00:00+00:00,555.9650401257778,938.060019673934,-382.0949795481562,0,night,0,0.0,0,1,0,0,0,0,0,0,0,0,0,0,0,0,0,0,0,0,0,0,0,0,0,0,0,369.4281183008611,976.5316384429444,564.1097782727777,543.2085049798055,0,1.0,0.0,0,0,2
A1,roll_04,mlr,2026-02-02 01:00:00+00:00,2026-02-02 02:00:00+00:00,0,1,2025-12-08T00:00:00+00:00,2026-02-02T00:00:00+00:00,2026-02-02T00:00:00+00:00,2026-02-09T00:00:00+00:00,559.2648734329445,853.4237911856933,-294.15891775274883,0,night,0,0.0,0,1,0,1,1,0,4,0,0,0,1,0,1,0,1,0,0,0,1,0,0,0,0,0,0,418.7639288361667,543.2085049798055,533.409867254,555.9650401257778,1,0.9659258262890684,0.2588190451025207,0,0,2
A1,roll_04,mlr,2026-02-02 02:00:00+00:00,2026-02-02 03:00:00+00:00,0,1,2025-12-08T00:00:00+00:00,2026-02-02T00:00:00+00:00,2026-02-02T00:00:00+00:00,2026-02-09T00:00:00+00:00,543.3187399811248,823.0917480003745,-279.7730080192497,0,night,0,0.0,0,1,0,1,1,0,4,0,0,0,1,0,1,0,1,0,0,0,1,0,0,0,0,0,0,391.5396551361389,555.9650401257778,562.5751383565,559.2648734329445,2,0.8660254037844387,0.4999999999999999,0,0,2
A1,roll_04,mlr,2026-02-02 03:00:00+00:00,2026-02-02 04:00:00+00:00,0,1,2025-12-08T00:00:00+00:00,2026-02-02T00:00:00+00:00,2026-02-02T00:00:00+00:00,2026-02-09T00:00:00+00:00,1132.2936000000002,781.0291205246335,351.26447947536667,0,night,0,0.0,0,1,0,1,1,0,4,0,0,0,1,0,1,0,1,0,0,0,1,0,0,0,0,0,0,371.4401780996666,559.2648734329445,534.4757679513611,543.3187399811248,3,0.7071067811865476,0.7071067811865476,0,0,2
A1,roll_04,mlr,2026-02-02 04:00:00+00:00,2026-02-02 05:00:00+00:00,0,1,2025-12-08T00:00:00+00:00,2026-02-02T00:00:00+00:00,2026-02-02T00:00:00+00:00,2026-02-09T00:00:00+00:00,1968.2842857142853,1137.6838934340637,830.6003922802215,0,night,0,0.0,0,1,0,1,1,0,4,0,0,0,1,0,1,0,1,0,0,0,1,0,0,0,0,0,0,1028.218939733639,543.3187399811248,559.3680544099722,1132.2936000000002,4,0.5000000000000001,0.8660254037844386,0,0,2
A1,roll_04,mlr,2026-02-02 05:00:00+00:00,2026-02-02 06:00:00+00:00,0,1,2025-12-08T00:00:00+00:00,2026-02-02T00:00:00+00:00,2026-02-02T00:00:00+00:00,2026-02-09T00:00:00+00:00,2066.43476702509,1731.2057253140943,335.2290417109957,0,night,0,0.0,0,1,0,0,0,0,0,0,0,0,0,0,0,0,0,0,0,0,0,0,0,0,0,0,0,2114.055589798917,1132.2936000000002,555.9197919330833,1968.2842857142853,5,0.2588190451025207,0.9659258262890684,0,0,2
A1,roll_04,mlr,2026-02-02 06:00:00+00:00,2026-02-02 07:00:00+00:00,0,1,2025-12-08T00:00:00+00:00,2026-02-02T00:00:00+00:00,2026-02-02T00:00:00+00:00,2026-02-09T00:00:00+00:00,1906.8957894736843,1906.7399620061728,0.1558274675114717,0,night,0,0.0,0,1,0,0,0,0,0,0,0,0,0,0,0,0,0,0,0,0,0,0,0,0,0,0,0,2600.770309974528,1968.2842857142853,1160.5435193141388,2066.43476702509,6,6.123233995736766e-17,1.0,0,0,2
A1,roll_04,mlr,2026-02-02 07:00:00+00:00,2026-02-02 08:00:00+00:00,0,1,2025-12-08T00:00:00+00:00,2026-02-02T00:00:00+00:00,2026-02-02T00:00:00+00:00,2026-02-09T00:00:00+00:00,1804.416,1787.5158055424195,16.900194457580483,1,low,0,0.0,0,1,0,0,0,0,0,0,0,0,0,0,0,0,0,0,0,0,0,0,0,0,0,0,0,2010.6085535996945,2066.43476702509,691.6709654138334,1906.8957894736843,7,-0.2588190451025206,0.9659258262890684,0,0,2
A1,roll_04,mlr,2026-02-02 08:00:00+00:00,2026-02-02 09:00:00+00:00,0,1,2025-12-08T00:00:00+00:00,2026-02-02T00:00:00+00:00,2026-02-02T00:00:00+00:00,2026-02-09T00:00:00+00:00,1845.520588235294,1717.0703834019669,128.45020483332723,1,low,0,0.0,0,2,0,0,0,0,0,0,0,0,0,0,0,0,0,0,0,0,0,0,0,0,0,0,0,1665.4681254328334,1906.8957894736843,1089.2109433604444,1804.416,8,-0.4999999999999998,0.8660254037844387,0,0,2
A1,roll_04,mlr,2026-02-02 09:00:00+00:00,2026-02-02 10:00:00+00:00,0,1,2025-12-08T00:00:00+00:00,2026-02-02T00:00:00+00:00,2026-02-02T00:00:00+00:00,2026-02-09T00:00:00+00:00,1895.989453125,1699.4756327091109,196.51382041588909,1,low,0,0.0,0,2,0,0,0,0,0,0,0,0,0,0,0,0,0,0,0,0,0,0,0,0,0,0,0,1007.3270680508888,1804.416,303.2054646118889,1845.520588235294,9,-0.7071067811865475,0.7071067811865476,0,0,2
A1,roll_04,mlr,2026-02-02 10:00:00+00:00,2026-02-02 11:00:00+00:00,0,1,2025-12-08T00:00:00+00:00,2026-02-02T00:00:00+00:00,2026-02-02T00:00:00+00:00,2026-02-09T00:00:00+00:00,1458.9305555555557,1748.9574402293329,-290.0268846737772,1,low,0,0.0,0,2,0,0,0,0,0,0,0,0,0,0,0,0,0,0,0,0,0,0,0,0,0,0,0,-569.4865977234444,1845.520588235294,306.5586802728889,1895.989453125,10,-0.8660254037844387,0.4999999999999999,0,0,2
A1,roll_04,mlr,2026-02-02 11:00:00+00:00,2026-02-02 12:00:00+00:00,0,1,2025-12-08T00:00:00+00:00,2026-02-02T00:00:00+00:00,2026-02-02T00:00:00+00:00,2026-02-09T00:00:00+00:00,994.9530726256984,1470.5502273694037,-475.59715474370535,1,low,0,0.0,0,2,0,0,0,0,0,0,0,0,0,0,0,0,0,0,0,0,0,0,0,0,0,0,0,-741.4332030484165,1895.989453125,298.92543760088887,1458.9305555555557,11,-0.9659258262890682,0.258819045102521,0,0,2
A1,roll_04,mlr,2026-02-02 12:00:00+00:00,2026-02-02 13:00:00+00:00,0,1,2025-12-08T00:00:00+00:00,2026-02-02T00:00:00+00:00,2026-02-02T00:00:00+00:00,2026-02-09T00:00:00+00:00,891.7146341463415,1106.0501417875234,-214.33550764118195,1,low,0,0.0,0,2,0,0,0,0,0,0,0,0,0,0,0,0,0,0,0,0,0,0,0,0,0,0,0,-1079.799870834083,1458.9305555555557,73.55411946638888,994.9530726256984,12,-1.0,1.2246467991473532e-16,0,0,2
A1,roll_04,mlr,2026-02-02 13:00:00+00:00,2026-02-02 14:00:00+00:00,0,1,2025-12-08T00:00:00+00:00,2026-02-02T00:00:00+00:00,2026-02-02T00:00:00+00:00,2026-02-09T00:00:00+00:00,747.8884726224784,977.2595550464341,-229.37108242395573,1,low,0,0.0,0,2,0,0,0,0,0,0,0,0,0,0,0,0,0,0,0,0,0,0,0,0,0,0,0,94.50215176250003,994.9530726256984,151.58054217927778,891.7146341463415,13,-0.9659258262890684,-0.2588190451025208,0,0,2
A1,roll_04,mlr,2026-02-02 14:00:00+00:00,2026-02-02 15:00:00+00:00,0,1,2025-12-08T00:00:00+00:00,2026-02-02T00:00:00+00:00,2026-02-02T00:00:00+00:00,2026-02-09T00:00:00+00:00,1131.010752688172,920.8879033346691,210.12284935350294,1,low,0,0.0,0,2,0,0,0,0,0,0,0,0,0,0,0,0,0,0,0,0,0,0,0,0,0,0,0,-184.2188756273056,891.7146341463415,1336.6438164391946,747.8884726224784,14,-0.8660254037844388,-0.4999999999999997,0,0,2
A1,roll_04,mlr,2026-02-02 15:00:00+00:00,2026-02-02 16:00:00+00:00,0,1,2025-12-08T00:00:00+00:00,2026-02-02T00:00:00+00:00,2026-02-02T00:00:00+00:00,2026-02-09T00:00:00+00:00,1511.6196629213482,1167.9988911902599,343.6207717310883,1,low,0,0.0,0,2,0,0,0,0,0,0,0,0,0,0,0,0,0,0,0,0,0,0,0,0,0,0,0,297.8340901346389,747.8884726224784,1896.0841900744165,1131.010752688172,15,-0.7071067811865479,-0.7071067811865471,0,0,2
A1,roll_04,mlr,2026-02-02 16:00:00+00:00,2026-02-02 17:00:00+00:00,0,1,2025-12-08T00:00:00+00:00,2026-02-02T00:00:00+00:00,2026-02-02T00:00:00+00:00,2026-02-09T00:00:00+00:00,1624.4313218390805,1471.800216974445,152.63110486463552,0,night,0,0.0,0,2,0,0,0,0,0,0,0,0,0,0,0,0,0,0,0,0,0,0,0,0,0,0,0,931.8924169395276,1131.010752688172,2484.501672130778,1511.6196629213482,16,-0.5000000000000004,-0.8660254037844385,0,0,2
A1,roll_04,mlr,2026-02-02 17:00:00+00:00,2026-02-02 18:00:00+00:00,0,1,2025-12-08T00:00:00+00:00,2026-02-02T00:00:00+00:00,2026-02-02T00:00:00+00:00,2026-02-09T00:00:00+00:00,1738.5641379310343,1559.9774783361945,178.58665959483983,0,night,0,0.0,0,2,0,0,0,0,0,0,0,0,0,0,0,0,0,0,0,0,0,0,0,0,0,0,0,2682.2788242863057,1511.6196629213482,2486.544613380472,1624.4313218390805,17,-0.2588190451025206,-0.9659258262890684,0,0,2
A1,roll_04,mlr,2026-02-02 18:00:00+00:00,2026-02-02 19:00:00+00:00,0,1,2025-12-08T00:00:00+00:00,2026-02-02T00:00:00+00:00,2026-02-02T00:00:00+00:00,2026-02-09T00:00:00+00:00,1581.9688888888888,1635.3991118011882,-53.430222912299314,0,night,0,0.0,0,2,0,0,0,0,0,0,0,0,0,0,0,0,0,0,0,0,0,0,0,0,0,0,0,1447.201125872611,1624.4313218390805,2612.5492478209444,1738.5641379310343,18,-1.8369701987210292e-16,-1.0,0,0,2
A1,roll_04,mlr,2026-02-02 19:00:00+00:00,2026-02-02 20:00:00+00:00,0,1,2025-12-08T00:00:00+00:00,2026-02-02T00:00:00+00:00,2026-02-02T00:00:00+00:00,2026-02-09T00:00:00+00:00,792.707570977918,1530.5050599699066,-737.7974889919886,0,night,0,0.0,0,2,0,0,0,0,0,0,0,0,0,0,0,0,0,0,0,0,0,0,0,0,0,0,0,1800.8310691792778,1738.5641379310343,3017.157618471861,1581.9688888888888,19,0.2588190451025203,-0.9659258262890684,0,0,2
A1,roll_04,mlr,2026-02-02 20:00:00+00:00,2026-02-02 21:00:00+00:00,0,1,2025-12-08T00:00:00+00:00,2026-02-02T00:00:00+00:00,2026-02-02T00:00:00+00:00,2026-02-09T00:00:00+00:00,1121.9964285714286,916.0959842257735,205.90044434565516,0,night,0,0.0,0,1,0,1,1,0,1,0,0,0,1,0,1,0,1,0,0,0,1,0,0,0,0,0,0,1879.5046675005,1581.9688888888888,2133.137917275778,792.707570977918,20,0.5000000000000001,-0.8660254037844386,0,0,2
A1,roll_04,mlr,2026-02-02 21:00:00+00:00,2026-02-02 22:00:00+00:00,0,1,2025-12-08T00:00:00+00:00,2026-02-02T00:00:00+00:00,2026-02-02T00:00:00+00:00,2026-02-09T00:00:00+00:00,395.40241935483874,949.7168183180061,-554.3143989631674,0,night,0,0.0,0,1,0,0,0,0,0,0,0,0,0,0,0,0,0,0,0,0,0,0,0,0,0,0,0,982.8754678472778,792.707570977918,952.1327068525555,1121.9964285714286,21,0.7071067811865474,-0.7071067811865477,0,0,2
A1,roll_04,mlr,2026-02-02 22:00:00+00:00,2026-02-02 23:00:00+00:00,0,1,2025-12-08T00:00:00+00:00,2026-02-02T00:00:00+00:00,2026-02-02T00:00:00+00:00,2026-02-09T00:00:00+00:00,434.56734693877553,496.8798952859429,-62.312548347167365,0,night,0,0.0,0,1,0,0,0,0,0,0,0,0,0,0,0,0,0,0,0,0,0,0,0,0,0,0,0,411.4689791798889,1121.9964285714286,1463.8755507140277,395.40241935483874,22,0.8660254037844384,-0.5000000000000004,0,0,2
A1,roll_04,mlr,2026-02-02 23:00:00+00:00,2026-02-03 00:00:00+00:00,0,1,2025-12-08T00:00:00+00:00,2026-02-02T00:00:00+00:00,2026-02-02T00:00:00+00:00,2026-02-09T00:00:00+00:00,561.1720833333333,370.87068223053654,190.30140110279672,0,night,0,0.0,0,1,0,1,1,0,2,0,0,0,1,0,1,0,1,0,0,0,1,0,0,0,0,0,0,370.9779513775556,395.40241935483874,976.5316384429444,434.56734693877553,23,0.965925826289068,-0.2588190451025215,0,0,2
A1,roll_04,mlr,2026-02-03 00:00:00+00:00,2026-02-03 01:00:00+00:00,0,1,2025-12-08T00:00:00+00:00,2026-02-02T00:00:00+00:00,2026-02-02T00:00:00+00:00,2026-02-09T00:00:00+00:00,575.5421487603306,896.6914424366162,-321.14929367628554,0,night,0,0.0,0,1,0,1,1,0,2,0,0,0,1,0,1,0,1,0,0,0,1,0,0,0,0,0,1,389.13017225908334,434.56734693877553,543.2085049798055,561.1720833333333,0,1.0,0.0,0,0,2
A1,roll_04,mlr,2026-02-03 01:00:00+00:00,2026-02-03 02:00:00+00:00,0,1,2025-12-08T00:00:00+00:00,2026-02-02T00:00:00+00:00,2026-02-02T00:00:00+00:00,2026-02-09T00:00:00+00:00,565.2688259109311,882.8361572171463,-317.5673313062151,0,night,0,0.0,0,1,0,0,0,0,0,0,0,0,0,0,0,0,0,0,0,0,0,0,0,0,0,0,1,376.84390502849993,561.1720833333333,555.9650401257778,575.5421487603306,1,0.9659258262890684,0.2588190451025207,0,0,2
A1,roll_04,mlr,2026-02-03 02:00:00+00:00,2026-02-03 03:00:00+00:00,0,1,2025-12-08T00:00:00+00:00,2026-02-02T00:00:00+00:00,2026-02-02T00:00:00+00:00,2026-02-09T00:00:00+00:00,597.2084677419356,842.42745204817,-245.21898430623446,0,night,0,0.0,0,1,0,1,1,0,1,0,0,0,1,0,1,0,1,0,0,0,1,0,0,0,0,0,1,378.1934371171667,575.5421487603306,559.2648734329445,565.2688259109311,2,0.8660254037844387,0.4999999999999999,0,0,2
A1,roll_04,mlr,2026-02-03 03:00:00+00:00,2026-02-03 04:00:00+00:00,0,1,2025-12-08T00:00:00+00:00,2026-02-02T00:00:00+00:00,2026-02-02T00:00:00+00:00,2026-02-09T00:00:00+00:00,1173.6686046511627,830.538498112174,343.1301065389887,0,night,0,0.0,0,1,0,0,0,0,0,0,0,0,0,0,0,0,0,0,0,0,0,0,0,0,0,0,1,391.1898017904167,565.2688259109311,543.3187399811248,597.2084677419356,3,0.7071067811865476,0.7071067811865476,0,0,2
A1,roll_04,mlr,2026-02-03 04:00:00+00:00,2026-02-03 05:00:00+00:00,0,1,2025-12-08T00:00:00+00:00,2026-02-02T00:00:00+00:00,2026-02-02T00:00:00+00:00,2026-02-09T00:00:00+00:00,2016.13358778626,1210.9484223236984,805.1851654625616,0,night,0,0.0,0,1,0,0,0,0,0,0,0,0,0,0,0,0,0,0,0,0,0,0,0,0,0,0,1,949.6719199514168,597.2084677419356,1132.2936000000002,1173.6686046511627,4,0.5000000000000001,0.8660254037844386,0,0,2
A1,roll_04,mlr,2026-02-03 05:00:00+00:00,2026-02-03 06:00:00+00:00,0,1,2025-12-08T00:00:00+00:00,2026-02-02T00:00:00+00:00,2026-02-02T00:00:00+00:00,2026-02-09T00:00:00+00:00,2081.1158088235293,1846.3626922604803,234.75311656304893,0,night,0,0.0,0,1,0,0,0,0,0,0,0,0,0,0,0,0,0,0,0,0,0,0,0,0,0,0,1,1868.492211110528,1173.6686046511627,1968.2842857142853,2016.13358778626,5,0.2588190451025207,0.9659258262890684,0,0,2
A1,roll_04,mlr,2026-02-03 06:00:00+00:00,2026-02-03 07:00:00+00:00,0,1,2025-12-08T00:00:00+00:00,2026-02-02T00:00:00+00:00,2026-02-02T00:00:00+00:00,2026-02-09T00:00:00+00:00,1670.6992307692308,1981.0130530849297,-310.31382231569887,0,night,0,0.0,0,1,0,0,0,0,0,0,0,0,0,0,0,0,0,0,0,0,0,0,0,0,0,0,1,1857.5546669058888,2016.13358778626,2066.43476702509,2081.1158088235293,6,6.123233995736766e-17,1.0,0,0,2
A1,roll_04,mlr,2026-02-03 07:00:00+00:00,2026-02-03 08:00:00+00:00,0,1,2025-12-08T00:00:00+00:00,2026-02-02T00:00:00+00:00,2026-02-02T00:00:00+00:00,2026-02-09T00:00:00+00:00,1695.1438661710038,1705.3798067757357,-10.235940604731923,1,night,0,0.0,0,1,0,0,0,0,0,0,0,0,0,0,0,0,0,0,0,0,0,0,0,0,0,0,1,1526.8297823245,2081.1158088235293,1906.8957894736843,1670.6992307692308,7,-0.2588190451025206,0.9659258262890684,0,0,2
A1,roll_04,mlr,2026-02-03 08:00:00+00:00,2026-02-03 09:00:00+00:00,0,1,2025-12-08T00:00:00+00:00,2026-02-02T00:00:00+00:00,2026-02-02T00:00:00+00:00,2026-02-09T00:00:00+00:00,1085.7120141342757,1664.0050933786783,-578.2930792444026,1,night,0,0.0,0,1,0,0,0,0,0,0,0,0,0,0,0,0,0,0,0,0,0,0,0,0,0,0,1,1412.669924658583,1670.6992307692308,1804.416,1695.1438661710038,8,-0.4999999999999998,0.8660254037844387,0,0,2
A1,roll_04,mlr,2026-02-03 09:00:00+00:00,2026-02-03 10:00:00+00:00,0,1,2025-12-08T00:00:00+00:00,2026-02-02T00:00:00+00:00,2026-02-02T00:00:00+00:00,2026-02-09T00:00:00+00:00,1706.1051136363635,1266.9149902599404,439.1901233764231,1,low,0,0.0,0,1,0,0,0,0,0,0,0,0,0,0,0,0,0,0,0,0,0,0,0,0,0,0,1,1534.4343933593334,1695.1438661710038,1845.520588235294,1085.7120141342757,9,-0.7071067811865475,0.7071067811865476,0,0,2
A1,roll_04,mlr,2026-02-03 10:00:00+00:00,2026-02-03 11:00:00+00:00,0,1,2025-12-08T00:00:00+00:00,2026-02-02T00:00:00+00:00,2026-02-02T00:00:00+00:00,2026-02-09T00:00:00+00:00,835.5128205128206,1607.2187938366787,-771.7059733238582,1,low,0,0.0,0,1,0,0,0,0,0,0,0,0,0,0,0,0,0,0,0,0,0,0,0,0,0,0,1,1156.7474213855278,1085.7120141342757,1895.989453125,1706.1051136363635,10,-0.8660254037844387,0.4999999999999999,0,0,2
A1,roll_04,mlr,2026-02-03 11:00:00+00:00,2026-02-03 12:00:00+00:00,0,1,2025-12-08T00:00:00+00:00,2026-02-02T00:00:00+00:00,2026-02-02T00:00:00+00:00,2026-02-09T00:00:00+00:00,1812.142446043165,1097.0821591385336,715.0602869046313,1,low,0,0.0,0,1,0,0,0,0,0,0,0,0,0,0,0,0,0,0,0,0,0,0,0,0,0,0,1,339.89285018286114,1706.1051136363635,1458.9305555555557,835.5128205128206,11,-0.9659258262890682,0.258819045102521,0,0,2
A1,roll_04,mlr,2026-02-03 12:00:00+00:00,2026-02-03 13:00:00+00:00,0,1,2025-12-08T00:00:00+00:00,2026-02-02T00:00:00+00:00,2026-02-02T00:00:00+00:00,2026-02-09T00:00:00+00:00,918.8297520661156,1609.66892168926,-690.8391696231445,1,low,0,0.0,0,1,0,0,0,0,0,0,0,0,0,0,0,0,0,0,0,0,0,0,0,0,0,0,1,1030.8584088937498,835.5128205128206,994.9530726256984,1812.142446043165,12,-1.0,1.2246467991473532e-16,0,0,2
A1,roll_04,mlr,2026-02-03 13:00:00+00:00,2026-02-03 14:00:00+00:00,0,1,2025-12-08T00:00:00+00:00,2026-02-02T00:00:00+00:00,2026-02-02T00:00:00+00:00,2026-02-09T00:00:00+00:00,1825.0157894736844,1132.485172554168,692.5306169195164,1,low,0,0.0,0,2,0,0,0,0,0,0,0,0,0,0,0,0,0,0,0,0,0,0,0,0,0,0,1,1307.5905215424166,1812.142446043165,891.7146341463415,918.8297520661156,13,-0.9659258262890684,-0.2588190451025208,0,0,2
A1,roll_04,mlr,2026-02-03 14:00:00+00:00,2026-02-03 15:00:00+00:00,0,1,2025-12-08T00:00:00+00:00,2026-02-02T00:00:00+00:00,2026-02-02T00:00:00+00:00,2026-02-09T00:00:00+00:00,1432.5622406639004,1611.4497473617039,-178.88750669780347,1,low,0,0.0,0,2,0,0,0,0,0,0,0,0,0,0,0,0,0,0,0,0,0,0,0,0,0,0,1,899.1258070269446,918.8297520661156,747.8884726224784,1825.0157894736844,14,-0.8660254037844388,-0.4999999999999997,0,0,2
A1,roll_04,mlr,2026-02-03 15:00:00+00:00,2026-02-03 16:00:00+00:00,0,1,2025-12-08T00:00:00+00:00,2026-02-02T00:00:00+00:00,2026-02-02T00:00:00+00:00,2026-02-09T00:00:00+00:00,1624.8924590163936,1466.1806356267998,158.71182338959375,1,low,0,0.0,0,2,0,0,0,0,0,0,0,0,0,0,0,0,0,0,0,0,0,0,0,0,0,0,1,1560.9848600250834,1825.0157894736844,1131.010752688172,1432.5622406639004,15,-0.7071067811865479,-0.7071067811865471,0,0,2
A1,roll_04,mlr,2026-02-03 16:00:00+00:00,2026-02-03 17:00:00+00:00,0,1,2025-12-08T00:00:00+00:00,2026-02-02T00:00:00+00:00,2026-02-02T00:00:00+00:00,2026-02-09T00:00:00+00:00,1250.0767605633805,1546.045265992209,-295.9685054288284,1,night,0,0.0,0,2,0,0,0,0,0,0,0,0,0,0,0,0,0,0,0,0,0,0,0,0,0,0,1,1794.9346924112222,1432.5622406639004,1511.6196629213482,1624.8924590163936,16,-0.5000000000000004,-0.8660254037844385,0,0,2
A1,roll_04,mlr,2026-02-03 17:00:00+00:00,2026-02-03 18:00:00+00:00,0,1,2025-12-08T00:00:00+00:00,2026-02-02T00:00:00+00:00,2026-02-02T00:00:00+00:00,2026-02-09T00:00:00+00:00,856.6192182410423,1313.133581372294,-456.5143631312517,0,night,0,0.0,0,1,0,0,0,0,0,0,0,0,0,0,0,0,0,0,0,0,0,0,0,0,0,0,1,843.3756644045833,1624.8924590163936,1624.4313218390805,1250.0767605633805,17,-0.2588190451025206,-0.9659258262890684,0,0,2
A1,roll_04,mlr,2026-02-03 18:00:00+00:00,2026-02-03 19:00:00+00:00,0,1,2025-12-08T00:00:00+00:00,2026-02-02T00:00:00+00:00,2026-02-02T00:00:00+00:00,2026-02-09T00:00:00+00:00,1353.571382636656,987.3042951864559,366.26708745020005,0,night,0,0.0,0,1,0,1,1,0,1,0,0,0,1,0,1,0,1,0,0,0,1,0,0,0,0,0,1,973.197521312722,1250.0767605633805,1738.5641379310343,856.6192182410423,18,-1.8369701987210292e-16,-1.0,0,0,2
A1,roll_04,mlr,2026-02-03 19:00:00+00:00,2026-02-03 20:00:00+00:00,0,1,2025-12-08T00:00:00+00:00,2026-02-02T00:00:00+00:00,2026-02-02T00:00:00+00:00,2026-02-09T00:00:00+00:00,663.0740213523131,1224.0381181355351,-560.964096783222,0,night,0,0.0,0,1,0,0,0,0,0,0,0,0,0,0,0,0,0,0,0,0,0,0,0,0,0,0,1,1523.8945169891667,856.6192182410423,1581.9688888888888,1353.571382636656,19,0.2588190451025203,-0.9659258262890684,0,0,2
A1,roll_04,mlr,2026-02-03 20:00:00+00:00,2026-02-03 21:00:00+00:00,0,1,2025-12-08T00:00:00+00:00,2026-02-02T00:00:00+00:00,2026-02-02T00:00:00+00:00,2026-02-09T00:00:00+00:00,1029.1314516129032,761.3088751229059,267.82257648999735,0,night,0,0.0,0,1,0,1,1,0,1,0,0,0,1,0,1,0,1,0,0,0,1,0,0,0,0,0,1,985.6768274591944,1353.571382636656,792.707570977918,663.0740213523131,20,0.5000000000000001,-0.8660254037844386,0,0,2
A1,roll_04,mlr,2026-02-03 21:00:00+00:00,2026-02-03 22:00:00+00:00,0,1,2025-12-08T00:00:00+00:00,2026-02-02T00:00:00+00:00,2026-02-02T00:00:00+00:00,2026-02-09T00:00:00+00:00,439.3551867219917,893.7445065375489,-454.3893198155572,0,night,0,0.0,0,1,0,0,0,0,0,0,0,0,0,0,0,0,0,0,0,0,0,0,0,0,0,0,1,1010.58551608475,663.0740213523131,1121.9964285714286,1029.1314516129032,21,0.7071067811865474,-0.7071067811865477,0,0,2
A1,roll_04,mlr,2026-02-03 22:00:00+00:00,2026-02-03 23:00:00+00:00,0,1,2025-12-08T00:00:00+00:00,2026-02-02T00:00:00+00:00,2026-02-02T00:00:00+00:00,2026-02-09T00:00:00+00:00,619.8279166666667,478.8318067423839,140.99610992428285,0,night,0,0.0,0,1,0,0,0,0,0,0,0,0,0,0,0,0,0,0,0,0,0,0,0,0,0,0,1,469.4664131017777,1029.1314516129032,395.40241935483874,439.3551867219917,22,0.8660254037844384,-0.5000000000000004,0,0,2
A1,roll_04,mlr,2026-02-03 23:00:00+00:00,2026-02-04 00:00:00+00:00,0,1,2025-12-08T00:00:00+00:00,2026-02-02T00:00:00+00:00,2026-02-02T00:00:00+00:00,2026-02-09T00:00:00+00:00,600.8824999999999,482.200262064087,118.68223793591295,0,night,0,0.0,0,1,0,1,1,0,1,0,0,0,1,0,1,0,1,0,0,0,1,0,0,0,0,0,1,1039.222492417361,439.3551867219917,434.56734693877553,619.8279166666667,23,0.965925826289068,-0.2588190451025215,0,0,2
A1,roll_04,mlr,2026-02-04 00:00:00+00:00,2026-02-04 01:00:00+00:00,0,1,2025-12-08T00:00:00+00:00,2026-02-02T00:00:00+00:00,2026-02-02T00:00:00+00:00,2026-02-09T00:00:00+00:00,570.0795918367347,958.7247819890829,-388.64519015234816,0,night,0,0.0,0,1,0,0,0,0,0,0,0,0,0,0,0,0,0,0,0,0,0,0,0,0,0,0,2,431.1445660605278,619.8279166666667,561.1720833333333,600.8824999999999,0,1.0,0.0,0,0,2
A1,roll_04,mlr,2026-02-04 01:00:00+00:00,2026-02-04 02:00:00+00:00,0,1,2025-12-08T00:00:00+00:00,2026-02-02T00:00:00+00:00,2026-02-02T00:00:00+00:00,2026-02-09T00:00:00+00:00,557.3929460580913,897.7585641082992,-340.3656180502079,0,night,0,0.0,0,1,0,1,1,0,3,0,0,0,1,0,1,0,1,0,0,0,1,0,0,0,0,0,2,417.8579242465556,600.8824999999999,575.5421487603306,570.0795918367347,1,0.9659258262890684,0.2588190451025207,0,0,2
A1,roll_04,mlr,2026-02-04 02:00:00+00:00,2026-02-04 03:00:00+00:00,0,1,2025-12-08T00:00:00+00:00,2026-02-02T00:00:00+00:00,2026-02-02T00:00:00+00:00,2026-02-09T00:00:00+00:00,535.2727272727273,849.7140926069786,-314.4413653342514,0,night,0,0.0,0,1,0,1,1,0,3,0,0,0,1,0,1,0,1,0,0,0,1,0,0,0,0,0,2,419.1348331130556,570.0795918367347,565.2688259109311,557.3929460580913,2,0.8660254037844387,0.4999999999999999,0,0,2
A1,roll_04,mlr,2026-02-04 03:00:00+00:00,2026-02-04 04:00:00+00:00,0,1,2025-12-08T00:00:00+00:00,2026-02-02T00:00:00+00:00,2026-02-02T00:00:00+00:00,2026-02-09T00:00:00+00:00,1096.6170634920634,804.257162392397,292.35990109966633,0,night,0,0.0,0,1,0,1,1,0,3,0,0,0,1,0,1,0,1,0,0,0,1,0,0,0,0,0,2,421.2961618739444,557.3929460580913,597.2084677419356,535.2727272727273,3,0.7071067811865476,0.7071067811865476,0,0,2
A1,roll_04,mlr,2026-02-04 04:00:00+00:00,2026-02-04 05:00:00+00:00,0,1,2025-12-08T00:00:00+00:00,2026-02-02T00:00:00+00:00,2026-02-02T00:00:00+00:00,2026-02-09T00:00:00+00:00,2001.764661654136,1166.9597462787733,834.8049153753627,0,night,0,0.0,0,1,0,0,0,0,0,0,0,0,0,0,0,0,0,0,0,0,0,0,0,0,0,0,2,1092.225752789,535.2727272727273,1173.6686046511627,1096.6170634920634,4,0.5000000000000001,0.8660254037844386,0,0,2
A1,roll_04,mlr,2026-02-04 05:00:00+00:00,2026-02-04 06:00:00+00:00,0,1,2025-12-08T00:00:00+00:00,2026-02-02T00:00:00+00:00,2026-02-02T00:00:00+00:00,2026-02-09T00:00:00+00:00,2016.4624060150377,1841.8829877049207,174.57941831011703,0,night,0,0.0,0,1,0,0,0,0,0,0,0,0,0,0,0,0,0,0,0,0,0,0,0,0,0,0,2,2035.0871509705555,1096.6170634920634,2016.13358778626,2001.764661654136,5,0.2588190451025207,0.9659258262890684,0,0,2
A1,roll_04,mlr,2026-02-04 06:00:00+00:00,2026-02-04 07:00:00+00:00,0,1,2025-12-08T00:00:00+00:00,2026-02-02T00:00:00+00:00,2026-02-02T00:00:00+00:00,2026-02-09T00:00:00+00:00,1742.2797833935017,1949.2848284890624,-207.00504509556072,0,night,0,0.0,0,2,0,0,0,0,0,0,0,0,0,0,0,0,0,0,0,0,0,0,0,0,0,0,2,2063.430210569112,2001.764661654136,2081.1158088235293,2016.4624060150377,6,6.123233995736766e-17,1.0,0,0,2
A1,roll_04,mlr,2026-02-04 07:00:00+00:00,2026-02-04 08:00:00+00:00,0,1,2025-12-08T00:00:00+00:00,2026-02-02T00:00:00+00:00,2026-02-02T00:00:00+00:00,2026-02-09T00:00:00+00:00,1544.9358649789028,1745.066243331442,-200.13037835253908,1,night,0,0.0,0,2,0,0,0,0,0,0,0,0,0,0,0,0,0,0,0,0,0,0,0,0,0,0,2,1837.9513309886668,2016.4624060150377,1670.6992307692308,1742.2797833935017,7,-0.2588190451025206,0.9659258262890684,0,0,2
A1,roll_04,mlr,2026-02-04 08:00:00+00:00,2026-02-04 09:00:00+00:00,0,1,2025-12-08T00:00:00+00:00,2026-02-02T00:00:00+00:00,2026-02-02T00:00:00+00:00,2026-02-09T00:00:00+00:00,1741.7046808510638,1579.0953208659193,162.60935998514447,1,low,0,0.0,0,2,0,0,0,0,0,0,0,0,0,0,0,0,0,0,0,0,0,0,0,0,0,0,2,1887.533959910028,1742.2797833935017,1695.1438661710038,1544.9358649789028,8,-0.4999999999999998,0.8660254037844387,0,0,2
A1,roll_04,mlr,2026-02-04 09:00:00+00:00,2026-02-04 10:00:00+00:00,0,1,2025-12-08T00:00:00+00:00,2026-02-02T00:00:00+00:00,2026-02-02T00:00:00+00:00,2026-02-09T00:00:00+00:00,1733.1420765027322,1656.006023538699,77.13605296403307,1,low,0,0.0,0,2,0,0,0,0,0,0,0,0,0,0,0,0,0,0,0,0,0,0,0,0,0,0,2,1927.4843435574169,1544.9358649789028,1085.7120141342757,1741.7046808510638,9,-0.7071067811865475,0.7071067811865476,0,0,2
A1,roll_04,mlr,2026-02-04 10:00:00+00:00,2026-02-04 11:00:00+00:00,0,1,2025-12-08T00:00:00+00:00,2026-02-02T00:00:00+00:00,2026-02-02T00:00:00+00:00,2026-02-09T00:00:00+00:00,902.2468599033816,1703.953214960251,-801.7063550568694,1,low,0,0.0,0,2,0,0,0,0,0,0,0,0,0,0,0,0,0,0,0,0,0,0,0,0,0,0,2,1864.801970357278,1741.7046808510638,1706.1051136363635,1733.1420765027322,10,-0.8660254037844387,0.4999999999999999,0,0,2
A1,roll_04,mlr,2026-02-04 11:00:00+00:00,2026-02-04 12:00:00+00:00,0,1,2025-12-08T00:00:00+00:00,2026-02-02T00:00:00+00:00,2026-02-02T00:00:00+00:00,2026-02-09T00:00:00+00:00,2676.460583941606,1111.4454560356385,1565.0151279059673,1,low,0,0.0,0,2,0,0,0,0,0,0,0,0,0,0,0,0,0,0,0,0,0,0,0,0,0,0,2,3141.5486331360003,1733.1420765027322,835.5128205128206,902.2468599033816,11,-0.9659258262890682,0.258819045102521,0,0,2
A1,roll_04,mlr,2026-02-04 12:00:00+00:00,2026-02-04 13:00:00+00:00,0,1,2025-12-08T00:00:00+00:00,2026-02-02T00:00:00+00:00,2026-02-02T00:00:00+00:00,2026-02-09T00:00:00+00:00,3913.525657894737,2219.128783394242,1694.396874500495,1,low,0,0.0,0,2,0,0,0,0,0,0,0,0,0,0,0,0,0,0,0,0,0,0,0,0,0,0,2,3688.242951303472,902.2468599033816,1812.142446043165,2676.460583941606,12,-1.0,1.2246467991473532e-16,0,0,2
A1,roll_04,mlr,2026-02-04 13:00:00+00:00,2026-02-04 14:00:00+00:00,0,1,2025-12-08T00:00:00+00:00,2026-02-02T00:00:00+00:00,2026-02-02T00:00:00+00:00,2026-02-09T00:00:00+00:00,2946.6394495412846,3207.937845434681,-261.29839589339645,1,low,0,0.0,0,2,0,0,0,0,0,0,0,0,0,0,0,0,0,0,0,0,0,0,0,0,0,0,2,2978.0382318605,2676.460583941606,918.8297520661156,3913.525657894737,13,-0.9659258262890684,-0.2588190451025208,0,0,2
A1,roll_04,mlr,2026-02-04 14:00:00+00:00,2026-02-04 15:00:00+00:00,0,1,2025-12-08T00:00:00+00:00,2026-02-02T00:00:00+00:00,2026-02-02T00:00:00+00:00,2026-02-09T00:00:00+00:00,2754.6374269005846,2755.11602935815,-0.4786024575655574,1,low,0,0.0,0,2,0,0,0,0,0,0,0,0,0,0,0,0,0,0,0,0,0,0,0,0,0,0,2,3380.6789978081943,3913.525657894737,1825.0157894736844,2946.6394495412846,14,-0.8660254037844388,-0.4999999999999997,0,0,2
A1,roll_04,mlr,2026-02-04 15:00:00+00:00,2026-02-04 16:00:00+00:00,0,1,2025-12-08T00:00:00+00:00,2026-02-02T00:00:00+00:00,2026-02-02T00:00:00+00:00,2026-02-09T00:00:00+00:00,2882.762139917695,2482.070843386602,400.69129653109303,1,low,0,0.0,0,2,0,0,0,0,0,0,0,0,0,0,0,0,0,0,0,0,0,0,0,0,0,0,2,3872.714778626834,2946.6394495412846,1432.5622406639004,2754.6374269005846,15,-0.7071067811865479,-0.7071067811865471,0,0,2
A1,roll_04,mlr,2026-02-04 16:00:00+00:00,2026-02-04 17:00:00+00:00,0,1,2025-12-08T00:00:00+00:00,2026-02-02T00:00:00+00:00,2026-02-02T00:00:00+00:00,2026-02-09T00:00:00+00:00,4170.079435483871,2538.701196439121,1631.37823904475,1,night,0,0.0,0,2,0,0,0,0,0,0,0,0,0,0,0,0,0,0,0,0,0,0,0,0,0,0,2,3566.8731119283607,2754.6374269005846,1624.8924590163936,2882.762139917695,16,-0.5000000000000004,-0.8660254037844385,0,0,2
A1,roll_04,mlr,2026-02-04 17:00:00+00:00,2026-02-04 18:00:00+00:00,0,1,2025-12-08T00:00:00+00:00,2026-02-02T00:00:00+00:00,2026-02-02T00:00:00+00:00,2026-02-09T00:00:00+00:00,3388.3426229508195,3358.705048540869,29.637574409950503,0,night,0,0.0,0,2,0,0,0,0,0,0,0,0,0,0,0,0,0,0,0,0,0,0,0,0,0,0,2,4099.8204709775,2882.762139917695,1250.0767605633805,4170.079435483871,17,-0.2588190451025206,-0.9659258262890684,0,0,2
A1,roll_04,mlr,2026-02-04 18:00:00+00:00,2026-02-04 19:00:00+00:00,0,1,2025-12-08T00:00:00+00:00,2026-02-02T00:00:00+00:00,2026-02-02T00:00:00+00:00,2026-02-09T00:00:00+00:00,3374.507818930041,2959.052064699395,415.4557542306461,0,night,0,0.0,0,2,0,0,0,0,0,0,0,0,0,0,0,0,0,0,0,0,0,0,0,0,0,0,2,3533.490893778889,4170.079435483871,856.6192182410423,3388.3426229508195,18,-1.8369701987210292e-16,-1.0,0,0,2
A1,roll_04,mlr,2026-02-04 19:00:00+00:00,2026-02-04 20:00:00+00:00,0,1,2025-12-08T00:00:00+00:00,2026-02-02T00:00:00+00:00,2026-02-02T00:00:00+00:00,2026-02-09T00:00:00+00:00,3326.137804878049,2842.7214717461493,483.4163331318996,0,night,0,0.0,0,2,0,0,0,0,0,0,0,0,0,0,0,0,0,0,0,0,0,0,0,0,0,0,2,4150.093525715889,3388.3426229508195,1353.571382636656,3374.507818930041,19,0.2588190451025203,-0.9659258262890684,0,0,2
A1,roll_04,mlr,2026-02-04 20:00:00+00:00,2026-02-04 21:00:00+00:00,0,1,2025-12-08T00:00:00+00:00,2026-02-02T00:00:00+00:00,2026-02-02T00:00:00+00:00,2026-02-09T00:00:00+00:00,2641.1531380753136,2745.6297798600785,-104.47664178476498,0,night,0,0.0,0,2,0,0,0,0,0,0,0,0,0,0,0,0,0,0,0,0,0,0,0,0,0,0,2,3498.4065437332224,3374.507818930041,663.0740213523131,3326.137804878049,20,0.5000000000000001,-0.8660254037844386,0,0,2
A1,roll_04,mlr,2026-02-04 21:00:00+00:00,2026-02-04 22:00:00+00:00,0,1,2025-12-08T00:00:00+00:00,2026-02-02T00:00:00+00:00,2026-02-02T00:00:00+00:00,2026-02-09T00:00:00+00:00,2707.4724576271187,2269.504961671718,437.96749595540086,0,night,0,0.0,0,2,0,0,0,0,0,0,0,0,0,0,0,0,0,0,0,0,0,0,0,0,0,0,2,3031.050403281528,3326.137804878049,1029.1314516129032,2641.1531380753136,21,0.7071067811865474,-0.7071067811865477,0,0,2
A1,roll_04,mlr,2026-02-04 22:00:00+00:00,2026-02-04 23:00:00+00:00,0,1,2025-12-08T00:00:00+00:00,2026-02-02T00:00:00+00:00,2026-02-02T00:00:00+00:00,2026-02-09T00:00:00+00:00,2638.623580786026,2175.5045849497023,463.11899583632385,0,night,0,0.0,0,2,0,0,0,0,0,0,0,0,0,0,0,0,0,0,0,0,0,0,0,0,0,0,2,880.7419122894444,2641.1531380753136,439.3551867219917,2707.4724576271187,22,0.8660254037844384,-0.5000000000000004,0,0,2
A1,roll_04,mlr,2026-02-04 23:00:00+00:00,2026-02-05 00:00:00+00:00,0,1,2025-12-08T00:00:00+00:00,2026-02-02T00:00:00+00:00,2026-02-02T00:00:00+00:00,2026-02-09T00:00:00+00:00,735.8008196721311,2104.337423359993,-1368.5366036878618,0,night,0,0.0,0,2,0,0,0,0,0,0,0,0,0,0,0,0,0,0,0,0,0,0,0,0,0,0,2,822.8956369502222,2707.4724576271187,619.8279166666667,2638.623580786026,23,0.965925826289068,-0.2588190451025215,0,0,2
A1,roll_04,mlr,2026-02-05 00:00:00+00:00,2026-02-05 01:00:00+00:00,0,1,2025-12-08T00:00:00+00:00,2026-02-02T00:00:00+00:00,2026-02-02T00:00:00+00:00,2026-02-09T00:00:00+00:00,572.743621399177,1301.9935991159796,-729.2499777168026,0,night,0,0.0,0,2,0,0,0,0,0,0,0,0,0,0,0,0,0,0,0,0,0,0,0,0,0,0,3,934.8170360965556,2638.623580786026,600.8824999999999,735.8008196721311,0,1.0,0.0,0,0,2
A1,roll_04,mlr,2026-02-05 01:00:00+00:00,2026-02-05 02:00:00+00:00,0,1,2025-12-08T00:00:00+00:00,2026-02-02T00:00:00+00:00,2026-02-02T00:00:00+00:00,2026-02-09T00:00:00+00:00,576.4938524590164,927.6480254534922,-351.15417299447586,0,night,0,0.0,0,2,0,0,0,0,0,0,0,0,0,0,0,0,0,0,0,0,0,0,0,0,0,0,3,569.0574982047777,735.8008196721311,570.0795918367347,572.743621399177,1,0.9659258262890684,0.2588190451025207,0,0,2
A1,roll_04,mlr,2026-02-05 02:00:00+00:00,2026-02-05 03:00:00+00:00,0,1,2025-12-08T00:00:00+00:00,2026-02-02T00:00:00+00:00,2026-02-02T00:00:00+00:00,2026-02-09T00:00:00+00:00,582.7389344262294,875.5203846906245,-292.78145026439506,0,night,0,0.0,0,2,0,0,0,0,0,0,0,0,0,0,0,0,0,0,0,0,0,0,0,0,0,0,3,388.6233783748333,572.743621399177,557.3929460580913,576.4938524590164,2,0.8660254037844387,0.4999999999999999,0,0,2
A1,roll_04,mlr,2026-02-05 03:00:00+00:00,2026-02-05 04:00:00+00:00,0,1,2025-12-08T00:00:00+00:00,2026-02-02T00:00:00+00:00,2026-02-02T00:00:00+00:00,2026-02-09T00:00:00+00:00,1140.7624489795917,848.2858025129262,292.47664646666544,0,night,0,0.0,0,2,0,0,0,0,0,0,0,0,0,0,0,0,0,0,0,0,0,0,0,0,0,0,3,380.9392708019166,576.4938524590164,535.2727272727273,582.7389344262294,3,0.7071067811865476,0.7071067811865476,0,0,2
A1,roll_04,mlr,2026-02-05 04:00:00+00:00,2026-02-05 05:00:00+00:00,0,1,2025-12-08T00:00:00+00:00,2026-02-02T00:00:00+00:00,2026-02-02T00:00:00+00:00,2026-02-09T00:00:00+00:00,1980.2167272727272,1211.5815783144144,768.6351489583128,0,night,0,0.0,0,2,0,0,0,0,0,0,0,0,0,0,0,0,0,0,0,0,0,0,0,0,0,0,3,1044.109589464861,582.7389344262294,1096.6170634920634,1140.7624489795917,4,0.5000000000000001,0.8660254037844386,0,0,2
A1,roll_04,mlr,2026-02-05 05:00:00+00:00,2026-02-05 06:00:00+00:00,0,1,2025-12-08T00:00:00+00:00,2026-02-02T00:00:00+00:00,2026-02-02T00:00:00+00:00,2026-02-09T00:00:00+00:00,2024.3182156133828,1845.098275204301,179.2199404090818,0,night,0,0.0,0,2,0,0,0,0,0,0,0,0,0,0,0,0,0,0,0,0,0,0,0,0,0,0,3,2097.0978272491666,1140.7624489795917,2001.764661654136,1980.2167272727272,5,0.2588190451025207,0.9659258262890684,0,0,2
A1,roll_04,mlr,2026-02-05 06:00:00+00:00,2026-02-05 07:00:00+00:00,0,1,2025-12-08T00:00:00+00:00,2026-02-02T00:00:00+00:00,2026-02-02T00:00:00+00:00,2026-02-09T00:00:00+00:00,1672.158108108108,1961.782249090108,-289.624140982,0,night,0,0.0,0,1,0,0,0,0,0,0,0,0,0,0,0,0,0,0,0,0,0,0,0,0,0,0,3,2101.717697546028,1980.2167272727272,2016.4624060150377,2024.3182156133828,6,6.123233995736766e-17,1.0,0,0,2
A1,roll_04,mlr,2026-02-05 07:00:00+00:00,2026-02-05 08:00:00+00:00,0,1,2025-12-08T00:00:00+00:00,2026-02-02T00:00:00+00:00,2026-02-02T00:00:00+00:00,2026-02-09T00:00:00+00:00,1393.502840909091,1716.1119991244896,-322.60915821539857,1,low,0,0.0,0,1,0,0,0,0,0,0,0,0,0,0,0,0,0,0,0,0,0,0,0,0,0,0,3,1866.4684684137776,2024.3182156133828,1742.2797833935017,1672.158108108108,7,-0.2588190451025206,0.9659258262890684,0,0,2
A1,roll_04,mlr,2026-02-05 08:00:00+00:00,2026-02-05 09:00:00+00:00,0,1,2025-12-08T00:00:00+00:00,2026-02-02T00:00:00+00:00,2026-02-02T00:00:00+00:00,2026-02-09T00:00:00+00:00,1354.447186147186,1478.2113567273364,-123.76417058015045,1,low,0,0.0,0,1,0,0,0,0,0,0,0,0,0,0,0,0,0,0,0,0,0,0,0,0,0,0,3,1765.7431687797225,1672.158108108108,1544.9358649789028,1393.502840909091,8,-0.4999999999999998,0.8660254037844387,0,0,2
A1,roll_04,mlr,2026-02-05 09:00:00+00:00,2026-02-05 10:00:00+00:00,0,1,2025-12-08T00:00:00+00:00,2026-02-02T00:00:00+00:00,2026-02-02T00:00:00+00:00,2026-02-09T00:00:00+00:00,662.0819532908704,1430.4464205507745,-768.3644672599041,1,low,0,0.0,0,2,0,0,0,0,0,0,0,0,0,0,0,0,0,0,0,0,0,0,0,0,0,0,3,1253.1664777410554,1393.502840909091,1741.7046808510638,1354.447186147186,9,-0.7071067811865475,0.7071067811865476,0,0,2
A1,roll_04,mlr,2026-02-05 10:00:00+00:00,2026-02-05 11:00:00+00:00,0,1,2025-12-08T00:00:00+00:00,2026-02-02T00:00:00+00:00,2026-02-02T00:00:00+00:00,2026-02-09T00:00:00+00:00,-1116.5161157024795,973.716931204181,-2090.2330469066605,1,med,0,0.0,0,2,0,0,0,0,0,0,0,0,0,0,0,0,0,0,0,0,0,0,0,0,0,0,3,948.2308555061112,1354.447186147186,1733.1420765027322,662.0819532908704,10,-0.8660254037844387,0.4999999999999999,0,0,2
A1,roll_04,mlr,2026-02-05 11:00:00+00:00,2026-02-05 12:00:00+00:00,0,1,2025-12-08T00:00:00+00:00,2026-02-02T00:00:00+00:00,2026-02-02T00:00:00+00:00,2026-02-09T00:00:00+00:00,-936.9505836575876,-380.27527684188976,-556.6753068156978,1,high,0,0.0,0,2,1,0,0,0,0,0,0,0,0,0,0,0,0,0,0,0,0,0,0,0,0,0,3,1415.7808458588888,662.0819532908704,902.2468599033816,-1116.5161157024795,11,-0.9659258262890682,0.258819045102521,0,0,2
A1,roll_04,mlr,2026-02-05 12:00:00+00:00,2026-02-05 13:00:00+00:00,0,1,2025-12-08T00:00:00+00:00,2026-02-02T00:00:00+00:00,2026-02-02T00:00:00+00:00,2026-02-09T00:00:00+00:00,-837.3921487603305,-388.02250169646493,-449.3696470638656,1,high,0,0.0,0,3,1,0,0,0,0,0,0,0,0,0,0,0,0,0,0,0,0,0,0,0,0,0,3,347.5551561380278,-1116.5161157024795,2676.460583941606,-936.9505836575876,12,-1.0,1.2246467991473532e-16,0,0,2
A1,roll_04,mlr,2026-02-05 13:00:00+00:00,2026-02-05 14:00:00+00:00,0,1,2025-12-08T00:00:00+00:00,2026-02-02T00:00:00+00:00,2026-02-02T00:00:00+00:00,2026-02-09T00:00:00+00:00,-375.85170454545454,-241.49511471006508,-134.35658983538946,1,high,0,0.0,0,3,1,0,0,0,0,0,0,0,0,0,0,0,0,0,0,0,0,0,0,0,0,0,3,-402.3519291878333,-936.9505836575876,3913.525657894737,-837.3921487603305,13,-0.9659258262890684,-0.2588190451025208,0,0,2
A1,roll_04,mlr,2026-02-05 14:00:00+00:00,2026-02-05 15:00:00+00:00,0,1,2025-12-08T00:00:00+00:00,2026-02-02T00:00:00+00:00,2026-02-02T00:00:00+00:00,2026-02-09T00:00:00+00:00,735.4822981366459,15.499376286937832,719.9829218497081,1,med,0,0.0,0,3,1,0,0,0,0,0,0,0,0,0,0,0,0,0,0,0,0,0,0,0,0,0,3,1092.5960639581945,-837.3921487603305,2946.6394495412846,-375.85170454545454,14,-0.8660254037844388,-0.4999999999999997,0,0,2
A1,roll_04,mlr,2026-02-05 15:00:00+00:00,2026-02-05 16:00:00+00:00,0,1,2025-12-08T00:00:00+00:00,2026-02-02T00:00:00+00:00,2026-02-02T00:00:00+00:00,2026-02-09T00:00:00+00:00,773.8824840764331,850.175304963884,-76.29282088745083,1,low,0,0.0,0,4,0,0,0,0,0,0,0,0,0,0,0,0,0,0,0,0,0,0,0,0,0,0,3,462.4739155892223,-375.85170454545454,2754.6374269005846,735.4822981366459,15,-0.7071067811865479,-0.7071067811865471,0,0,2
A1,roll_04,mlr,2026-02-05 16:00:00+00:00,2026-02-05 17:00:00+00:00,0,1,2025-12-08T00:00:00+00:00,2026-02-02T00:00:00+00:00,2026-02-02T00:00:00+00:00,2026-02-09T00:00:00+00:00,822.6935275080906,991.8401795845139,-169.14665207642327,1,low,0,0.0,0,3,0,0,0,0,0,0,0,0,0,0,0,0,0,0,0,0,0,0,0,0,0,0,3,1737.4693776433332,735.4822981366459,2882.762139917695,773.8824840764331,16,-0.5000000000000004,-0.8660254037844385,0,0,2
A1,roll_04,mlr,2026-02-05 17:00:00+00:00,2026-02-05 18:00:00+00:00,0,1,2025-12-08T00:00:00+00:00,2026-02-02T00:00:00+00:00,2026-02-02T00:00:00+00:00,2026-02-09T00:00:00+00:00,1374.275974025974,1062.5921743007248,311.6837997252492,0,night,0,0.0,0,3,0,1,1,0,1,0,0,0,0,1,1,0,1,0,0,0,1,0,0,0,0,0,3,2296.247373537611,773.8824840764331,4170.079435483871,822.6935275080906,17,-0.2588190451025206,-0.9659258262890684,0,0,2
A1,roll_04,mlr,2026-02-05 18:00:00+00:00,2026-02-05 19:00:00+00:00,0,1,2025-12-08T00:00:00+00:00,2026-02-02T00:00:00+00:00,2026-02-02T00:00:00+00:00,2026-02-09T00:00:00+00:00,1357.352397260274,1378.333201168121,-20.98080390784685,0,night,0,0.0,0,2,0,0,0,0,0,0,0,0,0,0,0,0,0,0,0,0,0,0,0,0,0,0,3,773.5572774640833,822.6935275080906,3388.3426229508195,1374.275974025974,18,-1.8369701987210292e-16,-1.0,0,0,2
A1,roll_04,mlr,2026-02-05 19:00:00+00:00,2026-02-05 20:00:00+00:00,0,1,2025-12-08T00:00:00+00:00,2026-02-02T00:00:00+00:00,2026-02-02T00:00:00+00:00,2026-02-09T00:00:00+00:00,756.398866855524,1390.4909166216835,-634.0920497661594,0,night,0,0.0,0,2,0,0,0,0,0,0,0,0,0,0,0,0,0,0,0,0,0,0,0,0,0,0,3,2461.1030846526387,1374.275974025974,3374.507818930041,1357.352397260274,19,0.2588190451025203,-0.9659258262890684,0,0,2
A1,roll_04,mlr,2026-02-05 20:00:00+00:00,2026-02-05 21:00:00+00:00,0,1,2025-12-08T00:00:00+00:00,2026-02-02T00:00:00+00:00,2026-02-02T00:00:00+00:00,2026-02-09T00:00:00+00:00,1207.6818181818182,965.8173162039609,241.86450197785734,0,night,0,0.0,0,2,0,0,0,0,0,0,0,0,0,0,0,0,0,0,0,0,0,0,0,0,0,0,3,738.0341406504722,1357.352397260274,3326.137804878049,756.398866855524,20,0.5000000000000001,-0.8660254037844386,0,0,2
A1,roll_04,mlr,2026-02-05 21:00:00+00:00,2026-02-05 22:00:00+00:00,0,1,2025-12-08T00:00:00+00:00,2026-02-02T00:00:00+00:00,2026-02-02T00:00:00+00:00,2026-02-09T00:00:00+00:00,799.4336507936508,1117.2113868249064,-317.7777360312556,0,night,0,0.0,0,2,0,0,0,0,0,0,0,0,0,0,0,0,0,0,0,0,0,0,0,0,0,0,3,1046.6185902225832,756.398866855524,2641.1531380753136,1207.6818181818182,21,0.7071067811865474,-0.7071067811865477,0,0,2
A1,roll_04,mlr,2026-02-05 22:00:00+00:00,2026-02-05 23:00:00+00:00,0,1,2025-12-08T00:00:00+00:00,2026-02-02T00:00:00+00:00,2026-02-02T00:00:00+00:00,2026-02-09T00:00:00+00:00,632.1702602230483,868.677368706846,-236.50710848379765,0,night,0,0.0,0,2,0,1,1,0,4,0,0,0,1,0,1,0,1,0,0,0,1,0,0,0,0,0,3,366.5958732328333,1207.6818181818182,2707.4724576271187,799.4336507936508,22,0.8660254037844384,-0.5000000000000004,0,0,2
A1,roll_04,mlr,2026-02-05 23:00:00+00:00,2026-02-06 00:00:00+00:00,0,1,2025-12-08T00:00:00+00:00,2026-02-02T00:00:00+00:00,2026-02-02T00:00:00+00:00,2026-02-09T00:00:00+00:00,577.5668032786884,664.0982407672142,-86.53143748852574,0,night,0,0.0,0,2,0,1,1,0,4,0,0,0,1,0,1,0,1,0,0,0,1,0,0,0,0,0,3,363.3738909241667,799.4336507936508,2638.623580786026,632.1702602230483,23,0.965925826289068,-0.2588190451025215,0,0,2
A1,roll_04,mlr,2026-02-06 00:00:00+00:00,2026-02-06 01:00:00+00:00,0,1,2025-12-08T00:00:00+00:00,2026-02-02T00:00:00+00:00,2026-02-02T00:00:00+00:00,2026-02-09T00:00:00+00:00,580.2045454545455,979.3852746725502,-399.18072921800467,0,night,0,0.0,0,2,0,1,1,0,4,0,0,0,1,0,1,0,1,0,0,0,1,0,0,0,0,0,4,372.9620775262778,632.1702602230483,735.8008196721311,577.5668032786884,0,1.0,0.0,0,0,2
A1,roll_04,mlr,2026-02-06 01:00:00+00:00,2026-02-06 02:00:00+00:00,0,1,2025-12-08T00:00:00+00:00,2026-02-02T00:00:00+00:00,2026-02-02T00:00:00+00:00,2026-02-09T00:00:00+00:00,575.4979166666667,927.7463666203987,-352.248449953732,0,night,0,0.0,0,2,0,1,1,0,4,0,0,0,1,0,1,0,1,0,0,0,1,0,0,0,0,0,4,407.8405305781389,577.5668032786884,572.743621399177,580.2045454545455,1,0.9659258262890684,0.2588190451025207,0,0,2
A1,roll_04,mlr,2026-02-06 02:00:00+00:00,2026-02-06 03:00:00+00:00,0,1,2025-12-08T00:00:00+00:00,2026-02-02T00:00:00+00:00,2026-02-02T00:00:00+00:00,2026-02-09T00:00:00+00:00,574.4534979423869,889.8426528137329,-315.389154871346,0,night,0,0.0,0,2,0,0,0,0,0,0,0,0,0,0,0,0,0,0,0,0,0,0,0,0,0,0,4,371.0950655588056,580.2045454545455,576.4938524590164,575.4979166666667,2,0.8660254037844387,0.4999999999999999,0,0,2
A1,roll_04,mlr,2026-02-06 03:00:00+00:00,2026-02-06 04:00:00+00:00,0,1,2025-12-08T00:00:00+00:00,2026-02-02T00:00:00+00:00,2026-02-02T00:00:00+00:00,2026-02-09T00:00:00+00:00,1180.2426294820718,857.9973071036245,322.2453223784473,0,night,0,0.0,0,2,0,0,0,0,0,0,0,0,0,0,0,0,0,0,0,0,0,0,0,0,0,0,4,377.9953876609166,575.4979166666667,582.7389344262294,574.4534979423869,3,0.7071067811865476,0.7071067811865476,0,0,2
A1,roll_04,mlr,2026-02-06 04:00:00+00:00,2026-02-06 05:00:00+00:00,0,1,2025-12-08T00:00:00+00:00,2026-02-02T00:00:00+00:00,2026-02-02T00:00:00+00:00,2026-02-09T00:00:00+00:00,2027.4632958801496,1251.6402972526762,775.8229986274735,0,night,0,0.0,0,2,0,0,0,0,0,0,0,0,0,0,0,0,0,0,0,0,0,0,0,0,0,0,4,1042.5099112287778,574.4534979423869,1140.7624489795917,1180.2426294820718,4,0.5000000000000001,0.8660254037844386,0,0,2
A1,roll_04,mlr,2026-02-06 05:00:00+00:00,2026-02-06 06:00:00+00:00,0,1,2025-12-08T00:00:00+00:00,2026-02-02T00:00:00+00:00,2026-02-02T00:00:00+00:00,2026-02-09T00:00:00+00:00,2067.114606741573,1893.3516652800859,173.76294146148712,0,night,0,0.0,0,2,0,0,0,0,0,0,0,0,0,0,0,0,0,0,0,0,0,0,0,0,0,0,4,2043.280496847389,1180.2426294820718,1980.2167272727272,2027.4632958801496,5,0.2588190451025207,0.9659258262890684,0,0,2
A1,roll_04,mlr,2026-02-06 06:00:00+00:00,2026-02-06 07:00:00+00:00,0,1,2025-12-08T00:00:00+00:00,2026-02-02T00:00:00+00:00,2026-02-02T00:00:00+00:00,2026-02-09T00:00:00+00:00,1597.1892857142857,2007.451012871215,-410.2617271569293,0,night,0,0.0,0,2,0,0,0,0,0,0,0,0,0,0,0,0,0,0,0,0,0,0,0,0,0,0,4,2356.0469720826945,2027.4632958801496,2024.3182156133828,2067.114606741573,6,6.123233995736766e-17,1.0,0,0,2
A1,roll_04,mlr,2026-02-06 07:00:00+00:00,2026-02-06 08:00:00+00:00,0,1,2025-12-08T00:00:00+00:00,2026-02-02T00:00:00+00:00,2026-02-02T00:00:00+00:00,2026-02-09T00:00:00+00:00,1538.8590163934423,1678.4845527423831,-139.62553634894084,1,low,0,0.0,0,2,0,0,0,0,0,0,0,0,0,0,0,0,0,0,0,0,0,0,0,0,0,0,4,2415.724502125278,2067.114606741573,1672.158108108108,1597.1892857142857,7,-0.2588190451025206,0.9659258262890684,0,0,2
A1,roll_04,mlr,2026-02-06 08:00:00+00:00,2026-02-06 09:00:00+00:00,0,1,2025-12-08T00:00:00+00:00,2026-02-02T00:00:00+00:00,2026-02-02T00:00:00+00:00,2026-02-09T00:00:00+00:00,808.640361445783,1568.9012209565858,-760.2608595108028,1,low,0,0.0,0,2,0,0,0,0,0,0,0,0,0,0,0,0,0,0,0,0,0,0,0,0,0,0,4,2088.875723270194,1597.1892857142857,1393.502840909091,1538.8590163934423,8,-0.4999999999999998,0.8660254037844387,0,0,2
A1,roll_04,mlr,2026-02-06 09:00:00+00:00,2026-02-06 10:00:00+00:00,0,1,2025-12-08T00:00:00+00:00,2026-02-02T00:00:00+00:00,2026-02-02T00:00:00+00:00,2026-02-09T00:00:00+00:00,1106.088343558282,1084.0772274749397,22.01111608334236,1,low,0,0.0,0,2,0,0,0,0,0,0,0,0,0,0,0,0,0,0,0,0,0,0,0,0,0,0,4,1376.5848081650277,1538.8590163934423,1354.447186147186,808.640361445783,9,-0.7071067811865475,0.7071067811865476,0,0,2
A1,roll_04,mlr,2026-02-06 10:00:00+00:00,2026-02-06 11:00:00+00:00,0,1,2025-12-08T00:00:00+00:00,2026-02-02T00:00:00+00:00,2026-02-02T00:00:00+00:00,2026-02-09T00:00:00+00:00,-642.7065420560747,1166.214530820645,-1808.9210728767198,1,med,0,0.0,0,2,0,0,0,0,0,0,0,0,0,0,0,0,0,0,0,0,0,0,0,0,0,0,4,637.5708449115556,808.640361445783,662.0819532908704,1106.088343558282,10,-0.8660254037844387,0.4999999999999999,0,0,2
A1,roll_04,mlr,2026-02-06 11:00:00+00:00,2026-02-06 12:00:00+00:00,0,1,2025-12-08T00:00:00+00:00,2026-02-02T00:00:00+00:00,2026-02-02T00:00:00+00:00,2026-02-09T00:00:00+00:00,-1011.863082437276,-78.70375514693717,-933.1593272903389,1,high,0,0.0,0,3,1,0,0,0,0,0,0,0,0,0,0,0,0,0,0,0,0,0,0,0,0,0,4,-1038.640299738972,1106.088343558282,-1116.5161157024795,-642.7065420560747,11,-0.9659258262890682,0.258819045102521,0,0,2
A1,roll_04,mlr,2026-02-06 12:00:00+00:00,2026-02-06 13:00:00+00:00,0,1,2025-12-08T00:00:00+00:00,2026-02-02T00:00:00+00:00,2026-02-02T00:00:00+00:00,2026-02-09T00:00:00+00:00,-893.904280155642,-531.078120803005,-362.826159352637,1,high,0,0.0,0,3,1,0,0,0,0,0,0,0,0,0,0,0,0,0,0,0,0,0,0,0,0,0,4,338.58896643852773,-642.7065420560747,-936.9505836575876,-1011.863082437276,12,-1.0,1.2246467991473532e-16,0,0,2
A1,roll_04,mlr,2026-02-06 13:00:00+00:00,2026-02-06 14:00:00+00:00,0,1,2025-12-08T00:00:00+00:00,2026-02-02T00:00:00+00:00,2026-02-02T00:00:00+00:00,2026-02-09T00:00:00+00:00,-665.2588028169014,-491.0088883159659,-174.24991450093546,1,high,0,0.0,0,3,1,0,0,0,0,0,0,0,0,0,0,0,0,0,0,0,0,0,0,0,0,0,4,-266.5041079402778,-1011.863082437276,-837.3921487603305,-893.904280155642,13,-0.9659258262890684,-0.2588190451025208,0,0,2
A1,roll_04,mlr,2026-02-06 14:00:00+00:00,2026-02-06 15:00:00+00:00,0,1,2025-12-08T00:00:00+00:00,2026-02-02T00:00:00+00:00,2026-02-02T00:00:00+00:00,2026-02-09T00:00:00+00:00,710.4511864406779,-314.652255919655,1025.1034423603328,1,med,0,0.0,0,3,1,0,0,0,0,0,0,0,0,0,0,0,0,0,0,0,0,0,0,0,0,0,4,376.1624140875,-893.904280155642,-375.85170454545454,-665.2588028169014,14,-0.8660254037844388,-0.4999999999999997,0,0,2
A1,roll_04,mlr,2026-02-06 15:00:00+00:00,2026-02-06 16:00:00+00:00,0,1,2025-12-08T00:00:00+00:00,2026-02-02T00:00:00+00:00,2026-02-02T00:00:00+00:00,2026-02-09T00:00:00+00:00,641.5711610486892,716.4895345828538,-74.91837353416463,1,med,0,0.0,0,3,0,0,0,0,0,0,0,0,0,0,0,0,0,0,0,0,0,0,0,0,0,0,4,1082.7555175266666,-665.2588028169014,735.4822981366459,710.4511864406779,15,-0.7071067811865479,-0.7071067811865471,0,0,2
A1,roll_04,mlr,2026-02-06 16:00:00+00:00,2026-02-06 17:00:00+00:00,0,1,2025-12-08T00:00:00+00:00,2026-02-02T00:00:00+00:00,2026-02-02T00:00:00+00:00,2026-02-09T00:00:00+00:00,1208.6992857142857,817.9124847470446,390.7868009672411,1,low,0,0.0,0,3,0,0,0,0,0,0,0,0,0,0,0,0,0,0,0,0,0,0,0,0,0,0,4,1956.864773614972,710.4511864406779,773.8824840764331,641.5711610486892,16,-0.5000000000000004,-0.8660254037844385,0,0,2
A1,roll_04,mlr,2026-02-06 17:00:00+00:00,2026-02-06 18:00:00+00:00,0,1,2025-12-08T00:00:00+00:00,2026-02-02T00:00:00+00:00,2026-02-02T00:00:00+00:00,2026-02-09T00:00:00+00:00,1998.979389312977,1159.826218327687,839.15317098529,0,night,0,0.0,0,3,0,0,0,0,0,0,0,0,0,0,0,0,0,0,0,0,0,0,0,0,0,0,4,2558.768179305,641.5711610486892,822.6935275080906,1208.6992857142857,17,-0.2588190451025206,-0.9659258262890684,0,0,2
A1,roll_04,mlr,2026-02-06 18:00:00+00:00,2026-02-06 19:00:00+00:00,0,1,2025-12-08T00:00:00+00:00,2026-02-02T00:00:00+00:00,2026-02-02T00:00:00+00:00,2026-02-09T00:00:00+00:00,1523.3758957654725,1749.3086445269996,-225.93274876152714,0,night,0,0.0,0,2,0,0,0,0,0,0,0,0,0,0,0,0,0,0,0,0,0,0,0,0,0,0,4,1987.7934036818888,1208.6992857142857,1374.275974025974,1998.979389312977,18,-1.8369701987210292e-16,-1.0,0,0,2
A1,roll_04,mlr,2026-02-06 19:00:00+00:00,2026-02-06 20:00:00+00:00,0,1,2025-12-08T00:00:00+00:00,2026-02-02T00:00:00+00:00,2026-02-02T00:00:00+00:00,2026-02-09T00:00:00+00:00,912.399686520376,1501.1928638793443,-588.7931773589683,0,night,0,0.0,0,2,0,0,0,0,0,0,0,0,0,0,0,0,0,0,0,0,0,0,0,0,0,0,4,1676.7119280521667,1998.979389312977,1357.352397260274,1523.3758957654725,19,0.2588190451025203,-0.9659258262890684,0,0,2
A1,roll_04,mlr,2026-02-06 20:00:00+00:00,2026-02-06 21:00:00+00:00,0,1,2025-12-08T00:00:00+00:00,2026-02-02T00:00:00+00:00,2026-02-02T00:00:00+00:00,2026-02-09T00:00:00+00:00,912.399686520376,980.6184248838543,-68.21873836347834,0,night,0,0.0,0,2,0,0,0,0,0,0,0,0,0,0,0,0,0,0,0,0,0,0,0,0,0,0,4,1399.5987402705557,1523.3758957654725,756.398866855524,912.399686520376,20,0.5000000000000001,-0.8660254037844386,0,0,2
A1,roll_04,mlr,2026-02-06 21:00:00+00:00,2026-02-06 22:00:00+00:00,0,1,2025-12-08T00:00:00+00:00,2026-02-02T00:00:00+00:00,2026-02-02T00:00:00+00:00,2026-02-09T00:00:00+00:00,912.399686520376,887.8270124433607,24.572674077015336,0,night,0,0.0,0,2,0,1,4,8,8,8,10,0,1,0,1,1,1,1,1,1,1,1,1,1,1,1,4,1395.9087899032777,912.399686520376,1207.6818181818182,912.399686520376,21,0.7071067811865474,-0.7071067811865477,0,0,2
A1,roll_04,mlr,2026-02-06 22:00:00+00:00,2026-02-06 23:00:00+00:00,0,1,2025-12-08T00:00:00+00:00,2026-02-02T00:00:00+00:00,2026-02-02T00:00:00+00:00,2026-02-09T00:00:00+00:00,912.399686520376,832.3105289465743,80.08915757380169,0,night,0,0.0,0,2,0,1,4,8,8,8,10,0,1,0,1,1,1,1,1,1,1,1,1,1,1,1,4,617.2218638224722,912.399686520376,799.4336507936508,912.399686520376,22,0.8660254037844384,-0.5000000000000004,0,0,2
A1,roll_04,mlr,2026-02-06 23:00:00+00:00,2026-02-07 00:00:00+00:00,0,1,2025-12-08T00:00:00+00:00,2026-02-02T00:00:00+00:00,2026-02-02T00:00:00+00:00,2026-02-09T00:00:00+00:00,912.399686520376,782.6090332648291,129.79065325554689,0,night,0,0.0,0,2,0,1,4,8,8,8,10,0,1,0,1,1,1,1,1,1,1,1,1,1,1,1,4,560.833410557,912.399686520376,632.1702602230483,912.399686520376,23,0.965925826289068,-0.2588190451025215,0,0,2
A1,roll_04,mlr,2026-02-07 00:00:00+00:00,2026-02-07 01:00:00+00:00,0,1,2025-12-08T00:00:00+00:00,2026-02-02T00:00:00+00:00,2026-02-02T00:00:00+00:00,2026-02-09T00:00:00+00:00,912.399686520376,1136.2048838146984,-223.8051972943224,0,night,0,0.0,0,2,0,1,4,8,8,8,10,0,1,0,1,1,1,1,1,1,1,1,1,1,1,1,5,568.5592018373611,912.399686520376,577.5668032786884,912.399686520376,0,1.0,0.0,0,1,2
A1,roll_04,mlr,2026-02-07 01:00:00+00:00,2026-02-07 02:00:00+00:00,0,1,2025-12-08T00:00:00+00:00,2026-02-02T00:00:00+00:00,2026-02-02T00:00:00+00:00,2026-02-09T00:00:00+00:00,912.399686520376,1097.1924919527482,-184.79280543237223,0,night,0,0.0,0,2,0,1,4,8,8,8,10,0,1,0,1,1,1,1,1,1,1,1,1,1,1,1,5,560.2704962234167,912.399686520376,580.2045454545455,912.399686520376,1,0.9659258262890684,0.2588190451025207,0,1,2
A1,roll_04,mlr,2026-02-07 02:00:00+00:00,2026-02-07 03:00:00+00:00,0,1,2025-12-08T00:00:00+00:00,2026-02-02T00:00:00+00:00,2026-02-02T00:00:00+00:00,2026-02-09T00:00:00+00:00,1030.863562636764,1061.4177827788822,-30.554220142118083,0,night,0,0.0,0,2,0,1,4,8,8,8,10,0,1,0,1,1,1,1,1,1,1,1,1,1,1,1,5,565.4011130005833,912.399686520376,575.4979166666667,912.399686520376,2,0.8660254037844387,0.4999999999999999,0,1,2
A1,roll_04,mlr,2026-02-07 03:00:00+00:00,2026-02-07 04:00:00+00:00,0,1,2025-12-08T00:00:00+00:00,2026-02-02T00:00:00+00:00,2026-02-02T00:00:00+00:00,2026-02-09T00:00:00+00:00,1030.863562636764,1108.3541675581246,-77.4906049213605,0,night,0,0.0,0,2,0,1,4,8,8,8,10,0,0,1,1,1,1,1,1,1,1,1,1,1,1,1,5,568.1319450434166,912.399686520376,574.4534979423869,1030.863562636764,3,0.7071067811865476,0.7071067811865476,0,1,2
A1,roll_04,mlr,2026-02-07 04:00:00+00:00,2026-02-07 05:00:00+00:00,0,1,2025-12-08T00:00:00+00:00,2026-02-02T00:00:00+00:00,2026-02-02T00:00:00+00:00,2026-02-09T00:00:00+00:00,2298.011320754717,1121.2972402048813,1176.7140805498357,0,night,0,0.0,0,2,0,1,4,8,8,8,10,0,0,1,1,1,1,1,1,1,1,1,1,1,1,1,5,1108.9278010010555,1030.863562636764,1180.2426294820718,1030.863562636764,4,0.5000000000000001,0.8660254037844386,0,1,2
A1,roll_04,mlr,2026-02-07 05:00:00+00:00,2026-02-07 06:00:00+00:00,0,1,2025-12-08T00:00:00+00:00,2026-02-02T00:00:00+00:00,2026-02-02T00:00:00+00:00,2026-02-09T00:00:00+00:00,2062.442647058824,1967.2346446479505,95.20800241087363,0,night,0,0.0,0,2,0,1,1,0,0,0,10,0,0,0,0,0,0,0,1,0,0,0,1,0,0,1,5,1973.961116742889,1030.863562636764,2027.4632958801496,2298.011320754717,5,0.2588190451025207,0.9659258262890684,0,1,2
A1,roll_04,mlr,2026-02-07 06:00:00+00:00,2026-02-07 07:00:00+00:00,0,1,2025-12-08T00:00:00+00:00,2026-02-02T00:00:00+00:00,2026-02-02T00:00:00+00:00,2026-02-09T00:00:00+00:00,1559.708875739645,1951.7811138101265,-392.0722380704815,0,night,0,0.0,0,2,0,1,1,0,0,0,10,0,0,0,0,0,0,0,1,0,0,0,1,0,0,1,5,2133.987086771556,2298.011320754717,2067.114606741573,2062.442647058824,6,6.123233995736766e-17,1.0,0,1,2
A1,roll_04,mlr,2026-02-07 07:00:00+00:00,2026-02-07 08:00:00+00:00,0,1,2025-12-08T00:00:00+00:00,2026-02-02T00:00:00+00:00,2026-02-02T00:00:00+00:00,2026-02-09T00:00:00+00:00,706.9373134328358,1570.1489605656825,-863.2116471328467,1,low,0,0.0,0,2,0,0,0,0,0,0,0,0,0,0,0,0,0,0,0,0,0,0,0,0,0,0,5,1020.5726502083334,2062.442647058824,1597.1892857142857,1559.708875739645,7,-0.2588190451025206,0.9659258262890684,0,1,2
A1,roll_04,mlr,2026-02-07 08:00:00+00:00,2026-02-07 09:00:00+00:00,0,1,2025-12-08T00:00:00+00:00,2026-02-02T00:00:00+00:00,2026-02-02T00:00:00+00:00,2026-02-09T00:00:00+00:00,632.1936915887851,946.3669480609935,-314.17325647220844,1,low,0,0.0,0,2,0,0,0,0,0,0,0,0,0,0,0,0,0,0,0,0,0,0,0,0,0,0,5,419.2874801181944,1559.708875739645,1538.8590163934423,706.9373134328358,8,-0.4999999999999998,0.8660254037844387,0,1,2
A1,roll_04,mlr,2026-02-07 09:00:00+00:00,2026-02-07 10:00:00+00:00,0,1,2025-12-08T00:00:00+00:00,2026-02-02T00:00:00+00:00,2026-02-02T00:00:00+00:00,2026-02-09T00:00:00+00:00,578.2054744525547,761.8607548520861,-183.65528039953142,1,low,0,0.0,0,2,0,0,0,0,0,0,0,0,0,0,0,0,0,0,0,0,0,0,0,0,0,0,5,250.3521221068889,706.9373134328358,808.640361445783,632.1936915887851,9,-0.7071067811865475,0.7071067811865476,0,1,2
A1,roll_04,mlr,2026-02-07 10:00:00+00:00,2026-02-07 11:00:00+00:00,0,1,2025-12-08T00:00:00+00:00,2026-02-02T00:00:00+00:00,2026-02-02T00:00:00+00:00,2026-02-09T00:00:00+00:00,-41.95252679938744,731.7183081249265,-773.6708349243139,1,low,0,0.0,0,2,0,0,0,0,0,0,0,0,0,0,0,0,0,0,0,0,0,0,0,0,0,0,5,334.93582907008334,632.1936915887851,1106.088343558282,578.2054744525547,10,-0.8660254037844387,0.4999999999999999,0,1,2
A1,roll_04,mlr,2026-02-07 11:00:00+00:00,2026-02-07 12:00:00+00:00,0,1,2025-12-08T00:00:00+00:00,2026-02-02T00:00:00+00:00,2026-02-02T00:00:00+00:00,2026-02-09T00:00:00+00:00,446.3483552631579,179.1787789882547,267.1695762749032,1,high,0,0.0,0,3,1,0,0,0,0,0,0,0,0,0,0,0,0,0,0,0,0,0,0,0,0,0,5,-25.482023055444444,578.2054744525547,-642.7065420560747,-41.95252679938744,11,-0.9659258262890682,0.258819045102521,0,1,2
A1,roll_04,mlr,2026-02-07 12:00:00+00:00,2026-02-07 13:00:00+00:00,0,1,2025-12-08T00:00:00+00:00,2026-02-02T00:00:00+00:00,2026-02-02T00:00:00+00:00,2026-02-09T00:00:00+00:00,632.8982843137255,475.2111204804515,157.68716383327404,1,med,0,0.0,0,3,0,0,0,0,0,0,0,0,0,0,0,0,0,0,0,0,0,0,0,0,0,0,5,-362.59401059927774,-41.95252679938744,-1011.863082437276,446.3483552631579,12,-1.0,1.2246467991473532e-16,0,1,2
A1,roll_04,mlr,2026-02-07 13:00:00+00:00,2026-02-07 14:00:00+00:00,0,1,2025-12-08T00:00:00+00:00,2026-02-02T00:00:00+00:00,2026-02-02T00:00:00+00:00,2026-02-09T00:00:00+00:00,561.9701612903226,658.4746311968629,-96.5044699065403,1,low,0,0.0,0,3,0,0,0,0,0,0,0,0,0,0,0,0,0,0,0,0,0,0,0,0,0,0,5,-31.184125589083333,446.3483552631579,-893.904280155642,632.8982843137255,13,-0.9659258262890684,-0.2588190451025208,0,1,2
A1,roll_04,mlr,2026-02-07 14:00:00+00:00,2026-02-07 15:00:00+00:00,0,1,2025-12-08T00:00:00+00:00,2026-02-02T00:00:00+00:00,2026-02-02T00:00:00+00:00,2026-02-09T00:00:00+00:00,334.5904761904762,640.0831354209051,-305.49265923042896,1,low,0,0.0,0,3,0,0,0,0,0,0,0,0,0,0,0,0,0,0,0,0,0,0,0,0,0,0,5,-90.87281389516666,632.8982843137255,-665.2588028169014,561.9701612903226,14,-0.8660254037844388,-0.4999999999999997,0,1,2
A1,roll_04,mlr,2026-02-07 15:00:00+00:00,2026-02-07 16:00:00+00:00,0,1,2025-12-08T00:00:00+00:00,2026-02-02T00:00:00+00:00,2026-02-02T00:00:00+00:00,2026-02-09T00:00:00+00:00,645.034188034188,531.6997183765876,113.33446965760038,1,low,0,0.0,0,3,0,0,0,0,0,0,0,0,0,0,0,0,0,0,0,0,0,0,0,0,0,0,5,422.2890764387501,561.9701612903226,710.4511864406779,334.5904761904762,15,-0.7071067811865479,-0.7071067811865471,0,1,2
A1,roll_04,mlr,2026-02-07 16:00:00+00:00,2026-02-07 17:00:00+00:00,0,1,2025-12-08T00:00:00+00:00,2026-02-02T00:00:00+00:00,2026-02-02T00:00:00+00:00,2026-02-09T00:00:00+00:00,804.1076923076923,689.5143012807744,114.59339102691797,1,low,0,0.0,0,3,0,0,0,0,0,0,0,0,0,0,0,0,0,0,0,0,0,0,0,0,0,0,5,514.5742918275556,334.5904761904762,641.5711610486892,645.034188034188,16,-0.5000000000000004,-0.8660254037844385,0,1,2
A1,roll_04,mlr,2026-02-07 17:00:00+00:00,2026-02-07 18:00:00+00:00,0,1,2025-12-08T00:00:00+00:00,2026-02-02T00:00:00+00:00,2026-02-02T00:00:00+00:00,2026-02-09T00:00:00+00:00,1198.3504918032788,835.9986874448905,362.35180435838834,0,night,0,0.0,0,3,0,1,1,0,2,0,0,0,0,1,1,0,1,0,0,0,1,0,0,0,0,0,5,555.1924943127777,645.034188034188,1208.6992857142857,804.1076923076923,17,-0.2588190451025206,-0.9659258262890684,0,1,2
A1,roll_04,mlr,2026-02-07 18:00:00+00:00,2026-02-07 19:00:00+00:00,0,1,2025-12-08T00:00:00+00:00,2026-02-02T00:00:00+00:00,2026-02-02T00:00:00+00:00,2026-02-09T00:00:00+00:00,1452.110101010101,1123.3910429666862,328.71905804341486,0,night,0,0.0,0,2,0,1,1,0,2,0,0,0,0,1,1,0,1,0,0,0,1,0,0,0,0,0,5,563.0741589198611,804.1076923076923,1998.979389312977,1198.3504918032788,18,-1.8369701987210292e-16,-1.0,0,1,2
A1,roll_04,mlr,2026-02-07 19:00:00+00:00,2026-02-07 20:00:00+00:00,0,1,2025-12-08T00:00:00+00:00,2026-02-02T00:00:00+00:00,2026-02-02T00:00:00+00:00,2026-02-09T00:00:00+00:00,497.8637305699482,1284.2651213538452,-786.401390783897,0,night,0,0.0,0,2,0,0,0,0,0,0,0,0,0,0,0,0,0,0,0,0,0,0,0,0,0,0,5,532.8345183753889,1198.3504918032788,1523.3758957654725,1452.110101010101,19,0.2588190451025203,-0.9659258262890684,0,1,2
A1,roll_04,mlr,2026-02-07 20:00:00+00:00,2026-02-07 21:00:00+00:00,0,1,2025-12-08T00:00:00+00:00,2026-02-02T00:00:00+00:00,2026-02-02T00:00:00+00:00,2026-02-09T00:00:00+00:00,872.810650887574,623.5864435578741,249.22420732969988,0,night,0,0.0,0,2,0,1,1,0,2,0,0,0,1,0,1,0,1,0,0,0,1,0,0,0,0,0,5,552.461400302111,1452.110101010101,912.399686520376,497.8637305699482,20,0.5000000000000001,-0.8660254037844386,0,1,2
A1,roll_04,mlr,2026-02-07 21:00:00+00:00,2026-02-07 22:00:00+00:00,0,1,2025-12-08T00:00:00+00:00,2026-02-02T00:00:00+00:00,2026-02-02T00:00:00+00:00,2026-02-09T00:00:00+00:00,509.871225071225,715.340354273322,-205.46912920209695,0,night,0,0.0,0,2,0,1,1,0,2,0,0,0,1,0,1,0,1,0,0,0,1,0,0,0,0,0,5,552.9098461985833,497.8637305699482,912.399686520376,872.810650887574,21,0.7071067811865474,-0.7071067811865477,0,1,2
A1,roll_04,mlr,2026-02-07 22:00:00+00:00,2026-02-07 23:00:00+00:00,0,1,2025-12-08T00:00:00+00:00,2026-02-02T00:00:00+00:00,2026-02-02T00:00:00+00:00,2026-02-09T00:00:00+00:00,378.2717213114754,480.0741341801121,-101.80241286863668,0,night,0,0.0,0,2,0,0,0,0,0,0,0,0,0,0,0,0,0,0,0,0,0,0,0,0,0,0,5,560.803781971389,872.810650887574,912.399686520376,509.871225071225,22,0.8660254037844384,-0.5000000000000004,0,1,2
A1,roll_04,mlr,2026-02-07 23:00:00+00:00,2026-02-08 00:00:00+00:00,0,1,2025-12-08T00:00:00+00:00,2026-02-02T00:00:00+00:00,2026-02-02T00:00:00+00:00,2026-02-09T00:00:00+00:00,361.8569037656904,307.454953457541,54.40195030814937,0,night,0,0.0,0,2,0,1,1,0,8,0,0,0,1,0,1,0,1,0,0,0,1,0,0,0,0,0,5,565.2245665261389,509.871225071225,912.399686520376,378.2717213114754,23,0.965925826289068,-0.2588190451025215,0,1,2
A1,roll_04,mlr,2026-02-08 00:00:00+00:00,2026-02-08 01:00:00+00:00,0,1,2025-12-08T00:00:00+00:00,2026-02-02T00:00:00+00:00,2026-02-02T00:00:00+00:00,2026-02-09T00:00:00+00:00,374.6403225806452,738.5512330162306,-363.91091043558544,0,night,0,0.0,0,2,0,1,1,0,8,0,0,0,1,0,1,0,1,0,0,0,1,0,0,0,0,0,6,564.1097782727777,378.2717213114754,912.399686520376,361.8569037656904,0,1.0,0.0,0,1,2
A1,roll_04,mlr,2026-02-08 01:00:00+00:00,2026-02-08 02:00:00+00:00,0,1,2025-12-08T00:00:00+00:00,2026-02-02T00:00:00+00:00,2026-02-02T00:00:00+00:00,2026-02-09T00:00:00+00:00,359.75774058577406,705.983719192725,-346.2259786069509,0,night,0,0.0,0,2,0,1,1,0,8,0,0,0,1,0,1,0,1,0,0,0,1,0,0,0,0,0,6,533.409867254,361.8569037656904,912.399686520376,374.6403225806452,1,0.9659258262890684,0.2588190451025207,0,1,2
A1,roll_04,mlr,2026-02-08 02:00:00+00:00,2026-02-08 03:00:00+00:00,0,1,2025-12-08T00:00:00+00:00,2026-02-02T00:00:00+00:00,2026-02-02T00:00:00+00:00,2026-02-09T00:00:00+00:00,358.26639004149376,662.0317771319047,-303.76538709041097,0,night,0,0.0,0,2,0,1,1,0,8,0,0,0,1,0,1,0,1,0,0,0,1,0,0,0,0,0,6,562.5751383565,374.6403225806452,912.399686520376,359.75774058577406,2,0.8660254037844387,0.4999999999999999,0,1,2
A1,roll_04,mlr,2026-02-08 03:00:00+00:00,2026-02-08 04:00:00+00:00,0,1,2025-12-08T00:00:00+00:00,2026-02-02T00:00:00+00:00,2026-02-02T00:00:00+00:00,2026-02-09T00:00:00+00:00,369.4539094650206,633.9808344290021,-264.5269249639815,0,night,0,0.0,0,2,0,1,1,0,8,0,0,0,1,0,1,0,1,0,0,0,1,0,0,0,0,0,6,534.4757679513611,359.75774058577406,1030.863562636764,358.26639004149376,3,0.7071067811865476,0.7071067811865476,0,1,2
A1,roll_04,mlr,2026-02-08 04:00:00+00:00,2026-02-08 05:00:00+00:00,0,1,2025-12-08T00:00:00+00:00,2026-02-02T00:00:00+00:00,2026-02-02T00:00:00+00:00,2026-02-09T00:00:00+00:00,397.2683333333333,615.5795538519163,-218.311220518583,0,night,0,0.0,0,2,0,1,1,0,8,0,0,0,1,0,1,0,1,0,0,0,1,0,0,0,0,0,6,559.3680544099722,358.26639004149376,1030.863562636764,369.4539094650206,4,0.5000000000000001,0.8660254037844386,0,1,2
A1,roll_04,mlr,2026-02-08 05:00:00+00:00,2026-02-08 06:00:00+00:00,0,1,2025-12-08T00:00:00+00:00,2026-02-02T00:00:00+00:00,2026-02-02T00:00:00+00:00,2026-02-09T00:00:00+00:00,379.6493975903615,673.0839001597889,-293.43450256942737,0,night,0,0.0,0,2,0,1,1,0,8,0,0,0,0,1,1,0,1,0,0,0,1,0,0,0,0,0,6,555.9197919330833,369.4539094650206,2298.011320754717,397.2683333333333,5,0.2588190451025207,0.9659258262890684,0,1,2
A1,roll_04,mlr,2026-02-08 06:00:00+00:00,2026-02-08 07:00:00+00:00,0,1,2025-12-08T00:00:00+00:00,2026-02-02T00:00:00+00:00,2026-02-02T00:00:00+00:00,2026-02-09T00:00:00+00:00,1316.8424615384615,636.4551282844957,680.3873332539658,0,night,0,0.0,0,2,0,1,1,0,8,0,0,0,0,1,1,0,1,0,0,0,1,0,0,0,0,0,6,1160.5435193141388,397.2683333333333,2062.442647058824,379.6493975903615,6,6.123233995736766e-17,1.0,0,1,2
A1,roll_04,mlr,2026-02-08 07:00:00+00:00,2026-02-08 08:00:00+00:00,0,1,2025-12-08T00:00:00+00:00,2026-02-02T00:00:00+00:00,2026-02-02T00:00:00+00:00,2026-02-09T00:00:00+00:00,834.62125,1221.5899139909911,-386.9686639909911,1,low,0,0.0,0,2,0,0,0,0,0,0,0,0,0,0,0,0,0,0,0,0,0,0,0,0,0,0,6,691.6709654138334,379.6493975903615,1559.708875739645,1316.8424615384615,7,-0.2588190451025206,0.9659258262890684,0,1,2
A1,roll_04,mlr,2026-02-08 08:00:00+00:00,2026-02-08 09:00:00+00:00,0,1,2025-12-08T00:00:00+00:00,2026-02-02T00:00:00+00:00,2026-02-02T00:00:00+00:00,2026-02-09T00:00:00+00:00,1570.537150837989,972.1906629853313,598.3464878526577,1,low,0,0.0,0,2,0,0,0,0,0,0,0,0,0,0,0,0,0,0,0,0,0,0,0,0,0,0,6,1089.2109433604444,1316.8424615384615,706.9373134328358,834.62125,8,-0.4999999999999998,0.8660254037844387,0,1,2
A1,roll_04,mlr,2026-02-08 09:00:00+00:00,2026-02-08 10:00:00+00:00,0,1,2025-12-08T00:00:00+00:00,2026-02-02T00:00:00+00:00,2026-02-02T00:00:00+00:00,2026-02-09T00:00:00+00:00,1105.7391382405744,1398.5025259703475,-292.76338772977306,1,low,0,0.0,0,2,0,0,0,0,0,0,0,0,0,0,0,0,0,0,0,0,0,0,0,0,0,0,6,303.2054646118889,834.62125,632.1936915887851,1570.537150837989,9,-0.7071067811865475,0.7071067811865476,0,1,2
A1,roll_04,mlr,2026-02-08 10:00:00+00:00,2026-02-08 11:00:00+00:00,0,1,2025-12-08T00:00:00+00:00,2026-02-02T00:00:00+00:00,2026-02-02T00:00:00+00:00,2026-02-09T00:00:00+00:00,923.620527306968,1180.5324664594066,-256.91193915243855,1,med,0,0.0,0,3,0,0,0,0,0,0,0,0,0,0,0,0,0,0,0,0,0,0,0,0,0,0,6,306.5586802728889,1570.537150837989,578.2054744525547,1105.7391382405744,10,-0.8660254037844387,0.4999999999999999,0,1,2
A1,roll_04,mlr,2026-02-08 11:00:00+00:00,2026-02-08 12:00:00+00:00,0,1,2025-12-08T00:00:00+00:00,2026-02-02T00:00:00+00:00,2026-02-02T00:00:00+00:00,2026-02-09T00:00:00+00:00,947.024628450106,978.8096558404397,-31.785027390333767,1,med,0,0.0,0,3,0,0,0,0,0,0,0,0,0,0,0,0,0,0,0,0,0,0,0,0,0,0,6,298.92543760088887,1105.7391382405744,-41.95252679938744,923.620527306968,11,-0.9659258262890682,0.258819045102521,0,1,2
A1,roll_04,mlr,2026-02-08 12:00:00+00:00,2026-02-08 13:00:00+00:00,0,1,2025-12-08T00:00:00+00:00,2026-02-02T00:00:00+00:00,2026-02-02T00:00:00+00:00,2026-02-09T00:00:00+00:00,712.1665188470066,996.8862950870802,-284.71977624007354,1,med,0,0.0,0,3,0,0,0,0,0,0,0,0,0,0,0,0,0,0,0,0,0,0,0,0,0,0,6,73.55411946638888,923.620527306968,446.3483552631579,947.024628450106,12,-1.0,1.2246467991473532e-16,0,1,2
A1,roll_04,mlr,2026-02-08 13:00:00+00:00,2026-02-08 14:00:00+00:00,0,1,2025-12-08T00:00:00+00:00,2026-02-02T00:00:00+00:00,2026-02-02T00:00:00+00:00,2026-02-09T00:00:00+00:00,736.6655786350148,852.0430485000627,-115.37746986504794,1,low,0,0.0,0,3,0,0,0,0,0,0,0,0,0,0,0,0,0,0,0,0,0,0,0,0,0,0,6,151.58054217927778,947.024628450106,632.8982843137255,712.1665188470066,13,-0.9659258262890684,-0.2588190451025208,0,1,2
A1,roll_04,mlr,2026-02-08 14:00:00+00:00,2026-02-08 15:00:00+00:00,0,1,2025-12-08T00:00:00+00:00,2026-02-02T00:00:00+00:00,2026-02-02T00:00:00+00:00,2026-02-09T00:00:00+00:00,695.3514285714285,824.2611052248877,-128.9096766534592,1,low,0,0.0,0,3,0,0,0,0,0,0,0,0,0,0,0,0,0,0,0,0,0,0,0,0,0,0,6,1336.6438164391946,712.1665188470066,561.9701612903226,736.6655786350148,14,-0.8660254037844388,-0.4999999999999997,0,1,2
A1,roll_04,mlr,2026-02-08 15:00:00+00:00,2026-02-08 16:00:00+00:00,0,1,2025-12-08T00:00:00+00:00,2026-02-02T00:00:00+00:00,2026-02-02T00:00:00+00:00,2026-02-09T00:00:00+00:00,1433.765206812652,776.5613943006642,657.2038125119877,1,low,0,0.0,0,3,0,0,0,0,0,0,0,0,0,0,0,0,0,0,0,0,0,0,0,0,0,0,6,1896.0841900744165,736.6655786350148,334.5904761904762,695.3514285714285,15,-0.7071067811865479,-0.7071067811865471,0,1,2
A1,roll_04,mlr,2026-02-08 16:00:00+00:00,2026-02-08 17:00:00+00:00,0,1,2025-12-08T00:00:00+00:00,2026-02-02T00:00:00+00:00,2026-02-02T00:00:00+00:00,2026-02-09T00:00:00+00:00,1460.5596112311014,1252.0579079190625,208.5017033120389,1,low,0,0.0,0,3,0,0,0,0,0,0,0,0,0,0,0,0,0,0,0,0,0,0,0,0,0,0,6,2484.501672130778,695.3514285714285,645.034188034188,1433.765206812652,16,-0.5000000000000004,-0.8660254037844385,0,1,2
A1,roll_04,mlr,2026-02-08 17:00:00+00:00,2026-02-08 18:00:00+00:00,0,1,2025-12-08T00:00:00+00:00,2026-02-02T00:00:00+00:00,2026-02-02T00:00:00+00:00,2026-02-09T00:00:00+00:00,1677.3,1344.8404075785597,332.4595924214402,0,night,0,0.0,0,2,0,1,1,0,2,0,0,0,0,1,1,0,1,0,0,0,1,0,0,0,0,0,6,2486.544613380472,1433.765206812652,804.1076923076923,1460.5596112311014,17,-0.2588190451025206,-0.9659258262890684,0,1,2
A1,roll_04,mlr,2026-02-08 18:00:00+00:00,2026-02-08 19:00:00+00:00,0,1,2025-12-08T00:00:00+00:00,2026-02-02T00:00:00+00:00,2026-02-02T00:00:00+00:00,2026-02-09T00:00:00+00:00,1634.7964788732395,1480.9808080925818,153.81567078065768,0,night,0,0.0,0,2,0,1,1,0,2,0,0,0,0,1,1,0,1,0,0,0,1,0,0,0,0,0,6,2612.5492478209444,1460.5596112311014,1198.3504918032788,1677.3,18,-1.8369701987210292e-16,-1.0,0,1,2
A1,roll_04,mlr,2026-02-08 19:00:00+00:00,2026-02-08 20:00:00+00:00,0,1,2025-12-08T00:00:00+00:00,2026-02-02T00:00:00+00:00,2026-02-02T00:00:00+00:00,2026-02-09T00:00:00+00:00,1380.816091954023,1456.2268702282527,-75.41077827422964,0,night,0,0.0,0,2,0,0,0,0,0,0,0,0,0,0,0,0,0,0,0,0,0,0,0,0,0,0,6,3017.157618471861,1677.3,1452.110101010101,1634.7964788732395,19,0.2588190451025203,-0.9659258262890684,0,1,2
A1,roll_04,mlr,2026-02-08 20:00:00+00:00,2026-02-08 21:00:00+00:00,0,1,2025-12-08T00:00:00+00:00,2026-02-02T00:00:00+00:00,2026-02-02T00:00:00+00:00,2026-02-09T00:00:00+00:00,1796.902564102564,1210.0789641229467,586.8235999796173,0,night,0,0.0,0,2,0,1,1,0,1,0,0,0,1,0,1,0,1,0,0,0,1,0,0,0,0,0,6,2133.137917275778,1634.7964788732395,497.8637305699482,1380.816091954023,20,0.5000000000000001,-0.8660254037844386,0,1,2
A1,roll_04,mlr,2026-02-08 21:00:00+00:00,2026-02-08 22:00:00+00:00,0,1,2025-12-08T00:00:00+00:00,2026-02-02T00:00:00+00:00,2026-02-02T00:00:00+00:00,2026-02-09T00:00:00+00:00,682.9762008733624,1437.5241649889663,-754.5479641156039,0,night,0,0.0,0,2,0,0,0,0,0,0,0,0,0,0,0,0,0,0,0,0,0,0,0,0,0,0,6,952.1327068525555,1380.816091954023,872.810650887574,1796.902564102564,21,0.7071067811865474,-0.7071067811865477,0,1,2
