dataset_id,split_id,model_name,ts_utc,ts_target_utc,is_train_split,is_test_split,train_start_utc,train_end_utc,test_start_utc,test_end_utc,y_true_t_plus_1,yhat_t_plus_1,residual_t_plus_1,is_daylight,pv_regime,pool_on,pool_on_lag_1h,pool_switch,temp_bin,flag_grid_exporting,imputed_any,imputed_count,gaplen_demand_h,gaplen_pv_h,gaplen_pool_h,gaplen_temp_h,pv_imputed_interp,pv_imputed_ffill_night_ok,pv_imputed_fallback_zero,pv_imputed_any,flag_demand_imputed,flag_pv_imputed,flag_pool_imputed,flag_temp_imputed,flag_demand_imputed_new,flag_pv_imputed_new,flag_pool_imputed_new,flag_temp_imputed_new,demand_imputed_any,pool_imputed_any,temp_imputed_any,day_of_week,demand_lag_168h,demand_lag_1h,demand_lag_24h,demand_w,hour,hour_cos,hour_sin,is_holiday_it,is_weekend,month
B2,roll_03,rf,2026-01-25 23:00:00+00:00,2026-01-26 00:00:00+00:00,0,1,2025-12-08T00:00:00+00:00,2026-01-26T00:00:00+00:00,2026-01-26T00:00:00+00:00,2026-02-02T00:00:00+00:00,369.4281183008611,399.0812319702006,-29.65311366933946,0,night,0,0.0,0,1,0,0,0,0,0,0,0,0,0,0,0,0,0,0,0,0,0,0,0,0,0,0,6,371.8011446672778,367.5400825782778,430.99813492583326,401.8299940770556,23,0.965925826289068,-0.2588190451025215,0,1,1
B2,roll_03,rf,2026-01-26 00:00:00+00:00,2026-01-26 01:00:00+00:00,0,1,2025-12-08T00:00:00+00:00,2026-01-26T00:00:00+00:00,2026-01-26T00:00:00+00:00,2026-02-02T00:00:00+00:00,418.7639288361667,383.16127710779455,35.602651728372166,0,night,0,0.0,0,1,0,0,0,0,0,0,0,0,0,0,0,0,0,0,0,0,0,0,0,0,0,0,0,368.0171135468333,401.8299940770556,377.7188413770555,369.4281183008611,0,1.0,0.0,0,0,1
B2,roll_03,rf,2026-01-26 01:00:00+00:00,2026-01-26 02:00:00+00:00,0,1,2025-12-08T00:00:00+00:00,2026-01-26T00:00:00+00:00,2026-01-26T00:00:00+00:00,2026-02-02T00:00:00+00:00,391.5396551361389,391.2330748873841,0.3065802487548126,0,night,0,0.0,0,1,0,0,0,0,0,0,0,0,0,0,0,0,0,0,0,0,0,0,0,0,0,0,0,370.43651664125,369.4281183008611,364.4423996903056,418.7639288361667,1,0.9659258262890684,0.2588190451025207,0,0,1
B2,roll_03,rf,2026-01-26 02:00:00+00:00,2026-01-26 03:00:00+00:00,0,1,2025-12-08T00:00:00+00:00,2026-01-26T00:00:00+00:00,2026-01-26T00:00:00+00:00,2026-02-02T00:00:00+00:00,371.4401780996666,397.8042419541734,-26.36406385450681,0,night,0,0.0,0,1,0,0,0,0,0,0,0,0,0,0,0,0,0,0,0,0,0,0,0,0,0,0,0,382.0239495386389,418.7639288361667,384.5271624152222,391.5396551361389,2,0.8660254037844387,0.4999999999999999,0,0,1
B2,roll_03,rf,2026-01-26 03:00:00+00:00,2026-01-26 04:00:00+00:00,0,1,2025-12-08T00:00:00+00:00,2026-01-26T00:00:00+00:00,2026-01-26T00:00:00+00:00,2026-02-02T00:00:00+00:00,1028.218939733639,906.9567248606857,121.26221487295334,0,night,0,0.0,0,1,0,1,1,0,1,0,0,1,0,0,1,0,1,0,0,0,1,0,0,0,0,0,0,368.1878588306667,391.5396551361389,395.30640441158334,371.4401780996666,3,0.7071067811865476,0.7071067811865476,0,0,1
B2,roll_03,rf,2026-01-26 04:00:00+00:00,2026-01-26 05:00:00+00:00,0,1,2025-12-08T00:00:00+00:00,2026-01-26T00:00:00+00:00,2026-01-26T00:00:00+00:00,2026-02-02T00:00:00+00:00,2114.055589798917,2089.305196268758,24.750393530158817,0,night,0,0.0,0,1,0,0,0,0,0,0,0,0,0,0,0,0,0,0,0,0,0,0,0,0,0,0,0,956.6022458266112,371.4401780996666,963.782436518,1028.218939733639,4,0.5000000000000001,0.8660254037844386,0,0,1
B2,roll_03,rf,2026-01-26 05:00:00+00:00,2026-01-26 06:00:00+00:00,0,1,2025-12-08T00:00:00+00:00,2026-01-26T00:00:00+00:00,2026-01-26T00:00:00+00:00,2026-02-02T00:00:00+00:00,2600.770309974528,2187.256589109605,413.513720864923,0,night,0,0.0,0,1,0,0,0,0,0,0,0,0,0,0,0,0,0,0,0,0,0,0,0,0,0,0,0,2097.5119466174724,1028.218939733639,1696.815230154389,2114.055589798917,5,0.2588190451025207,0.9659258262890684,0,0,1
B2,roll_03,rf,2026-01-26 06:00:00+00:00,2026-01-26 07:00:00+00:00,0,1,2025-12-08T00:00:00+00:00,2026-01-26T00:00:00+00:00,2026-01-26T00:00:00+00:00,2026-02-02T00:00:00+00:00,2010.6085535996945,1886.6542775268288,123.9542760728657,0,night,0,0.0,0,1,0,0,0,0,0,0,0,0,0,0,0,0,0,0,0,0,0,0,0,0,0,0,0,2207.624277541472,2114.055589798917,1659.7306816588614,2600.770309974528,6,6.123233995736766e-17,1.0,0,0,1
B2,roll_03,rf,2026-01-26 07:00:00+00:00,2026-01-26 08:00:00+00:00,0,1,2025-12-08T00:00:00+00:00,2026-01-26T00:00:00+00:00,2026-01-26T00:00:00+00:00,2026-02-02T00:00:00+00:00,1665.4681254328334,1942.120148591886,-276.65202315905253,1,low,0,0.0,0,1,0,0,0,0,0,0,0,0,0,0,0,0,0,0,0,0,0,0,0,0,0,0,0,743.501432477222,2600.770309974528,2231.1363579284443,2010.6085535996945,7,-0.2588190451025206,0.9659258262890684,0,0,1
B2,roll_03,rf,2026-01-26 08:00:00+00:00,2026-01-26 09:00:00+00:00,0,1,2025-12-08T00:00:00+00:00,2026-01-26T00:00:00+00:00,2026-01-26T00:00:00+00:00,2026-02-02T00:00:00+00:00,1007.3270680508888,1522.0601895296306,-514.7331214787419,1,low,0,0.0,0,1,0,0,0,0,0,0,0,0,0,0,0,0,0,0,0,0,0,0,0,0,0,0,0,1602.210022772833,2010.6085535996945,2238.324116505972,1665.4681254328334,8,-0.4999999999999998,0.8660254037844387,0,0,1
B2,roll_03,rf,2026-01-26 09:00:00+00:00,2026-01-26 10:00:00+00:00,0,1,2025-12-08T00:00:00+00:00,2026-01-26T00:00:00+00:00,2026-01-26T00:00:00+00:00,2026-02-02T00:00:00+00:00,-569.4865977234444,1255.6815744439318,-1825.1681721673763,1,med,0,0.0,0,2,0,0,0,0,0,0,0,0,0,0,0,0,0,0,0,0,0,0,0,0,0,0,0,401.86281383952775,1665.4681254328334,2327.768168646222,1007.3270680508888,9,-0.7071067811865475,0.7071067811865476,0,0,1
B2,roll_03,rf,2026-01-26 10:00:00+00:00,2026-01-26 11:00:00+00:00,0,1,2025-12-08T00:00:00+00:00,2026-01-26T00:00:00+00:00,2026-01-26T00:00:00+00:00,2026-02-02T00:00:00+00:00,-741.4332030484165,324.1288543894625,-1065.562057437879,1,high,0,0.0,0,2,1,0,0,0,0,0,0,0,0,0,0,0,0,0,0,0,0,0,0,0,0,0,0,799.5036943302779,1007.3270680508888,3079.3561128761667,-569.4865977234444,10,-0.8660254037844387,0.4999999999999999,0,0,1
B2,roll_03,rf,2026-01-26 11:00:00+00:00,2026-01-26 12:00:00+00:00,0,1,2025-12-08T00:00:00+00:00,2026-01-26T00:00:00+00:00,2026-01-26T00:00:00+00:00,2026-02-02T00:00:00+00:00,-1079.799870834083,37.22317619534483,-1117.023047029428,1,high,0,0.0,0,2,1,0,0,0,0,0,0,0,0,0,0,0,0,0,0,0,0,0,0,0,0,0,0,764.1083921755,-569.4865977234444,1060.977643347722,-741.4332030484165,11,-0.9659258262890682,0.258819045102521,0,0,1
B2,roll_03,rf,2026-01-26 12:00:00+00:00,2026-01-26 13:00:00+00:00,0,1,2025-12-08T00:00:00+00:00,2026-01-26T00:00:00+00:00,2026-01-26T00:00:00+00:00,2026-02-02T00:00:00+00:00,94.50215176250003,88.71329929118033,5.7888524713197,1,high,0,0.0,0,2,1,0,0,0,0,0,0,0,0,0,0,0,0,0,0,0,0,0,0,0,0,0,0,135.93812644077775,-741.4332030484165,1745.3068945306666,-1079.799870834083,12,-1.0,1.2246467991473532e-16,0,0,1
B2,roll_03,rf,2026-01-26 13:00:00+00:00,2026-01-26 14:00:00+00:00,0,1,2025-12-08T00:00:00+00:00,2026-01-26T00:00:00+00:00,2026-01-26T00:00:00+00:00,2026-02-02T00:00:00+00:00,-184.2188756273056,652.7282364677802,-836.9471120950858,1,high,0,0.0,0,3,0,0,0,0,0,0,0,0,0,0,0,0,0,0,0,0,0,0,0,0,0,0,0,227.14875664072224,-1079.799870834083,906.8727746182224,94.50215176250003,13,-0.9659258262890684,-0.2588190451025208,0,0,1
B2,roll_03,rf,2026-01-26 14:00:00+00:00,2026-01-26 15:00:00+00:00,0,1,2025-12-08T00:00:00+00:00,2026-01-26T00:00:00+00:00,2026-01-26T00:00:00+00:00,2026-02-02T00:00:00+00:00,297.8340901346389,427.87966052391477,-130.04557038927584,1,med,0,0.0,0,3,1,0,0,0,0,0,0,0,0,0,0,0,0,0,0,0,0,0,0,0,0,0,0,1951.074940760889,94.50215176250003,1490.25308828425,-184.2188756273056,14,-0.8660254037844388,-0.4999999999999997,0,0,1
B2,roll_03,rf,2026-01-26 15:00:00+00:00,2026-01-26 16:00:00+00:00,0,1,2025-12-08T00:00:00+00:00,2026-01-26T00:00:00+00:00,2026-01-26T00:00:00+00:00,2026-02-02T00:00:00+00:00,931.8924169395276,733.6548301667157,198.23758677281194,1,low,0,0.0,0,3,0,0,0,0,0,0,0,0,0,0,0,0,0,0,0,0,0,0,0,0,0,0,0,806.2876032480555,-184.2188756273056,924.6930943503612,297.8340901346389,15,-0.7071067811865479,-0.7071067811865471,0,0,1
B2,roll_03,rf,2026-01-26 16:00:00+00:00,2026-01-26 17:00:00+00:00,0,1,2025-12-08T00:00:00+00:00,2026-01-26T00:00:00+00:00,2026-01-26T00:00:00+00:00,2026-02-02T00:00:00+00:00,2682.2788242863057,1325.579961300669,1356.6988629856367,0,night,0,0.0,0,2,0,0,0,0,0,0,0,0,0,0,0,0,0,0,0,0,0,0,0,0,0,0,0,738.6692789706944,297.8340901346389,1936.265559235028,931.8924169395276,16,-0.5000000000000004,-0.8660254037844385,0,0,1
B2,roll_03,rf,2026-01-26 17:00:00+00:00,2026-01-26 18:00:00+00:00,0,1,2025-12-08T00:00:00+00:00,2026-01-26T00:00:00+00:00,2026-01-26T00:00:00+00:00,2026-02-02T00:00:00+00:00,1447.201125872611,1739.9611021948022,-292.75997632219105,0,night,0,0.0,0,2,0,0,0,0,0,0,0,0,0,0,0,0,0,0,0,0,0,0,0,0,0,0,0,1883.6500829357776,931.8924169395276,1053.6913190111388,2682.2788242863057,17,-0.2588190451025206,-0.9659258262890684,0,0,1
B2,roll_03,rf,2026-01-26 18:00:00+00:00,2026-01-26 19:00:00+00:00,0,1,2025-12-08T00:00:00+00:00,2026-01-26T00:00:00+00:00,2026-01-26T00:00:00+00:00,2026-02-02T00:00:00+00:00,1800.8310691792778,1612.3548124099646,188.4762567693133,0,night,0,0.0,0,2,0,0,0,0,0,0,0,0,0,0,0,0,0,0,0,0,0,0,0,0,0,0,0,1098.2935032161668,2682.2788242863057,1042.3809986754163,1447.201125872611,18,-1.8369701987210292e-16,-1.0,0,0,1
B2,roll_03,rf,2026-01-26 19:00:00+00:00,2026-01-26 20:00:00+00:00,0,1,2025-12-08T00:00:00+00:00,2026-01-26T00:00:00+00:00,2026-01-26T00:00:00+00:00,2026-02-02T00:00:00+00:00,1879.5046675005,1441.3623104066617,438.1423570938384,0,night,0,0.0,0,2,0,0,0,0,0,0,0,0,0,0,0,0,0,0,0,0,0,0,0,0,0,0,0,1096.4852710823889,1447.201125872611,849.7813898698611,1800.8310691792778,19,0.2588190451025203,-0.9659258262890684,0,0,1
B2,roll_03,rf,2026-01-26 20:00:00+00:00,2026-01-26 21:00:00+00:00,0,1,2025-12-08T00:00:00+00:00,2026-01-26T00:00:00+00:00,2026-01-26T00:00:00+00:00,2026-02-02T00:00:00+00:00,982.8754678472778,1486.4492071093184,-503.5737392620406,0,night,0,0.0,0,1,0,0,0,0,0,0,0,0,0,0,0,0,0,0,0,0,0,0,0,0,0,0,0,852.2087300646944,1800.8310691792778,739.4192231492499,1879.5046675005,20,0.5000000000000001,-0.8660254037844386,0,0,1
B2,roll_03,rf,2026-01-26 21:00:00+00:00,2026-01-26 22:00:00+00:00,0,1,2025-12-08T00:00:00+00:00,2026-01-26T00:00:00+00:00,2026-01-26T00:00:00+00:00,2026-02-02T00:00:00+00:00,411.4689791798889,938.1405396484741,-526.6715604685853,0,night,0,0.0,0,1,0,0,0,0,0,0,0,0,0,0,0,0,0,0,0,0,0,0,0,0,0,0,0,568.0186646560555,1879.5046675005,575.8166761095833,982.8754678472778,21,0.7071067811865474,-0.7071067811865477,0,0,1
B2,roll_03,rf,2026-01-26 22:00:00+00:00,2026-01-26 23:00:00+00:00,0,1,2025-12-08T00:00:00+00:00,2026-01-26T00:00:00+00:00,2026-01-26T00:00:00+00:00,2026-02-02T00:00:00+00:00,370.9779513775556,439.6428948852002,-68.66494350764458,0,night,0,0.0,0,1,0,0,0,0,0,0,0,0,0,0,0,0,0,0,0,0,0,0,0,0,0,0,0,461.19813976011113,982.8754678472778,367.5400825782778,411.4689791798889,22,0.8660254037844384,-0.5000000000000004,0,0,1
B2,roll_03,rf,2026-01-26 23:00:00+00:00,2026-01-27 00:00:00+00:00,0,1,2025-12-08T00:00:00+00:00,2026-01-26T00:00:00+00:00,2026-01-26T00:00:00+00:00,2026-02-02T00:00:00+00:00,389.13017225908334,402.9438481464869,-13.813675887403576,0,night,0,0.0,0,1,0,0,0,0,0,0,0,0,0,0,0,0,0,0,0,0,0,0,0,0,0,0,0,356.1728901926111,411.4689791798889,401.8299940770556,370.9779513775556,23,0.965925826289068,-0.2588190451025215,0,0,1
B2,roll_03,rf,2026-01-27 00:00:00+00:00,2026-01-27 01:00:00+00:00,0,1,2025-12-08T00:00:00+00:00,2026-01-26T00:00:00+00:00,2026-01-26T00:00:00+00:00,2026-02-02T00:00:00+00:00,376.84390502849993,397.777067101482,-20.933162072982043,0,night,0,0.0,0,1,0,0,0,0,0,0,0,0,0,0,0,0,0,0,0,0,0,0,0,0,0,0,1,357.6195414715833,370.9779513775556,369.4281183008611,389.13017225908334,0,1.0,0.0,0,0,1
B2,roll_03,rf,2026-01-27 01:00:00+00:00,2026-01-27 02:00:00+00:00,0,1,2025-12-08T00:00:00+00:00,2026-01-26T00:00:00+00:00,2026-01-26T00:00:00+00:00,2026-02-02T00:00:00+00:00,378.1934371171667,384.1396718130406,-5.946234695873898,0,night,0,0.0,0,1,0,1,1,0,3,0,0,0,1,0,1,0,1,0,0,0,1,0,0,0,0,0,1,383.7339380009167,389.13017225908334,418.7639288361667,376.84390502849993,1,0.9659258262890684,0.2588190451025207,0,0,1
B2,roll_03,rf,2026-01-27 02:00:00+00:00,2026-01-27 03:00:00+00:00,0,1,2025-12-08T00:00:00+00:00,2026-01-26T00:00:00+00:00,2026-01-26T00:00:00+00:00,2026-02-02T00:00:00+00:00,391.1898017904167,393.4702655916011,-2.2804638011843963,0,night,0,0.0,0,1,0,1,1,0,3,0,0,0,1,0,1,0,1,0,0,0,1,0,0,0,0,0,1,363.2547627211111,376.84390502849993,391.5396551361389,378.1934371171667,2,0.8660254037844387,0.4999999999999999,0,0,1
B2,roll_03,rf,2026-01-27 03:00:00+00:00,2026-01-27 04:00:00+00:00,0,1,2025-12-08T00:00:00+00:00,2026-01-26T00:00:00+00:00,2026-01-26T00:00:00+00:00,2026-02-02T00:00:00+00:00,949.6719199514168,898.7776005098162,50.8943194416006,0,night,0,0.0,0,1,0,1,1,0,3,0,0,0,1,0,1,0,1,0,0,0,1,0,0,0,0,0,1,365.0164142213889,378.1934371171667,371.4401780996666,391.1898017904167,3,0.7071067811865476,0.7071067811865476,0,0,1
B2,roll_03,rf,2026-01-27 04:00:00+00:00,2026-01-27 05:00:00+00:00,0,1,2025-12-08T00:00:00+00:00,2026-01-26T00:00:00+00:00,2026-01-26T00:00:00+00:00,2026-02-02T00:00:00+00:00,1868.492211110528,1845.8968320113208,22.595379099207094,0,night,0,0.0,0,1,0,0,0,0,0,0,0,0,0,0,0,0,0,0,0,0,0,0,0,0,0,0,1,1039.7831993372222,391.1898017904167,1028.218939733639,949.6719199514168,4,0.5000000000000001,0.8660254037844386,0,0,1
B2,roll_03,rf,2026-01-27 05:00:00+00:00,2026-01-27 06:00:00+00:00,0,1,2025-12-08T00:00:00+00:00,2026-01-26T00:00:00+00:00,2026-01-26T00:00:00+00:00,2026-02-02T00:00:00+00:00,1857.5546669058888,2113.362707011717,-255.808040105828,0,night,0,0.0,0,1,0,0,0,0,0,0,0,0,0,0,0,0,0,0,0,0,0,0,0,0,0,0,1,1994.0688999676115,949.6719199514168,2114.055589798917,1868.492211110528,5,0.2588190451025207,0.9659258262890684,0,0,1
B2,roll_03,rf,2026-01-27 06:00:00+00:00,2026-01-27 07:00:00+00:00,0,1,2025-12-08T00:00:00+00:00,2026-01-26T00:00:00+00:00,2026-01-26T00:00:00+00:00,2026-02-02T00:00:00+00:00,1526.8297823245,1791.8919800974043,-265.06219777290426,0,night,0,0.0,0,1,0,0,0,0,0,0,0,0,0,0,0,0,0,0,0,0,0,0,0,0,0,0,1,2029.167694873528,1868.492211110528,2600.770309974528,1857.5546669058888,6,6.123233995736766e-17,1.0,0,0,1
B2,roll_03,rf,2026-01-27 07:00:00+00:00,2026-01-27 08:00:00+00:00,0,1,2025-12-08T00:00:00+00:00,2026-01-26T00:00:00+00:00,2026-01-26T00:00:00+00:00,2026-02-02T00:00:00+00:00,1412.669924658583,1468.3990196062646,-55.72909494768146,1,low,0,0.0,0,1,0,0,0,0,0,0,0,0,0,0,0,0,0,0,0,0,0,0,0,0,0,0,1,2071.0094555605,1857.5546669058888,2010.6085535996945,1526.8297823245,7,-0.2588190451025206,0.9659258262890684,0,0,1
B2,roll_03,rf,2026-01-27 08:00:00+00:00,2026-01-27 09:00:00+00:00,0,1,2025-12-08T00:00:00+00:00,2026-01-26T00:00:00+00:00,2026-01-26T00:00:00+00:00,2026-02-02T00:00:00+00:00,1534.4343933593334,1302.3398007551032,232.09459260423023,1,med,0,0.0,0,1,0,0,0,0,0,0,0,0,0,0,0,0,0,0,0,0,0,0,0,0,0,0,1,1907.5549124286945,1526.8297823245,1665.4681254328334,1412.669924658583,8,-0.4999999999999998,0.8660254037844387,0,0,1
B2,roll_03,rf,2026-01-27 09:00:00+00:00,2026-01-27 10:00:00+00:00,0,1,2025-12-08T00:00:00+00:00,2026-01-26T00:00:00+00:00,2026-01-26T00:00:00+00:00,2026-02-02T00:00:00+00:00,1156.7474213855278,1237.4644244402064,-80.71700305467857,1,med,0,0.0,0,1,0,0,0,0,0,0,0,0,0,0,0,0,0,0,0,0,0,0,0,0,0,0,1,720.9783473233889,1412.669924658583,1007.3270680508888,1534.4343933593334,9,-0.7071067811865475,0.7071067811865476,0,0,1
B2,roll_03,rf,2026-01-27 10:00:00+00:00,2026-01-27 11:00:00+00:00,0,1,2025-12-08T00:00:00+00:00,2026-01-26T00:00:00+00:00,2026-01-26T00:00:00+00:00,2026-02-02T00:00:00+00:00,339.89285018286114,1099.0352303594136,-759.1423801765525,1,med,0,0.0,0,2,0,0,0,0,0,0,0,0,0,0,0,0,0,0,0,0,0,0,0,0,0,0,1,151.7976551743889,1534.4343933593334,-569.4865977234444,1156.7474213855278,10,-0.8660254037844387,0.4999999999999999,0,0,1
B2,roll_03,rf,2026-01-27 11:00:00+00:00,2026-01-27 12:00:00+00:00,0,1,2025-12-08T00:00:00+00:00,2026-01-26T00:00:00+00:00,2026-01-26T00:00:00+00:00,2026-02-02T00:00:00+00:00,1030.8584088937498,494.47939852791114,536.3790103658387,1,med,0,0.0,0,2,0,0,0,0,0,0,0,0,0,0,0,0,0,0,0,0,0,0,0,0,0,0,1,787.0186959797501,1156.7474213855278,-741.4332030484165,339.89285018286114,11,-0.9659258262890682,0.258819045102521,0,0,1
B2,roll_03,rf,2026-01-27 12:00:00+00:00,2026-01-27 13:00:00+00:00,0,1,2025-12-08T00:00:00+00:00,2026-01-26T00:00:00+00:00,2026-01-26T00:00:00+00:00,2026-02-02T00:00:00+00:00,1307.5905215424166,1062.7129579213106,244.877563621106,1,low,0,0.0,0,2,0,0,0,0,0,0,0,0,0,0,0,0,0,0,0,0,0,0,0,0,0,0,1,-140.12853059388888,339.89285018286114,-1079.799870834083,1030.8584088937498,12,-1.0,1.2246467991473532e-16,0,0,1
B2,roll_03,rf,2026-01-27 13:00:00+00:00,2026-01-27 14:00:00+00:00,0,1,2025-12-08T00:00:00+00:00,2026-01-26T00:00:00+00:00,2026-01-26T00:00:00+00:00,2026-02-02T00:00:00+00:00,899.1258070269446,1386.317997828923,-487.1921908019783,1,low,0,0.0,0,2,0,0,0,0,0,0,0,0,0,0,0,0,0,0,0,0,0,0,0,0,0,0,1,90.30469802694444,1030.8584088937498,94.50215176250003,1307.5905215424166,13,-0.9659258262890684,-0.2588190451025208,0,0,1
B2,roll_03,rf,2026-01-27 14:00:00+00:00,2026-01-27 15:00:00+00:00,0,1,2025-12-08T00:00:00+00:00,2026-01-26T00:00:00+00:00,2026-01-26T00:00:00+00:00,2026-02-02T00:00:00+00:00,1560.9848600250834,1063.5964441853519,497.3884158397316,1,low,0,0.0,0,2,0,0,0,0,0,0,0,0,0,0,0,0,0,0,0,0,0,0,0,0,0,0,1,1579.226911155389,1307.5905215424166,-184.2188756273056,899.1258070269446,14,-0.8660254037844388,-0.4999999999999997,0,0,1
B2,roll_03,rf,2026-01-27 15:00:00+00:00,2026-01-27 16:00:00+00:00,0,1,2025-12-08T00:00:00+00:00,2026-01-26T00:00:00+00:00,2026-01-26T00:00:00+00:00,2026-02-02T00:00:00+00:00,1794.9346924112222,1431.873563842995,363.0611285682271,1,night,0,0.0,0,2,0,0,0,0,0,0,0,0,0,0,0,0,0,0,0,0,0,0,0,0,0,0,1,1514.7609178625555,899.1258070269446,297.8340901346389,1560.9848600250834,15,-0.7071067811865479,-0.7071067811865471,0,0,1
B2,roll_03,rf,2026-01-27 16:00:00+00:00,2026-01-27 17:00:00+00:00,0,1,2025-12-08T00:00:00+00:00,2026-01-26T00:00:00+00:00,2026-01-26T00:00:00+00:00,2026-02-02T00:00:00+00:00,843.3756644045833,1784.6536283991625,-941.2779639945792,0,night,0,0.0,0,2,0,0,0,0,0,0,0,0,0,0,0,0,0,0,0,0,0,0,0,0,0,0,1,1201.4197669487778,1560.9848600250834,931.8924169395276,1794.9346924112222,16,-0.5000000000000004,-0.8660254037844385,0,0,1
B2,roll_03,rf,2026-01-27 17:00:00+00:00,2026-01-27 18:00:00+00:00,0,1,2025-12-08T00:00:00+00:00,2026-01-26T00:00:00+00:00,2026-01-26T00:00:00+00:00,2026-02-02T00:00:00+00:00,973.197521312722,1468.4070434850066,-495.20952217228466,0,night,0,0.0,0,2,0,0,0,0,0,0,0,0,0,0,0,0,0,0,0,0,0,0,0,0,0,0,1,753.0024936381111,1794.9346924112222,2682.2788242863057,843.3756644045833,17,-0.2588190451025206,-0.9659258262890684,0,0,1
B2,roll_03,rf,2026-01-27 18:00:00+00:00,2026-01-27 19:00:00+00:00,0,1,2025-12-08T00:00:00+00:00,2026-01-26T00:00:00+00:00,2026-01-26T00:00:00+00:00,2026-02-02T00:00:00+00:00,1523.8945169891667,1523.6158971393409,0.27861984982587273,0,night,0,0.0,0,2,0,0,0,0,0,0,0,0,0,0,0,0,0,0,0,0,0,0,0,0,0,0,1,1059.3235259904168,843.3756644045833,1447.201125872611,973.197521312722,18,-1.8369701987210292e-16,-1.0,0,0,1
B2,roll_03,rf,2026-01-27 19:00:00+00:00,2026-01-27 20:00:00+00:00,0,1,2025-12-08T00:00:00+00:00,2026-01-26T00:00:00+00:00,2026-01-26T00:00:00+00:00,2026-02-02T00:00:00+00:00,985.6768274591944,1103.5063482076735,-117.82952074847901,0,night,0,0.0,0,2,0,0,0,0,0,0,0,0,0,0,0,0,0,0,0,0,0,0,0,0,0,0,1,2397.7932220235834,973.197521312722,1800.8310691792778,1523.8945169891667,19,0.2588190451025203,-0.9659258262890684,0,0,1
B2,roll_03,rf,2026-01-27 20:00:00+00:00,2026-01-27 21:00:00+00:00,0,1,2025-12-08T00:00:00+00:00,2026-01-26T00:00:00+00:00,2026-01-26T00:00:00+00:00,2026-02-02T00:00:00+00:00,1010.58551608475,1008.0717490934087,2.513766991341299,0,night,0,0.0,0,2,0,0,0,0,0,0,0,0,0,0,0,0,0,0,0,0,0,0,0,0,0,0,1,1239.3215171065278,1523.8945169891667,1879.5046675005,985.6768274591944,20,0.5000000000000001,-0.8660254037844386,0,0,1
B2,roll_03,rf,2026-01-27 21:00:00+00:00,2026-01-27 22:00:00+00:00,0,1,2025-12-08T00:00:00+00:00,2026-01-26T00:00:00+00:00,2026-01-26T00:00:00+00:00,2026-02-02T00:00:00+00:00,469.4664131017777,925.9983155233173,-456.5319024215396,0,night,0,0.0,0,2,0,0,0,0,0,0,0,0,0,0,0,0,0,0,0,0,0,0,0,0,0,0,1,1097.120321607,985.6768274591944,982.8754678472778,1010.58551608475,21,0.7071067811865474,-0.7071067811865477,0,0,1
B2,roll_03,rf,2026-01-27 22:00:00+00:00,2026-01-27 23:00:00+00:00,0,1,2025-12-08T00:00:00+00:00,2026-01-26T00:00:00+00:00,2026-01-26T00:00:00+00:00,2026-02-02T00:00:00+00:00,1039.222492417361,469.1426817759555,570.0798106414056,0,night,0,0.0,0,2,0,0,0,0,0,0,0,0,0,0,0,0,0,0,0,0,0,0,0,0,0,0,1,532.8753846346667,1010.58551608475,411.4689791798889,469.4664131017777,22,0.8660254037844384,-0.5000000000000004,0,0,1
B2,roll_03,rf,2026-01-27 23:00:00+00:00,2026-01-28 00:00:00+00:00,0,1,2025-12-08T00:00:00+00:00,2026-01-26T00:00:00+00:00,2026-01-26T00:00:00+00:00,2026-02-02T00:00:00+00:00,431.1445660605278,964.8947662708732,-533.7502002103454,0,night,0,0.0,0,2,0,0,0,0,0,0,0,0,0,0,0,0,0,0,0,0,0,0,0,0,0,0,1,374.928417115,469.4664131017777,370.9779513775556,1039.222492417361,23,0.965925826289068,-0.2588190451025215,0,0,1
B2,roll_03,rf,2026-01-28 00:00:00+00:00,2026-01-28 01:00:00+00:00,0,1,2025-12-08T00:00:00+00:00,2026-01-26T00:00:00+00:00,2026-01-26T00:00:00+00:00,2026-02-02T00:00:00+00:00,417.8579242465556,511.6495327181361,-93.79160847158045,0,night,0,0.0,0,2,0,0,0,0,0,0,0,0,0,0,0,0,0,0,0,0,0,0,0,0,0,0,2,373.7627816694167,1039.222492417361,389.13017225908334,431.1445660605278,0,1.0,0.0,0,0,1
B2,roll_03,rf,2026-01-28 01:00:00+00:00,2026-01-28 02:00:00+00:00,0,1,2025-12-08T00:00:00+00:00,2026-01-26T00:00:00+00:00,2026-01-26T00:00:00+00:00,2026-02-02T00:00:00+00:00,419.1348331130556,401.9003996788612,17.234433434194386,0,night,0,0.0,0,2,0,0,0,0,0,0,0,0,0,0,0,0,0,0,0,0,0,0,0,0,0,0,2,382.08433273438885,431.1445660605278,376.84390502849993,417.8579242465556,1,0.9659258262890684,0.2588190451025207,0,0,1
B2,roll_03,rf,2026-01-28 02:00:00+00:00,2026-01-28 03:00:00+00:00,0,1,2025-12-08T00:00:00+00:00,2026-01-26T00:00:00+00:00,2026-01-26T00:00:00+00:00,2026-02-02T00:00:00+00:00,421.2961618739444,405.67478980891866,15.621372065025753,0,night,0,0.0,0,2,0,1,1,0,1,0,0,1,0,0,1,0,1,0,0,0,1,0,0,0,0,0,2,365.3667726035,417.8579242465556,378.1934371171667,419.1348331130556,2,0.8660254037844387,0.4999999999999999,0,0,1
B2,roll_03,rf,2026-01-28 03:00:00+00:00,2026-01-28 04:00:00+00:00,0,1,2025-12-08T00:00:00+00:00,2026-01-26T00:00:00+00:00,2026-01-26T00:00:00+00:00,2026-02-02T00:00:00+00:00,1092.225752789,932.9536146716254,159.27213811737454,0,night,0,0.0,0,2,0,0,0,0,0,0,0,0,0,0,0,0,0,0,0,0,0,0,0,0,0,0,2,371.9783939987778,419.1348331130556,391.1898017904167,421.2961618739444,3,0.7071067811865476,0.7071067811865476,0,0,1
B2,roll_03,rf,2026-01-28 04:00:00+00:00,2026-01-28 05:00:00+00:00,0,1,2025-12-08T00:00:00+00:00,2026-01-26T00:00:00+00:00,2026-01-26T00:00:00+00:00,2026-02-02T00:00:00+00:00,2035.0871509705555,2078.9415885875924,-43.854437617036865,0,night,0,0.0,0,2,0,0,0,0,0,0,0,0,0,0,0,0,0,0,0,0,0,0,0,0,0,0,2,1049.641280434889,421.2961618739444,949.6719199514168,1092.225752789,4,0.5000000000000001,0.8660254037844386,0,0,1
B2,roll_03,rf,2026-01-28 05:00:00+00:00,2026-01-28 06:00:00+00:00,0,1,2025-12-08T00:00:00+00:00,2026-01-26T00:00:00+00:00,2026-01-26T00:00:00+00:00,2026-02-02T00:00:00+00:00,2063.430210569112,2205.8119518305602,-142.38174126144804,0,night,0,0.0,0,2,0,0,0,0,0,0,0,0,0,0,0,0,0,0,0,0,0,0,0,0,0,0,2,2165.628261214222,1092.225752789,1868.492211110528,2035.0871509705555,5,0.2588190451025207,0.9659258262890684,0,0,1
B2,roll_03,rf,2026-01-28 06:00:00+00:00,2026-01-28 07:00:00+00:00,0,1,2025-12-08T00:00:00+00:00,2026-01-26T00:00:00+00:00,2026-01-26T00:00:00+00:00,2026-02-02T00:00:00+00:00,1837.9513309886668,1813.728408914559,24.222922074107828,0,night,0,0.0,0,2,0,0,0,0,0,0,0,0,0,0,0,0,0,0,0,0,0,0,0,0,0,0,2,2007.6322741502224,2035.0871509705555,1857.5546669058888,2063.430210569112,6,6.123233995736766e-17,1.0,0,0,1
B2,roll_03,rf,2026-01-28 07:00:00+00:00,2026-01-28 08:00:00+00:00,0,1,2025-12-08T00:00:00+00:00,2026-01-26T00:00:00+00:00,2026-01-26T00:00:00+00:00,2026-02-02T00:00:00+00:00,1887.533959910028,1650.4472641554603,237.0866957545677,1,night,0,0.0,0,2,0,0,0,0,0,0,0,0,0,0,0,0,0,0,0,0,0,0,0,0,0,0,2,1787.7926135424725,2063.430210569112,1526.8297823245,1837.9513309886668,7,-0.2588190451025206,0.9659258262890684,0,0,1
B2,roll_03,rf,2026-01-28 08:00:00+00:00,2026-01-28 09:00:00+00:00,0,1,2025-12-08T00:00:00+00:00,2026-01-26T00:00:00+00:00,2026-01-26T00:00:00+00:00,2026-02-02T00:00:00+00:00,1927.4843435574169,1632.7360128215485,294.7483307358684,1,night,0,0.0,0,2,0,0,0,0,0,0,0,0,0,0,0,0,0,0,0,0,0,0,0,0,0,0,2,1396.283928898889,1837.9513309886668,1412.669924658583,1887.533959910028,8,-0.4999999999999998,0.8660254037844387,0,0,1
B2,roll_03,rf,2026-01-28 09:00:00+00:00,2026-01-28 10:00:00+00:00,0,1,2025-12-08T00:00:00+00:00,2026-01-26T00:00:00+00:00,2026-01-26T00:00:00+00:00,2026-02-02T00:00:00+00:00,1864.801970357278,1649.3098722696445,215.4920980876334,1,low,0,0.0,0,2,0,0,0,0,0,0,0,0,0,0,0,0,0,0,0,0,0,0,0,0,0,0,2,1012.9496219223612,1887.533959910028,1534.4343933593334,1927.4843435574169,9,-0.7071067811865475,0.7071067811865476,0,0,1
B2,roll_03,rf,2026-01-28 10:00:00+00:00,2026-01-28 11:00:00+00:00,0,1,2025-12-08T00:00:00+00:00,2026-01-26T00:00:00+00:00,2026-01-26T00:00:00+00:00,2026-02-02T00:00:00+00:00,3141.5486331360003,1660.8211251630441,1480.7275079729561,1,low,0,0.0,0,2,0,0,0,0,0,0,0,0,0,0,0,0,0,0,0,0,0,0,0,0,0,0,2,755.3586427439723,1927.4843435574169,1156.7474213855278,1864.801970357278,10,-0.8660254037844387,0.4999999999999999,0,0,1
B2,roll_03,rf,2026-01-28 11:00:00+00:00,2026-01-28 12:00:00+00:00,0,1,2025-12-08T00:00:00+00:00,2026-01-26T00:00:00+00:00,2026-01-26T00:00:00+00:00,2026-02-02T00:00:00+00:00,3688.242951303472,2237.721251797678,1450.521699505794,1,low,0,0.0,0,2,0,0,0,0,0,0,0,0,0,0,0,0,0,0,0,0,0,0,0,0,0,0,2,53.140800646916695,1864.801970357278,339.89285018286114,3141.5486331360003,11,-0.9659258262890682,0.258819045102521,0,0,1
B2,roll_03,rf,2026-01-28 12:00:00+00:00,2026-01-28 13:00:00+00:00,0,1,2025-12-08T00:00:00+00:00,2026-01-26T00:00:00+00:00,2026-01-26T00:00:00+00:00,2026-02-02T00:00:00+00:00,2978.0382318605,2959.267778606872,18.770453253628148,1,low,0,0.0,0,2,0,0,0,0,0,0,0,0,0,0,0,0,0,0,0,0,0,0,0,0,0,0,2,-768.0917536371389,3141.5486331360003,1030.8584088937498,3688.242951303472,12,-1.0,1.2246467991473532e-16,0,0,1
B2,roll_03,rf,2026-01-28 13:00:00+00:00,2026-01-28 14:00:00+00:00,0,1,2025-12-08T00:00:00+00:00,2026-01-26T00:00:00+00:00,2026-01-26T00:00:00+00:00,2026-02-02T00:00:00+00:00,3380.6789978081943,2768.512920755248,612.1660770529461,1,low,0,0.0,0,2,0,0,0,0,0,0,0,0,0,0,0,0,0,0,0,0,0,0,0,0,0,0,2,452.3195190723055,3688.242951303472,1307.5905215424166,2978.0382318605,13,-0.9659258262890684,-0.2588190451025208,0,0,1
B2,roll_03,rf,2026-01-28 14:00:00+00:00,2026-01-28 15:00:00+00:00,0,1,2025-12-08T00:00:00+00:00,2026-01-26T00:00:00+00:00,2026-01-26T00:00:00+00:00,2026-02-02T00:00:00+00:00,3872.714778626834,2796.746254429332,1075.9685241975017,1,low,0,0.0,0,2,0,0,0,0,0,0,0,0,0,0,0,0,0,0,0,0,0,0,0,0,0,0,2,66.48684730938892,2978.0382318605,899.1258070269446,3380.6789978081943,14,-0.8660254037844388,-0.4999999999999997,0,0,1
B2,roll_03,rf,2026-01-28 15:00:00+00:00,2026-01-28 16:00:00+00:00,0,1,2025-12-08T00:00:00+00:00,2026-01-26T00:00:00+00:00,2026-01-26T00:00:00+00:00,2026-02-02T00:00:00+00:00,3566.8731119283607,2895.2869639303563,671.5861479980044,1,night,0,0.0,0,2,0,0,0,0,0,0,0,0,0,0,0,0,0,0,0,0,0,0,0,0,0,0,2,359.87914049975,3380.6789978081943,1560.9848600250834,3872.714778626834,15,-0.7071067811865479,-0.7071067811865471,0,0,1
B2,roll_03,rf,2026-01-28 16:00:00+00:00,2026-01-28 17:00:00+00:00,0,1,2025-12-08T00:00:00+00:00,2026-01-26T00:00:00+00:00,2026-01-26T00:00:00+00:00,2026-02-02T00:00:00+00:00,4099.8204709775,2892.785831321847,1207.0346396556529,0,night,0,0.0,0,2,0,0,0,0,0,0,0,0,0,0,0,0,0,0,0,0,0,0,0,0,0,0,2,3501.792804637556,3872.714778626834,1794.9346924112222,3566.8731119283607,16,-0.5000000000000004,-0.8660254037844385,0,0,1
B2,roll_03,rf,2026-01-28 17:00:00+00:00,2026-01-28 18:00:00+00:00,0,1,2025-12-08T00:00:00+00:00,2026-01-26T00:00:00+00:00,2026-01-26T00:00:00+00:00,2026-02-02T00:00:00+00:00,3533.490893778889,2878.8088658384295,654.6820279404596,0,night,0,0.0,0,2,0,0,0,0,0,0,0,0,0,0,0,0,0,0,0,0,0,0,0,0,0,0,2,3139.28925536575,3566.8731119283607,843.3756644045833,4099.8204709775,17,-0.2588190451025206,-0.9659258262890684,0,0,1
B2,roll_03,rf,2026-01-28 18:00:00+00:00,2026-01-28 19:00:00+00:00,0,1,2025-12-08T00:00:00+00:00,2026-01-26T00:00:00+00:00,2026-01-26T00:00:00+00:00,2026-02-02T00:00:00+00:00,4150.093525715889,2909.300597239962,1240.792928475927,0,night,0,0.0,0,2,0,0,0,0,0,0,0,0,0,0,0,0,0,0,0,0,0,0,0,0,0,0,2,3084.578836987528,4099.8204709775,973.197521312722,3533.490893778889,18,-1.8369701987210292e-16,-1.0,0,0,1
B2,roll_03,rf,2026-01-28 19:00:00+00:00,2026-01-28 20:00:00+00:00,0,1,2025-12-08T00:00:00+00:00,2026-01-26T00:00:00+00:00,2026-01-26T00:00:00+00:00,2026-02-02T00:00:00+00:00,3498.4065437332224,2906.9130829937053,591.4934607395171,0,night,0,0.0,0,2,0,0,0,0,0,0,0,0,0,0,0,0,0,0,0,0,0,0,0,0,0,0,2,3033.668790060889,3533.490893778889,1523.8945169891667,4150.093525715889,19,0.2588190451025203,-0.9659258262890684,0,0,1
B2,roll_03,rf,2026-01-28 20:00:00+00:00,2026-01-28 21:00:00+00:00,0,1,2025-12-08T00:00:00+00:00,2026-01-26T00:00:00+00:00,2026-01-26T00:00:00+00:00,2026-02-02T00:00:00+00:00,3031.050403281528,2889.6939222777405,141.3564810037874,0,night,0,0.0,0,2,0,0,0,0,0,0,0,0,0,0,0,0,0,0,0,0,0,0,0,0,0,0,2,2886.9925662115,4150.093525715889,985.6768274591944,3498.4065437332224,20,0.5000000000000001,-0.8660254037844386,0,0,1
B2,roll_03,rf,2026-01-28 21:00:00+00:00,2026-01-28 22:00:00+00:00,0,1,2025-12-08T00:00:00+00:00,2026-01-26T00:00:00+00:00,2026-01-26T00:00:00+00:00,2026-02-02T00:00:00+00:00,880.7419122894444,2730.826233049163,-1850.0843207597186,0,night,0,0.0,0,2,0,0,0,0,0,0,0,0,0,0,0,0,0,0,0,0,0,0,0,0,0,0,2,2551.3509306884166,3498.4065437332224,1010.58551608475,3031.050403281528,21,0.7071067811865474,-0.7071067811865477,0,0,1
B2,roll_03,rf,2026-01-28 22:00:00+00:00,2026-01-28 23:00:00+00:00,0,1,2025-12-08T00:00:00+00:00,2026-01-26T00:00:00+00:00,2026-01-26T00:00:00+00:00,2026-02-02T00:00:00+00:00,822.8956369502222,1164.1202681317461,-341.22463118152393,0,night,0,0.0,0,2,0,0,0,0,0,0,0,0,0,0,0,0,0,0,0,0,0,0,0,0,0,0,2,2388.614872440278,3031.050403281528,469.4664131017777,880.7419122894444,22,0.8660254037844384,-0.5000000000000004,0,0,1
B2,roll_03,rf,2026-01-28 23:00:00+00:00,2026-01-29 00:00:00+00:00,0,1,2025-12-08T00:00:00+00:00,2026-01-26T00:00:00+00:00,2026-01-26T00:00:00+00:00,2026-02-02T00:00:00+00:00,934.8170360965556,792.4834068325658,142.3336292639898,0,night,0,0.0,0,2,0,0,0,0,0,0,0,0,0,0,0,0,0,0,0,0,0,0,0,0,0,0,2,1967.8965871302496,880.7419122894444,1039.222492417361,822.8956369502222,23,0.965925826289068,-0.2588190451025215,0,0,1
B2,roll_03,rf,2026-01-29 00:00:00+00:00,2026-01-29 01:00:00+00:00,0,1,2025-12-08T00:00:00+00:00,2026-01-26T00:00:00+00:00,2026-01-26T00:00:00+00:00,2026-02-02T00:00:00+00:00,569.0574982047777,1044.018194031732,-474.9606958269543,0,night,0,0.0,0,2,0,0,0,0,0,0,0,0,0,0,0,0,0,0,0,0,0,0,0,0,0,0,3,387.7841801272222,822.8956369502222,431.1445660605278,934.8170360965556,0,1.0,0.0,0,0,1
B2,roll_03,rf,2026-01-29 01:00:00+00:00,2026-01-29 02:00:00+00:00,0,1,2025-12-08T00:00:00+00:00,2026-01-26T00:00:00+00:00,2026-01-26T00:00:00+00:00,2026-02-02T00:00:00+00:00,388.6233783748333,508.3273510726848,-119.7039726978515,0,night,0,0.0,0,2,0,0,0,0,0,0,0,0,0,0,0,0,0,0,0,0,0,0,0,0,0,0,3,375.648988568,934.8170360965556,417.8579242465556,569.0574982047777,1,0.9659258262890684,0.2588190451025207,0,0,1
B2,roll_03,rf,2026-01-29 02:00:00+00:00,2026-01-29 03:00:00+00:00,0,1,2025-12-08T00:00:00+00:00,2026-01-26T00:00:00+00:00,2026-01-26T00:00:00+00:00,2026-02-02T00:00:00+00:00,380.9392708019166,402.1016404254213,-21.162369623504674,0,night,0,0.0,0,2,0,0,0,0,0,0,0,0,0,0,0,0,0,0,0,0,0,0,0,0,0,0,3,370.6715177761111,569.0574982047777,419.1348331130556,388.6233783748333,2,0.8660254037844387,0.4999999999999999,0,0,1
B2,roll_03,rf,2026-01-29 03:00:00+00:00,2026-01-29 04:00:00+00:00,0,1,2025-12-08T00:00:00+00:00,2026-01-26T00:00:00+00:00,2026-01-26T00:00:00+00:00,2026-02-02T00:00:00+00:00,1044.109589464861,919.5944224082451,124.51516705661595,0,night,0,0.0,0,2,0,0,0,0,0,0,0,0,0,0,0,0,0,0,0,0,0,0,0,0,0,0,3,372.0987236639445,388.6233783748333,421.2961618739444,380.9392708019166,3,0.7071067811865476,0.7071067811865476,0,0,1
B2,roll_03,rf,2026-01-29 04:00:00+00:00,2026-01-29 05:00:00+00:00,0,1,2025-12-08T00:00:00+00:00,2026-01-26T00:00:00+00:00,2026-01-26T00:00:00+00:00,2026-02-02T00:00:00+00:00,2097.0978272491666,2076.6461193933583,20.45170785580831,0,night,0,0.0,0,2,0,0,0,0,0,0,0,0,0,0,0,0,0,0,0,0,0,0,0,0,0,0,3,1036.0452877571945,380.9392708019166,1092.225752789,1044.109589464861,4,0.5000000000000001,0.8660254037844386,0,0,1
B2,roll_03,rf,2026-01-29 05:00:00+00:00,2026-01-29 06:00:00+00:00,0,1,2025-12-08T00:00:00+00:00,2026-01-26T00:00:00+00:00,2026-01-26T00:00:00+00:00,2026-02-02T00:00:00+00:00,2101.717697546028,2228.650476822073,-126.93277927604504,0,night,0,0.0,0,2,0,0,0,0,0,0,0,0,0,0,0,0,0,0,0,0,0,0,0,0,0,0,3,1958.2742827319444,1044.109589464861,2035.0871509705555,2097.0978272491666,5,0.2588190451025207,0.9659258262890684,0,0,1
B2,roll_03,rf,2026-01-29 06:00:00+00:00,2026-01-29 07:00:00+00:00,0,1,2025-12-08T00:00:00+00:00,2026-01-26T00:00:00+00:00,2026-01-26T00:00:00+00:00,2026-02-02T00:00:00+00:00,1866.4684684137776,1842.2237868339644,24.244681579813232,0,night,0,0.0,0,2,0,0,0,0,0,0,0,0,0,0,0,0,0,0,0,0,0,0,0,0,0,0,3,1980.8106362188057,2097.0978272491666,2063.430210569112,2101.717697546028,6,6.123233995736766e-17,1.0,0,0,1
B2,roll_03,rf,2026-01-29 07:00:00+00:00,2026-01-29 08:00:00+00:00,0,1,2025-12-08T00:00:00+00:00,2026-01-26T00:00:00+00:00,2026-01-26T00:00:00+00:00,2026-02-02T00:00:00+00:00,1765.7431687797225,1696.7951738071577,68.94799497256486,1,night,0,0.0,0,2,0,0,0,0,0,0,0,0,0,0,0,0,0,0,0,0,0,0,0,0,0,0,3,1778.5049296098057,2101.717697546028,1837.9513309886668,1866.4684684137776,7,-0.2588190451025206,0.9659258262890684,0,0,1
B2,roll_03,rf,2026-01-29 08:00:00+00:00,2026-01-29 09:00:00+00:00,0,1,2025-12-08T00:00:00+00:00,2026-01-26T00:00:00+00:00,2026-01-26T00:00:00+00:00,2026-02-02T00:00:00+00:00,1253.1664777410554,1671.803740970148,-418.6372632290927,1,low,0,0.0,0,2,0,0,0,0,0,0,0,0,0,0,0,0,0,0,0,0,0,0,0,0,0,0,3,1415.566902312361,1866.4684684137776,1887.533959910028,1765.7431687797225,8,-0.4999999999999998,0.8660254037844387,0,0,1
B2,roll_03,rf,2026-01-29 09:00:00+00:00,2026-01-29 10:00:00+00:00,0,1,2025-12-08T00:00:00+00:00,2026-01-26T00:00:00+00:00,2026-01-26T00:00:00+00:00,2026-02-02T00:00:00+00:00,948.2308555061112,1269.4397693180015,-321.2089138118903,1,low,0,0.0,0,2,0,0,0,0,0,0,0,0,0,0,0,0,0,0,0,0,0,0,0,0,0,0,3,1170.112685329639,1765.7431687797225,1927.4843435574169,1253.1664777410554,9,-0.7071067811865475,0.7071067811865476,0,0,1
B2,roll_03,rf,2026-01-29 10:00:00+00:00,2026-01-29 11:00:00+00:00,0,1,2025-12-08T00:00:00+00:00,2026-01-26T00:00:00+00:00,2026-01-26T00:00:00+00:00,2026-02-02T00:00:00+00:00,1415.7808458588888,994.3555183953588,421.42532746353004,1,low,0,0.0,0,2,0,0,0,0,0,0,0,0,0,0,0,0,0,0,0,0,0,0,0,0,0,0,3,912.1677645943888,1253.1664777410554,1864.801970357278,948.2308555061112,10,-0.8660254037844387,0.4999999999999999,0,0,1
B2,roll_03,rf,2026-01-29 11:00:00+00:00,2026-01-29 12:00:00+00:00,0,1,2025-12-08T00:00:00+00:00,2026-01-26T00:00:00+00:00,2026-01-26T00:00:00+00:00,2026-02-02T00:00:00+00:00,347.5551561380278,1062.1595995666096,-714.6044434285818,1,low,0,0.0,0,2,0,0,0,0,0,0,0,0,0,0,0,0,0,0,0,0,0,0,0,0,0,0,3,979.6024800058332,948.2308555061112,3141.5486331360003,1415.7808458588888,11,-0.9659258262890682,0.258819045102521,0,0,1
B2,roll_03,rf,2026-01-29 12:00:00+00:00,2026-01-29 13:00:00+00:00,0,1,2025-12-08T00:00:00+00:00,2026-01-26T00:00:00+00:00,2026-01-26T00:00:00+00:00,2026-02-02T00:00:00+00:00,-402.3519291878333,921.9390697172742,-1324.2909989051075,1,med,0,0.0,0,2,0,0,0,0,0,0,0,0,0,0,0,0,0,0,0,0,0,0,0,0,0,0,3,926.4931066359444,1415.7808458588888,3688.242951303472,347.5551561380278,12,-1.0,1.2246467991473532e-16,0,0,1
B2,roll_03,rf,2026-01-29 13:00:00+00:00,2026-01-29 14:00:00+00:00,0,1,2025-12-08T00:00:00+00:00,2026-01-26T00:00:00+00:00,2026-01-26T00:00:00+00:00,2026-02-02T00:00:00+00:00,1092.5960639581945,287.02633478042355,805.5697291777709,1,high,0,0.0,0,2,1,0,0,0,0,0,0,0,0,0,0,0,0,0,0,0,0,0,0,0,0,0,3,-104.81881332361114,347.5551561380278,2978.0382318605,-402.3519291878333,13,-0.9659258262890684,-0.2588190451025208,0,0,1
B2,roll_03,rf,2026-01-29 14:00:00+00:00,2026-01-29 15:00:00+00:00,0,1,2025-12-08T00:00:00+00:00,2026-01-26T00:00:00+00:00,2026-01-26T00:00:00+00:00,2026-02-02T00:00:00+00:00,462.4739155892223,1351.500415101655,-889.0264995124328,1,med,0,0.0,0,3,0,0,0,0,0,0,0,0,0,0,0,0,0,0,0,0,0,0,0,0,0,0,3,1036.759236264139,-402.3519291878333,3380.6789978081943,1092.5960639581945,14,-0.8660254037844388,-0.4999999999999997,0,0,1
B2,roll_03,rf,2026-01-29 15:00:00+00:00,2026-01-29 16:00:00+00:00,0,1,2025-12-08T00:00:00+00:00,2026-01-26T00:00:00+00:00,2026-01-26T00:00:00+00:00,2026-02-02T00:00:00+00:00,1737.4693776433332,1060.6817695642753,676.7876080790579,1,low,0,0.0,0,3,0,0,0,0,0,0,0,0,0,0,0,0,0,0,0,0,0,0,0,0,0,0,3,1095.6600237501943,1092.5960639581945,3872.714778626834,462.4739155892223,15,-0.7071067811865479,-0.7071067811865471,0,0,1
B2,roll_03,rf,2026-01-29 16:00:00+00:00,2026-01-29 17:00:00+00:00,0,1,2025-12-08T00:00:00+00:00,2026-01-26T00:00:00+00:00,2026-01-26T00:00:00+00:00,2026-02-02T00:00:00+00:00,2296.247373537611,1514.3480987606763,781.8992747769348,0,night,0,0.0,0,2,0,0,0,0,0,0,0,0,0,0,0,0,0,0,0,0,0,0,0,0,0,0,3,2940.7578966023334,462.4739155892223,3566.8731119283607,1737.4693776433332,16,-0.5000000000000004,-0.8660254037844385,0,0,1
B2,roll_03,rf,2026-01-29 17:00:00+00:00,2026-01-29 18:00:00+00:00,0,1,2025-12-08T00:00:00+00:00,2026-01-26T00:00:00+00:00,2026-01-26T00:00:00+00:00,2026-02-02T00:00:00+00:00,773.5572774640833,1963.2315747522189,-1189.6742972881357,0,night,0,0.0,0,2,0,0,0,0,0,0,0,0,0,0,0,0,0,0,0,0,0,0,0,0,0,0,3,1509.757366554472,1737.4693776433332,4099.8204709775,2296.247373537611,17,-0.2588190451025206,-0.9659258262890684,0,0,1
B2,roll_03,rf,2026-01-29 18:00:00+00:00,2026-01-29 19:00:00+00:00,0,1,2025-12-08T00:00:00+00:00,2026-01-26T00:00:00+00:00,2026-01-26T00:00:00+00:00,2026-02-02T00:00:00+00:00,2461.1030846526387,1368.3400436982333,1092.7630409544054,0,night,0,0.0,0,2,0,0,0,0,0,0,0,0,0,0,0,0,0,0,0,0,0,0,0,0,0,0,3,1902.4201895734168,2296.247373537611,3533.490893778889,773.5572774640833,18,-1.8369701987210292e-16,-1.0,0,0,1
B2,roll_03,rf,2026-01-29 19:00:00+00:00,2026-01-29 20:00:00+00:00,0,1,2025-12-08T00:00:00+00:00,2026-01-26T00:00:00+00:00,2026-01-26T00:00:00+00:00,2026-02-02T00:00:00+00:00,738.0341406504722,1591.4364742996743,-853.4023336492021,0,night,0,0.0,0,1,0,0,0,0,0,0,0,0,0,0,0,0,0,0,0,0,0,0,0,0,0,0,3,1073.8756977925275,773.5572774640833,4150.093525715889,2461.1030846526387,19,0.2588190451025203,-0.9659258262890684,0,0,1
B2,roll_03,rf,2026-01-29 20:00:00+00:00,2026-01-29 21:00:00+00:00,0,1,2025-12-08T00:00:00+00:00,2026-01-26T00:00:00+00:00,2026-01-26T00:00:00+00:00,2026-02-02T00:00:00+00:00,1046.6185902225832,1237.5820944059067,-190.9635041833235,0,night,0,0.0,0,1,0,0,0,0,0,0,0,0,0,0,0,0,0,0,0,0,0,0,0,0,0,0,3,1112.6407676563056,2461.1030846526387,3498.4065437332224,738.0341406504722,20,0.5000000000000001,-0.8660254037844386,0,0,1
B2,roll_03,rf,2026-01-29 21:00:00+00:00,2026-01-29 22:00:00+00:00,0,1,2025-12-08T00:00:00+00:00,2026-01-26T00:00:00+00:00,2026-01-26T00:00:00+00:00,2026-02-02T00:00:00+00:00,366.5958732328333,947.818047227196,-581.2221739943627,0,night,0,0.0,0,1,0,0,0,0,0,0,0,0,0,0,0,0,0,0,0,0,0,0,0,0,0,0,3,565.8491807108888,738.0341406504722,3031.050403281528,1046.6185902225832,21,0.7071067811865474,-0.7071067811865477,0,0,1
B2,roll_03,rf,2026-01-29 22:00:00+00:00,2026-01-29 23:00:00+00:00,0,1,2025-12-08T00:00:00+00:00,2026-01-26T00:00:00+00:00,2026-01-26T00:00:00+00:00,2026-02-02T00:00:00+00:00,363.3738909241667,490.3001396355026,-126.92624871133592,0,night,0,0.0,0,1,0,1,1,0,2,0,0,1,0,0,1,0,1,0,0,0,1,0,0,0,0,0,3,473.87890895927785,1046.6185902225832,880.7419122894444,366.5958732328333,22,0.8660254037844384,-0.5000000000000004,0,0,1
B2,roll_03,rf,2026-01-29 23:00:00+00:00,2026-01-30 00:00:00+00:00,0,1,2025-12-08T00:00:00+00:00,2026-01-26T00:00:00+00:00,2026-01-26T00:00:00+00:00,2026-02-02T00:00:00+00:00,372.9620775262778,441.17801763999205,-68.21594011371423,0,night,0,0.0,0,1,0,1,1,0,2,0,0,1,0,0,1,0,1,0,0,0,1,0,0,0,0,0,3,367.6513029880277,366.5958732328333,822.8956369502222,363.3738909241667,23,0.965925826289068,-0.2588190451025215,0,0,1
B2,roll_03,rf,2026-01-30 00:00:00+00:00,2026-01-30 01:00:00+00:00,0,1,2025-12-08T00:00:00+00:00,2026-01-26T00:00:00+00:00,2026-01-26T00:00:00+00:00,2026-02-02T00:00:00+00:00,407.8405305781389,487.64274578003096,-79.80221520189207,0,night,0,0.0,0,1,0,0,0,0,0,0,0,0,0,0,0,0,0,0,0,0,0,0,0,0,0,0,4,367.96108710394446,363.3738909241667,934.8170360965556,372.9620775262778,0,1.0,0.0,0,0,1
B2,roll_03,rf,2026-01-30 01:00:00+00:00,2026-01-30 02:00:00+00:00,0,1,2025-12-08T00:00:00+00:00,2026-01-26T00:00:00+00:00,2026-01-26T00:00:00+00:00,2026-02-02T00:00:00+00:00,371.0950655588056,398.30289119396195,-27.207825635156382,0,night,0,0.0,0,1,0,0,0,0,0,0,0,0,0,0,0,0,0,0,0,0,0,0,0,0,0,0,4,369.3633806425278,372.9620775262778,569.0574982047777,407.8405305781389,1,0.9659258262890684,0.2588190451025207,0,0,1
B2,roll_03,rf,2026-01-30 02:00:00+00:00,2026-01-30 03:00:00+00:00,0,1,2025-12-08T00:00:00+00:00,2026-01-26T00:00:00+00:00,2026-01-26T00:00:00+00:00,2026-02-02T00:00:00+00:00,377.9953876609166,391.13760526342037,-13.142217602503763,0,night,0,0.0,0,1,0,0,0,0,0,0,0,0,0,0,0,0,0,0,0,0,0,0,0,0,0,0,4,364.6717208964722,407.8405305781389,388.6233783748333,371.0950655588056,2,0.8660254037844387,0.4999999999999999,0,0,1
B2,roll_03,rf,2026-01-30 03:00:00+00:00,2026-01-30 04:00:00+00:00,0,1,2025-12-08T00:00:00+00:00,2026-01-26T00:00:00+00:00,2026-01-26T00:00:00+00:00,2026-02-02T00:00:00+00:00,1042.5099112287778,863.338049030353,179.17186219842483,0,night,0,0.0,0,1,0,0,0,0,0,0,0,0,0,0,0,0,0,0,0,0,0,0,0,0,0,0,4,368.5853674459444,371.0950655588056,380.9392708019166,377.9953876609166,3,0.7071067811865476,0.7071067811865476,0,0,1
B2,roll_03,rf,2026-01-30 04:00:00+00:00,2026-01-30 05:00:00+00:00,0,1,2025-12-08T00:00:00+00:00,2026-01-26T00:00:00+00:00,2026-01-26T00:00:00+00:00,2026-02-02T00:00:00+00:00,2043.280496847389,2046.7435651537073,-3.4630683063182914,0,night,0,0.0,0,1,0,0,0,0,0,0,0,0,0,0,0,0,0,0,0,0,0,0,0,0,0,0,4,1077.5376334153334,377.9953876609166,1044.109589464861,1042.5099112287778,4,0.5000000000000001,0.8660254037844386,0,0,1
B2,roll_03,rf,2026-01-30 05:00:00+00:00,2026-01-30 06:00:00+00:00,0,1,2025-12-08T00:00:00+00:00,2026-01-26T00:00:00+00:00,2026-01-26T00:00:00+00:00,2026-02-02T00:00:00+00:00,2356.0469720826945,2232.1178581322465,123.92911395044803,0,night,0,0.0,0,1,0,0,0,0,0,0,0,0,0,0,0,0,0,0,0,0,0,0,0,0,0,0,4,2595.650702010778,1042.5099112287778,2097.0978272491666,2043.280496847389,5,0.2588190451025207,0.9659258262890684,0,0,1
B2,roll_03,rf,2026-01-30 06:00:00+00:00,2026-01-30 07:00:00+00:00,0,1,2025-12-08T00:00:00+00:00,2026-01-26T00:00:00+00:00,2026-01-26T00:00:00+00:00,2026-02-02T00:00:00+00:00,2415.724502125278,1986.6361990830878,429.0883030421901,0,night,0,0.0,0,1,0,0,0,0,0,0,0,0,0,0,0,0,0,0,0,0,0,0,0,0,0,0,4,2229.0674939791948,2043.280496847389,2101.717697546028,2356.0469720826945,6,6.123233995736766e-17,1.0,0,0,1
B2,roll_03,rf,2026-01-30 07:00:00+00:00,2026-01-30 08:00:00+00:00,0,1,2025-12-08T00:00:00+00:00,2026-01-26T00:00:00+00:00,2026-01-26T00:00:00+00:00,2026-02-02T00:00:00+00:00,2088.875723270194,1897.6416322128846,191.23409105730957,1,night,0,0.0,0,2,0,0,0,0,0,0,0,0,0,0,0,0,0,0,0,0,0,0,0,0,0,0,4,1956.5605310417773,2356.0469720826945,1866.4684684137776,2415.724502125278,7,-0.2588190451025206,0.9659258262890684,0,0,1
B2,roll_03,rf,2026-01-30 08:00:00+00:00,2026-01-30 09:00:00+00:00,0,1,2025-12-08T00:00:00+00:00,2026-01-26T00:00:00+00:00,2026-01-26T00:00:00+00:00,2026-02-02T00:00:00+00:00,1376.5848081650277,1852.6134921613104,-476.0286839962828,1,low,0,0.0,0,2,0,0,0,0,0,0,0,0,0,0,0,0,0,0,0,0,0,0,0,0,0,0,4,1820.3555307953327,2415.724502125278,1765.7431687797225,2088.875723270194,8,-0.4999999999999998,0.8660254037844387,0,0,1
B2,roll_03,rf,2026-01-30 09:00:00+00:00,2026-01-30 10:00:00+00:00,0,1,2025-12-08T00:00:00+00:00,2026-01-26T00:00:00+00:00,2026-01-26T00:00:00+00:00,2026-02-02T00:00:00+00:00,637.5708449115556,1365.8063389603426,-728.235494048787,1,med,0,0.0,0,2,0,0,0,0,0,0,0,0,0,0,0,0,0,0,0,0,0,0,0,0,0,0,4,2016.7762660696944,2088.875723270194,1253.1664777410554,1376.5848081650277,9,-0.7071067811865475,0.7071067811865476,0,0,1
B2,roll_03,rf,2026-01-30 10:00:00+00:00,2026-01-30 11:00:00+00:00,0,1,2025-12-08T00:00:00+00:00,2026-01-26T00:00:00+00:00,2026-01-26T00:00:00+00:00,2026-02-02T00:00:00+00:00,-1038.640299738972,867.3357549141363,-1905.9760546531083,1,high,0,0.0,0,2,0,0,0,0,0,0,0,0,0,0,0,0,0,0,0,0,0,0,0,0,0,0,4,1936.420994131,1376.5848081650277,948.2308555061112,637.5708449115556,10,-0.8660254037844387,0.4999999999999999,0,0,1
B2,roll_03,rf,2026-01-30 11:00:00+00:00,2026-01-30 12:00:00+00:00,0,1,2025-12-08T00:00:00+00:00,2026-01-26T00:00:00+00:00,2026-01-26T00:00:00+00:00,2026-02-02T00:00:00+00:00,338.58896643852773,104.14801147471958,234.44095496380817,1,high,0,0.0,0,2,1,0,0,0,0,0,0,0,0,0,0,0,0,0,0,0,0,0,0,0,0,0,4,1576.1195596841944,637.5708449115556,1415.7808458588888,-1038.640299738972,11,-0.9659258262890682,0.258819045102521,0,0,1
B2,roll_03,rf,2026-01-30 12:00:00+00:00,2026-01-30 13:00:00+00:00,0,1,2025-12-08T00:00:00+00:00,2026-01-26T00:00:00+00:00,2026-01-26T00:00:00+00:00,2026-02-02T00:00:00+00:00,-266.5041079402778,417.04823639516417,-683.552344335442,1,med,0,0.0,0,3,0,0,0,0,0,0,0,0,0,0,0,0,0,0,0,0,0,0,0,0,0,0,4,1707.01032054225,-1038.640299738972,347.5551561380278,338.58896643852773,12,-1.0,1.2246467991473532e-16,0,0,1
B2,roll_03,rf,2026-01-30 13:00:00+00:00,2026-01-30 14:00:00+00:00,0,1,2025-12-08T00:00:00+00:00,2026-01-26T00:00:00+00:00,2026-01-26T00:00:00+00:00,2026-02-02T00:00:00+00:00,376.1624140875,-53.94022248546695,430.10263657296696,1,med,0,0.0,0,3,1,0,0,0,0,0,0,0,0,0,0,0,0,0,0,0,0,0,0,0,0,0,4,2214.146590013028,338.58896643852773,-402.3519291878333,-266.5041079402778,13,-0.9659258262890684,-0.2588190451025208,0,0,1
B2,roll_03,rf,2026-01-30 14:00:00+00:00,2026-01-30 15:00:00+00:00,0,1,2025-12-08T00:00:00+00:00,2026-01-26T00:00:00+00:00,2026-01-26T00:00:00+00:00,2026-02-02T00:00:00+00:00,1082.7555175266666,832.4379691645653,250.31754836210132,1,med,0,0.0,0,2,0,0,0,0,0,0,0,0,0,0,0,0,0,0,0,0,0,0,0,0,0,0,4,2195.8262186153333,-266.5041079402778,1092.5960639581945,376.1624140875,14,-0.8660254037844388,-0.4999999999999997,0,0,1
B2,roll_03,rf,2026-01-30 15:00:00+00:00,2026-01-30 16:00:00+00:00,0,1,2025-12-08T00:00:00+00:00,2026-01-26T00:00:00+00:00,2026-01-26T00:00:00+00:00,2026-02-02T00:00:00+00:00,1956.864773614972,1272.035100363522,684.82967325145,1,low,0,0.0,0,2,0,0,0,0,0,0,0,0,0,0,0,0,0,0,0,0,0,0,0,0,0,0,4,2527.9803929520835,376.1624140875,462.4739155892223,1082.7555175266666,15,-0.7071067811865479,-0.7071067811865471,0,0,1
B2,roll_03,rf,2026-01-30 16:00:00+00:00,2026-01-30 17:00:00+00:00,0,1,2025-12-08T00:00:00+00:00,2026-01-26T00:00:00+00:00,2026-01-26T00:00:00+00:00,2026-02-02T00:00:00+00:00,2558.768179305,1616.7766200935773,941.9915592114228,0,night,0,0.0,0,2,0,0,0,0,0,0,0,0,0,0,0,0,0,0,0,0,0,0,0,0,0,0,4,2048.975809514583,1082.7555175266666,1737.4693776433332,1956.864773614972,16,-0.5000000000000004,-0.8660254037844385,0,0,1
B2,roll_03,rf,2026-01-30 17:00:00+00:00,2026-01-30 18:00:00+00:00,0,1,2025-12-08T00:00:00+00:00,2026-01-26T00:00:00+00:00,2026-01-26T00:00:00+00:00,2026-02-02T00:00:00+00:00,1987.7934036818888,1985.2829872030752,2.5104164788135677,0,night,0,0.0,0,2,0,0,0,0,0,0,0,0,0,0,0,0,0,0,0,0,0,0,0,0,0,0,4,1253.307754251361,1956.864773614972,2296.247373537611,2558.768179305,17,-0.2588190451025206,-0.9659258262890684,0,0,1
B2,roll_03,rf,2026-01-30 18:00:00+00:00,2026-01-30 19:00:00+00:00,0,1,2025-12-08T00:00:00+00:00,2026-01-26T00:00:00+00:00,2026-01-26T00:00:00+00:00,2026-02-02T00:00:00+00:00,1676.7119280521667,1890.7701068721658,-214.05817881999906,0,night,0,0.0,0,2,0,0,0,0,0,0,0,0,0,0,0,0,0,0,0,0,0,0,0,0,0,0,4,2022.5164028016115,2558.768179305,773.5572774640833,1987.7934036818888,18,-1.8369701987210292e-16,-1.0,0,0,1
B2,roll_03,rf,2026-01-30 19:00:00+00:00,2026-01-30 20:00:00+00:00,0,1,2025-12-08T00:00:00+00:00,2026-01-26T00:00:00+00:00,2026-01-26T00:00:00+00:00,2026-02-02T00:00:00+00:00,1399.5987402705557,1424.6937603787921,-25.09502010823644,0,night,0,0.0,0,1,0,0,0,0,0,0,0,0,0,0,0,0,0,0,0,0,0,0,0,0,0,0,4,1067.3991769345832,1987.7934036818888,2461.1030846526387,1676.7119280521667,19,0.2588190451025203,-0.9659258262890684,0,0,1
B2,roll_03,rf,2026-01-30 20:00:00+00:00,2026-01-30 21:00:00+00:00,0,1,2025-12-08T00:00:00+00:00,2026-01-26T00:00:00+00:00,2026-01-26T00:00:00+00:00,2026-02-02T00:00:00+00:00,1395.9087899032777,1072.3433313553767,323.565458547901,0,night,0,0.0,0,2,0,0,0,0,0,0,0,0,0,0,0,0,0,0,0,0,0,0,0,0,0,0,4,1046.436184157472,1676.7119280521667,738.0341406504722,1399.5987402705557,20,0.5000000000000001,-0.8660254037844386,0,0,1
B2,roll_03,rf,2026-01-30 21:00:00+00:00,2026-01-30 22:00:00+00:00,0,1,2025-12-08T00:00:00+00:00,2026-01-26T00:00:00+00:00,2026-01-26T00:00:00+00:00,2026-02-02T00:00:00+00:00,617.2218638224722,972.756310052155,-355.53444622968277,0,night,0,0.0,0,2,0,0,0,0,0,0,0,0,0,0,0,0,0,0,0,0,0,0,0,0,0,0,4,602.2876708927778,1399.5987402705557,1046.6185902225832,1395.9087899032777,21,0.7071067811865474,-0.7071067811865477,0,0,1
B2,roll_03,rf,2026-01-30 22:00:00+00:00,2026-01-30 23:00:00+00:00,0,1,2025-12-08T00:00:00+00:00,2026-01-26T00:00:00+00:00,2026-01-26T00:00:00+00:00,2026-02-02T00:00:00+00:00,560.833410557,533.5205368596681,27.31287369733184,0,night,0,0.0,0,1,0,0,0,0,0,0,0,0,0,0,0,0,0,0,0,0,0,0,0,0,0,0,4,492.5538403097778,1395.9087899032777,366.5958732328333,617.2218638224722,22,0.8660254037844384,-0.5000000000000004,0,0,1
B2,roll_03,rf,2026-01-30 23:00:00+00:00,2026-01-31 00:00:00+00:00,0,1,2025-12-08T00:00:00+00:00,2026-01-26T00:00:00+00:00,2026-01-26T00:00:00+00:00,2026-02-02T00:00:00+00:00,568.5592018373611,465.20719057099154,103.35201126636957,0,night,0,0.0,0,1,0,0,0,0,0,0,0,0,0,0,0,0,0,0,0,0,0,0,0,0,0,0,4,435.2853666092778,617.2218638224722,363.3738909241667,560.833410557,23,0.965925826289068,-0.2588190451025215,0,0,1
B2,roll_03,rf,2026-01-31 00:00:00+00:00,2026-01-31 01:00:00+00:00,0,1,2025-12-08T00:00:00+00:00,2026-01-26T00:00:00+00:00,2026-01-26T00:00:00+00:00,2026-02-02T00:00:00+00:00,560.2704962234167,503.6616121110353,56.60888411238136,0,night,0,0.0,0,1,0,0,0,0,0,0,0,0,0,0,0,0,0,0,0,0,0,0,0,0,0,0,5,405.1807272819444,560.833410557,372.9620775262778,568.5592018373611,0,1.0,0.0,0,1,1
B2,roll_03,rf,2026-01-31 01:00:00+00:00,2026-01-31 02:00:00+00:00,0,1,2025-12-08T00:00:00+00:00,2026-01-26T00:00:00+00:00,2026-01-26T00:00:00+00:00,2026-02-02T00:00:00+00:00,565.4011130005833,485.0592499533014,80.34186304728195,0,night,0,0.0,0,1,0,0,0,0,0,0,0,0,0,0,0,0,0,0,0,0,0,0,0,0,0,0,5,403.1378216736112,568.5592018373611,407.8405305781389,560.2704962234167,1,0.9659258262890684,0.2588190451025207,0,1,1
B2,roll_03,rf,2026-01-31 02:00:00+00:00,2026-01-31 03:00:00+00:00,0,1,2025-12-08T00:00:00+00:00,2026-01-26T00:00:00+00:00,2026-01-26T00:00:00+00:00,2026-02-02T00:00:00+00:00,568.1319450434166,504.32575302109194,63.806192022324694,0,night,0,0.0,0,1,0,0,0,0,0,0,0,0,0,0,0,0,0,0,0,0,0,0,0,0,0,0,5,404.9479621853611,560.2704962234167,371.0950655588056,565.4011130005833,2,0.8660254037844387,0.4999999999999999,0,1,1
B2,roll_03,rf,2026-01-31 03:00:00+00:00,2026-01-31 04:00:00+00:00,0,1,2025-12-08T00:00:00+00:00,2026-01-26T00:00:00+00:00,2026-01-26T00:00:00+00:00,2026-02-02T00:00:00+00:00,1108.9278010010555,911.4766037036858,197.45119729736973,0,night,0,0.0,0,1,0,1,1,0,2,0,0,1,0,0,1,0,1,0,0,0,1,0,0,0,0,0,5,402.6522398849167,565.4011130005833,377.9953876609166,568.1319450434166,3,0.7071067811865476,0.7071067811865476,0,1,1
B2,roll_03,rf,2026-01-31 04:00:00+00:00,2026-01-31 05:00:00+00:00,0,1,2025-12-08T00:00:00+00:00,2026-01-26T00:00:00+00:00,2026-01-26T00:00:00+00:00,2026-02-02T00:00:00+00:00,1973.961116742889,2084.9171919747487,-110.95607523185959,0,night,0,0.0,0,1,0,1,1,0,2,0,0,1,0,0,1,0,1,0,0,0,1,0,0,0,0,0,5,989.5879204678332,568.1319450434166,1042.5099112287778,1108.9278010010555,4,0.5000000000000001,0.8660254037844386,0,1,1
B2,roll_03,rf,2026-01-31 05:00:00+00:00,2026-01-31 06:00:00+00:00,0,1,2025-12-08T00:00:00+00:00,2026-01-26T00:00:00+00:00,2026-01-26T00:00:00+00:00,2026-02-02T00:00:00+00:00,2133.987086771556,2198.948342488194,-64.96125571663833,0,night,0,0.0,0,2,0,0,0,0,0,0,0,0,0,0,0,0,0,0,0,0,0,0,0,0,0,0,5,1683.9951601766388,1108.9278010010555,2043.280496847389,1973.961116742889,5,0.2588190451025207,0.9659258262890684,0,1,1
B2,roll_03,rf,2026-01-31 06:00:00+00:00,2026-01-31 07:00:00+00:00,0,1,2025-12-08T00:00:00+00:00,2026-01-26T00:00:00+00:00,2026-01-26T00:00:00+00:00,2026-02-02T00:00:00+00:00,1020.5726502083334,1985.715834748007,-965.1431845396736,0,night,0,0.0,0,2,0,0,0,0,0,0,0,0,0,0,0,0,0,0,0,0,0,0,0,0,0,0,5,1902.018428271,1973.961116742889,2356.0469720826945,2133.987086771556,6,6.123233995736766e-17,1.0,0,1,1
B2,roll_03,rf,2026-01-31 07:00:00+00:00,2026-01-31 08:00:00+00:00,0,1,2025-12-08T00:00:00+00:00,2026-01-26T00:00:00+00:00,2026-01-26T00:00:00+00:00,2026-02-02T00:00:00+00:00,419.2874801181944,1579.9679302936847,-1160.6804501754903,1,night,0,0.0,0,2,0,0,0,0,0,0,0,0,0,0,0,0,0,0,0,0,0,0,0,0,0,0,5,2166.76233965375,2133.987086771556,2415.724502125278,1020.5726502083334,7,-0.2588190451025206,0.9659258262890684,0,1,1
B2,roll_03,rf,2026-01-31 08:00:00+00:00,2026-01-31 09:00:00+00:00,0,1,2025-12-08T00:00:00+00:00,2026-01-26T00:00:00+00:00,2026-01-26T00:00:00+00:00,2026-02-02T00:00:00+00:00,250.3521221068889,867.5828023906515,-617.2306802837626,1,low,0,0.0,0,2,0,0,0,0,0,0,0,0,0,0,0,0,0,0,0,0,0,0,0,0,0,0,5,2056.1787956731946,1020.5726502083334,2088.875723270194,419.2874801181944,8,-0.4999999999999998,0.8660254037844387,0,1,1
B2,roll_03,rf,2026-01-31 09:00:00+00:00,2026-01-31 10:00:00+00:00,0,1,2025-12-08T00:00:00+00:00,2026-01-26T00:00:00+00:00,2026-01-26T00:00:00+00:00,2026-02-02T00:00:00+00:00,334.93582907008334,688.5488620415844,-353.613032971501,1,low,0,0.0,0,2,0,0,0,0,0,0,0,0,0,0,0,0,0,0,0,0,0,0,0,0,0,0,5,2110.409867789389,419.2874801181944,1376.5848081650277,250.3521221068889,9,-0.7071067811865475,0.7071067811865476,0,1,1
B2,roll_03,rf,2026-01-31 10:00:00+00:00,2026-01-31 11:00:00+00:00,0,1,2025-12-08T00:00:00+00:00,2026-01-26T00:00:00+00:00,2026-01-26T00:00:00+00:00,2026-02-02T00:00:00+00:00,-25.482023055444444,483.22286114063104,-508.70488419607545,1,low,0,0.0,0,2,0,0,0,0,0,0,0,0,0,0,0,0,0,0,0,0,0,0,0,0,0,0,5,3130.832139515,250.3521221068889,637.5708449115556,334.93582907008334,10,-0.8660254037844387,0.4999999999999999,0,1,1
B2,roll_03,rf,2026-01-31 11:00:00+00:00,2026-01-31 12:00:00+00:00,0,1,2025-12-08T00:00:00+00:00,2026-01-26T00:00:00+00:00,2026-01-26T00:00:00+00:00,2026-02-02T00:00:00+00:00,-362.59401059927774,-77.30216802984692,-285.2918425694308,1,med,0,0.0,0,2,1,0,0,0,0,0,0,0,0,0,0,0,0,0,0,0,0,0,0,0,0,0,5,385.99203080291664,334.93582907008334,-1038.640299738972,-25.482023055444444,11,-0.9659258262890682,0.258819045102521,0,1,1
B2,roll_03,rf,2026-01-31 12:00:00+00:00,2026-01-31 13:00:00+00:00,0,1,2025-12-08T00:00:00+00:00,2026-01-26T00:00:00+00:00,2026-01-26T00:00:00+00:00,2026-02-02T00:00:00+00:00,-31.184125589083333,-72.6748212517866,41.49069566270326,1,med,0,0.0,0,2,1,0,0,0,0,0,0,0,0,0,0,0,0,0,0,0,0,0,0,0,0,0,5,1016.1453970060834,-25.482023055444444,338.58896643852773,-362.59401059927774,12,-1.0,1.2246467991473532e-16,0,1,1
B2,roll_03,rf,2026-01-31 13:00:00+00:00,2026-01-31 14:00:00+00:00,0,1,2025-12-08T00:00:00+00:00,2026-01-26T00:00:00+00:00,2026-01-26T00:00:00+00:00,2026-02-02T00:00:00+00:00,-90.87281389516666,-100.16075262884537,9.287938733678715,1,med,0,0.0,0,2,1,0,0,0,0,0,0,0,0,0,0,0,0,0,0,0,0,0,0,0,0,0,5,1064.5741736199725,-362.59401059927774,-266.5041079402778,-31.184125589083333,13,-0.9659258262890684,-0.2588190451025208,0,1,1
B2,roll_03,rf,2026-01-31 14:00:00+00:00,2026-01-31 15:00:00+00:00,0,1,2025-12-08T00:00:00+00:00,2026-01-26T00:00:00+00:00,2026-01-26T00:00:00+00:00,2026-02-02T00:00:00+00:00,422.2890764387501,107.50010854427248,314.78896789447765,1,med,0,0.0,0,3,1,0,0,0,0,0,0,0,0,0,0,0,0,0,0,0,0,0,0,0,0,0,5,1858.781012173056,-31.184125589083333,376.1624140875,-90.87281389516666,14,-0.8660254037844388,-0.4999999999999997,0,1,1
B2,roll_03,rf,2026-01-31 15:00:00+00:00,2026-01-31 16:00:00+00:00,0,1,2025-12-08T00:00:00+00:00,2026-01-26T00:00:00+00:00,2026-01-26T00:00:00+00:00,2026-02-02T00:00:00+00:00,514.5742918275556,857.9727829018184,-343.3984910742628,1,low,0,0.0,0,2,0,0,0,0,0,0,0,0,0,0,0,0,0,0,0,0,0,0,0,0,0,0,5,1831.2616717653889,-90.87281389516666,1082.7555175266666,422.2890764387501,15,-0.7071067811865479,-0.7071067811865471,0,1,1
B2,roll_03,rf,2026-01-31 16:00:00+00:00,2026-01-31 17:00:00+00:00,0,1,2025-12-08T00:00:00+00:00,2026-01-26T00:00:00+00:00,2026-01-26T00:00:00+00:00,2026-02-02T00:00:00+00:00,555.1924943127777,906.2295537296799,-351.03705941690214,0,night,0,0.0,0,2,0,0,0,0,0,0,0,0,0,0,0,0,0,0,0,0,0,0,0,0,0,0,5,1060.0596002008333,422.2890764387501,1956.864773614972,514.5742918275556,16,-0.5000000000000004,-0.8660254037844385,0,1,1
B2,roll_03,rf,2026-01-31 17:00:00+00:00,2026-01-31 18:00:00+00:00,0,1,2025-12-08T00:00:00+00:00,2026-01-26T00:00:00+00:00,2026-01-26T00:00:00+00:00,2026-02-02T00:00:00+00:00,563.0741589198611,853.1654041352418,-290.0912452153807,0,night,0,0.0,0,2,0,0,0,0,0,0,0,0,0,0,0,0,0,0,0,0,0,0,0,0,0,0,5,992.9213029867224,514.5742918275556,2558.768179305,555.1924943127777,17,-0.2588190451025206,-0.9659258262890684,0,1,1
B2,roll_03,rf,2026-01-31 18:00:00+00:00,2026-01-31 19:00:00+00:00,0,1,2025-12-08T00:00:00+00:00,2026-01-26T00:00:00+00:00,2026-01-26T00:00:00+00:00,2026-02-02T00:00:00+00:00,532.8345183753889,819.1050510516906,-286.2705326763016,0,night,0,0.0,0,2,0,0,0,0,0,0,0,0,0,0,0,0,0,0,0,0,0,0,0,0,0,0,5,1541.1415699855834,555.1924943127777,1987.7934036818888,563.0741589198611,18,-1.8369701987210292e-16,-1.0,0,1,1
B2,roll_03,rf,2026-01-31 19:00:00+00:00,2026-01-31 20:00:00+00:00,0,1,2025-12-08T00:00:00+00:00,2026-01-26T00:00:00+00:00,2026-01-26T00:00:00+00:00,2026-02-02T00:00:00+00:00,552.461400302111,786.0238242935645,-233.56242399145356,0,night,0,0.0,0,1,0,1,1,0,11,0,0,0,1,0,1,0,1,0,0,0,1,0,0,0,0,0,5,1286.9006860100278,563.0741589198611,1676.7119280521667,532.8345183753889,19,0.2588190451025203,-0.9659258262890684,0,1,1
B2,roll_03,rf,2026-01-31 20:00:00+00:00,2026-01-31 21:00:00+00:00,0,1,2025-12-08T00:00:00+00:00,2026-01-26T00:00:00+00:00,2026-01-26T00:00:00+00:00,2026-02-02T00:00:00+00:00,552.9098461985833,707.8277651951731,-154.91791899658983,0,night,0,0.0,0,1,0,1,1,0,11,0,0,0,1,0,1,0,1,0,0,0,1,0,0,0,0,0,5,640.4533153681945,532.8345183753889,1399.5987402705557,552.461400302111,20,0.5000000000000001,-0.8660254037844386,0,1,1
B2,roll_03,rf,2026-01-31 21:00:00+00:00,2026-01-31 22:00:00+00:00,0,1,2025-12-08T00:00:00+00:00,2026-01-26T00:00:00+00:00,2026-01-26T00:00:00+00:00,2026-02-02T00:00:00+00:00,560.803781971389,669.7798205825376,-108.97603861114862,0,night,0,0.0,0,1,0,1,1,0,11,0,0,0,1,0,1,0,1,0,0,0,1,0,0,0,0,0,5,584.3161862229999,552.461400302111,1395.9087899032777,552.9098461985833,21,0.7071067811865474,-0.7071067811865477,0,1,1
B2,roll_03,rf,2026-01-31 22:00:00+00:00,2026-01-31 23:00:00+00:00,0,1,2025-12-08T00:00:00+00:00,2026-01-26T00:00:00+00:00,2026-01-26T00:00:00+00:00,2026-02-02T00:00:00+00:00,565.2245665261389,472.1984311345097,93.02613539162923,0,night,0,0.0,0,1,0,1,1,0,11,0,0,0,1,0,1,0,1,0,0,0,1,0,0,0,0,0,5,518.3547093412777,552.9098461985833,617.2218638224722,560.803781971389,22,0.8660254037844384,-0.5000000000000004,0,1,1
B2,roll_03,rf,2026-01-31 23:00:00+00:00,2026-02-01 00:00:00+00:00,0,1,2025-12-08T00:00:00+00:00,2026-01-26T00:00:00+00:00,2026-01-26T00:00:00+00:00,2026-02-02T00:00:00+00:00,564.1097782727777,476.2572597064841,87.85251856629361,0,night,0,0.0,0,1,0,1,1,0,11,0,0,0,1,0,1,0,1,0,0,0,1,0,0,0,0,0,5,430.99813492583326,560.803781971389,560.833410557,565.2245665261389,23,0.965925826289068,-0.2588190451025215,0,1,1
B2,roll_03,rf,2026-02-01 00:00:00+00:00,2026-02-01 01:00:00+00:00,0,1,2025-12-08T00:00:00+00:00,2026-01-26T00:00:00+00:00,2026-01-26T00:00:00+00:00,2026-02-02T00:00:00+00:00,533.409867254,505.2161194364337,28.193747817566305,0,night,0,0.0,0,1,0,1,1,0,11,0,0,0,1,0,1,0,1,0,0,0,1,0,0,0,0,0,6,377.7188413770555,565.2245665261389,568.5592018373611,564.1097782727777,0,1.0,0.0,0,1,2
B2,roll_03,rf,2026-02-01 01:00:00+00:00,2026-02-01 02:00:00+00:00,0,1,2025-12-08T00:00:00+00:00,2026-01-26T00:00:00+00:00,2026-01-26T00:00:00+00:00,2026-02-02T00:00:00+00:00,562.5751383565,475.8659409279333,86.70919742856671,0,night,0,0.0,0,1,0,1,1,0,11,0,0,0,0,1,1,0,1,0,0,0,1,0,0,0,0,0,6,364.4423996903056,564.1097782727777,560.2704962234167,533.409867254,1,0.9659258262890684,0.2588190451025207,0,1,2
B2,roll_03,rf,2026-02-01 02:00:00+00:00,2026-02-01 03:00:00+00:00,0,1,2025-12-08T00:00:00+00:00,2026-01-26T00:00:00+00:00,2026-01-26T00:00:00+00:00,2026-02-02T00:00:00+00:00,534.4757679513611,488.4259244988343,46.04984345252683,0,night,0,0.0,0,1,0,1,1,0,11,0,0,0,0,1,1,0,1,0,0,0,1,0,0,0,0,0,6,384.5271624152222,533.409867254,565.4011130005833,562.5751383565,2,0.8660254037844387,0.4999999999999999,0,1,2
B2,roll_03,rf,2026-02-01 03:00:00+00:00,2026-02-01 04:00:00+00:00,0,1,2025-12-08T00:00:00+00:00,2026-01-26T00:00:00+00:00,2026-01-26T00:00:00+00:00,2026-02-02T00:00:00+00:00,559.3680544099722,895.9332608960779,-336.5652064861057,0,night,0,0.0,0,1,0,1,1,0,11,0,0,0,0,1,1,0,1,0,0,0,1,0,0,0,0,0,6,395.30640441158334,562.5751383565,568.1319450434166,534.4757679513611,3,0.7071067811865476,0.7071067811865476,0,1,2
B2,roll_03,rf,2026-02-01 04:00:00+00:00,2026-02-01 05:00:00+00:00,0,1,2025-12-08T00:00:00+00:00,2026-01-26T00:00:00+00:00,2026-01-26T00:00:00+00:00,2026-02-02T00:00:00+00:00,555.9197919330833,944.929044577354,-389.00925264427076,0,night,0,0.0,0,1,0,1,1,0,11,0,0,0,0,1,1,0,1,0,0,0,1,0,0,0,0,0,6,963.782436518,534.4757679513611,1108.9278010010555,559.3680544099722,4,0.5000000000000001,0.8660254037844386,0,1,2
B2,roll_03,rf,2026-02-01 05:00:00+00:00,2026-02-01 06:00:00+00:00,0,1,2025-12-08T00:00:00+00:00,2026-01-26T00:00:00+00:00,2026-01-26T00:00:00+00:00,2026-02-02T00:00:00+00:00,1160.5435193141388,889.8071567390285,270.7363625751103,0,night,0,0.0,0,1,0,1,1,0,11,0,0,0,0,1,1,0,1,0,0,0,1,0,0,0,0,0,6,1696.815230154389,559.3680544099722,1973.961116742889,555.9197919330833,5,0.2588190451025207,0.9659258262890684,0,1,2
B2,roll_03,rf,2026-02-01 06:00:00+00:00,2026-02-01 07:00:00+00:00,0,1,2025-12-08T00:00:00+00:00,2026-01-26T00:00:00+00:00,2026-01-26T00:00:00+00:00,2026-02-02T00:00:00+00:00,691.6709654138334,1728.0248804927999,-1036.3539150789666,0,night,0,0.0,0,1,0,0,0,0,0,0,0,0,0,0,0,0,0,0,0,0,0,0,0,0,0,0,6,1659.7306816588614,555.9197919330833,2133.987086771556,1160.5435193141388,6,6.123233995736766e-17,1.0,0,1,2
B2,roll_03,rf,2026-02-01 07:00:00+00:00,2026-02-01 08:00:00+00:00,0,1,2025-12-08T00:00:00+00:00,2026-01-26T00:00:00+00:00,2026-01-26T00:00:00+00:00,2026-02-02T00:00:00+00:00,1089.2109433604444,961.9716274788631,127.23931588158132,1,night,0,0.0,0,1,0,0,0,0,0,0,0,0,0,0,0,0,0,0,0,0,0,0,0,0,0,0,6,2231.1363579284443,1160.5435193141388,1020.5726502083334,691.6709654138334,7,-0.2588190451025206,0.9659258262890684,0,1,2
B2,roll_03,rf,2026-02-01 08:00:00+00:00,2026-02-01 09:00:00+00:00,0,1,2025-12-08T00:00:00+00:00,2026-01-26T00:00:00+00:00,2026-01-26T00:00:00+00:00,2026-02-02T00:00:00+00:00,303.2054646118889,1233.0132279589643,-929.8077633470755,1,low,0,0.0,0,2,0,0,0,0,0,0,0,0,0,0,0,0,0,0,0,0,0,0,0,0,0,0,6,2238.324116505972,691.6709654138334,419.2874801181944,1089.2109433604444,8,-0.4999999999999998,0.8660254037844387,0,1,2
B2,roll_03,rf,2026-02-01 09:00:00+00:00,2026-02-01 10:00:00+00:00,0,1,2025-12-08T00:00:00+00:00,2026-01-26T00:00:00+00:00,2026-01-26T00:00:00+00:00,2026-02-02T00:00:00+00:00,306.5586802728889,639.9949731327645,-333.43629285987555,1,low,0,0.0,0,2,0,0,0,0,0,0,0,0,0,0,0,0,0,0,0,0,0,0,0,0,0,0,6,2327.768168646222,1089.2109433604444,250.3521221068889,303.2054646118889,9,-0.7071067811865475,0.7071067811865476,0,1,2
B2,roll_03,rf,2026-02-01 10:00:00+00:00,2026-02-01 11:00:00+00:00,0,1,2025-12-08T00:00:00+00:00,2026-01-26T00:00:00+00:00,2026-01-26T00:00:00+00:00,2026-02-02T00:00:00+00:00,298.92543760088887,459.14423534772146,-160.2187977468326,1,low,0,0.0,0,2,0,0,0,0,0,0,0,0,0,0,0,0,0,0,0,0,0,0,0,0,0,0,6,3079.3561128761667,303.2054646118889,334.93582907008334,306.5586802728889,10,-0.8660254037844387,0.4999999999999999,0,1,2
B2,roll_03,rf,2026-02-01 11:00:00+00:00,2026-02-01 12:00:00+00:00,0,1,2025-12-08T00:00:00+00:00,2026-01-26T00:00:00+00:00,2026-01-26T00:00:00+00:00,2026-02-02T00:00:00+00:00,73.55411946638888,355.080872917209,-281.5267534508201,1,low,0,0.0,0,2,0,0,0,0,0,0,0,0,0,0,0,0,0,0,0,0,0,0,0,0,0,0,6,1060.977643347722,306.5586802728889,-25.482023055444444,298.92543760088887,11,-0.9659258262890682,0.258819045102521,0,1,2
B2,roll_03,rf,2026-02-01 12:00:00+00:00,2026-02-01 13:00:00+00:00,0,1,2025-12-08T00:00:00+00:00,2026-01-26T00:00:00+00:00,2026-01-26T00:00:00+00:00,2026-02-02T00:00:00+00:00,151.58054217927778,278.0579472848455,-126.47740510556773,1,med,0,0.0,0,2,0,0,0,0,0,0,0,0,0,0,0,0,0,0,0,0,0,0,0,0,0,0,6,1745.3068945306666,298.92543760088887,-362.59401059927774,73.55411946638888,12,-1.0,1.2246467991473532e-16,0,1,2
B2,roll_03,rf,2026-02-01 13:00:00+00:00,2026-02-01 14:00:00+00:00,0,1,2025-12-08T00:00:00+00:00,2026-01-26T00:00:00+00:00,2026-01-26T00:00:00+00:00,2026-02-02T00:00:00+00:00,1336.6438164391946,401.1746769854996,935.4691394536949,1,med,0,0.0,0,2,0,0,0,0,0,0,0,0,0,0,0,0,0,0,0,0,0,0,0,0,0,0,6,906.8727746182224,73.55411946638888,-31.184125589083333,151.58054217927778,13,-0.9659258262890684,-0.2588190451025208,0,1,2
B2,roll_03,rf,2026-02-01 14:00:00+00:00,2026-02-01 15:00:00+00:00,0,1,2025-12-08T00:00:00+00:00,2026-01-26T00:00:00+00:00,2026-01-26T00:00:00+00:00,2026-02-02T00:00:00+00:00,1896.0841900744165,1229.9620451852602,666.1221448891563,1,med,0,0.0,0,2,0,0,0,0,0,0,0,0,0,0,0,0,0,0,0,0,0,0,0,0,0,0,6,1490.25308828425,151.58054217927778,-90.87281389516666,1336.6438164391946,14,-0.8660254037844388,-0.4999999999999997,0,1,2
B2,roll_03,rf,2026-02-01 15:00:00+00:00,2026-02-01 16:00:00+00:00,0,1,2025-12-08T00:00:00+00:00,2026-01-26T00:00:00+00:00,2026-01-26T00:00:00+00:00,2026-02-02T00:00:00+00:00,2484.501672130778,1685.485528275173,799.0161438556049,1,low,0,0.0,0,2,0,0,0,0,0,0,0,0,0,0,0,0,0,0,0,0,0,0,0,0,0,0,6,924.6930943503612,1336.6438164391946,422.2890764387501,1896.0841900744165,15,-0.7071067811865479,-0.7071067811865471,0,1,2
B2,roll_03,rf,2026-02-01 16:00:00+00:00,2026-02-01 17:00:00+00:00,0,1,2025-12-08T00:00:00+00:00,2026-01-26T00:00:00+00:00,2026-01-26T00:00:00+00:00,2026-02-02T00:00:00+00:00,2486.544613380472,2037.2851292462979,449.2594841341743,0,night,0,0.0,0,2,0,0,0,0,0,0,0,0,0,0,0,0,0,0,0,0,0,0,0,0,0,0,6,1936.265559235028,1896.0841900744165,514.5742918275556,2484.501672130778,16,-0.5000000000000004,-0.8660254037844385,0,1,2
B2,roll_03,rf,2026-02-01 17:00:00+00:00,2026-02-01 18:00:00+00:00,0,1,2025-12-08T00:00:00+00:00,2026-01-26T00:00:00+00:00,2026-01-26T00:00:00+00:00,2026-02-02T00:00:00+00:00,2612.5492478209444,2106.0118220297204,506.537425791224,0,night,0,0.0,0,2,0,0,0,0,0,0,0,0,0,0,0,0,0,0,0,0,0,0,0,0,0,0,6,1053.6913190111388,2484.501672130778,555.1924943127777,2486.544613380472,17,-0.2588190451025206,-0.9659258262890684,0,1,2
B2,roll_03,rf,2026-02-01 18:00:00+00:00,2026-02-01 19:00:00+00:00,0,1,2025-12-08T00:00:00+00:00,2026-01-26T00:00:00+00:00,2026-01-26T00:00:00+00:00,2026-02-02T00:00:00+00:00,3017.157618471861,2128.9835506493214,888.1740678225397,0,night,0,0.0,0,2,0,0,0,0,0,0,0,0,0,0,0,0,0,0,0,0,0,0,0,0,0,0,6,1042.3809986754163,2486.544613380472,563.0741589198611,2612.5492478209444,18,-1.8369701987210292e-16,-1.0,0,1,2
B2,roll_03,rf,2026-02-01 19:00:00+00:00,2026-02-01 20:00:00+00:00,0,1,2025-12-08T00:00:00+00:00,2026-01-26T00:00:00+00:00,2026-01-26T00:00:00+00:00,2026-02-02T00:00:00+00:00,2133.137917275778,2569.648832222978,-436.51091494720004,0,night,0,0.0,0,1,0,0,0,0,0,0,0,0,0,0,0,0,0,0,0,0,0,0,0,0,0,0,6,849.7813898698611,2612.5492478209444,532.8345183753889,3017.157618471861,19,0.2588190451025203,-0.9659258262890684,0,1,2
B2,roll_03,rf,2026-02-01 20:00:00+00:00,2026-02-01 21:00:00+00:00,0,1,2025-12-08T00:00:00+00:00,2026-01-26T00:00:00+00:00,2026-01-26T00:00:00+00:00,2026-02-02T00:00:00+00:00,952.1327068525555,1820.3316666346227,-868.1989597820672,0,night,0,0.0,0,1,0,0,0,0,0,0,0,0,0,0,0,0,0,0,0,0,0,0,0,0,0,0,6,739.4192231492499,3017.157618471861,552.461400302111,2133.137917275778,20,0.5000000000000001,-0.8660254037844386,0,1,2
B2,roll_03,rf,2026-02-01 21:00:00+00:00,2026-02-01 22:00:00+00:00,0,1,2025-12-08T00:00:00+00:00,2026-01-26T00:00:00+00:00,2026-01-26T00:00:00+00:00,2026-02-02T00:00:00+00:00,1463.8755507140277,973.1412394799411,490.7343112340866,0,night,0,0.0,0,1,0,0,0,0,0,0,0,0,0,0,0,0,0,0,0,0,0,0,0,0,0,0,6,575.8166761095833,2133.137917275778,552.9098461985833,952.1327068525555,21,0.7071067811865474,-0.7071067811865477,0,1,2
B2,roll_03,persistence,2026-01-25 23:00:00+00:00,2026-01-26 00:00:00+00:00,0,1,2025-12-08T00:00:00+00:00,2026-01-26T00:00:00+00:00,2026-01-26T00:00:00+00:00,2026-02-02T00:00:00+00:00,369.4281183008611,401.8299940770556,-32.40187577619446,0,night,0,0.0,0,1,0,0,0,0,0,0,0,0,0,0,0,0,0,0,0,0,0,0,0,0,0,0,6,371.8011446672778,367.5400825782778,430.99813492583326,401.8299940770556,23,0.965925826289068,-0.2588190451025215,0,1,1
B2,roll_03,persistence,2026-01-26 00:00:00+00:00,2026-01-26 01:00:00+00:00,0,1,2025-12-08T00:00:00+00:00,2026-01-26T00:00:00+00:00,2026-01-26T00:00:00+00:00,2026-02-02T00:00:00+00:00,418.7639288361667,369.4281183008611,49.3358105353056,0,night,0,0.0,0,1,0,0,0,0,0,0,0,0,0,0,0,0,0,0,0,0,0,0,0,0,0,0,0,368.0171135468333,401.8299940770556,377.7188413770555,369.4281183008611,0,1.0,0.0,0,0,1
B2,roll_03,persistence,2026-01-26 01:00:00+00:00,2026-01-26 02:00:00+00:00,0,1,2025-12-08T00:00:00+00:00,2026-01-26T00:00:00+00:00,2026-01-26T00:00:00+00:00,2026-02-02T00:00:00+00:00,391.5396551361389,418.7639288361667,-27.224273700027823,0,night,0,0.0,0,1,0,0,0,0,0,0,0,0,0,0,0,0,0,0,0,0,0,0,0,0,0,0,0,370.43651664125,369.4281183008611,364.4423996903056,418.7639288361667,1,0.9659258262890684,0.2588190451025207,0,0,1
B2,roll_03,persistence,2026-01-26 02:00:00+00:00,2026-01-26 03:00:00+00:00,0,1,2025-12-08T00:00:00+00:00,2026-01-26T00:00:00+00:00,2026-01-26T00:00:00+00:00,2026-02-02T00:00:00+00:00,371.4401780996666,391.5396551361389,-20.099477036472308,0,night,0,0.0,0,1,0,0,0,0,0,0,0,0,0,0,0,0,0,0,0,0,0,0,0,0,0,0,0,382.0239495386389,418.7639288361667,384.5271624152222,391.5396551361389,2,0.8660254037844387,0.4999999999999999,0,0,1
B2,roll_03,persistence,2026-01-26 03:00:00+00:00,2026-01-26 04:00:00+00:00,0,1,2025-12-08T00:00:00+00:00,2026-01-26T00:00:00+00:00,2026-01-26T00:00:00+00:00,2026-02-02T00:00:00+00:00,1028.218939733639,371.4401780996666,656.7787616339724,0,night,0,0.0,0,1,0,1,1,0,1,0,0,1,0,0,1,0,1,0,0,0,1,0,0,0,0,0,0,368.1878588306667,391.5396551361389,395.30640441158334,371.4401780996666,3,0.7071067811865476,0.7071067811865476,0,0,1
B2,roll_03,persistence,2026-01-26 04:00:00+00:00,2026-01-26 05:00:00+00:00,0,1,2025-12-08T00:00:00+00:00,2026-01-26T00:00:00+00:00,2026-01-26T00:00:00+00:00,2026-02-02T00:00:00+00:00,2114.055589798917,1028.218939733639,1085.836650065278,0,night,0,0.0,0,1,0,0,0,0,0,0,0,0,0,0,0,0,0,0,0,0,0,0,0,0,0,0,0,956.6022458266112,371.4401780996666,963.782436518,1028.218939733639,4,0.5000000000000001,0.8660254037844386,0,0,1
B2,roll_03,persistence,2026-01-26 05:00:00+00:00,2026-01-26 06:00:00+00:00,0,1,2025-12-08T00:00:00+00:00,2026-01-26T00:00:00+00:00,2026-01-26T00:00:00+00:00,2026-02-02T00:00:00+00:00,2600.770309974528,2114.055589798917,486.7147201756111,0,night,0,0.0,0,1,0,0,0,0,0,0,0,0,0,0,0,0,0,0,0,0,0,0,0,0,0,0,0,2097.5119466174724,1028.218939733639,1696.815230154389,2114.055589798917,5,0.2588190451025207,0.9659258262890684,0,0,1
B2,roll_03,persistence,2026-01-26 06:00:00+00:00,2026-01-26 07:00:00+00:00,0,1,2025-12-08T00:00:00+00:00,2026-01-26T00:00:00+00:00,2026-01-26T00:00:00+00:00,2026-02-02T00:00:00+00:00,2010.6085535996945,2600.770309974528,-590.1617563748337,0,night,0,0.0,0,1,0,0,0,0,0,0,0,0,0,0,0,0,0,0,0,0,0,0,0,0,0,0,0,2207.624277541472,2114.055589798917,1659.7306816588614,2600.770309974528,6,6.123233995736766e-17,1.0,0,0,1
B2,roll_03,persistence,2026-01-26 07:00:00+00:00,2026-01-26 08:00:00+00:00,0,1,2025-12-08T00:00:00+00:00,2026-01-26T00:00:00+00:00,2026-01-26T00:00:00+00:00,2026-02-02T00:00:00+00:00,1665.4681254328334,2010.6085535996945,-345.14042816686106,1,low,0,0.0,0,1,0,0,0,0,0,0,0,0,0,0,0,0,0,0,0,0,0,0,0,0,0,0,0,743.501432477222,2600.770309974528,2231.1363579284443,2010.6085535996945,7,-0.2588190451025206,0.9659258262890684,0,0,1
B2,roll_03,persistence,2026-01-26 08:00:00+00:00,2026-01-26 09:00:00+00:00,0,1,2025-12-08T00:00:00+00:00,2026-01-26T00:00:00+00:00,2026-01-26T00:00:00+00:00,2026-02-02T00:00:00+00:00,1007.3270680508888,1665.4681254328334,-658.1410573819446,1,low,0,0.0,0,1,0,0,0,0,0,0,0,0,0,0,0,0,0,0,0,0,0,0,0,0,0,0,0,1602.210022772833,2010.6085535996945,2238.324116505972,1665.4681254328334,8,-0.4999999999999998,0.8660254037844387,0,0,1
B2,roll_03,persistence,2026-01-26 09:00:00+00:00,2026-01-26 10:00:00+00:00,0,1,2025-12-08T00:00:00+00:00,2026-01-26T00:00:00+00:00,2026-01-26T00:00:00+00:00,2026-02-02T00:00:00+00:00,-569.4865977234444,1007.3270680508888,-1576.8136657743332,1,med,0,0.0,0,2,0,0,0,0,0,0,0,0,0,0,0,0,0,0,0,0,0,0,0,0,0,0,0,401.86281383952775,1665.4681254328334,2327.768168646222,1007.3270680508888,9,-0.7071067811865475,0.7071067811865476,0,0,1
B2,roll_03,persistence,2026-01-26 10:00:00+00:00,2026-01-26 11:00:00+00:00,0,1,2025-12-08T00:00:00+00:00,2026-01-26T00:00:00+00:00,2026-01-26T00:00:00+00:00,2026-02-02T00:00:00+00:00,-741.4332030484165,-569.4865977234444,-171.9466053249721,1,high,0,0.0,0,2,1,0,0,0,0,0,0,0,0,0,0,0,0,0,0,0,0,0,0,0,0,0,0,799.5036943302779,1007.3270680508888,3079.3561128761667,-569.4865977234444,10,-0.8660254037844387,0.4999999999999999,0,0,1
B2,roll_03,persistence,2026-01-26 11:00:00+00:00,2026-01-26 12:00:00+00:00,0,1,2025-12-08T00:00:00+00:00,2026-01-26T00:00:00+00:00,2026-01-26T00:00:00+00:00,2026-02-02T00:00:00+00:00,-1079.799870834083,-741.4332030484165,-338.36666778566655,1,high,0,0.0,0,2,1,0,0,0,0,0,0,0,0,0,0,0,0,0,0,0,0,0,0,0,0,0,0,764.1083921755,-569.4865977234444,1060.977643347722,-741.4332030484165,11,-0.9659258262890682,0.258819045102521,0,0,1
B2,roll_03,persistence,2026-01-26 12:00:00+00:00,2026-01-26 13:00:00+00:00,0,1,2025-12-08T00:00:00+00:00,2026-01-26T00:00:00+00:00,2026-01-26T00:00:00+00:00,2026-02-02T00:00:00+00:00,94.50215176250003,-1079.799870834083,1174.3020225965831,1,high,0,0.0,0,2,1,0,0,0,0,0,0,0,0,0,0,0,0,0,0,0,0,0,0,0,0,0,0,135.93812644077775,-741.4332030484165,1745.3068945306666,-1079.799870834083,12,-1.0,1.2246467991473532e-16,0,0,1
B2,roll_03,persistence,2026-01-26 13:00:00+00:00,2026-01-26 14:00:00+00:00,0,1,2025-12-08T00:00:00+00:00,2026-01-26T00:00:00+00:00,2026-01-26T00:00:00+00:00,2026-02-02T00:00:00+00:00,-184.2188756273056,94.50215176250003,-278.7210273898056,1,high,0,0.0,0,3,0,0,0,0,0,0,0,0,0,0,0,0,0,0,0,0,0,0,0,0,0,0,0,227.14875664072224,-1079.799870834083,906.8727746182224,94.50215176250003,13,-0.9659258262890684,-0.2588190451025208,0,0,1
B2,roll_03,persistence,2026-01-26 14:00:00+00:00,2026-01-26 15:00:00+00:00,0,1,2025-12-08T00:00:00+00:00,2026-01-26T00:00:00+00:00,2026-01-26T00:00:00+00:00,2026-02-02T00:00:00+00:00,297.8340901346389,-184.2188756273056,482.0529657619445,1,med,0,0.0,0,3,1,0,0,0,0,0,0,0,0,0,0,0,0,0,0,0,0,0,0,0,0,0,0,1951.074940760889,94.50215176250003,1490.25308828425,-184.2188756273056,14,-0.8660254037844388,-0.4999999999999997,0,0,1
B2,roll_03,persistence,2026-01-26 15:00:00+00:00,2026-01-26 16:00:00+00:00,0,1,2025-12-08T00:00:00+00:00,2026-01-26T00:00:00+00:00,2026-01-26T00:00:00+00:00,2026-02-02T00:00:00+00:00,931.8924169395276,297.8340901346389,634.0583268048887,1,low,0,0.0,0,3,0,0,0,0,0,0,0,0,0,0,0,0,0,0,0,0,0,0,0,0,0,0,0,806.2876032480555,-184.2188756273056,924.6930943503612,297.8340901346389,15,-0.7071067811865479,-0.7071067811865471,0,0,1
B2,roll_03,persistence,2026-01-26 16:00:00+00:00,2026-01-26 17:00:00+00:00,0,1,2025-12-08T00:00:00+00:00,2026-01-26T00:00:00+00:00,2026-01-26T00:00:00+00:00,2026-02-02T00:00:00+00:00,2682.2788242863057,931.8924169395276,1750.386407346778,0,night,0,0.0,0,2,0,0,0,0,0,0,0,0,0,0,0,0,0,0,0,0,0,0,0,0,0,0,0,738.6692789706944,297.8340901346389,1936.265559235028,931.8924169395276,16,-0.5000000000000004,-0.8660254037844385,0,0,1
B2,roll_03,persistence,2026-01-26 17:00:00+00:00,2026-01-26 18:00:00+00:00,0,1,2025-12-08T00:00:00+00:00,2026-01-26T00:00:00+00:00,2026-01-26T00:00:00+00:00,2026-02-02T00:00:00+00:00,1447.201125872611,2682.2788242863057,-1235.0776984136946,0,night,0,0.0,0,2,0,0,0,0,0,0,0,0,0,0,0,0,0,0,0,0,0,0,0,0,0,0,0,1883.6500829357776,931.8924169395276,1053.6913190111388,2682.2788242863057,17,-0.2588190451025206,-0.9659258262890684,0,0,1
B2,roll_03,persistence,2026-01-26 18:00:00+00:00,2026-01-26 19:00:00+00:00,0,1,2025-12-08T00:00:00+00:00,2026-01-26T00:00:00+00:00,2026-01-26T00:00:00+00:00,2026-02-02T00:00:00+00:00,1800.8310691792778,1447.201125872611,353.62994330666675,0,night,0,0.0,0,2,0,0,0,0,0,0,0,0,0,0,0,0,0,0,0,0,0,0,0,0,0,0,0,1098.2935032161668,2682.2788242863057,1042.3809986754163,1447.201125872611,18,-1.8369701987210292e-16,-1.0,0,0,1
B2,roll_03,persistence,2026-01-26 19:00:00+00:00,2026-01-26 20:00:00+00:00,0,1,2025-12-08T00:00:00+00:00,2026-01-26T00:00:00+00:00,2026-01-26T00:00:00+00:00,2026-02-02T00:00:00+00:00,1879.5046675005,1800.8310691792778,78.67359832122224,0,night,0,0.0,0,2,0,0,0,0,0,0,0,0,0,0,0,0,0,0,0,0,0,0,0,0,0,0,0,1096.4852710823889,1447.201125872611,849.7813898698611,1800.8310691792778,19,0.2588190451025203,-0.9659258262890684,0,0,1
B2,roll_03,persistence,2026-01-26 20:00:00+00:00,2026-01-26 21:00:00+00:00,0,1,2025-12-08T00:00:00+00:00,2026-01-26T00:00:00+00:00,2026-01-26T00:00:00+00:00,2026-02-02T00:00:00+00:00,982.8754678472778,1879.5046675005,-896.6291996532223,0,night,0,0.0,0,1,0,0,0,0,0,0,0,0,0,0,0,0,0,0,0,0,0,0,0,0,0,0,0,852.2087300646944,1800.8310691792778,739.4192231492499,1879.5046675005,20,0.5000000000000001,-0.8660254037844386,0,0,1
B2,roll_03,persistence,2026-01-26 21:00:00+00:00,2026-01-26 22:00:00+00:00,0,1,2025-12-08T00:00:00+00:00,2026-01-26T00:00:00+00:00,2026-01-26T00:00:00+00:00,2026-02-02T00:00:00+00:00,411.4689791798889,982.8754678472778,-571.4064886673889,0,night,0,0.0,0,1,0,0,0,0,0,0,0,0,0,0,0,0,0,0,0,0,0,0,0,0,0,0,0,568.0186646560555,1879.5046675005,575.8166761095833,982.8754678472778,21,0.7071067811865474,-0.7071067811865477,0,0,1
B2,roll_03,persistence,2026-01-26 22:00:00+00:00,2026-01-26 23:00:00+00:00,0,1,2025-12-08T00:00:00+00:00,2026-01-26T00:00:00+00:00,2026-01-26T00:00:00+00:00,2026-02-02T00:00:00+00:00,370.9779513775556,411.4689791798889,-40.49102780233329,0,night,0,0.0,0,1,0,0,0,0,0,0,0,0,0,0,0,0,0,0,0,0,0,0,0,0,0,0,0,461.19813976011113,982.8754678472778,367.5400825782778,411.4689791798889,22,0.8660254037844384,-0.5000000000000004,0,0,1
B2,roll_03,persistence,2026-01-26 23:00:00+00:00,2026-01-27 00:00:00+00:00,0,1,2025-12-08T00:00:00+00:00,2026-01-26T00:00:00+00:00,2026-01-26T00:00:00+00:00,2026-02-02T00:00:00+00:00,389.13017225908334,370.9779513775556,18.15222088152774,0,night,0,0.0,0,1,0,0,0,0,0,0,0,0,0,0,0,0,0,0,0,0,0,0,0,0,0,0,0,356.1728901926111,411.4689791798889,401.8299940770556,370.9779513775556,23,0.965925826289068,-0.2588190451025215,0,0,1
B2,roll_03,persistence,2026-01-27 00:00:00+00:00,2026-01-27 01:00:00+00:00,0,1,2025-12-08T00:00:00+00:00,2026-01-26T00:00:00+00:00,2026-01-26T00:00:00+00:00,2026-02-02T00:00:00+00:00,376.84390502849993,389.13017225908334,-12.286267230583405,0,night,0,0.0,0,1,0,0,0,0,0,0,0,0,0,0,0,0,0,0,0,0,0,0,0,0,0,0,1,357.6195414715833,370.9779513775556,369.4281183008611,389.13017225908334,0,1.0,0.0,0,0,1
B2,roll_03,persistence,2026-01-27 01:00:00+00:00,2026-01-27 02:00:00+00:00,0,1,2025-12-08T00:00:00+00:00,2026-01-26T00:00:00+00:00,2026-01-26T00:00:00+00:00,2026-02-02T00:00:00+00:00,378.1934371171667,376.84390502849993,1.3495320886667628,0,night,0,0.0,0,1,0,1,1,0,3,0,0,0,1,0,1,0,1,0,0,0,1,0,0,0,0,0,1,383.7339380009167,389.13017225908334,418.7639288361667,376.84390502849993,1,0.9659258262890684,0.2588190451025207,0,0,1
B2,roll_03,persistence,2026-01-27 02:00:00+00:00,2026-01-27 03:00:00+00:00,0,1,2025-12-08T00:00:00+00:00,2026-01-26T00:00:00+00:00,2026-01-26T00:00:00+00:00,2026-02-02T00:00:00+00:00,391.1898017904167,378.1934371171667,12.996364673250014,0,night,0,0.0,0,1,0,1,1,0,3,0,0,0,1,0,1,0,1,0,0,0,1,0,0,0,0,0,1,363.2547627211111,376.84390502849993,391.5396551361389,378.1934371171667,2,0.8660254037844387,0.4999999999999999,0,0,1
B2,roll_03,persistence,2026-01-27 03:00:00+00:00,2026-01-27 04:00:00+00:00,0,1,2025-12-08T00:00:00+00:00,2026-01-26T00:00:00+00:00,2026-01-26T00:00:00+00:00,2026-02-02T00:00:00+00:00,949.6719199514168,391.1898017904167,558.4821181610001,0,night,0,0.0,0,1,0,1,1,0,3,0,0,0,1,0,1,0,1,0,0,0,1,0,0,0,0,0,1,365.0164142213889,378.1934371171667,371.4401780996666,391.1898017904167,3,0.7071067811865476,0.7071067811865476,0,0,1
B2,roll_03,persistence,2026-01-27 04:00:00+00:00,2026-01-27 05:00:00+00:00,0,1,2025-12-08T00:00:00+00:00,2026-01-26T00:00:00+00:00,2026-01-26T00:00:00+00:00,2026-02-02T00:00:00+00:00,1868.492211110528,949.6719199514168,918.8202911591111,0,night,0,0.0,0,1,0,0,0,0,0,0,0,0,0,0,0,0,0,0,0,0,0,0,0,0,0,0,1,1039.7831993372222,391.1898017904167,1028.218939733639,949.6719199514168,4,0.5000000000000001,0.8660254037844386,0,0,1
B2,roll_03,persistence,2026-01-27 05:00:00+00:00,2026-01-27 06:00:00+00:00,0,1,2025-12-08T00:00:00+00:00,2026-01-26T00:00:00+00:00,2026-01-26T00:00:00+00:00,2026-02-02T00:00:00+00:00,1857.5546669058888,1868.492211110528,-10.937544204639153,0,night,0,0.0,0,1,0,0,0,0,0,0,0,0,0,0,0,0,0,0,0,0,0,0,0,0,0,0,1,1994.0688999676115,949.6719199514168,2114.055589798917,1868.492211110528,5,0.2588190451025207,0.9659258262890684,0,0,1
B2,roll_03,persistence,2026-01-27 06:00:00+00:00,2026-01-27 07:00:00+00:00,0,1,2025-12-08T00:00:00+00:00,2026-01-26T00:00:00+00:00,2026-01-26T00:00:00+00:00,2026-02-02T00:00:00+00:00,1526.8297823245,1857.5546669058888,-330.7248845813888,0,night,0,0.0,0,1,0,0,0,0,0,0,0,0,0,0,0,0,0,0,0,0,0,0,0,0,0,0,1,2029.167694873528,1868.492211110528,2600.770309974528,1857.5546669058888,6,6.123233995736766e-17,1.0,0,0,1
B2,roll_03,persistence,2026-01-27 07:00:00+00:00,2026-01-27 08:00:00+00:00,0,1,2025-12-08T00:00:00+00:00,2026-01-26T00:00:00+00:00,2026-01-26T00:00:00+00:00,2026-02-02T00:00:00+00:00,1412.669924658583,1526.8297823245,-114.15985766591689,1,low,0,0.0,0,1,0,0,0,0,0,0,0,0,0,0,0,0,0,0,0,0,0,0,0,0,0,0,1,2071.0094555605,1857.5546669058888,2010.6085535996945,1526.8297823245,7,-0.2588190451025206,0.9659258262890684,0,0,1
B2,roll_03,persistence,2026-01-27 08:00:00+00:00,2026-01-27 09:00:00+00:00,0,1,2025-12-08T00:00:00+00:00,2026-01-26T00:00:00+00:00,2026-01-26T00:00:00+00:00,2026-02-02T00:00:00+00:00,1534.4343933593334,1412.669924658583,121.76446870075029,1,med,0,0.0,0,1,0,0,0,0,0,0,0,0,0,0,0,0,0,0,0,0,0,0,0,0,0,0,1,1907.5549124286945,1526.8297823245,1665.4681254328334,1412.669924658583,8,-0.4999999999999998,0.8660254037844387,0,0,1
B2,roll_03,persistence,2026-01-27 09:00:00+00:00,2026-01-27 10:00:00+00:00,0,1,2025-12-08T00:00:00+00:00,2026-01-26T00:00:00+00:00,2026-01-26T00:00:00+00:00,2026-02-02T00:00:00+00:00,1156.7474213855278,1534.4343933593334,-377.6869719738056,1,med,0,0.0,0,1,0,0,0,0,0,0,0,0,0,0,0,0,0,0,0,0,0,0,0,0,0,0,1,720.9783473233889,1412.669924658583,1007.3270680508888,1534.4343933593334,9,-0.7071067811865475,0.7071067811865476,0,0,1
B2,roll_03,persistence,2026-01-27 10:00:00+00:00,2026-01-27 11:00:00+00:00,0,1,2025-12-08T00:00:00+00:00,2026-01-26T00:00:00+00:00,2026-01-26T00:00:00+00:00,2026-02-02T00:00:00+00:00,339.89285018286114,1156.7474213855278,-816.8545712026666,1,med,0,0.0,0,2,0,0,0,0,0,0,0,0,0,0,0,0,0,0,0,0,0,0,0,0,0,0,1,151.7976551743889,1534.4343933593334,-569.4865977234444,1156.7474213855278,10,-0.8660254037844387,0.4999999999999999,0,0,1
B2,roll_03,persistence,2026-01-27 11:00:00+00:00,2026-01-27 12:00:00+00:00,0,1,2025-12-08T00:00:00+00:00,2026-01-26T00:00:00+00:00,2026-01-26T00:00:00+00:00,2026-02-02T00:00:00+00:00,1030.8584088937498,339.89285018286114,690.9655587108887,1,med,0,0.0,0,2,0,0,0,0,0,0,0,0,0,0,0,0,0,0,0,0,0,0,0,0,0,0,1,787.0186959797501,1156.7474213855278,-741.4332030484165,339.89285018286114,11,-0.9659258262890682,0.258819045102521,0,0,1
B2,roll_03,persistence,2026-01-27 12:00:00+00:00,2026-01-27 13:00:00+00:00,0,1,2025-12-08T00:00:00+00:00,2026-01-26T00:00:00+00:00,2026-01-26T00:00:00+00:00,2026-02-02T00:00:00+00:00,1307.5905215424166,1030.8584088937498,276.73211264866677,1,low,0,0.0,0,2,0,0,0,0,0,0,0,0,0,0,0,0,0,0,0,0,0,0,0,0,0,0,1,-140.12853059388888,339.89285018286114,-1079.799870834083,1030.8584088937498,12,-1.0,1.2246467991473532e-16,0,0,1
B2,roll_03,persistence,2026-01-27 13:00:00+00:00,2026-01-27 14:00:00+00:00,0,1,2025-12-08T00:00:00+00:00,2026-01-26T00:00:00+00:00,2026-01-26T00:00:00+00:00,2026-02-02T00:00:00+00:00,899.1258070269446,1307.5905215424166,-408.464714515472,1,low,0,0.0,0,2,0,0,0,0,0,0,0,0,0,0,0,0,0,0,0,0,0,0,0,0,0,0,1,90.30469802694444,1030.8584088937498,94.50215176250003,1307.5905215424166,13,-0.9659258262890684,-0.2588190451025208,0,0,1
B2,roll_03,persistence,2026-01-27 14:00:00+00:00,2026-01-27 15:00:00+00:00,0,1,2025-12-08T00:00:00+00:00,2026-01-26T00:00:00+00:00,2026-01-26T00:00:00+00:00,2026-02-02T00:00:00+00:00,1560.9848600250834,899.1258070269446,661.8590529981388,1,low,0,0.0,0,2,0,0,0,0,0,0,0,0,0,0,0,0,0,0,0,0,0,0,0,0,0,0,1,1579.226911155389,1307.5905215424166,-184.2188756273056,899.1258070269446,14,-0.8660254037844388,-0.4999999999999997,0,0,1
B2,roll_03,persistence,2026-01-27 15:00:00+00:00,2026-01-27 16:00:00+00:00,0,1,2025-12-08T00:00:00+00:00,2026-01-26T00:00:00+00:00,2026-01-26T00:00:00+00:00,2026-02-02T00:00:00+00:00,1794.9346924112222,1560.9848600250834,233.94983238613872,1,night,0,0.0,0,2,0,0,0,0,0,0,0,0,0,0,0,0,0,0,0,0,0,0,0,0,0,0,1,1514.7609178625555,899.1258070269446,297.8340901346389,1560.9848600250834,15,-0.7071067811865479,-0.7071067811865471,0,0,1
B2,roll_03,persistence,2026-01-27 16:00:00+00:00,2026-01-27 17:00:00+00:00,0,1,2025-12-08T00:00:00+00:00,2026-01-26T00:00:00+00:00,2026-01-26T00:00:00+00:00,2026-02-02T00:00:00+00:00,843.3756644045833,1794.9346924112222,-951.5590280066389,0,night,0,0.0,0,2,0,0,0,0,0,0,0,0,0,0,0,0,0,0,0,0,0,0,0,0,0,0,1,1201.4197669487778,1560.9848600250834,931.8924169395276,1794.9346924112222,16,-0.5000000000000004,-0.8660254037844385,0,0,1
B2,roll_03,persistence,2026-01-27 17:00:00+00:00,2026-01-27 18:00:00+00:00,0,1,2025-12-08T00:00:00+00:00,2026-01-26T00:00:00+00:00,2026-01-26T00:00:00+00:00,2026-02-02T00:00:00+00:00,973.197521312722,843.3756644045833,129.82185690813867,0,night,0,0.0,0,2,0,0,0,0,0,0,0,0,0,0,0,0,0,0,0,0,0,0,0,0,0,0,1,753.0024936381111,1794.9346924112222,2682.2788242863057,843.3756644045833,17,-0.2588190451025206,-0.9659258262890684,0,0,1
B2,roll_03,persistence,2026-01-27 18:00:00+00:00,2026-01-27 19:00:00+00:00,0,1,2025-12-08T00:00:00+00:00,2026-01-26T00:00:00+00:00,2026-01-26T00:00:00+00:00,2026-02-02T00:00:00+00:00,1523.8945169891667,973.197521312722,550.6969956764448,0,night,0,0.0,0,2,0,0,0,0,0,0,0,0,0,0,0,0,0,0,0,0,0,0,0,0,0,0,1,1059.3235259904168,843.3756644045833,1447.201125872611,973.197521312722,18,-1.8369701987210292e-16,-1.0,0,0,1
B2,roll_03,persistence,2026-01-27 19:00:00+00:00,2026-01-27 20:00:00+00:00,0,1,2025-12-08T00:00:00+00:00,2026-01-26T00:00:00+00:00,2026-01-26T00:00:00+00:00,2026-02-02T00:00:00+00:00,985.6768274591944,1523.8945169891667,-538.2176895299723,0,night,0,0.0,0,2,0,0,0,0,0,0,0,0,0,0,0,0,0,0,0,0,0,0,0,0,0,0,1,2397.7932220235834,973.197521312722,1800.8310691792778,1523.8945169891667,19,0.2588190451025203,-0.9659258262890684,0,0,1
B2,roll_03,persistence,2026-01-27 20:00:00+00:00,2026-01-27 21:00:00+00:00,0,1,2025-12-08T00:00:00+00:00,2026-01-26T00:00:00+00:00,2026-01-26T00:00:00+00:00,2026-02-02T00:00:00+00:00,1010.58551608475,985.6768274591944,24.908688625555556,0,night,0,0.0,0,2,0,0,0,0,0,0,0,0,0,0,0,0,0,0,0,0,0,0,0,0,0,0,1,1239.3215171065278,1523.8945169891667,1879.5046675005,985.6768274591944,20,0.5000000000000001,-0.8660254037844386,0,0,1
B2,roll_03,persistence,2026-01-27 21:00:00+00:00,2026-01-27 22:00:00+00:00,0,1,2025-12-08T00:00:00+00:00,2026-01-26T00:00:00+00:00,2026-01-26T00:00:00+00:00,2026-02-02T00:00:00+00:00,469.4664131017777,1010.58551608475,-541.1191029829723,0,night,0,0.0,0,2,0,0,0,0,0,0,0,0,0,0,0,0,0,0,0,0,0,0,0,0,0,0,1,1097.120321607,985.6768274591944,982.8754678472778,1010.58551608475,21,0.7071067811865474,-0.7071067811865477,0,0,1
B2,roll_03,persistence,2026-01-27 22:00:00+00:00,2026-01-27 23:00:00+00:00,0,1,2025-12-08T00:00:00+00:00,2026-01-26T00:00:00+00:00,2026-01-26T00:00:00+00:00,2026-02-02T00:00:00+00:00,1039.222492417361,469.4664131017777,569.7560793155834,0,night,0,0.0,0,2,0,0,0,0,0,0,0,0,0,0,0,0,0,0,0,0,0,0,0,0,0,0,1,532.8753846346667,1010.58551608475,411.4689791798889,469.4664131017777,22,0.8660254037844384,-0.5000000000000004,0,0,1
B2,roll_03,persistence,2026-01-27 23:00:00+00:00,2026-01-28 00:00:00+00:00,0,1,2025-12-08T00:00:00+00:00,2026-01-26T00:00:00+00:00,2026-01-26T00:00:00+00:00,2026-02-02T00:00:00+00:00,431.1445660605278,1039.222492417361,-608.0779263568334,0,night,0,0.0,0,2,0,0,0,0,0,0,0,0,0,0,0,0,0,0,0,0,0,0,0,0,0,0,1,374.928417115,469.4664131017777,370.9779513775556,1039.222492417361,23,0.965925826289068,-0.2588190451025215,0,0,1
B2,roll_03,persistence,2026-01-28 00:00:00+00:00,2026-01-28 01:00:00+00:00,0,1,2025-12-08T00:00:00+00:00,2026-01-26T00:00:00+00:00,2026-01-26T00:00:00+00:00,2026-02-02T00:00:00+00:00,417.8579242465556,431.1445660605278,-13.286641813972153,0,night,0,0.0,0,2,0,0,0,0,0,0,0,0,0,0,0,0,0,0,0,0,0,0,0,0,0,0,2,373.7627816694167,1039.222492417361,389.13017225908334,431.1445660605278,0,1.0,0.0,0,0,1
B2,roll_03,persistence,2026-01-28 01:00:00+00:00,2026-01-28 02:00:00+00:00,0,1,2025-12-08T00:00:00+00:00,2026-01-26T00:00:00+00:00,2026-01-26T00:00:00+00:00,2026-02-02T00:00:00+00:00,419.1348331130556,417.8579242465556,1.27690886649998,0,night,0,0.0,0,2,0,0,0,0,0,0,0,0,0,0,0,0,0,0,0,0,0,0,0,0,0,0,2,382.08433273438885,431.1445660605278,376.84390502849993,417.8579242465556,1,0.9659258262890684,0.2588190451025207,0,0,1
B2,roll_03,persistence,2026-01-28 02:00:00+00:00,2026-01-28 03:00:00+00:00,0,1,2025-12-08T00:00:00+00:00,2026-01-26T00:00:00+00:00,2026-01-26T00:00:00+00:00,2026-02-02T00:00:00+00:00,421.2961618739444,419.1348331130556,2.161328760888807,0,night,0,0.0,0,2,0,1,1,0,1,0,0,1,0,0,1,0,1,0,0,0,1,0,0,0,0,0,2,365.3667726035,417.8579242465556,378.1934371171667,419.1348331130556,2,0.8660254037844387,0.4999999999999999,0,0,1
B2,roll_03,persistence,2026-01-28 03:00:00+00:00,2026-01-28 04:00:00+00:00,0,1,2025-12-08T00:00:00+00:00,2026-01-26T00:00:00+00:00,2026-01-26T00:00:00+00:00,2026-02-02T00:00:00+00:00,1092.225752789,421.2961618739444,670.9295909150555,0,night,0,0.0,0,2,0,0,0,0,0,0,0,0,0,0,0,0,0,0,0,0,0,0,0,0,0,0,2,371.9783939987778,419.1348331130556,391.1898017904167,421.2961618739444,3,0.7071067811865476,0.7071067811865476,0,0,1
B2,roll_03,persistence,2026-01-28 04:00:00+00:00,2026-01-28 05:00:00+00:00,0,1,2025-12-08T00:00:00+00:00,2026-01-26T00:00:00+00:00,2026-01-26T00:00:00+00:00,2026-02-02T00:00:00+00:00,2035.0871509705555,1092.225752789,942.8613981815556,0,night,0,0.0,0,2,0,0,0,0,0,0,0,0,0,0,0,0,0,0,0,0,0,0,0,0,0,0,2,1049.641280434889,421.2961618739444,949.6719199514168,1092.225752789,4,0.5000000000000001,0.8660254037844386,0,0,1
B2,roll_03,persistence,2026-01-28 05:00:00+00:00,2026-01-28 06:00:00+00:00,0,1,2025-12-08T00:00:00+00:00,2026-01-26T00:00:00+00:00,2026-01-26T00:00:00+00:00,2026-02-02T00:00:00+00:00,2063.430210569112,2035.0871509705555,28.343059598556692,0,night,0,0.0,0,2,0,0,0,0,0,0,0,0,0,0,0,0,0,0,0,0,0,0,0,0,0,0,2,2165.628261214222,1092.225752789,1868.492211110528,2035.0871509705555,5,0.2588190451025207,0.9659258262890684,0,0,1
B2,roll_03,persistence,2026-01-28 06:00:00+00:00,2026-01-28 07:00:00+00:00,0,1,2025-12-08T00:00:00+00:00,2026-01-26T00:00:00+00:00,2026-01-26T00:00:00+00:00,2026-02-02T00:00:00+00:00,1837.9513309886668,2063.430210569112,-225.47887958044544,0,night,0,0.0,0,2,0,0,0,0,0,0,0,0,0,0,0,0,0,0,0,0,0,0,0,0,0,0,2,2007.6322741502224,2035.0871509705555,1857.5546669058888,2063.430210569112,6,6.123233995736766e-17,1.0,0,0,1
B2,roll_03,persistence,2026-01-28 07:00:00+00:00,2026-01-28 08:00:00+00:00,0,1,2025-12-08T00:00:00+00:00,2026-01-26T00:00:00+00:00,2026-01-26T00:00:00+00:00,2026-02-02T00:00:00+00:00,1887.533959910028,1837.9513309886668,49.58262892136122,1,night,0,0.0,0,2,0,0,0,0,0,0,0,0,0,0,0,0,0,0,0,0,0,0,0,0,0,0,2,1787.7926135424725,2063.430210569112,1526.8297823245,1837.9513309886668,7,-0.2588190451025206,0.9659258262890684,0,0,1
B2,roll_03,persistence,2026-01-28 08:00:00+00:00,2026-01-28 09:00:00+00:00,0,1,2025-12-08T00:00:00+00:00,2026-01-26T00:00:00+00:00,2026-01-26T00:00:00+00:00,2026-02-02T00:00:00+00:00,1927.4843435574169,1887.533959910028,39.95038364738889,1,night,0,0.0,0,2,0,0,0,0,0,0,0,0,0,0,0,0,0,0,0,0,0,0,0,0,0,0,2,1396.283928898889,1837.9513309886668,1412.669924658583,1887.533959910028,8,-0.4999999999999998,0.8660254037844387,0,0,1
B2,roll_03,persistence,2026-01-28 09:00:00+00:00,2026-01-28 10:00:00+00:00,0,1,2025-12-08T00:00:00+00:00,2026-01-26T00:00:00+00:00,2026-01-26T00:00:00+00:00,2026-02-02T00:00:00+00:00,1864.801970357278,1927.4843435574169,-62.682373200138954,1,low,0,0.0,0,2,0,0,0,0,0,0,0,0,0,0,0,0,0,0,0,0,0,0,0,0,0,0,2,1012.9496219223612,1887.533959910028,1534.4343933593334,1927.4843435574169,9,-0.7071067811865475,0.7071067811865476,0,0,1
B2,roll_03,persistence,2026-01-28 10:00:00+00:00,2026-01-28 11:00:00+00:00,0,1,2025-12-08T00:00:00+00:00,2026-01-26T00:00:00+00:00,2026-01-26T00:00:00+00:00,2026-02-02T00:00:00+00:00,3141.5486331360003,1864.801970357278,1276.7466627787223,1,low,0,0.0,0,2,0,0,0,0,0,0,0,0,0,0,0,0,0,0,0,0,0,0,0,0,0,0,2,755.3586427439723,1927.4843435574169,1156.7474213855278,1864.801970357278,10,-0.8660254037844387,0.4999999999999999,0,0,1
B2,roll_03,persistence,2026-01-28 11:00:00+00:00,2026-01-28 12:00:00+00:00,0,1,2025-12-08T00:00:00+00:00,2026-01-26T00:00:00+00:00,2026-01-26T00:00:00+00:00,2026-02-02T00:00:00+00:00,3688.242951303472,3141.5486331360003,546.6943181674719,1,low,0,0.0,0,2,0,0,0,0,0,0,0,0,0,0,0,0,0,0,0,0,0,0,0,0,0,0,2,53.140800646916695,1864.801970357278,339.89285018286114,3141.5486331360003,11,-0.9659258262890682,0.258819045102521,0,0,1
B2,roll_03,persistence,2026-01-28 12:00:00+00:00,2026-01-28 13:00:00+00:00,0,1,2025-12-08T00:00:00+00:00,2026-01-26T00:00:00+00:00,2026-01-26T00:00:00+00:00,2026-02-02T00:00:00+00:00,2978.0382318605,3688.242951303472,-710.204719442972,1,low,0,0.0,0,2,0,0,0,0,0,0,0,0,0,0,0,0,0,0,0,0,0,0,0,0,0,0,2,-768.0917536371389,3141.5486331360003,1030.8584088937498,3688.242951303472,12,-1.0,1.2246467991473532e-16,0,0,1
B2,roll_03,persistence,2026-01-28 13:00:00+00:00,2026-01-28 14:00:00+00:00,0,1,2025-12-08T00:00:00+00:00,2026-01-26T00:00:00+00:00,2026-01-26T00:00:00+00:00,2026-02-02T00:00:00+00:00,3380.6789978081943,2978.0382318605,402.64076594769404,1,low,0,0.0,0,2,0,0,0,0,0,0,0,0,0,0,0,0,0,0,0,0,0,0,0,0,0,0,2,452.3195190723055,3688.242951303472,1307.5905215424166,2978.0382318605,13,-0.9659258262890684,-0.2588190451025208,0,0,1
B2,roll_03,persistence,2026-01-28 14:00:00+00:00,2026-01-28 15:00:00+00:00,0,1,2025-12-08T00:00:00+00:00,2026-01-26T00:00:00+00:00,2026-01-26T00:00:00+00:00,2026-02-02T00:00:00+00:00,3872.714778626834,3380.6789978081943,492.0357808186395,1,low,0,0.0,0,2,0,0,0,0,0,0,0,0,0,0,0,0,0,0,0,0,0,0,0,0,0,0,2,66.48684730938892,2978.0382318605,899.1258070269446,3380.6789978081943,14,-0.8660254037844388,-0.4999999999999997,0,0,1
B2,roll_03,persistence,2026-01-28 15:00:00+00:00,2026-01-28 16:00:00+00:00,0,1,2025-12-08T00:00:00+00:00,2026-01-26T00:00:00+00:00,2026-01-26T00:00:00+00:00,2026-02-02T00:00:00+00:00,3566.8731119283607,3872.714778626834,-305.8416666984731,1,night,0,0.0,0,2,0,0,0,0,0,0,0,0,0,0,0,0,0,0,0,0,0,0,0,0,0,0,2,359.87914049975,3380.6789978081943,1560.9848600250834,3872.714778626834,15,-0.7071067811865479,-0.7071067811865471,0,0,1
B2,roll_03,persistence,2026-01-28 16:00:00+00:00,2026-01-28 17:00:00+00:00,0,1,2025-12-08T00:00:00+00:00,2026-01-26T00:00:00+00:00,2026-01-26T00:00:00+00:00,2026-02-02T00:00:00+00:00,4099.8204709775,3566.8731119283607,532.9473590491393,0,night,0,0.0,0,2,0,0,0,0,0,0,0,0,0,0,0,0,0,0,0,0,0,0,0,0,0,0,2,3501.792804637556,3872.714778626834,1794.9346924112222,3566.8731119283607,16,-0.5000000000000004,-0.8660254037844385,0,0,1
B2,roll_03,persistence,2026-01-28 17:00:00+00:00,2026-01-28 18:00:00+00:00,0,1,2025-12-08T00:00:00+00:00,2026-01-26T00:00:00+00:00,2026-01-26T00:00:00+00:00,2026-02-02T00:00:00+00:00,3533.490893778889,4099.8204709775,-566.3295771986109,0,night,0,0.0,0,2,0,0,0,0,0,0,0,0,0,0,0,0,0,0,0,0,0,0,0,0,0,0,2,3139.28925536575,3566.8731119283607,843.3756644045833,4099.8204709775,17,-0.2588190451025206,-0.9659258262890684,0,0,1
B2,roll_03,persistence,2026-01-28 18:00:00+00:00,2026-01-28 19:00:00+00:00,0,1,2025-12-08T00:00:00+00:00,2026-01-26T00:00:00+00:00,2026-01-26T00:00:00+00:00,2026-02-02T00:00:00+00:00,4150.093525715889,3533.490893778889,616.6026319369998,0,night,0,0.0,0,2,0,0,0,0,0,0,0,0,0,0,0,0,0,0,0,0,0,0,0,0,0,0,2,3084.578836987528,4099.8204709775,973.197521312722,3533.490893778889,18,-1.8369701987210292e-16,-1.0,0,0,1
B2,roll_03,persistence,2026-01-28 19:00:00+00:00,2026-01-28 20:00:00+00:00,0,1,2025-12-08T00:00:00+00:00,2026-01-26T00:00:00+00:00,2026-01-26T00:00:00+00:00,2026-02-02T00:00:00+00:00,3498.4065437332224,4150.093525715889,-651.6869819826666,0,night,0,0.0,0,2,0,0,0,0,0,0,0,0,0,0,0,0,0,0,0,0,0,0,0,0,0,0,2,3033.668790060889,3533.490893778889,1523.8945169891667,4150.093525715889,19,0.2588190451025203,-0.9659258262890684,0,0,1
B2,roll_03,persistence,2026-01-28 20:00:00+00:00,2026-01-28 21:00:00+00:00,0,1,2025-12-08T00:00:00+00:00,2026-01-26T00:00:00+00:00,2026-01-26T00:00:00+00:00,2026-02-02T00:00:00+00:00,3031.050403281528,3498.4065437332224,-467.3561404516945,0,night,0,0.0,0,2,0,0,0,0,0,0,0,0,0,0,0,0,0,0,0,0,0,0,0,0,0,0,2,2886.9925662115,4150.093525715889,985.6768274591944,3498.4065437332224,20,0.5000000000000001,-0.8660254037844386,0,0,1
B2,roll_03,persistence,2026-01-28 21:00:00+00:00,2026-01-28 22:00:00+00:00,0,1,2025-12-08T00:00:00+00:00,2026-01-26T00:00:00+00:00,2026-01-26T00:00:00+00:00,2026-02-02T00:00:00+00:00,880.7419122894444,3031.050403281528,-2150.3084909920835,0,night,0,0.0,0,2,0,0,0,0,0,0,0,0,0,0,0,0,0,0,0,0,0,0,0,0,0,0,2,2551.3509306884166,3498.4065437332224,1010.58551608475,3031.050403281528,21,0.7071067811865474,-0.7071067811865477,0,0,1
B2,roll_03,persistence,2026-01-28 22:00:00+00:00,2026-01-28 23:00:00+00:00,0,1,2025-12-08T00:00:00+00:00,2026-01-26T00:00:00+00:00,2026-01-26T00:00:00+00:00,2026-02-02T00:00:00+00:00,822.8956369502222,880.7419122894444,-57.84627533922219,0,night,0,0.0,0,2,0,0,0,0,0,0,0,0,0,0,0,0,0,0,0,0,0,0,0,0,0,0,2,2388.614872440278,3031.050403281528,469.4664131017777,880.7419122894444,22,0.8660254037844384,-0.5000000000000004,0,0,1
B2,roll_03,persistence,2026-01-28 23:00:00+00:00,2026-01-29 00:00:00+00:00,0,1,2025-12-08T00:00:00+00:00,2026-01-26T00:00:00+00:00,2026-01-26T00:00:00+00:00,2026-02-02T00:00:00+00:00,934.8170360965556,822.8956369502222,111.92139914633344,0,night,0,0.0,0,2,0,0,0,0,0,0,0,0,0,0,0,0,0,0,0,0,0,0,0,0,0,0,2,1967.8965871302496,880.7419122894444,1039.222492417361,822.8956369502222,23,0.965925826289068,-0.2588190451025215,0,0,1
B2,roll_03,persistence,2026-01-29 00:00:00+00:00,2026-01-29 01:00:00+00:00,0,1,2025-12-08T00:00:00+00:00,2026-01-26T00:00:00+00:00,2026-01-26T00:00:00+00:00,2026-02-02T00:00:00+00:00,569.0574982047777,934.8170360965556,-365.7595378917779,0,night,0,0.0,0,2,0,0,0,0,0,0,0,0,0,0,0,0,0,0,0,0,0,0,0,0,0,0,3,387.7841801272222,822.8956369502222,431.1445660605278,934.8170360965556,0,1.0,0.0,0,0,1
B2,roll_03,persistence,2026-01-29 01:00:00+00:00,2026-01-29 02:00:00+00:00,0,1,2025-12-08T00:00:00+00:00,2026-01-26T00:00:00+00:00,2026-01-26T00:00:00+00:00,2026-02-02T00:00:00+00:00,388.6233783748333,569.0574982047777,-180.43411982994445,0,night,0,0.0,0,2,0,0,0,0,0,0,0,0,0,0,0,0,0,0,0,0,0,0,0,0,0,0,3,375.648988568,934.8170360965556,417.8579242465556,569.0574982047777,1,0.9659258262890684,0.2588190451025207,0,0,1
B2,roll_03,persistence,2026-01-29 02:00:00+00:00,2026-01-29 03:00:00+00:00,0,1,2025-12-08T00:00:00+00:00,2026-01-26T00:00:00+00:00,2026-01-26T00:00:00+00:00,2026-02-02T00:00:00+00:00,380.9392708019166,388.6233783748333,-7.684107572916673,0,night,0,0.0,0,2,0,0,0,0,0,0,0,0,0,0,0,0,0,0,0,0,0,0,0,0,0,0,3,370.6715177761111,569.0574982047777,419.1348331130556,388.6233783748333,2,0.8660254037844387,0.4999999999999999,0,0,1
B2,roll_03,persistence,2026-01-29 03:00:00+00:00,2026-01-29 04:00:00+00:00,0,1,2025-12-08T00:00:00+00:00,2026-01-26T00:00:00+00:00,2026-01-26T00:00:00+00:00,2026-02-02T00:00:00+00:00,1044.109589464861,380.9392708019166,663.1703186629445,0,night,0,0.0,0,2,0,0,0,0,0,0,0,0,0,0,0,0,0,0,0,0,0,0,0,0,0,0,3,372.0987236639445,388.6233783748333,421.2961618739444,380.9392708019166,3,0.7071067811865476,0.7071067811865476,0,0,1
B2,roll_03,persistence,2026-01-29 04:00:00+00:00,2026-01-29 05:00:00+00:00,0,1,2025-12-08T00:00:00+00:00,2026-01-26T00:00:00+00:00,2026-01-26T00:00:00+00:00,2026-02-02T00:00:00+00:00,2097.0978272491666,1044.109589464861,1052.9882377843055,0,night,0,0.0,0,2,0,0,0,0,0,0,0,0,0,0,0,0,0,0,0,0,0,0,0,0,0,0,3,1036.0452877571945,380.9392708019166,1092.225752789,1044.109589464861,4,0.5000000000000001,0.8660254037844386,0,0,1
B2,roll_03,persistence,2026-01-29 05:00:00+00:00,2026-01-29 06:00:00+00:00,0,1,2025-12-08T00:00:00+00:00,2026-01-26T00:00:00+00:00,2026-01-26T00:00:00+00:00,2026-02-02T00:00:00+00:00,2101.717697546028,2097.0978272491666,4.619870296861336,0,night,0,0.0,0,2,0,0,0,0,0,0,0,0,0,0,0,0,0,0,0,0,0,0,0,0,0,0,3,1958.2742827319444,1044.109589464861,2035.0871509705555,2097.0978272491666,5,0.2588190451025207,0.9659258262890684,0,0,1
B2,roll_03,persistence,2026-01-29 06:00:00+00:00,2026-01-29 07:00:00+00:00,0,1,2025-12-08T00:00:00+00:00,2026-01-26T00:00:00+00:00,2026-01-26T00:00:00+00:00,2026-02-02T00:00:00+00:00,1866.4684684137776,2101.717697546028,-235.24922913225032,0,night,0,0.0,0,2,0,0,0,0,0,0,0,0,0,0,0,0,0,0,0,0,0,0,0,0,0,0,3,1980.8106362188057,2097.0978272491666,2063.430210569112,2101.717697546028,6,6.123233995736766e-17,1.0,0,0,1
B2,roll_03,persistence,2026-01-29 07:00:00+00:00,2026-01-29 08:00:00+00:00,0,1,2025-12-08T00:00:00+00:00,2026-01-26T00:00:00+00:00,2026-01-26T00:00:00+00:00,2026-02-02T00:00:00+00:00,1765.7431687797225,1866.4684684137776,-100.72529963405509,1,night,0,0.0,0,2,0,0,0,0,0,0,0,0,0,0,0,0,0,0,0,0,0,0,0,0,0,0,3,1778.5049296098057,2101.717697546028,1837.9513309886668,1866.4684684137776,7,-0.2588190451025206,0.9659258262890684,0,0,1
B2,roll_03,persistence,2026-01-29 08:00:00+00:00,2026-01-29 09:00:00+00:00,0,1,2025-12-08T00:00:00+00:00,2026-01-26T00:00:00+00:00,2026-01-26T00:00:00+00:00,2026-02-02T00:00:00+00:00,1253.1664777410554,1765.7431687797225,-512.5766910386671,1,low,0,0.0,0,2,0,0,0,0,0,0,0,0,0,0,0,0,0,0,0,0,0,0,0,0,0,0,3,1415.566902312361,1866.4684684137776,1887.533959910028,1765.7431687797225,8,-0.4999999999999998,0.8660254037844387,0,0,1
B2,roll_03,persistence,2026-01-29 09:00:00+00:00,2026-01-29 10:00:00+00:00,0,1,2025-12-08T00:00:00+00:00,2026-01-26T00:00:00+00:00,2026-01-26T00:00:00+00:00,2026-02-02T00:00:00+00:00,948.2308555061112,1253.1664777410554,-304.93562223494416,1,low,0,0.0,0,2,0,0,0,0,0,0,0,0,0,0,0,0,0,0,0,0,0,0,0,0,0,0,3,1170.112685329639,1765.7431687797225,1927.4843435574169,1253.1664777410554,9,-0.7071067811865475,0.7071067811865476,0,0,1
B2,roll_03,persistence,2026-01-29 10:00:00+00:00,2026-01-29 11:00:00+00:00,0,1,2025-12-08T00:00:00+00:00,2026-01-26T00:00:00+00:00,2026-01-26T00:00:00+00:00,2026-02-02T00:00:00+00:00,1415.7808458588888,948.2308555061112,467.5499903527776,1,low,0,0.0,0,2,0,0,0,0,0,0,0,0,0,0,0,0,0,0,0,0,0,0,0,0,0,0,3,912.1677645943888,1253.1664777410554,1864.801970357278,948.2308555061112,10,-0.8660254037844387,0.4999999999999999,0,0,1
B2,roll_03,persistence,2026-01-29 11:00:00+00:00,2026-01-29 12:00:00+00:00,0,1,2025-12-08T00:00:00+00:00,2026-01-26T00:00:00+00:00,2026-01-26T00:00:00+00:00,2026-02-02T00:00:00+00:00,347.5551561380278,1415.7808458588888,-1068.225689720861,1,low,0,0.0,0,2,0,0,0,0,0,0,0,0,0,0,0,0,0,0,0,0,0,0,0,0,0,0,3,979.6024800058332,948.2308555061112,3141.5486331360003,1415.7808458588888,11,-0.9659258262890682,0.258819045102521,0,0,1
B2,roll_03,persistence,2026-01-29 12:00:00+00:00,2026-01-29 13:00:00+00:00,0,1,2025-12-08T00:00:00+00:00,2026-01-26T00:00:00+00:00,2026-01-26T00:00:00+00:00,2026-02-02T00:00:00+00:00,-402.3519291878333,347.5551561380278,-749.9070853258611,1,med,0,0.0,0,2,0,0,0,0,0,0,0,0,0,0,0,0,0,0,0,0,0,0,0,0,0,0,3,926.4931066359444,1415.7808458588888,3688.242951303472,347.5551561380278,12,-1.0,1.2246467991473532e-16,0,0,1
B2,roll_03,persistence,2026-01-29 13:00:00+00:00,2026-01-29 14:00:00+00:00,0,1,2025-12-08T00:00:00+00:00,2026-01-26T00:00:00+00:00,2026-01-26T00:00:00+00:00,2026-02-02T00:00:00+00:00,1092.5960639581945,-402.3519291878333,1494.9479931460278,1,high,0,0.0,0,2,1,0,0,0,0,0,0,0,0,0,0,0,0,0,0,0,0,0,0,0,0,0,3,-104.81881332361114,347.5551561380278,2978.0382318605,-402.3519291878333,13,-0.9659258262890684,-0.2588190451025208,0,0,1
B2,roll_03,persistence,2026-01-29 14:00:00+00:00,2026-01-29 15:00:00+00:00,0,1,2025-12-08T00:00:00+00:00,2026-01-26T00:00:00+00:00,2026-01-26T00:00:00+00:00,2026-02-02T00:00:00+00:00,462.4739155892223,1092.5960639581945,-630.1221483689721,1,med,0,0.0,0,3,0,0,0,0,0,0,0,0,0,0,0,0,0,0,0,0,0,0,0,0,0,0,3,1036.759236264139,-402.3519291878333,3380.6789978081943,1092.5960639581945,14,-0.8660254037844388,-0.4999999999999997,0,0,1
B2,roll_03,persistence,2026-01-29 15:00:00+00:00,2026-01-29 16:00:00+00:00,0,1,2025-12-08T00:00:00+00:00,2026-01-26T00:00:00+00:00,2026-01-26T00:00:00+00:00,2026-02-02T00:00:00+00:00,1737.4693776433332,462.4739155892223,1274.995462054111,1,low,0,0.0,0,3,0,0,0,0,0,0,0,0,0,0,0,0,0,0,0,0,0,0,0,0,0,0,3,1095.6600237501943,1092.5960639581945,3872.714778626834,462.4739155892223,15,-0.7071067811865479,-0.7071067811865471,0,0,1
B2,roll_03,persistence,2026-01-29 16:00:00+00:00,2026-01-29 17:00:00+00:00,0,1,2025-12-08T00:00:00+00:00,2026-01-26T00:00:00+00:00,2026-01-26T00:00:00+00:00,2026-02-02T00:00:00+00:00,2296.247373537611,1737.4693776433332,558.7779958942779,0,night,0,0.0,0,2,0,0,0,0,0,0,0,0,0,0,0,0,0,0,0,0,0,0,0,0,0,0,3,2940.7578966023334,462.4739155892223,3566.8731119283607,1737.4693776433332,16,-0.5000000000000004,-0.8660254037844385,0,0,1
B2,roll_03,persistence,2026-01-29 17:00:00+00:00,2026-01-29 18:00:00+00:00,0,1,2025-12-08T00:00:00+00:00,2026-01-26T00:00:00+00:00,2026-01-26T00:00:00+00:00,2026-02-02T00:00:00+00:00,773.5572774640833,2296.247373537611,-1522.690096073528,0,night,0,0.0,0,2,0,0,0,0,0,0,0,0,0,0,0,0,0,0,0,0,0,0,0,0,0,0,3,1509.757366554472,1737.4693776433332,4099.8204709775,2296.247373537611,17,-0.2588190451025206,-0.9659258262890684,0,0,1
B2,roll_03,persistence,2026-01-29 18:00:00+00:00,2026-01-29 19:00:00+00:00,0,1,2025-12-08T00:00:00+00:00,2026-01-26T00:00:00+00:00,2026-01-26T00:00:00+00:00,2026-02-02T00:00:00+00:00,2461.1030846526387,773.5572774640833,1687.5458071885555,0,night,0,0.0,0,2,0,0,0,0,0,0,0,0,0,0,0,0,0,0,0,0,0,0,0,0,0,0,3,1902.4201895734168,2296.247373537611,3533.490893778889,773.5572774640833,18,-1.8369701987210292e-16,-1.0,0,0,1
B2,roll_03,persistence,2026-01-29 19:00:00+00:00,2026-01-29 20:00:00+00:00,0,1,2025-12-08T00:00:00+00:00,2026-01-26T00:00:00+00:00,2026-01-26T00:00:00+00:00,2026-02-02T00:00:00+00:00,738.0341406504722,2461.1030846526387,-1723.0689440021665,0,night,0,0.0,0,1,0,0,0,0,0,0,0,0,0,0,0,0,0,0,0,0,0,0,0,0,0,0,3,1073.8756977925275,773.5572774640833,4150.093525715889,2461.1030846526387,19,0.2588190451025203,-0.9659258262890684,0,0,1
B2,roll_03,persistence,2026-01-29 20:00:00+00:00,2026-01-29 21:00:00+00:00,0,1,2025-12-08T00:00:00+00:00,2026-01-26T00:00:00+00:00,2026-01-26T00:00:00+00:00,2026-02-02T00:00:00+00:00,1046.6185902225832,738.0341406504722,308.584449572111,0,night,0,0.0,0,1,0,0,0,0,0,0,0,0,0,0,0,0,0,0,0,0,0,0,0,0,0,0,3,1112.6407676563056,2461.1030846526387,3498.4065437332224,738.0341406504722,20,0.5000000000000001,-0.8660254037844386,0,0,1
B2,roll_03,persistence,2026-01-29 21:00:00+00:00,2026-01-29 22:00:00+00:00,0,1,2025-12-08T00:00:00+00:00,2026-01-26T00:00:00+00:00,2026-01-26T00:00:00+00:00,2026-02-02T00:00:00+00:00,366.5958732328333,1046.6185902225832,-680.0227169897498,0,night,0,0.0,0,1,0,0,0,0,0,0,0,0,0,0,0,0,0,0,0,0,0,0,0,0,0,0,3,565.8491807108888,738.0341406504722,3031.050403281528,1046.6185902225832,21,0.7071067811865474,-0.7071067811865477,0,0,1
B2,roll_03,persistence,2026-01-29 22:00:00+00:00,2026-01-29 23:00:00+00:00,0,1,2025-12-08T00:00:00+00:00,2026-01-26T00:00:00+00:00,2026-01-26T00:00:00+00:00,2026-02-02T00:00:00+00:00,363.3738909241667,366.5958732328333,-3.221982308666611,0,night,0,0.0,0,1,0,1,1,0,2,0,0,1,0,0,1,0,1,0,0,0,1,0,0,0,0,0,3,473.87890895927785,1046.6185902225832,880.7419122894444,366.5958732328333,22,0.8660254037844384,-0.5000000000000004,0,0,1
B2,roll_03,persistence,2026-01-29 23:00:00+00:00,2026-01-30 00:00:00+00:00,0,1,2025-12-08T00:00:00+00:00,2026-01-26T00:00:00+00:00,2026-01-26T00:00:00+00:00,2026-02-02T00:00:00+00:00,372.9620775262778,363.3738909241667,9.588186602111136,0,night,0,0.0,0,1,0,1,1,0,2,0,0,1,0,0,1,0,1,0,0,0,1,0,0,0,0,0,3,367.6513029880277,366.5958732328333,822.8956369502222,363.3738909241667,23,0.965925826289068,-0.2588190451025215,0,0,1
B2,roll_03,persistence,2026-01-30 00:00:00+00:00,2026-01-30 01:00:00+00:00,0,1,2025-12-08T00:00:00+00:00,2026-01-26T00:00:00+00:00,2026-01-26T00:00:00+00:00,2026-02-02T00:00:00+00:00,407.8405305781389,372.9620775262778,34.87845305186107,0,night,0,0.0,0,1,0,0,0,0,0,0,0,0,0,0,0,0,0,0,0,0,0,0,0,0,0,0,4,367.96108710394446,363.3738909241667,934.8170360965556,372.9620775262778,0,1.0,0.0,0,0,1
B2,roll_03,persistence,2026-01-30 01:00:00+00:00,2026-01-30 02:00:00+00:00,0,1,2025-12-08T00:00:00+00:00,2026-01-26T00:00:00+00:00,2026-01-26T00:00:00+00:00,2026-02-02T00:00:00+00:00,371.0950655588056,407.8405305781389,-36.745465019333324,0,night,0,0.0,0,1,0,0,0,0,0,0,0,0,0,0,0,0,0,0,0,0,0,0,0,0,0,0,4,369.3633806425278,372.9620775262778,569.0574982047777,407.8405305781389,1,0.9659258262890684,0.2588190451025207,0,0,1
B2,roll_03,persistence,2026-01-30 02:00:00+00:00,2026-01-30 03:00:00+00:00,0,1,2025-12-08T00:00:00+00:00,2026-01-26T00:00:00+00:00,2026-01-26T00:00:00+00:00,2026-02-02T00:00:00+00:00,377.9953876609166,371.0950655588056,6.9003221021110335,0,night,0,0.0,0,1,0,0,0,0,0,0,0,0,0,0,0,0,0,0,0,0,0,0,0,0,0,0,4,364.6717208964722,407.8405305781389,388.6233783748333,371.0950655588056,2,0.8660254037844387,0.4999999999999999,0,0,1
B2,roll_03,persistence,2026-01-30 03:00:00+00:00,2026-01-30 04:00:00+00:00,0,1,2025-12-08T00:00:00+00:00,2026-01-26T00:00:00+00:00,2026-01-26T00:00:00+00:00,2026-02-02T00:00:00+00:00,1042.5099112287778,377.9953876609166,664.5145235678613,0,night,0,0.0,0,1,0,0,0,0,0,0,0,0,0,0,0,0,0,0,0,0,0,0,0,0,0,0,4,368.5853674459444,371.0950655588056,380.9392708019166,377.9953876609166,3,0.7071067811865476,0.7071067811865476,0,0,1
B2,roll_03,persistence,2026-01-30 04:00:00+00:00,2026-01-30 05:00:00+00:00,0,1,2025-12-08T00:00:00+00:00,2026-01-26T00:00:00+00:00,2026-01-26T00:00:00+00:00,2026-02-02T00:00:00+00:00,2043.280496847389,1042.5099112287778,1000.7705856186112,0,night,0,0.0,0,1,0,0,0,0,0,0,0,0,0,0,0,0,0,0,0,0,0,0,0,0,0,0,4,1077.5376334153334,377.9953876609166,1044.109589464861,1042.5099112287778,4,0.5000000000000001,0.8660254037844386,0,0,1
B2,roll_03,persistence,2026-01-30 05:00:00+00:00,2026-01-30 06:00:00+00:00,0,1,2025-12-08T00:00:00+00:00,2026-01-26T00:00:00+00:00,2026-01-26T00:00:00+00:00,2026-02-02T00:00:00+00:00,2356.0469720826945,2043.280496847389,312.7664752353055,0,night,0,0.0,0,1,0,0,0,0,0,0,0,0,0,0,0,0,0,0,0,0,0,0,0,0,0,0,4,2595.650702010778,1042.5099112287778,2097.0978272491666,2043.280496847389,5,0.2588190451025207,0.9659258262890684,0,0,1
B2,roll_03,persistence,2026-01-30 06:00:00+00:00,2026-01-30 07:00:00+00:00,0,1,2025-12-08T00:00:00+00:00,2026-01-26T00:00:00+00:00,2026-01-26T00:00:00+00:00,2026-02-02T00:00:00+00:00,2415.724502125278,2356.0469720826945,59.677530042583385,0,night,0,0.0,0,1,0,0,0,0,0,0,0,0,0,0,0,0,0,0,0,0,0,0,0,0,0,0,4,2229.0674939791948,2043.280496847389,2101.717697546028,2356.0469720826945,6,6.123233995736766e-17,1.0,0,0,1
B2,roll_03,persistence,2026-01-30 07:00:00+00:00,2026-01-30 08:00:00+00:00,0,1,2025-12-08T00:00:00+00:00,2026-01-26T00:00:00+00:00,2026-01-26T00:00:00+00:00,2026-02-02T00:00:00+00:00,2088.875723270194,2415.724502125278,-326.84877885508376,1,night,0,0.0,0,2,0,0,0,0,0,0,0,0,0,0,0,0,0,0,0,0,0,0,0,0,0,0,4,1956.5605310417773,2356.0469720826945,1866.4684684137776,2415.724502125278,7,-0.2588190451025206,0.9659258262890684,0,0,1
B2,roll_03,persistence,2026-01-30 08:00:00+00:00,2026-01-30 09:00:00+00:00,0,1,2025-12-08T00:00:00+00:00,2026-01-26T00:00:00+00:00,2026-01-26T00:00:00+00:00,2026-02-02T00:00:00+00:00,1376.5848081650277,2088.875723270194,-712.2909151051665,1,low,0,0.0,0,2,0,0,0,0,0,0,0,0,0,0,0,0,0,0,0,0,0,0,0,0,0,0,4,1820.3555307953327,2415.724502125278,1765.7431687797225,2088.875723270194,8,-0.4999999999999998,0.8660254037844387,0,0,1
B2,roll_03,persistence,2026-01-30 09:00:00+00:00,2026-01-30 10:00:00+00:00,0,1,2025-12-08T00:00:00+00:00,2026-01-26T00:00:00+00:00,2026-01-26T00:00:00+00:00,2026-02-02T00:00:00+00:00,637.5708449115556,1376.5848081650277,-739.0139632534721,1,med,0,0.0,0,2,0,0,0,0,0,0,0,0,0,0,0,0,0,0,0,0,0,0,0,0,0,0,4,2016.7762660696944,2088.875723270194,1253.1664777410554,1376.5848081650277,9,-0.7071067811865475,0.7071067811865476,0,0,1
B2,roll_03,persistence,2026-01-30 10:00:00+00:00,2026-01-30 11:00:00+00:00,0,1,2025-12-08T00:00:00+00:00,2026-01-26T00:00:00+00:00,2026-01-26T00:00:00+00:00,2026-02-02T00:00:00+00:00,-1038.640299738972,637.5708449115556,-1676.2111446505278,1,high,0,0.0,0,2,0,0,0,0,0,0,0,0,0,0,0,0,0,0,0,0,0,0,0,0,0,0,4,1936.420994131,1376.5848081650277,948.2308555061112,637.5708449115556,10,-0.8660254037844387,0.4999999999999999,0,0,1
B2,roll_03,persistence,2026-01-30 11:00:00+00:00,2026-01-30 12:00:00+00:00,0,1,2025-12-08T00:00:00+00:00,2026-01-26T00:00:00+00:00,2026-01-26T00:00:00+00:00,2026-02-02T00:00:00+00:00,338.58896643852773,-1038.640299738972,1377.2292661774998,1,high,0,0.0,0,2,1,0,0,0,0,0,0,0,0,0,0,0,0,0,0,0,0,0,0,0,0,0,4,1576.1195596841944,637.5708449115556,1415.7808458588888,-1038.640299738972,11,-0.9659258262890682,0.258819045102521,0,0,1
B2,roll_03,persistence,2026-01-30 12:00:00+00:00,2026-01-30 13:00:00+00:00,0,1,2025-12-08T00:00:00+00:00,2026-01-26T00:00:00+00:00,2026-01-26T00:00:00+00:00,2026-02-02T00:00:00+00:00,-266.5041079402778,338.58896643852773,-605.0930743788056,1,med,0,0.0,0,3,0,0,0,0,0,0,0,0,0,0,0,0,0,0,0,0,0,0,0,0,0,0,4,1707.01032054225,-1038.640299738972,347.5551561380278,338.58896643852773,12,-1.0,1.2246467991473532e-16,0,0,1
B2,roll_03,persistence,2026-01-30 13:00:00+00:00,2026-01-30 14:00:00+00:00,0,1,2025-12-08T00:00:00+00:00,2026-01-26T00:00:00+00:00,2026-01-26T00:00:00+00:00,2026-02-02T00:00:00+00:00,376.1624140875,-266.5041079402778,642.6665220277778,1,med,0,0.0,0,3,1,0,0,0,0,0,0,0,0,0,0,0,0,0,0,0,0,0,0,0,0,0,4,2214.146590013028,338.58896643852773,-402.3519291878333,-266.5041079402778,13,-0.9659258262890684,-0.2588190451025208,0,0,1
B2,roll_03,persistence,2026-01-30 14:00:00+00:00,2026-01-30 15:00:00+00:00,0,1,2025-12-08T00:00:00+00:00,2026-01-26T00:00:00+00:00,2026-01-26T00:00:00+00:00,2026-02-02T00:00:00+00:00,1082.7555175266666,376.1624140875,706.5931034391666,1,med,0,0.0,0,2,0,0,0,0,0,0,0,0,0,0,0,0,0,0,0,0,0,0,0,0,0,0,4,2195.8262186153333,-266.5041079402778,1092.5960639581945,376.1624140875,14,-0.8660254037844388,-0.4999999999999997,0,0,1
B2,roll_03,persistence,2026-01-30 15:00:00+00:00,2026-01-30 16:00:00+00:00,0,1,2025-12-08T00:00:00+00:00,2026-01-26T00:00:00+00:00,2026-01-26T00:00:00+00:00,2026-02-02T00:00:00+00:00,1956.864773614972,1082.7555175266666,874.1092560883053,1,low,0,0.0,0,2,0,0,0,0,0,0,0,0,0,0,0,0,0,0,0,0,0,0,0,0,0,0,4,2527.9803929520835,376.1624140875,462.4739155892223,1082.7555175266666,15,-0.7071067811865479,-0.7071067811865471,0,0,1
B2,roll_03,persistence,2026-01-30 16:00:00+00:00,2026-01-30 17:00:00+00:00,0,1,2025-12-08T00:00:00+00:00,2026-01-26T00:00:00+00:00,2026-01-26T00:00:00+00:00,2026-02-02T00:00:00+00:00,2558.768179305,1956.864773614972,601.9034056900282,0,night,0,0.0,0,2,0,0,0,0,0,0,0,0,0,0,0,0,0,0,0,0,0,0,0,0,0,0,4,2048.975809514583,1082.7555175266666,1737.4693776433332,1956.864773614972,16,-0.5000000000000004,-0.8660254037844385,0,0,1
B2,roll_03,persistence,2026-01-30 17:00:00+00:00,2026-01-30 18:00:00+00:00,0,1,2025-12-08T00:00:00+00:00,2026-01-26T00:00:00+00:00,2026-01-26T00:00:00+00:00,2026-02-02T00:00:00+00:00,1987.7934036818888,2558.768179305,-570.9747756231113,0,night,0,0.0,0,2,0,0,0,0,0,0,0,0,0,0,0,0,0,0,0,0,0,0,0,0,0,0,4,1253.307754251361,1956.864773614972,2296.247373537611,2558.768179305,17,-0.2588190451025206,-0.9659258262890684,0,0,1
B2,roll_03,persistence,2026-01-30 18:00:00+00:00,2026-01-30 19:00:00+00:00,0,1,2025-12-08T00:00:00+00:00,2026-01-26T00:00:00+00:00,2026-01-26T00:00:00+00:00,2026-02-02T00:00:00+00:00,1676.7119280521667,1987.7934036818888,-311.08147562972204,0,night,0,0.0,0,2,0,0,0,0,0,0,0,0,0,0,0,0,0,0,0,0,0,0,0,0,0,0,4,2022.5164028016115,2558.768179305,773.5572774640833,1987.7934036818888,18,-1.8369701987210292e-16,-1.0,0,0,1
B2,roll_03,persistence,2026-01-30 19:00:00+00:00,2026-01-30 20:00:00+00:00,0,1,2025-12-08T00:00:00+00:00,2026-01-26T00:00:00+00:00,2026-01-26T00:00:00+00:00,2026-02-02T00:00:00+00:00,1399.5987402705557,1676.7119280521667,-277.11318778161103,0,night,0,0.0,0,1,0,0,0,0,0,0,0,0,0,0,0,0,0,0,0,0,0,0,0,0,0,0,4,1067.3991769345832,1987.7934036818888,2461.1030846526387,1676.7119280521667,19,0.2588190451025203,-0.9659258262890684,0,0,1
B2,roll_03,persistence,2026-01-30 20:00:00+00:00,2026-01-30 21:00:00+00:00,0,1,2025-12-08T00:00:00+00:00,2026-01-26T00:00:00+00:00,2026-01-26T00:00:00+00:00,2026-02-02T00:00:00+00:00,1395.9087899032777,1399.5987402705557,-3.6899503672780156,0,night,0,0.0,0,2,0,0,0,0,0,0,0,0,0,0,0,0,0,0,0,0,0,0,0,0,0,0,4,1046.436184157472,1676.7119280521667,738.0341406504722,1399.5987402705557,20,0.5000000000000001,-0.8660254037844386,0,0,1
B2,roll_03,persistence,2026-01-30 21:00:00+00:00,2026-01-30 22:00:00+00:00,0,1,2025-12-08T00:00:00+00:00,2026-01-26T00:00:00+00:00,2026-01-26T00:00:00+00:00,2026-02-02T00:00:00+00:00,617.2218638224722,1395.9087899032777,-778.6869260808055,0,night,0,0.0,0,2,0,0,0,0,0,0,0,0,0,0,0,0,0,0,0,0,0,0,0,0,0,0,4,602.2876708927778,1399.5987402705557,1046.6185902225832,1395.9087899032777,21,0.7071067811865474,-0.7071067811865477,0,0,1
B2,roll_03,persistence,2026-01-30 22:00:00+00:00,2026-01-30 23:00:00+00:00,0,1,2025-12-08T00:00:00+00:00,2026-01-26T00:00:00+00:00,2026-01-26T00:00:00+00:00,2026-02-02T00:00:00+00:00,560.833410557,617.2218638224722,-56.38845326547221,0,night,0,0.0,0,1,0,0,0,0,0,0,0,0,0,0,0,0,0,0,0,0,0,0,0,0,0,0,4,492.5538403097778,1395.9087899032777,366.5958732328333,617.2218638224722,22,0.8660254037844384,-0.5000000000000004,0,0,1
B2,roll_03,persistence,2026-01-30 23:00:00+00:00,2026-01-31 00:00:00+00:00,0,1,2025-12-08T00:00:00+00:00,2026-01-26T00:00:00+00:00,2026-01-26T00:00:00+00:00,2026-02-02T00:00:00+00:00,568.5592018373611,560.833410557,7.725791280361136,0,night,0,0.0,0,1,0,0,0,0,0,0,0,0,0,0,0,0,0,0,0,0,0,0,0,0,0,0,4,435.2853666092778,617.2218638224722,363.3738909241667,560.833410557,23,0.965925826289068,-0.2588190451025215,0,0,1
B2,roll_03,persistence,2026-01-31 00:00:00+00:00,2026-01-31 01:00:00+00:00,0,1,2025-12-08T00:00:00+00:00,2026-01-26T00:00:00+00:00,2026-01-26T00:00:00+00:00,2026-02-02T00:00:00+00:00,560.2704962234167,568.5592018373611,-8.288705613944444,0,night,0,0.0,0,1,0,0,0,0,0,0,0,0,0,0,0,0,0,0,0,0,0,0,0,0,0,0,5,405.1807272819444,560.833410557,372.9620775262778,568.5592018373611,0,1.0,0.0,0,1,1
B2,roll_03,persistence,2026-01-31 01:00:00+00:00,2026-01-31 02:00:00+00:00,0,1,2025-12-08T00:00:00+00:00,2026-01-26T00:00:00+00:00,2026-01-26T00:00:00+00:00,2026-02-02T00:00:00+00:00,565.4011130005833,560.2704962234167,5.130616777166665,0,night,0,0.0,0,1,0,0,0,0,0,0,0,0,0,0,0,0,0,0,0,0,0,0,0,0,0,0,5,403.1378216736112,568.5592018373611,407.8405305781389,560.2704962234167,1,0.9659258262890684,0.2588190451025207,0,1,1
B2,roll_03,persistence,2026-01-31 02:00:00+00:00,2026-01-31 03:00:00+00:00,0,1,2025-12-08T00:00:00+00:00,2026-01-26T00:00:00+00:00,2026-01-26T00:00:00+00:00,2026-02-02T00:00:00+00:00,568.1319450434166,565.4011130005833,2.730832042833299,0,night,0,0.0,0,1,0,0,0,0,0,0,0,0,0,0,0,0,0,0,0,0,0,0,0,0,0,0,5,404.9479621853611,560.2704962234167,371.0950655588056,565.4011130005833,2,0.8660254037844387,0.4999999999999999,0,1,1
B2,roll_03,persistence,2026-01-31 03:00:00+00:00,2026-01-31 04:00:00+00:00,0,1,2025-12-08T00:00:00+00:00,2026-01-26T00:00:00+00:00,2026-01-26T00:00:00+00:00,2026-02-02T00:00:00+00:00,1108.9278010010555,568.1319450434166,540.7958559576389,0,night,0,0.0,0,1,0,1,1,0,2,0,0,1,0,0,1,0,1,0,0,0,1,0,0,0,0,0,5,402.6522398849167,565.4011130005833,377.9953876609166,568.1319450434166,3,0.7071067811865476,0.7071067811865476,0,1,1
B2,roll_03,persistence,2026-01-31 04:00:00+00:00,2026-01-31 05:00:00+00:00,0,1,2025-12-08T00:00:00+00:00,2026-01-26T00:00:00+00:00,2026-01-26T00:00:00+00:00,2026-02-02T00:00:00+00:00,1973.961116742889,1108.9278010010555,865.0333157418336,0,night,0,0.0,0,1,0,1,1,0,2,0,0,1,0,0,1,0,1,0,0,0,1,0,0,0,0,0,5,989.5879204678332,568.1319450434166,1042.5099112287778,1108.9278010010555,4,0.5000000000000001,0.8660254037844386,0,1,1
B2,roll_03,persistence,2026-01-31 05:00:00+00:00,2026-01-31 06:00:00+00:00,0,1,2025-12-08T00:00:00+00:00,2026-01-26T00:00:00+00:00,2026-01-26T00:00:00+00:00,2026-02-02T00:00:00+00:00,2133.987086771556,1973.961116742889,160.02597002866673,0,night,0,0.0,0,2,0,0,0,0,0,0,0,0,0,0,0,0,0,0,0,0,0,0,0,0,0,0,5,1683.9951601766388,1108.9278010010555,2043.280496847389,1973.961116742889,5,0.2588190451025207,0.9659258262890684,0,1,1
B2,roll_03,persistence,2026-01-31 06:00:00+00:00,2026-01-31 07:00:00+00:00,0,1,2025-12-08T00:00:00+00:00,2026-01-26T00:00:00+00:00,2026-01-26T00:00:00+00:00,2026-02-02T00:00:00+00:00,1020.5726502083334,2133.987086771556,-1113.4144365632224,0,night,0,0.0,0,2,0,0,0,0,0,0,0,0,0,0,0,0,0,0,0,0,0,0,0,0,0,0,5,1902.018428271,1973.961116742889,2356.0469720826945,2133.987086771556,6,6.123233995736766e-17,1.0,0,1,1
B2,roll_03,persistence,2026-01-31 07:00:00+00:00,2026-01-31 08:00:00+00:00,0,1,2025-12-08T00:00:00+00:00,2026-01-26T00:00:00+00:00,2026-01-26T00:00:00+00:00,2026-02-02T00:00:00+00:00,419.2874801181944,1020.5726502083334,-601.285170090139,1,night,0,0.0,0,2,0,0,0,0,0,0,0,0,0,0,0,0,0,0,0,0,0,0,0,0,0,0,5,2166.76233965375,2133.987086771556,2415.724502125278,1020.5726502083334,7,-0.2588190451025206,0.9659258262890684,0,1,1
B2,roll_03,persistence,2026-01-31 08:00:00+00:00,2026-01-31 09:00:00+00:00,0,1,2025-12-08T00:00:00+00:00,2026-01-26T00:00:00+00:00,2026-01-26T00:00:00+00:00,2026-02-02T00:00:00+00:00,250.3521221068889,419.2874801181944,-168.9353580113055,1,low,0,0.0,0,2,0,0,0,0,0,0,0,0,0,0,0,0,0,0,0,0,0,0,0,0,0,0,5,2056.1787956731946,1020.5726502083334,2088.875723270194,419.2874801181944,8,-0.4999999999999998,0.8660254037844387,0,1,1
B2,roll_03,persistence,2026-01-31 09:00:00+00:00,2026-01-31 10:00:00+00:00,0,1,2025-12-08T00:00:00+00:00,2026-01-26T00:00:00+00:00,2026-01-26T00:00:00+00:00,2026-02-02T00:00:00+00:00,334.93582907008334,250.3521221068889,84.58370696319443,1,low,0,0.0,0,2,0,0,0,0,0,0,0,0,0,0,0,0,0,0,0,0,0,0,0,0,0,0,5,2110.409867789389,419.2874801181944,1376.5848081650277,250.3521221068889,9,-0.7071067811865475,0.7071067811865476,0,1,1
B2,roll_03,persistence,2026-01-31 10:00:00+00:00,2026-01-31 11:00:00+00:00,0,1,2025-12-08T00:00:00+00:00,2026-01-26T00:00:00+00:00,2026-01-26T00:00:00+00:00,2026-02-02T00:00:00+00:00,-25.482023055444444,334.93582907008334,-360.4178521255278,1,low,0,0.0,0,2,0,0,0,0,0,0,0,0,0,0,0,0,0,0,0,0,0,0,0,0,0,0,5,3130.832139515,250.3521221068889,637.5708449115556,334.93582907008334,10,-0.8660254037844387,0.4999999999999999,0,1,1
B2,roll_03,persistence,2026-01-31 11:00:00+00:00,2026-01-31 12:00:00+00:00,0,1,2025-12-08T00:00:00+00:00,2026-01-26T00:00:00+00:00,2026-01-26T00:00:00+00:00,2026-02-02T00:00:00+00:00,-362.59401059927774,-25.482023055444444,-337.11198754383327,1,med,0,0.0,0,2,1,0,0,0,0,0,0,0,0,0,0,0,0,0,0,0,0,0,0,0,0,0,5,385.99203080291664,334.93582907008334,-1038.640299738972,-25.482023055444444,11,-0.9659258262890682,0.258819045102521,0,1,1
B2,roll_03,persistence,2026-01-31 12:00:00+00:00,2026-01-31 13:00:00+00:00,0,1,2025-12-08T00:00:00+00:00,2026-01-26T00:00:00+00:00,2026-01-26T00:00:00+00:00,2026-02-02T00:00:00+00:00,-31.184125589083333,-362.59401059927774,331.4098850101944,1,med,0,0.0,0,2,1,0,0,0,0,0,0,0,0,0,0,0,0,0,0,0,0,0,0,0,0,0,5,1016.1453970060834,-25.482023055444444,338.58896643852773,-362.59401059927774,12,-1.0,1.2246467991473532e-16,0,1,1
B2,roll_03,persistence,2026-01-31 13:00:00+00:00,2026-01-31 14:00:00+00:00,0,1,2025-12-08T00:00:00+00:00,2026-01-26T00:00:00+00:00,2026-01-26T00:00:00+00:00,2026-02-02T00:00:00+00:00,-90.87281389516666,-31.184125589083333,-59.68868830608332,1,med,0,0.0,0,2,1,0,0,0,0,0,0,0,0,0,0,0,0,0,0,0,0,0,0,0,0,0,5,1064.5741736199725,-362.59401059927774,-266.5041079402778,-31.184125589083333,13,-0.9659258262890684,-0.2588190451025208,0,1,1
B2,roll_03,persistence,2026-01-31 14:00:00+00:00,2026-01-31 15:00:00+00:00,0,1,2025-12-08T00:00:00+00:00,2026-01-26T00:00:00+00:00,2026-01-26T00:00:00+00:00,2026-02-02T00:00:00+00:00,422.2890764387501,-90.87281389516666,513.1618903339167,1,med,0,0.0,0,3,1,0,0,0,0,0,0,0,0,0,0,0,0,0,0,0,0,0,0,0,0,0,5,1858.781012173056,-31.184125589083333,376.1624140875,-90.87281389516666,14,-0.8660254037844388,-0.4999999999999997,0,1,1
B2,roll_03,persistence,2026-01-31 15:00:00+00:00,2026-01-31 16:00:00+00:00,0,1,2025-12-08T00:00:00+00:00,2026-01-26T00:00:00+00:00,2026-01-26T00:00:00+00:00,2026-02-02T00:00:00+00:00,514.5742918275556,422.2890764387501,92.28521538880551,1,low,0,0.0,0,2,0,0,0,0,0,0,0,0,0,0,0,0,0,0,0,0,0,0,0,0,0,0,5,1831.2616717653889,-90.87281389516666,1082.7555175266666,422.2890764387501,15,-0.7071067811865479,-0.7071067811865471,0,1,1
B2,roll_03,persistence,2026-01-31 16:00:00+00:00,2026-01-31 17:00:00+00:00,0,1,2025-12-08T00:00:00+00:00,2026-01-26T00:00:00+00:00,2026-01-26T00:00:00+00:00,2026-02-02T00:00:00+00:00,555.1924943127777,514.5742918275556,40.61820248522213,0,night,0,0.0,0,2,0,0,0,0,0,0,0,0,0,0,0,0,0,0,0,0,0,0,0,0,0,0,5,1060.0596002008333,422.2890764387501,1956.864773614972,514.5742918275556,16,-0.5000000000000004,-0.8660254037844385,0,1,1
B2,roll_03,persistence,2026-01-31 17:00:00+00:00,2026-01-31 18:00:00+00:00,0,1,2025-12-08T00:00:00+00:00,2026-01-26T00:00:00+00:00,2026-01-26T00:00:00+00:00,2026-02-02T00:00:00+00:00,563.0741589198611,555.1924943127777,7.881664607083394,0,night,0,0.0,0,2,0,0,0,0,0,0,0,0,0,0,0,0,0,0,0,0,0,0,0,0,0,0,5,992.9213029867224,514.5742918275556,2558.768179305,555.1924943127777,17,-0.2588190451025206,-0.9659258262890684,0,1,1
B2,roll_03,persistence,2026-01-31 18:00:00+00:00,2026-01-31 19:00:00+00:00,0,1,2025-12-08T00:00:00+00:00,2026-01-26T00:00:00+00:00,2026-01-26T00:00:00+00:00,2026-02-02T00:00:00+00:00,532.8345183753889,563.0741589198611,-30.239640544472195,0,night,0,0.0,0,2,0,0,0,0,0,0,0,0,0,0,0,0,0,0,0,0,0,0,0,0,0,0,5,1541.1415699855834,555.1924943127777,1987.7934036818888,563.0741589198611,18,-1.8369701987210292e-16,-1.0,0,1,1
B2,roll_03,persistence,2026-01-31 19:00:00+00:00,2026-01-31 20:00:00+00:00,0,1,2025-12-08T00:00:00+00:00,2026-01-26T00:00:00+00:00,2026-01-26T00:00:00+00:00,2026-02-02T00:00:00+00:00,552.461400302111,532.8345183753889,19.626881926722035,0,night,0,0.0,0,1,0,1,1,0,11,0,0,0,1,0,1,0,1,0,0,0,1,0,0,0,0,0,5,1286.9006860100278,563.0741589198611,1676.7119280521667,532.8345183753889,19,0.2588190451025203,-0.9659258262890684,0,1,1
B2,roll_03,persistence,2026-01-31 20:00:00+00:00,2026-01-31 21:00:00+00:00,0,1,2025-12-08T00:00:00+00:00,2026-01-26T00:00:00+00:00,2026-01-26T00:00:00+00:00,2026-02-02T00:00:00+00:00,552.9098461985833,552.461400302111,0.4484458964723217,0,night,0,0.0,0,1,0,1,1,0,11,0,0,0,1,0,1,0,1,0,0,0,1,0,0,0,0,0,5,640.4533153681945,532.8345183753889,1399.5987402705557,552.461400302111,20,0.5000000000000001,-0.8660254037844386,0,1,1
B2,roll_03,persistence,2026-01-31 21:00:00+00:00,2026-01-31 22:00:00+00:00,0,1,2025-12-08T00:00:00+00:00,2026-01-26T00:00:00+00:00,2026-01-26T00:00:00+00:00,2026-02-02T00:00:00+00:00,560.803781971389,552.9098461985833,7.893935772805662,0,night,0,0.0,0,1,0,1,1,0,11,0,0,0,1,0,1,0,1,0,0,0,1,0,0,0,0,0,5,584.3161862229999,552.461400302111,1395.9087899032777,552.9098461985833,21,0.7071067811865474,-0.7071067811865477,0,1,1
B2,roll_03,persistence,2026-01-31 22:00:00+00:00,2026-01-31 23:00:00+00:00,0,1,2025-12-08T00:00:00+00:00,2026-01-26T00:00:00+00:00,2026-01-26T00:00:00+00:00,2026-02-02T00:00:00+00:00,565.2245665261389,560.803781971389,4.420784554749957,0,night,0,0.0,0,1,0,1,1,0,11,0,0,0,1,0,1,0,1,0,0,0,1,0,0,0,0,0,5,518.3547093412777,552.9098461985833,617.2218638224722,560.803781971389,22,0.8660254037844384,-0.5000000000000004,0,1,1
B2,roll_03,persistence,2026-01-31 23:00:00+00:00,2026-02-01 00:00:00+00:00,0,1,2025-12-08T00:00:00+00:00,2026-01-26T00:00:00+00:00,2026-01-26T00:00:00+00:00,2026-02-02T00:00:00+00:00,564.1097782727777,565.2245665261389,-1.114788253361212,0,night,0,0.0,0,1,0,1,1,0,11,0,0,0,1,0,1,0,1,0,0,0,1,0,0,0,0,0,5,430.99813492583326,560.803781971389,560.833410557,565.2245665261389,23,0.965925826289068,-0.2588190451025215,0,1,1
B2,roll_03,persistence,2026-02-01 00:00:00+00:00,2026-02-01 01:00:00+00:00,0,1,2025-12-08T00:00:00+00:00,2026-01-26T00:00:00+00:00,2026-01-26T00:00:00+00:00,2026-02-02T00:00:00+00:00,533.409867254,564.1097782727777,-30.699911018777698,0,night,0,0.0,0,1,0,1,1,0,11,0,0,0,1,0,1,0,1,0,0,0,1,0,0,0,0,0,6,377.7188413770555,565.2245665261389,568.5592018373611,564.1097782727777,0,1.0,0.0,0,1,2
B2,roll_03,persistence,2026-02-01 01:00:00+00:00,2026-02-01 02:00:00+00:00,0,1,2025-12-08T00:00:00+00:00,2026-01-26T00:00:00+00:00,2026-01-26T00:00:00+00:00,2026-02-02T00:00:00+00:00,562.5751383565,533.409867254,29.165271102500014,0,night,0,0.0,0,1,0,1,1,0,11,0,0,0,0,1,1,0,1,0,0,0,1,0,0,0,0,0,6,364.4423996903056,564.1097782727777,560.2704962234167,533.409867254,1,0.9659258262890684,0.2588190451025207,0,1,2
B2,roll_03,persistence,2026-02-01 02:00:00+00:00,2026-02-01 03:00:00+00:00,0,1,2025-12-08T00:00:00+00:00,2026-01-26T00:00:00+00:00,2026-01-26T00:00:00+00:00,2026-02-02T00:00:00+00:00,534.4757679513611,562.5751383565,-28.09937040513887,0,night,0,0.0,0,1,0,1,1,0,11,0,0,0,0,1,1,0,1,0,0,0,1,0,0,0,0,0,6,384.5271624152222,533.409867254,565.4011130005833,562.5751383565,2,0.8660254037844387,0.4999999999999999,0,1,2
B2,roll_03,persistence,2026-02-01 03:00:00+00:00,2026-02-01 04:00:00+00:00,0,1,2025-12-08T00:00:00+00:00,2026-01-26T00:00:00+00:00,2026-01-26T00:00:00+00:00,2026-02-02T00:00:00+00:00,559.3680544099722,534.4757679513611,24.89228645861101,0,night,0,0.0,0,1,0,1,1,0,11,0,0,0,0,1,1,0,1,0,0,0,1,0,0,0,0,0,6,395.30640441158334,562.5751383565,568.1319450434166,534.4757679513611,3,0.7071067811865476,0.7071067811865476,0,1,2
B2,roll_03,persistence,2026-02-01 04:00:00+00:00,2026-02-01 05:00:00+00:00,0,1,2025-12-08T00:00:00+00:00,2026-01-26T00:00:00+00:00,2026-01-26T00:00:00+00:00,2026-02-02T00:00:00+00:00,555.9197919330833,559.3680544099722,-3.4482624768888854,0,night,0,0.0,0,1,0,1,1,0,11,0,0,0,0,1,1,0,1,0,0,0,1,0,0,0,0,0,6,963.782436518,534.4757679513611,1108.9278010010555,559.3680544099722,4,0.5000000000000001,0.8660254037844386,0,1,2
B2,roll_03,persistence,2026-02-01 05:00:00+00:00,2026-02-01 06:00:00+00:00,0,1,2025-12-08T00:00:00+00:00,2026-01-26T00:00:00+00:00,2026-01-26T00:00:00+00:00,2026-02-02T00:00:00+00:00,1160.5435193141388,555.9197919330833,604.6237273810556,0,night,0,0.0,0,1,0,1,1,0,11,0,0,0,0,1,1,0,1,0,0,0,1,0,0,0,0,0,6,1696.815230154389,559.3680544099722,1973.961116742889,555.9197919330833,5,0.2588190451025207,0.9659258262890684,0,1,2
B2,roll_03,persistence,2026-02-01 06:00:00+00:00,2026-02-01 07:00:00+00:00,0,1,2025-12-08T00:00:00+00:00,2026-01-26T00:00:00+00:00,2026-01-26T00:00:00+00:00,2026-02-02T00:00:00+00:00,691.6709654138334,1160.5435193141388,-468.87255390030543,0,night,0,0.0,0,1,0,0,0,0,0,0,0,0,0,0,0,0,0,0,0,0,0,0,0,0,0,0,6,1659.7306816588614,555.9197919330833,2133.987086771556,1160.5435193141388,6,6.123233995736766e-17,1.0,0,1,2
B2,roll_03,persistence,2026-02-01 07:00:00+00:00,2026-02-01 08:00:00+00:00,0,1,2025-12-08T00:00:00+00:00,2026-01-26T00:00:00+00:00,2026-01-26T00:00:00+00:00,2026-02-02T00:00:00+00:00,1089.2109433604444,691.6709654138334,397.539977946611,1,night,0,0.0,0,1,0,0,0,0,0,0,0,0,0,0,0,0,0,0,0,0,0,0,0,0,0,0,6,2231.1363579284443,1160.5435193141388,1020.5726502083334,691.6709654138334,7,-0.2588190451025206,0.9659258262890684,0,1,2
B2,roll_03,persistence,2026-02-01 08:00:00+00:00,2026-02-01 09:00:00+00:00,0,1,2025-12-08T00:00:00+00:00,2026-01-26T00:00:00+00:00,2026-01-26T00:00:00+00:00,2026-02-02T00:00:00+00:00,303.2054646118889,1089.2109433604444,-786.0054787485556,1,low,0,0.0,0,2,0,0,0,0,0,0,0,0,0,0,0,0,0,0,0,0,0,0,0,0,0,0,6,2238.324116505972,691.6709654138334,419.2874801181944,1089.2109433604444,8,-0.4999999999999998,0.8660254037844387,0,1,2
B2,roll_03,persistence,2026-02-01 09:00:00+00:00,2026-02-01 10:00:00+00:00,0,1,2025-12-08T00:00:00+00:00,2026-01-26T00:00:00+00:00,2026-01-26T00:00:00+00:00,2026-02-02T00:00:00+00:00,306.5586802728889,303.2054646118889,3.3532156610000357,1,low,0,0.0,0,2,0,0,0,0,0,0,0,0,0,0,0,0,0,0,0,0,0,0,0,0,0,0,6,2327.768168646222,1089.2109433604444,250.3521221068889,303.2054646118889,9,-0.7071067811865475,0.7071067811865476,0,1,2
B2,roll_03,persistence,2026-02-01 10:00:00+00:00,2026-02-01 11:00:00+00:00,0,1,2025-12-08T00:00:00+00:00,2026-01-26T00:00:00+00:00,2026-01-26T00:00:00+00:00,2026-02-02T00:00:00+00:00,298.92543760088887,306.5586802728889,-7.633242672000051,1,low,0,0.0,0,2,0,0,0,0,0,0,0,0,0,0,0,0,0,0,0,0,0,0,0,0,0,0,6,3079.3561128761667,303.2054646118889,334.93582907008334,306.5586802728889,10,-0.8660254037844387,0.4999999999999999,0,1,2
B2,roll_03,persistence,2026-02-01 11:00:00+00:00,2026-02-01 12:00:00+00:00,0,1,2025-12-08T00:00:00+00:00,2026-01-26T00:00:00+00:00,2026-01-26T00:00:00+00:00,2026-02-02T00:00:00+00:00,73.55411946638888,298.92543760088887,-225.37131813449997,1,low,0,0.0,0,2,0,0,0,0,0,0,0,0,0,0,0,0,0,0,0,0,0,0,0,0,0,0,6,1060.977643347722,306.5586802728889,-25.482023055444444,298.92543760088887,11,-0.9659258262890682,0.258819045102521,0,1,2
B2,roll_03,persistence,2026-02-01 12:00:00+00:00,2026-02-01 13:00:00+00:00,0,1,2025-12-08T00:00:00+00:00,2026-01-26T00:00:00+00:00,2026-01-26T00:00:00+00:00,2026-02-02T00:00:00+00:00,151.58054217927778,73.55411946638888,78.0264227128889,1,med,0,0.0,0,2,0,0,0,0,0,0,0,0,0,0,0,0,0,0,0,0,0,0,0,0,0,0,6,1745.3068945306666,298.92543760088887,-362.59401059927774,73.55411946638888,12,-1.0,1.2246467991473532e-16,0,1,2
B2,roll_03,persistence,2026-02-01 13:00:00+00:00,2026-02-01 14:00:00+00:00,0,1,2025-12-08T00:00:00+00:00,2026-01-26T00:00:00+00:00,2026-01-26T00:00:00+00:00,2026-02-02T00:00:00+00:00,1336.6438164391946,151.58054217927778,1185.0632742599169,1,med,0,0.0,0,2,0,0,0,0,0,0,0,0,0,0,0,0,0,0,0,0,0,0,0,0,0,0,6,906.8727746182224,73.55411946638888,-31.184125589083333,151.58054217927778,13,-0.9659258262890684,-0.2588190451025208,0,1,2
B2,roll_03,persistence,2026-02-01 14:00:00+00:00,2026-02-01 15:00:00+00:00,0,1,2025-12-08T00:00:00+00:00,2026-01-26T00:00:00+00:00,2026-01-26T00:00:00+00:00,2026-02-02T00:00:00+00:00,1896.0841900744165,1336.6438164391946,559.4403736352219,1,med,0,0.0,0,2,0,0,0,0,0,0,0,0,0,0,0,0,0,0,0,0,0,0,0,0,0,0,6,1490.25308828425,151.58054217927778,-90.87281389516666,1336.6438164391946,14,-0.8660254037844388,-0.4999999999999997,0,1,2
B2,roll_03,persistence,2026-02-01 15:00:00+00:00,2026-02-01 16:00:00+00:00,0,1,2025-12-08T00:00:00+00:00,2026-01-26T00:00:00+00:00,2026-01-26T00:00:00+00:00,2026-02-02T00:00:00+00:00,2484.501672130778,1896.0841900744165,588.4174820563615,1,low,0,0.0,0,2,0,0,0,0,0,0,0,0,0,0,0,0,0,0,0,0,0,0,0,0,0,0,6,924.6930943503612,1336.6438164391946,422.2890764387501,1896.0841900744165,15,-0.7071067811865479,-0.7071067811865471,0,1,2
B2,roll_03,persistence,2026-02-01 16:00:00+00:00,2026-02-01 17:00:00+00:00,0,1,2025-12-08T00:00:00+00:00,2026-01-26T00:00:00+00:00,2026-01-26T00:00:00+00:00,2026-02-02T00:00:00+00:00,2486.544613380472,2484.501672130778,2.042941249694195,0,night,0,0.0,0,2,0,0,0,0,0,0,0,0,0,0,0,0,0,0,0,0,0,0,0,0,0,0,6,1936.265559235028,1896.0841900744165,514.5742918275556,2484.501672130778,16,-0.5000000000000004,-0.8660254037844385,0,1,2
B2,roll_03,persistence,2026-02-01 17:00:00+00:00,2026-02-01 18:00:00+00:00,0,1,2025-12-08T00:00:00+00:00,2026-01-26T00:00:00+00:00,2026-01-26T00:00:00+00:00,2026-02-02T00:00:00+00:00,2612.5492478209444,2486.544613380472,126.00463444047227,0,night,0,0.0,0,2,0,0,0,0,0,0,0,0,0,0,0,0,0,0,0,0,0,0,0,0,0,0,6,1053.6913190111388,2484.501672130778,555.1924943127777,2486.544613380472,17,-0.2588190451025206,-0.9659258262890684,0,1,2
B2,roll_03,persistence,2026-02-01 18:00:00+00:00,2026-02-01 19:00:00+00:00,0,1,2025-12-08T00:00:00+00:00,2026-01-26T00:00:00+00:00,2026-01-26T00:00:00+00:00,2026-02-02T00:00:00+00:00,3017.157618471861,2612.5492478209444,404.60837065091664,0,night,0,0.0,0,2,0,0,0,0,0,0,0,0,0,0,0,0,0,0,0,0,0,0,0,0,0,0,6,1042.3809986754163,2486.544613380472,563.0741589198611,2612.5492478209444,18,-1.8369701987210292e-16,-1.0,0,1,2
B2,roll_03,persistence,2026-02-01 19:00:00+00:00,2026-02-01 20:00:00+00:00,0,1,2025-12-08T00:00:00+00:00,2026-01-26T00:00:00+00:00,2026-01-26T00:00:00+00:00,2026-02-02T00:00:00+00:00,2133.137917275778,3017.157618471861,-884.0197011960831,0,night,0,0.0,0,1,0,0,0,0,0,0,0,0,0,0,0,0,0,0,0,0,0,0,0,0,0,0,6,849.7813898698611,2612.5492478209444,532.8345183753889,3017.157618471861,19,0.2588190451025203,-0.9659258262890684,0,1,2
B2,roll_03,persistence,2026-02-01 20:00:00+00:00,2026-02-01 21:00:00+00:00,0,1,2025-12-08T00:00:00+00:00,2026-01-26T00:00:00+00:00,2026-01-26T00:00:00+00:00,2026-02-02T00:00:00+00:00,952.1327068525555,2133.137917275778,-1181.0052104232223,0,night,0,0.0,0,1,0,0,0,0,0,0,0,0,0,0,0,0,0,0,0,0,0,0,0,0,0,0,6,739.4192231492499,3017.157618471861,552.461400302111,2133.137917275778,20,0.5000000000000001,-0.8660254037844386,0,1,2
B2,roll_03,persistence,2026-02-01 21:00:00+00:00,2026-02-01 22:00:00+00:00,0,1,2025-12-08T00:00:00+00:00,2026-01-26T00:00:00+00:00,2026-01-26T00:00:00+00:00,2026-02-02T00:00:00+00:00,1463.8755507140277,952.1327068525555,511.7428438614721,0,night,0,0.0,0,1,0,0,0,0,0,0,0,0,0,0,0,0,0,0,0,0,0,0,0,0,0,0,6,575.8166761095833,2133.137917275778,552.9098461985833,952.1327068525555,21,0.7071067811865474,-0.7071067811865477,0,1,2
B2,roll_03,mlr,2026-01-25 23:00:00+00:00,2026-01-26 00:00:00+00:00,0,1,2025-12-08T00:00:00+00:00,2026-01-26T00:00:00+00:00,2026-01-26T00:00:00+00:00,2026-02-02T00:00:00+00:00,369.4281183008611,325.0542330818133,44.37388521904779,0,night,0,0.0,0,1,0,0,0,0,0,0,0,0,0,0,0,0,0,0,0,0,0,0,0,0,0,0,6,371.8011446672778,367.5400825782778,430.99813492583326,401.8299940770556,23,0.965925826289068,-0.2588190451025215,0,1,1
B2,roll_03,mlr,2026-01-26 00:00:00+00:00,2026-01-26 01:00:00+00:00,0,1,2025-12-08T00:00:00+00:00,2026-01-26T00:00:00+00:00,2026-01-26T00:00:00+00:00,2026-02-02T00:00:00+00:00,418.7639288361667,765.4728045812595,-346.7088757450928,0,night,0,0.0,0,1,0,0,0,0,0,0,0,0,0,0,0,0,0,0,0,0,0,0,0,0,0,0,0,368.0171135468333,401.8299940770556,377.7188413770555,369.4281183008611,0,1.0,0.0,0,0,1
B2,roll_03,mlr,2026-01-26 01:00:00+00:00,2026-01-26 02:00:00+00:00,0,1,2025-12-08T00:00:00+00:00,2026-01-26T00:00:00+00:00,2026-01-26T00:00:00+00:00,2026-02-02T00:00:00+00:00,391.5396551361389,758.4112970672945,-366.87164193115564,0,night,0,0.0,0,1,0,0,0,0,0,0,0,0,0,0,0,0,0,0,0,0,0,0,0,0,0,0,0,370.43651664125,369.4281183008611,364.4423996903056,418.7639288361667,1,0.9659258262890684,0.2588190451025207,0,0,1
B2,roll_03,mlr,2026-01-26 02:00:00+00:00,2026-01-26 03:00:00+00:00,0,1,2025-12-08T00:00:00+00:00,2026-01-26T00:00:00+00:00,2026-01-26T00:00:00+00:00,2026-02-02T00:00:00+00:00,371.4401780996666,718.658242672934,-347.2180645732674,0,night,0,0.0,0,1,0,0,0,0,0,0,0,0,0,0,0,0,0,0,0,0,0,0,0,0,0,0,0,382.0239495386389,418.7639288361667,384.5271624152222,391.5396551361389,2,0.8660254037844387,0.4999999999999999,0,0,1
B2,roll_03,mlr,2026-01-26 03:00:00+00:00,2026-01-26 04:00:00+00:00,0,1,2025-12-08T00:00:00+00:00,2026-01-26T00:00:00+00:00,2026-01-26T00:00:00+00:00,2026-02-02T00:00:00+00:00,1028.218939733639,676.2567037696117,351.9622359640273,0,night,0,0.0,0,1,0,1,1,0,1,0,0,1,0,0,1,0,1,0,0,0,1,0,0,0,0,0,0,368.1878588306667,391.5396551361389,395.30640441158334,371.4401780996666,3,0.7071067811865476,0.7071067811865476,0,0,1
B2,roll_03,mlr,2026-01-26 04:00:00+00:00,2026-01-26 05:00:00+00:00,0,1,2025-12-08T00:00:00+00:00,2026-01-26T00:00:00+00:00,2026-01-26T00:00:00+00:00,2026-02-02T00:00:00+00:00,2114.055589798917,1092.3515532835556,1021.7040365153614,0,night,0,0.0,0,1,0,0,0,0,0,0,0,0,0,0,0,0,0,0,0,0,0,0,0,0,0,0,0,956.6022458266112,371.4401780996666,963.782436518,1028.218939733639,4,0.5000000000000001,0.8660254037844386,0,0,1
B2,roll_03,mlr,2026-01-26 05:00:00+00:00,2026-01-26 06:00:00+00:00,0,1,2025-12-08T00:00:00+00:00,2026-01-26T00:00:00+00:00,2026-01-26T00:00:00+00:00,2026-02-02T00:00:00+00:00,2600.770309974528,1877.564223578384,723.2060863961442,0,night,0,0.0,0,1,0,0,0,0,0,0,0,0,0,0,0,0,0,0,0,0,0,0,0,0,0,0,0,2097.5119466174724,1028.218939733639,1696.815230154389,2114.055589798917,5,0.2588190451025207,0.9659258262890684,0,0,1
B2,roll_03,mlr,2026-01-26 06:00:00+00:00,2026-01-26 07:00:00+00:00,0,1,2025-12-08T00:00:00+00:00,2026-01-26T00:00:00+00:00,2026-01-26T00:00:00+00:00,2026-02-02T00:00:00+00:00,2010.6085535996945,2311.5819065725636,-300.9733529728692,0,night,0,0.0,0,1,0,0,0,0,0,0,0,0,0,0,0,0,0,0,0,0,0,0,0,0,0,0,0,2207.624277541472,2114.055589798917,1659.7306816588614,2600.770309974528,6,6.123233995736766e-17,1.0,0,0,1
B2,roll_03,mlr,2026-01-26 07:00:00+00:00,2026-01-26 08:00:00+00:00,0,1,2025-12-08T00:00:00+00:00,2026-01-26T00:00:00+00:00,2026-01-26T00:00:00+00:00,2026-02-02T00:00:00+00:00,1665.4681254328334,2044.5964933398386,-379.1283679070052,1,low,0,0.0,0,1,0,0,0,0,0,0,0,0,0,0,0,0,0,0,0,0,0,0,0,0,0,0,0,743.501432477222,2600.770309974528,2231.1363579284443,2010.6085535996945,7,-0.2588190451025206,0.9659258262890684,0,0,1
B2,roll_03,mlr,2026-01-26 08:00:00+00:00,2026-01-26 09:00:00+00:00,0,1,2025-12-08T00:00:00+00:00,2026-01-26T00:00:00+00:00,2026-01-26T00:00:00+00:00,2026-02-02T00:00:00+00:00,1007.3270680508888,1731.3276709922384,-724.0006029413496,1,low,0,0.0,0,1,0,0,0,0,0,0,0,0,0,0,0,0,0,0,0,0,0,0,0,0,0,0,0,1602.210022772833,2010.6085535996945,2238.324116505972,1665.4681254328334,8,-0.4999999999999998,0.8660254037844387,0,0,1
B2,roll_03,mlr,2026-01-26 09:00:00+00:00,2026-01-26 10:00:00+00:00,0,1,2025-12-08T00:00:00+00:00,2026-01-26T00:00:00+00:00,2026-01-26T00:00:00+00:00,2026-02-02T00:00:00+00:00,-569.4865977234444,1283.5670941696026,-1853.053691893047,1,med,0,0.0,0,2,0,0,0,0,0,0,0,0,0,0,0,0,0,0,0,0,0,0,0,0,0,0,0,401.86281383952775,1665.4681254328334,2327.768168646222,1007.3270680508888,9,-0.7071067811865475,0.7071067811865476,0,0,1
B2,roll_03,mlr,2026-01-26 10:00:00+00:00,2026-01-26 11:00:00+00:00,0,1,2025-12-08T00:00:00+00:00,2026-01-26T00:00:00+00:00,2026-01-26T00:00:00+00:00,2026-02-02T00:00:00+00:00,-741.4332030484165,149.11301089167011,-890.5462139400867,1,high,0,0.0,0,2,1,0,0,0,0,0,0,0,0,0,0,0,0,0,0,0,0,0,0,0,0,0,0,799.5036943302779,1007.3270680508888,3079.3561128761667,-569.4865977234444,10,-0.8660254037844387,0.4999999999999999,0,0,1
B2,roll_03,mlr,2026-01-26 11:00:00+00:00,2026-01-26 12:00:00+00:00,0,1,2025-12-08T00:00:00+00:00,2026-01-26T00:00:00+00:00,2026-01-26T00:00:00+00:00,2026-02-02T00:00:00+00:00,-1079.799870834083,-295.8407127423926,-783.9591580916905,1,high,0,0.0,0,2,1,0,0,0,0,0,0,0,0,0,0,0,0,0,0,0,0,0,0,0,0,0,0,764.1083921755,-569.4865977234444,1060.977643347722,-741.4332030484165,11,-0.9659258262890682,0.258819045102521,0,0,1
B2,roll_03,mlr,2026-01-26 12:00:00+00:00,2026-01-26 13:00:00+00:00,0,1,2025-12-08T00:00:00+00:00,2026-01-26T00:00:00+00:00,2026-01-26T00:00:00+00:00,2026-02-02T00:00:00+00:00,94.50215176250003,-488.0984294311927,582.6005811936927,1,high,0,0.0,0,2,1,0,0,0,0,0,0,0,0,0,0,0,0,0,0,0,0,0,0,0,0,0,0,135.93812644077775,-741.4332030484165,1745.3068945306666,-1079.799870834083,12,-1.0,1.2246467991473532e-16,0,0,1
B2,roll_03,mlr,2026-01-26 13:00:00+00:00,2026-01-26 14:00:00+00:00,0,1,2025-12-08T00:00:00+00:00,2026-01-26T00:00:00+00:00,2026-01-26T00:00:00+00:00,2026-02-02T00:00:00+00:00,-184.2188756273056,238.61545653904696,-422.83433216635257,1,high,0,0.0,0,3,0,0,0,0,0,0,0,0,0,0,0,0,0,0,0,0,0,0,0,0,0,0,0,227.14875664072224,-1079.799870834083,906.8727746182224,94.50215176250003,13,-0.9659258262890684,-0.2588190451025208,0,0,1
B2,roll_03,mlr,2026-01-26 14:00:00+00:00,2026-01-26 15:00:00+00:00,0,1,2025-12-08T00:00:00+00:00,2026-01-26T00:00:00+00:00,2026-01-26T00:00:00+00:00,2026-02-02T00:00:00+00:00,297.8340901346389,138.1884278634716,159.64566227116734,1,med,0,0.0,0,3,1,0,0,0,0,0,0,0,0,0,0,0,0,0,0,0,0,0,0,0,0,0,0,1951.074940760889,94.50215176250003,1490.25308828425,-184.2188756273056,14,-0.8660254037844388,-0.4999999999999997,0,0,1
B2,roll_03,mlr,2026-01-26 15:00:00+00:00,2026-01-26 16:00:00+00:00,0,1,2025-12-08T00:00:00+00:00,2026-01-26T00:00:00+00:00,2026-01-26T00:00:00+00:00,2026-02-02T00:00:00+00:00,931.8924169395276,460.6731596189828,471.2192573205448,1,low,0,0.0,0,3,0,0,0,0,0,0,0,0,0,0,0,0,0,0,0,0,0,0,0,0,0,0,0,806.2876032480555,-184.2188756273056,924.6930943503612,297.8340901346389,15,-0.7071067811865479,-0.7071067811865471,0,0,1
B2,roll_03,mlr,2026-01-26 16:00:00+00:00,2026-01-26 17:00:00+00:00,0,1,2025-12-08T00:00:00+00:00,2026-01-26T00:00:00+00:00,2026-01-26T00:00:00+00:00,2026-02-02T00:00:00+00:00,2682.2788242863057,970.6782741465622,1711.6005501397435,0,night,0,0.0,0,2,0,0,0,0,0,0,0,0,0,0,0,0,0,0,0,0,0,0,0,0,0,0,0,738.6692789706944,297.8340901346389,1936.265559235028,931.8924169395276,16,-0.5000000000000004,-0.8660254037844385,0,0,1
B2,roll_03,mlr,2026-01-26 17:00:00+00:00,2026-01-26 18:00:00+00:00,0,1,2025-12-08T00:00:00+00:00,2026-01-26T00:00:00+00:00,2026-01-26T00:00:00+00:00,2026-02-02T00:00:00+00:00,1447.201125872611,2072.424684489889,-625.2235586172778,0,night,0,0.0,0,2,0,0,0,0,0,0,0,0,0,0,0,0,0,0,0,0,0,0,0,0,0,0,0,1883.6500829357776,931.8924169395276,1053.6913190111388,2682.2788242863057,17,-0.2588190451025206,-0.9659258262890684,0,0,1
B2,roll_03,mlr,2026-01-26 18:00:00+00:00,2026-01-26 19:00:00+00:00,0,1,2025-12-08T00:00:00+00:00,2026-01-26T00:00:00+00:00,2026-01-26T00:00:00+00:00,2026-02-02T00:00:00+00:00,1800.8310691792778,1512.4653653770217,288.3657038022561,0,night,0,0.0,0,2,0,0,0,0,0,0,0,0,0,0,0,0,0,0,0,0,0,0,0,0,0,0,0,1098.2935032161668,2682.2788242863057,1042.3809986754163,1447.201125872611,18,-1.8369701987210292e-16,-1.0,0,0,1
B2,roll_03,mlr,2026-01-26 19:00:00+00:00,2026-01-26 20:00:00+00:00,0,1,2025-12-08T00:00:00+00:00,2026-01-26T00:00:00+00:00,2026-01-26T00:00:00+00:00,2026-02-02T00:00:00+00:00,1879.5046675005,1530.0462873356228,349.4583801648773,0,night,0,0.0,0,2,0,0,0,0,0,0,0,0,0,0,0,0,0,0,0,0,0,0,0,0,0,0,0,1096.4852710823889,1447.201125872611,849.7813898698611,1800.8310691792778,19,0.2588190451025203,-0.9659258262890684,0,0,1
B2,roll_03,mlr,2026-01-26 20:00:00+00:00,2026-01-26 21:00:00+00:00,0,1,2025-12-08T00:00:00+00:00,2026-01-26T00:00:00+00:00,2026-01-26T00:00:00+00:00,2026-02-02T00:00:00+00:00,982.8754678472778,1591.7503933865987,-608.8749255393209,0,night,0,0.0,0,1,0,0,0,0,0,0,0,0,0,0,0,0,0,0,0,0,0,0,0,0,0,0,0,852.2087300646944,1800.8310691792778,739.4192231492499,1879.5046675005,20,0.5000000000000001,-0.8660254037844386,0,0,1
B2,roll_03,mlr,2026-01-26 21:00:00+00:00,2026-01-26 22:00:00+00:00,0,1,2025-12-08T00:00:00+00:00,2026-01-26T00:00:00+00:00,2026-01-26T00:00:00+00:00,2026-02-02T00:00:00+00:00,411.4689791798889,996.9225679282301,-585.4535887483412,0,night,0,0.0,0,1,0,0,0,0,0,0,0,0,0,0,0,0,0,0,0,0,0,0,0,0,0,0,0,568.0186646560555,1879.5046675005,575.8166761095833,982.8754678472778,21,0.7071067811865474,-0.7071067811865477,0,0,1
B2,roll_03,mlr,2026-01-26 22:00:00+00:00,2026-01-26 23:00:00+00:00,0,1,2025-12-08T00:00:00+00:00,2026-01-26T00:00:00+00:00,2026-01-26T00:00:00+00:00,2026-02-02T00:00:00+00:00,370.9779513775556,470.21647253695653,-99.23852115940093,0,night,0,0.0,0,1,0,0,0,0,0,0,0,0,0,0,0,0,0,0,0,0,0,0,0,0,0,0,0,461.19813976011113,982.8754678472778,367.5400825782778,411.4689791798889,22,0.8660254037844384,-0.5000000000000004,0,0,1
B2,roll_03,mlr,2026-01-26 23:00:00+00:00,2026-01-27 00:00:00+00:00,0,1,2025-12-08T00:00:00+00:00,2026-01-26T00:00:00+00:00,2026-01-26T00:00:00+00:00,2026-02-02T00:00:00+00:00,389.13017225908334,335.8953996214461,53.23477263763726,0,night,0,0.0,0,1,0,0,0,0,0,0,0,0,0,0,0,0,0,0,0,0,0,0,0,0,0,0,0,356.1728901926111,411.4689791798889,401.8299940770556,370.9779513775556,23,0.965925826289068,-0.2588190451025215,0,0,1
B2,roll_03,mlr,2026-01-27 00:00:00+00:00,2026-01-27 01:00:00+00:00,0,1,2025-12-08T00:00:00+00:00,2026-01-26T00:00:00+00:00,2026-01-26T00:00:00+00:00,2026-02-02T00:00:00+00:00,376.84390502849993,786.3123998873914,-409.46849485889146,0,night,0,0.0,0,1,0,0,0,0,0,0,0,0,0,0,0,0,0,0,0,0,0,0,0,0,0,0,1,357.6195414715833,370.9779513775556,369.4281183008611,389.13017225908334,0,1.0,0.0,0,0,1
B2,roll_03,mlr,2026-01-27 01:00:00+00:00,2026-01-27 02:00:00+00:00,0,1,2025-12-08T00:00:00+00:00,2026-01-26T00:00:00+00:00,2026-01-26T00:00:00+00:00,2026-02-02T00:00:00+00:00,378.1934371171667,750.7293941468174,-372.5359570296507,0,night,0,0.0,0,1,0,1,1,0,3,0,0,0,1,0,1,0,1,0,0,0,1,0,0,0,0,0,1,383.7339380009167,389.13017225908334,418.7639288361667,376.84390502849993,1,0.9659258262890684,0.2588190451025207,0,0,1
B2,roll_03,mlr,2026-01-27 02:00:00+00:00,2026-01-27 03:00:00+00:00,0,1,2025-12-08T00:00:00+00:00,2026-01-26T00:00:00+00:00,2026-01-26T00:00:00+00:00,2026-02-02T00:00:00+00:00,391.1898017904167,718.2091878932007,-327.019386102784,0,night,0,0.0,0,1,0,1,1,0,3,0,0,0,1,0,1,0,1,0,0,0,1,0,0,0,0,0,1,363.2547627211111,376.84390502849993,391.5396551361389,378.1934371171667,2,0.8660254037844387,0.4999999999999999,0,0,1
B2,roll_03,mlr,2026-01-27 03:00:00+00:00,2026-01-27 04:00:00+00:00,0,1,2025-12-08T00:00:00+00:00,2026-01-26T00:00:00+00:00,2026-01-26T00:00:00+00:00,2026-02-02T00:00:00+00:00,949.6719199514168,698.4513274417216,251.22059250969528,0,night,0,0.0,0,1,0,1,1,0,3,0,0,0,1,0,1,0,1,0,0,0,1,0,0,0,0,0,1,365.0164142213889,378.1934371171667,371.4401780996666,391.1898017904167,3,0.7071067811865476,0.7071067811865476,0,0,1
B2,roll_03,mlr,2026-01-27 04:00:00+00:00,2026-01-27 05:00:00+00:00,0,1,2025-12-08T00:00:00+00:00,2026-01-26T00:00:00+00:00,2026-01-26T00:00:00+00:00,2026-02-02T00:00:00+00:00,1868.492211110528,1061.4466451968424,807.0455659136856,0,night,0,0.0,0,1,0,0,0,0,0,0,0,0,0,0,0,0,0,0,0,0,0,0,0,0,0,0,1,1039.7831993372222,391.1898017904167,1028.218939733639,949.6719199514168,4,0.5000000000000001,0.8660254037844386,0,0,1
B2,roll_03,mlr,2026-01-27 05:00:00+00:00,2026-01-27 06:00:00+00:00,0,1,2025-12-08T00:00:00+00:00,2026-01-26T00:00:00+00:00,2026-01-26T00:00:00+00:00,2026-02-02T00:00:00+00:00,1857.5546669058888,1751.6365615650218,105.91810534086699,0,night,0,0.0,0,1,0,0,0,0,0,0,0,0,0,0,0,0,0,0,0,0,0,0,0,0,0,0,1,1994.0688999676115,949.6719199514168,2114.055589798917,1868.492211110528,5,0.2588190451025207,0.9659258262890684,0,0,1
B2,roll_03,mlr,2026-01-27 06:00:00+00:00,2026-01-27 07:00:00+00:00,0,1,2025-12-08T00:00:00+00:00,2026-01-26T00:00:00+00:00,2026-01-26T00:00:00+00:00,2026-02-02T00:00:00+00:00,1526.8297823245,1882.223693437028,-355.39391111252803,0,night,0,0.0,0,1,0,0,0,0,0,0,0,0,0,0,0,0,0,0,0,0,0,0,0,0,0,0,1,2029.167694873528,1868.492211110528,2600.770309974528,1857.5546669058888,6,6.123233995736766e-17,1.0,0,0,1
B2,roll_03,mlr,2026-01-27 07:00:00+00:00,2026-01-27 08:00:00+00:00,0,1,2025-12-08T00:00:00+00:00,2026-01-26T00:00:00+00:00,2026-01-26T00:00:00+00:00,2026-02-02T00:00:00+00:00,1412.669924658583,1625.2697985629889,-212.59987390440574,1,low,0,0.0,0,1,0,0,0,0,0,0,0,0,0,0,0,0,0,0,0,0,0,0,0,0,0,0,1,2071.0094555605,1857.5546669058888,2010.6085535996945,1526.8297823245,7,-0.2588190451025206,0.9659258262890684,0,0,1
B2,roll_03,mlr,2026-01-27 08:00:00+00:00,2026-01-27 09:00:00+00:00,0,1,2025-12-08T00:00:00+00:00,2026-01-26T00:00:00+00:00,2026-01-26T00:00:00+00:00,2026-02-02T00:00:00+00:00,1534.4343933593334,1482.1655992596584,52.268794099675006,1,med,0,0.0,0,1,0,0,0,0,0,0,0,0,0,0,0,0,0,0,0,0,0,0,0,0,0,0,1,1907.5549124286945,1526.8297823245,1665.4681254328334,1412.669924658583,8,-0.4999999999999998,0.8660254037844387,0,0,1
B2,roll_03,mlr,2026-01-27 09:00:00+00:00,2026-01-27 10:00:00+00:00,0,1,2025-12-08T00:00:00+00:00,2026-01-26T00:00:00+00:00,2026-01-26T00:00:00+00:00,2026-02-02T00:00:00+00:00,1156.7474213855278,1511.3777740560063,-354.6303526704785,1,med,0,0.0,0,1,0,0,0,0,0,0,0,0,0,0,0,0,0,0,0,0,0,0,0,0,0,0,1,720.9783473233889,1412.669924658583,1007.3270680508888,1534.4343933593334,9,-0.7071067811865475,0.7071067811865476,0,0,1
B2,roll_03,mlr,2026-01-27 10:00:00+00:00,2026-01-27 11:00:00+00:00,0,1,2025-12-08T00:00:00+00:00,2026-01-26T00:00:00+00:00,2026-01-26T00:00:00+00:00,2026-02-02T00:00:00+00:00,339.89285018286114,1196.630784880795,-856.737934697934,1,med,0,0.0,0,2,0,0,0,0,0,0,0,0,0,0,0,0,0,0,0,0,0,0,0,0,0,0,1,151.7976551743889,1534.4343933593334,-569.4865977234444,1156.7474213855278,10,-0.8660254037844387,0.4999999999999999,0,0,1
B2,roll_03,mlr,2026-01-27 11:00:00+00:00,2026-01-27 12:00:00+00:00,0,1,2025-12-08T00:00:00+00:00,2026-01-26T00:00:00+00:00,2026-01-26T00:00:00+00:00,2026-02-02T00:00:00+00:00,1030.8584088937498,610.427797609249,420.43061128450086,1,med,0,0.0,0,2,0,0,0,0,0,0,0,0,0,0,0,0,0,0,0,0,0,0,0,0,0,0,1,787.0186959797501,1156.7474213855278,-741.4332030484165,339.89285018286114,11,-0.9659258262890682,0.258819045102521,0,0,1
B2,roll_03,mlr,2026-01-27 12:00:00+00:00,2026-01-27 13:00:00+00:00,0,1,2025-12-08T00:00:00+00:00,2026-01-26T00:00:00+00:00,2026-01-26T00:00:00+00:00,2026-02-02T00:00:00+00:00,1307.5905215424166,921.6800570234925,385.9104645189241,1,low,0,0.0,0,2,0,0,0,0,0,0,0,0,0,0,0,0,0,0,0,0,0,0,0,0,0,0,1,-140.12853059388888,339.89285018286114,-1079.799870834083,1030.8584088937498,12,-1.0,1.2246467991473532e-16,0,0,1
B2,roll_03,mlr,2026-01-27 13:00:00+00:00,2026-01-27 14:00:00+00:00,0,1,2025-12-08T00:00:00+00:00,2026-01-26T00:00:00+00:00,2026-01-26T00:00:00+00:00,2026-02-02T00:00:00+00:00,899.1258070269446,1251.1268278192376,-352.00102079229305,1,low,0,0.0,0,2,0,0,0,0,0,0,0,0,0,0,0,0,0,0,0,0,0,0,0,0,0,0,1,90.30469802694444,1030.8584088937498,94.50215176250003,1307.5905215424166,13,-0.9659258262890684,-0.2588190451025208,0,0,1
B2,roll_03,mlr,2026-01-27 14:00:00+00:00,2026-01-27 15:00:00+00:00,0,1,2025-12-08T00:00:00+00:00,2026-01-26T00:00:00+00:00,2026-01-26T00:00:00+00:00,2026-02-02T00:00:00+00:00,1560.9848600250834,989.0077868215623,571.9770732035212,1,low,0,0.0,0,2,0,0,0,0,0,0,0,0,0,0,0,0,0,0,0,0,0,0,0,0,0,0,1,1579.226911155389,1307.5905215424166,-184.2188756273056,899.1258070269446,14,-0.8660254037844388,-0.4999999999999997,0,0,1
B2,roll_03,mlr,2026-01-27 15:00:00+00:00,2026-01-27 16:00:00+00:00,0,1,2025-12-08T00:00:00+00:00,2026-01-26T00:00:00+00:00,2026-01-26T00:00:00+00:00,2026-02-02T00:00:00+00:00,1794.9346924112222,1369.0194795573566,425.91521285386557,1,night,0,0.0,0,2,0,0,0,0,0,0,0,0,0,0,0,0,0,0,0,0,0,0,0,0,0,0,1,1514.7609178625555,899.1258070269446,297.8340901346389,1560.9848600250834,15,-0.7071067811865479,-0.7071067811865471,0,0,1
B2,roll_03,mlr,2026-01-27 16:00:00+00:00,2026-01-27 17:00:00+00:00,0,1,2025-12-08T00:00:00+00:00,2026-01-26T00:00:00+00:00,2026-01-26T00:00:00+00:00,2026-02-02T00:00:00+00:00,843.3756644045833,1630.8789971121973,-787.503332707614,0,night,0,0.0,0,2,0,0,0,0,0,0,0,0,0,0,0,0,0,0,0,0,0,0,0,0,0,0,1,1201.4197669487778,1560.9848600250834,931.8924169395276,1794.9346924112222,16,-0.5000000000000004,-0.8660254037844385,0,0,1
B2,roll_03,mlr,2026-01-27 17:00:00+00:00,2026-01-27 18:00:00+00:00,0,1,2025-12-08T00:00:00+00:00,2026-01-26T00:00:00+00:00,2026-01-26T00:00:00+00:00,2026-02-02T00:00:00+00:00,973.197521312722,1153.3002060422734,-180.10268472955147,0,night,0,0.0,0,2,0,0,0,0,0,0,0,0,0,0,0,0,0,0,0,0,0,0,0,0,0,0,1,753.0024936381111,1794.9346924112222,2682.2788242863057,843.3756644045833,17,-0.2588190451025206,-0.9659258262890684,0,0,1
B2,roll_03,mlr,2026-01-27 18:00:00+00:00,2026-01-27 19:00:00+00:00,0,1,2025-12-08T00:00:00+00:00,2026-01-26T00:00:00+00:00,2026-01-26T00:00:00+00:00,2026-02-02T00:00:00+00:00,1523.8945169891667,1005.2124903522617,518.682026636905,0,night,0,0.0,0,2,0,0,0,0,0,0,0,0,0,0,0,0,0,0,0,0,0,0,0,0,0,0,1,1059.3235259904168,843.3756644045833,1447.201125872611,973.197521312722,18,-1.8369701987210292e-16,-1.0,0,0,1
B2,roll_03,mlr,2026-01-27 19:00:00+00:00,2026-01-27 20:00:00+00:00,0,1,2025-12-08T00:00:00+00:00,2026-01-26T00:00:00+00:00,2026-01-26T00:00:00+00:00,2026-02-02T00:00:00+00:00,985.6768274591944,1348.284885239344,-362.6080577801496,0,night,0,0.0,0,2,0,0,0,0,0,0,0,0,0,0,0,0,0,0,0,0,0,0,0,0,0,0,1,2397.7932220235834,973.197521312722,1800.8310691792778,1523.8945169891667,19,0.2588190451025203,-0.9659258262890684,0,0,1
B2,roll_03,mlr,2026-01-27 20:00:00+00:00,2026-01-27 21:00:00+00:00,0,1,2025-12-08T00:00:00+00:00,2026-01-26T00:00:00+00:00,2026-01-26T00:00:00+00:00,2026-02-02T00:00:00+00:00,1010.58551608475,1069.1504343130905,-58.5649182283405,0,night,0,0.0,0,2,0,0,0,0,0,0,0,0,0,0,0,0,0,0,0,0,0,0,0,0,0,0,1,1239.3215171065278,1523.8945169891667,1879.5046675005,985.6768274591944,20,0.5000000000000001,-0.8660254037844386,0,0,1
B2,roll_03,mlr,2026-01-27 21:00:00+00:00,2026-01-27 22:00:00+00:00,0,1,2025-12-08T00:00:00+00:00,2026-01-26T00:00:00+00:00,2026-01-26T00:00:00+00:00,2026-02-02T00:00:00+00:00,469.4664131017777,926.3730126979459,-456.90659959616823,0,night,0,0.0,0,2,0,0,0,0,0,0,0,0,0,0,0,0,0,0,0,0,0,0,0,0,0,0,1,1097.120321607,985.6768274591944,982.8754678472778,1010.58551608475,21,0.7071067811865474,-0.7071067811865477,0,0,1
B2,roll_03,mlr,2026-01-27 22:00:00+00:00,2026-01-27 23:00:00+00:00,0,1,2025-12-08T00:00:00+00:00,2026-01-26T00:00:00+00:00,2026-01-26T00:00:00+00:00,2026-02-02T00:00:00+00:00,1039.222492417361,525.2952795269746,513.9272128903865,0,night,0,0.0,0,2,0,0,0,0,0,0,0,0,0,0,0,0,0,0,0,0,0,0,0,0,0,0,1,532.8753846346667,1010.58551608475,411.4689791798889,469.4664131017777,22,0.8660254037844384,-0.5000000000000004,0,0,1
B2,roll_03,mlr,2026-01-27 23:00:00+00:00,2026-01-28 00:00:00+00:00,0,1,2025-12-08T00:00:00+00:00,2026-01-26T00:00:00+00:00,2026-01-26T00:00:00+00:00,2026-02-02T00:00:00+00:00,431.1445660605278,775.5824963543394,-344.4379302938116,0,night,0,0.0,0,2,0,0,0,0,0,0,0,0,0,0,0,0,0,0,0,0,0,0,0,0,0,0,1,374.928417115,469.4664131017777,370.9779513775556,1039.222492417361,23,0.965925826289068,-0.2588190451025215,0,0,1
B2,roll_03,mlr,2026-01-28 00:00:00+00:00,2026-01-28 01:00:00+00:00,0,1,2025-12-08T00:00:00+00:00,2026-01-26T00:00:00+00:00,2026-01-26T00:00:00+00:00,2026-02-02T00:00:00+00:00,417.8579242465556,916.3120587135654,-498.4541344670098,0,night,0,0.0,0,2,0,0,0,0,0,0,0,0,0,0,0,0,0,0,0,0,0,0,0,0,0,0,2,373.7627816694167,1039.222492417361,389.13017225908334,431.1445660605278,0,1.0,0.0,0,0,1
B2,roll_03,mlr,2026-01-28 01:00:00+00:00,2026-01-28 02:00:00+00:00,0,1,2025-12-08T00:00:00+00:00,2026-01-26T00:00:00+00:00,2026-01-26T00:00:00+00:00,2026-02-02T00:00:00+00:00,419.1348331130556,792.6330295624439,-373.4981964493883,0,night,0,0.0,0,2,0,0,0,0,0,0,0,0,0,0,0,0,0,0,0,0,0,0,0,0,0,0,2,382.08433273438885,431.1445660605278,376.84390502849993,417.8579242465556,1,0.9659258262890684,0.2588190451025207,0,0,1
B2,roll_03,mlr,2026-01-28 02:00:00+00:00,2026-01-28 03:00:00+00:00,0,1,2025-12-08T00:00:00+00:00,2026-01-26T00:00:00+00:00,2026-01-26T00:00:00+00:00,2026-02-02T00:00:00+00:00,421.2961618739444,761.620405871938,-340.3242439979936,0,night,0,0.0,0,2,0,1,1,0,1,0,0,1,0,0,1,0,1,0,0,0,1,0,0,0,0,0,2,365.3667726035,417.8579242465556,378.1934371171667,419.1348331130556,2,0.8660254037844387,0.4999999999999999,0,0,1
B2,roll_03,mlr,2026-01-28 03:00:00+00:00,2026-01-28 04:00:00+00:00,0,1,2025-12-08T00:00:00+00:00,2026-01-26T00:00:00+00:00,2026-01-26T00:00:00+00:00,2026-02-02T00:00:00+00:00,1092.225752789,736.9751313675074,355.2506214214925,0,night,0,0.0,0,2,0,0,0,0,0,0,0,0,0,0,0,0,0,0,0,0,0,0,0,0,0,0,2,371.9783939987778,419.1348331130556,391.1898017904167,421.2961618739444,3,0.7071067811865476,0.7071067811865476,0,0,1
B2,roll_03,mlr,2026-01-28 04:00:00+00:00,2026-01-28 05:00:00+00:00,0,1,2025-12-08T00:00:00+00:00,2026-01-26T00:00:00+00:00,2026-01-26T00:00:00+00:00,2026-02-02T00:00:00+00:00,2035.0871509705555,1163.3892498196383,871.6979011509172,0,night,0,0.0,0,2,0,0,0,0,0,0,0,0,0,0,0,0,0,0,0,0,0,0,0,0,0,0,2,1049.641280434889,421.2961618739444,949.6719199514168,1092.225752789,4,0.5000000000000001,0.8660254037844386,0,0,1
B2,roll_03,mlr,2026-01-28 05:00:00+00:00,2026-01-28 06:00:00+00:00,0,1,2025-12-08T00:00:00+00:00,2026-01-26T00:00:00+00:00,2026-01-26T00:00:00+00:00,2026-02-02T00:00:00+00:00,2063.430210569112,1871.9265523614126,191.50365820769957,0,night,0,0.0,0,2,0,0,0,0,0,0,0,0,0,0,0,0,0,0,0,0,0,0,0,0,0,0,2,2165.628261214222,1092.225752789,1868.492211110528,2035.0871509705555,5,0.2588190451025207,0.9659258262890684,0,0,1
B2,roll_03,mlr,2026-01-28 06:00:00+00:00,2026-01-28 07:00:00+00:00,0,1,2025-12-08T00:00:00+00:00,2026-01-26T00:00:00+00:00,2026-01-26T00:00:00+00:00,2026-02-02T00:00:00+00:00,1837.9513309886668,2002.491109289666,-164.53977830099916,0,night,0,0.0,0,2,0,0,0,0,0,0,0,0,0,0,0,0,0,0,0,0,0,0,0,0,0,0,2,2007.6322741502224,2035.0871509705555,1857.5546669058888,2063.430210569112,6,6.123233995736766e-17,1.0,0,0,1
B2,roll_03,mlr,2026-01-28 07:00:00+00:00,2026-01-28 08:00:00+00:00,0,1,2025-12-08T00:00:00+00:00,2026-01-26T00:00:00+00:00,2026-01-26T00:00:00+00:00,2026-02-02T00:00:00+00:00,1887.533959910028,1835.6685420695796,51.865417840448345,1,night,0,0.0,0,2,0,0,0,0,0,0,0,0,0,0,0,0,0,0,0,0,0,0,0,0,0,0,2,1787.7926135424725,2063.430210569112,1526.8297823245,1837.9513309886668,7,-0.2588190451025206,0.9659258262890684,0,0,1
B2,roll_03,mlr,2026-01-28 08:00:00+00:00,2026-01-28 09:00:00+00:00,0,1,2025-12-08T00:00:00+00:00,2026-01-26T00:00:00+00:00,2026-01-26T00:00:00+00:00,2026-02-02T00:00:00+00:00,1927.4843435574169,1826.3043267571084,101.18001680030852,1,night,0,0.0,0,2,0,0,0,0,0,0,0,0,0,0,0,0,0,0,0,0,0,0,0,0,0,0,2,1396.283928898889,1837.9513309886668,1412.669924658583,1887.533959910028,8,-0.4999999999999998,0.8660254037844387,0,0,1
B2,roll_03,mlr,2026-01-28 09:00:00+00:00,2026-01-28 10:00:00+00:00,0,1,2025-12-08T00:00:00+00:00,2026-01-26T00:00:00+00:00,2026-01-26T00:00:00+00:00,2026-02-02T00:00:00+00:00,1864.801970357278,1864.313137500502,0.48883285677584354,1,low,0,0.0,0,2,0,0,0,0,0,0,0,0,0,0,0,0,0,0,0,0,0,0,0,0,0,0,2,1012.9496219223612,1887.533959910028,1534.4343933593334,1927.4843435574169,9,-0.7071067811865475,0.7071067811865476,0,0,1
B2,roll_03,mlr,2026-01-28 10:00:00+00:00,2026-01-28 11:00:00+00:00,0,1,2025-12-08T00:00:00+00:00,2026-01-26T00:00:00+00:00,2026-01-26T00:00:00+00:00,2026-02-02T00:00:00+00:00,3141.5486331360003,1806.2070699564583,1335.341563179542,1,low,0,0.0,0,2,0,0,0,0,0,0,0,0,0,0,0,0,0,0,0,0,0,0,0,0,0,0,2,755.3586427439723,1927.4843435574169,1156.7474213855278,1864.801970357278,10,-0.8660254037844387,0.4999999999999999,0,0,1
B2,roll_03,mlr,2026-01-28 11:00:00+00:00,2026-01-28 12:00:00+00:00,0,1,2025-12-08T00:00:00+00:00,2026-01-26T00:00:00+00:00,2026-01-26T00:00:00+00:00,2026-02-02T00:00:00+00:00,3688.242951303472,2556.9321576863877,1131.3107936170845,1,low,0,0.0,0,2,0,0,0,0,0,0,0,0,0,0,0,0,0,0,0,0,0,0,0,0,0,0,2,53.140800646916695,1864.801970357278,339.89285018286114,3141.5486331360003,11,-0.9659258262890682,0.258819045102521,0,0,1
B2,roll_03,mlr,2026-01-28 12:00:00+00:00,2026-01-28 13:00:00+00:00,0,1,2025-12-08T00:00:00+00:00,2026-01-26T00:00:00+00:00,2026-01-26T00:00:00+00:00,2026-02-02T00:00:00+00:00,2978.0382318605,3118.9963869348903,-140.9581550743901,1,low,0,0.0,0,2,0,0,0,0,0,0,0,0,0,0,0,0,0,0,0,0,0,0,0,0,0,0,2,-768.0917536371389,3141.5486331360003,1030.8584088937498,3688.242951303472,12,-1.0,1.2246467991473532e-16,0,0,1
B2,roll_03,mlr,2026-01-28 13:00:00+00:00,2026-01-28 14:00:00+00:00,0,1,2025-12-08T00:00:00+00:00,2026-01-26T00:00:00+00:00,2026-01-26T00:00:00+00:00,2026-02-02T00:00:00+00:00,3380.6789978081943,2742.1545231648206,638.5244746433737,1,low,0,0.0,0,2,0,0,0,0,0,0,0,0,0,0,0,0,0,0,0,0,0,0,0,0,0,0,2,452.3195190723055,3688.242951303472,1307.5905215424166,2978.0382318605,13,-0.9659258262890684,-0.2588190451025208,0,0,1
B2,roll_03,mlr,2026-01-28 14:00:00+00:00,2026-01-28 15:00:00+00:00,0,1,2025-12-08T00:00:00+00:00,2026-01-26T00:00:00+00:00,2026-01-26T00:00:00+00:00,2026-02-02T00:00:00+00:00,3872.714778626834,2871.4516206315297,1001.263157995304,1,low,0,0.0,0,2,0,0,0,0,0,0,0,0,0,0,0,0,0,0,0,0,0,0,0,0,0,0,2,66.48684730938892,2978.0382318605,899.1258070269446,3380.6789978081943,14,-0.8660254037844388,-0.4999999999999997,0,0,1
B2,roll_03,mlr,2026-01-28 15:00:00+00:00,2026-01-28 16:00:00+00:00,0,1,2025-12-08T00:00:00+00:00,2026-01-26T00:00:00+00:00,2026-01-26T00:00:00+00:00,2026-02-02T00:00:00+00:00,3566.8731119283607,3260.14002467755,306.7330872508105,1,night,0,0.0,0,2,0,0,0,0,0,0,0,0,0,0,0,0,0,0,0,0,0,0,0,0,0,0,2,359.87914049975,3380.6789978081943,1560.9848600250834,3872.714778626834,15,-0.7071067811865479,-0.7071067811865471,0,0,1
B2,roll_03,mlr,2026-01-28 16:00:00+00:00,2026-01-28 17:00:00+00:00,0,1,2025-12-08T00:00:00+00:00,2026-01-26T00:00:00+00:00,2026-01-26T00:00:00+00:00,2026-02-02T00:00:00+00:00,4099.8204709775,3097.159317021429,1002.6611539560708,0,night,0,0.0,0,2,0,0,0,0,0,0,0,0,0,0,0,0,0,0,0,0,0,0,0,0,0,0,2,3501.792804637556,3872.714778626834,1794.9346924112222,3566.8731119283607,16,-0.5000000000000004,-0.8660254037844385,0,0,1
B2,roll_03,mlr,2026-01-28 17:00:00+00:00,2026-01-28 18:00:00+00:00,0,1,2025-12-08T00:00:00+00:00,2026-01-26T00:00:00+00:00,2026-01-26T00:00:00+00:00,2026-02-02T00:00:00+00:00,3533.490893778889,3318.175674237963,215.31521954092614,0,night,0,0.0,0,2,0,0,0,0,0,0,0,0,0,0,0,0,0,0,0,0,0,0,0,0,0,0,2,3139.28925536575,3566.8731119283607,843.3756644045833,4099.8204709775,17,-0.2588190451025206,-0.9659258262890684,0,0,1
B2,roll_03,mlr,2026-01-28 18:00:00+00:00,2026-01-28 19:00:00+00:00,0,1,2025-12-08T00:00:00+00:00,2026-01-26T00:00:00+00:00,2026-01-26T00:00:00+00:00,2026-02-02T00:00:00+00:00,4150.093525715889,3016.9490648738774,1133.1444608420115,0,night,0,0.0,0,2,0,0,0,0,0,0,0,0,0,0,0,0,0,0,0,0,0,0,0,0,0,0,2,3084.578836987528,4099.8204709775,973.197521312722,3533.490893778889,18,-1.8369701987210292e-16,-1.0,0,0,1
B2,roll_03,mlr,2026-01-28 19:00:00+00:00,2026-01-28 20:00:00+00:00,0,1,2025-12-08T00:00:00+00:00,2026-01-26T00:00:00+00:00,2026-01-26T00:00:00+00:00,2026-02-02T00:00:00+00:00,3498.4065437332224,3335.352102881699,163.0544408515234,0,night,0,0.0,0,2,0,0,0,0,0,0,0,0,0,0,0,0,0,0,0,0,0,0,0,0,0,0,2,3033.668790060889,3533.490893778889,1523.8945169891667,4150.093525715889,19,0.2588190451025203,-0.9659258262890684,0,0,1
B2,roll_03,mlr,2026-01-28 20:00:00+00:00,2026-01-28 21:00:00+00:00,0,1,2025-12-08T00:00:00+00:00,2026-01-26T00:00:00+00:00,2026-01-26T00:00:00+00:00,2026-02-02T00:00:00+00:00,3031.050403281528,2945.1791265953243,85.8712766862036,0,night,0,0.0,0,2,0,0,0,0,0,0,0,0,0,0,0,0,0,0,0,0,0,0,0,0,0,0,2,2886.9925662115,4150.093525715889,985.6768274591944,3498.4065437332224,20,0.5000000000000001,-0.8660254037844386,0,0,1
B2,roll_03,mlr,2026-01-28 21:00:00+00:00,2026-01-28 22:00:00+00:00,0,1,2025-12-08T00:00:00+00:00,2026-01-26T00:00:00+00:00,2026-01-26T00:00:00+00:00,2026-02-02T00:00:00+00:00,880.7419122894444,2534.897758485817,-1654.1558461963727,0,night,0,0.0,0,2,0,0,0,0,0,0,0,0,0,0,0,0,0,0,0,0,0,0,0,0,0,0,2,2551.3509306884166,3498.4065437332224,1010.58551608475,3031.050403281528,21,0.7071067811865474,-0.7071067811865477,0,0,1
B2,roll_03,mlr,2026-01-28 22:00:00+00:00,2026-01-28 23:00:00+00:00,0,1,2025-12-08T00:00:00+00:00,2026-01-26T00:00:00+00:00,2026-01-26T00:00:00+00:00,2026-02-02T00:00:00+00:00,822.8956369502222,1051.394792897183,-228.49915594696074,0,night,0,0.0,0,2,0,0,0,0,0,0,0,0,0,0,0,0,0,0,0,0,0,0,0,0,0,0,2,2388.614872440278,3031.050403281528,469.4664131017777,880.7419122894444,22,0.8660254037844384,-0.5000000000000004,0,0,1
B2,roll_03,mlr,2026-01-28 23:00:00+00:00,2026-01-29 00:00:00+00:00,0,1,2025-12-08T00:00:00+00:00,2026-01-26T00:00:00+00:00,2026-01-26T00:00:00+00:00,2026-02-02T00:00:00+00:00,934.8170360965556,730.3650026444818,204.4520334520738,0,night,0,0.0,0,2,0,0,0,0,0,0,0,0,0,0,0,0,0,0,0,0,0,0,0,0,0,0,2,1967.8965871302496,880.7419122894444,1039.222492417361,822.8956369502222,23,0.965925826289068,-0.2588190451025215,0,0,1
B2,roll_03,mlr,2026-01-29 00:00:00+00:00,2026-01-29 01:00:00+00:00,0,1,2025-12-08T00:00:00+00:00,2026-01-26T00:00:00+00:00,2026-01-26T00:00:00+00:00,2026-02-02T00:00:00+00:00,569.0574982047777,1220.0009103526181,-650.9434121478404,0,night,0,0.0,0,2,0,0,0,0,0,0,0,0,0,0,0,0,0,0,0,0,0,0,0,0,0,0,3,387.7841801272222,822.8956369502222,431.1445660605278,934.8170360965556,0,1.0,0.0,0,0,1
B2,roll_03,mlr,2026-01-29 01:00:00+00:00,2026-01-29 02:00:00+00:00,0,1,2025-12-08T00:00:00+00:00,2026-01-26T00:00:00+00:00,2026-01-26T00:00:00+00:00,2026-02-02T00:00:00+00:00,388.6233783748333,970.9050172254445,-582.2816388506112,0,night,0,0.0,0,2,0,0,0,0,0,0,0,0,0,0,0,0,0,0,0,0,0,0,0,0,0,0,3,375.648988568,934.8170360965556,417.8579242465556,569.0574982047777,1,0.9659258262890684,0.2588190451025207,0,0,1
B2,roll_03,mlr,2026-01-29 02:00:00+00:00,2026-01-29 03:00:00+00:00,0,1,2025-12-08T00:00:00+00:00,2026-01-26T00:00:00+00:00,2026-01-26T00:00:00+00:00,2026-02-02T00:00:00+00:00,380.9392708019166,778.028951272769,-397.08968047085233,0,night,0,0.0,0,2,0,0,0,0,0,0,0,0,0,0,0,0,0,0,0,0,0,0,0,0,0,0,3,370.6715177761111,569.0574982047777,419.1348331130556,388.6233783748333,2,0.8660254037844387,0.4999999999999999,0,0,1
B2,roll_03,mlr,2026-01-29 03:00:00+00:00,2026-01-29 04:00:00+00:00,0,1,2025-12-08T00:00:00+00:00,2026-01-26T00:00:00+00:00,2026-01-26T00:00:00+00:00,2026-02-02T00:00:00+00:00,1044.109589464861,722.2272575013354,321.88233196352564,0,night,0,0.0,0,2,0,0,0,0,0,0,0,0,0,0,0,0,0,0,0,0,0,0,0,0,0,0,3,372.0987236639445,388.6233783748333,421.2961618739444,380.9392708019166,3,0.7071067811865476,0.7071067811865476,0,0,1
B2,roll_03,mlr,2026-01-29 04:00:00+00:00,2026-01-29 05:00:00+00:00,0,1,2025-12-08T00:00:00+00:00,2026-01-26T00:00:00+00:00,2026-01-26T00:00:00+00:00,2026-02-02T00:00:00+00:00,2097.0978272491666,1149.3853044848966,947.71252276427,0,night,0,0.0,0,2,0,0,0,0,0,0,0,0,0,0,0,0,0,0,0,0,0,0,0,0,0,0,3,1036.0452877571945,380.9392708019166,1092.225752789,1044.109589464861,4,0.5000000000000001,0.8660254037844386,0,0,1
B2,roll_03,mlr,2026-01-29 05:00:00+00:00,2026-01-29 06:00:00+00:00,0,1,2025-12-08T00:00:00+00:00,2026-01-26T00:00:00+00:00,2026-01-26T00:00:00+00:00,2026-02-02T00:00:00+00:00,2101.717697546028,1929.8419753915891,171.8757221544388,0,night,0,0.0,0,2,0,0,0,0,0,0,0,0,0,0,0,0,0,0,0,0,0,0,0,0,0,0,3,1958.2742827319444,1044.109589464861,2035.0871509705555,2097.0978272491666,5,0.2588190451025207,0.9659258262890684,0,0,1
B2,roll_03,mlr,2026-01-29 06:00:00+00:00,2026-01-29 07:00:00+00:00,0,1,2025-12-08T00:00:00+00:00,2026-01-26T00:00:00+00:00,2026-01-26T00:00:00+00:00,2026-02-02T00:00:00+00:00,1866.4684684137776,2060.622207263592,-194.15373884981432,0,night,0,0.0,0,2,0,0,0,0,0,0,0,0,0,0,0,0,0,0,0,0,0,0,0,0,0,0,3,1980.8106362188057,2097.0978272491666,2063.430210569112,2101.717697546028,6,6.123233995736766e-17,1.0,0,0,1
B2,roll_03,mlr,2026-01-29 07:00:00+00:00,2026-01-29 08:00:00+00:00,0,1,2025-12-08T00:00:00+00:00,2026-01-26T00:00:00+00:00,2026-01-26T00:00:00+00:00,2026-02-02T00:00:00+00:00,1765.7431687797225,1890.6391854923193,-124.89601671259675,1,night,0,0.0,0,2,0,0,0,0,0,0,0,0,0,0,0,0,0,0,0,0,0,0,0,0,0,0,3,1778.5049296098057,2101.717697546028,1837.9513309886668,1866.4684684137776,7,-0.2588190451025206,0.9659258262890684,0,0,1
B2,roll_03,mlr,2026-01-29 08:00:00+00:00,2026-01-29 09:00:00+00:00,0,1,2025-12-08T00:00:00+00:00,2026-01-26T00:00:00+00:00,2026-01-26T00:00:00+00:00,2026-02-02T00:00:00+00:00,1253.1664777410554,1794.8550727831603,-541.6885950421049,1,low,0,0.0,0,2,0,0,0,0,0,0,0,0,0,0,0,0,0,0,0,0,0,0,0,0,0,0,3,1415.566902312361,1866.4684684137776,1887.533959910028,1765.7431687797225,8,-0.4999999999999998,0.8660254037844387,0,0,1
B2,roll_03,mlr,2026-01-29 09:00:00+00:00,2026-01-29 10:00:00+00:00,0,1,2025-12-08T00:00:00+00:00,2026-01-26T00:00:00+00:00,2026-01-26T00:00:00+00:00,2026-02-02T00:00:00+00:00,948.2308555061112,1458.1349353089574,-509.90407980284624,1,low,0,0.0,0,2,0,0,0,0,0,0,0,0,0,0,0,0,0,0,0,0,0,0,0,0,0,0,3,1170.112685329639,1765.7431687797225,1927.4843435574169,1253.1664777410554,9,-0.7071067811865475,0.7071067811865476,0,0,1
B2,roll_03,mlr,2026-01-29 10:00:00+00:00,2026-01-29 11:00:00+00:00,0,1,2025-12-08T00:00:00+00:00,2026-01-26T00:00:00+00:00,2026-01-26T00:00:00+00:00,2026-02-02T00:00:00+00:00,1415.7808458588888,1192.3995572030783,223.38128865581052,1,low,0,0.0,0,2,0,0,0,0,0,0,0,0,0,0,0,0,0,0,0,0,0,0,0,0,0,0,3,912.1677645943888,1253.1664777410554,1864.801970357278,948.2308555061112,10,-0.8660254037844387,0.4999999999999999,0,0,1
B2,roll_03,mlr,2026-01-29 11:00:00+00:00,2026-01-29 12:00:00+00:00,0,1,2025-12-08T00:00:00+00:00,2026-01-26T00:00:00+00:00,2026-01-26T00:00:00+00:00,2026-02-02T00:00:00+00:00,347.5551561380278,1519.0472025758977,-1171.49204643787,1,low,0,0.0,0,2,0,0,0,0,0,0,0,0,0,0,0,0,0,0,0,0,0,0,0,0,0,0,3,979.6024800058332,948.2308555061112,3141.5486331360003,1415.7808458588888,11,-0.9659258262890682,0.258819045102521,0,0,1
B2,roll_03,mlr,2026-01-29 12:00:00+00:00,2026-01-29 13:00:00+00:00,0,1,2025-12-08T00:00:00+00:00,2026-01-26T00:00:00+00:00,2026-01-26T00:00:00+00:00,2026-02-02T00:00:00+00:00,-402.3519291878333,938.03025960979,-1340.3821887976233,1,med,0,0.0,0,2,0,0,0,0,0,0,0,0,0,0,0,0,0,0,0,0,0,0,0,0,0,0,3,926.4931066359444,1415.7808458588888,3688.242951303472,347.5551561380278,12,-1.0,1.2246467991473532e-16,0,0,1
B2,roll_03,mlr,2026-01-29 13:00:00+00:00,2026-01-29 14:00:00+00:00,0,1,2025-12-08T00:00:00+00:00,2026-01-26T00:00:00+00:00,2026-01-26T00:00:00+00:00,2026-02-02T00:00:00+00:00,1092.5960639581945,194.70337688239294,897.8926870758015,1,high,0,0.0,0,2,1,0,0,0,0,0,0,0,0,0,0,0,0,0,0,0,0,0,0,0,0,0,3,-104.81881332361114,347.5551561380278,2978.0382318605,-402.3519291878333,13,-0.9659258262890684,-0.2588190451025208,0,0,1
B2,roll_03,mlr,2026-01-29 14:00:00+00:00,2026-01-29 15:00:00+00:00,0,1,2025-12-08T00:00:00+00:00,2026-01-26T00:00:00+00:00,2026-01-26T00:00:00+00:00,2026-02-02T00:00:00+00:00,462.4739155892223,1129.2083321460802,-666.7344165568579,1,med,0,0.0,0,3,0,0,0,0,0,0,0,0,0,0,0,0,0,0,0,0,0,0,0,0,0,0,3,1036.759236264139,-402.3519291878333,3380.6789978081943,1092.5960639581945,14,-0.8660254037844388,-0.4999999999999997,0,0,1
B2,roll_03,mlr,2026-01-29 15:00:00+00:00,2026-01-29 16:00:00+00:00,0,1,2025-12-08T00:00:00+00:00,2026-01-26T00:00:00+00:00,2026-01-26T00:00:00+00:00,2026-02-02T00:00:00+00:00,1737.4693776433332,949.5565291325333,787.9128485107999,1,low,0,0.0,0,3,0,0,0,0,0,0,0,0,0,0,0,0,0,0,0,0,0,0,0,0,0,0,3,1095.6600237501943,1092.5960639581945,3872.714778626834,462.4739155892223,15,-0.7071067811865479,-0.7071067811865471,0,0,1
B2,roll_03,mlr,2026-01-29 16:00:00+00:00,2026-01-29 17:00:00+00:00,0,1,2025-12-08T00:00:00+00:00,2026-01-26T00:00:00+00:00,2026-01-26T00:00:00+00:00,2026-02-02T00:00:00+00:00,2296.247373537611,1613.7247175838809,682.5226559537302,0,night,0,0.0,0,2,0,0,0,0,0,0,0,0,0,0,0,0,0,0,0,0,0,0,0,0,0,0,3,2940.7578966023334,462.4739155892223,3566.8731119283607,1737.4693776433332,16,-0.5000000000000004,-0.8660254037844385,0,0,1
B2,roll_03,mlr,2026-01-29 17:00:00+00:00,2026-01-29 18:00:00+00:00,0,1,2025-12-08T00:00:00+00:00,2026-01-26T00:00:00+00:00,2026-01-26T00:00:00+00:00,2026-02-02T00:00:00+00:00,773.5572774640833,2164.376855493877,-1390.8195780297938,0,night,0,0.0,0,2,0,0,0,0,0,0,0,0,0,0,0,0,0,0,0,0,0,0,0,0,0,0,3,1509.757366554472,1737.4693776433332,4099.8204709775,2296.247373537611,17,-0.2588190451025206,-0.9659258262890684,0,0,1
B2,roll_03,mlr,2026-01-29 18:00:00+00:00,2026-01-29 19:00:00+00:00,0,1,2025-12-08T00:00:00+00:00,2026-01-26T00:00:00+00:00,2026-01-26T00:00:00+00:00,2026-02-02T00:00:00+00:00,2461.1030846526387,1217.0413122079392,1244.0617724446995,0,night,0,0.0,0,2,0,0,0,0,0,0,0,0,0,0,0,0,0,0,0,0,0,0,0,0,0,0,3,1902.4201895734168,2296.247373537611,3533.490893778889,773.5572774640833,18,-1.8369701987210292e-16,-1.0,0,0,1
B2,roll_03,mlr,2026-01-29 19:00:00+00:00,2026-01-29 20:00:00+00:00,0,1,2025-12-08T00:00:00+00:00,2026-01-26T00:00:00+00:00,2026-01-26T00:00:00+00:00,2026-02-02T00:00:00+00:00,738.0341406504722,2094.514746493308,-1356.4806058428358,0,night,0,0.0,0,1,0,0,0,0,0,0,0,0,0,0,0,0,0,0,0,0,0,0,0,0,0,0,3,1073.8756977925275,773.5572774640833,4150.093525715889,2461.1030846526387,19,0.2588190451025203,-0.9659258262890684,0,0,1
B2,roll_03,mlr,2026-01-29 20:00:00+00:00,2026-01-29 21:00:00+00:00,0,1,2025-12-08T00:00:00+00:00,2026-01-26T00:00:00+00:00,2026-01-26T00:00:00+00:00,2026-02-02T00:00:00+00:00,1046.6185902225832,1163.9486697315854,-117.33007950900219,0,night,0,0.0,0,1,0,0,0,0,0,0,0,0,0,0,0,0,0,0,0,0,0,0,0,0,0,0,3,1112.6407676563056,2461.1030846526387,3498.4065437332224,738.0341406504722,20,0.5000000000000001,-0.8660254037844386,0,0,1
B2,roll_03,mlr,2026-01-29 21:00:00+00:00,2026-01-29 22:00:00+00:00,0,1,2025-12-08T00:00:00+00:00,2026-01-26T00:00:00+00:00,2026-01-26T00:00:00+00:00,2026-02-02T00:00:00+00:00,366.5958732328333,1071.4927401764035,-704.8968669435701,0,night,0,0.0,0,1,0,0,0,0,0,0,0,0,0,0,0,0,0,0,0,0,0,0,0,0,0,0,3,565.8491807108888,738.0341406504722,3031.050403281528,1046.6185902225832,21,0.7071067811865474,-0.7071067811865477,0,0,1
B2,roll_03,mlr,2026-01-29 22:00:00+00:00,2026-01-29 23:00:00+00:00,0,1,2025-12-08T00:00:00+00:00,2026-01-26T00:00:00+00:00,2026-01-26T00:00:00+00:00,2026-02-02T00:00:00+00:00,363.3738909241667,520.2408103874977,-156.86691946333104,0,night,0,0.0,0,1,0,1,1,0,2,0,0,1,0,0,1,0,1,0,0,0,1,0,0,0,0,0,3,473.87890895927785,1046.6185902225832,880.7419122894444,366.5958732328333,22,0.8660254037844384,-0.5000000000000004,0,0,1
B2,roll_03,mlr,2026-01-29 23:00:00+00:00,2026-01-30 00:00:00+00:00,0,1,2025-12-08T00:00:00+00:00,2026-01-26T00:00:00+00:00,2026-01-26T00:00:00+00:00,2026-02-02T00:00:00+00:00,372.9620775262778,389.2834253716178,-16.32134784533997,0,night,0,0.0,0,1,0,1,1,0,2,0,0,1,0,0,1,0,1,0,0,0,1,0,0,0,0,0,3,367.6513029880277,366.5958732328333,822.8956369502222,363.3738909241667,23,0.965925826289068,-0.2588190451025215,0,0,1
B2,roll_03,mlr,2026-01-30 00:00:00+00:00,2026-01-30 01:00:00+00:00,0,1,2025-12-08T00:00:00+00:00,2026-01-26T00:00:00+00:00,2026-01-26T00:00:00+00:00,2026-02-02T00:00:00+00:00,407.8405305781389,848.0427441006025,-440.2022135224636,0,night,0,0.0,0,1,0,0,0,0,0,0,0,0,0,0,0,0,0,0,0,0,0,0,0,0,0,0,4,367.96108710394446,363.3738909241667,934.8170360965556,372.9620775262778,0,1.0,0.0,0,0,1
B2,roll_03,mlr,2026-01-30 01:00:00+00:00,2026-01-30 02:00:00+00:00,0,1,2025-12-08T00:00:00+00:00,2026-01-26T00:00:00+00:00,2026-01-26T00:00:00+00:00,2026-02-02T00:00:00+00:00,371.0950655588056,816.1880991365954,-445.0930335777898,0,night,0,0.0,0,1,0,0,0,0,0,0,0,0,0,0,0,0,0,0,0,0,0,0,0,0,0,0,4,369.3633806425278,372.9620775262778,569.0574982047777,407.8405305781389,1,0.9659258262890684,0.2588190451025207,0,0,1
B2,roll_03,mlr,2026-01-30 02:00:00+00:00,2026-01-30 03:00:00+00:00,0,1,2025-12-08T00:00:00+00:00,2026-01-26T00:00:00+00:00,2026-01-26T00:00:00+00:00,2026-02-02T00:00:00+00:00,377.9953876609166,756.5462015786403,-378.5508139177237,0,night,0,0.0,0,1,0,0,0,0,0,0,0,0,0,0,0,0,0,0,0,0,0,0,0,0,0,0,4,364.6717208964722,407.8405305781389,388.6233783748333,371.0950655588056,2,0.8660254037844387,0.4999999999999999,0,0,1
B2,roll_03,mlr,2026-01-30 03:00:00+00:00,2026-01-30 04:00:00+00:00,0,1,2025-12-08T00:00:00+00:00,2026-01-26T00:00:00+00:00,2026-01-26T00:00:00+00:00,2026-02-02T00:00:00+00:00,1042.5099112287778,728.5691754175662,313.94073581121165,0,night,0,0.0,0,1,0,0,0,0,0,0,0,0,0,0,0,0,0,0,0,0,0,0,0,0,0,0,4,368.5853674459444,371.0950655588056,380.9392708019166,377.9953876609166,3,0.7071067811865476,0.7071067811865476,0,0,1
B2,roll_03,mlr,2026-01-30 04:00:00+00:00,2026-01-30 05:00:00+00:00,0,1,2025-12-08T00:00:00+00:00,2026-01-26T00:00:00+00:00,2026-01-26T00:00:00+00:00,2026-02-02T00:00:00+00:00,2043.280496847389,1157.5674969159454,885.7129999314436,0,night,0,0.0,0,1,0,0,0,0,0,0,0,0,0,0,0,0,0,0,0,0,0,0,0,0,0,0,4,1077.5376334153334,377.9953876609166,1044.109589464861,1042.5099112287778,4,0.5000000000000001,0.8660254037844386,0,0,1
B2,roll_03,mlr,2026-01-30 05:00:00+00:00,2026-01-30 06:00:00+00:00,0,1,2025-12-08T00:00:00+00:00,2026-01-26T00:00:00+00:00,2026-01-26T00:00:00+00:00,2026-02-02T00:00:00+00:00,2356.0469720826945,1905.451796587247,450.5951754954476,0,night,0,0.0,0,1,0,0,0,0,0,0,0,0,0,0,0,0,0,0,0,0,0,0,0,0,0,0,4,2595.650702010778,1042.5099112287778,2097.0978272491666,2043.280496847389,5,0.2588190451025207,0.9659258262890684,0,0,1
B2,roll_03,mlr,2026-01-30 06:00:00+00:00,2026-01-30 07:00:00+00:00,0,1,2025-12-08T00:00:00+00:00,2026-01-26T00:00:00+00:00,2026-01-26T00:00:00+00:00,2026-02-02T00:00:00+00:00,2415.724502125278,2226.203884999177,189.52061712610111,0,night,0,0.0,0,1,0,0,0,0,0,0,0,0,0,0,0,0,0,0,0,0,0,0,0,0,0,0,4,2229.0674939791948,2043.280496847389,2101.717697546028,2356.0469720826945,6,6.123233995736766e-17,1.0,0,0,1
B2,roll_03,mlr,2026-01-30 07:00:00+00:00,2026-01-30 08:00:00+00:00,0,1,2025-12-08T00:00:00+00:00,2026-01-26T00:00:00+00:00,2026-01-26T00:00:00+00:00,2026-02-02T00:00:00+00:00,2088.875723270194,2283.520037046101,-194.644313775907,1,night,0,0.0,0,2,0,0,0,0,0,0,0,0,0,0,0,0,0,0,0,0,0,0,0,0,0,0,4,1956.5605310417773,2356.0469720826945,1866.4684684137776,2415.724502125278,7,-0.2588190451025206,0.9659258262890684,0,0,1
B2,roll_03,mlr,2026-01-30 08:00:00+00:00,2026-01-30 09:00:00+00:00,0,1,2025-12-08T00:00:00+00:00,2026-01-26T00:00:00+00:00,2026-01-26T00:00:00+00:00,2026-02-02T00:00:00+00:00,1376.5848081650277,2073.221040378098,-696.6362322130706,1,low,0,0.0,0,2,0,0,0,0,0,0,0,0,0,0,0,0,0,0,0,0,0,0,0,0,0,0,4,1820.3555307953327,2415.724502125278,1765.7431687797225,2088.875723270194,8,-0.4999999999999998,0.8660254037844387,0,0,1
B2,roll_03,mlr,2026-01-30 09:00:00+00:00,2026-01-30 10:00:00+00:00,0,1,2025-12-08T00:00:00+00:00,2026-01-26T00:00:00+00:00,2026-01-26T00:00:00+00:00,2026-02-02T00:00:00+00:00,637.5708449115556,1542.1064261585368,-904.5355812469812,1,med,0,0.0,0,2,0,0,0,0,0,0,0,0,0,0,0,0,0,0,0,0,0,0,0,0,0,0,4,2016.7762660696944,2088.875723270194,1253.1664777410554,1376.5848081650277,9,-0.7071067811865475,0.7071067811865476,0,0,1
B2,roll_03,mlr,2026-01-30 10:00:00+00:00,2026-01-30 11:00:00+00:00,0,1,2025-12-08T00:00:00+00:00,2026-01-26T00:00:00+00:00,2026-01-26T00:00:00+00:00,2026-02-02T00:00:00+00:00,-1038.640299738972,959.5107590511271,-1998.1510587900993,1,high,0,0.0,0,2,0,0,0,0,0,0,0,0,0,0,0,0,0,0,0,0,0,0,0,0,0,0,4,1936.420994131,1376.5848081650277,948.2308555061112,637.5708449115556,10,-0.8660254037844387,0.4999999999999999,0,0,1
B2,roll_03,mlr,2026-01-30 11:00:00+00:00,2026-01-30 12:00:00+00:00,0,1,2025-12-08T00:00:00+00:00,2026-01-26T00:00:00+00:00,2026-01-26T00:00:00+00:00,2026-02-02T00:00:00+00:00,338.58896643852773,-256.9377191625774,595.5266856011051,1,high,0,0.0,0,2,1,0,0,0,0,0,0,0,0,0,0,0,0,0,0,0,0,0,0,0,0,0,4,1576.1195596841944,637.5708449115556,1415.7808458588888,-1038.640299738972,11,-0.9659258262890682,0.258819045102521,0,0,1
B2,roll_03,mlr,2026-01-30 12:00:00+00:00,2026-01-30 13:00:00+00:00,0,1,2025-12-08T00:00:00+00:00,2026-01-26T00:00:00+00:00,2026-01-26T00:00:00+00:00,2026-02-02T00:00:00+00:00,-266.5041079402778,405.7448472567232,-672.2489551970009,1,med,0,0.0,0,3,0,0,0,0,0,0,0,0,0,0,0,0,0,0,0,0,0,0,0,0,0,0,4,1707.01032054225,-1038.640299738972,347.5551561380278,338.58896643852773,12,-1.0,1.2246467991473532e-16,0,0,1
B2,roll_03,mlr,2026-01-30 13:00:00+00:00,2026-01-30 14:00:00+00:00,0,1,2025-12-08T00:00:00+00:00,2026-01-26T00:00:00+00:00,2026-01-26T00:00:00+00:00,2026-02-02T00:00:00+00:00,376.1624140875,62.19993462040759,313.9624794670924,1,med,0,0.0,0,3,1,0,0,0,0,0,0,0,0,0,0,0,0,0,0,0,0,0,0,0,0,0,4,2214.146590013028,338.58896643852773,-402.3519291878333,-266.5041079402778,13,-0.9659258262890684,-0.2588190451025208,0,0,1
B2,roll_03,mlr,2026-01-30 14:00:00+00:00,2026-01-30 15:00:00+00:00,0,1,2025-12-08T00:00:00+00:00,2026-01-26T00:00:00+00:00,2026-01-26T00:00:00+00:00,2026-02-02T00:00:00+00:00,1082.7555175266666,557.8806454939978,524.8748720326688,1,med,0,0.0,0,2,0,0,0,0,0,0,0,0,0,0,0,0,0,0,0,0,0,0,0,0,0,0,4,2195.8262186153333,-266.5041079402778,1092.5960639581945,376.1624140875,14,-0.8660254037844388,-0.4999999999999997,0,0,1
B2,roll_03,mlr,2026-01-30 15:00:00+00:00,2026-01-30 16:00:00+00:00,0,1,2025-12-08T00:00:00+00:00,2026-01-26T00:00:00+00:00,2026-01-26T00:00:00+00:00,2026-02-02T00:00:00+00:00,1956.864773614972,1035.343254748323,921.5215188666489,1,low,0,0.0,0,2,0,0,0,0,0,0,0,0,0,0,0,0,0,0,0,0,0,0,0,0,0,0,4,2527.9803929520835,376.1624140875,462.4739155892223,1082.7555175266666,15,-0.7071067811865479,-0.7071067811865471,0,0,1
B2,roll_03,mlr,2026-01-30 16:00:00+00:00,2026-01-30 17:00:00+00:00,0,1,2025-12-08T00:00:00+00:00,2026-01-26T00:00:00+00:00,2026-01-26T00:00:00+00:00,2026-02-02T00:00:00+00:00,2558.768179305,1747.1229863926258,811.6451929123743,0,night,0,0.0,0,2,0,0,0,0,0,0,0,0,0,0,0,0,0,0,0,0,0,0,0,0,0,0,4,2048.975809514583,1082.7555175266666,1737.4693776433332,1956.864773614972,16,-0.5000000000000004,-0.8660254037844385,0,0,1
B2,roll_03,mlr,2026-01-30 17:00:00+00:00,2026-01-30 18:00:00+00:00,0,1,2025-12-08T00:00:00+00:00,2026-01-26T00:00:00+00:00,2026-01-26T00:00:00+00:00,2026-02-02T00:00:00+00:00,1987.7934036818888,2265.8340490834835,-278.0406454015947,0,night,0,0.0,0,2,0,0,0,0,0,0,0,0,0,0,0,0,0,0,0,0,0,0,0,0,0,0,4,1253.307754251361,1956.864773614972,2296.247373537611,2558.768179305,17,-0.2588190451025206,-0.9659258262890684,0,0,1
B2,roll_03,mlr,2026-01-30 18:00:00+00:00,2026-01-30 19:00:00+00:00,0,1,2025-12-08T00:00:00+00:00,2026-01-26T00:00:00+00:00,2026-01-26T00:00:00+00:00,2026-02-02T00:00:00+00:00,1676.7119280521667,1861.9489551266165,-185.23702707444977,0,night,0,0.0,0,2,0,0,0,0,0,0,0,0,0,0,0,0,0,0,0,0,0,0,0,0,0,0,4,2022.5164028016115,2558.768179305,773.5572774640833,1987.7934036818888,18,-1.8369701987210292e-16,-1.0,0,0,1
B2,roll_03,mlr,2026-01-30 19:00:00+00:00,2026-01-30 20:00:00+00:00,0,1,2025-12-08T00:00:00+00:00,2026-01-26T00:00:00+00:00,2026-01-26T00:00:00+00:00,2026-02-02T00:00:00+00:00,1399.5987402705557,1673.8869012903508,-274.2881610197951,0,night,0,0.0,0,1,0,0,0,0,0,0,0,0,0,0,0,0,0,0,0,0,0,0,0,0,0,0,4,1067.3991769345832,1987.7934036818888,2461.1030846526387,1676.7119280521667,19,0.2588190451025203,-0.9659258262890684,0,0,1
B2,roll_03,mlr,2026-01-30 20:00:00+00:00,2026-01-30 21:00:00+00:00,0,1,2025-12-08T00:00:00+00:00,2026-01-26T00:00:00+00:00,2026-01-26T00:00:00+00:00,2026-02-02T00:00:00+00:00,1395.9087899032777,1322.3327601270053,73.57602977627243,0,night,0,0.0,0,2,0,0,0,0,0,0,0,0,0,0,0,0,0,0,0,0,0,0,0,0,0,0,4,1046.436184157472,1676.7119280521667,738.0341406504722,1399.5987402705557,20,0.5000000000000001,-0.8660254037844386,0,0,1
B2,roll_03,mlr,2026-01-30 21:00:00+00:00,2026-01-30 22:00:00+00:00,0,1,2025-12-08T00:00:00+00:00,2026-01-26T00:00:00+00:00,2026-01-26T00:00:00+00:00,2026-02-02T00:00:00+00:00,617.2218638224722,1272.7406047416594,-655.5187409191872,0,night,0,0.0,0,2,0,0,0,0,0,0,0,0,0,0,0,0,0,0,0,0,0,0,0,0,0,0,4,602.2876708927778,1399.5987402705557,1046.6185902225832,1395.9087899032777,21,0.7071067811865474,-0.7071067811865477,0,0,1
B2,roll_03,mlr,2026-01-30 22:00:00+00:00,2026-01-30 23:00:00+00:00,0,1,2025-12-08T00:00:00+00:00,2026-01-26T00:00:00+00:00,2026-01-26T00:00:00+00:00,2026-02-02T00:00:00+00:00,560.833410557,706.607870476849,-145.77445991984905,0,night,0,0.0,0,1,0,0,0,0,0,0,0,0,0,0,0,0,0,0,0,0,0,0,0,0,0,0,4,492.5538403097778,1395.9087899032777,366.5958732328333,617.2218638224722,22,0.8660254037844384,-0.5000000000000004,0,0,1
B2,roll_03,mlr,2026-01-30 23:00:00+00:00,2026-01-31 00:00:00+00:00,0,1,2025-12-08T00:00:00+00:00,2026-01-26T00:00:00+00:00,2026-01-26T00:00:00+00:00,2026-02-02T00:00:00+00:00,568.5592018373611,531.6976915396481,36.86151029771304,0,night,0,0.0,0,1,0,0,0,0,0,0,0,0,0,0,0,0,0,0,0,0,0,0,0,0,0,0,4,435.2853666092778,617.2218638224722,363.3738909241667,560.833410557,23,0.965925826289068,-0.2588190451025215,0,0,1
B2,roll_03,mlr,2026-01-31 00:00:00+00:00,2026-01-31 01:00:00+00:00,0,1,2025-12-08T00:00:00+00:00,2026-01-26T00:00:00+00:00,2026-01-26T00:00:00+00:00,2026-02-02T00:00:00+00:00,560.2704962234167,872.620053442644,-312.34955721922734,0,night,0,0.0,0,1,0,0,0,0,0,0,0,0,0,0,0,0,0,0,0,0,0,0,0,0,0,0,5,405.1807272819444,560.833410557,372.9620775262778,568.5592018373611,0,1.0,0.0,0,1,1
B2,roll_03,mlr,2026-01-31 01:00:00+00:00,2026-01-31 02:00:00+00:00,0,1,2025-12-08T00:00:00+00:00,2026-01-26T00:00:00+00:00,2026-01-26T00:00:00+00:00,2026-02-02T00:00:00+00:00,565.4011130005833,837.5915586406154,-272.19044564003207,0,night,0,0.0,0,1,0,0,0,0,0,0,0,0,0,0,0,0,0,0,0,0,0,0,0,0,0,0,5,403.1378216736112,568.5592018373611,407.8405305781389,560.2704962234167,1,0.9659258262890684,0.2588190451025207,0,1,1
B2,roll_03,mlr,2026-01-31 02:00:00+00:00,2026-01-31 03:00:00+00:00,0,1,2025-12-08T00:00:00+00:00,2026-01-26T00:00:00+00:00,2026-01-26T00:00:00+00:00,2026-02-02T00:00:00+00:00,568.1319450434166,807.1698232357929,-239.0378781923763,0,night,0,0.0,0,1,0,0,0,0,0,0,0,0,0,0,0,0,0,0,0,0,0,0,0,0,0,0,5,404.9479621853611,560.2704962234167,371.0950655588056,565.4011130005833,2,0.8660254037844387,0.4999999999999999,0,1,1
B2,roll_03,mlr,2026-01-31 03:00:00+00:00,2026-01-31 04:00:00+00:00,0,1,2025-12-08T00:00:00+00:00,2026-01-26T00:00:00+00:00,2026-01-26T00:00:00+00:00,2026-02-02T00:00:00+00:00,1108.9278010010555,783.1284777531725,325.79932324788297,0,night,0,0.0,0,1,0,1,1,0,2,0,0,1,0,0,1,0,1,0,0,0,1,0,0,0,0,0,5,402.6522398849167,565.4011130005833,377.9953876609166,568.1319450434166,3,0.7071067811865476,0.7071067811865476,0,1,1
B2,roll_03,mlr,2026-01-31 04:00:00+00:00,2026-01-31 05:00:00+00:00,0,1,2025-12-08T00:00:00+00:00,2026-01-26T00:00:00+00:00,2026-01-26T00:00:00+00:00,2026-02-02T00:00:00+00:00,1973.961116742889,1135.0325861265292,838.9285306163599,0,night,0,0.0,0,1,0,1,1,0,2,0,0,1,0,0,1,0,1,0,0,0,1,0,0,0,0,0,5,989.5879204678332,568.1319450434166,1042.5099112287778,1108.9278010010555,4,0.5000000000000001,0.8660254037844386,0,1,1
B2,roll_03,mlr,2026-01-31 05:00:00+00:00,2026-01-31 06:00:00+00:00,0,1,2025-12-08T00:00:00+00:00,2026-01-26T00:00:00+00:00,2026-01-26T00:00:00+00:00,2026-02-02T00:00:00+00:00,2133.987086771556,1786.6578347492743,347.3292520222815,0,night,0,0.0,0,2,0,0,0,0,0,0,0,0,0,0,0,0,0,0,0,0,0,0,0,0,0,0,5,1683.9951601766388,1108.9278010010555,2043.280496847389,1973.961116742889,5,0.2588190451025207,0.9659258262890684,0,1,1
B2,roll_03,mlr,2026-01-31 06:00:00+00:00,2026-01-31 07:00:00+00:00,0,1,2025-12-08T00:00:00+00:00,2026-01-26T00:00:00+00:00,2026-01-26T00:00:00+00:00,2026-02-02T00:00:00+00:00,1020.5726502083334,2005.2312967484215,-984.6586465400882,0,night,0,0.0,0,2,0,0,0,0,0,0,0,0,0,0,0,0,0,0,0,0,0,0,0,0,0,0,5,1902.018428271,1973.961116742889,2356.0469720826945,2133.987086771556,6,6.123233995736766e-17,1.0,0,1,1
B2,roll_03,mlr,2026-01-31 07:00:00+00:00,2026-01-31 08:00:00+00:00,0,1,2025-12-08T00:00:00+00:00,2026-01-26T00:00:00+00:00,2026-01-26T00:00:00+00:00,2026-02-02T00:00:00+00:00,419.2874801181944,1314.9220735183226,-895.6345934001281,1,night,0,0.0,0,2,0,0,0,0,0,0,0,0,0,0,0,0,0,0,0,0,0,0,0,0,0,0,5,2166.76233965375,2133.987086771556,2415.724502125278,1020.5726502083334,7,-0.2588190451025206,0.9659258262890684,0,1,1
B2,roll_03,mlr,2026-01-31 08:00:00+00:00,2026-01-31 09:00:00+00:00,0,1,2025-12-08T00:00:00+00:00,2026-01-26T00:00:00+00:00,2026-01-26T00:00:00+00:00,2026-02-02T00:00:00+00:00,250.3521221068889,760.5243033396338,-510.17218123274483,1,low,0,0.0,0,2,0,0,0,0,0,0,0,0,0,0,0,0,0,0,0,0,0,0,0,0,0,0,5,2056.1787956731946,1020.5726502083334,2088.875723270194,419.2874801181944,8,-0.4999999999999998,0.8660254037844387,0,1,1
B2,roll_03,mlr,2026-01-31 09:00:00+00:00,2026-01-31 10:00:00+00:00,0,1,2025-12-08T00:00:00+00:00,2026-01-26T00:00:00+00:00,2026-01-26T00:00:00+00:00,2026-02-02T00:00:00+00:00,334.93582907008334,524.448681743751,-189.51285267366762,1,low,0,0.0,0,2,0,0,0,0,0,0,0,0,0,0,0,0,0,0,0,0,0,0,0,0,0,0,5,2110.409867789389,419.2874801181944,1376.5848081650277,250.3521221068889,9,-0.7071067811865475,0.7071067811865476,0,1,1
B2,roll_03,mlr,2026-01-31 10:00:00+00:00,2026-01-31 11:00:00+00:00,0,1,2025-12-08T00:00:00+00:00,2026-01-26T00:00:00+00:00,2026-01-26T00:00:00+00:00,2026-02-02T00:00:00+00:00,-25.482023055444444,495.30385800544707,-520.7858810608915,1,low,0,0.0,0,2,0,0,0,0,0,0,0,0,0,0,0,0,0,0,0,0,0,0,0,0,0,0,5,3130.832139515,250.3521221068889,637.5708449115556,334.93582907008334,10,-0.8660254037844387,0.4999999999999999,0,1,1
B2,roll_03,mlr,2026-01-31 11:00:00+00:00,2026-01-31 12:00:00+00:00,0,1,2025-12-08T00:00:00+00:00,2026-01-26T00:00:00+00:00,2026-01-26T00:00:00+00:00,2026-02-02T00:00:00+00:00,-362.59401059927774,114.65650449515806,-477.2505150944358,1,med,0,0.0,0,2,1,0,0,0,0,0,0,0,0,0,0,0,0,0,0,0,0,0,0,0,0,0,5,385.99203080291664,334.93582907008334,-1038.640299738972,-25.482023055444444,11,-0.9659258262890682,0.258819045102521,0,1,1
B2,roll_03,mlr,2026-01-31 12:00:00+00:00,2026-01-31 13:00:00+00:00,0,1,2025-12-08T00:00:00+00:00,2026-01-26T00:00:00+00:00,2026-01-26T00:00:00+00:00,2026-02-02T00:00:00+00:00,-31.184125589083333,-73.91075076794232,42.72662517885898,1,med,0,0.0,0,2,1,0,0,0,0,0,0,0,0,0,0,0,0,0,0,0,0,0,0,0,0,0,5,1016.1453970060834,-25.482023055444444,338.58896643852773,-362.59401059927774,12,-1.0,1.2246467991473532e-16,0,1,1
B2,roll_03,mlr,2026-01-31 13:00:00+00:00,2026-01-31 14:00:00+00:00,0,1,2025-12-08T00:00:00+00:00,2026-01-26T00:00:00+00:00,2026-01-26T00:00:00+00:00,2026-02-02T00:00:00+00:00,-90.87281389516666,46.542305050420225,-137.41511894558687,1,med,0,0.0,0,2,1,0,0,0,0,0,0,0,0,0,0,0,0,0,0,0,0,0,0,0,0,0,5,1064.5741736199725,-362.59401059927774,-266.5041079402778,-31.184125589083333,13,-0.9659258262890684,-0.2588190451025208,0,1,1
B2,roll_03,mlr,2026-01-31 14:00:00+00:00,2026-01-31 15:00:00+00:00,0,1,2025-12-08T00:00:00+00:00,2026-01-26T00:00:00+00:00,2026-01-26T00:00:00+00:00,2026-02-02T00:00:00+00:00,422.2890764387501,74.83533164390712,347.453744794843,1,med,0,0.0,0,3,1,0,0,0,0,0,0,0,0,0,0,0,0,0,0,0,0,0,0,0,0,0,5,1858.781012173056,-31.184125589083333,376.1624140875,-90.87281389516666,14,-0.8660254037844388,-0.4999999999999997,0,1,1
B2,roll_03,mlr,2026-01-31 15:00:00+00:00,2026-01-31 16:00:00+00:00,0,1,2025-12-08T00:00:00+00:00,2026-01-26T00:00:00+00:00,2026-01-26T00:00:00+00:00,2026-02-02T00:00:00+00:00,514.5742918275556,511.0207876108319,3.553504216723695,1,low,0,0.0,0,2,0,0,0,0,0,0,0,0,0,0,0,0,0,0,0,0,0,0,0,0,0,0,5,1831.2616717653889,-90.87281389516666,1082.7555175266666,422.2890764387501,15,-0.7071067811865479,-0.7071067811865471,0,1,1
B2,roll_03,mlr,2026-01-31 16:00:00+00:00,2026-01-31 17:00:00+00:00,0,1,2025-12-08T00:00:00+00:00,2026-01-26T00:00:00+00:00,2026-01-26T00:00:00+00:00,2026-02-02T00:00:00+00:00,555.1924943127777,683.2199210213248,-128.02742670854707,0,night,0,0.0,0,2,0,0,0,0,0,0,0,0,0,0,0,0,0,0,0,0,0,0,0,0,0,0,5,1060.0596002008333,422.2890764387501,1956.864773614972,514.5742918275556,16,-0.5000000000000004,-0.8660254037844385,0,1,1
B2,roll_03,mlr,2026-01-31 17:00:00+00:00,2026-01-31 18:00:00+00:00,0,1,2025-12-08T00:00:00+00:00,2026-01-26T00:00:00+00:00,2026-01-26T00:00:00+00:00,2026-02-02T00:00:00+00:00,563.0741589198611,738.1440969096598,-175.06993798979863,0,night,0,0.0,0,2,0,0,0,0,0,0,0,0,0,0,0,0,0,0,0,0,0,0,0,0,0,0,5,992.9213029867224,514.5742918275556,2558.768179305,555.1924943127777,17,-0.2588190451025206,-0.9659258262890684,0,1,1
B2,roll_03,mlr,2026-01-31 18:00:00+00:00,2026-01-31 19:00:00+00:00,0,1,2025-12-08T00:00:00+00:00,2026-01-26T00:00:00+00:00,2026-01-26T00:00:00+00:00,2026-02-02T00:00:00+00:00,532.8345183753889,683.7357952501917,-150.90127687480276,0,night,0,0.0,0,2,0,0,0,0,0,0,0,0,0,0,0,0,0,0,0,0,0,0,0,0,0,0,5,1541.1415699855834,555.1924943127777,1987.7934036818888,563.0741589198611,18,-1.8369701987210292e-16,-1.0,0,1,1
B2,roll_03,mlr,2026-01-31 19:00:00+00:00,2026-01-31 20:00:00+00:00,0,1,2025-12-08T00:00:00+00:00,2026-01-26T00:00:00+00:00,2026-01-26T00:00:00+00:00,2026-02-02T00:00:00+00:00,552.461400302111,621.6383493040446,-69.17694900193362,0,night,0,0.0,0,1,0,1,1,0,11,0,0,0,1,0,1,0,1,0,0,0,1,0,0,0,0,0,5,1286.9006860100278,563.0741589198611,1676.7119280521667,532.8345183753889,19,0.2588190451025203,-0.9659258262890684,0,1,1
B2,roll_03,mlr,2026-01-31 20:00:00+00:00,2026-01-31 21:00:00+00:00,0,1,2025-12-08T00:00:00+00:00,2026-01-26T00:00:00+00:00,2026-01-26T00:00:00+00:00,2026-02-02T00:00:00+00:00,552.9098461985833,588.9990218656717,-36.0891756670884,0,night,0,0.0,0,1,0,1,1,0,11,0,0,0,1,0,1,0,1,0,0,0,1,0,0,0,0,0,5,640.4533153681945,532.8345183753889,1399.5987402705557,552.461400302111,20,0.5000000000000001,-0.8660254037844386,0,1,1
B2,roll_03,mlr,2026-01-31 21:00:00+00:00,2026-01-31 22:00:00+00:00,0,1,2025-12-08T00:00:00+00:00,2026-01-26T00:00:00+00:00,2026-01-26T00:00:00+00:00,2026-02-02T00:00:00+00:00,560.803781971389,558.6534815910156,2.1503003803733236,0,night,0,0.0,0,1,0,1,1,0,11,0,0,0,1,0,1,0,1,0,0,0,1,0,0,0,0,0,5,584.3161862229999,552.461400302111,1395.9087899032777,552.9098461985833,21,0.7071067811865474,-0.7071067811865477,0,1,1
B2,roll_03,mlr,2026-01-31 22:00:00+00:00,2026-01-31 23:00:00+00:00,0,1,2025-12-08T00:00:00+00:00,2026-01-26T00:00:00+00:00,2026-01-26T00:00:00+00:00,2026-02-02T00:00:00+00:00,565.2245665261389,482.2238918222565,83.0006747038824,0,night,0,0.0,0,1,0,1,1,0,11,0,0,0,1,0,1,0,1,0,0,0,1,0,0,0,0,0,5,518.3547093412777,552.9098461985833,617.2218638224722,560.803781971389,22,0.8660254037844384,-0.5000000000000004,0,1,1
B2,roll_03,mlr,2026-01-31 23:00:00+00:00,2026-02-01 00:00:00+00:00,0,1,2025-12-08T00:00:00+00:00,2026-01-26T00:00:00+00:00,2026-01-26T00:00:00+00:00,2026-02-02T00:00:00+00:00,564.1097782727777,448.164031403221,115.94574686955673,0,night,0,0.0,0,1,0,1,1,0,11,0,0,0,1,0,1,0,1,0,0,0,1,0,0,0,0,0,5,430.99813492583326,560.803781971389,560.833410557,565.2245665261389,23,0.965925826289068,-0.2588190451025215,0,1,1
B2,roll_03,mlr,2026-02-01 00:00:00+00:00,2026-02-01 01:00:00+00:00,0,1,2025-12-08T00:00:00+00:00,2026-01-26T00:00:00+00:00,2026-01-26T00:00:00+00:00,2026-02-02T00:00:00+00:00,533.409867254,890.899465962573,-357.489598708573,0,night,0,0.0,0,1,0,1,1,0,11,0,0,0,1,0,1,0,1,0,0,0,1,0,0,0,0,0,6,377.7188413770555,565.2245665261389,568.5592018373611,564.1097782727777,0,1.0,0.0,0,1,2
B2,roll_03,mlr,2026-02-01 01:00:00+00:00,2026-02-01 02:00:00+00:00,0,1,2025-12-08T00:00:00+00:00,2026-01-26T00:00:00+00:00,2026-01-26T00:00:00+00:00,2026-02-02T00:00:00+00:00,562.5751383565,838.0770666948929,-275.5019283383929,0,night,0,0.0,0,1,0,1,1,0,11,0,0,0,0,1,1,0,1,0,0,0,1,0,0,0,0,0,6,364.4423996903056,564.1097782727777,560.2704962234167,533.409867254,1,0.9659258262890684,0.2588190451025207,0,1,2
B2,roll_03,mlr,2026-02-01 02:00:00+00:00,2026-02-01 03:00:00+00:00,0,1,2025-12-08T00:00:00+00:00,2026-01-26T00:00:00+00:00,2026-01-26T00:00:00+00:00,2026-02-02T00:00:00+00:00,534.4757679513611,822.1284173987827,-287.6526494474216,0,night,0,0.0,0,1,0,1,1,0,11,0,0,0,0,1,1,0,1,0,0,0,1,0,0,0,0,0,6,384.5271624152222,533.409867254,565.4011130005833,562.5751383565,2,0.8660254037844387,0.4999999999999999,0,1,2
B2,roll_03,mlr,2026-02-01 03:00:00+00:00,2026-02-01 04:00:00+00:00,0,1,2025-12-08T00:00:00+00:00,2026-01-26T00:00:00+00:00,2026-01-26T00:00:00+00:00,2026-02-02T00:00:00+00:00,559.3680544099722,781.4882576421579,-222.12020323218576,0,night,0,0.0,0,1,0,1,1,0,11,0,0,0,0,1,1,0,1,0,0,0,1,0,0,0,0,0,6,395.30640441158334,562.5751383565,568.1319450434166,534.4757679513611,3,0.7071067811865476,0.7071067811865476,0,1,2
B2,roll_03,mlr,2026-02-01 04:00:00+00:00,2026-02-01 05:00:00+00:00,0,1,2025-12-08T00:00:00+00:00,2026-01-26T00:00:00+00:00,2026-01-26T00:00:00+00:00,2026-02-02T00:00:00+00:00,555.9197919330833,796.9260295586396,-241.0062376255563,0,night,0,0.0,0,1,0,1,1,0,11,0,0,0,0,1,1,0,1,0,0,0,1,0,0,0,0,0,6,963.782436518,534.4757679513611,1108.9278010010555,559.3680544099722,4,0.5000000000000001,0.8660254037844386,0,1,2
B2,roll_03,mlr,2026-02-01 05:00:00+00:00,2026-02-01 06:00:00+00:00,0,1,2025-12-08T00:00:00+00:00,2026-01-26T00:00:00+00:00,2026-01-26T00:00:00+00:00,2026-02-02T00:00:00+00:00,1160.5435193141388,823.5739593012217,336.9695600129171,0,night,0,0.0,0,1,0,1,1,0,11,0,0,0,0,1,1,0,1,0,0,0,1,0,0,0,0,0,6,1696.815230154389,559.3680544099722,1973.961116742889,555.9197919330833,5,0.2588190451025207,0.9659258262890684,0,1,2
B2,roll_03,mlr,2026-02-01 06:00:00+00:00,2026-02-01 07:00:00+00:00,0,1,2025-12-08T00:00:00+00:00,2026-01-26T00:00:00+00:00,2026-01-26T00:00:00+00:00,2026-02-02T00:00:00+00:00,691.6709654138334,1199.4200088430002,-507.7490434291668,0,night,0,0.0,0,1,0,0,0,0,0,0,0,0,0,0,0,0,0,0,0,0,0,0,0,0,0,0,6,1659.7306816588614,555.9197919330833,2133.987086771556,1160.5435193141388,6,6.123233995736766e-17,1.0,0,1,2
B2,roll_03,mlr,2026-02-01 07:00:00+00:00,2026-02-01 08:00:00+00:00,0,1,2025-12-08T00:00:00+00:00,2026-01-26T00:00:00+00:00,2026-01-26T00:00:00+00:00,2026-02-02T00:00:00+00:00,1089.2109433604444,900.4842307630437,188.7267125974007,1,night,0,0.0,0,1,0,0,0,0,0,0,0,0,0,0,0,0,0,0,0,0,0,0,0,0,0,0,6,2231.1363579284443,1160.5435193141388,1020.5726502083334,691.6709654138334,7,-0.2588190451025206,0.9659258262890684,0,1,2
B2,roll_03,mlr,2026-02-01 08:00:00+00:00,2026-02-01 09:00:00+00:00,0,1,2025-12-08T00:00:00+00:00,2026-01-26T00:00:00+00:00,2026-01-26T00:00:00+00:00,2026-02-02T00:00:00+00:00,303.2054646118889,1043.906918694529,-740.7014540826401,1,low,0,0.0,0,2,0,0,0,0,0,0,0,0,0,0,0,0,0,0,0,0,0,0,0,0,0,0,6,2238.324116505972,691.6709654138334,419.2874801181944,1089.2109433604444,8,-0.4999999999999998,0.8660254037844387,0,1,2
B2,roll_03,mlr,2026-02-01 09:00:00+00:00,2026-02-01 10:00:00+00:00,0,1,2025-12-08T00:00:00+00:00,2026-01-26T00:00:00+00:00,2026-01-26T00:00:00+00:00,2026-02-02T00:00:00+00:00,306.5586802728889,585.3936128170907,-278.83493254420176,1,low,0,0.0,0,2,0,0,0,0,0,0,0,0,0,0,0,0,0,0,0,0,0,0,0,0,0,0,6,2327.768168646222,1089.2109433604444,250.3521221068889,303.2054646118889,9,-0.7071067811865475,0.7071067811865476,0,1,2
B2,roll_03,mlr,2026-02-01 10:00:00+00:00,2026-02-01 11:00:00+00:00,0,1,2025-12-08T00:00:00+00:00,2026-01-26T00:00:00+00:00,2026-01-26T00:00:00+00:00,2026-02-02T00:00:00+00:00,298.92543760088887,475.1251298643811,-176.19969226349224,1,low,0,0.0,0,2,0,0,0,0,0,0,0,0,0,0,0,0,0,0,0,0,0,0,0,0,0,0,6,3079.3561128761667,303.2054646118889,334.93582907008334,306.5586802728889,10,-0.8660254037844387,0.4999999999999999,0,1,2
B2,roll_03,mlr,2026-02-01 11:00:00+00:00,2026-02-01 12:00:00+00:00,0,1,2025-12-08T00:00:00+00:00,2026-01-26T00:00:00+00:00,2026-01-26T00:00:00+00:00,2026-02-02T00:00:00+00:00,73.55411946638888,467.4601473738895,-393.90602790750063,1,low,0,0.0,0,2,0,0,0,0,0,0,0,0,0,0,0,0,0,0,0,0,0,0,0,0,0,0,6,1060.977643347722,306.5586802728889,-25.482023055444444,298.92543760088887,11,-0.9659258262890682,0.258819045102521,0,1,2
B2,roll_03,mlr,2026-02-01 12:00:00+00:00,2026-02-01 13:00:00+00:00,0,1,2025-12-08T00:00:00+00:00,2026-01-26T00:00:00+00:00,2026-01-26T00:00:00+00:00,2026-02-02T00:00:00+00:00,151.58054217927778,292.28029086809795,-140.69974868882016,1,med,0,0.0,0,2,0,0,0,0,0,0,0,0,0,0,0,0,0,0,0,0,0,0,0,0,0,0,6,1745.3068945306666,298.92543760088887,-362.59401059927774,73.55411946638888,12,-1.0,1.2246467991473532e-16,0,1,2
B2,roll_03,mlr,2026-02-01 13:00:00+00:00,2026-02-01 14:00:00+00:00,0,1,2025-12-08T00:00:00+00:00,2026-01-26T00:00:00+00:00,2026-01-26T00:00:00+00:00,2026-02-02T00:00:00+00:00,1336.6438164391946,334.4098942959845,1002.2339221432101,1,med,0,0.0,0,2,0,0,0,0,0,0,0,0,0,0,0,0,0,0,0,0,0,0,0,0,0,0,6,906.8727746182224,73.55411946638888,-31.184125589083333,151.58054217927778,13,-0.9659258262890684,-0.2588190451025208,0,1,2
B2,roll_03,mlr,2026-02-01 14:00:00+00:00,2026-02-01 15:00:00+00:00,0,1,2025-12-08T00:00:00+00:00,2026-01-26T00:00:00+00:00,2026-01-26T00:00:00+00:00,2026-02-02T00:00:00+00:00,1896.0841900744165,1072.8312288482175,823.252961226199,1,med,0,0.0,0,2,0,0,0,0,0,0,0,0,0,0,0,0,0,0,0,0,0,0,0,0,0,0,6,1490.25308828425,151.58054217927778,-90.87281389516666,1336.6438164391946,14,-0.8660254037844388,-0.4999999999999997,0,1,2
B2,roll_03,mlr,2026-02-01 15:00:00+00:00,2026-02-01 16:00:00+00:00,0,1,2025-12-08T00:00:00+00:00,2026-01-26T00:00:00+00:00,2026-01-26T00:00:00+00:00,2026-02-02T00:00:00+00:00,2484.501672130778,1609.2501017984355,875.2515703323425,1,low,0,0.0,0,2,0,0,0,0,0,0,0,0,0,0,0,0,0,0,0,0,0,0,0,0,0,0,6,924.6930943503612,1336.6438164391946,422.2890764387501,1896.0841900744165,15,-0.7071067811865479,-0.7071067811865471,0,1,2
B2,roll_03,mlr,2026-02-01 16:00:00+00:00,2026-02-01 17:00:00+00:00,0,1,2025-12-08T00:00:00+00:00,2026-01-26T00:00:00+00:00,2026-01-26T00:00:00+00:00,2026-02-02T00:00:00+00:00,2486.544613380472,2033.4619221266207,453.0826912538514,0,night,0,0.0,0,2,0,0,0,0,0,0,0,0,0,0,0,0,0,0,0,0,0,0,0,0,0,0,6,1936.265559235028,1896.0841900744165,514.5742918275556,2484.501672130778,16,-0.5000000000000004,-0.8660254037844385,0,1,2
B2,roll_03,mlr,2026-02-01 17:00:00+00:00,2026-02-01 18:00:00+00:00,0,1,2025-12-08T00:00:00+00:00,2026-01-26T00:00:00+00:00,2026-01-26T00:00:00+00:00,2026-02-02T00:00:00+00:00,2612.5492478209444,2105.536863377728,507.01238444321643,0,night,0,0.0,0,2,0,0,0,0,0,0,0,0,0,0,0,0,0,0,0,0,0,0,0,0,0,0,6,1053.6913190111388,2484.501672130778,555.1924943127777,2486.544613380472,17,-0.2588190451025206,-0.9659258262890684,0,1,2
B2,roll_03,mlr,2026-02-01 18:00:00+00:00,2026-02-01 19:00:00+00:00,0,1,2025-12-08T00:00:00+00:00,2026-01-26T00:00:00+00:00,2026-01-26T00:00:00+00:00,2026-02-02T00:00:00+00:00,3017.157618471861,2161.5172723836395,855.6403460882216,0,night,0,0.0,0,2,0,0,0,0,0,0,0,0,0,0,0,0,0,0,0,0,0,0,0,0,0,0,6,1042.3809986754163,2486.544613380472,563.0741589198611,2612.5492478209444,18,-1.8369701987210292e-16,-1.0,0,1,2
B2,roll_03,mlr,2026-02-01 19:00:00+00:00,2026-02-01 20:00:00+00:00,0,1,2025-12-08T00:00:00+00:00,2026-01-26T00:00:00+00:00,2026-01-26T00:00:00+00:00,2026-02-02T00:00:00+00:00,2133.137917275778,2405.548666602561,-272.41074932678293,0,night,0,0.0,0,1,0,0,0,0,0,0,0,0,0,0,0,0,0,0,0,0,0,0,0,0,0,0,6,849.7813898698611,2612.5492478209444,532.8345183753889,3017.157618471861,19,0.2588190451025203,-0.9659258262890684,0,1,2
B2,roll_03,mlr,2026-02-01 20:00:00+00:00,2026-02-01 21:00:00+00:00,0,1,2025-12-08T00:00:00+00:00,2026-01-26T00:00:00+00:00,2026-01-26T00:00:00+00:00,2026-02-02T00:00:00+00:00,952.1327068525555,1873.9274030056931,-921.7946961531376,0,night,0,0.0,0,1,0,0,0,0,0,0,0,0,0,0,0,0,0,0,0,0,0,0,0,0,0,0,6,739.4192231492499,3017.157618471861,552.461400302111,2133.137917275778,20,0.5000000000000001,-0.8660254037844386,0,1,2
B2,roll_03,mlr,2026-02-01 21:00:00+00:00,2026-02-01 22:00:00+00:00,0,1,2025-12-08T00:00:00+00:00,2026-01-26T00:00:00+00:00,2026-01-26T00:00:00+00:00,2026-02-02T00:00:00+00:00,1463.8755507140277,979.5025652450854,484.37298546894226,0,night,0,0.0,0,1,0,0,0,0,0,0,0,0,0,0,0,0,0,0,0,0,0,0,0,0,0,0,6,575.8166761095833,2133.137917275778,552.9098461985833,952.1327068525555,21,0.7071067811865474,-0.7071067811865477,0,1,2
