dataset_id,split_id,model_name,ts_utc,ts_target_utc,is_train_split,is_test_split,train_start_utc,train_end_utc,test_start_utc,test_end_utc,y_true_t_plus_1,yhat_t_plus_1,residual_t_plus_1,is_daylight,pv_regime,pool_on,pool_on_lag_1h,pool_switch,temp_bin,flag_grid_exporting,imputed_any,imputed_count,gaplen_demand_h,gaplen_pv_h,gaplen_pool_h,gaplen_temp_h,pv_imputed_interp,pv_imputed_ffill_night_ok,pv_imputed_fallback_zero,pv_imputed_any,flag_demand_imputed,flag_pv_imputed,flag_pool_imputed,flag_temp_imputed,flag_demand_imputed_new,flag_pv_imputed_new,flag_pool_imputed_new,flag_temp_imputed_new,demand_imputed_any,pool_imputed_any,temp_imputed_any,day_of_week,demand_lag_168h,demand_lag_1h,demand_lag_24h,demand_w,hour,hour_cos,hour_sin,is_holiday_it,is_weekend,month,outdoor_temp_c,outdoor_temp_c_lag_168h,outdoor_temp_c_lag_1h,outdoor_temp_c_lag_24h,pool_w,pool_w_lag_168h,pool_w_lag_1h,pool_w_lag_24h,pv_w,pv_w_lag_168h,pv_w_lag_1h,pv_w_lag_24h
B4,roll_01,rf,2026-01-12 04:00:00+00:00,2026-01-12 05:00:00+00:00,0,1,2025-12-08T00:00:00+00:00,2026-01-12T00:00:00+00:00,2026-01-12T00:00:00+00:00,2026-01-19T00:00:00+00:00,4262.747835938639,2574.493384182891,1688.2544517557476,0,night,0,0.0,0,0,0,0,0,0,0,0,0,0,0,0,0,0,0,0,0,0,0,0,0,0,0,0,0,1018.144173213861,2481.68678522575,963.4637856096666,3016.15648477425,4,0.5000000000000001,0.8660254037844386,0,0,1,-0.0287854997222222,-1.39385835525,0.1335239932777777,2.6941748748611114,19.688919204277777,19.31271291408333,19.80030205080556,20.51800392588889,0.0,0.0,0.0,0.0
B4,roll_01,rf,2026-01-12 05:00:00+00:00,2026-01-12 06:00:00+00:00,0,1,2025-12-08T00:00:00+00:00,2026-01-12T00:00:00+00:00,2026-01-12T00:00:00+00:00,2026-01-19T00:00:00+00:00,4361.908397110695,3331.4193879259897,1030.489009184705,0,night,0,0.0,0,0,0,0,0,0,0,0,0,0,0,0,0,0,0,0,0,0,0,0,0,0,0,0,0,3480.3327933123333,3016.15648477425,1813.34006411675,4262.747835938639,5,0.2588190451025207,0.9659258262890684,0,0,1,-0.5948542869166666,-1.4720435740833333,-0.0287854997222222,1.6470115683055555,19.79284536802778,20.31238466361111,19.688919204277777,20.618104810138888,0.0,0.0,0.0,0.0
B4,roll_01,rf,2026-01-12 06:00:00+00:00,2026-01-12 07:00:00+00:00,0,1,2025-12-08T00:00:00+00:00,2026-01-12T00:00:00+00:00,2026-01-12T00:00:00+00:00,2026-01-19T00:00:00+00:00,4563.315619382333,3341.3751903436178,1221.9404290387156,0,night,0,0.0,0,0,0,0,0,0,0,0,0,0,0,0,0,0,0,0,0,0,0,0,0,0,0,0,0,3264.2411370842497,4262.747835938639,1868.444830851611,4361.908397110695,6,6.123233995736766e-17,1.0,0,0,1,-0.0256551238333333,-1.4967828786944446,-0.5948542869166666,0.7204048023333334,18.87429544488889,20.048696970138888,19.79284536802778,20.52741439736111,0.0,0.0,0.0,0.0
B4,roll_01,rf,2026-01-12 07:00:00+00:00,2026-01-12 08:00:00+00:00,0,1,2025-12-08T00:00:00+00:00,2026-01-12T00:00:00+00:00,2026-01-12T00:00:00+00:00,2026-01-19T00:00:00+00:00,3089.202245556361,3316.6623062178523,-227.4600606614913,1,night,0,0.0,0,1,0,0,0,0,0,0,0,0,0,0,0,0,0,0,0,0,0,0,0,0,0,0,0,3395.476410544472,4361.908397110695,1998.770939867861,4563.315619382333,7,-0.2588190451025206,0.9659258262890684,0,0,1,0.0892223874722222,-1.379181577972222,-0.0256551238333333,0.4501258596944444,18.15650825783333,20.18417349680556,18.87429544488889,20.162841653277777,0.0,0.0,0.0,0.0
B4,roll_01,rf,2026-01-12 08:00:00+00:00,2026-01-12 09:00:00+00:00,0,1,2025-12-08T00:00:00+00:00,2026-01-12T00:00:00+00:00,2026-01-12T00:00:00+00:00,2026-01-19T00:00:00+00:00,2796.8041315197224,2512.732908254131,284.07122326559147,1,med,0,0.0,0,1,0,0,0,0,0,0,0,0,0,0,0,0,0,0,0,0,0,0,0,0,0,0,0,2043.147877824084,4563.315619382333,1620.6764299421666,3089.202245556361,8,-0.4999999999999998,0.8660254037844387,0,0,1,1.5477482746388889,0.0447507404444444,0.0892223874722222,2.21591780575,18.900201835166666,20.216753709777777,18.15650825783333,20.805254606944445,675.084050221,541.5511257300278,0.0,716.8608431172778
B4,roll_01,rf,2026-01-12 09:00:00+00:00,2026-01-12 10:00:00+00:00,0,1,2025-12-08T00:00:00+00:00,2026-01-12T00:00:00+00:00,2026-01-12T00:00:00+00:00,2026-01-19T00:00:00+00:00,746.3919299871112,2025.000435678073,-1278.608505690962,1,med,0,0.0,0,1,0,0,0,0,0,0,0,0,0,0,0,0,0,0,0,0,0,0,0,0,0,0,0,1179.0779114988334,3089.202245556361,1464.1872420950556,2796.8041315197224,9,-0.7071067811865475,0.7071067811865476,0,0,1,3.2254890193888888,1.489790182361111,1.5477482746388889,5.479905556944444,19.612746164055554,21.931468085166667,18.900201835166666,21.66706498425,1056.8253583911112,646.4615747680278,675.084050221,1113.9215353886943
B4,roll_01,rf,2026-01-12 10:00:00+00:00,2026-01-12 11:00:00+00:00,0,1,2025-12-08T00:00:00+00:00,2026-01-12T00:00:00+00:00,2026-01-12T00:00:00+00:00,2026-01-19T00:00:00+00:00,632.5966184736388,1235.325291340398,-602.7286728667592,1,high,0,0.0,0,1,0,0,0,0,0,0,0,0,0,0,0,0,0,0,0,0,0,0,0,0,0,0,0,947.8847584085834,2796.8041315197224,474.102661966639,746.3919299871112,10,-0.8660254037844387,0.4999999999999999,0,0,1,4.715763120611111,2.7039119795277777,3.2254890193888888,8.399686105833334,21.086698567944445,20.46024600608333,19.612746164055554,20.90244102377778,1274.2766447041663,892.7757230555554,1056.8253583911112,1445.3827412131943
B4,roll_01,rf,2026-01-12 11:00:00+00:00,2026-01-12 12:00:00+00:00,0,1,2025-12-08T00:00:00+00:00,2026-01-12T00:00:00+00:00,2026-01-12T00:00:00+00:00,2026-01-19T00:00:00+00:00,-422.1210146441389,978.4561745143411,-1400.57718915848,1,high,0,0.0,0,2,0,0,0,0,0,0,0,0,0,0,0,0,0,0,0,0,0,0,0,0,0,0,0,863.6994095845556,746.3919299871112,924.8024321908888,632.5966184736388,11,-0.9659258262890682,0.258819045102521,0,0,1,6.151445526944444,3.881307846888889,4.715763120611111,10.56430204613889,21.65975194513889,20.872260072305554,21.086698567944445,21.703601752222223,1427.525714563778,1206.7577466112778,1274.2766447041663,1576.5715724575275
B4,roll_01,rf,2026-01-12 12:00:00+00:00,2026-01-12 13:00:00+00:00,0,1,2025-12-08T00:00:00+00:00,2026-01-12T00:00:00+00:00,2026-01-12T00:00:00+00:00,2026-01-19T00:00:00+00:00,754.2202679822223,-209.52150048230044,963.7417684645227,1,med,0,0.0,0,2,1,0,0,0,0,0,0,0,0,0,0,0,0,0,0,0,0,0,0,0,0,0,0,843.0538203102777,632.5966184736388,-377.0683961764167,-422.1210146441389,12,-1.0,1.2246467991473532e-16,0,0,1,8.042106340527779,5.066587314222223,6.151445526944444,11.13957339347222,20.280064502833334,21.11385421797222,21.65975194513889,21.560308488194448,1077.0554969643056,1247.8009385014443,1427.525714563778,1523.783426588417
B4,roll_01,rf,2026-01-12 13:00:00+00:00,2026-01-12 14:00:00+00:00,0,1,2025-12-08T00:00:00+00:00,2026-01-12T00:00:00+00:00,2026-01-12T00:00:00+00:00,2026-01-19T00:00:00+00:00,1500.3252466112224,814.1832549026933,686.1419917085291,1,med,0,0.0,0,2,0,0,0,0,0,0,0,0,0,0,0,0,0,0,0,0,0,0,0,0,0,0,0,1428.490628339573,-422.1210146441389,-533.3608326616389,754.2202679822223,13,-0.9659258262890684,-0.2588190451025208,0,0,1,8.886836191527777,5.457142150027778,8.042106340527779,11.51705910513889,20.89163533738889,20.01560276148125,20.280064502833334,20.96788498608333,917.7112551677222,547.3802902017588,1077.0554969643056,1288.0403277888888
B4,roll_01,rf,2026-01-12 14:00:00+00:00,2026-01-12 15:00:00+00:00,0,1,2025-12-08T00:00:00+00:00,2026-01-12T00:00:00+00:00,2026-01-12T00:00:00+00:00,2026-01-19T00:00:00+00:00,586.6202596731389,1287.7733916646978,-701.1531319915589,1,low,0,0.0,0,2,0,0,0,0,0,0,0,0,0,0,0,0,0,0,0,0,0,0,0,0,0,0,0,1773.3037352634722,754.2202679822223,1619.3522628639723,1500.3252466112224,14,-0.8660254037844388,-0.4999999999999997,0,0,1,8.544484776166668,4.588629488583334,8.886836191527777,12.787921283277775,20.355432554527777,19.929525524222225,20.89163533738889,20.60916648908333,366.2336248188056,207.87688739294444,917.7112551677222,780.1935005056666
B4,roll_01,rf,2026-01-12 15:00:00+00:00,2026-01-12 16:00:00+00:00,0,1,2025-12-08T00:00:00+00:00,2026-01-12T00:00:00+00:00,2026-01-12T00:00:00+00:00,2026-01-19T00:00:00+00:00,1670.774375533639,1117.3047228878058,553.4696526458331,1,low,0,0.0,0,2,0,0,0,0,0,0,0,0,0,0,0,0,0,0,0,0,0,0,0,0,0,0,0,2045.117999196167,1500.3252466112224,867.3860450609445,586.6202596731389,15,-0.7071067811865479,-0.7071067811865471,0,0,1,6.644266975333334,4.475250863555556,8.544484776166668,11.008737726416667,19.053108088833334,19.944776444444447,20.355432554527777,19.72462692113889,29.778236451166663,40.97132009280555,366.2336248188056,55.60070419424999
B4,roll_01,rf,2026-01-12 16:00:00+00:00,2026-01-12 17:00:00+00:00,0,1,2025-12-08T00:00:00+00:00,2026-01-12T00:00:00+00:00,2026-01-12T00:00:00+00:00,2026-01-19T00:00:00+00:00,893.0618960396945,1918.7576734338877,-1025.695777394193,0,night,0,0.0,0,2,0,0,0,0,0,0,0,0,0,0,0,0,0,0,0,0,0,0,0,0,0,0,0,1695.0528240614449,586.6202596731389,1129.351029028639,1670.774375533639,16,-0.5000000000000004,-0.8660254037844385,0,0,1,5.279263939527778,3.0361438859444445,6.644266975333334,7.34603673525,19.11104975583333,19.330333286888887,19.053108088833334,19.47766912930556,0.0,0.0,29.778236451166663,0.0
B4,roll_01,rf,2026-01-12 17:00:00+00:00,2026-01-12 18:00:00+00:00,0,1,2025-12-08T00:00:00+00:00,2026-01-12T00:00:00+00:00,2026-01-12T00:00:00+00:00,2026-01-19T00:00:00+00:00,2274.0885418814723,1264.9892344069347,1009.0993074745377,0,night,0,0.0,0,1,0,0,0,0,0,0,0,0,0,0,0,0,0,0,0,0,0,0,0,0,0,0,0,2050.756231673639,1670.774375533639,1683.5612400863336,893.0618960396945,17,-0.2588190451025206,-0.9659258262890684,0,0,1,4.219392392722222,1.868786365638889,5.279263939527778,5.409180986416668,18.65615157883333,19.59319692852777,19.11104975583333,19.04478443258333,0.0,0.0,0.0,0.0
B4,roll_01,rf,2026-01-12 18:00:00+00:00,2026-01-12 19:00:00+00:00,0,1,2025-12-08T00:00:00+00:00,2026-01-12T00:00:00+00:00,2026-01-12T00:00:00+00:00,2026-01-19T00:00:00+00:00,1365.6644136303612,1884.5529979118544,-518.8885842814932,0,night,0,0.0,0,1,0,0,0,0,0,0,0,0,0,0,0,0,0,0,0,0,0,0,0,0,0,0,0,3794.624143870611,893.0618960396945,2735.553599037861,2274.0885418814723,18,-1.8369701987210292e-16,-1.0,0,0,1,4.016366639916667,1.3410971866388888,4.219392392722222,3.7358169538333335,19.38624729958333,18.762281723944444,18.65615157883333,19.200060977555555,0.0,0.0,0.0,0.0
B4,roll_01,rf,2026-01-12 19:00:00+00:00,2026-01-12 20:00:00+00:00,0,1,2025-12-08T00:00:00+00:00,2026-01-12T00:00:00+00:00,2026-01-12T00:00:00+00:00,2026-01-19T00:00:00+00:00,653.7379858252777,1343.744010421678,-690.0060245964003,0,night,0,0.0,0,1,0,0,0,0,0,0,0,0,0,0,0,0,0,0,0,0,0,0,0,0,0,0,0,1861.5080703779724,2274.0885418814723,2033.9936153407496,1365.6644136303612,19,0.2588190451025203,-0.9659258262890684,0,0,1,3.884336086,1.203708991527778,4.016366639916667,3.0572774616666667,19.382953398694443,19.018070562944445,19.38624729958333,19.296515411055555,0.0,0.0,0.0,0.0
B4,roll_01,rf,2026-01-12 20:00:00+00:00,2026-01-12 21:00:00+00:00,0,1,2025-12-08T00:00:00+00:00,2026-01-12T00:00:00+00:00,2026-01-12T00:00:00+00:00,2026-01-19T00:00:00+00:00,1060.23997367125,851.7453411645462,208.49463250670385,0,night,0,0.0,0,1,0,0,0,0,0,0,0,0,0,0,0,0,0,0,0,0,0,0,0,0,0,0,0,1496.9097637140555,1365.6644136303612,1245.8312970156112,653.7379858252777,20,0.5000000000000001,-0.8660254037844386,0,0,1,3.633355686611111,1.032068296,3.884336086,2.1335418446944443,19.144044949,19.291680665055555,19.382953398694443,19.16815963236112,0.0,0.0,0.0,0.0
B4,roll_01,rf,2026-01-12 21:00:00+00:00,2026-01-12 22:00:00+00:00,0,1,2025-12-08T00:00:00+00:00,2026-01-12T00:00:00+00:00,2026-01-12T00:00:00+00:00,2026-01-19T00:00:00+00:00,372.6696216118889,1066.7656643092387,-694.0960426973497,0,night,0,0.0,0,1,0,0,0,0,0,0,0,0,0,0,0,0,0,0,0,0,0,0,0,0,0,0,0,719.7584706931667,653.7379858252777,2829.186617279833,1060.23997367125,21,0.7071067811865474,-0.7071067811865477,0,0,1,3.5082212590277777,0.7795261833333332,3.633355686611111,1.5935824046944445,19.25061404477778,18.70379904711111,19.144044949,19.45402064038889,0.0,0.0,0.0,0.0
B4,roll_01,rf,2026-01-12 22:00:00+00:00,2026-01-12 23:00:00+00:00,0,1,2025-12-08T00:00:00+00:00,2026-01-12T00:00:00+00:00,2026-01-12T00:00:00+00:00,2026-01-19T00:00:00+00:00,368.2867205090556,667.7687328790291,-299.4820123699735,0,night,0,0.0,0,1,0,0,0,0,0,0,0,0,0,0,0,0,0,0,0,0,0,0,0,0,0,0,0,446.7607589221944,1060.23997367125,2652.970591418611,372.6696216118889,22,0.8660254037844384,-0.5000000000000004,0,0,1,3.508406459083333,0.4047500071944445,3.5082212590277777,0.8223521403888889,19.15334913905556,19.17545539780556,19.25061404477778,19.75202070783333,0.0,0.0,0.0,0.0
B4,roll_01,rf,2026-01-13 05:00:00+00:00,2026-01-13 06:00:00+00:00,0,1,2025-12-08T00:00:00+00:00,2026-01-12T00:00:00+00:00,2026-01-12T00:00:00+00:00,2026-01-19T00:00:00+00:00,2099.6764230465,1987.599875239428,112.07654780707207,0,night,0,0.0,0,1,0,0,0,0,0,0,0,0,0,0,0,0,0,0,0,0,0,0,0,0,0,0,1,1903.881896566528,977.1223704921111,4262.747835938639,2001.738657636584,5,0.2588190451025207,0.9659258262890684,0,0,1,4.516244777583333,-0.5899030432222222,4.600431492361111,-0.5948542869166666,20.02328279972222,19.60972541383333,19.84487690761112,19.79284536802778,0.0,0.0,0.0,0.0
B4,roll_01,rf,2026-01-13 06:00:00+00:00,2026-01-13 07:00:00+00:00,0,1,2025-12-08T00:00:00+00:00,2026-01-12T00:00:00+00:00,2026-01-12T00:00:00+00:00,2026-01-19T00:00:00+00:00,1798.5318447581387,1960.3727568591628,-161.84091210102406,0,night,0,0.0,0,1,0,0,0,0,0,0,0,0,0,0,0,0,0,0,0,0,0,0,0,0,0,0,1,1884.089269866861,2001.738657636584,4361.908397110695,2099.6764230465,6,6.123233995736766e-17,1.0,0,0,1,4.763350271222222,-0.9003918730833335,4.516244777583333,-0.0256551238333333,19.945872866472225,19.36396250488889,20.02328279972222,18.87429544488889,0.0,0.0,0.0,0.0
B4,roll_01,rf,2026-01-13 07:00:00+00:00,2026-01-13 08:00:00+00:00,0,1,2025-12-08T00:00:00+00:00,2026-01-12T00:00:00+00:00,2026-01-12T00:00:00+00:00,2026-01-19T00:00:00+00:00,1792.85737564,1999.0070703849958,-206.1496947449957,1,night,0,0.0,0,2,0,0,0,0,0,0,0,0,0,0,0,0,0,0,0,0,0,0,0,0,0,0,1,2001.9943023529447,2099.6764230465,4563.315619382333,1798.5318447581387,7,-0.2588190451025206,0.9659258262890684,0,0,1,5.146098303527778,-1.016023064,4.763350271222222,0.0892223874722222,19.215107962944447,19.241411946444444,19.945872866472225,18.15650825783333,0.0,0.0,0.0,0.0
B4,roll_01,rf,2026-01-13 08:00:00+00:00,2026-01-13 09:00:00+00:00,0,1,2025-12-08T00:00:00+00:00,2026-01-12T00:00:00+00:00,2026-01-12T00:00:00+00:00,2026-01-19T00:00:00+00:00,1704.9205994411388,1829.3840934321927,-124.46349399105384,1,low,0,0.0,0,2,0,0,0,0,0,0,0,0,0,0,0,0,0,0,0,0,0,0,0,0,0,0,1,2286.4682565411667,1798.5318447581387,3089.202245556361,1792.85737564,8,-0.4999999999999998,0.8660254037844387,0,0,1,5.574331767527777,-0.7860071845,5.146098303527778,1.5477482746388889,19.78762391975,19.56382616455556,19.215107962944447,18.900201835166666,34.78762225408333,141.96021589983334,0.0,675.084050221
B4,roll_01,rf,2026-01-13 09:00:00+00:00,2026-01-13 10:00:00+00:00,0,1,2025-12-08T00:00:00+00:00,2026-01-12T00:00:00+00:00,2026-01-12T00:00:00+00:00,2026-01-19T00:00:00+00:00,1712.5081979704166,1950.0835929651766,-237.57539499476002,1,low,0,0.0,0,2,0,0,0,0,0,0,0,0,0,0,0,0,0,0,0,0,0,0,0,0,0,0,1,1821.3285119935,1792.85737564,2796.8041315197224,1704.9205994411388,9,-0.7071067811865475,0.7071067811865476,0,0,1,5.704844287583334,-0.149303483,5.574331767527777,3.2254890193888888,19.322890420722224,19.54440532758333,19.78762391975,19.612746164055554,81.0947692918889,554.8449951884444,34.78762225408333,1056.8253583911112
B4,roll_01,rf,2026-01-13 10:00:00+00:00,2026-01-13 11:00:00+00:00,0,1,2025-12-08T00:00:00+00:00,2026-01-12T00:00:00+00:00,2026-01-12T00:00:00+00:00,2026-01-19T00:00:00+00:00,1729.1863273721667,1841.2990037978511,-112.11267642568441,1,low,0,0.0,0,2,0,0,0,0,0,0,0,0,0,0,0,0,0,0,0,0,0,0,0,0,0,0,1,1457.3535129481943,1704.9205994411388,746.3919299871112,1712.5081979704166,10,-0.8660254037844387,0.4999999999999999,0,0,1,6.065839095694444,2.0291202134722224,5.704844287583334,4.715763120611111,19.53915467719445,20.057945581416668,19.322890420722224,21.086698567944445,75.89661000686111,991.3755553825832,81.0947692918889,1274.2766447041663
B4,roll_01,rf,2026-01-13 11:00:00+00:00,2026-01-13 12:00:00+00:00,0,1,2025-12-08T00:00:00+00:00,2026-01-12T00:00:00+00:00,2026-01-12T00:00:00+00:00,2026-01-19T00:00:00+00:00,1776.8351252307775,1734.4082241037931,42.426901126984376,1,low,0,0.0,0,2,0,0,0,0,0,0,0,0,0,0,0,0,0,0,0,0,0,0,0,0,0,0,1,1098.783385659861,1712.5081979704166,632.5966184736388,1729.1863273721667,11,-0.9659258262890682,0.258819045102521,0,0,1,6.411032006055556,4.096896434388889,6.065839095694444,6.151445526944444,20.10092485888889,20.715051583388888,19.53915467719445,21.65975194513889,127.21179366422224,1351.2139548198334,75.89661000686111,1427.525714563778
B4,roll_01,rf,2026-01-13 12:00:00+00:00,2026-01-13 13:00:00+00:00,0,1,2025-12-08T00:00:00+00:00,2026-01-12T00:00:00+00:00,2026-01-12T00:00:00+00:00,2026-01-19T00:00:00+00:00,1850.1251705731663,1744.0089735299853,106.11619704318105,1,low,0,0.0,0,2,0,0,0,0,0,0,0,0,0,0,0,0,0,0,0,0,0,0,0,0,0,0,1,894.0836341709445,1729.1863273721667,-422.1210146441389,1776.8351252307775,12,-1.0,1.2246467991473532e-16,0,0,1,6.843188409,5.705180185861111,6.411032006055556,8.042106340527779,19.814930444777776,20.91122075105556,20.10092485888889,20.280064502833334,161.38882697286112,1418.4170547936944,127.21179366422224,1077.0554969643056
B4,roll_01,rf,2026-01-13 13:00:00+00:00,2026-01-13 14:00:00+00:00,0,1,2025-12-08T00:00:00+00:00,2026-01-12T00:00:00+00:00,2026-01-12T00:00:00+00:00,2026-01-19T00:00:00+00:00,2103.8606620909723,1782.912715540885,320.9479465500872,1,low,0,0.0,0,2,0,0,0,0,0,0,0,0,0,0,0,0,0,0,0,0,0,0,0,0,0,0,1,329.2631219953055,1776.8351252307775,754.2202679822223,1850.1251705731663,13,-0.9659258262890684,-0.2588190451025208,0,0,1,7.213576107916666,7.415172003499999,6.843188409,8.886836191527777,19.35789605444444,19.90473764380556,19.814930444777776,20.89163533738889,125.87758148475,1116.548348416861,161.38882697286112,917.7112551677222
B4,roll_01,rf,2026-01-13 14:00:00+00:00,2026-01-13 15:00:00+00:00,0,1,2025-12-08T00:00:00+00:00,2026-01-12T00:00:00+00:00,2026-01-12T00:00:00+00:00,2026-01-19T00:00:00+00:00,1367.69234237475,1747.1889642608191,-379.4966218860691,1,low,0,0.0,0,2,0,0,0,0,0,0,0,0,0,0,0,0,0,0,0,0,0,0,0,0,0,0,1,967.2042220471388,1850.1251705731663,1500.3252466112224,2103.8606620909723,14,-0.8660254037844388,-0.4999999999999997,0,0,1,6.892581615,8.198499685916667,7.213576107916666,8.544484776166668,19.314774678777777,19.139504207694447,19.35789605444444,20.355432554527777,25.63169713905556,663.5079014291666,125.87758148475,366.2336248188056
B4,roll_01,rf,2026-01-13 15:00:00+00:00,2026-01-13 16:00:00+00:00,0,1,2025-12-08T00:00:00+00:00,2026-01-12T00:00:00+00:00,2026-01-12T00:00:00+00:00,2026-01-19T00:00:00+00:00,2518.591872478111,1504.2826239364638,1014.3092485416471,1,night,0,0.0,0,2,0,0,0,0,0,0,0,0,0,0,0,0,0,0,0,0,0,0,0,0,0,0,1,2273.575334169805,2103.8606620909723,586.6202596731389,1367.69234237475,15,-0.7071067811865479,-0.7071067811865471,0,0,1,6.473090648055556,5.914092417194445,6.892581615,6.644266975333334,18.981844509638886,18.79304255436111,19.314774678777777,19.053108088833334,0.0,15.213389246138886,25.63169713905556,29.778236451166663
B4,roll_01,rf,2026-01-13 16:00:00+00:00,2026-01-13 17:00:00+00:00,0,1,2025-12-08T00:00:00+00:00,2026-01-12T00:00:00+00:00,2026-01-12T00:00:00+00:00,2026-01-19T00:00:00+00:00,2818.4871972926667,2048.139417524595,770.3477797680716,0,night,0,0.0,0,2,0,0,0,0,0,0,0,0,0,0,0,0,0,0,0,0,0,0,0,0,0,0,1,1652.948210602611,1367.69234237475,1670.774375533639,2518.591872478111,16,-0.5000000000000004,-0.8660254037844385,0,0,1,5.85150787425,3.205580150638889,6.473090648055556,5.279263939527778,19.342884771027776,18.458215798833333,18.981844509638886,19.11104975583333,0.0,0.0,0.0,0.0
B4,roll_01,rf,2026-01-13 17:00:00+00:00,2026-01-13 18:00:00+00:00,0,1,2025-12-08T00:00:00+00:00,2026-01-12T00:00:00+00:00,2026-01-12T00:00:00+00:00,2026-01-19T00:00:00+00:00,1383.2154217488053,2183.0990680676396,-799.8836463188343,0,night,0,0.0,0,2,0,0,0,0,0,0,0,0,0,0,0,0,0,0,0,0,0,0,0,0,0,0,1,2089.0237929649165,2518.591872478111,893.0618960396945,2818.4871972926667,17,-0.2588190451025206,-0.9659258262890684,0,0,1,5.551368765666666,1.8742345198611112,5.85150787425,4.219392392722222,19.703703886777777,18.29836174063889,19.342884771027776,18.65615157883333,0.0,0.0,0.0,0.0
B4,roll_01,rf,2026-01-13 18:00:00+00:00,2026-01-13 19:00:00+00:00,0,1,2025-12-08T00:00:00+00:00,2026-01-12T00:00:00+00:00,2026-01-12T00:00:00+00:00,2026-01-19T00:00:00+00:00,962.6741752021112,1579.608044509171,-616.9338693070597,0,night,0,0.0,0,2,0,0,0,0,0,0,0,0,0,0,0,0,0,0,0,0,0,0,0,0,0,0,1,2541.390361368472,2818.4871972926667,2274.0885418814723,1383.2154217488053,18,-1.8369701987210292e-16,-1.0,0,0,1,5.565244997222223,1.24759949625,5.551368765666666,4.016366639916667,19.3371023785,18.92124357877778,19.703703886777777,19.38624729958333,0.0,0.0,0.0,0.0
B4,roll_01,rf,2026-01-13 19:00:00+00:00,2026-01-13 20:00:00+00:00,0,1,2025-12-08T00:00:00+00:00,2026-01-12T00:00:00+00:00,2026-01-12T00:00:00+00:00,2026-01-19T00:00:00+00:00,2371.2932299861945,954.2503080894307,1417.0429218967638,0,night,0,0.0,0,2,0,0,0,0,0,0,0,0,0,0,0,0,0,0,0,0,0,0,0,0,0,0,1,1259.8555531175557,1383.2154217488053,1365.6644136303612,962.6741752021112,19,0.2588190451025203,-0.9659258262890684,0,0,1,5.091562219055555,0.7831473823888889,5.565244997222223,3.884336086,19.555466913638888,18.88856847425,19.3371023785,19.382953398694443,0.0,0.0,0.0,0.0
B4,roll_01,rf,2026-01-13 20:00:00+00:00,2026-01-13 21:00:00+00:00,0,1,2025-12-08T00:00:00+00:00,2026-01-12T00:00:00+00:00,2026-01-12T00:00:00+00:00,2026-01-19T00:00:00+00:00,813.2224330626667,1940.3641298311024,-1127.1416967684358,0,night,0,0.0,0,2,0,0,0,0,0,0,0,0,0,0,0,0,0,0,0,0,0,0,0,0,0,0,1,856.5431156826388,962.6741752021112,653.7379858252777,2371.2932299861945,20,0.5000000000000001,-0.8660254037844386,0,0,1,5.033024918888889,0.3566097239722222,5.091562219055555,3.633355686611111,19.82183390566667,18.596562272777778,19.555466913638888,19.144044949,0.0,0.0,0.0,0.0
B4,roll_01,rf,2026-01-13 21:00:00+00:00,2026-01-13 22:00:00+00:00,0,1,2025-12-08T00:00:00+00:00,2026-01-12T00:00:00+00:00,2026-01-12T00:00:00+00:00,2026-01-19T00:00:00+00:00,1323.4556494799722,1200.0014662398044,123.45418324016782,0,night,0,0.0,0,1,0,0,0,0,0,0,0,0,0,0,0,0,0,0,0,0,0,0,0,0,0,0,1,575.4723228509444,2371.2932299861945,1060.23997367125,813.2224330626667,21,0.7071067811865474,-0.7071067811865477,0,0,1,4.900254803388889,0.3184367013611111,5.033024918888889,3.5082212590277777,19.92269649358333,18.56220642625,19.82183390566667,19.25061404477778,0.0,0.0,0.0,0.0
B4,roll_01,rf,2026-01-13 22:00:00+00:00,2026-01-13 23:00:00+00:00,0,1,2025-12-08T00:00:00+00:00,2026-01-12T00:00:00+00:00,2026-01-12T00:00:00+00:00,2026-01-19T00:00:00+00:00,690.983777113111,1215.749522846942,-524.765745733831,0,night,0,0.0,0,1,0,0,0,0,0,0,0,0,0,0,0,0,0,0,0,0,0,0,0,0,0,0,1,379.3353790977222,813.2224330626667,372.6696216118889,1323.4556494799722,22,0.8660254037844384,-0.5000000000000004,0,0,1,4.787616396777778,0.1134802030555555,4.900254803388889,3.508406459083333,19.833271056222223,18.7725153515,19.92269649358333,19.15334913905556,0.0,0.0,0.0,0.0
B4,roll_01,rf,2026-01-13 23:00:00+00:00,2026-01-14 00:00:00+00:00,0,1,2025-12-08T00:00:00+00:00,2026-01-12T00:00:00+00:00,2026-01-12T00:00:00+00:00,2026-01-19T00:00:00+00:00,373.91198171711113,838.0634153887639,-464.1514336716528,0,night,0,0.0,0,1,0,0,0,0,0,0,0,0,0,0,0,0,0,0,0,0,0,0,0,0,0,0,1,372.6325051877778,1323.4556494799722,368.2867205090556,690.983777113111,23,0.965925826289068,-0.2588190451025215,0,0,1,4.36980794625,-0.2452416142222222,4.787616396777778,3.994434357833333,19.88424536811112,18.993671222388887,19.833271056222223,19.462697947166664,0.0,0.0,0.0,0.0
B4,roll_01,rf,2026-01-14 05:00:00+00:00,2026-01-14 06:00:00+00:00,0,1,2025-12-08T00:00:00+00:00,2026-01-12T00:00:00+00:00,2026-01-12T00:00:00+00:00,2026-01-19T00:00:00+00:00,1951.7951114496389,2107.8487995884507,-156.05368813881182,0,night,0,0.0,0,1,0,0,0,0,0,0,0,0,0,0,0,0,0,0,0,0,0,0,0,0,0,0,2,2048.148801472083,1021.3973762487502,2001.738657636584,2059.780215135472,5,0.2588190451025207,0.9659258262890684,0,0,1,4.117087354722222,-2.138426025055556,4.003444144972222,4.516244777583333,20.124028981166667,19.57790496161111,20.134824625472223,20.02328279972222,0.0,0.0,0.0,0.0
B4,roll_01,rf,2026-01-14 06:00:00+00:00,2026-01-14 07:00:00+00:00,0,1,2025-12-08T00:00:00+00:00,2026-01-12T00:00:00+00:00,2026-01-12T00:00:00+00:00,2026-01-19T00:00:00+00:00,1687.1433126186946,1983.542149971933,-296.3988373532384,0,night,0,0.0,0,1,0,0,0,0,0,0,0,0,0,0,0,0,0,0,0,0,0,0,0,0,0,0,2,2144.072206509945,2059.780215135472,2099.6764230465,1951.7951114496389,6,6.123233995736766e-17,1.0,0,0,1,4.254348787194444,-2.334666141611111,4.117087354722222,4.763350271222222,19.934132118,19.242493166972224,20.124028981166667,19.945872866472225,0.0,0.0,0.0,0.0
B4,roll_01,rf,2026-01-14 07:00:00+00:00,2026-01-14 08:00:00+00:00,0,1,2025-12-08T00:00:00+00:00,2026-01-12T00:00:00+00:00,2026-01-12T00:00:00+00:00,2026-01-19T00:00:00+00:00,1700.1424731680556,1980.9889714827652,-280.8464983147096,1,night,0,0.0,0,1,0,0,0,0,0,0,0,0,0,0,0,0,0,0,0,0,0,0,0,0,0,0,2,1962.395727615584,1951.7951114496389,1798.5318447581387,1687.1433126186946,7,-0.2588190451025206,0.9659258262890684,0,0,1,4.355129028611111,-1.857353954,4.254348787194444,5.146098303527778,19.907104928583333,18.54471837513889,19.934132118,19.215107962944447,0.0,0.0,0.0,0.0
B4,roll_01,rf,2026-01-14 08:00:00+00:00,2026-01-14 09:00:00+00:00,0,1,2025-12-08T00:00:00+00:00,2026-01-12T00:00:00+00:00,2026-01-12T00:00:00+00:00,2026-01-19T00:00:00+00:00,1616.381493539,1906.7770366653392,-290.39554312633913,1,night,0,0.0,0,1,0,0,0,0,0,0,0,0,0,0,0,0,0,0,0,0,0,0,0,0,0,0,2,1449.9337721436666,1687.1433126186946,1792.85737564,1700.1424731680556,8,-0.4999999999999998,0.8660254037844387,0,0,1,4.627706611055555,-0.4426733692222222,4.355129028611111,5.574331767527777,20.452670910722222,19.39568181513889,19.907104928583333,19.78762391975,0.0,570.0789902141945,0.0,34.78762225408333
B4,roll_01,rf,2026-01-14 09:00:00+00:00,2026-01-14 10:00:00+00:00,0,1,2025-12-08T00:00:00+00:00,2026-01-12T00:00:00+00:00,2026-01-12T00:00:00+00:00,2026-01-19T00:00:00+00:00,1771.2370990303614,1373.8652008810416,397.3718981493198,1,low,0,0.0,0,2,0,0,0,0,0,0,0,0,0,0,0,0,0,0,0,0,0,0,0,0,0,0,2,1045.4205219210555,1700.1424731680556,1704.9205994411388,1616.381493539,9,-0.7071067811865475,0.7071067811865476,0,0,1,5.024308661138889,0.9949755484444444,4.627706611055555,5.704844287583334,20.41466703861111,20.01117311875,20.452670910722222,19.322890420722224,115.05220435744444,944.5843582863334,0.0,81.0947692918889
B4,roll_01,rf,2026-01-14 10:00:00+00:00,2026-01-14 11:00:00+00:00,0,1,2025-12-08T00:00:00+00:00,2026-01-12T00:00:00+00:00,2026-01-12T00:00:00+00:00,2026-01-19T00:00:00+00:00,1698.523145841389,1880.594101980523,-182.07095613913407,1,low,0,0.0,0,2,0,0,0,0,0,0,0,0,0,0,0,0,0,0,0,0,0,0,0,0,0,0,2,760.5154770373333,1616.381493539,1712.5081979704166,1771.2370990303614,10,-0.8660254037844387,0.4999999999999999,0,0,1,5.432306789416667,1.9578350736111112,5.024308661138889,6.065839095694444,20.172151427166664,20.312036394777778,20.41466703861111,19.53915467719445,33.43036787752778,1264.831612533833,115.05220435744444,75.89661000686111
B4,roll_01,rf,2026-01-14 11:00:00+00:00,2026-01-14 12:00:00+00:00,0,1,2025-12-08T00:00:00+00:00,2026-01-12T00:00:00+00:00,2026-01-12T00:00:00+00:00,2026-01-19T00:00:00+00:00,986.6906551339166,1865.8000744755532,-879.1094193416366,1,low,0,0.0,0,2,0,0,0,0,0,0,0,0,0,0,0,0,0,0,0,0,0,0,0,0,0,0,2,546.3529176781944,1771.2370990303614,1729.1863273721667,1698.523145841389,11,-0.9659258262890682,0.258819045102521,0,0,1,5.742981328027778,2.4392818327777777,5.432306789416667,6.411032006055556,19.860319106222224,24.623482295972224,20.172151427166664,20.10092485888889,89.70113270638889,1540.4049076230278,33.43036787752778,127.21179366422224
B4,roll_01,rf,2026-01-14 12:00:00+00:00,2026-01-14 13:00:00+00:00,0,1,2025-12-08T00:00:00+00:00,2026-01-12T00:00:00+00:00,2026-01-12T00:00:00+00:00,2026-01-19T00:00:00+00:00,1215.6235662438055,1145.8016071082627,69.82195913554278,1,low,0,0.0,0,2,0,0,0,0,0,0,0,0,0,0,0,0,0,0,0,0,0,0,0,0,0,0,2,756.1850252865555,1698.523145841389,1776.8351252307775,986.6906551339166,12,-1.0,1.2246467991473532e-16,0,0,1,6.181814728333333,3.0398306009166665,5.742981328027778,6.843188409,19.29081991602777,21.195236754666663,19.860319106222224,19.814930444777776,108.82108360533334,1439.505969516472,89.70113270638889,161.38882697286112
B4,roll_01,rf,2026-01-14 13:00:00+00:00,2026-01-14 14:00:00+00:00,0,1,2025-12-08T00:00:00+00:00,2026-01-12T00:00:00+00:00,2026-01-12T00:00:00+00:00,2026-01-19T00:00:00+00:00,1567.194707997861,1252.6558310975206,314.5388769003405,1,low,0,0.0,0,2,0,0,0,0,0,0,0,0,0,0,0,0,0,0,0,0,0,0,0,0,0,0,2,1302.286245294389,986.6906551339166,1850.1251705731663,1215.6235662438055,13,-0.9659258262890684,-0.2588190451025208,0,0,1,6.522614021444444,4.212726052527778,6.181814728333333,7.213576107916666,19.14399669966667,20.18060452627778,19.29081991602777,19.35789605444444,44.19311912005556,1182.3181012871669,108.82108360533334,125.87758148475
B4,roll_01,rf,2026-01-14 14:00:00+00:00,2026-01-14 15:00:00+00:00,0,1,2025-12-08T00:00:00+00:00,2026-01-12T00:00:00+00:00,2026-01-12T00:00:00+00:00,2026-01-19T00:00:00+00:00,1578.744458172111,1451.8923302966957,126.85212787541536,1,night,0,0.0,0,2,0,0,0,0,0,0,0,0,0,0,0,0,0,0,0,0,0,0,0,0,0,0,2,1726.787963903611,1215.6235662438055,2103.8606620909723,1567.194707997861,14,-0.8660254037844388,-0.4999999999999997,0,0,1,6.668629153166666,4.414327284722222,6.522614021444444,6.892581615,19.106394929388888,18.96121669636111,19.14399669966667,19.314774678777777,0.0,628.2047391991667,44.19311912005556,25.63169713905556
B4,roll_01,rf,2026-01-14 15:00:00+00:00,2026-01-14 16:00:00+00:00,0,1,2025-12-08T00:00:00+00:00,2026-01-12T00:00:00+00:00,2026-01-12T00:00:00+00:00,2026-01-19T00:00:00+00:00,1624.9310390754445,1579.0746261420693,45.85641293337517,1,night,0,0.0,0,2,0,0,0,0,0,0,0,0,0,0,0,0,0,0,0,0,0,0,0,0,0,0,2,2477.2962560777223,1567.194707997861,1367.69234237475,1578.744458172111,15,-0.7071067811865479,-0.7071067811865471,0,0,1,6.565780549027778,3.245419476666666,6.668629153166666,6.473090648055556,19.14164701436111,19.184675615388887,19.106394929388888,18.981844509638886,0.0,21.8963531215,0.0,0.0
B4,roll_01,rf,2026-01-14 16:00:00+00:00,2026-01-14 17:00:00+00:00,0,1,2025-12-08T00:00:00+00:00,2026-01-12T00:00:00+00:00,2026-01-12T00:00:00+00:00,2026-01-19T00:00:00+00:00,1793.6743844524724,1642.1330150100243,151.54136944244806,0,night,0,0.0,0,2,0,0,0,0,0,0,0,0,0,0,0,0,0,0,0,0,0,0,0,0,0,0,2,2736.9958837058616,1578.744458172111,2518.591872478111,1624.9310390754445,16,-0.5000000000000004,-0.8660254037844385,0,0,1,6.580184991083333,1.6886237109166666,6.565780549027778,5.85150787425,19.24061198258333,19.02204263538889,19.14164701436111,19.342884771027776,0.0,0.0,0.0,0.0
B4,roll_01,rf,2026-01-14 17:00:00+00:00,2026-01-14 18:00:00+00:00,0,1,2025-12-08T00:00:00+00:00,2026-01-12T00:00:00+00:00,2026-01-12T00:00:00+00:00,2026-01-19T00:00:00+00:00,1048.612189175861,2053.5379372354296,-1004.9257480595686,0,night,0,0.0,0,2,0,0,0,0,0,0,0,0,0,0,0,0,0,0,0,0,0,0,0,0,0,0,2,2262.745013387778,1624.9310390754445,2818.4871972926667,1793.6743844524724,17,-0.2588190451025206,-0.9659258262890684,0,0,1,6.7399584603888885,0.6640826144444444,6.580184991083333,5.551368765666666,18.989385271777778,19.445126605,19.24061198258333,19.703703886777777,0.0,0.0,0.0,0.0
B4,roll_01,rf,2026-01-14 18:00:00+00:00,2026-01-14 19:00:00+00:00,0,1,2025-12-08T00:00:00+00:00,2026-01-12T00:00:00+00:00,2026-01-12T00:00:00+00:00,2026-01-19T00:00:00+00:00,1797.1453520931666,1171.1842937638964,625.9610583292701,0,night,0,0.0,0,2,0,0,0,0,0,0,0,0,0,0,0,0,0,0,0,0,0,0,0,0,0,0,2,1568.7467902066112,1793.6743844524724,1383.2154217488053,1048.612189175861,18,-1.8369701987210292e-16,-1.0,0,0,1,7.065830788222222,0.0305977500833333,6.7399584603888885,5.565244997222223,19.395188082444445,19.31415853788889,18.989385271777778,19.3371023785,0.0,0.0,0.0,0.0
B4,roll_01,rf,2026-01-14 19:00:00+00:00,2026-01-14 20:00:00+00:00,0,1,2025-12-08T00:00:00+00:00,2026-01-12T00:00:00+00:00,2026-01-12T00:00:00+00:00,2026-01-19T00:00:00+00:00,741.7054459836112,1976.4908462392048,-1234.7854002555937,0,night,0,0.0,0,2,0,0,0,0,0,0,0,0,0,0,0,0,0,0,0,0,0,0,0,0,0,0,2,2191.9078966617776,1048.612189175861,962.6741752021112,1797.1453520931666,19,0.2588190451025203,-0.9659258262890684,0,0,1,6.7976319745,-0.5172285606388889,7.065830788222222,5.091562219055555,20.13497632016667,19.633846631416667,19.395188082444445,19.555466913638888,0.0,0.0,0.0,0.0
B4,roll_01,rf,2026-01-14 20:00:00+00:00,2026-01-14 21:00:00+00:00,0,1,2025-12-08T00:00:00+00:00,2026-01-12T00:00:00+00:00,2026-01-12T00:00:00+00:00,2026-01-19T00:00:00+00:00,554.3527368332501,1047.7765255076156,-493.4237886743655,0,night,0,0.0,0,2,0,0,0,0,0,0,0,0,0,0,0,0,0,0,0,0,0,0,0,0,0,0,2,974.76946242625,1797.1453520931666,2371.2932299861945,741.7054459836112,20,0.5000000000000001,-0.8660254037844386,0,0,1,6.660144965333333,-0.8401728560833334,6.7976319745,5.033024918888889,19.98757817386112,18.864326428194445,20.13497632016667,19.82183390566667,0.0,0.0,0.0,0.0
B4,roll_01,rf,2026-01-14 21:00:00+00:00,2026-01-14 22:00:00+00:00,0,1,2025-12-08T00:00:00+00:00,2026-01-12T00:00:00+00:00,2026-01-12T00:00:00+00:00,2026-01-19T00:00:00+00:00,374.6190320515,762.2954672576554,-387.6764352061554,0,night,0,0.0,0,2,0,0,0,0,0,0,0,0,0,0,0,0,0,0,0,0,0,0,0,0,0,0,2,588.3848682054444,741.7054459836112,813.2224330626667,554.3527368332501,21,0.7071067811865474,-0.7071067811865477,0,0,1,6.3999320517500005,-1.128014455416667,6.660144965333333,4.900254803388889,19.87022840075,18.75661051636111,19.98757817386112,19.92269649358333,0.0,0.0,0.0,0.0
B4,roll_01,rf,2026-01-15 04:00:00+00:00,2026-01-15 05:00:00+00:00,0,1,2025-12-08T00:00:00+00:00,2026-01-12T00:00:00+00:00,2026-01-12T00:00:00+00:00,2026-01-19T00:00:00+00:00,2039.245831840444,1090.7502277530668,948.4956040873772,0,night,0,0.0,0,2,0,0,0,0,0,0,0,0,0,0,0,0,0,0,0,0,0,0,0,0,0,0,3,1013.4860831681112,373.5574161077223,1021.3973762487502,1052.1522978683056,4,0.5000000000000001,0.8660254037844386,0,0,1,5.925028980166666,-2.941260518777778,5.914457750944444,4.003444144972222,20.59579628066667,19.30795908583333,20.35707342683333,20.134824625472223,0.0,0.0,0.0,0.0
B4,roll_01,rf,2026-01-15 05:00:00+00:00,2026-01-15 06:00:00+00:00,0,1,2025-12-08T00:00:00+00:00,2026-01-12T00:00:00+00:00,2026-01-12T00:00:00+00:00,2026-01-19T00:00:00+00:00,2008.2256900938053,2085.1224949944785,-76.89680490067326,0,night,0,0.0,0,2,0,0,0,0,0,0,0,0,0,0,0,0,0,0,0,0,0,0,0,0,0,0,3,2046.8079468206668,1052.1522978683056,2059.780215135472,2039.245831840444,5,0.2588190451025207,0.9659258262890684,0,0,1,5.866083384027778,-0.6244157646666665,5.925028980166666,4.117087354722222,20.27639611691667,19.49536178544444,20.59579628066667,20.124028981166667,0.0,0.0,0.0,0.0
B4,roll_01,rf,2026-01-15 06:00:00+00:00,2026-01-15 07:00:00+00:00,0,1,2025-12-08T00:00:00+00:00,2026-01-12T00:00:00+00:00,2026-01-12T00:00:00+00:00,2026-01-19T00:00:00+00:00,1864.800559224361,1981.2109256437013,-116.41036641934033,0,night,0,0.0,0,2,0,0,0,0,0,0,0,0,0,0,0,0,0,0,0,0,0,0,0,0,0,0,3,2002.5342499304168,2039.245831840444,1951.7951114496389,2008.2256900938053,6,6.123233995736766e-17,1.0,0,0,1,5.855689930055555,3.079196885472222,5.866083384027778,4.254348787194444,19.47680676319445,19.399240677722226,20.27639611691667,19.934132118,0.0,0.0,0.0,0.0
B4,roll_01,rf,2026-01-15 07:00:00+00:00,2026-01-15 08:00:00+00:00,0,1,2025-12-08T00:00:00+00:00,2026-01-12T00:00:00+00:00,2026-01-12T00:00:00+00:00,2026-01-19T00:00:00+00:00,1891.1646381102776,1962.2750965287848,-71.11045841850728,1,night,0,0.0,0,2,0,0,0,0,0,0,0,0,0,0,0,0,0,0,0,0,0,0,0,0,0,0,3,1850.8068317207776,2008.2256900938053,1687.1433126186946,1864.800559224361,7,-0.2588190451025206,0.9659258262890684,0,0,1,5.939965576,-2.460782343555556,5.855689930055555,4.355129028611111,18.746181867083333,19.351266054333333,19.47680676319445,19.907104928583333,0.0,0.0,0.0,0.0
B4,roll_01,rf,2026-01-15 08:00:00+00:00,2026-01-15 09:00:00+00:00,0,1,2025-12-08T00:00:00+00:00,2026-01-12T00:00:00+00:00,2026-01-12T00:00:00+00:00,2026-01-19T00:00:00+00:00,1853.015352479528,1767.19283169479,85.82252078473812,1,night,0,0.0,0,2,0,0,0,0,0,0,0,0,0,0,0,0,0,0,0,0,0,0,0,0,0,0,3,1538.5037201446942,1864.800559224361,1700.1424731680556,1891.1646381102776,8,-0.4999999999999998,0.8660254037844387,0,0,1,6.0540732603333325,-1.67364147725,5.939965576,4.627706611055555,19.051684740972224,19.74709173080556,18.746181867083333,20.452670910722222,0.0,469.6490468964166,0.0,0.0
B4,roll_01,rf,2026-01-15 09:00:00+00:00,2026-01-15 10:00:00+00:00,0,1,2025-12-08T00:00:00+00:00,2026-01-12T00:00:00+00:00,2026-01-12T00:00:00+00:00,2026-01-19T00:00:00+00:00,1753.4225527633614,1677.7077135228542,75.71483924050722,1,low,0,0.0,0,2,0,0,0,0,0,0,0,0,0,0,0,0,0,0,0,0,0,0,0,0,0,0,3,1246.2386662023334,1891.1646381102776,1616.381493539,1853.015352479528,9,-0.7071067811865475,0.7071067811865476,0,0,1,6.356309699972222,-0.3285788842222222,6.0540732603333325,5.024308661138889,20.157227171944445,19.877910395111112,19.051684740972224,20.41466703861111,71.04931229527777,693.6095931546666,0.0,115.05220435744444
B4,roll_01,rf,2026-01-15 10:00:00+00:00,2026-01-15 11:00:00+00:00,0,1,2025-12-08T00:00:00+00:00,2026-01-12T00:00:00+00:00,2026-01-12T00:00:00+00:00,2026-01-19T00:00:00+00:00,1683.7846975026666,1748.4904512475039,-64.70575374483724,1,low,0,0.0,0,2,0,0,0,0,0,0,0,0,0,0,0,0,0,0,0,0,0,0,0,0,0,0,3,1154.3803733119444,1853.015352479528,1771.2370990303614,1753.4225527633614,10,-0.8660254037844387,0.4999999999999999,0,0,1,7.095990240444444,0.9859336270277778,6.356309699972222,5.432306789416667,19.88121188980556,20.16940789636111,20.157227171944445,20.172151427166664,190.55258295625003,861.0507605769722,71.04931229527777,33.43036787752778
B4,roll_01,rf,2026-01-15 11:00:00+00:00,2026-01-15 12:00:00+00:00,0,1,2025-12-08T00:00:00+00:00,2026-01-12T00:00:00+00:00,2026-01-12T00:00:00+00:00,2026-01-19T00:00:00+00:00,662.9256880891389,1699.7075579517973,-1036.7818698626584,1,low,0,0.0,0,2,0,0,0,0,0,0,0,0,0,0,0,0,0,0,0,0,0,0,0,0,0,0,3,1112.5980900928612,1753.4225527633614,1698.523145841389,1683.7846975026666,11,-0.9659258262890682,0.258819045102521,0,0,1,7.735721079805555,2.126837025805556,7.095990240444444,5.742981328027778,23.38672065052777,23.31224428980555,19.88121188980556,19.860319106222224,176.48683570197224,913.1481082111112,190.55258295625003,89.70113270638889
B4,roll_01,rf,2026-01-15 12:00:00+00:00,2026-01-15 13:00:00+00:00,0,1,2025-12-08T00:00:00+00:00,2026-01-12T00:00:00+00:00,2026-01-12T00:00:00+00:00,2026-01-19T00:00:00+00:00,1670.502586263833,1072.9539246133706,597.5486616504625,1,low,0,0.0,0,2,0,0,0,0,0,0,0,0,0,0,0,0,0,0,0,0,0,0,0,0,0,0,3,697.50058879075,1683.7846975026666,986.6906551339166,662.9256880891389,12,-1.0,1.2246467991473532e-16,0,0,1,7.640280755611111,4.213676707777778,7.735721079805555,6.181814728333333,18.96813179475,26.38240086858333,23.38672065052777,19.29081991602777,137.67527449247223,1404.1620500711945,176.48683570197224,108.82108360533334
B4,roll_01,rf,2026-01-15 13:00:00+00:00,2026-01-15 14:00:00+00:00,0,1,2025-12-08T00:00:00+00:00,2026-01-12T00:00:00+00:00,2026-01-12T00:00:00+00:00,2026-01-19T00:00:00+00:00,1481.236402503917,1626.900566331909,-145.66416382799207,1,low,0,0.0,0,2,0,0,0,0,0,0,0,0,0,0,0,0,0,0,0,0,0,0,0,0,0,0,3,1350.37595587875,662.9256880891389,1215.6235662438055,1670.502586263833,13,-0.9659258262890684,-0.2588190451025208,0,0,1,7.717073466916666,6.541272591666668,7.640280755611111,6.522614021444444,19.995219474666666,20.230652662666667,18.96813179475,19.14399669966667,89.73333983747223,1169.0765104621112,137.67527449247223,44.19311912005556
B4,roll_01,rf,2026-01-15 14:00:00+00:00,2026-01-15 15:00:00+00:00,0,1,2025-12-08T00:00:00+00:00,2026-01-12T00:00:00+00:00,2026-01-12T00:00:00+00:00,2026-01-19T00:00:00+00:00,885.3972389852223,1448.4676008443212,-563.0703618590989,1,low,0,0.0,0,2,0,0,0,0,0,0,0,0,0,0,0,0,0,0,0,0,0,0,0,0,0,0,3,1705.890929453528,1670.502586263833,1567.194707997861,1481.236402503917,14,-0.8660254037844388,-0.4999999999999997,0,0,1,7.777161936083334,8.226870102805556,7.717073466916666,6.668629153166666,18.998335135416667,19.974297232666665,19.995219474666666,19.106394929388888,15.6927846945,631.2471208811944,89.73333983747223,0.0
B4,roll_01,rf,2026-01-15 15:00:00+00:00,2026-01-15 16:00:00+00:00,0,1,2025-12-08T00:00:00+00:00,2026-01-12T00:00:00+00:00,2026-01-12T00:00:00+00:00,2026-01-19T00:00:00+00:00,1797.5373261431112,1286.7612620204889,510.7760641226223,1,night,0,0.0,0,2,0,0,0,0,0,0,0,0,0,0,0,0,0,0,0,0,0,0,0,0,0,0,3,2587.529739670056,1481.236402503917,1578.744458172111,885.3972389852223,15,-0.7071067811865479,-0.7071067811865471,0,0,1,7.587229790388889,7.3480560154444445,7.777161936083334,6.565780549027778,18.903532724861112,19.38427655861111,18.998335135416667,19.14164701436111,0.0,26.18345503047222,15.6927846945,0.0
B4,roll_01,rf,2026-01-15 16:00:00+00:00,2026-01-15 17:00:00+00:00,0,1,2025-12-08T00:00:00+00:00,2026-01-12T00:00:00+00:00,2026-01-12T00:00:00+00:00,2026-01-19T00:00:00+00:00,1346.1776368881667,1935.873300388972,-589.6956635008053,0,night,0,0.0,0,2,0,0,0,0,0,0,0,0,0,0,0,0,0,0,0,0,0,0,0,0,0,0,3,2568.744366554028,885.3972389852223,1624.9310390754445,1797.5373261431112,16,-0.5000000000000004,-0.8660254037844385,0,0,1,7.352740038694445,4.011567114111111,7.587229790388889,6.580184991083333,19.207566096138887,19.342780857222223,18.903532724861112,19.24061198258333,0.0,0.0,0.0,0.0
B4,roll_01,rf,2026-01-15 17:00:00+00:00,2026-01-15 18:00:00+00:00,0,1,2025-12-08T00:00:00+00:00,2026-01-12T00:00:00+00:00,2026-01-12T00:00:00+00:00,2026-01-19T00:00:00+00:00,2386.9593965361114,1270.0953546906235,1116.864041845488,0,night,0,0.0,0,2,0,0,0,0,0,0,0,0,0,0,0,0,0,0,0,0,0,0,0,0,0,0,3,2405.933929940611,1797.5373261431112,1793.6743844524724,1346.1776368881667,17,-0.2588190451025206,-0.9659258262890684,0,0,1,7.210672752555555,2.5370079282777778,7.352740038694445,6.7399584603888885,19.75528769888889,19.64785988936111,19.207566096138887,18.989385271777778,0.0,0.0,0.0,0.0
B4,roll_01,rf,2026-01-15 18:00:00+00:00,2026-01-15 19:00:00+00:00,0,1,2025-12-08T00:00:00+00:00,2026-01-12T00:00:00+00:00,2026-01-12T00:00:00+00:00,2026-01-19T00:00:00+00:00,1666.5948316020276,2014.3742715867884,-347.77943998476076,0,night,0,0.0,0,2,0,0,0,0,0,0,0,0,0,0,0,0,0,0,0,0,0,0,0,0,0,0,3,2399.449532727612,1346.1776368881667,1048.612189175861,2386.9593965361114,18,-1.8369701987210292e-16,-1.0,0,0,1,6.914773931666667,2.022283620583333,7.210672752555555,7.065830788222222,19.750921251194445,19.25424490305556,19.75528769888889,19.395188082444445,0.0,0.0,0.0,0.0
B4,roll_01,rf,2026-01-15 19:00:00+00:00,2026-01-15 20:00:00+00:00,0,1,2025-12-08T00:00:00+00:00,2026-01-12T00:00:00+00:00,2026-01-12T00:00:00+00:00,2026-01-19T00:00:00+00:00,1076.4033323202225,1902.2449872802572,-825.8416549600347,0,night,0,0.0,0,2,0,0,0,0,0,0,0,0,0,0,0,0,0,0,0,0,0,0,0,0,0,0,3,1431.48542243675,2386.9593965361114,1797.1453520931666,1666.5948316020276,19,0.2588190451025203,-0.9659258262890684,0,0,1,6.321510255361112,1.780326929388889,6.914773931666667,6.7976319745,19.999823462166667,18.966781092166663,19.750921251194445,20.13497632016667,0.0,0.0,0.0,0.0
B4,roll_01,rf,2026-01-15 20:00:00+00:00,2026-01-15 21:00:00+00:00,0,1,2025-12-08T00:00:00+00:00,2026-01-12T00:00:00+00:00,2026-01-12T00:00:00+00:00,2026-01-19T00:00:00+00:00,1005.1173250451112,1090.6849620778307,-85.56763703271952,0,night,0,0.0,0,2,0,0,0,0,0,0,0,0,0,0,0,0,0,0,0,0,0,0,0,0,0,0,3,898.016377999889,1666.5948316020276,741.7054459836112,1076.4033323202225,20,0.5000000000000001,-0.8660254037844386,0,0,1,6.225941869694444,1.6461886253888889,6.321510255361112,6.660144965333333,19.716939268694443,18.956287759888887,19.999823462166667,19.98757817386112,0.0,0.0,0.0,0.0
B4,roll_01,rf,2026-01-16 05:00:00+00:00,2026-01-16 06:00:00+00:00,0,1,2025-12-08T00:00:00+00:00,2026-01-12T00:00:00+00:00,2026-01-12T00:00:00+00:00,2026-01-19T00:00:00+00:00,2477.7992105114445,2061.7141485195234,416.08506199192107,0,night,0,0.0,0,2,0,0,0,0,0,0,0,0,0,0,0,0,0,0,0,0,0,0,0,0,0,0,4,2047.0297009597773,1076.4506056084722,2039.245831840444,2002.717169422556,5,0.2588190451025207,0.9659258262890684,0,0,1,6.480166650444445,1.1214002574722222,6.319809020444445,5.866083384027778,20.62937870683333,19.720601895472225,20.54722971761112,20.27639611691667,0.0,0.0,0.0,0.0
B4,roll_01,rf,2026-01-16 06:00:00+00:00,2026-01-16 07:00:00+00:00,0,1,2025-12-08T00:00:00+00:00,2026-01-12T00:00:00+00:00,2026-01-12T00:00:00+00:00,2026-01-19T00:00:00+00:00,2372.8508934692777,1986.7314381059643,386.11945536331336,0,night,0,0.0,0,2,0,0,0,0,0,0,0,0,0,0,0,0,0,0,0,0,0,0,0,0,0,0,4,2558.245225021167,2002.717169422556,2008.2256900938053,2477.7992105114445,6,6.123233995736766e-17,1.0,0,0,1,6.526934920555555,1.056097709888889,6.480166650444445,5.855689930055555,19.989256890694445,19.32600380038889,20.62937870683333,19.47680676319445,0.0,0.0,0.0,0.0
B4,roll_01,rf,2026-01-16 07:00:00+00:00,2026-01-16 08:00:00+00:00,0,1,2025-12-08T00:00:00+00:00,2026-01-12T00:00:00+00:00,2026-01-12T00:00:00+00:00,2026-01-19T00:00:00+00:00,1713.0605896702225,1997.3686394876408,-284.30804981741835,1,night,0,0.0,0,2,0,0,0,0,0,0,0,0,0,0,0,0,0,0,0,0,0,0,0,0,0,0,4,1917.6388459600832,2477.7992105114445,1864.800559224361,2372.8508934692777,7,-0.2588190451025206,0.9659258262890684,0,0,1,6.51837168525,0.6626632042222222,6.526934920555555,5.939965576,19.50656841447222,18.792866169333333,19.989256890694445,18.746181867083333,0.0,0.0,0.0,0.0
B4,roll_01,rf,2026-01-16 08:00:00+00:00,2026-01-16 09:00:00+00:00,0,1,2025-12-08T00:00:00+00:00,2026-01-12T00:00:00+00:00,2026-01-12T00:00:00+00:00,2026-01-19T00:00:00+00:00,1442.9932598915832,1906.0323025894625,-463.03904269787927,1,low,0,0.0,0,2,0,0,0,0,0,0,0,0,0,0,0,0,0,0,0,0,0,0,0,0,0,0,4,2537.646863457084,2372.8508934692777,1891.1646381102776,1713.0605896702225,8,-0.4999999999999998,0.8660254037844387,0,0,1,6.70613304075,0.6523814971388889,6.51837168525,6.0540732603333325,19.7554677515,19.253292459972226,19.50656841447222,19.051684740972224,219.2942974313056,14.120518125916668,0.0,0.0
B4,roll_01,rf,2026-01-16 09:00:00+00:00,2026-01-16 10:00:00+00:00,0,1,2025-12-08T00:00:00+00:00,2026-01-12T00:00:00+00:00,2026-01-12T00:00:00+00:00,2026-01-19T00:00:00+00:00,1623.9131629396943,1235.0729407657725,388.8402221739218,1,low,0,0.0,0,2,0,0,0,0,0,0,0,0,0,0,0,0,0,0,0,0,0,0,0,0,0,0,4,1822.7418795589167,1713.0605896702225,1853.015352479528,1442.9932598915832,9,-0.7071067811865475,0.7071067811865476,0,0,1,7.120510198722222,1.1128761986666664,6.70613304075,6.356309699972222,19.877659039055555,19.4775917105,19.7554677515,20.157227171944445,397.3280925458334,72.10103886938889,219.2942974313056,71.04931229527777
B4,roll_01,rf,2026-01-16 10:00:00+00:00,2026-01-16 11:00:00+00:00,0,1,2025-12-08T00:00:00+00:00,2026-01-12T00:00:00+00:00,2026-01-12T00:00:00+00:00,2026-01-19T00:00:00+00:00,490.20504058097225,1422.2018382909562,-931.9967977099839,1,low,0,0.0,0,2,0,0,0,0,0,0,0,0,0,0,0,0,0,0,0,0,0,0,0,0,0,0,4,1791.9841544997778,1442.9932598915832,1753.4225527633614,1623.9131629396943,10,-0.8660254037844387,0.4999999999999999,0,0,1,7.606124750555556,1.98489638075,7.120510198722222,7.095990240444444,19.85123305425,19.35161868911111,19.877659039055555,19.88121188980556,176.83669021891663,151.29219367175003,397.3280925458334,190.55258295625003
B4,roll_01,rf,2026-01-16 11:00:00+00:00,2026-01-16 12:00:00+00:00,0,1,2025-12-08T00:00:00+00:00,2026-01-12T00:00:00+00:00,2026-01-12T00:00:00+00:00,2026-01-19T00:00:00+00:00,1595.4900083538612,991.500447197273,603.9895611565881,1,low,0,0.0,0,2,0,0,0,0,0,0,0,0,0,0,0,0,0,0,0,0,0,0,0,0,0,0,4,1919.5265633675,1623.9131629396943,1683.7846975026666,490.20504058097225,11,-0.9659258262890682,0.258819045102521,0,0,1,8.054131653722223,2.262476912472222,7.606124750555556,7.735721079805555,19.50173812611111,19.35153318558333,19.85123305425,23.38672065052777,96.41320922194444,139.91217718894444,176.83669021891663,176.48683570197224
B4,roll_01,rf,2026-01-16 12:00:00+00:00,2026-01-16 13:00:00+00:00,0,1,2025-12-08T00:00:00+00:00,2026-01-12T00:00:00+00:00,2026-01-12T00:00:00+00:00,2026-01-19T00:00:00+00:00,701.5758242305001,1310.8854309712922,-609.3096067407921,1,low,0,0.0,0,2,0,0,0,0,0,0,0,0,0,0,0,0,0,0,0,0,0,0,0,0,0,0,4,2047.703922921584,490.20504058097225,662.9256880891389,1595.4900083538612,12,-1.0,1.2246467991473532e-16,0,0,1,7.894125589972222,2.847650250777777,8.054131653722223,7.640280755611111,19.87244296738889,19.16837650158333,19.50173812611111,18.96813179475,92.09759563077776,186.2105002900278,96.41320922194444,137.67527449247223
B4,roll_01,rf,2026-01-16 13:00:00+00:00,2026-01-16 14:00:00+00:00,0,1,2025-12-08T00:00:00+00:00,2026-01-12T00:00:00+00:00,2026-01-12T00:00:00+00:00,2026-01-19T00:00:00+00:00,1952.1323181944445,1088.8459588102373,863.2863593842071,1,low,0,0.0,0,2,0,0,0,0,0,0,0,0,0,0,0,0,0,0,0,0,0,0,0,0,0,0,4,2327.2743383188613,1595.4900083538612,1670.502586263833,701.5758242305001,13,-0.9659258262890684,-0.2588190451025208,0,0,1,8.179940411916666,3.145696257361111,7.894125589972222,7.717073466916666,19.473662514111112,19.27161853116667,19.87244296738889,19.995219474666666,166.040840057,200.4210866871111,92.09759563077776,89.73333983747223
B4,roll_01,rf,2026-01-16 14:00:00+00:00,2026-01-16 15:00:00+00:00,0,1,2025-12-08T00:00:00+00:00,2026-01-12T00:00:00+00:00,2026-01-12T00:00:00+00:00,2026-01-19T00:00:00+00:00,573.8755752583612,1842.5739848156836,-1268.6984095573225,1,low,0,0.0,0,2,0,0,0,0,0,0,0,0,0,0,0,0,0,0,0,0,0,0,0,0,0,0,4,2475.2395324104723,701.5758242305001,1481.236402503917,1952.1323181944445,14,-0.8660254037844388,-0.4999999999999997,0,0,1,8.302941039805555,3.133072349583333,8.179940411916666,7.777161936083334,19.448341239055555,19.35677616725,19.473662514111112,18.998335135416667,27.528722678833333,82.43391365811111,166.040840057,15.6927846945
B4,roll_01,rf,2026-01-16 15:00:00+00:00,2026-01-16 16:00:00+00:00,0,1,2025-12-08T00:00:00+00:00,2026-01-12T00:00:00+00:00,2026-01-12T00:00:00+00:00,2026-01-19T00:00:00+00:00,1748.7442167502777,1097.19387416978,651.5503425804977,1,night,0,0.0,0,2,0,0,0,0,0,0,0,0,0,0,0,0,0,0,0,0,0,0,0,0,0,0,4,2099.886327037028,1952.1323181944445,885.3972389852223,573.8755752583612,15,-0.7071067811865479,-0.7071067811865471,0,0,1,8.416783751555556,2.6290986734444446,8.302941039805555,7.587229790388889,18.75333884008333,19.360987204416663,19.448341239055555,18.903532724861112,0.0,0.0,27.528722678833333,0.0
B4,roll_01,rf,2026-01-16 16:00:00+00:00,2026-01-16 17:00:00+00:00,0,1,2025-12-08T00:00:00+00:00,2026-01-12T00:00:00+00:00,2026-01-12T00:00:00+00:00,2026-01-19T00:00:00+00:00,1779.3662909536945,1801.8804772486105,-22.514186294916044,0,night,0,0.0,0,2,0,0,0,0,0,0,0,0,0,0,0,0,0,0,0,0,0,0,0,0,0,0,4,2043.670283908889,573.8755752583612,1797.5373261431112,1748.7442167502777,16,-0.5000000000000004,-0.8660254037844385,0,0,1,8.520774253777779,1.939139476805556,8.416783751555556,7.352740038694445,20.16664298611111,19.85295864,18.75333884008333,19.207566096138887,0.0,0.0,0.0,0.0
B4,roll_01,rf,2026-01-16 17:00:00+00:00,2026-01-16 18:00:00+00:00,0,1,2025-12-08T00:00:00+00:00,2026-01-12T00:00:00+00:00,2026-01-12T00:00:00+00:00,2026-01-19T00:00:00+00:00,1926.1523590546667,2003.2141994892327,-77.06184043456597,0,night,0,0.0,0,2,0,0,0,0,0,0,0,0,0,0,0,0,0,0,0,0,0,0,0,0,0,0,4,2019.3687657176667,1748.7442167502777,1346.1776368881667,1779.3662909536945,17,-0.2588190451025206,-0.9659258262890684,0,0,1,8.07320388525,1.217477908166667,8.520774253777779,7.210672752555555,19.575921534027778,19.835660268583336,20.16664298611111,19.75528769888889,0.0,0.0,0.0,0.0
B4,roll_01,rf,2026-01-16 18:00:00+00:00,2026-01-16 19:00:00+00:00,0,1,2025-12-08T00:00:00+00:00,2026-01-12T00:00:00+00:00,2026-01-12T00:00:00+00:00,2026-01-19T00:00:00+00:00,3573.4096695315,1944.6958931052618,1628.7137764262384,0,night,0,0.0,0,2,0,0,0,0,0,0,0,0,0,0,0,0,0,0,0,0,0,0,0,0,0,0,4,1954.244045320861,1779.3662909536945,2386.9593965361114,1926.1523590546667,18,-1.8369701987210292e-16,-1.0,0,0,1,7.896998074444444,0.9289692113611112,8.07320388525,6.914773931666667,18.97882240377778,19.23678338988889,19.575921534027778,19.750921251194445,0.0,0.0,0.0,0.0
B4,roll_01,rf,2026-01-16 19:00:00+00:00,2026-01-16 20:00:00+00:00,0,1,2025-12-08T00:00:00+00:00,2026-01-12T00:00:00+00:00,2026-01-12T00:00:00+00:00,2026-01-19T00:00:00+00:00,2754.500442691028,2865.324553881156,-110.82411119012795,0,night,0,0.0,0,2,0,0,0,0,0,0,0,0,0,0,0,0,0,0,0,0,0,0,0,0,0,0,4,2342.330235312528,1926.1523590546667,1666.5948316020276,3573.4096695315,19,0.2588190451025203,-0.9659258262890684,0,0,1,7.825703813444444,0.4092512743333333,7.896998074444444,6.321510255361112,18.995995310777776,19.81287825277778,18.97882240377778,19.999823462166667,0.0,0.0,0.0,0.0
B4,roll_01,rf,2026-01-16 20:00:00+00:00,2026-01-16 21:00:00+00:00,0,1,2025-12-08T00:00:00+00:00,2026-01-12T00:00:00+00:00,2026-01-12T00:00:00+00:00,2026-01-19T00:00:00+00:00,2483.442940576528,2062.739648341059,420.70329223546923,0,night,0,0.0,0,2,0,0,0,0,0,0,0,0,0,0,0,0,0,0,0,0,0,0,0,0,0,0,4,1013.7995625885,3573.4096695315,1076.4033323202225,2754.500442691028,20,0.5000000000000001,-0.8660254037844386,0,0,1,7.709597783944445,0.2515169523333333,7.825703813444444,6.225941869694444,18.76334915180556,19.45130526275,18.995995310777776,19.716939268694443,0.0,0.0,0.0,0.0
B4,roll_01,rf,2026-01-16 21:00:00+00:00,2026-01-16 22:00:00+00:00,0,1,2025-12-08T00:00:00+00:00,2026-01-12T00:00:00+00:00,2026-01-12T00:00:00+00:00,2026-01-19T00:00:00+00:00,2471.681181403111,2068.8273953224716,402.85378608063957,0,night,0,0.0,0,2,0,0,0,0,0,0,0,0,0,0,0,0,0,0,0,0,0,0,0,0,0,0,4,725.7640030931667,2754.500442691028,1005.1173250451112,2483.442940576528,21,0.7071067811865474,-0.7071067811865477,0,0,1,7.793732041944445,0.3369316828611111,7.709597783944445,6.317871820055555,19.09072242922222,19.53672851780556,18.76334915180556,19.756443385166666,0.0,0.0,0.0,0.0
B4,roll_01,rf,2026-01-16 22:00:00+00:00,2026-01-16 23:00:00+00:00,0,1,2025-12-08T00:00:00+00:00,2026-01-12T00:00:00+00:00,2026-01-12T00:00:00+00:00,2026-01-19T00:00:00+00:00,2428.759211638084,2028.5902422360505,400.1689694020333,0,night,0,0.0,0,2,0,0,0,0,0,0,0,0,0,0,0,0,0,0,0,0,0,0,0,0,0,0,4,457.7714818046389,2483.442940576528,480.00597344519446,2471.681181403111,22,0.8660254037844384,-0.5000000000000004,0,0,1,7.769939707083334,-0.0993964285555555,7.793732041944445,6.12952082225,18.72444743175,19.54568773958333,19.09072242922222,19.991357907416667,0.0,0.0,0.0,0.0
B4,roll_01,rf,2026-01-17 06:00:00+00:00,2026-01-17 07:00:00+00:00,0,1,2025-12-08T00:00:00+00:00,2026-01-12T00:00:00+00:00,2026-01-12T00:00:00+00:00,2026-01-19T00:00:00+00:00,2341.329542084556,2100.192148701272,241.13739338328423,0,night,0,0.0,0,2,0,0,0,0,0,0,0,0,0,0,0,0,0,0,0,0,0,0,0,0,0,0,5,1945.5007948983048,3319.657065773777,2477.7992105114445,2391.335260368139,6,6.123233995736766e-17,1.0,0,1,1,7.25766445075,-2.355004694305556,7.177631668333333,6.526934920555555,19.974863173472222,20.04035808886111,19.9944225565,19.989256890694445,0.0,0.0,0.0,0.0
B4,roll_01,rf,2026-01-17 07:00:00+00:00,2026-01-17 08:00:00+00:00,0,1,2025-12-08T00:00:00+00:00,2026-01-12T00:00:00+00:00,2026-01-12T00:00:00+00:00,2026-01-19T00:00:00+00:00,2591.676535681584,1860.8657172110445,730.8108184705395,1,night,0,0.0,0,2,0,0,0,0,0,0,0,0,0,0,0,0,0,0,0,0,0,0,0,0,0,0,5,1939.5566896918056,2391.335260368139,2372.8508934692777,2341.329542084556,7,-0.2588190451025206,0.9659258262890684,0,1,1,7.383881055833334,-1.7362753571111111,7.25766445075,6.51837168525,19.685817555194443,19.88623256588889,19.974863173472222,19.50656841447222,0.0,0.0,0.0,0.0
B4,roll_01,rf,2026-01-17 08:00:00+00:00,2026-01-17 09:00:00+00:00,0,1,2025-12-08T00:00:00+00:00,2026-01-12T00:00:00+00:00,2026-01-12T00:00:00+00:00,2026-01-19T00:00:00+00:00,876.2151453261389,1741.8899428505813,-865.6747975244424,1,low,0,0.0,0,2,0,0,0,0,0,0,0,0,0,0,0,0,0,0,0,0,0,0,0,0,0,0,5,2127.9194307847497,2341.329542084556,1713.0605896702225,2591.676535681584,8,-0.4999999999999998,0.8660254037844387,0,1,1,8.121707604333332,-0.6168132006111111,7.383881055833334,6.70613304075,18.96465682683333,20.158948159944444,19.685817555194443,19.7554677515,28.95708092888889,164.63475525730556,0.0,219.2942974313056
B4,roll_01,rf,2026-01-17 09:00:00+00:00,2026-01-17 10:00:00+00:00,0,1,2025-12-08T00:00:00+00:00,2026-01-12T00:00:00+00:00,2026-01-12T00:00:00+00:00,2026-01-19T00:00:00+00:00,1362.1403257086388,1372.9369099311239,-10.79658422248508,1,low,0,0.0,0,2,0,0,0,0,0,0,0,0,0,0,0,0,0,0,0,0,0,0,0,0,0,0,5,2000.1470279075832,2591.676535681584,1442.9932598915832,876.2151453261389,9,-0.7071067811865475,0.7071067811865476,0,1,1,8.751546623111112,0.3761252006388889,8.121707604333332,7.120510198722222,19.20686476825,19.84720943294444,18.96465682683333,19.877659039055555,108.89878298597222,219.52816927322223,28.95708092888889,397.3280925458334
B4,roll_01,rf,2026-01-17 10:00:00+00:00,2026-01-17 11:00:00+00:00,0,1,2025-12-08T00:00:00+00:00,2026-01-12T00:00:00+00:00,2026-01-12T00:00:00+00:00,2026-01-19T00:00:00+00:00,851.023270576111,998.7201216880585,-147.69685111194747,1,low,0,0.0,0,2,0,0,0,0,0,0,0,0,0,0,0,0,0,0,0,0,0,0,0,0,0,0,5,1770.5304107042775,876.2151453261389,1623.9131629396943,1362.1403257086388,10,-0.8660254037844387,0.4999999999999999,0,1,1,9.078067266305556,1.4439068936666668,8.751546623111112,7.606124750555556,19.716803649722223,20.237300741805555,19.20686476825,19.85123305425,221.86114629477777,551.1737871601666,108.89878298597222,176.83669021891663
B4,roll_01,rf,2026-01-17 11:00:00+00:00,2026-01-17 12:00:00+00:00,0,1,2025-12-08T00:00:00+00:00,2026-01-12T00:00:00+00:00,2026-01-12T00:00:00+00:00,2026-01-19T00:00:00+00:00,375.1866214471667,1051.374480738425,-676.1878592912583,1,low,0,0.0,0,2,0,0,0,0,0,0,0,0,0,0,0,0,0,0,0,0,0,0,0,0,0,0,5,2099.097986216222,1362.1403257086388,490.20504058097225,851.023270576111,11,-0.9659258262890682,0.258819045102521,0,1,1,9.67168500638889,2.9905849596666667,9.078067266305556,8.054131653722223,18.94777081475,20.504398869444447,19.716803649722223,19.50173812611111,186.94326531838888,858.4309824759999,221.86114629477777,96.41320922194444
B4,roll_01,rf,2026-01-17 12:00:00+00:00,2026-01-17 13:00:00+00:00,0,1,2025-12-08T00:00:00+00:00,2026-01-12T00:00:00+00:00,2026-01-12T00:00:00+00:00,2026-01-19T00:00:00+00:00,1125.2122855051666,840.8105498362681,284.4017356688985,1,low,0,0.0,0,3,0,0,0,0,0,0,0,0,0,0,0,0,0,0,0,0,0,0,0,0,0,0,5,2066.14777083575,851.023270576111,1595.4900083538612,375.1866214471667,12,-1.0,1.2246467991473532e-16,0,1,1,10.057301476,4.761432523472222,9.67168500638889,7.894125589972222,18.284649789444444,20.939178619722224,18.94777081475,19.87244296738889,275.0773129497222,953.5674782859444,186.94326531838888,92.09759563077776
B4,roll_01,rf,2026-01-17 13:00:00+00:00,2026-01-17 14:00:00+00:00,0,1,2025-12-08T00:00:00+00:00,2026-01-12T00:00:00+00:00,2026-01-12T00:00:00+00:00,2026-01-19T00:00:00+00:00,553.7227735364166,1237.2121148796173,-683.4893413432006,1,low,0,0.0,0,3,0,0,0,0,0,0,0,0,0,0,0,0,0,0,0,0,0,0,0,0,0,0,5,1718.2276665944446,375.1866214471667,701.5758242305001,1125.2122855051666,13,-0.9659258262890684,-0.2588190451025208,0,1,1,10.579499319583332,5.844635727916667,10.057301476,8.179940411916666,18.457303344916667,20.52605448430556,18.284649789444444,19.473662514111112,287.2499787669167,601.0615747215555,275.0773129497222,166.040840057
B4,roll_01,rf,2026-01-17 14:00:00+00:00,2026-01-17 15:00:00+00:00,0,1,2025-12-08T00:00:00+00:00,2026-01-12T00:00:00+00:00,2026-01-12T00:00:00+00:00,2026-01-19T00:00:00+00:00,893.3163181295832,1083.7723728847504,-190.4560547551672,1,low,0,0.0,0,3,0,0,0,0,0,0,0,0,0,0,0,0,0,0,0,0,0,0,0,0,0,0,5,2298.0285432916944,1125.2122855051666,1952.1323181944445,553.7227735364166,14,-0.8660254037844388,-0.4999999999999997,0,1,1,10.797755711305555,5.697731851527777,10.579499319583332,8.302941039805555,18.117300213361112,20.007741751833333,18.457303344916667,19.448341239055555,116.70239646572225,152.53398881961112,287.2499787669167,27.528722678833333
B4,roll_01,rf,2026-01-17 15:00:00+00:00,2026-01-17 16:00:00+00:00,0,1,2025-12-08T00:00:00+00:00,2026-01-12T00:00:00+00:00,2026-01-12T00:00:00+00:00,2026-01-19T00:00:00+00:00,1082.6851535658332,1261.649790508789,-178.96463694295585,1,night,0,0.0,0,3,0,0,0,0,0,0,0,0,0,0,0,0,0,0,0,0,0,0,0,0,0,0,5,2539.5653047919445,553.7227735364166,573.8755752583612,893.3163181295832,15,-0.7071067811865479,-0.7071067811865471,0,1,1,10.387558755972222,4.503772726749999,10.797755711305555,8.416783751555556,17.90237331016667,19.09460057861111,18.117300213361112,18.75333884008333,0.0,0.0,116.70239646572225,0.0
B4,roll_01,rf,2026-01-17 16:00:00+00:00,2026-01-17 17:00:00+00:00,0,1,2025-12-08T00:00:00+00:00,2026-01-12T00:00:00+00:00,2026-01-12T00:00:00+00:00,2026-01-19T00:00:00+00:00,1215.7402370096668,1364.7571355292628,-149.016898519596,0,night,0,0.0,0,2,0,0,0,0,0,0,0,0,0,0,0,0,0,0,0,0,0,0,0,0,0,0,5,1708.9707138076667,893.3163181295832,1748.7442167502777,1082.6851535658332,16,-0.5000000000000004,-0.8660254037844385,0,1,1,9.67754631263889,3.638796201333333,10.387558755972222,8.520774253777779,17.86029653872222,18.63007526722222,17.90237331016667,20.16664298611111,0.0,0.0,0.0,0.0
B4,roll_01,rf,2026-01-17 17:00:00+00:00,2026-01-17 18:00:00+00:00,0,1,2025-12-08T00:00:00+00:00,2026-01-12T00:00:00+00:00,2026-01-12T00:00:00+00:00,2026-01-19T00:00:00+00:00,1466.154889960333,1463.7214870925895,2.4334028677435526,0,night,0,0.0,0,2,0,0,0,0,0,0,0,0,0,0,0,0,0,0,0,0,0,0,0,0,0,0,5,3623.9131346842223,1082.6851535658332,1779.3662909536945,1215.7402370096668,17,-0.2588190451025206,-0.9659258262890684,0,1,1,9.022818305222222,2.979079319472222,9.67754631263889,8.07320388525,17.726130486833334,19.11787354247222,17.86029653872222,19.575921534027778,0.0,0.0,0.0,0.0
B4,roll_01,rf,2026-01-17 18:00:00+00:00,2026-01-17 19:00:00+00:00,0,1,2025-12-08T00:00:00+00:00,2026-01-12T00:00:00+00:00,2026-01-12T00:00:00+00:00,2026-01-19T00:00:00+00:00,1078.6994199493888,1499.7570160876949,-421.05759613830605,0,night,0,0.0,0,2,0,0,0,0,0,0,0,0,0,0,0,0,0,0,0,0,0,0,0,0,0,0,5,1101.2175339098333,1215.7402370096668,1926.1523590546667,1466.154889960333,18,-1.8369701987210292e-16,-1.0,0,1,1,8.533988555638889,3.879818203,9.022818305222222,7.896998074444444,18.27429377288889,18.767971734222225,17.726130486833334,18.97882240377778,0.0,0.0,0.0,0.0
B4,roll_01,rf,2026-01-17 19:00:00+00:00,2026-01-17 20:00:00+00:00,0,1,2025-12-08T00:00:00+00:00,2026-01-12T00:00:00+00:00,2026-01-12T00:00:00+00:00,2026-01-19T00:00:00+00:00,1284.7492482649168,1325.4449214222882,-40.6956731573714,0,night,0,0.0,0,2,0,0,0,0,0,0,0,0,0,0,0,0,0,0,0,0,0,0,0,0,0,0,5,1849.9723726721668,1466.154889960333,3573.4096695315,1078.6994199493888,19,0.2588190451025203,-0.9659258262890684,0,1,1,8.775346688416667,5.4740829125833335,8.533988555638889,7.825703813444444,17.871975217472222,19.448734104222225,18.27429377288889,18.995995310777776,0.0,0.0,0.0,0.0
B4,roll_01,rf,2026-01-17 20:00:00+00:00,2026-01-17 21:00:00+00:00,0,1,2025-12-08T00:00:00+00:00,2026-01-12T00:00:00+00:00,2026-01-12T00:00:00+00:00,2026-01-19T00:00:00+00:00,851.6801286406111,1404.2127270143712,-552.5325983737602,0,night,0,0.0,0,2,0,0,0,0,0,0,0,0,0,0,0,0,0,0,0,0,0,0,0,0,0,0,5,1455.1370739963888,1078.6994199493888,2754.500442691028,1284.7492482649168,20,0.5000000000000001,-0.8660254037844386,0,1,1,8.43526500263889,5.637012191416667,8.775346688416667,7.709597783944445,17.86802317861111,19.494996267166663,17.871975217472222,18.76334915180556,0.0,0.0,0.0,0.0
B4,roll_01,rf,2026-01-17 21:00:00+00:00,2026-01-17 22:00:00+00:00,0,1,2025-12-08T00:00:00+00:00,2026-01-12T00:00:00+00:00,2026-01-12T00:00:00+00:00,2026-01-19T00:00:00+00:00,661.5588102037779,1178.2934213169137,-516.7346111131359,0,night,0,0.0,0,2,0,0,0,0,0,0,0,0,0,0,0,0,0,0,0,0,0,0,0,0,0,0,5,775.8096372270278,1284.7492482649168,2483.442940576528,851.6801286406111,21,0.7071067811865474,-0.7071067811865477,0,1,1,8.414438040527779,5.611597496861111,8.43526500263889,7.793732041944445,18.094013431972225,19.394528670722224,17.86802317861111,19.09072242922222,0.0,0.0,0.0,0.0
B4,roll_01,rf,2026-01-17 22:00:00+00:00,2026-01-17 23:00:00+00:00,0,1,2025-12-08T00:00:00+00:00,2026-01-12T00:00:00+00:00,2026-01-12T00:00:00+00:00,2026-01-19T00:00:00+00:00,356.0791067192222,947.672725305372,-591.5936185861498,0,night,0,0.0,0,2,0,0,0,0,0,0,0,0,0,0,0,0,0,0,0,0,0,0,0,0,0,0,5,609.0600654670277,851.6801286406111,2471.681181403111,661.5588102037779,22,0.8660254037844384,-0.5000000000000004,0,1,1,8.306586765694446,5.645945834,8.414438040527779,7.769939707083334,18.379163208138888,19.664133929416668,18.094013431972225,18.72444743175,0.0,0.0,0.0,0.0
B4,roll_01,rf,2026-01-18 02:00:00+00:00,2026-01-18 03:00:00+00:00,0,1,2025-12-08T00:00:00+00:00,2026-01-12T00:00:00+00:00,2026-01-12T00:00:00+00:00,2026-01-19T00:00:00+00:00,366.92154284288887,569.4481954469389,-202.52665260405007,0,night,0,0.0,0,2,0,0,0,0,0,0,0,0,0,0,0,0,0,0,0,0,0,0,0,0,0,0,6,401.84106967408337,386.80348134525,2397.090425719361,363.9506782922222,2,0.8660254037844387,0.4999999999999999,0,1,1,7.295793718,3.631823816972222,7.88579561025,7.356306431222222,18.505587359111114,20.26443000358333,18.516888744472222,19.223714178972223,0.0,0.0,0.0,0.0
B4,roll_01,rf,2026-01-18 03:00:00+00:00,2026-01-18 04:00:00+00:00,0,1,2025-12-08T00:00:00+00:00,2026-01-12T00:00:00+00:00,2026-01-12T00:00:00+00:00,2026-01-19T00:00:00+00:00,919.6470143296112,571.5660531103043,348.0809612193069,0,night,0,0.0,0,2,0,0,0,0,0,0,0,0,0,0,0,0,0,0,0,0,0,0,0,0,0,0,6,367.7446838216111,363.9506782922222,2408.5668939863613,366.92154284288887,3,0.7071067811865476,0.7071067811865476,0,1,1,7.380389324388889,3.390917739777777,7.295793718,7.399717572,18.40949500677777,20.13319601611111,18.505587359111114,19.45567031075,0.0,0.0,0.0,0.0
B4,roll_01,rf,2026-01-18 04:00:00+00:00,2026-01-18 05:00:00+00:00,0,1,2025-12-08T00:00:00+00:00,2026-01-12T00:00:00+00:00,2026-01-12T00:00:00+00:00,2026-01-19T00:00:00+00:00,1696.4327096815832,1077.688060427615,618.7446492539682,0,night,0,0.0,0,2,0,0,0,0,0,0,0,0,0,0,0,0,0,0,0,0,0,0,0,0,0,0,6,963.4637856096666,366.92154284288887,2987.1550890425,919.6470143296112,4,0.5000000000000001,0.8660254037844386,0,1,1,7.759706802277777,2.6941748748611114,7.380389324388889,7.292532967416666,18.565049183638887,20.51800392588889,18.40949500677777,19.50167555113889,0.0,0.0,0.0,0.0
B4,roll_01,rf,2026-01-18 05:00:00+00:00,2026-01-18 06:00:00+00:00,0,1,2025-12-08T00:00:00+00:00,2026-01-12T00:00:00+00:00,2026-01-12T00:00:00+00:00,2026-01-19T00:00:00+00:00,1787.8514459331388,1874.4015233904388,-86.55007745729995,0,night,0,0.0,0,2,0,0,0,0,0,0,0,0,0,0,0,0,0,0,0,0,0,0,0,0,0,0,6,1813.34006411675,919.6470143296112,3319.657065773777,1696.4327096815832,5,0.2588190451025207,0.9659258262890684,0,1,1,7.824388876305555,1.6470115683055555,7.759706802277777,7.177631668333333,19.000532856916667,20.618104810138888,18.565049183638887,19.9944225565,0.0,0.0,0.0,0.0
B4,roll_01,rf,2026-01-18 06:00:00+00:00,2026-01-18 07:00:00+00:00,0,1,2025-12-08T00:00:00+00:00,2026-01-12T00:00:00+00:00,2026-01-12T00:00:00+00:00,2026-01-19T00:00:00+00:00,2221.478881947944,1942.294029143574,279.18485280436994,0,night,0,0.0,0,2,0,0,0,0,0,0,0,0,0,0,0,0,0,0,0,0,0,0,0,0,0,0,6,1868.444830851611,1696.4327096815832,2391.335260368139,1787.8514459331388,6,6.123233995736766e-17,1.0,0,1,1,7.870841315861111,0.7204048023333334,7.824388876305555,7.25766445075,19.028892910777778,20.52741439736111,19.000532856916667,19.974863173472222,0.0,0.0,0.0,0.0
B4,roll_01,rf,2026-01-18 07:00:00+00:00,2026-01-18 08:00:00+00:00,0,1,2025-12-08T00:00:00+00:00,2026-01-12T00:00:00+00:00,2026-01-12T00:00:00+00:00,2026-01-19T00:00:00+00:00,1747.753539249222,1801.9785483237777,-54.2250090745556,1,night,0,0.0,0,2,0,0,0,0,0,0,0,0,0,0,0,0,0,0,0,0,0,0,0,0,0,0,6,1998.770939867861,1787.8514459331388,2341.329542084556,2221.478881947944,7,-0.2588190451025206,0.9659258262890684,0,1,1,7.883857542694444,0.4501258596944444,7.870841315861111,7.383881055833334,22.49837394541667,20.162841653277777,19.028892910777778,19.685817555194443,0.0,0.0,0.0,0.0
B4,roll_01,rf,2026-01-18 08:00:00+00:00,2026-01-18 09:00:00+00:00,0,1,2025-12-08T00:00:00+00:00,2026-01-12T00:00:00+00:00,2026-01-12T00:00:00+00:00,2026-01-19T00:00:00+00:00,1199.014191615,1739.7048423537376,-540.6906507387375,1,low,0,0.0,0,2,0,0,0,0,0,0,0,0,0,0,0,0,0,0,0,0,0,0,0,0,0,0,6,1620.6764299421666,2221.478881947944,2591.676535681584,1747.753539249222,8,-0.4999999999999998,0.8660254037844387,0,1,1,8.262126455694444,2.21591780575,7.883857542694444,8.121707604333332,17.670436918444445,20.805254606944445,22.49837394541667,18.96465682683333,34.30441932991666,716.8608431172778,0.0,28.95708092888889
B4,roll_01,rf,2026-01-18 09:00:00+00:00,2026-01-18 10:00:00+00:00,0,1,2025-12-08T00:00:00+00:00,2026-01-12T00:00:00+00:00,2026-01-12T00:00:00+00:00,2026-01-19T00:00:00+00:00,2696.399735123361,1378.0884499261085,1318.3112851972526,1,low,0,0.0,0,2,0,0,0,0,0,0,0,0,0,0,0,0,0,0,0,0,0,0,0,0,0,0,6,1464.1872420950556,1747.753539249222,876.2151453261389,1199.014191615,9,-0.7071067811865475,0.7071067811865476,0,1,1,8.695682546194444,5.479905556944444,8.262126455694444,8.751546623111112,17.60044165513889,21.66706498425,17.670436918444445,19.20686476825,89.21282883222221,1113.9215353886943,34.30441932991666,108.89878298597222
B4,roll_01,rf,2026-01-18 10:00:00+00:00,2026-01-18 11:00:00+00:00,0,1,2025-12-08T00:00:00+00:00,2026-01-12T00:00:00+00:00,2026-01-12T00:00:00+00:00,2026-01-19T00:00:00+00:00,908.328997025861,1517.2225203533421,-608.8935233274811,1,low,0,0.0,0,2,0,0,0,0,0,0,0,0,0,0,0,0,0,0,0,0,0,0,0,0,0,0,6,474.102661966639,1199.014191615,1362.1403257086388,2696.399735123361,10,-0.8660254037844387,0.4999999999999999,0,1,1,9.452506697638889,8.399686105833334,8.695682546194444,9.078067266305556,17.917450888777775,20.90244102377778,17.60044165513889,19.716803649722223,152.0663147546389,1445.3827412131943,89.21282883222221,221.86114629477777
B4,roll_01,rf,2026-01-18 11:00:00+00:00,2026-01-18 12:00:00+00:00,0,1,2025-12-08T00:00:00+00:00,2026-01-12T00:00:00+00:00,2026-01-12T00:00:00+00:00,2026-01-19T00:00:00+00:00,1081.863576312389,1525.619021153678,-443.7554448412891,1,low,0,0.0,0,2,0,0,0,0,0,0,0,0,0,0,0,0,0,0,0,0,0,0,0,0,0,0,6,924.8024321908888,2696.399735123361,851.023270576111,908.328997025861,11,-0.9659258262890682,0.258819045102521,0,1,1,9.93934049188889,10.56430204613889,9.452506697638889,9.67168500638889,17.975845256166668,21.703601752222223,17.917450888777775,18.94777081475,291.1969854105833,1576.5715724575275,152.0663147546389,186.94326531838888
B4,roll_01,rf,2026-01-18 12:00:00+00:00,2026-01-18 13:00:00+00:00,0,1,2025-12-08T00:00:00+00:00,2026-01-12T00:00:00+00:00,2026-01-12T00:00:00+00:00,2026-01-19T00:00:00+00:00,2173.5554944418054,1273.9114186379038,899.6440758039016,1,low,0,0.0,0,3,0,0,0,0,0,0,0,0,0,0,0,0,0,0,0,0,0,0,0,0,0,0,6,-377.0683961764167,908.328997025861,375.1866214471667,1081.863576312389,12,-1.0,1.2246467991473532e-16,0,1,1,10.88034856138889,11.13957339347222,9.93934049188889,10.057301476,18.150378169,21.560308488194448,17.975845256166668,18.284649789444444,279.95511428333333,1523.783426588417,291.1969854105833,275.0773129497222
B4,roll_01,rf,2026-01-18 13:00:00+00:00,2026-01-18 14:00:00+00:00,0,1,2025-12-08T00:00:00+00:00,2026-01-12T00:00:00+00:00,2026-01-12T00:00:00+00:00,2026-01-19T00:00:00+00:00,1035.234056645167,1488.47772954085,-453.2436728956832,1,low,0,0.0,0,3,0,0,0,0,0,0,0,0,0,0,0,0,0,0,0,0,0,0,0,0,0,0,6,-533.3608326616389,1081.863576312389,1125.2122855051666,2173.5554944418054,13,-0.9659258262890684,-0.2588190451025208,0,1,1,11.194744100638887,11.51705910513889,10.88034856138889,10.579499319583332,17.605212465694446,20.96788498608333,18.150378169,18.457303344916667,211.40559060327777,1288.0403277888888,279.95511428333333,287.2499787669167
B4,roll_01,rf,2026-01-18 14:00:00+00:00,2026-01-18 15:00:00+00:00,0,1,2025-12-08T00:00:00+00:00,2026-01-12T00:00:00+00:00,2026-01-12T00:00:00+00:00,2026-01-19T00:00:00+00:00,982.0105920020555,1491.1971681688538,-509.1865761667982,1,low,0,0.0,0,3,0,0,0,0,0,0,0,0,0,0,0,0,0,0,0,0,0,0,0,0,0,0,6,1619.3522628639723,2173.5554944418054,553.7227735364166,1035.234056645167,14,-0.8660254037844388,-0.4999999999999997,0,1,1,10.792807296472224,12.787921283277775,11.194744100638887,10.797755711305555,17.720296622972224,20.60916648908333,17.605212465694446,18.117300213361112,51.70543011708333,780.1935005056666,211.40559060327777,116.70239646572225
B4,roll_01,rf,2026-01-18 15:00:00+00:00,2026-01-18 16:00:00+00:00,0,1,2025-12-08T00:00:00+00:00,2026-01-12T00:00:00+00:00,2026-01-12T00:00:00+00:00,2026-01-19T00:00:00+00:00,939.633989883972,1418.4579691837416,-478.8239792997696,1,night,0,0.0,0,3,0,0,0,0,0,0,0,0,0,0,0,0,0,0,0,0,0,0,0,0,0,0,6,867.3860450609445,1035.234056645167,893.3163181295832,982.0105920020555,15,-0.7071067811865479,-0.7071067811865471,0,1,1,10.09873856363889,11.008737726416667,10.792807296472224,10.387558755972222,17.65813682397222,19.72462692113889,17.720296622972224,17.90237331016667,0.0,55.60070419424999,51.70543011708333,0.0
B4,roll_01,rf,2026-01-18 16:00:00+00:00,2026-01-18 17:00:00+00:00,0,1,2025-12-08T00:00:00+00:00,2026-01-12T00:00:00+00:00,2026-01-12T00:00:00+00:00,2026-01-19T00:00:00+00:00,1984.2611124879447,1391.0984917316089,593.1626207563359,0,night,0,0.0,0,2,0,0,0,0,0,0,0,0,0,0,0,0,0,0,0,0,0,0,0,0,0,0,6,1129.351029028639,982.0105920020555,1082.6851535658332,939.633989883972,16,-0.5000000000000004,-0.8660254037844385,0,1,1,9.486147199944446,7.34603673525,10.09873856363889,9.67754631263889,17.723917226694443,19.47766912930556,17.65813682397222,17.86029653872222,0.0,0.0,0.0,0.0
B4,roll_01,rf,2026-01-18 17:00:00+00:00,2026-01-18 18:00:00+00:00,0,1,2025-12-08T00:00:00+00:00,2026-01-12T00:00:00+00:00,2026-01-12T00:00:00+00:00,2026-01-19T00:00:00+00:00,1779.6982078336666,1739.605555980957,40.09265185270965,0,night,0,0.0,0,2,0,0,0,0,0,0,0,0,0,0,0,0,0,0,0,0,0,0,0,0,0,0,6,1683.5612400863336,939.633989883972,1215.7402370096668,1984.2611124879447,17,-0.2588190451025206,-0.9659258262890684,0,1,1,8.932912868583333,5.409180986416668,9.486147199944446,9.022818305222222,17.788532314805554,19.04478443258333,17.723917226694443,17.726130486833334,0.0,0.0,0.0,0.0
B4,roll_01,rf,2026-01-18 18:00:00+00:00,2026-01-18 19:00:00+00:00,0,1,2025-12-08T00:00:00+00:00,2026-01-12T00:00:00+00:00,2026-01-12T00:00:00+00:00,2026-01-19T00:00:00+00:00,1945.2175917344168,1791.4204232597885,153.79716847462828,0,night,0,0.0,0,2,0,0,0,0,0,0,0,0,0,0,0,0,0,0,0,0,0,0,0,0,0,0,6,2735.553599037861,1984.2611124879447,1466.154889960333,1779.6982078336666,18,-1.8369701987210292e-16,-1.0,0,1,1,8.383298441722223,3.7358169538333335,8.932912868583333,8.533988555638889,17.752887094805555,19.200060977555555,17.788532314805554,18.27429377288889,0.0,0.0,0.0,0.0
B4,roll_01,rf,2026-01-18 19:00:00+00:00,2026-01-18 20:00:00+00:00,0,1,2025-12-08T00:00:00+00:00,2026-01-12T00:00:00+00:00,2026-01-12T00:00:00+00:00,2026-01-19T00:00:00+00:00,817.2623687095833,1775.3314833420743,-958.069114632491,0,night,0,0.0,0,2,0,0,0,0,0,0,0,0,0,0,0,0,0,0,0,0,0,0,0,0,0,0,6,2033.9936153407496,1779.6982078336666,1078.6994199493888,1945.2175917344168,19,0.2588190451025203,-0.9659258262890684,0,1,1,8.063546007666666,3.0572774616666667,8.383298441722223,8.775346688416667,17.598374748583336,19.296515411055555,17.752887094805555,17.871975217472222,0.0,0.0,0.0,0.0
B4,roll_01,rf,2026-01-18 20:00:00+00:00,2026-01-18 21:00:00+00:00,0,1,2025-12-08T00:00:00+00:00,2026-01-12T00:00:00+00:00,2026-01-12T00:00:00+00:00,2026-01-19T00:00:00+00:00,1022.3695540110556,1283.3381430825116,-260.968589071456,0,night,0,0.0,0,2,0,0,0,0,0,0,0,0,0,0,0,0,0,0,0,0,0,0,0,0,0,0,6,1245.8312970156112,1945.2175917344168,1284.7492482649168,817.2623687095833,20,0.5000000000000001,-0.8660254037844386,0,1,1,7.955256959805555,2.1335418446944443,8.063546007666666,8.43526500263889,18.132431494416668,19.16815963236112,17.598374748583336,17.86802317861111,0.0,0.0,0.0,0.0
B4,roll_01,rf,2026-01-18 21:00:00+00:00,2026-01-18 22:00:00+00:00,0,1,2025-12-08T00:00:00+00:00,2026-01-12T00:00:00+00:00,2026-01-12T00:00:00+00:00,2026-01-19T00:00:00+00:00,579.8006035581112,1263.7499270970795,-683.9493235389683,0,night,0,0.0,0,2,0,0,0,0,0,0,0,0,0,0,0,0,0,0,0,0,0,0,0,0,0,0,6,2829.186617279833,817.2623687095833,851.6801286406111,1022.3695540110556,21,0.7071067811865474,-0.7071067811865477,0,1,1,7.917760795055556,1.5935824046944445,7.955256959805555,8.414438040527779,18.226290338722222,19.45402064038889,18.132431494416668,18.094013431972225,0.0,0.0,0.0,0.0
B4,roll_01,persistence,2026-01-12 04:00:00+00:00,2026-01-12 05:00:00+00:00,0,1,2025-12-08T00:00:00+00:00,2026-01-12T00:00:00+00:00,2026-01-12T00:00:00+00:00,2026-01-19T00:00:00+00:00,4262.747835938639,3016.15648477425,1246.5913511643885,0,night,0,0.0,0,0,0,0,0,0,0,0,0,0,0,0,0,0,0,0,0,0,0,0,0,0,0,0,0,1018.144173213861,2481.68678522575,963.4637856096666,3016.15648477425,4,0.5000000000000001,0.8660254037844386,0,0,1,-0.0287854997222222,-1.39385835525,0.1335239932777777,2.6941748748611114,19.688919204277777,19.31271291408333,19.80030205080556,20.51800392588889,0.0,0.0,0.0,0.0
B4,roll_01,persistence,2026-01-12 05:00:00+00:00,2026-01-12 06:00:00+00:00,0,1,2025-12-08T00:00:00+00:00,2026-01-12T00:00:00+00:00,2026-01-12T00:00:00+00:00,2026-01-19T00:00:00+00:00,4361.908397110695,4262.747835938639,99.16056117205608,0,night,0,0.0,0,0,0,0,0,0,0,0,0,0,0,0,0,0,0,0,0,0,0,0,0,0,0,0,0,3480.3327933123333,3016.15648477425,1813.34006411675,4262.747835938639,5,0.2588190451025207,0.9659258262890684,0,0,1,-0.5948542869166666,-1.4720435740833333,-0.0287854997222222,1.6470115683055555,19.79284536802778,20.31238466361111,19.688919204277777,20.618104810138888,0.0,0.0,0.0,0.0
B4,roll_01,persistence,2026-01-12 06:00:00+00:00,2026-01-12 07:00:00+00:00,0,1,2025-12-08T00:00:00+00:00,2026-01-12T00:00:00+00:00,2026-01-12T00:00:00+00:00,2026-01-19T00:00:00+00:00,4563.315619382333,4361.908397110695,201.4072222716386,0,night,0,0.0,0,0,0,0,0,0,0,0,0,0,0,0,0,0,0,0,0,0,0,0,0,0,0,0,0,3264.2411370842497,4262.747835938639,1868.444830851611,4361.908397110695,6,6.123233995736766e-17,1.0,0,0,1,-0.0256551238333333,-1.4967828786944446,-0.5948542869166666,0.7204048023333334,18.87429544488889,20.048696970138888,19.79284536802778,20.52741439736111,0.0,0.0,0.0,0.0
B4,roll_01,persistence,2026-01-12 07:00:00+00:00,2026-01-12 08:00:00+00:00,0,1,2025-12-08T00:00:00+00:00,2026-01-12T00:00:00+00:00,2026-01-12T00:00:00+00:00,2026-01-19T00:00:00+00:00,3089.202245556361,4563.315619382333,-1474.1133738259723,1,night,0,0.0,0,1,0,0,0,0,0,0,0,0,0,0,0,0,0,0,0,0,0,0,0,0,0,0,0,3395.476410544472,4361.908397110695,1998.770939867861,4563.315619382333,7,-0.2588190451025206,0.9659258262890684,0,0,1,0.0892223874722222,-1.379181577972222,-0.0256551238333333,0.4501258596944444,18.15650825783333,20.18417349680556,18.87429544488889,20.162841653277777,0.0,0.0,0.0,0.0
B4,roll_01,persistence,2026-01-12 08:00:00+00:00,2026-01-12 09:00:00+00:00,0,1,2025-12-08T00:00:00+00:00,2026-01-12T00:00:00+00:00,2026-01-12T00:00:00+00:00,2026-01-19T00:00:00+00:00,2796.8041315197224,3089.202245556361,-292.3981140366386,1,med,0,0.0,0,1,0,0,0,0,0,0,0,0,0,0,0,0,0,0,0,0,0,0,0,0,0,0,0,2043.147877824084,4563.315619382333,1620.6764299421666,3089.202245556361,8,-0.4999999999999998,0.8660254037844387,0,0,1,1.5477482746388889,0.0447507404444444,0.0892223874722222,2.21591780575,18.900201835166666,20.216753709777777,18.15650825783333,20.805254606944445,675.084050221,541.5511257300278,0.0,716.8608431172778
B4,roll_01,persistence,2026-01-12 09:00:00+00:00,2026-01-12 10:00:00+00:00,0,1,2025-12-08T00:00:00+00:00,2026-01-12T00:00:00+00:00,2026-01-12T00:00:00+00:00,2026-01-19T00:00:00+00:00,746.3919299871112,2796.8041315197224,-2050.412201532611,1,med,0,0.0,0,1,0,0,0,0,0,0,0,0,0,0,0,0,0,0,0,0,0,0,0,0,0,0,0,1179.0779114988334,3089.202245556361,1464.1872420950556,2796.8041315197224,9,-0.7071067811865475,0.7071067811865476,0,0,1,3.2254890193888888,1.489790182361111,1.5477482746388889,5.479905556944444,19.612746164055554,21.931468085166667,18.900201835166666,21.66706498425,1056.8253583911112,646.4615747680278,675.084050221,1113.9215353886943
B4,roll_01,persistence,2026-01-12 10:00:00+00:00,2026-01-12 11:00:00+00:00,0,1,2025-12-08T00:00:00+00:00,2026-01-12T00:00:00+00:00,2026-01-12T00:00:00+00:00,2026-01-19T00:00:00+00:00,632.5966184736388,746.3919299871112,-113.79531151347237,1,high,0,0.0,0,1,0,0,0,0,0,0,0,0,0,0,0,0,0,0,0,0,0,0,0,0,0,0,0,947.8847584085834,2796.8041315197224,474.102661966639,746.3919299871112,10,-0.8660254037844387,0.4999999999999999,0,0,1,4.715763120611111,2.7039119795277777,3.2254890193888888,8.399686105833334,21.086698567944445,20.46024600608333,19.612746164055554,20.90244102377778,1274.2766447041663,892.7757230555554,1056.8253583911112,1445.3827412131943
B4,roll_01,persistence,2026-01-12 11:00:00+00:00,2026-01-12 12:00:00+00:00,0,1,2025-12-08T00:00:00+00:00,2026-01-12T00:00:00+00:00,2026-01-12T00:00:00+00:00,2026-01-19T00:00:00+00:00,-422.1210146441389,632.5966184736388,-1054.7176331177777,1,high,0,0.0,0,2,0,0,0,0,0,0,0,0,0,0,0,0,0,0,0,0,0,0,0,0,0,0,0,863.6994095845556,746.3919299871112,924.8024321908888,632.5966184736388,11,-0.9659258262890682,0.258819045102521,0,0,1,6.151445526944444,3.881307846888889,4.715763120611111,10.56430204613889,21.65975194513889,20.872260072305554,21.086698567944445,21.703601752222223,1427.525714563778,1206.7577466112778,1274.2766447041663,1576.5715724575275
B4,roll_01,persistence,2026-01-12 12:00:00+00:00,2026-01-12 13:00:00+00:00,0,1,2025-12-08T00:00:00+00:00,2026-01-12T00:00:00+00:00,2026-01-12T00:00:00+00:00,2026-01-19T00:00:00+00:00,754.2202679822223,-422.1210146441389,1176.3412826263611,1,med,0,0.0,0,2,1,0,0,0,0,0,0,0,0,0,0,0,0,0,0,0,0,0,0,0,0,0,0,843.0538203102777,632.5966184736388,-377.0683961764167,-422.1210146441389,12,-1.0,1.2246467991473532e-16,0,0,1,8.042106340527779,5.066587314222223,6.151445526944444,11.13957339347222,20.280064502833334,21.11385421797222,21.65975194513889,21.560308488194448,1077.0554969643056,1247.8009385014443,1427.525714563778,1523.783426588417
B4,roll_01,persistence,2026-01-12 13:00:00+00:00,2026-01-12 14:00:00+00:00,0,1,2025-12-08T00:00:00+00:00,2026-01-12T00:00:00+00:00,2026-01-12T00:00:00+00:00,2026-01-19T00:00:00+00:00,1500.3252466112224,754.2202679822223,746.1049786290001,1,med,0,0.0,0,2,0,0,0,0,0,0,0,0,0,0,0,0,0,0,0,0,0,0,0,0,0,0,0,1428.490628339573,-422.1210146441389,-533.3608326616389,754.2202679822223,13,-0.9659258262890684,-0.2588190451025208,0,0,1,8.886836191527777,5.457142150027778,8.042106340527779,11.51705910513889,20.89163533738889,20.01560276148125,20.280064502833334,20.96788498608333,917.7112551677222,547.3802902017588,1077.0554969643056,1288.0403277888888
B4,roll_01,persistence,2026-01-12 14:00:00+00:00,2026-01-12 15:00:00+00:00,0,1,2025-12-08T00:00:00+00:00,2026-01-12T00:00:00+00:00,2026-01-12T00:00:00+00:00,2026-01-19T00:00:00+00:00,586.6202596731389,1500.3252466112224,-913.7049869380835,1,low,0,0.0,0,2,0,0,0,0,0,0,0,0,0,0,0,0,0,0,0,0,0,0,0,0,0,0,0,1773.3037352634722,754.2202679822223,1619.3522628639723,1500.3252466112224,14,-0.8660254037844388,-0.4999999999999997,0,0,1,8.544484776166668,4.588629488583334,8.886836191527777,12.787921283277775,20.355432554527777,19.929525524222225,20.89163533738889,20.60916648908333,366.2336248188056,207.87688739294444,917.7112551677222,780.1935005056666
B4,roll_01,persistence,2026-01-12 15:00:00+00:00,2026-01-12 16:00:00+00:00,0,1,2025-12-08T00:00:00+00:00,2026-01-12T00:00:00+00:00,2026-01-12T00:00:00+00:00,2026-01-19T00:00:00+00:00,1670.774375533639,586.6202596731389,1084.1541158605,1,low,0,0.0,0,2,0,0,0,0,0,0,0,0,0,0,0,0,0,0,0,0,0,0,0,0,0,0,0,2045.117999196167,1500.3252466112224,867.3860450609445,586.6202596731389,15,-0.7071067811865479,-0.7071067811865471,0,0,1,6.644266975333334,4.475250863555556,8.544484776166668,11.008737726416667,19.053108088833334,19.944776444444447,20.355432554527777,19.72462692113889,29.778236451166663,40.97132009280555,366.2336248188056,55.60070419424999
B4,roll_01,persistence,2026-01-12 16:00:00+00:00,2026-01-12 17:00:00+00:00,0,1,2025-12-08T00:00:00+00:00,2026-01-12T00:00:00+00:00,2026-01-12T00:00:00+00:00,2026-01-19T00:00:00+00:00,893.0618960396945,1670.774375533639,-777.7124794939444,0,night,0,0.0,0,2,0,0,0,0,0,0,0,0,0,0,0,0,0,0,0,0,0,0,0,0,0,0,0,1695.0528240614449,586.6202596731389,1129.351029028639,1670.774375533639,16,-0.5000000000000004,-0.8660254037844385,0,0,1,5.279263939527778,3.0361438859444445,6.644266975333334,7.34603673525,19.11104975583333,19.330333286888887,19.053108088833334,19.47766912930556,0.0,0.0,29.778236451166663,0.0
B4,roll_01,persistence,2026-01-12 17:00:00+00:00,2026-01-12 18:00:00+00:00,0,1,2025-12-08T00:00:00+00:00,2026-01-12T00:00:00+00:00,2026-01-12T00:00:00+00:00,2026-01-19T00:00:00+00:00,2274.0885418814723,893.0618960396945,1381.0266458417777,0,night,0,0.0,0,1,0,0,0,0,0,0,0,0,0,0,0,0,0,0,0,0,0,0,0,0,0,0,0,2050.756231673639,1670.774375533639,1683.5612400863336,893.0618960396945,17,-0.2588190451025206,-0.9659258262890684,0,0,1,4.219392392722222,1.868786365638889,5.279263939527778,5.409180986416668,18.65615157883333,19.59319692852777,19.11104975583333,19.04478443258333,0.0,0.0,0.0,0.0
B4,roll_01,persistence,2026-01-12 18:00:00+00:00,2026-01-12 19:00:00+00:00,0,1,2025-12-08T00:00:00+00:00,2026-01-12T00:00:00+00:00,2026-01-12T00:00:00+00:00,2026-01-19T00:00:00+00:00,1365.6644136303612,2274.0885418814723,-908.4241282511111,0,night,0,0.0,0,1,0,0,0,0,0,0,0,0,0,0,0,0,0,0,0,0,0,0,0,0,0,0,0,3794.624143870611,893.0618960396945,2735.553599037861,2274.0885418814723,18,-1.8369701987210292e-16,-1.0,0,0,1,4.016366639916667,1.3410971866388888,4.219392392722222,3.7358169538333335,19.38624729958333,18.762281723944444,18.65615157883333,19.200060977555555,0.0,0.0,0.0,0.0
B4,roll_01,persistence,2026-01-12 19:00:00+00:00,2026-01-12 20:00:00+00:00,0,1,2025-12-08T00:00:00+00:00,2026-01-12T00:00:00+00:00,2026-01-12T00:00:00+00:00,2026-01-19T00:00:00+00:00,653.7379858252777,1365.6644136303612,-711.9264278050834,0,night,0,0.0,0,1,0,0,0,0,0,0,0,0,0,0,0,0,0,0,0,0,0,0,0,0,0,0,0,1861.5080703779724,2274.0885418814723,2033.9936153407496,1365.6644136303612,19,0.2588190451025203,-0.9659258262890684,0,0,1,3.884336086,1.203708991527778,4.016366639916667,3.0572774616666667,19.382953398694443,19.018070562944445,19.38624729958333,19.296515411055555,0.0,0.0,0.0,0.0
B4,roll_01,persistence,2026-01-12 20:00:00+00:00,2026-01-12 21:00:00+00:00,0,1,2025-12-08T00:00:00+00:00,2026-01-12T00:00:00+00:00,2026-01-12T00:00:00+00:00,2026-01-19T00:00:00+00:00,1060.23997367125,653.7379858252777,406.5019878459723,0,night,0,0.0,0,1,0,0,0,0,0,0,0,0,0,0,0,0,0,0,0,0,0,0,0,0,0,0,0,1496.9097637140555,1365.6644136303612,1245.8312970156112,653.7379858252777,20,0.5000000000000001,-0.8660254037844386,0,0,1,3.633355686611111,1.032068296,3.884336086,2.1335418446944443,19.144044949,19.291680665055555,19.382953398694443,19.16815963236112,0.0,0.0,0.0,0.0
B4,roll_01,persistence,2026-01-12 21:00:00+00:00,2026-01-12 22:00:00+00:00,0,1,2025-12-08T00:00:00+00:00,2026-01-12T00:00:00+00:00,2026-01-12T00:00:00+00:00,2026-01-19T00:00:00+00:00,372.6696216118889,1060.23997367125,-687.5703520593611,0,night,0,0.0,0,1,0,0,0,0,0,0,0,0,0,0,0,0,0,0,0,0,0,0,0,0,0,0,0,719.7584706931667,653.7379858252777,2829.186617279833,1060.23997367125,21,0.7071067811865474,-0.7071067811865477,0,0,1,3.5082212590277777,0.7795261833333332,3.633355686611111,1.5935824046944445,19.25061404477778,18.70379904711111,19.144044949,19.45402064038889,0.0,0.0,0.0,0.0
B4,roll_01,persistence,2026-01-12 22:00:00+00:00,2026-01-12 23:00:00+00:00,0,1,2025-12-08T00:00:00+00:00,2026-01-12T00:00:00+00:00,2026-01-12T00:00:00+00:00,2026-01-19T00:00:00+00:00,368.2867205090556,372.6696216118889,-4.382901102833273,0,night,0,0.0,0,1,0,0,0,0,0,0,0,0,0,0,0,0,0,0,0,0,0,0,0,0,0,0,0,446.7607589221944,1060.23997367125,2652.970591418611,372.6696216118889,22,0.8660254037844384,-0.5000000000000004,0,0,1,3.508406459083333,0.4047500071944445,3.5082212590277777,0.8223521403888889,19.15334913905556,19.17545539780556,19.25061404477778,19.75202070783333,0.0,0.0,0.0,0.0
B4,roll_01,persistence,2026-01-13 05:00:00+00:00,2026-01-13 06:00:00+00:00,0,1,2025-12-08T00:00:00+00:00,2026-01-12T00:00:00+00:00,2026-01-12T00:00:00+00:00,2026-01-19T00:00:00+00:00,2099.6764230465,2001.738657636584,97.93776540991598,0,night,0,0.0,0,1,0,0,0,0,0,0,0,0,0,0,0,0,0,0,0,0,0,0,0,0,0,0,1,1903.881896566528,977.1223704921111,4262.747835938639,2001.738657636584,5,0.2588190451025207,0.9659258262890684,0,0,1,4.516244777583333,-0.5899030432222222,4.600431492361111,-0.5948542869166666,20.02328279972222,19.60972541383333,19.84487690761112,19.79284536802778,0.0,0.0,0.0,0.0
B4,roll_01,persistence,2026-01-13 06:00:00+00:00,2026-01-13 07:00:00+00:00,0,1,2025-12-08T00:00:00+00:00,2026-01-12T00:00:00+00:00,2026-01-12T00:00:00+00:00,2026-01-19T00:00:00+00:00,1798.5318447581387,2099.6764230465,-301.14457828836134,0,night,0,0.0,0,1,0,0,0,0,0,0,0,0,0,0,0,0,0,0,0,0,0,0,0,0,0,0,1,1884.089269866861,2001.738657636584,4361.908397110695,2099.6764230465,6,6.123233995736766e-17,1.0,0,0,1,4.763350271222222,-0.9003918730833335,4.516244777583333,-0.0256551238333333,19.945872866472225,19.36396250488889,20.02328279972222,18.87429544488889,0.0,0.0,0.0,0.0
B4,roll_01,persistence,2026-01-13 07:00:00+00:00,2026-01-13 08:00:00+00:00,0,1,2025-12-08T00:00:00+00:00,2026-01-12T00:00:00+00:00,2026-01-12T00:00:00+00:00,2026-01-19T00:00:00+00:00,1792.85737564,1798.5318447581387,-5.6744691181386315,1,night,0,0.0,0,2,0,0,0,0,0,0,0,0,0,0,0,0,0,0,0,0,0,0,0,0,0,0,1,2001.9943023529447,2099.6764230465,4563.315619382333,1798.5318447581387,7,-0.2588190451025206,0.9659258262890684,0,0,1,5.146098303527778,-1.016023064,4.763350271222222,0.0892223874722222,19.215107962944447,19.241411946444444,19.945872866472225,18.15650825783333,0.0,0.0,0.0,0.0
B4,roll_01,persistence,2026-01-13 08:00:00+00:00,2026-01-13 09:00:00+00:00,0,1,2025-12-08T00:00:00+00:00,2026-01-12T00:00:00+00:00,2026-01-12T00:00:00+00:00,2026-01-19T00:00:00+00:00,1704.9205994411388,1792.85737564,-87.93677619886125,1,low,0,0.0,0,2,0,0,0,0,0,0,0,0,0,0,0,0,0,0,0,0,0,0,0,0,0,0,1,2286.4682565411667,1798.5318447581387,3089.202245556361,1792.85737564,8,-0.4999999999999998,0.8660254037844387,0,0,1,5.574331767527777,-0.7860071845,5.146098303527778,1.5477482746388889,19.78762391975,19.56382616455556,19.215107962944447,18.900201835166666,34.78762225408333,141.96021589983334,0.0,675.084050221
B4,roll_01,persistence,2026-01-13 09:00:00+00:00,2026-01-13 10:00:00+00:00,0,1,2025-12-08T00:00:00+00:00,2026-01-12T00:00:00+00:00,2026-01-12T00:00:00+00:00,2026-01-19T00:00:00+00:00,1712.5081979704166,1704.9205994411388,7.587598529277784,1,low,0,0.0,0,2,0,0,0,0,0,0,0,0,0,0,0,0,0,0,0,0,0,0,0,0,0,0,1,1821.3285119935,1792.85737564,2796.8041315197224,1704.9205994411388,9,-0.7071067811865475,0.7071067811865476,0,0,1,5.704844287583334,-0.149303483,5.574331767527777,3.2254890193888888,19.322890420722224,19.54440532758333,19.78762391975,19.612746164055554,81.0947692918889,554.8449951884444,34.78762225408333,1056.8253583911112
B4,roll_01,persistence,2026-01-13 10:00:00+00:00,2026-01-13 11:00:00+00:00,0,1,2025-12-08T00:00:00+00:00,2026-01-12T00:00:00+00:00,2026-01-12T00:00:00+00:00,2026-01-19T00:00:00+00:00,1729.1863273721667,1712.5081979704166,16.678129401750084,1,low,0,0.0,0,2,0,0,0,0,0,0,0,0,0,0,0,0,0,0,0,0,0,0,0,0,0,0,1,1457.3535129481943,1704.9205994411388,746.3919299871112,1712.5081979704166,10,-0.8660254037844387,0.4999999999999999,0,0,1,6.065839095694444,2.0291202134722224,5.704844287583334,4.715763120611111,19.53915467719445,20.057945581416668,19.322890420722224,21.086698567944445,75.89661000686111,991.3755553825832,81.0947692918889,1274.2766447041663
B4,roll_01,persistence,2026-01-13 11:00:00+00:00,2026-01-13 12:00:00+00:00,0,1,2025-12-08T00:00:00+00:00,2026-01-12T00:00:00+00:00,2026-01-12T00:00:00+00:00,2026-01-19T00:00:00+00:00,1776.8351252307775,1729.1863273721667,47.648797858610806,1,low,0,0.0,0,2,0,0,0,0,0,0,0,0,0,0,0,0,0,0,0,0,0,0,0,0,0,0,1,1098.783385659861,1712.5081979704166,632.5966184736388,1729.1863273721667,11,-0.9659258262890682,0.258819045102521,0,0,1,6.411032006055556,4.096896434388889,6.065839095694444,6.151445526944444,20.10092485888889,20.715051583388888,19.53915467719445,21.65975194513889,127.21179366422224,1351.2139548198334,75.89661000686111,1427.525714563778
B4,roll_01,persistence,2026-01-13 12:00:00+00:00,2026-01-13 13:00:00+00:00,0,1,2025-12-08T00:00:00+00:00,2026-01-12T00:00:00+00:00,2026-01-12T00:00:00+00:00,2026-01-19T00:00:00+00:00,1850.1251705731663,1776.8351252307775,73.2900453423888,1,low,0,0.0,0,2,0,0,0,0,0,0,0,0,0,0,0,0,0,0,0,0,0,0,0,0,0,0,1,894.0836341709445,1729.1863273721667,-422.1210146441389,1776.8351252307775,12,-1.0,1.2246467991473532e-16,0,0,1,6.843188409,5.705180185861111,6.411032006055556,8.042106340527779,19.814930444777776,20.91122075105556,20.10092485888889,20.280064502833334,161.38882697286112,1418.4170547936944,127.21179366422224,1077.0554969643056
B4,roll_01,persistence,2026-01-13 13:00:00+00:00,2026-01-13 14:00:00+00:00,0,1,2025-12-08T00:00:00+00:00,2026-01-12T00:00:00+00:00,2026-01-12T00:00:00+00:00,2026-01-19T00:00:00+00:00,2103.8606620909723,1850.1251705731663,253.73549151780594,1,low,0,0.0,0,2,0,0,0,0,0,0,0,0,0,0,0,0,0,0,0,0,0,0,0,0,0,0,1,329.2631219953055,1776.8351252307775,754.2202679822223,1850.1251705731663,13,-0.9659258262890684,-0.2588190451025208,0,0,1,7.213576107916666,7.415172003499999,6.843188409,8.886836191527777,19.35789605444444,19.90473764380556,19.814930444777776,20.89163533738889,125.87758148475,1116.548348416861,161.38882697286112,917.7112551677222
B4,roll_01,persistence,2026-01-13 14:00:00+00:00,2026-01-13 15:00:00+00:00,0,1,2025-12-08T00:00:00+00:00,2026-01-12T00:00:00+00:00,2026-01-12T00:00:00+00:00,2026-01-19T00:00:00+00:00,1367.69234237475,2103.8606620909723,-736.1683197162222,1,low,0,0.0,0,2,0,0,0,0,0,0,0,0,0,0,0,0,0,0,0,0,0,0,0,0,0,0,1,967.2042220471388,1850.1251705731663,1500.3252466112224,2103.8606620909723,14,-0.8660254037844388,-0.4999999999999997,0,0,1,6.892581615,8.198499685916667,7.213576107916666,8.544484776166668,19.314774678777777,19.139504207694447,19.35789605444444,20.355432554527777,25.63169713905556,663.5079014291666,125.87758148475,366.2336248188056
B4,roll_01,persistence,2026-01-13 15:00:00+00:00,2026-01-13 16:00:00+00:00,0,1,2025-12-08T00:00:00+00:00,2026-01-12T00:00:00+00:00,2026-01-12T00:00:00+00:00,2026-01-19T00:00:00+00:00,2518.591872478111,1367.69234237475,1150.8995301033608,1,night,0,0.0,0,2,0,0,0,0,0,0,0,0,0,0,0,0,0,0,0,0,0,0,0,0,0,0,1,2273.575334169805,2103.8606620909723,586.6202596731389,1367.69234237475,15,-0.7071067811865479,-0.7071067811865471,0,0,1,6.473090648055556,5.914092417194445,6.892581615,6.644266975333334,18.981844509638886,18.79304255436111,19.314774678777777,19.053108088833334,0.0,15.213389246138886,25.63169713905556,29.778236451166663
B4,roll_01,persistence,2026-01-13 16:00:00+00:00,2026-01-13 17:00:00+00:00,0,1,2025-12-08T00:00:00+00:00,2026-01-12T00:00:00+00:00,2026-01-12T00:00:00+00:00,2026-01-19T00:00:00+00:00,2818.4871972926667,2518.591872478111,299.8953248145558,0,night,0,0.0,0,2,0,0,0,0,0,0,0,0,0,0,0,0,0,0,0,0,0,0,0,0,0,0,1,1652.948210602611,1367.69234237475,1670.774375533639,2518.591872478111,16,-0.5000000000000004,-0.8660254037844385,0,0,1,5.85150787425,3.205580150638889,6.473090648055556,5.279263939527778,19.342884771027776,18.458215798833333,18.981844509638886,19.11104975583333,0.0,0.0,0.0,0.0
B4,roll_01,persistence,2026-01-13 17:00:00+00:00,2026-01-13 18:00:00+00:00,0,1,2025-12-08T00:00:00+00:00,2026-01-12T00:00:00+00:00,2026-01-12T00:00:00+00:00,2026-01-19T00:00:00+00:00,1383.2154217488053,2818.4871972926667,-1435.2717755438614,0,night,0,0.0,0,2,0,0,0,0,0,0,0,0,0,0,0,0,0,0,0,0,0,0,0,0,0,0,1,2089.0237929649165,2518.591872478111,893.0618960396945,2818.4871972926667,17,-0.2588190451025206,-0.9659258262890684,0,0,1,5.551368765666666,1.8742345198611112,5.85150787425,4.219392392722222,19.703703886777777,18.29836174063889,19.342884771027776,18.65615157883333,0.0,0.0,0.0,0.0
B4,roll_01,persistence,2026-01-13 18:00:00+00:00,2026-01-13 19:00:00+00:00,0,1,2025-12-08T00:00:00+00:00,2026-01-12T00:00:00+00:00,2026-01-12T00:00:00+00:00,2026-01-19T00:00:00+00:00,962.6741752021112,1383.2154217488053,-420.5412465466941,0,night,0,0.0,0,2,0,0,0,0,0,0,0,0,0,0,0,0,0,0,0,0,0,0,0,0,0,0,1,2541.390361368472,2818.4871972926667,2274.0885418814723,1383.2154217488053,18,-1.8369701987210292e-16,-1.0,0,0,1,5.565244997222223,1.24759949625,5.551368765666666,4.016366639916667,19.3371023785,18.92124357877778,19.703703886777777,19.38624729958333,0.0,0.0,0.0,0.0
B4,roll_01,persistence,2026-01-13 19:00:00+00:00,2026-01-13 20:00:00+00:00,0,1,2025-12-08T00:00:00+00:00,2026-01-12T00:00:00+00:00,2026-01-12T00:00:00+00:00,2026-01-19T00:00:00+00:00,2371.2932299861945,962.6741752021112,1408.6190547840833,0,night,0,0.0,0,2,0,0,0,0,0,0,0,0,0,0,0,0,0,0,0,0,0,0,0,0,0,0,1,1259.8555531175557,1383.2154217488053,1365.6644136303612,962.6741752021112,19,0.2588190451025203,-0.9659258262890684,0,0,1,5.091562219055555,0.7831473823888889,5.565244997222223,3.884336086,19.555466913638888,18.88856847425,19.3371023785,19.382953398694443,0.0,0.0,0.0,0.0
B4,roll_01,persistence,2026-01-13 20:00:00+00:00,2026-01-13 21:00:00+00:00,0,1,2025-12-08T00:00:00+00:00,2026-01-12T00:00:00+00:00,2026-01-12T00:00:00+00:00,2026-01-19T00:00:00+00:00,813.2224330626667,2371.2932299861945,-1558.0707969235277,0,night,0,0.0,0,2,0,0,0,0,0,0,0,0,0,0,0,0,0,0,0,0,0,0,0,0,0,0,1,856.5431156826388,962.6741752021112,653.7379858252777,2371.2932299861945,20,0.5000000000000001,-0.8660254037844386,0,0,1,5.033024918888889,0.3566097239722222,5.091562219055555,3.633355686611111,19.82183390566667,18.596562272777778,19.555466913638888,19.144044949,0.0,0.0,0.0,0.0
B4,roll_01,persistence,2026-01-13 21:00:00+00:00,2026-01-13 22:00:00+00:00,0,1,2025-12-08T00:00:00+00:00,2026-01-12T00:00:00+00:00,2026-01-12T00:00:00+00:00,2026-01-19T00:00:00+00:00,1323.4556494799722,813.2224330626667,510.23321641730547,0,night,0,0.0,0,1,0,0,0,0,0,0,0,0,0,0,0,0,0,0,0,0,0,0,0,0,0,0,1,575.4723228509444,2371.2932299861945,1060.23997367125,813.2224330626667,21,0.7071067811865474,-0.7071067811865477,0,0,1,4.900254803388889,0.3184367013611111,5.033024918888889,3.5082212590277777,19.92269649358333,18.56220642625,19.82183390566667,19.25061404477778,0.0,0.0,0.0,0.0
B4,roll_01,persistence,2026-01-13 22:00:00+00:00,2026-01-13 23:00:00+00:00,0,1,2025-12-08T00:00:00+00:00,2026-01-12T00:00:00+00:00,2026-01-12T00:00:00+00:00,2026-01-19T00:00:00+00:00,690.983777113111,1323.4556494799722,-632.4718723668611,0,night,0,0.0,0,1,0,0,0,0,0,0,0,0,0,0,0,0,0,0,0,0,0,0,0,0,0,0,1,379.3353790977222,813.2224330626667,372.6696216118889,1323.4556494799722,22,0.8660254037844384,-0.5000000000000004,0,0,1,4.787616396777778,0.1134802030555555,4.900254803388889,3.508406459083333,19.833271056222223,18.7725153515,19.92269649358333,19.15334913905556,0.0,0.0,0.0,0.0
B4,roll_01,persistence,2026-01-13 23:00:00+00:00,2026-01-14 00:00:00+00:00,0,1,2025-12-08T00:00:00+00:00,2026-01-12T00:00:00+00:00,2026-01-12T00:00:00+00:00,2026-01-19T00:00:00+00:00,373.91198171711113,690.983777113111,-317.0717953959999,0,night,0,0.0,0,1,0,0,0,0,0,0,0,0,0,0,0,0,0,0,0,0,0,0,0,0,0,0,1,372.6325051877778,1323.4556494799722,368.2867205090556,690.983777113111,23,0.965925826289068,-0.2588190451025215,0,0,1,4.36980794625,-0.2452416142222222,4.787616396777778,3.994434357833333,19.88424536811112,18.993671222388887,19.833271056222223,19.462697947166664,0.0,0.0,0.0,0.0
B4,roll_01,persistence,2026-01-14 05:00:00+00:00,2026-01-14 06:00:00+00:00,0,1,2025-12-08T00:00:00+00:00,2026-01-12T00:00:00+00:00,2026-01-12T00:00:00+00:00,2026-01-19T00:00:00+00:00,1951.7951114496389,2059.780215135472,-107.98510368583334,0,night,0,0.0,0,1,0,0,0,0,0,0,0,0,0,0,0,0,0,0,0,0,0,0,0,0,0,0,2,2048.148801472083,1021.3973762487502,2001.738657636584,2059.780215135472,5,0.2588190451025207,0.9659258262890684,0,0,1,4.117087354722222,-2.138426025055556,4.003444144972222,4.516244777583333,20.124028981166667,19.57790496161111,20.134824625472223,20.02328279972222,0.0,0.0,0.0,0.0
B4,roll_01,persistence,2026-01-14 06:00:00+00:00,2026-01-14 07:00:00+00:00,0,1,2025-12-08T00:00:00+00:00,2026-01-12T00:00:00+00:00,2026-01-12T00:00:00+00:00,2026-01-19T00:00:00+00:00,1687.1433126186946,1951.7951114496389,-264.65179883094424,0,night,0,0.0,0,1,0,0,0,0,0,0,0,0,0,0,0,0,0,0,0,0,0,0,0,0,0,0,2,2144.072206509945,2059.780215135472,2099.6764230465,1951.7951114496389,6,6.123233995736766e-17,1.0,0,0,1,4.254348787194444,-2.334666141611111,4.117087354722222,4.763350271222222,19.934132118,19.242493166972224,20.124028981166667,19.945872866472225,0.0,0.0,0.0,0.0
B4,roll_01,persistence,2026-01-14 07:00:00+00:00,2026-01-14 08:00:00+00:00,0,1,2025-12-08T00:00:00+00:00,2026-01-12T00:00:00+00:00,2026-01-12T00:00:00+00:00,2026-01-19T00:00:00+00:00,1700.1424731680556,1687.1433126186946,12.999160549361022,1,night,0,0.0,0,1,0,0,0,0,0,0,0,0,0,0,0,0,0,0,0,0,0,0,0,0,0,0,2,1962.395727615584,1951.7951114496389,1798.5318447581387,1687.1433126186946,7,-0.2588190451025206,0.9659258262890684,0,0,1,4.355129028611111,-1.857353954,4.254348787194444,5.146098303527778,19.907104928583333,18.54471837513889,19.934132118,19.215107962944447,0.0,0.0,0.0,0.0
B4,roll_01,persistence,2026-01-14 08:00:00+00:00,2026-01-14 09:00:00+00:00,0,1,2025-12-08T00:00:00+00:00,2026-01-12T00:00:00+00:00,2026-01-12T00:00:00+00:00,2026-01-19T00:00:00+00:00,1616.381493539,1700.1424731680556,-83.76097962905556,1,night,0,0.0,0,1,0,0,0,0,0,0,0,0,0,0,0,0,0,0,0,0,0,0,0,0,0,0,2,1449.9337721436666,1687.1433126186946,1792.85737564,1700.1424731680556,8,-0.4999999999999998,0.8660254037844387,0,0,1,4.627706611055555,-0.4426733692222222,4.355129028611111,5.574331767527777,20.452670910722222,19.39568181513889,19.907104928583333,19.78762391975,0.0,570.0789902141945,0.0,34.78762225408333
B4,roll_01,persistence,2026-01-14 09:00:00+00:00,2026-01-14 10:00:00+00:00,0,1,2025-12-08T00:00:00+00:00,2026-01-12T00:00:00+00:00,2026-01-12T00:00:00+00:00,2026-01-19T00:00:00+00:00,1771.2370990303614,1616.381493539,154.8556054913613,1,low,0,0.0,0,2,0,0,0,0,0,0,0,0,0,0,0,0,0,0,0,0,0,0,0,0,0,0,2,1045.4205219210555,1700.1424731680556,1704.9205994411388,1616.381493539,9,-0.7071067811865475,0.7071067811865476,0,0,1,5.024308661138889,0.9949755484444444,4.627706611055555,5.704844287583334,20.41466703861111,20.01117311875,20.452670910722222,19.322890420722224,115.05220435744444,944.5843582863334,0.0,81.0947692918889
B4,roll_01,persistence,2026-01-14 10:00:00+00:00,2026-01-14 11:00:00+00:00,0,1,2025-12-08T00:00:00+00:00,2026-01-12T00:00:00+00:00,2026-01-12T00:00:00+00:00,2026-01-19T00:00:00+00:00,1698.523145841389,1771.2370990303614,-72.71395318897248,1,low,0,0.0,0,2,0,0,0,0,0,0,0,0,0,0,0,0,0,0,0,0,0,0,0,0,0,0,2,760.5154770373333,1616.381493539,1712.5081979704166,1771.2370990303614,10,-0.8660254037844387,0.4999999999999999,0,0,1,5.432306789416667,1.9578350736111112,5.024308661138889,6.065839095694444,20.172151427166664,20.312036394777778,20.41466703861111,19.53915467719445,33.43036787752778,1264.831612533833,115.05220435744444,75.89661000686111
B4,roll_01,persistence,2026-01-14 11:00:00+00:00,2026-01-14 12:00:00+00:00,0,1,2025-12-08T00:00:00+00:00,2026-01-12T00:00:00+00:00,2026-01-12T00:00:00+00:00,2026-01-19T00:00:00+00:00,986.6906551339166,1698.523145841389,-711.8324907074723,1,low,0,0.0,0,2,0,0,0,0,0,0,0,0,0,0,0,0,0,0,0,0,0,0,0,0,0,0,2,546.3529176781944,1771.2370990303614,1729.1863273721667,1698.523145841389,11,-0.9659258262890682,0.258819045102521,0,0,1,5.742981328027778,2.4392818327777777,5.432306789416667,6.411032006055556,19.860319106222224,24.623482295972224,20.172151427166664,20.10092485888889,89.70113270638889,1540.4049076230278,33.43036787752778,127.21179366422224
B4,roll_01,persistence,2026-01-14 12:00:00+00:00,2026-01-14 13:00:00+00:00,0,1,2025-12-08T00:00:00+00:00,2026-01-12T00:00:00+00:00,2026-01-12T00:00:00+00:00,2026-01-19T00:00:00+00:00,1215.6235662438055,986.6906551339166,228.9329111098889,1,low,0,0.0,0,2,0,0,0,0,0,0,0,0,0,0,0,0,0,0,0,0,0,0,0,0,0,0,2,756.1850252865555,1698.523145841389,1776.8351252307775,986.6906551339166,12,-1.0,1.2246467991473532e-16,0,0,1,6.181814728333333,3.0398306009166665,5.742981328027778,6.843188409,19.29081991602777,21.195236754666663,19.860319106222224,19.814930444777776,108.82108360533334,1439.505969516472,89.70113270638889,161.38882697286112
B4,roll_01,persistence,2026-01-14 13:00:00+00:00,2026-01-14 14:00:00+00:00,0,1,2025-12-08T00:00:00+00:00,2026-01-12T00:00:00+00:00,2026-01-12T00:00:00+00:00,2026-01-19T00:00:00+00:00,1567.194707997861,1215.6235662438055,351.5711417540556,1,low,0,0.0,0,2,0,0,0,0,0,0,0,0,0,0,0,0,0,0,0,0,0,0,0,0,0,0,2,1302.286245294389,986.6906551339166,1850.1251705731663,1215.6235662438055,13,-0.9659258262890684,-0.2588190451025208,0,0,1,6.522614021444444,4.212726052527778,6.181814728333333,7.213576107916666,19.14399669966667,20.18060452627778,19.29081991602777,19.35789605444444,44.19311912005556,1182.3181012871669,108.82108360533334,125.87758148475
B4,roll_01,persistence,2026-01-14 14:00:00+00:00,2026-01-14 15:00:00+00:00,0,1,2025-12-08T00:00:00+00:00,2026-01-12T00:00:00+00:00,2026-01-12T00:00:00+00:00,2026-01-19T00:00:00+00:00,1578.744458172111,1567.194707997861,11.549750174249994,1,night,0,0.0,0,2,0,0,0,0,0,0,0,0,0,0,0,0,0,0,0,0,0,0,0,0,0,0,2,1726.787963903611,1215.6235662438055,2103.8606620909723,1567.194707997861,14,-0.8660254037844388,-0.4999999999999997,0,0,1,6.668629153166666,4.414327284722222,6.522614021444444,6.892581615,19.106394929388888,18.96121669636111,19.14399669966667,19.314774678777777,0.0,628.2047391991667,44.19311912005556,25.63169713905556
B4,roll_01,persistence,2026-01-14 15:00:00+00:00,2026-01-14 16:00:00+00:00,0,1,2025-12-08T00:00:00+00:00,2026-01-12T00:00:00+00:00,2026-01-12T00:00:00+00:00,2026-01-19T00:00:00+00:00,1624.9310390754445,1578.744458172111,46.18658090333338,1,night,0,0.0,0,2,0,0,0,0,0,0,0,0,0,0,0,0,0,0,0,0,0,0,0,0,0,0,2,2477.2962560777223,1567.194707997861,1367.69234237475,1578.744458172111,15,-0.7071067811865479,-0.7071067811865471,0,0,1,6.565780549027778,3.245419476666666,6.668629153166666,6.473090648055556,19.14164701436111,19.184675615388887,19.106394929388888,18.981844509638886,0.0,21.8963531215,0.0,0.0
B4,roll_01,persistence,2026-01-14 16:00:00+00:00,2026-01-14 17:00:00+00:00,0,1,2025-12-08T00:00:00+00:00,2026-01-12T00:00:00+00:00,2026-01-12T00:00:00+00:00,2026-01-19T00:00:00+00:00,1793.6743844524724,1624.9310390754445,168.74334537702794,0,night,0,0.0,0,2,0,0,0,0,0,0,0,0,0,0,0,0,0,0,0,0,0,0,0,0,0,0,2,2736.9958837058616,1578.744458172111,2518.591872478111,1624.9310390754445,16,-0.5000000000000004,-0.8660254037844385,0,0,1,6.580184991083333,1.6886237109166666,6.565780549027778,5.85150787425,19.24061198258333,19.02204263538889,19.14164701436111,19.342884771027776,0.0,0.0,0.0,0.0
B4,roll_01,persistence,2026-01-14 17:00:00+00:00,2026-01-14 18:00:00+00:00,0,1,2025-12-08T00:00:00+00:00,2026-01-12T00:00:00+00:00,2026-01-12T00:00:00+00:00,2026-01-19T00:00:00+00:00,1048.612189175861,1793.6743844524724,-745.0621952766114,0,night,0,0.0,0,2,0,0,0,0,0,0,0,0,0,0,0,0,0,0,0,0,0,0,0,0,0,0,2,2262.745013387778,1624.9310390754445,2818.4871972926667,1793.6743844524724,17,-0.2588190451025206,-0.9659258262890684,0,0,1,6.7399584603888885,0.6640826144444444,6.580184991083333,5.551368765666666,18.989385271777778,19.445126605,19.24061198258333,19.703703886777777,0.0,0.0,0.0,0.0
B4,roll_01,persistence,2026-01-14 18:00:00+00:00,2026-01-14 19:00:00+00:00,0,1,2025-12-08T00:00:00+00:00,2026-01-12T00:00:00+00:00,2026-01-12T00:00:00+00:00,2026-01-19T00:00:00+00:00,1797.1453520931666,1048.612189175861,748.5331629173056,0,night,0,0.0,0,2,0,0,0,0,0,0,0,0,0,0,0,0,0,0,0,0,0,0,0,0,0,0,2,1568.7467902066112,1793.6743844524724,1383.2154217488053,1048.612189175861,18,-1.8369701987210292e-16,-1.0,0,0,1,7.065830788222222,0.0305977500833333,6.7399584603888885,5.565244997222223,19.395188082444445,19.31415853788889,18.989385271777778,19.3371023785,0.0,0.0,0.0,0.0
B4,roll_01,persistence,2026-01-14 19:00:00+00:00,2026-01-14 20:00:00+00:00,0,1,2025-12-08T00:00:00+00:00,2026-01-12T00:00:00+00:00,2026-01-12T00:00:00+00:00,2026-01-19T00:00:00+00:00,741.7054459836112,1797.1453520931666,-1055.4399061095555,0,night,0,0.0,0,2,0,0,0,0,0,0,0,0,0,0,0,0,0,0,0,0,0,0,0,0,0,0,2,2191.9078966617776,1048.612189175861,962.6741752021112,1797.1453520931666,19,0.2588190451025203,-0.9659258262890684,0,0,1,6.7976319745,-0.5172285606388889,7.065830788222222,5.091562219055555,20.13497632016667,19.633846631416667,19.395188082444445,19.555466913638888,0.0,0.0,0.0,0.0
B4,roll_01,persistence,2026-01-14 20:00:00+00:00,2026-01-14 21:00:00+00:00,0,1,2025-12-08T00:00:00+00:00,2026-01-12T00:00:00+00:00,2026-01-12T00:00:00+00:00,2026-01-19T00:00:00+00:00,554.3527368332501,741.7054459836112,-187.35270915036108,0,night,0,0.0,0,2,0,0,0,0,0,0,0,0,0,0,0,0,0,0,0,0,0,0,0,0,0,0,2,974.76946242625,1797.1453520931666,2371.2932299861945,741.7054459836112,20,0.5000000000000001,-0.8660254037844386,0,0,1,6.660144965333333,-0.8401728560833334,6.7976319745,5.033024918888889,19.98757817386112,18.864326428194445,20.13497632016667,19.82183390566667,0.0,0.0,0.0,0.0
B4,roll_01,persistence,2026-01-14 21:00:00+00:00,2026-01-14 22:00:00+00:00,0,1,2025-12-08T00:00:00+00:00,2026-01-12T00:00:00+00:00,2026-01-12T00:00:00+00:00,2026-01-19T00:00:00+00:00,374.6190320515,554.3527368332501,-179.73370478175008,0,night,0,0.0,0,2,0,0,0,0,0,0,0,0,0,0,0,0,0,0,0,0,0,0,0,0,0,0,2,588.3848682054444,741.7054459836112,813.2224330626667,554.3527368332501,21,0.7071067811865474,-0.7071067811865477,0,0,1,6.3999320517500005,-1.128014455416667,6.660144965333333,4.900254803388889,19.87022840075,18.75661051636111,19.98757817386112,19.92269649358333,0.0,0.0,0.0,0.0
B4,roll_01,persistence,2026-01-15 04:00:00+00:00,2026-01-15 05:00:00+00:00,0,1,2025-12-08T00:00:00+00:00,2026-01-12T00:00:00+00:00,2026-01-12T00:00:00+00:00,2026-01-19T00:00:00+00:00,2039.245831840444,1052.1522978683056,987.0935339721384,0,night,0,0.0,0,2,0,0,0,0,0,0,0,0,0,0,0,0,0,0,0,0,0,0,0,0,0,0,3,1013.4860831681112,373.5574161077223,1021.3973762487502,1052.1522978683056,4,0.5000000000000001,0.8660254037844386,0,0,1,5.925028980166666,-2.941260518777778,5.914457750944444,4.003444144972222,20.59579628066667,19.30795908583333,20.35707342683333,20.134824625472223,0.0,0.0,0.0,0.0
B4,roll_01,persistence,2026-01-15 05:00:00+00:00,2026-01-15 06:00:00+00:00,0,1,2025-12-08T00:00:00+00:00,2026-01-12T00:00:00+00:00,2026-01-12T00:00:00+00:00,2026-01-19T00:00:00+00:00,2008.2256900938053,2039.245831840444,-31.02014174663873,0,night,0,0.0,0,2,0,0,0,0,0,0,0,0,0,0,0,0,0,0,0,0,0,0,0,0,0,0,3,2046.8079468206668,1052.1522978683056,2059.780215135472,2039.245831840444,5,0.2588190451025207,0.9659258262890684,0,0,1,5.866083384027778,-0.6244157646666665,5.925028980166666,4.117087354722222,20.27639611691667,19.49536178544444,20.59579628066667,20.124028981166667,0.0,0.0,0.0,0.0
B4,roll_01,persistence,2026-01-15 06:00:00+00:00,2026-01-15 07:00:00+00:00,0,1,2025-12-08T00:00:00+00:00,2026-01-12T00:00:00+00:00,2026-01-12T00:00:00+00:00,2026-01-19T00:00:00+00:00,1864.800559224361,2008.2256900938053,-143.42513086944427,0,night,0,0.0,0,2,0,0,0,0,0,0,0,0,0,0,0,0,0,0,0,0,0,0,0,0,0,0,3,2002.5342499304168,2039.245831840444,1951.7951114496389,2008.2256900938053,6,6.123233995736766e-17,1.0,0,0,1,5.855689930055555,3.079196885472222,5.866083384027778,4.254348787194444,19.47680676319445,19.399240677722226,20.27639611691667,19.934132118,0.0,0.0,0.0,0.0
B4,roll_01,persistence,2026-01-15 07:00:00+00:00,2026-01-15 08:00:00+00:00,0,1,2025-12-08T00:00:00+00:00,2026-01-12T00:00:00+00:00,2026-01-12T00:00:00+00:00,2026-01-19T00:00:00+00:00,1891.1646381102776,1864.800559224361,26.36407888591657,1,night,0,0.0,0,2,0,0,0,0,0,0,0,0,0,0,0,0,0,0,0,0,0,0,0,0,0,0,3,1850.8068317207776,2008.2256900938053,1687.1433126186946,1864.800559224361,7,-0.2588190451025206,0.9659258262890684,0,0,1,5.939965576,-2.460782343555556,5.855689930055555,4.355129028611111,18.746181867083333,19.351266054333333,19.47680676319445,19.907104928583333,0.0,0.0,0.0,0.0
B4,roll_01,persistence,2026-01-15 08:00:00+00:00,2026-01-15 09:00:00+00:00,0,1,2025-12-08T00:00:00+00:00,2026-01-12T00:00:00+00:00,2026-01-12T00:00:00+00:00,2026-01-19T00:00:00+00:00,1853.015352479528,1891.1646381102776,-38.149285630749546,1,night,0,0.0,0,2,0,0,0,0,0,0,0,0,0,0,0,0,0,0,0,0,0,0,0,0,0,0,3,1538.5037201446942,1864.800559224361,1700.1424731680556,1891.1646381102776,8,-0.4999999999999998,0.8660254037844387,0,0,1,6.0540732603333325,-1.67364147725,5.939965576,4.627706611055555,19.051684740972224,19.74709173080556,18.746181867083333,20.452670910722222,0.0,469.6490468964166,0.0,0.0
B4,roll_01,persistence,2026-01-15 09:00:00+00:00,2026-01-15 10:00:00+00:00,0,1,2025-12-08T00:00:00+00:00,2026-01-12T00:00:00+00:00,2026-01-12T00:00:00+00:00,2026-01-19T00:00:00+00:00,1753.4225527633614,1853.015352479528,-99.59279971616661,1,low,0,0.0,0,2,0,0,0,0,0,0,0,0,0,0,0,0,0,0,0,0,0,0,0,0,0,0,3,1246.2386662023334,1891.1646381102776,1616.381493539,1853.015352479528,9,-0.7071067811865475,0.7071067811865476,0,0,1,6.356309699972222,-0.3285788842222222,6.0540732603333325,5.024308661138889,20.157227171944445,19.877910395111112,19.051684740972224,20.41466703861111,71.04931229527777,693.6095931546666,0.0,115.05220435744444
B4,roll_01,persistence,2026-01-15 10:00:00+00:00,2026-01-15 11:00:00+00:00,0,1,2025-12-08T00:00:00+00:00,2026-01-12T00:00:00+00:00,2026-01-12T00:00:00+00:00,2026-01-19T00:00:00+00:00,1683.7846975026666,1753.4225527633614,-69.63785526069478,1,low,0,0.0,0,2,0,0,0,0,0,0,0,0,0,0,0,0,0,0,0,0,0,0,0,0,0,0,3,1154.3803733119444,1853.015352479528,1771.2370990303614,1753.4225527633614,10,-0.8660254037844387,0.4999999999999999,0,0,1,7.095990240444444,0.9859336270277778,6.356309699972222,5.432306789416667,19.88121188980556,20.16940789636111,20.157227171944445,20.172151427166664,190.55258295625003,861.0507605769722,71.04931229527777,33.43036787752778
B4,roll_01,persistence,2026-01-15 11:00:00+00:00,2026-01-15 12:00:00+00:00,0,1,2025-12-08T00:00:00+00:00,2026-01-12T00:00:00+00:00,2026-01-12T00:00:00+00:00,2026-01-19T00:00:00+00:00,662.9256880891389,1683.7846975026666,-1020.8590094135277,1,low,0,0.0,0,2,0,0,0,0,0,0,0,0,0,0,0,0,0,0,0,0,0,0,0,0,0,0,3,1112.5980900928612,1753.4225527633614,1698.523145841389,1683.7846975026666,11,-0.9659258262890682,0.258819045102521,0,0,1,7.735721079805555,2.126837025805556,7.095990240444444,5.742981328027778,23.38672065052777,23.31224428980555,19.88121188980556,19.860319106222224,176.48683570197224,913.1481082111112,190.55258295625003,89.70113270638889
B4,roll_01,persistence,2026-01-15 12:00:00+00:00,2026-01-15 13:00:00+00:00,0,1,2025-12-08T00:00:00+00:00,2026-01-12T00:00:00+00:00,2026-01-12T00:00:00+00:00,2026-01-19T00:00:00+00:00,1670.502586263833,662.9256880891389,1007.5768981746942,1,low,0,0.0,0,2,0,0,0,0,0,0,0,0,0,0,0,0,0,0,0,0,0,0,0,0,0,0,3,697.50058879075,1683.7846975026666,986.6906551339166,662.9256880891389,12,-1.0,1.2246467991473532e-16,0,0,1,7.640280755611111,4.213676707777778,7.735721079805555,6.181814728333333,18.96813179475,26.38240086858333,23.38672065052777,19.29081991602777,137.67527449247223,1404.1620500711945,176.48683570197224,108.82108360533334
B4,roll_01,persistence,2026-01-15 13:00:00+00:00,2026-01-15 14:00:00+00:00,0,1,2025-12-08T00:00:00+00:00,2026-01-12T00:00:00+00:00,2026-01-12T00:00:00+00:00,2026-01-19T00:00:00+00:00,1481.236402503917,1670.502586263833,-189.2661837599162,1,low,0,0.0,0,2,0,0,0,0,0,0,0,0,0,0,0,0,0,0,0,0,0,0,0,0,0,0,3,1350.37595587875,662.9256880891389,1215.6235662438055,1670.502586263833,13,-0.9659258262890684,-0.2588190451025208,0,0,1,7.717073466916666,6.541272591666668,7.640280755611111,6.522614021444444,19.995219474666666,20.230652662666667,18.96813179475,19.14399669966667,89.73333983747223,1169.0765104621112,137.67527449247223,44.19311912005556
B4,roll_01,persistence,2026-01-15 14:00:00+00:00,2026-01-15 15:00:00+00:00,0,1,2025-12-08T00:00:00+00:00,2026-01-12T00:00:00+00:00,2026-01-12T00:00:00+00:00,2026-01-19T00:00:00+00:00,885.3972389852223,1481.236402503917,-595.8391635186946,1,low,0,0.0,0,2,0,0,0,0,0,0,0,0,0,0,0,0,0,0,0,0,0,0,0,0,0,0,3,1705.890929453528,1670.502586263833,1567.194707997861,1481.236402503917,14,-0.8660254037844388,-0.4999999999999997,0,0,1,7.777161936083334,8.226870102805556,7.717073466916666,6.668629153166666,18.998335135416667,19.974297232666665,19.995219474666666,19.106394929388888,15.6927846945,631.2471208811944,89.73333983747223,0.0
B4,roll_01,persistence,2026-01-15 15:00:00+00:00,2026-01-15 16:00:00+00:00,0,1,2025-12-08T00:00:00+00:00,2026-01-12T00:00:00+00:00,2026-01-12T00:00:00+00:00,2026-01-19T00:00:00+00:00,1797.5373261431112,885.3972389852223,912.1400871578888,1,night,0,0.0,0,2,0,0,0,0,0,0,0,0,0,0,0,0,0,0,0,0,0,0,0,0,0,0,3,2587.529739670056,1481.236402503917,1578.744458172111,885.3972389852223,15,-0.7071067811865479,-0.7071067811865471,0,0,1,7.587229790388889,7.3480560154444445,7.777161936083334,6.565780549027778,18.903532724861112,19.38427655861111,18.998335135416667,19.14164701436111,0.0,26.18345503047222,15.6927846945,0.0
B4,roll_01,persistence,2026-01-15 16:00:00+00:00,2026-01-15 17:00:00+00:00,0,1,2025-12-08T00:00:00+00:00,2026-01-12T00:00:00+00:00,2026-01-12T00:00:00+00:00,2026-01-19T00:00:00+00:00,1346.1776368881667,1797.5373261431112,-451.35968925494444,0,night,0,0.0,0,2,0,0,0,0,0,0,0,0,0,0,0,0,0,0,0,0,0,0,0,0,0,0,3,2568.744366554028,885.3972389852223,1624.9310390754445,1797.5373261431112,16,-0.5000000000000004,-0.8660254037844385,0,0,1,7.352740038694445,4.011567114111111,7.587229790388889,6.580184991083333,19.207566096138887,19.342780857222223,18.903532724861112,19.24061198258333,0.0,0.0,0.0,0.0
B4,roll_01,persistence,2026-01-15 17:00:00+00:00,2026-01-15 18:00:00+00:00,0,1,2025-12-08T00:00:00+00:00,2026-01-12T00:00:00+00:00,2026-01-12T00:00:00+00:00,2026-01-19T00:00:00+00:00,2386.9593965361114,1346.1776368881667,1040.7817596479447,0,night,0,0.0,0,2,0,0,0,0,0,0,0,0,0,0,0,0,0,0,0,0,0,0,0,0,0,0,3,2405.933929940611,1797.5373261431112,1793.6743844524724,1346.1776368881667,17,-0.2588190451025206,-0.9659258262890684,0,0,1,7.210672752555555,2.5370079282777778,7.352740038694445,6.7399584603888885,19.75528769888889,19.64785988936111,19.207566096138887,18.989385271777778,0.0,0.0,0.0,0.0
B4,roll_01,persistence,2026-01-15 18:00:00+00:00,2026-01-15 19:00:00+00:00,0,1,2025-12-08T00:00:00+00:00,2026-01-12T00:00:00+00:00,2026-01-12T00:00:00+00:00,2026-01-19T00:00:00+00:00,1666.5948316020276,2386.9593965361114,-720.3645649340838,0,night,0,0.0,0,2,0,0,0,0,0,0,0,0,0,0,0,0,0,0,0,0,0,0,0,0,0,0,3,2399.449532727612,1346.1776368881667,1048.612189175861,2386.9593965361114,18,-1.8369701987210292e-16,-1.0,0,0,1,6.914773931666667,2.022283620583333,7.210672752555555,7.065830788222222,19.750921251194445,19.25424490305556,19.75528769888889,19.395188082444445,0.0,0.0,0.0,0.0
B4,roll_01,persistence,2026-01-15 19:00:00+00:00,2026-01-15 20:00:00+00:00,0,1,2025-12-08T00:00:00+00:00,2026-01-12T00:00:00+00:00,2026-01-12T00:00:00+00:00,2026-01-19T00:00:00+00:00,1076.4033323202225,1666.5948316020276,-590.1914992818051,0,night,0,0.0,0,2,0,0,0,0,0,0,0,0,0,0,0,0,0,0,0,0,0,0,0,0,0,0,3,1431.48542243675,2386.9593965361114,1797.1453520931666,1666.5948316020276,19,0.2588190451025203,-0.9659258262890684,0,0,1,6.321510255361112,1.780326929388889,6.914773931666667,6.7976319745,19.999823462166667,18.966781092166663,19.750921251194445,20.13497632016667,0.0,0.0,0.0,0.0
B4,roll_01,persistence,2026-01-15 20:00:00+00:00,2026-01-15 21:00:00+00:00,0,1,2025-12-08T00:00:00+00:00,2026-01-12T00:00:00+00:00,2026-01-12T00:00:00+00:00,2026-01-19T00:00:00+00:00,1005.1173250451112,1076.4033323202225,-71.28600727511127,0,night,0,0.0,0,2,0,0,0,0,0,0,0,0,0,0,0,0,0,0,0,0,0,0,0,0,0,0,3,898.016377999889,1666.5948316020276,741.7054459836112,1076.4033323202225,20,0.5000000000000001,-0.8660254037844386,0,0,1,6.225941869694444,1.6461886253888889,6.321510255361112,6.660144965333333,19.716939268694443,18.956287759888887,19.999823462166667,19.98757817386112,0.0,0.0,0.0,0.0
B4,roll_01,persistence,2026-01-16 05:00:00+00:00,2026-01-16 06:00:00+00:00,0,1,2025-12-08T00:00:00+00:00,2026-01-12T00:00:00+00:00,2026-01-12T00:00:00+00:00,2026-01-19T00:00:00+00:00,2477.7992105114445,2002.717169422556,475.08204108888845,0,night,0,0.0,0,2,0,0,0,0,0,0,0,0,0,0,0,0,0,0,0,0,0,0,0,0,0,0,4,2047.0297009597773,1076.4506056084722,2039.245831840444,2002.717169422556,5,0.2588190451025207,0.9659258262890684,0,0,1,6.480166650444445,1.1214002574722222,6.319809020444445,5.866083384027778,20.62937870683333,19.720601895472225,20.54722971761112,20.27639611691667,0.0,0.0,0.0,0.0
B4,roll_01,persistence,2026-01-16 06:00:00+00:00,2026-01-16 07:00:00+00:00,0,1,2025-12-08T00:00:00+00:00,2026-01-12T00:00:00+00:00,2026-01-12T00:00:00+00:00,2026-01-19T00:00:00+00:00,2372.8508934692777,2477.7992105114445,-104.94831704216676,0,night,0,0.0,0,2,0,0,0,0,0,0,0,0,0,0,0,0,0,0,0,0,0,0,0,0,0,0,4,2558.245225021167,2002.717169422556,2008.2256900938053,2477.7992105114445,6,6.123233995736766e-17,1.0,0,0,1,6.526934920555555,1.056097709888889,6.480166650444445,5.855689930055555,19.989256890694445,19.32600380038889,20.62937870683333,19.47680676319445,0.0,0.0,0.0,0.0
B4,roll_01,persistence,2026-01-16 07:00:00+00:00,2026-01-16 08:00:00+00:00,0,1,2025-12-08T00:00:00+00:00,2026-01-12T00:00:00+00:00,2026-01-12T00:00:00+00:00,2026-01-19T00:00:00+00:00,1713.0605896702225,2372.8508934692777,-659.7903037990552,1,night,0,0.0,0,2,0,0,0,0,0,0,0,0,0,0,0,0,0,0,0,0,0,0,0,0,0,0,4,1917.6388459600832,2477.7992105114445,1864.800559224361,2372.8508934692777,7,-0.2588190451025206,0.9659258262890684,0,0,1,6.51837168525,0.6626632042222222,6.526934920555555,5.939965576,19.50656841447222,18.792866169333333,19.989256890694445,18.746181867083333,0.0,0.0,0.0,0.0
B4,roll_01,persistence,2026-01-16 08:00:00+00:00,2026-01-16 09:00:00+00:00,0,1,2025-12-08T00:00:00+00:00,2026-01-12T00:00:00+00:00,2026-01-12T00:00:00+00:00,2026-01-19T00:00:00+00:00,1442.9932598915832,1713.0605896702225,-270.0673297786393,1,low,0,0.0,0,2,0,0,0,0,0,0,0,0,0,0,0,0,0,0,0,0,0,0,0,0,0,0,4,2537.646863457084,2372.8508934692777,1891.1646381102776,1713.0605896702225,8,-0.4999999999999998,0.8660254037844387,0,0,1,6.70613304075,0.6523814971388889,6.51837168525,6.0540732603333325,19.7554677515,19.253292459972226,19.50656841447222,19.051684740972224,219.2942974313056,14.120518125916668,0.0,0.0
B4,roll_01,persistence,2026-01-16 09:00:00+00:00,2026-01-16 10:00:00+00:00,0,1,2025-12-08T00:00:00+00:00,2026-01-12T00:00:00+00:00,2026-01-12T00:00:00+00:00,2026-01-19T00:00:00+00:00,1623.9131629396943,1442.9932598915832,180.9199030481111,1,low,0,0.0,0,2,0,0,0,0,0,0,0,0,0,0,0,0,0,0,0,0,0,0,0,0,0,0,4,1822.7418795589167,1713.0605896702225,1853.015352479528,1442.9932598915832,9,-0.7071067811865475,0.7071067811865476,0,0,1,7.120510198722222,1.1128761986666664,6.70613304075,6.356309699972222,19.877659039055555,19.4775917105,19.7554677515,20.157227171944445,397.3280925458334,72.10103886938889,219.2942974313056,71.04931229527777
B4,roll_01,persistence,2026-01-16 10:00:00+00:00,2026-01-16 11:00:00+00:00,0,1,2025-12-08T00:00:00+00:00,2026-01-12T00:00:00+00:00,2026-01-12T00:00:00+00:00,2026-01-19T00:00:00+00:00,490.20504058097225,1623.9131629396943,-1133.708122358722,1,low,0,0.0,0,2,0,0,0,0,0,0,0,0,0,0,0,0,0,0,0,0,0,0,0,0,0,0,4,1791.9841544997778,1442.9932598915832,1753.4225527633614,1623.9131629396943,10,-0.8660254037844387,0.4999999999999999,0,0,1,7.606124750555556,1.98489638075,7.120510198722222,7.095990240444444,19.85123305425,19.35161868911111,19.877659039055555,19.88121188980556,176.83669021891663,151.29219367175003,397.3280925458334,190.55258295625003
B4,roll_01,persistence,2026-01-16 11:00:00+00:00,2026-01-16 12:00:00+00:00,0,1,2025-12-08T00:00:00+00:00,2026-01-12T00:00:00+00:00,2026-01-12T00:00:00+00:00,2026-01-19T00:00:00+00:00,1595.4900083538612,490.20504058097225,1105.2849677728889,1,low,0,0.0,0,2,0,0,0,0,0,0,0,0,0,0,0,0,0,0,0,0,0,0,0,0,0,0,4,1919.5265633675,1623.9131629396943,1683.7846975026666,490.20504058097225,11,-0.9659258262890682,0.258819045102521,0,0,1,8.054131653722223,2.262476912472222,7.606124750555556,7.735721079805555,19.50173812611111,19.35153318558333,19.85123305425,23.38672065052777,96.41320922194444,139.91217718894444,176.83669021891663,176.48683570197224
B4,roll_01,persistence,2026-01-16 12:00:00+00:00,2026-01-16 13:00:00+00:00,0,1,2025-12-08T00:00:00+00:00,2026-01-12T00:00:00+00:00,2026-01-12T00:00:00+00:00,2026-01-19T00:00:00+00:00,701.5758242305001,1595.4900083538612,-893.9141841233611,1,low,0,0.0,0,2,0,0,0,0,0,0,0,0,0,0,0,0,0,0,0,0,0,0,0,0,0,0,4,2047.703922921584,490.20504058097225,662.9256880891389,1595.4900083538612,12,-1.0,1.2246467991473532e-16,0,0,1,7.894125589972222,2.847650250777777,8.054131653722223,7.640280755611111,19.87244296738889,19.16837650158333,19.50173812611111,18.96813179475,92.09759563077776,186.2105002900278,96.41320922194444,137.67527449247223
B4,roll_01,persistence,2026-01-16 13:00:00+00:00,2026-01-16 14:00:00+00:00,0,1,2025-12-08T00:00:00+00:00,2026-01-12T00:00:00+00:00,2026-01-12T00:00:00+00:00,2026-01-19T00:00:00+00:00,1952.1323181944445,701.5758242305001,1250.5564939639444,1,low,0,0.0,0,2,0,0,0,0,0,0,0,0,0,0,0,0,0,0,0,0,0,0,0,0,0,0,4,2327.2743383188613,1595.4900083538612,1670.502586263833,701.5758242305001,13,-0.9659258262890684,-0.2588190451025208,0,0,1,8.179940411916666,3.145696257361111,7.894125589972222,7.717073466916666,19.473662514111112,19.27161853116667,19.87244296738889,19.995219474666666,166.040840057,200.4210866871111,92.09759563077776,89.73333983747223
B4,roll_01,persistence,2026-01-16 14:00:00+00:00,2026-01-16 15:00:00+00:00,0,1,2025-12-08T00:00:00+00:00,2026-01-12T00:00:00+00:00,2026-01-12T00:00:00+00:00,2026-01-19T00:00:00+00:00,573.8755752583612,1952.1323181944445,-1378.2567429360834,1,low,0,0.0,0,2,0,0,0,0,0,0,0,0,0,0,0,0,0,0,0,0,0,0,0,0,0,0,4,2475.2395324104723,701.5758242305001,1481.236402503917,1952.1323181944445,14,-0.8660254037844388,-0.4999999999999997,0,0,1,8.302941039805555,3.133072349583333,8.179940411916666,7.777161936083334,19.448341239055555,19.35677616725,19.473662514111112,18.998335135416667,27.528722678833333,82.43391365811111,166.040840057,15.6927846945
B4,roll_01,persistence,2026-01-16 15:00:00+00:00,2026-01-16 16:00:00+00:00,0,1,2025-12-08T00:00:00+00:00,2026-01-12T00:00:00+00:00,2026-01-12T00:00:00+00:00,2026-01-19T00:00:00+00:00,1748.7442167502777,573.8755752583612,1174.8686414919166,1,night,0,0.0,0,2,0,0,0,0,0,0,0,0,0,0,0,0,0,0,0,0,0,0,0,0,0,0,4,2099.886327037028,1952.1323181944445,885.3972389852223,573.8755752583612,15,-0.7071067811865479,-0.7071067811865471,0,0,1,8.416783751555556,2.6290986734444446,8.302941039805555,7.587229790388889,18.75333884008333,19.360987204416663,19.448341239055555,18.903532724861112,0.0,0.0,27.528722678833333,0.0
B4,roll_01,persistence,2026-01-16 16:00:00+00:00,2026-01-16 17:00:00+00:00,0,1,2025-12-08T00:00:00+00:00,2026-01-12T00:00:00+00:00,2026-01-12T00:00:00+00:00,2026-01-19T00:00:00+00:00,1779.3662909536945,1748.7442167502777,30.622074203416787,0,night,0,0.0,0,2,0,0,0,0,0,0,0,0,0,0,0,0,0,0,0,0,0,0,0,0,0,0,4,2043.670283908889,573.8755752583612,1797.5373261431112,1748.7442167502777,16,-0.5000000000000004,-0.8660254037844385,0,0,1,8.520774253777779,1.939139476805556,8.416783751555556,7.352740038694445,20.16664298611111,19.85295864,18.75333884008333,19.207566096138887,0.0,0.0,0.0,0.0
B4,roll_01,persistence,2026-01-16 17:00:00+00:00,2026-01-16 18:00:00+00:00,0,1,2025-12-08T00:00:00+00:00,2026-01-12T00:00:00+00:00,2026-01-12T00:00:00+00:00,2026-01-19T00:00:00+00:00,1926.1523590546667,1779.3662909536945,146.78606810097222,0,night,0,0.0,0,2,0,0,0,0,0,0,0,0,0,0,0,0,0,0,0,0,0,0,0,0,0,0,4,2019.3687657176667,1748.7442167502777,1346.1776368881667,1779.3662909536945,17,-0.2588190451025206,-0.9659258262890684,0,0,1,8.07320388525,1.217477908166667,8.520774253777779,7.210672752555555,19.575921534027778,19.835660268583336,20.16664298611111,19.75528769888889,0.0,0.0,0.0,0.0
B4,roll_01,persistence,2026-01-16 18:00:00+00:00,2026-01-16 19:00:00+00:00,0,1,2025-12-08T00:00:00+00:00,2026-01-12T00:00:00+00:00,2026-01-12T00:00:00+00:00,2026-01-19T00:00:00+00:00,3573.4096695315,1926.1523590546667,1647.2573104768335,0,night,0,0.0,0,2,0,0,0,0,0,0,0,0,0,0,0,0,0,0,0,0,0,0,0,0,0,0,4,1954.244045320861,1779.3662909536945,2386.9593965361114,1926.1523590546667,18,-1.8369701987210292e-16,-1.0,0,0,1,7.896998074444444,0.9289692113611112,8.07320388525,6.914773931666667,18.97882240377778,19.23678338988889,19.575921534027778,19.750921251194445,0.0,0.0,0.0,0.0
B4,roll_01,persistence,2026-01-16 19:00:00+00:00,2026-01-16 20:00:00+00:00,0,1,2025-12-08T00:00:00+00:00,2026-01-12T00:00:00+00:00,2026-01-12T00:00:00+00:00,2026-01-19T00:00:00+00:00,2754.500442691028,3573.4096695315,-818.909226840472,0,night,0,0.0,0,2,0,0,0,0,0,0,0,0,0,0,0,0,0,0,0,0,0,0,0,0,0,0,4,2342.330235312528,1926.1523590546667,1666.5948316020276,3573.4096695315,19,0.2588190451025203,-0.9659258262890684,0,0,1,7.825703813444444,0.4092512743333333,7.896998074444444,6.321510255361112,18.995995310777776,19.81287825277778,18.97882240377778,19.999823462166667,0.0,0.0,0.0,0.0
B4,roll_01,persistence,2026-01-16 20:00:00+00:00,2026-01-16 21:00:00+00:00,0,1,2025-12-08T00:00:00+00:00,2026-01-12T00:00:00+00:00,2026-01-12T00:00:00+00:00,2026-01-19T00:00:00+00:00,2483.442940576528,2754.500442691028,-271.05750211450004,0,night,0,0.0,0,2,0,0,0,0,0,0,0,0,0,0,0,0,0,0,0,0,0,0,0,0,0,0,4,1013.7995625885,3573.4096695315,1076.4033323202225,2754.500442691028,20,0.5000000000000001,-0.8660254037844386,0,0,1,7.709597783944445,0.2515169523333333,7.825703813444444,6.225941869694444,18.76334915180556,19.45130526275,18.995995310777776,19.716939268694443,0.0,0.0,0.0,0.0
B4,roll_01,persistence,2026-01-16 21:00:00+00:00,2026-01-16 22:00:00+00:00,0,1,2025-12-08T00:00:00+00:00,2026-01-12T00:00:00+00:00,2026-01-12T00:00:00+00:00,2026-01-19T00:00:00+00:00,2471.681181403111,2483.442940576528,-11.761759173416976,0,night,0,0.0,0,2,0,0,0,0,0,0,0,0,0,0,0,0,0,0,0,0,0,0,0,0,0,0,4,725.7640030931667,2754.500442691028,1005.1173250451112,2483.442940576528,21,0.7071067811865474,-0.7071067811865477,0,0,1,7.793732041944445,0.3369316828611111,7.709597783944445,6.317871820055555,19.09072242922222,19.53672851780556,18.76334915180556,19.756443385166666,0.0,0.0,0.0,0.0
B4,roll_01,persistence,2026-01-16 22:00:00+00:00,2026-01-16 23:00:00+00:00,0,1,2025-12-08T00:00:00+00:00,2026-01-12T00:00:00+00:00,2026-01-12T00:00:00+00:00,2026-01-19T00:00:00+00:00,2428.759211638084,2471.681181403111,-42.92196976502737,0,night,0,0.0,0,2,0,0,0,0,0,0,0,0,0,0,0,0,0,0,0,0,0,0,0,0,0,0,4,457.7714818046389,2483.442940576528,480.00597344519446,2471.681181403111,22,0.8660254037844384,-0.5000000000000004,0,0,1,7.769939707083334,-0.0993964285555555,7.793732041944445,6.12952082225,18.72444743175,19.54568773958333,19.09072242922222,19.991357907416667,0.0,0.0,0.0,0.0
B4,roll_01,persistence,2026-01-17 06:00:00+00:00,2026-01-17 07:00:00+00:00,0,1,2025-12-08T00:00:00+00:00,2026-01-12T00:00:00+00:00,2026-01-12T00:00:00+00:00,2026-01-19T00:00:00+00:00,2341.329542084556,2391.335260368139,-50.005718283583064,0,night,0,0.0,0,2,0,0,0,0,0,0,0,0,0,0,0,0,0,0,0,0,0,0,0,0,0,0,5,1945.5007948983048,3319.657065773777,2477.7992105114445,2391.335260368139,6,6.123233995736766e-17,1.0,0,1,1,7.25766445075,-2.355004694305556,7.177631668333333,6.526934920555555,19.974863173472222,20.04035808886111,19.9944225565,19.989256890694445,0.0,0.0,0.0,0.0
B4,roll_01,persistence,2026-01-17 07:00:00+00:00,2026-01-17 08:00:00+00:00,0,1,2025-12-08T00:00:00+00:00,2026-01-12T00:00:00+00:00,2026-01-12T00:00:00+00:00,2026-01-19T00:00:00+00:00,2591.676535681584,2341.329542084556,250.3469935970279,1,night,0,0.0,0,2,0,0,0,0,0,0,0,0,0,0,0,0,0,0,0,0,0,0,0,0,0,0,5,1939.5566896918056,2391.335260368139,2372.8508934692777,2341.329542084556,7,-0.2588190451025206,0.9659258262890684,0,1,1,7.383881055833334,-1.7362753571111111,7.25766445075,6.51837168525,19.685817555194443,19.88623256588889,19.974863173472222,19.50656841447222,0.0,0.0,0.0,0.0
B4,roll_01,persistence,2026-01-17 08:00:00+00:00,2026-01-17 09:00:00+00:00,0,1,2025-12-08T00:00:00+00:00,2026-01-12T00:00:00+00:00,2026-01-12T00:00:00+00:00,2026-01-19T00:00:00+00:00,876.2151453261389,2591.676535681584,-1715.461390355445,1,low,0,0.0,0,2,0,0,0,0,0,0,0,0,0,0,0,0,0,0,0,0,0,0,0,0,0,0,5,2127.9194307847497,2341.329542084556,1713.0605896702225,2591.676535681584,8,-0.4999999999999998,0.8660254037844387,0,1,1,8.121707604333332,-0.6168132006111111,7.383881055833334,6.70613304075,18.96465682683333,20.158948159944444,19.685817555194443,19.7554677515,28.95708092888889,164.63475525730556,0.0,219.2942974313056
B4,roll_01,persistence,2026-01-17 09:00:00+00:00,2026-01-17 10:00:00+00:00,0,1,2025-12-08T00:00:00+00:00,2026-01-12T00:00:00+00:00,2026-01-12T00:00:00+00:00,2026-01-19T00:00:00+00:00,1362.1403257086388,876.2151453261389,485.9251803824999,1,low,0,0.0,0,2,0,0,0,0,0,0,0,0,0,0,0,0,0,0,0,0,0,0,0,0,0,0,5,2000.1470279075832,2591.676535681584,1442.9932598915832,876.2151453261389,9,-0.7071067811865475,0.7071067811865476,0,1,1,8.751546623111112,0.3761252006388889,8.121707604333332,7.120510198722222,19.20686476825,19.84720943294444,18.96465682683333,19.877659039055555,108.89878298597222,219.52816927322223,28.95708092888889,397.3280925458334
B4,roll_01,persistence,2026-01-17 10:00:00+00:00,2026-01-17 11:00:00+00:00,0,1,2025-12-08T00:00:00+00:00,2026-01-12T00:00:00+00:00,2026-01-12T00:00:00+00:00,2026-01-19T00:00:00+00:00,851.023270576111,1362.1403257086388,-511.11705513252775,1,low,0,0.0,0,2,0,0,0,0,0,0,0,0,0,0,0,0,0,0,0,0,0,0,0,0,0,0,5,1770.5304107042775,876.2151453261389,1623.9131629396943,1362.1403257086388,10,-0.8660254037844387,0.4999999999999999,0,1,1,9.078067266305556,1.4439068936666668,8.751546623111112,7.606124750555556,19.716803649722223,20.237300741805555,19.20686476825,19.85123305425,221.86114629477777,551.1737871601666,108.89878298597222,176.83669021891663
B4,roll_01,persistence,2026-01-17 11:00:00+00:00,2026-01-17 12:00:00+00:00,0,1,2025-12-08T00:00:00+00:00,2026-01-12T00:00:00+00:00,2026-01-12T00:00:00+00:00,2026-01-19T00:00:00+00:00,375.1866214471667,851.023270576111,-475.8366491289443,1,low,0,0.0,0,2,0,0,0,0,0,0,0,0,0,0,0,0,0,0,0,0,0,0,0,0,0,0,5,2099.097986216222,1362.1403257086388,490.20504058097225,851.023270576111,11,-0.9659258262890682,0.258819045102521,0,1,1,9.67168500638889,2.9905849596666667,9.078067266305556,8.054131653722223,18.94777081475,20.504398869444447,19.716803649722223,19.50173812611111,186.94326531838888,858.4309824759999,221.86114629477777,96.41320922194444
B4,roll_01,persistence,2026-01-17 12:00:00+00:00,2026-01-17 13:00:00+00:00,0,1,2025-12-08T00:00:00+00:00,2026-01-12T00:00:00+00:00,2026-01-12T00:00:00+00:00,2026-01-19T00:00:00+00:00,1125.2122855051666,375.1866214471667,750.0256640579998,1,low,0,0.0,0,3,0,0,0,0,0,0,0,0,0,0,0,0,0,0,0,0,0,0,0,0,0,0,5,2066.14777083575,851.023270576111,1595.4900083538612,375.1866214471667,12,-1.0,1.2246467991473532e-16,0,1,1,10.057301476,4.761432523472222,9.67168500638889,7.894125589972222,18.284649789444444,20.939178619722224,18.94777081475,19.87244296738889,275.0773129497222,953.5674782859444,186.94326531838888,92.09759563077776
B4,roll_01,persistence,2026-01-17 13:00:00+00:00,2026-01-17 14:00:00+00:00,0,1,2025-12-08T00:00:00+00:00,2026-01-12T00:00:00+00:00,2026-01-12T00:00:00+00:00,2026-01-19T00:00:00+00:00,553.7227735364166,1125.2122855051666,-571.48951196875,1,low,0,0.0,0,3,0,0,0,0,0,0,0,0,0,0,0,0,0,0,0,0,0,0,0,0,0,0,5,1718.2276665944446,375.1866214471667,701.5758242305001,1125.2122855051666,13,-0.9659258262890684,-0.2588190451025208,0,1,1,10.579499319583332,5.844635727916667,10.057301476,8.179940411916666,18.457303344916667,20.52605448430556,18.284649789444444,19.473662514111112,287.2499787669167,601.0615747215555,275.0773129497222,166.040840057
B4,roll_01,persistence,2026-01-17 14:00:00+00:00,2026-01-17 15:00:00+00:00,0,1,2025-12-08T00:00:00+00:00,2026-01-12T00:00:00+00:00,2026-01-12T00:00:00+00:00,2026-01-19T00:00:00+00:00,893.3163181295832,553.7227735364166,339.5935445931666,1,low,0,0.0,0,3,0,0,0,0,0,0,0,0,0,0,0,0,0,0,0,0,0,0,0,0,0,0,5,2298.0285432916944,1125.2122855051666,1952.1323181944445,553.7227735364166,14,-0.8660254037844388,-0.4999999999999997,0,1,1,10.797755711305555,5.697731851527777,10.579499319583332,8.302941039805555,18.117300213361112,20.007741751833333,18.457303344916667,19.448341239055555,116.70239646572225,152.53398881961112,287.2499787669167,27.528722678833333
B4,roll_01,persistence,2026-01-17 15:00:00+00:00,2026-01-17 16:00:00+00:00,0,1,2025-12-08T00:00:00+00:00,2026-01-12T00:00:00+00:00,2026-01-12T00:00:00+00:00,2026-01-19T00:00:00+00:00,1082.6851535658332,893.3163181295832,189.36883543624992,1,night,0,0.0,0,3,0,0,0,0,0,0,0,0,0,0,0,0,0,0,0,0,0,0,0,0,0,0,5,2539.5653047919445,553.7227735364166,573.8755752583612,893.3163181295832,15,-0.7071067811865479,-0.7071067811865471,0,1,1,10.387558755972222,4.503772726749999,10.797755711305555,8.416783751555556,17.90237331016667,19.09460057861111,18.117300213361112,18.75333884008333,0.0,0.0,116.70239646572225,0.0
B4,roll_01,persistence,2026-01-17 16:00:00+00:00,2026-01-17 17:00:00+00:00,0,1,2025-12-08T00:00:00+00:00,2026-01-12T00:00:00+00:00,2026-01-12T00:00:00+00:00,2026-01-19T00:00:00+00:00,1215.7402370096668,1082.6851535658332,133.0550834438336,0,night,0,0.0,0,2,0,0,0,0,0,0,0,0,0,0,0,0,0,0,0,0,0,0,0,0,0,0,5,1708.9707138076667,893.3163181295832,1748.7442167502777,1082.6851535658332,16,-0.5000000000000004,-0.8660254037844385,0,1,1,9.67754631263889,3.638796201333333,10.387558755972222,8.520774253777779,17.86029653872222,18.63007526722222,17.90237331016667,20.16664298611111,0.0,0.0,0.0,0.0
B4,roll_01,persistence,2026-01-17 17:00:00+00:00,2026-01-17 18:00:00+00:00,0,1,2025-12-08T00:00:00+00:00,2026-01-12T00:00:00+00:00,2026-01-12T00:00:00+00:00,2026-01-19T00:00:00+00:00,1466.154889960333,1215.7402370096668,250.41465295066632,0,night,0,0.0,0,2,0,0,0,0,0,0,0,0,0,0,0,0,0,0,0,0,0,0,0,0,0,0,5,3623.9131346842223,1082.6851535658332,1779.3662909536945,1215.7402370096668,17,-0.2588190451025206,-0.9659258262890684,0,1,1,9.022818305222222,2.979079319472222,9.67754631263889,8.07320388525,17.726130486833334,19.11787354247222,17.86029653872222,19.575921534027778,0.0,0.0,0.0,0.0
B4,roll_01,persistence,2026-01-17 18:00:00+00:00,2026-01-17 19:00:00+00:00,0,1,2025-12-08T00:00:00+00:00,2026-01-12T00:00:00+00:00,2026-01-12T00:00:00+00:00,2026-01-19T00:00:00+00:00,1078.6994199493888,1466.154889960333,-387.4554700109443,0,night,0,0.0,0,2,0,0,0,0,0,0,0,0,0,0,0,0,0,0,0,0,0,0,0,0,0,0,5,1101.2175339098333,1215.7402370096668,1926.1523590546667,1466.154889960333,18,-1.8369701987210292e-16,-1.0,0,1,1,8.533988555638889,3.879818203,9.022818305222222,7.896998074444444,18.27429377288889,18.767971734222225,17.726130486833334,18.97882240377778,0.0,0.0,0.0,0.0
B4,roll_01,persistence,2026-01-17 19:00:00+00:00,2026-01-17 20:00:00+00:00,0,1,2025-12-08T00:00:00+00:00,2026-01-12T00:00:00+00:00,2026-01-12T00:00:00+00:00,2026-01-19T00:00:00+00:00,1284.7492482649168,1078.6994199493888,206.04982831552798,0,night,0,0.0,0,2,0,0,0,0,0,0,0,0,0,0,0,0,0,0,0,0,0,0,0,0,0,0,5,1849.9723726721668,1466.154889960333,3573.4096695315,1078.6994199493888,19,0.2588190451025203,-0.9659258262890684,0,1,1,8.775346688416667,5.4740829125833335,8.533988555638889,7.825703813444444,17.871975217472222,19.448734104222225,18.27429377288889,18.995995310777776,0.0,0.0,0.0,0.0
B4,roll_01,persistence,2026-01-17 20:00:00+00:00,2026-01-17 21:00:00+00:00,0,1,2025-12-08T00:00:00+00:00,2026-01-12T00:00:00+00:00,2026-01-12T00:00:00+00:00,2026-01-19T00:00:00+00:00,851.6801286406111,1284.7492482649168,-433.0691196243057,0,night,0,0.0,0,2,0,0,0,0,0,0,0,0,0,0,0,0,0,0,0,0,0,0,0,0,0,0,5,1455.1370739963888,1078.6994199493888,2754.500442691028,1284.7492482649168,20,0.5000000000000001,-0.8660254037844386,0,1,1,8.43526500263889,5.637012191416667,8.775346688416667,7.709597783944445,17.86802317861111,19.494996267166663,17.871975217472222,18.76334915180556,0.0,0.0,0.0,0.0
B4,roll_01,persistence,2026-01-17 21:00:00+00:00,2026-01-17 22:00:00+00:00,0,1,2025-12-08T00:00:00+00:00,2026-01-12T00:00:00+00:00,2026-01-12T00:00:00+00:00,2026-01-19T00:00:00+00:00,661.5588102037779,851.6801286406111,-190.12131843683323,0,night,0,0.0,0,2,0,0,0,0,0,0,0,0,0,0,0,0,0,0,0,0,0,0,0,0,0,0,5,775.8096372270278,1284.7492482649168,2483.442940576528,851.6801286406111,21,0.7071067811865474,-0.7071067811865477,0,1,1,8.414438040527779,5.611597496861111,8.43526500263889,7.793732041944445,18.094013431972225,19.394528670722224,17.86802317861111,19.09072242922222,0.0,0.0,0.0,0.0
B4,roll_01,persistence,2026-01-17 22:00:00+00:00,2026-01-17 23:00:00+00:00,0,1,2025-12-08T00:00:00+00:00,2026-01-12T00:00:00+00:00,2026-01-12T00:00:00+00:00,2026-01-19T00:00:00+00:00,356.0791067192222,661.5588102037779,-305.47970348455567,0,night,0,0.0,0,2,0,0,0,0,0,0,0,0,0,0,0,0,0,0,0,0,0,0,0,0,0,0,5,609.0600654670277,851.6801286406111,2471.681181403111,661.5588102037779,22,0.8660254037844384,-0.5000000000000004,0,1,1,8.306586765694446,5.645945834,8.414438040527779,7.769939707083334,18.379163208138888,19.664133929416668,18.094013431972225,18.72444743175,0.0,0.0,0.0,0.0
B4,roll_01,persistence,2026-01-18 02:00:00+00:00,2026-01-18 03:00:00+00:00,0,1,2025-12-08T00:00:00+00:00,2026-01-12T00:00:00+00:00,2026-01-12T00:00:00+00:00,2026-01-19T00:00:00+00:00,366.92154284288887,363.9506782922222,2.970864550666647,0,night,0,0.0,0,2,0,0,0,0,0,0,0,0,0,0,0,0,0,0,0,0,0,0,0,0,0,0,6,401.84106967408337,386.80348134525,2397.090425719361,363.9506782922222,2,0.8660254037844387,0.4999999999999999,0,1,1,7.295793718,3.631823816972222,7.88579561025,7.356306431222222,18.505587359111114,20.26443000358333,18.516888744472222,19.223714178972223,0.0,0.0,0.0,0.0
B4,roll_01,persistence,2026-01-18 03:00:00+00:00,2026-01-18 04:00:00+00:00,0,1,2025-12-08T00:00:00+00:00,2026-01-12T00:00:00+00:00,2026-01-12T00:00:00+00:00,2026-01-19T00:00:00+00:00,919.6470143296112,366.92154284288887,552.7254714867224,0,night,0,0.0,0,2,0,0,0,0,0,0,0,0,0,0,0,0,0,0,0,0,0,0,0,0,0,0,6,367.7446838216111,363.9506782922222,2408.5668939863613,366.92154284288887,3,0.7071067811865476,0.7071067811865476,0,1,1,7.380389324388889,3.390917739777777,7.295793718,7.399717572,18.40949500677777,20.13319601611111,18.505587359111114,19.45567031075,0.0,0.0,0.0,0.0
B4,roll_01,persistence,2026-01-18 04:00:00+00:00,2026-01-18 05:00:00+00:00,0,1,2025-12-08T00:00:00+00:00,2026-01-12T00:00:00+00:00,2026-01-12T00:00:00+00:00,2026-01-19T00:00:00+00:00,1696.4327096815832,919.6470143296112,776.785695351972,0,night,0,0.0,0,2,0,0,0,0,0,0,0,0,0,0,0,0,0,0,0,0,0,0,0,0,0,0,6,963.4637856096666,366.92154284288887,2987.1550890425,919.6470143296112,4,0.5000000000000001,0.8660254037844386,0,1,1,7.759706802277777,2.6941748748611114,7.380389324388889,7.292532967416666,18.565049183638887,20.51800392588889,18.40949500677777,19.50167555113889,0.0,0.0,0.0,0.0
B4,roll_01,persistence,2026-01-18 05:00:00+00:00,2026-01-18 06:00:00+00:00,0,1,2025-12-08T00:00:00+00:00,2026-01-12T00:00:00+00:00,2026-01-12T00:00:00+00:00,2026-01-19T00:00:00+00:00,1787.8514459331388,1696.4327096815832,91.41873625155563,0,night,0,0.0,0,2,0,0,0,0,0,0,0,0,0,0,0,0,0,0,0,0,0,0,0,0,0,0,6,1813.34006411675,919.6470143296112,3319.657065773777,1696.4327096815832,5,0.2588190451025207,0.9659258262890684,0,1,1,7.824388876305555,1.6470115683055555,7.759706802277777,7.177631668333333,19.000532856916667,20.618104810138888,18.565049183638887,19.9944225565,0.0,0.0,0.0,0.0
B4,roll_01,persistence,2026-01-18 06:00:00+00:00,2026-01-18 07:00:00+00:00,0,1,2025-12-08T00:00:00+00:00,2026-01-12T00:00:00+00:00,2026-01-12T00:00:00+00:00,2026-01-19T00:00:00+00:00,2221.478881947944,1787.8514459331388,433.6274360148052,0,night,0,0.0,0,2,0,0,0,0,0,0,0,0,0,0,0,0,0,0,0,0,0,0,0,0,0,0,6,1868.444830851611,1696.4327096815832,2391.335260368139,1787.8514459331388,6,6.123233995736766e-17,1.0,0,1,1,7.870841315861111,0.7204048023333334,7.824388876305555,7.25766445075,19.028892910777778,20.52741439736111,19.000532856916667,19.974863173472222,0.0,0.0,0.0,0.0
B4,roll_01,persistence,2026-01-18 07:00:00+00:00,2026-01-18 08:00:00+00:00,0,1,2025-12-08T00:00:00+00:00,2026-01-12T00:00:00+00:00,2026-01-12T00:00:00+00:00,2026-01-19T00:00:00+00:00,1747.753539249222,2221.478881947944,-473.725342698722,1,night,0,0.0,0,2,0,0,0,0,0,0,0,0,0,0,0,0,0,0,0,0,0,0,0,0,0,0,6,1998.770939867861,1787.8514459331388,2341.329542084556,2221.478881947944,7,-0.2588190451025206,0.9659258262890684,0,1,1,7.883857542694444,0.4501258596944444,7.870841315861111,7.383881055833334,22.49837394541667,20.162841653277777,19.028892910777778,19.685817555194443,0.0,0.0,0.0,0.0
B4,roll_01,persistence,2026-01-18 08:00:00+00:00,2026-01-18 09:00:00+00:00,0,1,2025-12-08T00:00:00+00:00,2026-01-12T00:00:00+00:00,2026-01-12T00:00:00+00:00,2026-01-19T00:00:00+00:00,1199.014191615,1747.753539249222,-548.739347634222,1,low,0,0.0,0,2,0,0,0,0,0,0,0,0,0,0,0,0,0,0,0,0,0,0,0,0,0,0,6,1620.6764299421666,2221.478881947944,2591.676535681584,1747.753539249222,8,-0.4999999999999998,0.8660254037844387,0,1,1,8.262126455694444,2.21591780575,7.883857542694444,8.121707604333332,17.670436918444445,20.805254606944445,22.49837394541667,18.96465682683333,34.30441932991666,716.8608431172778,0.0,28.95708092888889
B4,roll_01,persistence,2026-01-18 09:00:00+00:00,2026-01-18 10:00:00+00:00,0,1,2025-12-08T00:00:00+00:00,2026-01-12T00:00:00+00:00,2026-01-12T00:00:00+00:00,2026-01-19T00:00:00+00:00,2696.399735123361,1199.014191615,1497.385543508361,1,low,0,0.0,0,2,0,0,0,0,0,0,0,0,0,0,0,0,0,0,0,0,0,0,0,0,0,0,6,1464.1872420950556,1747.753539249222,876.2151453261389,1199.014191615,9,-0.7071067811865475,0.7071067811865476,0,1,1,8.695682546194444,5.479905556944444,8.262126455694444,8.751546623111112,17.60044165513889,21.66706498425,17.670436918444445,19.20686476825,89.21282883222221,1113.9215353886943,34.30441932991666,108.89878298597222
B4,roll_01,persistence,2026-01-18 10:00:00+00:00,2026-01-18 11:00:00+00:00,0,1,2025-12-08T00:00:00+00:00,2026-01-12T00:00:00+00:00,2026-01-12T00:00:00+00:00,2026-01-19T00:00:00+00:00,908.328997025861,2696.399735123361,-1788.0707380975,1,low,0,0.0,0,2,0,0,0,0,0,0,0,0,0,0,0,0,0,0,0,0,0,0,0,0,0,0,6,474.102661966639,1199.014191615,1362.1403257086388,2696.399735123361,10,-0.8660254037844387,0.4999999999999999,0,1,1,9.452506697638889,8.399686105833334,8.695682546194444,9.078067266305556,17.917450888777775,20.90244102377778,17.60044165513889,19.716803649722223,152.0663147546389,1445.3827412131943,89.21282883222221,221.86114629477777
B4,roll_01,persistence,2026-01-18 11:00:00+00:00,2026-01-18 12:00:00+00:00,0,1,2025-12-08T00:00:00+00:00,2026-01-12T00:00:00+00:00,2026-01-12T00:00:00+00:00,2026-01-19T00:00:00+00:00,1081.863576312389,908.328997025861,173.5345792865279,1,low,0,0.0,0,2,0,0,0,0,0,0,0,0,0,0,0,0,0,0,0,0,0,0,0,0,0,0,6,924.8024321908888,2696.399735123361,851.023270576111,908.328997025861,11,-0.9659258262890682,0.258819045102521,0,1,1,9.93934049188889,10.56430204613889,9.452506697638889,9.67168500638889,17.975845256166668,21.703601752222223,17.917450888777775,18.94777081475,291.1969854105833,1576.5715724575275,152.0663147546389,186.94326531838888
B4,roll_01,persistence,2026-01-18 12:00:00+00:00,2026-01-18 13:00:00+00:00,0,1,2025-12-08T00:00:00+00:00,2026-01-12T00:00:00+00:00,2026-01-12T00:00:00+00:00,2026-01-19T00:00:00+00:00,2173.5554944418054,1081.863576312389,1091.6919181294165,1,low,0,0.0,0,3,0,0,0,0,0,0,0,0,0,0,0,0,0,0,0,0,0,0,0,0,0,0,6,-377.0683961764167,908.328997025861,375.1866214471667,1081.863576312389,12,-1.0,1.2246467991473532e-16,0,1,1,10.88034856138889,11.13957339347222,9.93934049188889,10.057301476,18.150378169,21.560308488194448,17.975845256166668,18.284649789444444,279.95511428333333,1523.783426588417,291.1969854105833,275.0773129497222
B4,roll_01,persistence,2026-01-18 13:00:00+00:00,2026-01-18 14:00:00+00:00,0,1,2025-12-08T00:00:00+00:00,2026-01-12T00:00:00+00:00,2026-01-12T00:00:00+00:00,2026-01-19T00:00:00+00:00,1035.234056645167,2173.5554944418054,-1138.3214377966385,1,low,0,0.0,0,3,0,0,0,0,0,0,0,0,0,0,0,0,0,0,0,0,0,0,0,0,0,0,6,-533.3608326616389,1081.863576312389,1125.2122855051666,2173.5554944418054,13,-0.9659258262890684,-0.2588190451025208,0,1,1,11.194744100638887,11.51705910513889,10.88034856138889,10.579499319583332,17.605212465694446,20.96788498608333,18.150378169,18.457303344916667,211.40559060327777,1288.0403277888888,279.95511428333333,287.2499787669167
B4,roll_01,persistence,2026-01-18 14:00:00+00:00,2026-01-18 15:00:00+00:00,0,1,2025-12-08T00:00:00+00:00,2026-01-12T00:00:00+00:00,2026-01-12T00:00:00+00:00,2026-01-19T00:00:00+00:00,982.0105920020555,1035.234056645167,-53.223464643111356,1,low,0,0.0,0,3,0,0,0,0,0,0,0,0,0,0,0,0,0,0,0,0,0,0,0,0,0,0,6,1619.3522628639723,2173.5554944418054,553.7227735364166,1035.234056645167,14,-0.8660254037844388,-0.4999999999999997,0,1,1,10.792807296472224,12.787921283277775,11.194744100638887,10.797755711305555,17.720296622972224,20.60916648908333,17.605212465694446,18.117300213361112,51.70543011708333,780.1935005056666,211.40559060327777,116.70239646572225
B4,roll_01,persistence,2026-01-18 15:00:00+00:00,2026-01-18 16:00:00+00:00,0,1,2025-12-08T00:00:00+00:00,2026-01-12T00:00:00+00:00,2026-01-12T00:00:00+00:00,2026-01-19T00:00:00+00:00,939.633989883972,982.0105920020555,-42.3766021180835,1,night,0,0.0,0,3,0,0,0,0,0,0,0,0,0,0,0,0,0,0,0,0,0,0,0,0,0,0,6,867.3860450609445,1035.234056645167,893.3163181295832,982.0105920020555,15,-0.7071067811865479,-0.7071067811865471,0,1,1,10.09873856363889,11.008737726416667,10.792807296472224,10.387558755972222,17.65813682397222,19.72462692113889,17.720296622972224,17.90237331016667,0.0,55.60070419424999,51.70543011708333,0.0
B4,roll_01,persistence,2026-01-18 16:00:00+00:00,2026-01-18 17:00:00+00:00,0,1,2025-12-08T00:00:00+00:00,2026-01-12T00:00:00+00:00,2026-01-12T00:00:00+00:00,2026-01-19T00:00:00+00:00,1984.2611124879447,939.633989883972,1044.6271226039726,0,night,0,0.0,0,2,0,0,0,0,0,0,0,0,0,0,0,0,0,0,0,0,0,0,0,0,0,0,6,1129.351029028639,982.0105920020555,1082.6851535658332,939.633989883972,16,-0.5000000000000004,-0.8660254037844385,0,1,1,9.486147199944446,7.34603673525,10.09873856363889,9.67754631263889,17.723917226694443,19.47766912930556,17.65813682397222,17.86029653872222,0.0,0.0,0.0,0.0
B4,roll_01,persistence,2026-01-18 17:00:00+00:00,2026-01-18 18:00:00+00:00,0,1,2025-12-08T00:00:00+00:00,2026-01-12T00:00:00+00:00,2026-01-12T00:00:00+00:00,2026-01-19T00:00:00+00:00,1779.6982078336666,1984.2611124879447,-204.5629046542781,0,night,0,0.0,0,2,0,0,0,0,0,0,0,0,0,0,0,0,0,0,0,0,0,0,0,0,0,0,6,1683.5612400863336,939.633989883972,1215.7402370096668,1984.2611124879447,17,-0.2588190451025206,-0.9659258262890684,0,1,1,8.932912868583333,5.409180986416668,9.486147199944446,9.022818305222222,17.788532314805554,19.04478443258333,17.723917226694443,17.726130486833334,0.0,0.0,0.0,0.0
B4,roll_01,persistence,2026-01-18 18:00:00+00:00,2026-01-18 19:00:00+00:00,0,1,2025-12-08T00:00:00+00:00,2026-01-12T00:00:00+00:00,2026-01-12T00:00:00+00:00,2026-01-19T00:00:00+00:00,1945.2175917344168,1779.6982078336666,165.5193839007502,0,night,0,0.0,0,2,0,0,0,0,0,0,0,0,0,0,0,0,0,0,0,0,0,0,0,0,0,0,6,2735.553599037861,1984.2611124879447,1466.154889960333,1779.6982078336666,18,-1.8369701987210292e-16,-1.0,0,1,1,8.383298441722223,3.7358169538333335,8.932912868583333,8.533988555638889,17.752887094805555,19.200060977555555,17.788532314805554,18.27429377288889,0.0,0.0,0.0,0.0
B4,roll_01,persistence,2026-01-18 19:00:00+00:00,2026-01-18 20:00:00+00:00,0,1,2025-12-08T00:00:00+00:00,2026-01-12T00:00:00+00:00,2026-01-12T00:00:00+00:00,2026-01-19T00:00:00+00:00,817.2623687095833,1945.2175917344168,-1127.9552230248337,0,night,0,0.0,0,2,0,0,0,0,0,0,0,0,0,0,0,0,0,0,0,0,0,0,0,0,0,0,6,2033.9936153407496,1779.6982078336666,1078.6994199493888,1945.2175917344168,19,0.2588190451025203,-0.9659258262890684,0,1,1,8.063546007666666,3.0572774616666667,8.383298441722223,8.775346688416667,17.598374748583336,19.296515411055555,17.752887094805555,17.871975217472222,0.0,0.0,0.0,0.0
B4,roll_01,persistence,2026-01-18 20:00:00+00:00,2026-01-18 21:00:00+00:00,0,1,2025-12-08T00:00:00+00:00,2026-01-12T00:00:00+00:00,2026-01-12T00:00:00+00:00,2026-01-19T00:00:00+00:00,1022.3695540110556,817.2623687095833,205.10718530147233,0,night,0,0.0,0,2,0,0,0,0,0,0,0,0,0,0,0,0,0,0,0,0,0,0,0,0,0,0,6,1245.8312970156112,1945.2175917344168,1284.7492482649168,817.2623687095833,20,0.5000000000000001,-0.8660254037844386,0,1,1,7.955256959805555,2.1335418446944443,8.063546007666666,8.43526500263889,18.132431494416668,19.16815963236112,17.598374748583336,17.86802317861111,0.0,0.0,0.0,0.0
B4,roll_01,persistence,2026-01-18 21:00:00+00:00,2026-01-18 22:00:00+00:00,0,1,2025-12-08T00:00:00+00:00,2026-01-12T00:00:00+00:00,2026-01-12T00:00:00+00:00,2026-01-19T00:00:00+00:00,579.8006035581112,1022.3695540110556,-442.56895045294436,0,night,0,0.0,0,2,0,0,0,0,0,0,0,0,0,0,0,0,0,0,0,0,0,0,0,0,0,0,6,2829.186617279833,817.2623687095833,851.6801286406111,1022.3695540110556,21,0.7071067811865474,-0.7071067811865477,0,1,1,7.917760795055556,1.5935824046944445,7.955256959805555,8.414438040527779,18.226290338722222,19.45402064038889,18.132431494416668,18.094013431972225,0.0,0.0,0.0,0.0
B4,roll_01,mlr,2026-01-12 04:00:00+00:00,2026-01-12 05:00:00+00:00,0,1,2025-12-08T00:00:00+00:00,2026-01-12T00:00:00+00:00,2026-01-12T00:00:00+00:00,2026-01-19T00:00:00+00:00,4262.747835938639,2810.729835222204,1452.0180007164345,0,night,0,0.0,0,0,0,0,0,0,0,0,0,0,0,0,0,0,0,0,0,0,0,0,0,0,0,0,0,1018.144173213861,2481.68678522575,963.4637856096666,3016.15648477425,4,0.5000000000000001,0.8660254037844386,0,0,1,-0.0287854997222222,-1.39385835525,0.1335239932777777,2.6941748748611114,19.688919204277777,19.31271291408333,19.80030205080556,20.51800392588889,0.0,0.0,0.0,0.0
B4,roll_01,mlr,2026-01-12 05:00:00+00:00,2026-01-12 06:00:00+00:00,0,1,2025-12-08T00:00:00+00:00,2026-01-12T00:00:00+00:00,2026-01-12T00:00:00+00:00,2026-01-19T00:00:00+00:00,4361.908397110695,3372.4747626213166,989.4336344893782,0,night,0,0.0,0,0,0,0,0,0,0,0,0,0,0,0,0,0,0,0,0,0,0,0,0,0,0,0,0,3480.3327933123333,3016.15648477425,1813.34006411675,4262.747835938639,5,0.2588190451025207,0.9659258262890684,0,0,1,-0.5948542869166666,-1.4720435740833333,-0.0287854997222222,1.6470115683055555,19.79284536802778,20.31238466361111,19.688919204277777,20.618104810138888,0.0,0.0,0.0,0.0
B4,roll_01,mlr,2026-01-12 06:00:00+00:00,2026-01-12 07:00:00+00:00,0,1,2025-12-08T00:00:00+00:00,2026-01-12T00:00:00+00:00,2026-01-12T00:00:00+00:00,2026-01-19T00:00:00+00:00,4563.315619382333,3596.145465899056,967.1701534832773,0,night,0,0.0,0,0,0,0,0,0,0,0,0,0,0,0,0,0,0,0,0,0,0,0,0,0,0,0,0,3264.2411370842497,4262.747835938639,1868.444830851611,4361.908397110695,6,6.123233995736766e-17,1.0,0,0,1,-0.0256551238333333,-1.4967828786944446,-0.5948542869166666,0.7204048023333334,18.87429544488889,20.048696970138888,19.79284536802778,20.52741439736111,0.0,0.0,0.0,0.0
B4,roll_01,mlr,2026-01-12 07:00:00+00:00,2026-01-12 08:00:00+00:00,0,1,2025-12-08T00:00:00+00:00,2026-01-12T00:00:00+00:00,2026-01-12T00:00:00+00:00,2026-01-19T00:00:00+00:00,3089.202245556361,3620.728507677677,-531.526262121316,1,night,0,0.0,0,1,0,0,0,0,0,0,0,0,0,0,0,0,0,0,0,0,0,0,0,0,0,0,0,3395.476410544472,4361.908397110695,1998.770939867861,4563.315619382333,7,-0.2588190451025206,0.9659258262890684,0,0,1,0.0892223874722222,-1.379181577972222,-0.0256551238333333,0.4501258596944444,18.15650825783333,20.18417349680556,18.87429544488889,20.162841653277777,0.0,0.0,0.0,0.0
B4,roll_01,mlr,2026-01-12 08:00:00+00:00,2026-01-12 09:00:00+00:00,0,1,2025-12-08T00:00:00+00:00,2026-01-12T00:00:00+00:00,2026-01-12T00:00:00+00:00,2026-01-19T00:00:00+00:00,2796.8041315197224,2633.0385032563745,163.76562826334793,1,med,0,0.0,0,1,0,0,0,0,0,0,0,0,0,0,0,0,0,0,0,0,0,0,0,0,0,0,0,2043.147877824084,4563.315619382333,1620.6764299421666,3089.202245556361,8,-0.4999999999999998,0.8660254037844387,0,0,1,1.5477482746388889,0.0447507404444444,0.0892223874722222,2.21591780575,18.900201835166666,20.216753709777777,18.15650825783333,20.805254606944445,675.084050221,541.5511257300278,0.0,716.8608431172778
B4,roll_01,mlr,2026-01-12 09:00:00+00:00,2026-01-12 10:00:00+00:00,0,1,2025-12-08T00:00:00+00:00,2026-01-12T00:00:00+00:00,2026-01-12T00:00:00+00:00,2026-01-19T00:00:00+00:00,746.3919299871112,2490.5479075565427,-1744.1559775694313,1,med,0,0.0,0,1,0,0,0,0,0,0,0,0,0,0,0,0,0,0,0,0,0,0,0,0,0,0,0,1179.0779114988334,3089.202245556361,1464.1872420950556,2796.8041315197224,9,-0.7071067811865475,0.7071067811865476,0,0,1,3.2254890193888888,1.489790182361111,1.5477482746388889,5.479905556944444,19.612746164055554,21.931468085166667,18.900201835166666,21.66706498425,1056.8253583911112,646.4615747680278,675.084050221,1113.9215353886943
B4,roll_01,mlr,2026-01-12 10:00:00+00:00,2026-01-12 11:00:00+00:00,0,1,2025-12-08T00:00:00+00:00,2026-01-12T00:00:00+00:00,2026-01-12T00:00:00+00:00,2026-01-19T00:00:00+00:00,632.5966184736388,1588.595559938141,-955.9989414645021,1,high,0,0.0,0,1,0,0,0,0,0,0,0,0,0,0,0,0,0,0,0,0,0,0,0,0,0,0,0,947.8847584085834,2796.8041315197224,474.102661966639,746.3919299871112,10,-0.8660254037844387,0.4999999999999999,0,0,1,4.715763120611111,2.7039119795277777,3.2254890193888888,8.399686105833334,21.086698567944445,20.46024600608333,19.612746164055554,20.90244102377778,1274.2766447041663,892.7757230555554,1056.8253583911112,1445.3827412131943
B4,roll_01,mlr,2026-01-12 11:00:00+00:00,2026-01-12 12:00:00+00:00,0,1,2025-12-08T00:00:00+00:00,2026-01-12T00:00:00+00:00,2026-01-12T00:00:00+00:00,2026-01-19T00:00:00+00:00,-422.1210146441389,1137.6420087548804,-1559.7630233990194,1,high,0,0.0,0,2,0,0,0,0,0,0,0,0,0,0,0,0,0,0,0,0,0,0,0,0,0,0,0,863.6994095845556,746.3919299871112,924.8024321908888,632.5966184736388,11,-0.9659258262890682,0.258819045102521,0,0,1,6.151445526944444,3.881307846888889,4.715763120611111,10.56430204613889,21.65975194513889,20.872260072305554,21.086698567944445,21.703601752222223,1427.525714563778,1206.7577466112778,1274.2766447041663,1576.5715724575275
B4,roll_01,mlr,2026-01-12 12:00:00+00:00,2026-01-12 13:00:00+00:00,0,1,2025-12-08T00:00:00+00:00,2026-01-12T00:00:00+00:00,2026-01-12T00:00:00+00:00,2026-01-19T00:00:00+00:00,754.2202679822223,623.8224034546533,130.3978645275689,1,med,0,0.0,0,2,1,0,0,0,0,0,0,0,0,0,0,0,0,0,0,0,0,0,0,0,0,0,0,843.0538203102777,632.5966184736388,-377.0683961764167,-422.1210146441389,12,-1.0,1.2246467991473532e-16,0,0,1,8.042106340527779,5.066587314222223,6.151445526944444,11.13957339347222,20.280064502833334,21.11385421797222,21.65975194513889,21.560308488194448,1077.0554969643056,1247.8009385014443,1427.525714563778,1523.783426588417
B4,roll_01,mlr,2026-01-12 13:00:00+00:00,2026-01-12 14:00:00+00:00,0,1,2025-12-08T00:00:00+00:00,2026-01-12T00:00:00+00:00,2026-01-12T00:00:00+00:00,2026-01-19T00:00:00+00:00,1500.3252466112224,1224.029400544537,276.2958460666853,1,med,0,0.0,0,2,0,0,0,0,0,0,0,0,0,0,0,0,0,0,0,0,0,0,0,0,0,0,0,1428.490628339573,-422.1210146441389,-533.3608326616389,754.2202679822223,13,-0.9659258262890684,-0.2588190451025208,0,0,1,8.886836191527777,5.457142150027778,8.042106340527779,11.51705910513889,20.89163533738889,20.01560276148125,20.280064502833334,20.96788498608333,917.7112551677222,547.3802902017588,1077.0554969643056,1288.0403277888888
B4,roll_01,mlr,2026-01-12 14:00:00+00:00,2026-01-12 15:00:00+00:00,0,1,2025-12-08T00:00:00+00:00,2026-01-12T00:00:00+00:00,2026-01-12T00:00:00+00:00,2026-01-19T00:00:00+00:00,586.6202596731389,2285.755202592564,-1699.134942919425,1,low,0,0.0,0,2,0,0,0,0,0,0,0,0,0,0,0,0,0,0,0,0,0,0,0,0,0,0,0,1773.3037352634722,754.2202679822223,1619.3522628639723,1500.3252466112224,14,-0.8660254037844388,-0.4999999999999997,0,0,1,8.544484776166668,4.588629488583334,8.886836191527777,12.787921283277775,20.355432554527777,19.929525524222225,20.89163533738889,20.60916648908333,366.2336248188056,207.87688739294444,917.7112551677222,780.1935005056666
B4,roll_01,mlr,2026-01-12 15:00:00+00:00,2026-01-12 16:00:00+00:00,0,1,2025-12-08T00:00:00+00:00,2026-01-12T00:00:00+00:00,2026-01-12T00:00:00+00:00,2026-01-19T00:00:00+00:00,1670.774375533639,1964.9254475617658,-294.1510720281269,1,low,0,0.0,0,2,0,0,0,0,0,0,0,0,0,0,0,0,0,0,0,0,0,0,0,0,0,0,0,2045.117999196167,1500.3252466112224,867.3860450609445,586.6202596731389,15,-0.7071067811865479,-0.7071067811865471,0,0,1,6.644266975333334,4.475250863555556,8.544484776166668,11.008737726416667,19.053108088833334,19.944776444444447,20.355432554527777,19.72462692113889,29.778236451166663,40.97132009280555,366.2336248188056,55.60070419424999
B4,roll_01,mlr,2026-01-12 16:00:00+00:00,2026-01-12 17:00:00+00:00,0,1,2025-12-08T00:00:00+00:00,2026-01-12T00:00:00+00:00,2026-01-12T00:00:00+00:00,2026-01-19T00:00:00+00:00,893.0618960396945,1737.3567602303715,-844.294864190677,0,night,0,0.0,0,2,0,0,0,0,0,0,0,0,0,0,0,0,0,0,0,0,0,0,0,0,0,0,0,1695.0528240614449,586.6202596731389,1129.351029028639,1670.774375533639,16,-0.5000000000000004,-0.8660254037844385,0,0,1,5.279263939527778,3.0361438859444445,6.644266975333334,7.34603673525,19.11104975583333,19.330333286888887,19.053108088833334,19.47766912930556,0.0,0.0,29.778236451166663,0.0
B4,roll_01,mlr,2026-01-12 17:00:00+00:00,2026-01-12 18:00:00+00:00,0,1,2025-12-08T00:00:00+00:00,2026-01-12T00:00:00+00:00,2026-01-12T00:00:00+00:00,2026-01-19T00:00:00+00:00,2274.0885418814723,1592.9533723470659,681.1351695344065,0,night,0,0.0,0,1,0,0,0,0,0,0,0,0,0,0,0,0,0,0,0,0,0,0,0,0,0,0,0,2050.756231673639,1670.774375533639,1683.5612400863336,893.0618960396945,17,-0.2588190451025206,-0.9659258262890684,0,0,1,4.219392392722222,1.868786365638889,5.279263939527778,5.409180986416668,18.65615157883333,19.59319692852777,19.11104975583333,19.04478443258333,0.0,0.0,0.0,0.0
B4,roll_01,mlr,2026-01-12 18:00:00+00:00,2026-01-12 19:00:00+00:00,0,1,2025-12-08T00:00:00+00:00,2026-01-12T00:00:00+00:00,2026-01-12T00:00:00+00:00,2026-01-19T00:00:00+00:00,1365.6644136303612,1744.857315986499,-379.1929023561379,0,night,0,0.0,0,1,0,0,0,0,0,0,0,0,0,0,0,0,0,0,0,0,0,0,0,0,0,0,0,3794.624143870611,893.0618960396945,2735.553599037861,2274.0885418814723,18,-1.8369701987210292e-16,-1.0,0,0,1,4.016366639916667,1.3410971866388888,4.219392392722222,3.7358169538333335,19.38624729958333,18.762281723944444,18.65615157883333,19.200060977555555,0.0,0.0,0.0,0.0
B4,roll_01,mlr,2026-01-12 19:00:00+00:00,2026-01-12 20:00:00+00:00,0,1,2025-12-08T00:00:00+00:00,2026-01-12T00:00:00+00:00,2026-01-12T00:00:00+00:00,2026-01-19T00:00:00+00:00,653.7379858252777,1732.5965076614807,-1078.858521836203,0,night,0,0.0,0,1,0,0,0,0,0,0,0,0,0,0,0,0,0,0,0,0,0,0,0,0,0,0,0,1861.5080703779724,2274.0885418814723,2033.9936153407496,1365.6644136303612,19,0.2588190451025203,-0.9659258262890684,0,0,1,3.884336086,1.203708991527778,4.016366639916667,3.0572774616666667,19.382953398694443,19.018070562944445,19.38624729958333,19.296515411055555,0.0,0.0,0.0,0.0
B4,roll_01,mlr,2026-01-12 20:00:00+00:00,2026-01-12 21:00:00+00:00,0,1,2025-12-08T00:00:00+00:00,2026-01-12T00:00:00+00:00,2026-01-12T00:00:00+00:00,2026-01-19T00:00:00+00:00,1060.23997367125,1134.9784498089198,-74.73847613766975,0,night,0,0.0,0,1,0,0,0,0,0,0,0,0,0,0,0,0,0,0,0,0,0,0,0,0,0,0,0,1496.9097637140555,1365.6644136303612,1245.8312970156112,653.7379858252777,20,0.5000000000000001,-0.8660254037844386,0,0,1,3.633355686611111,1.032068296,3.884336086,2.1335418446944443,19.144044949,19.291680665055555,19.382953398694443,19.16815963236112,0.0,0.0,0.0,0.0
B4,roll_01,mlr,2026-01-12 21:00:00+00:00,2026-01-12 22:00:00+00:00,0,1,2025-12-08T00:00:00+00:00,2026-01-12T00:00:00+00:00,2026-01-12T00:00:00+00:00,2026-01-19T00:00:00+00:00,372.6696216118889,1091.988180227852,-719.318558615963,0,night,0,0.0,0,1,0,0,0,0,0,0,0,0,0,0,0,0,0,0,0,0,0,0,0,0,0,0,0,719.7584706931667,653.7379858252777,2829.186617279833,1060.23997367125,21,0.7071067811865474,-0.7071067811865477,0,0,1,3.5082212590277777,0.7795261833333332,3.633355686611111,1.5935824046944445,19.25061404477778,18.70379904711111,19.144044949,19.45402064038889,0.0,0.0,0.0,0.0
B4,roll_01,mlr,2026-01-12 22:00:00+00:00,2026-01-12 23:00:00+00:00,0,1,2025-12-08T00:00:00+00:00,2026-01-12T00:00:00+00:00,2026-01-12T00:00:00+00:00,2026-01-19T00:00:00+00:00,368.2867205090556,870.5408921642634,-502.25417165520776,0,night,0,0.0,0,1,0,0,0,0,0,0,0,0,0,0,0,0,0,0,0,0,0,0,0,0,0,0,0,446.7607589221944,1060.23997367125,2652.970591418611,372.6696216118889,22,0.8660254037844384,-0.5000000000000004,0,0,1,3.508406459083333,0.4047500071944445,3.5082212590277777,0.8223521403888889,19.15334913905556,19.17545539780556,19.25061404477778,19.75202070783333,0.0,0.0,0.0,0.0
B4,roll_01,mlr,2026-01-13 05:00:00+00:00,2026-01-13 06:00:00+00:00,0,1,2025-12-08T00:00:00+00:00,2026-01-12T00:00:00+00:00,2026-01-12T00:00:00+00:00,2026-01-19T00:00:00+00:00,2099.6764230465,1962.7134355136668,136.96298753283327,0,night,0,0.0,0,1,0,0,0,0,0,0,0,0,0,0,0,0,0,0,0,0,0,0,0,0,0,0,1,1903.881896566528,977.1223704921111,4262.747835938639,2001.738657636584,5,0.2588190451025207,0.9659258262890684,0,0,1,4.516244777583333,-0.5899030432222222,4.600431492361111,-0.5948542869166666,20.02328279972222,19.60972541383333,19.84487690761112,19.79284536802778,0.0,0.0,0.0,0.0
B4,roll_01,mlr,2026-01-13 06:00:00+00:00,2026-01-13 07:00:00+00:00,0,1,2025-12-08T00:00:00+00:00,2026-01-12T00:00:00+00:00,2026-01-12T00:00:00+00:00,2026-01-19T00:00:00+00:00,1798.5318447581387,2171.341615044099,-372.8097702859602,0,night,0,0.0,0,1,0,0,0,0,0,0,0,0,0,0,0,0,0,0,0,0,0,0,0,0,0,0,1,1884.089269866861,2001.738657636584,4361.908397110695,2099.6764230465,6,6.123233995736766e-17,1.0,0,0,1,4.763350271222222,-0.9003918730833335,4.516244777583333,-0.0256551238333333,19.945872866472225,19.36396250488889,20.02328279972222,18.87429544488889,0.0,0.0,0.0,0.0
B4,roll_01,mlr,2026-01-13 07:00:00+00:00,2026-01-13 08:00:00+00:00,0,1,2025-12-08T00:00:00+00:00,2026-01-12T00:00:00+00:00,2026-01-12T00:00:00+00:00,2026-01-19T00:00:00+00:00,1792.85737564,2006.9683565805617,-214.1109809405616,1,night,0,0.0,0,2,0,0,0,0,0,0,0,0,0,0,0,0,0,0,0,0,0,0,0,0,0,0,1,2001.9943023529447,2099.6764230465,4563.315619382333,1798.5318447581387,7,-0.2588190451025206,0.9659258262890684,0,0,1,5.146098303527778,-1.016023064,4.763350271222222,0.0892223874722222,19.215107962944447,19.241411946444444,19.945872866472225,18.15650825783333,0.0,0.0,0.0,0.0
B4,roll_01,mlr,2026-01-13 08:00:00+00:00,2026-01-13 09:00:00+00:00,0,1,2025-12-08T00:00:00+00:00,2026-01-12T00:00:00+00:00,2026-01-12T00:00:00+00:00,2026-01-19T00:00:00+00:00,1704.9205994411388,1860.0076863380618,-155.08708689692298,1,low,0,0.0,0,2,0,0,0,0,0,0,0,0,0,0,0,0,0,0,0,0,0,0,0,0,0,0,1,2286.4682565411667,1798.5318447581387,3089.202245556361,1792.85737564,8,-0.4999999999999998,0.8660254037844387,0,0,1,5.574331767527777,-0.7860071845,5.146098303527778,1.5477482746388889,19.78762391975,19.56382616455556,19.215107962944447,18.900201835166666,34.78762225408333,141.96021589983334,0.0,675.084050221
B4,roll_01,mlr,2026-01-13 09:00:00+00:00,2026-01-13 10:00:00+00:00,0,1,2025-12-08T00:00:00+00:00,2026-01-12T00:00:00+00:00,2026-01-12T00:00:00+00:00,2026-01-19T00:00:00+00:00,1712.5081979704166,1784.028179583995,-71.51998161357847,1,low,0,0.0,0,2,0,0,0,0,0,0,0,0,0,0,0,0,0,0,0,0,0,0,0,0,0,0,1,1821.3285119935,1792.85737564,2796.8041315197224,1704.9205994411388,9,-0.7071067811865475,0.7071067811865476,0,0,1,5.704844287583334,-0.149303483,5.574331767527777,3.2254890193888888,19.322890420722224,19.54440532758333,19.78762391975,19.612746164055554,81.0947692918889,554.8449951884444,34.78762225408333,1056.8253583911112
B4,roll_01,mlr,2026-01-13 10:00:00+00:00,2026-01-13 11:00:00+00:00,0,1,2025-12-08T00:00:00+00:00,2026-01-12T00:00:00+00:00,2026-01-12T00:00:00+00:00,2026-01-19T00:00:00+00:00,1729.1863273721667,1660.9498903898152,68.2364369823515,1,low,0,0.0,0,2,0,0,0,0,0,0,0,0,0,0,0,0,0,0,0,0,0,0,0,0,0,0,1,1457.3535129481943,1704.9205994411388,746.3919299871112,1712.5081979704166,10,-0.8660254037844387,0.4999999999999999,0,0,1,6.065839095694444,2.0291202134722224,5.704844287583334,4.715763120611111,19.53915467719445,20.057945581416668,19.322890420722224,21.086698567944445,75.89661000686111,991.3755553825832,81.0947692918889,1274.2766447041663
B4,roll_01,mlr,2026-01-13 11:00:00+00:00,2026-01-13 12:00:00+00:00,0,1,2025-12-08T00:00:00+00:00,2026-01-12T00:00:00+00:00,2026-01-12T00:00:00+00:00,2026-01-19T00:00:00+00:00,1776.8351252307775,1654.3528782984395,122.48224693233806,1,low,0,0.0,0,2,0,0,0,0,0,0,0,0,0,0,0,0,0,0,0,0,0,0,0,0,0,0,1,1098.783385659861,1712.5081979704166,632.5966184736388,1729.1863273721667,11,-0.9659258262890682,0.258819045102521,0,0,1,6.411032006055556,4.096896434388889,6.065839095694444,6.151445526944444,20.10092485888889,20.715051583388888,19.53915467719445,21.65975194513889,127.21179366422224,1351.2139548198334,75.89661000686111,1427.525714563778
B4,roll_01,mlr,2026-01-13 12:00:00+00:00,2026-01-13 13:00:00+00:00,0,1,2025-12-08T00:00:00+00:00,2026-01-12T00:00:00+00:00,2026-01-12T00:00:00+00:00,2026-01-19T00:00:00+00:00,1850.1251705731663,1668.1573329794655,181.96783759370078,1,low,0,0.0,0,2,0,0,0,0,0,0,0,0,0,0,0,0,0,0,0,0,0,0,0,0,0,0,1,894.0836341709445,1729.1863273721667,-422.1210146441389,1776.8351252307775,12,-1.0,1.2246467991473532e-16,0,0,1,6.843188409,5.705180185861111,6.411032006055556,8.042106340527779,19.814930444777776,20.91122075105556,20.10092485888889,20.280064502833334,161.38882697286112,1418.4170547936944,127.21179366422224,1077.0554969643056
B4,roll_01,mlr,2026-01-13 13:00:00+00:00,2026-01-13 14:00:00+00:00,0,1,2025-12-08T00:00:00+00:00,2026-01-12T00:00:00+00:00,2026-01-12T00:00:00+00:00,2026-01-19T00:00:00+00:00,2103.8606620909723,1962.5501468316033,141.3105152593689,1,low,0,0.0,0,2,0,0,0,0,0,0,0,0,0,0,0,0,0,0,0,0,0,0,0,0,0,0,1,329.2631219953055,1776.8351252307775,754.2202679822223,1850.1251705731663,13,-0.9659258262890684,-0.2588190451025208,0,0,1,7.213576107916666,7.415172003499999,6.843188409,8.886836191527777,19.35789605444444,19.90473764380556,19.814930444777776,20.89163533738889,125.87758148475,1116.548348416861,161.38882697286112,917.7112551677222
B4,roll_01,mlr,2026-01-13 14:00:00+00:00,2026-01-13 15:00:00+00:00,0,1,2025-12-08T00:00:00+00:00,2026-01-12T00:00:00+00:00,2026-01-12T00:00:00+00:00,2026-01-19T00:00:00+00:00,1367.69234237475,2224.433318280245,-856.7409759054951,1,low,0,0.0,0,2,0,0,0,0,0,0,0,0,0,0,0,0,0,0,0,0,0,0,0,0,0,0,1,967.2042220471388,1850.1251705731663,1500.3252466112224,2103.8606620909723,14,-0.8660254037844388,-0.4999999999999997,0,0,1,6.892581615,8.198499685916667,7.213576107916666,8.544484776166668,19.314774678777777,19.139504207694447,19.35789605444444,20.355432554527777,25.63169713905556,663.5079014291666,125.87758148475,366.2336248188056
B4,roll_01,mlr,2026-01-13 15:00:00+00:00,2026-01-13 16:00:00+00:00,0,1,2025-12-08T00:00:00+00:00,2026-01-12T00:00:00+00:00,2026-01-12T00:00:00+00:00,2026-01-19T00:00:00+00:00,2518.591872478111,1946.271205822538,572.320666655573,1,night,0,0.0,0,2,0,0,0,0,0,0,0,0,0,0,0,0,0,0,0,0,0,0,0,0,0,0,1,2273.575334169805,2103.8606620909723,586.6202596731389,1367.69234237475,15,-0.7071067811865479,-0.7071067811865471,0,0,1,6.473090648055556,5.914092417194445,6.892581615,6.644266975333334,18.981844509638886,18.79304255436111,19.314774678777777,19.053108088833334,0.0,15.213389246138886,25.63169713905556,29.778236451166663
B4,roll_01,mlr,2026-01-13 16:00:00+00:00,2026-01-13 17:00:00+00:00,0,1,2025-12-08T00:00:00+00:00,2026-01-12T00:00:00+00:00,2026-01-12T00:00:00+00:00,2026-01-19T00:00:00+00:00,2818.4871972926667,2075.234537609553,743.2526596831135,0,night,0,0.0,0,2,0,0,0,0,0,0,0,0,0,0,0,0,0,0,0,0,0,0,0,0,0,0,1,1652.948210602611,1367.69234237475,1670.774375533639,2518.591872478111,16,-0.5000000000000004,-0.8660254037844385,0,0,1,5.85150787425,3.205580150638889,6.473090648055556,5.279263939527778,19.342884771027776,18.458215798833333,18.981844509638886,19.11104975583333,0.0,0.0,0.0,0.0
B4,roll_01,mlr,2026-01-13 17:00:00+00:00,2026-01-13 18:00:00+00:00,0,1,2025-12-08T00:00:00+00:00,2026-01-12T00:00:00+00:00,2026-01-12T00:00:00+00:00,2026-01-19T00:00:00+00:00,1383.2154217488053,2315.1809562608396,-931.9655345120343,0,night,0,0.0,0,2,0,0,0,0,0,0,0,0,0,0,0,0,0,0,0,0,0,0,0,0,0,0,1,2089.0237929649165,2518.591872478111,893.0618960396945,2818.4871972926667,17,-0.2588190451025206,-0.9659258262890684,0,0,1,5.551368765666666,1.8742345198611112,5.85150787425,4.219392392722222,19.703703886777777,18.29836174063889,19.342884771027776,18.65615157883333,0.0,0.0,0.0,0.0
B4,roll_01,mlr,2026-01-13 18:00:00+00:00,2026-01-13 19:00:00+00:00,0,1,2025-12-08T00:00:00+00:00,2026-01-12T00:00:00+00:00,2026-01-12T00:00:00+00:00,2026-01-19T00:00:00+00:00,962.6741752021112,1924.5896510188059,-961.9154758166947,0,night,0,0.0,0,2,0,0,0,0,0,0,0,0,0,0,0,0,0,0,0,0,0,0,0,0,0,0,1,2541.390361368472,2818.4871972926667,2274.0885418814723,1383.2154217488053,18,-1.8369701987210292e-16,-1.0,0,0,1,5.565244997222223,1.24759949625,5.551368765666666,4.016366639916667,19.3371023785,18.92124357877778,19.703703886777777,19.38624729958333,0.0,0.0,0.0,0.0
B4,roll_01,mlr,2026-01-13 19:00:00+00:00,2026-01-13 20:00:00+00:00,0,1,2025-12-08T00:00:00+00:00,2026-01-12T00:00:00+00:00,2026-01-12T00:00:00+00:00,2026-01-19T00:00:00+00:00,2371.2932299861945,1320.9964814357973,1050.2967485503973,0,night,0,0.0,0,2,0,0,0,0,0,0,0,0,0,0,0,0,0,0,0,0,0,0,0,0,0,0,1,1259.8555531175557,1383.2154217488053,1365.6644136303612,962.6741752021112,19,0.2588190451025203,-0.9659258262890684,0,0,1,5.091562219055555,0.7831473823888889,5.565244997222223,3.884336086,19.555466913638888,18.88856847425,19.3371023785,19.382953398694443,0.0,0.0,0.0,0.0
B4,roll_01,mlr,2026-01-13 20:00:00+00:00,2026-01-13 21:00:00+00:00,0,1,2025-12-08T00:00:00+00:00,2026-01-12T00:00:00+00:00,2026-01-12T00:00:00+00:00,2026-01-19T00:00:00+00:00,813.2224330626667,1638.9970576046753,-825.7746245420086,0,night,0,0.0,0,2,0,0,0,0,0,0,0,0,0,0,0,0,0,0,0,0,0,0,0,0,0,0,1,856.5431156826388,962.6741752021112,653.7379858252777,2371.2932299861945,20,0.5000000000000001,-0.8660254037844386,0,0,1,5.033024918888889,0.3566097239722222,5.091562219055555,3.633355686611111,19.82183390566667,18.596562272777778,19.555466913638888,19.144044949,0.0,0.0,0.0,0.0
B4,roll_01,mlr,2026-01-13 21:00:00+00:00,2026-01-13 22:00:00+00:00,0,1,2025-12-08T00:00:00+00:00,2026-01-12T00:00:00+00:00,2026-01-12T00:00:00+00:00,2026-01-19T00:00:00+00:00,1323.4556494799722,1392.1890828636147,-68.73343338364248,0,night,0,0.0,0,1,0,0,0,0,0,0,0,0,0,0,0,0,0,0,0,0,0,0,0,0,0,0,1,575.4723228509444,2371.2932299861945,1060.23997367125,813.2224330626667,21,0.7071067811865474,-0.7071067811865477,0,0,1,4.900254803388889,0.3184367013611111,5.033024918888889,3.5082212590277777,19.92269649358333,18.56220642625,19.82183390566667,19.25061404477778,0.0,0.0,0.0,0.0
B4,roll_01,mlr,2026-01-13 22:00:00+00:00,2026-01-13 23:00:00+00:00,0,1,2025-12-08T00:00:00+00:00,2026-01-12T00:00:00+00:00,2026-01-12T00:00:00+00:00,2026-01-19T00:00:00+00:00,690.983777113111,1117.3240030681545,-426.3402259550435,0,night,0,0.0,0,1,0,0,0,0,0,0,0,0,0,0,0,0,0,0,0,0,0,0,0,0,0,0,1,379.3353790977222,813.2224330626667,372.6696216118889,1323.4556494799722,22,0.8660254037844384,-0.5000000000000004,0,0,1,4.787616396777778,0.1134802030555555,4.900254803388889,3.508406459083333,19.833271056222223,18.7725153515,19.92269649358333,19.15334913905556,0.0,0.0,0.0,0.0
B4,roll_01,mlr,2026-01-13 23:00:00+00:00,2026-01-14 00:00:00+00:00,0,1,2025-12-08T00:00:00+00:00,2026-01-12T00:00:00+00:00,2026-01-12T00:00:00+00:00,2026-01-19T00:00:00+00:00,373.91198171711113,983.9150224408768,-610.0030407237657,0,night,0,0.0,0,1,0,0,0,0,0,0,0,0,0,0,0,0,0,0,0,0,0,0,0,0,0,0,1,372.6325051877778,1323.4556494799722,368.2867205090556,690.983777113111,23,0.965925826289068,-0.2588190451025215,0,0,1,4.36980794625,-0.2452416142222222,4.787616396777778,3.994434357833333,19.88424536811112,18.993671222388887,19.833271056222223,19.462697947166664,0.0,0.0,0.0,0.0
B4,roll_01,mlr,2026-01-14 05:00:00+00:00,2026-01-14 06:00:00+00:00,0,1,2025-12-08T00:00:00+00:00,2026-01-12T00:00:00+00:00,2026-01-12T00:00:00+00:00,2026-01-19T00:00:00+00:00,1951.7951114496389,2028.0866552369525,-76.29154378731369,0,night,0,0.0,0,1,0,0,0,0,0,0,0,0,0,0,0,0,0,0,0,0,0,0,0,0,0,0,2,2048.148801472083,1021.3973762487502,2001.738657636584,2059.780215135472,5,0.2588190451025207,0.9659258262890684,0,0,1,4.117087354722222,-2.138426025055556,4.003444144972222,4.516244777583333,20.124028981166667,19.57790496161111,20.134824625472223,20.02328279972222,0.0,0.0,0.0,0.0
B4,roll_01,mlr,2026-01-14 06:00:00+00:00,2026-01-14 07:00:00+00:00,0,1,2025-12-08T00:00:00+00:00,2026-01-12T00:00:00+00:00,2026-01-12T00:00:00+00:00,2026-01-19T00:00:00+00:00,1687.1433126186946,2175.7613875151337,-488.6180748964391,0,night,0,0.0,0,1,0,0,0,0,0,0,0,0,0,0,0,0,0,0,0,0,0,0,0,0,0,0,2,2144.072206509945,2059.780215135472,2099.6764230465,1951.7951114496389,6,6.123233995736766e-17,1.0,0,0,1,4.254348787194444,-2.334666141611111,4.117087354722222,4.763350271222222,19.934132118,19.242493166972224,20.124028981166667,19.945872866472225,0.0,0.0,0.0,0.0
B4,roll_01,mlr,2026-01-14 07:00:00+00:00,2026-01-14 08:00:00+00:00,0,1,2025-12-08T00:00:00+00:00,2026-01-12T00:00:00+00:00,2026-01-12T00:00:00+00:00,2026-01-19T00:00:00+00:00,1700.1424731680556,1938.6302589318516,-238.48778576379596,1,night,0,0.0,0,1,0,0,0,0,0,0,0,0,0,0,0,0,0,0,0,0,0,0,0,0,0,0,2,1962.395727615584,1951.7951114496389,1798.5318447581387,1687.1433126186946,7,-0.2588190451025206,0.9659258262890684,0,0,1,4.355129028611111,-1.857353954,4.254348787194444,5.146098303527778,19.907104928583333,18.54471837513889,19.934132118,19.215107962944447,0.0,0.0,0.0,0.0
B4,roll_01,mlr,2026-01-14 08:00:00+00:00,2026-01-14 09:00:00+00:00,0,1,2025-12-08T00:00:00+00:00,2026-01-12T00:00:00+00:00,2026-01-12T00:00:00+00:00,2026-01-19T00:00:00+00:00,1616.381493539,1694.3031976022235,-77.92170406322339,1,night,0,0.0,0,1,0,0,0,0,0,0,0,0,0,0,0,0,0,0,0,0,0,0,0,0,0,0,2,1449.9337721436666,1687.1433126186946,1792.85737564,1700.1424731680556,8,-0.4999999999999998,0.8660254037844387,0,0,1,4.627706611055555,-0.4426733692222222,4.355129028611111,5.574331767527777,20.452670910722222,19.39568181513889,19.907104928583333,19.78762391975,0.0,570.0789902141945,0.0,34.78762225408333
B4,roll_01,mlr,2026-01-14 09:00:00+00:00,2026-01-14 10:00:00+00:00,0,1,2025-12-08T00:00:00+00:00,2026-01-12T00:00:00+00:00,2026-01-12T00:00:00+00:00,2026-01-19T00:00:00+00:00,1771.2370990303614,1498.7641940600029,272.4729049703585,1,low,0,0.0,0,2,0,0,0,0,0,0,0,0,0,0,0,0,0,0,0,0,0,0,0,0,0,0,2,1045.4205219210555,1700.1424731680556,1704.9205994411388,1616.381493539,9,-0.7071067811865475,0.7071067811865476,0,0,1,5.024308661138889,0.9949755484444444,4.627706611055555,5.704844287583334,20.41466703861111,20.01117311875,20.452670910722222,19.322890420722224,115.05220435744444,944.5843582863334,0.0,81.0947692918889
B4,roll_01,mlr,2026-01-14 10:00:00+00:00,2026-01-14 11:00:00+00:00,0,1,2025-12-08T00:00:00+00:00,2026-01-12T00:00:00+00:00,2026-01-12T00:00:00+00:00,2026-01-19T00:00:00+00:00,1698.523145841389,1519.633101903778,178.89004393761093,1,low,0,0.0,0,2,0,0,0,0,0,0,0,0,0,0,0,0,0,0,0,0,0,0,0,0,0,0,2,760.5154770373333,1616.381493539,1712.5081979704166,1771.2370990303614,10,-0.8660254037844387,0.4999999999999999,0,0,1,5.432306789416667,1.9578350736111112,5.024308661138889,6.065839095694444,20.172151427166664,20.312036394777778,20.41466703861111,19.53915467719445,33.43036787752778,1264.831612533833,115.05220435744444,75.89661000686111
B4,roll_01,mlr,2026-01-14 11:00:00+00:00,2026-01-14 12:00:00+00:00,0,1,2025-12-08T00:00:00+00:00,2026-01-12T00:00:00+00:00,2026-01-12T00:00:00+00:00,2026-01-19T00:00:00+00:00,986.6906551339166,1608.0618191486633,-621.3711640147467,1,low,0,0.0,0,2,0,0,0,0,0,0,0,0,0,0,0,0,0,0,0,0,0,0,0,0,0,0,2,546.3529176781944,1771.2370990303614,1729.1863273721667,1698.523145841389,11,-0.9659258262890682,0.258819045102521,0,0,1,5.742981328027778,2.4392818327777777,5.432306789416667,6.411032006055556,19.860319106222224,24.623482295972224,20.172151427166664,20.10092485888889,89.70113270638889,1540.4049076230278,33.43036787752778,127.21179366422224
B4,roll_01,mlr,2026-01-14 12:00:00+00:00,2026-01-14 13:00:00+00:00,0,1,2025-12-08T00:00:00+00:00,2026-01-12T00:00:00+00:00,2026-01-12T00:00:00+00:00,2026-01-19T00:00:00+00:00,1215.6235662438055,1199.4575428409184,16.16602340288705,1,low,0,0.0,0,2,0,0,0,0,0,0,0,0,0,0,0,0,0,0,0,0,0,0,0,0,0,0,2,756.1850252865555,1698.523145841389,1776.8351252307775,986.6906551339166,12,-1.0,1.2246467991473532e-16,0,0,1,6.181814728333333,3.0398306009166665,5.742981328027778,6.843188409,19.29081991602777,21.195236754666663,19.860319106222224,19.814930444777776,108.82108360533334,1439.505969516472,89.70113270638889,161.38882697286112
B4,roll_01,mlr,2026-01-14 13:00:00+00:00,2026-01-14 14:00:00+00:00,0,1,2025-12-08T00:00:00+00:00,2026-01-12T00:00:00+00:00,2026-01-12T00:00:00+00:00,2026-01-19T00:00:00+00:00,1567.194707997861,1200.3813922632312,366.8133157346299,1,low,0,0.0,0,2,0,0,0,0,0,0,0,0,0,0,0,0,0,0,0,0,0,0,0,0,0,0,2,1302.286245294389,986.6906551339166,1850.1251705731663,1215.6235662438055,13,-0.9659258262890684,-0.2588190451025208,0,0,1,6.522614021444444,4.212726052527778,6.181814728333333,7.213576107916666,19.14399669966667,20.18060452627778,19.29081991602777,19.35789605444444,44.19311912005556,1182.3181012871669,108.82108360533334,125.87758148475
B4,roll_01,mlr,2026-01-14 14:00:00+00:00,2026-01-14 15:00:00+00:00,0,1,2025-12-08T00:00:00+00:00,2026-01-12T00:00:00+00:00,2026-01-12T00:00:00+00:00,2026-01-19T00:00:00+00:00,1578.744458172111,1546.9769768552492,31.767481316861904,1,night,0,0.0,0,2,0,0,0,0,0,0,0,0,0,0,0,0,0,0,0,0,0,0,0,0,0,0,2,1726.787963903611,1215.6235662438055,2103.8606620909723,1567.194707997861,14,-0.8660254037844388,-0.4999999999999997,0,0,1,6.668629153166666,4.414327284722222,6.522614021444444,6.892581615,19.106394929388888,18.96121669636111,19.14399669966667,19.314774678777777,0.0,628.2047391991667,44.19311912005556,25.63169713905556
B4,roll_01,mlr,2026-01-14 15:00:00+00:00,2026-01-14 16:00:00+00:00,0,1,2025-12-08T00:00:00+00:00,2026-01-12T00:00:00+00:00,2026-01-12T00:00:00+00:00,2026-01-19T00:00:00+00:00,1624.9310390754445,1781.9736347243152,-157.0425956488707,1,night,0,0.0,0,2,0,0,0,0,0,0,0,0,0,0,0,0,0,0,0,0,0,0,0,0,0,0,2,2477.2962560777223,1567.194707997861,1367.69234237475,1578.744458172111,15,-0.7071067811865479,-0.7071067811865471,0,0,1,6.565780549027778,3.245419476666666,6.668629153166666,6.473090648055556,19.14164701436111,19.184675615388887,19.106394929388888,18.981844509638886,0.0,21.8963531215,0.0,0.0
B4,roll_01,mlr,2026-01-14 16:00:00+00:00,2026-01-14 17:00:00+00:00,0,1,2025-12-08T00:00:00+00:00,2026-01-12T00:00:00+00:00,2026-01-12T00:00:00+00:00,2026-01-19T00:00:00+00:00,1793.6743844524724,1780.7175841719582,12.956800280514244,0,night,0,0.0,0,2,0,0,0,0,0,0,0,0,0,0,0,0,0,0,0,0,0,0,0,0,0,0,2,2736.9958837058616,1578.744458172111,2518.591872478111,1624.9310390754445,16,-0.5000000000000004,-0.8660254037844385,0,0,1,6.580184991083333,1.6886237109166666,6.565780549027778,5.85150787425,19.24061198258333,19.02204263538889,19.14164701436111,19.342884771027776,0.0,0.0,0.0,0.0
B4,roll_01,mlr,2026-01-14 17:00:00+00:00,2026-01-14 18:00:00+00:00,0,1,2025-12-08T00:00:00+00:00,2026-01-12T00:00:00+00:00,2026-01-12T00:00:00+00:00,2026-01-19T00:00:00+00:00,1048.612189175861,1862.062444357638,-813.450255181777,0,night,0,0.0,0,2,0,0,0,0,0,0,0,0,0,0,0,0,0,0,0,0,0,0,0,0,0,0,2,2262.745013387778,1624.9310390754445,2818.4871972926667,1793.6743844524724,17,-0.2588190451025206,-0.9659258262890684,0,0,1,6.7399584603888885,0.6640826144444444,6.580184991083333,5.551368765666666,18.989385271777778,19.445126605,19.24061198258333,19.703703886777777,0.0,0.0,0.0,0.0
B4,roll_01,mlr,2026-01-14 18:00:00+00:00,2026-01-14 19:00:00+00:00,0,1,2025-12-08T00:00:00+00:00,2026-01-12T00:00:00+00:00,2026-01-12T00:00:00+00:00,2026-01-19T00:00:00+00:00,1797.1453520931666,1480.7325693760959,316.41278271707074,0,night,0,0.0,0,2,0,0,0,0,0,0,0,0,0,0,0,0,0,0,0,0,0,0,0,0,0,0,2,1568.7467902066112,1793.6743844524724,1383.2154217488053,1048.612189175861,18,-1.8369701987210292e-16,-1.0,0,0,1,7.065830788222222,0.0305977500833333,6.7399584603888885,5.565244997222223,19.395188082444445,19.31415853788889,18.989385271777778,19.3371023785,0.0,0.0,0.0,0.0
B4,roll_01,mlr,2026-01-14 19:00:00+00:00,2026-01-14 20:00:00+00:00,0,1,2025-12-08T00:00:00+00:00,2026-01-12T00:00:00+00:00,2026-01-12T00:00:00+00:00,2026-01-19T00:00:00+00:00,741.7054459836112,1534.0276843855436,-792.3222384019324,0,night,0,0.0,0,2,0,0,0,0,0,0,0,0,0,0,0,0,0,0,0,0,0,0,0,0,0,0,2,2191.9078966617776,1048.612189175861,962.6741752021112,1797.1453520931666,19,0.2588190451025203,-0.9659258262890684,0,0,1,6.7976319745,-0.5172285606388889,7.065830788222222,5.091562219055555,20.13497632016667,19.633846631416667,19.395188082444445,19.555466913638888,0.0,0.0,0.0,0.0
B4,roll_01,mlr,2026-01-14 20:00:00+00:00,2026-01-14 21:00:00+00:00,0,1,2025-12-08T00:00:00+00:00,2026-01-12T00:00:00+00:00,2026-01-12T00:00:00+00:00,2026-01-19T00:00:00+00:00,554.3527368332501,1363.7726465151,-809.4199096818498,0,night,0,0.0,0,2,0,0,0,0,0,0,0,0,0,0,0,0,0,0,0,0,0,0,0,0,0,0,2,974.76946242625,1797.1453520931666,2371.2932299861945,741.7054459836112,20,0.5000000000000001,-0.8660254037844386,0,0,1,6.660144965333333,-0.8401728560833334,6.7976319745,5.033024918888889,19.98757817386112,18.864326428194445,20.13497632016667,19.82183390566667,0.0,0.0,0.0,0.0
B4,roll_01,mlr,2026-01-14 21:00:00+00:00,2026-01-14 22:00:00+00:00,0,1,2025-12-08T00:00:00+00:00,2026-01-12T00:00:00+00:00,2026-01-12T00:00:00+00:00,2026-01-19T00:00:00+00:00,374.6190320515,893.4957053792962,-518.8766733277962,0,night,0,0.0,0,2,0,0,0,0,0,0,0,0,0,0,0,0,0,0,0,0,0,0,0,0,0,0,2,588.3848682054444,741.7054459836112,813.2224330626667,554.3527368332501,21,0.7071067811865474,-0.7071067811865477,0,0,1,6.3999320517500005,-1.128014455416667,6.660144965333333,4.900254803388889,19.87022840075,18.75661051636111,19.98757817386112,19.92269649358333,0.0,0.0,0.0,0.0
B4,roll_01,mlr,2026-01-15 04:00:00+00:00,2026-01-15 05:00:00+00:00,0,1,2025-12-08T00:00:00+00:00,2026-01-12T00:00:00+00:00,2026-01-12T00:00:00+00:00,2026-01-19T00:00:00+00:00,2039.245831840444,1432.7591656067675,606.4866662336765,0,night,0,0.0,0,2,0,0,0,0,0,0,0,0,0,0,0,0,0,0,0,0,0,0,0,0,0,0,3,1013.4860831681112,373.5574161077223,1021.3973762487502,1052.1522978683056,4,0.5000000000000001,0.8660254037844386,0,0,1,5.925028980166666,-2.941260518777778,5.914457750944444,4.003444144972222,20.59579628066667,19.30795908583333,20.35707342683333,20.134824625472223,0.0,0.0,0.0,0.0
B4,roll_01,mlr,2026-01-15 05:00:00+00:00,2026-01-15 06:00:00+00:00,0,1,2025-12-08T00:00:00+00:00,2026-01-12T00:00:00+00:00,2026-01-12T00:00:00+00:00,2026-01-19T00:00:00+00:00,2008.2256900938053,2055.029960610453,-46.804270516647875,0,night,0,0.0,0,2,0,0,0,0,0,0,0,0,0,0,0,0,0,0,0,0,0,0,0,0,0,0,3,2046.8079468206668,1052.1522978683056,2059.780215135472,2039.245831840444,5,0.2588190451025207,0.9659258262890684,0,0,1,5.866083384027778,-0.6244157646666665,5.925028980166666,4.117087354722222,20.27639611691667,19.49536178544444,20.59579628066667,20.124028981166667,0.0,0.0,0.0,0.0
B4,roll_01,mlr,2026-01-15 06:00:00+00:00,2026-01-15 07:00:00+00:00,0,1,2025-12-08T00:00:00+00:00,2026-01-12T00:00:00+00:00,2026-01-12T00:00:00+00:00,2026-01-19T00:00:00+00:00,1864.800559224361,2334.0021818946807,-469.2016226703197,0,night,0,0.0,0,2,0,0,0,0,0,0,0,0,0,0,0,0,0,0,0,0,0,0,0,0,0,0,3,2002.5342499304168,2039.245831840444,1951.7951114496389,2008.2256900938053,6,6.123233995736766e-17,1.0,0,0,1,5.855689930055555,3.079196885472222,5.866083384027778,4.254348787194444,19.47680676319445,19.399240677722226,20.27639611691667,19.934132118,0.0,0.0,0.0,0.0
B4,roll_01,mlr,2026-01-15 07:00:00+00:00,2026-01-15 08:00:00+00:00,0,1,2025-12-08T00:00:00+00:00,2026-01-12T00:00:00+00:00,2026-01-12T00:00:00+00:00,2026-01-19T00:00:00+00:00,1891.1646381102776,2004.644925196451,-113.48028708617335,1,night,0,0.0,0,2,0,0,0,0,0,0,0,0,0,0,0,0,0,0,0,0,0,0,0,0,0,0,3,1850.8068317207776,2008.2256900938053,1687.1433126186946,1864.800559224361,7,-0.2588190451025206,0.9659258262890684,0,0,1,5.939965576,-2.460782343555556,5.855689930055555,4.355129028611111,18.746181867083333,19.351266054333333,19.47680676319445,19.907104928583333,0.0,0.0,0.0,0.0
B4,roll_01,mlr,2026-01-15 08:00:00+00:00,2026-01-15 09:00:00+00:00,0,1,2025-12-08T00:00:00+00:00,2026-01-12T00:00:00+00:00,2026-01-12T00:00:00+00:00,2026-01-19T00:00:00+00:00,1853.015352479528,1762.6415821143028,90.37377036522525,1,night,0,0.0,0,2,0,0,0,0,0,0,0,0,0,0,0,0,0,0,0,0,0,0,0,0,0,0,3,1538.5037201446942,1864.800559224361,1700.1424731680556,1891.1646381102776,8,-0.4999999999999998,0.8660254037844387,0,0,1,6.0540732603333325,-1.67364147725,5.939965576,4.627706611055555,19.051684740972224,19.74709173080556,18.746181867083333,20.452670910722222,0.0,469.6490468964166,0.0,0.0
B4,roll_01,mlr,2026-01-15 09:00:00+00:00,2026-01-15 10:00:00+00:00,0,1,2025-12-08T00:00:00+00:00,2026-01-12T00:00:00+00:00,2026-01-12T00:00:00+00:00,2026-01-19T00:00:00+00:00,1753.4225527633614,1642.4309073674908,110.99164539587059,1,low,0,0.0,0,2,0,0,0,0,0,0,0,0,0,0,0,0,0,0,0,0,0,0,0,0,0,0,3,1246.2386662023334,1891.1646381102776,1616.381493539,1853.015352479528,9,-0.7071067811865475,0.7071067811865476,0,0,1,6.356309699972222,-0.3285788842222222,6.0540732603333325,5.024308661138889,20.157227171944445,19.877910395111112,19.051684740972224,20.41466703861111,71.04931229527777,693.6095931546666,0.0,115.05220435744444
B4,roll_01,mlr,2026-01-15 10:00:00+00:00,2026-01-15 11:00:00+00:00,0,1,2025-12-08T00:00:00+00:00,2026-01-12T00:00:00+00:00,2026-01-12T00:00:00+00:00,2026-01-19T00:00:00+00:00,1683.7846975026666,1561.5543821081337,122.23031539453291,1,low,0,0.0,0,2,0,0,0,0,0,0,0,0,0,0,0,0,0,0,0,0,0,0,0,0,0,0,3,1154.3803733119444,1853.015352479528,1771.2370990303614,1753.4225527633614,10,-0.8660254037844387,0.4999999999999999,0,0,1,7.095990240444444,0.9859336270277778,6.356309699972222,5.432306789416667,19.88121188980556,20.16940789636111,20.157227171944445,20.172151427166664,190.55258295625003,861.0507605769722,71.04931229527777,33.43036787752778
B4,roll_01,mlr,2026-01-15 11:00:00+00:00,2026-01-15 12:00:00+00:00,0,1,2025-12-08T00:00:00+00:00,2026-01-12T00:00:00+00:00,2026-01-12T00:00:00+00:00,2026-01-19T00:00:00+00:00,662.9256880891389,1640.3056794832487,-977.3799913941098,1,low,0,0.0,0,2,0,0,0,0,0,0,0,0,0,0,0,0,0,0,0,0,0,0,0,0,0,0,3,1112.5980900928612,1753.4225527633614,1698.523145841389,1683.7846975026666,11,-0.9659258262890682,0.258819045102521,0,0,1,7.735721079805555,2.126837025805556,7.095990240444444,5.742981328027778,23.38672065052777,23.31224428980555,19.88121188980556,19.860319106222224,176.48683570197224,913.1481082111112,190.55258295625003,89.70113270638889
B4,roll_01,mlr,2026-01-15 12:00:00+00:00,2026-01-15 13:00:00+00:00,0,1,2025-12-08T00:00:00+00:00,2026-01-12T00:00:00+00:00,2026-01-12T00:00:00+00:00,2026-01-19T00:00:00+00:00,1670.502586263833,1467.5434035745488,202.95918268928426,1,low,0,0.0,0,2,0,0,0,0,0,0,0,0,0,0,0,0,0,0,0,0,0,0,0,0,0,0,3,697.50058879075,1683.7846975026666,986.6906551339166,662.9256880891389,12,-1.0,1.2246467991473532e-16,0,0,1,7.640280755611111,4.213676707777778,7.735721079805555,6.181814728333333,18.96813179475,26.38240086858333,23.38672065052777,19.29081991602777,137.67527449247223,1404.1620500711945,176.48683570197224,108.82108360533334
B4,roll_01,mlr,2026-01-15 13:00:00+00:00,2026-01-15 14:00:00+00:00,0,1,2025-12-08T00:00:00+00:00,2026-01-12T00:00:00+00:00,2026-01-12T00:00:00+00:00,2026-01-19T00:00:00+00:00,1481.236402503917,1234.3529212026701,246.88348130124677,1,low,0,0.0,0,2,0,0,0,0,0,0,0,0,0,0,0,0,0,0,0,0,0,0,0,0,0,0,3,1350.37595587875,662.9256880891389,1215.6235662438055,1670.502586263833,13,-0.9659258262890684,-0.2588190451025208,0,0,1,7.717073466916666,6.541272591666668,7.640280755611111,6.522614021444444,19.995219474666666,20.230652662666667,18.96813179475,19.14399669966667,89.73333983747223,1169.0765104621112,137.67527449247223,44.19311912005556
B4,roll_01,mlr,2026-01-15 14:00:00+00:00,2026-01-15 15:00:00+00:00,0,1,2025-12-08T00:00:00+00:00,2026-01-12T00:00:00+00:00,2026-01-12T00:00:00+00:00,2026-01-19T00:00:00+00:00,885.3972389852223,1776.058513724257,-890.6612747390346,1,low,0,0.0,0,2,0,0,0,0,0,0,0,0,0,0,0,0,0,0,0,0,0,0,0,0,0,0,3,1705.890929453528,1670.502586263833,1567.194707997861,1481.236402503917,14,-0.8660254037844388,-0.4999999999999997,0,0,1,7.777161936083334,8.226870102805556,7.717073466916666,6.668629153166666,18.998335135416667,19.974297232666665,19.995219474666666,19.106394929388888,15.6927846945,631.2471208811944,89.73333983747223,0.0
B4,roll_01,mlr,2026-01-15 15:00:00+00:00,2026-01-15 16:00:00+00:00,0,1,2025-12-08T00:00:00+00:00,2026-01-12T00:00:00+00:00,2026-01-12T00:00:00+00:00,2026-01-19T00:00:00+00:00,1797.5373261431112,1626.219057586909,171.31826855620216,1,night,0,0.0,0,2,0,0,0,0,0,0,0,0,0,0,0,0,0,0,0,0,0,0,0,0,0,0,3,2587.529739670056,1481.236402503917,1578.744458172111,885.3972389852223,15,-0.7071067811865479,-0.7071067811865471,0,0,1,7.587229790388889,7.3480560154444445,7.777161936083334,6.565780549027778,18.903532724861112,19.38427655861111,18.998335135416667,19.14164701436111,0.0,26.18345503047222,15.6927846945,0.0
B4,roll_01,mlr,2026-01-15 16:00:00+00:00,2026-01-15 17:00:00+00:00,0,1,2025-12-08T00:00:00+00:00,2026-01-12T00:00:00+00:00,2026-01-12T00:00:00+00:00,2026-01-19T00:00:00+00:00,1346.1776368881667,1713.1845901243037,-367.00695323613695,0,night,0,0.0,0,2,0,0,0,0,0,0,0,0,0,0,0,0,0,0,0,0,0,0,0,0,0,0,3,2568.744366554028,885.3972389852223,1624.9310390754445,1797.5373261431112,16,-0.5000000000000004,-0.8660254037844385,0,0,1,7.352740038694445,4.011567114111111,7.587229790388889,6.580184991083333,19.207566096138887,19.342780857222223,18.903532724861112,19.24061198258333,0.0,0.0,0.0,0.0
B4,roll_01,mlr,2026-01-15 17:00:00+00:00,2026-01-15 18:00:00+00:00,0,1,2025-12-08T00:00:00+00:00,2026-01-12T00:00:00+00:00,2026-01-12T00:00:00+00:00,2026-01-19T00:00:00+00:00,2386.9593965361114,1740.0410917396302,646.9183047964812,0,night,0,0.0,0,2,0,0,0,0,0,0,0,0,0,0,0,0,0,0,0,0,0,0,0,0,0,0,3,2405.933929940611,1797.5373261431112,1793.6743844524724,1346.1776368881667,17,-0.2588190451025206,-0.9659258262890684,0,0,1,7.210672752555555,2.5370079282777778,7.352740038694445,6.7399584603888885,19.75528769888889,19.64785988936111,19.207566096138887,18.989385271777778,0.0,0.0,0.0,0.0
B4,roll_01,mlr,2026-01-15 18:00:00+00:00,2026-01-15 19:00:00+00:00,0,1,2025-12-08T00:00:00+00:00,2026-01-12T00:00:00+00:00,2026-01-12T00:00:00+00:00,2026-01-19T00:00:00+00:00,1666.5948316020276,1990.9519877730363,-324.3571561710087,0,night,0,0.0,0,2,0,0,0,0,0,0,0,0,0,0,0,0,0,0,0,0,0,0,0,0,0,0,3,2399.449532727612,1346.1776368881667,1048.612189175861,2386.9593965361114,18,-1.8369701987210292e-16,-1.0,0,0,1,6.914773931666667,2.022283620583333,7.210672752555555,7.065830788222222,19.750921251194445,19.25424490305556,19.75528769888889,19.395188082444445,0.0,0.0,0.0,0.0
B4,roll_01,mlr,2026-01-15 19:00:00+00:00,2026-01-15 20:00:00+00:00,0,1,2025-12-08T00:00:00+00:00,2026-01-12T00:00:00+00:00,2026-01-12T00:00:00+00:00,2026-01-19T00:00:00+00:00,1076.4033323202225,2003.2872747877095,-926.883942467487,0,night,0,0.0,0,2,0,0,0,0,0,0,0,0,0,0,0,0,0,0,0,0,0,0,0,0,0,0,3,1431.48542243675,2386.9593965361114,1797.1453520931666,1666.5948316020276,19,0.2588190451025203,-0.9659258262890684,0,0,1,6.321510255361112,1.780326929388889,6.914773931666667,6.7976319745,19.999823462166667,18.966781092166663,19.750921251194445,20.13497632016667,0.0,0.0,0.0,0.0
B4,roll_01,mlr,2026-01-15 20:00:00+00:00,2026-01-15 21:00:00+00:00,0,1,2025-12-08T00:00:00+00:00,2026-01-12T00:00:00+00:00,2026-01-12T00:00:00+00:00,2026-01-19T00:00:00+00:00,1005.1173250451112,1500.4086818396322,-495.291356794521,0,night,0,0.0,0,2,0,0,0,0,0,0,0,0,0,0,0,0,0,0,0,0,0,0,0,0,0,0,3,898.016377999889,1666.5948316020276,741.7054459836112,1076.4033323202225,20,0.5000000000000001,-0.8660254037844386,0,0,1,6.225941869694444,1.6461886253888889,6.321510255361112,6.660144965333333,19.716939268694443,18.956287759888887,19.999823462166667,19.98757817386112,0.0,0.0,0.0,0.0
B4,roll_01,mlr,2026-01-16 05:00:00+00:00,2026-01-16 06:00:00+00:00,0,1,2025-12-08T00:00:00+00:00,2026-01-12T00:00:00+00:00,2026-01-12T00:00:00+00:00,2026-01-19T00:00:00+00:00,2477.7992105114445,2144.579856404517,333.2193541069273,0,night,0,0.0,0,2,0,0,0,0,0,0,0,0,0,0,0,0,0,0,0,0,0,0,0,0,0,0,4,2047.0297009597773,1076.4506056084722,2039.245831840444,2002.717169422556,5,0.2588190451025207,0.9659258262890684,0,0,1,6.480166650444445,1.1214002574722222,6.319809020444445,5.866083384027778,20.62937870683333,19.720601895472225,20.54722971761112,20.27639611691667,0.0,0.0,0.0,0.0
B4,roll_01,mlr,2026-01-16 06:00:00+00:00,2026-01-16 07:00:00+00:00,0,1,2025-12-08T00:00:00+00:00,2026-01-12T00:00:00+00:00,2026-01-12T00:00:00+00:00,2026-01-19T00:00:00+00:00,2372.8508934692777,2459.05587404903,-86.20498057975237,0,night,0,0.0,0,2,0,0,0,0,0,0,0,0,0,0,0,0,0,0,0,0,0,0,0,0,0,0,4,2558.245225021167,2002.717169422556,2008.2256900938053,2477.7992105114445,6,6.123233995736766e-17,1.0,0,0,1,6.526934920555555,1.056097709888889,6.480166650444445,5.855689930055555,19.989256890694445,19.32600380038889,20.62937870683333,19.47680676319445,0.0,0.0,0.0,0.0
B4,roll_01,mlr,2026-01-16 07:00:00+00:00,2026-01-16 08:00:00+00:00,0,1,2025-12-08T00:00:00+00:00,2026-01-12T00:00:00+00:00,2026-01-12T00:00:00+00:00,2026-01-19T00:00:00+00:00,1713.0605896702225,2406.240203002104,-693.1796133318815,1,night,0,0.0,0,2,0,0,0,0,0,0,0,0,0,0,0,0,0,0,0,0,0,0,0,0,0,0,4,1917.6388459600832,2477.7992105114445,1864.800559224361,2372.8508934692777,7,-0.2588190451025206,0.9659258262890684,0,0,1,6.51837168525,0.6626632042222222,6.526934920555555,5.939965576,19.50656841447222,18.792866169333333,19.989256890694445,18.746181867083333,0.0,0.0,0.0,0.0
B4,roll_01,mlr,2026-01-16 08:00:00+00:00,2026-01-16 09:00:00+00:00,0,1,2025-12-08T00:00:00+00:00,2026-01-12T00:00:00+00:00,2026-01-12T00:00:00+00:00,2026-01-19T00:00:00+00:00,1442.9932598915832,1960.839230616889,-517.8459707253057,1,low,0,0.0,0,2,0,0,0,0,0,0,0,0,0,0,0,0,0,0,0,0,0,0,0,0,0,0,4,2537.646863457084,2372.8508934692777,1891.1646381102776,1713.0605896702225,8,-0.4999999999999998,0.8660254037844387,0,0,1,6.70613304075,0.6523814971388889,6.51837168525,6.0540732603333325,19.7554677515,19.253292459972226,19.50656841447222,19.051684740972224,219.2942974313056,14.120518125916668,0.0,0.0
B4,roll_01,mlr,2026-01-16 09:00:00+00:00,2026-01-16 10:00:00+00:00,0,1,2025-12-08T00:00:00+00:00,2026-01-12T00:00:00+00:00,2026-01-12T00:00:00+00:00,2026-01-19T00:00:00+00:00,1623.9131629396943,1709.1324044787566,-85.2192415390623,1,low,0,0.0,0,2,0,0,0,0,0,0,0,0,0,0,0,0,0,0,0,0,0,0,0,0,0,0,4,1822.7418795589167,1713.0605896702225,1853.015352479528,1442.9932598915832,9,-0.7071067811865475,0.7071067811865476,0,0,1,7.120510198722222,1.1128761986666664,6.70613304075,6.356309699972222,19.877659039055555,19.4775917105,19.7554677515,20.157227171944445,397.3280925458334,72.10103886938889,219.2942974313056,71.04931229527777
B4,roll_01,mlr,2026-01-16 10:00:00+00:00,2026-01-16 11:00:00+00:00,0,1,2025-12-08T00:00:00+00:00,2026-01-12T00:00:00+00:00,2026-01-12T00:00:00+00:00,2026-01-19T00:00:00+00:00,490.20504058097225,1866.7711980665217,-1376.5661574855494,1,low,0,0.0,0,2,0,0,0,0,0,0,0,0,0,0,0,0,0,0,0,0,0,0,0,0,0,0,4,1791.9841544997778,1442.9932598915832,1753.4225527633614,1623.9131629396943,10,-0.8660254037844387,0.4999999999999999,0,0,1,7.606124750555556,1.98489638075,7.120510198722222,7.095990240444444,19.85123305425,19.35161868911111,19.877659039055555,19.88121188980556,176.83669021891663,151.29219367175003,397.3280925458334,190.55258295625003
B4,roll_01,mlr,2026-01-16 11:00:00+00:00,2026-01-16 12:00:00+00:00,0,1,2025-12-08T00:00:00+00:00,2026-01-12T00:00:00+00:00,2026-01-12T00:00:00+00:00,2026-01-19T00:00:00+00:00,1595.4900083538612,1560.6812552851497,34.80875306871144,1,low,0,0.0,0,2,0,0,0,0,0,0,0,0,0,0,0,0,0,0,0,0,0,0,0,0,0,0,4,1919.5265633675,1623.9131629396943,1683.7846975026666,490.20504058097225,11,-0.9659258262890682,0.258819045102521,0,0,1,8.054131653722223,2.262476912472222,7.606124750555556,7.735721079805555,19.50173812611111,19.35153318558333,19.85123305425,23.38672065052777,96.41320922194444,139.91217718894444,176.83669021891663,176.48683570197224
B4,roll_01,mlr,2026-01-16 12:00:00+00:00,2026-01-16 13:00:00+00:00,0,1,2025-12-08T00:00:00+00:00,2026-01-12T00:00:00+00:00,2026-01-12T00:00:00+00:00,2026-01-19T00:00:00+00:00,701.5758242305001,1431.2718108980448,-729.6959866675447,1,low,0,0.0,0,2,0,0,0,0,0,0,0,0,0,0,0,0,0,0,0,0,0,0,0,0,0,0,4,2047.703922921584,490.20504058097225,662.9256880891389,1595.4900083538612,12,-1.0,1.2246467991473532e-16,0,0,1,7.894125589972222,2.847650250777777,8.054131653722223,7.640280755611111,19.87244296738889,19.16837650158333,19.50173812611111,18.96813179475,92.09759563077776,186.2105002900278,96.41320922194444,137.67527449247223
B4,roll_01,mlr,2026-01-16 13:00:00+00:00,2026-01-16 14:00:00+00:00,0,1,2025-12-08T00:00:00+00:00,2026-01-12T00:00:00+00:00,2026-01-12T00:00:00+00:00,2026-01-19T00:00:00+00:00,1952.1323181944445,1414.2026977261953,537.9296204682491,1,low,0,0.0,0,2,0,0,0,0,0,0,0,0,0,0,0,0,0,0,0,0,0,0,0,0,0,0,4,2327.2743383188613,1595.4900083538612,1670.502586263833,701.5758242305001,13,-0.9659258262890684,-0.2588190451025208,0,0,1,8.179940411916666,3.145696257361111,7.894125589972222,7.717073466916666,19.473662514111112,19.27161853116667,19.87244296738889,19.995219474666666,166.040840057,200.4210866871111,92.09759563077776,89.73333983747223
B4,roll_01,mlr,2026-01-16 14:00:00+00:00,2026-01-16 15:00:00+00:00,0,1,2025-12-08T00:00:00+00:00,2026-01-12T00:00:00+00:00,2026-01-12T00:00:00+00:00,2026-01-19T00:00:00+00:00,573.8755752583612,1745.335761039109,-1171.460185780748,1,low,0,0.0,0,2,0,0,0,0,0,0,0,0,0,0,0,0,0,0,0,0,0,0,0,0,0,0,4,2475.2395324104723,701.5758242305001,1481.236402503917,1952.1323181944445,14,-0.8660254037844388,-0.4999999999999997,0,0,1,8.302941039805555,3.133072349583333,8.179940411916666,7.777161936083334,19.448341239055555,19.35677616725,19.473662514111112,18.998335135416667,27.528722678833333,82.43391365811111,166.040840057,15.6927846945
B4,roll_01,mlr,2026-01-16 15:00:00+00:00,2026-01-16 16:00:00+00:00,0,1,2025-12-08T00:00:00+00:00,2026-01-12T00:00:00+00:00,2026-01-12T00:00:00+00:00,2026-01-19T00:00:00+00:00,1748.7442167502777,1484.9324615154874,263.8117552347903,1,night,0,0.0,0,2,0,0,0,0,0,0,0,0,0,0,0,0,0,0,0,0,0,0,0,0,0,0,4,2099.886327037028,1952.1323181944445,885.3972389852223,573.8755752583612,15,-0.7071067811865479,-0.7071067811865471,0,0,1,8.416783751555556,2.6290986734444446,8.302941039805555,7.587229790388889,18.75333884008333,19.360987204416663,19.448341239055555,18.903532724861112,0.0,0.0,27.528722678833333,0.0
B4,roll_01,mlr,2026-01-16 16:00:00+00:00,2026-01-16 17:00:00+00:00,0,1,2025-12-08T00:00:00+00:00,2026-01-12T00:00:00+00:00,2026-01-12T00:00:00+00:00,2026-01-19T00:00:00+00:00,1779.3662909536945,1559.1316681144067,220.2346228392878,0,night,0,0.0,0,2,0,0,0,0,0,0,0,0,0,0,0,0,0,0,0,0,0,0,0,0,0,0,4,2043.670283908889,573.8755752583612,1797.5373261431112,1748.7442167502777,16,-0.5000000000000004,-0.8660254037844385,0,0,1,8.520774253777779,1.939139476805556,8.416783751555556,7.352740038694445,20.16664298611111,19.85295864,18.75333884008333,19.207566096138887,0.0,0.0,0.0,0.0
B4,roll_01,mlr,2026-01-16 17:00:00+00:00,2026-01-16 18:00:00+00:00,0,1,2025-12-08T00:00:00+00:00,2026-01-12T00:00:00+00:00,2026-01-12T00:00:00+00:00,2026-01-19T00:00:00+00:00,1926.1523590546667,1916.3048487155138,9.847510339152905,0,night,0,0.0,0,2,0,0,0,0,0,0,0,0,0,0,0,0,0,0,0,0,0,0,0,0,0,0,4,2019.3687657176667,1748.7442167502777,1346.1776368881667,1779.3662909536945,17,-0.2588190451025206,-0.9659258262890684,0,0,1,8.07320388525,1.217477908166667,8.520774253777779,7.210672752555555,19.575921534027778,19.835660268583336,20.16664298611111,19.75528769888889,0.0,0.0,0.0,0.0
B4,roll_01,mlr,2026-01-16 18:00:00+00:00,2026-01-16 19:00:00+00:00,0,1,2025-12-08T00:00:00+00:00,2026-01-12T00:00:00+00:00,2026-01-12T00:00:00+00:00,2026-01-19T00:00:00+00:00,3573.4096695315,1941.3251541998234,1632.0845153316768,0,night,0,0.0,0,2,0,0,0,0,0,0,0,0,0,0,0,0,0,0,0,0,0,0,0,0,0,0,4,1954.244045320861,1779.3662909536945,2386.9593965361114,1926.1523590546667,18,-1.8369701987210292e-16,-1.0,0,0,1,7.896998074444444,0.9289692113611112,8.07320388525,6.914773931666667,18.97882240377778,19.23678338988889,19.575921534027778,19.750921251194445,0.0,0.0,0.0,0.0
B4,roll_01,mlr,2026-01-16 19:00:00+00:00,2026-01-16 20:00:00+00:00,0,1,2025-12-08T00:00:00+00:00,2026-01-12T00:00:00+00:00,2026-01-12T00:00:00+00:00,2026-01-19T00:00:00+00:00,2754.500442691028,2515.4664258943517,239.0340167966765,0,night,0,0.0,0,2,0,0,0,0,0,0,0,0,0,0,0,0,0,0,0,0,0,0,0,0,0,0,4,2342.330235312528,1926.1523590546667,1666.5948316020276,3573.4096695315,19,0.2588190451025203,-0.9659258262890684,0,0,1,7.825703813444444,0.4092512743333333,7.896998074444444,6.321510255361112,18.995995310777776,19.81287825277778,18.97882240377778,19.999823462166667,0.0,0.0,0.0,0.0
B4,roll_01,mlr,2026-01-16 20:00:00+00:00,2026-01-16 21:00:00+00:00,0,1,2025-12-08T00:00:00+00:00,2026-01-12T00:00:00+00:00,2026-01-12T00:00:00+00:00,2026-01-19T00:00:00+00:00,2483.442940576528,2552.507776232348,-69.06483565581993,0,night,0,0.0,0,2,0,0,0,0,0,0,0,0,0,0,0,0,0,0,0,0,0,0,0,0,0,0,4,1013.7995625885,3573.4096695315,1076.4033323202225,2754.500442691028,20,0.5000000000000001,-0.8660254037844386,0,0,1,7.709597783944445,0.2515169523333333,7.825703813444444,6.225941869694444,18.76334915180556,19.45130526275,18.995995310777776,19.716939268694443,0.0,0.0,0.0,0.0
B4,roll_01,mlr,2026-01-16 21:00:00+00:00,2026-01-16 22:00:00+00:00,0,1,2025-12-08T00:00:00+00:00,2026-01-12T00:00:00+00:00,2026-01-12T00:00:00+00:00,2026-01-19T00:00:00+00:00,2471.681181403111,2189.9211134157867,281.7600679873244,0,night,0,0.0,0,2,0,0,0,0,0,0,0,0,0,0,0,0,0,0,0,0,0,0,0,0,0,0,4,725.7640030931667,2754.500442691028,1005.1173250451112,2483.442940576528,21,0.7071067811865474,-0.7071067811865477,0,0,1,7.793732041944445,0.3369316828611111,7.709597783944445,6.317871820055555,19.09072242922222,19.53672851780556,18.76334915180556,19.756443385166666,0.0,0.0,0.0,0.0
B4,roll_01,mlr,2026-01-16 22:00:00+00:00,2026-01-16 23:00:00+00:00,0,1,2025-12-08T00:00:00+00:00,2026-01-12T00:00:00+00:00,2026-01-12T00:00:00+00:00,2026-01-19T00:00:00+00:00,2428.759211638084,2057.565975631739,371.1932360063447,0,night,0,0.0,0,2,0,0,0,0,0,0,0,0,0,0,0,0,0,0,0,0,0,0,0,0,0,0,4,457.7714818046389,2483.442940576528,480.00597344519446,2471.681181403111,22,0.8660254037844384,-0.5000000000000004,0,0,1,7.769939707083334,-0.0993964285555555,7.793732041944445,6.12952082225,18.72444743175,19.54568773958333,19.09072242922222,19.991357907416667,0.0,0.0,0.0,0.0
B4,roll_01,mlr,2026-01-17 06:00:00+00:00,2026-01-17 07:00:00+00:00,0,1,2025-12-08T00:00:00+00:00,2026-01-12T00:00:00+00:00,2026-01-12T00:00:00+00:00,2026-01-19T00:00:00+00:00,2341.329542084556,2750.4720637863193,-409.14252170176314,0,night,0,0.0,0,2,0,0,0,0,0,0,0,0,0,0,0,0,0,0,0,0,0,0,0,0,0,0,5,1945.5007948983048,3319.657065773777,2477.7992105114445,2391.335260368139,6,6.123233995736766e-17,1.0,0,1,1,7.25766445075,-2.355004694305556,7.177631668333333,6.526934920555555,19.974863173472222,20.04035808886111,19.9944225565,19.989256890694445,0.0,0.0,0.0,0.0
B4,roll_01,mlr,2026-01-17 07:00:00+00:00,2026-01-17 08:00:00+00:00,0,1,2025-12-08T00:00:00+00:00,2026-01-12T00:00:00+00:00,2026-01-12T00:00:00+00:00,2026-01-19T00:00:00+00:00,2591.676535681584,2426.3578274330957,165.3187082484883,1,night,0,0.0,0,2,0,0,0,0,0,0,0,0,0,0,0,0,0,0,0,0,0,0,0,0,0,0,5,1939.5566896918056,2391.335260368139,2372.8508934692777,2341.329542084556,7,-0.2588190451025206,0.9659258262890684,0,1,1,7.383881055833334,-1.7362753571111111,7.25766445075,6.51837168525,19.685817555194443,19.88623256588889,19.974863173472222,19.50656841447222,0.0,0.0,0.0,0.0
B4,roll_01,mlr,2026-01-17 08:00:00+00:00,2026-01-17 09:00:00+00:00,0,1,2025-12-08T00:00:00+00:00,2026-01-12T00:00:00+00:00,2026-01-12T00:00:00+00:00,2026-01-19T00:00:00+00:00,876.2151453261389,2407.6192099459786,-1531.4040646198396,1,low,0,0.0,0,2,0,0,0,0,0,0,0,0,0,0,0,0,0,0,0,0,0,0,0,0,0,0,5,2127.9194307847497,2341.329542084556,1713.0605896702225,2591.676535681584,8,-0.4999999999999998,0.8660254037844387,0,1,1,8.121707604333332,-0.6168132006111111,7.383881055833334,6.70613304075,18.96465682683333,20.158948159944444,19.685817555194443,19.7554677515,28.95708092888889,164.63475525730556,0.0,219.2942974313056
B4,roll_01,mlr,2026-01-17 09:00:00+00:00,2026-01-17 10:00:00+00:00,0,1,2025-12-08T00:00:00+00:00,2026-01-12T00:00:00+00:00,2026-01-12T00:00:00+00:00,2026-01-19T00:00:00+00:00,1362.1403257086388,1730.4837264025095,-368.34340069387076,1,low,0,0.0,0,2,0,0,0,0,0,0,0,0,0,0,0,0,0,0,0,0,0,0,0,0,0,0,5,2000.1470279075832,2591.676535681584,1442.9932598915832,876.2151453261389,9,-0.7071067811865475,0.7071067811865476,0,1,1,8.751546623111112,0.3761252006388889,8.121707604333332,7.120510198722222,19.20686476825,19.84720943294444,18.96465682683333,19.877659039055555,108.89878298597222,219.52816927322223,28.95708092888889,397.3280925458334
B4,roll_01,mlr,2026-01-17 10:00:00+00:00,2026-01-17 11:00:00+00:00,0,1,2025-12-08T00:00:00+00:00,2026-01-12T00:00:00+00:00,2026-01-12T00:00:00+00:00,2026-01-19T00:00:00+00:00,851.023270576111,1348.7648436595791,-497.7415730834681,1,low,0,0.0,0,2,0,0,0,0,0,0,0,0,0,0,0,0,0,0,0,0,0,0,0,0,0,0,5,1770.5304107042775,876.2151453261389,1623.9131629396943,1362.1403257086388,10,-0.8660254037844387,0.4999999999999999,0,1,1,9.078067266305556,1.4439068936666668,8.751546623111112,7.606124750555556,19.716803649722223,20.237300741805555,19.20686476825,19.85123305425,221.86114629477777,551.1737871601666,108.89878298597222,176.83669021891663
B4,roll_01,mlr,2026-01-17 11:00:00+00:00,2026-01-17 12:00:00+00:00,0,1,2025-12-08T00:00:00+00:00,2026-01-12T00:00:00+00:00,2026-01-12T00:00:00+00:00,2026-01-19T00:00:00+00:00,375.1866214471667,1203.1109078854374,-827.9242864382707,1,low,0,0.0,0,2,0,0,0,0,0,0,0,0,0,0,0,0,0,0,0,0,0,0,0,0,0,0,5,2099.097986216222,1362.1403257086388,490.20504058097225,851.023270576111,11,-0.9659258262890682,0.258819045102521,0,1,1,9.67168500638889,2.9905849596666667,9.078067266305556,8.054131653722223,18.94777081475,20.504398869444447,19.716803649722223,19.50173812611111,186.94326531838888,858.4309824759999,221.86114629477777,96.41320922194444
B4,roll_01,mlr,2026-01-17 12:00:00+00:00,2026-01-17 13:00:00+00:00,0,1,2025-12-08T00:00:00+00:00,2026-01-12T00:00:00+00:00,2026-01-12T00:00:00+00:00,2026-01-19T00:00:00+00:00,1125.2122855051666,899.4520642365824,225.76022126858425,1,low,0,0.0,0,3,0,0,0,0,0,0,0,0,0,0,0,0,0,0,0,0,0,0,0,0,0,0,5,2066.14777083575,851.023270576111,1595.4900083538612,375.1866214471667,12,-1.0,1.2246467991473532e-16,0,1,1,10.057301476,4.761432523472222,9.67168500638889,7.894125589972222,18.284649789444444,20.939178619722224,18.94777081475,19.87244296738889,275.0773129497222,953.5674782859444,186.94326531838888,92.09759563077776
B4,roll_01,mlr,2026-01-17 13:00:00+00:00,2026-01-17 14:00:00+00:00,0,1,2025-12-08T00:00:00+00:00,2026-01-12T00:00:00+00:00,2026-01-12T00:00:00+00:00,2026-01-19T00:00:00+00:00,553.7227735364166,1178.787373872362,-625.0646003359453,1,low,0,0.0,0,3,0,0,0,0,0,0,0,0,0,0,0,0,0,0,0,0,0,0,0,0,0,0,5,1718.2276665944446,375.1866214471667,701.5758242305001,1125.2122855051666,13,-0.9659258262890684,-0.2588190451025208,0,1,1,10.579499319583332,5.844635727916667,10.057301476,8.179940411916666,18.457303344916667,20.52605448430556,18.284649789444444,19.473662514111112,287.2499787669167,601.0615747215555,275.0773129497222,166.040840057
B4,roll_01,mlr,2026-01-17 14:00:00+00:00,2026-01-17 15:00:00+00:00,0,1,2025-12-08T00:00:00+00:00,2026-01-12T00:00:00+00:00,2026-01-12T00:00:00+00:00,2026-01-19T00:00:00+00:00,893.3163181295832,1457.455936155388,-564.1396180258047,1,low,0,0.0,0,3,0,0,0,0,0,0,0,0,0,0,0,0,0,0,0,0,0,0,0,0,0,0,5,2298.0285432916944,1125.2122855051666,1952.1323181944445,553.7227735364166,14,-0.8660254037844388,-0.4999999999999997,0,1,1,10.797755711305555,5.697731851527777,10.579499319583332,8.302941039805555,18.117300213361112,20.007741751833333,18.457303344916667,19.448341239055555,116.70239646572225,152.53398881961112,287.2499787669167,27.528722678833333
B4,roll_01,mlr,2026-01-17 15:00:00+00:00,2026-01-17 16:00:00+00:00,0,1,2025-12-08T00:00:00+00:00,2026-01-12T00:00:00+00:00,2026-01-12T00:00:00+00:00,2026-01-19T00:00:00+00:00,1082.6851535658332,1324.5006405932395,-241.81548702740633,1,night,0,0.0,0,3,0,0,0,0,0,0,0,0,0,0,0,0,0,0,0,0,0,0,0,0,0,0,5,2539.5653047919445,553.7227735364166,573.8755752583612,893.3163181295832,15,-0.7071067811865479,-0.7071067811865471,0,1,1,10.387558755972222,4.503772726749999,10.797755711305555,8.416783751555556,17.90237331016667,19.09460057861111,18.117300213361112,18.75333884008333,0.0,0.0,116.70239646572225,0.0
B4,roll_01,mlr,2026-01-17 16:00:00+00:00,2026-01-17 17:00:00+00:00,0,1,2025-12-08T00:00:00+00:00,2026-01-12T00:00:00+00:00,2026-01-12T00:00:00+00:00,2026-01-19T00:00:00+00:00,1215.7402370096668,1502.6803425814583,-286.9401055717915,0,night,0,0.0,0,2,0,0,0,0,0,0,0,0,0,0,0,0,0,0,0,0,0,0,0,0,0,0,5,1708.9707138076667,893.3163181295832,1748.7442167502777,1082.6851535658332,16,-0.5000000000000004,-0.8660254037844385,0,1,1,9.67754631263889,3.638796201333333,10.387558755972222,8.520774253777779,17.86029653872222,18.63007526722222,17.90237331016667,20.16664298611111,0.0,0.0,0.0,0.0
B4,roll_01,mlr,2026-01-17 17:00:00+00:00,2026-01-17 18:00:00+00:00,0,1,2025-12-08T00:00:00+00:00,2026-01-12T00:00:00+00:00,2026-01-12T00:00:00+00:00,2026-01-19T00:00:00+00:00,1466.154889960333,1526.487233002059,-60.332343041725835,0,night,0,0.0,0,2,0,0,0,0,0,0,0,0,0,0,0,0,0,0,0,0,0,0,0,0,0,0,5,3623.9131346842223,1082.6851535658332,1779.3662909536945,1215.7402370096668,17,-0.2588190451025206,-0.9659258262890684,0,1,1,9.022818305222222,2.979079319472222,9.67754631263889,8.07320388525,17.726130486833334,19.11787354247222,17.86029653872222,19.575921534027778,0.0,0.0,0.0,0.0
B4,roll_01,mlr,2026-01-17 18:00:00+00:00,2026-01-17 19:00:00+00:00,0,1,2025-12-08T00:00:00+00:00,2026-01-12T00:00:00+00:00,2026-01-12T00:00:00+00:00,2026-01-19T00:00:00+00:00,1078.6994199493888,1646.8548063444882,-568.1553863950994,0,night,0,0.0,0,2,0,0,0,0,0,0,0,0,0,0,0,0,0,0,0,0,0,0,0,0,0,0,5,1101.2175339098333,1215.7402370096668,1926.1523590546667,1466.154889960333,18,-1.8369701987210292e-16,-1.0,0,1,1,8.533988555638889,3.879818203,9.022818305222222,7.896998074444444,18.27429377288889,18.767971734222225,17.726130486833334,18.97882240377778,0.0,0.0,0.0,0.0
B4,roll_01,mlr,2026-01-17 19:00:00+00:00,2026-01-17 20:00:00+00:00,0,1,2025-12-08T00:00:00+00:00,2026-01-12T00:00:00+00:00,2026-01-12T00:00:00+00:00,2026-01-19T00:00:00+00:00,1284.7492482649168,1698.98546104747,-414.23621278255314,0,night,0,0.0,0,2,0,0,0,0,0,0,0,0,0,0,0,0,0,0,0,0,0,0,0,0,0,0,5,1849.9723726721668,1466.154889960333,3573.4096695315,1078.6994199493888,19,0.2588190451025203,-0.9659258262890684,0,1,1,8.775346688416667,5.4740829125833335,8.533988555638889,7.825703813444444,17.871975217472222,19.448734104222225,18.27429377288889,18.995995310777776,0.0,0.0,0.0,0.0
B4,roll_01,mlr,2026-01-17 20:00:00+00:00,2026-01-17 21:00:00+00:00,0,1,2025-12-08T00:00:00+00:00,2026-01-12T00:00:00+00:00,2026-01-12T00:00:00+00:00,2026-01-19T00:00:00+00:00,851.6801286406111,1611.2107313171214,-759.5306026765103,0,night,0,0.0,0,2,0,0,0,0,0,0,0,0,0,0,0,0,0,0,0,0,0,0,0,0,0,0,5,1455.1370739963888,1078.6994199493888,2754.500442691028,1284.7492482649168,20,0.5000000000000001,-0.8660254037844386,0,1,1,8.43526500263889,5.637012191416667,8.775346688416667,7.709597783944445,17.86802317861111,19.494996267166663,17.871975217472222,18.76334915180556,0.0,0.0,0.0,0.0
B4,roll_01,mlr,2026-01-17 21:00:00+00:00,2026-01-17 22:00:00+00:00,0,1,2025-12-08T00:00:00+00:00,2026-01-12T00:00:00+00:00,2026-01-12T00:00:00+00:00,2026-01-19T00:00:00+00:00,661.5588102037779,1447.9604058650607,-786.4015956612828,0,night,0,0.0,0,2,0,0,0,0,0,0,0,0,0,0,0,0,0,0,0,0,0,0,0,0,0,0,5,775.8096372270278,1284.7492482649168,2483.442940576528,851.6801286406111,21,0.7071067811865474,-0.7071067811865477,0,1,1,8.414438040527779,5.611597496861111,8.43526500263889,7.793732041944445,18.094013431972225,19.394528670722224,17.86802317861111,19.09072242922222,0.0,0.0,0.0,0.0
B4,roll_01,mlr,2026-01-17 22:00:00+00:00,2026-01-17 23:00:00+00:00,0,1,2025-12-08T00:00:00+00:00,2026-01-12T00:00:00+00:00,2026-01-12T00:00:00+00:00,2026-01-19T00:00:00+00:00,356.0791067192222,1227.2035797190165,-871.1244729997943,0,night,0,0.0,0,2,0,0,0,0,0,0,0,0,0,0,0,0,0,0,0,0,0,0,0,0,0,0,5,609.0600654670277,851.6801286406111,2471.681181403111,661.5588102037779,22,0.8660254037844384,-0.5000000000000004,0,1,1,8.306586765694446,5.645945834,8.414438040527779,7.769939707083334,18.379163208138888,19.664133929416668,18.094013431972225,18.72444743175,0.0,0.0,0.0,0.0
B4,roll_01,mlr,2026-01-18 02:00:00+00:00,2026-01-18 03:00:00+00:00,0,1,2025-12-08T00:00:00+00:00,2026-01-12T00:00:00+00:00,2026-01-12T00:00:00+00:00,2026-01-19T00:00:00+00:00,366.92154284288887,1693.6422651475636,-1326.7207223046748,0,night,0,0.0,0,2,0,0,0,0,0,0,0,0,0,0,0,0,0,0,0,0,0,0,0,0,0,0,6,401.84106967408337,386.80348134525,2397.090425719361,363.9506782922222,2,0.8660254037844387,0.4999999999999999,0,1,1,7.295793718,3.631823816972222,7.88579561025,7.356306431222222,18.505587359111114,20.26443000358333,18.516888744472222,19.223714178972223,0.0,0.0,0.0,0.0
B4,roll_01,mlr,2026-01-18 03:00:00+00:00,2026-01-18 04:00:00+00:00,0,1,2025-12-08T00:00:00+00:00,2026-01-12T00:00:00+00:00,2026-01-12T00:00:00+00:00,2026-01-19T00:00:00+00:00,919.6470143296112,1588.1077464713467,-668.4607321417354,0,night,0,0.0,0,2,0,0,0,0,0,0,0,0,0,0,0,0,0,0,0,0,0,0,0,0,0,0,6,367.7446838216111,363.9506782922222,2408.5668939863613,366.92154284288887,3,0.7071067811865476,0.7071067811865476,0,1,1,7.380389324388889,3.390917739777777,7.295793718,7.399717572,18.40949500677777,20.13319601611111,18.505587359111114,19.45567031075,0.0,0.0,0.0,0.0
B4,roll_01,mlr,2026-01-18 04:00:00+00:00,2026-01-18 05:00:00+00:00,0,1,2025-12-08T00:00:00+00:00,2026-01-12T00:00:00+00:00,2026-01-12T00:00:00+00:00,2026-01-19T00:00:00+00:00,1696.4327096815832,1725.310970442696,-28.87826076111287,0,night,0,0.0,0,2,0,0,0,0,0,0,0,0,0,0,0,0,0,0,0,0,0,0,0,0,0,0,6,963.4637856096666,366.92154284288887,2987.1550890425,919.6470143296112,4,0.5000000000000001,0.8660254037844386,0,1,1,7.759706802277777,2.6941748748611114,7.380389324388889,7.292532967416666,18.565049183638887,20.51800392588889,18.40949500677777,19.50167555113889,0.0,0.0,0.0,0.0
B4,roll_01,mlr,2026-01-18 05:00:00+00:00,2026-01-18 06:00:00+00:00,0,1,2025-12-08T00:00:00+00:00,2026-01-12T00:00:00+00:00,2026-01-12T00:00:00+00:00,2026-01-19T00:00:00+00:00,1787.8514459331388,2089.8288326174825,-301.9773866843436,0,night,0,0.0,0,2,0,0,0,0,0,0,0,0,0,0,0,0,0,0,0,0,0,0,0,0,0,0,6,1813.34006411675,919.6470143296112,3319.657065773777,1696.4327096815832,5,0.2588190451025207,0.9659258262890684,0,1,1,7.824388876305555,1.6470115683055555,7.759706802277777,7.177631668333333,19.000532856916667,20.618104810138888,18.565049183638887,19.9944225565,0.0,0.0,0.0,0.0
B4,roll_01,mlr,2026-01-18 06:00:00+00:00,2026-01-18 07:00:00+00:00,0,1,2025-12-08T00:00:00+00:00,2026-01-12T00:00:00+00:00,2026-01-12T00:00:00+00:00,2026-01-19T00:00:00+00:00,2221.478881947944,2197.4150023716315,24.0638795763125,0,night,0,0.0,0,2,0,0,0,0,0,0,0,0,0,0,0,0,0,0,0,0,0,0,0,0,0,0,6,1868.444830851611,1696.4327096815832,2391.335260368139,1787.8514459331388,6,6.123233995736766e-17,1.0,0,1,1,7.870841315861111,0.7204048023333334,7.824388876305555,7.25766445075,19.028892910777778,20.52741439736111,19.000532856916667,19.974863173472222,0.0,0.0,0.0,0.0
B4,roll_01,mlr,2026-01-18 07:00:00+00:00,2026-01-18 08:00:00+00:00,0,1,2025-12-08T00:00:00+00:00,2026-01-12T00:00:00+00:00,2026-01-12T00:00:00+00:00,2026-01-19T00:00:00+00:00,1747.753539249222,2225.7112297559747,-477.95769050675267,1,night,0,0.0,0,2,0,0,0,0,0,0,0,0,0,0,0,0,0,0,0,0,0,0,0,0,0,0,6,1998.770939867861,1787.8514459331388,2341.329542084556,2221.478881947944,7,-0.2588190451025206,0.9659258262890684,0,1,1,7.883857542694444,0.4501258596944444,7.870841315861111,7.383881055833334,22.49837394541667,20.162841653277777,19.028892910777778,19.685817555194443,0.0,0.0,0.0,0.0
B4,roll_01,mlr,2026-01-18 08:00:00+00:00,2026-01-18 09:00:00+00:00,0,1,2025-12-08T00:00:00+00:00,2026-01-12T00:00:00+00:00,2026-01-12T00:00:00+00:00,2026-01-19T00:00:00+00:00,1199.014191615,2122.2661270702447,-923.2519354552446,1,low,0,0.0,0,2,0,0,0,0,0,0,0,0,0,0,0,0,0,0,0,0,0,0,0,0,0,0,6,1620.6764299421666,2221.478881947944,2591.676535681584,1747.753539249222,8,-0.4999999999999998,0.8660254037844387,0,1,1,8.262126455694444,2.21591780575,7.883857542694444,8.121707604333332,17.670436918444445,20.805254606944445,22.49837394541667,18.96465682683333,34.30441932991666,716.8608431172778,0.0,28.95708092888889
B4,roll_01,mlr,2026-01-18 09:00:00+00:00,2026-01-18 10:00:00+00:00,0,1,2025-12-08T00:00:00+00:00,2026-01-12T00:00:00+00:00,2026-01-12T00:00:00+00:00,2026-01-19T00:00:00+00:00,2696.399735123361,1460.9526191312943,1235.4471159920668,1,low,0,0.0,0,2,0,0,0,0,0,0,0,0,0,0,0,0,0,0,0,0,0,0,0,0,0,0,6,1464.1872420950556,1747.753539249222,876.2151453261389,1199.014191615,9,-0.7071067811865475,0.7071067811865476,0,1,1,8.695682546194444,5.479905556944444,8.262126455694444,8.751546623111112,17.60044165513889,21.66706498425,17.670436918444445,19.20686476825,89.21282883222221,1113.9215353886943,34.30441932991666,108.89878298597222
B4,roll_01,mlr,2026-01-18 10:00:00+00:00,2026-01-18 11:00:00+00:00,0,1,2025-12-08T00:00:00+00:00,2026-01-12T00:00:00+00:00,2026-01-12T00:00:00+00:00,2026-01-19T00:00:00+00:00,908.328997025861,1823.5379149100986,-915.2089178842376,1,low,0,0.0,0,2,0,0,0,0,0,0,0,0,0,0,0,0,0,0,0,0,0,0,0,0,0,0,6,474.102661966639,1199.014191615,1362.1403257086388,2696.399735123361,10,-0.8660254037844387,0.4999999999999999,0,1,1,9.452506697638889,8.399686105833334,8.695682546194444,9.078067266305556,17.917450888777775,20.90244102377778,17.60044165513889,19.716803649722223,152.0663147546389,1445.3827412131943,89.21282883222221,221.86114629477777
B4,roll_01,mlr,2026-01-18 11:00:00+00:00,2026-01-18 12:00:00+00:00,0,1,2025-12-08T00:00:00+00:00,2026-01-12T00:00:00+00:00,2026-01-12T00:00:00+00:00,2026-01-19T00:00:00+00:00,1081.863576312389,1488.3904125702575,-406.5268362578686,1,low,0,0.0,0,2,0,0,0,0,0,0,0,0,0,0,0,0,0,0,0,0,0,0,0,0,0,0,6,924.8024321908888,2696.399735123361,851.023270576111,908.328997025861,11,-0.9659258262890682,0.258819045102521,0,1,1,9.93934049188889,10.56430204613889,9.452506697638889,9.67168500638889,17.975845256166668,21.703601752222223,17.917450888777775,18.94777081475,291.1969854105833,1576.5715724575275,152.0663147546389,186.94326531838888
B4,roll_01,mlr,2026-01-18 12:00:00+00:00,2026-01-18 13:00:00+00:00,0,1,2025-12-08T00:00:00+00:00,2026-01-12T00:00:00+00:00,2026-01-12T00:00:00+00:00,2026-01-19T00:00:00+00:00,2173.5554944418054,1155.669039300235,1017.8864551415704,1,low,0,0.0,0,3,0,0,0,0,0,0,0,0,0,0,0,0,0,0,0,0,0,0,0,0,0,0,6,-377.0683961764167,908.328997025861,375.1866214471667,1081.863576312389,12,-1.0,1.2246467991473532e-16,0,1,1,10.88034856138889,11.13957339347222,9.93934049188889,10.057301476,18.150378169,21.560308488194448,17.975845256166668,18.284649789444444,279.95511428333333,1523.783426588417,291.1969854105833,275.0773129497222
B4,roll_01,mlr,2026-01-18 13:00:00+00:00,2026-01-18 14:00:00+00:00,0,1,2025-12-08T00:00:00+00:00,2026-01-12T00:00:00+00:00,2026-01-12T00:00:00+00:00,2026-01-19T00:00:00+00:00,1035.234056645167,1828.0892129100152,-792.8551562648483,1,low,0,0.0,0,3,0,0,0,0,0,0,0,0,0,0,0,0,0,0,0,0,0,0,0,0,0,0,6,-533.3608326616389,1081.863576312389,1125.2122855051666,2173.5554944418054,13,-0.9659258262890684,-0.2588190451025208,0,1,1,11.194744100638887,11.51705910513889,10.88034856138889,10.579499319583332,17.605212465694446,20.96788498608333,18.150378169,18.457303344916667,211.40559060327777,1288.0403277888888,279.95511428333333,287.2499787669167
B4,roll_01,mlr,2026-01-18 14:00:00+00:00,2026-01-18 15:00:00+00:00,0,1,2025-12-08T00:00:00+00:00,2026-01-12T00:00:00+00:00,2026-01-12T00:00:00+00:00,2026-01-19T00:00:00+00:00,982.0105920020555,1867.1702539620069,-885.1596619599513,1,low,0,0.0,0,3,0,0,0,0,0,0,0,0,0,0,0,0,0,0,0,0,0,0,0,0,0,0,6,1619.3522628639723,2173.5554944418054,553.7227735364166,1035.234056645167,14,-0.8660254037844388,-0.4999999999999997,0,1,1,10.792807296472224,12.787921283277775,11.194744100638887,10.797755711305555,17.720296622972224,20.60916648908333,17.605212465694446,18.117300213361112,51.70543011708333,780.1935005056666,211.40559060327777,116.70239646572225
B4,roll_01,mlr,2026-01-18 15:00:00+00:00,2026-01-18 16:00:00+00:00,0,1,2025-12-08T00:00:00+00:00,2026-01-12T00:00:00+00:00,2026-01-12T00:00:00+00:00,2026-01-19T00:00:00+00:00,939.633989883972,1731.3384293637064,-791.7044394797343,1,night,0,0.0,0,3,0,0,0,0,0,0,0,0,0,0,0,0,0,0,0,0,0,0,0,0,0,0,6,867.3860450609445,1035.234056645167,893.3163181295832,982.0105920020555,15,-0.7071067811865479,-0.7071067811865471,0,1,1,10.09873856363889,11.008737726416667,10.792807296472224,10.387558755972222,17.65813682397222,19.72462692113889,17.720296622972224,17.90237331016667,0.0,55.60070419424999,51.70543011708333,0.0
B4,roll_01,mlr,2026-01-18 16:00:00+00:00,2026-01-18 17:00:00+00:00,0,1,2025-12-08T00:00:00+00:00,2026-01-12T00:00:00+00:00,2026-01-12T00:00:00+00:00,2026-01-19T00:00:00+00:00,1984.2611124879447,1535.894759361251,448.36635312669364,0,night,0,0.0,0,2,0,0,0,0,0,0,0,0,0,0,0,0,0,0,0,0,0,0,0,0,0,0,6,1129.351029028639,982.0105920020555,1082.6851535658332,939.633989883972,16,-0.5000000000000004,-0.8660254037844385,0,1,1,9.486147199944446,7.34603673525,10.09873856363889,9.67754631263889,17.723917226694443,19.47766912930556,17.65813682397222,17.86029653872222,0.0,0.0,0.0,0.0
B4,roll_01,mlr,2026-01-18 17:00:00+00:00,2026-01-18 18:00:00+00:00,0,1,2025-12-08T00:00:00+00:00,2026-01-12T00:00:00+00:00,2026-01-12T00:00:00+00:00,2026-01-19T00:00:00+00:00,1779.6982078336666,1796.8136007465728,-17.115392912906145,0,night,0,0.0,0,2,0,0,0,0,0,0,0,0,0,0,0,0,0,0,0,0,0,0,0,0,0,0,6,1683.5612400863336,939.633989883972,1215.7402370096668,1984.2611124879447,17,-0.2588190451025206,-0.9659258262890684,0,1,1,8.932912868583333,5.409180986416668,9.486147199944446,9.022818305222222,17.788532314805554,19.04478443258333,17.723917226694443,17.726130486833334,0.0,0.0,0.0,0.0
B4,roll_01,mlr,2026-01-18 18:00:00+00:00,2026-01-18 19:00:00+00:00,0,1,2025-12-08T00:00:00+00:00,2026-01-12T00:00:00+00:00,2026-01-12T00:00:00+00:00,2026-01-19T00:00:00+00:00,1945.2175917344168,1920.114631190013,25.102960544403913,0,night,0,0.0,0,2,0,0,0,0,0,0,0,0,0,0,0,0,0,0,0,0,0,0,0,0,0,0,6,2735.553599037861,1984.2611124879447,1466.154889960333,1779.6982078336666,18,-1.8369701987210292e-16,-1.0,0,1,1,8.383298441722223,3.7358169538333335,8.932912868583333,8.533988555638889,17.752887094805555,19.200060977555555,17.788532314805554,18.27429377288889,0.0,0.0,0.0,0.0
B4,roll_01,mlr,2026-01-18 19:00:00+00:00,2026-01-18 20:00:00+00:00,0,1,2025-12-08T00:00:00+00:00,2026-01-12T00:00:00+00:00,2026-01-12T00:00:00+00:00,2026-01-19T00:00:00+00:00,817.2623687095833,1874.4893040533925,-1057.2269353438091,0,night,0,0.0,0,2,0,0,0,0,0,0,0,0,0,0,0,0,0,0,0,0,0,0,0,0,0,0,6,2033.9936153407496,1779.6982078336666,1078.6994199493888,1945.2175917344168,19,0.2588190451025203,-0.9659258262890684,0,1,1,8.063546007666666,3.0572774616666667,8.383298441722223,8.775346688416667,17.598374748583336,19.296515411055555,17.752887094805555,17.871975217472222,0.0,0.0,0.0,0.0
B4,roll_01,mlr,2026-01-18 20:00:00+00:00,2026-01-18 21:00:00+00:00,0,1,2025-12-08T00:00:00+00:00,2026-01-12T00:00:00+00:00,2026-01-12T00:00:00+00:00,2026-01-19T00:00:00+00:00,1022.3695540110556,1400.0254206324475,-377.65586662139197,0,night,0,0.0,0,2,0,0,0,0,0,0,0,0,0,0,0,0,0,0,0,0,0,0,0,0,0,0,6,1245.8312970156112,1945.2175917344168,1284.7492482649168,817.2623687095833,20,0.5000000000000001,-0.8660254037844386,0,1,1,7.955256959805555,2.1335418446944443,8.063546007666666,8.43526500263889,18.132431494416668,19.16815963236112,17.598374748583336,17.86802317861111,0.0,0.0,0.0,0.0
B4,roll_01,mlr,2026-01-18 21:00:00+00:00,2026-01-18 22:00:00+00:00,0,1,2025-12-08T00:00:00+00:00,2026-01-12T00:00:00+00:00,2026-01-12T00:00:00+00:00,2026-01-19T00:00:00+00:00,579.8006035581112,1128.1526820027907,-548.3520784446795,0,night,0,0.0,0,2,0,0,0,0,0,0,0,0,0,0,0,0,0,0,0,0,0,0,0,0,0,0,6,2829.186617279833,817.2623687095833,851.6801286406111,1022.3695540110556,21,0.7071067811865474,-0.7071067811865477,0,1,1,7.917760795055556,1.5935824046944445,7.955256959805555,8.414438040527779,18.226290338722222,19.45402064038889,18.132431494416668,18.094013431972225,0.0,0.0,0.0,0.0
