dataset_id,split_id,model_name,ts_utc,ts_target_utc,is_train_split,is_test_split,train_start_utc,train_end_utc,test_start_utc,test_end_utc,y_true_t_plus_1,yhat_t_plus_1,residual_t_plus_1,is_daylight,pv_regime,pool_on,pool_on_lag_1h,pool_switch,temp_bin,flag_grid_exporting,imputed_any,imputed_count,gaplen_demand_h,gaplen_pv_h,gaplen_pool_h,gaplen_temp_h,pv_imputed_interp,pv_imputed_ffill_night_ok,pv_imputed_fallback_zero,pv_imputed_any,flag_demand_imputed,flag_pv_imputed,flag_pool_imputed,flag_temp_imputed,flag_demand_imputed_new,flag_pv_imputed_new,flag_pool_imputed_new,flag_temp_imputed_new,demand_imputed_any,pool_imputed_any,temp_imputed_any,day_of_week,demand_lag_168h,demand_lag_1h,demand_lag_24h,demand_w,hour,hour_cos,hour_sin,is_holiday_it,is_weekend,month
B2,roll_04,rf,2026-02-01 23:00:00+00:00,2026-02-02 00:00:00+00:00,0,1,2025-12-08T00:00:00+00:00,2026-02-02T00:00:00+00:00,2026-02-02T00:00:00+00:00,2026-02-09T00:00:00+00:00,543.2085049798055,809.0264489795652,-265.8179439997597,0,night,0,0.0,0,1,0,0,0,0,0,0,0,0,0,0,0,0,0,0,0,0,0,0,0,0,0,0,6,401.8299940770556,1463.8755507140277,565.2245665261389,976.5316384429444,23,0.965925826289068,-0.2588190451025215,0,1,2
B2,roll_04,rf,2026-02-02 00:00:00+00:00,2026-02-02 01:00:00+00:00,0,1,2025-12-08T00:00:00+00:00,2026-02-02T00:00:00+00:00,2026-02-02T00:00:00+00:00,2026-02-09T00:00:00+00:00,555.9650401257778,547.5468728179414,8.41816730783637,0,night,0,0.0,0,1,0,0,0,0,0,0,0,0,0,0,0,0,0,0,0,0,0,0,0,0,0,0,0,369.4281183008611,976.5316384429444,564.1097782727777,543.2085049798055,0,1.0,0.0,0,0,2
B2,roll_04,rf,2026-02-02 01:00:00+00:00,2026-02-02 02:00:00+00:00,0,1,2025-12-08T00:00:00+00:00,2026-02-02T00:00:00+00:00,2026-02-02T00:00:00+00:00,2026-02-09T00:00:00+00:00,559.2648734329445,521.2248399031581,38.04003352978634,0,night,0,0.0,0,1,0,1,1,0,4,0,0,0,1,0,1,0,1,0,0,0,1,0,0,0,0,0,0,418.7639288361667,543.2085049798055,533.409867254,555.9650401257778,1,0.9659258262890684,0.2588190451025207,0,0,2
B2,roll_04,rf,2026-02-02 02:00:00+00:00,2026-02-02 03:00:00+00:00,0,1,2025-12-08T00:00:00+00:00,2026-02-02T00:00:00+00:00,2026-02-02T00:00:00+00:00,2026-02-09T00:00:00+00:00,543.3187399811248,521.9297617459401,21.38897823518471,0,night,0,0.0,0,1,0,1,1,0,4,0,0,0,1,0,1,0,1,0,0,0,1,0,0,0,0,0,0,391.5396551361389,555.9650401257778,562.5751383565,559.2648734329445,2,0.8660254037844387,0.4999999999999999,0,0,2
B2,roll_04,rf,2026-02-02 03:00:00+00:00,2026-02-02 04:00:00+00:00,0,1,2025-12-08T00:00:00+00:00,2026-02-02T00:00:00+00:00,2026-02-02T00:00:00+00:00,2026-02-09T00:00:00+00:00,1132.2936000000002,919.2169980013631,213.0766019986371,0,night,0,0.0,0,1,0,1,1,0,4,0,0,0,1,0,1,0,1,0,0,0,1,0,0,0,0,0,0,371.4401780996666,559.2648734329445,534.4757679513611,543.3187399811248,3,0.7071067811865476,0.7071067811865476,0,0,2
B2,roll_04,rf,2026-02-02 04:00:00+00:00,2026-02-02 05:00:00+00:00,0,1,2025-12-08T00:00:00+00:00,2026-02-02T00:00:00+00:00,2026-02-02T00:00:00+00:00,2026-02-09T00:00:00+00:00,1968.2842857142853,1651.962956007508,316.3213297067773,0,night,0,0.0,0,1,0,1,1,0,4,0,0,0,1,0,1,0,1,0,0,0,1,0,0,0,0,0,0,1028.218939733639,543.3187399811248,559.3680544099722,1132.2936000000002,4,0.5000000000000001,0.8660254037844386,0,0,2
B2,roll_04,rf,2026-02-02 05:00:00+00:00,2026-02-02 06:00:00+00:00,0,1,2025-12-08T00:00:00+00:00,2026-02-02T00:00:00+00:00,2026-02-02T00:00:00+00:00,2026-02-09T00:00:00+00:00,2066.43476702509,1974.6004974306727,91.83426959441726,0,night,0,0.0,0,1,0,0,0,0,0,0,0,0,0,0,0,0,0,0,0,0,0,0,0,0,0,0,0,2114.055589798917,1132.2936000000002,555.9197919330833,1968.2842857142853,5,0.2588190451025207,0.9659258262890684,0,0,2
B2,roll_04,rf,2026-02-02 06:00:00+00:00,2026-02-02 07:00:00+00:00,0,1,2025-12-08T00:00:00+00:00,2026-02-02T00:00:00+00:00,2026-02-02T00:00:00+00:00,2026-02-09T00:00:00+00:00,1906.8957894736843,1714.6900079932195,192.2057814804648,0,night,0,0.0,0,1,0,0,0,0,0,0,0,0,0,0,0,0,0,0,0,0,0,0,0,0,0,0,0,2600.770309974528,1968.2842857142853,1160.5435193141388,2066.43476702509,6,6.123233995736766e-17,1.0,0,0,2
B2,roll_04,rf,2026-02-02 07:00:00+00:00,2026-02-02 08:00:00+00:00,0,1,2025-12-08T00:00:00+00:00,2026-02-02T00:00:00+00:00,2026-02-02T00:00:00+00:00,2026-02-09T00:00:00+00:00,1804.416,1676.6453851443498,127.77061485565014,1,low,0,0.0,0,1,0,0,0,0,0,0,0,0,0,0,0,0,0,0,0,0,0,0,0,0,0,0,0,2010.6085535996945,2066.43476702509,691.6709654138334,1906.8957894736843,7,-0.2588190451025206,0.9659258262890684,0,0,2
B2,roll_04,rf,2026-02-02 08:00:00+00:00,2026-02-02 09:00:00+00:00,0,1,2025-12-08T00:00:00+00:00,2026-02-02T00:00:00+00:00,2026-02-02T00:00:00+00:00,2026-02-09T00:00:00+00:00,1845.520588235294,1663.057074537282,182.4635136980121,1,low,0,0.0,0,2,0,0,0,0,0,0,0,0,0,0,0,0,0,0,0,0,0,0,0,0,0,0,0,1665.4681254328334,1906.8957894736843,1089.2109433604444,1804.416,8,-0.4999999999999998,0.8660254037844387,0,0,2
B2,roll_04,rf,2026-02-02 09:00:00+00:00,2026-02-02 10:00:00+00:00,0,1,2025-12-08T00:00:00+00:00,2026-02-02T00:00:00+00:00,2026-02-02T00:00:00+00:00,2026-02-09T00:00:00+00:00,1895.989453125,1740.5392709512278,155.4501821737722,1,low,0,0.0,0,2,0,0,0,0,0,0,0,0,0,0,0,0,0,0,0,0,0,0,0,0,0,0,0,1007.3270680508888,1804.416,303.2054646118889,1845.520588235294,9,-0.7071067811865475,0.7071067811865476,0,0,2
B2,roll_04,rf,2026-02-02 10:00:00+00:00,2026-02-02 11:00:00+00:00,0,1,2025-12-08T00:00:00+00:00,2026-02-02T00:00:00+00:00,2026-02-02T00:00:00+00:00,2026-02-09T00:00:00+00:00,1458.9305555555557,1836.4892650232139,-377.5587094676582,1,low,0,0.0,0,2,0,0,0,0,0,0,0,0,0,0,0,0,0,0,0,0,0,0,0,0,0,0,0,-569.4865977234444,1845.520588235294,306.5586802728889,1895.989453125,10,-0.8660254037844387,0.4999999999999999,0,0,2
B2,roll_04,rf,2026-02-02 11:00:00+00:00,2026-02-02 12:00:00+00:00,0,1,2025-12-08T00:00:00+00:00,2026-02-02T00:00:00+00:00,2026-02-02T00:00:00+00:00,2026-02-09T00:00:00+00:00,994.9530726256984,1245.2840389596086,-250.33096633391017,1,low,0,0.0,0,2,0,0,0,0,0,0,0,0,0,0,0,0,0,0,0,0,0,0,0,0,0,0,0,-741.4332030484165,1895.989453125,298.92543760088887,1458.9305555555557,11,-0.9659258262890682,0.258819045102521,0,0,2
B2,roll_04,rf,2026-02-02 12:00:00+00:00,2026-02-02 13:00:00+00:00,0,1,2025-12-08T00:00:00+00:00,2026-02-02T00:00:00+00:00,2026-02-02T00:00:00+00:00,2026-02-09T00:00:00+00:00,891.7146341463415,996.1919424385374,-104.47730829219586,1,low,0,0.0,0,2,0,0,0,0,0,0,0,0,0,0,0,0,0,0,0,0,0,0,0,0,0,0,0,-1079.799870834083,1458.9305555555557,73.55411946638888,994.9530726256984,12,-1.0,1.2246467991473532e-16,0,0,2
B2,roll_04,rf,2026-02-02 13:00:00+00:00,2026-02-02 14:00:00+00:00,0,1,2025-12-08T00:00:00+00:00,2026-02-02T00:00:00+00:00,2026-02-02T00:00:00+00:00,2026-02-09T00:00:00+00:00,747.8884726224784,1118.9181785622188,-371.02970593974044,1,low,0,0.0,0,2,0,0,0,0,0,0,0,0,0,0,0,0,0,0,0,0,0,0,0,0,0,0,0,94.50215176250003,994.9530726256984,151.58054217927778,891.7146341463415,13,-0.9659258262890684,-0.2588190451025208,0,0,2
B2,roll_04,rf,2026-02-02 14:00:00+00:00,2026-02-02 15:00:00+00:00,0,1,2025-12-08T00:00:00+00:00,2026-02-02T00:00:00+00:00,2026-02-02T00:00:00+00:00,2026-02-09T00:00:00+00:00,1131.010752688172,1148.3204026647554,-17.309649976583387,1,low,0,0.0,0,2,0,0,0,0,0,0,0,0,0,0,0,0,0,0,0,0,0,0,0,0,0,0,0,-184.2188756273056,891.7146341463415,1336.6438164391946,747.8884726224784,14,-0.8660254037844388,-0.4999999999999997,0,0,2
B2,roll_04,rf,2026-02-02 15:00:00+00:00,2026-02-02 16:00:00+00:00,0,1,2025-12-08T00:00:00+00:00,2026-02-02T00:00:00+00:00,2026-02-02T00:00:00+00:00,2026-02-09T00:00:00+00:00,1511.6196629213482,1448.0249043024842,63.594758618864034,1,low,0,0.0,0,2,0,0,0,0,0,0,0,0,0,0,0,0,0,0,0,0,0,0,0,0,0,0,0,297.8340901346389,747.8884726224784,1896.0841900744165,1131.010752688172,15,-0.7071067811865479,-0.7071067811865471,0,0,2
B2,roll_04,rf,2026-02-02 16:00:00+00:00,2026-02-02 17:00:00+00:00,0,1,2025-12-08T00:00:00+00:00,2026-02-02T00:00:00+00:00,2026-02-02T00:00:00+00:00,2026-02-09T00:00:00+00:00,1624.4313218390805,1494.4284560289761,130.00286581010437,0,night,0,0.0,0,2,0,0,0,0,0,0,0,0,0,0,0,0,0,0,0,0,0,0,0,0,0,0,0,931.8924169395276,1131.010752688172,2484.501672130778,1511.6196629213482,16,-0.5000000000000004,-0.8660254037844385,0,0,2
B2,roll_04,rf,2026-02-02 17:00:00+00:00,2026-02-02 18:00:00+00:00,0,1,2025-12-08T00:00:00+00:00,2026-02-02T00:00:00+00:00,2026-02-02T00:00:00+00:00,2026-02-09T00:00:00+00:00,1738.5641379310343,1610.7091128920724,127.85502503896191,0,night,0,0.0,0,2,0,0,0,0,0,0,0,0,0,0,0,0,0,0,0,0,0,0,0,0,0,0,0,2682.2788242863057,1511.6196629213482,2486.544613380472,1624.4313218390805,17,-0.2588190451025206,-0.9659258262890684,0,0,2
B2,roll_04,rf,2026-02-02 18:00:00+00:00,2026-02-02 19:00:00+00:00,0,1,2025-12-08T00:00:00+00:00,2026-02-02T00:00:00+00:00,2026-02-02T00:00:00+00:00,2026-02-09T00:00:00+00:00,1581.9688888888888,1675.609274455547,-93.6403855666581,0,night,0,0.0,0,2,0,0,0,0,0,0,0,0,0,0,0,0,0,0,0,0,0,0,0,0,0,0,0,1447.201125872611,1624.4313218390805,2612.5492478209444,1738.5641379310343,18,-1.8369701987210292e-16,-1.0,0,0,2
B2,roll_04,rf,2026-02-02 19:00:00+00:00,2026-02-02 20:00:00+00:00,0,1,2025-12-08T00:00:00+00:00,2026-02-02T00:00:00+00:00,2026-02-02T00:00:00+00:00,2026-02-09T00:00:00+00:00,792.707570977918,1182.152161949367,-389.444590971449,0,night,0,0.0,0,2,0,0,0,0,0,0,0,0,0,0,0,0,0,0,0,0,0,0,0,0,0,0,0,1800.8310691792778,1738.5641379310343,3017.157618471861,1581.9688888888888,19,0.2588190451025203,-0.9659258262890684,0,0,2
B2,roll_04,rf,2026-02-02 20:00:00+00:00,2026-02-02 21:00:00+00:00,0,1,2025-12-08T00:00:00+00:00,2026-02-02T00:00:00+00:00,2026-02-02T00:00:00+00:00,2026-02-09T00:00:00+00:00,1121.9964285714286,974.736587633792,147.25984093763657,0,night,0,0.0,0,1,0,1,1,0,1,0,0,1,0,0,1,0,1,0,0,0,1,0,0,0,0,0,0,1879.5046675005,1581.9688888888888,2133.137917275778,792.707570977918,20,0.5000000000000001,-0.8660254037844386,0,0,2
B2,roll_04,rf,2026-02-02 21:00:00+00:00,2026-02-02 22:00:00+00:00,0,1,2025-12-08T00:00:00+00:00,2026-02-02T00:00:00+00:00,2026-02-02T00:00:00+00:00,2026-02-09T00:00:00+00:00,395.40241935483874,900.0639086377678,-504.66148928292904,0,night,0,0.0,0,1,0,0,0,0,0,0,0,0,0,0,0,0,0,0,0,0,0,0,0,0,0,0,0,982.8754678472778,792.707570977918,952.1327068525555,1121.9964285714286,21,0.7071067811865474,-0.7071067811865477,0,0,2
B2,roll_04,rf,2026-02-02 22:00:00+00:00,2026-02-02 23:00:00+00:00,0,1,2025-12-08T00:00:00+00:00,2026-02-02T00:00:00+00:00,2026-02-02T00:00:00+00:00,2026-02-09T00:00:00+00:00,434.56734693877553,519.6761540073571,-85.1088070685816,0,night,0,0.0,0,1,0,0,0,0,0,0,0,0,0,0,0,0,0,0,0,0,0,0,0,0,0,0,0,411.4689791798889,1121.9964285714286,1463.8755507140277,395.40241935483874,22,0.8660254037844384,-0.5000000000000004,0,0,2
B2,roll_04,rf,2026-02-02 23:00:00+00:00,2026-02-03 00:00:00+00:00,0,1,2025-12-08T00:00:00+00:00,2026-02-02T00:00:00+00:00,2026-02-02T00:00:00+00:00,2026-02-09T00:00:00+00:00,561.1720833333333,459.3319704926803,101.84011284065298,0,night,0,0.0,0,1,0,1,1,0,2,0,0,1,0,0,1,0,1,0,0,0,1,0,0,0,0,0,0,370.9779513775556,395.40241935483874,976.5316384429444,434.56734693877553,23,0.965925826289068,-0.2588190451025215,0,0,2
B2,roll_04,rf,2026-02-03 00:00:00+00:00,2026-02-03 01:00:00+00:00,0,1,2025-12-08T00:00:00+00:00,2026-02-02T00:00:00+00:00,2026-02-02T00:00:00+00:00,2026-02-09T00:00:00+00:00,575.5421487603306,512.5166432428628,63.02550551746788,0,night,0,0.0,0,1,0,1,1,0,2,0,0,1,0,0,1,0,1,0,0,0,1,0,0,0,0,0,1,389.13017225908334,434.56734693877553,543.2085049798055,561.1720833333333,0,1.0,0.0,0,0,2
B2,roll_04,rf,2026-02-03 01:00:00+00:00,2026-02-03 02:00:00+00:00,0,1,2025-12-08T00:00:00+00:00,2026-02-02T00:00:00+00:00,2026-02-02T00:00:00+00:00,2026-02-09T00:00:00+00:00,565.2688259109311,548.4548166459322,16.81400926499896,0,night,0,0.0,0,1,0,0,0,0,0,0,0,0,0,0,0,0,0,0,0,0,0,0,0,0,0,0,1,376.84390502849993,561.1720833333333,555.9650401257778,575.5421487603306,1,0.9659258262890684,0.2588190451025207,0,0,2
B2,roll_04,rf,2026-02-03 02:00:00+00:00,2026-02-03 03:00:00+00:00,0,1,2025-12-08T00:00:00+00:00,2026-02-02T00:00:00+00:00,2026-02-02T00:00:00+00:00,2026-02-09T00:00:00+00:00,597.2084677419356,520.7081439127525,76.50032382918312,0,night,0,0.0,0,1,0,1,1,0,1,0,0,1,0,0,1,0,1,0,0,0,1,0,0,0,0,0,1,378.1934371171667,575.5421487603306,559.2648734329445,565.2688259109311,2,0.8660254037844387,0.4999999999999999,0,0,2
B2,roll_04,rf,2026-02-03 03:00:00+00:00,2026-02-03 04:00:00+00:00,0,1,2025-12-08T00:00:00+00:00,2026-02-02T00:00:00+00:00,2026-02-02T00:00:00+00:00,2026-02-09T00:00:00+00:00,1173.6686046511627,913.5212212382175,260.14738341294515,0,night,0,0.0,0,1,0,0,0,0,0,0,0,0,0,0,0,0,0,0,0,0,0,0,0,0,0,0,1,391.1898017904167,565.2688259109311,543.3187399811248,597.2084677419356,3,0.7071067811865476,0.7071067811865476,0,0,2
B2,roll_04,rf,2026-02-03 04:00:00+00:00,2026-02-03 05:00:00+00:00,0,1,2025-12-08T00:00:00+00:00,2026-02-02T00:00:00+00:00,2026-02-02T00:00:00+00:00,2026-02-09T00:00:00+00:00,2016.13358778626,1949.9966964365528,66.13689134970718,0,night,0,0.0,0,1,0,0,0,0,0,0,0,0,0,0,0,0,0,0,0,0,0,0,0,0,0,0,1,949.6719199514168,597.2084677419356,1132.2936000000002,1173.6686046511627,4,0.5000000000000001,0.8660254037844386,0,0,2
B2,roll_04,rf,2026-02-03 05:00:00+00:00,2026-02-03 06:00:00+00:00,0,1,2025-12-08T00:00:00+00:00,2026-02-02T00:00:00+00:00,2026-02-02T00:00:00+00:00,2026-02-09T00:00:00+00:00,2081.1158088235293,2234.1813105231236,-153.06550169959428,0,night,0,0.0,0,1,0,0,0,0,0,0,0,0,0,0,0,0,0,0,0,0,0,0,0,0,0,0,1,1868.492211110528,1173.6686046511627,1968.2842857142853,2016.13358778626,5,0.2588190451025207,0.9659258262890684,0,0,2
B2,roll_04,rf,2026-02-03 06:00:00+00:00,2026-02-03 07:00:00+00:00,0,1,2025-12-08T00:00:00+00:00,2026-02-02T00:00:00+00:00,2026-02-02T00:00:00+00:00,2026-02-09T00:00:00+00:00,1670.6992307692308,1760.768395737182,-90.06916496795111,0,night,0,0.0,0,1,0,0,0,0,0,0,0,0,0,0,0,0,0,0,0,0,0,0,0,0,0,0,1,1857.5546669058888,2016.13358778626,2066.43476702509,2081.1158088235293,6,6.123233995736766e-17,1.0,0,0,2
B2,roll_04,rf,2026-02-03 07:00:00+00:00,2026-02-03 08:00:00+00:00,0,1,2025-12-08T00:00:00+00:00,2026-02-02T00:00:00+00:00,2026-02-02T00:00:00+00:00,2026-02-09T00:00:00+00:00,1695.1438661710038,1447.4726413042079,247.6712248667959,1,night,0,0.0,0,1,0,0,0,0,0,0,0,0,0,0,0,0,0,0,0,0,0,0,0,0,0,0,1,1526.8297823245,2081.1158088235293,1906.8957894736843,1670.6992307692308,7,-0.2588190451025206,0.9659258262890684,0,0,2
B2,roll_04,rf,2026-02-03 08:00:00+00:00,2026-02-03 09:00:00+00:00,0,1,2025-12-08T00:00:00+00:00,2026-02-02T00:00:00+00:00,2026-02-02T00:00:00+00:00,2026-02-09T00:00:00+00:00,1085.7120141342757,1577.0843625994464,-491.3723484651707,1,night,0,0.0,0,1,0,0,0,0,0,0,0,0,0,0,0,0,0,0,0,0,0,0,0,0,0,0,1,1412.669924658583,1670.6992307692308,1804.416,1695.1438661710038,8,-0.4999999999999998,0.8660254037844387,0,0,2
B2,roll_04,rf,2026-02-03 09:00:00+00:00,2026-02-03 10:00:00+00:00,0,1,2025-12-08T00:00:00+00:00,2026-02-02T00:00:00+00:00,2026-02-02T00:00:00+00:00,2026-02-09T00:00:00+00:00,1706.1051136363635,1145.138193252578,560.9669203837855,1,low,0,0.0,0,1,0,0,0,0,0,0,0,0,0,0,0,0,0,0,0,0,0,0,0,0,0,0,1,1534.4343933593334,1695.1438661710038,1845.520588235294,1085.7120141342757,9,-0.7071067811865475,0.7071067811865476,0,0,2
B2,roll_04,rf,2026-02-03 10:00:00+00:00,2026-02-03 11:00:00+00:00,0,1,2025-12-08T00:00:00+00:00,2026-02-02T00:00:00+00:00,2026-02-02T00:00:00+00:00,2026-02-09T00:00:00+00:00,835.5128205128206,1431.7502671451632,-596.2374466323427,1,low,0,0.0,0,1,0,0,0,0,0,0,0,0,0,0,0,0,0,0,0,0,0,0,0,0,0,0,1,1156.7474213855278,1085.7120141342757,1895.989453125,1706.1051136363635,10,-0.8660254037844387,0.4999999999999999,0,0,2
B2,roll_04,rf,2026-02-03 11:00:00+00:00,2026-02-03 12:00:00+00:00,0,1,2025-12-08T00:00:00+00:00,2026-02-02T00:00:00+00:00,2026-02-02T00:00:00+00:00,2026-02-09T00:00:00+00:00,1812.142446043165,1192.9845887332074,619.1578573099575,1,low,0,0.0,0,1,0,0,0,0,0,0,0,0,0,0,0,0,0,0,0,0,0,0,0,0,0,0,1,339.89285018286114,1706.1051136363635,1458.9305555555557,835.5128205128206,11,-0.9659258262890682,0.258819045102521,0,0,2
B2,roll_04,rf,2026-02-03 12:00:00+00:00,2026-02-03 13:00:00+00:00,0,1,2025-12-08T00:00:00+00:00,2026-02-02T00:00:00+00:00,2026-02-02T00:00:00+00:00,2026-02-09T00:00:00+00:00,918.8297520661156,1404.094659476992,-485.2649074108765,1,low,0,0.0,0,1,0,0,0,0,0,0,0,0,0,0,0,0,0,0,0,0,0,0,0,0,0,0,1,1030.8584088937498,835.5128205128206,994.9530726256984,1812.142446043165,12,-1.0,1.2246467991473532e-16,0,0,2
B2,roll_04,rf,2026-02-03 13:00:00+00:00,2026-02-03 14:00:00+00:00,0,1,2025-12-08T00:00:00+00:00,2026-02-02T00:00:00+00:00,2026-02-02T00:00:00+00:00,2026-02-09T00:00:00+00:00,1825.0157894736844,1294.5903737312562,530.4254157424282,1,low,0,0.0,0,2,0,0,0,0,0,0,0,0,0,0,0,0,0,0,0,0,0,0,0,0,0,0,1,1307.5905215424166,1812.142446043165,891.7146341463415,918.8297520661156,13,-0.9659258262890684,-0.2588190451025208,0,0,2
B2,roll_04,rf,2026-02-03 14:00:00+00:00,2026-02-03 15:00:00+00:00,0,1,2025-12-08T00:00:00+00:00,2026-02-02T00:00:00+00:00,2026-02-02T00:00:00+00:00,2026-02-09T00:00:00+00:00,1432.5622406639004,1566.1040154572825,-133.54177479338205,1,low,0,0.0,0,2,0,0,0,0,0,0,0,0,0,0,0,0,0,0,0,0,0,0,0,0,0,0,1,899.1258070269446,918.8297520661156,747.8884726224784,1825.0157894736844,14,-0.8660254037844388,-0.4999999999999997,0,0,2
B2,roll_04,rf,2026-02-03 15:00:00+00:00,2026-02-03 16:00:00+00:00,0,1,2025-12-08T00:00:00+00:00,2026-02-02T00:00:00+00:00,2026-02-02T00:00:00+00:00,2026-02-09T00:00:00+00:00,1624.8924590163936,1509.4668865095168,115.42557250687673,1,low,0,0.0,0,2,0,0,0,0,0,0,0,0,0,0,0,0,0,0,0,0,0,0,0,0,0,0,1,1560.9848600250834,1825.0157894736844,1131.010752688172,1432.5622406639004,15,-0.7071067811865479,-0.7071067811865471,0,0,2
B2,roll_04,rf,2026-02-03 16:00:00+00:00,2026-02-03 17:00:00+00:00,0,1,2025-12-08T00:00:00+00:00,2026-02-02T00:00:00+00:00,2026-02-02T00:00:00+00:00,2026-02-09T00:00:00+00:00,1250.0767605633805,1628.45210955112,-378.37534898773947,1,night,0,0.0,0,2,0,0,0,0,0,0,0,0,0,0,0,0,0,0,0,0,0,0,0,0,0,0,1,1794.9346924112222,1432.5622406639004,1511.6196629213482,1624.8924590163936,16,-0.5000000000000004,-0.8660254037844385,0,0,2
B2,roll_04,rf,2026-02-03 17:00:00+00:00,2026-02-03 18:00:00+00:00,0,1,2025-12-08T00:00:00+00:00,2026-02-02T00:00:00+00:00,2026-02-02T00:00:00+00:00,2026-02-09T00:00:00+00:00,856.6192182410423,1600.4174066338012,-743.7981883927589,0,night,0,0.0,0,1,0,0,0,0,0,0,0,0,0,0,0,0,0,0,0,0,0,0,0,0,0,0,1,843.3756644045833,1624.8924590163936,1624.4313218390805,1250.0767605633805,17,-0.2588190451025206,-0.9659258262890684,0,0,2
B2,roll_04,rf,2026-02-03 18:00:00+00:00,2026-02-03 19:00:00+00:00,0,1,2025-12-08T00:00:00+00:00,2026-02-02T00:00:00+00:00,2026-02-02T00:00:00+00:00,2026-02-09T00:00:00+00:00,1353.571382636656,1406.6300573760973,-53.05867473944136,0,night,0,0.0,0,1,0,1,1,0,1,0,0,1,0,0,1,0,1,0,0,0,1,0,0,0,0,0,1,973.197521312722,1250.0767605633805,1738.5641379310343,856.6192182410423,18,-1.8369701987210292e-16,-1.0,0,0,2
B2,roll_04,rf,2026-02-03 19:00:00+00:00,2026-02-03 20:00:00+00:00,0,1,2025-12-08T00:00:00+00:00,2026-02-02T00:00:00+00:00,2026-02-02T00:00:00+00:00,2026-02-09T00:00:00+00:00,663.0740213523131,1103.5887969361922,-440.5147755838791,0,night,0,0.0,0,1,0,0,0,0,0,0,0,0,0,0,0,0,0,0,0,0,0,0,0,0,0,0,1,1523.8945169891667,856.6192182410423,1581.9688888888888,1353.571382636656,19,0.2588190451025203,-0.9659258262890684,0,0,2
B2,roll_04,rf,2026-02-03 20:00:00+00:00,2026-02-03 21:00:00+00:00,0,1,2025-12-08T00:00:00+00:00,2026-02-02T00:00:00+00:00,2026-02-02T00:00:00+00:00,2026-02-09T00:00:00+00:00,1029.1314516129032,734.4364082890875,294.69504332381575,0,night,0,0.0,0,1,0,1,1,0,1,0,0,1,0,0,1,0,1,0,0,0,1,0,0,0,0,0,1,985.6768274591944,1353.571382636656,792.707570977918,663.0740213523131,20,0.5000000000000001,-0.8660254037844386,0,0,2
B2,roll_04,rf,2026-02-03 21:00:00+00:00,2026-02-03 22:00:00+00:00,0,1,2025-12-08T00:00:00+00:00,2026-02-02T00:00:00+00:00,2026-02-02T00:00:00+00:00,2026-02-09T00:00:00+00:00,439.3551867219917,887.0621676767728,-447.7069809547811,0,night,0,0.0,0,1,0,0,0,0,0,0,0,0,0,0,0,0,0,0,0,0,0,0,0,0,0,0,1,1010.58551608475,663.0740213523131,1121.9964285714286,1029.1314516129032,21,0.7071067811865474,-0.7071067811865477,0,0,2
B2,roll_04,rf,2026-02-03 22:00:00+00:00,2026-02-03 23:00:00+00:00,0,1,2025-12-08T00:00:00+00:00,2026-02-02T00:00:00+00:00,2026-02-02T00:00:00+00:00,2026-02-09T00:00:00+00:00,619.8279166666667,449.87332205588183,169.9545946107849,0,night,0,0.0,0,1,0,0,0,0,0,0,0,0,0,0,0,0,0,0,0,0,0,0,0,0,0,0,1,469.4664131017777,1029.1314516129032,395.40241935483874,439.3551867219917,22,0.8660254037844384,-0.5000000000000004,0,0,2
B2,roll_04,rf,2026-02-03 23:00:00+00:00,2026-02-04 00:00:00+00:00,0,1,2025-12-08T00:00:00+00:00,2026-02-02T00:00:00+00:00,2026-02-02T00:00:00+00:00,2026-02-09T00:00:00+00:00,600.8824999999999,558.9386976560785,41.94380234392145,0,night,0,0.0,0,1,0,1,1,0,1,0,0,1,0,0,1,0,1,0,0,0,1,0,0,0,0,0,1,1039.222492417361,439.3551867219917,434.56734693877553,619.8279166666667,23,0.965925826289068,-0.2588190451025215,0,0,2
B2,roll_04,rf,2026-02-04 00:00:00+00:00,2026-02-04 01:00:00+00:00,0,1,2025-12-08T00:00:00+00:00,2026-02-02T00:00:00+00:00,2026-02-02T00:00:00+00:00,2026-02-09T00:00:00+00:00,570.0795918367347,566.7126682004317,3.3669236363029995,0,night,0,0.0,0,1,0,0,0,0,0,0,0,0,0,0,0,0,0,0,0,0,0,0,0,0,0,0,2,431.1445660605278,619.8279166666667,561.1720833333333,600.8824999999999,0,1.0,0.0,0,0,2
B2,roll_04,rf,2026-02-04 01:00:00+00:00,2026-02-04 02:00:00+00:00,0,1,2025-12-08T00:00:00+00:00,2026-02-02T00:00:00+00:00,2026-02-02T00:00:00+00:00,2026-02-09T00:00:00+00:00,557.3929460580913,527.7718862292717,29.621059828819625,0,night,0,0.0,0,1,0,1,1,0,3,0,0,0,1,0,1,0,1,0,0,0,1,0,0,0,0,0,2,417.8579242465556,600.8824999999999,575.5421487603306,570.0795918367347,1,0.9659258262890684,0.2588190451025207,0,0,2
B2,roll_04,rf,2026-02-04 02:00:00+00:00,2026-02-04 03:00:00+00:00,0,1,2025-12-08T00:00:00+00:00,2026-02-02T00:00:00+00:00,2026-02-02T00:00:00+00:00,2026-02-09T00:00:00+00:00,535.2727272727273,523.4762110952394,11.796516177487888,0,night,0,0.0,0,1,0,1,1,0,3,0,0,0,1,0,1,0,1,0,0,0,1,0,0,0,0,0,2,419.1348331130556,570.0795918367347,565.2688259109311,557.3929460580913,2,0.8660254037844387,0.4999999999999999,0,0,2
B2,roll_04,rf,2026-02-04 03:00:00+00:00,2026-02-04 04:00:00+00:00,0,1,2025-12-08T00:00:00+00:00,2026-02-02T00:00:00+00:00,2026-02-02T00:00:00+00:00,2026-02-09T00:00:00+00:00,1096.6170634920634,905.7478316500353,190.86923184202806,0,night,0,0.0,0,1,0,1,1,0,3,0,0,0,1,0,1,0,1,0,0,0,1,0,0,0,0,0,2,421.2961618739444,557.3929460580913,597.2084677419356,535.2727272727273,3,0.7071067811865476,0.7071067811865476,0,0,2
B2,roll_04,rf,2026-02-04 04:00:00+00:00,2026-02-04 05:00:00+00:00,0,1,2025-12-08T00:00:00+00:00,2026-02-02T00:00:00+00:00,2026-02-02T00:00:00+00:00,2026-02-09T00:00:00+00:00,2001.764661654136,1911.4222818506603,90.34237980347575,0,night,0,0.0,0,1,0,0,0,0,0,0,0,0,0,0,0,0,0,0,0,0,0,0,0,0,0,0,2,1092.225752789,535.2727272727273,1173.6686046511627,1096.6170634920634,4,0.5000000000000001,0.8660254037844386,0,0,2
B2,roll_04,rf,2026-02-04 05:00:00+00:00,2026-02-04 06:00:00+00:00,0,1,2025-12-08T00:00:00+00:00,2026-02-02T00:00:00+00:00,2026-02-02T00:00:00+00:00,2026-02-09T00:00:00+00:00,2016.4624060150377,2228.9465590369996,-212.4841530219619,0,night,0,0.0,0,1,0,0,0,0,0,0,0,0,0,0,0,0,0,0,0,0,0,0,0,0,0,0,2,2035.0871509705555,1096.6170634920634,2016.13358778626,2001.764661654136,5,0.2588190451025207,0.9659258262890684,0,0,2
B2,roll_04,rf,2026-02-04 06:00:00+00:00,2026-02-04 07:00:00+00:00,0,1,2025-12-08T00:00:00+00:00,2026-02-02T00:00:00+00:00,2026-02-02T00:00:00+00:00,2026-02-09T00:00:00+00:00,1742.2797833935017,1752.3576971879638,-10.07791379446212,0,night,0,0.0,0,2,0,0,0,0,0,0,0,0,0,0,0,0,0,0,0,0,0,0,0,0,0,0,2,2063.430210569112,2001.764661654136,2081.1158088235293,2016.4624060150377,6,6.123233995736766e-17,1.0,0,0,2
B2,roll_04,rf,2026-02-04 07:00:00+00:00,2026-02-04 08:00:00+00:00,0,1,2025-12-08T00:00:00+00:00,2026-02-02T00:00:00+00:00,2026-02-02T00:00:00+00:00,2026-02-09T00:00:00+00:00,1544.9358649789028,1642.2063140426922,-97.27044906378933,1,night,0,0.0,0,2,0,0,0,0,0,0,0,0,0,0,0,0,0,0,0,0,0,0,0,0,0,0,2,1837.9513309886668,2016.4624060150377,1670.6992307692308,1742.2797833935017,7,-0.2588190451025206,0.9659258262890684,0,0,2
B2,roll_04,rf,2026-02-04 08:00:00+00:00,2026-02-04 09:00:00+00:00,0,1,2025-12-08T00:00:00+00:00,2026-02-02T00:00:00+00:00,2026-02-02T00:00:00+00:00,2026-02-09T00:00:00+00:00,1741.7046808510638,1293.2233216249467,448.4813592261171,1,low,0,0.0,0,2,0,0,0,0,0,0,0,0,0,0,0,0,0,0,0,0,0,0,0,0,0,0,2,1887.533959910028,1742.2797833935017,1695.1438661710038,1544.9358649789028,8,-0.4999999999999998,0.8660254037844387,0,0,2
B2,roll_04,rf,2026-02-04 09:00:00+00:00,2026-02-04 10:00:00+00:00,0,1,2025-12-08T00:00:00+00:00,2026-02-02T00:00:00+00:00,2026-02-02T00:00:00+00:00,2026-02-09T00:00:00+00:00,1733.1420765027322,1578.2884380530124,154.8536384497197,1,low,0,0.0,0,2,0,0,0,0,0,0,0,0,0,0,0,0,0,0,0,0,0,0,0,0,0,0,2,1927.4843435574169,1544.9358649789028,1085.7120141342757,1741.7046808510638,9,-0.7071067811865475,0.7071067811865476,0,0,2
B2,roll_04,rf,2026-02-04 10:00:00+00:00,2026-02-04 11:00:00+00:00,0,1,2025-12-08T00:00:00+00:00,2026-02-02T00:00:00+00:00,2026-02-02T00:00:00+00:00,2026-02-09T00:00:00+00:00,902.2468599033816,1702.4925599805313,-800.2457000771496,1,low,0,0.0,0,2,0,0,0,0,0,0,0,0,0,0,0,0,0,0,0,0,0,0,0,0,0,0,2,1864.801970357278,1741.7046808510638,1706.1051136363635,1733.1420765027322,10,-0.8660254037844387,0.4999999999999999,0,0,2
B2,roll_04,rf,2026-02-04 11:00:00+00:00,2026-02-04 12:00:00+00:00,0,1,2025-12-08T00:00:00+00:00,2026-02-02T00:00:00+00:00,2026-02-02T00:00:00+00:00,2026-02-09T00:00:00+00:00,2676.460583941606,1135.9709380327379,1540.489645908868,1,low,0,0.0,0,2,0,0,0,0,0,0,0,0,0,0,0,0,0,0,0,0,0,0,0,0,0,0,2,3141.5486331360003,1733.1420765027322,835.5128205128206,902.2468599033816,11,-0.9659258262890682,0.258819045102521,0,0,2
B2,roll_04,rf,2026-02-04 12:00:00+00:00,2026-02-04 13:00:00+00:00,0,1,2025-12-08T00:00:00+00:00,2026-02-02T00:00:00+00:00,2026-02-02T00:00:00+00:00,2026-02-09T00:00:00+00:00,3913.525657894737,1557.8316659528382,2355.6939919418987,1,low,0,0.0,0,2,0,0,0,0,0,0,0,0,0,0,0,0,0,0,0,0,0,0,0,0,0,0,2,3688.242951303472,902.2468599033816,1812.142446043165,2676.460583941606,12,-1.0,1.2246467991473532e-16,0,0,2
B2,roll_04,rf,2026-02-04 13:00:00+00:00,2026-02-04 14:00:00+00:00,0,1,2025-12-08T00:00:00+00:00,2026-02-02T00:00:00+00:00,2026-02-02T00:00:00+00:00,2026-02-09T00:00:00+00:00,2946.6394495412846,2995.39622382772,-48.7567742864353,1,low,0,0.0,0,2,0,0,0,0,0,0,0,0,0,0,0,0,0,0,0,0,0,0,0,0,0,0,2,2978.0382318605,2676.460583941606,918.8297520661156,3913.525657894737,13,-0.9659258262890684,-0.2588190451025208,0,0,2
B2,roll_04,rf,2026-02-04 14:00:00+00:00,2026-02-04 15:00:00+00:00,0,1,2025-12-08T00:00:00+00:00,2026-02-02T00:00:00+00:00,2026-02-02T00:00:00+00:00,2026-02-09T00:00:00+00:00,2754.6374269005846,2580.6909134811362,173.94651341944837,1,low,0,0.0,0,2,0,0,0,0,0,0,0,0,0,0,0,0,0,0,0,0,0,0,0,0,0,0,2,3380.6789978081943,3913.525657894737,1825.0157894736844,2946.6394495412846,14,-0.8660254037844388,-0.4999999999999997,0,0,2
B2,roll_04,rf,2026-02-04 15:00:00+00:00,2026-02-04 16:00:00+00:00,0,1,2025-12-08T00:00:00+00:00,2026-02-02T00:00:00+00:00,2026-02-02T00:00:00+00:00,2026-02-09T00:00:00+00:00,2882.762139917695,2136.6172977292795,746.1448421884156,1,low,0,0.0,0,2,0,0,0,0,0,0,0,0,0,0,0,0,0,0,0,0,0,0,0,0,0,0,2,3872.714778626834,2946.6394495412846,1432.5622406639004,2754.6374269005846,15,-0.7071067811865479,-0.7071067811865471,0,0,2
B2,roll_04,rf,2026-02-04 16:00:00+00:00,2026-02-04 17:00:00+00:00,0,1,2025-12-08T00:00:00+00:00,2026-02-02T00:00:00+00:00,2026-02-02T00:00:00+00:00,2026-02-09T00:00:00+00:00,4170.079435483871,2235.9776159421535,1934.1018195417173,1,night,0,0.0,0,2,0,0,0,0,0,0,0,0,0,0,0,0,0,0,0,0,0,0,0,0,0,0,2,3566.8731119283607,2754.6374269005846,1624.8924590163936,2882.762139917695,16,-0.5000000000000004,-0.8660254037844385,0,0,2
B2,roll_04,rf,2026-02-04 17:00:00+00:00,2026-02-04 18:00:00+00:00,0,1,2025-12-08T00:00:00+00:00,2026-02-02T00:00:00+00:00,2026-02-02T00:00:00+00:00,2026-02-09T00:00:00+00:00,3388.3426229508195,3026.2242116417196,362.1184113090999,0,night,0,0.0,0,2,0,0,0,0,0,0,0,0,0,0,0,0,0,0,0,0,0,0,0,0,0,0,2,4099.8204709775,2882.762139917695,1250.0767605633805,4170.079435483871,17,-0.2588190451025206,-0.9659258262890684,0,0,2
B2,roll_04,rf,2026-02-04 18:00:00+00:00,2026-02-04 19:00:00+00:00,0,1,2025-12-08T00:00:00+00:00,2026-02-02T00:00:00+00:00,2026-02-02T00:00:00+00:00,2026-02-09T00:00:00+00:00,3374.507818930041,3010.650763554064,363.8570553759773,0,night,0,0.0,0,2,0,0,0,0,0,0,0,0,0,0,0,0,0,0,0,0,0,0,0,0,0,0,2,3533.490893778889,4170.079435483871,856.6192182410423,3388.3426229508195,18,-1.8369701987210292e-16,-1.0,0,0,2
B2,roll_04,rf,2026-02-04 19:00:00+00:00,2026-02-04 20:00:00+00:00,0,1,2025-12-08T00:00:00+00:00,2026-02-02T00:00:00+00:00,2026-02-02T00:00:00+00:00,2026-02-09T00:00:00+00:00,3326.137804878049,2959.441279960421,366.6965249176278,0,night,0,0.0,0,2,0,0,0,0,0,0,0,0,0,0,0,0,0,0,0,0,0,0,0,0,0,0,2,4150.093525715889,3388.3426229508195,1353.571382636656,3374.507818930041,19,0.2588190451025203,-0.9659258262890684,0,0,2
B2,roll_04,rf,2026-02-04 20:00:00+00:00,2026-02-04 21:00:00+00:00,0,1,2025-12-08T00:00:00+00:00,2026-02-02T00:00:00+00:00,2026-02-02T00:00:00+00:00,2026-02-09T00:00:00+00:00,2641.1531380753136,2917.322495789131,-276.1693577138176,0,night,0,0.0,0,2,0,0,0,0,0,0,0,0,0,0,0,0,0,0,0,0,0,0,0,0,0,0,2,3498.4065437332224,3374.507818930041,663.0740213523131,3326.137804878049,20,0.5000000000000001,-0.8660254037844386,0,0,2
B2,roll_04,rf,2026-02-04 21:00:00+00:00,2026-02-04 22:00:00+00:00,0,1,2025-12-08T00:00:00+00:00,2026-02-02T00:00:00+00:00,2026-02-02T00:00:00+00:00,2026-02-09T00:00:00+00:00,2707.4724576271187,2170.757887911679,536.7145697154397,0,night,0,0.0,0,2,0,0,0,0,0,0,0,0,0,0,0,0,0,0,0,0,0,0,0,0,0,0,2,3031.050403281528,3326.137804878049,1029.1314516129032,2641.1531380753136,21,0.7071067811865474,-0.7071067811865477,0,0,2
B2,roll_04,rf,2026-02-04 22:00:00+00:00,2026-02-04 23:00:00+00:00,0,1,2025-12-08T00:00:00+00:00,2026-02-02T00:00:00+00:00,2026-02-02T00:00:00+00:00,2026-02-09T00:00:00+00:00,2638.623580786026,2283.0494820220456,355.5740987639806,0,night,0,0.0,0,2,0,0,0,0,0,0,0,0,0,0,0,0,0,0,0,0,0,0,0,0,0,0,2,880.7419122894444,2641.1531380753136,439.3551867219917,2707.4724576271187,22,0.8660254037844384,-0.5000000000000004,0,0,2
B2,roll_04,rf,2026-02-04 23:00:00+00:00,2026-02-05 00:00:00+00:00,0,1,2025-12-08T00:00:00+00:00,2026-02-02T00:00:00+00:00,2026-02-02T00:00:00+00:00,2026-02-09T00:00:00+00:00,735.8008196721311,2232.9826819155037,-1497.1818622433725,0,night,0,0.0,0,2,0,0,0,0,0,0,0,0,0,0,0,0,0,0,0,0,0,0,0,0,0,0,2,822.8956369502222,2707.4724576271187,619.8279166666667,2638.623580786026,23,0.965925826289068,-0.2588190451025215,0,0,2
B2,roll_04,rf,2026-02-05 00:00:00+00:00,2026-02-05 01:00:00+00:00,0,1,2025-12-08T00:00:00+00:00,2026-02-02T00:00:00+00:00,2026-02-02T00:00:00+00:00,2026-02-09T00:00:00+00:00,572.743621399177,1199.4088352252868,-626.6652138261098,0,night,0,0.0,0,2,0,0,0,0,0,0,0,0,0,0,0,0,0,0,0,0,0,0,0,0,0,0,3,934.8170360965556,2638.623580786026,600.8824999999999,735.8008196721311,0,1.0,0.0,0,0,2
B2,roll_04,rf,2026-02-05 01:00:00+00:00,2026-02-05 02:00:00+00:00,0,1,2025-12-08T00:00:00+00:00,2026-02-02T00:00:00+00:00,2026-02-02T00:00:00+00:00,2026-02-09T00:00:00+00:00,576.4938524590164,551.3477448074605,25.146107651555894,0,night,0,0.0,0,2,0,0,0,0,0,0,0,0,0,0,0,0,0,0,0,0,0,0,0,0,0,0,3,569.0574982047777,735.8008196721311,570.0795918367347,572.743621399177,1,0.9659258262890684,0.2588190451025207,0,0,2
B2,roll_04,rf,2026-02-05 02:00:00+00:00,2026-02-05 03:00:00+00:00,0,1,2025-12-08T00:00:00+00:00,2026-02-02T00:00:00+00:00,2026-02-02T00:00:00+00:00,2026-02-09T00:00:00+00:00,582.7389344262294,548.7975166249097,33.941417801319744,0,night,0,0.0,0,2,0,0,0,0,0,0,0,0,0,0,0,0,0,0,0,0,0,0,0,0,0,0,3,388.6233783748333,572.743621399177,557.3929460580913,576.4938524590164,2,0.8660254037844387,0.4999999999999999,0,0,2
B2,roll_04,rf,2026-02-05 03:00:00+00:00,2026-02-05 04:00:00+00:00,0,1,2025-12-08T00:00:00+00:00,2026-02-02T00:00:00+00:00,2026-02-02T00:00:00+00:00,2026-02-09T00:00:00+00:00,1140.7624489795917,915.9003832663968,224.86206571319485,0,night,0,0.0,0,2,0,0,0,0,0,0,0,0,0,0,0,0,0,0,0,0,0,0,0,0,0,0,3,380.9392708019166,576.4938524590164,535.2727272727273,582.7389344262294,3,0.7071067811865476,0.7071067811865476,0,0,2
B2,roll_04,rf,2026-02-05 04:00:00+00:00,2026-02-05 05:00:00+00:00,0,1,2025-12-08T00:00:00+00:00,2026-02-02T00:00:00+00:00,2026-02-02T00:00:00+00:00,2026-02-09T00:00:00+00:00,1980.2167272727272,1918.4985552347505,61.71817203797673,0,night,0,0.0,0,2,0,0,0,0,0,0,0,0,0,0,0,0,0,0,0,0,0,0,0,0,0,0,3,1044.109589464861,582.7389344262294,1096.6170634920634,1140.7624489795917,4,0.5000000000000001,0.8660254037844386,0,0,2
B2,roll_04,rf,2026-02-05 05:00:00+00:00,2026-02-05 06:00:00+00:00,0,1,2025-12-08T00:00:00+00:00,2026-02-02T00:00:00+00:00,2026-02-02T00:00:00+00:00,2026-02-09T00:00:00+00:00,2024.3182156133828,2199.2281016867273,-174.90988607334452,0,night,0,0.0,0,2,0,0,0,0,0,0,0,0,0,0,0,0,0,0,0,0,0,0,0,0,0,0,3,2097.0978272491666,1140.7624489795917,2001.764661654136,1980.2167272727272,5,0.2588190451025207,0.9659258262890684,0,0,2
B2,roll_04,rf,2026-02-05 06:00:00+00:00,2026-02-05 07:00:00+00:00,0,1,2025-12-08T00:00:00+00:00,2026-02-02T00:00:00+00:00,2026-02-02T00:00:00+00:00,2026-02-09T00:00:00+00:00,1672.158108108108,1766.049446327396,-93.89133821928795,0,night,0,0.0,0,1,0,0,0,0,0,0,0,0,0,0,0,0,0,0,0,0,0,0,0,0,0,0,3,2101.717697546028,1980.2167272727272,2016.4624060150377,2024.3182156133828,6,6.123233995736766e-17,1.0,0,0,2
B2,roll_04,rf,2026-02-05 07:00:00+00:00,2026-02-05 08:00:00+00:00,0,1,2025-12-08T00:00:00+00:00,2026-02-02T00:00:00+00:00,2026-02-02T00:00:00+00:00,2026-02-09T00:00:00+00:00,1393.502840909091,1454.228649608887,-60.72580869979606,1,low,0,0.0,0,1,0,0,0,0,0,0,0,0,0,0,0,0,0,0,0,0,0,0,0,0,0,0,3,1866.4684684137776,2024.3182156133828,1742.2797833935017,1672.158108108108,7,-0.2588190451025206,0.9659258262890684,0,0,2
B2,roll_04,rf,2026-02-05 08:00:00+00:00,2026-02-05 09:00:00+00:00,0,1,2025-12-08T00:00:00+00:00,2026-02-02T00:00:00+00:00,2026-02-02T00:00:00+00:00,2026-02-09T00:00:00+00:00,1354.447186147186,1209.3244526267115,145.1227335204744,1,low,0,0.0,0,1,0,0,0,0,0,0,0,0,0,0,0,0,0,0,0,0,0,0,0,0,0,0,3,1765.7431687797225,1672.158108108108,1544.9358649789028,1393.502840909091,8,-0.4999999999999998,0.8660254037844387,0,0,2
B2,roll_04,rf,2026-02-05 09:00:00+00:00,2026-02-05 10:00:00+00:00,0,1,2025-12-08T00:00:00+00:00,2026-02-02T00:00:00+00:00,2026-02-02T00:00:00+00:00,2026-02-09T00:00:00+00:00,662.0819532908704,990.8899810453629,-328.8080277544925,1,low,0,0.0,0,2,0,0,0,0,0,0,0,0,0,0,0,0,0,0,0,0,0,0,0,0,0,0,3,1253.1664777410554,1393.502840909091,1741.7046808510638,1354.447186147186,9,-0.7071067811865475,0.7071067811865476,0,0,2
B2,roll_04,rf,2026-02-05 10:00:00+00:00,2026-02-05 11:00:00+00:00,0,1,2025-12-08T00:00:00+00:00,2026-02-02T00:00:00+00:00,2026-02-02T00:00:00+00:00,2026-02-09T00:00:00+00:00,-1116.5161157024795,756.5135058255547,-1873.029621528034,1,med,0,0.0,0,2,0,0,0,0,0,0,0,0,0,0,0,0,0,0,0,0,0,0,0,0,0,0,3,948.2308555061112,1354.447186147186,1733.1420765027322,662.0819532908704,10,-0.8660254037844387,0.4999999999999999,0,0,2
B2,roll_04,rf,2026-02-05 11:00:00+00:00,2026-02-05 12:00:00+00:00,0,1,2025-12-08T00:00:00+00:00,2026-02-02T00:00:00+00:00,2026-02-02T00:00:00+00:00,2026-02-09T00:00:00+00:00,-936.9505836575876,-136.27646296886533,-800.6741206887223,1,high,0,0.0,0,2,1,0,0,0,0,0,0,0,0,0,0,0,0,0,0,0,0,0,0,0,0,0,3,1415.7808458588888,662.0819532908704,902.2468599033816,-1116.5161157024795,11,-0.9659258262890682,0.258819045102521,0,0,2
B2,roll_04,rf,2026-02-05 12:00:00+00:00,2026-02-05 13:00:00+00:00,0,1,2025-12-08T00:00:00+00:00,2026-02-02T00:00:00+00:00,2026-02-02T00:00:00+00:00,2026-02-09T00:00:00+00:00,-837.3921487603305,13.360894310381278,-850.7530430707118,1,high,0,0.0,0,3,1,0,0,0,0,0,0,0,0,0,0,0,0,0,0,0,0,0,0,0,0,0,3,347.5551561380278,-1116.5161157024795,2676.460583941606,-936.9505836575876,12,-1.0,1.2246467991473532e-16,0,0,2
B2,roll_04,rf,2026-02-05 13:00:00+00:00,2026-02-05 14:00:00+00:00,0,1,2025-12-08T00:00:00+00:00,2026-02-02T00:00:00+00:00,2026-02-02T00:00:00+00:00,2026-02-09T00:00:00+00:00,-375.85170454545454,103.13649855026739,-478.98820309572193,1,high,0,0.0,0,3,1,0,0,0,0,0,0,0,0,0,0,0,0,0,0,0,0,0,0,0,0,0,3,-402.3519291878333,-936.9505836575876,3913.525657894737,-837.3921487603305,13,-0.9659258262890684,-0.2588190451025208,0,0,2
B2,roll_04,rf,2026-02-05 14:00:00+00:00,2026-02-05 15:00:00+00:00,0,1,2025-12-08T00:00:00+00:00,2026-02-02T00:00:00+00:00,2026-02-02T00:00:00+00:00,2026-02-09T00:00:00+00:00,735.4822981366459,288.8155707066254,446.6667274300205,1,med,0,0.0,0,3,1,0,0,0,0,0,0,0,0,0,0,0,0,0,0,0,0,0,0,0,0,0,3,1092.5960639581945,-837.3921487603305,2946.6394495412846,-375.85170454545454,14,-0.8660254037844388,-0.4999999999999997,0,0,2
B2,roll_04,rf,2026-02-05 15:00:00+00:00,2026-02-05 16:00:00+00:00,0,1,2025-12-08T00:00:00+00:00,2026-02-02T00:00:00+00:00,2026-02-02T00:00:00+00:00,2026-02-09T00:00:00+00:00,773.8824840764331,999.0532307214246,-225.17074664499148,1,low,0,0.0,0,4,0,0,0,0,0,0,0,0,0,0,0,0,0,0,0,0,0,0,0,0,0,0,3,462.4739155892223,-375.85170454545454,2754.6374269005846,735.4822981366459,15,-0.7071067811865479,-0.7071067811865471,0,0,2
B2,roll_04,rf,2026-02-05 16:00:00+00:00,2026-02-05 17:00:00+00:00,0,1,2025-12-08T00:00:00+00:00,2026-02-02T00:00:00+00:00,2026-02-02T00:00:00+00:00,2026-02-09T00:00:00+00:00,822.6935275080906,1155.4019225645625,-332.7083950564719,1,low,0,0.0,0,3,0,0,0,0,0,0,0,0,0,0,0,0,0,0,0,0,0,0,0,0,0,0,3,1737.4693776433332,735.4822981366459,2882.762139917695,773.8824840764331,16,-0.5000000000000004,-0.8660254037844385,0,0,2
B2,roll_04,rf,2026-02-05 17:00:00+00:00,2026-02-05 18:00:00+00:00,0,1,2025-12-08T00:00:00+00:00,2026-02-02T00:00:00+00:00,2026-02-02T00:00:00+00:00,2026-02-09T00:00:00+00:00,1374.275974025974,1211.987700779235,162.28827324673898,0,night,0,0.0,0,3,0,1,1,0,1,0,0,1,0,0,1,0,1,0,0,0,1,0,0,0,0,0,3,2296.247373537611,773.8824840764331,4170.079435483871,822.6935275080906,17,-0.2588190451025206,-0.9659258262890684,0,0,2
B2,roll_04,rf,2026-02-05 18:00:00+00:00,2026-02-05 19:00:00+00:00,0,1,2025-12-08T00:00:00+00:00,2026-02-02T00:00:00+00:00,2026-02-02T00:00:00+00:00,2026-02-09T00:00:00+00:00,1357.352397260274,1416.5449409623773,-59.192543702103194,0,night,0,0.0,0,2,0,0,0,0,0,0,0,0,0,0,0,0,0,0,0,0,0,0,0,0,0,0,3,773.5572774640833,822.6935275080906,3388.3426229508195,1374.275974025974,18,-1.8369701987210292e-16,-1.0,0,0,2
B2,roll_04,rf,2026-02-05 19:00:00+00:00,2026-02-05 20:00:00+00:00,0,1,2025-12-08T00:00:00+00:00,2026-02-02T00:00:00+00:00,2026-02-02T00:00:00+00:00,2026-02-09T00:00:00+00:00,756.398866855524,1057.7513642339627,-301.35249737843867,0,night,0,0.0,0,2,0,0,0,0,0,0,0,0,0,0,0,0,0,0,0,0,0,0,0,0,0,0,3,2461.1030846526387,1374.275974025974,3374.507818930041,1357.352397260274,19,0.2588190451025203,-0.9659258262890684,0,0,2
B2,roll_04,rf,2026-02-05 20:00:00+00:00,2026-02-05 21:00:00+00:00,0,1,2025-12-08T00:00:00+00:00,2026-02-02T00:00:00+00:00,2026-02-02T00:00:00+00:00,2026-02-09T00:00:00+00:00,1207.6818181818182,801.9278599994625,405.75395818235575,0,night,0,0.0,0,2,0,0,0,0,0,0,0,0,0,0,0,0,0,0,0,0,0,0,0,0,0,0,3,738.0341406504722,1357.352397260274,3326.137804878049,756.398866855524,20,0.5000000000000001,-0.8660254037844386,0,0,2
B2,roll_04,rf,2026-02-05 21:00:00+00:00,2026-02-05 22:00:00+00:00,0,1,2025-12-08T00:00:00+00:00,2026-02-02T00:00:00+00:00,2026-02-02T00:00:00+00:00,2026-02-09T00:00:00+00:00,799.4336507936508,862.034834312026,-62.60118351837514,0,night,0,0.0,0,2,0,0,0,0,0,0,0,0,0,0,0,0,0,0,0,0,0,0,0,0,0,0,3,1046.6185902225832,756.398866855524,2641.1531380753136,1207.6818181818182,21,0.7071067811865474,-0.7071067811865477,0,0,2
B2,roll_04,rf,2026-02-05 22:00:00+00:00,2026-02-05 23:00:00+00:00,0,1,2025-12-08T00:00:00+00:00,2026-02-02T00:00:00+00:00,2026-02-02T00:00:00+00:00,2026-02-09T00:00:00+00:00,632.1702602230483,724.9512965332498,-92.78103631020144,0,night,0,0.0,0,2,0,1,1,0,4,0,0,0,1,0,1,0,1,0,0,0,1,0,0,0,0,0,3,366.5958732328333,1207.6818181818182,2707.4724576271187,799.4336507936508,22,0.8660254037844384,-0.5000000000000004,0,0,2
B2,roll_04,rf,2026-02-05 23:00:00+00:00,2026-02-06 00:00:00+00:00,0,1,2025-12-08T00:00:00+00:00,2026-02-02T00:00:00+00:00,2026-02-02T00:00:00+00:00,2026-02-09T00:00:00+00:00,577.5668032786884,596.5566256843144,-18.989822405626,0,night,0,0.0,0,2,0,1,1,0,4,0,0,0,1,0,1,0,1,0,0,0,1,0,0,0,0,0,3,363.3738909241667,799.4336507936508,2638.623580786026,632.1702602230483,23,0.965925826289068,-0.2588190451025215,0,0,2
B2,roll_04,rf,2026-02-06 00:00:00+00:00,2026-02-06 01:00:00+00:00,0,1,2025-12-08T00:00:00+00:00,2026-02-02T00:00:00+00:00,2026-02-02T00:00:00+00:00,2026-02-09T00:00:00+00:00,580.2045454545455,557.8390552975793,22.36549015696619,0,night,0,0.0,0,2,0,1,1,0,4,0,0,0,1,0,1,0,1,0,0,0,1,0,0,0,0,0,4,372.9620775262778,632.1702602230483,735.8008196721311,577.5668032786884,0,1.0,0.0,0,0,2
B2,roll_04,rf,2026-02-06 01:00:00+00:00,2026-02-06 02:00:00+00:00,0,1,2025-12-08T00:00:00+00:00,2026-02-02T00:00:00+00:00,2026-02-02T00:00:00+00:00,2026-02-09T00:00:00+00:00,575.4979166666667,546.2380422908863,29.25987437578044,0,night,0,0.0,0,2,0,1,1,0,4,0,0,0,1,0,1,0,1,0,0,0,1,0,0,0,0,0,4,407.8405305781389,577.5668032786884,572.743621399177,580.2045454545455,1,0.9659258262890684,0.2588190451025207,0,0,2
B2,roll_04,rf,2026-02-06 02:00:00+00:00,2026-02-06 03:00:00+00:00,0,1,2025-12-08T00:00:00+00:00,2026-02-02T00:00:00+00:00,2026-02-02T00:00:00+00:00,2026-02-09T00:00:00+00:00,574.4534979423869,543.3510794426938,31.102418499693044,0,night,0,0.0,0,2,0,0,0,0,0,0,0,0,0,0,0,0,0,0,0,0,0,0,0,0,0,0,4,371.0950655588056,580.2045454545455,576.4938524590164,575.4979166666667,2,0.8660254037844387,0.4999999999999999,0,0,2
B2,roll_04,rf,2026-02-06 03:00:00+00:00,2026-02-06 04:00:00+00:00,0,1,2025-12-08T00:00:00+00:00,2026-02-02T00:00:00+00:00,2026-02-02T00:00:00+00:00,2026-02-09T00:00:00+00:00,1180.2426294820718,884.9484008956124,295.29422858645944,0,night,0,0.0,0,2,0,0,0,0,0,0,0,0,0,0,0,0,0,0,0,0,0,0,0,0,0,0,4,377.9953876609166,575.4979166666667,582.7389344262294,574.4534979423869,3,0.7071067811865476,0.7071067811865476,0,0,2
B2,roll_04,rf,2026-02-06 04:00:00+00:00,2026-02-06 05:00:00+00:00,0,1,2025-12-08T00:00:00+00:00,2026-02-02T00:00:00+00:00,2026-02-02T00:00:00+00:00,2026-02-09T00:00:00+00:00,2027.4632958801496,1916.0624686599463,111.40082722020338,0,night,0,0.0,0,2,0,0,0,0,0,0,0,0,0,0,0,0,0,0,0,0,0,0,0,0,0,0,4,1042.5099112287778,574.4534979423869,1140.7624489795917,1180.2426294820718,4,0.5000000000000001,0.8660254037844386,0,0,2
B2,roll_04,rf,2026-02-06 05:00:00+00:00,2026-02-06 06:00:00+00:00,0,1,2025-12-08T00:00:00+00:00,2026-02-02T00:00:00+00:00,2026-02-02T00:00:00+00:00,2026-02-09T00:00:00+00:00,2067.114606741573,2246.027030788188,-178.9124240466149,0,night,0,0.0,0,2,0,0,0,0,0,0,0,0,0,0,0,0,0,0,0,0,0,0,0,0,0,0,4,2043.280496847389,1180.2426294820718,1980.2167272727272,2027.4632958801496,5,0.2588190451025207,0.9659258262890684,0,0,2
B2,roll_04,rf,2026-02-06 06:00:00+00:00,2026-02-06 07:00:00+00:00,0,1,2025-12-08T00:00:00+00:00,2026-02-02T00:00:00+00:00,2026-02-02T00:00:00+00:00,2026-02-09T00:00:00+00:00,1597.1892857142857,1893.0326320776674,-295.84334636338167,0,night,0,0.0,0,2,0,0,0,0,0,0,0,0,0,0,0,0,0,0,0,0,0,0,0,0,0,0,4,2356.0469720826945,2027.4632958801496,2024.3182156133828,2067.114606741573,6,6.123233995736766e-17,1.0,0,0,2
B2,roll_04,rf,2026-02-06 07:00:00+00:00,2026-02-06 08:00:00+00:00,0,1,2025-12-08T00:00:00+00:00,2026-02-02T00:00:00+00:00,2026-02-02T00:00:00+00:00,2026-02-09T00:00:00+00:00,1538.8590163934423,1407.070221199255,131.7887951941873,1,low,0,0.0,0,2,0,0,0,0,0,0,0,0,0,0,0,0,0,0,0,0,0,0,0,0,0,0,4,2415.724502125278,2067.114606741573,1672.158108108108,1597.1892857142857,7,-0.2588190451025206,0.9659258262890684,0,0,2
B2,roll_04,rf,2026-02-06 08:00:00+00:00,2026-02-06 09:00:00+00:00,0,1,2025-12-08T00:00:00+00:00,2026-02-02T00:00:00+00:00,2026-02-02T00:00:00+00:00,2026-02-09T00:00:00+00:00,808.640361445783,1238.9308899248856,-430.2905284791026,1,low,0,0.0,0,2,0,0,0,0,0,0,0,0,0,0,0,0,0,0,0,0,0,0,0,0,0,0,4,2088.875723270194,1597.1892857142857,1393.502840909091,1538.8590163934423,8,-0.4999999999999998,0.8660254037844387,0,0,2
B2,roll_04,rf,2026-02-06 09:00:00+00:00,2026-02-06 10:00:00+00:00,0,1,2025-12-08T00:00:00+00:00,2026-02-02T00:00:00+00:00,2026-02-02T00:00:00+00:00,2026-02-09T00:00:00+00:00,1106.088343558282,1028.7487652437928,77.33957831448924,1,low,0,0.0,0,2,0,0,0,0,0,0,0,0,0,0,0,0,0,0,0,0,0,0,0,0,0,0,4,1376.5848081650277,1538.8590163934423,1354.447186147186,808.640361445783,9,-0.7071067811865475,0.7071067811865476,0,0,2
B2,roll_04,rf,2026-02-06 10:00:00+00:00,2026-02-06 11:00:00+00:00,0,1,2025-12-08T00:00:00+00:00,2026-02-02T00:00:00+00:00,2026-02-02T00:00:00+00:00,2026-02-09T00:00:00+00:00,-642.7065420560747,968.0986759427635,-1610.805217998838,1,med,0,0.0,0,2,0,0,0,0,0,0,0,0,0,0,0,0,0,0,0,0,0,0,0,0,0,0,4,637.5708449115556,808.640361445783,662.0819532908704,1106.088343558282,10,-0.8660254037844387,0.4999999999999999,0,0,2
B2,roll_04,rf,2026-02-06 11:00:00+00:00,2026-02-06 12:00:00+00:00,0,1,2025-12-08T00:00:00+00:00,2026-02-02T00:00:00+00:00,2026-02-02T00:00:00+00:00,2026-02-09T00:00:00+00:00,-1011.863082437276,-109.8488270085822,-902.0142554286938,1,high,0,0.0,0,3,1,0,0,0,0,0,0,0,0,0,0,0,0,0,0,0,0,0,0,0,0,0,4,-1038.640299738972,1106.088343558282,-1116.5161157024795,-642.7065420560747,11,-0.9659258262890682,0.258819045102521,0,0,2
B2,roll_04,rf,2026-02-06 12:00:00+00:00,2026-02-06 13:00:00+00:00,0,1,2025-12-08T00:00:00+00:00,2026-02-02T00:00:00+00:00,2026-02-02T00:00:00+00:00,2026-02-09T00:00:00+00:00,-893.904280155642,-362.2652678037301,-531.6390123519119,1,high,0,0.0,0,3,1,0,0,0,0,0,0,0,0,0,0,0,0,0,0,0,0,0,0,0,0,0,4,338.58896643852773,-642.7065420560747,-936.9505836575876,-1011.863082437276,12,-1.0,1.2246467991473532e-16,0,0,2
B2,roll_04,rf,2026-02-06 13:00:00+00:00,2026-02-06 14:00:00+00:00,0,1,2025-12-08T00:00:00+00:00,2026-02-02T00:00:00+00:00,2026-02-02T00:00:00+00:00,2026-02-09T00:00:00+00:00,-665.2588028169014,-347.1636653705602,-318.0951374463412,1,high,0,0.0,0,3,1,0,0,0,0,0,0,0,0,0,0,0,0,0,0,0,0,0,0,0,0,0,4,-266.5041079402778,-1011.863082437276,-837.3921487603305,-893.904280155642,13,-0.9659258262890684,-0.2588190451025208,0,0,2
B2,roll_04,rf,2026-02-06 14:00:00+00:00,2026-02-06 15:00:00+00:00,0,1,2025-12-08T00:00:00+00:00,2026-02-02T00:00:00+00:00,2026-02-02T00:00:00+00:00,2026-02-09T00:00:00+00:00,710.4511864406779,-207.0519752480697,917.5031616887477,1,med,0,0.0,0,3,1,0,0,0,0,0,0,0,0,0,0,0,0,0,0,0,0,0,0,0,0,0,4,376.1624140875,-893.904280155642,-375.85170454545454,-665.2588028169014,14,-0.8660254037844388,-0.4999999999999997,0,0,2
B2,roll_04,rf,2026-02-06 15:00:00+00:00,2026-02-06 16:00:00+00:00,0,1,2025-12-08T00:00:00+00:00,2026-02-02T00:00:00+00:00,2026-02-02T00:00:00+00:00,2026-02-09T00:00:00+00:00,641.5711610486892,643.9868880599969,-2.4157270113076947,1,med,0,0.0,0,3,0,0,0,0,0,0,0,0,0,0,0,0,0,0,0,0,0,0,0,0,0,0,4,1082.7555175266666,-665.2588028169014,735.4822981366459,710.4511864406779,15,-0.7071067811865479,-0.7071067811865471,0,0,2
B2,roll_04,rf,2026-02-06 16:00:00+00:00,2026-02-06 17:00:00+00:00,0,1,2025-12-08T00:00:00+00:00,2026-02-02T00:00:00+00:00,2026-02-02T00:00:00+00:00,2026-02-09T00:00:00+00:00,1208.6992857142857,761.8554754835932,446.8438102306925,1,low,0,0.0,0,3,0,0,0,0,0,0,0,0,0,0,0,0,0,0,0,0,0,0,0,0,0,0,4,1956.864773614972,710.4511864406779,773.8824840764331,641.5711610486892,16,-0.5000000000000004,-0.8660254037844385,0,0,2
B2,roll_04,rf,2026-02-06 17:00:00+00:00,2026-02-06 18:00:00+00:00,0,1,2025-12-08T00:00:00+00:00,2026-02-02T00:00:00+00:00,2026-02-02T00:00:00+00:00,2026-02-09T00:00:00+00:00,1998.979389312977,1355.143025854045,643.836363458932,0,night,0,0.0,0,3,0,0,0,0,0,0,0,0,0,0,0,0,0,0,0,0,0,0,0,0,0,0,4,2558.768179305,641.5711610486892,822.6935275080906,1208.6992857142857,17,-0.2588190451025206,-0.9659258262890684,0,0,2
B2,roll_04,rf,2026-02-06 18:00:00+00:00,2026-02-06 19:00:00+00:00,0,1,2025-12-08T00:00:00+00:00,2026-02-02T00:00:00+00:00,2026-02-02T00:00:00+00:00,2026-02-09T00:00:00+00:00,1523.3758957654725,1642.2289603180654,-118.85306455259297,0,night,0,0.0,0,2,0,0,0,0,0,0,0,0,0,0,0,0,0,0,0,0,0,0,0,0,0,0,4,1987.7934036818888,1208.6992857142857,1374.275974025974,1998.979389312977,18,-1.8369701987210292e-16,-1.0,0,0,2
B2,roll_04,rf,2026-02-06 19:00:00+00:00,2026-02-06 20:00:00+00:00,0,1,2025-12-08T00:00:00+00:00,2026-02-02T00:00:00+00:00,2026-02-02T00:00:00+00:00,2026-02-09T00:00:00+00:00,912.399686520376,1210.3188698785384,-297.9191833581624,0,night,0,0.0,0,2,0,0,0,0,0,0,0,0,0,0,0,0,0,0,0,0,0,0,0,0,0,0,4,1676.7119280521667,1998.979389312977,1357.352397260274,1523.3758957654725,19,0.2588190451025203,-0.9659258262890684,0,0,2
B2,roll_04,rf,2026-02-06 20:00:00+00:00,2026-02-06 21:00:00+00:00,0,1,2025-12-08T00:00:00+00:00,2026-02-02T00:00:00+00:00,2026-02-02T00:00:00+00:00,2026-02-09T00:00:00+00:00,912.399686520376,962.0956621090364,-49.69597558866042,0,night,0,0.0,0,2,0,0,0,0,0,0,0,0,0,0,0,0,0,0,0,0,0,0,0,0,0,0,4,1399.5987402705557,1523.3758957654725,756.398866855524,912.399686520376,20,0.5000000000000001,-0.8660254037844386,0,0,2
B2,roll_04,rf,2026-02-07 06:00:00+00:00,2026-02-07 07:00:00+00:00,0,1,2025-12-08T00:00:00+00:00,2026-02-02T00:00:00+00:00,2026-02-02T00:00:00+00:00,2026-02-09T00:00:00+00:00,1559.708875739645,1889.9566496802754,-330.2477739406304,0,night,0,0.0,0,2,0,1,1,0,0,0,10,0,0,0,0,0,0,0,1,0,0,0,1,0,0,1,5,2133.987086771556,2298.011320754717,2067.114606741573,2062.442647058824,6,6.123233995736766e-17,1.0,0,1,2
B2,roll_04,rf,2026-02-07 07:00:00+00:00,2026-02-07 08:00:00+00:00,0,1,2025-12-08T00:00:00+00:00,2026-02-02T00:00:00+00:00,2026-02-02T00:00:00+00:00,2026-02-09T00:00:00+00:00,706.9373134328358,1434.1930405528756,-727.2557271200398,1,low,0,0.0,0,2,0,0,0,0,0,0,0,0,0,0,0,0,0,0,0,0,0,0,0,0,0,0,5,1020.5726502083334,2062.442647058824,1597.1892857142857,1559.708875739645,7,-0.2588190451025206,0.9659258262890684,0,1,2
B2,roll_04,rf,2026-02-07 08:00:00+00:00,2026-02-07 09:00:00+00:00,0,1,2025-12-08T00:00:00+00:00,2026-02-02T00:00:00+00:00,2026-02-02T00:00:00+00:00,2026-02-09T00:00:00+00:00,632.1936915887851,1065.4804633703639,-433.28677178157875,1,low,0,0.0,0,2,0,0,0,0,0,0,0,0,0,0,0,0,0,0,0,0,0,0,0,0,0,0,5,419.2874801181944,1559.708875739645,1538.8590163934423,706.9373134328358,8,-0.4999999999999998,0.8660254037844387,0,1,2
B2,roll_04,rf,2026-02-07 09:00:00+00:00,2026-02-07 10:00:00+00:00,0,1,2025-12-08T00:00:00+00:00,2026-02-02T00:00:00+00:00,2026-02-02T00:00:00+00:00,2026-02-09T00:00:00+00:00,578.2054744525547,754.4643263178973,-176.25885186534265,1,low,0,0.0,0,2,0,0,0,0,0,0,0,0,0,0,0,0,0,0,0,0,0,0,0,0,0,0,5,250.3521221068889,706.9373134328358,808.640361445783,632.1936915887851,9,-0.7071067811865475,0.7071067811865476,0,1,2
B2,roll_04,rf,2026-02-07 10:00:00+00:00,2026-02-07 11:00:00+00:00,0,1,2025-12-08T00:00:00+00:00,2026-02-02T00:00:00+00:00,2026-02-02T00:00:00+00:00,2026-02-09T00:00:00+00:00,-41.95252679938744,662.6989371403356,-704.651463939723,1,low,0,0.0,0,2,0,0,0,0,0,0,0,0,0,0,0,0,0,0,0,0,0,0,0,0,0,0,5,334.93582907008334,632.1936915887851,1106.088343558282,578.2054744525547,10,-0.8660254037844387,0.4999999999999999,0,1,2
B2,roll_04,rf,2026-02-07 11:00:00+00:00,2026-02-07 12:00:00+00:00,0,1,2025-12-08T00:00:00+00:00,2026-02-02T00:00:00+00:00,2026-02-02T00:00:00+00:00,2026-02-09T00:00:00+00:00,446.3483552631579,-35.415193579806605,481.7635488429645,1,high,0,0.0,0,3,1,0,0,0,0,0,0,0,0,0,0,0,0,0,0,0,0,0,0,0,0,0,5,-25.482023055444444,578.2054744525547,-642.7065420560747,-41.95252679938744,11,-0.9659258262890682,0.258819045102521,0,1,2
B2,roll_04,rf,2026-02-07 12:00:00+00:00,2026-02-07 13:00:00+00:00,0,1,2025-12-08T00:00:00+00:00,2026-02-02T00:00:00+00:00,2026-02-02T00:00:00+00:00,2026-02-09T00:00:00+00:00,632.8982843137255,503.6278617407689,129.27042257295665,1,med,0,0.0,0,3,0,0,0,0,0,0,0,0,0,0,0,0,0,0,0,0,0,0,0,0,0,0,5,-362.59401059927774,-41.95252679938744,-1011.863082437276,446.3483552631579,12,-1.0,1.2246467991473532e-16,0,1,2
B2,roll_04,rf,2026-02-07 13:00:00+00:00,2026-02-07 14:00:00+00:00,0,1,2025-12-08T00:00:00+00:00,2026-02-02T00:00:00+00:00,2026-02-02T00:00:00+00:00,2026-02-09T00:00:00+00:00,561.9701612903226,678.1024763261494,-116.13231503582676,1,low,0,0.0,0,3,0,0,0,0,0,0,0,0,0,0,0,0,0,0,0,0,0,0,0,0,0,0,5,-31.184125589083333,446.3483552631579,-893.904280155642,632.8982843137255,13,-0.9659258262890684,-0.2588190451025208,0,1,2
B2,roll_04,rf,2026-02-07 14:00:00+00:00,2026-02-07 15:00:00+00:00,0,1,2025-12-08T00:00:00+00:00,2026-02-02T00:00:00+00:00,2026-02-02T00:00:00+00:00,2026-02-09T00:00:00+00:00,334.5904761904762,630.2236002919203,-295.63312410144414,1,low,0,0.0,0,3,0,0,0,0,0,0,0,0,0,0,0,0,0,0,0,0,0,0,0,0,0,0,5,-90.87281389516666,632.8982843137255,-665.2588028169014,561.9701612903226,14,-0.8660254037844388,-0.4999999999999997,0,1,2
B2,roll_04,rf,2026-02-07 15:00:00+00:00,2026-02-07 16:00:00+00:00,0,1,2025-12-08T00:00:00+00:00,2026-02-02T00:00:00+00:00,2026-02-02T00:00:00+00:00,2026-02-09T00:00:00+00:00,645.034188034188,563.056551079079,81.977636955109,1,low,0,0.0,0,3,0,0,0,0,0,0,0,0,0,0,0,0,0,0,0,0,0,0,0,0,0,0,5,422.2890764387501,561.9701612903226,710.4511864406779,334.5904761904762,15,-0.7071067811865479,-0.7071067811865471,0,1,2
B2,roll_04,rf,2026-02-07 16:00:00+00:00,2026-02-07 17:00:00+00:00,0,1,2025-12-08T00:00:00+00:00,2026-02-02T00:00:00+00:00,2026-02-02T00:00:00+00:00,2026-02-09T00:00:00+00:00,804.1076923076923,678.1456465578249,125.96204574986746,1,low,0,0.0,0,3,0,0,0,0,0,0,0,0,0,0,0,0,0,0,0,0,0,0,0,0,0,0,5,514.5742918275556,334.5904761904762,641.5711610486892,645.034188034188,16,-0.5000000000000004,-0.8660254037844385,0,1,2
B2,roll_04,rf,2026-02-07 17:00:00+00:00,2026-02-07 18:00:00+00:00,0,1,2025-12-08T00:00:00+00:00,2026-02-02T00:00:00+00:00,2026-02-02T00:00:00+00:00,2026-02-09T00:00:00+00:00,1198.3504918032788,1148.7599962924928,49.59049551078601,0,night,0,0.0,0,3,0,1,1,0,2,0,0,1,0,0,1,0,1,0,0,0,1,0,0,0,0,0,5,555.1924943127777,645.034188034188,1208.6992857142857,804.1076923076923,17,-0.2588190451025206,-0.9659258262890684,0,1,2
B2,roll_04,rf,2026-02-07 18:00:00+00:00,2026-02-07 19:00:00+00:00,0,1,2025-12-08T00:00:00+00:00,2026-02-02T00:00:00+00:00,2026-02-02T00:00:00+00:00,2026-02-09T00:00:00+00:00,1452.110101010101,1418.758389968517,33.35171104158417,0,night,0,0.0,0,2,0,1,1,0,2,0,0,1,0,0,1,0,1,0,0,0,1,0,0,0,0,0,5,563.0741589198611,804.1076923076923,1998.979389312977,1198.3504918032788,18,-1.8369701987210292e-16,-1.0,0,1,2
B2,roll_04,rf,2026-02-07 19:00:00+00:00,2026-02-07 20:00:00+00:00,0,1,2025-12-08T00:00:00+00:00,2026-02-02T00:00:00+00:00,2026-02-02T00:00:00+00:00,2026-02-09T00:00:00+00:00,497.8637305699482,1079.2289754028081,-581.36524483286,0,night,0,0.0,0,2,0,0,0,0,0,0,0,0,0,0,0,0,0,0,0,0,0,0,0,0,0,0,5,532.8345183753889,1198.3504918032788,1523.3758957654725,1452.110101010101,19,0.2588190451025203,-0.9659258262890684,0,1,2
B2,roll_04,rf,2026-02-07 20:00:00+00:00,2026-02-07 21:00:00+00:00,0,1,2025-12-08T00:00:00+00:00,2026-02-02T00:00:00+00:00,2026-02-02T00:00:00+00:00,2026-02-09T00:00:00+00:00,872.810650887574,694.3617824660444,178.4488684215296,0,night,0,0.0,0,2,0,1,1,0,2,0,0,1,0,0,1,0,1,0,0,0,1,0,0,0,0,0,5,552.461400302111,1452.110101010101,912.399686520376,497.8637305699482,20,0.5000000000000001,-0.8660254037844386,0,1,2
B2,roll_04,rf,2026-02-08 05:00:00+00:00,2026-02-08 06:00:00+00:00,0,1,2025-12-08T00:00:00+00:00,2026-02-02T00:00:00+00:00,2026-02-02T00:00:00+00:00,2026-02-09T00:00:00+00:00,379.6493975903615,758.9721757455255,-379.32277815516403,0,night,0,0.0,0,2,0,1,1,0,8,0,0,0,0,1,1,0,1,0,0,0,1,0,0,0,0,0,6,555.9197919330833,369.4539094650206,2298.011320754717,397.2683333333333,5,0.2588190451025207,0.9659258262890684,0,1,2
B2,roll_04,rf,2026-02-08 06:00:00+00:00,2026-02-08 07:00:00+00:00,0,1,2025-12-08T00:00:00+00:00,2026-02-02T00:00:00+00:00,2026-02-02T00:00:00+00:00,2026-02-09T00:00:00+00:00,1316.8424615384615,675.9372704943945,640.905191044067,0,night,0,0.0,0,2,0,1,1,0,8,0,0,0,0,1,1,0,1,0,0,0,1,0,0,0,0,0,6,1160.5435193141388,397.2683333333333,2062.442647058824,379.6493975903615,6,6.123233995736766e-17,1.0,0,1,2
B2,roll_04,rf,2026-02-08 07:00:00+00:00,2026-02-08 08:00:00+00:00,0,1,2025-12-08T00:00:00+00:00,2026-02-02T00:00:00+00:00,2026-02-02T00:00:00+00:00,2026-02-09T00:00:00+00:00,834.62125,1421.7497729834179,-587.1285229834178,1,low,0,0.0,0,2,0,0,0,0,0,0,0,0,0,0,0,0,0,0,0,0,0,0,0,0,0,0,6,691.6709654138334,379.6493975903615,1559.708875739645,1316.8424615384615,7,-0.2588190451025206,0.9659258262890684,0,1,2
B2,roll_04,rf,2026-02-08 08:00:00+00:00,2026-02-08 09:00:00+00:00,0,1,2025-12-08T00:00:00+00:00,2026-02-02T00:00:00+00:00,2026-02-02T00:00:00+00:00,2026-02-09T00:00:00+00:00,1570.537150837989,950.8661604108222,619.6709904271668,1,low,0,0.0,0,2,0,0,0,0,0,0,0,0,0,0,0,0,0,0,0,0,0,0,0,0,0,0,6,1089.2109433604444,1316.8424615384615,706.9373134328358,834.62125,8,-0.4999999999999998,0.8660254037844387,0,1,2
B2,roll_04,rf,2026-02-08 09:00:00+00:00,2026-02-08 10:00:00+00:00,0,1,2025-12-08T00:00:00+00:00,2026-02-02T00:00:00+00:00,2026-02-02T00:00:00+00:00,2026-02-09T00:00:00+00:00,1105.7391382405744,1089.034638708618,16.704499531956344,1,low,0,0.0,0,2,0,0,0,0,0,0,0,0,0,0,0,0,0,0,0,0,0,0,0,0,0,0,6,303.2054646118889,834.62125,632.1936915887851,1570.537150837989,9,-0.7071067811865475,0.7071067811865476,0,1,2
B2,roll_04,rf,2026-02-08 10:00:00+00:00,2026-02-08 11:00:00+00:00,0,1,2025-12-08T00:00:00+00:00,2026-02-02T00:00:00+00:00,2026-02-02T00:00:00+00:00,2026-02-09T00:00:00+00:00,923.620527306968,1023.6526697579366,-100.03214245096854,1,med,0,0.0,0,3,0,0,0,0,0,0,0,0,0,0,0,0,0,0,0,0,0,0,0,0,0,0,6,306.5586802728889,1570.537150837989,578.2054744525547,1105.7391382405744,10,-0.8660254037844387,0.4999999999999999,0,1,2
B2,roll_04,rf,2026-02-08 11:00:00+00:00,2026-02-08 12:00:00+00:00,0,1,2025-12-08T00:00:00+00:00,2026-02-02T00:00:00+00:00,2026-02-02T00:00:00+00:00,2026-02-09T00:00:00+00:00,947.024628450106,815.4331950204876,131.5914334296184,1,med,0,0.0,0,3,0,0,0,0,0,0,0,0,0,0,0,0,0,0,0,0,0,0,0,0,0,0,6,298.92543760088887,1105.7391382405744,-41.95252679938744,923.620527306968,11,-0.9659258262890682,0.258819045102521,0,1,2
B2,roll_04,rf,2026-02-08 12:00:00+00:00,2026-02-08 13:00:00+00:00,0,1,2025-12-08T00:00:00+00:00,2026-02-02T00:00:00+00:00,2026-02-02T00:00:00+00:00,2026-02-09T00:00:00+00:00,712.1665188470066,960.6866933536431,-248.52017450663652,1,med,0,0.0,0,3,0,0,0,0,0,0,0,0,0,0,0,0,0,0,0,0,0,0,0,0,0,0,6,73.55411946638888,923.620527306968,446.3483552631579,947.024628450106,12,-1.0,1.2246467991473532e-16,0,1,2
B2,roll_04,rf,2026-02-08 13:00:00+00:00,2026-02-08 14:00:00+00:00,0,1,2025-12-08T00:00:00+00:00,2026-02-02T00:00:00+00:00,2026-02-02T00:00:00+00:00,2026-02-09T00:00:00+00:00,736.6655786350148,851.2020979009203,-114.53651926590555,1,low,0,0.0,0,3,0,0,0,0,0,0,0,0,0,0,0,0,0,0,0,0,0,0,0,0,0,0,6,151.58054217927778,947.024628450106,632.8982843137255,712.1665188470066,13,-0.9659258262890684,-0.2588190451025208,0,1,2
B2,roll_04,rf,2026-02-08 14:00:00+00:00,2026-02-08 15:00:00+00:00,0,1,2025-12-08T00:00:00+00:00,2026-02-02T00:00:00+00:00,2026-02-02T00:00:00+00:00,2026-02-09T00:00:00+00:00,695.3514285714285,835.1626147674959,-139.8111861960674,1,low,0,0.0,0,3,0,0,0,0,0,0,0,0,0,0,0,0,0,0,0,0,0,0,0,0,0,0,6,1336.6438164391946,712.1665188470066,561.9701612903226,736.6655786350148,14,-0.8660254037844388,-0.4999999999999997,0,1,2
B2,roll_04,rf,2026-02-08 15:00:00+00:00,2026-02-08 16:00:00+00:00,0,1,2025-12-08T00:00:00+00:00,2026-02-02T00:00:00+00:00,2026-02-02T00:00:00+00:00,2026-02-09T00:00:00+00:00,1433.765206812652,794.5016184629999,639.2635883496521,1,low,0,0.0,0,3,0,0,0,0,0,0,0,0,0,0,0,0,0,0,0,0,0,0,0,0,0,0,6,1896.0841900744165,736.6655786350148,334.5904761904762,695.3514285714285,15,-0.7071067811865479,-0.7071067811865471,0,1,2
B2,roll_04,rf,2026-02-08 16:00:00+00:00,2026-02-08 17:00:00+00:00,0,1,2025-12-08T00:00:00+00:00,2026-02-02T00:00:00+00:00,2026-02-02T00:00:00+00:00,2026-02-09T00:00:00+00:00,1460.5596112311014,1357.1850285596297,103.37458267147167,1,low,0,0.0,0,3,0,0,0,0,0,0,0,0,0,0,0,0,0,0,0,0,0,0,0,0,0,0,6,2484.501672130778,695.3514285714285,645.034188034188,1433.765206812652,16,-0.5000000000000004,-0.8660254037844385,0,1,2
B2,roll_04,rf,2026-02-08 17:00:00+00:00,2026-02-08 18:00:00+00:00,0,1,2025-12-08T00:00:00+00:00,2026-02-02T00:00:00+00:00,2026-02-02T00:00:00+00:00,2026-02-09T00:00:00+00:00,1677.3,1405.4728345981512,271.8271654018488,0,night,0,0.0,0,2,0,1,1,0,2,0,0,1,0,0,1,0,1,0,0,0,1,0,0,0,0,0,6,2486.544613380472,1433.765206812652,804.1076923076923,1460.5596112311014,17,-0.2588190451025206,-0.9659258262890684,0,1,2
B2,roll_04,rf,2026-02-08 18:00:00+00:00,2026-02-08 19:00:00+00:00,0,1,2025-12-08T00:00:00+00:00,2026-02-02T00:00:00+00:00,2026-02-02T00:00:00+00:00,2026-02-09T00:00:00+00:00,1634.7964788732395,1623.4271477524703,11.369331120769175,0,night,0,0.0,0,2,0,1,1,0,2,0,0,1,0,0,1,0,1,0,0,0,1,0,0,0,0,0,6,2612.5492478209444,1460.5596112311014,1198.3504918032788,1677.3,18,-1.8369701987210292e-16,-1.0,0,1,2
B2,roll_04,rf,2026-02-08 19:00:00+00:00,2026-02-08 20:00:00+00:00,0,1,2025-12-08T00:00:00+00:00,2026-02-02T00:00:00+00:00,2026-02-02T00:00:00+00:00,2026-02-09T00:00:00+00:00,1380.816091954023,1307.6501512133786,73.16594074064437,0,night,0,0.0,0,2,0,0,0,0,0,0,0,0,0,0,0,0,0,0,0,0,0,0,0,0,0,0,6,3017.157618471861,1677.3,1452.110101010101,1634.7964788732395,19,0.2588190451025203,-0.9659258262890684,0,1,2
B2,roll_04,rf,2026-02-08 20:00:00+00:00,2026-02-08 21:00:00+00:00,0,1,2025-12-08T00:00:00+00:00,2026-02-02T00:00:00+00:00,2026-02-02T00:00:00+00:00,2026-02-09T00:00:00+00:00,1796.902564102564,1112.350789558633,684.5517745439308,0,night,0,0.0,0,2,0,1,1,0,1,0,0,1,0,0,1,0,1,0,0,0,1,0,0,0,0,0,6,2133.137917275778,1634.7964788732395,497.8637305699482,1380.816091954023,20,0.5000000000000001,-0.8660254037844386,0,1,2
B2,roll_04,rf,2026-02-08 21:00:00+00:00,2026-02-08 22:00:00+00:00,0,1,2025-12-08T00:00:00+00:00,2026-02-02T00:00:00+00:00,2026-02-02T00:00:00+00:00,2026-02-09T00:00:00+00:00,682.9762008733624,1484.9791178480605,-802.0029169746981,0,night,0,0.0,0,2,0,0,0,0,0,0,0,0,0,0,0,0,0,0,0,0,0,0,0,0,0,0,6,952.1327068525555,1380.816091954023,872.810650887574,1796.902564102564,21,0.7071067811865474,-0.7071067811865477,0,1,2
B2,roll_04,persistence,2026-02-01 23:00:00+00:00,2026-02-02 00:00:00+00:00,0,1,2025-12-08T00:00:00+00:00,2026-02-02T00:00:00+00:00,2026-02-02T00:00:00+00:00,2026-02-09T00:00:00+00:00,543.2085049798055,976.5316384429444,-433.3231334631389,0,night,0,0.0,0,1,0,0,0,0,0,0,0,0,0,0,0,0,0,0,0,0,0,0,0,0,0,0,6,401.8299940770556,1463.8755507140277,565.2245665261389,976.5316384429444,23,0.965925826289068,-0.2588190451025215,0,1,2
B2,roll_04,persistence,2026-02-02 00:00:00+00:00,2026-02-02 01:00:00+00:00,0,1,2025-12-08T00:00:00+00:00,2026-02-02T00:00:00+00:00,2026-02-02T00:00:00+00:00,2026-02-09T00:00:00+00:00,555.9650401257778,543.2085049798055,12.756535145972293,0,night,0,0.0,0,1,0,0,0,0,0,0,0,0,0,0,0,0,0,0,0,0,0,0,0,0,0,0,0,369.4281183008611,976.5316384429444,564.1097782727777,543.2085049798055,0,1.0,0.0,0,0,2
B2,roll_04,persistence,2026-02-02 01:00:00+00:00,2026-02-02 02:00:00+00:00,0,1,2025-12-08T00:00:00+00:00,2026-02-02T00:00:00+00:00,2026-02-02T00:00:00+00:00,2026-02-09T00:00:00+00:00,559.2648734329445,555.9650401257778,3.2998333071666366,0,night,0,0.0,0,1,0,1,1,0,4,0,0,0,1,0,1,0,1,0,0,0,1,0,0,0,0,0,0,418.7639288361667,543.2085049798055,533.409867254,555.9650401257778,1,0.9659258262890684,0.2588190451025207,0,0,2
B2,roll_04,persistence,2026-02-02 02:00:00+00:00,2026-02-02 03:00:00+00:00,0,1,2025-12-08T00:00:00+00:00,2026-02-02T00:00:00+00:00,2026-02-02T00:00:00+00:00,2026-02-09T00:00:00+00:00,543.3187399811248,559.2648734329445,-15.946133451819605,0,night,0,0.0,0,1,0,1,1,0,4,0,0,0,1,0,1,0,1,0,0,0,1,0,0,0,0,0,0,391.5396551361389,555.9650401257778,562.5751383565,559.2648734329445,2,0.8660254037844387,0.4999999999999999,0,0,2
B2,roll_04,persistence,2026-02-02 03:00:00+00:00,2026-02-02 04:00:00+00:00,0,1,2025-12-08T00:00:00+00:00,2026-02-02T00:00:00+00:00,2026-02-02T00:00:00+00:00,2026-02-09T00:00:00+00:00,1132.2936000000002,543.3187399811248,588.9748600188753,0,night,0,0.0,0,1,0,1,1,0,4,0,0,0,1,0,1,0,1,0,0,0,1,0,0,0,0,0,0,371.4401780996666,559.2648734329445,534.4757679513611,543.3187399811248,3,0.7071067811865476,0.7071067811865476,0,0,2
B2,roll_04,persistence,2026-02-02 04:00:00+00:00,2026-02-02 05:00:00+00:00,0,1,2025-12-08T00:00:00+00:00,2026-02-02T00:00:00+00:00,2026-02-02T00:00:00+00:00,2026-02-09T00:00:00+00:00,1968.2842857142853,1132.2936000000002,835.9906857142851,0,night,0,0.0,0,1,0,1,1,0,4,0,0,0,1,0,1,0,1,0,0,0,1,0,0,0,0,0,0,1028.218939733639,543.3187399811248,559.3680544099722,1132.2936000000002,4,0.5000000000000001,0.8660254037844386,0,0,2
B2,roll_04,persistence,2026-02-02 05:00:00+00:00,2026-02-02 06:00:00+00:00,0,1,2025-12-08T00:00:00+00:00,2026-02-02T00:00:00+00:00,2026-02-02T00:00:00+00:00,2026-02-09T00:00:00+00:00,2066.43476702509,1968.2842857142853,98.15048131080471,0,night,0,0.0,0,1,0,0,0,0,0,0,0,0,0,0,0,0,0,0,0,0,0,0,0,0,0,0,0,2114.055589798917,1132.2936000000002,555.9197919330833,1968.2842857142853,5,0.2588190451025207,0.9659258262890684,0,0,2
B2,roll_04,persistence,2026-02-02 06:00:00+00:00,2026-02-02 07:00:00+00:00,0,1,2025-12-08T00:00:00+00:00,2026-02-02T00:00:00+00:00,2026-02-02T00:00:00+00:00,2026-02-09T00:00:00+00:00,1906.8957894736843,2066.43476702509,-159.53897755140565,0,night,0,0.0,0,1,0,0,0,0,0,0,0,0,0,0,0,0,0,0,0,0,0,0,0,0,0,0,0,2600.770309974528,1968.2842857142853,1160.5435193141388,2066.43476702509,6,6.123233995736766e-17,1.0,0,0,2
B2,roll_04,persistence,2026-02-02 07:00:00+00:00,2026-02-02 08:00:00+00:00,0,1,2025-12-08T00:00:00+00:00,2026-02-02T00:00:00+00:00,2026-02-02T00:00:00+00:00,2026-02-09T00:00:00+00:00,1804.416,1906.8957894736843,-102.47978947368438,1,low,0,0.0,0,1,0,0,0,0,0,0,0,0,0,0,0,0,0,0,0,0,0,0,0,0,0,0,0,2010.6085535996945,2066.43476702509,691.6709654138334,1906.8957894736843,7,-0.2588190451025206,0.9659258262890684,0,0,2
B2,roll_04,persistence,2026-02-02 08:00:00+00:00,2026-02-02 09:00:00+00:00,0,1,2025-12-08T00:00:00+00:00,2026-02-02T00:00:00+00:00,2026-02-02T00:00:00+00:00,2026-02-09T00:00:00+00:00,1845.520588235294,1804.416,41.10458823529416,1,low,0,0.0,0,2,0,0,0,0,0,0,0,0,0,0,0,0,0,0,0,0,0,0,0,0,0,0,0,1665.4681254328334,1906.8957894736843,1089.2109433604444,1804.416,8,-0.4999999999999998,0.8660254037844387,0,0,2
B2,roll_04,persistence,2026-02-02 09:00:00+00:00,2026-02-02 10:00:00+00:00,0,1,2025-12-08T00:00:00+00:00,2026-02-02T00:00:00+00:00,2026-02-02T00:00:00+00:00,2026-02-09T00:00:00+00:00,1895.989453125,1845.520588235294,50.468864889705856,1,low,0,0.0,0,2,0,0,0,0,0,0,0,0,0,0,0,0,0,0,0,0,0,0,0,0,0,0,0,1007.3270680508888,1804.416,303.2054646118889,1845.520588235294,9,-0.7071067811865475,0.7071067811865476,0,0,2
B2,roll_04,persistence,2026-02-02 10:00:00+00:00,2026-02-02 11:00:00+00:00,0,1,2025-12-08T00:00:00+00:00,2026-02-02T00:00:00+00:00,2026-02-02T00:00:00+00:00,2026-02-09T00:00:00+00:00,1458.9305555555557,1895.989453125,-437.0588975694443,1,low,0,0.0,0,2,0,0,0,0,0,0,0,0,0,0,0,0,0,0,0,0,0,0,0,0,0,0,0,-569.4865977234444,1845.520588235294,306.5586802728889,1895.989453125,10,-0.8660254037844387,0.4999999999999999,0,0,2
B2,roll_04,persistence,2026-02-02 11:00:00+00:00,2026-02-02 12:00:00+00:00,0,1,2025-12-08T00:00:00+00:00,2026-02-02T00:00:00+00:00,2026-02-02T00:00:00+00:00,2026-02-09T00:00:00+00:00,994.9530726256984,1458.9305555555557,-463.9774829298573,1,low,0,0.0,0,2,0,0,0,0,0,0,0,0,0,0,0,0,0,0,0,0,0,0,0,0,0,0,0,-741.4332030484165,1895.989453125,298.92543760088887,1458.9305555555557,11,-0.9659258262890682,0.258819045102521,0,0,2
B2,roll_04,persistence,2026-02-02 12:00:00+00:00,2026-02-02 13:00:00+00:00,0,1,2025-12-08T00:00:00+00:00,2026-02-02T00:00:00+00:00,2026-02-02T00:00:00+00:00,2026-02-09T00:00:00+00:00,891.7146341463415,994.9530726256984,-103.23843847935689,1,low,0,0.0,0,2,0,0,0,0,0,0,0,0,0,0,0,0,0,0,0,0,0,0,0,0,0,0,0,-1079.799870834083,1458.9305555555557,73.55411946638888,994.9530726256984,12,-1.0,1.2246467991473532e-16,0,0,2
B2,roll_04,persistence,2026-02-02 13:00:00+00:00,2026-02-02 14:00:00+00:00,0,1,2025-12-08T00:00:00+00:00,2026-02-02T00:00:00+00:00,2026-02-02T00:00:00+00:00,2026-02-09T00:00:00+00:00,747.8884726224784,891.7146341463415,-143.8261615238631,1,low,0,0.0,0,2,0,0,0,0,0,0,0,0,0,0,0,0,0,0,0,0,0,0,0,0,0,0,0,94.50215176250003,994.9530726256984,151.58054217927778,891.7146341463415,13,-0.9659258262890684,-0.2588190451025208,0,0,2
B2,roll_04,persistence,2026-02-02 14:00:00+00:00,2026-02-02 15:00:00+00:00,0,1,2025-12-08T00:00:00+00:00,2026-02-02T00:00:00+00:00,2026-02-02T00:00:00+00:00,2026-02-09T00:00:00+00:00,1131.010752688172,747.8884726224784,383.12228006569364,1,low,0,0.0,0,2,0,0,0,0,0,0,0,0,0,0,0,0,0,0,0,0,0,0,0,0,0,0,0,-184.2188756273056,891.7146341463415,1336.6438164391946,747.8884726224784,14,-0.8660254037844388,-0.4999999999999997,0,0,2
B2,roll_04,persistence,2026-02-02 15:00:00+00:00,2026-02-02 16:00:00+00:00,0,1,2025-12-08T00:00:00+00:00,2026-02-02T00:00:00+00:00,2026-02-02T00:00:00+00:00,2026-02-09T00:00:00+00:00,1511.6196629213482,1131.010752688172,380.6089102331762,1,low,0,0.0,0,2,0,0,0,0,0,0,0,0,0,0,0,0,0,0,0,0,0,0,0,0,0,0,0,297.8340901346389,747.8884726224784,1896.0841900744165,1131.010752688172,15,-0.7071067811865479,-0.7071067811865471,0,0,2
B2,roll_04,persistence,2026-02-02 16:00:00+00:00,2026-02-02 17:00:00+00:00,0,1,2025-12-08T00:00:00+00:00,2026-02-02T00:00:00+00:00,2026-02-02T00:00:00+00:00,2026-02-09T00:00:00+00:00,1624.4313218390805,1511.6196629213482,112.8116589177323,0,night,0,0.0,0,2,0,0,0,0,0,0,0,0,0,0,0,0,0,0,0,0,0,0,0,0,0,0,0,931.8924169395276,1131.010752688172,2484.501672130778,1511.6196629213482,16,-0.5000000000000004,-0.8660254037844385,0,0,2
B2,roll_04,persistence,2026-02-02 17:00:00+00:00,2026-02-02 18:00:00+00:00,0,1,2025-12-08T00:00:00+00:00,2026-02-02T00:00:00+00:00,2026-02-02T00:00:00+00:00,2026-02-09T00:00:00+00:00,1738.5641379310343,1624.4313218390805,114.13281609195383,0,night,0,0.0,0,2,0,0,0,0,0,0,0,0,0,0,0,0,0,0,0,0,0,0,0,0,0,0,0,2682.2788242863057,1511.6196629213482,2486.544613380472,1624.4313218390805,17,-0.2588190451025206,-0.9659258262890684,0,0,2
B2,roll_04,persistence,2026-02-02 18:00:00+00:00,2026-02-02 19:00:00+00:00,0,1,2025-12-08T00:00:00+00:00,2026-02-02T00:00:00+00:00,2026-02-02T00:00:00+00:00,2026-02-09T00:00:00+00:00,1581.9688888888888,1738.5641379310343,-156.5952490421455,0,night,0,0.0,0,2,0,0,0,0,0,0,0,0,0,0,0,0,0,0,0,0,0,0,0,0,0,0,0,1447.201125872611,1624.4313218390805,2612.5492478209444,1738.5641379310343,18,-1.8369701987210292e-16,-1.0,0,0,2
B2,roll_04,persistence,2026-02-02 19:00:00+00:00,2026-02-02 20:00:00+00:00,0,1,2025-12-08T00:00:00+00:00,2026-02-02T00:00:00+00:00,2026-02-02T00:00:00+00:00,2026-02-09T00:00:00+00:00,792.707570977918,1581.9688888888888,-789.2613179109709,0,night,0,0.0,0,2,0,0,0,0,0,0,0,0,0,0,0,0,0,0,0,0,0,0,0,0,0,0,0,1800.8310691792778,1738.5641379310343,3017.157618471861,1581.9688888888888,19,0.2588190451025203,-0.9659258262890684,0,0,2
B2,roll_04,persistence,2026-02-02 20:00:00+00:00,2026-02-02 21:00:00+00:00,0,1,2025-12-08T00:00:00+00:00,2026-02-02T00:00:00+00:00,2026-02-02T00:00:00+00:00,2026-02-09T00:00:00+00:00,1121.9964285714286,792.707570977918,329.28885759351067,0,night,0,0.0,0,1,0,1,1,0,1,0,0,1,0,0,1,0,1,0,0,0,1,0,0,0,0,0,0,1879.5046675005,1581.9688888888888,2133.137917275778,792.707570977918,20,0.5000000000000001,-0.8660254037844386,0,0,2
B2,roll_04,persistence,2026-02-02 21:00:00+00:00,2026-02-02 22:00:00+00:00,0,1,2025-12-08T00:00:00+00:00,2026-02-02T00:00:00+00:00,2026-02-02T00:00:00+00:00,2026-02-09T00:00:00+00:00,395.40241935483874,1121.9964285714286,-726.5940092165899,0,night,0,0.0,0,1,0,0,0,0,0,0,0,0,0,0,0,0,0,0,0,0,0,0,0,0,0,0,0,982.8754678472778,792.707570977918,952.1327068525555,1121.9964285714286,21,0.7071067811865474,-0.7071067811865477,0,0,2
B2,roll_04,persistence,2026-02-02 22:00:00+00:00,2026-02-02 23:00:00+00:00,0,1,2025-12-08T00:00:00+00:00,2026-02-02T00:00:00+00:00,2026-02-02T00:00:00+00:00,2026-02-09T00:00:00+00:00,434.56734693877553,395.40241935483874,39.16492758393679,0,night,0,0.0,0,1,0,0,0,0,0,0,0,0,0,0,0,0,0,0,0,0,0,0,0,0,0,0,0,411.4689791798889,1121.9964285714286,1463.8755507140277,395.40241935483874,22,0.8660254037844384,-0.5000000000000004,0,0,2
B2,roll_04,persistence,2026-02-02 23:00:00+00:00,2026-02-03 00:00:00+00:00,0,1,2025-12-08T00:00:00+00:00,2026-02-02T00:00:00+00:00,2026-02-02T00:00:00+00:00,2026-02-09T00:00:00+00:00,561.1720833333333,434.56734693877553,126.60473639455773,0,night,0,0.0,0,1,0,1,1,0,2,0,0,1,0,0,1,0,1,0,0,0,1,0,0,0,0,0,0,370.9779513775556,395.40241935483874,976.5316384429444,434.56734693877553,23,0.965925826289068,-0.2588190451025215,0,0,2
B2,roll_04,persistence,2026-02-03 00:00:00+00:00,2026-02-03 01:00:00+00:00,0,1,2025-12-08T00:00:00+00:00,2026-02-02T00:00:00+00:00,2026-02-02T00:00:00+00:00,2026-02-09T00:00:00+00:00,575.5421487603306,561.1720833333333,14.370065426997371,0,night,0,0.0,0,1,0,1,1,0,2,0,0,1,0,0,1,0,1,0,0,0,1,0,0,0,0,0,1,389.13017225908334,434.56734693877553,543.2085049798055,561.1720833333333,0,1.0,0.0,0,0,2
B2,roll_04,persistence,2026-02-03 01:00:00+00:00,2026-02-03 02:00:00+00:00,0,1,2025-12-08T00:00:00+00:00,2026-02-02T00:00:00+00:00,2026-02-02T00:00:00+00:00,2026-02-09T00:00:00+00:00,565.2688259109311,575.5421487603306,-10.273322849399506,0,night,0,0.0,0,1,0,0,0,0,0,0,0,0,0,0,0,0,0,0,0,0,0,0,0,0,0,0,1,376.84390502849993,561.1720833333333,555.9650401257778,575.5421487603306,1,0.9659258262890684,0.2588190451025207,0,0,2
B2,roll_04,persistence,2026-02-03 02:00:00+00:00,2026-02-03 03:00:00+00:00,0,1,2025-12-08T00:00:00+00:00,2026-02-02T00:00:00+00:00,2026-02-02T00:00:00+00:00,2026-02-09T00:00:00+00:00,597.2084677419356,565.2688259109311,31.93964183100445,0,night,0,0.0,0,1,0,1,1,0,1,0,0,1,0,0,1,0,1,0,0,0,1,0,0,0,0,0,1,378.1934371171667,575.5421487603306,559.2648734329445,565.2688259109311,2,0.8660254037844387,0.4999999999999999,0,0,2
B2,roll_04,persistence,2026-02-03 03:00:00+00:00,2026-02-03 04:00:00+00:00,0,1,2025-12-08T00:00:00+00:00,2026-02-02T00:00:00+00:00,2026-02-02T00:00:00+00:00,2026-02-09T00:00:00+00:00,1173.6686046511627,597.2084677419356,576.4601369092271,0,night,0,0.0,0,1,0,0,0,0,0,0,0,0,0,0,0,0,0,0,0,0,0,0,0,0,0,0,1,391.1898017904167,565.2688259109311,543.3187399811248,597.2084677419356,3,0.7071067811865476,0.7071067811865476,0,0,2
B2,roll_04,persistence,2026-02-03 04:00:00+00:00,2026-02-03 05:00:00+00:00,0,1,2025-12-08T00:00:00+00:00,2026-02-02T00:00:00+00:00,2026-02-02T00:00:00+00:00,2026-02-09T00:00:00+00:00,2016.13358778626,1173.6686046511627,842.4649831350973,0,night,0,0.0,0,1,0,0,0,0,0,0,0,0,0,0,0,0,0,0,0,0,0,0,0,0,0,0,1,949.6719199514168,597.2084677419356,1132.2936000000002,1173.6686046511627,4,0.5000000000000001,0.8660254037844386,0,0,2
B2,roll_04,persistence,2026-02-03 05:00:00+00:00,2026-02-03 06:00:00+00:00,0,1,2025-12-08T00:00:00+00:00,2026-02-02T00:00:00+00:00,2026-02-02T00:00:00+00:00,2026-02-09T00:00:00+00:00,2081.1158088235293,2016.13358778626,64.98222103726926,0,night,0,0.0,0,1,0,0,0,0,0,0,0,0,0,0,0,0,0,0,0,0,0,0,0,0,0,0,1,1868.492211110528,1173.6686046511627,1968.2842857142853,2016.13358778626,5,0.2588190451025207,0.9659258262890684,0,0,2
B2,roll_04,persistence,2026-02-03 06:00:00+00:00,2026-02-03 07:00:00+00:00,0,1,2025-12-08T00:00:00+00:00,2026-02-02T00:00:00+00:00,2026-02-02T00:00:00+00:00,2026-02-09T00:00:00+00:00,1670.6992307692308,2081.1158088235293,-410.4165780542985,0,night,0,0.0,0,1,0,0,0,0,0,0,0,0,0,0,0,0,0,0,0,0,0,0,0,0,0,0,1,1857.5546669058888,2016.13358778626,2066.43476702509,2081.1158088235293,6,6.123233995736766e-17,1.0,0,0,2
B2,roll_04,persistence,2026-02-03 07:00:00+00:00,2026-02-03 08:00:00+00:00,0,1,2025-12-08T00:00:00+00:00,2026-02-02T00:00:00+00:00,2026-02-02T00:00:00+00:00,2026-02-09T00:00:00+00:00,1695.1438661710038,1670.6992307692308,24.444635401772985,1,night,0,0.0,0,1,0,0,0,0,0,0,0,0,0,0,0,0,0,0,0,0,0,0,0,0,0,0,1,1526.8297823245,2081.1158088235293,1906.8957894736843,1670.6992307692308,7,-0.2588190451025206,0.9659258262890684,0,0,2
B2,roll_04,persistence,2026-02-03 08:00:00+00:00,2026-02-03 09:00:00+00:00,0,1,2025-12-08T00:00:00+00:00,2026-02-02T00:00:00+00:00,2026-02-02T00:00:00+00:00,2026-02-09T00:00:00+00:00,1085.7120141342757,1695.1438661710038,-609.4318520367281,1,night,0,0.0,0,1,0,0,0,0,0,0,0,0,0,0,0,0,0,0,0,0,0,0,0,0,0,0,1,1412.669924658583,1670.6992307692308,1804.416,1695.1438661710038,8,-0.4999999999999998,0.8660254037844387,0,0,2
B2,roll_04,persistence,2026-02-03 09:00:00+00:00,2026-02-03 10:00:00+00:00,0,1,2025-12-08T00:00:00+00:00,2026-02-02T00:00:00+00:00,2026-02-02T00:00:00+00:00,2026-02-09T00:00:00+00:00,1706.1051136363635,1085.7120141342757,620.3930995020878,1,low,0,0.0,0,1,0,0,0,0,0,0,0,0,0,0,0,0,0,0,0,0,0,0,0,0,0,0,1,1534.4343933593334,1695.1438661710038,1845.520588235294,1085.7120141342757,9,-0.7071067811865475,0.7071067811865476,0,0,2
B2,roll_04,persistence,2026-02-03 10:00:00+00:00,2026-02-03 11:00:00+00:00,0,1,2025-12-08T00:00:00+00:00,2026-02-02T00:00:00+00:00,2026-02-02T00:00:00+00:00,2026-02-09T00:00:00+00:00,835.5128205128206,1706.1051136363635,-870.592293123543,1,low,0,0.0,0,1,0,0,0,0,0,0,0,0,0,0,0,0,0,0,0,0,0,0,0,0,0,0,1,1156.7474213855278,1085.7120141342757,1895.989453125,1706.1051136363635,10,-0.8660254037844387,0.4999999999999999,0,0,2
B2,roll_04,persistence,2026-02-03 11:00:00+00:00,2026-02-03 12:00:00+00:00,0,1,2025-12-08T00:00:00+00:00,2026-02-02T00:00:00+00:00,2026-02-02T00:00:00+00:00,2026-02-09T00:00:00+00:00,1812.142446043165,835.5128205128206,976.6296255303444,1,low,0,0.0,0,1,0,0,0,0,0,0,0,0,0,0,0,0,0,0,0,0,0,0,0,0,0,0,1,339.89285018286114,1706.1051136363635,1458.9305555555557,835.5128205128206,11,-0.9659258262890682,0.258819045102521,0,0,2
B2,roll_04,persistence,2026-02-03 12:00:00+00:00,2026-02-03 13:00:00+00:00,0,1,2025-12-08T00:00:00+00:00,2026-02-02T00:00:00+00:00,2026-02-02T00:00:00+00:00,2026-02-09T00:00:00+00:00,918.8297520661156,1812.142446043165,-893.3126939770493,1,low,0,0.0,0,1,0,0,0,0,0,0,0,0,0,0,0,0,0,0,0,0,0,0,0,0,0,0,1,1030.8584088937498,835.5128205128206,994.9530726256984,1812.142446043165,12,-1.0,1.2246467991473532e-16,0,0,2
B2,roll_04,persistence,2026-02-03 13:00:00+00:00,2026-02-03 14:00:00+00:00,0,1,2025-12-08T00:00:00+00:00,2026-02-02T00:00:00+00:00,2026-02-02T00:00:00+00:00,2026-02-09T00:00:00+00:00,1825.0157894736844,918.8297520661156,906.1860374075688,1,low,0,0.0,0,2,0,0,0,0,0,0,0,0,0,0,0,0,0,0,0,0,0,0,0,0,0,0,1,1307.5905215424166,1812.142446043165,891.7146341463415,918.8297520661156,13,-0.9659258262890684,-0.2588190451025208,0,0,2
B2,roll_04,persistence,2026-02-03 14:00:00+00:00,2026-02-03 15:00:00+00:00,0,1,2025-12-08T00:00:00+00:00,2026-02-02T00:00:00+00:00,2026-02-02T00:00:00+00:00,2026-02-09T00:00:00+00:00,1432.5622406639004,1825.0157894736844,-392.453548809784,1,low,0,0.0,0,2,0,0,0,0,0,0,0,0,0,0,0,0,0,0,0,0,0,0,0,0,0,0,1,899.1258070269446,918.8297520661156,747.8884726224784,1825.0157894736844,14,-0.8660254037844388,-0.4999999999999997,0,0,2
B2,roll_04,persistence,2026-02-03 15:00:00+00:00,2026-02-03 16:00:00+00:00,0,1,2025-12-08T00:00:00+00:00,2026-02-02T00:00:00+00:00,2026-02-02T00:00:00+00:00,2026-02-09T00:00:00+00:00,1624.8924590163936,1432.5622406639004,192.33021835249315,1,low,0,0.0,0,2,0,0,0,0,0,0,0,0,0,0,0,0,0,0,0,0,0,0,0,0,0,0,1,1560.9848600250834,1825.0157894736844,1131.010752688172,1432.5622406639004,15,-0.7071067811865479,-0.7071067811865471,0,0,2
B2,roll_04,persistence,2026-02-03 16:00:00+00:00,2026-02-03 17:00:00+00:00,0,1,2025-12-08T00:00:00+00:00,2026-02-02T00:00:00+00:00,2026-02-02T00:00:00+00:00,2026-02-09T00:00:00+00:00,1250.0767605633805,1624.8924590163936,-374.81569845301306,1,night,0,0.0,0,2,0,0,0,0,0,0,0,0,0,0,0,0,0,0,0,0,0,0,0,0,0,0,1,1794.9346924112222,1432.5622406639004,1511.6196629213482,1624.8924590163936,16,-0.5000000000000004,-0.8660254037844385,0,0,2
B2,roll_04,persistence,2026-02-03 17:00:00+00:00,2026-02-03 18:00:00+00:00,0,1,2025-12-08T00:00:00+00:00,2026-02-02T00:00:00+00:00,2026-02-02T00:00:00+00:00,2026-02-09T00:00:00+00:00,856.6192182410423,1250.0767605633805,-393.4575423223382,0,night,0,0.0,0,1,0,0,0,0,0,0,0,0,0,0,0,0,0,0,0,0,0,0,0,0,0,0,1,843.3756644045833,1624.8924590163936,1624.4313218390805,1250.0767605633805,17,-0.2588190451025206,-0.9659258262890684,0,0,2
B2,roll_04,persistence,2026-02-03 18:00:00+00:00,2026-02-03 19:00:00+00:00,0,1,2025-12-08T00:00:00+00:00,2026-02-02T00:00:00+00:00,2026-02-02T00:00:00+00:00,2026-02-09T00:00:00+00:00,1353.571382636656,856.6192182410423,496.95216439561364,0,night,0,0.0,0,1,0,1,1,0,1,0,0,1,0,0,1,0,1,0,0,0,1,0,0,0,0,0,1,973.197521312722,1250.0767605633805,1738.5641379310343,856.6192182410423,18,-1.8369701987210292e-16,-1.0,0,0,2
B2,roll_04,persistence,2026-02-03 19:00:00+00:00,2026-02-03 20:00:00+00:00,0,1,2025-12-08T00:00:00+00:00,2026-02-02T00:00:00+00:00,2026-02-02T00:00:00+00:00,2026-02-09T00:00:00+00:00,663.0740213523131,1353.571382636656,-690.4973612843428,0,night,0,0.0,0,1,0,0,0,0,0,0,0,0,0,0,0,0,0,0,0,0,0,0,0,0,0,0,1,1523.8945169891667,856.6192182410423,1581.9688888888888,1353.571382636656,19,0.2588190451025203,-0.9659258262890684,0,0,2
B2,roll_04,persistence,2026-02-03 20:00:00+00:00,2026-02-03 21:00:00+00:00,0,1,2025-12-08T00:00:00+00:00,2026-02-02T00:00:00+00:00,2026-02-02T00:00:00+00:00,2026-02-09T00:00:00+00:00,1029.1314516129032,663.0740213523131,366.0574302605901,0,night,0,0.0,0,1,0,1,1,0,1,0,0,1,0,0,1,0,1,0,0,0,1,0,0,0,0,0,1,985.6768274591944,1353.571382636656,792.707570977918,663.0740213523131,20,0.5000000000000001,-0.8660254037844386,0,0,2
B2,roll_04,persistence,2026-02-03 21:00:00+00:00,2026-02-03 22:00:00+00:00,0,1,2025-12-08T00:00:00+00:00,2026-02-02T00:00:00+00:00,2026-02-02T00:00:00+00:00,2026-02-09T00:00:00+00:00,439.3551867219917,1029.1314516129032,-589.7762648909115,0,night,0,0.0,0,1,0,0,0,0,0,0,0,0,0,0,0,0,0,0,0,0,0,0,0,0,0,0,1,1010.58551608475,663.0740213523131,1121.9964285714286,1029.1314516129032,21,0.7071067811865474,-0.7071067811865477,0,0,2
B2,roll_04,persistence,2026-02-03 22:00:00+00:00,2026-02-03 23:00:00+00:00,0,1,2025-12-08T00:00:00+00:00,2026-02-02T00:00:00+00:00,2026-02-02T00:00:00+00:00,2026-02-09T00:00:00+00:00,619.8279166666667,439.3551867219917,180.47272994467505,0,night,0,0.0,0,1,0,0,0,0,0,0,0,0,0,0,0,0,0,0,0,0,0,0,0,0,0,0,1,469.4664131017777,1029.1314516129032,395.40241935483874,439.3551867219917,22,0.8660254037844384,-0.5000000000000004,0,0,2
B2,roll_04,persistence,2026-02-03 23:00:00+00:00,2026-02-04 00:00:00+00:00,0,1,2025-12-08T00:00:00+00:00,2026-02-02T00:00:00+00:00,2026-02-02T00:00:00+00:00,2026-02-09T00:00:00+00:00,600.8824999999999,619.8279166666667,-18.9454166666668,0,night,0,0.0,0,1,0,1,1,0,1,0,0,1,0,0,1,0,1,0,0,0,1,0,0,0,0,0,1,1039.222492417361,439.3551867219917,434.56734693877553,619.8279166666667,23,0.965925826289068,-0.2588190451025215,0,0,2
B2,roll_04,persistence,2026-02-04 00:00:00+00:00,2026-02-04 01:00:00+00:00,0,1,2025-12-08T00:00:00+00:00,2026-02-02T00:00:00+00:00,2026-02-02T00:00:00+00:00,2026-02-09T00:00:00+00:00,570.0795918367347,600.8824999999999,-30.802908163265215,0,night,0,0.0,0,1,0,0,0,0,0,0,0,0,0,0,0,0,0,0,0,0,0,0,0,0,0,0,2,431.1445660605278,619.8279166666667,561.1720833333333,600.8824999999999,0,1.0,0.0,0,0,2
B2,roll_04,persistence,2026-02-04 01:00:00+00:00,2026-02-04 02:00:00+00:00,0,1,2025-12-08T00:00:00+00:00,2026-02-02T00:00:00+00:00,2026-02-02T00:00:00+00:00,2026-02-09T00:00:00+00:00,557.3929460580913,570.0795918367347,-12.686645778643424,0,night,0,0.0,0,1,0,1,1,0,3,0,0,0,1,0,1,0,1,0,0,0,1,0,0,0,0,0,2,417.8579242465556,600.8824999999999,575.5421487603306,570.0795918367347,1,0.9659258262890684,0.2588190451025207,0,0,2
B2,roll_04,persistence,2026-02-04 02:00:00+00:00,2026-02-04 03:00:00+00:00,0,1,2025-12-08T00:00:00+00:00,2026-02-02T00:00:00+00:00,2026-02-02T00:00:00+00:00,2026-02-09T00:00:00+00:00,535.2727272727273,557.3929460580913,-22.120218785364045,0,night,0,0.0,0,1,0,1,1,0,3,0,0,0,1,0,1,0,1,0,0,0,1,0,0,0,0,0,2,419.1348331130556,570.0795918367347,565.2688259109311,557.3929460580913,2,0.8660254037844387,0.4999999999999999,0,0,2
B2,roll_04,persistence,2026-02-04 03:00:00+00:00,2026-02-04 04:00:00+00:00,0,1,2025-12-08T00:00:00+00:00,2026-02-02T00:00:00+00:00,2026-02-02T00:00:00+00:00,2026-02-09T00:00:00+00:00,1096.6170634920634,535.2727272727273,561.3443362193361,0,night,0,0.0,0,1,0,1,1,0,3,0,0,0,1,0,1,0,1,0,0,0,1,0,0,0,0,0,2,421.2961618739444,557.3929460580913,597.2084677419356,535.2727272727273,3,0.7071067811865476,0.7071067811865476,0,0,2
B2,roll_04,persistence,2026-02-04 04:00:00+00:00,2026-02-04 05:00:00+00:00,0,1,2025-12-08T00:00:00+00:00,2026-02-02T00:00:00+00:00,2026-02-02T00:00:00+00:00,2026-02-09T00:00:00+00:00,2001.764661654136,1096.6170634920634,905.1475981620727,0,night,0,0.0,0,1,0,0,0,0,0,0,0,0,0,0,0,0,0,0,0,0,0,0,0,0,0,0,2,1092.225752789,535.2727272727273,1173.6686046511627,1096.6170634920634,4,0.5000000000000001,0.8660254037844386,0,0,2
B2,roll_04,persistence,2026-02-04 05:00:00+00:00,2026-02-04 06:00:00+00:00,0,1,2025-12-08T00:00:00+00:00,2026-02-02T00:00:00+00:00,2026-02-02T00:00:00+00:00,2026-02-09T00:00:00+00:00,2016.4624060150377,2001.764661654136,14.697744360901652,0,night,0,0.0,0,1,0,0,0,0,0,0,0,0,0,0,0,0,0,0,0,0,0,0,0,0,0,0,2,2035.0871509705555,1096.6170634920634,2016.13358778626,2001.764661654136,5,0.2588190451025207,0.9659258262890684,0,0,2
B2,roll_04,persistence,2026-02-04 06:00:00+00:00,2026-02-04 07:00:00+00:00,0,1,2025-12-08T00:00:00+00:00,2026-02-02T00:00:00+00:00,2026-02-02T00:00:00+00:00,2026-02-09T00:00:00+00:00,1742.2797833935017,2016.4624060150377,-274.182622621536,0,night,0,0.0,0,2,0,0,0,0,0,0,0,0,0,0,0,0,0,0,0,0,0,0,0,0,0,0,2,2063.430210569112,2001.764661654136,2081.1158088235293,2016.4624060150377,6,6.123233995736766e-17,1.0,0,0,2
B2,roll_04,persistence,2026-02-04 07:00:00+00:00,2026-02-04 08:00:00+00:00,0,1,2025-12-08T00:00:00+00:00,2026-02-02T00:00:00+00:00,2026-02-02T00:00:00+00:00,2026-02-09T00:00:00+00:00,1544.9358649789028,1742.2797833935017,-197.34391841459887,1,night,0,0.0,0,2,0,0,0,0,0,0,0,0,0,0,0,0,0,0,0,0,0,0,0,0,0,0,2,1837.9513309886668,2016.4624060150377,1670.6992307692308,1742.2797833935017,7,-0.2588190451025206,0.9659258262890684,0,0,2
B2,roll_04,persistence,2026-02-04 08:00:00+00:00,2026-02-04 09:00:00+00:00,0,1,2025-12-08T00:00:00+00:00,2026-02-02T00:00:00+00:00,2026-02-02T00:00:00+00:00,2026-02-09T00:00:00+00:00,1741.7046808510638,1544.9358649789028,196.76881587216099,1,low,0,0.0,0,2,0,0,0,0,0,0,0,0,0,0,0,0,0,0,0,0,0,0,0,0,0,0,2,1887.533959910028,1742.2797833935017,1695.1438661710038,1544.9358649789028,8,-0.4999999999999998,0.8660254037844387,0,0,2
B2,roll_04,persistence,2026-02-04 09:00:00+00:00,2026-02-04 10:00:00+00:00,0,1,2025-12-08T00:00:00+00:00,2026-02-02T00:00:00+00:00,2026-02-02T00:00:00+00:00,2026-02-09T00:00:00+00:00,1733.1420765027322,1741.7046808510638,-8.56260434833166,1,low,0,0.0,0,2,0,0,0,0,0,0,0,0,0,0,0,0,0,0,0,0,0,0,0,0,0,0,2,1927.4843435574169,1544.9358649789028,1085.7120141342757,1741.7046808510638,9,-0.7071067811865475,0.7071067811865476,0,0,2
B2,roll_04,persistence,2026-02-04 10:00:00+00:00,2026-02-04 11:00:00+00:00,0,1,2025-12-08T00:00:00+00:00,2026-02-02T00:00:00+00:00,2026-02-02T00:00:00+00:00,2026-02-09T00:00:00+00:00,902.2468599033816,1733.1420765027322,-830.8952165993505,1,low,0,0.0,0,2,0,0,0,0,0,0,0,0,0,0,0,0,0,0,0,0,0,0,0,0,0,0,2,1864.801970357278,1741.7046808510638,1706.1051136363635,1733.1420765027322,10,-0.8660254037844387,0.4999999999999999,0,0,2
B2,roll_04,persistence,2026-02-04 11:00:00+00:00,2026-02-04 12:00:00+00:00,0,1,2025-12-08T00:00:00+00:00,2026-02-02T00:00:00+00:00,2026-02-02T00:00:00+00:00,2026-02-09T00:00:00+00:00,2676.460583941606,902.2468599033816,1774.2137240382242,1,low,0,0.0,0,2,0,0,0,0,0,0,0,0,0,0,0,0,0,0,0,0,0,0,0,0,0,0,2,3141.5486331360003,1733.1420765027322,835.5128205128206,902.2468599033816,11,-0.9659258262890682,0.258819045102521,0,0,2
B2,roll_04,persistence,2026-02-04 12:00:00+00:00,2026-02-04 13:00:00+00:00,0,1,2025-12-08T00:00:00+00:00,2026-02-02T00:00:00+00:00,2026-02-02T00:00:00+00:00,2026-02-09T00:00:00+00:00,3913.525657894737,2676.460583941606,1237.065073953131,1,low,0,0.0,0,2,0,0,0,0,0,0,0,0,0,0,0,0,0,0,0,0,0,0,0,0,0,0,2,3688.242951303472,902.2468599033816,1812.142446043165,2676.460583941606,12,-1.0,1.2246467991473532e-16,0,0,2
B2,roll_04,persistence,2026-02-04 13:00:00+00:00,2026-02-04 14:00:00+00:00,0,1,2025-12-08T00:00:00+00:00,2026-02-02T00:00:00+00:00,2026-02-02T00:00:00+00:00,2026-02-09T00:00:00+00:00,2946.6394495412846,3913.525657894737,-966.8862083534523,1,low,0,0.0,0,2,0,0,0,0,0,0,0,0,0,0,0,0,0,0,0,0,0,0,0,0,0,0,2,2978.0382318605,2676.460583941606,918.8297520661156,3913.525657894737,13,-0.9659258262890684,-0.2588190451025208,0,0,2
B2,roll_04,persistence,2026-02-04 14:00:00+00:00,2026-02-04 15:00:00+00:00,0,1,2025-12-08T00:00:00+00:00,2026-02-02T00:00:00+00:00,2026-02-02T00:00:00+00:00,2026-02-09T00:00:00+00:00,2754.6374269005846,2946.6394495412846,-192.00202264070003,1,low,0,0.0,0,2,0,0,0,0,0,0,0,0,0,0,0,0,0,0,0,0,0,0,0,0,0,0,2,3380.6789978081943,3913.525657894737,1825.0157894736844,2946.6394495412846,14,-0.8660254037844388,-0.4999999999999997,0,0,2
B2,roll_04,persistence,2026-02-04 15:00:00+00:00,2026-02-04 16:00:00+00:00,0,1,2025-12-08T00:00:00+00:00,2026-02-02T00:00:00+00:00,2026-02-02T00:00:00+00:00,2026-02-09T00:00:00+00:00,2882.762139917695,2754.6374269005846,128.12471301711048,1,low,0,0.0,0,2,0,0,0,0,0,0,0,0,0,0,0,0,0,0,0,0,0,0,0,0,0,0,2,3872.714778626834,2946.6394495412846,1432.5622406639004,2754.6374269005846,15,-0.7071067811865479,-0.7071067811865471,0,0,2
B2,roll_04,persistence,2026-02-04 16:00:00+00:00,2026-02-04 17:00:00+00:00,0,1,2025-12-08T00:00:00+00:00,2026-02-02T00:00:00+00:00,2026-02-02T00:00:00+00:00,2026-02-09T00:00:00+00:00,4170.079435483871,2882.762139917695,1287.3172955661757,1,night,0,0.0,0,2,0,0,0,0,0,0,0,0,0,0,0,0,0,0,0,0,0,0,0,0,0,0,2,3566.8731119283607,2754.6374269005846,1624.8924590163936,2882.762139917695,16,-0.5000000000000004,-0.8660254037844385,0,0,2
B2,roll_04,persistence,2026-02-04 17:00:00+00:00,2026-02-04 18:00:00+00:00,0,1,2025-12-08T00:00:00+00:00,2026-02-02T00:00:00+00:00,2026-02-02T00:00:00+00:00,2026-02-09T00:00:00+00:00,3388.3426229508195,4170.079435483871,-781.7368125330513,0,night,0,0.0,0,2,0,0,0,0,0,0,0,0,0,0,0,0,0,0,0,0,0,0,0,0,0,0,2,4099.8204709775,2882.762139917695,1250.0767605633805,4170.079435483871,17,-0.2588190451025206,-0.9659258262890684,0,0,2
B2,roll_04,persistence,2026-02-04 18:00:00+00:00,2026-02-04 19:00:00+00:00,0,1,2025-12-08T00:00:00+00:00,2026-02-02T00:00:00+00:00,2026-02-02T00:00:00+00:00,2026-02-09T00:00:00+00:00,3374.507818930041,3388.3426229508195,-13.834804020778392,0,night,0,0.0,0,2,0,0,0,0,0,0,0,0,0,0,0,0,0,0,0,0,0,0,0,0,0,0,2,3533.490893778889,4170.079435483871,856.6192182410423,3388.3426229508195,18,-1.8369701987210292e-16,-1.0,0,0,2
B2,roll_04,persistence,2026-02-04 19:00:00+00:00,2026-02-04 20:00:00+00:00,0,1,2025-12-08T00:00:00+00:00,2026-02-02T00:00:00+00:00,2026-02-02T00:00:00+00:00,2026-02-09T00:00:00+00:00,3326.137804878049,3374.507818930041,-48.37001405199226,0,night,0,0.0,0,2,0,0,0,0,0,0,0,0,0,0,0,0,0,0,0,0,0,0,0,0,0,0,2,4150.093525715889,3388.3426229508195,1353.571382636656,3374.507818930041,19,0.2588190451025203,-0.9659258262890684,0,0,2
B2,roll_04,persistence,2026-02-04 20:00:00+00:00,2026-02-04 21:00:00+00:00,0,1,2025-12-08T00:00:00+00:00,2026-02-02T00:00:00+00:00,2026-02-02T00:00:00+00:00,2026-02-09T00:00:00+00:00,2641.1531380753136,3326.137804878049,-684.9846668027353,0,night,0,0.0,0,2,0,0,0,0,0,0,0,0,0,0,0,0,0,0,0,0,0,0,0,0,0,0,2,3498.4065437332224,3374.507818930041,663.0740213523131,3326.137804878049,20,0.5000000000000001,-0.8660254037844386,0,0,2
B2,roll_04,persistence,2026-02-04 21:00:00+00:00,2026-02-04 22:00:00+00:00,0,1,2025-12-08T00:00:00+00:00,2026-02-02T00:00:00+00:00,2026-02-02T00:00:00+00:00,2026-02-09T00:00:00+00:00,2707.4724576271187,2641.1531380753136,66.31931955180517,0,night,0,0.0,0,2,0,0,0,0,0,0,0,0,0,0,0,0,0,0,0,0,0,0,0,0,0,0,2,3031.050403281528,3326.137804878049,1029.1314516129032,2641.1531380753136,21,0.7071067811865474,-0.7071067811865477,0,0,2
B2,roll_04,persistence,2026-02-04 22:00:00+00:00,2026-02-04 23:00:00+00:00,0,1,2025-12-08T00:00:00+00:00,2026-02-02T00:00:00+00:00,2026-02-02T00:00:00+00:00,2026-02-09T00:00:00+00:00,2638.623580786026,2707.4724576271187,-68.84887684109253,0,night,0,0.0,0,2,0,0,0,0,0,0,0,0,0,0,0,0,0,0,0,0,0,0,0,0,0,0,2,880.7419122894444,2641.1531380753136,439.3551867219917,2707.4724576271187,22,0.8660254037844384,-0.5000000000000004,0,0,2
B2,roll_04,persistence,2026-02-04 23:00:00+00:00,2026-02-05 00:00:00+00:00,0,1,2025-12-08T00:00:00+00:00,2026-02-02T00:00:00+00:00,2026-02-02T00:00:00+00:00,2026-02-09T00:00:00+00:00,735.8008196721311,2638.623580786026,-1902.822761113895,0,night,0,0.0,0,2,0,0,0,0,0,0,0,0,0,0,0,0,0,0,0,0,0,0,0,0,0,0,2,822.8956369502222,2707.4724576271187,619.8279166666667,2638.623580786026,23,0.965925826289068,-0.2588190451025215,0,0,2
B2,roll_04,persistence,2026-02-05 00:00:00+00:00,2026-02-05 01:00:00+00:00,0,1,2025-12-08T00:00:00+00:00,2026-02-02T00:00:00+00:00,2026-02-02T00:00:00+00:00,2026-02-09T00:00:00+00:00,572.743621399177,735.8008196721311,-163.0571982729541,0,night,0,0.0,0,2,0,0,0,0,0,0,0,0,0,0,0,0,0,0,0,0,0,0,0,0,0,0,3,934.8170360965556,2638.623580786026,600.8824999999999,735.8008196721311,0,1.0,0.0,0,0,2
B2,roll_04,persistence,2026-02-05 01:00:00+00:00,2026-02-05 02:00:00+00:00,0,1,2025-12-08T00:00:00+00:00,2026-02-02T00:00:00+00:00,2026-02-02T00:00:00+00:00,2026-02-09T00:00:00+00:00,576.4938524590164,572.743621399177,3.7502310598393933,0,night,0,0.0,0,2,0,0,0,0,0,0,0,0,0,0,0,0,0,0,0,0,0,0,0,0,0,0,3,569.0574982047777,735.8008196721311,570.0795918367347,572.743621399177,1,0.9659258262890684,0.2588190451025207,0,0,2
B2,roll_04,persistence,2026-02-05 02:00:00+00:00,2026-02-05 03:00:00+00:00,0,1,2025-12-08T00:00:00+00:00,2026-02-02T00:00:00+00:00,2026-02-02T00:00:00+00:00,2026-02-09T00:00:00+00:00,582.7389344262294,576.4938524590164,6.245081967213082,0,night,0,0.0,0,2,0,0,0,0,0,0,0,0,0,0,0,0,0,0,0,0,0,0,0,0,0,0,3,388.6233783748333,572.743621399177,557.3929460580913,576.4938524590164,2,0.8660254037844387,0.4999999999999999,0,0,2
B2,roll_04,persistence,2026-02-05 03:00:00+00:00,2026-02-05 04:00:00+00:00,0,1,2025-12-08T00:00:00+00:00,2026-02-02T00:00:00+00:00,2026-02-02T00:00:00+00:00,2026-02-09T00:00:00+00:00,1140.7624489795917,582.7389344262294,558.0235145533622,0,night,0,0.0,0,2,0,0,0,0,0,0,0,0,0,0,0,0,0,0,0,0,0,0,0,0,0,0,3,380.9392708019166,576.4938524590164,535.2727272727273,582.7389344262294,3,0.7071067811865476,0.7071067811865476,0,0,2
B2,roll_04,persistence,2026-02-05 04:00:00+00:00,2026-02-05 05:00:00+00:00,0,1,2025-12-08T00:00:00+00:00,2026-02-02T00:00:00+00:00,2026-02-02T00:00:00+00:00,2026-02-09T00:00:00+00:00,1980.2167272727272,1140.7624489795917,839.4542782931355,0,night,0,0.0,0,2,0,0,0,0,0,0,0,0,0,0,0,0,0,0,0,0,0,0,0,0,0,0,3,1044.109589464861,582.7389344262294,1096.6170634920634,1140.7624489795917,4,0.5000000000000001,0.8660254037844386,0,0,2
B2,roll_04,persistence,2026-02-05 05:00:00+00:00,2026-02-05 06:00:00+00:00,0,1,2025-12-08T00:00:00+00:00,2026-02-02T00:00:00+00:00,2026-02-02T00:00:00+00:00,2026-02-09T00:00:00+00:00,2024.3182156133828,1980.2167272727272,44.10148834065558,0,night,0,0.0,0,2,0,0,0,0,0,0,0,0,0,0,0,0,0,0,0,0,0,0,0,0,0,0,3,2097.0978272491666,1140.7624489795917,2001.764661654136,1980.2167272727272,5,0.2588190451025207,0.9659258262890684,0,0,2
B2,roll_04,persistence,2026-02-05 06:00:00+00:00,2026-02-05 07:00:00+00:00,0,1,2025-12-08T00:00:00+00:00,2026-02-02T00:00:00+00:00,2026-02-02T00:00:00+00:00,2026-02-09T00:00:00+00:00,1672.158108108108,2024.3182156133828,-352.1601075052747,0,night,0,0.0,0,1,0,0,0,0,0,0,0,0,0,0,0,0,0,0,0,0,0,0,0,0,0,0,3,2101.717697546028,1980.2167272727272,2016.4624060150377,2024.3182156133828,6,6.123233995736766e-17,1.0,0,0,2
B2,roll_04,persistence,2026-02-05 07:00:00+00:00,2026-02-05 08:00:00+00:00,0,1,2025-12-08T00:00:00+00:00,2026-02-02T00:00:00+00:00,2026-02-02T00:00:00+00:00,2026-02-09T00:00:00+00:00,1393.502840909091,1672.158108108108,-278.6552671990171,1,low,0,0.0,0,1,0,0,0,0,0,0,0,0,0,0,0,0,0,0,0,0,0,0,0,0,0,0,3,1866.4684684137776,2024.3182156133828,1742.2797833935017,1672.158108108108,7,-0.2588190451025206,0.9659258262890684,0,0,2
B2,roll_04,persistence,2026-02-05 08:00:00+00:00,2026-02-05 09:00:00+00:00,0,1,2025-12-08T00:00:00+00:00,2026-02-02T00:00:00+00:00,2026-02-02T00:00:00+00:00,2026-02-09T00:00:00+00:00,1354.447186147186,1393.502840909091,-39.05565476190509,1,low,0,0.0,0,1,0,0,0,0,0,0,0,0,0,0,0,0,0,0,0,0,0,0,0,0,0,0,3,1765.7431687797225,1672.158108108108,1544.9358649789028,1393.502840909091,8,-0.4999999999999998,0.8660254037844387,0,0,2
B2,roll_04,persistence,2026-02-05 09:00:00+00:00,2026-02-05 10:00:00+00:00,0,1,2025-12-08T00:00:00+00:00,2026-02-02T00:00:00+00:00,2026-02-02T00:00:00+00:00,2026-02-09T00:00:00+00:00,662.0819532908704,1354.447186147186,-692.3652328563155,1,low,0,0.0,0,2,0,0,0,0,0,0,0,0,0,0,0,0,0,0,0,0,0,0,0,0,0,0,3,1253.1664777410554,1393.502840909091,1741.7046808510638,1354.447186147186,9,-0.7071067811865475,0.7071067811865476,0,0,2
B2,roll_04,persistence,2026-02-05 10:00:00+00:00,2026-02-05 11:00:00+00:00,0,1,2025-12-08T00:00:00+00:00,2026-02-02T00:00:00+00:00,2026-02-02T00:00:00+00:00,2026-02-09T00:00:00+00:00,-1116.5161157024795,662.0819532908704,-1778.59806899335,1,med,0,0.0,0,2,0,0,0,0,0,0,0,0,0,0,0,0,0,0,0,0,0,0,0,0,0,0,3,948.2308555061112,1354.447186147186,1733.1420765027322,662.0819532908704,10,-0.8660254037844387,0.4999999999999999,0,0,2
B2,roll_04,persistence,2026-02-05 11:00:00+00:00,2026-02-05 12:00:00+00:00,0,1,2025-12-08T00:00:00+00:00,2026-02-02T00:00:00+00:00,2026-02-02T00:00:00+00:00,2026-02-09T00:00:00+00:00,-936.9505836575876,-1116.5161157024795,179.56553204489194,1,high,0,0.0,0,2,1,0,0,0,0,0,0,0,0,0,0,0,0,0,0,0,0,0,0,0,0,0,3,1415.7808458588888,662.0819532908704,902.2468599033816,-1116.5161157024795,11,-0.9659258262890682,0.258819045102521,0,0,2
B2,roll_04,persistence,2026-02-05 12:00:00+00:00,2026-02-05 13:00:00+00:00,0,1,2025-12-08T00:00:00+00:00,2026-02-02T00:00:00+00:00,2026-02-02T00:00:00+00:00,2026-02-09T00:00:00+00:00,-837.3921487603305,-936.9505836575876,99.55843489725703,1,high,0,0.0,0,3,1,0,0,0,0,0,0,0,0,0,0,0,0,0,0,0,0,0,0,0,0,0,3,347.5551561380278,-1116.5161157024795,2676.460583941606,-936.9505836575876,12,-1.0,1.2246467991473532e-16,0,0,2
B2,roll_04,persistence,2026-02-05 13:00:00+00:00,2026-02-05 14:00:00+00:00,0,1,2025-12-08T00:00:00+00:00,2026-02-02T00:00:00+00:00,2026-02-02T00:00:00+00:00,2026-02-09T00:00:00+00:00,-375.85170454545454,-837.3921487603305,461.540444214876,1,high,0,0.0,0,3,1,0,0,0,0,0,0,0,0,0,0,0,0,0,0,0,0,0,0,0,0,0,3,-402.3519291878333,-936.9505836575876,3913.525657894737,-837.3921487603305,13,-0.9659258262890684,-0.2588190451025208,0,0,2
B2,roll_04,persistence,2026-02-05 14:00:00+00:00,2026-02-05 15:00:00+00:00,0,1,2025-12-08T00:00:00+00:00,2026-02-02T00:00:00+00:00,2026-02-02T00:00:00+00:00,2026-02-09T00:00:00+00:00,735.4822981366459,-375.85170454545454,1111.3340026821004,1,med,0,0.0,0,3,1,0,0,0,0,0,0,0,0,0,0,0,0,0,0,0,0,0,0,0,0,0,3,1092.5960639581945,-837.3921487603305,2946.6394495412846,-375.85170454545454,14,-0.8660254037844388,-0.4999999999999997,0,0,2
B2,roll_04,persistence,2026-02-05 15:00:00+00:00,2026-02-05 16:00:00+00:00,0,1,2025-12-08T00:00:00+00:00,2026-02-02T00:00:00+00:00,2026-02-02T00:00:00+00:00,2026-02-09T00:00:00+00:00,773.8824840764331,735.4822981366459,38.40018593978721,1,low,0,0.0,0,4,0,0,0,0,0,0,0,0,0,0,0,0,0,0,0,0,0,0,0,0,0,0,3,462.4739155892223,-375.85170454545454,2754.6374269005846,735.4822981366459,15,-0.7071067811865479,-0.7071067811865471,0,0,2
B2,roll_04,persistence,2026-02-05 16:00:00+00:00,2026-02-05 17:00:00+00:00,0,1,2025-12-08T00:00:00+00:00,2026-02-02T00:00:00+00:00,2026-02-02T00:00:00+00:00,2026-02-09T00:00:00+00:00,822.6935275080906,773.8824840764331,48.81104343165748,1,low,0,0.0,0,3,0,0,0,0,0,0,0,0,0,0,0,0,0,0,0,0,0,0,0,0,0,0,3,1737.4693776433332,735.4822981366459,2882.762139917695,773.8824840764331,16,-0.5000000000000004,-0.8660254037844385,0,0,2
B2,roll_04,persistence,2026-02-05 17:00:00+00:00,2026-02-05 18:00:00+00:00,0,1,2025-12-08T00:00:00+00:00,2026-02-02T00:00:00+00:00,2026-02-02T00:00:00+00:00,2026-02-09T00:00:00+00:00,1374.275974025974,822.6935275080906,551.5824465178833,0,night,0,0.0,0,3,0,1,1,0,1,0,0,1,0,0,1,0,1,0,0,0,1,0,0,0,0,0,3,2296.247373537611,773.8824840764331,4170.079435483871,822.6935275080906,17,-0.2588190451025206,-0.9659258262890684,0,0,2
B2,roll_04,persistence,2026-02-05 18:00:00+00:00,2026-02-05 19:00:00+00:00,0,1,2025-12-08T00:00:00+00:00,2026-02-02T00:00:00+00:00,2026-02-02T00:00:00+00:00,2026-02-09T00:00:00+00:00,1357.352397260274,1374.275974025974,-16.923576765699863,0,night,0,0.0,0,2,0,0,0,0,0,0,0,0,0,0,0,0,0,0,0,0,0,0,0,0,0,0,3,773.5572774640833,822.6935275080906,3388.3426229508195,1374.275974025974,18,-1.8369701987210292e-16,-1.0,0,0,2
B2,roll_04,persistence,2026-02-05 19:00:00+00:00,2026-02-05 20:00:00+00:00,0,1,2025-12-08T00:00:00+00:00,2026-02-02T00:00:00+00:00,2026-02-02T00:00:00+00:00,2026-02-09T00:00:00+00:00,756.398866855524,1357.352397260274,-600.95353040475,0,night,0,0.0,0,2,0,0,0,0,0,0,0,0,0,0,0,0,0,0,0,0,0,0,0,0,0,0,3,2461.1030846526387,1374.275974025974,3374.507818930041,1357.352397260274,19,0.2588190451025203,-0.9659258262890684,0,0,2
B2,roll_04,persistence,2026-02-05 20:00:00+00:00,2026-02-05 21:00:00+00:00,0,1,2025-12-08T00:00:00+00:00,2026-02-02T00:00:00+00:00,2026-02-02T00:00:00+00:00,2026-02-09T00:00:00+00:00,1207.6818181818182,756.398866855524,451.2829513262942,0,night,0,0.0,0,2,0,0,0,0,0,0,0,0,0,0,0,0,0,0,0,0,0,0,0,0,0,0,3,738.0341406504722,1357.352397260274,3326.137804878049,756.398866855524,20,0.5000000000000001,-0.8660254037844386,0,0,2
B2,roll_04,persistence,2026-02-05 21:00:00+00:00,2026-02-05 22:00:00+00:00,0,1,2025-12-08T00:00:00+00:00,2026-02-02T00:00:00+00:00,2026-02-02T00:00:00+00:00,2026-02-09T00:00:00+00:00,799.4336507936508,1207.6818181818182,-408.2481673881674,0,night,0,0.0,0,2,0,0,0,0,0,0,0,0,0,0,0,0,0,0,0,0,0,0,0,0,0,0,3,1046.6185902225832,756.398866855524,2641.1531380753136,1207.6818181818182,21,0.7071067811865474,-0.7071067811865477,0,0,2
B2,roll_04,persistence,2026-02-05 22:00:00+00:00,2026-02-05 23:00:00+00:00,0,1,2025-12-08T00:00:00+00:00,2026-02-02T00:00:00+00:00,2026-02-02T00:00:00+00:00,2026-02-09T00:00:00+00:00,632.1702602230483,799.4336507936508,-167.2633905706025,0,night,0,0.0,0,2,0,1,1,0,4,0,0,0,1,0,1,0,1,0,0,0,1,0,0,0,0,0,3,366.5958732328333,1207.6818181818182,2707.4724576271187,799.4336507936508,22,0.8660254037844384,-0.5000000000000004,0,0,2
B2,roll_04,persistence,2026-02-05 23:00:00+00:00,2026-02-06 00:00:00+00:00,0,1,2025-12-08T00:00:00+00:00,2026-02-02T00:00:00+00:00,2026-02-02T00:00:00+00:00,2026-02-09T00:00:00+00:00,577.5668032786884,632.1702602230483,-54.60345694435989,0,night,0,0.0,0,2,0,1,1,0,4,0,0,0,1,0,1,0,1,0,0,0,1,0,0,0,0,0,3,363.3738909241667,799.4336507936508,2638.623580786026,632.1702602230483,23,0.965925826289068,-0.2588190451025215,0,0,2
B2,roll_04,persistence,2026-02-06 00:00:00+00:00,2026-02-06 01:00:00+00:00,0,1,2025-12-08T00:00:00+00:00,2026-02-02T00:00:00+00:00,2026-02-02T00:00:00+00:00,2026-02-09T00:00:00+00:00,580.2045454545455,577.5668032786884,2.6377421758570563,0,night,0,0.0,0,2,0,1,1,0,4,0,0,0,1,0,1,0,1,0,0,0,1,0,0,0,0,0,4,372.9620775262778,632.1702602230483,735.8008196721311,577.5668032786884,0,1.0,0.0,0,0,2
B2,roll_04,persistence,2026-02-06 01:00:00+00:00,2026-02-06 02:00:00+00:00,0,1,2025-12-08T00:00:00+00:00,2026-02-02T00:00:00+00:00,2026-02-02T00:00:00+00:00,2026-02-09T00:00:00+00:00,575.4979166666667,580.2045454545455,-4.706628787878799,0,night,0,0.0,0,2,0,1,1,0,4,0,0,0,1,0,1,0,1,0,0,0,1,0,0,0,0,0,4,407.8405305781389,577.5668032786884,572.743621399177,580.2045454545455,1,0.9659258262890684,0.2588190451025207,0,0,2
B2,roll_04,persistence,2026-02-06 02:00:00+00:00,2026-02-06 03:00:00+00:00,0,1,2025-12-08T00:00:00+00:00,2026-02-02T00:00:00+00:00,2026-02-02T00:00:00+00:00,2026-02-09T00:00:00+00:00,574.4534979423869,575.4979166666667,-1.044418724279808,0,night,0,0.0,0,2,0,0,0,0,0,0,0,0,0,0,0,0,0,0,0,0,0,0,0,0,0,0,4,371.0950655588056,580.2045454545455,576.4938524590164,575.4979166666667,2,0.8660254037844387,0.4999999999999999,0,0,2
B2,roll_04,persistence,2026-02-06 03:00:00+00:00,2026-02-06 04:00:00+00:00,0,1,2025-12-08T00:00:00+00:00,2026-02-02T00:00:00+00:00,2026-02-02T00:00:00+00:00,2026-02-09T00:00:00+00:00,1180.2426294820718,574.4534979423869,605.789131539685,0,night,0,0.0,0,2,0,0,0,0,0,0,0,0,0,0,0,0,0,0,0,0,0,0,0,0,0,0,4,377.9953876609166,575.4979166666667,582.7389344262294,574.4534979423869,3,0.7071067811865476,0.7071067811865476,0,0,2
B2,roll_04,persistence,2026-02-06 04:00:00+00:00,2026-02-06 05:00:00+00:00,0,1,2025-12-08T00:00:00+00:00,2026-02-02T00:00:00+00:00,2026-02-02T00:00:00+00:00,2026-02-09T00:00:00+00:00,2027.4632958801496,1180.2426294820718,847.2206663980778,0,night,0,0.0,0,2,0,0,0,0,0,0,0,0,0,0,0,0,0,0,0,0,0,0,0,0,0,0,4,1042.5099112287778,574.4534979423869,1140.7624489795917,1180.2426294820718,4,0.5000000000000001,0.8660254037844386,0,0,2
B2,roll_04,persistence,2026-02-06 05:00:00+00:00,2026-02-06 06:00:00+00:00,0,1,2025-12-08T00:00:00+00:00,2026-02-02T00:00:00+00:00,2026-02-02T00:00:00+00:00,2026-02-09T00:00:00+00:00,2067.114606741573,2027.4632958801496,39.651310861423326,0,night,0,0.0,0,2,0,0,0,0,0,0,0,0,0,0,0,0,0,0,0,0,0,0,0,0,0,0,4,2043.280496847389,1180.2426294820718,1980.2167272727272,2027.4632958801496,5,0.2588190451025207,0.9659258262890684,0,0,2
B2,roll_04,persistence,2026-02-06 06:00:00+00:00,2026-02-06 07:00:00+00:00,0,1,2025-12-08T00:00:00+00:00,2026-02-02T00:00:00+00:00,2026-02-02T00:00:00+00:00,2026-02-09T00:00:00+00:00,1597.1892857142857,2067.114606741573,-469.9253210272873,0,night,0,0.0,0,2,0,0,0,0,0,0,0,0,0,0,0,0,0,0,0,0,0,0,0,0,0,0,4,2356.0469720826945,2027.4632958801496,2024.3182156133828,2067.114606741573,6,6.123233995736766e-17,1.0,0,0,2
B2,roll_04,persistence,2026-02-06 07:00:00+00:00,2026-02-06 08:00:00+00:00,0,1,2025-12-08T00:00:00+00:00,2026-02-02T00:00:00+00:00,2026-02-02T00:00:00+00:00,2026-02-09T00:00:00+00:00,1538.8590163934423,1597.1892857142857,-58.3302693208434,1,low,0,0.0,0,2,0,0,0,0,0,0,0,0,0,0,0,0,0,0,0,0,0,0,0,0,0,0,4,2415.724502125278,2067.114606741573,1672.158108108108,1597.1892857142857,7,-0.2588190451025206,0.9659258262890684,0,0,2
B2,roll_04,persistence,2026-02-06 08:00:00+00:00,2026-02-06 09:00:00+00:00,0,1,2025-12-08T00:00:00+00:00,2026-02-02T00:00:00+00:00,2026-02-02T00:00:00+00:00,2026-02-09T00:00:00+00:00,808.640361445783,1538.8590163934423,-730.2186549476593,1,low,0,0.0,0,2,0,0,0,0,0,0,0,0,0,0,0,0,0,0,0,0,0,0,0,0,0,0,4,2088.875723270194,1597.1892857142857,1393.502840909091,1538.8590163934423,8,-0.4999999999999998,0.8660254037844387,0,0,2
B2,roll_04,persistence,2026-02-06 09:00:00+00:00,2026-02-06 10:00:00+00:00,0,1,2025-12-08T00:00:00+00:00,2026-02-02T00:00:00+00:00,2026-02-02T00:00:00+00:00,2026-02-09T00:00:00+00:00,1106.088343558282,808.640361445783,297.44798211249906,1,low,0,0.0,0,2,0,0,0,0,0,0,0,0,0,0,0,0,0,0,0,0,0,0,0,0,0,0,4,1376.5848081650277,1538.8590163934423,1354.447186147186,808.640361445783,9,-0.7071067811865475,0.7071067811865476,0,0,2
B2,roll_04,persistence,2026-02-06 10:00:00+00:00,2026-02-06 11:00:00+00:00,0,1,2025-12-08T00:00:00+00:00,2026-02-02T00:00:00+00:00,2026-02-02T00:00:00+00:00,2026-02-09T00:00:00+00:00,-642.7065420560747,1106.088343558282,-1748.7948856143566,1,med,0,0.0,0,2,0,0,0,0,0,0,0,0,0,0,0,0,0,0,0,0,0,0,0,0,0,0,4,637.5708449115556,808.640361445783,662.0819532908704,1106.088343558282,10,-0.8660254037844387,0.4999999999999999,0,0,2
B2,roll_04,persistence,2026-02-06 11:00:00+00:00,2026-02-06 12:00:00+00:00,0,1,2025-12-08T00:00:00+00:00,2026-02-02T00:00:00+00:00,2026-02-02T00:00:00+00:00,2026-02-09T00:00:00+00:00,-1011.863082437276,-642.7065420560747,-369.15654038120135,1,high,0,0.0,0,3,1,0,0,0,0,0,0,0,0,0,0,0,0,0,0,0,0,0,0,0,0,0,4,-1038.640299738972,1106.088343558282,-1116.5161157024795,-642.7065420560747,11,-0.9659258262890682,0.258819045102521,0,0,2
B2,roll_04,persistence,2026-02-06 12:00:00+00:00,2026-02-06 13:00:00+00:00,0,1,2025-12-08T00:00:00+00:00,2026-02-02T00:00:00+00:00,2026-02-02T00:00:00+00:00,2026-02-09T00:00:00+00:00,-893.904280155642,-1011.863082437276,117.95880228163401,1,high,0,0.0,0,3,1,0,0,0,0,0,0,0,0,0,0,0,0,0,0,0,0,0,0,0,0,0,4,338.58896643852773,-642.7065420560747,-936.9505836575876,-1011.863082437276,12,-1.0,1.2246467991473532e-16,0,0,2
B2,roll_04,persistence,2026-02-06 13:00:00+00:00,2026-02-06 14:00:00+00:00,0,1,2025-12-08T00:00:00+00:00,2026-02-02T00:00:00+00:00,2026-02-02T00:00:00+00:00,2026-02-09T00:00:00+00:00,-665.2588028169014,-893.904280155642,228.64547733874065,1,high,0,0.0,0,3,1,0,0,0,0,0,0,0,0,0,0,0,0,0,0,0,0,0,0,0,0,0,4,-266.5041079402778,-1011.863082437276,-837.3921487603305,-893.904280155642,13,-0.9659258262890684,-0.2588190451025208,0,0,2
B2,roll_04,persistence,2026-02-06 14:00:00+00:00,2026-02-06 15:00:00+00:00,0,1,2025-12-08T00:00:00+00:00,2026-02-02T00:00:00+00:00,2026-02-02T00:00:00+00:00,2026-02-09T00:00:00+00:00,710.4511864406779,-665.2588028169014,1375.7099892575793,1,med,0,0.0,0,3,1,0,0,0,0,0,0,0,0,0,0,0,0,0,0,0,0,0,0,0,0,0,4,376.1624140875,-893.904280155642,-375.85170454545454,-665.2588028169014,14,-0.8660254037844388,-0.4999999999999997,0,0,2
B2,roll_04,persistence,2026-02-06 15:00:00+00:00,2026-02-06 16:00:00+00:00,0,1,2025-12-08T00:00:00+00:00,2026-02-02T00:00:00+00:00,2026-02-02T00:00:00+00:00,2026-02-09T00:00:00+00:00,641.5711610486892,710.4511864406779,-68.88002539198874,1,med,0,0.0,0,3,0,0,0,0,0,0,0,0,0,0,0,0,0,0,0,0,0,0,0,0,0,0,4,1082.7555175266666,-665.2588028169014,735.4822981366459,710.4511864406779,15,-0.7071067811865479,-0.7071067811865471,0,0,2
B2,roll_04,persistence,2026-02-06 16:00:00+00:00,2026-02-06 17:00:00+00:00,0,1,2025-12-08T00:00:00+00:00,2026-02-02T00:00:00+00:00,2026-02-02T00:00:00+00:00,2026-02-09T00:00:00+00:00,1208.6992857142857,641.5711610486892,567.1281246655965,1,low,0,0.0,0,3,0,0,0,0,0,0,0,0,0,0,0,0,0,0,0,0,0,0,0,0,0,0,4,1956.864773614972,710.4511864406779,773.8824840764331,641.5711610486892,16,-0.5000000000000004,-0.8660254037844385,0,0,2
B2,roll_04,persistence,2026-02-06 17:00:00+00:00,2026-02-06 18:00:00+00:00,0,1,2025-12-08T00:00:00+00:00,2026-02-02T00:00:00+00:00,2026-02-02T00:00:00+00:00,2026-02-09T00:00:00+00:00,1998.979389312977,1208.6992857142857,790.2801035986913,0,night,0,0.0,0,3,0,0,0,0,0,0,0,0,0,0,0,0,0,0,0,0,0,0,0,0,0,0,4,2558.768179305,641.5711610486892,822.6935275080906,1208.6992857142857,17,-0.2588190451025206,-0.9659258262890684,0,0,2
B2,roll_04,persistence,2026-02-06 18:00:00+00:00,2026-02-06 19:00:00+00:00,0,1,2025-12-08T00:00:00+00:00,2026-02-02T00:00:00+00:00,2026-02-02T00:00:00+00:00,2026-02-09T00:00:00+00:00,1523.3758957654725,1998.979389312977,-475.6034935475045,0,night,0,0.0,0,2,0,0,0,0,0,0,0,0,0,0,0,0,0,0,0,0,0,0,0,0,0,0,4,1987.7934036818888,1208.6992857142857,1374.275974025974,1998.979389312977,18,-1.8369701987210292e-16,-1.0,0,0,2
B2,roll_04,persistence,2026-02-06 19:00:00+00:00,2026-02-06 20:00:00+00:00,0,1,2025-12-08T00:00:00+00:00,2026-02-02T00:00:00+00:00,2026-02-02T00:00:00+00:00,2026-02-09T00:00:00+00:00,912.399686520376,1523.3758957654725,-610.9762092450965,0,night,0,0.0,0,2,0,0,0,0,0,0,0,0,0,0,0,0,0,0,0,0,0,0,0,0,0,0,4,1676.7119280521667,1998.979389312977,1357.352397260274,1523.3758957654725,19,0.2588190451025203,-0.9659258262890684,0,0,2
B2,roll_04,persistence,2026-02-06 20:00:00+00:00,2026-02-06 21:00:00+00:00,0,1,2025-12-08T00:00:00+00:00,2026-02-02T00:00:00+00:00,2026-02-02T00:00:00+00:00,2026-02-09T00:00:00+00:00,912.399686520376,912.399686520376,0.0,0,night,0,0.0,0,2,0,0,0,0,0,0,0,0,0,0,0,0,0,0,0,0,0,0,0,0,0,0,4,1399.5987402705557,1523.3758957654725,756.398866855524,912.399686520376,20,0.5000000000000001,-0.8660254037844386,0,0,2
B2,roll_04,persistence,2026-02-07 06:00:00+00:00,2026-02-07 07:00:00+00:00,0,1,2025-12-08T00:00:00+00:00,2026-02-02T00:00:00+00:00,2026-02-02T00:00:00+00:00,2026-02-09T00:00:00+00:00,1559.708875739645,2062.442647058824,-502.73377131917914,0,night,0,0.0,0,2,0,1,1,0,0,0,10,0,0,0,0,0,0,0,1,0,0,0,1,0,0,1,5,2133.987086771556,2298.011320754717,2067.114606741573,2062.442647058824,6,6.123233995736766e-17,1.0,0,1,2
B2,roll_04,persistence,2026-02-07 07:00:00+00:00,2026-02-07 08:00:00+00:00,0,1,2025-12-08T00:00:00+00:00,2026-02-02T00:00:00+00:00,2026-02-02T00:00:00+00:00,2026-02-09T00:00:00+00:00,706.9373134328358,1559.708875739645,-852.7715623068092,1,low,0,0.0,0,2,0,0,0,0,0,0,0,0,0,0,0,0,0,0,0,0,0,0,0,0,0,0,5,1020.5726502083334,2062.442647058824,1597.1892857142857,1559.708875739645,7,-0.2588190451025206,0.9659258262890684,0,1,2
B2,roll_04,persistence,2026-02-07 08:00:00+00:00,2026-02-07 09:00:00+00:00,0,1,2025-12-08T00:00:00+00:00,2026-02-02T00:00:00+00:00,2026-02-02T00:00:00+00:00,2026-02-09T00:00:00+00:00,632.1936915887851,706.9373134328358,-74.74362184405072,1,low,0,0.0,0,2,0,0,0,0,0,0,0,0,0,0,0,0,0,0,0,0,0,0,0,0,0,0,5,419.2874801181944,1559.708875739645,1538.8590163934423,706.9373134328358,8,-0.4999999999999998,0.8660254037844387,0,1,2
B2,roll_04,persistence,2026-02-07 09:00:00+00:00,2026-02-07 10:00:00+00:00,0,1,2025-12-08T00:00:00+00:00,2026-02-02T00:00:00+00:00,2026-02-02T00:00:00+00:00,2026-02-09T00:00:00+00:00,578.2054744525547,632.1936915887851,-53.988217136230446,1,low,0,0.0,0,2,0,0,0,0,0,0,0,0,0,0,0,0,0,0,0,0,0,0,0,0,0,0,5,250.3521221068889,706.9373134328358,808.640361445783,632.1936915887851,9,-0.7071067811865475,0.7071067811865476,0,1,2
B2,roll_04,persistence,2026-02-07 10:00:00+00:00,2026-02-07 11:00:00+00:00,0,1,2025-12-08T00:00:00+00:00,2026-02-02T00:00:00+00:00,2026-02-02T00:00:00+00:00,2026-02-09T00:00:00+00:00,-41.95252679938744,578.2054744525547,-620.1580012519421,1,low,0,0.0,0,2,0,0,0,0,0,0,0,0,0,0,0,0,0,0,0,0,0,0,0,0,0,0,5,334.93582907008334,632.1936915887851,1106.088343558282,578.2054744525547,10,-0.8660254037844387,0.4999999999999999,0,1,2
B2,roll_04,persistence,2026-02-07 11:00:00+00:00,2026-02-07 12:00:00+00:00,0,1,2025-12-08T00:00:00+00:00,2026-02-02T00:00:00+00:00,2026-02-02T00:00:00+00:00,2026-02-09T00:00:00+00:00,446.3483552631579,-41.95252679938744,488.3008820625453,1,high,0,0.0,0,3,1,0,0,0,0,0,0,0,0,0,0,0,0,0,0,0,0,0,0,0,0,0,5,-25.482023055444444,578.2054744525547,-642.7065420560747,-41.95252679938744,11,-0.9659258262890682,0.258819045102521,0,1,2
B2,roll_04,persistence,2026-02-07 12:00:00+00:00,2026-02-07 13:00:00+00:00,0,1,2025-12-08T00:00:00+00:00,2026-02-02T00:00:00+00:00,2026-02-02T00:00:00+00:00,2026-02-09T00:00:00+00:00,632.8982843137255,446.3483552631579,186.54992905056764,1,med,0,0.0,0,3,0,0,0,0,0,0,0,0,0,0,0,0,0,0,0,0,0,0,0,0,0,0,5,-362.59401059927774,-41.95252679938744,-1011.863082437276,446.3483552631579,12,-1.0,1.2246467991473532e-16,0,1,2
B2,roll_04,persistence,2026-02-07 13:00:00+00:00,2026-02-07 14:00:00+00:00,0,1,2025-12-08T00:00:00+00:00,2026-02-02T00:00:00+00:00,2026-02-02T00:00:00+00:00,2026-02-09T00:00:00+00:00,561.9701612903226,632.8982843137255,-70.92812302340292,1,low,0,0.0,0,3,0,0,0,0,0,0,0,0,0,0,0,0,0,0,0,0,0,0,0,0,0,0,5,-31.184125589083333,446.3483552631579,-893.904280155642,632.8982843137255,13,-0.9659258262890684,-0.2588190451025208,0,1,2
B2,roll_04,persistence,2026-02-07 14:00:00+00:00,2026-02-07 15:00:00+00:00,0,1,2025-12-08T00:00:00+00:00,2026-02-02T00:00:00+00:00,2026-02-02T00:00:00+00:00,2026-02-09T00:00:00+00:00,334.5904761904762,561.9701612903226,-227.37968509984643,1,low,0,0.0,0,3,0,0,0,0,0,0,0,0,0,0,0,0,0,0,0,0,0,0,0,0,0,0,5,-90.87281389516666,632.8982843137255,-665.2588028169014,561.9701612903226,14,-0.8660254037844388,-0.4999999999999997,0,1,2
B2,roll_04,persistence,2026-02-07 15:00:00+00:00,2026-02-07 16:00:00+00:00,0,1,2025-12-08T00:00:00+00:00,2026-02-02T00:00:00+00:00,2026-02-02T00:00:00+00:00,2026-02-09T00:00:00+00:00,645.034188034188,334.5904761904762,310.4437118437118,1,low,0,0.0,0,3,0,0,0,0,0,0,0,0,0,0,0,0,0,0,0,0,0,0,0,0,0,0,5,422.2890764387501,561.9701612903226,710.4511864406779,334.5904761904762,15,-0.7071067811865479,-0.7071067811865471,0,1,2
B2,roll_04,persistence,2026-02-07 16:00:00+00:00,2026-02-07 17:00:00+00:00,0,1,2025-12-08T00:00:00+00:00,2026-02-02T00:00:00+00:00,2026-02-02T00:00:00+00:00,2026-02-09T00:00:00+00:00,804.1076923076923,645.034188034188,159.07350427350434,1,low,0,0.0,0,3,0,0,0,0,0,0,0,0,0,0,0,0,0,0,0,0,0,0,0,0,0,0,5,514.5742918275556,334.5904761904762,641.5711610486892,645.034188034188,16,-0.5000000000000004,-0.8660254037844385,0,1,2
B2,roll_04,persistence,2026-02-07 17:00:00+00:00,2026-02-07 18:00:00+00:00,0,1,2025-12-08T00:00:00+00:00,2026-02-02T00:00:00+00:00,2026-02-02T00:00:00+00:00,2026-02-09T00:00:00+00:00,1198.3504918032788,804.1076923076923,394.2427994955865,0,night,0,0.0,0,3,0,1,1,0,2,0,0,1,0,0,1,0,1,0,0,0,1,0,0,0,0,0,5,555.1924943127777,645.034188034188,1208.6992857142857,804.1076923076923,17,-0.2588190451025206,-0.9659258262890684,0,1,2
B2,roll_04,persistence,2026-02-07 18:00:00+00:00,2026-02-07 19:00:00+00:00,0,1,2025-12-08T00:00:00+00:00,2026-02-02T00:00:00+00:00,2026-02-02T00:00:00+00:00,2026-02-09T00:00:00+00:00,1452.110101010101,1198.3504918032788,253.75960920682223,0,night,0,0.0,0,2,0,1,1,0,2,0,0,1,0,0,1,0,1,0,0,0,1,0,0,0,0,0,5,563.0741589198611,804.1076923076923,1998.979389312977,1198.3504918032788,18,-1.8369701987210292e-16,-1.0,0,1,2
B2,roll_04,persistence,2026-02-07 19:00:00+00:00,2026-02-07 20:00:00+00:00,0,1,2025-12-08T00:00:00+00:00,2026-02-02T00:00:00+00:00,2026-02-02T00:00:00+00:00,2026-02-09T00:00:00+00:00,497.8637305699482,1452.110101010101,-954.2463704401529,0,night,0,0.0,0,2,0,0,0,0,0,0,0,0,0,0,0,0,0,0,0,0,0,0,0,0,0,0,5,532.8345183753889,1198.3504918032788,1523.3758957654725,1452.110101010101,19,0.2588190451025203,-0.9659258262890684,0,1,2
B2,roll_04,persistence,2026-02-07 20:00:00+00:00,2026-02-07 21:00:00+00:00,0,1,2025-12-08T00:00:00+00:00,2026-02-02T00:00:00+00:00,2026-02-02T00:00:00+00:00,2026-02-09T00:00:00+00:00,872.810650887574,497.8637305699482,374.94692031762577,0,night,0,0.0,0,2,0,1,1,0,2,0,0,1,0,0,1,0,1,0,0,0,1,0,0,0,0,0,5,552.461400302111,1452.110101010101,912.399686520376,497.8637305699482,20,0.5000000000000001,-0.8660254037844386,0,1,2
B2,roll_04,persistence,2026-02-08 05:00:00+00:00,2026-02-08 06:00:00+00:00,0,1,2025-12-08T00:00:00+00:00,2026-02-02T00:00:00+00:00,2026-02-02T00:00:00+00:00,2026-02-09T00:00:00+00:00,379.6493975903615,397.2683333333333,-17.618935742971814,0,night,0,0.0,0,2,0,1,1,0,8,0,0,0,0,1,1,0,1,0,0,0,1,0,0,0,0,0,6,555.9197919330833,369.4539094650206,2298.011320754717,397.2683333333333,5,0.2588190451025207,0.9659258262890684,0,1,2
B2,roll_04,persistence,2026-02-08 06:00:00+00:00,2026-02-08 07:00:00+00:00,0,1,2025-12-08T00:00:00+00:00,2026-02-02T00:00:00+00:00,2026-02-02T00:00:00+00:00,2026-02-09T00:00:00+00:00,1316.8424615384615,379.6493975903615,937.1930639481,0,night,0,0.0,0,2,0,1,1,0,8,0,0,0,0,1,1,0,1,0,0,0,1,0,0,0,0,0,6,1160.5435193141388,397.2683333333333,2062.442647058824,379.6493975903615,6,6.123233995736766e-17,1.0,0,1,2
B2,roll_04,persistence,2026-02-08 07:00:00+00:00,2026-02-08 08:00:00+00:00,0,1,2025-12-08T00:00:00+00:00,2026-02-02T00:00:00+00:00,2026-02-02T00:00:00+00:00,2026-02-09T00:00:00+00:00,834.62125,1316.8424615384615,-482.2212115384615,1,low,0,0.0,0,2,0,0,0,0,0,0,0,0,0,0,0,0,0,0,0,0,0,0,0,0,0,0,6,691.6709654138334,379.6493975903615,1559.708875739645,1316.8424615384615,7,-0.2588190451025206,0.9659258262890684,0,1,2
B2,roll_04,persistence,2026-02-08 08:00:00+00:00,2026-02-08 09:00:00+00:00,0,1,2025-12-08T00:00:00+00:00,2026-02-02T00:00:00+00:00,2026-02-02T00:00:00+00:00,2026-02-09T00:00:00+00:00,1570.537150837989,834.62125,735.9159008379889,1,low,0,0.0,0,2,0,0,0,0,0,0,0,0,0,0,0,0,0,0,0,0,0,0,0,0,0,0,6,1089.2109433604444,1316.8424615384615,706.9373134328358,834.62125,8,-0.4999999999999998,0.8660254037844387,0,1,2
B2,roll_04,persistence,2026-02-08 09:00:00+00:00,2026-02-08 10:00:00+00:00,0,1,2025-12-08T00:00:00+00:00,2026-02-02T00:00:00+00:00,2026-02-02T00:00:00+00:00,2026-02-09T00:00:00+00:00,1105.7391382405744,1570.537150837989,-464.7980125974145,1,low,0,0.0,0,2,0,0,0,0,0,0,0,0,0,0,0,0,0,0,0,0,0,0,0,0,0,0,6,303.2054646118889,834.62125,632.1936915887851,1570.537150837989,9,-0.7071067811865475,0.7071067811865476,0,1,2
B2,roll_04,persistence,2026-02-08 10:00:00+00:00,2026-02-08 11:00:00+00:00,0,1,2025-12-08T00:00:00+00:00,2026-02-02T00:00:00+00:00,2026-02-02T00:00:00+00:00,2026-02-09T00:00:00+00:00,923.620527306968,1105.7391382405744,-182.11861093360642,1,med,0,0.0,0,3,0,0,0,0,0,0,0,0,0,0,0,0,0,0,0,0,0,0,0,0,0,0,6,306.5586802728889,1570.537150837989,578.2054744525547,1105.7391382405744,10,-0.8660254037844387,0.4999999999999999,0,1,2
B2,roll_04,persistence,2026-02-08 11:00:00+00:00,2026-02-08 12:00:00+00:00,0,1,2025-12-08T00:00:00+00:00,2026-02-02T00:00:00+00:00,2026-02-02T00:00:00+00:00,2026-02-09T00:00:00+00:00,947.024628450106,923.620527306968,23.40410114313795,1,med,0,0.0,0,3,0,0,0,0,0,0,0,0,0,0,0,0,0,0,0,0,0,0,0,0,0,0,6,298.92543760088887,1105.7391382405744,-41.95252679938744,923.620527306968,11,-0.9659258262890682,0.258819045102521,0,1,2
B2,roll_04,persistence,2026-02-08 12:00:00+00:00,2026-02-08 13:00:00+00:00,0,1,2025-12-08T00:00:00+00:00,2026-02-02T00:00:00+00:00,2026-02-02T00:00:00+00:00,2026-02-09T00:00:00+00:00,712.1665188470066,947.024628450106,-234.85810960309936,1,med,0,0.0,0,3,0,0,0,0,0,0,0,0,0,0,0,0,0,0,0,0,0,0,0,0,0,0,6,73.55411946638888,923.620527306968,446.3483552631579,947.024628450106,12,-1.0,1.2246467991473532e-16,0,1,2
B2,roll_04,persistence,2026-02-08 13:00:00+00:00,2026-02-08 14:00:00+00:00,0,1,2025-12-08T00:00:00+00:00,2026-02-02T00:00:00+00:00,2026-02-02T00:00:00+00:00,2026-02-09T00:00:00+00:00,736.6655786350148,712.1665188470066,24.49905978800814,1,low,0,0.0,0,3,0,0,0,0,0,0,0,0,0,0,0,0,0,0,0,0,0,0,0,0,0,0,6,151.58054217927778,947.024628450106,632.8982843137255,712.1665188470066,13,-0.9659258262890684,-0.2588190451025208,0,1,2
B2,roll_04,persistence,2026-02-08 14:00:00+00:00,2026-02-08 15:00:00+00:00,0,1,2025-12-08T00:00:00+00:00,2026-02-02T00:00:00+00:00,2026-02-02T00:00:00+00:00,2026-02-09T00:00:00+00:00,695.3514285714285,736.6655786350148,-41.314150063586226,1,low,0,0.0,0,3,0,0,0,0,0,0,0,0,0,0,0,0,0,0,0,0,0,0,0,0,0,0,6,1336.6438164391946,712.1665188470066,561.9701612903226,736.6655786350148,14,-0.8660254037844388,-0.4999999999999997,0,1,2
B2,roll_04,persistence,2026-02-08 15:00:00+00:00,2026-02-08 16:00:00+00:00,0,1,2025-12-08T00:00:00+00:00,2026-02-02T00:00:00+00:00,2026-02-02T00:00:00+00:00,2026-02-09T00:00:00+00:00,1433.765206812652,695.3514285714285,738.4137782412234,1,low,0,0.0,0,3,0,0,0,0,0,0,0,0,0,0,0,0,0,0,0,0,0,0,0,0,0,0,6,1896.0841900744165,736.6655786350148,334.5904761904762,695.3514285714285,15,-0.7071067811865479,-0.7071067811865471,0,1,2
B2,roll_04,persistence,2026-02-08 16:00:00+00:00,2026-02-08 17:00:00+00:00,0,1,2025-12-08T00:00:00+00:00,2026-02-02T00:00:00+00:00,2026-02-02T00:00:00+00:00,2026-02-09T00:00:00+00:00,1460.5596112311014,1433.765206812652,26.794404418449403,1,low,0,0.0,0,3,0,0,0,0,0,0,0,0,0,0,0,0,0,0,0,0,0,0,0,0,0,0,6,2484.501672130778,695.3514285714285,645.034188034188,1433.765206812652,16,-0.5000000000000004,-0.8660254037844385,0,1,2
B2,roll_04,persistence,2026-02-08 17:00:00+00:00,2026-02-08 18:00:00+00:00,0,1,2025-12-08T00:00:00+00:00,2026-02-02T00:00:00+00:00,2026-02-02T00:00:00+00:00,2026-02-09T00:00:00+00:00,1677.3,1460.5596112311014,216.74038876889858,0,night,0,0.0,0,2,0,1,1,0,2,0,0,1,0,0,1,0,1,0,0,0,1,0,0,0,0,0,6,2486.544613380472,1433.765206812652,804.1076923076923,1460.5596112311014,17,-0.2588190451025206,-0.9659258262890684,0,1,2
B2,roll_04,persistence,2026-02-08 18:00:00+00:00,2026-02-08 19:00:00+00:00,0,1,2025-12-08T00:00:00+00:00,2026-02-02T00:00:00+00:00,2026-02-02T00:00:00+00:00,2026-02-09T00:00:00+00:00,1634.7964788732395,1677.3,-42.50352112676046,0,night,0,0.0,0,2,0,1,1,0,2,0,0,1,0,0,1,0,1,0,0,0,1,0,0,0,0,0,6,2612.5492478209444,1460.5596112311014,1198.3504918032788,1677.3,18,-1.8369701987210292e-16,-1.0,0,1,2
B2,roll_04,persistence,2026-02-08 19:00:00+00:00,2026-02-08 20:00:00+00:00,0,1,2025-12-08T00:00:00+00:00,2026-02-02T00:00:00+00:00,2026-02-02T00:00:00+00:00,2026-02-09T00:00:00+00:00,1380.816091954023,1634.7964788732395,-253.98038691921647,0,night,0,0.0,0,2,0,0,0,0,0,0,0,0,0,0,0,0,0,0,0,0,0,0,0,0,0,0,6,3017.157618471861,1677.3,1452.110101010101,1634.7964788732395,19,0.2588190451025203,-0.9659258262890684,0,1,2
B2,roll_04,persistence,2026-02-08 20:00:00+00:00,2026-02-08 21:00:00+00:00,0,1,2025-12-08T00:00:00+00:00,2026-02-02T00:00:00+00:00,2026-02-02T00:00:00+00:00,2026-02-09T00:00:00+00:00,1796.902564102564,1380.816091954023,416.0864721485409,0,night,0,0.0,0,2,0,1,1,0,1,0,0,1,0,0,1,0,1,0,0,0,1,0,0,0,0,0,6,2133.137917275778,1634.7964788732395,497.8637305699482,1380.816091954023,20,0.5000000000000001,-0.8660254037844386,0,1,2
B2,roll_04,persistence,2026-02-08 21:00:00+00:00,2026-02-08 22:00:00+00:00,0,1,2025-12-08T00:00:00+00:00,2026-02-02T00:00:00+00:00,2026-02-02T00:00:00+00:00,2026-02-09T00:00:00+00:00,682.9762008733624,1796.902564102564,-1113.9263632292016,0,night,0,0.0,0,2,0,0,0,0,0,0,0,0,0,0,0,0,0,0,0,0,0,0,0,0,0,0,6,952.1327068525555,1380.816091954023,872.810650887574,1796.902564102564,21,0.7071067811865474,-0.7071067811865477,0,1,2
B2,roll_04,mlr,2026-02-01 23:00:00+00:00,2026-02-02 00:00:00+00:00,0,1,2025-12-08T00:00:00+00:00,2026-02-02T00:00:00+00:00,2026-02-02T00:00:00+00:00,2026-02-09T00:00:00+00:00,543.2085049798055,813.6692811160016,-270.46077613619605,0,night,0,0.0,0,1,0,0,0,0,0,0,0,0,0,0,0,0,0,0,0,0,0,0,0,0,0,0,6,401.8299940770556,1463.8755507140277,565.2245665261389,976.5316384429444,23,0.965925826289068,-0.2588190451025215,0,1,2
B2,roll_04,mlr,2026-02-02 00:00:00+00:00,2026-02-02 01:00:00+00:00,0,1,2025-12-08T00:00:00+00:00,2026-02-02T00:00:00+00:00,2026-02-02T00:00:00+00:00,2026-02-09T00:00:00+00:00,555.9650401257778,938.0600196739495,-382.09497954817164,0,night,0,0.0,0,1,0,0,0,0,0,0,0,0,0,0,0,0,0,0,0,0,0,0,0,0,0,0,0,369.4281183008611,976.5316384429444,564.1097782727777,543.2085049798055,0,1.0,0.0,0,0,2
B2,roll_04,mlr,2026-02-02 01:00:00+00:00,2026-02-02 02:00:00+00:00,0,1,2025-12-08T00:00:00+00:00,2026-02-02T00:00:00+00:00,2026-02-02T00:00:00+00:00,2026-02-09T00:00:00+00:00,559.2648734329445,853.4237911857099,-294.15891775276543,0,night,0,0.0,0,1,0,1,1,0,4,0,0,0,1,0,1,0,1,0,0,0,1,0,0,0,0,0,0,418.7639288361667,543.2085049798055,533.409867254,555.9650401257778,1,0.9659258262890684,0.2588190451025207,0,0,2
B2,roll_04,mlr,2026-02-02 02:00:00+00:00,2026-02-02 03:00:00+00:00,0,1,2025-12-08T00:00:00+00:00,2026-02-02T00:00:00+00:00,2026-02-02T00:00:00+00:00,2026-02-09T00:00:00+00:00,543.3187399811248,823.0917480003915,-279.7730080192666,0,night,0,0.0,0,1,0,1,1,0,4,0,0,0,1,0,1,0,1,0,0,0,1,0,0,0,0,0,0,391.5396551361389,555.9650401257778,562.5751383565,559.2648734329445,2,0.8660254037844387,0.4999999999999999,0,0,2
B2,roll_04,mlr,2026-02-02 03:00:00+00:00,2026-02-02 04:00:00+00:00,0,1,2025-12-08T00:00:00+00:00,2026-02-02T00:00:00+00:00,2026-02-02T00:00:00+00:00,2026-02-09T00:00:00+00:00,1132.2936000000002,781.0291205246508,351.2644794753494,0,night,0,0.0,0,1,0,1,1,0,4,0,0,0,1,0,1,0,1,0,0,0,1,0,0,0,0,0,0,371.4401780996666,559.2648734329445,534.4757679513611,543.3187399811248,3,0.7071067811865476,0.7071067811865476,0,0,2
B2,roll_04,mlr,2026-02-02 04:00:00+00:00,2026-02-02 05:00:00+00:00,0,1,2025-12-08T00:00:00+00:00,2026-02-02T00:00:00+00:00,2026-02-02T00:00:00+00:00,2026-02-09T00:00:00+00:00,1968.2842857142853,1137.6838934340726,830.6003922802126,0,night,0,0.0,0,1,0,1,1,0,4,0,0,0,1,0,1,0,1,0,0,0,1,0,0,0,0,0,0,1028.218939733639,543.3187399811248,559.3680544099722,1132.2936000000002,4,0.5000000000000001,0.8660254037844386,0,0,2
B2,roll_04,mlr,2026-02-02 05:00:00+00:00,2026-02-02 06:00:00+00:00,0,1,2025-12-08T00:00:00+00:00,2026-02-02T00:00:00+00:00,2026-02-02T00:00:00+00:00,2026-02-09T00:00:00+00:00,2066.43476702509,1731.205725314086,335.2290417110039,0,night,0,0.0,0,1,0,0,0,0,0,0,0,0,0,0,0,0,0,0,0,0,0,0,0,0,0,0,0,2114.055589798917,1132.2936000000002,555.9197919330833,1968.2842857142853,5,0.2588190451025207,0.9659258262890684,0,0,2
B2,roll_04,mlr,2026-02-02 06:00:00+00:00,2026-02-02 07:00:00+00:00,0,1,2025-12-08T00:00:00+00:00,2026-02-02T00:00:00+00:00,2026-02-02T00:00:00+00:00,2026-02-09T00:00:00+00:00,1906.8957894736843,1906.7399620061492,0.15582746753511856,0,night,0,0.0,0,1,0,0,0,0,0,0,0,0,0,0,0,0,0,0,0,0,0,0,0,0,0,0,0,2600.770309974528,1968.2842857142853,1160.5435193141388,2066.43476702509,6,6.123233995736766e-17,1.0,0,0,2
B2,roll_04,mlr,2026-02-02 07:00:00+00:00,2026-02-02 08:00:00+00:00,0,1,2025-12-08T00:00:00+00:00,2026-02-02T00:00:00+00:00,2026-02-02T00:00:00+00:00,2026-02-09T00:00:00+00:00,1804.416,1787.5158055424076,16.900194457592306,1,low,0,0.0,0,1,0,0,0,0,0,0,0,0,0,0,0,0,0,0,0,0,0,0,0,0,0,0,0,2010.6085535996945,2066.43476702509,691.6709654138334,1906.8957894736843,7,-0.2588190451025206,0.9659258262890684,0,0,2
B2,roll_04,mlr,2026-02-02 08:00:00+00:00,2026-02-02 09:00:00+00:00,0,1,2025-12-08T00:00:00+00:00,2026-02-02T00:00:00+00:00,2026-02-02T00:00:00+00:00,2026-02-09T00:00:00+00:00,1845.520588235294,1717.0703834019619,128.45020483333224,1,low,0,0.0,0,2,0,0,0,0,0,0,0,0,0,0,0,0,0,0,0,0,0,0,0,0,0,0,0,1665.4681254328334,1906.8957894736843,1089.2109433604444,1804.416,8,-0.4999999999999998,0.8660254037844387,0,0,2
B2,roll_04,mlr,2026-02-02 09:00:00+00:00,2026-02-02 10:00:00+00:00,0,1,2025-12-08T00:00:00+00:00,2026-02-02T00:00:00+00:00,2026-02-02T00:00:00+00:00,2026-02-09T00:00:00+00:00,1895.989453125,1699.475632709124,196.5138204158759,1,low,0,0.0,0,2,0,0,0,0,0,0,0,0,0,0,0,0,0,0,0,0,0,0,0,0,0,0,0,1007.3270680508888,1804.416,303.2054646118889,1845.520588235294,9,-0.7071067811865475,0.7071067811865476,0,0,2
B2,roll_04,mlr,2026-02-02 10:00:00+00:00,2026-02-02 11:00:00+00:00,0,1,2025-12-08T00:00:00+00:00,2026-02-02T00:00:00+00:00,2026-02-02T00:00:00+00:00,2026-02-09T00:00:00+00:00,1458.9305555555557,1748.9574402293842,-290.0268846738286,1,low,0,0.0,0,2,0,0,0,0,0,0,0,0,0,0,0,0,0,0,0,0,0,0,0,0,0,0,0,-569.4865977234444,1845.520588235294,306.5586802728889,1895.989453125,10,-0.8660254037844387,0.4999999999999999,0,0,2
B2,roll_04,mlr,2026-02-02 11:00:00+00:00,2026-02-02 12:00:00+00:00,0,1,2025-12-08T00:00:00+00:00,2026-02-02T00:00:00+00:00,2026-02-02T00:00:00+00:00,2026-02-09T00:00:00+00:00,994.9530726256984,1470.5502273694533,-475.5971547437549,1,low,0,0.0,0,2,0,0,0,0,0,0,0,0,0,0,0,0,0,0,0,0,0,0,0,0,0,0,0,-741.4332030484165,1895.989453125,298.92543760088887,1458.9305555555557,11,-0.9659258262890682,0.258819045102521,0,0,2
B2,roll_04,mlr,2026-02-02 12:00:00+00:00,2026-02-02 13:00:00+00:00,0,1,2025-12-08T00:00:00+00:00,2026-02-02T00:00:00+00:00,2026-02-02T00:00:00+00:00,2026-02-09T00:00:00+00:00,891.7146341463415,1106.0501417875776,-214.33550764123606,1,low,0,0.0,0,2,0,0,0,0,0,0,0,0,0,0,0,0,0,0,0,0,0,0,0,0,0,0,0,-1079.799870834083,1458.9305555555557,73.55411946638888,994.9530726256984,12,-1.0,1.2246467991473532e-16,0,0,2
B2,roll_04,mlr,2026-02-02 13:00:00+00:00,2026-02-02 14:00:00+00:00,0,1,2025-12-08T00:00:00+00:00,2026-02-02T00:00:00+00:00,2026-02-02T00:00:00+00:00,2026-02-09T00:00:00+00:00,747.8884726224784,977.2595550464612,-229.37108242398278,1,low,0,0.0,0,2,0,0,0,0,0,0,0,0,0,0,0,0,0,0,0,0,0,0,0,0,0,0,0,94.50215176250003,994.9530726256984,151.58054217927778,891.7146341463415,13,-0.9659258262890684,-0.2588190451025208,0,0,2
B2,roll_04,mlr,2026-02-02 14:00:00+00:00,2026-02-02 15:00:00+00:00,0,1,2025-12-08T00:00:00+00:00,2026-02-02T00:00:00+00:00,2026-02-02T00:00:00+00:00,2026-02-09T00:00:00+00:00,1131.010752688172,920.887903334699,210.12284935347304,1,low,0,0.0,0,2,0,0,0,0,0,0,0,0,0,0,0,0,0,0,0,0,0,0,0,0,0,0,0,-184.2188756273056,891.7146341463415,1336.6438164391946,747.8884726224784,14,-0.8660254037844388,-0.4999999999999997,0,0,2
B2,roll_04,mlr,2026-02-02 15:00:00+00:00,2026-02-02 16:00:00+00:00,0,1,2025-12-08T00:00:00+00:00,2026-02-02T00:00:00+00:00,2026-02-02T00:00:00+00:00,2026-02-09T00:00:00+00:00,1511.6196629213482,1167.9988911902826,343.6207717310656,1,low,0,0.0,0,2,0,0,0,0,0,0,0,0,0,0,0,0,0,0,0,0,0,0,0,0,0,0,0,297.8340901346389,747.8884726224784,1896.0841900744165,1131.010752688172,15,-0.7071067811865479,-0.7071067811865471,0,0,2
B2,roll_04,mlr,2026-02-02 16:00:00+00:00,2026-02-02 17:00:00+00:00,0,1,2025-12-08T00:00:00+00:00,2026-02-02T00:00:00+00:00,2026-02-02T00:00:00+00:00,2026-02-09T00:00:00+00:00,1624.4313218390805,1471.800216974455,152.6311048646255,0,night,0,0.0,0,2,0,0,0,0,0,0,0,0,0,0,0,0,0,0,0,0,0,0,0,0,0,0,0,931.8924169395276,1131.010752688172,2484.501672130778,1511.6196629213482,16,-0.5000000000000004,-0.8660254037844385,0,0,2
B2,roll_04,mlr,2026-02-02 17:00:00+00:00,2026-02-02 18:00:00+00:00,0,1,2025-12-08T00:00:00+00:00,2026-02-02T00:00:00+00:00,2026-02-02T00:00:00+00:00,2026-02-09T00:00:00+00:00,1738.5641379310343,1559.9774783361631,178.5866595948712,0,night,0,0.0,0,2,0,0,0,0,0,0,0,0,0,0,0,0,0,0,0,0,0,0,0,0,0,0,0,2682.2788242863057,1511.6196629213482,2486.544613380472,1624.4313218390805,17,-0.2588190451025206,-0.9659258262890684,0,0,2
B2,roll_04,mlr,2026-02-02 18:00:00+00:00,2026-02-02 19:00:00+00:00,0,1,2025-12-08T00:00:00+00:00,2026-02-02T00:00:00+00:00,2026-02-02T00:00:00+00:00,2026-02-09T00:00:00+00:00,1581.9688888888888,1635.3991118011859,-53.43022291229704,0,night,0,0.0,0,2,0,0,0,0,0,0,0,0,0,0,0,0,0,0,0,0,0,0,0,0,0,0,0,1447.201125872611,1624.4313218390805,2612.5492478209444,1738.5641379310343,18,-1.8369701987210292e-16,-1.0,0,0,2
B2,roll_04,mlr,2026-02-02 19:00:00+00:00,2026-02-02 20:00:00+00:00,0,1,2025-12-08T00:00:00+00:00,2026-02-02T00:00:00+00:00,2026-02-02T00:00:00+00:00,2026-02-09T00:00:00+00:00,792.707570977918,1530.5050599698925,-737.7974889919745,0,night,0,0.0,0,2,0,0,0,0,0,0,0,0,0,0,0,0,0,0,0,0,0,0,0,0,0,0,0,1800.8310691792778,1738.5641379310343,3017.157618471861,1581.9688888888888,19,0.2588190451025203,-0.9659258262890684,0,0,2
B2,roll_04,mlr,2026-02-02 20:00:00+00:00,2026-02-02 21:00:00+00:00,0,1,2025-12-08T00:00:00+00:00,2026-02-02T00:00:00+00:00,2026-02-02T00:00:00+00:00,2026-02-09T00:00:00+00:00,1121.9964285714286,916.0959842257505,205.90044434567812,0,night,0,0.0,0,1,0,1,1,0,1,0,0,1,0,0,1,0,1,0,0,0,1,0,0,0,0,0,0,1879.5046675005,1581.9688888888888,2133.137917275778,792.707570977918,20,0.5000000000000001,-0.8660254037844386,0,0,2
B2,roll_04,mlr,2026-02-02 21:00:00+00:00,2026-02-02 22:00:00+00:00,0,1,2025-12-08T00:00:00+00:00,2026-02-02T00:00:00+00:00,2026-02-02T00:00:00+00:00,2026-02-09T00:00:00+00:00,395.40241935483874,949.7168183180144,-554.3143989631756,0,night,0,0.0,0,1,0,0,0,0,0,0,0,0,0,0,0,0,0,0,0,0,0,0,0,0,0,0,0,982.8754678472778,792.707570977918,952.1327068525555,1121.9964285714286,21,0.7071067811865474,-0.7071067811865477,0,0,2
B2,roll_04,mlr,2026-02-02 22:00:00+00:00,2026-02-02 23:00:00+00:00,0,1,2025-12-08T00:00:00+00:00,2026-02-02T00:00:00+00:00,2026-02-02T00:00:00+00:00,2026-02-09T00:00:00+00:00,434.56734693877553,496.8798952859528,-62.312548347177255,0,night,0,0.0,0,1,0,0,0,0,0,0,0,0,0,0,0,0,0,0,0,0,0,0,0,0,0,0,0,411.4689791798889,1121.9964285714286,1463.8755507140277,395.40241935483874,22,0.8660254037844384,-0.5000000000000004,0,0,2
B2,roll_04,mlr,2026-02-02 23:00:00+00:00,2026-02-03 00:00:00+00:00,0,1,2025-12-08T00:00:00+00:00,2026-02-02T00:00:00+00:00,2026-02-02T00:00:00+00:00,2026-02-09T00:00:00+00:00,561.1720833333333,370.8706822305523,190.30140110278097,0,night,0,0.0,0,1,0,1,1,0,2,0,0,1,0,0,1,0,1,0,0,0,1,0,0,0,0,0,0,370.9779513775556,395.40241935483874,976.5316384429444,434.56734693877553,23,0.965925826289068,-0.2588190451025215,0,0,2
B2,roll_04,mlr,2026-02-03 00:00:00+00:00,2026-02-03 01:00:00+00:00,0,1,2025-12-08T00:00:00+00:00,2026-02-02T00:00:00+00:00,2026-02-02T00:00:00+00:00,2026-02-09T00:00:00+00:00,575.5421487603306,896.691442436634,-321.1492936763034,0,night,0,0.0,0,1,0,1,1,0,2,0,0,1,0,0,1,0,1,0,0,0,1,0,0,0,0,0,1,389.13017225908334,434.56734693877553,543.2085049798055,561.1720833333333,0,1.0,0.0,0,0,2
B2,roll_04,mlr,2026-02-03 01:00:00+00:00,2026-02-03 02:00:00+00:00,0,1,2025-12-08T00:00:00+00:00,2026-02-02T00:00:00+00:00,2026-02-02T00:00:00+00:00,2026-02-09T00:00:00+00:00,565.2688259109311,882.8361572171639,-317.56733130623275,0,night,0,0.0,0,1,0,0,0,0,0,0,0,0,0,0,0,0,0,0,0,0,0,0,0,0,0,0,1,376.84390502849993,561.1720833333333,555.9650401257778,575.5421487603306,1,0.9659258262890684,0.2588190451025207,0,0,2
B2,roll_04,mlr,2026-02-03 02:00:00+00:00,2026-02-03 03:00:00+00:00,0,1,2025-12-08T00:00:00+00:00,2026-02-02T00:00:00+00:00,2026-02-02T00:00:00+00:00,2026-02-09T00:00:00+00:00,597.2084677419356,842.4274520481873,-245.21898430625174,0,night,0,0.0,0,1,0,1,1,0,1,0,0,1,0,0,1,0,1,0,0,0,1,0,0,0,0,0,1,378.1934371171667,575.5421487603306,559.2648734329445,565.2688259109311,2,0.8660254037844387,0.4999999999999999,0,0,2
B2,roll_04,mlr,2026-02-03 03:00:00+00:00,2026-02-03 04:00:00+00:00,0,1,2025-12-08T00:00:00+00:00,2026-02-02T00:00:00+00:00,2026-02-02T00:00:00+00:00,2026-02-09T00:00:00+00:00,1173.6686046511627,830.5384981121914,343.1301065389713,0,night,0,0.0,0,1,0,0,0,0,0,0,0,0,0,0,0,0,0,0,0,0,0,0,0,0,0,0,1,391.1898017904167,565.2688259109311,543.3187399811248,597.2084677419356,3,0.7071067811865476,0.7071067811865476,0,0,2
B2,roll_04,mlr,2026-02-03 04:00:00+00:00,2026-02-03 05:00:00+00:00,0,1,2025-12-08T00:00:00+00:00,2026-02-02T00:00:00+00:00,2026-02-02T00:00:00+00:00,2026-02-09T00:00:00+00:00,2016.13358778626,1210.9484223237082,805.1851654625518,0,night,0,0.0,0,1,0,0,0,0,0,0,0,0,0,0,0,0,0,0,0,0,0,0,0,0,0,0,1,949.6719199514168,597.2084677419356,1132.2936000000002,1173.6686046511627,4,0.5000000000000001,0.8660254037844386,0,0,2
B2,roll_04,mlr,2026-02-03 05:00:00+00:00,2026-02-03 06:00:00+00:00,0,1,2025-12-08T00:00:00+00:00,2026-02-02T00:00:00+00:00,2026-02-02T00:00:00+00:00,2026-02-09T00:00:00+00:00,2081.1158088235293,1846.362692260475,234.7531165630544,0,night,0,0.0,0,1,0,0,0,0,0,0,0,0,0,0,0,0,0,0,0,0,0,0,0,0,0,0,1,1868.492211110528,1173.6686046511627,1968.2842857142853,2016.13358778626,5,0.2588190451025207,0.9659258262890684,0,0,2
B2,roll_04,mlr,2026-02-03 06:00:00+00:00,2026-02-03 07:00:00+00:00,0,1,2025-12-08T00:00:00+00:00,2026-02-02T00:00:00+00:00,2026-02-02T00:00:00+00:00,2026-02-09T00:00:00+00:00,1670.6992307692308,1981.0130530849215,-310.3138223156907,0,night,0,0.0,0,1,0,0,0,0,0,0,0,0,0,0,0,0,0,0,0,0,0,0,0,0,0,0,1,1857.5546669058888,2016.13358778626,2066.43476702509,2081.1158088235293,6,6.123233995736766e-17,1.0,0,0,2
B2,roll_04,mlr,2026-02-03 07:00:00+00:00,2026-02-03 08:00:00+00:00,0,1,2025-12-08T00:00:00+00:00,2026-02-02T00:00:00+00:00,2026-02-02T00:00:00+00:00,2026-02-09T00:00:00+00:00,1695.1438661710038,1705.3798067757298,-10.23594060472601,1,night,0,0.0,0,1,0,0,0,0,0,0,0,0,0,0,0,0,0,0,0,0,0,0,0,0,0,0,1,1526.8297823245,2081.1158088235293,1906.8957894736843,1670.6992307692308,7,-0.2588190451025206,0.9659258262890684,0,0,2
B2,roll_04,mlr,2026-02-03 08:00:00+00:00,2026-02-03 09:00:00+00:00,0,1,2025-12-08T00:00:00+00:00,2026-02-02T00:00:00+00:00,2026-02-02T00:00:00+00:00,2026-02-09T00:00:00+00:00,1085.7120141342757,1664.0050933786774,-578.2930792444017,1,night,0,0.0,0,1,0,0,0,0,0,0,0,0,0,0,0,0,0,0,0,0,0,0,0,0,0,0,1,1412.669924658583,1670.6992307692308,1804.416,1695.1438661710038,8,-0.4999999999999998,0.8660254037844387,0,0,2
B2,roll_04,mlr,2026-02-03 09:00:00+00:00,2026-02-03 10:00:00+00:00,0,1,2025-12-08T00:00:00+00:00,2026-02-02T00:00:00+00:00,2026-02-02T00:00:00+00:00,2026-02-09T00:00:00+00:00,1706.1051136363635,1266.914990259929,439.1901233764345,1,low,0,0.0,0,1,0,0,0,0,0,0,0,0,0,0,0,0,0,0,0,0,0,0,0,0,0,0,1,1534.4343933593334,1695.1438661710038,1845.520588235294,1085.7120141342757,9,-0.7071067811865475,0.7071067811865476,0,0,2
B2,roll_04,mlr,2026-02-03 10:00:00+00:00,2026-02-03 11:00:00+00:00,0,1,2025-12-08T00:00:00+00:00,2026-02-02T00:00:00+00:00,2026-02-02T00:00:00+00:00,2026-02-09T00:00:00+00:00,835.5128205128206,1607.218793836687,-771.7059733238664,1,low,0,0.0,0,1,0,0,0,0,0,0,0,0,0,0,0,0,0,0,0,0,0,0,0,0,0,0,1,1156.7474213855278,1085.7120141342757,1895.989453125,1706.1051136363635,10,-0.8660254037844387,0.4999999999999999,0,0,2
B2,roll_04,mlr,2026-02-03 11:00:00+00:00,2026-02-03 12:00:00+00:00,0,1,2025-12-08T00:00:00+00:00,2026-02-02T00:00:00+00:00,2026-02-02T00:00:00+00:00,2026-02-09T00:00:00+00:00,1812.142446043165,1097.082159138548,715.060286904617,1,low,0,0.0,0,1,0,0,0,0,0,0,0,0,0,0,0,0,0,0,0,0,0,0,0,0,0,0,1,339.89285018286114,1706.1051136363635,1458.9305555555557,835.5128205128206,11,-0.9659258262890682,0.258819045102521,0,0,2
B2,roll_04,mlr,2026-02-03 12:00:00+00:00,2026-02-03 13:00:00+00:00,0,1,2025-12-08T00:00:00+00:00,2026-02-02T00:00:00+00:00,2026-02-02T00:00:00+00:00,2026-02-09T00:00:00+00:00,918.8297520661156,1609.6689216892755,-690.8391696231599,1,low,0,0.0,0,1,0,0,0,0,0,0,0,0,0,0,0,0,0,0,0,0,0,0,0,0,0,0,1,1030.8584088937498,835.5128205128206,994.9530726256984,1812.142446043165,12,-1.0,1.2246467991473532e-16,0,0,2
B2,roll_04,mlr,2026-02-03 13:00:00+00:00,2026-02-03 14:00:00+00:00,0,1,2025-12-08T00:00:00+00:00,2026-02-02T00:00:00+00:00,2026-02-02T00:00:00+00:00,2026-02-09T00:00:00+00:00,1825.0157894736844,1132.4851725541612,692.5306169195233,1,low,0,0.0,0,2,0,0,0,0,0,0,0,0,0,0,0,0,0,0,0,0,0,0,0,0,0,0,1,1307.5905215424166,1812.142446043165,891.7146341463415,918.8297520661156,13,-0.9659258262890684,-0.2588190451025208,0,0,2
B2,roll_04,mlr,2026-02-03 14:00:00+00:00,2026-02-03 15:00:00+00:00,0,1,2025-12-08T00:00:00+00:00,2026-02-02T00:00:00+00:00,2026-02-02T00:00:00+00:00,2026-02-09T00:00:00+00:00,1432.5622406639004,1611.4497473617234,-178.88750669782303,1,low,0,0.0,0,2,0,0,0,0,0,0,0,0,0,0,0,0,0,0,0,0,0,0,0,0,0,0,1,899.1258070269446,918.8297520661156,747.8884726224784,1825.0157894736844,14,-0.8660254037844388,-0.4999999999999997,0,0,2
B2,roll_04,mlr,2026-02-03 15:00:00+00:00,2026-02-03 16:00:00+00:00,0,1,2025-12-08T00:00:00+00:00,2026-02-02T00:00:00+00:00,2026-02-02T00:00:00+00:00,2026-02-09T00:00:00+00:00,1624.8924590163936,1466.1806356267934,158.7118233896001,1,low,0,0.0,0,2,0,0,0,0,0,0,0,0,0,0,0,0,0,0,0,0,0,0,0,0,0,0,1,1560.9848600250834,1825.0157894736844,1131.010752688172,1432.5622406639004,15,-0.7071067811865479,-0.7071067811865471,0,0,2
B2,roll_04,mlr,2026-02-03 16:00:00+00:00,2026-02-03 17:00:00+00:00,0,1,2025-12-08T00:00:00+00:00,2026-02-02T00:00:00+00:00,2026-02-02T00:00:00+00:00,2026-02-09T00:00:00+00:00,1250.0767605633805,1546.0452659922007,-295.9685054288202,1,night,0,0.0,0,2,0,0,0,0,0,0,0,0,0,0,0,0,0,0,0,0,0,0,0,0,0,0,1,1794.9346924112222,1432.5622406639004,1511.6196629213482,1624.8924590163936,16,-0.5000000000000004,-0.8660254037844385,0,0,2
B2,roll_04,mlr,2026-02-03 17:00:00+00:00,2026-02-03 18:00:00+00:00,0,1,2025-12-08T00:00:00+00:00,2026-02-02T00:00:00+00:00,2026-02-02T00:00:00+00:00,2026-02-09T00:00:00+00:00,856.6192182410423,1313.1335813723022,-456.51436313125987,0,night,0,0.0,0,1,0,0,0,0,0,0,0,0,0,0,0,0,0,0,0,0,0,0,0,0,0,0,1,843.3756644045833,1624.8924590163936,1624.4313218390805,1250.0767605633805,17,-0.2588190451025206,-0.9659258262890684,0,0,2
B2,roll_04,mlr,2026-02-03 18:00:00+00:00,2026-02-03 19:00:00+00:00,0,1,2025-12-08T00:00:00+00:00,2026-02-02T00:00:00+00:00,2026-02-02T00:00:00+00:00,2026-02-09T00:00:00+00:00,1353.571382636656,987.3042951864575,366.26708745019846,0,night,0,0.0,0,1,0,1,1,0,1,0,0,1,0,0,1,0,1,0,0,0,1,0,0,0,0,0,1,973.197521312722,1250.0767605633805,1738.5641379310343,856.6192182410423,18,-1.8369701987210292e-16,-1.0,0,0,2
B2,roll_04,mlr,2026-02-03 19:00:00+00:00,2026-02-03 20:00:00+00:00,0,1,2025-12-08T00:00:00+00:00,2026-02-02T00:00:00+00:00,2026-02-02T00:00:00+00:00,2026-02-09T00:00:00+00:00,663.0740213523131,1224.0381181355324,-560.9640967832192,0,night,0,0.0,0,1,0,0,0,0,0,0,0,0,0,0,0,0,0,0,0,0,0,0,0,0,0,0,1,1523.8945169891667,856.6192182410423,1581.9688888888888,1353.571382636656,19,0.2588190451025203,-0.9659258262890684,0,0,2
B2,roll_04,mlr,2026-02-03 20:00:00+00:00,2026-02-03 21:00:00+00:00,0,1,2025-12-08T00:00:00+00:00,2026-02-02T00:00:00+00:00,2026-02-02T00:00:00+00:00,2026-02-09T00:00:00+00:00,1029.1314516129032,761.3088751229061,267.8225764899971,0,night,0,0.0,0,1,0,1,1,0,1,0,0,1,0,0,1,0,1,0,0,0,1,0,0,0,0,0,1,985.6768274591944,1353.571382636656,792.707570977918,663.0740213523131,20,0.5000000000000001,-0.8660254037844386,0,0,2
B2,roll_04,mlr,2026-02-03 21:00:00+00:00,2026-02-03 22:00:00+00:00,0,1,2025-12-08T00:00:00+00:00,2026-02-02T00:00:00+00:00,2026-02-02T00:00:00+00:00,2026-02-09T00:00:00+00:00,439.3551867219917,893.7445065375557,-454.389319815564,0,night,0,0.0,0,1,0,0,0,0,0,0,0,0,0,0,0,0,0,0,0,0,0,0,0,0,0,0,1,1010.58551608475,663.0740213523131,1121.9964285714286,1029.1314516129032,21,0.7071067811865474,-0.7071067811865477,0,0,2
B2,roll_04,mlr,2026-02-03 22:00:00+00:00,2026-02-03 23:00:00+00:00,0,1,2025-12-08T00:00:00+00:00,2026-02-02T00:00:00+00:00,2026-02-02T00:00:00+00:00,2026-02-09T00:00:00+00:00,619.8279166666667,478.83180674239566,140.99610992427108,0,night,0,0.0,0,1,0,0,0,0,0,0,0,0,0,0,0,0,0,0,0,0,0,0,0,0,0,0,1,469.4664131017777,1029.1314516129032,395.40241935483874,439.3551867219917,22,0.8660254037844384,-0.5000000000000004,0,0,2
B2,roll_04,mlr,2026-02-03 23:00:00+00:00,2026-02-04 00:00:00+00:00,0,1,2025-12-08T00:00:00+00:00,2026-02-02T00:00:00+00:00,2026-02-02T00:00:00+00:00,2026-02-09T00:00:00+00:00,600.8824999999999,482.2002620640902,118.68223793590971,0,night,0,0.0,0,1,0,1,1,0,1,0,0,1,0,0,1,0,1,0,0,0,1,0,0,0,0,0,1,1039.222492417361,439.3551867219917,434.56734693877553,619.8279166666667,23,0.965925826289068,-0.2588190451025215,0,0,2
B2,roll_04,mlr,2026-02-04 00:00:00+00:00,2026-02-04 01:00:00+00:00,0,1,2025-12-08T00:00:00+00:00,2026-02-02T00:00:00+00:00,2026-02-02T00:00:00+00:00,2026-02-09T00:00:00+00:00,570.0795918367347,958.7247819890993,-388.64519015236453,0,night,0,0.0,0,1,0,0,0,0,0,0,0,0,0,0,0,0,0,0,0,0,0,0,0,0,0,0,2,431.1445660605278,619.8279166666667,561.1720833333333,600.8824999999999,0,1.0,0.0,0,0,2
B2,roll_04,mlr,2026-02-04 01:00:00+00:00,2026-02-04 02:00:00+00:00,0,1,2025-12-08T00:00:00+00:00,2026-02-02T00:00:00+00:00,2026-02-02T00:00:00+00:00,2026-02-09T00:00:00+00:00,557.3929460580913,897.7585641083156,-340.36561805022427,0,night,0,0.0,0,1,0,1,1,0,3,0,0,0,1,0,1,0,1,0,0,0,1,0,0,0,0,0,2,417.8579242465556,600.8824999999999,575.5421487603306,570.0795918367347,1,0.9659258262890684,0.2588190451025207,0,0,2
B2,roll_04,mlr,2026-02-04 02:00:00+00:00,2026-02-04 03:00:00+00:00,0,1,2025-12-08T00:00:00+00:00,2026-02-02T00:00:00+00:00,2026-02-02T00:00:00+00:00,2026-02-09T00:00:00+00:00,535.2727272727273,849.7140926069948,-314.4413653342675,0,night,0,0.0,0,1,0,1,1,0,3,0,0,0,1,0,1,0,1,0,0,0,1,0,0,0,0,0,2,419.1348331130556,570.0795918367347,565.2688259109311,557.3929460580913,2,0.8660254037844387,0.4999999999999999,0,0,2
B2,roll_04,mlr,2026-02-04 03:00:00+00:00,2026-02-04 04:00:00+00:00,0,1,2025-12-08T00:00:00+00:00,2026-02-02T00:00:00+00:00,2026-02-02T00:00:00+00:00,2026-02-09T00:00:00+00:00,1096.6170634920634,804.257162392413,292.3599010996504,0,night,0,0.0,0,1,0,1,1,0,3,0,0,0,1,0,1,0,1,0,0,0,1,0,0,0,0,0,2,421.2961618739444,557.3929460580913,597.2084677419356,535.2727272727273,3,0.7071067811865476,0.7071067811865476,0,0,2
B2,roll_04,mlr,2026-02-04 04:00:00+00:00,2026-02-04 05:00:00+00:00,0,1,2025-12-08T00:00:00+00:00,2026-02-02T00:00:00+00:00,2026-02-02T00:00:00+00:00,2026-02-09T00:00:00+00:00,2001.764661654136,1166.9597462787792,834.8049153753568,0,night,0,0.0,0,1,0,0,0,0,0,0,0,0,0,0,0,0,0,0,0,0,0,0,0,0,0,0,2,1092.225752789,535.2727272727273,1173.6686046511627,1096.6170634920634,4,0.5000000000000001,0.8660254037844386,0,0,2
B2,roll_04,mlr,2026-02-04 05:00:00+00:00,2026-02-04 06:00:00+00:00,0,1,2025-12-08T00:00:00+00:00,2026-02-02T00:00:00+00:00,2026-02-02T00:00:00+00:00,2026-02-09T00:00:00+00:00,2016.4624060150377,1841.8829877049116,174.57941831012613,0,night,0,0.0,0,1,0,0,0,0,0,0,0,0,0,0,0,0,0,0,0,0,0,0,0,0,0,0,2,2035.0871509705555,1096.6170634920634,2016.13358778626,2001.764661654136,5,0.2588190451025207,0.9659258262890684,0,0,2
B2,roll_04,mlr,2026-02-04 06:00:00+00:00,2026-02-04 07:00:00+00:00,0,1,2025-12-08T00:00:00+00:00,2026-02-02T00:00:00+00:00,2026-02-02T00:00:00+00:00,2026-02-09T00:00:00+00:00,1742.2797833935017,1949.2848284890483,-207.00504509554662,0,night,0,0.0,0,2,0,0,0,0,0,0,0,0,0,0,0,0,0,0,0,0,0,0,0,0,0,0,2,2063.430210569112,2001.764661654136,2081.1158088235293,2016.4624060150377,6,6.123233995736766e-17,1.0,0,0,2
B2,roll_04,mlr,2026-02-04 07:00:00+00:00,2026-02-04 08:00:00+00:00,0,1,2025-12-08T00:00:00+00:00,2026-02-02T00:00:00+00:00,2026-02-02T00:00:00+00:00,2026-02-09T00:00:00+00:00,1544.9358649789028,1745.0662433314305,-200.1303783525277,1,night,0,0.0,0,2,0,0,0,0,0,0,0,0,0,0,0,0,0,0,0,0,0,0,0,0,0,0,2,1837.9513309886668,2016.4624060150377,1670.6992307692308,1742.2797833935017,7,-0.2588190451025206,0.9659258262890684,0,0,2
B2,roll_04,mlr,2026-02-04 08:00:00+00:00,2026-02-04 09:00:00+00:00,0,1,2025-12-08T00:00:00+00:00,2026-02-02T00:00:00+00:00,2026-02-02T00:00:00+00:00,2026-02-09T00:00:00+00:00,1741.7046808510638,1579.0953208659057,162.6093599851581,1,low,0,0.0,0,2,0,0,0,0,0,0,0,0,0,0,0,0,0,0,0,0,0,0,0,0,0,0,2,1887.533959910028,1742.2797833935017,1695.1438661710038,1544.9358649789028,8,-0.4999999999999998,0.8660254037844387,0,0,2
B2,roll_04,mlr,2026-02-04 09:00:00+00:00,2026-02-04 10:00:00+00:00,0,1,2025-12-08T00:00:00+00:00,2026-02-02T00:00:00+00:00,2026-02-02T00:00:00+00:00,2026-02-09T00:00:00+00:00,1733.1420765027322,1656.006023538689,77.13605296404307,1,low,0,0.0,0,2,0,0,0,0,0,0,0,0,0,0,0,0,0,0,0,0,0,0,0,0,0,0,2,1927.4843435574169,1544.9358649789028,1085.7120141342757,1741.7046808510638,9,-0.7071067811865475,0.7071067811865476,0,0,2
B2,roll_04,mlr,2026-02-04 10:00:00+00:00,2026-02-04 11:00:00+00:00,0,1,2025-12-08T00:00:00+00:00,2026-02-02T00:00:00+00:00,2026-02-02T00:00:00+00:00,2026-02-09T00:00:00+00:00,902.2468599033816,1703.95321496024,-801.7063550568585,1,low,0,0.0,0,2,0,0,0,0,0,0,0,0,0,0,0,0,0,0,0,0,0,0,0,0,0,0,2,1864.801970357278,1741.7046808510638,1706.1051136363635,1733.1420765027322,10,-0.8660254037844387,0.4999999999999999,0,0,2
B2,roll_04,mlr,2026-02-04 11:00:00+00:00,2026-02-04 12:00:00+00:00,0,1,2025-12-08T00:00:00+00:00,2026-02-02T00:00:00+00:00,2026-02-02T00:00:00+00:00,2026-02-09T00:00:00+00:00,2676.460583941606,1111.445456035589,1565.015127906017,1,low,0,0.0,0,2,0,0,0,0,0,0,0,0,0,0,0,0,0,0,0,0,0,0,0,0,0,0,2,3141.5486331360003,1733.1420765027322,835.5128205128206,902.2468599033816,11,-0.9659258262890682,0.258819045102521,0,0,2
B2,roll_04,mlr,2026-02-04 12:00:00+00:00,2026-02-04 13:00:00+00:00,0,1,2025-12-08T00:00:00+00:00,2026-02-02T00:00:00+00:00,2026-02-02T00:00:00+00:00,2026-02-09T00:00:00+00:00,3913.525657894737,2219.128783394204,1694.3968745005327,1,low,0,0.0,0,2,0,0,0,0,0,0,0,0,0,0,0,0,0,0,0,0,0,0,0,0,0,0,2,3688.242951303472,902.2468599033816,1812.142446043165,2676.460583941606,12,-1.0,1.2246467991473532e-16,0,0,2
B2,roll_04,mlr,2026-02-04 13:00:00+00:00,2026-02-04 14:00:00+00:00,0,1,2025-12-08T00:00:00+00:00,2026-02-02T00:00:00+00:00,2026-02-02T00:00:00+00:00,2026-02-09T00:00:00+00:00,2946.6394495412846,3207.9378454346697,-261.2983958933851,1,low,0,0.0,0,2,0,0,0,0,0,0,0,0,0,0,0,0,0,0,0,0,0,0,0,0,0,0,2,2978.0382318605,2676.460583941606,918.8297520661156,3913.525657894737,13,-0.9659258262890684,-0.2588190451025208,0,0,2
B2,roll_04,mlr,2026-02-04 14:00:00+00:00,2026-02-04 15:00:00+00:00,0,1,2025-12-08T00:00:00+00:00,2026-02-02T00:00:00+00:00,2026-02-02T00:00:00+00:00,2026-02-09T00:00:00+00:00,2754.6374269005846,2755.1160293581092,-0.47860245752463015,1,low,0,0.0,0,2,0,0,0,0,0,0,0,0,0,0,0,0,0,0,0,0,0,0,0,0,0,0,2,3380.6789978081943,3913.525657894737,1825.0157894736844,2946.6394495412846,14,-0.8660254037844388,-0.4999999999999997,0,0,2
B2,roll_04,mlr,2026-02-04 15:00:00+00:00,2026-02-04 16:00:00+00:00,0,1,2025-12-08T00:00:00+00:00,2026-02-02T00:00:00+00:00,2026-02-02T00:00:00+00:00,2026-02-09T00:00:00+00:00,2882.762139917695,2482.0708433865525,400.6912965311426,1,low,0,0.0,0,2,0,0,0,0,0,0,0,0,0,0,0,0,0,0,0,0,0,0,0,0,0,0,2,3872.714778626834,2946.6394495412846,1432.5622406639004,2754.6374269005846,15,-0.7071067811865479,-0.7071067811865471,0,0,2
B2,roll_04,mlr,2026-02-04 16:00:00+00:00,2026-02-04 17:00:00+00:00,0,1,2025-12-08T00:00:00+00:00,2026-02-02T00:00:00+00:00,2026-02-02T00:00:00+00:00,2026-02-09T00:00:00+00:00,4170.079435483871,2538.70119643908,1631.378239044791,1,night,0,0.0,0,2,0,0,0,0,0,0,0,0,0,0,0,0,0,0,0,0,0,0,0,0,0,0,2,3566.8731119283607,2754.6374269005846,1624.8924590163936,2882.762139917695,16,-0.5000000000000004,-0.8660254037844385,0,0,2
B2,roll_04,mlr,2026-02-04 17:00:00+00:00,2026-02-04 18:00:00+00:00,0,1,2025-12-08T00:00:00+00:00,2026-02-02T00:00:00+00:00,2026-02-02T00:00:00+00:00,2026-02-09T00:00:00+00:00,3388.3426229508195,3358.7050485408326,29.637574409986883,0,night,0,0.0,0,2,0,0,0,0,0,0,0,0,0,0,0,0,0,0,0,0,0,0,0,0,0,0,2,4099.8204709775,2882.762139917695,1250.0767605633805,4170.079435483871,17,-0.2588190451025206,-0.9659258262890684,0,0,2
B2,roll_04,mlr,2026-02-04 18:00:00+00:00,2026-02-04 19:00:00+00:00,0,1,2025-12-08T00:00:00+00:00,2026-02-02T00:00:00+00:00,2026-02-02T00:00:00+00:00,2026-02-09T00:00:00+00:00,3374.507818930041,2959.0520646993564,415.45575423068476,0,night,0,0.0,0,2,0,0,0,0,0,0,0,0,0,0,0,0,0,0,0,0,0,0,0,0,0,0,2,3533.490893778889,4170.079435483871,856.6192182410423,3388.3426229508195,18,-1.8369701987210292e-16,-1.0,0,0,2
B2,roll_04,mlr,2026-02-04 19:00:00+00:00,2026-02-04 20:00:00+00:00,0,1,2025-12-08T00:00:00+00:00,2026-02-02T00:00:00+00:00,2026-02-02T00:00:00+00:00,2026-02-09T00:00:00+00:00,3326.137804878049,2842.7214717460993,483.4163331319496,0,night,0,0.0,0,2,0,0,0,0,0,0,0,0,0,0,0,0,0,0,0,0,0,0,0,0,0,0,2,4150.093525715889,3388.3426229508195,1353.571382636656,3374.507818930041,19,0.2588190451025203,-0.9659258262890684,0,0,2
B2,roll_04,mlr,2026-02-04 20:00:00+00:00,2026-02-04 21:00:00+00:00,0,1,2025-12-08T00:00:00+00:00,2026-02-02T00:00:00+00:00,2026-02-02T00:00:00+00:00,2026-02-09T00:00:00+00:00,2641.1531380753136,2745.629779860045,-104.47664178473133,0,night,0,0.0,0,2,0,0,0,0,0,0,0,0,0,0,0,0,0,0,0,0,0,0,0,0,0,0,2,3498.4065437332224,3374.507818930041,663.0740213523131,3326.137804878049,20,0.5000000000000001,-0.8660254037844386,0,0,2
B2,roll_04,mlr,2026-02-04 21:00:00+00:00,2026-02-04 22:00:00+00:00,0,1,2025-12-08T00:00:00+00:00,2026-02-02T00:00:00+00:00,2026-02-02T00:00:00+00:00,2026-02-09T00:00:00+00:00,2707.4724576271187,2269.504961671686,437.9674959554327,0,night,0,0.0,0,2,0,0,0,0,0,0,0,0,0,0,0,0,0,0,0,0,0,0,0,0,0,0,2,3031.050403281528,3326.137804878049,1029.1314516129032,2641.1531380753136,21,0.7071067811865474,-0.7071067811865477,0,0,2
B2,roll_04,mlr,2026-02-04 22:00:00+00:00,2026-02-04 23:00:00+00:00,0,1,2025-12-08T00:00:00+00:00,2026-02-02T00:00:00+00:00,2026-02-02T00:00:00+00:00,2026-02-09T00:00:00+00:00,2638.623580786026,2175.504584949726,463.1189958363002,0,night,0,0.0,0,2,0,0,0,0,0,0,0,0,0,0,0,0,0,0,0,0,0,0,0,0,0,0,2,880.7419122894444,2641.1531380753136,439.3551867219917,2707.4724576271187,22,0.8660254037844384,-0.5000000000000004,0,0,2
B2,roll_04,mlr,2026-02-04 23:00:00+00:00,2026-02-05 00:00:00+00:00,0,1,2025-12-08T00:00:00+00:00,2026-02-02T00:00:00+00:00,2026-02-02T00:00:00+00:00,2026-02-09T00:00:00+00:00,735.8008196721311,2104.337423360016,-1368.536603687885,0,night,0,0.0,0,2,0,0,0,0,0,0,0,0,0,0,0,0,0,0,0,0,0,0,0,0,0,0,2,822.8956369502222,2707.4724576271187,619.8279166666667,2638.623580786026,23,0.965925826289068,-0.2588190451025215,0,0,2
B2,roll_04,mlr,2026-02-05 00:00:00+00:00,2026-02-05 01:00:00+00:00,0,1,2025-12-08T00:00:00+00:00,2026-02-02T00:00:00+00:00,2026-02-02T00:00:00+00:00,2026-02-09T00:00:00+00:00,572.743621399177,1301.9935991159764,-729.2499777167994,0,night,0,0.0,0,2,0,0,0,0,0,0,0,0,0,0,0,0,0,0,0,0,0,0,0,0,0,0,3,934.8170360965556,2638.623580786026,600.8824999999999,735.8008196721311,0,1.0,0.0,0,0,2
B2,roll_04,mlr,2026-02-05 01:00:00+00:00,2026-02-05 02:00:00+00:00,0,1,2025-12-08T00:00:00+00:00,2026-02-02T00:00:00+00:00,2026-02-02T00:00:00+00:00,2026-02-09T00:00:00+00:00,576.4938524590164,927.6480254535044,-351.154172994488,0,night,0,0.0,0,2,0,0,0,0,0,0,0,0,0,0,0,0,0,0,0,0,0,0,0,0,0,0,3,569.0574982047777,735.8008196721311,570.0795918367347,572.743621399177,1,0.9659258262890684,0.2588190451025207,0,0,2
B2,roll_04,mlr,2026-02-05 02:00:00+00:00,2026-02-05 03:00:00+00:00,0,1,2025-12-08T00:00:00+00:00,2026-02-02T00:00:00+00:00,2026-02-02T00:00:00+00:00,2026-02-09T00:00:00+00:00,582.7389344262294,875.5203846906417,-292.78145026441223,0,night,0,0.0,0,2,0,0,0,0,0,0,0,0,0,0,0,0,0,0,0,0,0,0,0,0,0,0,3,388.6233783748333,572.743621399177,557.3929460580913,576.4938524590164,2,0.8660254037844387,0.4999999999999999,0,0,2
B2,roll_04,mlr,2026-02-05 03:00:00+00:00,2026-02-05 04:00:00+00:00,0,1,2025-12-08T00:00:00+00:00,2026-02-02T00:00:00+00:00,2026-02-02T00:00:00+00:00,2026-02-09T00:00:00+00:00,1140.7624489795917,848.2858025129437,292.47664646664794,0,night,0,0.0,0,2,0,0,0,0,0,0,0,0,0,0,0,0,0,0,0,0,0,0,0,0,0,0,3,380.9392708019166,576.4938524590164,535.2727272727273,582.7389344262294,3,0.7071067811865476,0.7071067811865476,0,0,2
B2,roll_04,mlr,2026-02-05 04:00:00+00:00,2026-02-05 05:00:00+00:00,0,1,2025-12-08T00:00:00+00:00,2026-02-02T00:00:00+00:00,2026-02-02T00:00:00+00:00,2026-02-09T00:00:00+00:00,1980.2167272727272,1211.581578314422,768.6351489583053,0,night,0,0.0,0,2,0,0,0,0,0,0,0,0,0,0,0,0,0,0,0,0,0,0,0,0,0,0,3,1044.109589464861,582.7389344262294,1096.6170634920634,1140.7624489795917,4,0.5000000000000001,0.8660254037844386,0,0,2
B2,roll_04,mlr,2026-02-05 05:00:00+00:00,2026-02-05 06:00:00+00:00,0,1,2025-12-08T00:00:00+00:00,2026-02-02T00:00:00+00:00,2026-02-02T00:00:00+00:00,2026-02-09T00:00:00+00:00,2024.3182156133828,1845.0982752042896,179.21994040909317,0,night,0,0.0,0,2,0,0,0,0,0,0,0,0,0,0,0,0,0,0,0,0,0,0,0,0,0,0,3,2097.0978272491666,1140.7624489795917,2001.764661654136,1980.2167272727272,5,0.2588190451025207,0.9659258262890684,0,0,2
B2,roll_04,mlr,2026-02-05 06:00:00+00:00,2026-02-05 07:00:00+00:00,0,1,2025-12-08T00:00:00+00:00,2026-02-02T00:00:00+00:00,2026-02-02T00:00:00+00:00,2026-02-09T00:00:00+00:00,1672.158108108108,1961.7822490900935,-289.6241409819854,0,night,0,0.0,0,1,0,0,0,0,0,0,0,0,0,0,0,0,0,0,0,0,0,0,0,0,0,0,3,2101.717697546028,1980.2167272727272,2016.4624060150377,2024.3182156133828,6,6.123233995736766e-17,1.0,0,0,2
B2,roll_04,mlr,2026-02-05 07:00:00+00:00,2026-02-05 08:00:00+00:00,0,1,2025-12-08T00:00:00+00:00,2026-02-02T00:00:00+00:00,2026-02-02T00:00:00+00:00,2026-02-09T00:00:00+00:00,1393.502840909091,1716.1119991244764,-322.6091582153854,1,low,0,0.0,0,1,0,0,0,0,0,0,0,0,0,0,0,0,0,0,0,0,0,0,0,0,0,0,3,1866.4684684137776,2024.3182156133828,1742.2797833935017,1672.158108108108,7,-0.2588190451025206,0.9659258262890684,0,0,2
B2,roll_04,mlr,2026-02-05 08:00:00+00:00,2026-02-05 09:00:00+00:00,0,1,2025-12-08T00:00:00+00:00,2026-02-02T00:00:00+00:00,2026-02-02T00:00:00+00:00,2026-02-09T00:00:00+00:00,1354.447186147186,1478.2113567273245,-123.76417058013863,1,low,0,0.0,0,1,0,0,0,0,0,0,0,0,0,0,0,0,0,0,0,0,0,0,0,0,0,0,3,1765.7431687797225,1672.158108108108,1544.9358649789028,1393.502840909091,8,-0.4999999999999998,0.8660254037844387,0,0,2
B2,roll_04,mlr,2026-02-05 09:00:00+00:00,2026-02-05 10:00:00+00:00,0,1,2025-12-08T00:00:00+00:00,2026-02-02T00:00:00+00:00,2026-02-02T00:00:00+00:00,2026-02-09T00:00:00+00:00,662.0819532908704,1430.4464205507747,-768.3644672599044,1,low,0,0.0,0,2,0,0,0,0,0,0,0,0,0,0,0,0,0,0,0,0,0,0,0,0,0,0,3,1253.1664777410554,1393.502840909091,1741.7046808510638,1354.447186147186,9,-0.7071067811865475,0.7071067811865476,0,0,2
B2,roll_04,mlr,2026-02-05 10:00:00+00:00,2026-02-05 11:00:00+00:00,0,1,2025-12-08T00:00:00+00:00,2026-02-02T00:00:00+00:00,2026-02-02T00:00:00+00:00,2026-02-09T00:00:00+00:00,-1116.5161157024795,973.7169312041799,-2090.233046906659,1,med,0,0.0,0,2,0,0,0,0,0,0,0,0,0,0,0,0,0,0,0,0,0,0,0,0,0,0,3,948.2308555061112,1354.447186147186,1733.1420765027322,662.0819532908704,10,-0.8660254037844387,0.4999999999999999,0,0,2
B2,roll_04,mlr,2026-02-05 11:00:00+00:00,2026-02-05 12:00:00+00:00,0,1,2025-12-08T00:00:00+00:00,2026-02-02T00:00:00+00:00,2026-02-02T00:00:00+00:00,2026-02-09T00:00:00+00:00,-936.9505836575876,-380.27527684191955,-556.675306815668,1,high,0,0.0,0,2,1,0,0,0,0,0,0,0,0,0,0,0,0,0,0,0,0,0,0,0,0,0,3,1415.7808458588888,662.0819532908704,902.2468599033816,-1116.5161157024795,11,-0.9659258262890682,0.258819045102521,0,0,2
B2,roll_04,mlr,2026-02-05 12:00:00+00:00,2026-02-05 13:00:00+00:00,0,1,2025-12-08T00:00:00+00:00,2026-02-02T00:00:00+00:00,2026-02-02T00:00:00+00:00,2026-02-09T00:00:00+00:00,-837.3921487603305,-388.02250169646277,-449.3696470638678,1,high,0,0.0,0,3,1,0,0,0,0,0,0,0,0,0,0,0,0,0,0,0,0,0,0,0,0,0,3,347.5551561380278,-1116.5161157024795,2676.460583941606,-936.9505836575876,12,-1.0,1.2246467991473532e-16,0,0,2
B2,roll_04,mlr,2026-02-05 13:00:00+00:00,2026-02-05 14:00:00+00:00,0,1,2025-12-08T00:00:00+00:00,2026-02-02T00:00:00+00:00,2026-02-02T00:00:00+00:00,2026-02-09T00:00:00+00:00,-375.85170454545454,-241.49511471004757,-134.35658983540696,1,high,0,0.0,0,3,1,0,0,0,0,0,0,0,0,0,0,0,0,0,0,0,0,0,0,0,0,0,3,-402.3519291878333,-936.9505836575876,3913.525657894737,-837.3921487603305,13,-0.9659258262890684,-0.2588190451025208,0,0,2
B2,roll_04,mlr,2026-02-05 14:00:00+00:00,2026-02-05 15:00:00+00:00,0,1,2025-12-08T00:00:00+00:00,2026-02-02T00:00:00+00:00,2026-02-02T00:00:00+00:00,2026-02-09T00:00:00+00:00,735.4822981366459,15.49937628692794,719.982921849718,1,med,0,0.0,0,3,1,0,0,0,0,0,0,0,0,0,0,0,0,0,0,0,0,0,0,0,0,0,3,1092.5960639581945,-837.3921487603305,2946.6394495412846,-375.85170454545454,14,-0.8660254037844388,-0.4999999999999997,0,0,2
B2,roll_04,mlr,2026-02-05 15:00:00+00:00,2026-02-05 16:00:00+00:00,0,1,2025-12-08T00:00:00+00:00,2026-02-02T00:00:00+00:00,2026-02-02T00:00:00+00:00,2026-02-09T00:00:00+00:00,773.8824840764331,850.1753049639011,-76.292820887468,1,low,0,0.0,0,4,0,0,0,0,0,0,0,0,0,0,0,0,0,0,0,0,0,0,0,0,0,0,3,462.4739155892223,-375.85170454545454,2754.6374269005846,735.4822981366459,15,-0.7071067811865479,-0.7071067811865471,0,0,2
B2,roll_04,mlr,2026-02-05 16:00:00+00:00,2026-02-05 17:00:00+00:00,0,1,2025-12-08T00:00:00+00:00,2026-02-02T00:00:00+00:00,2026-02-02T00:00:00+00:00,2026-02-09T00:00:00+00:00,822.6935275080906,991.8401795844961,-169.14665207640553,1,low,0,0.0,0,3,0,0,0,0,0,0,0,0,0,0,0,0,0,0,0,0,0,0,0,0,0,0,3,1737.4693776433332,735.4822981366459,2882.762139917695,773.8824840764331,16,-0.5000000000000004,-0.8660254037844385,0,0,2
B2,roll_04,mlr,2026-02-05 17:00:00+00:00,2026-02-05 18:00:00+00:00,0,1,2025-12-08T00:00:00+00:00,2026-02-02T00:00:00+00:00,2026-02-02T00:00:00+00:00,2026-02-09T00:00:00+00:00,1374.275974025974,1062.5921743006916,311.68379972528237,0,night,0,0.0,0,3,0,1,1,0,1,0,0,1,0,0,1,0,1,0,0,0,1,0,0,0,0,0,3,2296.247373537611,773.8824840764331,4170.079435483871,822.6935275080906,17,-0.2588190451025206,-0.9659258262890684,0,0,2
B2,roll_04,mlr,2026-02-05 18:00:00+00:00,2026-02-05 19:00:00+00:00,0,1,2025-12-08T00:00:00+00:00,2026-02-02T00:00:00+00:00,2026-02-02T00:00:00+00:00,2026-02-09T00:00:00+00:00,1357.352397260274,1378.3332011681318,-20.980803907857762,0,night,0,0.0,0,2,0,0,0,0,0,0,0,0,0,0,0,0,0,0,0,0,0,0,0,0,0,0,3,773.5572774640833,822.6935275080906,3388.3426229508195,1374.275974025974,18,-1.8369701987210292e-16,-1.0,0,0,2
B2,roll_04,mlr,2026-02-05 19:00:00+00:00,2026-02-05 20:00:00+00:00,0,1,2025-12-08T00:00:00+00:00,2026-02-02T00:00:00+00:00,2026-02-02T00:00:00+00:00,2026-02-09T00:00:00+00:00,756.398866855524,1390.490916621652,-634.0920497661281,0,night,0,0.0,0,2,0,0,0,0,0,0,0,0,0,0,0,0,0,0,0,0,0,0,0,0,0,0,3,2461.1030846526387,1374.275974025974,3374.507818930041,1357.352397260274,19,0.2588190451025203,-0.9659258262890684,0,0,2
B2,roll_04,mlr,2026-02-05 20:00:00+00:00,2026-02-05 21:00:00+00:00,0,1,2025-12-08T00:00:00+00:00,2026-02-02T00:00:00+00:00,2026-02-02T00:00:00+00:00,2026-02-09T00:00:00+00:00,1207.6818181818182,965.8173162039625,241.86450197785575,0,night,0,0.0,0,2,0,0,0,0,0,0,0,0,0,0,0,0,0,0,0,0,0,0,0,0,0,0,3,738.0341406504722,1357.352397260274,3326.137804878049,756.398866855524,20,0.5000000000000001,-0.8660254037844386,0,0,2
B2,roll_04,mlr,2026-02-05 21:00:00+00:00,2026-02-05 22:00:00+00:00,0,1,2025-12-08T00:00:00+00:00,2026-02-02T00:00:00+00:00,2026-02-02T00:00:00+00:00,2026-02-09T00:00:00+00:00,799.4336507936508,1117.2113868249107,-317.7777360312599,0,night,0,0.0,0,2,0,0,0,0,0,0,0,0,0,0,0,0,0,0,0,0,0,0,0,0,0,0,3,1046.6185902225832,756.398866855524,2641.1531380753136,1207.6818181818182,21,0.7071067811865474,-0.7071067811865477,0,0,2
B2,roll_04,mlr,2026-02-05 22:00:00+00:00,2026-02-05 23:00:00+00:00,0,1,2025-12-08T00:00:00+00:00,2026-02-02T00:00:00+00:00,2026-02-02T00:00:00+00:00,2026-02-09T00:00:00+00:00,632.1702602230483,868.6773687068589,-236.5071084838106,0,night,0,0.0,0,2,0,1,1,0,4,0,0,0,1,0,1,0,1,0,0,0,1,0,0,0,0,0,3,366.5958732328333,1207.6818181818182,2707.4724576271187,799.4336507936508,22,0.8660254037844384,-0.5000000000000004,0,0,2
B2,roll_04,mlr,2026-02-05 23:00:00+00:00,2026-02-06 00:00:00+00:00,0,1,2025-12-08T00:00:00+00:00,2026-02-02T00:00:00+00:00,2026-02-02T00:00:00+00:00,2026-02-09T00:00:00+00:00,577.5668032786884,664.098240767227,-86.53143748853859,0,night,0,0.0,0,2,0,1,1,0,4,0,0,0,1,0,1,0,1,0,0,0,1,0,0,0,0,0,3,363.3738909241667,799.4336507936508,2638.623580786026,632.1702602230483,23,0.965925826289068,-0.2588190451025215,0,0,2
B2,roll_04,mlr,2026-02-06 00:00:00+00:00,2026-02-06 01:00:00+00:00,0,1,2025-12-08T00:00:00+00:00,2026-02-02T00:00:00+00:00,2026-02-02T00:00:00+00:00,2026-02-09T00:00:00+00:00,580.2045454545455,979.3852746725672,-399.1807292180217,0,night,0,0.0,0,2,0,1,1,0,4,0,0,0,1,0,1,0,1,0,0,0,1,0,0,0,0,0,4,372.9620775262778,632.1702602230483,735.8008196721311,577.5668032786884,0,1.0,0.0,0,0,2
B2,roll_04,mlr,2026-02-06 01:00:00+00:00,2026-02-06 02:00:00+00:00,0,1,2025-12-08T00:00:00+00:00,2026-02-02T00:00:00+00:00,2026-02-02T00:00:00+00:00,2026-02-09T00:00:00+00:00,575.4979166666667,927.7463666204155,-352.24844995374883,0,night,0,0.0,0,2,0,1,1,0,4,0,0,0,1,0,1,0,1,0,0,0,1,0,0,0,0,0,4,407.8405305781389,577.5668032786884,572.743621399177,580.2045454545455,1,0.9659258262890684,0.2588190451025207,0,0,2
B2,roll_04,mlr,2026-02-06 02:00:00+00:00,2026-02-06 03:00:00+00:00,0,1,2025-12-08T00:00:00+00:00,2026-02-02T00:00:00+00:00,2026-02-02T00:00:00+00:00,2026-02-09T00:00:00+00:00,574.4534979423869,889.8426528137503,-315.3891548713634,0,night,0,0.0,0,2,0,0,0,0,0,0,0,0,0,0,0,0,0,0,0,0,0,0,0,0,0,0,4,371.0950655588056,580.2045454545455,576.4938524590164,575.4979166666667,2,0.8660254037844387,0.4999999999999999,0,0,2
B2,roll_04,mlr,2026-02-06 03:00:00+00:00,2026-02-06 04:00:00+00:00,0,1,2025-12-08T00:00:00+00:00,2026-02-02T00:00:00+00:00,2026-02-02T00:00:00+00:00,2026-02-09T00:00:00+00:00,1180.2426294820718,857.9973071036418,322.24532237843005,0,night,0,0.0,0,2,0,0,0,0,0,0,0,0,0,0,0,0,0,0,0,0,0,0,0,0,0,0,4,377.9953876609166,575.4979166666667,582.7389344262294,574.4534979423869,3,0.7071067811865476,0.7071067811865476,0,0,2
B2,roll_04,mlr,2026-02-06 04:00:00+00:00,2026-02-06 05:00:00+00:00,0,1,2025-12-08T00:00:00+00:00,2026-02-02T00:00:00+00:00,2026-02-02T00:00:00+00:00,2026-02-09T00:00:00+00:00,2027.4632958801496,1251.640297252684,775.8229986274657,0,night,0,0.0,0,2,0,0,0,0,0,0,0,0,0,0,0,0,0,0,0,0,0,0,0,0,0,0,4,1042.5099112287778,574.4534979423869,1140.7624489795917,1180.2426294820718,4,0.5000000000000001,0.8660254037844386,0,0,2
B2,roll_04,mlr,2026-02-06 05:00:00+00:00,2026-02-06 06:00:00+00:00,0,1,2025-12-08T00:00:00+00:00,2026-02-02T00:00:00+00:00,2026-02-02T00:00:00+00:00,2026-02-09T00:00:00+00:00,2067.114606741573,1893.3516652800763,173.76294146149667,0,night,0,0.0,0,2,0,0,0,0,0,0,0,0,0,0,0,0,0,0,0,0,0,0,0,0,0,0,4,2043.280496847389,1180.2426294820718,1980.2167272727272,2027.4632958801496,5,0.2588190451025207,0.9659258262890684,0,0,2
B2,roll_04,mlr,2026-02-06 06:00:00+00:00,2026-02-06 07:00:00+00:00,0,1,2025-12-08T00:00:00+00:00,2026-02-02T00:00:00+00:00,2026-02-02T00:00:00+00:00,2026-02-09T00:00:00+00:00,1597.1892857142857,2007.451012871195,-410.2617271569093,0,night,0,0.0,0,2,0,0,0,0,0,0,0,0,0,0,0,0,0,0,0,0,0,0,0,0,0,0,4,2356.0469720826945,2027.4632958801496,2024.3182156133828,2067.114606741573,6,6.123233995736766e-17,1.0,0,0,2
B2,roll_04,mlr,2026-02-06 07:00:00+00:00,2026-02-06 08:00:00+00:00,0,1,2025-12-08T00:00:00+00:00,2026-02-02T00:00:00+00:00,2026-02-02T00:00:00+00:00,2026-02-09T00:00:00+00:00,1538.8590163934423,1678.4845527423558,-139.62553634891356,1,low,0,0.0,0,2,0,0,0,0,0,0,0,0,0,0,0,0,0,0,0,0,0,0,0,0,0,0,4,2415.724502125278,2067.114606741573,1672.158108108108,1597.1892857142857,7,-0.2588190451025206,0.9659258262890684,0,0,2
B2,roll_04,mlr,2026-02-06 08:00:00+00:00,2026-02-06 09:00:00+00:00,0,1,2025-12-08T00:00:00+00:00,2026-02-02T00:00:00+00:00,2026-02-02T00:00:00+00:00,2026-02-09T00:00:00+00:00,808.640361445783,1568.901220956568,-760.260859510785,1,low,0,0.0,0,2,0,0,0,0,0,0,0,0,0,0,0,0,0,0,0,0,0,0,0,0,0,0,4,2088.875723270194,1597.1892857142857,1393.502840909091,1538.8590163934423,8,-0.4999999999999998,0.8660254037844387,0,0,2
B2,roll_04,mlr,2026-02-06 09:00:00+00:00,2026-02-06 10:00:00+00:00,0,1,2025-12-08T00:00:00+00:00,2026-02-02T00:00:00+00:00,2026-02-02T00:00:00+00:00,2026-02-09T00:00:00+00:00,1106.088343558282,1084.0772274749302,22.011116083351908,1,low,0,0.0,0,2,0,0,0,0,0,0,0,0,0,0,0,0,0,0,0,0,0,0,0,0,0,0,4,1376.5848081650277,1538.8590163934423,1354.447186147186,808.640361445783,9,-0.7071067811865475,0.7071067811865476,0,0,2
B2,roll_04,mlr,2026-02-06 10:00:00+00:00,2026-02-06 11:00:00+00:00,0,1,2025-12-08T00:00:00+00:00,2026-02-02T00:00:00+00:00,2026-02-02T00:00:00+00:00,2026-02-09T00:00:00+00:00,-642.7065420560747,1166.2145308206618,-1808.9210728767366,1,med,0,0.0,0,2,0,0,0,0,0,0,0,0,0,0,0,0,0,0,0,0,0,0,0,0,0,0,4,637.5708449115556,808.640361445783,662.0819532908704,1106.088343558282,10,-0.8660254037844387,0.4999999999999999,0,0,2
B2,roll_04,mlr,2026-02-06 11:00:00+00:00,2026-02-06 12:00:00+00:00,0,1,2025-12-08T00:00:00+00:00,2026-02-02T00:00:00+00:00,2026-02-02T00:00:00+00:00,2026-02-09T00:00:00+00:00,-1011.863082437276,-78.70375514690079,-933.1593272903752,1,high,0,0.0,0,3,1,0,0,0,0,0,0,0,0,0,0,0,0,0,0,0,0,0,0,0,0,0,4,-1038.640299738972,1106.088343558282,-1116.5161157024795,-642.7065420560747,11,-0.9659258262890682,0.258819045102521,0,0,2
B2,roll_04,mlr,2026-02-06 12:00:00+00:00,2026-02-06 13:00:00+00:00,0,1,2025-12-08T00:00:00+00:00,2026-02-02T00:00:00+00:00,2026-02-02T00:00:00+00:00,2026-02-09T00:00:00+00:00,-893.904280155642,-531.0781208029981,-362.8261593526439,1,high,0,0.0,0,3,1,0,0,0,0,0,0,0,0,0,0,0,0,0,0,0,0,0,0,0,0,0,4,338.58896643852773,-642.7065420560747,-936.9505836575876,-1011.863082437276,12,-1.0,1.2246467991473532e-16,0,0,2
B2,roll_04,mlr,2026-02-06 13:00:00+00:00,2026-02-06 14:00:00+00:00,0,1,2025-12-08T00:00:00+00:00,2026-02-02T00:00:00+00:00,2026-02-02T00:00:00+00:00,2026-02-09T00:00:00+00:00,-665.2588028169014,-491.0088883159418,-174.24991450095956,1,high,0,0.0,0,3,1,0,0,0,0,0,0,0,0,0,0,0,0,0,0,0,0,0,0,0,0,0,4,-266.5041079402778,-1011.863082437276,-837.3921487603305,-893.904280155642,13,-0.9659258262890684,-0.2588190451025208,0,0,2
B2,roll_04,mlr,2026-02-06 14:00:00+00:00,2026-02-06 15:00:00+00:00,0,1,2025-12-08T00:00:00+00:00,2026-02-02T00:00:00+00:00,2026-02-02T00:00:00+00:00,2026-02-09T00:00:00+00:00,710.4511864406779,-314.6522559196443,1025.1034423603223,1,med,0,0.0,0,3,1,0,0,0,0,0,0,0,0,0,0,0,0,0,0,0,0,0,0,0,0,0,4,376.1624140875,-893.904280155642,-375.85170454545454,-665.2588028169014,14,-0.8660254037844388,-0.4999999999999997,0,0,2
B2,roll_04,mlr,2026-02-06 15:00:00+00:00,2026-02-06 16:00:00+00:00,0,1,2025-12-08T00:00:00+00:00,2026-02-02T00:00:00+00:00,2026-02-02T00:00:00+00:00,2026-02-09T00:00:00+00:00,641.5711610486892,716.4895345828618,-74.91837353417259,1,med,0,0.0,0,3,0,0,0,0,0,0,0,0,0,0,0,0,0,0,0,0,0,0,0,0,0,0,4,1082.7555175266666,-665.2588028169014,735.4822981366459,710.4511864406779,15,-0.7071067811865479,-0.7071067811865471,0,0,2
B2,roll_04,mlr,2026-02-06 16:00:00+00:00,2026-02-06 17:00:00+00:00,0,1,2025-12-08T00:00:00+00:00,2026-02-02T00:00:00+00:00,2026-02-02T00:00:00+00:00,2026-02-09T00:00:00+00:00,1208.6992857142857,817.9124847470246,390.7868009672611,1,low,0,0.0,0,3,0,0,0,0,0,0,0,0,0,0,0,0,0,0,0,0,0,0,0,0,0,0,4,1956.864773614972,710.4511864406779,773.8824840764331,641.5711610486892,16,-0.5000000000000004,-0.8660254037844385,0,0,2
B2,roll_04,mlr,2026-02-06 17:00:00+00:00,2026-02-06 18:00:00+00:00,0,1,2025-12-08T00:00:00+00:00,2026-02-02T00:00:00+00:00,2026-02-02T00:00:00+00:00,2026-02-09T00:00:00+00:00,1998.979389312977,1159.8262183276602,839.1531709853168,0,night,0,0.0,0,3,0,0,0,0,0,0,0,0,0,0,0,0,0,0,0,0,0,0,0,0,0,0,4,2558.768179305,641.5711610486892,822.6935275080906,1208.6992857142857,17,-0.2588190451025206,-0.9659258262890684,0,0,2
B2,roll_04,mlr,2026-02-06 18:00:00+00:00,2026-02-06 19:00:00+00:00,0,1,2025-12-08T00:00:00+00:00,2026-02-02T00:00:00+00:00,2026-02-02T00:00:00+00:00,2026-02-09T00:00:00+00:00,1523.3758957654725,1749.3086445269923,-225.93274876151986,0,night,0,0.0,0,2,0,0,0,0,0,0,0,0,0,0,0,0,0,0,0,0,0,0,0,0,0,0,4,1987.7934036818888,1208.6992857142857,1374.275974025974,1998.979389312977,18,-1.8369701987210292e-16,-1.0,0,0,2
B2,roll_04,mlr,2026-02-06 19:00:00+00:00,2026-02-06 20:00:00+00:00,0,1,2025-12-08T00:00:00+00:00,2026-02-02T00:00:00+00:00,2026-02-02T00:00:00+00:00,2026-02-09T00:00:00+00:00,912.399686520376,1501.1928638793352,-588.7931773589592,0,night,0,0.0,0,2,0,0,0,0,0,0,0,0,0,0,0,0,0,0,0,0,0,0,0,0,0,0,4,1676.7119280521667,1998.979389312977,1357.352397260274,1523.3758957654725,19,0.2588190451025203,-0.9659258262890684,0,0,2
B2,roll_04,mlr,2026-02-06 20:00:00+00:00,2026-02-06 21:00:00+00:00,0,1,2025-12-08T00:00:00+00:00,2026-02-02T00:00:00+00:00,2026-02-02T00:00:00+00:00,2026-02-09T00:00:00+00:00,912.399686520376,980.6184248838472,-68.21873836347118,0,night,0,0.0,0,2,0,0,0,0,0,0,0,0,0,0,0,0,0,0,0,0,0,0,0,0,0,0,4,1399.5987402705557,1523.3758957654725,756.398866855524,912.399686520376,20,0.5000000000000001,-0.8660254037844386,0,0,2
B2,roll_04,mlr,2026-02-07 06:00:00+00:00,2026-02-07 07:00:00+00:00,0,1,2025-12-08T00:00:00+00:00,2026-02-02T00:00:00+00:00,2026-02-02T00:00:00+00:00,2026-02-09T00:00:00+00:00,1559.708875739645,1951.7811138101101,-392.0722380704651,0,night,0,0.0,0,2,0,1,1,0,0,0,10,0,0,0,0,0,0,0,1,0,0,0,1,0,0,1,5,2133.987086771556,2298.011320754717,2067.114606741573,2062.442647058824,6,6.123233995736766e-17,1.0,0,1,2
B2,roll_04,mlr,2026-02-07 07:00:00+00:00,2026-02-07 08:00:00+00:00,0,1,2025-12-08T00:00:00+00:00,2026-02-02T00:00:00+00:00,2026-02-02T00:00:00+00:00,2026-02-09T00:00:00+00:00,706.9373134328358,1570.148960565688,-863.2116471328521,1,low,0,0.0,0,2,0,0,0,0,0,0,0,0,0,0,0,0,0,0,0,0,0,0,0,0,0,0,5,1020.5726502083334,2062.442647058824,1597.1892857142857,1559.708875739645,7,-0.2588190451025206,0.9659258262890684,0,1,2
B2,roll_04,mlr,2026-02-07 08:00:00+00:00,2026-02-07 09:00:00+00:00,0,1,2025-12-08T00:00:00+00:00,2026-02-02T00:00:00+00:00,2026-02-02T00:00:00+00:00,2026-02-09T00:00:00+00:00,632.1936915887851,946.3669480610045,-314.17325647221935,1,low,0,0.0,0,2,0,0,0,0,0,0,0,0,0,0,0,0,0,0,0,0,0,0,0,0,0,0,5,419.2874801181944,1559.708875739645,1538.8590163934423,706.9373134328358,8,-0.4999999999999998,0.8660254037844387,0,1,2
B2,roll_04,mlr,2026-02-07 09:00:00+00:00,2026-02-07 10:00:00+00:00,0,1,2025-12-08T00:00:00+00:00,2026-02-02T00:00:00+00:00,2026-02-02T00:00:00+00:00,2026-02-09T00:00:00+00:00,578.2054744525547,761.8607548521055,-183.65528039955086,1,low,0,0.0,0,2,0,0,0,0,0,0,0,0,0,0,0,0,0,0,0,0,0,0,0,0,0,0,5,250.3521221068889,706.9373134328358,808.640361445783,632.1936915887851,9,-0.7071067811865475,0.7071067811865476,0,1,2
B2,roll_04,mlr,2026-02-07 10:00:00+00:00,2026-02-07 11:00:00+00:00,0,1,2025-12-08T00:00:00+00:00,2026-02-02T00:00:00+00:00,2026-02-02T00:00:00+00:00,2026-02-09T00:00:00+00:00,-41.95252679938744,731.7183081249431,-773.6708349243305,1,low,0,0.0,0,2,0,0,0,0,0,0,0,0,0,0,0,0,0,0,0,0,0,0,0,0,0,0,5,334.93582907008334,632.1936915887851,1106.088343558282,578.2054744525547,10,-0.8660254037844387,0.4999999999999999,0,1,2
B2,roll_04,mlr,2026-02-07 11:00:00+00:00,2026-02-07 12:00:00+00:00,0,1,2025-12-08T00:00:00+00:00,2026-02-02T00:00:00+00:00,2026-02-02T00:00:00+00:00,2026-02-09T00:00:00+00:00,446.3483552631579,179.17877898827624,267.16957627488165,1,high,0,0.0,0,3,1,0,0,0,0,0,0,0,0,0,0,0,0,0,0,0,0,0,0,0,0,0,5,-25.482023055444444,578.2054744525547,-642.7065420560747,-41.95252679938744,11,-0.9659258262890682,0.258819045102521,0,1,2
B2,roll_04,mlr,2026-02-07 12:00:00+00:00,2026-02-07 13:00:00+00:00,0,1,2025-12-08T00:00:00+00:00,2026-02-02T00:00:00+00:00,2026-02-02T00:00:00+00:00,2026-02-09T00:00:00+00:00,632.8982843137255,475.21112048049054,157.687163833235,1,med,0,0.0,0,3,0,0,0,0,0,0,0,0,0,0,0,0,0,0,0,0,0,0,0,0,0,0,5,-362.59401059927774,-41.95252679938744,-1011.863082437276,446.3483552631579,12,-1.0,1.2246467991473532e-16,0,1,2
B2,roll_04,mlr,2026-02-07 13:00:00+00:00,2026-02-07 14:00:00+00:00,0,1,2025-12-08T00:00:00+00:00,2026-02-02T00:00:00+00:00,2026-02-02T00:00:00+00:00,2026-02-09T00:00:00+00:00,561.9701612903226,658.474631196894,-96.50446990657144,1,low,0,0.0,0,3,0,0,0,0,0,0,0,0,0,0,0,0,0,0,0,0,0,0,0,0,0,0,5,-31.184125589083333,446.3483552631579,-893.904280155642,632.8982843137255,13,-0.9659258262890684,-0.2588190451025208,0,1,2
B2,roll_04,mlr,2026-02-07 14:00:00+00:00,2026-02-07 15:00:00+00:00,0,1,2025-12-08T00:00:00+00:00,2026-02-02T00:00:00+00:00,2026-02-02T00:00:00+00:00,2026-02-09T00:00:00+00:00,334.5904761904762,640.0831354209355,-305.4926592304593,1,low,0,0.0,0,3,0,0,0,0,0,0,0,0,0,0,0,0,0,0,0,0,0,0,0,0,0,0,5,-90.87281389516666,632.8982843137255,-665.2588028169014,561.9701612903226,14,-0.8660254037844388,-0.4999999999999997,0,1,2
B2,roll_04,mlr,2026-02-07 15:00:00+00:00,2026-02-07 16:00:00+00:00,0,1,2025-12-08T00:00:00+00:00,2026-02-02T00:00:00+00:00,2026-02-02T00:00:00+00:00,2026-02-09T00:00:00+00:00,645.034188034188,531.6997183766005,113.33446965758753,1,low,0,0.0,0,3,0,0,0,0,0,0,0,0,0,0,0,0,0,0,0,0,0,0,0,0,0,0,5,422.2890764387501,561.9701612903226,710.4511864406779,334.5904761904762,15,-0.7071067811865479,-0.7071067811865471,0,1,2
B2,roll_04,mlr,2026-02-07 16:00:00+00:00,2026-02-07 17:00:00+00:00,0,1,2025-12-08T00:00:00+00:00,2026-02-02T00:00:00+00:00,2026-02-02T00:00:00+00:00,2026-02-09T00:00:00+00:00,804.1076923076923,689.51430128079,114.59339102690228,1,low,0,0.0,0,3,0,0,0,0,0,0,0,0,0,0,0,0,0,0,0,0,0,0,0,0,0,0,5,514.5742918275556,334.5904761904762,641.5711610486892,645.034188034188,16,-0.5000000000000004,-0.8660254037844385,0,1,2
B2,roll_04,mlr,2026-02-07 17:00:00+00:00,2026-02-07 18:00:00+00:00,0,1,2025-12-08T00:00:00+00:00,2026-02-02T00:00:00+00:00,2026-02-02T00:00:00+00:00,2026-02-09T00:00:00+00:00,1198.3504918032788,835.9986874449048,362.351804358374,0,night,0,0.0,0,3,0,1,1,0,2,0,0,1,0,0,1,0,1,0,0,0,1,0,0,0,0,0,5,555.1924943127777,645.034188034188,1208.6992857142857,804.1076923076923,17,-0.2588190451025206,-0.9659258262890684,0,1,2
B2,roll_04,mlr,2026-02-07 18:00:00+00:00,2026-02-07 19:00:00+00:00,0,1,2025-12-08T00:00:00+00:00,2026-02-02T00:00:00+00:00,2026-02-02T00:00:00+00:00,2026-02-09T00:00:00+00:00,1452.110101010101,1123.391042966703,328.71905804339804,0,night,0,0.0,0,2,0,1,1,0,2,0,0,1,0,0,1,0,1,0,0,0,1,0,0,0,0,0,5,563.0741589198611,804.1076923076923,1998.979389312977,1198.3504918032788,18,-1.8369701987210292e-16,-1.0,0,1,2
B2,roll_04,mlr,2026-02-07 19:00:00+00:00,2026-02-07 20:00:00+00:00,0,1,2025-12-08T00:00:00+00:00,2026-02-02T00:00:00+00:00,2026-02-02T00:00:00+00:00,2026-02-09T00:00:00+00:00,497.8637305699482,1284.265121353865,-786.4013907839168,0,night,0,0.0,0,2,0,0,0,0,0,0,0,0,0,0,0,0,0,0,0,0,0,0,0,0,0,0,5,532.8345183753889,1198.3504918032788,1523.3758957654725,1452.110101010101,19,0.2588190451025203,-0.9659258262890684,0,1,2
B2,roll_04,mlr,2026-02-07 20:00:00+00:00,2026-02-07 21:00:00+00:00,0,1,2025-12-08T00:00:00+00:00,2026-02-02T00:00:00+00:00,2026-02-02T00:00:00+00:00,2026-02-09T00:00:00+00:00,872.810650887574,623.5864435578814,249.2242073296926,0,night,0,0.0,0,2,0,1,1,0,2,0,0,1,0,0,1,0,1,0,0,0,1,0,0,0,0,0,5,552.461400302111,1452.110101010101,912.399686520376,497.8637305699482,20,0.5000000000000001,-0.8660254037844386,0,1,2
B2,roll_04,mlr,2026-02-08 05:00:00+00:00,2026-02-08 06:00:00+00:00,0,1,2025-12-08T00:00:00+00:00,2026-02-02T00:00:00+00:00,2026-02-02T00:00:00+00:00,2026-02-09T00:00:00+00:00,379.6493975903615,673.0839001597965,-293.434502569435,0,night,0,0.0,0,2,0,1,1,0,8,0,0,0,0,1,1,0,1,0,0,0,1,0,0,0,0,0,6,555.9197919330833,369.4539094650206,2298.011320754717,397.2683333333333,5,0.2588190451025207,0.9659258262890684,0,1,2
B2,roll_04,mlr,2026-02-08 06:00:00+00:00,2026-02-08 07:00:00+00:00,0,1,2025-12-08T00:00:00+00:00,2026-02-02T00:00:00+00:00,2026-02-02T00:00:00+00:00,2026-02-09T00:00:00+00:00,1316.8424615384615,636.4551282844893,680.3873332539722,0,night,0,0.0,0,2,0,1,1,0,8,0,0,0,0,1,1,0,1,0,0,0,1,0,0,0,0,0,6,1160.5435193141388,397.2683333333333,2062.442647058824,379.6493975903615,6,6.123233995736766e-17,1.0,0,1,2
B2,roll_04,mlr,2026-02-08 07:00:00+00:00,2026-02-08 08:00:00+00:00,0,1,2025-12-08T00:00:00+00:00,2026-02-02T00:00:00+00:00,2026-02-02T00:00:00+00:00,2026-02-09T00:00:00+00:00,834.62125,1221.5899139910086,-386.9686639910086,1,low,0,0.0,0,2,0,0,0,0,0,0,0,0,0,0,0,0,0,0,0,0,0,0,0,0,0,0,6,691.6709654138334,379.6493975903615,1559.708875739645,1316.8424615384615,7,-0.2588190451025206,0.9659258262890684,0,1,2
B2,roll_04,mlr,2026-02-08 08:00:00+00:00,2026-02-08 09:00:00+00:00,0,1,2025-12-08T00:00:00+00:00,2026-02-02T00:00:00+00:00,2026-02-02T00:00:00+00:00,2026-02-09T00:00:00+00:00,1570.537150837989,972.1906629853311,598.3464878526579,1,low,0,0.0,0,2,0,0,0,0,0,0,0,0,0,0,0,0,0,0,0,0,0,0,0,0,0,0,6,1089.2109433604444,1316.8424615384615,706.9373134328358,834.62125,8,-0.4999999999999998,0.8660254037844387,0,1,2
B2,roll_04,mlr,2026-02-08 09:00:00+00:00,2026-02-08 10:00:00+00:00,0,1,2025-12-08T00:00:00+00:00,2026-02-02T00:00:00+00:00,2026-02-02T00:00:00+00:00,2026-02-09T00:00:00+00:00,1105.7391382405744,1398.5025259703775,-292.76338772980307,1,low,0,0.0,0,2,0,0,0,0,0,0,0,0,0,0,0,0,0,0,0,0,0,0,0,0,0,0,6,303.2054646118889,834.62125,632.1936915887851,1570.537150837989,9,-0.7071067811865475,0.7071067811865476,0,1,2
B2,roll_04,mlr,2026-02-08 10:00:00+00:00,2026-02-08 11:00:00+00:00,0,1,2025-12-08T00:00:00+00:00,2026-02-02T00:00:00+00:00,2026-02-02T00:00:00+00:00,2026-02-09T00:00:00+00:00,923.620527306968,1180.5324664594273,-256.91193915245924,1,med,0,0.0,0,3,0,0,0,0,0,0,0,0,0,0,0,0,0,0,0,0,0,0,0,0,0,0,6,306.5586802728889,1570.537150837989,578.2054744525547,1105.7391382405744,10,-0.8660254037844387,0.4999999999999999,0,1,2
B2,roll_04,mlr,2026-02-08 11:00:00+00:00,2026-02-08 12:00:00+00:00,0,1,2025-12-08T00:00:00+00:00,2026-02-02T00:00:00+00:00,2026-02-02T00:00:00+00:00,2026-02-09T00:00:00+00:00,947.024628450106,978.809655840462,-31.78502739035605,1,med,0,0.0,0,3,0,0,0,0,0,0,0,0,0,0,0,0,0,0,0,0,0,0,0,0,0,0,6,298.92543760088887,1105.7391382405744,-41.95252679938744,923.620527306968,11,-0.9659258262890682,0.258819045102521,0,1,2
B2,roll_04,mlr,2026-02-08 12:00:00+00:00,2026-02-08 13:00:00+00:00,0,1,2025-12-08T00:00:00+00:00,2026-02-02T00:00:00+00:00,2026-02-02T00:00:00+00:00,2026-02-09T00:00:00+00:00,712.1665188470066,996.8862950871078,-284.71977624010117,1,med,0,0.0,0,3,0,0,0,0,0,0,0,0,0,0,0,0,0,0,0,0,0,0,0,0,0,0,6,73.55411946638888,923.620527306968,446.3483552631579,947.024628450106,12,-1.0,1.2246467991473532e-16,0,1,2
B2,roll_04,mlr,2026-02-08 13:00:00+00:00,2026-02-08 14:00:00+00:00,0,1,2025-12-08T00:00:00+00:00,2026-02-02T00:00:00+00:00,2026-02-02T00:00:00+00:00,2026-02-09T00:00:00+00:00,736.6655786350148,852.0430485000851,-115.37746986507034,1,low,0,0.0,0,3,0,0,0,0,0,0,0,0,0,0,0,0,0,0,0,0,0,0,0,0,0,0,6,151.58054217927778,947.024628450106,632.8982843137255,712.1665188470066,13,-0.9659258262890684,-0.2588190451025208,0,1,2
B2,roll_04,mlr,2026-02-08 14:00:00+00:00,2026-02-08 15:00:00+00:00,0,1,2025-12-08T00:00:00+00:00,2026-02-02T00:00:00+00:00,2026-02-02T00:00:00+00:00,2026-02-09T00:00:00+00:00,695.3514285714285,824.2611052248837,-128.90967665345522,1,low,0,0.0,0,3,0,0,0,0,0,0,0,0,0,0,0,0,0,0,0,0,0,0,0,0,0,0,6,1336.6438164391946,712.1665188470066,561.9701612903226,736.6655786350148,14,-0.8660254037844388,-0.4999999999999997,0,1,2
B2,roll_04,mlr,2026-02-08 15:00:00+00:00,2026-02-08 16:00:00+00:00,0,1,2025-12-08T00:00:00+00:00,2026-02-02T00:00:00+00:00,2026-02-02T00:00:00+00:00,2026-02-09T00:00:00+00:00,1433.765206812652,776.561394300647,657.203812512005,1,low,0,0.0,0,3,0,0,0,0,0,0,0,0,0,0,0,0,0,0,0,0,0,0,0,0,0,0,6,1896.0841900744165,736.6655786350148,334.5904761904762,695.3514285714285,15,-0.7071067811865479,-0.7071067811865471,0,1,2
B2,roll_04,mlr,2026-02-08 16:00:00+00:00,2026-02-08 17:00:00+00:00,0,1,2025-12-08T00:00:00+00:00,2026-02-02T00:00:00+00:00,2026-02-02T00:00:00+00:00,2026-02-09T00:00:00+00:00,1460.5596112311014,1252.0579079190402,208.50170331206118,1,low,0,0.0,0,3,0,0,0,0,0,0,0,0,0,0,0,0,0,0,0,0,0,0,0,0,0,0,6,2484.501672130778,695.3514285714285,645.034188034188,1433.765206812652,16,-0.5000000000000004,-0.8660254037844385,0,1,2
B2,roll_04,mlr,2026-02-08 17:00:00+00:00,2026-02-08 18:00:00+00:00,0,1,2025-12-08T00:00:00+00:00,2026-02-02T00:00:00+00:00,2026-02-02T00:00:00+00:00,2026-02-09T00:00:00+00:00,1677.3,1344.8404075785338,332.45959242146614,0,night,0,0.0,0,2,0,1,1,0,2,0,0,1,0,0,1,0,1,0,0,0,1,0,0,0,0,0,6,2486.544613380472,1433.765206812652,804.1076923076923,1460.5596112311014,17,-0.2588190451025206,-0.9659258262890684,0,1,2
B2,roll_04,mlr,2026-02-08 18:00:00+00:00,2026-02-08 19:00:00+00:00,0,1,2025-12-08T00:00:00+00:00,2026-02-02T00:00:00+00:00,2026-02-02T00:00:00+00:00,2026-02-09T00:00:00+00:00,1634.7964788732395,1480.980808092555,153.8156707806845,0,night,0,0.0,0,2,0,1,1,0,2,0,0,1,0,0,1,0,1,0,0,0,1,0,0,0,0,0,6,2612.5492478209444,1460.5596112311014,1198.3504918032788,1677.3,18,-1.8369701987210292e-16,-1.0,0,1,2
B2,roll_04,mlr,2026-02-08 19:00:00+00:00,2026-02-08 20:00:00+00:00,0,1,2025-12-08T00:00:00+00:00,2026-02-02T00:00:00+00:00,2026-02-02T00:00:00+00:00,2026-02-09T00:00:00+00:00,1380.816091954023,1456.226870228214,-75.41077827419099,0,night,0,0.0,0,2,0,0,0,0,0,0,0,0,0,0,0,0,0,0,0,0,0,0,0,0,0,0,6,3017.157618471861,1677.3,1452.110101010101,1634.7964788732395,19,0.2588190451025203,-0.9659258262890684,0,1,2
B2,roll_04,mlr,2026-02-08 20:00:00+00:00,2026-02-08 21:00:00+00:00,0,1,2025-12-08T00:00:00+00:00,2026-02-02T00:00:00+00:00,2026-02-02T00:00:00+00:00,2026-02-09T00:00:00+00:00,1796.902564102564,1210.0789641229278,586.8235999796361,0,night,0,0.0,0,2,0,1,1,0,1,0,0,1,0,0,1,0,1,0,0,0,1,0,0,0,0,0,6,2133.137917275778,1634.7964788732395,497.8637305699482,1380.816091954023,20,0.5000000000000001,-0.8660254037844386,0,1,2
B2,roll_04,mlr,2026-02-08 21:00:00+00:00,2026-02-08 22:00:00+00:00,0,1,2025-12-08T00:00:00+00:00,2026-02-02T00:00:00+00:00,2026-02-02T00:00:00+00:00,2026-02-09T00:00:00+00:00,682.9762008733624,1437.524164988981,-754.5479641156187,0,night,0,0.0,0,2,0,0,0,0,0,0,0,0,0,0,0,0,0,0,0,0,0,0,0,0,0,0,6,952.1327068525555,1380.816091954023,872.810650887574,1796.902564102564,21,0.7071067811865474,-0.7071067811865477,0,1,2
