dataset_id,split_id,model_name,ts_utc,ts_target_utc,is_train_split,is_test_split,train_start_utc,train_end_utc,test_start_utc,test_end_utc,y_true_t_plus_1,yhat_t_plus_1,residual_t_plus_1,is_daylight,pv_regime,pool_on,pool_on_lag_1h,pool_switch,temp_bin,flag_grid_exporting,imputed_any,imputed_count,gaplen_demand_h,gaplen_pv_h,gaplen_pool_h,gaplen_temp_h,pv_imputed_interp,pv_imputed_ffill_night_ok,pv_imputed_fallback_zero,pv_imputed_any,flag_demand_imputed,flag_pv_imputed,flag_pool_imputed,flag_temp_imputed,flag_demand_imputed_new,flag_pv_imputed_new,flag_pool_imputed_new,flag_temp_imputed_new,demand_imputed_any,pool_imputed_any,temp_imputed_any,day_of_week,demand_lag_168h,demand_lag_1h,demand_lag_24h,demand_w,hour,hour_cos,hour_sin,is_holiday_it,is_weekend,month,outdoor_temp_c,outdoor_temp_c_lag_168h,outdoor_temp_c_lag_1h,outdoor_temp_c_lag_24h,pool_w,pool_w_lag_168h,pool_w_lag_1h,pool_w_lag_24h,pv_w,pv_w_lag_168h,pv_w_lag_1h,pv_w_lag_24h
B3,roll_03,rf,2026-01-25 23:00:00+00:00,2026-01-26 00:00:00+00:00,0,1,2025-12-08T00:00:00+00:00,2026-01-26T00:00:00+00:00,2026-01-26T00:00:00+00:00,2026-02-02T00:00:00+00:00,369.4281183008611,409.3462460607865,-39.91812775992537,0,night,0,0.0,0,1,0,0,0,0,0,0,0,0,0,0,0,0,0,0,0,0,0,0,0,0,0,0,6,371.8011446672778,367.5400825782778,430.99813492583326,401.8299940770556,23,0.965925826289068,-0.2588190451025215,0,1,1,4.466046058277779,7.6601376606111105,4.361512489777778,5.70738836675,18.2452798105,18.329515098027777,17.980475572111114,18.156869020583333,0.0,0.0,0.0,0.0
B3,roll_03,rf,2026-01-26 00:00:00+00:00,2026-01-26 01:00:00+00:00,0,1,2025-12-08T00:00:00+00:00,2026-01-26T00:00:00+00:00,2026-01-26T00:00:00+00:00,2026-02-02T00:00:00+00:00,418.7639288361667,387.95828917366646,30.805639662500255,0,night,0,0.0,0,1,0,0,0,0,0,0,0,0,0,0,0,0,0,0,0,0,0,0,0,0,0,0,0,368.0171135468333,401.8299940770556,377.7188413770555,369.4281183008611,0,1.0,0.0,0,0,1,4.461170374777778,7.471285470472222,4.466046058277779,5.6147730122777775,18.523186238833336,18.324939880888888,18.2452798105,18.11037431958333,0.0,0.0,0.0,0.0
B3,roll_03,rf,2026-01-26 01:00:00+00:00,2026-01-26 02:00:00+00:00,0,1,2025-12-08T00:00:00+00:00,2026-01-26T00:00:00+00:00,2026-01-26T00:00:00+00:00,2026-02-02T00:00:00+00:00,391.5396551361389,397.25219752037333,-5.712542384234439,0,night,0,0.0,0,1,0,0,0,0,0,0,0,0,0,0,0,0,0,0,0,0,0,0,0,0,0,0,0,370.43651664125,369.4281183008611,364.4423996903056,418.7639288361667,1,0.9659258262890684,0.2588190451025207,0,0,1,4.7878055041388885,7.240814754666666,4.461170374777778,5.886597346611112,18.5138968555,18.191478372805555,18.523186238833336,18.483736475527778,0.0,0.0,0.0,0.0
B3,roll_03,rf,2026-01-26 02:00:00+00:00,2026-01-26 03:00:00+00:00,0,1,2025-12-08T00:00:00+00:00,2026-01-26T00:00:00+00:00,2026-01-26T00:00:00+00:00,2026-02-02T00:00:00+00:00,371.4401780996666,397.429879006106,-25.989700906439396,0,night,0,0.0,0,1,0,0,0,0,0,0,0,0,0,0,0,0,0,0,0,0,0,0,0,0,0,0,0,382.0239495386389,418.7639288361667,384.5271624152222,391.5396551361389,2,0.8660254037844387,0.4999999999999999,0,0,1,4.783428099083333,7.025713984444444,4.7878055041388885,5.938280689361111,21.99558707186111,18.308205069916667,18.5138968555,18.49985763155556,0.0,0.0,0.0,0.0
B3,roll_03,rf,2026-01-26 03:00:00+00:00,2026-01-26 04:00:00+00:00,0,1,2025-12-08T00:00:00+00:00,2026-01-26T00:00:00+00:00,2026-01-26T00:00:00+00:00,2026-02-02T00:00:00+00:00,1028.218939733639,832.4813103702752,195.7376293633638,0,night,0,0.0,0,1,0,1,1,0,1,0,0,1,0,0,1,0,1,0,0,0,1,0,0,0,0,0,0,368.1878588306667,391.5396551361389,395.30640441158334,371.4401780996666,3,0.7071067811865476,0.7071067811865476,0,0,1,4.6246117731666665,6.843691117888889,4.783428099083333,5.830688939638889,18.55526118411112,18.22355256697222,21.99558707186111,18.36806043725,0.0,0.0,0.0,0.0
B3,roll_03,rf,2026-01-26 04:00:00+00:00,2026-01-26 05:00:00+00:00,0,1,2025-12-08T00:00:00+00:00,2026-01-26T00:00:00+00:00,2026-01-26T00:00:00+00:00,2026-02-02T00:00:00+00:00,2114.055589798917,2002.3586645057499,111.69692529316717,0,night,0,0.0,0,1,0,0,0,0,0,0,0,0,0,0,0,0,0,0,0,0,0,0,0,0,0,0,0,956.6022458266112,371.4401780996666,963.782436518,1028.218939733639,4,0.5000000000000001,0.8660254037844386,0,0,1,4.447174962083333,6.571004820500001,4.6246117731666665,5.175912236194445,18.50634147902778,18.381851679388888,18.55526118411112,18.4531641925,0.0,0.0,0.0,0.0
B3,roll_03,rf,2026-01-26 05:00:00+00:00,2026-01-26 06:00:00+00:00,0,1,2025-12-08T00:00:00+00:00,2026-01-26T00:00:00+00:00,2026-01-26T00:00:00+00:00,2026-02-02T00:00:00+00:00,2600.770309974528,2098.7505130469017,502.01979692762643,0,night,0,0.0,0,1,0,0,0,0,0,0,0,0,0,0,0,0,0,0,0,0,0,0,0,0,0,0,0,2097.5119466174724,1028.218939733639,1696.815230154389,2114.055589798917,5,0.2588190451025207,0.9659258262890684,0,0,1,4.408384114472223,6.230610997888888,4.447174962083333,4.974422407805555,18.76648325919444,18.81852253330556,18.50634147902778,18.711754044777777,0.0,0.0,0.0,0.0
B3,roll_03,rf,2026-01-26 06:00:00+00:00,2026-01-26 07:00:00+00:00,0,1,2025-12-08T00:00:00+00:00,2026-01-26T00:00:00+00:00,2026-01-26T00:00:00+00:00,2026-02-02T00:00:00+00:00,2010.6085535996945,2009.5243468075046,1.0842067921898888,0,night,0,0.0,0,1,0,0,0,0,0,0,0,0,0,0,0,0,0,0,0,0,0,0,0,0,0,0,0,2207.624277541472,2114.055589798917,1659.7306816588614,2600.770309974528,6,6.123233995736766e-17,1.0,0,0,1,4.431008716472223,6.104236992611111,4.408384114472223,4.992939964055556,18.49337982475,18.518887052166665,18.76648325919444,18.560369708916667,0.0,0.0,0.0,0.0
B3,roll_03,rf,2026-01-26 07:00:00+00:00,2026-01-26 08:00:00+00:00,0,1,2025-12-08T00:00:00+00:00,2026-01-26T00:00:00+00:00,2026-01-26T00:00:00+00:00,2026-02-02T00:00:00+00:00,1665.4681254328334,1909.6108624985422,-244.14273706570884,1,low,0,0.0,0,1,0,0,0,0,0,0,0,0,0,0,0,0,0,0,0,0,0,0,0,0,0,0,0,743.501432477222,2600.770309974528,2231.1363579284443,2010.6085535996945,7,-0.2588190451025206,0.9659258262890684,0,0,1,4.217437003583334,6.0920939530833325,4.431008716472223,4.933367505611112,18.407470120777777,17.464818313277778,18.49337982475,18.55700058877778,23.868688164416664,0.0,0.0,0.0
B3,roll_03,rf,2026-01-26 08:00:00+00:00,2026-01-26 09:00:00+00:00,0,1,2025-12-08T00:00:00+00:00,2026-01-26T00:00:00+00:00,2026-01-26T00:00:00+00:00,2026-02-02T00:00:00+00:00,1007.3270680508888,1586.521150727681,-579.1940826767923,1,low,0,0.0,0,1,0,0,0,0,0,0,0,0,0,0,0,0,0,0,0,0,0,0,0,0,0,0,0,1602.210022772833,2010.6085535996945,2238.324116505972,1665.4681254328334,8,-0.4999999999999998,0.8660254037844387,0,0,1,4.718276212527778,6.376790769055556,4.217437003583334,4.832365699444444,18.409084794722222,18.106925738416667,18.407470120777777,18.49024153463889,232.3755870049445,52.25388250475,23.868688164416664,0.0
B3,roll_03,rf,2026-01-26 09:00:00+00:00,2026-01-26 10:00:00+00:00,0,1,2025-12-08T00:00:00+00:00,2026-01-26T00:00:00+00:00,2026-01-26T00:00:00+00:00,2026-02-02T00:00:00+00:00,-569.4865977234444,1255.0512737347988,-1824.5378714582432,1,med,0,0.0,0,2,0,0,0,0,0,0,0,0,0,0,0,0,0,0,0,0,0,0,0,0,0,0,0,401.86281383952775,1665.4681254328334,2327.768168646222,1007.3270680508888,9,-0.7071067811865475,0.7071067811865476,0,0,1,6.201903485888889,6.883866901888889,4.718276212527778,4.46485140163889,19.274426173416668,17.851597591666668,18.409084794722222,18.60976037316667,957.7790681506112,200.28425978958333,232.3755870049445,20.07319077258333
B3,roll_03,rf,2026-01-26 10:00:00+00:00,2026-01-26 11:00:00+00:00,0,1,2025-12-08T00:00:00+00:00,2026-01-26T00:00:00+00:00,2026-01-26T00:00:00+00:00,2026-02-02T00:00:00+00:00,-741.4332030484165,323.5371918480322,-1064.9703948964489,1,high,0,0.0,0,2,1,0,0,0,0,0,0,0,0,0,0,0,0,0,0,0,0,0,0,0,0,0,0,799.5036943302779,1007.3270680508888,3079.3561128761667,-569.4865977234444,10,-0.8660254037844387,0.4999999999999999,0,0,1,7.908126318222223,7.554804945722222,6.201903485888889,4.6137414355,19.29423308175,18.305271993833333,19.274426173416668,18.23413413661111,1452.9506088285557,300.6106887920556,957.7790681506112,79.55278716463889
B3,roll_03,rf,2026-01-26 11:00:00+00:00,2026-01-26 12:00:00+00:00,0,1,2025-12-08T00:00:00+00:00,2026-01-26T00:00:00+00:00,2026-01-26T00:00:00+00:00,2026-02-02T00:00:00+00:00,-1079.799870834083,53.54501133428983,-1133.344882168373,1,high,0,0.0,0,2,1,0,0,0,0,0,0,0,0,0,0,0,0,0,0,0,0,0,0,0,0,0,0,764.1083921755,-569.4865977234444,1060.977643347722,-741.4332030484165,11,-0.9659258262890682,0.258819045102521,0,0,1,8.922148164944444,7.938572868611111,7.908126318222223,5.1184929485833335,19.045338705444447,17.913517779527776,19.29423308175,18.24494905780556,1282.8998087142222,360.65137327452777,1452.9506088285557,220.18301505319445
B3,roll_03,rf,2026-01-26 12:00:00+00:00,2026-01-26 13:00:00+00:00,0,1,2025-12-08T00:00:00+00:00,2026-01-26T00:00:00+00:00,2026-01-26T00:00:00+00:00,2026-02-02T00:00:00+00:00,94.50215176250003,92.8912220327543,1.6109297297457346,1,high,0,0.0,0,2,1,0,0,0,0,0,0,0,0,0,0,0,0,0,0,0,0,0,0,0,0,0,0,135.93812644077775,-741.4332030484165,1745.3068945306666,-1079.799870834083,12,-1.0,1.2246467991473532e-16,0,0,1,9.81455455672222,8.697412192166667,8.922148164944444,6.667484349638889,19.22219746525,17.51108470222222,19.045338705444447,19.08982180188889,1568.292356256389,429.9776792980833,1282.8998087142222,527.3673956102779
B3,roll_03,rf,2026-01-26 13:00:00+00:00,2026-01-26 14:00:00+00:00,0,1,2025-12-08T00:00:00+00:00,2026-01-26T00:00:00+00:00,2026-01-26T00:00:00+00:00,2026-02-02T00:00:00+00:00,-184.2188756273056,593.6212659170416,-777.8401415443471,1,high,0,0.0,0,3,0,0,0,0,0,0,0,0,0,0,0,0,0,0,0,0,0,0,0,0,0,0,0,227.14875664072224,-1079.799870834083,906.8727746182224,94.50215176250003,13,-0.9659258262890684,-0.2588190451025208,0,0,1,11.254398788638888,9.178790924722222,9.81455455672222,7.015248214916667,19.500437073166665,17.4767666915,19.22219746525,18.02789201130556,1276.3594904251663,331.27048653,1568.292356256389,212.62666984819444
B3,roll_03,rf,2026-01-26 14:00:00+00:00,2026-01-26 15:00:00+00:00,0,1,2025-12-08T00:00:00+00:00,2026-01-26T00:00:00+00:00,2026-01-26T00:00:00+00:00,2026-02-02T00:00:00+00:00,297.8340901346389,486.2933951080675,-188.45930497342857,1,med,0,0.0,0,3,1,0,0,0,0,0,0,0,0,0,0,0,0,0,0,0,0,0,0,0,0,0,0,1951.074940760889,94.50215176250003,1490.25308828425,-184.2188756273056,14,-0.8660254037844388,-0.4999999999999997,0,0,1,11.926946225083334,8.86652897075,11.254398788638888,7.1463404341666665,18.60872707988889,18.02714254913889,19.500437073166665,18.02865631725,748.6199065452223,138.99832969141667,1276.3594904251663,125.078570753
B3,roll_03,rf,2026-01-26 15:00:00+00:00,2026-01-26 16:00:00+00:00,0,1,2025-12-08T00:00:00+00:00,2026-01-26T00:00:00+00:00,2026-01-26T00:00:00+00:00,2026-02-02T00:00:00+00:00,931.8924169395276,864.9780255803499,66.91439135917767,1,low,0,0.0,0,3,0,0,0,0,0,0,0,0,0,0,0,0,0,0,0,0,0,0,0,0,0,0,0,806.2876032480555,-184.2188756273056,924.6930943503612,297.8340901346389,15,-0.7071067811865479,-0.7071067811865471,0,0,1,10.923911111027778,8.054252913972222,11.926946225083334,6.817918164777777,18.19638072175,17.764550296583334,18.60872707988889,17.959508398916665,222.2870635009722,60.29446228413889,748.6199065452223,0.0
B3,roll_03,rf,2026-01-26 16:00:00+00:00,2026-01-26 17:00:00+00:00,0,1,2025-12-08T00:00:00+00:00,2026-01-26T00:00:00+00:00,2026-01-26T00:00:00+00:00,2026-02-02T00:00:00+00:00,2682.2788242863057,1333.6594943424345,1348.6193299438712,0,night,0,0.0,0,2,0,0,0,0,0,0,0,0,0,0,0,0,0,0,0,0,0,0,0,0,0,0,0,738.6692789706944,297.8340901346389,1936.265559235028,931.8924169395276,16,-0.5000000000000004,-0.8660254037844385,0,0,1,8.400742399944445,6.7582327050833335,10.923911111027778,6.112700724861111,17.840104336222222,17.51009285883333,18.19638072175,18.36010683186112,0.0,0.0,222.2870635009722,0.0
B3,roll_03,rf,2026-01-26 17:00:00+00:00,2026-01-26 18:00:00+00:00,0,1,2025-12-08T00:00:00+00:00,2026-01-26T00:00:00+00:00,2026-01-26T00:00:00+00:00,2026-02-02T00:00:00+00:00,1447.201125872611,1684.5605681970162,-237.3594423244051,0,night,0,0.0,0,2,0,0,0,0,0,0,0,0,0,0,0,0,0,0,0,0,0,0,0,0,0,0,0,1883.6500829357776,931.8924169395276,1053.6913190111388,2682.2788242863057,17,-0.2588190451025206,-0.9659258262890684,0,0,1,7.112603206694445,6.245921308277777,8.400742399944445,5.021550218833333,17.924488307083333,17.879649593055557,17.840104336222222,17.625167409194443,0.0,0.0,0.0,0.0
B3,roll_03,rf,2026-01-26 18:00:00+00:00,2026-01-26 19:00:00+00:00,0,1,2025-12-08T00:00:00+00:00,2026-01-26T00:00:00+00:00,2026-01-26T00:00:00+00:00,2026-02-02T00:00:00+00:00,1800.8310691792778,1589.612992841105,211.21807633817275,0,night,0,0.0,0,2,0,0,0,0,0,0,0,0,0,0,0,0,0,0,0,0,0,0,0,0,0,0,0,1098.2935032161668,2682.2788242863057,1042.3809986754163,1447.201125872611,18,-1.8369701987210292e-16,-1.0,0,0,1,6.219289706472222,6.290845957444444,7.112603206694445,4.227878578694444,17.69503970936111,17.678952539277777,17.924488307083333,17.660656862222222,0.0,0.0,0.0,0.0
B3,roll_03,rf,2026-01-26 19:00:00+00:00,2026-01-26 20:00:00+00:00,0,1,2025-12-08T00:00:00+00:00,2026-01-26T00:00:00+00:00,2026-01-26T00:00:00+00:00,2026-02-02T00:00:00+00:00,1879.5046675005,1303.1423497150802,576.3623177854199,0,night,0,0.0,0,2,0,0,0,0,0,0,0,0,0,0,0,0,0,0,0,0,0,0,0,0,0,0,0,1096.4852710823889,1447.201125872611,849.7813898698611,1800.8310691792778,19,0.2588190451025203,-0.9659258262890684,0,0,1,5.074136068694444,5.148736282194444,6.219289706472222,3.6091518839166654,17.853487320499998,17.924687961111108,17.69503970936111,17.591231184888887,0.0,0.0,0.0,0.0
B3,roll_03,rf,2026-01-26 20:00:00+00:00,2026-01-26 21:00:00+00:00,0,1,2025-12-08T00:00:00+00:00,2026-01-26T00:00:00+00:00,2026-01-26T00:00:00+00:00,2026-02-02T00:00:00+00:00,982.8754678472778,1403.991696526935,-421.11622867965707,0,night,0,0.0,0,1,0,0,0,0,0,0,0,0,0,0,0,0,0,0,0,0,0,0,0,0,0,0,0,852.2087300646944,1800.8310691792778,739.4192231492499,1879.5046675005,20,0.5000000000000001,-0.8660254037844386,0,0,1,4.405074585055556,3.9840519537777777,5.074136068694444,3.3640960108888893,18.49665259761112,18.02282410180556,17.853487320499998,17.554591725333335,0.0,0.0,0.0,0.0
B3,roll_03,rf,2026-01-26 21:00:00+00:00,2026-01-26 22:00:00+00:00,0,1,2025-12-08T00:00:00+00:00,2026-01-26T00:00:00+00:00,2026-01-26T00:00:00+00:00,2026-02-02T00:00:00+00:00,411.4689791798889,945.6956176058826,-534.2266384259938,0,night,0,0.0,0,1,0,0,0,0,0,0,0,0,0,0,0,0,0,0,0,0,0,0,0,0,0,0,0,568.0186646560555,1879.5046675005,575.8166761095833,982.8754678472778,21,0.7071067811865474,-0.7071067811865477,0,0,1,4.6045820965277775,3.315242828777778,4.405074585055556,4.178278312777778,18.201204467472223,18.144430832972223,18.49665259761112,17.66102431277778,0.0,0.0,0.0,0.0
B3,roll_03,rf,2026-01-26 22:00:00+00:00,2026-01-26 23:00:00+00:00,0,1,2025-12-08T00:00:00+00:00,2026-01-26T00:00:00+00:00,2026-01-26T00:00:00+00:00,2026-02-02T00:00:00+00:00,370.9779513775556,433.90094678715,-62.92299540959442,0,night,0,0.0,0,1,0,0,0,0,0,0,0,0,0,0,0,0,0,0,0,0,0,0,0,0,0,0,0,461.19813976011113,982.8754678472778,367.5400825782778,411.4689791798889,22,0.8660254037844384,-0.5000000000000004,0,0,1,3.385893129472222,2.735980420083333,4.6045820965277775,4.361512489777778,18.39947556380556,18.098196491611112,18.201204467472223,17.980475572111114,0.0,0.0,0.0,0.0
B3,roll_03,rf,2026-01-26 23:00:00+00:00,2026-01-27 00:00:00+00:00,0,1,2025-12-08T00:00:00+00:00,2026-01-26T00:00:00+00:00,2026-01-26T00:00:00+00:00,2026-02-02T00:00:00+00:00,389.13017225908334,402.96269155985857,-13.832519300775232,0,night,0,0.0,0,1,0,0,0,0,0,0,0,0,0,0,0,0,0,0,0,0,0,0,0,0,0,0,0,356.1728901926111,411.4689791798889,401.8299940770556,370.9779513775556,23,0.965925826289068,-0.2588190451025215,0,0,1,3.129626014638889,2.691163158333333,3.385893129472222,4.466046058277779,18.01849170036111,18.135445305027776,18.39947556380556,18.2452798105,0.0,0.0,0.0,0.0
B3,roll_03,rf,2026-01-27 00:00:00+00:00,2026-01-27 01:00:00+00:00,0,1,2025-12-08T00:00:00+00:00,2026-01-26T00:00:00+00:00,2026-01-26T00:00:00+00:00,2026-02-02T00:00:00+00:00,376.84390502849993,410.029178995959,-33.18527396745907,0,night,0,0.0,0,1,0,0,0,0,0,0,0,0,0,0,0,0,0,0,0,0,0,0,0,0,0,0,1,357.6195414715833,370.9779513775556,369.4281183008611,389.13017225908334,0,1.0,0.0,0,0,1,2.743908631833333,3.258476226361111,3.129626014638889,4.461170374777778,18.11665515311111,18.171040281166665,18.01849170036111,18.523186238833336,0.0,0.0,0.0,0.0
B3,roll_03,rf,2026-01-27 01:00:00+00:00,2026-01-27 02:00:00+00:00,0,1,2025-12-08T00:00:00+00:00,2026-01-26T00:00:00+00:00,2026-01-26T00:00:00+00:00,2026-02-02T00:00:00+00:00,378.1934371171667,389.05192146315323,-10.85848434598654,0,night,0,0.0,0,1,0,1,1,0,3,0,0,0,1,0,1,0,1,0,0,0,1,0,0,0,0,0,1,383.7339380009167,389.13017225908334,418.7639288361667,376.84390502849993,1,0.9659258262890684,0.2588190451025207,0,0,1,2.198439433722222,3.905557372666667,2.743908631833333,4.7878055041388885,18.476353367805554,18.144093502972225,18.11665515311111,18.5138968555,0.0,0.0,0.0,0.0
B3,roll_03,rf,2026-01-27 02:00:00+00:00,2026-01-27 03:00:00+00:00,0,1,2025-12-08T00:00:00+00:00,2026-01-26T00:00:00+00:00,2026-01-26T00:00:00+00:00,2026-02-02T00:00:00+00:00,391.1898017904167,411.7948461775558,-20.605044387139117,0,night,0,0.0,0,1,0,1,1,0,3,0,0,0,1,0,1,0,1,0,0,0,1,0,0,0,0,0,1,363.2547627211111,376.84390502849993,391.5396551361389,378.1934371171667,2,0.8660254037844387,0.4999999999999999,0,0,1,1.795074136083333,4.134615724138889,2.198439433722222,4.783428099083333,18.332823389944448,18.23647207447222,18.476353367805554,21.99558707186111,0.0,0.0,0.0,0.0
B3,roll_03,rf,2026-01-27 03:00:00+00:00,2026-01-27 04:00:00+00:00,0,1,2025-12-08T00:00:00+00:00,2026-01-26T00:00:00+00:00,2026-01-26T00:00:00+00:00,2026-02-02T00:00:00+00:00,949.6719199514168,865.7412075384285,83.93071241298833,0,night,0,0.0,0,1,0,1,1,0,3,0,0,0,1,0,1,0,1,0,0,0,1,0,0,0,0,0,1,365.0164142213889,378.1934371171667,371.4401780996666,391.1898017904167,3,0.7071067811865476,0.7071067811865476,0,0,1,1.2846833624722225,4.029189530722222,1.795074136083333,4.6246117731666665,18.03301575336111,18.45093115375,18.332823389944448,18.55526118411112,0.0,0.0,0.0,0.0
B3,roll_03,rf,2026-01-27 04:00:00+00:00,2026-01-27 05:00:00+00:00,0,1,2025-12-08T00:00:00+00:00,2026-01-26T00:00:00+00:00,2026-01-26T00:00:00+00:00,2026-02-02T00:00:00+00:00,1868.492211110528,1796.7229859197143,71.76922519081359,0,night,0,0.0,0,1,0,0,0,0,0,0,0,0,0,0,0,0,0,0,0,0,0,0,0,0,0,0,1,1039.7831993372222,391.1898017904167,1028.218939733639,949.6719199514168,4,0.5000000000000001,0.8660254037844386,0,0,1,1.1562568538333335,4.2755308662500005,1.2846833624722225,4.447174962083333,18.49733369363889,18.48283673330556,18.03301575336111,18.50634147902778,0.0,0.0,0.0,0.0
B3,roll_03,rf,2026-01-27 05:00:00+00:00,2026-01-27 06:00:00+00:00,0,1,2025-12-08T00:00:00+00:00,2026-01-26T00:00:00+00:00,2026-01-26T00:00:00+00:00,2026-02-02T00:00:00+00:00,1857.5546669058888,2041.9921957534996,-184.4375288476108,0,night,0,0.0,0,1,0,0,0,0,0,0,0,0,0,0,0,0,0,0,0,0,0,0,0,0,0,0,1,1994.0688999676115,949.6719199514168,2114.055589798917,1868.492211110528,5,0.2588190451025207,0.9659258262890684,0,0,1,0.9838426465833332,4.0833006567500005,1.1562568538333335,4.408384114472223,18.67930558830556,18.61474645088889,18.49733369363889,18.76648325919444,0.0,0.0,0.0,0.0
B3,roll_03,rf,2026-01-27 06:00:00+00:00,2026-01-27 07:00:00+00:00,0,1,2025-12-08T00:00:00+00:00,2026-01-26T00:00:00+00:00,2026-01-26T00:00:00+00:00,2026-02-02T00:00:00+00:00,1526.8297823245,1820.303569070331,-293.4737867458309,0,night,0,0.0,0,1,0,0,0,0,0,0,0,0,0,0,0,0,0,0,0,0,0,0,0,0,0,0,1,2029.167694873528,1868.492211110528,2600.770309974528,1857.5546669058888,6,6.123233995736766e-17,1.0,0,0,1,1.1472138321111112,3.4344617149444443,0.9838426465833332,4.431008716472223,18.36578900947222,18.44960326755556,18.67930558830556,18.49337982475,0.0,0.0,0.0,0.0
B3,roll_03,rf,2026-01-27 07:00:00+00:00,2026-01-27 08:00:00+00:00,0,1,2025-12-08T00:00:00+00:00,2026-01-26T00:00:00+00:00,2026-01-26T00:00:00+00:00,2026-02-02T00:00:00+00:00,1412.669924658583,1522.3437993486232,-109.67387469004007,1,low,0,0.0,0,1,0,0,0,0,0,0,0,0,0,0,0,0,0,0,0,0,0,0,0,0,0,0,1,2071.0094555605,1857.5546669058888,2010.6085535996945,1526.8297823245,7,-0.2588190451025206,0.9659258262890684,0,0,1,1.5920451545555556,3.243632700527778,1.1472138321111112,4.217437003583334,18.29162538472222,18.262677875222224,18.36578900947222,18.407470120777777,181.0939341638056,25.396158990166665,0.0,23.868688164416664
B3,roll_03,rf,2026-01-27 08:00:00+00:00,2026-01-27 09:00:00+00:00,0,1,2025-12-08T00:00:00+00:00,2026-01-26T00:00:00+00:00,2026-01-26T00:00:00+00:00,2026-02-02T00:00:00+00:00,1534.4343933593334,1319.7847480193832,214.6496453399502,1,med,0,0.0,0,1,0,0,0,0,0,0,0,0,0,0,0,0,0,0,0,0,0,0,0,0,0,0,1,1907.5549124286945,1526.8297823245,1665.4681254328334,1412.669924658583,8,-0.4999999999999998,0.8660254037844387,0,0,1,3.136497066611111,3.802172906555555,1.5920451545555556,4.718276212527778,18.65486796255556,18.28468123055556,18.29162538472222,18.409084794722222,499.9208653843889,287.3037690233889,181.0939341638056,232.3755870049445
B3,roll_03,rf,2026-01-27 09:00:00+00:00,2026-01-27 10:00:00+00:00,0,1,2025-12-08T00:00:00+00:00,2026-01-26T00:00:00+00:00,2026-01-26T00:00:00+00:00,2026-02-02T00:00:00+00:00,1156.7474213855278,1262.5435593044663,-105.79613791893848,1,med,0,0.0,0,1,0,0,0,0,0,0,0,0,0,0,0,0,0,0,0,0,0,0,0,0,0,0,1,720.9783473233889,1412.669924658583,1007.3270680508888,1534.4343933593334,9,-0.7071067811865475,0.7071067811865476,0,0,1,4.706430078027778,5.253853115111111,3.136497066611111,6.201903485888889,18.752280843,18.12476716330556,18.65486796255556,19.274426173416668,628.2161829386944,621.6916147889167,499.9208653843889,957.7790681506112
B3,roll_03,rf,2026-01-27 10:00:00+00:00,2026-01-27 11:00:00+00:00,0,1,2025-12-08T00:00:00+00:00,2026-01-26T00:00:00+00:00,2026-01-26T00:00:00+00:00,2026-02-02T00:00:00+00:00,339.89285018286114,1092.1360658616838,-752.2432156788227,1,med,0,0.0,0,2,0,0,0,0,0,0,0,0,0,0,0,0,0,0,0,0,0,0,0,0,0,0,1,151.7976551743889,1534.4343933593334,-569.4865977234444,1156.7474213855278,10,-0.8660254037844387,0.4999999999999999,0,0,1,6.267240583472223,6.455607524222223,4.706430078027778,7.908126318222223,19.328630021027777,18.34517670655556,18.752280843,19.29423308175,1074.0207572205,959.4708232418888,628.2161829386944,1452.9506088285557
B3,roll_03,rf,2026-01-27 11:00:00+00:00,2026-01-27 12:00:00+00:00,0,1,2025-12-08T00:00:00+00:00,2026-01-26T00:00:00+00:00,2026-01-26T00:00:00+00:00,2026-02-02T00:00:00+00:00,1030.8584088937498,574.4654868915253,456.3929220022245,1,med,0,0.0,0,2,0,0,0,0,0,0,0,0,0,0,0,0,0,0,0,0,0,0,0,0,0,0,1,787.0186959797501,1156.7474213855278,-741.4332030484165,339.89285018286114,11,-0.9659258262890682,0.258819045102521,0,0,1,7.697859210388889,6.95239593825,6.267240583472223,8.922148164944444,19.243634988,18.396018660722223,19.328630021027777,19.045338705444447,965.1249525716944,590.2926090344722,1074.0207572205,1282.8998087142222
B3,roll_03,rf,2026-01-27 12:00:00+00:00,2026-01-27 13:00:00+00:00,0,1,2025-12-08T00:00:00+00:00,2026-01-26T00:00:00+00:00,2026-01-26T00:00:00+00:00,2026-02-02T00:00:00+00:00,1307.5905215424166,1149.1001091490484,158.49041239336816,1,low,0,0.0,0,2,0,0,0,0,0,0,0,0,0,0,0,0,0,0,0,0,0,0,0,0,0,0,1,-140.12853059388888,339.89285018286114,-1079.799870834083,1030.8584088937498,12,-1.0,1.2246467991473532e-16,0,0,1,8.44994003075,7.796212953166666,7.697859210388889,9.81455455672222,18.26876692975,17.971774747861108,19.243634988,19.22219746525,211.40887729319445,566.0869300739722,965.1249525716944,1568.292356256389
B3,roll_03,rf,2026-01-27 13:00:00+00:00,2026-01-27 14:00:00+00:00,0,1,2025-12-08T00:00:00+00:00,2026-01-26T00:00:00+00:00,2026-01-26T00:00:00+00:00,2026-02-02T00:00:00+00:00,899.1258070269446,1349.165851663684,-450.04004463673937,1,low,0,0.0,0,2,0,0,0,0,0,0,0,0,0,0,0,0,0,0,0,0,0,0,0,0,0,0,1,90.30469802694444,1030.8584088937498,94.50215176250003,1307.5905215424166,13,-0.9659258262890684,-0.2588190451025208,0,0,1,8.259617161472223,7.90864646013889,8.44994003075,11.254398788638888,18.076811365166662,17.30683716836111,18.26876692975,19.500437073166665,95.77065074513888,232.06871784988888,211.40887729319445,1276.3594904251663
B3,roll_03,rf,2026-01-27 14:00:00+00:00,2026-01-27 15:00:00+00:00,0,1,2025-12-08T00:00:00+00:00,2026-01-26T00:00:00+00:00,2026-01-26T00:00:00+00:00,2026-02-02T00:00:00+00:00,1560.9848600250834,1140.0679859981458,420.91687402693765,1,low,0,0.0,0,2,0,0,0,0,0,0,0,0,0,0,0,0,0,0,0,0,0,0,0,0,0,0,1,1579.226911155389,1307.5905215424166,-184.2188756273056,899.1258070269446,14,-0.8660254037844388,-0.4999999999999997,0,0,1,7.754356971027778,7.004071844694444,8.259617161472223,11.926946225083334,17.710901361,18.014104303444444,18.076811365166662,18.60872707988889,20.843421866277776,65.92271638830555,95.77065074513888,748.6199065452223
B3,roll_03,rf,2026-01-27 15:00:00+00:00,2026-01-27 16:00:00+00:00,0,1,2025-12-08T00:00:00+00:00,2026-01-26T00:00:00+00:00,2026-01-26T00:00:00+00:00,2026-02-02T00:00:00+00:00,1794.9346924112222,1403.2703104553248,391.6643819558974,1,night,0,0.0,0,2,0,0,0,0,0,0,0,0,0,0,0,0,0,0,0,0,0,0,0,0,0,0,1,1514.7609178625555,899.1258070269446,297.8340901346389,1560.9848600250834,15,-0.7071067811865479,-0.7071067811865471,0,0,1,7.113380494527778,6.226552915722222,7.754356971027778,10.923911111027778,18.19326131930556,17.985049249555555,17.710901361,18.19638072175,0.0,0.0,20.843421866277776,222.2870635009722
B3,roll_03,rf,2026-01-27 16:00:00+00:00,2026-01-27 17:00:00+00:00,0,1,2025-12-08T00:00:00+00:00,2026-01-26T00:00:00+00:00,2026-01-26T00:00:00+00:00,2026-02-02T00:00:00+00:00,843.3756644045833,1544.9539935745527,-701.5783291699694,0,night,0,0.0,0,2,0,0,0,0,0,0,0,0,0,0,0,0,0,0,0,0,0,0,0,0,0,0,1,1201.4197669487778,1560.9848600250834,931.8924169395276,1794.9346924112222,16,-0.5000000000000004,-0.8660254037844385,0,0,1,6.417744069444445,5.539642565916666,7.113380494527778,8.400742399944445,18.04983601577777,17.38080857111111,18.19326131930556,17.840104336222222,0.0,0.0,0.0,0.0
B3,roll_03,rf,2026-01-27 17:00:00+00:00,2026-01-27 18:00:00+00:00,0,1,2025-12-08T00:00:00+00:00,2026-01-26T00:00:00+00:00,2026-01-26T00:00:00+00:00,2026-02-02T00:00:00+00:00,973.197521312722,1384.0254324287132,-410.82791111599124,0,night,0,0.0,0,2,0,0,0,0,0,0,0,0,0,0,0,0,0,0,0,0,0,0,0,0,0,0,1,753.0024936381111,1794.9346924112222,2682.2788242863057,843.3756644045833,17,-0.2588190451025206,-0.9659258262890684,0,0,1,6.518880213805556,5.106537856944445,6.417744069444445,7.112603206694445,17.523798786,17.944962672305554,18.04983601577777,17.924488307083333,0.0,0.0,0.0,0.0
B3,roll_03,rf,2026-01-27 18:00:00+00:00,2026-01-27 19:00:00+00:00,0,1,2025-12-08T00:00:00+00:00,2026-01-26T00:00:00+00:00,2026-01-26T00:00:00+00:00,2026-02-02T00:00:00+00:00,1523.8945169891667,1425.5944409984813,98.3000759906854,0,night,0,0.0,0,2,0,0,0,0,0,0,0,0,0,0,0,0,0,0,0,0,0,0,0,0,0,0,1,1059.3235259904168,843.3756644045833,1447.201125872611,973.197521312722,18,-1.8369701987210292e-16,-1.0,0,0,1,6.447346530638889,5.047560526333333,6.518880213805556,6.219289706472222,17.747513365055557,17.76713559486111,17.523798786,17.69503970936111,0.0,0.0,0.0,0.0
B3,roll_03,rf,2026-01-27 19:00:00+00:00,2026-01-27 20:00:00+00:00,0,1,2025-12-08T00:00:00+00:00,2026-01-26T00:00:00+00:00,2026-01-26T00:00:00+00:00,2026-02-02T00:00:00+00:00,985.6768274591944,1149.8290862159413,-164.15225875674685,0,night,0,0.0,0,2,0,0,0,0,0,0,0,0,0,0,0,0,0,0,0,0,0,0,0,0,0,0,1,2397.7932220235834,973.197521312722,1800.8310691792778,1523.8945169891667,19,0.2588190451025203,-0.9659258262890684,0,0,1,5.853020431666667,4.7790201357777775,6.447346530638889,5.074136068694444,18.224571140166667,18.29565681925,17.747513365055557,17.853487320499998,0.0,0.0,0.0,0.0
B3,roll_03,rf,2026-01-27 20:00:00+00:00,2026-01-27 21:00:00+00:00,0,1,2025-12-08T00:00:00+00:00,2026-01-26T00:00:00+00:00,2026-01-26T00:00:00+00:00,2026-02-02T00:00:00+00:00,1010.58551608475,1042.518572365221,-31.933056280470964,0,night,0,0.0,0,2,0,0,0,0,0,0,0,0,0,0,0,0,0,0,0,0,0,0,0,0,0,0,1,1239.3215171065278,1523.8945169891667,1879.5046675005,985.6768274591944,20,0.5000000000000001,-0.8660254037844386,0,0,1,5.681178345833334,4.616484813166667,5.853020431666667,4.405074585055556,17.815112795055555,18.163473134916668,18.224571140166667,18.49665259761112,0.0,0.0,0.0,0.0
B3,roll_03,rf,2026-01-27 21:00:00+00:00,2026-01-27 22:00:00+00:00,0,1,2025-12-08T00:00:00+00:00,2026-01-26T00:00:00+00:00,2026-01-26T00:00:00+00:00,2026-02-02T00:00:00+00:00,469.4664131017777,944.5546460169488,-475.08823291517115,0,night,0,0.0,0,2,0,0,0,0,0,0,0,0,0,0,0,0,0,0,0,0,0,0,0,0,0,0,1,1097.120321607,985.6768274591944,982.8754678472778,1010.58551608475,21,0.7071067811865474,-0.7071067811865477,0,0,1,5.6377634685,3.733819858222222,5.681178345833334,4.6045820965277775,18.10064228113889,17.823669394694445,17.815112795055555,18.201204467472223,0.0,0.0,0.0,0.0
B3,roll_03,rf,2026-01-27 22:00:00+00:00,2026-01-27 23:00:00+00:00,0,1,2025-12-08T00:00:00+00:00,2026-01-26T00:00:00+00:00,2026-01-26T00:00:00+00:00,2026-02-02T00:00:00+00:00,1039.222492417361,456.5635559817502,582.6589364356109,0,night,0,0.0,0,2,0,0,0,0,0,0,0,0,0,0,0,0,0,0,0,0,0,0,0,0,0,0,1,532.8753846346667,1010.58551608475,411.4689791798889,469.4664131017777,22,0.8660254037844384,-0.5000000000000004,0,0,1,5.511910193805555,2.806227175638889,5.6377634685,3.385893129472222,18.249919140416665,21.387805783944444,18.10064228113889,18.39947556380556,0.0,0.0,0.0,0.0
B3,roll_03,rf,2026-01-27 23:00:00+00:00,2026-01-28 00:00:00+00:00,0,1,2025-12-08T00:00:00+00:00,2026-01-26T00:00:00+00:00,2026-01-26T00:00:00+00:00,2026-02-02T00:00:00+00:00,431.1445660605278,945.7376753341413,-514.5931092736134,0,night,0,0.0,0,2,0,0,0,0,0,0,0,0,0,0,0,0,0,0,0,0,0,0,0,0,0,0,1,374.928417115,469.4664131017777,370.9779513775556,1039.222492417361,23,0.965925826289068,-0.2588190451025215,0,0,1,5.521770110833334,2.466718193027777,5.511910193805555,3.129626014638889,18.24883212461111,17.90830201163889,18.249919140416665,18.01849170036111,0.0,0.0,0.0,0.0
B3,roll_03,rf,2026-01-28 00:00:00+00:00,2026-01-28 01:00:00+00:00,0,1,2025-12-08T00:00:00+00:00,2026-01-26T00:00:00+00:00,2026-01-26T00:00:00+00:00,2026-02-02T00:00:00+00:00,417.8579242465556,493.6537275268515,-75.7958032802959,0,night,0,0.0,0,2,0,0,0,0,0,0,0,0,0,0,0,0,0,0,0,0,0,0,0,0,0,0,2,373.7627816694167,1039.222492417361,389.13017225908334,431.1445660605278,0,1.0,0.0,0,0,1,5.279464696388889,1.8242255221388888,5.521770110833334,2.743908631833333,18.59336328630556,18.307477434611112,18.24883212461111,18.11665515311111,0.0,0.0,0.0,0.0
B3,roll_03,rf,2026-01-28 01:00:00+00:00,2026-01-28 02:00:00+00:00,0,1,2025-12-08T00:00:00+00:00,2026-01-26T00:00:00+00:00,2026-01-26T00:00:00+00:00,2026-02-02T00:00:00+00:00,419.1348331130556,406.80143644037787,12.333396672677736,0,night,0,0.0,0,2,0,0,0,0,0,0,0,0,0,0,0,0,0,0,0,0,0,0,0,0,0,0,2,382.08433273438885,431.1445660605278,376.84390502849993,417.8579242465556,1,0.9659258262890684,0.2588190451025207,0,0,1,5.423899556444446,1.5080317470555558,5.279464696388889,2.198439433722222,18.35289168230556,18.29967807894444,18.59336328630556,18.476353367805554,0.0,0.0,0.0,0.0
B3,roll_03,rf,2026-01-28 02:00:00+00:00,2026-01-28 03:00:00+00:00,0,1,2025-12-08T00:00:00+00:00,2026-01-26T00:00:00+00:00,2026-01-26T00:00:00+00:00,2026-02-02T00:00:00+00:00,421.2961618739444,409.86624592480354,11.429915949140877,0,night,0,0.0,0,2,0,1,1,0,1,0,0,1,0,0,1,0,1,0,0,0,1,0,0,0,0,0,2,365.3667726035,417.8579242465556,378.1934371171667,419.1348331130556,2,0.8660254037844387,0.4999999999999999,0,0,1,5.404860556,1.2603411373055555,5.423899556444446,1.795074136083333,18.335222873722223,18.21223012147222,18.35289168230556,18.332823389944448,0.0,0.0,0.0,0.0
B3,roll_03,rf,2026-01-28 03:00:00+00:00,2026-01-28 04:00:00+00:00,0,1,2025-12-08T00:00:00+00:00,2026-01-26T00:00:00+00:00,2026-01-26T00:00:00+00:00,2026-02-02T00:00:00+00:00,1092.225752789,897.0568221981042,195.16893059089568,0,night,0,0.0,0,2,0,0,0,0,0,0,0,0,0,0,0,0,0,0,0,0,0,0,0,0,0,0,2,371.9783939987778,419.1348331130556,391.1898017904167,421.2961618739444,3,0.7071067811865476,0.7071067811865476,0,0,1,5.2807922785,0.6434714743888889,5.404860556,1.2846833624722225,18.31751713141667,18.30506088336111,18.335222873722223,18.03301575336111,0.0,0.0,0.0,0.0
B3,roll_03,rf,2026-01-28 04:00:00+00:00,2026-01-28 05:00:00+00:00,0,1,2025-12-08T00:00:00+00:00,2026-01-26T00:00:00+00:00,2026-01-26T00:00:00+00:00,2026-02-02T00:00:00+00:00,2035.0871509705555,2002.2125176550658,32.874633315489746,0,night,0,0.0,0,2,0,0,0,0,0,0,0,0,0,0,0,0,0,0,0,0,0,0,0,0,0,0,2,1049.641280434889,421.2961618739444,949.6719199514168,1092.225752789,4,0.5000000000000001,0.8660254037844386,0,0,1,5.284482934222222,0.5259598769722222,5.2807922785,1.1562568538333335,18.57139395311111,18.346101567916666,18.31751713141667,18.49733369363889,0.0,0.0,0.0,0.0
B3,roll_03,rf,2026-01-28 05:00:00+00:00,2026-01-28 06:00:00+00:00,0,1,2025-12-08T00:00:00+00:00,2026-01-26T00:00:00+00:00,2026-01-26T00:00:00+00:00,2026-02-02T00:00:00+00:00,2063.430210569112,2077.0049679877116,-13.574757418599347,0,night,0,0.0,0,2,0,0,0,0,0,0,0,0,0,0,0,0,0,0,0,0,0,0,0,0,0,0,2,2165.628261214222,1092.225752789,1868.492211110528,2035.0871509705555,5,0.2588190451025207,0.9659258262890684,0,0,1,5.513712828027778,0.3656367874444444,5.284482934222222,0.9838426465833332,18.634632919027776,18.44876204208333,18.57139395311111,18.67930558830556,0.0,0.0,0.0,0.0
B3,roll_03,rf,2026-01-28 06:00:00+00:00,2026-01-28 07:00:00+00:00,0,1,2025-12-08T00:00:00+00:00,2026-01-26T00:00:00+00:00,2026-01-26T00:00:00+00:00,2026-02-02T00:00:00+00:00,1837.9513309886668,1776.2082855881342,61.74304540053254,0,night,0,0.0,0,2,0,0,0,0,0,0,0,0,0,0,0,0,0,0,0,0,0,0,0,0,0,0,2,2007.6322741502224,2035.0871509705555,1857.5546669058888,2063.430210569112,6,6.123233995736766e-17,1.0,0,0,1,5.542613285861112,0.0914363476111111,5.513712828027778,1.1472138321111112,18.442081739,18.20441595636111,18.634632919027776,18.36578900947222,0.0,0.0,0.0,0.0
B3,roll_03,rf,2026-01-28 07:00:00+00:00,2026-01-28 08:00:00+00:00,0,1,2025-12-08T00:00:00+00:00,2026-01-26T00:00:00+00:00,2026-01-26T00:00:00+00:00,2026-02-02T00:00:00+00:00,1887.533959910028,1687.8232887593122,199.71067115071583,1,night,0,0.0,0,2,0,0,0,0,0,0,0,0,0,0,0,0,0,0,0,0,0,0,0,0,0,0,2,1787.7926135424725,2063.430210569112,1526.8297823245,1837.9513309886668,7,-0.2588190451025206,0.9659258262890684,0,0,1,5.184793339416666,0.4624889772777778,5.542613285861112,1.5920451545555556,18.612981790916667,18.099627230388887,18.442081739,18.29162538472222,0.0,88.74529710644445,0.0,181.0939341638056
B3,roll_03,rf,2026-01-28 08:00:00+00:00,2026-01-28 09:00:00+00:00,0,1,2025-12-08T00:00:00+00:00,2026-01-26T00:00:00+00:00,2026-01-26T00:00:00+00:00,2026-02-02T00:00:00+00:00,1927.4843435574169,1720.0213562885415,207.4629872688754,1,night,0,0.0,0,2,0,0,0,0,0,0,0,0,0,0,0,0,0,0,0,0,0,0,0,0,0,0,2,1396.283928898889,1837.9513309886668,1412.669924658583,1887.533959910028,8,-0.4999999999999998,0.8660254037844387,0,0,1,5.1913422946944445,2.0457270672222223,5.184793339416666,3.136497066611111,18.377665885472226,18.33234830197222,18.612981790916667,18.65486796255556,0.0,506.86706511469447,0.0,499.9208653843889
B3,roll_03,rf,2026-01-28 09:00:00+00:00,2026-01-28 10:00:00+00:00,0,1,2025-12-08T00:00:00+00:00,2026-01-26T00:00:00+00:00,2026-01-26T00:00:00+00:00,2026-02-02T00:00:00+00:00,1864.801970357278,1681.785607476624,183.01636288065401,1,low,0,0.0,0,2,0,0,0,0,0,0,0,0,0,0,0,0,0,0,0,0,0,0,0,0,0,0,2,1012.9496219223612,1887.533959910028,1534.4343933593334,1927.4843435574169,9,-0.7071067811865475,0.7071067811865476,0,0,1,5.373750419944444,3.9313944355833335,5.1913422946944445,4.706430078027778,18.25319205494445,18.699979865277776,18.377665885472226,18.752280843,10.544310736611113,949.0842489008888,0.0,628.2161829386944
B3,roll_03,rf,2026-01-28 10:00:00+00:00,2026-01-28 11:00:00+00:00,0,1,2025-12-08T00:00:00+00:00,2026-01-26T00:00:00+00:00,2026-01-26T00:00:00+00:00,2026-02-02T00:00:00+00:00,3141.5486331360003,1634.5489256003964,1506.9997075356039,1,low,0,0.0,0,2,0,0,0,0,0,0,0,0,0,0,0,0,0,0,0,0,0,0,0,0,0,0,2,755.3586427439723,1927.4843435574169,1156.7474213855278,1864.801970357278,10,-0.8660254037844387,0.4999999999999999,0,0,1,5.65833449311111,5.315615807527778,5.373750419944444,6.267240583472223,18.034370881194445,19.066515733777777,18.25319205494445,19.328630021027777,25.393810472444443,1313.273773081028,10.544310736611113,1074.0207572205
B3,roll_03,rf,2026-01-28 11:00:00+00:00,2026-01-28 12:00:00+00:00,0,1,2025-12-08T00:00:00+00:00,2026-01-26T00:00:00+00:00,2026-01-26T00:00:00+00:00,2026-02-02T00:00:00+00:00,3688.242951303472,2057.059640451878,1631.1833108515943,1,low,0,0.0,0,2,0,0,0,0,0,0,0,0,0,0,0,0,0,0,0,0,0,0,0,0,0,0,2,53.140800646916695,1864.801970357278,339.89285018286114,3141.5486331360003,11,-0.9659258262890682,0.258819045102521,0,0,1,5.88800453525,6.909244716555556,5.65833449311111,7.697859210388889,18.29865785161111,19.08309364155556,18.034370881194445,19.243634988,223.8937608820556,1427.9776504355557,25.393810472444443,965.1249525716944
B3,roll_03,rf,2026-01-28 12:00:00+00:00,2026-01-28 13:00:00+00:00,0,1,2025-12-08T00:00:00+00:00,2026-01-26T00:00:00+00:00,2026-01-26T00:00:00+00:00,2026-02-02T00:00:00+00:00,2978.0382318605,2567.127644738326,410.9105871221741,1,low,0,0.0,0,2,0,0,0,0,0,0,0,0,0,0,0,0,0,0,0,0,0,0,0,0,0,0,2,-768.0917536371389,3141.5486331360003,1030.8584088937498,3688.242951303472,12,-1.0,1.2246467991473532e-16,0,0,1,6.230890702111111,8.880089984972221,5.88800453525,8.44994003075,18.18650774847222,18.484981089805554,18.29865785161111,18.26876692975,217.1136607175556,1346.315216830611,223.8937608820556,211.40887729319445
B3,roll_03,rf,2026-01-28 13:00:00+00:00,2026-01-28 14:00:00+00:00,0,1,2025-12-08T00:00:00+00:00,2026-01-26T00:00:00+00:00,2026-01-26T00:00:00+00:00,2026-02-02T00:00:00+00:00,3380.6789978081943,2425.4317968137248,955.2472009944695,1,low,0,0.0,0,2,0,0,0,0,0,0,0,0,0,0,0,0,0,0,0,0,0,0,0,0,0,0,2,452.3195190723055,3688.242951303472,1307.5905215424166,2978.0382318605,13,-0.9659258262890684,-0.2588190451025208,0,0,1,6.399069186666668,10.48915223186111,6.230890702111111,8.259617161472223,17.592900088416666,18.524133185916664,18.18650774847222,18.076811365166662,113.17434017758336,1073.8044294135832,217.1136607175556,95.77065074513888
B3,roll_03,rf,2026-01-28 14:00:00+00:00,2026-01-28 15:00:00+00:00,0,1,2025-12-08T00:00:00+00:00,2026-01-26T00:00:00+00:00,2026-01-26T00:00:00+00:00,2026-02-02T00:00:00+00:00,3872.714778626834,2511.308068333138,1361.4067102936956,1,low,0,0.0,0,2,0,0,0,0,0,0,0,0,0,0,0,0,0,0,0,0,0,0,0,0,0,0,2,66.48684730938892,2978.0382318605,899.1258070269446,3380.6789978081943,14,-0.8660254037844388,-0.4999999999999997,0,0,1,6.31566832675,10.873624103916669,6.399069186666668,7.754356971027778,17.809436758833332,17.64684908008333,17.592900088416666,17.710901361,57.91523832122223,664.2745502861944,113.17434017758336,20.843421866277776
B3,roll_03,rf,2026-01-28 15:00:00+00:00,2026-01-28 16:00:00+00:00,0,1,2025-12-08T00:00:00+00:00,2026-01-26T00:00:00+00:00,2026-01-26T00:00:00+00:00,2026-02-02T00:00:00+00:00,3566.8731119283607,2561.3078034031832,1005.5653085251774,1,night,0,0.0,0,2,0,0,0,0,0,0,0,0,0,0,0,0,0,0,0,0,0,0,0,0,0,0,2,359.87914049975,3380.6789978081943,1560.9848600250834,3872.714778626834,15,-0.7071067811865479,-0.7071067811865471,0,0,1,6.244660061111111,9.67541222338889,6.31566832675,7.113380494527778,17.889092211916665,17.73781377975,17.809436758833332,18.19326131930556,0.0,144.55603472877775,57.91523832122223,0.0
B3,roll_03,rf,2026-01-28 16:00:00+00:00,2026-01-28 17:00:00+00:00,0,1,2025-12-08T00:00:00+00:00,2026-01-26T00:00:00+00:00,2026-01-26T00:00:00+00:00,2026-02-02T00:00:00+00:00,4099.8204709775,2608.140646434791,1491.679824542709,0,night,0,0.0,0,2,0,0,0,0,0,0,0,0,0,0,0,0,0,0,0,0,0,0,0,0,0,0,2,3501.792804637556,3872.714778626834,1794.9346924112222,3566.8731119283607,16,-0.5000000000000004,-0.8660254037844385,0,0,1,5.823090861361112,6.537365921777777,6.244660061111111,6.417744069444445,17.597432975833332,17.606137597472223,17.889092211916665,18.04983601577777,0.0,0.0,0.0,0.0
B3,roll_03,rf,2026-01-28 17:00:00+00:00,2026-01-28 18:00:00+00:00,0,1,2025-12-08T00:00:00+00:00,2026-01-26T00:00:00+00:00,2026-01-26T00:00:00+00:00,2026-02-02T00:00:00+00:00,3533.490893778889,2620.7064685382015,912.7844252406876,0,night,0,0.0,0,2,0,0,0,0,0,0,0,0,0,0,0,0,0,0,0,0,0,0,0,0,0,0,2,3139.28925536575,3566.8731119283607,843.3756644045833,4099.8204709775,17,-0.2588190451025206,-0.9659258262890684,0,0,1,5.327666574166667,4.898183921,5.823090861361112,6.518880213805556,16.81522350208333,17.69062399725,17.597432975833332,17.523798786,0.0,0.0,0.0,0.0
B3,roll_03,rf,2026-01-28 18:00:00+00:00,2026-01-28 19:00:00+00:00,0,1,2025-12-08T00:00:00+00:00,2026-01-26T00:00:00+00:00,2026-01-26T00:00:00+00:00,2026-02-02T00:00:00+00:00,4150.093525715889,2643.356978203741,1506.7365475121478,0,night,0,0.0,0,2,0,0,0,0,0,0,0,0,0,0,0,0,0,0,0,0,0,0,0,0,0,0,2,3084.578836987528,4099.8204709775,973.197521312722,3533.490893778889,18,-1.8369701987210292e-16,-1.0,0,0,1,5.189922447472222,4.040946171194444,5.327666574166667,6.447346530638889,17.198094430777775,17.300488013416665,16.81522350208333,17.747513365055557,0.0,0.0,0.0,0.0
B3,roll_03,rf,2026-01-28 19:00:00+00:00,2026-01-28 20:00:00+00:00,0,1,2025-12-08T00:00:00+00:00,2026-01-26T00:00:00+00:00,2026-01-26T00:00:00+00:00,2026-02-02T00:00:00+00:00,3498.4065437332224,2649.188909094181,849.2176346390415,0,night,0,0.0,0,2,0,0,0,0,0,0,0,0,0,0,0,0,0,0,0,0,0,0,0,0,0,0,2,3033.668790060889,3533.490893778889,1523.8945169891667,4150.093525715889,19,0.2588190451025203,-0.9659258262890684,0,0,1,5.153431917222222,3.191824916555556,5.189922447472222,5.853020431666667,17.99117864236111,17.536376965666665,17.198094430777775,18.224571140166667,0.0,0.0,0.0,0.0
B3,roll_03,rf,2026-01-28 20:00:00+00:00,2026-01-28 21:00:00+00:00,0,1,2025-12-08T00:00:00+00:00,2026-01-26T00:00:00+00:00,2026-01-26T00:00:00+00:00,2026-02-02T00:00:00+00:00,3031.050403281528,2632.45901164765,398.5913916338777,0,night,0,0.0,0,2,0,0,0,0,0,0,0,0,0,0,0,0,0,0,0,0,0,0,0,0,0,0,2,2886.9925662115,4150.093525715889,985.6768274591944,3498.4065437332224,20,0.5000000000000001,-0.8660254037844386,0,0,1,5.344064076416667,2.487087112333333,5.153431917222222,5.681178345833334,17.54592248638889,17.762063201333333,17.99117864236111,17.815112795055555,0.0,0.0,0.0,0.0
B3,roll_03,rf,2026-01-28 21:00:00+00:00,2026-01-28 22:00:00+00:00,0,1,2025-12-08T00:00:00+00:00,2026-01-26T00:00:00+00:00,2026-01-26T00:00:00+00:00,2026-02-02T00:00:00+00:00,880.7419122894444,2581.355535970265,-1700.6136236808206,0,night,0,0.0,0,2,0,0,0,0,0,0,0,0,0,0,0,0,0,0,0,0,0,0,0,0,0,0,2,2551.3509306884166,3498.4065437332224,1010.58551608475,3031.050403281528,21,0.7071067811865474,-0.7071067811865477,0,0,1,5.513382952611111,1.9324537458333333,5.344064076416667,5.6377634685,19.893719509444445,17.464727486527778,17.54592248638889,18.10064228113889,0.0,0.0,0.0,0.0
B3,roll_03,rf,2026-01-28 22:00:00+00:00,2026-01-28 23:00:00+00:00,0,1,2025-12-08T00:00:00+00:00,2026-01-26T00:00:00+00:00,2026-01-26T00:00:00+00:00,2026-02-02T00:00:00+00:00,822.8956369502222,1144.9879113777054,-322.0922744274832,0,night,0,0.0,0,2,0,0,0,0,0,0,0,0,0,0,0,0,0,0,0,0,0,0,0,0,0,0,2,2388.614872440278,3031.050403281528,469.4664131017777,880.7419122894444,22,0.8660254037844384,-0.5000000000000004,0,0,1,5.632813449722222,1.30014670125,5.513382952611111,5.511910193805555,19.97541349633333,17.690357956194443,19.893719509444445,18.249919140416665,0.0,0.0,0.0,0.0
B3,roll_03,rf,2026-01-28 23:00:00+00:00,2026-01-29 00:00:00+00:00,0,1,2025-12-08T00:00:00+00:00,2026-01-26T00:00:00+00:00,2026-01-26T00:00:00+00:00,2026-02-02T00:00:00+00:00,934.8170360965556,762.4802430327744,172.33679306378122,0,night,0,0.0,0,2,0,0,0,0,0,0,0,0,0,0,0,0,0,0,0,0,0,0,0,0,0,0,2,1967.8965871302496,880.7419122894444,1039.222492417361,822.8956369502222,23,0.965925826289068,-0.2588190451025215,0,0,1,5.591124761194444,0.8794424397222222,5.632813449722222,5.521770110833334,18.18788550086111,17.751566612944444,19.97541349633333,18.24883212461111,0.0,0.0,0.0,0.0
B3,roll_03,rf,2026-01-29 00:00:00+00:00,2026-01-29 01:00:00+00:00,0,1,2025-12-08T00:00:00+00:00,2026-01-26T00:00:00+00:00,2026-01-26T00:00:00+00:00,2026-02-02T00:00:00+00:00,569.0574982047777,1077.1686721394078,-508.1111739346301,0,night,0,0.0,0,2,0,0,0,0,0,0,0,0,0,0,0,0,0,0,0,0,0,0,0,0,0,0,3,387.7841801272222,822.8956369502222,431.1445660605278,934.8170360965556,0,1.0,0.0,0,0,1,5.649876135861111,0.7327373778333334,5.591124761194444,5.279464696388889,18.53709236861112,18.514657144027776,18.18788550086111,18.59336328630556,0.0,0.0,0.0,0.0
B3,roll_03,rf,2026-01-29 01:00:00+00:00,2026-01-29 02:00:00+00:00,0,1,2025-12-08T00:00:00+00:00,2026-01-26T00:00:00+00:00,2026-01-26T00:00:00+00:00,2026-02-02T00:00:00+00:00,388.6233783748333,477.7760811554047,-89.15270278057142,0,night,0,0.0,0,2,0,0,0,0,0,0,0,0,0,0,0,0,0,0,0,0,0,0,0,0,0,0,3,375.648988568,934.8170360965556,417.8579242465556,569.0574982047777,1,0.9659258262890684,0.2588190451025207,0,0,1,5.783219677611111,0.5019400923611111,5.649876135861111,5.423899556444446,18.662892832388888,18.432809342444443,18.53709236861112,18.35289168230556,0.0,0.0,0.0,0.0
B3,roll_03,rf,2026-01-29 02:00:00+00:00,2026-01-29 03:00:00+00:00,0,1,2025-12-08T00:00:00+00:00,2026-01-26T00:00:00+00:00,2026-01-26T00:00:00+00:00,2026-02-02T00:00:00+00:00,380.9392708019166,396.6764351970808,-15.7371643951642,0,night,0,0.0,0,2,0,0,0,0,0,0,0,0,0,0,0,0,0,0,0,0,0,0,0,0,0,0,3,370.6715177761111,569.0574982047777,419.1348331130556,388.6233783748333,2,0.8660254037844387,0.4999999999999999,0,0,1,5.739918612555556,0.3487736218611111,5.783219677611111,5.404860556,18.59705101538889,18.54445086038889,18.662892832388888,18.335222873722223,0.0,0.0,0.0,0.0
B3,roll_03,rf,2026-01-29 03:00:00+00:00,2026-01-29 04:00:00+00:00,0,1,2025-12-08T00:00:00+00:00,2026-01-26T00:00:00+00:00,2026-01-26T00:00:00+00:00,2026-02-02T00:00:00+00:00,1044.109589464861,890.8154903867178,153.2940990781433,0,night,0,0.0,0,2,0,0,0,0,0,0,0,0,0,0,0,0,0,0,0,0,0,0,0,0,0,0,3,372.0987236639445,388.6233783748333,421.2961618739444,380.9392708019166,3,0.7071067811865476,0.7071067811865476,0,0,1,5.751614257,0.2133146070555555,5.739918612555556,5.2807922785,18.577546874611112,18.459798990916667,18.59705101538889,18.31751713141667,0.0,0.0,0.0,0.0
B3,roll_03,rf,2026-01-29 04:00:00+00:00,2026-01-29 05:00:00+00:00,0,1,2025-12-08T00:00:00+00:00,2026-01-26T00:00:00+00:00,2026-01-26T00:00:00+00:00,2026-02-02T00:00:00+00:00,2097.0978272491666,2003.9693702778088,93.12845697135776,0,night,0,0.0,0,2,0,0,0,0,0,0,0,0,0,0,0,0,0,0,0,0,0,0,0,0,0,0,3,1036.0452877571945,380.9392708019166,1092.225752789,1044.109589464861,4,0.5000000000000001,0.8660254037844386,0,0,1,5.690614872888889,-0.1355967138611111,5.751614257,5.284482934222222,18.699853914444443,18.305206327277777,18.577546874611112,18.57139395311111,0.0,0.0,0.0,0.0
B3,roll_03,rf,2026-01-29 05:00:00+00:00,2026-01-29 06:00:00+00:00,0,1,2025-12-08T00:00:00+00:00,2026-01-26T00:00:00+00:00,2026-01-26T00:00:00+00:00,2026-02-02T00:00:00+00:00,2101.717697546028,2095.296502872473,6.4211946735549645,0,night,0,0.0,0,2,0,0,0,0,0,0,0,0,0,0,0,0,0,0,0,0,0,0,0,0,0,0,3,1958.2742827319444,1044.109589464861,2035.0871509705555,2097.0978272491666,5,0.2588190451025207,0.9659258262890684,0,0,1,5.321339182305556,-0.2067956863333333,5.690614872888889,5.513712828027778,18.788275002444447,18.570810667694445,18.699853914444443,18.634632919027776,0.0,0.0,0.0,0.0
B3,roll_03,rf,2026-01-29 06:00:00+00:00,2026-01-29 07:00:00+00:00,0,1,2025-12-08T00:00:00+00:00,2026-01-26T00:00:00+00:00,2026-01-26T00:00:00+00:00,2026-02-02T00:00:00+00:00,1866.4684684137776,1800.6354617333664,65.83300668041124,0,night,0,0.0,0,2,0,0,0,0,0,0,0,0,0,0,0,0,0,0,0,0,0,0,0,0,0,0,3,1980.8106362188057,2097.0978272491666,2063.430210569112,2101.717697546028,6,6.123233995736766e-17,1.0,0,0,1,5.4229227490000005,-0.3390546419444444,5.321339182305556,5.542613285861112,18.46805462488889,18.560011663194445,18.788275002444447,18.442081739,0.0,0.0,0.0,0.0
B3,roll_03,rf,2026-01-29 07:00:00+00:00,2026-01-29 08:00:00+00:00,0,1,2025-12-08T00:00:00+00:00,2026-01-26T00:00:00+00:00,2026-01-26T00:00:00+00:00,2026-02-02T00:00:00+00:00,1765.7431687797225,1712.0516424176722,53.691526362050354,1,night,0,0.0,0,2,0,0,0,0,0,0,0,0,0,0,0,0,0,0,0,0,0,0,0,0,0,0,3,1778.5049296098057,2101.717697546028,1837.9513309886668,1866.4684684137776,7,-0.2588190451025206,0.9659258262890684,0,0,1,5.644273330472223,0.0412508166666666,5.4229227490000005,5.184793339416666,18.33773261380556,18.17753363780556,18.46805462488889,18.612981790916667,0.0,50.5301981471389,0.0,0.0
B3,roll_03,rf,2026-01-29 08:00:00+00:00,2026-01-29 09:00:00+00:00,0,1,2025-12-08T00:00:00+00:00,2026-01-26T00:00:00+00:00,2026-01-26T00:00:00+00:00,2026-02-02T00:00:00+00:00,1253.1664777410554,1595.3647498040677,-342.1982720630124,1,low,0,0.0,0,2,0,0,0,0,0,0,0,0,0,0,0,0,0,0,0,0,0,0,0,0,0,0,3,1415.566902312361,1866.4684684137776,1887.533959910028,1765.7431687797225,8,-0.4999999999999998,0.8660254037844387,0,0,1,6.577056710277778,1.056784193527778,5.644273330472223,5.1913422946944445,18.68058624561111,18.45113440808333,18.33773261380556,18.377665885472226,107.09455782583336,442.9227532967777,0.0,0.0
B3,roll_03,rf,2026-01-29 09:00:00+00:00,2026-01-29 10:00:00+00:00,0,1,2025-12-08T00:00:00+00:00,2026-01-26T00:00:00+00:00,2026-01-26T00:00:00+00:00,2026-02-02T00:00:00+00:00,948.2308555061112,1406.046889243944,-457.81603373783275,1,low,0,0.0,0,2,0,0,0,0,0,0,0,0,0,0,0,0,0,0,0,0,0,0,0,0,0,0,3,1170.112685329639,1765.7431687797225,1927.4843435574169,1253.1664777410554,9,-0.7071067811865475,0.7071067811865476,0,0,1,7.120698170944444,2.4946484179722224,6.577056710277778,5.373750419944444,18.200570424222224,18.912593772,18.68058624561111,18.25319205494445,173.80403361816664,833.8091316924166,107.09455782583336,10.544310736611113
B3,roll_03,rf,2026-01-29 10:00:00+00:00,2026-01-29 11:00:00+00:00,0,1,2025-12-08T00:00:00+00:00,2026-01-26T00:00:00+00:00,2026-01-26T00:00:00+00:00,2026-02-02T00:00:00+00:00,1415.7808458588888,1186.7945168131594,228.98632904572946,1,low,0,0.0,0,2,0,0,0,0,0,0,0,0,0,0,0,0,0,0,0,0,0,0,0,0,0,0,3,912.1677645943888,1253.1664777410554,1864.801970357278,948.2308555061112,10,-0.8660254037844387,0.4999999999999999,0,0,1,7.047235797361111,3.215811578611111,7.120698170944444,5.65833449311111,18.18368814136112,19.38619283925,18.200570424222224,18.034370881194445,95.93545610280556,1190.1841393934444,173.80403361816664,25.393810472444443
B3,roll_03,rf,2026-01-29 11:00:00+00:00,2026-01-29 12:00:00+00:00,0,1,2025-12-08T00:00:00+00:00,2026-01-26T00:00:00+00:00,2026-01-26T00:00:00+00:00,2026-02-02T00:00:00+00:00,347.5551561380278,1190.0973400876244,-842.5421839495966,1,low,0,0.0,0,2,0,0,0,0,0,0,0,0,0,0,0,0,0,0,0,0,0,0,0,0,0,0,3,979.6024800058332,948.2308555061112,3141.5486331360003,1415.7808458588888,11,-0.9659258262890682,0.258819045102521,0,0,1,7.484160413777777,4.084419063944444,7.047235797361111,5.88800453525,18.45564459983333,19.31657935863889,18.18368814136112,18.29865785161111,198.05782505847225,1082.5123078365275,95.93545610280556,223.8937608820556
B3,roll_03,rf,2026-01-29 12:00:00+00:00,2026-01-29 13:00:00+00:00,0,1,2025-12-08T00:00:00+00:00,2026-01-26T00:00:00+00:00,2026-01-26T00:00:00+00:00,2026-02-02T00:00:00+00:00,-402.3519291878333,966.0971187260282,-1368.4490479138615,1,med,0,0.0,0,2,0,0,0,0,0,0,0,0,0,0,0,0,0,0,0,0,0,0,0,0,0,0,3,926.4931066359444,1415.7808458588888,3688.242951303472,347.5551561380278,12,-1.0,1.2246467991473532e-16,0,0,1,8.72531020561111,5.38599788475,7.484160413777777,6.230890702111111,18.326656080611112,19.65373982686111,18.45564459983333,18.18650774847222,591.8653806022222,1175.6683752016668,198.05782505847225,217.1136607175556
B3,roll_03,rf,2026-01-29 13:00:00+00:00,2026-01-29 14:00:00+00:00,0,1,2025-12-08T00:00:00+00:00,2026-01-26T00:00:00+00:00,2026-01-26T00:00:00+00:00,2026-02-02T00:00:00+00:00,1092.5960639581945,335.97262873841345,756.623435219781,1,high,0,0.0,0,2,1,0,0,0,0,0,0,0,0,0,0,0,0,0,0,0,0,0,0,0,0,0,3,-104.81881332361114,347.5551561380278,2978.0382318605,-402.3519291878333,13,-0.9659258262890684,-0.2588190451025208,0,0,1,9.603330588527776,6.27195117888889,8.72531020561111,6.399069186666668,18.84680833225,18.68513766694445,18.326656080611112,17.592900088416666,1247.4635750589998,952.1943599062224,591.8653806022222,113.17434017758336
B3,roll_03,rf,2026-01-29 14:00:00+00:00,2026-01-29 15:00:00+00:00,0,1,2025-12-08T00:00:00+00:00,2026-01-26T00:00:00+00:00,2026-01-26T00:00:00+00:00,2026-02-02T00:00:00+00:00,462.4739155892223,1266.3149079104078,-803.8409923211855,1,med,0,0.0,0,3,0,0,0,0,0,0,0,0,0,0,0,0,0,0,0,0,0,0,0,0,0,0,3,1036.759236264139,-402.3519291878333,3380.6789978081943,1092.5960639581945,14,-0.8660254037844388,-0.4999999999999997,0,0,1,10.175281555083336,7.388014486055556,9.603330588527776,6.31566832675,18.72012759377778,18.11838555286111,18.84680833225,17.809436758833332,733.8672658107222,761.2699456159722,1247.4635750589998,57.91523832122223
B3,roll_03,rf,2026-01-29 15:00:00+00:00,2026-01-29 16:00:00+00:00,0,1,2025-12-08T00:00:00+00:00,2026-01-26T00:00:00+00:00,2026-01-26T00:00:00+00:00,2026-02-02T00:00:00+00:00,1737.4693776433332,1113.1300923110516,624.3392853322816,1,low,0,0.0,0,3,0,0,0,0,0,0,0,0,0,0,0,0,0,0,0,0,0,0,0,0,0,0,3,1095.6600237501943,1092.5960639581945,3872.714778626834,462.4739155892223,15,-0.7071067811865479,-0.7071067811865471,0,0,1,10.80456051886111,6.172030068638889,10.175281555083336,6.244660061111111,17.667633677111112,17.8214131055,18.72012759377778,17.889092211916665,202.1270942708333,67.57647916191668,733.8672658107222,0.0
B3,roll_03,rf,2026-01-29 16:00:00+00:00,2026-01-29 17:00:00+00:00,0,1,2025-12-08T00:00:00+00:00,2026-01-26T00:00:00+00:00,2026-01-26T00:00:00+00:00,2026-02-02T00:00:00+00:00,2296.247373537611,1475.8214868615803,820.4258866760308,0,night,0,0.0,0,2,0,0,0,0,0,0,0,0,0,0,0,0,0,0,0,0,0,0,0,0,0,0,3,2940.7578966023334,462.4739155892223,3566.8731119283607,1737.4693776433332,16,-0.5000000000000004,-0.8660254037844385,0,0,1,8.926961661277778,3.513001024222222,10.80456051886111,5.823090861361112,17.675791429472223,17.972978045416667,17.667633677111112,17.597432975833332,0.0,0.0,202.1270942708333,0.0
B3,roll_03,rf,2026-01-29 17:00:00+00:00,2026-01-29 18:00:00+00:00,0,1,2025-12-08T00:00:00+00:00,2026-01-26T00:00:00+00:00,2026-01-26T00:00:00+00:00,2026-02-02T00:00:00+00:00,773.5572774640833,1692.5524326635925,-918.9951551995092,0,night,0,0.0,0,2,0,0,0,0,0,0,0,0,0,0,0,0,0,0,0,0,0,0,0,0,0,0,3,1509.757366554472,1737.4693776433332,4099.8204709775,2296.247373537611,17,-0.2588190451025206,-0.9659258262890684,0,0,1,7.060031861138889,2.803270102555556,8.926961661277778,5.327666574166667,18.15538444622222,18.275116791861112,17.675791429472223,16.81522350208333,0.0,0.0,0.0,0.0
B3,roll_03,rf,2026-01-29 18:00:00+00:00,2026-01-29 19:00:00+00:00,0,1,2025-12-08T00:00:00+00:00,2026-01-26T00:00:00+00:00,2026-01-26T00:00:00+00:00,2026-02-02T00:00:00+00:00,2461.1030846526387,1319.347383357231,1141.7557012954078,0,night,0,0.0,0,2,0,0,0,0,0,0,0,0,0,0,0,0,0,0,0,0,0,0,0,0,0,0,3,1902.4201895734168,2296.247373537611,3533.490893778889,773.5572774640833,18,-1.8369701987210292e-16,-1.0,0,0,1,5.613281186583333,2.0540354806944445,7.060031861138889,5.189922447472222,17.354192048527775,18.52226880861112,18.15538444622222,17.198094430777775,0.0,0.0,0.0,0.0
B3,roll_03,rf,2026-01-29 19:00:00+00:00,2026-01-29 20:00:00+00:00,0,1,2025-12-08T00:00:00+00:00,2026-01-26T00:00:00+00:00,2026-01-26T00:00:00+00:00,2026-02-02T00:00:00+00:00,738.0341406504722,1552.8901785415903,-814.8560378911181,0,night,0,0.0,0,1,0,0,0,0,0,0,0,0,0,0,0,0,0,0,0,0,0,0,0,0,0,0,3,1073.8756977925275,773.5572774640833,4150.093525715889,2461.1030846526387,19,0.2588190451025203,-0.9659258262890684,0,0,1,4.914927927388889,1.7490800439444445,5.613281186583333,5.153431917222222,18.053897769944445,18.13564327775,17.354192048527775,17.99117864236111,0.0,0.0,0.0,0.0
B3,roll_03,rf,2026-01-29 20:00:00+00:00,2026-01-29 21:00:00+00:00,0,1,2025-12-08T00:00:00+00:00,2026-01-26T00:00:00+00:00,2026-01-26T00:00:00+00:00,2026-02-02T00:00:00+00:00,1046.6185902225832,1166.5939949990957,-119.9754047765125,0,night,0,0.0,0,1,0,0,0,0,0,0,0,0,0,0,0,0,0,0,0,0,0,0,0,0,0,0,3,1112.6407676563056,2461.1030846526387,3498.4065437332224,738.0341406504722,20,0.5000000000000001,-0.8660254037844386,0,0,1,4.190135806277778,1.6065832648333334,4.914927927388889,5.344064076416667,17.800593456972223,18.311032115555555,18.053897769944445,17.54592248638889,0.0,0.0,0.0,0.0
B3,roll_03,rf,2026-01-29 21:00:00+00:00,2026-01-29 22:00:00+00:00,0,1,2025-12-08T00:00:00+00:00,2026-01-26T00:00:00+00:00,2026-01-26T00:00:00+00:00,2026-02-02T00:00:00+00:00,366.5958732328333,1002.1900650545574,-635.594191821724,0,night,0,0.0,0,1,0,0,0,0,0,0,0,0,0,0,0,0,0,0,0,0,0,0,0,0,0,0,3,565.8491807108888,738.0341406504722,3031.050403281528,1046.6185902225832,21,0.7071067811865474,-0.7071067811865477,0,0,1,3.735040379,1.2826967101944444,4.190135806277778,5.513382952611111,17.774244155,17.99547290261111,17.800593456972223,19.893719509444445,0.0,0.0,0.0,0.0
B3,roll_03,rf,2026-01-29 22:00:00+00:00,2026-01-29 23:00:00+00:00,0,1,2025-12-08T00:00:00+00:00,2026-01-26T00:00:00+00:00,2026-01-26T00:00:00+00:00,2026-02-02T00:00:00+00:00,363.3738909241667,503.268717981174,-139.89482705700732,0,night,0,0.0,0,1,0,1,1,0,2,0,0,1,0,0,1,0,1,0,0,0,1,0,0,0,0,0,3,473.87890895927785,1046.6185902225832,880.7419122894444,366.5958732328333,22,0.8660254037844384,-0.5000000000000004,0,0,1,3.5455654769166665,1.3345326389722223,3.735040379,5.632813449722222,18.1790648955,18.07674242205556,17.774244155,19.97541349633333,0.0,0.0,0.0,0.0
B3,roll_03,rf,2026-01-29 23:00:00+00:00,2026-01-30 00:00:00+00:00,0,1,2025-12-08T00:00:00+00:00,2026-01-26T00:00:00+00:00,2026-01-26T00:00:00+00:00,2026-02-02T00:00:00+00:00,372.9620775262778,432.39678296034583,-59.43470543406801,0,night,0,0.0,0,1,0,1,1,0,2,0,0,1,0,0,1,0,1,0,0,0,1,0,0,0,0,0,3,367.6513029880277,366.5958732328333,822.8956369502222,363.3738909241667,23,0.965925826289068,-0.2588190451025215,0,0,1,3.007926236861111,1.6309106950555554,3.5455654769166665,5.591124761194444,18.1737381525,18.345077110444443,18.1790648955,18.18788550086111,0.0,0.0,0.0,0.0
B3,roll_03,rf,2026-01-30 00:00:00+00:00,2026-01-30 01:00:00+00:00,0,1,2025-12-08T00:00:00+00:00,2026-01-26T00:00:00+00:00,2026-01-26T00:00:00+00:00,2026-02-02T00:00:00+00:00,407.8405305781389,505.5603835969636,-97.71985301882472,0,night,0,0.0,0,1,0,0,0,0,0,0,0,0,0,0,0,0,0,0,0,0,0,0,0,0,0,0,4,367.96108710394446,363.3738909241667,934.8170360965556,372.9620775262778,0,1.0,0.0,0,0,1,2.6865080302222224,1.3322522275277775,3.007926236861111,5.649876135861111,18.659629830333333,18.412130332527777,18.1737381525,18.53709236861112,0.0,0.0,0.0,0.0
B3,roll_03,rf,2026-01-30 01:00:00+00:00,2026-01-30 02:00:00+00:00,0,1,2025-12-08T00:00:00+00:00,2026-01-26T00:00:00+00:00,2026-01-26T00:00:00+00:00,2026-02-02T00:00:00+00:00,371.0950655588056,402.16894974334883,-31.07388418454326,0,night,0,0.0,0,1,0,0,0,0,0,0,0,0,0,0,0,0,0,0,0,0,0,0,0,0,0,0,4,369.3633806425278,372.9620775262778,569.0574982047777,407.8405305781389,1,0.9659258262890684,0.2588190451025207,0,0,1,2.6168204326944444,1.58879370875,2.6865080302222224,5.783219677611111,18.54276345536111,18.522961206138888,18.659629830333333,18.662892832388888,0.0,0.0,0.0,0.0
B3,roll_03,rf,2026-01-30 02:00:00+00:00,2026-01-30 03:00:00+00:00,0,1,2025-12-08T00:00:00+00:00,2026-01-26T00:00:00+00:00,2026-01-26T00:00:00+00:00,2026-02-02T00:00:00+00:00,377.9953876609166,394.0372611984563,-16.041873537539686,0,night,0,0.0,0,1,0,0,0,0,0,0,0,0,0,0,0,0,0,0,0,0,0,0,0,0,0,0,4,364.6717208964722,407.8405305781389,388.6233783748333,371.0950655588056,2,0.8660254037844387,0.4999999999999999,0,0,1,2.568442849555556,2.072341584194444,2.6168204326944444,5.739918612555556,18.29252755372222,18.394230225944444,18.54276345536111,18.59705101538889,0.0,0.0,0.0,0.0
B3,roll_03,rf,2026-01-30 03:00:00+00:00,2026-01-30 04:00:00+00:00,0,1,2025-12-08T00:00:00+00:00,2026-01-26T00:00:00+00:00,2026-01-26T00:00:00+00:00,2026-02-02T00:00:00+00:00,1042.5099112287778,847.6953496445896,194.81456158418825,0,night,0,0.0,0,1,0,0,0,0,0,0,0,0,0,0,0,0,0,0,0,0,0,0,0,0,0,0,4,368.5853674459444,371.0950655588056,380.9392708019166,377.9953876609166,3,0.7071067811865476,0.7071067811865476,0,0,1,3.226123679444445,2.1618301728333336,2.568442849555556,5.751614257,18.347174637972223,18.33168606486112,18.29252755372222,18.577546874611112,0.0,0.0,0.0,0.0
B3,roll_03,rf,2026-01-30 04:00:00+00:00,2026-01-30 05:00:00+00:00,0,1,2025-12-08T00:00:00+00:00,2026-01-26T00:00:00+00:00,2026-01-26T00:00:00+00:00,2026-02-02T00:00:00+00:00,2043.280496847389,2002.7175084253881,40.5629884220009,0,night,0,0.0,0,1,0,0,0,0,0,0,0,0,0,0,0,0,0,0,0,0,0,0,0,0,0,0,4,1077.5376334153334,377.9953876609166,1044.109589464861,1042.5099112287778,4,0.5000000000000001,0.8660254037844386,0,0,1,3.499414719305556,2.4079966898333334,3.226123679444445,5.690614872888889,18.78404704663889,18.65893950025,18.347174637972223,18.699853914444443,0.0,0.0,0.0,0.0
B3,roll_03,rf,2026-01-30 05:00:00+00:00,2026-01-30 06:00:00+00:00,0,1,2025-12-08T00:00:00+00:00,2026-01-26T00:00:00+00:00,2026-01-26T00:00:00+00:00,2026-02-02T00:00:00+00:00,2356.0469720826945,2102.060229789935,253.98674229275957,0,night,0,0.0,0,1,0,0,0,0,0,0,0,0,0,0,0,0,0,0,0,0,0,0,0,0,0,0,4,2595.650702010778,1042.5099112287778,2097.0978272491666,2043.280496847389,5,0.2588190451025207,0.9659258262890684,0,0,1,3.7577913895277777,2.3870737601111114,3.499414719305556,5.321339182305556,18.75169663830556,18.58098035247222,18.78404704663889,18.788275002444447,0.0,0.0,0.0,0.0
B3,roll_03,rf,2026-01-30 06:00:00+00:00,2026-01-30 07:00:00+00:00,0,1,2025-12-08T00:00:00+00:00,2026-01-26T00:00:00+00:00,2026-01-26T00:00:00+00:00,2026-02-02T00:00:00+00:00,2415.724502125278,1928.1732648505933,487.5512372746846,0,night,0,0.0,0,1,0,0,0,0,0,0,0,0,0,0,0,0,0,0,0,0,0,0,0,0,0,0,4,2229.0674939791948,2043.280496847389,2101.717697546028,2356.0469720826945,6,6.123233995736766e-17,1.0,0,0,1,4.644791845444444,2.86016758225,3.7577913895277777,5.4229227490000005,18.553310034722223,18.59333267108333,18.75169663830556,18.46805462488889,0.0,0.0,0.0,0.0
B3,roll_03,rf,2026-01-30 07:00:00+00:00,2026-01-30 08:00:00+00:00,0,1,2025-12-08T00:00:00+00:00,2026-01-26T00:00:00+00:00,2026-01-26T00:00:00+00:00,2026-02-02T00:00:00+00:00,2088.875723270194,1899.8726761999635,189.00304707023065,1,night,0,0.0,0,2,0,0,0,0,0,0,0,0,0,0,0,0,0,0,0,0,0,0,0,0,0,0,4,1956.5605310417773,2356.0469720826945,1866.4684684137776,2415.724502125278,7,-0.2588190451025206,0.9659258262890684,0,0,1,5.112628002777778,2.925855649944445,4.644791845444444,5.644273330472223,18.194770331416667,18.58286181677777,18.553310034722223,18.33773261380556,0.0,13.610436851555557,0.0,0.0
B3,roll_03,rf,2026-01-30 08:00:00+00:00,2026-01-30 09:00:00+00:00,0,1,2025-12-08T00:00:00+00:00,2026-01-26T00:00:00+00:00,2026-01-26T00:00:00+00:00,2026-02-02T00:00:00+00:00,1376.5848081650277,1677.7246935044388,-301.1398853394112,1,low,0,0.0,0,2,0,0,0,0,0,0,0,0,0,0,0,0,0,0,0,0,0,0,0,0,0,0,4,1820.3555307953327,2415.724502125278,1765.7431687797225,2088.875723270194,8,-0.4999999999999998,0.8660254037844387,0,0,1,5.971257494111111,3.784128624555555,5.112628002777778,6.577056710277778,17.925204983888886,18.901513842444444,18.194770331416667,18.68058624561111,110.06260566791669,145.74993311175,0.0,107.09455782583336
B3,roll_03,rf,2026-01-30 09:00:00+00:00,2026-01-30 10:00:00+00:00,0,1,2025-12-08T00:00:00+00:00,2026-01-26T00:00:00+00:00,2026-01-26T00:00:00+00:00,2026-02-02T00:00:00+00:00,637.5708449115556,1366.5488922313739,-728.9780473198183,1,med,0,0.0,0,2,0,0,0,0,0,0,0,0,0,0,0,0,0,0,0,0,0,0,0,0,0,0,4,2016.7762660696944,2088.875723270194,1253.1664777410554,1376.5848081650277,9,-0.7071067811865475,0.7071067811865476,0,0,1,6.401175342055556,4.780561090416667,5.971257494111111,7.120698170944444,18.61396918244445,18.886623428750003,17.925204983888886,18.200570424222224,454.6492470125556,232.31283958127776,110.06260566791669,173.80403361816664
B3,roll_03,rf,2026-01-30 10:00:00+00:00,2026-01-30 11:00:00+00:00,0,1,2025-12-08T00:00:00+00:00,2026-01-26T00:00:00+00:00,2026-01-26T00:00:00+00:00,2026-02-02T00:00:00+00:00,-1038.640299738972,834.7974400650298,-1873.437739804002,1,high,0,0.0,0,2,0,0,0,0,0,0,0,0,0,0,0,0,0,0,0,0,0,0,0,0,0,0,4,1936.420994131,1376.5848081650277,948.2308555061112,637.5708449115556,10,-0.8660254037844387,0.4999999999999999,0,0,1,6.918664744916666,5.483105661972222,6.401175342055556,7.047235797361111,19.34717694561112,18.61690110308333,18.61396918244445,18.18368814136112,1227.077606142361,231.00179334266667,454.6492470125556,95.93545610280556
B3,roll_03,rf,2026-01-30 11:00:00+00:00,2026-01-30 12:00:00+00:00,0,1,2025-12-08T00:00:00+00:00,2026-01-26T00:00:00+00:00,2026-01-26T00:00:00+00:00,2026-02-02T00:00:00+00:00,338.58896643852773,117.12533951878073,221.463626919747,1,high,0,0.0,0,2,1,0,0,0,0,0,0,0,0,0,0,0,0,0,0,0,0,0,0,0,0,0,4,1576.1195596841944,637.5708449115556,1415.7808458588888,-1038.640299738972,11,-0.9659258262890682,0.258819045102521,0,0,1,9.024725996194444,6.005421360722223,6.918664744916666,7.484160413777777,18.99885653263889,18.975925773527777,19.34717694561112,18.45564459983333,1549.6980390854724,305.4964137123056,1227.077606142361,198.05782505847225
B3,roll_03,rf,2026-01-30 12:00:00+00:00,2026-01-30 13:00:00+00:00,0,1,2025-12-08T00:00:00+00:00,2026-01-26T00:00:00+00:00,2026-01-26T00:00:00+00:00,2026-02-02T00:00:00+00:00,-266.5041079402778,481.98172098098814,-748.4858289212659,1,med,0,0.0,0,3,0,0,0,0,0,0,0,0,0,0,0,0,0,0,0,0,0,0,0,0,0,0,4,1707.01032054225,-1038.640299738972,347.5551561380278,338.58896643852773,12,-1.0,1.2246467991473532e-16,0,0,1,10.370691970305556,6.755185106222222,9.024725996194444,8.72531020561111,18.922971791888887,18.9128849575,18.99885653263889,18.326656080611112,1116.10089140025,277.5941901626389,1549.6980390854724,591.8653806022222
B3,roll_03,rf,2026-01-30 13:00:00+00:00,2026-01-30 14:00:00+00:00,0,1,2025-12-08T00:00:00+00:00,2026-01-26T00:00:00+00:00,2026-01-26T00:00:00+00:00,2026-02-02T00:00:00+00:00,376.1624140875,62.07213458899968,314.0902794985003,1,med,0,0.0,0,3,1,0,0,0,0,0,0,0,0,0,0,0,0,0,0,0,0,0,0,0,0,0,4,2214.146590013028,338.58896643852773,-402.3519291878333,-266.5041079402778,13,-0.9659258262890684,-0.2588190451025208,0,0,1,10.433649848611113,6.862749878222222,10.370691970305556,9.603330588527776,18.62102286772222,22.81537184433333,18.922971791888887,18.84680833225,1047.2821290664722,104.38236414708336,1116.10089140025,1247.4635750589998
B3,roll_03,rf,2026-01-30 14:00:00+00:00,2026-01-30 15:00:00+00:00,0,1,2025-12-08T00:00:00+00:00,2026-01-26T00:00:00+00:00,2026-01-26T00:00:00+00:00,2026-02-02T00:00:00+00:00,1082.7555175266666,935.3145621706049,147.44095535606175,1,med,0,0.0,0,2,0,0,0,0,0,0,0,0,0,0,0,0,0,0,0,0,0,0,0,0,0,0,4,2195.8262186153333,-266.5041079402778,1092.5960639581945,376.1624140875,14,-0.8660254037844388,-0.4999999999999997,0,0,1,9.447840296916668,5.7134238162777775,10.433649848611113,10.175281555083336,18.27117152236111,18.83056621691667,18.62102286772222,18.72012759377778,465.3144706611944,20.72892640275,1047.2821290664722,733.8672658107222
B3,roll_03,rf,2026-01-30 15:00:00+00:00,2026-01-30 16:00:00+00:00,0,1,2025-12-08T00:00:00+00:00,2026-01-26T00:00:00+00:00,2026-01-26T00:00:00+00:00,2026-02-02T00:00:00+00:00,1956.864773614972,1312.9655682681705,643.8992053468014,1,low,0,0.0,0,2,0,0,0,0,0,0,0,0,0,0,0,0,0,0,0,0,0,0,0,0,0,0,4,2527.9803929520835,376.1624140875,462.4739155892223,1082.7555175266666,15,-0.7071067811865479,-0.7071067811865471,0,0,1,8.110878659944445,5.713572192777778,9.447840296916668,10.80456051886111,18.16102492311111,18.771297444972223,18.27117152236111,17.667633677111112,92.0250742933889,0.0,465.3144706611944,202.1270942708333
B3,roll_03,rf,2026-01-30 16:00:00+00:00,2026-01-30 17:00:00+00:00,0,1,2025-12-08T00:00:00+00:00,2026-01-26T00:00:00+00:00,2026-01-26T00:00:00+00:00,2026-02-02T00:00:00+00:00,2558.768179305,1501.6816573732312,1057.0865219317689,0,night,0,0.0,0,2,0,0,0,0,0,0,0,0,0,0,0,0,0,0,0,0,0,0,0,0,0,0,4,2048.975809514583,1082.7555175266666,1737.4693776433332,1956.864773614972,16,-0.5000000000000004,-0.8660254037844385,0,0,1,7.078508756361111,5.802371368194444,8.110878659944445,8.926961661277778,18.30002895063889,18.720766871444443,18.16102492311111,17.675791429472223,0.0,0.0,92.0250742933889,0.0
B3,roll_03,rf,2026-01-30 17:00:00+00:00,2026-01-30 18:00:00+00:00,0,1,2025-12-08T00:00:00+00:00,2026-01-26T00:00:00+00:00,2026-01-26T00:00:00+00:00,2026-02-02T00:00:00+00:00,1987.7934036818888,1816.225945613655,171.5674580682337,0,night,0,0.0,0,2,0,0,0,0,0,0,0,0,0,0,0,0,0,0,0,0,0,0,0,0,0,0,4,1253.307754251361,1956.864773614972,2296.247373537611,2558.768179305,17,-0.2588190451025206,-0.9659258262890684,0,0,1,6.466590966111112,5.091072229027778,7.078508756361111,7.060031861138889,17.670263042972223,17.994156679944442,18.30002895063889,18.15538444622222,0.0,0.0,0.0,0.0
B3,roll_03,rf,2026-01-30 18:00:00+00:00,2026-01-30 19:00:00+00:00,0,1,2025-12-08T00:00:00+00:00,2026-01-26T00:00:00+00:00,2026-01-26T00:00:00+00:00,2026-02-02T00:00:00+00:00,1676.7119280521667,1699.0729807994117,-22.361052747244912,0,night,0,0.0,0,2,0,0,0,0,0,0,0,0,0,0,0,0,0,0,0,0,0,0,0,0,0,0,4,2022.5164028016115,2558.768179305,773.5572774640833,1987.7934036818888,18,-1.8369701987210292e-16,-1.0,0,0,1,5.544694557833334,4.711612085277777,6.466590966111112,5.613281186583333,17.869562911861113,18.35074025972222,17.670263042972223,17.354192048527775,0.0,0.0,0.0,0.0
B3,roll_03,rf,2026-01-30 19:00:00+00:00,2026-01-30 20:00:00+00:00,0,1,2025-12-08T00:00:00+00:00,2026-01-26T00:00:00+00:00,2026-01-26T00:00:00+00:00,2026-02-02T00:00:00+00:00,1399.5987402705557,1324.7487692010743,74.8499710694814,0,night,0,0.0,0,1,0,0,0,0,0,0,0,0,0,0,0,0,0,0,0,0,0,0,0,0,0,0,4,1067.3991769345832,1987.7934036818888,2461.1030846526387,1676.7119280521667,19,0.2588190451025203,-0.9659258262890684,0,0,1,4.983116204916667,3.980250340583333,5.544694557833334,4.914927927388889,17.935109248,17.935994839722223,17.869562911861113,18.053897769944445,0.0,0.0,0.0,0.0
B3,roll_03,rf,2026-01-30 20:00:00+00:00,2026-01-30 21:00:00+00:00,0,1,2025-12-08T00:00:00+00:00,2026-01-26T00:00:00+00:00,2026-01-26T00:00:00+00:00,2026-02-02T00:00:00+00:00,1395.9087899032777,1060.1512436093053,335.7575462939724,0,night,0,0.0,0,2,0,0,0,0,0,0,0,0,0,0,0,0,0,0,0,0,0,0,0,0,0,0,4,1046.436184157472,1676.7119280521667,738.0341406504722,1399.5987402705557,20,0.5000000000000001,-0.8660254037844386,0,0,1,5.276358198666666,3.866209152527778,4.983116204916667,4.190135806277778,18.03674184022222,17.69838866127778,17.935109248,17.800593456972223,0.0,0.0,0.0,0.0
B3,roll_03,rf,2026-01-30 21:00:00+00:00,2026-01-30 22:00:00+00:00,0,1,2025-12-08T00:00:00+00:00,2026-01-26T00:00:00+00:00,2026-01-26T00:00:00+00:00,2026-02-02T00:00:00+00:00,617.2218638224722,941.3829912303481,-324.16112740787594,0,night,0,0.0,0,2,0,0,0,0,0,0,0,0,0,0,0,0,0,0,0,0,0,0,0,0,0,0,4,602.2876708927778,1399.5987402705557,1046.6185902225832,1395.9087899032777,21,0.7071067811865474,-0.7071067811865477,0,0,1,5.081265362833333,3.869637564888889,5.276358198666666,3.735040379,17.717666968083332,18.29812389511111,18.03674184022222,17.774244155,0.0,0.0,0.0,0.0
B3,roll_03,rf,2026-01-30 22:00:00+00:00,2026-01-30 23:00:00+00:00,0,1,2025-12-08T00:00:00+00:00,2026-01-26T00:00:00+00:00,2026-01-26T00:00:00+00:00,2026-02-02T00:00:00+00:00,560.833410557,539.3528633116524,21.480547245347566,0,night,0,0.0,0,1,0,0,0,0,0,0,0,0,0,0,0,0,0,0,0,0,0,0,0,0,0,0,4,492.5538403097778,1395.9087899032777,366.5958732328333,617.2218638224722,22,0.8660254037844384,-0.5000000000000004,0,0,1,4.786386629583333,3.9082464093888887,5.081265362833333,3.5455654769166665,17.870216187916668,18.156249321388888,17.717666968083332,18.1790648955,0.0,0.0,0.0,0.0
B3,roll_03,rf,2026-01-30 23:00:00+00:00,2026-01-31 00:00:00+00:00,0,1,2025-12-08T00:00:00+00:00,2026-01-26T00:00:00+00:00,2026-01-26T00:00:00+00:00,2026-02-02T00:00:00+00:00,568.5592018373611,454.99014179103386,113.56906004632725,0,night,0,0.0,0,1,0,0,0,0,0,0,0,0,0,0,0,0,0,0,0,0,0,0,0,0,0,0,4,435.2853666092778,617.2218638224722,363.3738909241667,560.833410557,23,0.965925826289068,-0.2588190451025215,0,0,1,4.713329532638888,3.962953027722222,4.786386629583333,3.007926236861111,18.05467717175,18.266909694166667,17.870216187916668,18.1737381525,0.0,0.0,0.0,0.0
B3,roll_03,rf,2026-01-31 00:00:00+00:00,2026-01-31 01:00:00+00:00,0,1,2025-12-08T00:00:00+00:00,2026-01-26T00:00:00+00:00,2026-01-26T00:00:00+00:00,2026-02-02T00:00:00+00:00,560.2704962234167,477.14881635433954,83.12167986907713,0,night,0,0.0,0,1,0,0,0,0,0,0,0,0,0,0,0,0,0,0,0,0,0,0,0,0,0,0,5,405.1807272819444,560.833410557,372.9620775262778,568.5592018373611,0,1.0,0.0,0,1,1,4.703963593666667,3.7605419066388888,4.713329532638888,2.6865080302222224,18.44129268458333,18.3607900945,18.05467717175,18.659629830333333,0.0,0.0,0.0,0.0
B3,roll_03,rf,2026-01-31 01:00:00+00:00,2026-01-31 02:00:00+00:00,0,1,2025-12-08T00:00:00+00:00,2026-01-26T00:00:00+00:00,2026-01-26T00:00:00+00:00,2026-02-02T00:00:00+00:00,565.4011130005833,453.99316106116476,111.40795193941858,0,night,0,0.0,0,1,0,0,0,0,0,0,0,0,0,0,0,0,0,0,0,0,0,0,0,0,0,0,5,403.1378216736112,568.5592018373611,407.8405305781389,560.2704962234167,1,0.9659258262890684,0.2588190451025207,0,1,1,4.574595359027778,3.594426555777778,4.703963593666667,2.6168204326944444,18.31030418486112,18.35504471088889,18.44129268458333,18.54276345536111,0.0,0.0,0.0,0.0
B3,roll_03,rf,2026-01-31 02:00:00+00:00,2026-01-31 03:00:00+00:00,0,1,2025-12-08T00:00:00+00:00,2026-01-26T00:00:00+00:00,2026-01-26T00:00:00+00:00,2026-02-02T00:00:00+00:00,568.1319450434166,472.6522822040592,95.47966283935745,0,night,0,0.0,0,1,0,0,0,0,0,0,0,0,0,0,0,0,0,0,0,0,0,0,0,0,0,0,5,404.9479621853611,560.2704962234167,371.0950655588056,565.4011130005833,2,0.8660254037844387,0.4999999999999999,0,1,1,4.697502777333333,3.4606973831944443,4.574595359027778,2.568442849555556,18.300521219944443,18.292189759527776,18.31030418486112,18.29252755372222,0.0,0.0,0.0,0.0
B3,roll_03,rf,2026-01-31 03:00:00+00:00,2026-01-31 04:00:00+00:00,0,1,2025-12-08T00:00:00+00:00,2026-01-26T00:00:00+00:00,2026-01-26T00:00:00+00:00,2026-02-02T00:00:00+00:00,1108.9278010010555,896.6374708849052,212.29033011615036,0,night,0,0.0,0,1,0,1,1,0,2,0,0,1,0,0,1,0,1,0,0,0,1,0,0,0,0,0,5,402.6522398849167,565.4011130005833,377.9953876609166,568.1319450434166,3,0.7071067811865476,0.7071067811865476,0,1,1,4.8230679848888895,3.4151579152222222,4.697502777333333,3.226123679444445,18.164699992694445,18.273110989944445,18.300521219944443,18.347174637972223,0.0,0.0,0.0,0.0
B3,roll_03,rf,2026-01-31 04:00:00+00:00,2026-01-31 05:00:00+00:00,0,1,2025-12-08T00:00:00+00:00,2026-01-26T00:00:00+00:00,2026-01-26T00:00:00+00:00,2026-02-02T00:00:00+00:00,1973.961116742889,1954.0997660932971,19.86135064959194,0,night,0,0.0,0,1,0,1,1,0,2,0,0,1,0,0,1,0,1,0,0,0,1,0,0,0,0,0,5,989.5879204678332,568.1319450434166,1042.5099112287778,1108.9278010010555,4,0.5000000000000001,0.8660254037844386,0,1,1,4.949926086694444,3.746956920472222,4.8230679848888895,3.499414719305556,18.495093935444444,18.763885850944444,18.164699992694445,18.78404704663889,0.0,0.0,0.0,0.0
B3,roll_03,rf,2026-01-31 05:00:00+00:00,2026-01-31 06:00:00+00:00,0,1,2025-12-08T00:00:00+00:00,2026-01-26T00:00:00+00:00,2026-01-26T00:00:00+00:00,2026-02-02T00:00:00+00:00,2133.987086771556,2086.5774907761684,47.40959599538746,0,night,0,0.0,0,2,0,0,0,0,0,0,0,0,0,0,0,0,0,0,0,0,0,0,0,0,0,0,5,1683.9951601766388,1108.9278010010555,2043.280496847389,1973.961116742889,5,0.2588190451025207,0.9659258262890684,0,1,1,5.061477725916666,3.807682473638889,4.949926086694444,3.7577913895277777,18.650027333527778,18.95802324902778,18.495093935444444,18.75169663830556,0.0,0.0,0.0,0.0
B3,roll_03,rf,2026-01-31 06:00:00+00:00,2026-01-31 07:00:00+00:00,0,1,2025-12-08T00:00:00+00:00,2026-01-26T00:00:00+00:00,2026-01-26T00:00:00+00:00,2026-02-02T00:00:00+00:00,1020.5726502083334,1917.0718511612677,-896.4992009529343,0,night,0,0.0,0,2,0,0,0,0,0,0,0,0,0,0,0,0,0,0,0,0,0,0,0,0,0,0,5,1902.018428271,1973.961116742889,2356.0469720826945,2133.987086771556,6,6.123233995736766e-17,1.0,0,1,1,5.25389160675,3.9873673924166666,5.061477725916666,4.644791845444444,18.82857789311112,18.70620324358333,18.650027333527778,18.553310034722223,0.0,0.0,0.0,0.0
B3,roll_03,rf,2026-01-31 07:00:00+00:00,2026-01-31 08:00:00+00:00,0,1,2025-12-08T00:00:00+00:00,2026-01-26T00:00:00+00:00,2026-01-26T00:00:00+00:00,2026-02-02T00:00:00+00:00,419.2874801181944,1630.6532455823904,-1211.3657654641959,1,night,0,0.0,0,2,0,0,0,0,0,0,0,0,0,0,0,0,0,0,0,0,0,0,0,0,0,0,5,2166.76233965375,2133.987086771556,2415.724502125278,1020.5726502083334,7,-0.2588190451025206,0.9659258262890684,0,1,1,5.424044650305555,4.151625831166666,5.25389160675,5.112628002777778,18.197251676277777,18.29483151783333,18.82857789311112,18.194770331416667,0.0,0.0,0.0,0.0
B3,roll_03,rf,2026-01-31 08:00:00+00:00,2026-01-31 09:00:00+00:00,0,1,2025-12-08T00:00:00+00:00,2026-01-26T00:00:00+00:00,2026-01-26T00:00:00+00:00,2026-02-02T00:00:00+00:00,250.3521221068889,947.6201386691065,-697.2680165622176,1,low,0,0.0,0,2,0,0,0,0,0,0,0,0,0,0,0,0,0,0,0,0,0,0,0,0,0,0,5,2056.1787956731946,1020.5726502083334,2088.875723270194,419.2874801181944,8,-0.4999999999999998,0.8660254037844387,0,1,1,6.129296162111111,4.314655074888889,5.424044650305555,5.971257494111111,17.893700756944444,17.905425590777778,18.197251676277777,17.925204983888886,98.26437011297224,0.0,0.0,110.06260566791669
B3,roll_03,rf,2026-01-31 09:00:00+00:00,2026-01-31 10:00:00+00:00,0,1,2025-12-08T00:00:00+00:00,2026-01-26T00:00:00+00:00,2026-01-26T00:00:00+00:00,2026-02-02T00:00:00+00:00,334.93582907008334,753.1229031209884,-418.1870740509051,1,low,0,0.0,0,2,0,0,0,0,0,0,0,0,0,0,0,0,0,0,0,0,0,0,0,0,0,0,5,2110.409867789389,419.2874801181944,1376.5848081650277,250.3521221068889,9,-0.7071067811865475,0.7071067811865476,0,1,1,6.980553941499999,4.542731538305556,6.129296162111111,6.401175342055556,18.21654997936111,18.436193536916665,17.893700756944444,18.61396918244445,249.34129817261112,114.76844990783331,98.26437011297224,454.6492470125556
B3,roll_03,rf,2026-01-31 10:00:00+00:00,2026-01-31 11:00:00+00:00,0,1,2025-12-08T00:00:00+00:00,2026-01-26T00:00:00+00:00,2026-01-26T00:00:00+00:00,2026-02-02T00:00:00+00:00,-25.482023055444444,544.7352796658844,-570.2173027213288,1,low,0,0.0,0,2,0,0,0,0,0,0,0,0,0,0,0,0,0,0,0,0,0,0,0,0,0,0,5,3130.832139515,250.3521221068889,637.5708449115556,334.93582907008334,10,-0.8660254037844387,0.4999999999999999,0,1,1,7.7654809172777775,5.048194792888889,6.980553941499999,6.918664744916666,18.19416112413889,18.769674477888888,18.21654997936111,19.34717694561112,250.70677482605552,411.0483259695556,249.34129817261112,1227.077606142361
B3,roll_03,rf,2026-01-31 11:00:00+00:00,2026-01-31 12:00:00+00:00,0,1,2025-12-08T00:00:00+00:00,2026-01-26T00:00:00+00:00,2026-01-26T00:00:00+00:00,2026-02-02T00:00:00+00:00,-362.59401059927774,46.76142982179448,-409.3554404210722,1,med,0,0.0,0,2,1,0,0,0,0,0,0,0,0,0,0,0,0,0,0,0,0,0,0,0,0,0,5,385.99203080291664,334.93582907008334,-1038.640299738972,-25.482023055444444,11,-0.9659258262890682,0.258819045102521,0,1,1,8.519014925166667,6.944681730611111,7.7654809172777775,9.024725996194444,18.472632186222224,19.6631947345,18.19416112413889,18.99885653263889,612.0282062237222,1596.5776119012498,250.70677482605552,1549.6980390854724
B3,roll_03,rf,2026-01-31 12:00:00+00:00,2026-01-31 13:00:00+00:00,0,1,2025-12-08T00:00:00+00:00,2026-01-26T00:00:00+00:00,2026-01-26T00:00:00+00:00,2026-02-02T00:00:00+00:00,-31.184125589083333,28.50418300811994,-59.688308597203275,1,med,0,0.0,0,2,1,0,0,0,0,0,0,0,0,0,0,0,0,0,0,0,0,0,0,0,0,0,5,1016.1453970060834,-25.482023055444444,338.58896643852773,-362.59401059927774,12,-1.0,1.2246467991473532e-16,0,1,1,9.44202883811111,8.35612550725,8.519014925166667,10.370691970305556,18.927687698194443,18.378112199194447,18.472632186222224,18.922971791888887,951.2261224310834,407.66865748083336,612.0282062237222,1116.10089140025
B3,roll_03,rf,2026-01-31 13:00:00+00:00,2026-01-31 14:00:00+00:00,0,1,2025-12-08T00:00:00+00:00,2026-01-26T00:00:00+00:00,2026-01-26T00:00:00+00:00,2026-02-02T00:00:00+00:00,-90.87281389516666,51.17941975250482,-142.05223364767147,1,med,0,0.0,0,2,1,0,0,0,0,0,0,0,0,0,0,0,0,0,0,0,0,0,0,0,0,0,5,1064.5741736199725,-362.59401059927774,-266.5041079402778,-31.184125589083333,13,-0.9659258262890684,-0.2588190451025208,0,1,1,9.86314300127778,6.657871230416667,9.44202883811111,10.433649848611113,22.238324754305555,18.062944556944444,18.927687698194443,18.62102286772222,534.3037095073611,88.28240024077779,951.2261224310834,1047.2821290664722
B3,roll_03,rf,2026-01-31 14:00:00+00:00,2026-01-31 15:00:00+00:00,0,1,2025-12-08T00:00:00+00:00,2026-01-26T00:00:00+00:00,2026-01-26T00:00:00+00:00,2026-02-02T00:00:00+00:00,422.2890764387501,255.86775534247244,166.42132109627767,1,med,0,0.0,0,3,1,0,0,0,0,0,0,0,0,0,0,0,0,0,0,0,0,0,0,0,0,0,5,1858.781012173056,-31.184125589083333,376.1624140875,-90.87281389516666,14,-0.8660254037844388,-0.4999999999999997,0,1,1,10.303680118944444,6.097375211722222,9.86314300127778,9.447840296916668,18.43448147455556,18.00922708483333,22.238324754305555,18.27117152236111,583.7794679558612,0.0,534.3037095073611,465.3144706611944
B3,roll_03,rf,2026-01-31 15:00:00+00:00,2026-01-31 16:00:00+00:00,0,1,2025-12-08T00:00:00+00:00,2026-01-26T00:00:00+00:00,2026-01-26T00:00:00+00:00,2026-02-02T00:00:00+00:00,514.5742918275556,921.527943993175,-406.95365216561936,1,low,0,0.0,0,2,0,0,0,0,0,0,0,0,0,0,0,0,0,0,0,0,0,0,0,0,0,0,5,1831.2616717653889,-90.87281389516666,1082.7555175266666,422.2890764387501,15,-0.7071067811865479,-0.7071067811865471,0,1,1,9.053904908055555,6.071665185777778,10.303680118944444,8.110878659944445,17.928356537861113,17.677323049111113,18.43448147455556,18.16102492311111,94.08787515758333,0.0,583.7794679558612,92.0250742933889
B3,roll_03,rf,2026-01-31 16:00:00+00:00,2026-01-31 17:00:00+00:00,0,1,2025-12-08T00:00:00+00:00,2026-01-26T00:00:00+00:00,2026-01-26T00:00:00+00:00,2026-02-02T00:00:00+00:00,555.1924943127777,835.453584551682,-280.2610902389042,0,night,0,0.0,0,2,0,0,0,0,0,0,0,0,0,0,0,0,0,0,0,0,0,0,0,0,0,0,5,1060.0596002008333,422.2890764387501,1956.864773614972,514.5742918275556,16,-0.5000000000000004,-0.8660254037844385,0,1,1,7.789694033361112,6.566483526611111,9.053904908055555,7.078508756361111,17.82899920875,17.72403060438889,17.928356537861113,18.30002895063889,0.0,0.0,94.08787515758333,0.0
B3,roll_03,rf,2026-01-31 17:00:00+00:00,2026-01-31 18:00:00+00:00,0,1,2025-12-08T00:00:00+00:00,2026-01-26T00:00:00+00:00,2026-01-26T00:00:00+00:00,2026-02-02T00:00:00+00:00,563.0741589198611,786.0615554217076,-222.98739650184643,0,night,0,0.0,0,2,0,0,0,0,0,0,0,0,0,0,0,0,0,0,0,0,0,0,0,0,0,0,5,992.9213029867224,514.5742918275556,2558.768179305,555.1924943127777,17,-0.2588190451025206,-0.9659258262890684,0,1,1,6.755247698277778,6.089130444527778,7.789694033361112,6.466590966111112,17.967200165388892,17.830043843416664,17.82899920875,17.670263042972223,0.0,0.0,0.0,0.0
B3,roll_03,rf,2026-01-31 18:00:00+00:00,2026-01-31 19:00:00+00:00,0,1,2025-12-08T00:00:00+00:00,2026-01-26T00:00:00+00:00,2026-01-26T00:00:00+00:00,2026-02-02T00:00:00+00:00,532.8345183753889,772.4637929722627,-239.62927459687376,0,night,0,0.0,0,2,0,0,0,0,0,0,0,0,0,0,0,0,0,0,0,0,0,0,0,0,0,0,5,1541.1415699855834,555.1924943127777,1987.7934036818888,563.0741589198611,18,-1.8369701987210292e-16,-1.0,0,1,1,5.767976541222222,5.9999975540833335,6.755247698277778,5.544694557833334,17.834140197916668,18.11549999886111,17.967200165388892,17.869562911861113,0.0,0.0,0.0,0.0
B3,roll_03,rf,2026-01-31 19:00:00+00:00,2026-01-31 20:00:00+00:00,0,1,2025-12-08T00:00:00+00:00,2026-01-26T00:00:00+00:00,2026-01-26T00:00:00+00:00,2026-02-02T00:00:00+00:00,552.461400302111,724.2659078555243,-171.80450755341337,0,night,0,0.0,0,1,0,1,1,0,11,0,0,0,1,0,1,0,1,0,0,0,1,0,0,0,0,0,5,1286.9006860100278,563.0741589198611,1676.7119280521667,532.8345183753889,19,0.2588190451025203,-0.9659258262890684,0,1,1,4.9639147325833335,5.77926593825,5.767976541222222,4.983116204916667,17.848143047277777,18.36445310694444,17.834140197916668,17.935109248,0.0,0.0,0.0,0.0
B3,roll_03,rf,2026-01-31 20:00:00+00:00,2026-01-31 21:00:00+00:00,0,1,2025-12-08T00:00:00+00:00,2026-01-26T00:00:00+00:00,2026-01-26T00:00:00+00:00,2026-02-02T00:00:00+00:00,552.9098461985833,657.7986868400008,-104.88884064141746,0,night,0,0.0,0,1,0,1,1,0,11,0,0,0,1,0,1,0,1,0,0,0,1,0,0,0,0,0,5,640.4533153681945,532.8345183753889,1399.5987402705557,552.461400302111,20,0.5000000000000001,-0.8660254037844386,0,1,1,4.440933167611111,5.683189338277778,4.9639147325833335,5.276358198666666,17.723165066277776,17.952829869138892,17.848143047277777,18.03674184022222,0.0,0.0,0.0,0.0
B3,roll_03,rf,2026-01-31 21:00:00+00:00,2026-01-31 22:00:00+00:00,0,1,2025-12-08T00:00:00+00:00,2026-01-26T00:00:00+00:00,2026-01-26T00:00:00+00:00,2026-02-02T00:00:00+00:00,560.803781971389,614.0832332420852,-53.2794512706962,0,night,0,0.0,0,1,0,1,1,0,11,0,0,0,1,0,1,0,1,0,0,0,1,0,0,0,0,0,5,584.3161862229999,552.461400302111,1395.9087899032777,552.9098461985833,21,0.7071067811865474,-0.7071067811865477,0,1,1,3.7774108658888887,5.649819748388889,4.440933167611111,5.081265362833333,18.23027304580556,17.865298132333333,17.723165066277776,17.717666968083332,0.0,0.0,0.0,0.0
B3,roll_03,rf,2026-01-31 22:00:00+00:00,2026-01-31 23:00:00+00:00,0,1,2025-12-08T00:00:00+00:00,2026-01-26T00:00:00+00:00,2026-01-26T00:00:00+00:00,2026-02-02T00:00:00+00:00,565.2245665261389,478.3488832696559,86.875683256483,0,night,0,0.0,0,1,0,1,1,0,11,0,0,0,1,0,1,0,1,0,0,0,1,0,0,0,0,0,5,518.3547093412777,552.9098461985833,617.2218638224722,560.803781971389,22,0.8660254037844384,-0.5000000000000004,0,1,1,3.4897308291944444,5.809892205944444,3.7774108658888887,4.786386629583333,17.98149304761111,18.060589775333334,18.23027304580556,17.870216187916668,0.0,0.0,0.0,0.0
B3,roll_03,rf,2026-01-31 23:00:00+00:00,2026-02-01 00:00:00+00:00,0,1,2025-12-08T00:00:00+00:00,2026-01-26T00:00:00+00:00,2026-01-26T00:00:00+00:00,2026-02-02T00:00:00+00:00,564.1097782727777,481.009077678704,83.10070059407371,0,night,0,0.0,0,1,0,1,1,0,11,0,0,0,1,0,1,0,1,0,0,0,1,0,0,0,0,0,5,430.99813492583326,560.803781971389,560.833410557,565.2245665261389,23,0.965925826289068,-0.2588190451025215,0,1,1,3.5326573690000003,5.70738836675,3.4897308291944444,4.713329532638888,18.31189549144444,18.156869020583333,17.98149304761111,18.05467717175,0.0,0.0,0.0,0.0
B3,roll_03,rf,2026-02-01 00:00:00+00:00,2026-02-01 01:00:00+00:00,0,1,2025-12-08T00:00:00+00:00,2026-01-26T00:00:00+00:00,2026-01-26T00:00:00+00:00,2026-02-02T00:00:00+00:00,533.409867254,502.25552349877483,31.15434375522517,0,night,0,0.0,0,1,0,1,1,0,11,0,0,0,1,0,1,0,1,0,0,0,1,0,0,0,0,0,6,377.7188413770555,565.2245665261389,568.5592018373611,564.1097782727777,0,1.0,0.0,0,1,2,3.8372821672222224,5.6147730122777775,3.5326573690000003,4.703963593666667,18.13831279555556,18.11037431958333,18.31189549144444,18.44129268458333,0.0,0.0,0.0,0.0
B3,roll_03,rf,2026-02-01 01:00:00+00:00,2026-02-01 02:00:00+00:00,0,1,2025-12-08T00:00:00+00:00,2026-01-26T00:00:00+00:00,2026-01-26T00:00:00+00:00,2026-02-02T00:00:00+00:00,562.5751383565,478.8449273938032,83.73021096269684,0,night,0,0.0,0,1,0,1,1,0,11,0,0,0,0,1,1,0,1,0,0,0,1,0,0,0,0,0,6,364.4423996903056,564.1097782727777,560.2704962234167,533.409867254,1,0.9659258262890684,0.2588190451025207,0,1,2,3.1821613179166666,5.886597346611112,3.8372821672222224,4.574595359027778,18.042256365194447,18.483736475527778,18.13831279555556,18.31030418486112,0.0,0.0,0.0,0.0
B3,roll_03,rf,2026-02-01 02:00:00+00:00,2026-02-01 03:00:00+00:00,0,1,2025-12-08T00:00:00+00:00,2026-01-26T00:00:00+00:00,2026-01-26T00:00:00+00:00,2026-02-02T00:00:00+00:00,534.4757679513611,482.668186373182,51.80758157817917,0,night,0,0.0,0,1,0,1,1,0,11,0,0,0,0,1,1,0,1,0,0,0,1,0,0,0,0,0,6,384.5271624152222,533.409867254,565.4011130005833,562.5751383565,2,0.8660254037844387,0.4999999999999999,0,1,2,2.698781669777778,5.938280689361111,3.1821613179166666,4.697502777333333,18.15492261975,18.49985763155556,18.042256365194447,18.300521219944443,0.0,0.0,0.0,0.0
B3,roll_03,rf,2026-02-01 03:00:00+00:00,2026-02-01 04:00:00+00:00,0,1,2025-12-08T00:00:00+00:00,2026-01-26T00:00:00+00:00,2026-01-26T00:00:00+00:00,2026-02-02T00:00:00+00:00,559.3680544099722,880.0926866080931,-320.72463219812096,0,night,0,0.0,0,1,0,1,1,0,11,0,0,0,0,1,1,0,1,0,0,0,1,0,0,0,0,0,6,395.30640441158334,562.5751383565,568.1319450434166,534.4757679513611,3,0.7071067811865476,0.7071067811865476,0,1,2,2.4964807060833336,5.830688939638889,2.698781669777778,4.8230679848888895,18.078049501583333,18.36806043725,18.15492261975,18.164699992694445,0.0,0.0,0.0,0.0
B3,roll_03,rf,2026-02-01 04:00:00+00:00,2026-02-01 05:00:00+00:00,0,1,2025-12-08T00:00:00+00:00,2026-01-26T00:00:00+00:00,2026-01-26T00:00:00+00:00,2026-02-02T00:00:00+00:00,555.9197919330833,907.5719447864267,-351.6521528533434,0,night,0,0.0,0,1,0,1,1,0,11,0,0,0,0,1,1,0,1,0,0,0,1,0,0,0,0,0,6,963.782436518,534.4757679513611,1108.9278010010555,559.3680544099722,4,0.5000000000000001,0.8660254037844386,0,1,2,2.212842818472222,5.175912236194445,2.4964807060833336,4.949926086694444,18.102337799305555,18.4531641925,18.078049501583333,18.495093935444444,0.0,0.0,0.0,0.0
B3,roll_03,rf,2026-02-01 05:00:00+00:00,2026-02-01 06:00:00+00:00,0,1,2025-12-08T00:00:00+00:00,2026-01-26T00:00:00+00:00,2026-01-26T00:00:00+00:00,2026-02-02T00:00:00+00:00,1160.5435193141388,880.2789109521516,280.26460836198726,0,night,0,0.0,0,1,0,1,1,0,11,0,0,0,0,1,1,0,1,0,0,0,1,0,0,0,0,0,6,1696.815230154389,559.3680544099722,1973.961116742889,555.9197919330833,5,0.2588190451025207,0.9659258262890684,0,1,2,3.237864923555556,4.974422407805555,2.212842818472222,5.061477725916666,18.201222131833333,18.711754044777777,18.102337799305555,18.650027333527778,0.0,0.0,0.0,0.0
B3,roll_03,rf,2026-02-01 06:00:00+00:00,2026-02-01 07:00:00+00:00,0,1,2025-12-08T00:00:00+00:00,2026-01-26T00:00:00+00:00,2026-01-26T00:00:00+00:00,2026-02-02T00:00:00+00:00,691.6709654138334,1760.9382013511586,-1069.267235937325,0,night,0,0.0,0,1,0,0,0,0,0,0,0,0,0,0,0,0,0,0,0,0,0,0,0,0,0,0,6,1659.7306816588614,555.9197919330833,2133.987086771556,1160.5435193141388,6,6.123233995736766e-17,1.0,0,1,2,3.8328786741666665,4.992939964055556,3.237864923555556,5.25389160675,18.61053815477777,18.560369708916667,18.201222131833333,18.82857789311112,0.0,0.0,0.0,0.0
B3,roll_03,rf,2026-02-01 07:00:00+00:00,2026-02-01 08:00:00+00:00,0,1,2025-12-08T00:00:00+00:00,2026-01-26T00:00:00+00:00,2026-01-26T00:00:00+00:00,2026-02-02T00:00:00+00:00,1089.2109433604444,1021.4032434253721,67.80769993507226,1,night,0,0.0,0,1,0,0,0,0,0,0,0,0,0,0,0,0,0,0,0,0,0,0,0,0,0,0,6,2231.1363579284443,1160.5435193141388,1020.5726502083334,691.6709654138334,7,-0.2588190451025206,0.9659258262890684,0,1,2,4.237392116472222,4.933367505611112,3.8328786741666665,5.424044650305555,17.88786849641667,18.55700058877778,18.61053815477777,18.197251676277777,0.0,0.0,0.0,0.0
B3,roll_03,rf,2026-02-01 08:00:00+00:00,2026-02-01 09:00:00+00:00,0,1,2025-12-08T00:00:00+00:00,2026-01-26T00:00:00+00:00,2026-01-26T00:00:00+00:00,2026-02-02T00:00:00+00:00,303.2054646118889,1299.4980829254007,-996.2926183135119,1,low,0,0.0,0,2,0,0,0,0,0,0,0,0,0,0,0,0,0,0,0,0,0,0,0,0,0,0,6,2238.324116505972,691.6709654138334,419.2874801181944,1089.2109433604444,8,-0.4999999999999998,0.8660254037844387,0,1,2,5.01099208125,4.832365699444444,4.237392116472222,6.129296162111111,18.566264010416667,18.49024153463889,17.88786849641667,17.893700756944444,106.04772709316669,0.0,0.0,98.26437011297224
B3,roll_03,rf,2026-02-01 09:00:00+00:00,2026-02-01 10:00:00+00:00,0,1,2025-12-08T00:00:00+00:00,2026-01-26T00:00:00+00:00,2026-01-26T00:00:00+00:00,2026-02-02T00:00:00+00:00,306.5586802728889,733.4361207531671,-426.87744048027815,1,low,0,0.0,0,2,0,0,0,0,0,0,0,0,0,0,0,0,0,0,0,0,0,0,0,0,0,0,6,2327.768168646222,1089.2109433604444,250.3521221068889,303.2054646118889,9,-0.7071067811865475,0.7071067811865476,0,1,2,5.626684347805555,4.46485140163889,5.01099208125,6.980553941499999,18.47450458186111,18.60976037316667,18.566264010416667,18.21654997936111,248.01824049366667,20.07319077258333,106.04772709316669,249.34129817261112
B3,roll_03,rf,2026-02-01 10:00:00+00:00,2026-02-01 11:00:00+00:00,0,1,2025-12-08T00:00:00+00:00,2026-01-26T00:00:00+00:00,2026-01-26T00:00:00+00:00,2026-02-02T00:00:00+00:00,298.92543760088887,453.1443326311795,-154.21889503029064,1,low,0,0.0,0,2,0,0,0,0,0,0,0,0,0,0,0,0,0,0,0,0,0,0,0,0,0,0,6,3079.3561128761667,303.2054646118889,334.93582907008334,306.5586802728889,10,-0.8660254037844387,0.4999999999999999,0,1,2,6.359563082472222,4.6137414355,5.626684347805555,7.7654809172777775,18.573064382416668,18.23413413661111,18.47450458186111,18.19416112413889,301.1109472033611,79.55278716463889,248.01824049366667,250.70677482605552
B3,roll_03,rf,2026-02-01 11:00:00+00:00,2026-02-01 12:00:00+00:00,0,1,2025-12-08T00:00:00+00:00,2026-01-26T00:00:00+00:00,2026-01-26T00:00:00+00:00,2026-02-02T00:00:00+00:00,73.55411946638888,416.8560912384368,-343.3019717720479,1,low,0,0.0,0,2,0,0,0,0,0,0,0,0,0,0,0,0,0,0,0,0,0,0,0,0,0,0,6,1060.977643347722,306.5586802728889,-25.482023055444444,298.92543760088887,11,-0.9659258262890682,0.258819045102521,0,1,2,6.701555503277778,5.1184929485833335,6.359563082472222,8.519014925166667,18.641836500222222,18.24494905780556,18.573064382416668,18.472632186222224,264.21803932213885,220.18301505319445,301.1109472033611,612.0282062237222
B3,roll_03,rf,2026-02-01 12:00:00+00:00,2026-02-01 13:00:00+00:00,0,1,2025-12-08T00:00:00+00:00,2026-01-26T00:00:00+00:00,2026-01-26T00:00:00+00:00,2026-02-02T00:00:00+00:00,151.58054217927778,381.9277411159408,-230.34719893666303,1,med,0,0.0,0,2,0,0,0,0,0,0,0,0,0,0,0,0,0,0,0,0,0,0,0,0,0,0,6,1745.3068945306666,298.92543760088887,-362.59401059927774,73.55411946638888,12,-1.0,1.2246467991473532e-16,0,1,2,6.799436887527777,6.667484349638889,6.701555503277778,9.44202883811111,18.791125845166665,19.08982180188889,18.641836500222222,18.927687698194443,435.7445417964166,527.3673956102779,264.21803932213885,951.2261224310834
B3,roll_03,rf,2026-02-01 13:00:00+00:00,2026-02-01 14:00:00+00:00,0,1,2025-12-08T00:00:00+00:00,2026-01-26T00:00:00+00:00,2026-01-26T00:00:00+00:00,2026-02-02T00:00:00+00:00,1336.6438164391946,493.48987531166495,843.1539411275296,1,med,0,0.0,0,2,0,0,0,0,0,0,0,0,0,0,0,0,0,0,0,0,0,0,0,0,0,0,6,906.8727746182224,73.55411946638888,-31.184125589083333,151.58054217927778,13,-0.9659258262890684,-0.2588190451025208,0,1,2,8.563500269777778,7.015248214916667,6.799436887527777,9.86314300127778,19.11458533352777,18.02789201130556,18.791125845166665,22.238324754305555,910.9197011827224,212.62666984819444,435.7445417964166,534.3037095073611
B3,roll_03,rf,2026-02-01 14:00:00+00:00,2026-02-01 15:00:00+00:00,0,1,2025-12-08T00:00:00+00:00,2026-01-26T00:00:00+00:00,2026-01-26T00:00:00+00:00,2026-02-02T00:00:00+00:00,1896.0841900744165,1153.7263673521625,742.357822722254,1,med,0,0.0,0,2,0,0,0,0,0,0,0,0,0,0,0,0,0,0,0,0,0,0,0,0,0,0,6,1490.25308828425,151.58054217927778,-90.87281389516666,1336.6438164391946,14,-0.8660254037844388,-0.4999999999999997,0,1,2,9.976889929027775,7.1463404341666665,8.563500269777778,10.303680118944444,19.289118039166667,18.02865631725,19.11458533352777,18.43448147455556,639.4901448136667,125.078570753,910.9197011827224,583.7794679558612
B3,roll_03,rf,2026-02-01 15:00:00+00:00,2026-02-01 16:00:00+00:00,0,1,2025-12-08T00:00:00+00:00,2026-01-26T00:00:00+00:00,2026-01-26T00:00:00+00:00,2026-02-02T00:00:00+00:00,2484.501672130778,1597.536015270344,886.9656568604339,1,low,0,0.0,0,2,0,0,0,0,0,0,0,0,0,0,0,0,0,0,0,0,0,0,0,0,0,0,6,924.6930943503612,1336.6438164391946,422.2890764387501,1896.0841900744165,15,-0.7071067811865479,-0.7071067811865471,0,1,2,9.471447134777778,6.817918164777777,9.976889929027775,9.053904908055555,18.72145362119445,17.959508398916665,19.289118039166667,17.928356537861113,146.96965613394443,0.0,639.4901448136667,94.08787515758333
B3,roll_03,rf,2026-02-01 16:00:00+00:00,2026-02-01 17:00:00+00:00,0,1,2025-12-08T00:00:00+00:00,2026-01-26T00:00:00+00:00,2026-01-26T00:00:00+00:00,2026-02-02T00:00:00+00:00,2486.544613380472,1929.9278860543182,556.616727326154,0,night,0,0.0,0,2,0,0,0,0,0,0,0,0,0,0,0,0,0,0,0,0,0,0,0,0,0,0,6,1936.265559235028,1896.0841900744165,514.5742918275556,2484.501672130778,16,-0.5000000000000004,-0.8660254037844385,0,1,2,7.681018360972222,6.112700724861111,9.471447134777778,7.789694033361112,18.355588006666668,18.36010683186112,18.72145362119445,17.82899920875,0.0,0.0,146.96965613394443,0.0
B3,roll_03,rf,2026-02-01 17:00:00+00:00,2026-02-01 18:00:00+00:00,0,1,2025-12-08T00:00:00+00:00,2026-01-26T00:00:00+00:00,2026-01-26T00:00:00+00:00,2026-02-02T00:00:00+00:00,2612.5492478209444,2025.9890564711707,586.5601913497737,0,night,0,0.0,0,2,0,0,0,0,0,0,0,0,0,0,0,0,0,0,0,0,0,0,0,0,0,0,6,1053.6913190111388,2484.501672130778,555.1924943127777,2486.544613380472,17,-0.2588190451025206,-0.9659258262890684,0,1,2,6.242695821472222,5.021550218833333,7.681018360972222,6.755247698277778,18.471300794,17.625167409194443,18.355588006666668,17.967200165388892,0.0,0.0,0.0,0.0
B3,roll_03,rf,2026-02-01 18:00:00+00:00,2026-02-01 19:00:00+00:00,0,1,2025-12-08T00:00:00+00:00,2026-01-26T00:00:00+00:00,2026-01-26T00:00:00+00:00,2026-02-02T00:00:00+00:00,3017.157618471861,2052.8251588211097,964.3324596507514,0,night,0,0.0,0,2,0,0,0,0,0,0,0,0,0,0,0,0,0,0,0,0,0,0,0,0,0,0,6,1042.3809986754163,2486.544613380472,563.0741589198611,2612.5492478209444,18,-1.8369701987210292e-16,-1.0,0,1,2,5.216167870194445,4.227878578694444,6.242695821472222,5.767976541222222,18.42057814105556,17.660656862222222,18.471300794,17.834140197916668,0.0,0.0,0.0,0.0
B3,roll_03,rf,2026-02-01 19:00:00+00:00,2026-02-01 20:00:00+00:00,0,1,2025-12-08T00:00:00+00:00,2026-01-26T00:00:00+00:00,2026-01-26T00:00:00+00:00,2026-02-02T00:00:00+00:00,2133.137917275778,2474.2362261249887,-341.09830884921075,0,night,0,0.0,0,1,0,0,0,0,0,0,0,0,0,0,0,0,0,0,0,0,0,0,0,0,0,0,6,849.7813898698611,2612.5492478209444,532.8345183753889,3017.157618471861,19,0.2588190451025203,-0.9659258262890684,0,1,2,4.222881066444445,3.6091518839166654,5.216167870194445,4.9639147325833335,18.158003166277776,17.591231184888887,18.42057814105556,17.848143047277777,0.0,0.0,0.0,0.0
B3,roll_03,rf,2026-02-01 20:00:00+00:00,2026-02-01 21:00:00+00:00,0,1,2025-12-08T00:00:00+00:00,2026-01-26T00:00:00+00:00,2026-01-26T00:00:00+00:00,2026-02-02T00:00:00+00:00,952.1327068525555,1755.650217999688,-803.5175111471325,0,night,0,0.0,0,1,0,0,0,0,0,0,0,0,0,0,0,0,0,0,0,0,0,0,0,0,0,0,6,739.4192231492499,3017.157618471861,552.461400302111,2133.137917275778,20,0.5000000000000001,-0.8660254037844386,0,1,2,3.7358408869444446,3.3640960108888893,4.222881066444445,4.440933167611111,18.141454766611112,17.554591725333335,18.158003166277776,17.723165066277776,0.0,0.0,0.0,0.0
B3,roll_03,rf,2026-02-01 21:00:00+00:00,2026-02-01 22:00:00+00:00,0,1,2025-12-08T00:00:00+00:00,2026-01-26T00:00:00+00:00,2026-01-26T00:00:00+00:00,2026-02-02T00:00:00+00:00,1463.8755507140277,929.2469568170445,534.6285938969831,0,night,0,0.0,0,1,0,0,0,0,0,0,0,0,0,0,0,0,0,0,0,0,0,0,0,0,0,0,6,575.8166761095833,2133.137917275778,552.9098461985833,952.1327068525555,21,0.7071067811865474,-0.7071067811865477,0,1,2,3.463399385861111,4.178278312777778,3.7358408869444446,3.7774108658888887,17.990124485333332,17.66102431277778,18.141454766611112,18.23027304580556,0.0,0.0,0.0,0.0
B3,roll_03,persistence,2026-01-25 23:00:00+00:00,2026-01-26 00:00:00+00:00,0,1,2025-12-08T00:00:00+00:00,2026-01-26T00:00:00+00:00,2026-01-26T00:00:00+00:00,2026-02-02T00:00:00+00:00,369.4281183008611,401.8299940770556,-32.40187577619446,0,night,0,0.0,0,1,0,0,0,0,0,0,0,0,0,0,0,0,0,0,0,0,0,0,0,0,0,0,6,371.8011446672778,367.5400825782778,430.99813492583326,401.8299940770556,23,0.965925826289068,-0.2588190451025215,0,1,1,4.466046058277779,7.6601376606111105,4.361512489777778,5.70738836675,18.2452798105,18.329515098027777,17.980475572111114,18.156869020583333,0.0,0.0,0.0,0.0
B3,roll_03,persistence,2026-01-26 00:00:00+00:00,2026-01-26 01:00:00+00:00,0,1,2025-12-08T00:00:00+00:00,2026-01-26T00:00:00+00:00,2026-01-26T00:00:00+00:00,2026-02-02T00:00:00+00:00,418.7639288361667,369.4281183008611,49.3358105353056,0,night,0,0.0,0,1,0,0,0,0,0,0,0,0,0,0,0,0,0,0,0,0,0,0,0,0,0,0,0,368.0171135468333,401.8299940770556,377.7188413770555,369.4281183008611,0,1.0,0.0,0,0,1,4.461170374777778,7.471285470472222,4.466046058277779,5.6147730122777775,18.523186238833336,18.324939880888888,18.2452798105,18.11037431958333,0.0,0.0,0.0,0.0
B3,roll_03,persistence,2026-01-26 01:00:00+00:00,2026-01-26 02:00:00+00:00,0,1,2025-12-08T00:00:00+00:00,2026-01-26T00:00:00+00:00,2026-01-26T00:00:00+00:00,2026-02-02T00:00:00+00:00,391.5396551361389,418.7639288361667,-27.224273700027823,0,night,0,0.0,0,1,0,0,0,0,0,0,0,0,0,0,0,0,0,0,0,0,0,0,0,0,0,0,0,370.43651664125,369.4281183008611,364.4423996903056,418.7639288361667,1,0.9659258262890684,0.2588190451025207,0,0,1,4.7878055041388885,7.240814754666666,4.461170374777778,5.886597346611112,18.5138968555,18.191478372805555,18.523186238833336,18.483736475527778,0.0,0.0,0.0,0.0
B3,roll_03,persistence,2026-01-26 02:00:00+00:00,2026-01-26 03:00:00+00:00,0,1,2025-12-08T00:00:00+00:00,2026-01-26T00:00:00+00:00,2026-01-26T00:00:00+00:00,2026-02-02T00:00:00+00:00,371.4401780996666,391.5396551361389,-20.099477036472308,0,night,0,0.0,0,1,0,0,0,0,0,0,0,0,0,0,0,0,0,0,0,0,0,0,0,0,0,0,0,382.0239495386389,418.7639288361667,384.5271624152222,391.5396551361389,2,0.8660254037844387,0.4999999999999999,0,0,1,4.783428099083333,7.025713984444444,4.7878055041388885,5.938280689361111,21.99558707186111,18.308205069916667,18.5138968555,18.49985763155556,0.0,0.0,0.0,0.0
B3,roll_03,persistence,2026-01-26 03:00:00+00:00,2026-01-26 04:00:00+00:00,0,1,2025-12-08T00:00:00+00:00,2026-01-26T00:00:00+00:00,2026-01-26T00:00:00+00:00,2026-02-02T00:00:00+00:00,1028.218939733639,371.4401780996666,656.7787616339724,0,night,0,0.0,0,1,0,1,1,0,1,0,0,1,0,0,1,0,1,0,0,0,1,0,0,0,0,0,0,368.1878588306667,391.5396551361389,395.30640441158334,371.4401780996666,3,0.7071067811865476,0.7071067811865476,0,0,1,4.6246117731666665,6.843691117888889,4.783428099083333,5.830688939638889,18.55526118411112,18.22355256697222,21.99558707186111,18.36806043725,0.0,0.0,0.0,0.0
B3,roll_03,persistence,2026-01-26 04:00:00+00:00,2026-01-26 05:00:00+00:00,0,1,2025-12-08T00:00:00+00:00,2026-01-26T00:00:00+00:00,2026-01-26T00:00:00+00:00,2026-02-02T00:00:00+00:00,2114.055589798917,1028.218939733639,1085.836650065278,0,night,0,0.0,0,1,0,0,0,0,0,0,0,0,0,0,0,0,0,0,0,0,0,0,0,0,0,0,0,956.6022458266112,371.4401780996666,963.782436518,1028.218939733639,4,0.5000000000000001,0.8660254037844386,0,0,1,4.447174962083333,6.571004820500001,4.6246117731666665,5.175912236194445,18.50634147902778,18.381851679388888,18.55526118411112,18.4531641925,0.0,0.0,0.0,0.0
B3,roll_03,persistence,2026-01-26 05:00:00+00:00,2026-01-26 06:00:00+00:00,0,1,2025-12-08T00:00:00+00:00,2026-01-26T00:00:00+00:00,2026-01-26T00:00:00+00:00,2026-02-02T00:00:00+00:00,2600.770309974528,2114.055589798917,486.7147201756111,0,night,0,0.0,0,1,0,0,0,0,0,0,0,0,0,0,0,0,0,0,0,0,0,0,0,0,0,0,0,2097.5119466174724,1028.218939733639,1696.815230154389,2114.055589798917,5,0.2588190451025207,0.9659258262890684,0,0,1,4.408384114472223,6.230610997888888,4.447174962083333,4.974422407805555,18.76648325919444,18.81852253330556,18.50634147902778,18.711754044777777,0.0,0.0,0.0,0.0
B3,roll_03,persistence,2026-01-26 06:00:00+00:00,2026-01-26 07:00:00+00:00,0,1,2025-12-08T00:00:00+00:00,2026-01-26T00:00:00+00:00,2026-01-26T00:00:00+00:00,2026-02-02T00:00:00+00:00,2010.6085535996945,2600.770309974528,-590.1617563748337,0,night,0,0.0,0,1,0,0,0,0,0,0,0,0,0,0,0,0,0,0,0,0,0,0,0,0,0,0,0,2207.624277541472,2114.055589798917,1659.7306816588614,2600.770309974528,6,6.123233995736766e-17,1.0,0,0,1,4.431008716472223,6.104236992611111,4.408384114472223,4.992939964055556,18.49337982475,18.518887052166665,18.76648325919444,18.560369708916667,0.0,0.0,0.0,0.0
B3,roll_03,persistence,2026-01-26 07:00:00+00:00,2026-01-26 08:00:00+00:00,0,1,2025-12-08T00:00:00+00:00,2026-01-26T00:00:00+00:00,2026-01-26T00:00:00+00:00,2026-02-02T00:00:00+00:00,1665.4681254328334,2010.6085535996945,-345.14042816686106,1,low,0,0.0,0,1,0,0,0,0,0,0,0,0,0,0,0,0,0,0,0,0,0,0,0,0,0,0,0,743.501432477222,2600.770309974528,2231.1363579284443,2010.6085535996945,7,-0.2588190451025206,0.9659258262890684,0,0,1,4.217437003583334,6.0920939530833325,4.431008716472223,4.933367505611112,18.407470120777777,17.464818313277778,18.49337982475,18.55700058877778,23.868688164416664,0.0,0.0,0.0
B3,roll_03,persistence,2026-01-26 08:00:00+00:00,2026-01-26 09:00:00+00:00,0,1,2025-12-08T00:00:00+00:00,2026-01-26T00:00:00+00:00,2026-01-26T00:00:00+00:00,2026-02-02T00:00:00+00:00,1007.3270680508888,1665.4681254328334,-658.1410573819446,1,low,0,0.0,0,1,0,0,0,0,0,0,0,0,0,0,0,0,0,0,0,0,0,0,0,0,0,0,0,1602.210022772833,2010.6085535996945,2238.324116505972,1665.4681254328334,8,-0.4999999999999998,0.8660254037844387,0,0,1,4.718276212527778,6.376790769055556,4.217437003583334,4.832365699444444,18.409084794722222,18.106925738416667,18.407470120777777,18.49024153463889,232.3755870049445,52.25388250475,23.868688164416664,0.0
B3,roll_03,persistence,2026-01-26 09:00:00+00:00,2026-01-26 10:00:00+00:00,0,1,2025-12-08T00:00:00+00:00,2026-01-26T00:00:00+00:00,2026-01-26T00:00:00+00:00,2026-02-02T00:00:00+00:00,-569.4865977234444,1007.3270680508888,-1576.8136657743332,1,med,0,0.0,0,2,0,0,0,0,0,0,0,0,0,0,0,0,0,0,0,0,0,0,0,0,0,0,0,401.86281383952775,1665.4681254328334,2327.768168646222,1007.3270680508888,9,-0.7071067811865475,0.7071067811865476,0,0,1,6.201903485888889,6.883866901888889,4.718276212527778,4.46485140163889,19.274426173416668,17.851597591666668,18.409084794722222,18.60976037316667,957.7790681506112,200.28425978958333,232.3755870049445,20.07319077258333
B3,roll_03,persistence,2026-01-26 10:00:00+00:00,2026-01-26 11:00:00+00:00,0,1,2025-12-08T00:00:00+00:00,2026-01-26T00:00:00+00:00,2026-01-26T00:00:00+00:00,2026-02-02T00:00:00+00:00,-741.4332030484165,-569.4865977234444,-171.9466053249721,1,high,0,0.0,0,2,1,0,0,0,0,0,0,0,0,0,0,0,0,0,0,0,0,0,0,0,0,0,0,799.5036943302779,1007.3270680508888,3079.3561128761667,-569.4865977234444,10,-0.8660254037844387,0.4999999999999999,0,0,1,7.908126318222223,7.554804945722222,6.201903485888889,4.6137414355,19.29423308175,18.305271993833333,19.274426173416668,18.23413413661111,1452.9506088285557,300.6106887920556,957.7790681506112,79.55278716463889
B3,roll_03,persistence,2026-01-26 11:00:00+00:00,2026-01-26 12:00:00+00:00,0,1,2025-12-08T00:00:00+00:00,2026-01-26T00:00:00+00:00,2026-01-26T00:00:00+00:00,2026-02-02T00:00:00+00:00,-1079.799870834083,-741.4332030484165,-338.36666778566655,1,high,0,0.0,0,2,1,0,0,0,0,0,0,0,0,0,0,0,0,0,0,0,0,0,0,0,0,0,0,764.1083921755,-569.4865977234444,1060.977643347722,-741.4332030484165,11,-0.9659258262890682,0.258819045102521,0,0,1,8.922148164944444,7.938572868611111,7.908126318222223,5.1184929485833335,19.045338705444447,17.913517779527776,19.29423308175,18.24494905780556,1282.8998087142222,360.65137327452777,1452.9506088285557,220.18301505319445
B3,roll_03,persistence,2026-01-26 12:00:00+00:00,2026-01-26 13:00:00+00:00,0,1,2025-12-08T00:00:00+00:00,2026-01-26T00:00:00+00:00,2026-01-26T00:00:00+00:00,2026-02-02T00:00:00+00:00,94.50215176250003,-1079.799870834083,1174.3020225965831,1,high,0,0.0,0,2,1,0,0,0,0,0,0,0,0,0,0,0,0,0,0,0,0,0,0,0,0,0,0,135.93812644077775,-741.4332030484165,1745.3068945306666,-1079.799870834083,12,-1.0,1.2246467991473532e-16,0,0,1,9.81455455672222,8.697412192166667,8.922148164944444,6.667484349638889,19.22219746525,17.51108470222222,19.045338705444447,19.08982180188889,1568.292356256389,429.9776792980833,1282.8998087142222,527.3673956102779
B3,roll_03,persistence,2026-01-26 13:00:00+00:00,2026-01-26 14:00:00+00:00,0,1,2025-12-08T00:00:00+00:00,2026-01-26T00:00:00+00:00,2026-01-26T00:00:00+00:00,2026-02-02T00:00:00+00:00,-184.2188756273056,94.50215176250003,-278.7210273898056,1,high,0,0.0,0,3,0,0,0,0,0,0,0,0,0,0,0,0,0,0,0,0,0,0,0,0,0,0,0,227.14875664072224,-1079.799870834083,906.8727746182224,94.50215176250003,13,-0.9659258262890684,-0.2588190451025208,0,0,1,11.254398788638888,9.178790924722222,9.81455455672222,7.015248214916667,19.500437073166665,17.4767666915,19.22219746525,18.02789201130556,1276.3594904251663,331.27048653,1568.292356256389,212.62666984819444
B3,roll_03,persistence,2026-01-26 14:00:00+00:00,2026-01-26 15:00:00+00:00,0,1,2025-12-08T00:00:00+00:00,2026-01-26T00:00:00+00:00,2026-01-26T00:00:00+00:00,2026-02-02T00:00:00+00:00,297.8340901346389,-184.2188756273056,482.0529657619445,1,med,0,0.0,0,3,1,0,0,0,0,0,0,0,0,0,0,0,0,0,0,0,0,0,0,0,0,0,0,1951.074940760889,94.50215176250003,1490.25308828425,-184.2188756273056,14,-0.8660254037844388,-0.4999999999999997,0,0,1,11.926946225083334,8.86652897075,11.254398788638888,7.1463404341666665,18.60872707988889,18.02714254913889,19.500437073166665,18.02865631725,748.6199065452223,138.99832969141667,1276.3594904251663,125.078570753
B3,roll_03,persistence,2026-01-26 15:00:00+00:00,2026-01-26 16:00:00+00:00,0,1,2025-12-08T00:00:00+00:00,2026-01-26T00:00:00+00:00,2026-01-26T00:00:00+00:00,2026-02-02T00:00:00+00:00,931.8924169395276,297.8340901346389,634.0583268048887,1,low,0,0.0,0,3,0,0,0,0,0,0,0,0,0,0,0,0,0,0,0,0,0,0,0,0,0,0,0,806.2876032480555,-184.2188756273056,924.6930943503612,297.8340901346389,15,-0.7071067811865479,-0.7071067811865471,0,0,1,10.923911111027778,8.054252913972222,11.926946225083334,6.817918164777777,18.19638072175,17.764550296583334,18.60872707988889,17.959508398916665,222.2870635009722,60.29446228413889,748.6199065452223,0.0
B3,roll_03,persistence,2026-01-26 16:00:00+00:00,2026-01-26 17:00:00+00:00,0,1,2025-12-08T00:00:00+00:00,2026-01-26T00:00:00+00:00,2026-01-26T00:00:00+00:00,2026-02-02T00:00:00+00:00,2682.2788242863057,931.8924169395276,1750.386407346778,0,night,0,0.0,0,2,0,0,0,0,0,0,0,0,0,0,0,0,0,0,0,0,0,0,0,0,0,0,0,738.6692789706944,297.8340901346389,1936.265559235028,931.8924169395276,16,-0.5000000000000004,-0.8660254037844385,0,0,1,8.400742399944445,6.7582327050833335,10.923911111027778,6.112700724861111,17.840104336222222,17.51009285883333,18.19638072175,18.36010683186112,0.0,0.0,222.2870635009722,0.0
B3,roll_03,persistence,2026-01-26 17:00:00+00:00,2026-01-26 18:00:00+00:00,0,1,2025-12-08T00:00:00+00:00,2026-01-26T00:00:00+00:00,2026-01-26T00:00:00+00:00,2026-02-02T00:00:00+00:00,1447.201125872611,2682.2788242863057,-1235.0776984136946,0,night,0,0.0,0,2,0,0,0,0,0,0,0,0,0,0,0,0,0,0,0,0,0,0,0,0,0,0,0,1883.6500829357776,931.8924169395276,1053.6913190111388,2682.2788242863057,17,-0.2588190451025206,-0.9659258262890684,0,0,1,7.112603206694445,6.245921308277777,8.400742399944445,5.021550218833333,17.924488307083333,17.879649593055557,17.840104336222222,17.625167409194443,0.0,0.0,0.0,0.0
B3,roll_03,persistence,2026-01-26 18:00:00+00:00,2026-01-26 19:00:00+00:00,0,1,2025-12-08T00:00:00+00:00,2026-01-26T00:00:00+00:00,2026-01-26T00:00:00+00:00,2026-02-02T00:00:00+00:00,1800.8310691792778,1447.201125872611,353.62994330666675,0,night,0,0.0,0,2,0,0,0,0,0,0,0,0,0,0,0,0,0,0,0,0,0,0,0,0,0,0,0,1098.2935032161668,2682.2788242863057,1042.3809986754163,1447.201125872611,18,-1.8369701987210292e-16,-1.0,0,0,1,6.219289706472222,6.290845957444444,7.112603206694445,4.227878578694444,17.69503970936111,17.678952539277777,17.924488307083333,17.660656862222222,0.0,0.0,0.0,0.0
B3,roll_03,persistence,2026-01-26 19:00:00+00:00,2026-01-26 20:00:00+00:00,0,1,2025-12-08T00:00:00+00:00,2026-01-26T00:00:00+00:00,2026-01-26T00:00:00+00:00,2026-02-02T00:00:00+00:00,1879.5046675005,1800.8310691792778,78.67359832122224,0,night,0,0.0,0,2,0,0,0,0,0,0,0,0,0,0,0,0,0,0,0,0,0,0,0,0,0,0,0,1096.4852710823889,1447.201125872611,849.7813898698611,1800.8310691792778,19,0.2588190451025203,-0.9659258262890684,0,0,1,5.074136068694444,5.148736282194444,6.219289706472222,3.6091518839166654,17.853487320499998,17.924687961111108,17.69503970936111,17.591231184888887,0.0,0.0,0.0,0.0
B3,roll_03,persistence,2026-01-26 20:00:00+00:00,2026-01-26 21:00:00+00:00,0,1,2025-12-08T00:00:00+00:00,2026-01-26T00:00:00+00:00,2026-01-26T00:00:00+00:00,2026-02-02T00:00:00+00:00,982.8754678472778,1879.5046675005,-896.6291996532223,0,night,0,0.0,0,1,0,0,0,0,0,0,0,0,0,0,0,0,0,0,0,0,0,0,0,0,0,0,0,852.2087300646944,1800.8310691792778,739.4192231492499,1879.5046675005,20,0.5000000000000001,-0.8660254037844386,0,0,1,4.405074585055556,3.9840519537777777,5.074136068694444,3.3640960108888893,18.49665259761112,18.02282410180556,17.853487320499998,17.554591725333335,0.0,0.0,0.0,0.0
B3,roll_03,persistence,2026-01-26 21:00:00+00:00,2026-01-26 22:00:00+00:00,0,1,2025-12-08T00:00:00+00:00,2026-01-26T00:00:00+00:00,2026-01-26T00:00:00+00:00,2026-02-02T00:00:00+00:00,411.4689791798889,982.8754678472778,-571.4064886673889,0,night,0,0.0,0,1,0,0,0,0,0,0,0,0,0,0,0,0,0,0,0,0,0,0,0,0,0,0,0,568.0186646560555,1879.5046675005,575.8166761095833,982.8754678472778,21,0.7071067811865474,-0.7071067811865477,0,0,1,4.6045820965277775,3.315242828777778,4.405074585055556,4.178278312777778,18.201204467472223,18.144430832972223,18.49665259761112,17.66102431277778,0.0,0.0,0.0,0.0
B3,roll_03,persistence,2026-01-26 22:00:00+00:00,2026-01-26 23:00:00+00:00,0,1,2025-12-08T00:00:00+00:00,2026-01-26T00:00:00+00:00,2026-01-26T00:00:00+00:00,2026-02-02T00:00:00+00:00,370.9779513775556,411.4689791798889,-40.49102780233329,0,night,0,0.0,0,1,0,0,0,0,0,0,0,0,0,0,0,0,0,0,0,0,0,0,0,0,0,0,0,461.19813976011113,982.8754678472778,367.5400825782778,411.4689791798889,22,0.8660254037844384,-0.5000000000000004,0,0,1,3.385893129472222,2.735980420083333,4.6045820965277775,4.361512489777778,18.39947556380556,18.098196491611112,18.201204467472223,17.980475572111114,0.0,0.0,0.0,0.0
B3,roll_03,persistence,2026-01-26 23:00:00+00:00,2026-01-27 00:00:00+00:00,0,1,2025-12-08T00:00:00+00:00,2026-01-26T00:00:00+00:00,2026-01-26T00:00:00+00:00,2026-02-02T00:00:00+00:00,389.13017225908334,370.9779513775556,18.15222088152774,0,night,0,0.0,0,1,0,0,0,0,0,0,0,0,0,0,0,0,0,0,0,0,0,0,0,0,0,0,0,356.1728901926111,411.4689791798889,401.8299940770556,370.9779513775556,23,0.965925826289068,-0.2588190451025215,0,0,1,3.129626014638889,2.691163158333333,3.385893129472222,4.466046058277779,18.01849170036111,18.135445305027776,18.39947556380556,18.2452798105,0.0,0.0,0.0,0.0
B3,roll_03,persistence,2026-01-27 00:00:00+00:00,2026-01-27 01:00:00+00:00,0,1,2025-12-08T00:00:00+00:00,2026-01-26T00:00:00+00:00,2026-01-26T00:00:00+00:00,2026-02-02T00:00:00+00:00,376.84390502849993,389.13017225908334,-12.286267230583405,0,night,0,0.0,0,1,0,0,0,0,0,0,0,0,0,0,0,0,0,0,0,0,0,0,0,0,0,0,1,357.6195414715833,370.9779513775556,369.4281183008611,389.13017225908334,0,1.0,0.0,0,0,1,2.743908631833333,3.258476226361111,3.129626014638889,4.461170374777778,18.11665515311111,18.171040281166665,18.01849170036111,18.523186238833336,0.0,0.0,0.0,0.0
B3,roll_03,persistence,2026-01-27 01:00:00+00:00,2026-01-27 02:00:00+00:00,0,1,2025-12-08T00:00:00+00:00,2026-01-26T00:00:00+00:00,2026-01-26T00:00:00+00:00,2026-02-02T00:00:00+00:00,378.1934371171667,376.84390502849993,1.3495320886667628,0,night,0,0.0,0,1,0,1,1,0,3,0,0,0,1,0,1,0,1,0,0,0,1,0,0,0,0,0,1,383.7339380009167,389.13017225908334,418.7639288361667,376.84390502849993,1,0.9659258262890684,0.2588190451025207,0,0,1,2.198439433722222,3.905557372666667,2.743908631833333,4.7878055041388885,18.476353367805554,18.144093502972225,18.11665515311111,18.5138968555,0.0,0.0,0.0,0.0
B3,roll_03,persistence,2026-01-27 02:00:00+00:00,2026-01-27 03:00:00+00:00,0,1,2025-12-08T00:00:00+00:00,2026-01-26T00:00:00+00:00,2026-01-26T00:00:00+00:00,2026-02-02T00:00:00+00:00,391.1898017904167,378.1934371171667,12.996364673250014,0,night,0,0.0,0,1,0,1,1,0,3,0,0,0,1,0,1,0,1,0,0,0,1,0,0,0,0,0,1,363.2547627211111,376.84390502849993,391.5396551361389,378.1934371171667,2,0.8660254037844387,0.4999999999999999,0,0,1,1.795074136083333,4.134615724138889,2.198439433722222,4.783428099083333,18.332823389944448,18.23647207447222,18.476353367805554,21.99558707186111,0.0,0.0,0.0,0.0
B3,roll_03,persistence,2026-01-27 03:00:00+00:00,2026-01-27 04:00:00+00:00,0,1,2025-12-08T00:00:00+00:00,2026-01-26T00:00:00+00:00,2026-01-26T00:00:00+00:00,2026-02-02T00:00:00+00:00,949.6719199514168,391.1898017904167,558.4821181610001,0,night,0,0.0,0,1,0,1,1,0,3,0,0,0,1,0,1,0,1,0,0,0,1,0,0,0,0,0,1,365.0164142213889,378.1934371171667,371.4401780996666,391.1898017904167,3,0.7071067811865476,0.7071067811865476,0,0,1,1.2846833624722225,4.029189530722222,1.795074136083333,4.6246117731666665,18.03301575336111,18.45093115375,18.332823389944448,18.55526118411112,0.0,0.0,0.0,0.0
B3,roll_03,persistence,2026-01-27 04:00:00+00:00,2026-01-27 05:00:00+00:00,0,1,2025-12-08T00:00:00+00:00,2026-01-26T00:00:00+00:00,2026-01-26T00:00:00+00:00,2026-02-02T00:00:00+00:00,1868.492211110528,949.6719199514168,918.8202911591111,0,night,0,0.0,0,1,0,0,0,0,0,0,0,0,0,0,0,0,0,0,0,0,0,0,0,0,0,0,1,1039.7831993372222,391.1898017904167,1028.218939733639,949.6719199514168,4,0.5000000000000001,0.8660254037844386,0,0,1,1.1562568538333335,4.2755308662500005,1.2846833624722225,4.447174962083333,18.49733369363889,18.48283673330556,18.03301575336111,18.50634147902778,0.0,0.0,0.0,0.0
B3,roll_03,persistence,2026-01-27 05:00:00+00:00,2026-01-27 06:00:00+00:00,0,1,2025-12-08T00:00:00+00:00,2026-01-26T00:00:00+00:00,2026-01-26T00:00:00+00:00,2026-02-02T00:00:00+00:00,1857.5546669058888,1868.492211110528,-10.937544204639153,0,night,0,0.0,0,1,0,0,0,0,0,0,0,0,0,0,0,0,0,0,0,0,0,0,0,0,0,0,1,1994.0688999676115,949.6719199514168,2114.055589798917,1868.492211110528,5,0.2588190451025207,0.9659258262890684,0,0,1,0.9838426465833332,4.0833006567500005,1.1562568538333335,4.408384114472223,18.67930558830556,18.61474645088889,18.49733369363889,18.76648325919444,0.0,0.0,0.0,0.0
B3,roll_03,persistence,2026-01-27 06:00:00+00:00,2026-01-27 07:00:00+00:00,0,1,2025-12-08T00:00:00+00:00,2026-01-26T00:00:00+00:00,2026-01-26T00:00:00+00:00,2026-02-02T00:00:00+00:00,1526.8297823245,1857.5546669058888,-330.7248845813888,0,night,0,0.0,0,1,0,0,0,0,0,0,0,0,0,0,0,0,0,0,0,0,0,0,0,0,0,0,1,2029.167694873528,1868.492211110528,2600.770309974528,1857.5546669058888,6,6.123233995736766e-17,1.0,0,0,1,1.1472138321111112,3.4344617149444443,0.9838426465833332,4.431008716472223,18.36578900947222,18.44960326755556,18.67930558830556,18.49337982475,0.0,0.0,0.0,0.0
B3,roll_03,persistence,2026-01-27 07:00:00+00:00,2026-01-27 08:00:00+00:00,0,1,2025-12-08T00:00:00+00:00,2026-01-26T00:00:00+00:00,2026-01-26T00:00:00+00:00,2026-02-02T00:00:00+00:00,1412.669924658583,1526.8297823245,-114.15985766591689,1,low,0,0.0,0,1,0,0,0,0,0,0,0,0,0,0,0,0,0,0,0,0,0,0,0,0,0,0,1,2071.0094555605,1857.5546669058888,2010.6085535996945,1526.8297823245,7,-0.2588190451025206,0.9659258262890684,0,0,1,1.5920451545555556,3.243632700527778,1.1472138321111112,4.217437003583334,18.29162538472222,18.262677875222224,18.36578900947222,18.407470120777777,181.0939341638056,25.396158990166665,0.0,23.868688164416664
B3,roll_03,persistence,2026-01-27 08:00:00+00:00,2026-01-27 09:00:00+00:00,0,1,2025-12-08T00:00:00+00:00,2026-01-26T00:00:00+00:00,2026-01-26T00:00:00+00:00,2026-02-02T00:00:00+00:00,1534.4343933593334,1412.669924658583,121.76446870075029,1,med,0,0.0,0,1,0,0,0,0,0,0,0,0,0,0,0,0,0,0,0,0,0,0,0,0,0,0,1,1907.5549124286945,1526.8297823245,1665.4681254328334,1412.669924658583,8,-0.4999999999999998,0.8660254037844387,0,0,1,3.136497066611111,3.802172906555555,1.5920451545555556,4.718276212527778,18.65486796255556,18.28468123055556,18.29162538472222,18.409084794722222,499.9208653843889,287.3037690233889,181.0939341638056,232.3755870049445
B3,roll_03,persistence,2026-01-27 09:00:00+00:00,2026-01-27 10:00:00+00:00,0,1,2025-12-08T00:00:00+00:00,2026-01-26T00:00:00+00:00,2026-01-26T00:00:00+00:00,2026-02-02T00:00:00+00:00,1156.7474213855278,1534.4343933593334,-377.6869719738056,1,med,0,0.0,0,1,0,0,0,0,0,0,0,0,0,0,0,0,0,0,0,0,0,0,0,0,0,0,1,720.9783473233889,1412.669924658583,1007.3270680508888,1534.4343933593334,9,-0.7071067811865475,0.7071067811865476,0,0,1,4.706430078027778,5.253853115111111,3.136497066611111,6.201903485888889,18.752280843,18.12476716330556,18.65486796255556,19.274426173416668,628.2161829386944,621.6916147889167,499.9208653843889,957.7790681506112
B3,roll_03,persistence,2026-01-27 10:00:00+00:00,2026-01-27 11:00:00+00:00,0,1,2025-12-08T00:00:00+00:00,2026-01-26T00:00:00+00:00,2026-01-26T00:00:00+00:00,2026-02-02T00:00:00+00:00,339.89285018286114,1156.7474213855278,-816.8545712026666,1,med,0,0.0,0,2,0,0,0,0,0,0,0,0,0,0,0,0,0,0,0,0,0,0,0,0,0,0,1,151.7976551743889,1534.4343933593334,-569.4865977234444,1156.7474213855278,10,-0.8660254037844387,0.4999999999999999,0,0,1,6.267240583472223,6.455607524222223,4.706430078027778,7.908126318222223,19.328630021027777,18.34517670655556,18.752280843,19.29423308175,1074.0207572205,959.4708232418888,628.2161829386944,1452.9506088285557
B3,roll_03,persistence,2026-01-27 11:00:00+00:00,2026-01-27 12:00:00+00:00,0,1,2025-12-08T00:00:00+00:00,2026-01-26T00:00:00+00:00,2026-01-26T00:00:00+00:00,2026-02-02T00:00:00+00:00,1030.8584088937498,339.89285018286114,690.9655587108887,1,med,0,0.0,0,2,0,0,0,0,0,0,0,0,0,0,0,0,0,0,0,0,0,0,0,0,0,0,1,787.0186959797501,1156.7474213855278,-741.4332030484165,339.89285018286114,11,-0.9659258262890682,0.258819045102521,0,0,1,7.697859210388889,6.95239593825,6.267240583472223,8.922148164944444,19.243634988,18.396018660722223,19.328630021027777,19.045338705444447,965.1249525716944,590.2926090344722,1074.0207572205,1282.8998087142222
B3,roll_03,persistence,2026-01-27 12:00:00+00:00,2026-01-27 13:00:00+00:00,0,1,2025-12-08T00:00:00+00:00,2026-01-26T00:00:00+00:00,2026-01-26T00:00:00+00:00,2026-02-02T00:00:00+00:00,1307.5905215424166,1030.8584088937498,276.73211264866677,1,low,0,0.0,0,2,0,0,0,0,0,0,0,0,0,0,0,0,0,0,0,0,0,0,0,0,0,0,1,-140.12853059388888,339.89285018286114,-1079.799870834083,1030.8584088937498,12,-1.0,1.2246467991473532e-16,0,0,1,8.44994003075,7.796212953166666,7.697859210388889,9.81455455672222,18.26876692975,17.971774747861108,19.243634988,19.22219746525,211.40887729319445,566.0869300739722,965.1249525716944,1568.292356256389
B3,roll_03,persistence,2026-01-27 13:00:00+00:00,2026-01-27 14:00:00+00:00,0,1,2025-12-08T00:00:00+00:00,2026-01-26T00:00:00+00:00,2026-01-26T00:00:00+00:00,2026-02-02T00:00:00+00:00,899.1258070269446,1307.5905215424166,-408.464714515472,1,low,0,0.0,0,2,0,0,0,0,0,0,0,0,0,0,0,0,0,0,0,0,0,0,0,0,0,0,1,90.30469802694444,1030.8584088937498,94.50215176250003,1307.5905215424166,13,-0.9659258262890684,-0.2588190451025208,0,0,1,8.259617161472223,7.90864646013889,8.44994003075,11.254398788638888,18.076811365166662,17.30683716836111,18.26876692975,19.500437073166665,95.77065074513888,232.06871784988888,211.40887729319445,1276.3594904251663
B3,roll_03,persistence,2026-01-27 14:00:00+00:00,2026-01-27 15:00:00+00:00,0,1,2025-12-08T00:00:00+00:00,2026-01-26T00:00:00+00:00,2026-01-26T00:00:00+00:00,2026-02-02T00:00:00+00:00,1560.9848600250834,899.1258070269446,661.8590529981388,1,low,0,0.0,0,2,0,0,0,0,0,0,0,0,0,0,0,0,0,0,0,0,0,0,0,0,0,0,1,1579.226911155389,1307.5905215424166,-184.2188756273056,899.1258070269446,14,-0.8660254037844388,-0.4999999999999997,0,0,1,7.754356971027778,7.004071844694444,8.259617161472223,11.926946225083334,17.710901361,18.014104303444444,18.076811365166662,18.60872707988889,20.843421866277776,65.92271638830555,95.77065074513888,748.6199065452223
B3,roll_03,persistence,2026-01-27 15:00:00+00:00,2026-01-27 16:00:00+00:00,0,1,2025-12-08T00:00:00+00:00,2026-01-26T00:00:00+00:00,2026-01-26T00:00:00+00:00,2026-02-02T00:00:00+00:00,1794.9346924112222,1560.9848600250834,233.94983238613872,1,night,0,0.0,0,2,0,0,0,0,0,0,0,0,0,0,0,0,0,0,0,0,0,0,0,0,0,0,1,1514.7609178625555,899.1258070269446,297.8340901346389,1560.9848600250834,15,-0.7071067811865479,-0.7071067811865471,0,0,1,7.113380494527778,6.226552915722222,7.754356971027778,10.923911111027778,18.19326131930556,17.985049249555555,17.710901361,18.19638072175,0.0,0.0,20.843421866277776,222.2870635009722
B3,roll_03,persistence,2026-01-27 16:00:00+00:00,2026-01-27 17:00:00+00:00,0,1,2025-12-08T00:00:00+00:00,2026-01-26T00:00:00+00:00,2026-01-26T00:00:00+00:00,2026-02-02T00:00:00+00:00,843.3756644045833,1794.9346924112222,-951.5590280066389,0,night,0,0.0,0,2,0,0,0,0,0,0,0,0,0,0,0,0,0,0,0,0,0,0,0,0,0,0,1,1201.4197669487778,1560.9848600250834,931.8924169395276,1794.9346924112222,16,-0.5000000000000004,-0.8660254037844385,0,0,1,6.417744069444445,5.539642565916666,7.113380494527778,8.400742399944445,18.04983601577777,17.38080857111111,18.19326131930556,17.840104336222222,0.0,0.0,0.0,0.0
B3,roll_03,persistence,2026-01-27 17:00:00+00:00,2026-01-27 18:00:00+00:00,0,1,2025-12-08T00:00:00+00:00,2026-01-26T00:00:00+00:00,2026-01-26T00:00:00+00:00,2026-02-02T00:00:00+00:00,973.197521312722,843.3756644045833,129.82185690813867,0,night,0,0.0,0,2,0,0,0,0,0,0,0,0,0,0,0,0,0,0,0,0,0,0,0,0,0,0,1,753.0024936381111,1794.9346924112222,2682.2788242863057,843.3756644045833,17,-0.2588190451025206,-0.9659258262890684,0,0,1,6.518880213805556,5.106537856944445,6.417744069444445,7.112603206694445,17.523798786,17.944962672305554,18.04983601577777,17.924488307083333,0.0,0.0,0.0,0.0
B3,roll_03,persistence,2026-01-27 18:00:00+00:00,2026-01-27 19:00:00+00:00,0,1,2025-12-08T00:00:00+00:00,2026-01-26T00:00:00+00:00,2026-01-26T00:00:00+00:00,2026-02-02T00:00:00+00:00,1523.8945169891667,973.197521312722,550.6969956764448,0,night,0,0.0,0,2,0,0,0,0,0,0,0,0,0,0,0,0,0,0,0,0,0,0,0,0,0,0,1,1059.3235259904168,843.3756644045833,1447.201125872611,973.197521312722,18,-1.8369701987210292e-16,-1.0,0,0,1,6.447346530638889,5.047560526333333,6.518880213805556,6.219289706472222,17.747513365055557,17.76713559486111,17.523798786,17.69503970936111,0.0,0.0,0.0,0.0
B3,roll_03,persistence,2026-01-27 19:00:00+00:00,2026-01-27 20:00:00+00:00,0,1,2025-12-08T00:00:00+00:00,2026-01-26T00:00:00+00:00,2026-01-26T00:00:00+00:00,2026-02-02T00:00:00+00:00,985.6768274591944,1523.8945169891667,-538.2176895299723,0,night,0,0.0,0,2,0,0,0,0,0,0,0,0,0,0,0,0,0,0,0,0,0,0,0,0,0,0,1,2397.7932220235834,973.197521312722,1800.8310691792778,1523.8945169891667,19,0.2588190451025203,-0.9659258262890684,0,0,1,5.853020431666667,4.7790201357777775,6.447346530638889,5.074136068694444,18.224571140166667,18.29565681925,17.747513365055557,17.853487320499998,0.0,0.0,0.0,0.0
B3,roll_03,persistence,2026-01-27 20:00:00+00:00,2026-01-27 21:00:00+00:00,0,1,2025-12-08T00:00:00+00:00,2026-01-26T00:00:00+00:00,2026-01-26T00:00:00+00:00,2026-02-02T00:00:00+00:00,1010.58551608475,985.6768274591944,24.908688625555556,0,night,0,0.0,0,2,0,0,0,0,0,0,0,0,0,0,0,0,0,0,0,0,0,0,0,0,0,0,1,1239.3215171065278,1523.8945169891667,1879.5046675005,985.6768274591944,20,0.5000000000000001,-0.8660254037844386,0,0,1,5.681178345833334,4.616484813166667,5.853020431666667,4.405074585055556,17.815112795055555,18.163473134916668,18.224571140166667,18.49665259761112,0.0,0.0,0.0,0.0
B3,roll_03,persistence,2026-01-27 21:00:00+00:00,2026-01-27 22:00:00+00:00,0,1,2025-12-08T00:00:00+00:00,2026-01-26T00:00:00+00:00,2026-01-26T00:00:00+00:00,2026-02-02T00:00:00+00:00,469.4664131017777,1010.58551608475,-541.1191029829723,0,night,0,0.0,0,2,0,0,0,0,0,0,0,0,0,0,0,0,0,0,0,0,0,0,0,0,0,0,1,1097.120321607,985.6768274591944,982.8754678472778,1010.58551608475,21,0.7071067811865474,-0.7071067811865477,0,0,1,5.6377634685,3.733819858222222,5.681178345833334,4.6045820965277775,18.10064228113889,17.823669394694445,17.815112795055555,18.201204467472223,0.0,0.0,0.0,0.0
B3,roll_03,persistence,2026-01-27 22:00:00+00:00,2026-01-27 23:00:00+00:00,0,1,2025-12-08T00:00:00+00:00,2026-01-26T00:00:00+00:00,2026-01-26T00:00:00+00:00,2026-02-02T00:00:00+00:00,1039.222492417361,469.4664131017777,569.7560793155834,0,night,0,0.0,0,2,0,0,0,0,0,0,0,0,0,0,0,0,0,0,0,0,0,0,0,0,0,0,1,532.8753846346667,1010.58551608475,411.4689791798889,469.4664131017777,22,0.8660254037844384,-0.5000000000000004,0,0,1,5.511910193805555,2.806227175638889,5.6377634685,3.385893129472222,18.249919140416665,21.387805783944444,18.10064228113889,18.39947556380556,0.0,0.0,0.0,0.0
B3,roll_03,persistence,2026-01-27 23:00:00+00:00,2026-01-28 00:00:00+00:00,0,1,2025-12-08T00:00:00+00:00,2026-01-26T00:00:00+00:00,2026-01-26T00:00:00+00:00,2026-02-02T00:00:00+00:00,431.1445660605278,1039.222492417361,-608.0779263568334,0,night,0,0.0,0,2,0,0,0,0,0,0,0,0,0,0,0,0,0,0,0,0,0,0,0,0,0,0,1,374.928417115,469.4664131017777,370.9779513775556,1039.222492417361,23,0.965925826289068,-0.2588190451025215,0,0,1,5.521770110833334,2.466718193027777,5.511910193805555,3.129626014638889,18.24883212461111,17.90830201163889,18.249919140416665,18.01849170036111,0.0,0.0,0.0,0.0
B3,roll_03,persistence,2026-01-28 00:00:00+00:00,2026-01-28 01:00:00+00:00,0,1,2025-12-08T00:00:00+00:00,2026-01-26T00:00:00+00:00,2026-01-26T00:00:00+00:00,2026-02-02T00:00:00+00:00,417.8579242465556,431.1445660605278,-13.286641813972153,0,night,0,0.0,0,2,0,0,0,0,0,0,0,0,0,0,0,0,0,0,0,0,0,0,0,0,0,0,2,373.7627816694167,1039.222492417361,389.13017225908334,431.1445660605278,0,1.0,0.0,0,0,1,5.279464696388889,1.8242255221388888,5.521770110833334,2.743908631833333,18.59336328630556,18.307477434611112,18.24883212461111,18.11665515311111,0.0,0.0,0.0,0.0
B3,roll_03,persistence,2026-01-28 01:00:00+00:00,2026-01-28 02:00:00+00:00,0,1,2025-12-08T00:00:00+00:00,2026-01-26T00:00:00+00:00,2026-01-26T00:00:00+00:00,2026-02-02T00:00:00+00:00,419.1348331130556,417.8579242465556,1.27690886649998,0,night,0,0.0,0,2,0,0,0,0,0,0,0,0,0,0,0,0,0,0,0,0,0,0,0,0,0,0,2,382.08433273438885,431.1445660605278,376.84390502849993,417.8579242465556,1,0.9659258262890684,0.2588190451025207,0,0,1,5.423899556444446,1.5080317470555558,5.279464696388889,2.198439433722222,18.35289168230556,18.29967807894444,18.59336328630556,18.476353367805554,0.0,0.0,0.0,0.0
B3,roll_03,persistence,2026-01-28 02:00:00+00:00,2026-01-28 03:00:00+00:00,0,1,2025-12-08T00:00:00+00:00,2026-01-26T00:00:00+00:00,2026-01-26T00:00:00+00:00,2026-02-02T00:00:00+00:00,421.2961618739444,419.1348331130556,2.161328760888807,0,night,0,0.0,0,2,0,1,1,0,1,0,0,1,0,0,1,0,1,0,0,0,1,0,0,0,0,0,2,365.3667726035,417.8579242465556,378.1934371171667,419.1348331130556,2,0.8660254037844387,0.4999999999999999,0,0,1,5.404860556,1.2603411373055555,5.423899556444446,1.795074136083333,18.335222873722223,18.21223012147222,18.35289168230556,18.332823389944448,0.0,0.0,0.0,0.0
B3,roll_03,persistence,2026-01-28 03:00:00+00:00,2026-01-28 04:00:00+00:00,0,1,2025-12-08T00:00:00+00:00,2026-01-26T00:00:00+00:00,2026-01-26T00:00:00+00:00,2026-02-02T00:00:00+00:00,1092.225752789,421.2961618739444,670.9295909150555,0,night,0,0.0,0,2,0,0,0,0,0,0,0,0,0,0,0,0,0,0,0,0,0,0,0,0,0,0,2,371.9783939987778,419.1348331130556,391.1898017904167,421.2961618739444,3,0.7071067811865476,0.7071067811865476,0,0,1,5.2807922785,0.6434714743888889,5.404860556,1.2846833624722225,18.31751713141667,18.30506088336111,18.335222873722223,18.03301575336111,0.0,0.0,0.0,0.0
B3,roll_03,persistence,2026-01-28 04:00:00+00:00,2026-01-28 05:00:00+00:00,0,1,2025-12-08T00:00:00+00:00,2026-01-26T00:00:00+00:00,2026-01-26T00:00:00+00:00,2026-02-02T00:00:00+00:00,2035.0871509705555,1092.225752789,942.8613981815556,0,night,0,0.0,0,2,0,0,0,0,0,0,0,0,0,0,0,0,0,0,0,0,0,0,0,0,0,0,2,1049.641280434889,421.2961618739444,949.6719199514168,1092.225752789,4,0.5000000000000001,0.8660254037844386,0,0,1,5.284482934222222,0.5259598769722222,5.2807922785,1.1562568538333335,18.57139395311111,18.346101567916666,18.31751713141667,18.49733369363889,0.0,0.0,0.0,0.0
B3,roll_03,persistence,2026-01-28 05:00:00+00:00,2026-01-28 06:00:00+00:00,0,1,2025-12-08T00:00:00+00:00,2026-01-26T00:00:00+00:00,2026-01-26T00:00:00+00:00,2026-02-02T00:00:00+00:00,2063.430210569112,2035.0871509705555,28.343059598556692,0,night,0,0.0,0,2,0,0,0,0,0,0,0,0,0,0,0,0,0,0,0,0,0,0,0,0,0,0,2,2165.628261214222,1092.225752789,1868.492211110528,2035.0871509705555,5,0.2588190451025207,0.9659258262890684,0,0,1,5.513712828027778,0.3656367874444444,5.284482934222222,0.9838426465833332,18.634632919027776,18.44876204208333,18.57139395311111,18.67930558830556,0.0,0.0,0.0,0.0
B3,roll_03,persistence,2026-01-28 06:00:00+00:00,2026-01-28 07:00:00+00:00,0,1,2025-12-08T00:00:00+00:00,2026-01-26T00:00:00+00:00,2026-01-26T00:00:00+00:00,2026-02-02T00:00:00+00:00,1837.9513309886668,2063.430210569112,-225.47887958044544,0,night,0,0.0,0,2,0,0,0,0,0,0,0,0,0,0,0,0,0,0,0,0,0,0,0,0,0,0,2,2007.6322741502224,2035.0871509705555,1857.5546669058888,2063.430210569112,6,6.123233995736766e-17,1.0,0,0,1,5.542613285861112,0.0914363476111111,5.513712828027778,1.1472138321111112,18.442081739,18.20441595636111,18.634632919027776,18.36578900947222,0.0,0.0,0.0,0.0
B3,roll_03,persistence,2026-01-28 07:00:00+00:00,2026-01-28 08:00:00+00:00,0,1,2025-12-08T00:00:00+00:00,2026-01-26T00:00:00+00:00,2026-01-26T00:00:00+00:00,2026-02-02T00:00:00+00:00,1887.533959910028,1837.9513309886668,49.58262892136122,1,night,0,0.0,0,2,0,0,0,0,0,0,0,0,0,0,0,0,0,0,0,0,0,0,0,0,0,0,2,1787.7926135424725,2063.430210569112,1526.8297823245,1837.9513309886668,7,-0.2588190451025206,0.9659258262890684,0,0,1,5.184793339416666,0.4624889772777778,5.542613285861112,1.5920451545555556,18.612981790916667,18.099627230388887,18.442081739,18.29162538472222,0.0,88.74529710644445,0.0,181.0939341638056
B3,roll_03,persistence,2026-01-28 08:00:00+00:00,2026-01-28 09:00:00+00:00,0,1,2025-12-08T00:00:00+00:00,2026-01-26T00:00:00+00:00,2026-01-26T00:00:00+00:00,2026-02-02T00:00:00+00:00,1927.4843435574169,1887.533959910028,39.95038364738889,1,night,0,0.0,0,2,0,0,0,0,0,0,0,0,0,0,0,0,0,0,0,0,0,0,0,0,0,0,2,1396.283928898889,1837.9513309886668,1412.669924658583,1887.533959910028,8,-0.4999999999999998,0.8660254037844387,0,0,1,5.1913422946944445,2.0457270672222223,5.184793339416666,3.136497066611111,18.377665885472226,18.33234830197222,18.612981790916667,18.65486796255556,0.0,506.86706511469447,0.0,499.9208653843889
B3,roll_03,persistence,2026-01-28 09:00:00+00:00,2026-01-28 10:00:00+00:00,0,1,2025-12-08T00:00:00+00:00,2026-01-26T00:00:00+00:00,2026-01-26T00:00:00+00:00,2026-02-02T00:00:00+00:00,1864.801970357278,1927.4843435574169,-62.682373200138954,1,low,0,0.0,0,2,0,0,0,0,0,0,0,0,0,0,0,0,0,0,0,0,0,0,0,0,0,0,2,1012.9496219223612,1887.533959910028,1534.4343933593334,1927.4843435574169,9,-0.7071067811865475,0.7071067811865476,0,0,1,5.373750419944444,3.9313944355833335,5.1913422946944445,4.706430078027778,18.25319205494445,18.699979865277776,18.377665885472226,18.752280843,10.544310736611113,949.0842489008888,0.0,628.2161829386944
B3,roll_03,persistence,2026-01-28 10:00:00+00:00,2026-01-28 11:00:00+00:00,0,1,2025-12-08T00:00:00+00:00,2026-01-26T00:00:00+00:00,2026-01-26T00:00:00+00:00,2026-02-02T00:00:00+00:00,3141.5486331360003,1864.801970357278,1276.7466627787223,1,low,0,0.0,0,2,0,0,0,0,0,0,0,0,0,0,0,0,0,0,0,0,0,0,0,0,0,0,2,755.3586427439723,1927.4843435574169,1156.7474213855278,1864.801970357278,10,-0.8660254037844387,0.4999999999999999,0,0,1,5.65833449311111,5.315615807527778,5.373750419944444,6.267240583472223,18.034370881194445,19.066515733777777,18.25319205494445,19.328630021027777,25.393810472444443,1313.273773081028,10.544310736611113,1074.0207572205
B3,roll_03,persistence,2026-01-28 11:00:00+00:00,2026-01-28 12:00:00+00:00,0,1,2025-12-08T00:00:00+00:00,2026-01-26T00:00:00+00:00,2026-01-26T00:00:00+00:00,2026-02-02T00:00:00+00:00,3688.242951303472,3141.5486331360003,546.6943181674719,1,low,0,0.0,0,2,0,0,0,0,0,0,0,0,0,0,0,0,0,0,0,0,0,0,0,0,0,0,2,53.140800646916695,1864.801970357278,339.89285018286114,3141.5486331360003,11,-0.9659258262890682,0.258819045102521,0,0,1,5.88800453525,6.909244716555556,5.65833449311111,7.697859210388889,18.29865785161111,19.08309364155556,18.034370881194445,19.243634988,223.8937608820556,1427.9776504355557,25.393810472444443,965.1249525716944
B3,roll_03,persistence,2026-01-28 12:00:00+00:00,2026-01-28 13:00:00+00:00,0,1,2025-12-08T00:00:00+00:00,2026-01-26T00:00:00+00:00,2026-01-26T00:00:00+00:00,2026-02-02T00:00:00+00:00,2978.0382318605,3688.242951303472,-710.204719442972,1,low,0,0.0,0,2,0,0,0,0,0,0,0,0,0,0,0,0,0,0,0,0,0,0,0,0,0,0,2,-768.0917536371389,3141.5486331360003,1030.8584088937498,3688.242951303472,12,-1.0,1.2246467991473532e-16,0,0,1,6.230890702111111,8.880089984972221,5.88800453525,8.44994003075,18.18650774847222,18.484981089805554,18.29865785161111,18.26876692975,217.1136607175556,1346.315216830611,223.8937608820556,211.40887729319445
B3,roll_03,persistence,2026-01-28 13:00:00+00:00,2026-01-28 14:00:00+00:00,0,1,2025-12-08T00:00:00+00:00,2026-01-26T00:00:00+00:00,2026-01-26T00:00:00+00:00,2026-02-02T00:00:00+00:00,3380.6789978081943,2978.0382318605,402.64076594769404,1,low,0,0.0,0,2,0,0,0,0,0,0,0,0,0,0,0,0,0,0,0,0,0,0,0,0,0,0,2,452.3195190723055,3688.242951303472,1307.5905215424166,2978.0382318605,13,-0.9659258262890684,-0.2588190451025208,0,0,1,6.399069186666668,10.48915223186111,6.230890702111111,8.259617161472223,17.592900088416666,18.524133185916664,18.18650774847222,18.076811365166662,113.17434017758336,1073.8044294135832,217.1136607175556,95.77065074513888
B3,roll_03,persistence,2026-01-28 14:00:00+00:00,2026-01-28 15:00:00+00:00,0,1,2025-12-08T00:00:00+00:00,2026-01-26T00:00:00+00:00,2026-01-26T00:00:00+00:00,2026-02-02T00:00:00+00:00,3872.714778626834,3380.6789978081943,492.0357808186395,1,low,0,0.0,0,2,0,0,0,0,0,0,0,0,0,0,0,0,0,0,0,0,0,0,0,0,0,0,2,66.48684730938892,2978.0382318605,899.1258070269446,3380.6789978081943,14,-0.8660254037844388,-0.4999999999999997,0,0,1,6.31566832675,10.873624103916669,6.399069186666668,7.754356971027778,17.809436758833332,17.64684908008333,17.592900088416666,17.710901361,57.91523832122223,664.2745502861944,113.17434017758336,20.843421866277776
B3,roll_03,persistence,2026-01-28 15:00:00+00:00,2026-01-28 16:00:00+00:00,0,1,2025-12-08T00:00:00+00:00,2026-01-26T00:00:00+00:00,2026-01-26T00:00:00+00:00,2026-02-02T00:00:00+00:00,3566.8731119283607,3872.714778626834,-305.8416666984731,1,night,0,0.0,0,2,0,0,0,0,0,0,0,0,0,0,0,0,0,0,0,0,0,0,0,0,0,0,2,359.87914049975,3380.6789978081943,1560.9848600250834,3872.714778626834,15,-0.7071067811865479,-0.7071067811865471,0,0,1,6.244660061111111,9.67541222338889,6.31566832675,7.113380494527778,17.889092211916665,17.73781377975,17.809436758833332,18.19326131930556,0.0,144.55603472877775,57.91523832122223,0.0
B3,roll_03,persistence,2026-01-28 16:00:00+00:00,2026-01-28 17:00:00+00:00,0,1,2025-12-08T00:00:00+00:00,2026-01-26T00:00:00+00:00,2026-01-26T00:00:00+00:00,2026-02-02T00:00:00+00:00,4099.8204709775,3566.8731119283607,532.9473590491393,0,night,0,0.0,0,2,0,0,0,0,0,0,0,0,0,0,0,0,0,0,0,0,0,0,0,0,0,0,2,3501.792804637556,3872.714778626834,1794.9346924112222,3566.8731119283607,16,-0.5000000000000004,-0.8660254037844385,0,0,1,5.823090861361112,6.537365921777777,6.244660061111111,6.417744069444445,17.597432975833332,17.606137597472223,17.889092211916665,18.04983601577777,0.0,0.0,0.0,0.0
B3,roll_03,persistence,2026-01-28 17:00:00+00:00,2026-01-28 18:00:00+00:00,0,1,2025-12-08T00:00:00+00:00,2026-01-26T00:00:00+00:00,2026-01-26T00:00:00+00:00,2026-02-02T00:00:00+00:00,3533.490893778889,4099.8204709775,-566.3295771986109,0,night,0,0.0,0,2,0,0,0,0,0,0,0,0,0,0,0,0,0,0,0,0,0,0,0,0,0,0,2,3139.28925536575,3566.8731119283607,843.3756644045833,4099.8204709775,17,-0.2588190451025206,-0.9659258262890684,0,0,1,5.327666574166667,4.898183921,5.823090861361112,6.518880213805556,16.81522350208333,17.69062399725,17.597432975833332,17.523798786,0.0,0.0,0.0,0.0
B3,roll_03,persistence,2026-01-28 18:00:00+00:00,2026-01-28 19:00:00+00:00,0,1,2025-12-08T00:00:00+00:00,2026-01-26T00:00:00+00:00,2026-01-26T00:00:00+00:00,2026-02-02T00:00:00+00:00,4150.093525715889,3533.490893778889,616.6026319369998,0,night,0,0.0,0,2,0,0,0,0,0,0,0,0,0,0,0,0,0,0,0,0,0,0,0,0,0,0,2,3084.578836987528,4099.8204709775,973.197521312722,3533.490893778889,18,-1.8369701987210292e-16,-1.0,0,0,1,5.189922447472222,4.040946171194444,5.327666574166667,6.447346530638889,17.198094430777775,17.300488013416665,16.81522350208333,17.747513365055557,0.0,0.0,0.0,0.0
B3,roll_03,persistence,2026-01-28 19:00:00+00:00,2026-01-28 20:00:00+00:00,0,1,2025-12-08T00:00:00+00:00,2026-01-26T00:00:00+00:00,2026-01-26T00:00:00+00:00,2026-02-02T00:00:00+00:00,3498.4065437332224,4150.093525715889,-651.6869819826666,0,night,0,0.0,0,2,0,0,0,0,0,0,0,0,0,0,0,0,0,0,0,0,0,0,0,0,0,0,2,3033.668790060889,3533.490893778889,1523.8945169891667,4150.093525715889,19,0.2588190451025203,-0.9659258262890684,0,0,1,5.153431917222222,3.191824916555556,5.189922447472222,5.853020431666667,17.99117864236111,17.536376965666665,17.198094430777775,18.224571140166667,0.0,0.0,0.0,0.0
B3,roll_03,persistence,2026-01-28 20:00:00+00:00,2026-01-28 21:00:00+00:00,0,1,2025-12-08T00:00:00+00:00,2026-01-26T00:00:00+00:00,2026-01-26T00:00:00+00:00,2026-02-02T00:00:00+00:00,3031.050403281528,3498.4065437332224,-467.3561404516945,0,night,0,0.0,0,2,0,0,0,0,0,0,0,0,0,0,0,0,0,0,0,0,0,0,0,0,0,0,2,2886.9925662115,4150.093525715889,985.6768274591944,3498.4065437332224,20,0.5000000000000001,-0.8660254037844386,0,0,1,5.344064076416667,2.487087112333333,5.153431917222222,5.681178345833334,17.54592248638889,17.762063201333333,17.99117864236111,17.815112795055555,0.0,0.0,0.0,0.0
B3,roll_03,persistence,2026-01-28 21:00:00+00:00,2026-01-28 22:00:00+00:00,0,1,2025-12-08T00:00:00+00:00,2026-01-26T00:00:00+00:00,2026-01-26T00:00:00+00:00,2026-02-02T00:00:00+00:00,880.7419122894444,3031.050403281528,-2150.3084909920835,0,night,0,0.0,0,2,0,0,0,0,0,0,0,0,0,0,0,0,0,0,0,0,0,0,0,0,0,0,2,2551.3509306884166,3498.4065437332224,1010.58551608475,3031.050403281528,21,0.7071067811865474,-0.7071067811865477,0,0,1,5.513382952611111,1.9324537458333333,5.344064076416667,5.6377634685,19.893719509444445,17.464727486527778,17.54592248638889,18.10064228113889,0.0,0.0,0.0,0.0
B3,roll_03,persistence,2026-01-28 22:00:00+00:00,2026-01-28 23:00:00+00:00,0,1,2025-12-08T00:00:00+00:00,2026-01-26T00:00:00+00:00,2026-01-26T00:00:00+00:00,2026-02-02T00:00:00+00:00,822.8956369502222,880.7419122894444,-57.84627533922219,0,night,0,0.0,0,2,0,0,0,0,0,0,0,0,0,0,0,0,0,0,0,0,0,0,0,0,0,0,2,2388.614872440278,3031.050403281528,469.4664131017777,880.7419122894444,22,0.8660254037844384,-0.5000000000000004,0,0,1,5.632813449722222,1.30014670125,5.513382952611111,5.511910193805555,19.97541349633333,17.690357956194443,19.893719509444445,18.249919140416665,0.0,0.0,0.0,0.0
B3,roll_03,persistence,2026-01-28 23:00:00+00:00,2026-01-29 00:00:00+00:00,0,1,2025-12-08T00:00:00+00:00,2026-01-26T00:00:00+00:00,2026-01-26T00:00:00+00:00,2026-02-02T00:00:00+00:00,934.8170360965556,822.8956369502222,111.92139914633344,0,night,0,0.0,0,2,0,0,0,0,0,0,0,0,0,0,0,0,0,0,0,0,0,0,0,0,0,0,2,1967.8965871302496,880.7419122894444,1039.222492417361,822.8956369502222,23,0.965925826289068,-0.2588190451025215,0,0,1,5.591124761194444,0.8794424397222222,5.632813449722222,5.521770110833334,18.18788550086111,17.751566612944444,19.97541349633333,18.24883212461111,0.0,0.0,0.0,0.0
B3,roll_03,persistence,2026-01-29 00:00:00+00:00,2026-01-29 01:00:00+00:00,0,1,2025-12-08T00:00:00+00:00,2026-01-26T00:00:00+00:00,2026-01-26T00:00:00+00:00,2026-02-02T00:00:00+00:00,569.0574982047777,934.8170360965556,-365.7595378917779,0,night,0,0.0,0,2,0,0,0,0,0,0,0,0,0,0,0,0,0,0,0,0,0,0,0,0,0,0,3,387.7841801272222,822.8956369502222,431.1445660605278,934.8170360965556,0,1.0,0.0,0,0,1,5.649876135861111,0.7327373778333334,5.591124761194444,5.279464696388889,18.53709236861112,18.514657144027776,18.18788550086111,18.59336328630556,0.0,0.0,0.0,0.0
B3,roll_03,persistence,2026-01-29 01:00:00+00:00,2026-01-29 02:00:00+00:00,0,1,2025-12-08T00:00:00+00:00,2026-01-26T00:00:00+00:00,2026-01-26T00:00:00+00:00,2026-02-02T00:00:00+00:00,388.6233783748333,569.0574982047777,-180.43411982994445,0,night,0,0.0,0,2,0,0,0,0,0,0,0,0,0,0,0,0,0,0,0,0,0,0,0,0,0,0,3,375.648988568,934.8170360965556,417.8579242465556,569.0574982047777,1,0.9659258262890684,0.2588190451025207,0,0,1,5.783219677611111,0.5019400923611111,5.649876135861111,5.423899556444446,18.662892832388888,18.432809342444443,18.53709236861112,18.35289168230556,0.0,0.0,0.0,0.0
B3,roll_03,persistence,2026-01-29 02:00:00+00:00,2026-01-29 03:00:00+00:00,0,1,2025-12-08T00:00:00+00:00,2026-01-26T00:00:00+00:00,2026-01-26T00:00:00+00:00,2026-02-02T00:00:00+00:00,380.9392708019166,388.6233783748333,-7.684107572916673,0,night,0,0.0,0,2,0,0,0,0,0,0,0,0,0,0,0,0,0,0,0,0,0,0,0,0,0,0,3,370.6715177761111,569.0574982047777,419.1348331130556,388.6233783748333,2,0.8660254037844387,0.4999999999999999,0,0,1,5.739918612555556,0.3487736218611111,5.783219677611111,5.404860556,18.59705101538889,18.54445086038889,18.662892832388888,18.335222873722223,0.0,0.0,0.0,0.0
B3,roll_03,persistence,2026-01-29 03:00:00+00:00,2026-01-29 04:00:00+00:00,0,1,2025-12-08T00:00:00+00:00,2026-01-26T00:00:00+00:00,2026-01-26T00:00:00+00:00,2026-02-02T00:00:00+00:00,1044.109589464861,380.9392708019166,663.1703186629445,0,night,0,0.0,0,2,0,0,0,0,0,0,0,0,0,0,0,0,0,0,0,0,0,0,0,0,0,0,3,372.0987236639445,388.6233783748333,421.2961618739444,380.9392708019166,3,0.7071067811865476,0.7071067811865476,0,0,1,5.751614257,0.2133146070555555,5.739918612555556,5.2807922785,18.577546874611112,18.459798990916667,18.59705101538889,18.31751713141667,0.0,0.0,0.0,0.0
B3,roll_03,persistence,2026-01-29 04:00:00+00:00,2026-01-29 05:00:00+00:00,0,1,2025-12-08T00:00:00+00:00,2026-01-26T00:00:00+00:00,2026-01-26T00:00:00+00:00,2026-02-02T00:00:00+00:00,2097.0978272491666,1044.109589464861,1052.9882377843055,0,night,0,0.0,0,2,0,0,0,0,0,0,0,0,0,0,0,0,0,0,0,0,0,0,0,0,0,0,3,1036.0452877571945,380.9392708019166,1092.225752789,1044.109589464861,4,0.5000000000000001,0.8660254037844386,0,0,1,5.690614872888889,-0.1355967138611111,5.751614257,5.284482934222222,18.699853914444443,18.305206327277777,18.577546874611112,18.57139395311111,0.0,0.0,0.0,0.0
B3,roll_03,persistence,2026-01-29 05:00:00+00:00,2026-01-29 06:00:00+00:00,0,1,2025-12-08T00:00:00+00:00,2026-01-26T00:00:00+00:00,2026-01-26T00:00:00+00:00,2026-02-02T00:00:00+00:00,2101.717697546028,2097.0978272491666,4.619870296861336,0,night,0,0.0,0,2,0,0,0,0,0,0,0,0,0,0,0,0,0,0,0,0,0,0,0,0,0,0,3,1958.2742827319444,1044.109589464861,2035.0871509705555,2097.0978272491666,5,0.2588190451025207,0.9659258262890684,0,0,1,5.321339182305556,-0.2067956863333333,5.690614872888889,5.513712828027778,18.788275002444447,18.570810667694445,18.699853914444443,18.634632919027776,0.0,0.0,0.0,0.0
B3,roll_03,persistence,2026-01-29 06:00:00+00:00,2026-01-29 07:00:00+00:00,0,1,2025-12-08T00:00:00+00:00,2026-01-26T00:00:00+00:00,2026-01-26T00:00:00+00:00,2026-02-02T00:00:00+00:00,1866.4684684137776,2101.717697546028,-235.24922913225032,0,night,0,0.0,0,2,0,0,0,0,0,0,0,0,0,0,0,0,0,0,0,0,0,0,0,0,0,0,3,1980.8106362188057,2097.0978272491666,2063.430210569112,2101.717697546028,6,6.123233995736766e-17,1.0,0,0,1,5.4229227490000005,-0.3390546419444444,5.321339182305556,5.542613285861112,18.46805462488889,18.560011663194445,18.788275002444447,18.442081739,0.0,0.0,0.0,0.0
B3,roll_03,persistence,2026-01-29 07:00:00+00:00,2026-01-29 08:00:00+00:00,0,1,2025-12-08T00:00:00+00:00,2026-01-26T00:00:00+00:00,2026-01-26T00:00:00+00:00,2026-02-02T00:00:00+00:00,1765.7431687797225,1866.4684684137776,-100.72529963405509,1,night,0,0.0,0,2,0,0,0,0,0,0,0,0,0,0,0,0,0,0,0,0,0,0,0,0,0,0,3,1778.5049296098057,2101.717697546028,1837.9513309886668,1866.4684684137776,7,-0.2588190451025206,0.9659258262890684,0,0,1,5.644273330472223,0.0412508166666666,5.4229227490000005,5.184793339416666,18.33773261380556,18.17753363780556,18.46805462488889,18.612981790916667,0.0,50.5301981471389,0.0,0.0
B3,roll_03,persistence,2026-01-29 08:00:00+00:00,2026-01-29 09:00:00+00:00,0,1,2025-12-08T00:00:00+00:00,2026-01-26T00:00:00+00:00,2026-01-26T00:00:00+00:00,2026-02-02T00:00:00+00:00,1253.1664777410554,1765.7431687797225,-512.5766910386671,1,low,0,0.0,0,2,0,0,0,0,0,0,0,0,0,0,0,0,0,0,0,0,0,0,0,0,0,0,3,1415.566902312361,1866.4684684137776,1887.533959910028,1765.7431687797225,8,-0.4999999999999998,0.8660254037844387,0,0,1,6.577056710277778,1.056784193527778,5.644273330472223,5.1913422946944445,18.68058624561111,18.45113440808333,18.33773261380556,18.377665885472226,107.09455782583336,442.9227532967777,0.0,0.0
B3,roll_03,persistence,2026-01-29 09:00:00+00:00,2026-01-29 10:00:00+00:00,0,1,2025-12-08T00:00:00+00:00,2026-01-26T00:00:00+00:00,2026-01-26T00:00:00+00:00,2026-02-02T00:00:00+00:00,948.2308555061112,1253.1664777410554,-304.93562223494416,1,low,0,0.0,0,2,0,0,0,0,0,0,0,0,0,0,0,0,0,0,0,0,0,0,0,0,0,0,3,1170.112685329639,1765.7431687797225,1927.4843435574169,1253.1664777410554,9,-0.7071067811865475,0.7071067811865476,0,0,1,7.120698170944444,2.4946484179722224,6.577056710277778,5.373750419944444,18.200570424222224,18.912593772,18.68058624561111,18.25319205494445,173.80403361816664,833.8091316924166,107.09455782583336,10.544310736611113
B3,roll_03,persistence,2026-01-29 10:00:00+00:00,2026-01-29 11:00:00+00:00,0,1,2025-12-08T00:00:00+00:00,2026-01-26T00:00:00+00:00,2026-01-26T00:00:00+00:00,2026-02-02T00:00:00+00:00,1415.7808458588888,948.2308555061112,467.5499903527776,1,low,0,0.0,0,2,0,0,0,0,0,0,0,0,0,0,0,0,0,0,0,0,0,0,0,0,0,0,3,912.1677645943888,1253.1664777410554,1864.801970357278,948.2308555061112,10,-0.8660254037844387,0.4999999999999999,0,0,1,7.047235797361111,3.215811578611111,7.120698170944444,5.65833449311111,18.18368814136112,19.38619283925,18.200570424222224,18.034370881194445,95.93545610280556,1190.1841393934444,173.80403361816664,25.393810472444443
B3,roll_03,persistence,2026-01-29 11:00:00+00:00,2026-01-29 12:00:00+00:00,0,1,2025-12-08T00:00:00+00:00,2026-01-26T00:00:00+00:00,2026-01-26T00:00:00+00:00,2026-02-02T00:00:00+00:00,347.5551561380278,1415.7808458588888,-1068.225689720861,1,low,0,0.0,0,2,0,0,0,0,0,0,0,0,0,0,0,0,0,0,0,0,0,0,0,0,0,0,3,979.6024800058332,948.2308555061112,3141.5486331360003,1415.7808458588888,11,-0.9659258262890682,0.258819045102521,0,0,1,7.484160413777777,4.084419063944444,7.047235797361111,5.88800453525,18.45564459983333,19.31657935863889,18.18368814136112,18.29865785161111,198.05782505847225,1082.5123078365275,95.93545610280556,223.8937608820556
B3,roll_03,persistence,2026-01-29 12:00:00+00:00,2026-01-29 13:00:00+00:00,0,1,2025-12-08T00:00:00+00:00,2026-01-26T00:00:00+00:00,2026-01-26T00:00:00+00:00,2026-02-02T00:00:00+00:00,-402.3519291878333,347.5551561380278,-749.9070853258611,1,med,0,0.0,0,2,0,0,0,0,0,0,0,0,0,0,0,0,0,0,0,0,0,0,0,0,0,0,3,926.4931066359444,1415.7808458588888,3688.242951303472,347.5551561380278,12,-1.0,1.2246467991473532e-16,0,0,1,8.72531020561111,5.38599788475,7.484160413777777,6.230890702111111,18.326656080611112,19.65373982686111,18.45564459983333,18.18650774847222,591.8653806022222,1175.6683752016668,198.05782505847225,217.1136607175556
B3,roll_03,persistence,2026-01-29 13:00:00+00:00,2026-01-29 14:00:00+00:00,0,1,2025-12-08T00:00:00+00:00,2026-01-26T00:00:00+00:00,2026-01-26T00:00:00+00:00,2026-02-02T00:00:00+00:00,1092.5960639581945,-402.3519291878333,1494.9479931460278,1,high,0,0.0,0,2,1,0,0,0,0,0,0,0,0,0,0,0,0,0,0,0,0,0,0,0,0,0,3,-104.81881332361114,347.5551561380278,2978.0382318605,-402.3519291878333,13,-0.9659258262890684,-0.2588190451025208,0,0,1,9.603330588527776,6.27195117888889,8.72531020561111,6.399069186666668,18.84680833225,18.68513766694445,18.326656080611112,17.592900088416666,1247.4635750589998,952.1943599062224,591.8653806022222,113.17434017758336
B3,roll_03,persistence,2026-01-29 14:00:00+00:00,2026-01-29 15:00:00+00:00,0,1,2025-12-08T00:00:00+00:00,2026-01-26T00:00:00+00:00,2026-01-26T00:00:00+00:00,2026-02-02T00:00:00+00:00,462.4739155892223,1092.5960639581945,-630.1221483689721,1,med,0,0.0,0,3,0,0,0,0,0,0,0,0,0,0,0,0,0,0,0,0,0,0,0,0,0,0,3,1036.759236264139,-402.3519291878333,3380.6789978081943,1092.5960639581945,14,-0.8660254037844388,-0.4999999999999997,0,0,1,10.175281555083336,7.388014486055556,9.603330588527776,6.31566832675,18.72012759377778,18.11838555286111,18.84680833225,17.809436758833332,733.8672658107222,761.2699456159722,1247.4635750589998,57.91523832122223
B3,roll_03,persistence,2026-01-29 15:00:00+00:00,2026-01-29 16:00:00+00:00,0,1,2025-12-08T00:00:00+00:00,2026-01-26T00:00:00+00:00,2026-01-26T00:00:00+00:00,2026-02-02T00:00:00+00:00,1737.4693776433332,462.4739155892223,1274.995462054111,1,low,0,0.0,0,3,0,0,0,0,0,0,0,0,0,0,0,0,0,0,0,0,0,0,0,0,0,0,3,1095.6600237501943,1092.5960639581945,3872.714778626834,462.4739155892223,15,-0.7071067811865479,-0.7071067811865471,0,0,1,10.80456051886111,6.172030068638889,10.175281555083336,6.244660061111111,17.667633677111112,17.8214131055,18.72012759377778,17.889092211916665,202.1270942708333,67.57647916191668,733.8672658107222,0.0
B3,roll_03,persistence,2026-01-29 16:00:00+00:00,2026-01-29 17:00:00+00:00,0,1,2025-12-08T00:00:00+00:00,2026-01-26T00:00:00+00:00,2026-01-26T00:00:00+00:00,2026-02-02T00:00:00+00:00,2296.247373537611,1737.4693776433332,558.7779958942779,0,night,0,0.0,0,2,0,0,0,0,0,0,0,0,0,0,0,0,0,0,0,0,0,0,0,0,0,0,3,2940.7578966023334,462.4739155892223,3566.8731119283607,1737.4693776433332,16,-0.5000000000000004,-0.8660254037844385,0,0,1,8.926961661277778,3.513001024222222,10.80456051886111,5.823090861361112,17.675791429472223,17.972978045416667,17.667633677111112,17.597432975833332,0.0,0.0,202.1270942708333,0.0
B3,roll_03,persistence,2026-01-29 17:00:00+00:00,2026-01-29 18:00:00+00:00,0,1,2025-12-08T00:00:00+00:00,2026-01-26T00:00:00+00:00,2026-01-26T00:00:00+00:00,2026-02-02T00:00:00+00:00,773.5572774640833,2296.247373537611,-1522.690096073528,0,night,0,0.0,0,2,0,0,0,0,0,0,0,0,0,0,0,0,0,0,0,0,0,0,0,0,0,0,3,1509.757366554472,1737.4693776433332,4099.8204709775,2296.247373537611,17,-0.2588190451025206,-0.9659258262890684,0,0,1,7.060031861138889,2.803270102555556,8.926961661277778,5.327666574166667,18.15538444622222,18.275116791861112,17.675791429472223,16.81522350208333,0.0,0.0,0.0,0.0
B3,roll_03,persistence,2026-01-29 18:00:00+00:00,2026-01-29 19:00:00+00:00,0,1,2025-12-08T00:00:00+00:00,2026-01-26T00:00:00+00:00,2026-01-26T00:00:00+00:00,2026-02-02T00:00:00+00:00,2461.1030846526387,773.5572774640833,1687.5458071885555,0,night,0,0.0,0,2,0,0,0,0,0,0,0,0,0,0,0,0,0,0,0,0,0,0,0,0,0,0,3,1902.4201895734168,2296.247373537611,3533.490893778889,773.5572774640833,18,-1.8369701987210292e-16,-1.0,0,0,1,5.613281186583333,2.0540354806944445,7.060031861138889,5.189922447472222,17.354192048527775,18.52226880861112,18.15538444622222,17.198094430777775,0.0,0.0,0.0,0.0
B3,roll_03,persistence,2026-01-29 19:00:00+00:00,2026-01-29 20:00:00+00:00,0,1,2025-12-08T00:00:00+00:00,2026-01-26T00:00:00+00:00,2026-01-26T00:00:00+00:00,2026-02-02T00:00:00+00:00,738.0341406504722,2461.1030846526387,-1723.0689440021665,0,night,0,0.0,0,1,0,0,0,0,0,0,0,0,0,0,0,0,0,0,0,0,0,0,0,0,0,0,3,1073.8756977925275,773.5572774640833,4150.093525715889,2461.1030846526387,19,0.2588190451025203,-0.9659258262890684,0,0,1,4.914927927388889,1.7490800439444445,5.613281186583333,5.153431917222222,18.053897769944445,18.13564327775,17.354192048527775,17.99117864236111,0.0,0.0,0.0,0.0
B3,roll_03,persistence,2026-01-29 20:00:00+00:00,2026-01-29 21:00:00+00:00,0,1,2025-12-08T00:00:00+00:00,2026-01-26T00:00:00+00:00,2026-01-26T00:00:00+00:00,2026-02-02T00:00:00+00:00,1046.6185902225832,738.0341406504722,308.584449572111,0,night,0,0.0,0,1,0,0,0,0,0,0,0,0,0,0,0,0,0,0,0,0,0,0,0,0,0,0,3,1112.6407676563056,2461.1030846526387,3498.4065437332224,738.0341406504722,20,0.5000000000000001,-0.8660254037844386,0,0,1,4.190135806277778,1.6065832648333334,4.914927927388889,5.344064076416667,17.800593456972223,18.311032115555555,18.053897769944445,17.54592248638889,0.0,0.0,0.0,0.0
B3,roll_03,persistence,2026-01-29 21:00:00+00:00,2026-01-29 22:00:00+00:00,0,1,2025-12-08T00:00:00+00:00,2026-01-26T00:00:00+00:00,2026-01-26T00:00:00+00:00,2026-02-02T00:00:00+00:00,366.5958732328333,1046.6185902225832,-680.0227169897498,0,night,0,0.0,0,1,0,0,0,0,0,0,0,0,0,0,0,0,0,0,0,0,0,0,0,0,0,0,3,565.8491807108888,738.0341406504722,3031.050403281528,1046.6185902225832,21,0.7071067811865474,-0.7071067811865477,0,0,1,3.735040379,1.2826967101944444,4.190135806277778,5.513382952611111,17.774244155,17.99547290261111,17.800593456972223,19.893719509444445,0.0,0.0,0.0,0.0
B3,roll_03,persistence,2026-01-29 22:00:00+00:00,2026-01-29 23:00:00+00:00,0,1,2025-12-08T00:00:00+00:00,2026-01-26T00:00:00+00:00,2026-01-26T00:00:00+00:00,2026-02-02T00:00:00+00:00,363.3738909241667,366.5958732328333,-3.221982308666611,0,night,0,0.0,0,1,0,1,1,0,2,0,0,1,0,0,1,0,1,0,0,0,1,0,0,0,0,0,3,473.87890895927785,1046.6185902225832,880.7419122894444,366.5958732328333,22,0.8660254037844384,-0.5000000000000004,0,0,1,3.5455654769166665,1.3345326389722223,3.735040379,5.632813449722222,18.1790648955,18.07674242205556,17.774244155,19.97541349633333,0.0,0.0,0.0,0.0
B3,roll_03,persistence,2026-01-29 23:00:00+00:00,2026-01-30 00:00:00+00:00,0,1,2025-12-08T00:00:00+00:00,2026-01-26T00:00:00+00:00,2026-01-26T00:00:00+00:00,2026-02-02T00:00:00+00:00,372.9620775262778,363.3738909241667,9.588186602111136,0,night,0,0.0,0,1,0,1,1,0,2,0,0,1,0,0,1,0,1,0,0,0,1,0,0,0,0,0,3,367.6513029880277,366.5958732328333,822.8956369502222,363.3738909241667,23,0.965925826289068,-0.2588190451025215,0,0,1,3.007926236861111,1.6309106950555554,3.5455654769166665,5.591124761194444,18.1737381525,18.345077110444443,18.1790648955,18.18788550086111,0.0,0.0,0.0,0.0
B3,roll_03,persistence,2026-01-30 00:00:00+00:00,2026-01-30 01:00:00+00:00,0,1,2025-12-08T00:00:00+00:00,2026-01-26T00:00:00+00:00,2026-01-26T00:00:00+00:00,2026-02-02T00:00:00+00:00,407.8405305781389,372.9620775262778,34.87845305186107,0,night,0,0.0,0,1,0,0,0,0,0,0,0,0,0,0,0,0,0,0,0,0,0,0,0,0,0,0,4,367.96108710394446,363.3738909241667,934.8170360965556,372.9620775262778,0,1.0,0.0,0,0,1,2.6865080302222224,1.3322522275277775,3.007926236861111,5.649876135861111,18.659629830333333,18.412130332527777,18.1737381525,18.53709236861112,0.0,0.0,0.0,0.0
B3,roll_03,persistence,2026-01-30 01:00:00+00:00,2026-01-30 02:00:00+00:00,0,1,2025-12-08T00:00:00+00:00,2026-01-26T00:00:00+00:00,2026-01-26T00:00:00+00:00,2026-02-02T00:00:00+00:00,371.0950655588056,407.8405305781389,-36.745465019333324,0,night,0,0.0,0,1,0,0,0,0,0,0,0,0,0,0,0,0,0,0,0,0,0,0,0,0,0,0,4,369.3633806425278,372.9620775262778,569.0574982047777,407.8405305781389,1,0.9659258262890684,0.2588190451025207,0,0,1,2.6168204326944444,1.58879370875,2.6865080302222224,5.783219677611111,18.54276345536111,18.522961206138888,18.659629830333333,18.662892832388888,0.0,0.0,0.0,0.0
B3,roll_03,persistence,2026-01-30 02:00:00+00:00,2026-01-30 03:00:00+00:00,0,1,2025-12-08T00:00:00+00:00,2026-01-26T00:00:00+00:00,2026-01-26T00:00:00+00:00,2026-02-02T00:00:00+00:00,377.9953876609166,371.0950655588056,6.9003221021110335,0,night,0,0.0,0,1,0,0,0,0,0,0,0,0,0,0,0,0,0,0,0,0,0,0,0,0,0,0,4,364.6717208964722,407.8405305781389,388.6233783748333,371.0950655588056,2,0.8660254037844387,0.4999999999999999,0,0,1,2.568442849555556,2.072341584194444,2.6168204326944444,5.739918612555556,18.29252755372222,18.394230225944444,18.54276345536111,18.59705101538889,0.0,0.0,0.0,0.0
B3,roll_03,persistence,2026-01-30 03:00:00+00:00,2026-01-30 04:00:00+00:00,0,1,2025-12-08T00:00:00+00:00,2026-01-26T00:00:00+00:00,2026-01-26T00:00:00+00:00,2026-02-02T00:00:00+00:00,1042.5099112287778,377.9953876609166,664.5145235678613,0,night,0,0.0,0,1,0,0,0,0,0,0,0,0,0,0,0,0,0,0,0,0,0,0,0,0,0,0,4,368.5853674459444,371.0950655588056,380.9392708019166,377.9953876609166,3,0.7071067811865476,0.7071067811865476,0,0,1,3.226123679444445,2.1618301728333336,2.568442849555556,5.751614257,18.347174637972223,18.33168606486112,18.29252755372222,18.577546874611112,0.0,0.0,0.0,0.0
B3,roll_03,persistence,2026-01-30 04:00:00+00:00,2026-01-30 05:00:00+00:00,0,1,2025-12-08T00:00:00+00:00,2026-01-26T00:00:00+00:00,2026-01-26T00:00:00+00:00,2026-02-02T00:00:00+00:00,2043.280496847389,1042.5099112287778,1000.7705856186112,0,night,0,0.0,0,1,0,0,0,0,0,0,0,0,0,0,0,0,0,0,0,0,0,0,0,0,0,0,4,1077.5376334153334,377.9953876609166,1044.109589464861,1042.5099112287778,4,0.5000000000000001,0.8660254037844386,0,0,1,3.499414719305556,2.4079966898333334,3.226123679444445,5.690614872888889,18.78404704663889,18.65893950025,18.347174637972223,18.699853914444443,0.0,0.0,0.0,0.0
B3,roll_03,persistence,2026-01-30 05:00:00+00:00,2026-01-30 06:00:00+00:00,0,1,2025-12-08T00:00:00+00:00,2026-01-26T00:00:00+00:00,2026-01-26T00:00:00+00:00,2026-02-02T00:00:00+00:00,2356.0469720826945,2043.280496847389,312.7664752353055,0,night,0,0.0,0,1,0,0,0,0,0,0,0,0,0,0,0,0,0,0,0,0,0,0,0,0,0,0,4,2595.650702010778,1042.5099112287778,2097.0978272491666,2043.280496847389,5,0.2588190451025207,0.9659258262890684,0,0,1,3.7577913895277777,2.3870737601111114,3.499414719305556,5.321339182305556,18.75169663830556,18.58098035247222,18.78404704663889,18.788275002444447,0.0,0.0,0.0,0.0
B3,roll_03,persistence,2026-01-30 06:00:00+00:00,2026-01-30 07:00:00+00:00,0,1,2025-12-08T00:00:00+00:00,2026-01-26T00:00:00+00:00,2026-01-26T00:00:00+00:00,2026-02-02T00:00:00+00:00,2415.724502125278,2356.0469720826945,59.677530042583385,0,night,0,0.0,0,1,0,0,0,0,0,0,0,0,0,0,0,0,0,0,0,0,0,0,0,0,0,0,4,2229.0674939791948,2043.280496847389,2101.717697546028,2356.0469720826945,6,6.123233995736766e-17,1.0,0,0,1,4.644791845444444,2.86016758225,3.7577913895277777,5.4229227490000005,18.553310034722223,18.59333267108333,18.75169663830556,18.46805462488889,0.0,0.0,0.0,0.0
B3,roll_03,persistence,2026-01-30 07:00:00+00:00,2026-01-30 08:00:00+00:00,0,1,2025-12-08T00:00:00+00:00,2026-01-26T00:00:00+00:00,2026-01-26T00:00:00+00:00,2026-02-02T00:00:00+00:00,2088.875723270194,2415.724502125278,-326.84877885508376,1,night,0,0.0,0,2,0,0,0,0,0,0,0,0,0,0,0,0,0,0,0,0,0,0,0,0,0,0,4,1956.5605310417773,2356.0469720826945,1866.4684684137776,2415.724502125278,7,-0.2588190451025206,0.9659258262890684,0,0,1,5.112628002777778,2.925855649944445,4.644791845444444,5.644273330472223,18.194770331416667,18.58286181677777,18.553310034722223,18.33773261380556,0.0,13.610436851555557,0.0,0.0
B3,roll_03,persistence,2026-01-30 08:00:00+00:00,2026-01-30 09:00:00+00:00,0,1,2025-12-08T00:00:00+00:00,2026-01-26T00:00:00+00:00,2026-01-26T00:00:00+00:00,2026-02-02T00:00:00+00:00,1376.5848081650277,2088.875723270194,-712.2909151051665,1,low,0,0.0,0,2,0,0,0,0,0,0,0,0,0,0,0,0,0,0,0,0,0,0,0,0,0,0,4,1820.3555307953327,2415.724502125278,1765.7431687797225,2088.875723270194,8,-0.4999999999999998,0.8660254037844387,0,0,1,5.971257494111111,3.784128624555555,5.112628002777778,6.577056710277778,17.925204983888886,18.901513842444444,18.194770331416667,18.68058624561111,110.06260566791669,145.74993311175,0.0,107.09455782583336
B3,roll_03,persistence,2026-01-30 09:00:00+00:00,2026-01-30 10:00:00+00:00,0,1,2025-12-08T00:00:00+00:00,2026-01-26T00:00:00+00:00,2026-01-26T00:00:00+00:00,2026-02-02T00:00:00+00:00,637.5708449115556,1376.5848081650277,-739.0139632534721,1,med,0,0.0,0,2,0,0,0,0,0,0,0,0,0,0,0,0,0,0,0,0,0,0,0,0,0,0,4,2016.7762660696944,2088.875723270194,1253.1664777410554,1376.5848081650277,9,-0.7071067811865475,0.7071067811865476,0,0,1,6.401175342055556,4.780561090416667,5.971257494111111,7.120698170944444,18.61396918244445,18.886623428750003,17.925204983888886,18.200570424222224,454.6492470125556,232.31283958127776,110.06260566791669,173.80403361816664
B3,roll_03,persistence,2026-01-30 10:00:00+00:00,2026-01-30 11:00:00+00:00,0,1,2025-12-08T00:00:00+00:00,2026-01-26T00:00:00+00:00,2026-01-26T00:00:00+00:00,2026-02-02T00:00:00+00:00,-1038.640299738972,637.5708449115556,-1676.2111446505278,1,high,0,0.0,0,2,0,0,0,0,0,0,0,0,0,0,0,0,0,0,0,0,0,0,0,0,0,0,4,1936.420994131,1376.5848081650277,948.2308555061112,637.5708449115556,10,-0.8660254037844387,0.4999999999999999,0,0,1,6.918664744916666,5.483105661972222,6.401175342055556,7.047235797361111,19.34717694561112,18.61690110308333,18.61396918244445,18.18368814136112,1227.077606142361,231.00179334266667,454.6492470125556,95.93545610280556
B3,roll_03,persistence,2026-01-30 11:00:00+00:00,2026-01-30 12:00:00+00:00,0,1,2025-12-08T00:00:00+00:00,2026-01-26T00:00:00+00:00,2026-01-26T00:00:00+00:00,2026-02-02T00:00:00+00:00,338.58896643852773,-1038.640299738972,1377.2292661774998,1,high,0,0.0,0,2,1,0,0,0,0,0,0,0,0,0,0,0,0,0,0,0,0,0,0,0,0,0,4,1576.1195596841944,637.5708449115556,1415.7808458588888,-1038.640299738972,11,-0.9659258262890682,0.258819045102521,0,0,1,9.024725996194444,6.005421360722223,6.918664744916666,7.484160413777777,18.99885653263889,18.975925773527777,19.34717694561112,18.45564459983333,1549.6980390854724,305.4964137123056,1227.077606142361,198.05782505847225
B3,roll_03,persistence,2026-01-30 12:00:00+00:00,2026-01-30 13:00:00+00:00,0,1,2025-12-08T00:00:00+00:00,2026-01-26T00:00:00+00:00,2026-01-26T00:00:00+00:00,2026-02-02T00:00:00+00:00,-266.5041079402778,338.58896643852773,-605.0930743788056,1,med,0,0.0,0,3,0,0,0,0,0,0,0,0,0,0,0,0,0,0,0,0,0,0,0,0,0,0,4,1707.01032054225,-1038.640299738972,347.5551561380278,338.58896643852773,12,-1.0,1.2246467991473532e-16,0,0,1,10.370691970305556,6.755185106222222,9.024725996194444,8.72531020561111,18.922971791888887,18.9128849575,18.99885653263889,18.326656080611112,1116.10089140025,277.5941901626389,1549.6980390854724,591.8653806022222
B3,roll_03,persistence,2026-01-30 13:00:00+00:00,2026-01-30 14:00:00+00:00,0,1,2025-12-08T00:00:00+00:00,2026-01-26T00:00:00+00:00,2026-01-26T00:00:00+00:00,2026-02-02T00:00:00+00:00,376.1624140875,-266.5041079402778,642.6665220277778,1,med,0,0.0,0,3,1,0,0,0,0,0,0,0,0,0,0,0,0,0,0,0,0,0,0,0,0,0,4,2214.146590013028,338.58896643852773,-402.3519291878333,-266.5041079402778,13,-0.9659258262890684,-0.2588190451025208,0,0,1,10.433649848611113,6.862749878222222,10.370691970305556,9.603330588527776,18.62102286772222,22.81537184433333,18.922971791888887,18.84680833225,1047.2821290664722,104.38236414708336,1116.10089140025,1247.4635750589998
B3,roll_03,persistence,2026-01-30 14:00:00+00:00,2026-01-30 15:00:00+00:00,0,1,2025-12-08T00:00:00+00:00,2026-01-26T00:00:00+00:00,2026-01-26T00:00:00+00:00,2026-02-02T00:00:00+00:00,1082.7555175266666,376.1624140875,706.5931034391666,1,med,0,0.0,0,2,0,0,0,0,0,0,0,0,0,0,0,0,0,0,0,0,0,0,0,0,0,0,4,2195.8262186153333,-266.5041079402778,1092.5960639581945,376.1624140875,14,-0.8660254037844388,-0.4999999999999997,0,0,1,9.447840296916668,5.7134238162777775,10.433649848611113,10.175281555083336,18.27117152236111,18.83056621691667,18.62102286772222,18.72012759377778,465.3144706611944,20.72892640275,1047.2821290664722,733.8672658107222
B3,roll_03,persistence,2026-01-30 15:00:00+00:00,2026-01-30 16:00:00+00:00,0,1,2025-12-08T00:00:00+00:00,2026-01-26T00:00:00+00:00,2026-01-26T00:00:00+00:00,2026-02-02T00:00:00+00:00,1956.864773614972,1082.7555175266666,874.1092560883053,1,low,0,0.0,0,2,0,0,0,0,0,0,0,0,0,0,0,0,0,0,0,0,0,0,0,0,0,0,4,2527.9803929520835,376.1624140875,462.4739155892223,1082.7555175266666,15,-0.7071067811865479,-0.7071067811865471,0,0,1,8.110878659944445,5.713572192777778,9.447840296916668,10.80456051886111,18.16102492311111,18.771297444972223,18.27117152236111,17.667633677111112,92.0250742933889,0.0,465.3144706611944,202.1270942708333
B3,roll_03,persistence,2026-01-30 16:00:00+00:00,2026-01-30 17:00:00+00:00,0,1,2025-12-08T00:00:00+00:00,2026-01-26T00:00:00+00:00,2026-01-26T00:00:00+00:00,2026-02-02T00:00:00+00:00,2558.768179305,1956.864773614972,601.9034056900282,0,night,0,0.0,0,2,0,0,0,0,0,0,0,0,0,0,0,0,0,0,0,0,0,0,0,0,0,0,4,2048.975809514583,1082.7555175266666,1737.4693776433332,1956.864773614972,16,-0.5000000000000004,-0.8660254037844385,0,0,1,7.078508756361111,5.802371368194444,8.110878659944445,8.926961661277778,18.30002895063889,18.720766871444443,18.16102492311111,17.675791429472223,0.0,0.0,92.0250742933889,0.0
B3,roll_03,persistence,2026-01-30 17:00:00+00:00,2026-01-30 18:00:00+00:00,0,1,2025-12-08T00:00:00+00:00,2026-01-26T00:00:00+00:00,2026-01-26T00:00:00+00:00,2026-02-02T00:00:00+00:00,1987.7934036818888,2558.768179305,-570.9747756231113,0,night,0,0.0,0,2,0,0,0,0,0,0,0,0,0,0,0,0,0,0,0,0,0,0,0,0,0,0,4,1253.307754251361,1956.864773614972,2296.247373537611,2558.768179305,17,-0.2588190451025206,-0.9659258262890684,0,0,1,6.466590966111112,5.091072229027778,7.078508756361111,7.060031861138889,17.670263042972223,17.994156679944442,18.30002895063889,18.15538444622222,0.0,0.0,0.0,0.0
B3,roll_03,persistence,2026-01-30 18:00:00+00:00,2026-01-30 19:00:00+00:00,0,1,2025-12-08T00:00:00+00:00,2026-01-26T00:00:00+00:00,2026-01-26T00:00:00+00:00,2026-02-02T00:00:00+00:00,1676.7119280521667,1987.7934036818888,-311.08147562972204,0,night,0,0.0,0,2,0,0,0,0,0,0,0,0,0,0,0,0,0,0,0,0,0,0,0,0,0,0,4,2022.5164028016115,2558.768179305,773.5572774640833,1987.7934036818888,18,-1.8369701987210292e-16,-1.0,0,0,1,5.544694557833334,4.711612085277777,6.466590966111112,5.613281186583333,17.869562911861113,18.35074025972222,17.670263042972223,17.354192048527775,0.0,0.0,0.0,0.0
B3,roll_03,persistence,2026-01-30 19:00:00+00:00,2026-01-30 20:00:00+00:00,0,1,2025-12-08T00:00:00+00:00,2026-01-26T00:00:00+00:00,2026-01-26T00:00:00+00:00,2026-02-02T00:00:00+00:00,1399.5987402705557,1676.7119280521667,-277.11318778161103,0,night,0,0.0,0,1,0,0,0,0,0,0,0,0,0,0,0,0,0,0,0,0,0,0,0,0,0,0,4,1067.3991769345832,1987.7934036818888,2461.1030846526387,1676.7119280521667,19,0.2588190451025203,-0.9659258262890684,0,0,1,4.983116204916667,3.980250340583333,5.544694557833334,4.914927927388889,17.935109248,17.935994839722223,17.869562911861113,18.053897769944445,0.0,0.0,0.0,0.0
B3,roll_03,persistence,2026-01-30 20:00:00+00:00,2026-01-30 21:00:00+00:00,0,1,2025-12-08T00:00:00+00:00,2026-01-26T00:00:00+00:00,2026-01-26T00:00:00+00:00,2026-02-02T00:00:00+00:00,1395.9087899032777,1399.5987402705557,-3.6899503672780156,0,night,0,0.0,0,2,0,0,0,0,0,0,0,0,0,0,0,0,0,0,0,0,0,0,0,0,0,0,4,1046.436184157472,1676.7119280521667,738.0341406504722,1399.5987402705557,20,0.5000000000000001,-0.8660254037844386,0,0,1,5.276358198666666,3.866209152527778,4.983116204916667,4.190135806277778,18.03674184022222,17.69838866127778,17.935109248,17.800593456972223,0.0,0.0,0.0,0.0
B3,roll_03,persistence,2026-01-30 21:00:00+00:00,2026-01-30 22:00:00+00:00,0,1,2025-12-08T00:00:00+00:00,2026-01-26T00:00:00+00:00,2026-01-26T00:00:00+00:00,2026-02-02T00:00:00+00:00,617.2218638224722,1395.9087899032777,-778.6869260808055,0,night,0,0.0,0,2,0,0,0,0,0,0,0,0,0,0,0,0,0,0,0,0,0,0,0,0,0,0,4,602.2876708927778,1399.5987402705557,1046.6185902225832,1395.9087899032777,21,0.7071067811865474,-0.7071067811865477,0,0,1,5.081265362833333,3.869637564888889,5.276358198666666,3.735040379,17.717666968083332,18.29812389511111,18.03674184022222,17.774244155,0.0,0.0,0.0,0.0
B3,roll_03,persistence,2026-01-30 22:00:00+00:00,2026-01-30 23:00:00+00:00,0,1,2025-12-08T00:00:00+00:00,2026-01-26T00:00:00+00:00,2026-01-26T00:00:00+00:00,2026-02-02T00:00:00+00:00,560.833410557,617.2218638224722,-56.38845326547221,0,night,0,0.0,0,1,0,0,0,0,0,0,0,0,0,0,0,0,0,0,0,0,0,0,0,0,0,0,4,492.5538403097778,1395.9087899032777,366.5958732328333,617.2218638224722,22,0.8660254037844384,-0.5000000000000004,0,0,1,4.786386629583333,3.9082464093888887,5.081265362833333,3.5455654769166665,17.870216187916668,18.156249321388888,17.717666968083332,18.1790648955,0.0,0.0,0.0,0.0
B3,roll_03,persistence,2026-01-30 23:00:00+00:00,2026-01-31 00:00:00+00:00,0,1,2025-12-08T00:00:00+00:00,2026-01-26T00:00:00+00:00,2026-01-26T00:00:00+00:00,2026-02-02T00:00:00+00:00,568.5592018373611,560.833410557,7.725791280361136,0,night,0,0.0,0,1,0,0,0,0,0,0,0,0,0,0,0,0,0,0,0,0,0,0,0,0,0,0,4,435.2853666092778,617.2218638224722,363.3738909241667,560.833410557,23,0.965925826289068,-0.2588190451025215,0,0,1,4.713329532638888,3.962953027722222,4.786386629583333,3.007926236861111,18.05467717175,18.266909694166667,17.870216187916668,18.1737381525,0.0,0.0,0.0,0.0
B3,roll_03,persistence,2026-01-31 00:00:00+00:00,2026-01-31 01:00:00+00:00,0,1,2025-12-08T00:00:00+00:00,2026-01-26T00:00:00+00:00,2026-01-26T00:00:00+00:00,2026-02-02T00:00:00+00:00,560.2704962234167,568.5592018373611,-8.288705613944444,0,night,0,0.0,0,1,0,0,0,0,0,0,0,0,0,0,0,0,0,0,0,0,0,0,0,0,0,0,5,405.1807272819444,560.833410557,372.9620775262778,568.5592018373611,0,1.0,0.0,0,1,1,4.703963593666667,3.7605419066388888,4.713329532638888,2.6865080302222224,18.44129268458333,18.3607900945,18.05467717175,18.659629830333333,0.0,0.0,0.0,0.0
B3,roll_03,persistence,2026-01-31 01:00:00+00:00,2026-01-31 02:00:00+00:00,0,1,2025-12-08T00:00:00+00:00,2026-01-26T00:00:00+00:00,2026-01-26T00:00:00+00:00,2026-02-02T00:00:00+00:00,565.4011130005833,560.2704962234167,5.130616777166665,0,night,0,0.0,0,1,0,0,0,0,0,0,0,0,0,0,0,0,0,0,0,0,0,0,0,0,0,0,5,403.1378216736112,568.5592018373611,407.8405305781389,560.2704962234167,1,0.9659258262890684,0.2588190451025207,0,1,1,4.574595359027778,3.594426555777778,4.703963593666667,2.6168204326944444,18.31030418486112,18.35504471088889,18.44129268458333,18.54276345536111,0.0,0.0,0.0,0.0
B3,roll_03,persistence,2026-01-31 02:00:00+00:00,2026-01-31 03:00:00+00:00,0,1,2025-12-08T00:00:00+00:00,2026-01-26T00:00:00+00:00,2026-01-26T00:00:00+00:00,2026-02-02T00:00:00+00:00,568.1319450434166,565.4011130005833,2.730832042833299,0,night,0,0.0,0,1,0,0,0,0,0,0,0,0,0,0,0,0,0,0,0,0,0,0,0,0,0,0,5,404.9479621853611,560.2704962234167,371.0950655588056,565.4011130005833,2,0.8660254037844387,0.4999999999999999,0,1,1,4.697502777333333,3.4606973831944443,4.574595359027778,2.568442849555556,18.300521219944443,18.292189759527776,18.31030418486112,18.29252755372222,0.0,0.0,0.0,0.0
B3,roll_03,persistence,2026-01-31 03:00:00+00:00,2026-01-31 04:00:00+00:00,0,1,2025-12-08T00:00:00+00:00,2026-01-26T00:00:00+00:00,2026-01-26T00:00:00+00:00,2026-02-02T00:00:00+00:00,1108.9278010010555,568.1319450434166,540.7958559576389,0,night,0,0.0,0,1,0,1,1,0,2,0,0,1,0,0,1,0,1,0,0,0,1,0,0,0,0,0,5,402.6522398849167,565.4011130005833,377.9953876609166,568.1319450434166,3,0.7071067811865476,0.7071067811865476,0,1,1,4.8230679848888895,3.4151579152222222,4.697502777333333,3.226123679444445,18.164699992694445,18.273110989944445,18.300521219944443,18.347174637972223,0.0,0.0,0.0,0.0
B3,roll_03,persistence,2026-01-31 04:00:00+00:00,2026-01-31 05:00:00+00:00,0,1,2025-12-08T00:00:00+00:00,2026-01-26T00:00:00+00:00,2026-01-26T00:00:00+00:00,2026-02-02T00:00:00+00:00,1973.961116742889,1108.9278010010555,865.0333157418336,0,night,0,0.0,0,1,0,1,1,0,2,0,0,1,0,0,1,0,1,0,0,0,1,0,0,0,0,0,5,989.5879204678332,568.1319450434166,1042.5099112287778,1108.9278010010555,4,0.5000000000000001,0.8660254037844386,0,1,1,4.949926086694444,3.746956920472222,4.8230679848888895,3.499414719305556,18.495093935444444,18.763885850944444,18.164699992694445,18.78404704663889,0.0,0.0,0.0,0.0
B3,roll_03,persistence,2026-01-31 05:00:00+00:00,2026-01-31 06:00:00+00:00,0,1,2025-12-08T00:00:00+00:00,2026-01-26T00:00:00+00:00,2026-01-26T00:00:00+00:00,2026-02-02T00:00:00+00:00,2133.987086771556,1973.961116742889,160.02597002866673,0,night,0,0.0,0,2,0,0,0,0,0,0,0,0,0,0,0,0,0,0,0,0,0,0,0,0,0,0,5,1683.9951601766388,1108.9278010010555,2043.280496847389,1973.961116742889,5,0.2588190451025207,0.9659258262890684,0,1,1,5.061477725916666,3.807682473638889,4.949926086694444,3.7577913895277777,18.650027333527778,18.95802324902778,18.495093935444444,18.75169663830556,0.0,0.0,0.0,0.0
B3,roll_03,persistence,2026-01-31 06:00:00+00:00,2026-01-31 07:00:00+00:00,0,1,2025-12-08T00:00:00+00:00,2026-01-26T00:00:00+00:00,2026-01-26T00:00:00+00:00,2026-02-02T00:00:00+00:00,1020.5726502083334,2133.987086771556,-1113.4144365632224,0,night,0,0.0,0,2,0,0,0,0,0,0,0,0,0,0,0,0,0,0,0,0,0,0,0,0,0,0,5,1902.018428271,1973.961116742889,2356.0469720826945,2133.987086771556,6,6.123233995736766e-17,1.0,0,1,1,5.25389160675,3.9873673924166666,5.061477725916666,4.644791845444444,18.82857789311112,18.70620324358333,18.650027333527778,18.553310034722223,0.0,0.0,0.0,0.0
B3,roll_03,persistence,2026-01-31 07:00:00+00:00,2026-01-31 08:00:00+00:00,0,1,2025-12-08T00:00:00+00:00,2026-01-26T00:00:00+00:00,2026-01-26T00:00:00+00:00,2026-02-02T00:00:00+00:00,419.2874801181944,1020.5726502083334,-601.285170090139,1,night,0,0.0,0,2,0,0,0,0,0,0,0,0,0,0,0,0,0,0,0,0,0,0,0,0,0,0,5,2166.76233965375,2133.987086771556,2415.724502125278,1020.5726502083334,7,-0.2588190451025206,0.9659258262890684,0,1,1,5.424044650305555,4.151625831166666,5.25389160675,5.112628002777778,18.197251676277777,18.29483151783333,18.82857789311112,18.194770331416667,0.0,0.0,0.0,0.0
B3,roll_03,persistence,2026-01-31 08:00:00+00:00,2026-01-31 09:00:00+00:00,0,1,2025-12-08T00:00:00+00:00,2026-01-26T00:00:00+00:00,2026-01-26T00:00:00+00:00,2026-02-02T00:00:00+00:00,250.3521221068889,419.2874801181944,-168.9353580113055,1,low,0,0.0,0,2,0,0,0,0,0,0,0,0,0,0,0,0,0,0,0,0,0,0,0,0,0,0,5,2056.1787956731946,1020.5726502083334,2088.875723270194,419.2874801181944,8,-0.4999999999999998,0.8660254037844387,0,1,1,6.129296162111111,4.314655074888889,5.424044650305555,5.971257494111111,17.893700756944444,17.905425590777778,18.197251676277777,17.925204983888886,98.26437011297224,0.0,0.0,110.06260566791669
B3,roll_03,persistence,2026-01-31 09:00:00+00:00,2026-01-31 10:00:00+00:00,0,1,2025-12-08T00:00:00+00:00,2026-01-26T00:00:00+00:00,2026-01-26T00:00:00+00:00,2026-02-02T00:00:00+00:00,334.93582907008334,250.3521221068889,84.58370696319443,1,low,0,0.0,0,2,0,0,0,0,0,0,0,0,0,0,0,0,0,0,0,0,0,0,0,0,0,0,5,2110.409867789389,419.2874801181944,1376.5848081650277,250.3521221068889,9,-0.7071067811865475,0.7071067811865476,0,1,1,6.980553941499999,4.542731538305556,6.129296162111111,6.401175342055556,18.21654997936111,18.436193536916665,17.893700756944444,18.61396918244445,249.34129817261112,114.76844990783331,98.26437011297224,454.6492470125556
B3,roll_03,persistence,2026-01-31 10:00:00+00:00,2026-01-31 11:00:00+00:00,0,1,2025-12-08T00:00:00+00:00,2026-01-26T00:00:00+00:00,2026-01-26T00:00:00+00:00,2026-02-02T00:00:00+00:00,-25.482023055444444,334.93582907008334,-360.4178521255278,1,low,0,0.0,0,2,0,0,0,0,0,0,0,0,0,0,0,0,0,0,0,0,0,0,0,0,0,0,5,3130.832139515,250.3521221068889,637.5708449115556,334.93582907008334,10,-0.8660254037844387,0.4999999999999999,0,1,1,7.7654809172777775,5.048194792888889,6.980553941499999,6.918664744916666,18.19416112413889,18.769674477888888,18.21654997936111,19.34717694561112,250.70677482605552,411.0483259695556,249.34129817261112,1227.077606142361
B3,roll_03,persistence,2026-01-31 11:00:00+00:00,2026-01-31 12:00:00+00:00,0,1,2025-12-08T00:00:00+00:00,2026-01-26T00:00:00+00:00,2026-01-26T00:00:00+00:00,2026-02-02T00:00:00+00:00,-362.59401059927774,-25.482023055444444,-337.11198754383327,1,med,0,0.0,0,2,1,0,0,0,0,0,0,0,0,0,0,0,0,0,0,0,0,0,0,0,0,0,5,385.99203080291664,334.93582907008334,-1038.640299738972,-25.482023055444444,11,-0.9659258262890682,0.258819045102521,0,1,1,8.519014925166667,6.944681730611111,7.7654809172777775,9.024725996194444,18.472632186222224,19.6631947345,18.19416112413889,18.99885653263889,612.0282062237222,1596.5776119012498,250.70677482605552,1549.6980390854724
B3,roll_03,persistence,2026-01-31 12:00:00+00:00,2026-01-31 13:00:00+00:00,0,1,2025-12-08T00:00:00+00:00,2026-01-26T00:00:00+00:00,2026-01-26T00:00:00+00:00,2026-02-02T00:00:00+00:00,-31.184125589083333,-362.59401059927774,331.4098850101944,1,med,0,0.0,0,2,1,0,0,0,0,0,0,0,0,0,0,0,0,0,0,0,0,0,0,0,0,0,5,1016.1453970060834,-25.482023055444444,338.58896643852773,-362.59401059927774,12,-1.0,1.2246467991473532e-16,0,1,1,9.44202883811111,8.35612550725,8.519014925166667,10.370691970305556,18.927687698194443,18.378112199194447,18.472632186222224,18.922971791888887,951.2261224310834,407.66865748083336,612.0282062237222,1116.10089140025
B3,roll_03,persistence,2026-01-31 13:00:00+00:00,2026-01-31 14:00:00+00:00,0,1,2025-12-08T00:00:00+00:00,2026-01-26T00:00:00+00:00,2026-01-26T00:00:00+00:00,2026-02-02T00:00:00+00:00,-90.87281389516666,-31.184125589083333,-59.68868830608332,1,med,0,0.0,0,2,1,0,0,0,0,0,0,0,0,0,0,0,0,0,0,0,0,0,0,0,0,0,5,1064.5741736199725,-362.59401059927774,-266.5041079402778,-31.184125589083333,13,-0.9659258262890684,-0.2588190451025208,0,1,1,9.86314300127778,6.657871230416667,9.44202883811111,10.433649848611113,22.238324754305555,18.062944556944444,18.927687698194443,18.62102286772222,534.3037095073611,88.28240024077779,951.2261224310834,1047.2821290664722
B3,roll_03,persistence,2026-01-31 14:00:00+00:00,2026-01-31 15:00:00+00:00,0,1,2025-12-08T00:00:00+00:00,2026-01-26T00:00:00+00:00,2026-01-26T00:00:00+00:00,2026-02-02T00:00:00+00:00,422.2890764387501,-90.87281389516666,513.1618903339167,1,med,0,0.0,0,3,1,0,0,0,0,0,0,0,0,0,0,0,0,0,0,0,0,0,0,0,0,0,5,1858.781012173056,-31.184125589083333,376.1624140875,-90.87281389516666,14,-0.8660254037844388,-0.4999999999999997,0,1,1,10.303680118944444,6.097375211722222,9.86314300127778,9.447840296916668,18.43448147455556,18.00922708483333,22.238324754305555,18.27117152236111,583.7794679558612,0.0,534.3037095073611,465.3144706611944
B3,roll_03,persistence,2026-01-31 15:00:00+00:00,2026-01-31 16:00:00+00:00,0,1,2025-12-08T00:00:00+00:00,2026-01-26T00:00:00+00:00,2026-01-26T00:00:00+00:00,2026-02-02T00:00:00+00:00,514.5742918275556,422.2890764387501,92.28521538880551,1,low,0,0.0,0,2,0,0,0,0,0,0,0,0,0,0,0,0,0,0,0,0,0,0,0,0,0,0,5,1831.2616717653889,-90.87281389516666,1082.7555175266666,422.2890764387501,15,-0.7071067811865479,-0.7071067811865471,0,1,1,9.053904908055555,6.071665185777778,10.303680118944444,8.110878659944445,17.928356537861113,17.677323049111113,18.43448147455556,18.16102492311111,94.08787515758333,0.0,583.7794679558612,92.0250742933889
B3,roll_03,persistence,2026-01-31 16:00:00+00:00,2026-01-31 17:00:00+00:00,0,1,2025-12-08T00:00:00+00:00,2026-01-26T00:00:00+00:00,2026-01-26T00:00:00+00:00,2026-02-02T00:00:00+00:00,555.1924943127777,514.5742918275556,40.61820248522213,0,night,0,0.0,0,2,0,0,0,0,0,0,0,0,0,0,0,0,0,0,0,0,0,0,0,0,0,0,5,1060.0596002008333,422.2890764387501,1956.864773614972,514.5742918275556,16,-0.5000000000000004,-0.8660254037844385,0,1,1,7.789694033361112,6.566483526611111,9.053904908055555,7.078508756361111,17.82899920875,17.72403060438889,17.928356537861113,18.30002895063889,0.0,0.0,94.08787515758333,0.0
B3,roll_03,persistence,2026-01-31 17:00:00+00:00,2026-01-31 18:00:00+00:00,0,1,2025-12-08T00:00:00+00:00,2026-01-26T00:00:00+00:00,2026-01-26T00:00:00+00:00,2026-02-02T00:00:00+00:00,563.0741589198611,555.1924943127777,7.881664607083394,0,night,0,0.0,0,2,0,0,0,0,0,0,0,0,0,0,0,0,0,0,0,0,0,0,0,0,0,0,5,992.9213029867224,514.5742918275556,2558.768179305,555.1924943127777,17,-0.2588190451025206,-0.9659258262890684,0,1,1,6.755247698277778,6.089130444527778,7.789694033361112,6.466590966111112,17.967200165388892,17.830043843416664,17.82899920875,17.670263042972223,0.0,0.0,0.0,0.0
B3,roll_03,persistence,2026-01-31 18:00:00+00:00,2026-01-31 19:00:00+00:00,0,1,2025-12-08T00:00:00+00:00,2026-01-26T00:00:00+00:00,2026-01-26T00:00:00+00:00,2026-02-02T00:00:00+00:00,532.8345183753889,563.0741589198611,-30.239640544472195,0,night,0,0.0,0,2,0,0,0,0,0,0,0,0,0,0,0,0,0,0,0,0,0,0,0,0,0,0,5,1541.1415699855834,555.1924943127777,1987.7934036818888,563.0741589198611,18,-1.8369701987210292e-16,-1.0,0,1,1,5.767976541222222,5.9999975540833335,6.755247698277778,5.544694557833334,17.834140197916668,18.11549999886111,17.967200165388892,17.869562911861113,0.0,0.0,0.0,0.0
B3,roll_03,persistence,2026-01-31 19:00:00+00:00,2026-01-31 20:00:00+00:00,0,1,2025-12-08T00:00:00+00:00,2026-01-26T00:00:00+00:00,2026-01-26T00:00:00+00:00,2026-02-02T00:00:00+00:00,552.461400302111,532.8345183753889,19.626881926722035,0,night,0,0.0,0,1,0,1,1,0,11,0,0,0,1,0,1,0,1,0,0,0,1,0,0,0,0,0,5,1286.9006860100278,563.0741589198611,1676.7119280521667,532.8345183753889,19,0.2588190451025203,-0.9659258262890684,0,1,1,4.9639147325833335,5.77926593825,5.767976541222222,4.983116204916667,17.848143047277777,18.36445310694444,17.834140197916668,17.935109248,0.0,0.0,0.0,0.0
B3,roll_03,persistence,2026-01-31 20:00:00+00:00,2026-01-31 21:00:00+00:00,0,1,2025-12-08T00:00:00+00:00,2026-01-26T00:00:00+00:00,2026-01-26T00:00:00+00:00,2026-02-02T00:00:00+00:00,552.9098461985833,552.461400302111,0.4484458964723217,0,night,0,0.0,0,1,0,1,1,0,11,0,0,0,1,0,1,0,1,0,0,0,1,0,0,0,0,0,5,640.4533153681945,532.8345183753889,1399.5987402705557,552.461400302111,20,0.5000000000000001,-0.8660254037844386,0,1,1,4.440933167611111,5.683189338277778,4.9639147325833335,5.276358198666666,17.723165066277776,17.952829869138892,17.848143047277777,18.03674184022222,0.0,0.0,0.0,0.0
B3,roll_03,persistence,2026-01-31 21:00:00+00:00,2026-01-31 22:00:00+00:00,0,1,2025-12-08T00:00:00+00:00,2026-01-26T00:00:00+00:00,2026-01-26T00:00:00+00:00,2026-02-02T00:00:00+00:00,560.803781971389,552.9098461985833,7.893935772805662,0,night,0,0.0,0,1,0,1,1,0,11,0,0,0,1,0,1,0,1,0,0,0,1,0,0,0,0,0,5,584.3161862229999,552.461400302111,1395.9087899032777,552.9098461985833,21,0.7071067811865474,-0.7071067811865477,0,1,1,3.7774108658888887,5.649819748388889,4.440933167611111,5.081265362833333,18.23027304580556,17.865298132333333,17.723165066277776,17.717666968083332,0.0,0.0,0.0,0.0
B3,roll_03,persistence,2026-01-31 22:00:00+00:00,2026-01-31 23:00:00+00:00,0,1,2025-12-08T00:00:00+00:00,2026-01-26T00:00:00+00:00,2026-01-26T00:00:00+00:00,2026-02-02T00:00:00+00:00,565.2245665261389,560.803781971389,4.420784554749957,0,night,0,0.0,0,1,0,1,1,0,11,0,0,0,1,0,1,0,1,0,0,0,1,0,0,0,0,0,5,518.3547093412777,552.9098461985833,617.2218638224722,560.803781971389,22,0.8660254037844384,-0.5000000000000004,0,1,1,3.4897308291944444,5.809892205944444,3.7774108658888887,4.786386629583333,17.98149304761111,18.060589775333334,18.23027304580556,17.870216187916668,0.0,0.0,0.0,0.0
B3,roll_03,persistence,2026-01-31 23:00:00+00:00,2026-02-01 00:00:00+00:00,0,1,2025-12-08T00:00:00+00:00,2026-01-26T00:00:00+00:00,2026-01-26T00:00:00+00:00,2026-02-02T00:00:00+00:00,564.1097782727777,565.2245665261389,-1.114788253361212,0,night,0,0.0,0,1,0,1,1,0,11,0,0,0,1,0,1,0,1,0,0,0,1,0,0,0,0,0,5,430.99813492583326,560.803781971389,560.833410557,565.2245665261389,23,0.965925826289068,-0.2588190451025215,0,1,1,3.5326573690000003,5.70738836675,3.4897308291944444,4.713329532638888,18.31189549144444,18.156869020583333,17.98149304761111,18.05467717175,0.0,0.0,0.0,0.0
B3,roll_03,persistence,2026-02-01 00:00:00+00:00,2026-02-01 01:00:00+00:00,0,1,2025-12-08T00:00:00+00:00,2026-01-26T00:00:00+00:00,2026-01-26T00:00:00+00:00,2026-02-02T00:00:00+00:00,533.409867254,564.1097782727777,-30.699911018777698,0,night,0,0.0,0,1,0,1,1,0,11,0,0,0,1,0,1,0,1,0,0,0,1,0,0,0,0,0,6,377.7188413770555,565.2245665261389,568.5592018373611,564.1097782727777,0,1.0,0.0,0,1,2,3.8372821672222224,5.6147730122777775,3.5326573690000003,4.703963593666667,18.13831279555556,18.11037431958333,18.31189549144444,18.44129268458333,0.0,0.0,0.0,0.0
B3,roll_03,persistence,2026-02-01 01:00:00+00:00,2026-02-01 02:00:00+00:00,0,1,2025-12-08T00:00:00+00:00,2026-01-26T00:00:00+00:00,2026-01-26T00:00:00+00:00,2026-02-02T00:00:00+00:00,562.5751383565,533.409867254,29.165271102500014,0,night,0,0.0,0,1,0,1,1,0,11,0,0,0,0,1,1,0,1,0,0,0,1,0,0,0,0,0,6,364.4423996903056,564.1097782727777,560.2704962234167,533.409867254,1,0.9659258262890684,0.2588190451025207,0,1,2,3.1821613179166666,5.886597346611112,3.8372821672222224,4.574595359027778,18.042256365194447,18.483736475527778,18.13831279555556,18.31030418486112,0.0,0.0,0.0,0.0
B3,roll_03,persistence,2026-02-01 02:00:00+00:00,2026-02-01 03:00:00+00:00,0,1,2025-12-08T00:00:00+00:00,2026-01-26T00:00:00+00:00,2026-01-26T00:00:00+00:00,2026-02-02T00:00:00+00:00,534.4757679513611,562.5751383565,-28.09937040513887,0,night,0,0.0,0,1,0,1,1,0,11,0,0,0,0,1,1,0,1,0,0,0,1,0,0,0,0,0,6,384.5271624152222,533.409867254,565.4011130005833,562.5751383565,2,0.8660254037844387,0.4999999999999999,0,1,2,2.698781669777778,5.938280689361111,3.1821613179166666,4.697502777333333,18.15492261975,18.49985763155556,18.042256365194447,18.300521219944443,0.0,0.0,0.0,0.0
B3,roll_03,persistence,2026-02-01 03:00:00+00:00,2026-02-01 04:00:00+00:00,0,1,2025-12-08T00:00:00+00:00,2026-01-26T00:00:00+00:00,2026-01-26T00:00:00+00:00,2026-02-02T00:00:00+00:00,559.3680544099722,534.4757679513611,24.89228645861101,0,night,0,0.0,0,1,0,1,1,0,11,0,0,0,0,1,1,0,1,0,0,0,1,0,0,0,0,0,6,395.30640441158334,562.5751383565,568.1319450434166,534.4757679513611,3,0.7071067811865476,0.7071067811865476,0,1,2,2.4964807060833336,5.830688939638889,2.698781669777778,4.8230679848888895,18.078049501583333,18.36806043725,18.15492261975,18.164699992694445,0.0,0.0,0.0,0.0
B3,roll_03,persistence,2026-02-01 04:00:00+00:00,2026-02-01 05:00:00+00:00,0,1,2025-12-08T00:00:00+00:00,2026-01-26T00:00:00+00:00,2026-01-26T00:00:00+00:00,2026-02-02T00:00:00+00:00,555.9197919330833,559.3680544099722,-3.4482624768888854,0,night,0,0.0,0,1,0,1,1,0,11,0,0,0,0,1,1,0,1,0,0,0,1,0,0,0,0,0,6,963.782436518,534.4757679513611,1108.9278010010555,559.3680544099722,4,0.5000000000000001,0.8660254037844386,0,1,2,2.212842818472222,5.175912236194445,2.4964807060833336,4.949926086694444,18.102337799305555,18.4531641925,18.078049501583333,18.495093935444444,0.0,0.0,0.0,0.0
B3,roll_03,persistence,2026-02-01 05:00:00+00:00,2026-02-01 06:00:00+00:00,0,1,2025-12-08T00:00:00+00:00,2026-01-26T00:00:00+00:00,2026-01-26T00:00:00+00:00,2026-02-02T00:00:00+00:00,1160.5435193141388,555.9197919330833,604.6237273810556,0,night,0,0.0,0,1,0,1,1,0,11,0,0,0,0,1,1,0,1,0,0,0,1,0,0,0,0,0,6,1696.815230154389,559.3680544099722,1973.961116742889,555.9197919330833,5,0.2588190451025207,0.9659258262890684,0,1,2,3.237864923555556,4.974422407805555,2.212842818472222,5.061477725916666,18.201222131833333,18.711754044777777,18.102337799305555,18.650027333527778,0.0,0.0,0.0,0.0
B3,roll_03,persistence,2026-02-01 06:00:00+00:00,2026-02-01 07:00:00+00:00,0,1,2025-12-08T00:00:00+00:00,2026-01-26T00:00:00+00:00,2026-01-26T00:00:00+00:00,2026-02-02T00:00:00+00:00,691.6709654138334,1160.5435193141388,-468.87255390030543,0,night,0,0.0,0,1,0,0,0,0,0,0,0,0,0,0,0,0,0,0,0,0,0,0,0,0,0,0,6,1659.7306816588614,555.9197919330833,2133.987086771556,1160.5435193141388,6,6.123233995736766e-17,1.0,0,1,2,3.8328786741666665,4.992939964055556,3.237864923555556,5.25389160675,18.61053815477777,18.560369708916667,18.201222131833333,18.82857789311112,0.0,0.0,0.0,0.0
B3,roll_03,persistence,2026-02-01 07:00:00+00:00,2026-02-01 08:00:00+00:00,0,1,2025-12-08T00:00:00+00:00,2026-01-26T00:00:00+00:00,2026-01-26T00:00:00+00:00,2026-02-02T00:00:00+00:00,1089.2109433604444,691.6709654138334,397.539977946611,1,night,0,0.0,0,1,0,0,0,0,0,0,0,0,0,0,0,0,0,0,0,0,0,0,0,0,0,0,6,2231.1363579284443,1160.5435193141388,1020.5726502083334,691.6709654138334,7,-0.2588190451025206,0.9659258262890684,0,1,2,4.237392116472222,4.933367505611112,3.8328786741666665,5.424044650305555,17.88786849641667,18.55700058877778,18.61053815477777,18.197251676277777,0.0,0.0,0.0,0.0
B3,roll_03,persistence,2026-02-01 08:00:00+00:00,2026-02-01 09:00:00+00:00,0,1,2025-12-08T00:00:00+00:00,2026-01-26T00:00:00+00:00,2026-01-26T00:00:00+00:00,2026-02-02T00:00:00+00:00,303.2054646118889,1089.2109433604444,-786.0054787485556,1,low,0,0.0,0,2,0,0,0,0,0,0,0,0,0,0,0,0,0,0,0,0,0,0,0,0,0,0,6,2238.324116505972,691.6709654138334,419.2874801181944,1089.2109433604444,8,-0.4999999999999998,0.8660254037844387,0,1,2,5.01099208125,4.832365699444444,4.237392116472222,6.129296162111111,18.566264010416667,18.49024153463889,17.88786849641667,17.893700756944444,106.04772709316669,0.0,0.0,98.26437011297224
B3,roll_03,persistence,2026-02-01 09:00:00+00:00,2026-02-01 10:00:00+00:00,0,1,2025-12-08T00:00:00+00:00,2026-01-26T00:00:00+00:00,2026-01-26T00:00:00+00:00,2026-02-02T00:00:00+00:00,306.5586802728889,303.2054646118889,3.3532156610000357,1,low,0,0.0,0,2,0,0,0,0,0,0,0,0,0,0,0,0,0,0,0,0,0,0,0,0,0,0,6,2327.768168646222,1089.2109433604444,250.3521221068889,303.2054646118889,9,-0.7071067811865475,0.7071067811865476,0,1,2,5.626684347805555,4.46485140163889,5.01099208125,6.980553941499999,18.47450458186111,18.60976037316667,18.566264010416667,18.21654997936111,248.01824049366667,20.07319077258333,106.04772709316669,249.34129817261112
B3,roll_03,persistence,2026-02-01 10:00:00+00:00,2026-02-01 11:00:00+00:00,0,1,2025-12-08T00:00:00+00:00,2026-01-26T00:00:00+00:00,2026-01-26T00:00:00+00:00,2026-02-02T00:00:00+00:00,298.92543760088887,306.5586802728889,-7.633242672000051,1,low,0,0.0,0,2,0,0,0,0,0,0,0,0,0,0,0,0,0,0,0,0,0,0,0,0,0,0,6,3079.3561128761667,303.2054646118889,334.93582907008334,306.5586802728889,10,-0.8660254037844387,0.4999999999999999,0,1,2,6.359563082472222,4.6137414355,5.626684347805555,7.7654809172777775,18.573064382416668,18.23413413661111,18.47450458186111,18.19416112413889,301.1109472033611,79.55278716463889,248.01824049366667,250.70677482605552
B3,roll_03,persistence,2026-02-01 11:00:00+00:00,2026-02-01 12:00:00+00:00,0,1,2025-12-08T00:00:00+00:00,2026-01-26T00:00:00+00:00,2026-01-26T00:00:00+00:00,2026-02-02T00:00:00+00:00,73.55411946638888,298.92543760088887,-225.37131813449997,1,low,0,0.0,0,2,0,0,0,0,0,0,0,0,0,0,0,0,0,0,0,0,0,0,0,0,0,0,6,1060.977643347722,306.5586802728889,-25.482023055444444,298.92543760088887,11,-0.9659258262890682,0.258819045102521,0,1,2,6.701555503277778,5.1184929485833335,6.359563082472222,8.519014925166667,18.641836500222222,18.24494905780556,18.573064382416668,18.472632186222224,264.21803932213885,220.18301505319445,301.1109472033611,612.0282062237222
B3,roll_03,persistence,2026-02-01 12:00:00+00:00,2026-02-01 13:00:00+00:00,0,1,2025-12-08T00:00:00+00:00,2026-01-26T00:00:00+00:00,2026-01-26T00:00:00+00:00,2026-02-02T00:00:00+00:00,151.58054217927778,73.55411946638888,78.0264227128889,1,med,0,0.0,0,2,0,0,0,0,0,0,0,0,0,0,0,0,0,0,0,0,0,0,0,0,0,0,6,1745.3068945306666,298.92543760088887,-362.59401059927774,73.55411946638888,12,-1.0,1.2246467991473532e-16,0,1,2,6.799436887527777,6.667484349638889,6.701555503277778,9.44202883811111,18.791125845166665,19.08982180188889,18.641836500222222,18.927687698194443,435.7445417964166,527.3673956102779,264.21803932213885,951.2261224310834
B3,roll_03,persistence,2026-02-01 13:00:00+00:00,2026-02-01 14:00:00+00:00,0,1,2025-12-08T00:00:00+00:00,2026-01-26T00:00:00+00:00,2026-01-26T00:00:00+00:00,2026-02-02T00:00:00+00:00,1336.6438164391946,151.58054217927778,1185.0632742599169,1,med,0,0.0,0,2,0,0,0,0,0,0,0,0,0,0,0,0,0,0,0,0,0,0,0,0,0,0,6,906.8727746182224,73.55411946638888,-31.184125589083333,151.58054217927778,13,-0.9659258262890684,-0.2588190451025208,0,1,2,8.563500269777778,7.015248214916667,6.799436887527777,9.86314300127778,19.11458533352777,18.02789201130556,18.791125845166665,22.238324754305555,910.9197011827224,212.62666984819444,435.7445417964166,534.3037095073611
B3,roll_03,persistence,2026-02-01 14:00:00+00:00,2026-02-01 15:00:00+00:00,0,1,2025-12-08T00:00:00+00:00,2026-01-26T00:00:00+00:00,2026-01-26T00:00:00+00:00,2026-02-02T00:00:00+00:00,1896.0841900744165,1336.6438164391946,559.4403736352219,1,med,0,0.0,0,2,0,0,0,0,0,0,0,0,0,0,0,0,0,0,0,0,0,0,0,0,0,0,6,1490.25308828425,151.58054217927778,-90.87281389516666,1336.6438164391946,14,-0.8660254037844388,-0.4999999999999997,0,1,2,9.976889929027775,7.1463404341666665,8.563500269777778,10.303680118944444,19.289118039166667,18.02865631725,19.11458533352777,18.43448147455556,639.4901448136667,125.078570753,910.9197011827224,583.7794679558612
B3,roll_03,persistence,2026-02-01 15:00:00+00:00,2026-02-01 16:00:00+00:00,0,1,2025-12-08T00:00:00+00:00,2026-01-26T00:00:00+00:00,2026-01-26T00:00:00+00:00,2026-02-02T00:00:00+00:00,2484.501672130778,1896.0841900744165,588.4174820563615,1,low,0,0.0,0,2,0,0,0,0,0,0,0,0,0,0,0,0,0,0,0,0,0,0,0,0,0,0,6,924.6930943503612,1336.6438164391946,422.2890764387501,1896.0841900744165,15,-0.7071067811865479,-0.7071067811865471,0,1,2,9.471447134777778,6.817918164777777,9.976889929027775,9.053904908055555,18.72145362119445,17.959508398916665,19.289118039166667,17.928356537861113,146.96965613394443,0.0,639.4901448136667,94.08787515758333
B3,roll_03,persistence,2026-02-01 16:00:00+00:00,2026-02-01 17:00:00+00:00,0,1,2025-12-08T00:00:00+00:00,2026-01-26T00:00:00+00:00,2026-01-26T00:00:00+00:00,2026-02-02T00:00:00+00:00,2486.544613380472,2484.501672130778,2.042941249694195,0,night,0,0.0,0,2,0,0,0,0,0,0,0,0,0,0,0,0,0,0,0,0,0,0,0,0,0,0,6,1936.265559235028,1896.0841900744165,514.5742918275556,2484.501672130778,16,-0.5000000000000004,-0.8660254037844385,0,1,2,7.681018360972222,6.112700724861111,9.471447134777778,7.789694033361112,18.355588006666668,18.36010683186112,18.72145362119445,17.82899920875,0.0,0.0,146.96965613394443,0.0
B3,roll_03,persistence,2026-02-01 17:00:00+00:00,2026-02-01 18:00:00+00:00,0,1,2025-12-08T00:00:00+00:00,2026-01-26T00:00:00+00:00,2026-01-26T00:00:00+00:00,2026-02-02T00:00:00+00:00,2612.5492478209444,2486.544613380472,126.00463444047227,0,night,0,0.0,0,2,0,0,0,0,0,0,0,0,0,0,0,0,0,0,0,0,0,0,0,0,0,0,6,1053.6913190111388,2484.501672130778,555.1924943127777,2486.544613380472,17,-0.2588190451025206,-0.9659258262890684,0,1,2,6.242695821472222,5.021550218833333,7.681018360972222,6.755247698277778,18.471300794,17.625167409194443,18.355588006666668,17.967200165388892,0.0,0.0,0.0,0.0
B3,roll_03,persistence,2026-02-01 18:00:00+00:00,2026-02-01 19:00:00+00:00,0,1,2025-12-08T00:00:00+00:00,2026-01-26T00:00:00+00:00,2026-01-26T00:00:00+00:00,2026-02-02T00:00:00+00:00,3017.157618471861,2612.5492478209444,404.60837065091664,0,night,0,0.0,0,2,0,0,0,0,0,0,0,0,0,0,0,0,0,0,0,0,0,0,0,0,0,0,6,1042.3809986754163,2486.544613380472,563.0741589198611,2612.5492478209444,18,-1.8369701987210292e-16,-1.0,0,1,2,5.216167870194445,4.227878578694444,6.242695821472222,5.767976541222222,18.42057814105556,17.660656862222222,18.471300794,17.834140197916668,0.0,0.0,0.0,0.0
B3,roll_03,persistence,2026-02-01 19:00:00+00:00,2026-02-01 20:00:00+00:00,0,1,2025-12-08T00:00:00+00:00,2026-01-26T00:00:00+00:00,2026-01-26T00:00:00+00:00,2026-02-02T00:00:00+00:00,2133.137917275778,3017.157618471861,-884.0197011960831,0,night,0,0.0,0,1,0,0,0,0,0,0,0,0,0,0,0,0,0,0,0,0,0,0,0,0,0,0,6,849.7813898698611,2612.5492478209444,532.8345183753889,3017.157618471861,19,0.2588190451025203,-0.9659258262890684,0,1,2,4.222881066444445,3.6091518839166654,5.216167870194445,4.9639147325833335,18.158003166277776,17.591231184888887,18.42057814105556,17.848143047277777,0.0,0.0,0.0,0.0
B3,roll_03,persistence,2026-02-01 20:00:00+00:00,2026-02-01 21:00:00+00:00,0,1,2025-12-08T00:00:00+00:00,2026-01-26T00:00:00+00:00,2026-01-26T00:00:00+00:00,2026-02-02T00:00:00+00:00,952.1327068525555,2133.137917275778,-1181.0052104232223,0,night,0,0.0,0,1,0,0,0,0,0,0,0,0,0,0,0,0,0,0,0,0,0,0,0,0,0,0,6,739.4192231492499,3017.157618471861,552.461400302111,2133.137917275778,20,0.5000000000000001,-0.8660254037844386,0,1,2,3.7358408869444446,3.3640960108888893,4.222881066444445,4.440933167611111,18.141454766611112,17.554591725333335,18.158003166277776,17.723165066277776,0.0,0.0,0.0,0.0
B3,roll_03,persistence,2026-02-01 21:00:00+00:00,2026-02-01 22:00:00+00:00,0,1,2025-12-08T00:00:00+00:00,2026-01-26T00:00:00+00:00,2026-01-26T00:00:00+00:00,2026-02-02T00:00:00+00:00,1463.8755507140277,952.1327068525555,511.7428438614721,0,night,0,0.0,0,1,0,0,0,0,0,0,0,0,0,0,0,0,0,0,0,0,0,0,0,0,0,0,6,575.8166761095833,2133.137917275778,552.9098461985833,952.1327068525555,21,0.7071067811865474,-0.7071067811865477,0,1,2,3.463399385861111,4.178278312777778,3.7358408869444446,3.7774108658888887,17.990124485333332,17.66102431277778,18.141454766611112,18.23027304580556,0.0,0.0,0.0,0.0
B3,roll_03,mlr,2026-01-25 23:00:00+00:00,2026-01-26 00:00:00+00:00,0,1,2025-12-08T00:00:00+00:00,2026-01-26T00:00:00+00:00,2026-01-26T00:00:00+00:00,2026-02-02T00:00:00+00:00,369.4281183008611,352.0090311256031,17.419087175258028,0,night,0,0.0,0,1,0,0,0,0,0,0,0,0,0,0,0,0,0,0,0,0,0,0,0,0,0,0,6,371.8011446672778,367.5400825782778,430.99813492583326,401.8299940770556,23,0.965925826289068,-0.2588190451025215,0,1,1,4.466046058277779,7.6601376606111105,4.361512489777778,5.70738836675,18.2452798105,18.329515098027777,17.980475572111114,18.156869020583333,0.0,0.0,0.0,0.0
B3,roll_03,mlr,2026-01-26 00:00:00+00:00,2026-01-26 01:00:00+00:00,0,1,2025-12-08T00:00:00+00:00,2026-01-26T00:00:00+00:00,2026-01-26T00:00:00+00:00,2026-02-02T00:00:00+00:00,418.7639288361667,699.0210781142846,-280.2571492781179,0,night,0,0.0,0,1,0,0,0,0,0,0,0,0,0,0,0,0,0,0,0,0,0,0,0,0,0,0,0,368.0171135468333,401.8299940770556,377.7188413770555,369.4281183008611,0,1.0,0.0,0,0,1,4.461170374777778,7.471285470472222,4.466046058277779,5.6147730122777775,18.523186238833336,18.324939880888888,18.2452798105,18.11037431958333,0.0,0.0,0.0,0.0
B3,roll_03,mlr,2026-01-26 01:00:00+00:00,2026-01-26 02:00:00+00:00,0,1,2025-12-08T00:00:00+00:00,2026-01-26T00:00:00+00:00,2026-01-26T00:00:00+00:00,2026-02-02T00:00:00+00:00,391.5396551361389,741.7715386871641,-350.23188355102525,0,night,0,0.0,0,1,0,0,0,0,0,0,0,0,0,0,0,0,0,0,0,0,0,0,0,0,0,0,0,370.43651664125,369.4281183008611,364.4423996903056,418.7639288361667,1,0.9659258262890684,0.2588190451025207,0,0,1,4.7878055041388885,7.240814754666666,4.461170374777778,5.886597346611112,18.5138968555,18.191478372805555,18.523186238833336,18.483736475527778,0.0,0.0,0.0,0.0
B3,roll_03,mlr,2026-01-26 02:00:00+00:00,2026-01-26 03:00:00+00:00,0,1,2025-12-08T00:00:00+00:00,2026-01-26T00:00:00+00:00,2026-01-26T00:00:00+00:00,2026-02-02T00:00:00+00:00,371.4401780996666,695.1871129865917,-323.74693488692515,0,night,0,0.0,0,1,0,0,0,0,0,0,0,0,0,0,0,0,0,0,0,0,0,0,0,0,0,0,0,382.0239495386389,418.7639288361667,384.5271624152222,391.5396551361389,2,0.8660254037844387,0.4999999999999999,0,0,1,4.783428099083333,7.025713984444444,4.7878055041388885,5.938280689361111,21.99558707186111,18.308205069916667,18.5138968555,18.49985763155556,0.0,0.0,0.0,0.0
B3,roll_03,mlr,2026-01-26 03:00:00+00:00,2026-01-26 04:00:00+00:00,0,1,2025-12-08T00:00:00+00:00,2026-01-26T00:00:00+00:00,2026-01-26T00:00:00+00:00,2026-02-02T00:00:00+00:00,1028.218939733639,838.0712092136214,190.1477305200176,0,night,0,0.0,0,1,0,1,1,0,1,0,0,1,0,0,1,0,1,0,0,0,1,0,0,0,0,0,0,368.1878588306667,391.5396551361389,395.30640441158334,371.4401780996666,3,0.7071067811865476,0.7071067811865476,0,0,1,4.6246117731666665,6.843691117888889,4.783428099083333,5.830688939638889,18.55526118411112,18.22355256697222,21.99558707186111,18.36806043725,0.0,0.0,0.0,0.0
B3,roll_03,mlr,2026-01-26 04:00:00+00:00,2026-01-26 05:00:00+00:00,0,1,2025-12-08T00:00:00+00:00,2026-01-26T00:00:00+00:00,2026-01-26T00:00:00+00:00,2026-02-02T00:00:00+00:00,2114.055589798917,1176.6231442890016,937.4324455099154,0,night,0,0.0,0,1,0,0,0,0,0,0,0,0,0,0,0,0,0,0,0,0,0,0,0,0,0,0,0,956.6022458266112,371.4401780996666,963.782436518,1028.218939733639,4,0.5000000000000001,0.8660254037844386,0,0,1,4.447174962083333,6.571004820500001,4.6246117731666665,5.175912236194445,18.50634147902778,18.381851679388888,18.55526118411112,18.4531641925,0.0,0.0,0.0,0.0
B3,roll_03,mlr,2026-01-26 05:00:00+00:00,2026-01-26 06:00:00+00:00,0,1,2025-12-08T00:00:00+00:00,2026-01-26T00:00:00+00:00,2026-01-26T00:00:00+00:00,2026-02-02T00:00:00+00:00,2600.770309974528,1912.443678211906,688.3266317626221,0,night,0,0.0,0,1,0,0,0,0,0,0,0,0,0,0,0,0,0,0,0,0,0,0,0,0,0,0,0,2097.5119466174724,1028.218939733639,1696.815230154389,2114.055589798917,5,0.2588190451025207,0.9659258262890684,0,0,1,4.408384114472223,6.230610997888888,4.447174962083333,4.974422407805555,18.76648325919444,18.81852253330556,18.50634147902778,18.711754044777777,0.0,0.0,0.0,0.0
B3,roll_03,mlr,2026-01-26 06:00:00+00:00,2026-01-26 07:00:00+00:00,0,1,2025-12-08T00:00:00+00:00,2026-01-26T00:00:00+00:00,2026-01-26T00:00:00+00:00,2026-02-02T00:00:00+00:00,2010.6085535996945,2369.474211663018,-358.86565806332374,0,night,0,0.0,0,1,0,0,0,0,0,0,0,0,0,0,0,0,0,0,0,0,0,0,0,0,0,0,0,2207.624277541472,2114.055589798917,1659.7306816588614,2600.770309974528,6,6.123233995736766e-17,1.0,0,0,1,4.431008716472223,6.104236992611111,4.408384114472223,4.992939964055556,18.49337982475,18.518887052166665,18.76648325919444,18.560369708916667,0.0,0.0,0.0,0.0
B3,roll_03,mlr,2026-01-26 07:00:00+00:00,2026-01-26 08:00:00+00:00,0,1,2025-12-08T00:00:00+00:00,2026-01-26T00:00:00+00:00,2026-01-26T00:00:00+00:00,2026-02-02T00:00:00+00:00,1665.4681254328334,2156.3164814678908,-490.84835603505735,1,low,0,0.0,0,1,0,0,0,0,0,0,0,0,0,0,0,0,0,0,0,0,0,0,0,0,0,0,0,743.501432477222,2600.770309974528,2231.1363579284443,2010.6085535996945,7,-0.2588190451025206,0.9659258262890684,0,0,1,4.217437003583334,6.0920939530833325,4.431008716472223,4.933367505611112,18.407470120777777,17.464818313277778,18.49337982475,18.55700058877778,23.868688164416664,0.0,0.0,0.0
B3,roll_03,mlr,2026-01-26 08:00:00+00:00,2026-01-26 09:00:00+00:00,0,1,2025-12-08T00:00:00+00:00,2026-01-26T00:00:00+00:00,2026-01-26T00:00:00+00:00,2026-02-02T00:00:00+00:00,1007.3270680508888,1640.4521891936065,-633.1251211427177,1,low,0,0.0,0,1,0,0,0,0,0,0,0,0,0,0,0,0,0,0,0,0,0,0,0,0,0,0,0,1602.210022772833,2010.6085535996945,2238.324116505972,1665.4681254328334,8,-0.4999999999999998,0.8660254037844387,0,0,1,4.718276212527778,6.376790769055556,4.217437003583334,4.832365699444444,18.409084794722222,18.106925738416667,18.407470120777777,18.49024153463889,232.3755870049445,52.25388250475,23.868688164416664,0.0
B3,roll_03,mlr,2026-01-26 09:00:00+00:00,2026-01-26 10:00:00+00:00,0,1,2025-12-08T00:00:00+00:00,2026-01-26T00:00:00+00:00,2026-01-26T00:00:00+00:00,2026-02-02T00:00:00+00:00,-569.4865977234444,713.6474206885409,-1283.1340184119854,1,med,0,0.0,0,2,0,0,0,0,0,0,0,0,0,0,0,0,0,0,0,0,0,0,0,0,0,0,0,401.86281383952775,1665.4681254328334,2327.768168646222,1007.3270680508888,9,-0.7071067811865475,0.7071067811865476,0,0,1,6.201903485888889,6.883866901888889,4.718276212527778,4.46485140163889,19.274426173416668,17.851597591666668,18.409084794722222,18.60976037316667,957.7790681506112,200.28425978958333,232.3755870049445,20.07319077258333
B3,roll_03,mlr,2026-01-26 10:00:00+00:00,2026-01-26 11:00:00+00:00,0,1,2025-12-08T00:00:00+00:00,2026-01-26T00:00:00+00:00,2026-01-26T00:00:00+00:00,2026-02-02T00:00:00+00:00,-741.4332030484165,-253.4473395285745,-487.98586351984204,1,high,0,0.0,0,2,1,0,0,0,0,0,0,0,0,0,0,0,0,0,0,0,0,0,0,0,0,0,0,799.5036943302779,1007.3270680508888,3079.3561128761667,-569.4865977234444,10,-0.8660254037844387,0.4999999999999999,0,0,1,7.908126318222223,7.554804945722222,6.201903485888889,4.6137414355,19.29423308175,18.305271993833333,19.274426173416668,18.23413413661111,1452.9506088285557,300.6106887920556,957.7790681506112,79.55278716463889
B3,roll_03,mlr,2026-01-26 11:00:00+00:00,2026-01-26 12:00:00+00:00,0,1,2025-12-08T00:00:00+00:00,2026-01-26T00:00:00+00:00,2026-01-26T00:00:00+00:00,2026-02-02T00:00:00+00:00,-1079.799870834083,-313.52803772541324,-766.2718331086699,1,high,0,0.0,0,2,1,0,0,0,0,0,0,0,0,0,0,0,0,0,0,0,0,0,0,0,0,0,0,764.1083921755,-569.4865977234444,1060.977643347722,-741.4332030484165,11,-0.9659258262890682,0.258819045102521,0,0,1,8.922148164944444,7.938572868611111,7.908126318222223,5.1184929485833335,19.045338705444447,17.913517779527776,19.29423308175,18.24494905780556,1282.8998087142222,360.65137327452777,1452.9506088285557,220.18301505319445
B3,roll_03,mlr,2026-01-26 12:00:00+00:00,2026-01-26 13:00:00+00:00,0,1,2025-12-08T00:00:00+00:00,2026-01-26T00:00:00+00:00,2026-01-26T00:00:00+00:00,2026-02-02T00:00:00+00:00,94.50215176250003,-758.1589598930289,852.6611116555289,1,high,0,0.0,0,2,1,0,0,0,0,0,0,0,0,0,0,0,0,0,0,0,0,0,0,0,0,0,0,135.93812644077775,-741.4332030484165,1745.3068945306666,-1079.799870834083,12,-1.0,1.2246467991473532e-16,0,0,1,9.81455455672222,8.697412192166667,8.922148164944444,6.667484349638889,19.22219746525,17.51108470222222,19.045338705444447,19.08982180188889,1568.292356256389,429.9776792980833,1282.8998087142222,527.3673956102779
B3,roll_03,mlr,2026-01-26 13:00:00+00:00,2026-01-26 14:00:00+00:00,0,1,2025-12-08T00:00:00+00:00,2026-01-26T00:00:00+00:00,2026-01-26T00:00:00+00:00,2026-02-02T00:00:00+00:00,-184.2188756273056,90.79468097791414,-275.0135566052197,1,high,0,0.0,0,3,0,0,0,0,0,0,0,0,0,0,0,0,0,0,0,0,0,0,0,0,0,0,0,227.14875664072224,-1079.799870834083,906.8727746182224,94.50215176250003,13,-0.9659258262890684,-0.2588190451025208,0,0,1,11.254398788638888,9.178790924722222,9.81455455672222,7.015248214916667,19.500437073166665,17.4767666915,19.22219746525,18.02789201130556,1276.3594904251663,331.27048653,1568.292356256389,212.62666984819444
B3,roll_03,mlr,2026-01-26 14:00:00+00:00,2026-01-26 15:00:00+00:00,0,1,2025-12-08T00:00:00+00:00,2026-01-26T00:00:00+00:00,2026-01-26T00:00:00+00:00,2026-02-02T00:00:00+00:00,297.8340901346389,400.55235308973306,-102.71826295509413,1,med,0,0.0,0,3,1,0,0,0,0,0,0,0,0,0,0,0,0,0,0,0,0,0,0,0,0,0,0,1951.074940760889,94.50215176250003,1490.25308828425,-184.2188756273056,14,-0.8660254037844388,-0.4999999999999997,0,0,1,11.926946225083334,8.86652897075,11.254398788638888,7.1463404341666665,18.60872707988889,18.02714254913889,19.500437073166665,18.02865631725,748.6199065452223,138.99832969141667,1276.3594904251663,125.078570753
B3,roll_03,mlr,2026-01-26 15:00:00+00:00,2026-01-26 16:00:00+00:00,0,1,2025-12-08T00:00:00+00:00,2026-01-26T00:00:00+00:00,2026-01-26T00:00:00+00:00,2026-02-02T00:00:00+00:00,931.8924169395276,809.6962339738948,122.19618296563283,1,low,0,0.0,0,3,0,0,0,0,0,0,0,0,0,0,0,0,0,0,0,0,0,0,0,0,0,0,0,806.2876032480555,-184.2188756273056,924.6930943503612,297.8340901346389,15,-0.7071067811865479,-0.7071067811865471,0,0,1,10.923911111027778,8.054252913972222,11.926946225083334,6.817918164777777,18.19638072175,17.764550296583334,18.60872707988889,17.959508398916665,222.2870635009722,60.29446228413889,748.6199065452223,0.0
B3,roll_03,mlr,2026-01-26 16:00:00+00:00,2026-01-26 17:00:00+00:00,0,1,2025-12-08T00:00:00+00:00,2026-01-26T00:00:00+00:00,2026-01-26T00:00:00+00:00,2026-02-02T00:00:00+00:00,2682.2788242863057,1229.0661150547926,1453.2127092315131,0,night,0,0.0,0,2,0,0,0,0,0,0,0,0,0,0,0,0,0,0,0,0,0,0,0,0,0,0,0,738.6692789706944,297.8340901346389,1936.265559235028,931.8924169395276,16,-0.5000000000000004,-0.8660254037844385,0,0,1,8.400742399944445,6.7582327050833335,10.923911111027778,6.112700724861111,17.840104336222222,17.51009285883333,18.19638072175,18.36010683186112,0.0,0.0,222.2870635009722,0.0
B3,roll_03,mlr,2026-01-26 17:00:00+00:00,2026-01-26 18:00:00+00:00,0,1,2025-12-08T00:00:00+00:00,2026-01-26T00:00:00+00:00,2026-01-26T00:00:00+00:00,2026-02-02T00:00:00+00:00,1447.201125872611,1869.8802786483443,-422.6791527757332,0,night,0,0.0,0,2,0,0,0,0,0,0,0,0,0,0,0,0,0,0,0,0,0,0,0,0,0,0,0,1883.6500829357776,931.8924169395276,1053.6913190111388,2682.2788242863057,17,-0.2588190451025206,-0.9659258262890684,0,0,1,7.112603206694445,6.245921308277777,8.400742399944445,5.021550218833333,17.924488307083333,17.879649593055557,17.840104336222222,17.625167409194443,0.0,0.0,0.0,0.0
B3,roll_03,mlr,2026-01-26 18:00:00+00:00,2026-01-26 19:00:00+00:00,0,1,2025-12-08T00:00:00+00:00,2026-01-26T00:00:00+00:00,2026-01-26T00:00:00+00:00,2026-02-02T00:00:00+00:00,1800.8310691792778,1467.1723536516934,333.6587155275845,0,night,0,0.0,0,2,0,0,0,0,0,0,0,0,0,0,0,0,0,0,0,0,0,0,0,0,0,0,0,1098.2935032161668,2682.2788242863057,1042.3809986754163,1447.201125872611,18,-1.8369701987210292e-16,-1.0,0,0,1,6.219289706472222,6.290845957444444,7.112603206694445,4.227878578694444,17.69503970936111,17.678952539277777,17.924488307083333,17.660656862222222,0.0,0.0,0.0,0.0
B3,roll_03,mlr,2026-01-26 19:00:00+00:00,2026-01-26 20:00:00+00:00,0,1,2025-12-08T00:00:00+00:00,2026-01-26T00:00:00+00:00,2026-01-26T00:00:00+00:00,2026-02-02T00:00:00+00:00,1879.5046675005,1389.4690995867118,490.0355679137883,0,night,0,0.0,0,2,0,0,0,0,0,0,0,0,0,0,0,0,0,0,0,0,0,0,0,0,0,0,0,1096.4852710823889,1447.201125872611,849.7813898698611,1800.8310691792778,19,0.2588190451025203,-0.9659258262890684,0,0,1,5.074136068694444,5.148736282194444,6.219289706472222,3.6091518839166654,17.853487320499998,17.924687961111108,17.69503970936111,17.591231184888887,0.0,0.0,0.0,0.0
B3,roll_03,mlr,2026-01-26 20:00:00+00:00,2026-01-26 21:00:00+00:00,0,1,2025-12-08T00:00:00+00:00,2026-01-26T00:00:00+00:00,2026-01-26T00:00:00+00:00,2026-02-02T00:00:00+00:00,982.8754678472778,1417.5824758351619,-434.707007987884,0,night,0,0.0,0,1,0,0,0,0,0,0,0,0,0,0,0,0,0,0,0,0,0,0,0,0,0,0,0,852.2087300646944,1800.8310691792778,739.4192231492499,1879.5046675005,20,0.5000000000000001,-0.8660254037844386,0,0,1,4.405074585055556,3.9840519537777777,5.074136068694444,3.3640960108888893,18.49665259761112,18.02282410180556,17.853487320499998,17.554591725333335,0.0,0.0,0.0,0.0
B3,roll_03,mlr,2026-01-26 21:00:00+00:00,2026-01-26 22:00:00+00:00,0,1,2025-12-08T00:00:00+00:00,2026-01-26T00:00:00+00:00,2026-01-26T00:00:00+00:00,2026-02-02T00:00:00+00:00,411.4689791798889,916.8581059313265,-505.3891267514376,0,night,0,0.0,0,1,0,0,0,0,0,0,0,0,0,0,0,0,0,0,0,0,0,0,0,0,0,0,0,568.0186646560555,1879.5046675005,575.8166761095833,982.8754678472778,21,0.7071067811865474,-0.7071067811865477,0,0,1,4.6045820965277775,3.315242828777778,4.405074585055556,4.178278312777778,18.201204467472223,18.144430832972223,18.49665259761112,17.66102431277778,0.0,0.0,0.0,0.0
B3,roll_03,mlr,2026-01-26 22:00:00+00:00,2026-01-26 23:00:00+00:00,0,1,2025-12-08T00:00:00+00:00,2026-01-26T00:00:00+00:00,2026-01-26T00:00:00+00:00,2026-02-02T00:00:00+00:00,370.9779513775556,545.2118194093623,-174.2338680318067,0,night,0,0.0,0,1,0,0,0,0,0,0,0,0,0,0,0,0,0,0,0,0,0,0,0,0,0,0,0,461.19813976011113,982.8754678472778,367.5400825782778,411.4689791798889,22,0.8660254037844384,-0.5000000000000004,0,0,1,3.385893129472222,2.735980420083333,4.6045820965277775,4.361512489777778,18.39947556380556,18.098196491611112,18.201204467472223,17.980475572111114,0.0,0.0,0.0,0.0
B3,roll_03,mlr,2026-01-26 23:00:00+00:00,2026-01-27 00:00:00+00:00,0,1,2025-12-08T00:00:00+00:00,2026-01-26T00:00:00+00:00,2026-01-26T00:00:00+00:00,2026-02-02T00:00:00+00:00,389.13017225908334,386.65313514454056,2.4770371145427816,0,night,0,0.0,0,1,0,0,0,0,0,0,0,0,0,0,0,0,0,0,0,0,0,0,0,0,0,0,0,356.1728901926111,411.4689791798889,401.8299940770556,370.9779513775556,23,0.965925826289068,-0.2588190451025215,0,0,1,3.129626014638889,2.691163158333333,3.385893129472222,4.466046058277779,18.01849170036111,18.135445305027776,18.39947556380556,18.2452798105,0.0,0.0,0.0,0.0
B3,roll_03,mlr,2026-01-27 00:00:00+00:00,2026-01-27 01:00:00+00:00,0,1,2025-12-08T00:00:00+00:00,2026-01-26T00:00:00+00:00,2026-01-26T00:00:00+00:00,2026-02-02T00:00:00+00:00,376.84390502849993,690.0531612925588,-313.20925626405887,0,night,0,0.0,0,1,0,0,0,0,0,0,0,0,0,0,0,0,0,0,0,0,0,0,0,0,0,0,1,357.6195414715833,370.9779513775556,369.4281183008611,389.13017225908334,0,1.0,0.0,0,0,1,2.743908631833333,3.258476226361111,3.129626014638889,4.461170374777778,18.11665515311111,18.171040281166665,18.01849170036111,18.523186238833336,0.0,0.0,0.0,0.0
B3,roll_03,mlr,2026-01-27 01:00:00+00:00,2026-01-27 02:00:00+00:00,0,1,2025-12-08T00:00:00+00:00,2026-01-26T00:00:00+00:00,2026-01-26T00:00:00+00:00,2026-02-02T00:00:00+00:00,378.1934371171667,592.7234625930737,-214.530025475907,0,night,0,0.0,0,1,0,1,1,0,3,0,0,0,1,0,1,0,1,0,0,0,1,0,0,0,0,0,1,383.7339380009167,389.13017225908334,418.7639288361667,376.84390502849993,1,0.9659258262890684,0.2588190451025207,0,0,1,2.198439433722222,3.905557372666667,2.743908631833333,4.7878055041388885,18.476353367805554,18.144093502972225,18.11665515311111,18.5138968555,0.0,0.0,0.0,0.0
B3,roll_03,mlr,2026-01-27 02:00:00+00:00,2026-01-27 03:00:00+00:00,0,1,2025-12-08T00:00:00+00:00,2026-01-26T00:00:00+00:00,2026-01-26T00:00:00+00:00,2026-02-02T00:00:00+00:00,391.1898017904167,859.5703598331615,-468.38055804274484,0,night,0,0.0,0,1,0,1,1,0,3,0,0,0,1,0,1,0,1,0,0,0,1,0,0,0,0,0,1,363.2547627211111,376.84390502849993,391.5396551361389,378.1934371171667,2,0.8660254037844387,0.4999999999999999,0,0,1,1.795074136083333,4.134615724138889,2.198439433722222,4.783428099083333,18.332823389944448,18.23647207447222,18.476353367805554,21.99558707186111,0.0,0.0,0.0,0.0
B3,roll_03,mlr,2026-01-27 03:00:00+00:00,2026-01-27 04:00:00+00:00,0,1,2025-12-08T00:00:00+00:00,2026-01-26T00:00:00+00:00,2026-01-26T00:00:00+00:00,2026-02-02T00:00:00+00:00,949.6719199514168,670.2381614723163,279.43375847910056,0,night,0,0.0,0,1,0,1,1,0,3,0,0,0,1,0,1,0,1,0,0,0,1,0,0,0,0,0,1,365.0164142213889,378.1934371171667,371.4401780996666,391.1898017904167,3,0.7071067811865476,0.7071067811865476,0,0,1,1.2846833624722225,4.029189530722222,1.795074136083333,4.6246117731666665,18.03301575336111,18.45093115375,18.332823389944448,18.55526118411112,0.0,0.0,0.0,0.0
B3,roll_03,mlr,2026-01-27 04:00:00+00:00,2026-01-27 05:00:00+00:00,0,1,2025-12-08T00:00:00+00:00,2026-01-26T00:00:00+00:00,2026-01-26T00:00:00+00:00,2026-02-02T00:00:00+00:00,1868.492211110528,1070.1682323270747,798.3239787834532,0,night,0,0.0,0,1,0,0,0,0,0,0,0,0,0,0,0,0,0,0,0,0,0,0,0,0,0,0,1,1039.7831993372222,391.1898017904167,1028.218939733639,949.6719199514168,4,0.5000000000000001,0.8660254037844386,0,0,1,1.1562568538333335,4.2755308662500005,1.2846833624722225,4.447174962083333,18.49733369363889,18.48283673330556,18.03301575336111,18.50634147902778,0.0,0.0,0.0,0.0
B3,roll_03,mlr,2026-01-27 05:00:00+00:00,2026-01-27 06:00:00+00:00,0,1,2025-12-08T00:00:00+00:00,2026-01-26T00:00:00+00:00,2026-01-26T00:00:00+00:00,2026-02-02T00:00:00+00:00,1857.5546669058888,1752.7691786745886,104.78548823130018,0,night,0,0.0,0,1,0,0,0,0,0,0,0,0,0,0,0,0,0,0,0,0,0,0,0,0,0,0,1,1994.0688999676115,949.6719199514168,2114.055589798917,1868.492211110528,5,0.2588190451025207,0.9659258262890684,0,0,1,0.9838426465833332,4.0833006567500005,1.1562568538333335,4.408384114472223,18.67930558830556,18.61474645088889,18.49733369363889,18.76648325919444,0.0,0.0,0.0,0.0
B3,roll_03,mlr,2026-01-27 06:00:00+00:00,2026-01-27 07:00:00+00:00,0,1,2025-12-08T00:00:00+00:00,2026-01-26T00:00:00+00:00,2026-01-26T00:00:00+00:00,2026-02-02T00:00:00+00:00,1526.8297823245,1902.839457642815,-376.009675318315,0,night,0,0.0,0,1,0,0,0,0,0,0,0,0,0,0,0,0,0,0,0,0,0,0,0,0,0,0,1,2029.167694873528,1868.492211110528,2600.770309974528,1857.5546669058888,6,6.123233995736766e-17,1.0,0,0,1,1.1472138321111112,3.4344617149444443,0.9838426465833332,4.431008716472223,18.36578900947222,18.44960326755556,18.67930558830556,18.49337982475,0.0,0.0,0.0,0.0
B3,roll_03,mlr,2026-01-27 07:00:00+00:00,2026-01-27 08:00:00+00:00,0,1,2025-12-08T00:00:00+00:00,2026-01-26T00:00:00+00:00,2026-01-26T00:00:00+00:00,2026-02-02T00:00:00+00:00,1412.669924658583,1500.600709008641,-87.93078435005782,1,low,0,0.0,0,1,0,0,0,0,0,0,0,0,0,0,0,0,0,0,0,0,0,0,0,0,0,0,1,2071.0094555605,1857.5546669058888,2010.6085535996945,1526.8297823245,7,-0.2588190451025206,0.9659258262890684,0,0,1,1.5920451545555556,3.243632700527778,1.1472138321111112,4.217437003583334,18.29162538472222,18.262677875222224,18.36578900947222,18.407470120777777,181.0939341638056,25.396158990166665,0.0,23.868688164416664
B3,roll_03,mlr,2026-01-27 08:00:00+00:00,2026-01-27 09:00:00+00:00,0,1,2025-12-08T00:00:00+00:00,2026-01-26T00:00:00+00:00,2026-01-26T00:00:00+00:00,2026-02-02T00:00:00+00:00,1534.4343933593334,1075.605982436019,458.8284109233143,1,med,0,0.0,0,1,0,0,0,0,0,0,0,0,0,0,0,0,0,0,0,0,0,0,0,0,0,0,1,1907.5549124286945,1526.8297823245,1665.4681254328334,1412.669924658583,8,-0.4999999999999998,0.8660254037844387,0,0,1,3.136497066611111,3.802172906555555,1.5920451545555556,4.718276212527778,18.65486796255556,18.28468123055556,18.29162538472222,18.409084794722222,499.9208653843889,287.3037690233889,181.0939341638056,232.3755870049445
B3,roll_03,mlr,2026-01-27 09:00:00+00:00,2026-01-27 10:00:00+00:00,0,1,2025-12-08T00:00:00+00:00,2026-01-26T00:00:00+00:00,2026-01-26T00:00:00+00:00,2026-02-02T00:00:00+00:00,1156.7474213855278,1230.688927750727,-73.9415063651993,1,med,0,0.0,0,1,0,0,0,0,0,0,0,0,0,0,0,0,0,0,0,0,0,0,0,0,0,0,1,720.9783473233889,1412.669924658583,1007.3270680508888,1534.4343933593334,9,-0.7071067811865475,0.7071067811865476,0,0,1,4.706430078027778,5.253853115111111,3.136497066611111,6.201903485888889,18.752280843,18.12476716330556,18.65486796255556,19.274426173416668,628.2161829386944,621.6916147889167,499.9208653843889,957.7790681506112
B3,roll_03,mlr,2026-01-27 10:00:00+00:00,2026-01-27 11:00:00+00:00,0,1,2025-12-08T00:00:00+00:00,2026-01-26T00:00:00+00:00,2026-01-26T00:00:00+00:00,2026-02-02T00:00:00+00:00,339.89285018286114,679.2015297708272,-339.308679587966,1,med,0,0.0,0,2,0,0,0,0,0,0,0,0,0,0,0,0,0,0,0,0,0,0,0,0,0,0,1,151.7976551743889,1534.4343933593334,-569.4865977234444,1156.7474213855278,10,-0.8660254037844387,0.4999999999999999,0,0,1,6.267240583472223,6.455607524222223,4.706430078027778,7.908126318222223,19.328630021027777,18.34517670655556,18.752280843,19.29423308175,1074.0207572205,959.4708232418888,628.2161829386944,1452.9506088285557
B3,roll_03,mlr,2026-01-27 11:00:00+00:00,2026-01-27 12:00:00+00:00,0,1,2025-12-08T00:00:00+00:00,2026-01-26T00:00:00+00:00,2026-01-26T00:00:00+00:00,2026-02-02T00:00:00+00:00,1030.8584088937498,601.7157326885877,429.14267620516216,1,med,0,0.0,0,2,0,0,0,0,0,0,0,0,0,0,0,0,0,0,0,0,0,0,0,0,0,0,1,787.0186959797501,1156.7474213855278,-741.4332030484165,339.89285018286114,11,-0.9659258262890682,0.258819045102521,0,0,1,7.697859210388889,6.95239593825,6.267240583472223,8.922148164944444,19.243634988,18.396018660722223,19.328630021027777,19.045338705444447,965.1249525716944,590.2926090344722,1074.0207572205,1282.8998087142222
B3,roll_03,mlr,2026-01-27 12:00:00+00:00,2026-01-27 13:00:00+00:00,0,1,2025-12-08T00:00:00+00:00,2026-01-26T00:00:00+00:00,2026-01-26T00:00:00+00:00,2026-02-02T00:00:00+00:00,1307.5905215424166,1382.786520381057,-75.19599883864043,1,low,0,0.0,0,2,0,0,0,0,0,0,0,0,0,0,0,0,0,0,0,0,0,0,0,0,0,0,1,-140.12853059388888,339.89285018286114,-1079.799870834083,1030.8584088937498,12,-1.0,1.2246467991473532e-16,0,0,1,8.44994003075,7.796212953166666,7.697859210388889,9.81455455672222,18.26876692975,17.971774747861108,19.243634988,19.22219746525,211.40887729319445,566.0869300739722,965.1249525716944,1568.292356256389
B3,roll_03,mlr,2026-01-27 13:00:00+00:00,2026-01-27 14:00:00+00:00,0,1,2025-12-08T00:00:00+00:00,2026-01-26T00:00:00+00:00,2026-01-26T00:00:00+00:00,2026-02-02T00:00:00+00:00,899.1258070269446,1454.6169692915323,-555.4911622645877,1,low,0,0.0,0,2,0,0,0,0,0,0,0,0,0,0,0,0,0,0,0,0,0,0,0,0,0,0,1,90.30469802694444,1030.8584088937498,94.50215176250003,1307.5905215424166,13,-0.9659258262890684,-0.2588190451025208,0,0,1,8.259617161472223,7.90864646013889,8.44994003075,11.254398788638888,18.076811365166662,17.30683716836111,18.26876692975,19.500437073166665,95.77065074513888,232.06871784988888,211.40887729319445,1276.3594904251663
B3,roll_03,mlr,2026-01-27 14:00:00+00:00,2026-01-27 15:00:00+00:00,0,1,2025-12-08T00:00:00+00:00,2026-01-26T00:00:00+00:00,2026-01-26T00:00:00+00:00,2026-02-02T00:00:00+00:00,1560.9848600250834,1194.487203208349,366.49765681673443,1,low,0,0.0,0,2,0,0,0,0,0,0,0,0,0,0,0,0,0,0,0,0,0,0,0,0,0,0,1,1579.226911155389,1307.5905215424166,-184.2188756273056,899.1258070269446,14,-0.8660254037844388,-0.4999999999999997,0,0,1,7.754356971027778,7.004071844694444,8.259617161472223,11.926946225083334,17.710901361,18.014104303444444,18.076811365166662,18.60872707988889,20.843421866277776,65.92271638830555,95.77065074513888,748.6199065452223
B3,roll_03,mlr,2026-01-27 15:00:00+00:00,2026-01-27 16:00:00+00:00,0,1,2025-12-08T00:00:00+00:00,2026-01-26T00:00:00+00:00,2026-01-26T00:00:00+00:00,2026-02-02T00:00:00+00:00,1794.9346924112222,1369.7878234339164,425.14686897730576,1,night,0,0.0,0,2,0,0,0,0,0,0,0,0,0,0,0,0,0,0,0,0,0,0,0,0,0,0,1,1514.7609178625555,899.1258070269446,297.8340901346389,1560.9848600250834,15,-0.7071067811865479,-0.7071067811865471,0,0,1,7.113380494527778,6.226552915722222,7.754356971027778,10.923911111027778,18.19326131930556,17.985049249555555,17.710901361,18.19638072175,0.0,0.0,20.843421866277776,222.2870635009722
B3,roll_03,mlr,2026-01-27 16:00:00+00:00,2026-01-27 17:00:00+00:00,0,1,2025-12-08T00:00:00+00:00,2026-01-26T00:00:00+00:00,2026-01-26T00:00:00+00:00,2026-02-02T00:00:00+00:00,843.3756644045833,1539.5189488490719,-696.1432844444886,0,night,0,0.0,0,2,0,0,0,0,0,0,0,0,0,0,0,0,0,0,0,0,0,0,0,0,0,0,1,1201.4197669487778,1560.9848600250834,931.8924169395276,1794.9346924112222,16,-0.5000000000000004,-0.8660254037844385,0,0,1,6.417744069444445,5.539642565916666,7.113380494527778,8.400742399944445,18.04983601577777,17.38080857111111,18.19326131930556,17.840104336222222,0.0,0.0,0.0,0.0
B3,roll_03,mlr,2026-01-27 17:00:00+00:00,2026-01-27 18:00:00+00:00,0,1,2025-12-08T00:00:00+00:00,2026-01-26T00:00:00+00:00,2026-01-26T00:00:00+00:00,2026-02-02T00:00:00+00:00,973.197521312722,1080.7456949718012,-107.54817365907923,0,night,0,0.0,0,2,0,0,0,0,0,0,0,0,0,0,0,0,0,0,0,0,0,0,0,0,0,0,1,753.0024936381111,1794.9346924112222,2682.2788242863057,843.3756644045833,17,-0.2588190451025206,-0.9659258262890684,0,0,1,6.518880213805556,5.106537856944445,6.417744069444445,7.112603206694445,17.523798786,17.944962672305554,18.04983601577777,17.924488307083333,0.0,0.0,0.0,0.0
B3,roll_03,mlr,2026-01-27 18:00:00+00:00,2026-01-27 19:00:00+00:00,0,1,2025-12-08T00:00:00+00:00,2026-01-26T00:00:00+00:00,2026-01-26T00:00:00+00:00,2026-02-02T00:00:00+00:00,1523.8945169891667,817.8506645526381,706.0438524365286,0,night,0,0.0,0,2,0,0,0,0,0,0,0,0,0,0,0,0,0,0,0,0,0,0,0,0,0,0,1,1059.3235259904168,843.3756644045833,1447.201125872611,973.197521312722,18,-1.8369701987210292e-16,-1.0,0,0,1,6.447346530638889,5.047560526333333,6.518880213805556,6.219289706472222,17.747513365055557,17.76713559486111,17.523798786,17.69503970936111,0.0,0.0,0.0,0.0
B3,roll_03,mlr,2026-01-27 19:00:00+00:00,2026-01-27 20:00:00+00:00,0,1,2025-12-08T00:00:00+00:00,2026-01-26T00:00:00+00:00,2026-01-26T00:00:00+00:00,2026-02-02T00:00:00+00:00,985.6768274591944,1148.9669956627677,-163.29016820357322,0,night,0,0.0,0,2,0,0,0,0,0,0,0,0,0,0,0,0,0,0,0,0,0,0,0,0,0,0,1,2397.7932220235834,973.197521312722,1800.8310691792778,1523.8945169891667,19,0.2588190451025203,-0.9659258262890684,0,0,1,5.853020431666667,4.7790201357777775,6.447346530638889,5.074136068694444,18.224571140166667,18.29565681925,17.747513365055557,17.853487320499998,0.0,0.0,0.0,0.0
B3,roll_03,mlr,2026-01-27 20:00:00+00:00,2026-01-27 21:00:00+00:00,0,1,2025-12-08T00:00:00+00:00,2026-01-26T00:00:00+00:00,2026-01-26T00:00:00+00:00,2026-02-02T00:00:00+00:00,1010.58551608475,1008.9160069706336,1.6695091141164085,0,night,0,0.0,0,2,0,0,0,0,0,0,0,0,0,0,0,0,0,0,0,0,0,0,0,0,0,0,1,1239.3215171065278,1523.8945169891667,1879.5046675005,985.6768274591944,20,0.5000000000000001,-0.8660254037844386,0,0,1,5.681178345833334,4.616484813166667,5.853020431666667,4.405074585055556,17.815112795055555,18.163473134916668,18.224571140166667,18.49665259761112,0.0,0.0,0.0,0.0
B3,roll_03,mlr,2026-01-27 21:00:00+00:00,2026-01-27 22:00:00+00:00,0,1,2025-12-08T00:00:00+00:00,2026-01-26T00:00:00+00:00,2026-01-26T00:00:00+00:00,2026-02-02T00:00:00+00:00,469.4664131017777,790.617103949663,-321.15069084788536,0,night,0,0.0,0,2,0,0,0,0,0,0,0,0,0,0,0,0,0,0,0,0,0,0,0,0,0,0,1,1097.120321607,985.6768274591944,982.8754678472778,1010.58551608475,21,0.7071067811865474,-0.7071067811865477,0,0,1,5.6377634685,3.733819858222222,5.681178345833334,4.6045820965277775,18.10064228113889,17.823669394694445,17.815112795055555,18.201204467472223,0.0,0.0,0.0,0.0
B3,roll_03,mlr,2026-01-27 22:00:00+00:00,2026-01-27 23:00:00+00:00,0,1,2025-12-08T00:00:00+00:00,2026-01-26T00:00:00+00:00,2026-01-26T00:00:00+00:00,2026-02-02T00:00:00+00:00,1039.222492417361,678.2875158780957,360.93497653926534,0,night,0,0.0,0,2,0,0,0,0,0,0,0,0,0,0,0,0,0,0,0,0,0,0,0,0,0,0,1,532.8753846346667,1010.58551608475,411.4689791798889,469.4664131017777,22,0.8660254037844384,-0.5000000000000004,0,0,1,5.511910193805555,2.806227175638889,5.6377634685,3.385893129472222,18.249919140416665,21.387805783944444,18.10064228113889,18.39947556380556,0.0,0.0,0.0,0.0
B3,roll_03,mlr,2026-01-27 23:00:00+00:00,2026-01-28 00:00:00+00:00,0,1,2025-12-08T00:00:00+00:00,2026-01-26T00:00:00+00:00,2026-01-26T00:00:00+00:00,2026-02-02T00:00:00+00:00,431.1445660605278,685.146137202742,-254.00157114221423,0,night,0,0.0,0,2,0,0,0,0,0,0,0,0,0,0,0,0,0,0,0,0,0,0,0,0,0,0,1,374.928417115,469.4664131017777,370.9779513775556,1039.222492417361,23,0.965925826289068,-0.2588190451025215,0,0,1,5.521770110833334,2.466718193027777,5.511910193805555,3.129626014638889,18.24883212461111,17.90830201163889,18.249919140416665,18.01849170036111,0.0,0.0,0.0,0.0
B3,roll_03,mlr,2026-01-28 00:00:00+00:00,2026-01-28 01:00:00+00:00,0,1,2025-12-08T00:00:00+00:00,2026-01-26T00:00:00+00:00,2026-01-26T00:00:00+00:00,2026-02-02T00:00:00+00:00,417.8579242465556,772.93807082794,-355.0801465813844,0,night,0,0.0,0,2,0,0,0,0,0,0,0,0,0,0,0,0,0,0,0,0,0,0,0,0,0,0,2,373.7627816694167,1039.222492417361,389.13017225908334,431.1445660605278,0,1.0,0.0,0,0,1,5.279464696388889,1.8242255221388888,5.521770110833334,2.743908631833333,18.59336328630556,18.307477434611112,18.24883212461111,18.11665515311111,0.0,0.0,0.0,0.0
B3,roll_03,mlr,2026-01-28 01:00:00+00:00,2026-01-28 02:00:00+00:00,0,1,2025-12-08T00:00:00+00:00,2026-01-26T00:00:00+00:00,2026-01-26T00:00:00+00:00,2026-02-02T00:00:00+00:00,419.1348331130556,674.4411296094727,-255.30629649641708,0,night,0,0.0,0,2,0,0,0,0,0,0,0,0,0,0,0,0,0,0,0,0,0,0,0,0,0,0,2,382.08433273438885,431.1445660605278,376.84390502849993,417.8579242465556,1,0.9659258262890684,0.2588190451025207,0,0,1,5.423899556444446,1.5080317470555558,5.279464696388889,2.198439433722222,18.35289168230556,18.29967807894444,18.59336328630556,18.476353367805554,0.0,0.0,0.0,0.0
B3,roll_03,mlr,2026-01-28 02:00:00+00:00,2026-01-28 03:00:00+00:00,0,1,2025-12-08T00:00:00+00:00,2026-01-26T00:00:00+00:00,2026-01-26T00:00:00+00:00,2026-02-02T00:00:00+00:00,421.2961618739444,544.5956571978818,-123.29949532393738,0,night,0,0.0,0,2,0,1,1,0,1,0,0,1,0,0,1,0,1,0,0,0,1,0,0,0,0,0,2,365.3667726035,417.8579242465556,378.1934371171667,419.1348331130556,2,0.8660254037844387,0.4999999999999999,0,0,1,5.404860556,1.2603411373055555,5.423899556444446,1.795074136083333,18.335222873722223,18.21223012147222,18.35289168230556,18.332823389944448,0.0,0.0,0.0,0.0
B3,roll_03,mlr,2026-01-28 03:00:00+00:00,2026-01-28 04:00:00+00:00,0,1,2025-12-08T00:00:00+00:00,2026-01-26T00:00:00+00:00,2026-01-26T00:00:00+00:00,2026-02-02T00:00:00+00:00,1092.225752789,674.0615845113107,418.1641682776892,0,night,0,0.0,0,2,0,0,0,0,0,0,0,0,0,0,0,0,0,0,0,0,0,0,0,0,0,0,2,371.9783939987778,419.1348331130556,391.1898017904167,421.2961618739444,3,0.7071067811865476,0.7071067811865476,0,0,1,5.2807922785,0.6434714743888889,5.404860556,1.2846833624722225,18.31751713141667,18.30506088336111,18.335222873722223,18.03301575336111,0.0,0.0,0.0,0.0
B3,roll_03,mlr,2026-01-28 04:00:00+00:00,2026-01-28 05:00:00+00:00,0,1,2025-12-08T00:00:00+00:00,2026-01-26T00:00:00+00:00,2026-01-26T00:00:00+00:00,2026-02-02T00:00:00+00:00,2035.0871509705555,1074.3677533169475,960.719397653608,0,night,0,0.0,0,2,0,0,0,0,0,0,0,0,0,0,0,0,0,0,0,0,0,0,0,0,0,0,2,1049.641280434889,421.2961618739444,949.6719199514168,1092.225752789,4,0.5000000000000001,0.8660254037844386,0,0,1,5.284482934222222,0.5259598769722222,5.2807922785,1.1562568538333335,18.57139395311111,18.346101567916666,18.31751713141667,18.49733369363889,0.0,0.0,0.0,0.0
B3,roll_03,mlr,2026-01-28 05:00:00+00:00,2026-01-28 06:00:00+00:00,0,1,2025-12-08T00:00:00+00:00,2026-01-26T00:00:00+00:00,2026-01-26T00:00:00+00:00,2026-02-02T00:00:00+00:00,2063.430210569112,1738.8746857111073,324.5555248580049,0,night,0,0.0,0,2,0,0,0,0,0,0,0,0,0,0,0,0,0,0,0,0,0,0,0,0,0,0,2,2165.628261214222,1092.225752789,1868.492211110528,2035.0871509705555,5,0.2588190451025207,0.9659258262890684,0,0,1,5.513712828027778,0.3656367874444444,5.284482934222222,0.9838426465833332,18.634632919027776,18.44876204208333,18.57139395311111,18.67930558830556,0.0,0.0,0.0,0.0
B3,roll_03,mlr,2026-01-28 06:00:00+00:00,2026-01-28 07:00:00+00:00,0,1,2025-12-08T00:00:00+00:00,2026-01-26T00:00:00+00:00,2026-01-26T00:00:00+00:00,2026-02-02T00:00:00+00:00,1837.9513309886668,1932.579274690294,-94.62794370162715,0,night,0,0.0,0,2,0,0,0,0,0,0,0,0,0,0,0,0,0,0,0,0,0,0,0,0,0,0,2,2007.6322741502224,2035.0871509705555,1857.5546669058888,2063.430210569112,6,6.123233995736766e-17,1.0,0,0,1,5.542613285861112,0.0914363476111111,5.513712828027778,1.1472138321111112,18.442081739,18.20441595636111,18.634632919027776,18.36578900947222,0.0,0.0,0.0,0.0
B3,roll_03,mlr,2026-01-28 07:00:00+00:00,2026-01-28 08:00:00+00:00,0,1,2025-12-08T00:00:00+00:00,2026-01-26T00:00:00+00:00,2026-01-26T00:00:00+00:00,2026-02-02T00:00:00+00:00,1887.533959910028,1801.840926204166,85.69303370586204,1,night,0,0.0,0,2,0,0,0,0,0,0,0,0,0,0,0,0,0,0,0,0,0,0,0,0,0,0,2,1787.7926135424725,2063.430210569112,1526.8297823245,1837.9513309886668,7,-0.2588190451025206,0.9659258262890684,0,0,1,5.184793339416666,0.4624889772777778,5.542613285861112,1.5920451545555556,18.612981790916667,18.099627230388887,18.442081739,18.29162538472222,0.0,88.74529710644445,0.0,181.0939341638056
B3,roll_03,mlr,2026-01-28 08:00:00+00:00,2026-01-28 09:00:00+00:00,0,1,2025-12-08T00:00:00+00:00,2026-01-26T00:00:00+00:00,2026-01-26T00:00:00+00:00,2026-02-02T00:00:00+00:00,1927.4843435574169,1721.5418611173764,205.94248244004052,1,night,0,0.0,0,2,0,0,0,0,0,0,0,0,0,0,0,0,0,0,0,0,0,0,0,0,0,0,2,1396.283928898889,1837.9513309886668,1412.669924658583,1887.533959910028,8,-0.4999999999999998,0.8660254037844387,0,0,1,5.1913422946944445,2.0457270672222223,5.184793339416666,3.136497066611111,18.377665885472226,18.33234830197222,18.612981790916667,18.65486796255556,0.0,506.86706511469447,0.0,499.9208653843889
B3,roll_03,mlr,2026-01-28 09:00:00+00:00,2026-01-28 10:00:00+00:00,0,1,2025-12-08T00:00:00+00:00,2026-01-26T00:00:00+00:00,2026-01-26T00:00:00+00:00,2026-02-02T00:00:00+00:00,1864.801970357278,1654.6414932922517,210.16047706502627,1,low,0,0.0,0,2,0,0,0,0,0,0,0,0,0,0,0,0,0,0,0,0,0,0,0,0,0,0,2,1012.9496219223612,1887.533959910028,1534.4343933593334,1927.4843435574169,9,-0.7071067811865475,0.7071067811865476,0,0,1,5.373750419944444,3.9313944355833335,5.1913422946944445,4.706430078027778,18.25319205494445,18.699979865277776,18.377665885472226,18.752280843,10.544310736611113,949.0842489008888,0.0,628.2161829386944
B3,roll_03,mlr,2026-01-28 10:00:00+00:00,2026-01-28 11:00:00+00:00,0,1,2025-12-08T00:00:00+00:00,2026-01-26T00:00:00+00:00,2026-01-26T00:00:00+00:00,2026-02-02T00:00:00+00:00,3141.5486331360003,1571.8437409584121,1569.7048921775881,1,low,0,0.0,0,2,0,0,0,0,0,0,0,0,0,0,0,0,0,0,0,0,0,0,0,0,0,0,2,755.3586427439723,1927.4843435574169,1156.7474213855278,1864.801970357278,10,-0.8660254037844387,0.4999999999999999,0,0,1,5.65833449311111,5.315615807527778,5.373750419944444,6.267240583472223,18.034370881194445,19.066515733777777,18.25319205494445,19.328630021027777,25.393810472444443,1313.273773081028,10.544310736611113,1074.0207572205
B3,roll_03,mlr,2026-01-28 11:00:00+00:00,2026-01-28 12:00:00+00:00,0,1,2025-12-08T00:00:00+00:00,2026-01-26T00:00:00+00:00,2026-01-26T00:00:00+00:00,2026-02-02T00:00:00+00:00,3688.242951303472,2062.4122704364813,1625.8306808669909,1,low,0,0.0,0,2,0,0,0,0,0,0,0,0,0,0,0,0,0,0,0,0,0,0,0,0,0,0,2,53.140800646916695,1864.801970357278,339.89285018286114,3141.5486331360003,11,-0.9659258262890682,0.258819045102521,0,0,1,5.88800453525,6.909244716555556,5.65833449311111,7.697859210388889,18.29865785161111,19.08309364155556,18.034370881194445,19.243634988,223.8937608820556,1427.9776504355557,25.393810472444443,965.1249525716944
B3,roll_03,mlr,2026-01-28 12:00:00+00:00,2026-01-28 13:00:00+00:00,0,1,2025-12-08T00:00:00+00:00,2026-01-26T00:00:00+00:00,2026-01-26T00:00:00+00:00,2026-02-02T00:00:00+00:00,2978.0382318605,2690.3353935534346,287.7028383070656,1,low,0,0.0,0,2,0,0,0,0,0,0,0,0,0,0,0,0,0,0,0,0,0,0,0,0,0,0,2,-768.0917536371389,3141.5486331360003,1030.8584088937498,3688.242951303472,12,-1.0,1.2246467991473532e-16,0,0,1,6.230890702111111,8.880089984972221,5.88800453525,8.44994003075,18.18650774847222,18.484981089805554,18.29865785161111,18.26876692975,217.1136607175556,1346.315216830611,223.8937608820556,211.40887729319445
B3,roll_03,mlr,2026-01-28 13:00:00+00:00,2026-01-28 14:00:00+00:00,0,1,2025-12-08T00:00:00+00:00,2026-01-26T00:00:00+00:00,2026-01-26T00:00:00+00:00,2026-02-02T00:00:00+00:00,3380.6789978081943,2514.5383393122706,866.1406584959236,1,low,0,0.0,0,2,0,0,0,0,0,0,0,0,0,0,0,0,0,0,0,0,0,0,0,0,0,0,2,452.3195190723055,3688.242951303472,1307.5905215424166,2978.0382318605,13,-0.9659258262890684,-0.2588190451025208,0,0,1,6.399069186666668,10.48915223186111,6.230890702111111,8.259617161472223,17.592900088416666,18.524133185916664,18.18650774847222,18.076811365166662,113.17434017758336,1073.8044294135832,217.1136607175556,95.77065074513888
B3,roll_03,mlr,2026-01-28 14:00:00+00:00,2026-01-28 15:00:00+00:00,0,1,2025-12-08T00:00:00+00:00,2026-01-26T00:00:00+00:00,2026-01-26T00:00:00+00:00,2026-02-02T00:00:00+00:00,3872.714778626834,2578.1284809316726,1294.5862976951612,1,low,0,0.0,0,2,0,0,0,0,0,0,0,0,0,0,0,0,0,0,0,0,0,0,0,0,0,0,2,66.48684730938892,2978.0382318605,899.1258070269446,3380.6789978081943,14,-0.8660254037844388,-0.4999999999999997,0,0,1,6.31566832675,10.873624103916669,6.399069186666668,7.754356971027778,17.809436758833332,17.64684908008333,17.592900088416666,17.710901361,57.91523832122223,664.2745502861944,113.17434017758336,20.843421866277776
B3,roll_03,mlr,2026-01-28 15:00:00+00:00,2026-01-28 16:00:00+00:00,0,1,2025-12-08T00:00:00+00:00,2026-01-26T00:00:00+00:00,2026-01-26T00:00:00+00:00,2026-02-02T00:00:00+00:00,3566.8731119283607,3100.4276327775056,466.44547915085514,1,night,0,0.0,0,2,0,0,0,0,0,0,0,0,0,0,0,0,0,0,0,0,0,0,0,0,0,0,2,359.87914049975,3380.6789978081943,1560.9848600250834,3872.714778626834,15,-0.7071067811865479,-0.7071067811865471,0,0,1,6.244660061111111,9.67541222338889,6.31566832675,7.113380494527778,17.889092211916665,17.73781377975,17.809436758833332,18.19326131930556,0.0,144.55603472877775,57.91523832122223,0.0
B3,roll_03,mlr,2026-01-28 16:00:00+00:00,2026-01-28 17:00:00+00:00,0,1,2025-12-08T00:00:00+00:00,2026-01-26T00:00:00+00:00,2026-01-26T00:00:00+00:00,2026-02-02T00:00:00+00:00,4099.8204709775,2874.0450427167502,1225.7754282607498,0,night,0,0.0,0,2,0,0,0,0,0,0,0,0,0,0,0,0,0,0,0,0,0,0,0,0,0,0,2,3501.792804637556,3872.714778626834,1794.9346924112222,3566.8731119283607,16,-0.5000000000000004,-0.8660254037844385,0,0,1,5.823090861361112,6.537365921777777,6.244660061111111,6.417744069444445,17.597432975833332,17.606137597472223,17.889092211916665,18.04983601577777,0.0,0.0,0.0,0.0
B3,roll_03,mlr,2026-01-28 17:00:00+00:00,2026-01-28 18:00:00+00:00,0,1,2025-12-08T00:00:00+00:00,2026-01-26T00:00:00+00:00,2026-01-26T00:00:00+00:00,2026-02-02T00:00:00+00:00,3533.490893778889,3001.331410844097,532.1594829347923,0,night,0,0.0,0,2,0,0,0,0,0,0,0,0,0,0,0,0,0,0,0,0,0,0,0,0,0,0,2,3139.28925536575,3566.8731119283607,843.3756644045833,4099.8204709775,17,-0.2588190451025206,-0.9659258262890684,0,0,1,5.327666574166667,4.898183921,5.823090861361112,6.518880213805556,16.81522350208333,17.69062399725,17.597432975833332,17.523798786,0.0,0.0,0.0,0.0
B3,roll_03,mlr,2026-01-28 18:00:00+00:00,2026-01-28 19:00:00+00:00,0,1,2025-12-08T00:00:00+00:00,2026-01-26T00:00:00+00:00,2026-01-26T00:00:00+00:00,2026-02-02T00:00:00+00:00,4150.093525715889,2668.9246805160324,1481.1688451998566,0,night,0,0.0,0,2,0,0,0,0,0,0,0,0,0,0,0,0,0,0,0,0,0,0,0,0,0,0,2,3084.578836987528,4099.8204709775,973.197521312722,3533.490893778889,18,-1.8369701987210292e-16,-1.0,0,0,1,5.189922447472222,4.040946171194444,5.327666574166667,6.447346530638889,17.198094430777775,17.300488013416665,16.81522350208333,17.747513365055557,0.0,0.0,0.0,0.0
B3,roll_03,mlr,2026-01-28 19:00:00+00:00,2026-01-28 20:00:00+00:00,0,1,2025-12-08T00:00:00+00:00,2026-01-26T00:00:00+00:00,2026-01-26T00:00:00+00:00,2026-02-02T00:00:00+00:00,3498.4065437332224,2923.692011573135,574.7145321600874,0,night,0,0.0,0,2,0,0,0,0,0,0,0,0,0,0,0,0,0,0,0,0,0,0,0,0,0,0,2,3033.668790060889,3533.490893778889,1523.8945169891667,4150.093525715889,19,0.2588190451025203,-0.9659258262890684,0,0,1,5.153431917222222,3.191824916555556,5.189922447472222,5.853020431666667,17.99117864236111,17.536376965666665,17.198094430777775,18.224571140166667,0.0,0.0,0.0,0.0
B3,roll_03,mlr,2026-01-28 20:00:00+00:00,2026-01-28 21:00:00+00:00,0,1,2025-12-08T00:00:00+00:00,2026-01-26T00:00:00+00:00,2026-01-26T00:00:00+00:00,2026-02-02T00:00:00+00:00,3031.050403281528,2648.776834139136,382.2735691423918,0,night,0,0.0,0,2,0,0,0,0,0,0,0,0,0,0,0,0,0,0,0,0,0,0,0,0,0,0,2,2886.9925662115,4150.093525715889,985.6768274591944,3498.4065437332224,20,0.5000000000000001,-0.8660254037844386,0,0,1,5.344064076416667,2.487087112333333,5.153431917222222,5.681178345833334,17.54592248638889,17.762063201333333,17.99117864236111,17.815112795055555,0.0,0.0,0.0,0.0
B3,roll_03,mlr,2026-01-28 21:00:00+00:00,2026-01-28 22:00:00+00:00,0,1,2025-12-08T00:00:00+00:00,2026-01-26T00:00:00+00:00,2026-01-26T00:00:00+00:00,2026-02-02T00:00:00+00:00,880.7419122894444,2191.556321534353,-1310.8144092449088,0,night,0,0.0,0,2,0,0,0,0,0,0,0,0,0,0,0,0,0,0,0,0,0,0,0,0,0,0,2,2551.3509306884166,3498.4065437332224,1010.58551608475,3031.050403281528,21,0.7071067811865474,-0.7071067811865477,0,0,1,5.513382952611111,1.9324537458333333,5.344064076416667,5.6377634685,19.893719509444445,17.464727486527778,17.54592248638889,18.10064228113889,0.0,0.0,0.0,0.0
B3,roll_03,mlr,2026-01-28 22:00:00+00:00,2026-01-28 23:00:00+00:00,0,1,2025-12-08T00:00:00+00:00,2026-01-26T00:00:00+00:00,2026-01-26T00:00:00+00:00,2026-02-02T00:00:00+00:00,822.8956369502222,1042.1415849723508,-219.24594802212857,0,night,0,0.0,0,2,0,0,0,0,0,0,0,0,0,0,0,0,0,0,0,0,0,0,0,0,0,0,2,2388.614872440278,3031.050403281528,469.4664131017777,880.7419122894444,22,0.8660254037844384,-0.5000000000000004,0,0,1,5.632813449722222,1.30014670125,5.513382952611111,5.511910193805555,19.97541349633333,17.690357956194443,19.893719509444445,18.249919140416665,0.0,0.0,0.0,0.0
B3,roll_03,mlr,2026-01-28 23:00:00+00:00,2026-01-29 00:00:00+00:00,0,1,2025-12-08T00:00:00+00:00,2026-01-26T00:00:00+00:00,2026-01-26T00:00:00+00:00,2026-02-02T00:00:00+00:00,934.8170360965556,730.9919889062267,203.82504719032897,0,night,0,0.0,0,2,0,0,0,0,0,0,0,0,0,0,0,0,0,0,0,0,0,0,0,0,0,0,2,1967.8965871302496,880.7419122894444,1039.222492417361,822.8956369502222,23,0.965925826289068,-0.2588190451025215,0,0,1,5.591124761194444,0.8794424397222222,5.632813449722222,5.521770110833334,18.18788550086111,17.751566612944444,19.97541349633333,18.24883212461111,0.0,0.0,0.0,0.0
B3,roll_03,mlr,2026-01-29 00:00:00+00:00,2026-01-29 01:00:00+00:00,0,1,2025-12-08T00:00:00+00:00,2026-01-26T00:00:00+00:00,2026-01-26T00:00:00+00:00,2026-02-02T00:00:00+00:00,569.0574982047777,1045.8910172283026,-476.8335190235249,0,night,0,0.0,0,2,0,0,0,0,0,0,0,0,0,0,0,0,0,0,0,0,0,0,0,0,0,0,3,387.7841801272222,822.8956369502222,431.1445660605278,934.8170360965556,0,1.0,0.0,0,0,1,5.649876135861111,0.7327373778333334,5.591124761194444,5.279464696388889,18.53709236861112,18.514657144027776,18.18788550086111,18.59336328630556,0.0,0.0,0.0,0.0
B3,roll_03,mlr,2026-01-29 01:00:00+00:00,2026-01-29 02:00:00+00:00,0,1,2025-12-08T00:00:00+00:00,2026-01-26T00:00:00+00:00,2026-01-26T00:00:00+00:00,2026-02-02T00:00:00+00:00,388.6233783748333,869.8268646903061,-481.20348631547284,0,night,0,0.0,0,2,0,0,0,0,0,0,0,0,0,0,0,0,0,0,0,0,0,0,0,0,0,0,3,375.648988568,934.8170360965556,417.8579242465556,569.0574982047777,1,0.9659258262890684,0.2588190451025207,0,0,1,5.783219677611111,0.5019400923611111,5.649876135861111,5.423899556444446,18.662892832388888,18.432809342444443,18.53709236861112,18.35289168230556,0.0,0.0,0.0,0.0
B3,roll_03,mlr,2026-01-29 02:00:00+00:00,2026-01-29 03:00:00+00:00,0,1,2025-12-08T00:00:00+00:00,2026-01-26T00:00:00+00:00,2026-01-26T00:00:00+00:00,2026-02-02T00:00:00+00:00,380.9392708019166,749.3133869754488,-368.3741161735322,0,night,0,0.0,0,2,0,0,0,0,0,0,0,0,0,0,0,0,0,0,0,0,0,0,0,0,0,0,3,370.6715177761111,569.0574982047777,419.1348331130556,388.6233783748333,2,0.8660254037844387,0.4999999999999999,0,0,1,5.739918612555556,0.3487736218611111,5.783219677611111,5.404860556,18.59705101538889,18.54445086038889,18.662892832388888,18.335222873722223,0.0,0.0,0.0,0.0
B3,roll_03,mlr,2026-01-29 03:00:00+00:00,2026-01-29 04:00:00+00:00,0,1,2025-12-08T00:00:00+00:00,2026-01-26T00:00:00+00:00,2026-01-26T00:00:00+00:00,2026-02-02T00:00:00+00:00,1044.109589464861,715.534315502256,328.575273962605,0,night,0,0.0,0,2,0,0,0,0,0,0,0,0,0,0,0,0,0,0,0,0,0,0,0,0,0,0,3,372.0987236639445,388.6233783748333,421.2961618739444,380.9392708019166,3,0.7071067811865476,0.7071067811865476,0,0,1,5.751614257,0.2133146070555555,5.739918612555556,5.2807922785,18.577546874611112,18.459798990916667,18.59705101538889,18.31751713141667,0.0,0.0,0.0,0.0
B3,roll_03,mlr,2026-01-29 04:00:00+00:00,2026-01-29 05:00:00+00:00,0,1,2025-12-08T00:00:00+00:00,2026-01-26T00:00:00+00:00,2026-01-26T00:00:00+00:00,2026-02-02T00:00:00+00:00,2097.0978272491666,1111.427633446795,985.6701938023716,0,night,0,0.0,0,2,0,0,0,0,0,0,0,0,0,0,0,0,0,0,0,0,0,0,0,0,0,0,3,1036.0452877571945,380.9392708019166,1092.225752789,1044.109589464861,4,0.5000000000000001,0.8660254037844386,0,0,1,5.690614872888889,-0.1355967138611111,5.751614257,5.284482934222222,18.699853914444443,18.305206327277777,18.577546874611112,18.57139395311111,0.0,0.0,0.0,0.0
B3,roll_03,mlr,2026-01-29 05:00:00+00:00,2026-01-29 06:00:00+00:00,0,1,2025-12-08T00:00:00+00:00,2026-01-26T00:00:00+00:00,2026-01-26T00:00:00+00:00,2026-02-02T00:00:00+00:00,2101.717697546028,1886.19555798572,215.522139560308,0,night,0,0.0,0,2,0,0,0,0,0,0,0,0,0,0,0,0,0,0,0,0,0,0,0,0,0,0,3,1958.2742827319444,1044.109589464861,2035.0871509705555,2097.0978272491666,5,0.2588190451025207,0.9659258262890684,0,0,1,5.321339182305556,-0.2067956863333333,5.690614872888889,5.513712828027778,18.788275002444447,18.570810667694445,18.699853914444443,18.634632919027776,0.0,0.0,0.0,0.0
B3,roll_03,mlr,2026-01-29 06:00:00+00:00,2026-01-29 07:00:00+00:00,0,1,2025-12-08T00:00:00+00:00,2026-01-26T00:00:00+00:00,2026-01-26T00:00:00+00:00,2026-02-02T00:00:00+00:00,1866.4684684137776,2049.412876864672,-182.94440845089434,0,night,0,0.0,0,2,0,0,0,0,0,0,0,0,0,0,0,0,0,0,0,0,0,0,0,0,0,0,3,1980.8106362188057,2097.0978272491666,2063.430210569112,2101.717697546028,6,6.123233995736766e-17,1.0,0,0,1,5.4229227490000005,-0.3390546419444444,5.321339182305556,5.542613285861112,18.46805462488889,18.560011663194445,18.788275002444447,18.442081739,0.0,0.0,0.0,0.0
B3,roll_03,mlr,2026-01-29 07:00:00+00:00,2026-01-29 08:00:00+00:00,0,1,2025-12-08T00:00:00+00:00,2026-01-26T00:00:00+00:00,2026-01-26T00:00:00+00:00,2026-02-02T00:00:00+00:00,1765.7431687797225,1872.4830379835644,-106.73986920384186,1,night,0,0.0,0,2,0,0,0,0,0,0,0,0,0,0,0,0,0,0,0,0,0,0,0,0,0,0,3,1778.5049296098057,2101.717697546028,1837.9513309886668,1866.4684684137776,7,-0.2588190451025206,0.9659258262890684,0,0,1,5.644273330472223,0.0412508166666666,5.4229227490000005,5.184793339416666,18.33773261380556,18.17753363780556,18.46805462488889,18.612981790916667,0.0,50.5301981471389,0.0,0.0
B3,roll_03,mlr,2026-01-29 08:00:00+00:00,2026-01-29 09:00:00+00:00,0,1,2025-12-08T00:00:00+00:00,2026-01-26T00:00:00+00:00,2026-01-26T00:00:00+00:00,2026-02-02T00:00:00+00:00,1253.1664777410554,1518.0972314658397,-264.9307537247844,1,low,0,0.0,0,2,0,0,0,0,0,0,0,0,0,0,0,0,0,0,0,0,0,0,0,0,0,0,3,1415.566902312361,1866.4684684137776,1887.533959910028,1765.7431687797225,8,-0.4999999999999998,0.8660254037844387,0,0,1,6.577056710277778,1.056784193527778,5.644273330472223,5.1913422946944445,18.68058624561111,18.45113440808333,18.33773261380556,18.377665885472226,107.09455782583336,442.9227532967777,0.0,0.0
B3,roll_03,mlr,2026-01-29 09:00:00+00:00,2026-01-29 10:00:00+00:00,0,1,2025-12-08T00:00:00+00:00,2026-01-26T00:00:00+00:00,2026-01-26T00:00:00+00:00,2026-02-02T00:00:00+00:00,948.2308555061112,1205.0253414984154,-256.7944859923042,1,low,0,0.0,0,2,0,0,0,0,0,0,0,0,0,0,0,0,0,0,0,0,0,0,0,0,0,0,3,1170.112685329639,1765.7431687797225,1927.4843435574169,1253.1664777410554,9,-0.7071067811865475,0.7071067811865476,0,0,1,7.120698170944444,2.4946484179722224,6.577056710277778,5.373750419944444,18.200570424222224,18.912593772,18.68058624561111,18.25319205494445,173.80403361816664,833.8091316924166,107.09455782583336,10.544310736611113
B3,roll_03,mlr,2026-01-29 10:00:00+00:00,2026-01-29 11:00:00+00:00,0,1,2025-12-08T00:00:00+00:00,2026-01-26T00:00:00+00:00,2026-01-26T00:00:00+00:00,2026-02-02T00:00:00+00:00,1415.7808458588888,956.848133319429,458.93271253945977,1,low,0,0.0,0,2,0,0,0,0,0,0,0,0,0,0,0,0,0,0,0,0,0,0,0,0,0,0,3,912.1677645943888,1253.1664777410554,1864.801970357278,948.2308555061112,10,-0.8660254037844387,0.4999999999999999,0,0,1,7.047235797361111,3.215811578611111,7.120698170944444,5.65833449311111,18.18368814136112,19.38619283925,18.200570424222224,18.034370881194445,95.93545610280556,1190.1841393934444,173.80403361816664,25.393810472444443
B3,roll_03,mlr,2026-01-29 11:00:00+00:00,2026-01-29 12:00:00+00:00,0,1,2025-12-08T00:00:00+00:00,2026-01-26T00:00:00+00:00,2026-01-26T00:00:00+00:00,2026-02-02T00:00:00+00:00,347.5551561380278,1089.7552602473338,-742.200104109306,1,low,0,0.0,0,2,0,0,0,0,0,0,0,0,0,0,0,0,0,0,0,0,0,0,0,0,0,0,3,979.6024800058332,948.2308555061112,3141.5486331360003,1415.7808458588888,11,-0.9659258262890682,0.258819045102521,0,0,1,7.484160413777777,4.084419063944444,7.047235797361111,5.88800453525,18.45564459983333,19.31657935863889,18.18368814136112,18.29865785161111,198.05782505847225,1082.5123078365275,95.93545610280556,223.8937608820556
B3,roll_03,mlr,2026-01-29 12:00:00+00:00,2026-01-29 13:00:00+00:00,0,1,2025-12-08T00:00:00+00:00,2026-01-26T00:00:00+00:00,2026-01-26T00:00:00+00:00,2026-02-02T00:00:00+00:00,-402.3519291878333,320.37689714514954,-722.7288263329829,1,med,0,0.0,0,2,0,0,0,0,0,0,0,0,0,0,0,0,0,0,0,0,0,0,0,0,0,0,3,926.4931066359444,1415.7808458588888,3688.242951303472,347.5551561380278,12,-1.0,1.2246467991473532e-16,0,0,1,8.72531020561111,5.38599788475,7.484160413777777,6.230890702111111,18.326656080611112,19.65373982686111,18.45564459983333,18.18650774847222,591.8653806022222,1175.6683752016668,198.05782505847225,217.1136607175556
B3,roll_03,mlr,2026-01-29 13:00:00+00:00,2026-01-29 14:00:00+00:00,0,1,2025-12-08T00:00:00+00:00,2026-01-26T00:00:00+00:00,2026-01-26T00:00:00+00:00,2026-02-02T00:00:00+00:00,1092.5960639581945,-613.4982873839228,1706.0943513421173,1,high,0,0.0,0,2,1,0,0,0,0,0,0,0,0,0,0,0,0,0,0,0,0,0,0,0,0,0,3,-104.81881332361114,347.5551561380278,2978.0382318605,-402.3519291878333,13,-0.9659258262890684,-0.2588190451025208,0,0,1,9.603330588527776,6.27195117888889,8.72531020561111,6.399069186666668,18.84680833225,18.68513766694445,18.326656080611112,17.592900088416666,1247.4635750589998,952.1943599062224,591.8653806022222,113.17434017758336
B3,roll_03,mlr,2026-01-29 14:00:00+00:00,2026-01-29 15:00:00+00:00,0,1,2025-12-08T00:00:00+00:00,2026-01-26T00:00:00+00:00,2026-01-26T00:00:00+00:00,2026-02-02T00:00:00+00:00,462.4739155892223,922.3120975547167,-459.8381819654944,1,med,0,0.0,0,3,0,0,0,0,0,0,0,0,0,0,0,0,0,0,0,0,0,0,0,0,0,0,3,1036.759236264139,-402.3519291878333,3380.6789978081943,1092.5960639581945,14,-0.8660254037844388,-0.4999999999999997,0,0,1,10.175281555083336,7.388014486055556,9.603330588527776,6.31566832675,18.72012759377778,18.11838555286111,18.84680833225,17.809436758833332,733.8672658107222,761.2699456159722,1247.4635750589998,57.91523832122223
B3,roll_03,mlr,2026-01-29 15:00:00+00:00,2026-01-29 16:00:00+00:00,0,1,2025-12-08T00:00:00+00:00,2026-01-26T00:00:00+00:00,2026-01-26T00:00:00+00:00,2026-02-02T00:00:00+00:00,1737.4693776433332,1121.1710605554208,616.2983170879124,1,low,0,0.0,0,3,0,0,0,0,0,0,0,0,0,0,0,0,0,0,0,0,0,0,0,0,0,0,3,1095.6600237501943,1092.5960639581945,3872.714778626834,462.4739155892223,15,-0.7071067811865479,-0.7071067811865471,0,0,1,10.80456051886111,6.172030068638889,10.175281555083336,6.244660061111111,17.667633677111112,17.8214131055,18.72012759377778,17.889092211916665,202.1270942708333,67.57647916191668,733.8672658107222,0.0
B3,roll_03,mlr,2026-01-29 16:00:00+00:00,2026-01-29 17:00:00+00:00,0,1,2025-12-08T00:00:00+00:00,2026-01-26T00:00:00+00:00,2026-01-26T00:00:00+00:00,2026-02-02T00:00:00+00:00,2296.247373537611,1544.6981833548139,751.5491901827972,0,night,0,0.0,0,2,0,0,0,0,0,0,0,0,0,0,0,0,0,0,0,0,0,0,0,0,0,0,3,2940.7578966023334,462.4739155892223,3566.8731119283607,1737.4693776433332,16,-0.5000000000000004,-0.8660254037844385,0,0,1,8.926961661277778,3.513001024222222,10.80456051886111,5.823090861361112,17.675791429472223,17.972978045416667,17.667633677111112,17.597432975833332,0.0,0.0,202.1270942708333,0.0
B3,roll_03,mlr,2026-01-29 17:00:00+00:00,2026-01-29 18:00:00+00:00,0,1,2025-12-08T00:00:00+00:00,2026-01-26T00:00:00+00:00,2026-01-26T00:00:00+00:00,2026-02-02T00:00:00+00:00,773.5572774640833,1938.280206204739,-1164.7229287406558,0,night,0,0.0,0,2,0,0,0,0,0,0,0,0,0,0,0,0,0,0,0,0,0,0,0,0,0,0,3,1509.757366554472,1737.4693776433332,4099.8204709775,2296.247373537611,17,-0.2588190451025206,-0.9659258262890684,0,0,1,7.060031861138889,2.803270102555556,8.926961661277778,5.327666574166667,18.15538444622222,18.275116791861112,17.675791429472223,16.81522350208333,0.0,0.0,0.0,0.0
B3,roll_03,mlr,2026-01-29 18:00:00+00:00,2026-01-29 19:00:00+00:00,0,1,2025-12-08T00:00:00+00:00,2026-01-26T00:00:00+00:00,2026-01-26T00:00:00+00:00,2026-02-02T00:00:00+00:00,2461.1030846526387,1166.3657624689158,1294.7373221837229,0,night,0,0.0,0,2,0,0,0,0,0,0,0,0,0,0,0,0,0,0,0,0,0,0,0,0,0,0,3,1902.4201895734168,2296.247373537611,3533.490893778889,773.5572774640833,18,-1.8369701987210292e-16,-1.0,0,0,1,5.613281186583333,2.0540354806944445,7.060031861138889,5.189922447472222,17.354192048527775,18.52226880861112,18.15538444622222,17.198094430777775,0.0,0.0,0.0,0.0
B3,roll_03,mlr,2026-01-29 19:00:00+00:00,2026-01-29 20:00:00+00:00,0,1,2025-12-08T00:00:00+00:00,2026-01-26T00:00:00+00:00,2026-01-26T00:00:00+00:00,2026-02-02T00:00:00+00:00,738.0341406504722,1749.7363591876351,-1011.7022185371629,0,night,0,0.0,0,1,0,0,0,0,0,0,0,0,0,0,0,0,0,0,0,0,0,0,0,0,0,0,3,1073.8756977925275,773.5572774640833,4150.093525715889,2461.1030846526387,19,0.2588190451025203,-0.9659258262890684,0,0,1,4.914927927388889,1.7490800439444445,5.613281186583333,5.153431917222222,18.053897769944445,18.13564327775,17.354192048527775,17.99117864236111,0.0,0.0,0.0,0.0
B3,roll_03,mlr,2026-01-29 20:00:00+00:00,2026-01-29 21:00:00+00:00,0,1,2025-12-08T00:00:00+00:00,2026-01-26T00:00:00+00:00,2026-01-26T00:00:00+00:00,2026-02-02T00:00:00+00:00,1046.6185902225832,1086.9297614428547,-40.31117122027149,0,night,0,0.0,0,1,0,0,0,0,0,0,0,0,0,0,0,0,0,0,0,0,0,0,0,0,0,0,3,1112.6407676563056,2461.1030846526387,3498.4065437332224,738.0341406504722,20,0.5000000000000001,-0.8660254037844386,0,0,1,4.190135806277778,1.6065832648333334,4.914927927388889,5.344064076416667,17.800593456972223,18.311032115555555,18.053897769944445,17.54592248638889,0.0,0.0,0.0,0.0
B3,roll_03,mlr,2026-01-29 21:00:00+00:00,2026-01-29 22:00:00+00:00,0,1,2025-12-08T00:00:00+00:00,2026-01-26T00:00:00+00:00,2026-01-26T00:00:00+00:00,2026-02-02T00:00:00+00:00,366.5958732328333,1030.4929389331992,-663.8970657003658,0,night,0,0.0,0,1,0,0,0,0,0,0,0,0,0,0,0,0,0,0,0,0,0,0,0,0,0,0,3,565.8491807108888,738.0341406504722,3031.050403281528,1046.6185902225832,21,0.7071067811865474,-0.7071067811865477,0,0,1,3.735040379,1.2826967101944444,4.190135806277778,5.513382952611111,17.774244155,17.99547290261111,17.800593456972223,19.893719509444445,0.0,0.0,0.0,0.0
B3,roll_03,mlr,2026-01-29 22:00:00+00:00,2026-01-29 23:00:00+00:00,0,1,2025-12-08T00:00:00+00:00,2026-01-26T00:00:00+00:00,2026-01-26T00:00:00+00:00,2026-02-02T00:00:00+00:00,363.3738909241667,456.80706071962595,-93.43316979545926,0,night,0,0.0,0,1,0,1,1,0,2,0,0,1,0,0,1,0,1,0,0,0,1,0,0,0,0,0,3,473.87890895927785,1046.6185902225832,880.7419122894444,366.5958732328333,22,0.8660254037844384,-0.5000000000000004,0,0,1,3.5455654769166665,1.3345326389722223,3.735040379,5.632813449722222,18.1790648955,18.07674242205556,17.774244155,19.97541349633333,0.0,0.0,0.0,0.0
B3,roll_03,mlr,2026-01-29 23:00:00+00:00,2026-01-30 00:00:00+00:00,0,1,2025-12-08T00:00:00+00:00,2026-01-26T00:00:00+00:00,2026-01-26T00:00:00+00:00,2026-02-02T00:00:00+00:00,372.9620775262778,282.630065207853,90.3320123184248,0,night,0,0.0,0,1,0,1,1,0,2,0,0,1,0,0,1,0,1,0,0,0,1,0,0,0,0,0,3,367.6513029880277,366.5958732328333,822.8956369502222,363.3738909241667,23,0.965925826289068,-0.2588190451025215,0,0,1,3.007926236861111,1.6309106950555554,3.5455654769166665,5.591124761194444,18.1737381525,18.345077110444443,18.1790648955,18.18788550086111,0.0,0.0,0.0,0.0
B3,roll_03,mlr,2026-01-30 00:00:00+00:00,2026-01-30 01:00:00+00:00,0,1,2025-12-08T00:00:00+00:00,2026-01-26T00:00:00+00:00,2026-01-26T00:00:00+00:00,2026-02-02T00:00:00+00:00,407.8405305781389,700.5873757005943,-292.7468451224554,0,night,0,0.0,0,1,0,0,0,0,0,0,0,0,0,0,0,0,0,0,0,0,0,0,0,0,0,0,4,367.96108710394446,363.3738909241667,934.8170360965556,372.9620775262778,0,1.0,0.0,0,0,1,2.6865080302222224,1.3322522275277775,3.007926236861111,5.649876135861111,18.659629830333333,18.412130332527777,18.1737381525,18.53709236861112,0.0,0.0,0.0,0.0
B3,roll_03,mlr,2026-01-30 01:00:00+00:00,2026-01-30 02:00:00+00:00,0,1,2025-12-08T00:00:00+00:00,2026-01-26T00:00:00+00:00,2026-01-26T00:00:00+00:00,2026-02-02T00:00:00+00:00,371.0950655588056,744.0394007081877,-372.94433514938214,0,night,0,0.0,0,1,0,0,0,0,0,0,0,0,0,0,0,0,0,0,0,0,0,0,0,0,0,0,4,369.3633806425278,372.9620775262778,569.0574982047777,407.8405305781389,1,0.9659258262890684,0.2588190451025207,0,0,1,2.6168204326944444,1.58879370875,2.6865080302222224,5.783219677611111,18.54276345536111,18.522961206138888,18.659629830333333,18.662892832388888,0.0,0.0,0.0,0.0
B3,roll_03,mlr,2026-01-30 02:00:00+00:00,2026-01-30 03:00:00+00:00,0,1,2025-12-08T00:00:00+00:00,2026-01-26T00:00:00+00:00,2026-01-26T00:00:00+00:00,2026-02-02T00:00:00+00:00,377.9953876609166,732.9307751075853,-354.9353874466687,0,night,0,0.0,0,1,0,0,0,0,0,0,0,0,0,0,0,0,0,0,0,0,0,0,0,0,0,0,4,364.6717208964722,407.8405305781389,388.6233783748333,371.0950655588056,2,0.8660254037844387,0.4999999999999999,0,0,1,2.568442849555556,2.072341584194444,2.6168204326944444,5.739918612555556,18.29252755372222,18.394230225944444,18.54276345536111,18.59705101538889,0.0,0.0,0.0,0.0
B3,roll_03,mlr,2026-01-30 03:00:00+00:00,2026-01-30 04:00:00+00:00,0,1,2025-12-08T00:00:00+00:00,2026-01-26T00:00:00+00:00,2026-01-26T00:00:00+00:00,2026-02-02T00:00:00+00:00,1042.5099112287778,672.4785072577774,370.0314039710004,0,night,0,0.0,0,1,0,0,0,0,0,0,0,0,0,0,0,0,0,0,0,0,0,0,0,0,0,0,4,368.5853674459444,371.0950655588056,380.9392708019166,377.9953876609166,3,0.7071067811865476,0.7071067811865476,0,0,1,3.226123679444445,2.1618301728333336,2.568442849555556,5.751614257,18.347174637972223,18.33168606486112,18.29252755372222,18.577546874611112,0.0,0.0,0.0,0.0
B3,roll_03,mlr,2026-01-30 04:00:00+00:00,2026-01-30 05:00:00+00:00,0,1,2025-12-08T00:00:00+00:00,2026-01-26T00:00:00+00:00,2026-01-26T00:00:00+00:00,2026-02-02T00:00:00+00:00,2043.280496847389,1114.6355824788598,928.6449143685293,0,night,0,0.0,0,1,0,0,0,0,0,0,0,0,0,0,0,0,0,0,0,0,0,0,0,0,0,0,4,1077.5376334153334,377.9953876609166,1044.109589464861,1042.5099112287778,4,0.5000000000000001,0.8660254037844386,0,0,1,3.499414719305556,2.4079966898333334,3.226123679444445,5.690614872888889,18.78404704663889,18.65893950025,18.347174637972223,18.699853914444443,0.0,0.0,0.0,0.0
B3,roll_03,mlr,2026-01-30 05:00:00+00:00,2026-01-30 06:00:00+00:00,0,1,2025-12-08T00:00:00+00:00,2026-01-26T00:00:00+00:00,2026-01-26T00:00:00+00:00,2026-02-02T00:00:00+00:00,2356.0469720826945,1817.9286569100987,538.1183151725959,0,night,0,0.0,0,1,0,0,0,0,0,0,0,0,0,0,0,0,0,0,0,0,0,0,0,0,0,0,4,2595.650702010778,1042.5099112287778,2097.0978272491666,2043.280496847389,5,0.2588190451025207,0.9659258262890684,0,0,1,3.7577913895277777,2.3870737601111114,3.499414719305556,5.321339182305556,18.75169663830556,18.58098035247222,18.78404704663889,18.788275002444447,0.0,0.0,0.0,0.0
B3,roll_03,mlr,2026-01-30 06:00:00+00:00,2026-01-30 07:00:00+00:00,0,1,2025-12-08T00:00:00+00:00,2026-01-26T00:00:00+00:00,2026-01-26T00:00:00+00:00,2026-02-02T00:00:00+00:00,2415.724502125278,2132.8157021531492,282.9087999721287,0,night,0,0.0,0,1,0,0,0,0,0,0,0,0,0,0,0,0,0,0,0,0,0,0,0,0,0,0,4,2229.0674939791948,2043.280496847389,2101.717697546028,2356.0469720826945,6,6.123233995736766e-17,1.0,0,0,1,4.644791845444444,2.86016758225,3.7577913895277777,5.4229227490000005,18.553310034722223,18.59333267108333,18.75169663830556,18.46805462488889,0.0,0.0,0.0,0.0
B3,roll_03,mlr,2026-01-30 07:00:00+00:00,2026-01-30 08:00:00+00:00,0,1,2025-12-08T00:00:00+00:00,2026-01-26T00:00:00+00:00,2026-01-26T00:00:00+00:00,2026-02-02T00:00:00+00:00,2088.875723270194,2250.1950697594953,-161.3193464893011,1,night,0,0.0,0,2,0,0,0,0,0,0,0,0,0,0,0,0,0,0,0,0,0,0,0,0,0,0,4,1956.5605310417773,2356.0469720826945,1866.4684684137776,2415.724502125278,7,-0.2588190451025206,0.9659258262890684,0,0,1,5.112628002777778,2.925855649944445,4.644791845444444,5.644273330472223,18.194770331416667,18.58286181677777,18.553310034722223,18.33773261380556,0.0,13.610436851555557,0.0,0.0
B3,roll_03,mlr,2026-01-30 08:00:00+00:00,2026-01-30 09:00:00+00:00,0,1,2025-12-08T00:00:00+00:00,2026-01-26T00:00:00+00:00,2026-01-26T00:00:00+00:00,2026-02-02T00:00:00+00:00,1376.5848081650277,1979.0607135646228,-602.4759053995951,1,low,0,0.0,0,2,0,0,0,0,0,0,0,0,0,0,0,0,0,0,0,0,0,0,0,0,0,0,4,1820.3555307953327,2415.724502125278,1765.7431687797225,2088.875723270194,8,-0.4999999999999998,0.8660254037844387,0,0,1,5.971257494111111,3.784128624555555,5.112628002777778,6.577056710277778,17.925204983888886,18.901513842444444,18.194770331416667,18.68058624561111,110.06260566791669,145.74993311175,0.0,107.09455782583336
B3,roll_03,mlr,2026-01-30 09:00:00+00:00,2026-01-30 10:00:00+00:00,0,1,2025-12-08T00:00:00+00:00,2026-01-26T00:00:00+00:00,2026-01-26T00:00:00+00:00,2026-02-02T00:00:00+00:00,637.5708449115556,1271.7785054535248,-634.2076605419692,1,med,0,0.0,0,2,0,0,0,0,0,0,0,0,0,0,0,0,0,0,0,0,0,0,0,0,0,0,4,2016.7762660696944,2088.875723270194,1253.1664777410554,1376.5848081650277,9,-0.7071067811865475,0.7071067811865476,0,0,1,6.401175342055556,4.780561090416667,5.971257494111111,7.120698170944444,18.61396918244445,18.886623428750003,17.925204983888886,18.200570424222224,454.6492470125556,232.31283958127776,110.06260566791669,173.80403361816664
B3,roll_03,mlr,2026-01-30 10:00:00+00:00,2026-01-30 11:00:00+00:00,0,1,2025-12-08T00:00:00+00:00,2026-01-26T00:00:00+00:00,2026-01-26T00:00:00+00:00,2026-02-02T00:00:00+00:00,-1038.640299738972,364.7628955882078,-1403.40319532718,1,high,0,0.0,0,2,0,0,0,0,0,0,0,0,0,0,0,0,0,0,0,0,0,0,0,0,0,0,4,1936.420994131,1376.5848081650277,948.2308555061112,637.5708449115556,10,-0.8660254037844387,0.4999999999999999,0,0,1,6.918664744916666,5.483105661972222,6.401175342055556,7.047235797361111,19.34717694561112,18.61690110308333,18.61396918244445,18.18368814136112,1227.077606142361,231.00179334266667,454.6492470125556,95.93545610280556
B3,roll_03,mlr,2026-01-30 11:00:00+00:00,2026-01-30 12:00:00+00:00,0,1,2025-12-08T00:00:00+00:00,2026-01-26T00:00:00+00:00,2026-01-26T00:00:00+00:00,2026-02-02T00:00:00+00:00,338.58896643852773,-581.389387206119,919.9783536446466,1,high,0,0.0,0,2,1,0,0,0,0,0,0,0,0,0,0,0,0,0,0,0,0,0,0,0,0,0,4,1576.1195596841944,637.5708449115556,1415.7808458588888,-1038.640299738972,11,-0.9659258262890682,0.258819045102521,0,0,1,9.024725996194444,6.005421360722223,6.918664744916666,7.484160413777777,18.99885653263889,18.975925773527777,19.34717694561112,18.45564459983333,1549.6980390854724,305.4964137123056,1227.077606142361,198.05782505847225
B3,roll_03,mlr,2026-01-30 12:00:00+00:00,2026-01-30 13:00:00+00:00,0,1,2025-12-08T00:00:00+00:00,2026-01-26T00:00:00+00:00,2026-01-26T00:00:00+00:00,2026-02-02T00:00:00+00:00,-266.5041079402778,414.5660998795088,-681.0702078197866,1,med,0,0.0,0,3,0,0,0,0,0,0,0,0,0,0,0,0,0,0,0,0,0,0,0,0,0,0,4,1707.01032054225,-1038.640299738972,347.5551561380278,338.58896643852773,12,-1.0,1.2246467991473532e-16,0,0,1,10.370691970305556,6.755185106222222,9.024725996194444,8.72531020561111,18.922971791888887,18.9128849575,18.99885653263889,18.326656080611112,1116.10089140025,277.5941901626389,1549.6980390854724,591.8653806022222
B3,roll_03,mlr,2026-01-30 13:00:00+00:00,2026-01-30 14:00:00+00:00,0,1,2025-12-08T00:00:00+00:00,2026-01-26T00:00:00+00:00,2026-01-26T00:00:00+00:00,2026-02-02T00:00:00+00:00,376.1624140875,408.5699189377392,-32.40750485023921,1,med,0,0.0,0,3,1,0,0,0,0,0,0,0,0,0,0,0,0,0,0,0,0,0,0,0,0,0,4,2214.146590013028,338.58896643852773,-402.3519291878333,-266.5041079402778,13,-0.9659258262890684,-0.2588190451025208,0,0,1,10.433649848611113,6.862749878222222,10.370691970305556,9.603330588527776,18.62102286772222,22.81537184433333,18.922971791888887,18.84680833225,1047.2821290664722,104.38236414708336,1116.10089140025,1247.4635750589998
B3,roll_03,mlr,2026-01-30 14:00:00+00:00,2026-01-30 15:00:00+00:00,0,1,2025-12-08T00:00:00+00:00,2026-01-26T00:00:00+00:00,2026-01-26T00:00:00+00:00,2026-02-02T00:00:00+00:00,1082.7555175266666,989.0171739519119,93.73834357475471,1,med,0,0.0,0,2,0,0,0,0,0,0,0,0,0,0,0,0,0,0,0,0,0,0,0,0,0,0,4,2195.8262186153333,-266.5041079402778,1092.5960639581945,376.1624140875,14,-0.8660254037844388,-0.4999999999999997,0,0,1,9.447840296916668,5.7134238162777775,10.433649848611113,10.175281555083336,18.27117152236111,18.83056621691667,18.62102286772222,18.72012759377778,465.3144706611944,20.72892640275,1047.2821290664722,733.8672658107222
B3,roll_03,mlr,2026-01-30 15:00:00+00:00,2026-01-30 16:00:00+00:00,0,1,2025-12-08T00:00:00+00:00,2026-01-26T00:00:00+00:00,2026-01-26T00:00:00+00:00,2026-02-02T00:00:00+00:00,1956.864773614972,1264.9680296705528,691.8967439444191,1,low,0,0.0,0,2,0,0,0,0,0,0,0,0,0,0,0,0,0,0,0,0,0,0,0,0,0,0,4,2527.9803929520835,376.1624140875,462.4739155892223,1082.7555175266666,15,-0.7071067811865479,-0.7071067811865471,0,0,1,8.110878659944445,5.713572192777778,9.447840296916668,10.80456051886111,18.16102492311111,18.771297444972223,18.27117152236111,17.667633677111112,92.0250742933889,0.0,465.3144706611944,202.1270942708333
B3,roll_03,mlr,2026-01-30 16:00:00+00:00,2026-01-30 17:00:00+00:00,0,1,2025-12-08T00:00:00+00:00,2026-01-26T00:00:00+00:00,2026-01-26T00:00:00+00:00,2026-02-02T00:00:00+00:00,2558.768179305,1691.2233509353937,867.5448283696064,0,night,0,0.0,0,2,0,0,0,0,0,0,0,0,0,0,0,0,0,0,0,0,0,0,0,0,0,0,4,2048.975809514583,1082.7555175266666,1737.4693776433332,1956.864773614972,16,-0.5000000000000004,-0.8660254037844385,0,0,1,7.078508756361111,5.802371368194444,8.110878659944445,8.926961661277778,18.30002895063889,18.720766871444443,18.16102492311111,17.675791429472223,0.0,0.0,92.0250742933889,0.0
B3,roll_03,mlr,2026-01-30 17:00:00+00:00,2026-01-30 18:00:00+00:00,0,1,2025-12-08T00:00:00+00:00,2026-01-26T00:00:00+00:00,2026-01-26T00:00:00+00:00,2026-02-02T00:00:00+00:00,1987.7934036818888,2096.959168430108,-109.16576474821932,0,night,0,0.0,0,2,0,0,0,0,0,0,0,0,0,0,0,0,0,0,0,0,0,0,0,0,0,0,4,1253.307754251361,1956.864773614972,2296.247373537611,2558.768179305,17,-0.2588190451025206,-0.9659258262890684,0,0,1,6.466590966111112,5.091072229027778,7.078508756361111,7.060031861138889,17.670263042972223,17.994156679944442,18.30002895063889,18.15538444622222,0.0,0.0,0.0,0.0
B3,roll_03,mlr,2026-01-30 18:00:00+00:00,2026-01-30 19:00:00+00:00,0,1,2025-12-08T00:00:00+00:00,2026-01-26T00:00:00+00:00,2026-01-26T00:00:00+00:00,2026-02-02T00:00:00+00:00,1676.7119280521667,1687.0569135991332,-10.344985546966427,0,night,0,0.0,0,2,0,0,0,0,0,0,0,0,0,0,0,0,0,0,0,0,0,0,0,0,0,0,4,2022.5164028016115,2558.768179305,773.5572774640833,1987.7934036818888,18,-1.8369701987210292e-16,-1.0,0,0,1,5.544694557833334,4.711612085277777,6.466590966111112,5.613281186583333,17.869562911861113,18.35074025972222,17.670263042972223,17.354192048527775,0.0,0.0,0.0,0.0
B3,roll_03,mlr,2026-01-30 19:00:00+00:00,2026-01-30 20:00:00+00:00,0,1,2025-12-08T00:00:00+00:00,2026-01-26T00:00:00+00:00,2026-01-26T00:00:00+00:00,2026-02-02T00:00:00+00:00,1399.5987402705557,1491.0312268805133,-91.43248660995755,0,night,0,0.0,0,1,0,0,0,0,0,0,0,0,0,0,0,0,0,0,0,0,0,0,0,0,0,0,4,1067.3991769345832,1987.7934036818888,2461.1030846526387,1676.7119280521667,19,0.2588190451025203,-0.9659258262890684,0,0,1,4.983116204916667,3.980250340583333,5.544694557833334,4.914927927388889,17.935109248,17.935994839722223,17.869562911861113,18.053897769944445,0.0,0.0,0.0,0.0
B3,roll_03,mlr,2026-01-30 20:00:00+00:00,2026-01-30 21:00:00+00:00,0,1,2025-12-08T00:00:00+00:00,2026-01-26T00:00:00+00:00,2026-01-26T00:00:00+00:00,2026-02-02T00:00:00+00:00,1395.9087899032777,1067.5414515433,328.3673383599778,0,night,0,0.0,0,2,0,0,0,0,0,0,0,0,0,0,0,0,0,0,0,0,0,0,0,0,0,0,4,1046.436184157472,1676.7119280521667,738.0341406504722,1399.5987402705557,20,0.5000000000000001,-0.8660254037844386,0,0,1,5.276358198666666,3.866209152527778,4.983116204916667,4.190135806277778,18.03674184022222,17.69838866127778,17.935109248,17.800593456972223,0.0,0.0,0.0,0.0
B3,roll_03,mlr,2026-01-30 21:00:00+00:00,2026-01-30 22:00:00+00:00,0,1,2025-12-08T00:00:00+00:00,2026-01-26T00:00:00+00:00,2026-01-26T00:00:00+00:00,2026-02-02T00:00:00+00:00,617.2218638224722,1115.8665523593336,-498.6446885368614,0,night,0,0.0,0,2,0,0,0,0,0,0,0,0,0,0,0,0,0,0,0,0,0,0,0,0,0,0,4,602.2876708927778,1399.5987402705557,1046.6185902225832,1395.9087899032777,21,0.7071067811865474,-0.7071067811865477,0,0,1,5.081265362833333,3.869637564888889,5.276358198666666,3.735040379,17.717666968083332,18.29812389511111,18.03674184022222,17.774244155,0.0,0.0,0.0,0.0
B3,roll_03,mlr,2026-01-30 22:00:00+00:00,2026-01-30 23:00:00+00:00,0,1,2025-12-08T00:00:00+00:00,2026-01-26T00:00:00+00:00,2026-01-26T00:00:00+00:00,2026-02-02T00:00:00+00:00,560.833410557,662.9240720171447,-102.0906614601447,0,night,0,0.0,0,1,0,0,0,0,0,0,0,0,0,0,0,0,0,0,0,0,0,0,0,0,0,0,4,492.5538403097778,1395.9087899032777,366.5958732328333,617.2218638224722,22,0.8660254037844384,-0.5000000000000004,0,0,1,4.786386629583333,3.9082464093888887,5.081265362833333,3.5455654769166665,17.870216187916668,18.156249321388888,17.717666968083332,18.1790648955,0.0,0.0,0.0,0.0
B3,roll_03,mlr,2026-01-30 23:00:00+00:00,2026-01-31 00:00:00+00:00,0,1,2025-12-08T00:00:00+00:00,2026-01-26T00:00:00+00:00,2026-01-26T00:00:00+00:00,2026-02-02T00:00:00+00:00,568.5592018373611,479.78667449549766,88.77252734186345,0,night,0,0.0,0,1,0,0,0,0,0,0,0,0,0,0,0,0,0,0,0,0,0,0,0,0,0,0,4,435.2853666092778,617.2218638224722,363.3738909241667,560.833410557,23,0.965925826289068,-0.2588190451025215,0,0,1,4.713329532638888,3.962953027722222,4.786386629583333,3.007926236861111,18.05467717175,18.266909694166667,17.870216187916668,18.1737381525,0.0,0.0,0.0,0.0
B3,roll_03,mlr,2026-01-31 00:00:00+00:00,2026-01-31 01:00:00+00:00,0,1,2025-12-08T00:00:00+00:00,2026-01-26T00:00:00+00:00,2026-01-26T00:00:00+00:00,2026-02-02T00:00:00+00:00,560.2704962234167,728.8060319027809,-168.53553567936422,0,night,0,0.0,0,1,0,0,0,0,0,0,0,0,0,0,0,0,0,0,0,0,0,0,0,0,0,0,5,405.1807272819444,560.833410557,372.9620775262778,568.5592018373611,0,1.0,0.0,0,1,1,4.703963593666667,3.7605419066388888,4.713329532638888,2.6865080302222224,18.44129268458333,18.3607900945,18.05467717175,18.659629830333333,0.0,0.0,0.0,0.0
B3,roll_03,mlr,2026-01-31 01:00:00+00:00,2026-01-31 02:00:00+00:00,0,1,2025-12-08T00:00:00+00:00,2026-01-26T00:00:00+00:00,2026-01-26T00:00:00+00:00,2026-02-02T00:00:00+00:00,565.4011130005833,766.3384988866751,-200.93738588609176,0,night,0,0.0,0,1,0,0,0,0,0,0,0,0,0,0,0,0,0,0,0,0,0,0,0,0,0,0,5,403.1378216736112,568.5592018373611,407.8405305781389,560.2704962234167,1,0.9659258262890684,0.2588190451025207,0,1,1,4.574595359027778,3.594426555777778,4.703963593666667,2.6168204326944444,18.31030418486112,18.35504471088889,18.44129268458333,18.54276345536111,0.0,0.0,0.0,0.0
B3,roll_03,mlr,2026-01-31 02:00:00+00:00,2026-01-31 03:00:00+00:00,0,1,2025-12-08T00:00:00+00:00,2026-01-26T00:00:00+00:00,2026-01-26T00:00:00+00:00,2026-02-02T00:00:00+00:00,568.1319450434166,734.8375244828517,-166.70557943943504,0,night,0,0.0,0,1,0,0,0,0,0,0,0,0,0,0,0,0,0,0,0,0,0,0,0,0,0,0,5,404.9479621853611,560.2704962234167,371.0950655588056,565.4011130005833,2,0.8660254037844387,0.4999999999999999,0,1,1,4.697502777333333,3.4606973831944443,4.574595359027778,2.568442849555556,18.300521219944443,18.292189759527776,18.31030418486112,18.29252755372222,0.0,0.0,0.0,0.0
B3,roll_03,mlr,2026-01-31 03:00:00+00:00,2026-01-31 04:00:00+00:00,0,1,2025-12-08T00:00:00+00:00,2026-01-26T00:00:00+00:00,2026-01-26T00:00:00+00:00,2026-02-02T00:00:00+00:00,1108.9278010010555,642.6999393860624,466.2278616149931,0,night,0,0.0,0,1,0,1,1,0,2,0,0,1,0,0,1,0,1,0,0,0,1,0,0,0,0,0,5,402.6522398849167,565.4011130005833,377.9953876609166,568.1319450434166,3,0.7071067811865476,0.7071067811865476,0,1,1,4.8230679848888895,3.4151579152222222,4.697502777333333,3.226123679444445,18.164699992694445,18.273110989944445,18.300521219944443,18.347174637972223,0.0,0.0,0.0,0.0
B3,roll_03,mlr,2026-01-31 04:00:00+00:00,2026-01-31 05:00:00+00:00,0,1,2025-12-08T00:00:00+00:00,2026-01-26T00:00:00+00:00,2026-01-26T00:00:00+00:00,2026-02-02T00:00:00+00:00,1973.961116742889,1014.910926837325,959.0501899055641,0,night,0,0.0,0,1,0,1,1,0,2,0,0,1,0,0,1,0,1,0,0,0,1,0,0,0,0,0,5,989.5879204678332,568.1319450434166,1042.5099112287778,1108.9278010010555,4,0.5000000000000001,0.8660254037844386,0,1,1,4.949926086694444,3.746956920472222,4.8230679848888895,3.499414719305556,18.495093935444444,18.763885850944444,18.164699992694445,18.78404704663889,0.0,0.0,0.0,0.0
B3,roll_03,mlr,2026-01-31 05:00:00+00:00,2026-01-31 06:00:00+00:00,0,1,2025-12-08T00:00:00+00:00,2026-01-26T00:00:00+00:00,2026-01-26T00:00:00+00:00,2026-02-02T00:00:00+00:00,2133.987086771556,1780.6776410763146,353.30944569524127,0,night,0,0.0,0,2,0,0,0,0,0,0,0,0,0,0,0,0,0,0,0,0,0,0,0,0,0,0,5,1683.9951601766388,1108.9278010010555,2043.280496847389,1973.961116742889,5,0.2588190451025207,0.9659258262890684,0,1,1,5.061477725916666,3.807682473638889,4.949926086694444,3.7577913895277777,18.650027333527778,18.95802324902778,18.495093935444444,18.75169663830556,0.0,0.0,0.0,0.0
B3,roll_03,mlr,2026-01-31 06:00:00+00:00,2026-01-31 07:00:00+00:00,0,1,2025-12-08T00:00:00+00:00,2026-01-26T00:00:00+00:00,2026-01-26T00:00:00+00:00,2026-02-02T00:00:00+00:00,1020.5726502083334,2026.7976453973802,-1006.2249951890468,0,night,0,0.0,0,2,0,0,0,0,0,0,0,0,0,0,0,0,0,0,0,0,0,0,0,0,0,0,5,1902.018428271,1973.961116742889,2356.0469720826945,2133.987086771556,6,6.123233995736766e-17,1.0,0,1,1,5.25389160675,3.9873673924166666,5.061477725916666,4.644791845444444,18.82857789311112,18.70620324358333,18.650027333527778,18.553310034722223,0.0,0.0,0.0,0.0
B3,roll_03,mlr,2026-01-31 07:00:00+00:00,2026-01-31 08:00:00+00:00,0,1,2025-12-08T00:00:00+00:00,2026-01-26T00:00:00+00:00,2026-01-26T00:00:00+00:00,2026-02-02T00:00:00+00:00,419.2874801181944,1433.2360776636856,-1013.9485975454911,1,night,0,0.0,0,2,0,0,0,0,0,0,0,0,0,0,0,0,0,0,0,0,0,0,0,0,0,0,5,2166.76233965375,2133.987086771556,2415.724502125278,1020.5726502083334,7,-0.2588190451025206,0.9659258262890684,0,1,1,5.424044650305555,4.151625831166666,5.25389160675,5.112628002777778,18.197251676277777,18.29483151783333,18.82857789311112,18.194770331416667,0.0,0.0,0.0,0.0
B3,roll_03,mlr,2026-01-31 08:00:00+00:00,2026-01-31 09:00:00+00:00,0,1,2025-12-08T00:00:00+00:00,2026-01-26T00:00:00+00:00,2026-01-26T00:00:00+00:00,2026-02-02T00:00:00+00:00,250.3521221068889,723.6847879833326,-473.3326658764437,1,low,0,0.0,0,2,0,0,0,0,0,0,0,0,0,0,0,0,0,0,0,0,0,0,0,0,0,0,5,2056.1787956731946,1020.5726502083334,2088.875723270194,419.2874801181944,8,-0.4999999999999998,0.8660254037844387,0,1,1,6.129296162111111,4.314655074888889,5.424044650305555,5.971257494111111,17.893700756944444,17.905425590777778,18.197251676277777,17.925204983888886,98.26437011297224,0.0,0.0,110.06260566791669
B3,roll_03,mlr,2026-01-31 09:00:00+00:00,2026-01-31 10:00:00+00:00,0,1,2025-12-08T00:00:00+00:00,2026-01-26T00:00:00+00:00,2026-01-26T00:00:00+00:00,2026-02-02T00:00:00+00:00,334.93582907008334,442.4693208975041,-107.53349182742073,1,low,0,0.0,0,2,0,0,0,0,0,0,0,0,0,0,0,0,0,0,0,0,0,0,0,0,0,0,5,2110.409867789389,419.2874801181944,1376.5848081650277,250.3521221068889,9,-0.7071067811865475,0.7071067811865476,0,1,1,6.980553941499999,4.542731538305556,6.129296162111111,6.401175342055556,18.21654997936111,18.436193536916665,17.893700756944444,18.61396918244445,249.34129817261112,114.76844990783331,98.26437011297224,454.6492470125556
B3,roll_03,mlr,2026-01-31 10:00:00+00:00,2026-01-31 11:00:00+00:00,0,1,2025-12-08T00:00:00+00:00,2026-01-26T00:00:00+00:00,2026-01-26T00:00:00+00:00,2026-02-02T00:00:00+00:00,-25.482023055444444,479.9394558971585,-505.4214789526029,1,low,0,0.0,0,2,0,0,0,0,0,0,0,0,0,0,0,0,0,0,0,0,0,0,0,0,0,0,5,3130.832139515,250.3521221068889,637.5708449115556,334.93582907008334,10,-0.8660254037844387,0.4999999999999999,0,1,1,7.7654809172777775,5.048194792888889,6.980553941499999,6.918664744916666,18.19416112413889,18.769674477888888,18.21654997936111,19.34717694561112,250.70677482605552,411.0483259695556,249.34129817261112,1227.077606142361
B3,roll_03,mlr,2026-01-31 11:00:00+00:00,2026-01-31 12:00:00+00:00,0,1,2025-12-08T00:00:00+00:00,2026-01-26T00:00:00+00:00,2026-01-26T00:00:00+00:00,2026-02-02T00:00:00+00:00,-362.59401059927774,-339.81349525363294,-22.7805153456448,1,med,0,0.0,0,2,1,0,0,0,0,0,0,0,0,0,0,0,0,0,0,0,0,0,0,0,0,0,5,385.99203080291664,334.93582907008334,-1038.640299738972,-25.482023055444444,11,-0.9659258262890682,0.258819045102521,0,1,1,8.519014925166667,6.944681730611111,7.7654809172777775,9.024725996194444,18.472632186222224,19.6631947345,18.19416112413889,18.99885653263889,612.0282062237222,1596.5776119012498,250.70677482605552,1549.6980390854724
B3,roll_03,mlr,2026-01-31 12:00:00+00:00,2026-01-31 13:00:00+00:00,0,1,2025-12-08T00:00:00+00:00,2026-01-26T00:00:00+00:00,2026-01-26T00:00:00+00:00,2026-02-02T00:00:00+00:00,-31.184125589083333,-283.6114185928777,252.4272930037944,1,med,0,0.0,0,2,1,0,0,0,0,0,0,0,0,0,0,0,0,0,0,0,0,0,0,0,0,0,5,1016.1453970060834,-25.482023055444444,338.58896643852773,-362.59401059927774,12,-1.0,1.2246467991473532e-16,0,1,1,9.44202883811111,8.35612550725,8.519014925166667,10.370691970305556,18.927687698194443,18.378112199194447,18.472632186222224,18.922971791888887,951.2261224310834,407.66865748083336,612.0282062237222,1116.10089140025
B3,roll_03,mlr,2026-01-31 13:00:00+00:00,2026-01-31 14:00:00+00:00,0,1,2025-12-08T00:00:00+00:00,2026-01-26T00:00:00+00:00,2026-01-26T00:00:00+00:00,2026-02-02T00:00:00+00:00,-90.87281389516666,276.3215644787506,-367.19437837391723,1,med,0,0.0,0,2,1,0,0,0,0,0,0,0,0,0,0,0,0,0,0,0,0,0,0,0,0,0,5,1064.5741736199725,-362.59401059927774,-266.5041079402778,-31.184125589083333,13,-0.9659258262890684,-0.2588190451025208,0,1,1,9.86314300127778,6.657871230416667,9.44202883811111,10.433649848611113,22.238324754305555,18.062944556944444,18.927687698194443,18.62102286772222,534.3037095073611,88.28240024077779,951.2261224310834,1047.2821290664722
B3,roll_03,mlr,2026-01-31 14:00:00+00:00,2026-01-31 15:00:00+00:00,0,1,2025-12-08T00:00:00+00:00,2026-01-26T00:00:00+00:00,2026-01-26T00:00:00+00:00,2026-02-02T00:00:00+00:00,422.2890764387501,226.7707305033705,195.5183459353796,1,med,0,0.0,0,3,1,0,0,0,0,0,0,0,0,0,0,0,0,0,0,0,0,0,0,0,0,0,5,1858.781012173056,-31.184125589083333,376.1624140875,-90.87281389516666,14,-0.8660254037844388,-0.4999999999999997,0,1,1,10.303680118944444,6.097375211722222,9.86314300127778,9.447840296916668,18.43448147455556,18.00922708483333,22.238324754305555,18.27117152236111,583.7794679558612,0.0,534.3037095073611,465.3144706611944
B3,roll_03,mlr,2026-01-31 15:00:00+00:00,2026-01-31 16:00:00+00:00,0,1,2025-12-08T00:00:00+00:00,2026-01-26T00:00:00+00:00,2026-01-26T00:00:00+00:00,2026-02-02T00:00:00+00:00,514.5742918275556,835.8266049052108,-321.25231307765523,1,low,0,0.0,0,2,0,0,0,0,0,0,0,0,0,0,0,0,0,0,0,0,0,0,0,0,0,0,5,1831.2616717653889,-90.87281389516666,1082.7555175266666,422.2890764387501,15,-0.7071067811865479,-0.7071067811865471,0,1,1,9.053904908055555,6.071665185777778,10.303680118944444,8.110878659944445,17.928356537861113,17.677323049111113,18.43448147455556,18.16102492311111,94.08787515758333,0.0,583.7794679558612,92.0250742933889
B3,roll_03,mlr,2026-01-31 16:00:00+00:00,2026-01-31 17:00:00+00:00,0,1,2025-12-08T00:00:00+00:00,2026-01-26T00:00:00+00:00,2026-01-26T00:00:00+00:00,2026-02-02T00:00:00+00:00,555.1924943127777,768.5836006634559,-213.39110635067811,0,night,0,0.0,0,2,0,0,0,0,0,0,0,0,0,0,0,0,0,0,0,0,0,0,0,0,0,0,5,1060.0596002008333,422.2890764387501,1956.864773614972,514.5742918275556,16,-0.5000000000000004,-0.8660254037844385,0,1,1,7.789694033361112,6.566483526611111,9.053904908055555,7.078508756361111,17.82899920875,17.72403060438889,17.928356537861113,18.30002895063889,0.0,0.0,94.08787515758333,0.0
B3,roll_03,mlr,2026-01-31 17:00:00+00:00,2026-01-31 18:00:00+00:00,0,1,2025-12-08T00:00:00+00:00,2026-01-26T00:00:00+00:00,2026-01-26T00:00:00+00:00,2026-02-02T00:00:00+00:00,563.0741589198611,666.7360507775502,-103.66189185768906,0,night,0,0.0,0,2,0,0,0,0,0,0,0,0,0,0,0,0,0,0,0,0,0,0,0,0,0,0,5,992.9213029867224,514.5742918275556,2558.768179305,555.1924943127777,17,-0.2588190451025206,-0.9659258262890684,0,1,1,6.755247698277778,6.089130444527778,7.789694033361112,6.466590966111112,17.967200165388892,17.830043843416664,17.82899920875,17.670263042972223,0.0,0.0,0.0,0.0
B3,roll_03,mlr,2026-01-31 18:00:00+00:00,2026-01-31 19:00:00+00:00,0,1,2025-12-08T00:00:00+00:00,2026-01-26T00:00:00+00:00,2026-01-26T00:00:00+00:00,2026-02-02T00:00:00+00:00,532.8345183753889,616.7968304459905,-83.96231207060157,0,night,0,0.0,0,2,0,0,0,0,0,0,0,0,0,0,0,0,0,0,0,0,0,0,0,0,0,0,5,1541.1415699855834,555.1924943127777,1987.7934036818888,563.0741589198611,18,-1.8369701987210292e-16,-1.0,0,1,1,5.767976541222222,5.9999975540833335,6.755247698277778,5.544694557833334,17.834140197916668,18.11549999886111,17.967200165388892,17.869562911861113,0.0,0.0,0.0,0.0
B3,roll_03,mlr,2026-01-31 19:00:00+00:00,2026-01-31 20:00:00+00:00,0,1,2025-12-08T00:00:00+00:00,2026-01-26T00:00:00+00:00,2026-01-26T00:00:00+00:00,2026-02-02T00:00:00+00:00,552.461400302111,424.13660767411693,128.32479262799404,0,night,0,0.0,0,1,0,1,1,0,11,0,0,0,1,0,1,0,1,0,0,0,1,0,0,0,0,0,5,1286.9006860100278,563.0741589198611,1676.7119280521667,532.8345183753889,19,0.2588190451025203,-0.9659258262890684,0,1,1,4.9639147325833335,5.77926593825,5.767976541222222,4.983116204916667,17.848143047277777,18.36445310694444,17.834140197916668,17.935109248,0.0,0.0,0.0,0.0
B3,roll_03,mlr,2026-01-31 20:00:00+00:00,2026-01-31 21:00:00+00:00,0,1,2025-12-08T00:00:00+00:00,2026-01-26T00:00:00+00:00,2026-01-26T00:00:00+00:00,2026-02-02T00:00:00+00:00,552.9098461985833,387.98652338664533,164.92332281193796,0,night,0,0.0,0,1,0,1,1,0,11,0,0,0,1,0,1,0,1,0,0,0,1,0,0,0,0,0,5,640.4533153681945,532.8345183753889,1399.5987402705557,552.461400302111,20,0.5000000000000001,-0.8660254037844386,0,1,1,4.440933167611111,5.683189338277778,4.9639147325833335,5.276358198666666,17.723165066277776,17.952829869138892,17.848143047277777,18.03674184022222,0.0,0.0,0.0,0.0
B3,roll_03,mlr,2026-01-31 21:00:00+00:00,2026-01-31 22:00:00+00:00,0,1,2025-12-08T00:00:00+00:00,2026-01-26T00:00:00+00:00,2026-01-26T00:00:00+00:00,2026-02-02T00:00:00+00:00,560.803781971389,345.5044220233349,215.29935994805408,0,night,0,0.0,0,1,0,1,1,0,11,0,0,0,1,0,1,0,1,0,0,0,1,0,0,0,0,0,5,584.3161862229999,552.461400302111,1395.9087899032777,552.9098461985833,21,0.7071067811865474,-0.7071067811865477,0,1,1,3.7774108658888887,5.649819748388889,4.440933167611111,5.081265362833333,18.23027304580556,17.865298132333333,17.723165066277776,17.717666968083332,0.0,0.0,0.0,0.0
B3,roll_03,mlr,2026-01-31 22:00:00+00:00,2026-01-31 23:00:00+00:00,0,1,2025-12-08T00:00:00+00:00,2026-01-26T00:00:00+00:00,2026-01-26T00:00:00+00:00,2026-02-02T00:00:00+00:00,565.2245665261389,329.4038828219386,235.8206837042003,0,night,0,0.0,0,1,0,1,1,0,11,0,0,0,1,0,1,0,1,0,0,0,1,0,0,0,0,0,5,518.3547093412777,552.9098461985833,617.2218638224722,560.803781971389,22,0.8660254037844384,-0.5000000000000004,0,1,1,3.4897308291944444,5.809892205944444,3.7774108658888887,4.786386629583333,17.98149304761111,18.060589775333334,18.23027304580556,17.870216187916668,0.0,0.0,0.0,0.0
B3,roll_03,mlr,2026-01-31 23:00:00+00:00,2026-02-01 00:00:00+00:00,0,1,2025-12-08T00:00:00+00:00,2026-01-26T00:00:00+00:00,2026-01-26T00:00:00+00:00,2026-02-02T00:00:00+00:00,564.1097782727777,304.83907953242715,259.27069874035055,0,night,0,0.0,0,1,0,1,1,0,11,0,0,0,1,0,1,0,1,0,0,0,1,0,0,0,0,0,5,430.99813492583326,560.803781971389,560.833410557,565.2245665261389,23,0.965925826289068,-0.2588190451025215,0,1,1,3.5326573690000003,5.70738836675,3.4897308291944444,4.713329532638888,18.31189549144444,18.156869020583333,17.98149304761111,18.05467717175,0.0,0.0,0.0,0.0
B3,roll_03,mlr,2026-02-01 00:00:00+00:00,2026-02-01 01:00:00+00:00,0,1,2025-12-08T00:00:00+00:00,2026-01-26T00:00:00+00:00,2026-01-26T00:00:00+00:00,2026-02-02T00:00:00+00:00,533.409867254,602.1551185164435,-68.7452512624435,0,night,0,0.0,0,1,0,1,1,0,11,0,0,0,1,0,1,0,1,0,0,0,1,0,0,0,0,0,6,377.7188413770555,565.2245665261389,568.5592018373611,564.1097782727777,0,1.0,0.0,0,1,2,3.8372821672222224,5.6147730122777775,3.5326573690000003,4.703963593666667,18.13831279555556,18.11037431958333,18.31189549144444,18.44129268458333,0.0,0.0,0.0,0.0
B3,roll_03,mlr,2026-02-01 01:00:00+00:00,2026-02-01 02:00:00+00:00,0,1,2025-12-08T00:00:00+00:00,2026-01-26T00:00:00+00:00,2026-01-26T00:00:00+00:00,2026-02-02T00:00:00+00:00,562.5751383565,687.9280711615202,-125.35293280502015,0,night,0,0.0,0,1,0,1,1,0,11,0,0,0,0,1,1,0,1,0,0,0,1,0,0,0,0,0,6,364.4423996903056,564.1097782727777,560.2704962234167,533.409867254,1,0.9659258262890684,0.2588190451025207,0,1,2,3.1821613179166666,5.886597346611112,3.8372821672222224,4.574595359027778,18.042256365194447,18.483736475527778,18.13831279555556,18.31030418486112,0.0,0.0,0.0,0.0
B3,roll_03,mlr,2026-02-01 02:00:00+00:00,2026-02-01 03:00:00+00:00,0,1,2025-12-08T00:00:00+00:00,2026-01-26T00:00:00+00:00,2026-01-26T00:00:00+00:00,2026-02-02T00:00:00+00:00,534.4757679513611,694.7021690842985,-160.22640113293733,0,night,0,0.0,0,1,0,1,1,0,11,0,0,0,0,1,1,0,1,0,0,0,1,0,0,0,0,0,6,384.5271624152222,533.409867254,565.4011130005833,562.5751383565,2,0.8660254037844387,0.4999999999999999,0,1,2,2.698781669777778,5.938280689361111,3.1821613179166666,4.697502777333333,18.15492261975,18.49985763155556,18.042256365194447,18.300521219944443,0.0,0.0,0.0,0.0
B3,roll_03,mlr,2026-02-01 03:00:00+00:00,2026-02-01 04:00:00+00:00,0,1,2025-12-08T00:00:00+00:00,2026-01-26T00:00:00+00:00,2026-01-26T00:00:00+00:00,2026-02-02T00:00:00+00:00,559.3680544099722,671.2905543613488,-111.92249995137661,0,night,0,0.0,0,1,0,1,1,0,11,0,0,0,0,1,1,0,1,0,0,0,1,0,0,0,0,0,6,395.30640441158334,562.5751383565,568.1319450434166,534.4757679513611,3,0.7071067811865476,0.7071067811865476,0,1,2,2.4964807060833336,5.830688939638889,2.698781669777778,4.8230679848888895,18.078049501583333,18.36806043725,18.15492261975,18.164699992694445,0.0,0.0,0.0,0.0
B3,roll_03,mlr,2026-02-01 04:00:00+00:00,2026-02-01 05:00:00+00:00,0,1,2025-12-08T00:00:00+00:00,2026-01-26T00:00:00+00:00,2026-01-26T00:00:00+00:00,2026-02-02T00:00:00+00:00,555.9197919330833,726.5731136049212,-170.65332167183794,0,night,0,0.0,0,1,0,1,1,0,11,0,0,0,0,1,1,0,1,0,0,0,1,0,0,0,0,0,6,963.782436518,534.4757679513611,1108.9278010010555,559.3680544099722,4,0.5000000000000001,0.8660254037844386,0,1,2,2.212842818472222,5.175912236194445,2.4964807060833336,4.949926086694444,18.102337799305555,18.4531641925,18.078049501583333,18.495093935444444,0.0,0.0,0.0,0.0
B3,roll_03,mlr,2026-02-01 05:00:00+00:00,2026-02-01 06:00:00+00:00,0,1,2025-12-08T00:00:00+00:00,2026-01-26T00:00:00+00:00,2026-01-26T00:00:00+00:00,2026-02-02T00:00:00+00:00,1160.5435193141388,671.796919631453,488.7465996826859,0,night,0,0.0,0,1,0,1,1,0,11,0,0,0,0,1,1,0,1,0,0,0,1,0,0,0,0,0,6,1696.815230154389,559.3680544099722,1973.961116742889,555.9197919330833,5,0.2588190451025207,0.9659258262890684,0,1,2,3.237864923555556,4.974422407805555,2.212842818472222,5.061477725916666,18.201222131833333,18.711754044777777,18.102337799305555,18.650027333527778,0.0,0.0,0.0,0.0
B3,roll_03,mlr,2026-02-01 06:00:00+00:00,2026-02-01 07:00:00+00:00,0,1,2025-12-08T00:00:00+00:00,2026-01-26T00:00:00+00:00,2026-01-26T00:00:00+00:00,2026-02-02T00:00:00+00:00,691.6709654138334,1188.5197623181389,-496.84879690430546,0,night,0,0.0,0,1,0,0,0,0,0,0,0,0,0,0,0,0,0,0,0,0,0,0,0,0,0,0,6,1659.7306816588614,555.9197919330833,2133.987086771556,1160.5435193141388,6,6.123233995736766e-17,1.0,0,1,2,3.8328786741666665,4.992939964055556,3.237864923555556,5.25389160675,18.61053815477777,18.560369708916667,18.201222131833333,18.82857789311112,0.0,0.0,0.0,0.0
B3,roll_03,mlr,2026-02-01 07:00:00+00:00,2026-02-01 08:00:00+00:00,0,1,2025-12-08T00:00:00+00:00,2026-01-26T00:00:00+00:00,2026-01-26T00:00:00+00:00,2026-02-02T00:00:00+00:00,1089.2109433604444,985.1952042383468,104.01573912209756,1,night,0,0.0,0,1,0,0,0,0,0,0,0,0,0,0,0,0,0,0,0,0,0,0,0,0,0,0,6,2231.1363579284443,1160.5435193141388,1020.5726502083334,691.6709654138334,7,-0.2588190451025206,0.9659258262890684,0,1,2,4.237392116472222,4.933367505611112,3.8328786741666665,5.424044650305555,17.88786849641667,18.55700058877778,18.61053815477777,18.197251676277777,0.0,0.0,0.0,0.0
B3,roll_03,mlr,2026-02-01 08:00:00+00:00,2026-02-01 09:00:00+00:00,0,1,2025-12-08T00:00:00+00:00,2026-01-26T00:00:00+00:00,2026-01-26T00:00:00+00:00,2026-02-02T00:00:00+00:00,303.2054646118889,909.4820734429559,-606.276608831067,1,low,0,0.0,0,2,0,0,0,0,0,0,0,0,0,0,0,0,0,0,0,0,0,0,0,0,0,0,6,2238.324116505972,691.6709654138334,419.2874801181944,1089.2109433604444,8,-0.4999999999999998,0.8660254037844387,0,1,2,5.01099208125,4.832365699444444,4.237392116472222,6.129296162111111,18.566264010416667,18.49024153463889,17.88786849641667,17.893700756944444,106.04772709316669,0.0,0.0,98.26437011297224
B3,roll_03,mlr,2026-02-01 09:00:00+00:00,2026-02-01 10:00:00+00:00,0,1,2025-12-08T00:00:00+00:00,2026-01-26T00:00:00+00:00,2026-01-26T00:00:00+00:00,2026-02-02T00:00:00+00:00,306.5586802728889,574.9102034299285,-268.3515231570396,1,low,0,0.0,0,2,0,0,0,0,0,0,0,0,0,0,0,0,0,0,0,0,0,0,0,0,0,0,6,2327.768168646222,1089.2109433604444,250.3521221068889,303.2054646118889,9,-0.7071067811865475,0.7071067811865476,0,1,2,5.626684347805555,4.46485140163889,5.01099208125,6.980553941499999,18.47450458186111,18.60976037316667,18.566264010416667,18.21654997936111,248.01824049366667,20.07319077258333,106.04772709316669,249.34129817261112
B3,roll_03,mlr,2026-02-01 10:00:00+00:00,2026-02-01 11:00:00+00:00,0,1,2025-12-08T00:00:00+00:00,2026-01-26T00:00:00+00:00,2026-01-26T00:00:00+00:00,2026-02-02T00:00:00+00:00,298.92543760088887,389.38209495760066,-90.45665735671179,1,low,0,0.0,0,2,0,0,0,0,0,0,0,0,0,0,0,0,0,0,0,0,0,0,0,0,0,0,6,3079.3561128761667,303.2054646118889,334.93582907008334,306.5586802728889,10,-0.8660254037844387,0.4999999999999999,0,1,2,6.359563082472222,4.6137414355,5.626684347805555,7.7654809172777775,18.573064382416668,18.23413413661111,18.47450458186111,18.19416112413889,301.1109472033611,79.55278716463889,248.01824049366667,250.70677482605552
B3,roll_03,mlr,2026-02-01 11:00:00+00:00,2026-02-01 12:00:00+00:00,0,1,2025-12-08T00:00:00+00:00,2026-01-26T00:00:00+00:00,2026-01-26T00:00:00+00:00,2026-02-02T00:00:00+00:00,73.55411946638888,506.892839748587,-433.3387202821981,1,low,0,0.0,0,2,0,0,0,0,0,0,0,0,0,0,0,0,0,0,0,0,0,0,0,0,0,0,6,1060.977643347722,306.5586802728889,-25.482023055444444,298.92543760088887,11,-0.9659258262890682,0.258819045102521,0,1,2,6.701555503277778,5.1184929485833335,6.359563082472222,8.519014925166667,18.641836500222222,18.24494905780556,18.573064382416668,18.472632186222224,264.21803932213885,220.18301505319445,301.1109472033611,612.0282062237222
B3,roll_03,mlr,2026-02-01 12:00:00+00:00,2026-02-01 13:00:00+00:00,0,1,2025-12-08T00:00:00+00:00,2026-01-26T00:00:00+00:00,2026-01-26T00:00:00+00:00,2026-02-02T00:00:00+00:00,151.58054217927778,198.86083436318177,-47.28029218390398,1,med,0,0.0,0,2,0,0,0,0,0,0,0,0,0,0,0,0,0,0,0,0,0,0,0,0,0,0,6,1745.3068945306666,298.92543760088887,-362.59401059927774,73.55411946638888,12,-1.0,1.2246467991473532e-16,0,1,2,6.799436887527777,6.667484349638889,6.701555503277778,9.44202883811111,18.791125845166665,19.08982180188889,18.641836500222222,18.927687698194443,435.7445417964166,527.3673956102779,264.21803932213885,951.2261224310834
B3,roll_03,mlr,2026-02-01 13:00:00+00:00,2026-02-01 14:00:00+00:00,0,1,2025-12-08T00:00:00+00:00,2026-01-26T00:00:00+00:00,2026-01-26T00:00:00+00:00,2026-02-02T00:00:00+00:00,1336.6438164391946,103.87189925489201,1232.7719171843025,1,med,0,0.0,0,2,0,0,0,0,0,0,0,0,0,0,0,0,0,0,0,0,0,0,0,0,0,0,6,906.8727746182224,73.55411946638888,-31.184125589083333,151.58054217927778,13,-0.9659258262890684,-0.2588190451025208,0,1,2,8.563500269777778,7.015248214916667,6.799436887527777,9.86314300127778,19.11458533352777,18.02789201130556,18.791125845166665,22.238324754305555,910.9197011827224,212.62666984819444,435.7445417964166,534.3037095073611
B3,roll_03,mlr,2026-02-01 14:00:00+00:00,2026-02-01 15:00:00+00:00,0,1,2025-12-08T00:00:00+00:00,2026-01-26T00:00:00+00:00,2026-01-26T00:00:00+00:00,2026-02-02T00:00:00+00:00,1896.0841900744165,991.7068259287853,904.3773641456312,1,med,0,0.0,0,2,0,0,0,0,0,0,0,0,0,0,0,0,0,0,0,0,0,0,0,0,0,0,6,1490.25308828425,151.58054217927778,-90.87281389516666,1336.6438164391946,14,-0.8660254037844388,-0.4999999999999997,0,1,2,9.976889929027775,7.1463404341666665,8.563500269777778,10.303680118944444,19.289118039166667,18.02865631725,19.11458533352777,18.43448147455556,639.4901448136667,125.078570753,910.9197011827224,583.7794679558612
B3,roll_03,mlr,2026-02-01 15:00:00+00:00,2026-02-01 16:00:00+00:00,0,1,2025-12-08T00:00:00+00:00,2026-01-26T00:00:00+00:00,2026-01-26T00:00:00+00:00,2026-02-02T00:00:00+00:00,2484.501672130778,1861.0600328683454,623.4416392624325,1,low,0,0.0,0,2,0,0,0,0,0,0,0,0,0,0,0,0,0,0,0,0,0,0,0,0,0,0,6,924.6930943503612,1336.6438164391946,422.2890764387501,1896.0841900744165,15,-0.7071067811865479,-0.7071067811865471,0,1,2,9.471447134777778,6.817918164777777,9.976889929027775,9.053904908055555,18.72145362119445,17.959508398916665,19.289118039166667,17.928356537861113,146.96965613394443,0.0,639.4901448136667,94.08787515758333
B3,roll_03,mlr,2026-02-01 16:00:00+00:00,2026-02-01 17:00:00+00:00,0,1,2025-12-08T00:00:00+00:00,2026-01-26T00:00:00+00:00,2026-01-26T00:00:00+00:00,2026-02-02T00:00:00+00:00,2486.544613380472,2102.853572981888,383.69104039858394,0,night,0,0.0,0,2,0,0,0,0,0,0,0,0,0,0,0,0,0,0,0,0,0,0,0,0,0,0,6,1936.265559235028,1896.0841900744165,514.5742918275556,2484.501672130778,16,-0.5000000000000004,-0.8660254037844385,0,1,2,7.681018360972222,6.112700724861111,9.471447134777778,7.789694033361112,18.355588006666668,18.36010683186112,18.72145362119445,17.82899920875,0.0,0.0,146.96965613394443,0.0
B3,roll_03,mlr,2026-02-01 17:00:00+00:00,2026-02-01 18:00:00+00:00,0,1,2025-12-08T00:00:00+00:00,2026-01-26T00:00:00+00:00,2026-01-26T00:00:00+00:00,2026-02-02T00:00:00+00:00,2612.5492478209444,2013.5840592650952,598.9651885558492,0,night,0,0.0,0,2,0,0,0,0,0,0,0,0,0,0,0,0,0,0,0,0,0,0,0,0,0,0,6,1053.6913190111388,2484.501672130778,555.1924943127777,2486.544613380472,17,-0.2588190451025206,-0.9659258262890684,0,1,2,6.242695821472222,5.021550218833333,7.681018360972222,6.755247698277778,18.471300794,17.625167409194443,18.355588006666668,17.967200165388892,0.0,0.0,0.0,0.0
B3,roll_03,mlr,2026-02-01 18:00:00+00:00,2026-02-01 19:00:00+00:00,0,1,2025-12-08T00:00:00+00:00,2026-01-26T00:00:00+00:00,2026-01-26T00:00:00+00:00,2026-02-02T00:00:00+00:00,3017.157618471861,1992.0410543074663,1025.1165641643947,0,night,0,0.0,0,2,0,0,0,0,0,0,0,0,0,0,0,0,0,0,0,0,0,0,0,0,0,0,6,1042.3809986754163,2486.544613380472,563.0741589198611,2612.5492478209444,18,-1.8369701987210292e-16,-1.0,0,1,2,5.216167870194445,4.227878578694444,6.242695821472222,5.767976541222222,18.42057814105556,17.660656862222222,18.471300794,17.834140197916668,0.0,0.0,0.0,0.0
B3,roll_03,mlr,2026-02-01 19:00:00+00:00,2026-02-01 20:00:00+00:00,0,1,2025-12-08T00:00:00+00:00,2026-01-26T00:00:00+00:00,2026-01-26T00:00:00+00:00,2026-02-02T00:00:00+00:00,2133.137917275778,2195.9056713254645,-62.76775404968657,0,night,0,0.0,0,1,0,0,0,0,0,0,0,0,0,0,0,0,0,0,0,0,0,0,0,0,0,0,6,849.7813898698611,2612.5492478209444,532.8345183753889,3017.157618471861,19,0.2588190451025203,-0.9659258262890684,0,1,2,4.222881066444445,3.6091518839166654,5.216167870194445,4.9639147325833335,18.158003166277776,17.591231184888887,18.42057814105556,17.848143047277777,0.0,0.0,0.0,0.0
B3,roll_03,mlr,2026-02-01 20:00:00+00:00,2026-02-01 21:00:00+00:00,0,1,2025-12-08T00:00:00+00:00,2026-01-26T00:00:00+00:00,2026-01-26T00:00:00+00:00,2026-02-02T00:00:00+00:00,952.1327068525555,1696.1258329509933,-743.9931260984378,0,night,0,0.0,0,1,0,0,0,0,0,0,0,0,0,0,0,0,0,0,0,0,0,0,0,0,0,0,6,739.4192231492499,3017.157618471861,552.461400302111,2133.137917275778,20,0.5000000000000001,-0.8660254037844386,0,1,2,3.7358408869444446,3.3640960108888893,4.222881066444445,4.440933167611111,18.141454766611112,17.554591725333335,18.158003166277776,17.723165066277776,0.0,0.0,0.0,0.0
B3,roll_03,mlr,2026-02-01 21:00:00+00:00,2026-02-01 22:00:00+00:00,0,1,2025-12-08T00:00:00+00:00,2026-01-26T00:00:00+00:00,2026-01-26T00:00:00+00:00,2026-02-02T00:00:00+00:00,1463.8755507140277,908.4187726897003,555.4567780243274,0,night,0,0.0,0,1,0,0,0,0,0,0,0,0,0,0,0,0,0,0,0,0,0,0,0,0,0,0,6,575.8166761095833,2133.137917275778,552.9098461985833,952.1327068525555,21,0.7071067811865474,-0.7071067811865477,0,1,2,3.463399385861111,4.178278312777778,3.7358408869444446,3.7774108658888887,17.990124485333332,17.66102431277778,18.141454766611112,18.23027304580556,0.0,0.0,0.0,0.0
