dataset_id,split_id,model_name,ts_utc,ts_target_utc,is_train_split,is_test_split,train_start_utc,train_end_utc,test_start_utc,test_end_utc,y_true_t_plus_1,yhat_t_plus_1,residual_t_plus_1,is_daylight,pv_regime,pool_on,pool_on_lag_1h,pool_switch,temp_bin,flag_grid_exporting,imputed_any,imputed_count,gaplen_demand_h,gaplen_pv_h,gaplen_pool_h,gaplen_temp_h,pv_imputed_interp,pv_imputed_ffill_night_ok,pv_imputed_fallback_zero,pv_imputed_any,flag_demand_imputed,flag_pv_imputed,flag_pool_imputed,flag_temp_imputed,flag_demand_imputed_new,flag_pv_imputed_new,flag_pool_imputed_new,flag_temp_imputed_new,demand_imputed_any,pool_imputed_any,temp_imputed_any,day_of_week,demand_lag_168h,demand_lag_1h,demand_lag_24h,demand_w,hour,hour_cos,hour_sin,is_holiday_it,is_weekend,month,outdoor_temp_c,outdoor_temp_c_lag_168h,outdoor_temp_c_lag_1h,outdoor_temp_c_lag_24h,pool_w,pool_w_lag_168h,pool_w_lag_1h,pool_w_lag_24h,pv_w,pv_w_lag_168h,pv_w_lag_1h,pv_w_lag_24h
B3,roll_02,rf,2026-01-18 23:00:00+00:00,2026-01-19 00:00:00+00:00,0,1,2025-12-08T00:00:00+00:00,2026-01-19T00:00:00+00:00,2026-01-19T00:00:00+00:00,2026-01-26T00:00:00+00:00,368.0171135468333,438.62710519401804,-70.60999164718476,0,night,0,0.0,0,2,0,0,0,0,0,0,0,0,0,0,0,0,0,0,0,0,0,0,0,0,0,0,6,2501.345489155889,579.8006035581112,356.0791067192222,371.8011446672778,23,0.965925826289068,-0.2588190451025215,0,1,1,7.6601376606111105,0.8401119943055555,7.723855807972222,8.489515895694444,18.329515098027777,19.76163939361111,18.30075636655556,18.27030471461111,0.0,0.0,0.0,0.0
B3,roll_02,rf,2026-01-19 00:00:00+00:00,2026-01-19 01:00:00+00:00,0,1,2025-12-08T00:00:00+00:00,2026-01-19T00:00:00+00:00,2026-01-19T00:00:00+00:00,2026-01-26T00:00:00+00:00,370.43651664125,430.6813146165692,-60.24479797531916,0,night,0,0.0,0,2,0,0,0,0,0,0,0,0,0,0,0,0,0,0,0,0,0,0,0,0,0,0,0,2521.281662351861,371.8011446672778,409.1542958934167,368.0171135468333,0,1.0,0.0,0,0,1,7.471285470472222,0.0822739048611111,7.6601376606111105,8.267303430916668,18.324939880888888,19.92784602258333,18.329515098027777,18.507601477416667,0.0,0.0,0.0,0.0
B3,roll_02,rf,2026-01-19 01:00:00+00:00,2026-01-19 02:00:00+00:00,0,1,2025-12-08T00:00:00+00:00,2026-01-19T00:00:00+00:00,2026-01-19T00:00:00+00:00,2026-01-26T00:00:00+00:00,382.0239495386389,414.0585118446931,-32.03456230605423,0,night,0,0.0,0,2,0,0,0,0,0,0,0,0,0,0,0,0,0,0,0,0,0,0,0,0,0,0,0,2510.7629793080832,368.0171135468333,386.80348134525,370.43651664125,1,0.9659258262890684,0.2588190451025207,0,0,1,7.240814754666666,-0.0979647454722222,7.471285470472222,7.88579561025,18.191478372805555,19.88745926827778,18.324939880888888,18.516888744472222,0.0,0.0,0.0,0.0
B3,roll_02,rf,2026-01-19 02:00:00+00:00,2026-01-19 03:00:00+00:00,0,1,2025-12-08T00:00:00+00:00,2026-01-19T00:00:00+00:00,2026-01-19T00:00:00+00:00,2026-01-26T00:00:00+00:00,368.1878588306667,420.52802982829195,-52.34017099762525,0,night,0,0.0,0,2,0,0,0,0,0,0,0,0,0,0,0,0,0,0,0,0,0,0,0,0,0,0,0,2517.397726423444,370.43651664125,363.9506782922222,382.0239495386389,2,0.8660254037844387,0.4999999999999999,0,0,1,7.025713984444444,-0.3757401703055555,7.240814754666666,7.295793718,18.308205069916667,20.026290722638887,18.191478372805555,18.505587359111114,0.0,0.0,0.0,0.0
B3,roll_02,rf,2026-01-19 03:00:00+00:00,2026-01-19 04:00:00+00:00,0,1,2025-12-08T00:00:00+00:00,2026-01-19T00:00:00+00:00,2026-01-19T00:00:00+00:00,2026-01-26T00:00:00+00:00,956.6022458266112,680.7997922655562,275.802453561055,0,night,0,0.0,0,2,0,0,0,0,0,0,0,0,0,0,0,0,0,0,0,0,0,0,0,0,0,0,0,2481.68678522575,382.0239495386389,366.92154284288887,368.1878588306667,3,0.7071067811865476,0.7071067811865476,0,0,1,6.843691117888889,0.1335239932777777,7.025713984444444,7.380389324388889,18.22355256697222,19.80030205080556,18.308205069916667,18.40949500677777,0.0,0.0,0.0,0.0
B3,roll_02,rf,2026-01-19 04:00:00+00:00,2026-01-19 05:00:00+00:00,0,1,2025-12-08T00:00:00+00:00,2026-01-19T00:00:00+00:00,2026-01-19T00:00:00+00:00,2026-01-26T00:00:00+00:00,2097.5119466174724,1811.7445584345508,285.76738818292165,0,night,0,0.0,0,2,0,0,0,0,0,0,0,0,0,0,0,0,0,0,0,0,0,0,0,0,0,0,0,3016.15648477425,368.1878588306667,919.6470143296112,956.6022458266112,4,0.5000000000000001,0.8660254037844386,0,0,1,6.571004820500001,-0.0287854997222222,6.843691117888889,7.759706802277777,18.381851679388888,19.688919204277777,18.22355256697222,18.565049183638887,0.0,0.0,0.0,0.0
B3,roll_02,rf,2026-01-19 05:00:00+00:00,2026-01-19 06:00:00+00:00,0,1,2025-12-08T00:00:00+00:00,2026-01-19T00:00:00+00:00,2026-01-19T00:00:00+00:00,2026-01-26T00:00:00+00:00,2207.624277541472,2100.3994004811216,107.22487706035054,0,night,0,0.0,0,2,0,0,0,0,0,0,0,0,0,0,0,0,0,0,0,0,0,0,0,0,0,0,0,4262.747835938639,956.6022458266112,1696.4327096815832,2097.5119466174724,5,0.2588190451025207,0.9659258262890684,0,0,1,6.230610997888888,-0.5948542869166666,6.571004820500001,7.824388876305555,18.81852253330556,19.79284536802778,18.381851679388888,19.000532856916667,0.0,0.0,0.0,0.0
B3,roll_02,rf,2026-01-19 06:00:00+00:00,2026-01-19 07:00:00+00:00,0,1,2025-12-08T00:00:00+00:00,2026-01-19T00:00:00+00:00,2026-01-19T00:00:00+00:00,2026-01-26T00:00:00+00:00,743.501432477222,1837.2847796057315,-1093.7833471285094,0,night,0,0.0,0,2,0,0,0,0,0,0,0,0,0,0,0,0,0,0,0,0,0,0,0,0,0,0,0,4361.908397110695,2097.5119466174724,1787.8514459331388,2207.624277541472,6,6.123233995736766e-17,1.0,0,0,1,6.104236992611111,-0.0256551238333333,6.230610997888888,7.870841315861111,18.518887052166665,18.87429544488889,18.81852253330556,19.028892910777778,0.0,0.0,0.0,0.0
B3,roll_02,rf,2026-01-19 07:00:00+00:00,2026-01-19 08:00:00+00:00,0,1,2025-12-08T00:00:00+00:00,2026-01-19T00:00:00+00:00,2026-01-19T00:00:00+00:00,2026-01-26T00:00:00+00:00,1602.210022772833,1377.5775928588241,224.63242991400898,1,night,0,0.0,0,2,0,0,0,0,0,0,0,0,0,0,0,0,0,0,0,0,0,0,0,0,0,0,0,4563.315619382333,2207.624277541472,2221.478881947944,743.501432477222,7,-0.2588190451025206,0.9659258262890684,0,0,1,6.0920939530833325,0.0892223874722222,6.104236992611111,7.883857542694444,17.464818313277778,18.15650825783333,18.518887052166665,22.49837394541667,0.0,0.0,0.0,0.0
B3,roll_02,rf,2026-01-19 08:00:00+00:00,2026-01-19 09:00:00+00:00,0,1,2025-12-08T00:00:00+00:00,2026-01-19T00:00:00+00:00,2026-01-19T00:00:00+00:00,2026-01-26T00:00:00+00:00,401.86281383952775,1573.2499321266562,-1171.3871182871285,1,low,0,0.0,0,2,0,0,0,0,0,0,0,0,0,0,0,0,0,0,0,0,0,0,0,0,0,0,0,3089.202245556361,743.501432477222,1747.753539249222,1602.210022772833,8,-0.4999999999999998,0.8660254037844387,0,0,1,6.376790769055556,1.5477482746388889,6.0920939530833325,8.262126455694444,18.106925738416667,18.900201835166666,17.464818313277778,17.670436918444445,52.25388250475,675.084050221,0.0,34.30441932991666
B3,roll_02,rf,2026-01-19 09:00:00+00:00,2026-01-19 10:00:00+00:00,0,1,2025-12-08T00:00:00+00:00,2026-01-19T00:00:00+00:00,2026-01-19T00:00:00+00:00,2026-01-26T00:00:00+00:00,799.5036943302779,1131.4795118615014,-331.97581753122347,1,low,0,0.0,0,2,0,0,0,0,0,0,0,0,0,0,0,0,0,0,0,0,0,0,0,0,0,0,0,2796.8041315197224,1602.210022772833,1199.014191615,401.86281383952775,9,-0.7071067811865475,0.7071067811865476,0,0,1,6.883866901888889,3.2254890193888888,6.376790769055556,8.695682546194444,17.851597591666668,19.612746164055554,18.106925738416667,17.60044165513889,200.28425978958333,1056.8253583911112,52.25388250475,89.21282883222221
B3,roll_02,rf,2026-01-19 10:00:00+00:00,2026-01-19 11:00:00+00:00,0,1,2025-12-08T00:00:00+00:00,2026-01-19T00:00:00+00:00,2026-01-19T00:00:00+00:00,2026-01-26T00:00:00+00:00,764.1083921755,1109.7533797363708,-345.64498756087085,1,low,0,0.0,0,2,0,0,0,0,0,0,0,0,0,0,0,0,0,0,0,0,0,0,0,0,0,0,0,746.3919299871112,401.86281383952775,2696.399735123361,799.5036943302779,10,-0.8660254037844387,0.4999999999999999,0,0,1,7.554804945722222,4.715763120611111,6.883866901888889,9.452506697638889,18.305271993833333,21.086698567944445,17.851597591666668,17.917450888777775,300.6106887920556,1274.2766447041663,200.28425978958333,152.0663147546389
B3,roll_02,rf,2026-01-19 11:00:00+00:00,2026-01-19 12:00:00+00:00,0,1,2025-12-08T00:00:00+00:00,2026-01-19T00:00:00+00:00,2026-01-19T00:00:00+00:00,2026-01-26T00:00:00+00:00,135.93812644077775,1053.223680886011,-917.2855544452332,1,low,0,0.0,0,2,0,0,0,0,0,0,0,0,0,0,0,0,0,0,0,0,0,0,0,0,0,0,0,632.5966184736388,799.5036943302779,908.328997025861,764.1083921755,11,-0.9659258262890682,0.258819045102521,0,0,1,7.938572868611111,6.151445526944444,7.554804945722222,9.93934049188889,17.913517779527776,21.65975194513889,18.305271993833333,17.975845256166668,360.65137327452777,1427.525714563778,300.6106887920556,291.1969854105833
B3,roll_02,rf,2026-01-19 12:00:00+00:00,2026-01-19 13:00:00+00:00,0,1,2025-12-08T00:00:00+00:00,2026-01-19T00:00:00+00:00,2026-01-19T00:00:00+00:00,2026-01-26T00:00:00+00:00,227.14875664072224,685.8821065785645,-458.73334993784226,1,med,0,0.0,0,2,0,0,0,0,0,0,0,0,0,0,0,0,0,0,0,0,0,0,0,0,0,0,0,-422.1210146441389,764.1083921755,1081.863576312389,135.93812644077775,12,-1.0,1.2246467991473532e-16,0,0,1,8.697412192166667,8.042106340527779,7.938572868611111,10.88034856138889,17.51108470222222,20.280064502833334,17.913517779527776,18.150378169,429.9776792980833,1077.0554969643056,360.65137327452777,279.95511428333333
B3,roll_02,rf,2026-01-19 13:00:00+00:00,2026-01-19 14:00:00+00:00,0,1,2025-12-08T00:00:00+00:00,2026-01-19T00:00:00+00:00,2026-01-19T00:00:00+00:00,2026-01-26T00:00:00+00:00,1951.074940760889,612.5965153443153,1338.4784254165736,1,low,0,0.0,0,2,0,0,0,0,0,0,0,0,0,0,0,0,0,0,0,0,0,0,0,0,0,0,0,754.2202679822223,135.93812644077775,2173.5554944418054,227.14875664072224,13,-0.9659258262890684,-0.2588190451025208,0,0,1,9.178790924722222,8.886836191527777,8.697412192166667,11.194744100638887,17.4767666915,20.89163533738889,17.51108470222222,17.605212465694446,331.27048653,917.7112551677222,429.9776792980833,211.40559060327777
B3,roll_02,rf,2026-01-19 14:00:00+00:00,2026-01-19 15:00:00+00:00,0,1,2025-12-08T00:00:00+00:00,2026-01-19T00:00:00+00:00,2026-01-19T00:00:00+00:00,2026-01-26T00:00:00+00:00,806.2876032480555,1417.6460245459473,-611.3584212978918,1,low,0,0.0,0,2,0,0,0,0,0,0,0,0,0,0,0,0,0,0,0,0,0,0,0,0,0,0,0,1500.3252466112224,227.14875664072224,1035.234056645167,1951.074940760889,14,-0.8660254037844388,-0.4999999999999997,0,0,1,8.86652897075,8.544484776166668,9.178790924722222,10.792807296472224,18.02714254913889,20.355432554527777,17.4767666915,17.720296622972224,138.99832969141667,366.2336248188056,331.27048653,51.70543011708333
B3,roll_02,rf,2026-01-19 15:00:00+00:00,2026-01-19 16:00:00+00:00,0,1,2025-12-08T00:00:00+00:00,2026-01-19T00:00:00+00:00,2026-01-19T00:00:00+00:00,2026-01-26T00:00:00+00:00,738.6692789706944,1420.3794371267766,-681.7101581560821,1,low,0,0.0,0,2,0,0,0,0,0,0,0,0,0,0,0,0,0,0,0,0,0,0,0,0,0,0,0,586.6202596731389,1951.074940760889,982.0105920020555,806.2876032480555,15,-0.7071067811865479,-0.7071067811865471,0,0,1,8.054252913972222,6.644266975333334,8.86652897075,10.09873856363889,17.764550296583334,19.053108088833334,18.02714254913889,17.65813682397222,60.29446228413889,29.778236451166663,138.99832969141667,0.0
B3,roll_02,rf,2026-01-19 16:00:00+00:00,2026-01-19 17:00:00+00:00,0,1,2025-12-08T00:00:00+00:00,2026-01-19T00:00:00+00:00,2026-01-19T00:00:00+00:00,2026-01-26T00:00:00+00:00,1883.6500829357776,1028.0430952442712,855.6069876915064,0,night,0,0.0,0,2,0,0,0,0,0,0,0,0,0,0,0,0,0,0,0,0,0,0,0,0,0,0,0,1670.774375533639,806.2876032480555,939.633989883972,738.6692789706944,16,-0.5000000000000004,-0.8660254037844385,0,0,1,6.7582327050833335,5.279263939527778,8.054252913972222,9.486147199944446,17.51009285883333,19.11104975583333,17.764550296583334,17.723917226694443,0.0,0.0,60.29446228413889,0.0
B3,roll_02,rf,2026-01-19 17:00:00+00:00,2026-01-19 18:00:00+00:00,0,1,2025-12-08T00:00:00+00:00,2026-01-19T00:00:00+00:00,2026-01-19T00:00:00+00:00,2026-01-26T00:00:00+00:00,1098.2935032161668,1647.362215421813,-549.0687122056463,0,night,0,0.0,0,2,0,0,0,0,0,0,0,0,0,0,0,0,0,0,0,0,0,0,0,0,0,0,0,893.0618960396945,738.6692789706944,1984.2611124879447,1883.6500829357776,17,-0.2588190451025206,-0.9659258262890684,0,0,1,6.245921308277777,4.219392392722222,6.7582327050833335,8.932912868583333,17.879649593055557,18.65615157883333,17.51009285883333,17.788532314805554,0.0,0.0,0.0,0.0
B3,roll_02,rf,2026-01-19 18:00:00+00:00,2026-01-19 19:00:00+00:00,0,1,2025-12-08T00:00:00+00:00,2026-01-19T00:00:00+00:00,2026-01-19T00:00:00+00:00,2026-01-26T00:00:00+00:00,1096.4852710823889,1671.1041152453113,-574.6188441629224,0,night,0,0.0,0,2,0,0,0,0,0,0,0,0,0,0,0,0,0,0,0,0,0,0,0,0,0,0,0,2274.0885418814723,1883.6500829357776,1779.6982078336666,1098.2935032161668,18,-1.8369701987210292e-16,-1.0,0,0,1,6.290845957444444,4.016366639916667,6.245921308277777,8.383298441722223,17.678952539277777,19.38624729958333,17.879649593055557,17.752887094805555,0.0,0.0,0.0,0.0
B3,roll_02,rf,2026-01-19 19:00:00+00:00,2026-01-19 20:00:00+00:00,0,1,2025-12-08T00:00:00+00:00,2026-01-19T00:00:00+00:00,2026-01-19T00:00:00+00:00,2026-01-26T00:00:00+00:00,852.2087300646944,1276.4415397048726,-424.2328096401783,0,night,0,0.0,0,2,0,0,0,0,0,0,0,0,0,0,0,0,0,0,0,0,0,0,0,0,0,0,0,1365.6644136303612,1098.2935032161668,1945.2175917344168,1096.4852710823889,19,0.2588190451025203,-0.9659258262890684,0,0,1,5.148736282194444,3.884336086,6.290845957444444,8.063546007666666,17.924687961111108,19.382953398694443,17.678952539277777,17.598374748583336,0.0,0.0,0.0,0.0
B3,roll_02,rf,2026-01-19 20:00:00+00:00,2026-01-19 21:00:00+00:00,0,1,2025-12-08T00:00:00+00:00,2026-01-19T00:00:00+00:00,2026-01-19T00:00:00+00:00,2026-01-26T00:00:00+00:00,568.0186646560555,930.2662368815697,-362.2475722255142,0,night,0,0.0,0,1,0,0,0,0,0,0,0,0,0,0,0,0,0,0,0,0,0,0,0,0,0,0,0,653.7379858252777,1096.4852710823889,817.2623687095833,852.2087300646944,20,0.5000000000000001,-0.8660254037844386,0,0,1,3.9840519537777777,3.633355686611111,5.148736282194444,7.955256959805555,18.02282410180556,19.144044949,17.924687961111108,18.132431494416668,0.0,0.0,0.0,0.0
B3,roll_02,rf,2026-01-19 21:00:00+00:00,2026-01-19 22:00:00+00:00,0,1,2025-12-08T00:00:00+00:00,2026-01-19T00:00:00+00:00,2026-01-19T00:00:00+00:00,2026-01-26T00:00:00+00:00,461.19813976011113,685.9590358155923,-224.76089605548117,0,night,0,0.0,0,1,0,0,0,0,0,0,0,0,0,0,0,0,0,0,0,0,0,0,0,0,0,0,0,1060.23997367125,852.2087300646944,1022.3695540110556,568.0186646560555,21,0.7071067811865474,-0.7071067811865477,0,0,1,3.315242828777778,3.5082212590277777,3.9840519537777777,7.917760795055556,18.144430832972223,19.25061404477778,18.02282410180556,18.226290338722222,0.0,0.0,0.0,0.0
B3,roll_02,rf,2026-01-19 22:00:00+00:00,2026-01-19 23:00:00+00:00,0,1,2025-12-08T00:00:00+00:00,2026-01-19T00:00:00+00:00,2026-01-19T00:00:00+00:00,2026-01-26T00:00:00+00:00,356.1728901926111,465.65994993132534,-109.48705973871427,0,night,0,0.0,0,1,0,0,0,0,0,0,0,0,0,0,0,0,0,0,0,0,0,0,0,0,0,0,0,372.6696216118889,568.0186646560555,579.8006035581112,461.19813976011113,22,0.8660254037844384,-0.5000000000000004,0,0,1,2.735980420083333,3.508406459083333,3.315242828777778,7.723855807972222,18.098196491611112,19.15334913905556,18.144430832972223,18.30075636655556,0.0,0.0,0.0,0.0
B3,roll_02,rf,2026-01-19 23:00:00+00:00,2026-01-20 00:00:00+00:00,0,1,2025-12-08T00:00:00+00:00,2026-01-19T00:00:00+00:00,2026-01-19T00:00:00+00:00,2026-01-26T00:00:00+00:00,357.6195414715833,401.12262286216236,-43.50308139057904,0,night,0,0.0,0,1,0,0,0,0,0,0,0,0,0,0,0,0,0,0,0,0,0,0,0,0,0,0,0,368.2867205090556,461.19813976011113,371.8011446672778,356.1728901926111,23,0.965925826289068,-0.2588190451025215,0,0,1,2.691163158333333,3.994434357833333,2.735980420083333,7.6601376606111105,18.135445305027776,19.462697947166664,18.098196491611112,18.329515098027777,0.0,0.0,0.0,0.0
B3,roll_02,rf,2026-01-20 00:00:00+00:00,2026-01-20 01:00:00+00:00,0,1,2025-12-08T00:00:00+00:00,2026-01-19T00:00:00+00:00,2026-01-19T00:00:00+00:00,2026-01-26T00:00:00+00:00,383.7339380009167,380.4209146656389,3.3130233352777623,0,night,0,0.0,0,1,0,0,0,0,0,0,0,0,0,0,0,0,0,0,0,0,0,0,0,0,0,0,1,366.1301339879167,356.1728901926111,368.0171135468333,357.6195414715833,0,1.0,0.0,0,0,1,3.258476226361111,4.2014109405,2.691163158333333,7.471285470472222,18.171040281166665,19.87320784711111,18.135445305027776,18.324939880888888,0.0,0.0,0.0,0.0
B3,roll_02,rf,2026-01-20 01:00:00+00:00,2026-01-20 02:00:00+00:00,0,1,2025-12-08T00:00:00+00:00,2026-01-19T00:00:00+00:00,2026-01-19T00:00:00+00:00,2026-01-26T00:00:00+00:00,363.2547627211111,394.1787373604396,-30.92397463932849,0,night,0,0.0,0,1,0,0,0,0,0,0,0,0,0,0,0,0,0,0,0,0,0,0,0,0,0,0,1,374.135321881,357.6195414715833,370.43651664125,383.7339380009167,1,0.9659258262890684,0.2588190451025207,0,0,1,3.905557372666667,4.3023013942777775,3.258476226361111,7.240814754666666,18.144093502972225,19.950232376611112,18.171040281166665,18.191478372805555,0.0,0.0,0.0,0.0
B3,roll_02,rf,2026-01-20 02:00:00+00:00,2026-01-20 03:00:00+00:00,0,1,2025-12-08T00:00:00+00:00,2026-01-19T00:00:00+00:00,2026-01-19T00:00:00+00:00,2026-01-26T00:00:00+00:00,365.0164142213889,406.4587606559022,-41.4423464345133,0,night,0,0.0,0,1,0,0,0,0,0,0,0,0,0,0,0,0,0,0,0,0,0,0,0,0,0,0,1,383.9471823114166,383.7339380009167,382.0239495386389,363.2547627211111,2,0.8660254037844387,0.4999999999999999,0,0,1,4.134615724138889,4.376585781888889,3.905557372666667,7.025713984444444,18.23647207447222,19.77146809105556,18.144093502972225,18.308205069916667,0.0,0.0,0.0,0.0
B3,roll_02,rf,2026-01-20 03:00:00+00:00,2026-01-20 04:00:00+00:00,0,1,2025-12-08T00:00:00+00:00,2026-01-19T00:00:00+00:00,2026-01-19T00:00:00+00:00,2026-01-26T00:00:00+00:00,1039.7831993372222,646.0179664480266,393.76523288919554,0,night,0,0.0,0,1,0,0,0,0,0,0,0,0,0,0,0,0,0,0,0,0,0,0,0,0,0,0,1,367.6768063598889,363.2547627211111,368.1878588306667,365.0164142213889,3,0.7071067811865476,0.7071067811865476,0,0,1,4.029189530722222,4.4642516751666665,4.134615724138889,6.843691117888889,18.45093115375,19.56677161197222,18.23647207447222,18.22355256697222,0.0,0.0,0.0,0.0
B3,roll_02,rf,2026-01-20 04:00:00+00:00,2026-01-20 05:00:00+00:00,0,1,2025-12-08T00:00:00+00:00,2026-01-19T00:00:00+00:00,2026-01-19T00:00:00+00:00,2026-01-26T00:00:00+00:00,1994.0688999676115,1967.9334314120522,26.135468555559328,0,night,0,0.0,0,1,0,0,0,0,0,0,0,0,0,0,0,0,0,0,0,0,0,0,0,0,0,0,1,977.1223704921111,365.0164142213889,956.6022458266112,1039.7831993372222,4,0.5000000000000001,0.8660254037844386,0,0,1,4.2755308662500005,4.600431492361111,4.029189530722222,6.571004820500001,18.48283673330556,19.84487690761112,18.45093115375,18.381851679388888,0.0,0.0,0.0,0.0
B3,roll_02,rf,2026-01-20 05:00:00+00:00,2026-01-20 06:00:00+00:00,0,1,2025-12-08T00:00:00+00:00,2026-01-19T00:00:00+00:00,2026-01-19T00:00:00+00:00,2026-01-26T00:00:00+00:00,2029.167694873528,2143.116379319199,-113.948684445671,0,night,0,0.0,0,1,0,0,0,0,0,0,0,0,0,0,0,0,0,0,0,0,0,0,0,0,0,0,1,2001.738657636584,1039.7831993372222,2097.5119466174724,1994.0688999676115,5,0.2588190451025207,0.9659258262890684,0,0,1,4.0833006567500005,4.516244777583333,4.2755308662500005,6.230610997888888,18.61474645088889,20.02328279972222,18.48283673330556,18.81852253330556,0.0,0.0,0.0,0.0
B3,roll_02,rf,2026-01-20 06:00:00+00:00,2026-01-20 07:00:00+00:00,0,1,2025-12-08T00:00:00+00:00,2026-01-19T00:00:00+00:00,2026-01-19T00:00:00+00:00,2026-01-26T00:00:00+00:00,2071.0094555605,1890.3876198187202,180.62183574177993,0,night,0,0.0,0,1,0,0,0,0,0,0,0,0,0,0,0,0,0,0,0,0,0,0,0,0,0,0,1,2099.6764230465,1994.0688999676115,2207.624277541472,2029.167694873528,6,6.123233995736766e-17,1.0,0,0,1,3.4344617149444443,4.763350271222222,4.0833006567500005,6.104236992611111,18.44960326755556,19.945872866472225,18.61474645088889,18.518887052166665,0.0,0.0,0.0,0.0
B3,roll_02,rf,2026-01-20 07:00:00+00:00,2026-01-20 08:00:00+00:00,0,1,2025-12-08T00:00:00+00:00,2026-01-19T00:00:00+00:00,2026-01-19T00:00:00+00:00,2026-01-26T00:00:00+00:00,1907.5549124286945,1855.1779077758138,52.377004652880714,1,low,0,0.0,0,1,0,0,0,0,0,0,0,0,0,0,0,0,0,0,0,0,0,0,0,0,0,0,1,1798.5318447581387,2029.167694873528,743.501432477222,2071.0094555605,7,-0.2588190451025206,0.9659258262890684,0,0,1,3.243632700527778,5.146098303527778,3.4344617149444443,6.0920939530833325,18.262677875222224,19.215107962944447,18.44960326755556,17.464818313277778,25.396158990166665,0.0,0.0,0.0
B3,roll_02,rf,2026-01-20 08:00:00+00:00,2026-01-20 09:00:00+00:00,0,1,2025-12-08T00:00:00+00:00,2026-01-19T00:00:00+00:00,2026-01-19T00:00:00+00:00,2026-01-26T00:00:00+00:00,720.9783473233889,1779.1516178026689,-1058.1732704792798,1,low,0,0.0,0,1,0,0,0,0,0,0,0,0,0,0,0,0,0,0,0,0,0,0,0,0,0,0,1,1792.85737564,2071.0094555605,1602.210022772833,1907.5549124286945,8,-0.4999999999999998,0.8660254037844387,0,0,1,3.802172906555555,5.574331767527777,3.243632700527778,6.376790769055556,18.28468123055556,19.78762391975,18.262677875222224,18.106925738416667,287.3037690233889,34.78762225408333,25.396158990166665,52.25388250475
B3,roll_02,rf,2026-01-20 09:00:00+00:00,2026-01-20 10:00:00+00:00,0,1,2025-12-08T00:00:00+00:00,2026-01-19T00:00:00+00:00,2026-01-19T00:00:00+00:00,2026-01-26T00:00:00+00:00,151.7976551743889,1280.9740111149217,-1129.1763559405329,1,med,0,0.0,0,2,0,0,0,0,0,0,0,0,0,0,0,0,0,0,0,0,0,0,0,0,0,0,1,1704.9205994411388,1907.5549124286945,401.86281383952775,720.9783473233889,9,-0.7071067811865475,0.7071067811865476,0,0,1,5.253853115111111,5.704844287583334,3.802172906555555,6.883866901888889,18.12476716330556,19.322890420722224,18.28468123055556,17.851597591666668,621.6916147889167,81.0947692918889,287.3037690233889,200.28425978958333
B3,roll_02,rf,2026-01-20 10:00:00+00:00,2026-01-20 11:00:00+00:00,0,1,2025-12-08T00:00:00+00:00,2026-01-19T00:00:00+00:00,2026-01-19T00:00:00+00:00,2026-01-26T00:00:00+00:00,787.0186959797501,513.0114164279453,274.0072795518048,1,med,0,0.0,0,2,0,0,0,0,0,0,0,0,0,0,0,0,0,0,0,0,0,0,0,0,0,0,1,1712.5081979704166,720.9783473233889,799.5036943302779,151.7976551743889,10,-0.8660254037844387,0.4999999999999999,0,0,1,6.455607524222223,6.065839095694444,5.253853115111111,7.554804945722222,18.34517670655556,19.53915467719445,18.12476716330556,18.305271993833333,959.4708232418888,75.89661000686111,621.6916147889167,300.6106887920556
B3,roll_02,rf,2026-01-20 11:00:00+00:00,2026-01-20 12:00:00+00:00,0,1,2025-12-08T00:00:00+00:00,2026-01-19T00:00:00+00:00,2026-01-19T00:00:00+00:00,2026-01-26T00:00:00+00:00,-140.12853059388888,981.3402441092728,-1121.4687747031617,1,med,0,0.0,0,2,0,0,0,0,0,0,0,0,0,0,0,0,0,0,0,0,0,0,0,0,0,0,1,1729.1863273721667,151.7976551743889,764.1083921755,787.0186959797501,11,-0.9659258262890682,0.258819045102521,0,0,1,6.95239593825,6.411032006055556,6.455607524222223,7.938572868611111,18.396018660722223,20.10092485888889,18.34517670655556,17.913517779527776,590.2926090344722,127.21179366422224,959.4708232418888,360.65137327452777
B3,roll_02,rf,2026-01-20 12:00:00+00:00,2026-01-20 13:00:00+00:00,0,1,2025-12-08T00:00:00+00:00,2026-01-19T00:00:00+00:00,2026-01-19T00:00:00+00:00,2026-01-26T00:00:00+00:00,90.30469802694444,142.52544468402246,-52.220746657078024,1,med,0,0.0,0,2,1,0,0,0,0,0,0,0,0,0,0,0,0,0,0,0,0,0,0,0,0,0,1,1776.8351252307775,787.0186959797501,135.93812644077775,-140.12853059388888,12,-1.0,1.2246467991473532e-16,0,0,1,7.796212953166666,6.843188409,6.95239593825,8.697412192166667,17.971774747861108,19.814930444777776,18.396018660722223,17.51108470222222,566.0869300739722,161.38882697286112,590.2926090344722,429.9776792980833
B3,roll_02,rf,2026-01-20 13:00:00+00:00,2026-01-20 14:00:00+00:00,0,1,2025-12-08T00:00:00+00:00,2026-01-19T00:00:00+00:00,2026-01-19T00:00:00+00:00,2026-01-26T00:00:00+00:00,1579.226911155389,438.707790516584,1140.519120638805,1,low,0,0.0,0,2,0,0,0,0,0,0,0,0,0,0,0,0,0,0,0,0,0,0,0,0,0,0,1,1850.1251705731663,-140.12853059388888,227.14875664072224,90.30469802694444,13,-0.9659258262890684,-0.2588190451025208,0,0,1,7.90864646013889,7.213576107916666,7.796212953166666,9.178790924722222,17.30683716836111,19.35789605444444,17.971774747861108,17.4767666915,232.06871784988888,125.87758148475,566.0869300739722,331.27048653
B3,roll_02,rf,2026-01-20 14:00:00+00:00,2026-01-20 15:00:00+00:00,0,1,2025-12-08T00:00:00+00:00,2026-01-19T00:00:00+00:00,2026-01-19T00:00:00+00:00,2026-01-26T00:00:00+00:00,1514.7609178625555,1481.027772398959,33.73314546359643,1,low,0,0.0,0,2,0,0,0,0,0,0,0,0,0,0,0,0,0,0,0,0,0,0,0,0,0,0,1,2103.8606620909723,90.30469802694444,1951.074940760889,1579.226911155389,14,-0.8660254037844388,-0.4999999999999997,0,0,1,7.004071844694444,6.892581615,7.90864646013889,8.86652897075,18.014104303444444,19.314774678777777,17.30683716836111,18.02714254913889,65.92271638830555,25.63169713905556,232.06871784988888,138.99832969141667
B3,roll_02,rf,2026-01-20 15:00:00+00:00,2026-01-20 16:00:00+00:00,0,1,2025-12-08T00:00:00+00:00,2026-01-19T00:00:00+00:00,2026-01-19T00:00:00+00:00,2026-01-26T00:00:00+00:00,1201.4197669487778,1612.3189850189776,-410.8992180701998,1,night,0,0.0,0,2,0,0,0,0,0,0,0,0,0,0,0,0,0,0,0,0,0,0,0,0,0,0,1,1367.69234237475,1579.226911155389,806.2876032480555,1514.7609178625555,15,-0.7071067811865479,-0.7071067811865471,0,0,1,6.226552915722222,6.473090648055556,7.004071844694444,8.054252913972222,17.985049249555555,18.981844509638886,18.014104303444444,17.764550296583334,0.0,0.0,65.92271638830555,60.29446228413889
B3,roll_02,rf,2026-01-20 16:00:00+00:00,2026-01-20 17:00:00+00:00,0,1,2025-12-08T00:00:00+00:00,2026-01-19T00:00:00+00:00,2026-01-19T00:00:00+00:00,2026-01-26T00:00:00+00:00,753.0024936381111,1586.10773824805,-833.105244609939,0,night,0,0.0,0,2,0,0,0,0,0,0,0,0,0,0,0,0,0,0,0,0,0,0,0,0,0,0,1,2518.591872478111,1514.7609178625555,738.6692789706944,1201.4197669487778,16,-0.5000000000000004,-0.8660254037844385,0,0,1,5.539642565916666,5.85150787425,6.226552915722222,6.7582327050833335,17.38080857111111,19.342884771027776,17.985049249555555,17.51009285883333,0.0,0.0,0.0,0.0
B3,roll_02,rf,2026-01-20 17:00:00+00:00,2026-01-20 18:00:00+00:00,0,1,2025-12-08T00:00:00+00:00,2026-01-19T00:00:00+00:00,2026-01-19T00:00:00+00:00,2026-01-26T00:00:00+00:00,1059.3235259904168,1220.7336115951648,-161.41008560474802,0,night,0,0.0,0,2,0,0,0,0,0,0,0,0,0,0,0,0,0,0,0,0,0,0,0,0,0,0,1,2818.4871972926667,1201.4197669487778,1883.6500829357776,753.0024936381111,17,-0.2588190451025206,-0.9659258262890684,0,0,1,5.106537856944445,5.551368765666666,5.539642565916666,6.245921308277777,17.944962672305554,19.703703886777777,17.38080857111111,17.879649593055557,0.0,0.0,0.0,0.0
B3,roll_02,rf,2026-01-20 18:00:00+00:00,2026-01-20 19:00:00+00:00,0,1,2025-12-08T00:00:00+00:00,2026-01-19T00:00:00+00:00,2026-01-19T00:00:00+00:00,2026-01-26T00:00:00+00:00,2397.7932220235834,1560.9931475146197,836.8000745089637,0,night,0,0.0,0,2,0,0,0,0,0,0,0,0,0,0,0,0,0,0,0,0,0,0,0,0,0,0,1,1383.2154217488053,753.0024936381111,1098.2935032161668,1059.3235259904168,18,-1.8369701987210292e-16,-1.0,0,0,1,5.047560526333333,5.565244997222223,5.106537856944445,6.290845957444444,17.76713559486111,19.3371023785,17.944962672305554,17.678952539277777,0.0,0.0,0.0,0.0
B3,roll_02,rf,2026-01-20 19:00:00+00:00,2026-01-20 20:00:00+00:00,0,1,2025-12-08T00:00:00+00:00,2026-01-19T00:00:00+00:00,2026-01-19T00:00:00+00:00,2026-01-26T00:00:00+00:00,1239.3215171065278,1617.6368782235738,-378.315361117046,0,night,0,0.0,0,1,0,0,0,0,0,0,0,0,0,0,0,0,0,0,0,0,0,0,0,0,0,0,1,962.6741752021112,1059.3235259904168,1096.4852710823889,2397.7932220235834,19,0.2588190451025203,-0.9659258262890684,0,0,1,4.7790201357777775,5.091562219055555,5.047560526333333,5.148736282194444,18.29565681925,19.555466913638888,17.76713559486111,17.924687961111108,0.0,0.0,0.0,0.0
B3,roll_02,rf,2026-01-20 20:00:00+00:00,2026-01-20 21:00:00+00:00,0,1,2025-12-08T00:00:00+00:00,2026-01-19T00:00:00+00:00,2026-01-19T00:00:00+00:00,2026-01-26T00:00:00+00:00,1097.120321607,1216.4704594419184,-119.35013783491831,0,night,0,0.0,0,1,0,0,0,0,0,0,0,0,0,0,0,0,0,0,0,0,0,0,0,0,0,0,1,2371.2932299861945,2397.7932220235834,852.2087300646944,1239.3215171065278,20,0.5000000000000001,-0.8660254037844386,0,0,1,4.616484813166667,5.033024918888889,4.7790201357777775,3.9840519537777777,18.163473134916668,19.82183390566667,18.29565681925,18.02282410180556,0.0,0.0,0.0,0.0
B3,roll_02,rf,2026-01-20 21:00:00+00:00,2026-01-20 22:00:00+00:00,0,1,2025-12-08T00:00:00+00:00,2026-01-19T00:00:00+00:00,2026-01-19T00:00:00+00:00,2026-01-26T00:00:00+00:00,532.8753846346667,991.4122446798187,-458.536860045152,0,night,0,0.0,0,1,0,0,0,0,0,0,0,0,0,0,0,0,0,0,0,0,0,0,0,0,0,0,1,813.2224330626667,1239.3215171065278,568.0186646560555,1097.120321607,21,0.7071067811865474,-0.7071067811865477,0,0,1,3.733819858222222,4.900254803388889,4.616484813166667,3.315242828777778,17.823669394694445,19.92269649358333,18.163473134916668,18.144430832972223,0.0,0.0,0.0,0.0
B3,roll_02,rf,2026-01-20 22:00:00+00:00,2026-01-20 23:00:00+00:00,0,1,2025-12-08T00:00:00+00:00,2026-01-19T00:00:00+00:00,2026-01-19T00:00:00+00:00,2026-01-26T00:00:00+00:00,374.928417115,529.2281145723662,-154.29969745736616,0,night,0,0.0,0,1,0,0,0,0,0,0,0,0,0,0,0,0,0,0,0,0,0,0,0,0,0,0,1,1323.4556494799722,1097.120321607,461.19813976011113,532.8753846346667,22,0.8660254037844384,-0.5000000000000004,0,0,1,2.806227175638889,4.787616396777778,3.733819858222222,2.735980420083333,21.387805783944444,19.833271056222223,17.823669394694445,18.098196491611112,0.0,0.0,0.0,0.0
B3,roll_02,rf,2026-01-20 23:00:00+00:00,2026-01-21 00:00:00+00:00,0,1,2025-12-08T00:00:00+00:00,2026-01-19T00:00:00+00:00,2026-01-19T00:00:00+00:00,2026-01-26T00:00:00+00:00,373.7627816694167,416.1620416829856,-42.39926001356889,0,night,0,0.0,0,1,0,0,0,0,0,0,0,0,0,0,0,0,0,0,0,0,0,0,0,0,0,0,1,690.983777113111,532.8753846346667,356.1728901926111,374.928417115,23,0.965925826289068,-0.2588190451025215,0,0,1,2.466718193027777,4.36980794625,2.806227175638889,2.691163158333333,17.90830201163889,19.88424536811112,21.387805783944444,18.135445305027776,0.0,0.0,0.0,0.0
B3,roll_02,rf,2026-01-21 00:00:00+00:00,2026-01-21 01:00:00+00:00,0,1,2025-12-08T00:00:00+00:00,2026-01-19T00:00:00+00:00,2026-01-19T00:00:00+00:00,2026-01-26T00:00:00+00:00,382.08433273438885,393.3384794012911,-11.254146666902273,0,night,0,0.0,0,1,0,1,1,0,1,0,0,1,0,0,1,0,1,0,0,0,1,0,0,0,0,0,2,373.91198171711113,374.928417115,357.6195414715833,373.7627816694167,0,1.0,0.0,0,0,1,1.8242255221388888,4.374367734083333,2.466718193027777,3.258476226361111,18.307477434611112,20.386578095,17.90830201163889,18.171040281166665,0.0,0.0,0.0,0.0
B3,roll_02,rf,2026-01-21 01:00:00+00:00,2026-01-21 02:00:00+00:00,0,1,2025-12-08T00:00:00+00:00,2026-01-19T00:00:00+00:00,2026-01-19T00:00:00+00:00,2026-01-26T00:00:00+00:00,365.3667726035,409.1174903256082,-43.75071772210816,0,night,0,0.0,0,1,0,0,0,0,0,0,0,0,0,0,0,0,0,0,0,0,0,0,0,0,0,0,2,370.08383153427775,373.7627816694167,383.7339380009167,382.08433273438885,1,0.9659258262890684,0.2588190451025207,0,0,1,1.5080317470555558,4.301661179916667,1.8242255221388888,3.905557372666667,18.29967807894444,20.26065134986111,18.307477434611112,18.144093502972225,0.0,0.0,0.0,0.0
B3,roll_02,rf,2026-01-21 02:00:00+00:00,2026-01-21 03:00:00+00:00,0,1,2025-12-08T00:00:00+00:00,2026-01-19T00:00:00+00:00,2026-01-19T00:00:00+00:00,2026-01-26T00:00:00+00:00,371.9783939987778,407.5198498678534,-35.541455869075605,0,night,0,0.0,0,1,0,0,0,0,0,0,0,0,0,0,0,0,0,0,0,0,0,0,0,0,0,0,2,363.9680898908056,382.08433273438885,363.2547627211111,365.3667726035,2,0.8660254037844387,0.4999999999999999,0,0,1,1.2603411373055555,4.175813798388888,1.5080317470555558,4.134615724138889,18.21223012147222,20.36533343461111,18.29967807894444,18.23647207447222,0.0,0.0,0.0,0.0
B3,roll_02,rf,2026-01-21 03:00:00+00:00,2026-01-21 04:00:00+00:00,0,1,2025-12-08T00:00:00+00:00,2026-01-19T00:00:00+00:00,2026-01-19T00:00:00+00:00,2026-01-26T00:00:00+00:00,1049.641280434889,669.9145205370698,379.7267598978192,0,night,0,0.0,0,1,0,0,0,0,0,0,0,0,0,0,0,0,0,0,0,0,0,0,0,0,0,0,2,367.8678755790834,365.3667726035,365.0164142213889,371.9783939987778,3,0.7071067811865476,0.7071067811865476,0,0,1,0.6434714743888889,4.060635091555556,1.2603411373055555,4.029189530722222,18.30506088336111,20.23459653830556,18.21223012147222,18.45093115375,0.0,0.0,0.0,0.0
B3,roll_02,rf,2026-01-21 04:00:00+00:00,2026-01-21 05:00:00+00:00,0,1,2025-12-08T00:00:00+00:00,2026-01-19T00:00:00+00:00,2026-01-19T00:00:00+00:00,2026-01-26T00:00:00+00:00,2165.628261214222,2046.8790953498699,118.74916586435234,0,night,0,0.0,0,1,0,0,0,0,0,0,0,0,0,0,0,0,0,0,0,0,0,0,0,0,0,0,2,1021.3973762487502,371.9783939987778,1039.7831993372222,1049.641280434889,4,0.5000000000000001,0.8660254037844386,0,0,1,0.5259598769722222,4.003444144972222,0.6434714743888889,4.2755308662500005,18.346101567916666,20.134824625472223,18.30506088336111,18.48283673330556,0.0,0.0,0.0,0.0
B3,roll_02,rf,2026-01-21 05:00:00+00:00,2026-01-21 06:00:00+00:00,0,1,2025-12-08T00:00:00+00:00,2026-01-19T00:00:00+00:00,2026-01-19T00:00:00+00:00,2026-01-26T00:00:00+00:00,2007.6322741502224,2175.2605970465083,-167.6283228962859,0,night,0,0.0,0,1,0,0,0,0,0,0,0,0,0,0,0,0,0,0,0,0,0,0,0,0,0,0,2,2059.780215135472,1049.641280434889,1994.0688999676115,2165.628261214222,5,0.2588190451025207,0.9659258262890684,0,0,1,0.3656367874444444,4.117087354722222,0.5259598769722222,4.0833006567500005,18.44876204208333,20.124028981166667,18.346101567916666,18.61474645088889,0.0,0.0,0.0,0.0
B3,roll_02,rf,2026-01-21 06:00:00+00:00,2026-01-21 07:00:00+00:00,0,1,2025-12-08T00:00:00+00:00,2026-01-19T00:00:00+00:00,2026-01-19T00:00:00+00:00,2026-01-26T00:00:00+00:00,1787.7926135424725,1916.95284752575,-129.16023398327752,0,night,0,0.0,0,1,0,0,0,0,0,0,0,0,0,0,0,0,0,0,0,0,0,0,0,0,0,0,2,1951.7951114496389,2165.628261214222,2029.167694873528,2007.6322741502224,6,6.123233995736766e-17,1.0,0,0,1,0.0914363476111111,4.254348787194444,0.3656367874444444,3.4344617149444443,18.20441595636111,19.934132118,18.44876204208333,18.44960326755556,0.0,0.0,0.0,0.0
B3,roll_02,rf,2026-01-21 07:00:00+00:00,2026-01-21 08:00:00+00:00,0,1,2025-12-08T00:00:00+00:00,2026-01-19T00:00:00+00:00,2026-01-19T00:00:00+00:00,2026-01-26T00:00:00+00:00,1396.283928898889,1877.513216666988,-481.2292877680991,1,low,0,0.0,0,1,0,0,0,0,0,0,0,0,0,0,0,0,0,0,0,0,0,0,0,0,0,0,2,1687.1433126186946,2007.6322741502224,2071.0094555605,1787.7926135424725,7,-0.2588190451025206,0.9659258262890684,0,0,1,0.4624889772777778,4.355129028611111,0.0914363476111111,3.243632700527778,18.099627230388887,19.907104928583333,18.20441595636111,18.262677875222224,88.74529710644445,0.0,0.0,25.396158990166665
B3,roll_02,rf,2026-01-21 08:00:00+00:00,2026-01-21 09:00:00+00:00,0,1,2025-12-08T00:00:00+00:00,2026-01-19T00:00:00+00:00,2026-01-19T00:00:00+00:00,2026-01-26T00:00:00+00:00,1012.9496219223612,1618.9209112113042,-605.971289288943,1,med,0,0.0,0,1,0,0,0,0,0,0,0,0,0,0,0,0,0,0,0,0,0,0,0,0,0,0,2,1700.1424731680556,1787.7926135424725,1907.5549124286945,1396.283928898889,8,-0.4999999999999998,0.8660254037844387,0,0,1,2.0457270672222223,4.627706611055555,0.4624889772777778,3.802172906555555,18.33234830197222,20.452670910722222,18.099627230388887,18.28468123055556,506.86706511469447,0.0,88.74529710644445,287.3037690233889
B3,roll_02,rf,2026-01-21 09:00:00+00:00,2026-01-21 10:00:00+00:00,0,1,2025-12-08T00:00:00+00:00,2026-01-19T00:00:00+00:00,2026-01-19T00:00:00+00:00,2026-01-26T00:00:00+00:00,755.3586427439723,1208.5597696720947,-453.20112692812245,1,med,0,0.0,0,1,0,0,0,0,0,0,0,0,0,0,0,0,0,0,0,0,0,0,0,0,0,0,2,1616.381493539,1396.283928898889,720.9783473233889,1012.9496219223612,9,-0.7071067811865475,0.7071067811865476,0,0,1,3.9313944355833335,5.024308661138889,2.0457270672222223,5.253853115111111,18.699979865277776,20.41466703861111,18.33234830197222,18.12476716330556,949.0842489008888,115.05220435744444,506.86706511469447,621.6916147889167
B3,roll_02,rf,2026-01-21 10:00:00+00:00,2026-01-21 11:00:00+00:00,0,1,2025-12-08T00:00:00+00:00,2026-01-19T00:00:00+00:00,2026-01-19T00:00:00+00:00,2026-01-26T00:00:00+00:00,53.140800646916695,918.605508171263,-865.4647075243463,1,high,0,0.0,0,2,0,0,0,0,0,0,0,0,0,0,0,0,0,0,0,0,0,0,0,0,0,0,2,1771.2370990303614,1012.9496219223612,151.7976551743889,755.3586427439723,10,-0.8660254037844387,0.4999999999999999,0,0,1,5.315615807527778,5.432306789416667,3.9313944355833335,6.455607524222223,19.066515733777777,20.172151427166664,18.699979865277776,18.34517670655556,1313.273773081028,33.43036787752778,949.0842489008888,959.4708232418888
B3,roll_02,rf,2026-01-21 11:00:00+00:00,2026-01-21 12:00:00+00:00,0,1,2025-12-08T00:00:00+00:00,2026-01-19T00:00:00+00:00,2026-01-19T00:00:00+00:00,2026-01-26T00:00:00+00:00,-768.0917536371389,486.8230745203143,-1254.9148281574533,1,high,0,0.0,0,2,0,0,0,0,0,0,0,0,0,0,0,0,0,0,0,0,0,0,0,0,0,0,2,1698.523145841389,755.3586427439723,787.0186959797501,53.140800646916695,11,-0.9659258262890682,0.258819045102521,0,0,1,6.909244716555556,5.742981328027778,5.315615807527778,6.95239593825,19.08309364155556,19.860319106222224,19.066515733777777,18.396018660722223,1427.9776504355557,89.70113270638889,1313.273773081028,590.2926090344722
B3,roll_02,rf,2026-01-21 12:00:00+00:00,2026-01-21 13:00:00+00:00,0,1,2025-12-08T00:00:00+00:00,2026-01-19T00:00:00+00:00,2026-01-19T00:00:00+00:00,2026-01-26T00:00:00+00:00,452.3195190723055,-354.47648323736456,806.79600230967,1,high,0,0.0,0,2,1,0,0,0,0,0,0,0,0,0,0,0,0,0,0,0,0,0,0,0,0,0,2,986.6906551339166,53.140800646916695,-140.12853059388888,-768.0917536371389,12,-1.0,1.2246467991473532e-16,0,0,1,8.880089984972221,6.181814728333333,6.909244716555556,7.796212953166666,18.484981089805554,19.29081991602777,19.08309364155556,17.971774747861108,1346.315216830611,108.82108360533334,1427.9776504355557,566.0869300739722
B3,roll_02,rf,2026-01-21 13:00:00+00:00,2026-01-21 14:00:00+00:00,0,1,2025-12-08T00:00:00+00:00,2026-01-19T00:00:00+00:00,2026-01-19T00:00:00+00:00,2026-01-26T00:00:00+00:00,66.48684730938892,525.9765537499345,-459.4897064405456,1,med,0,0.0,0,3,0,0,0,0,0,0,0,0,0,0,0,0,0,0,0,0,0,0,0,0,0,0,2,1215.6235662438055,-768.0917536371389,90.30469802694444,452.3195190723055,13,-0.9659258262890684,-0.2588190451025208,0,0,1,10.48915223186111,6.522614021444444,8.880089984972221,7.90864646013889,18.524133185916664,19.14399669966667,18.484981089805554,17.30683716836111,1073.8044294135832,44.19311912005556,1346.315216830611,232.06871784988888
B3,roll_02,rf,2026-01-21 14:00:00+00:00,2026-01-21 15:00:00+00:00,0,1,2025-12-08T00:00:00+00:00,2026-01-19T00:00:00+00:00,2026-01-19T00:00:00+00:00,2026-01-26T00:00:00+00:00,359.87914049975,638.400950142727,-278.52180964297696,1,med,0,0.0,0,3,0,0,0,0,0,0,0,0,0,0,0,0,0,0,0,0,0,0,0,0,0,0,2,1567.194707997861,452.3195190723055,1579.226911155389,66.48684730938892,14,-0.8660254037844388,-0.4999999999999997,0,0,1,10.873624103916669,6.668629153166666,10.48915223186111,7.004071844694444,17.64684908008333,19.106394929388888,18.524133185916664,18.014104303444444,664.2745502861944,0.0,1073.8044294135832,65.92271638830555
B3,roll_02,rf,2026-01-21 15:00:00+00:00,2026-01-21 16:00:00+00:00,0,1,2025-12-08T00:00:00+00:00,2026-01-19T00:00:00+00:00,2026-01-19T00:00:00+00:00,2026-01-26T00:00:00+00:00,3501.792804637556,591.5695383364794,2910.2232663010764,1,low,0,0.0,0,2,0,0,0,0,0,0,0,0,0,0,0,0,0,0,0,0,0,0,0,0,0,0,2,1578.744458172111,66.48684730938892,1514.7609178625555,359.87914049975,15,-0.7071067811865479,-0.7071067811865471,0,0,1,9.67541222338889,6.565780549027778,10.873624103916669,6.226552915722222,17.73781377975,19.14164701436111,17.64684908008333,17.985049249555555,144.55603472877775,0.0,664.2745502861944,0.0
B3,roll_02,rf,2026-01-21 16:00:00+00:00,2026-01-21 17:00:00+00:00,0,1,2025-12-08T00:00:00+00:00,2026-01-19T00:00:00+00:00,2026-01-19T00:00:00+00:00,2026-01-26T00:00:00+00:00,3139.28925536575,1967.6058611642713,1171.6833942014784,0,night,0,0.0,0,2,0,0,0,0,0,0,0,0,0,0,0,0,0,0,0,0,0,0,0,0,0,0,2,1624.9310390754445,359.87914049975,1201.4197669487778,3501.792804637556,16,-0.5000000000000004,-0.8660254037844385,0,0,1,6.537365921777777,6.580184991083333,9.67541222338889,5.539642565916666,17.606137597472223,19.24061198258333,17.73781377975,17.38080857111111,0.0,0.0,144.55603472877775,0.0
B3,roll_02,rf,2026-01-21 17:00:00+00:00,2026-01-21 18:00:00+00:00,0,1,2025-12-08T00:00:00+00:00,2026-01-19T00:00:00+00:00,2026-01-19T00:00:00+00:00,2026-01-26T00:00:00+00:00,3084.578836987528,2536.5514819610157,548.0273550265124,0,night,0,0.0,0,1,0,0,0,0,0,0,0,0,0,0,0,0,0,0,0,0,0,0,0,0,0,0,2,1793.6743844524724,3501.792804637556,753.0024936381111,3139.28925536575,17,-0.2588190451025206,-0.9659258262890684,0,0,1,4.898183921,6.7399584603888885,6.537365921777777,5.106537856944445,17.69062399725,18.989385271777778,17.606137597472223,17.944962672305554,0.0,0.0,0.0,0.0
B3,roll_02,rf,2026-01-21 18:00:00+00:00,2026-01-21 19:00:00+00:00,0,1,2025-12-08T00:00:00+00:00,2026-01-19T00:00:00+00:00,2026-01-19T00:00:00+00:00,2026-01-26T00:00:00+00:00,3033.668790060889,2572.0967474853046,461.5720425755844,0,night,0,0.0,0,1,0,0,0,0,0,0,0,0,0,0,0,0,0,0,0,0,0,0,0,0,0,0,2,1048.612189175861,3139.28925536575,1059.3235259904168,3084.578836987528,18,-1.8369701987210292e-16,-1.0,0,0,1,4.040946171194444,7.065830788222222,4.898183921,5.047560526333333,17.300488013416665,19.395188082444445,17.69062399725,17.76713559486111,0.0,0.0,0.0,0.0
B3,roll_02,rf,2026-01-21 19:00:00+00:00,2026-01-21 20:00:00+00:00,0,1,2025-12-08T00:00:00+00:00,2026-01-19T00:00:00+00:00,2026-01-19T00:00:00+00:00,2026-01-26T00:00:00+00:00,2886.9925662115,2574.159920659045,312.83264555245523,0,night,0,0.0,0,1,0,0,0,0,0,0,0,0,0,0,0,0,0,0,0,0,0,0,0,0,0,0,2,1797.1453520931666,3084.578836987528,2397.7932220235834,3033.668790060889,19,0.2588190451025203,-0.9659258262890684,0,0,1,3.191824916555556,6.7976319745,4.040946171194444,4.7790201357777775,17.536376965666665,20.13497632016667,17.300488013416665,18.29565681925,0.0,0.0,0.0,0.0
B3,roll_02,rf,2026-01-21 20:00:00+00:00,2026-01-21 21:00:00+00:00,0,1,2025-12-08T00:00:00+00:00,2026-01-19T00:00:00+00:00,2026-01-19T00:00:00+00:00,2026-01-26T00:00:00+00:00,2551.3509306884166,2234.8185618631996,316.53236882521696,0,night,0,0.0,0,1,0,0,0,0,0,0,0,0,0,0,0,0,0,0,0,0,0,0,0,0,0,0,2,741.7054459836112,3033.668790060889,1239.3215171065278,2886.9925662115,20,0.5000000000000001,-0.8660254037844386,0,0,1,2.487087112333333,6.660144965333333,3.191824916555556,4.616484813166667,17.762063201333333,19.98757817386112,17.536376965666665,18.163473134916668,0.0,0.0,0.0,0.0
B3,roll_02,rf,2026-01-21 21:00:00+00:00,2026-01-21 22:00:00+00:00,0,1,2025-12-08T00:00:00+00:00,2026-01-19T00:00:00+00:00,2026-01-19T00:00:00+00:00,2026-01-26T00:00:00+00:00,2388.614872440278,2120.324822566668,268.29004987360986,0,night,0,0.0,0,1,0,0,0,0,0,0,0,0,0,0,0,0,0,0,0,0,0,0,0,0,0,0,2,554.3527368332501,2886.9925662115,1097.120321607,2551.3509306884166,21,0.7071067811865474,-0.7071067811865477,0,0,1,1.9324537458333333,6.3999320517500005,2.487087112333333,3.733819858222222,17.464727486527778,19.87022840075,17.762063201333333,17.823669394694445,0.0,0.0,0.0,0.0
B3,roll_02,rf,2026-01-21 22:00:00+00:00,2026-01-21 23:00:00+00:00,0,1,2025-12-08T00:00:00+00:00,2026-01-19T00:00:00+00:00,2026-01-19T00:00:00+00:00,2026-01-26T00:00:00+00:00,1967.8965871302496,2131.701364778549,-163.80477764829925,0,night,0,0.0,0,1,0,0,0,0,0,0,0,0,0,0,0,0,0,0,0,0,0,0,0,0,0,0,2,374.6190320515,2551.3509306884166,532.8753846346667,2388.614872440278,22,0.8660254037844384,-0.5000000000000004,0,0,1,1.30014670125,6.275947400166667,1.9324537458333333,2.806227175638889,17.690357956194443,19.746410043166662,17.464727486527778,21.387805783944444,0.0,0.0,0.0,0.0
B3,roll_02,rf,2026-01-21 23:00:00+00:00,2026-01-22 00:00:00+00:00,0,1,2025-12-08T00:00:00+00:00,2026-01-19T00:00:00+00:00,2026-01-19T00:00:00+00:00,2026-01-26T00:00:00+00:00,387.7841801272222,1819.0610426093613,-1431.276862482139,0,night,0,0.0,0,1,0,0,0,0,0,0,0,0,0,0,0,0,0,0,0,0,0,0,0,0,0,0,2,391.3148025667222,2388.614872440278,374.928417115,1967.8965871302496,23,0.965925826289068,-0.2588190451025215,0,0,1,0.8794424397222222,6.070554045388889,1.30014670125,2.466718193027777,17.751566612944444,20.0141855075,17.690357956194443,17.90830201163889,0.0,0.0,0.0,0.0
B3,roll_02,rf,2026-01-22 00:00:00+00:00,2026-01-22 01:00:00+00:00,0,1,2025-12-08T00:00:00+00:00,2026-01-19T00:00:00+00:00,2026-01-19T00:00:00+00:00,2026-01-26T00:00:00+00:00,375.648988568,975.7001098049353,-600.0511212369354,0,night,0,0.0,0,1,0,0,0,0,0,0,0,0,0,0,0,0,0,0,0,0,0,0,0,0,0,0,3,367.0031919465834,1967.8965871302496,373.7627816694167,387.7841801272222,0,1.0,0.0,0,0,1,0.7327373778333334,6.013936589527778,0.8794424397222222,1.8242255221388888,18.514657144027776,20.45064362852778,17.751566612944444,18.307477434611112,0.0,0.0,0.0,0.0
B3,roll_02,rf,2026-01-22 01:00:00+00:00,2026-01-22 02:00:00+00:00,0,1,2025-12-08T00:00:00+00:00,2026-01-19T00:00:00+00:00,2026-01-19T00:00:00+00:00,2026-01-26T00:00:00+00:00,370.6715177761111,408.9242343156288,-38.25271653951768,0,night,0,0.0,0,1,0,0,0,0,0,0,0,0,0,0,0,0,0,0,0,0,0,0,0,0,0,0,3,371.0505770755,387.7841801272222,382.08433273438885,375.648988568,1,0.9659258262890684,0.2588190451025207,0,0,1,0.5019400923611111,6.036887216611111,0.7327373778333334,1.5080317470555558,18.432809342444443,20.43497777380556,18.514657144027776,18.29967807894444,0.0,0.0,0.0,0.0
B3,roll_02,rf,2026-01-22 02:00:00+00:00,2026-01-22 03:00:00+00:00,0,1,2025-12-08T00:00:00+00:00,2026-01-19T00:00:00+00:00,2026-01-19T00:00:00+00:00,2026-01-26T00:00:00+00:00,372.0987236639445,415.4874509726757,-43.38872730873118,0,night,0,0.0,0,1,0,0,0,0,0,0,0,0,0,0,0,0,0,0,0,0,0,0,0,0,0,0,3,364.3398802528056,375.648988568,365.3667726035,370.6715177761111,2,0.8660254037844387,0.4999999999999999,0,0,1,0.3487736218611111,6.034736897444444,0.5019400923611111,1.2603411373055555,18.54445086038889,20.54579069075,18.432809342444443,18.21223012147222,0.0,0.0,0.0,0.0
B3,roll_02,rf,2026-01-22 03:00:00+00:00,2026-01-22 04:00:00+00:00,0,1,2025-12-08T00:00:00+00:00,2026-01-19T00:00:00+00:00,2026-01-19T00:00:00+00:00,2026-01-26T00:00:00+00:00,1036.0452877571945,661.3903024585219,374.6549852986726,0,night,0,0.0,0,1,0,0,0,0,0,0,0,0,0,0,0,0,0,0,0,0,0,0,0,0,0,0,3,373.5574161077223,370.6715177761111,371.9783939987778,372.0987236639445,3,0.7071067811865476,0.7071067811865476,0,0,1,0.2133146070555555,5.914457750944444,0.3487736218611111,0.6434714743888889,18.459798990916667,20.35707342683333,18.54445086038889,18.30506088336111,0.0,0.0,0.0,0.0
B3,roll_02,rf,2026-01-22 04:00:00+00:00,2026-01-22 05:00:00+00:00,0,1,2025-12-08T00:00:00+00:00,2026-01-19T00:00:00+00:00,2026-01-19T00:00:00+00:00,2026-01-26T00:00:00+00:00,1958.2742827319444,2044.7681155869961,-86.49383285505178,0,night,0,0.0,0,0,0,0,0,0,0,0,0,0,0,0,0,0,0,0,0,0,0,0,0,0,0,0,3,1052.1522978683056,372.0987236639445,1049.641280434889,1036.0452877571945,4,0.5000000000000001,0.8660254037844386,0,0,1,-0.1355967138611111,5.925028980166666,0.2133146070555555,0.5259598769722222,18.305206327277777,20.59579628066667,18.459798990916667,18.346101567916666,0.0,0.0,0.0,0.0
B3,roll_02,rf,2026-01-22 05:00:00+00:00,2026-01-22 06:00:00+00:00,0,1,2025-12-08T00:00:00+00:00,2026-01-19T00:00:00+00:00,2026-01-19T00:00:00+00:00,2026-01-26T00:00:00+00:00,1980.8106362188057,2185.9412471762275,-205.13061095742182,0,night,0,0.0,0,0,0,0,0,0,0,0,0,0,0,0,0,0,0,0,0,0,0,0,0,0,0,0,3,2039.245831840444,1036.0452877571945,2165.628261214222,1958.2742827319444,5,0.2588190451025207,0.9659258262890684,0,0,1,-0.2067956863333333,5.866083384027778,-0.1355967138611111,0.3656367874444444,18.570810667694445,20.27639611691667,18.305206327277777,18.44876204208333,0.0,0.0,0.0,0.0
B3,roll_02,rf,2026-01-22 06:00:00+00:00,2026-01-22 07:00:00+00:00,0,1,2025-12-08T00:00:00+00:00,2026-01-19T00:00:00+00:00,2026-01-19T00:00:00+00:00,2026-01-26T00:00:00+00:00,1778.5049296098057,1904.1097975460711,-125.60486793626546,0,night,0,0.0,0,0,0,0,0,0,0,0,0,0,0,0,0,0,0,0,0,0,0,0,0,0,0,0,3,2008.2256900938053,1958.2742827319444,2007.6322741502224,1980.8106362188057,6,6.123233995736766e-17,1.0,0,0,1,-0.3390546419444444,5.855689930055555,-0.2067956863333333,0.0914363476111111,18.560011663194445,19.47680676319445,18.570810667694445,18.20441595636111,0.0,0.0,0.0,0.0
B3,roll_02,rf,2026-01-22 07:00:00+00:00,2026-01-22 08:00:00+00:00,0,1,2025-12-08T00:00:00+00:00,2026-01-19T00:00:00+00:00,2026-01-19T00:00:00+00:00,2026-01-26T00:00:00+00:00,1415.566902312361,1859.7824974708114,-444.21559515845047,1,low,0,0.0,0,1,0,0,0,0,0,0,0,0,0,0,0,0,0,0,0,0,0,0,0,0,0,0,3,1864.800559224361,1980.8106362188057,1787.7926135424725,1778.5049296098057,7,-0.2588190451025206,0.9659258262890684,0,0,1,0.0412508166666666,5.939965576,-0.3390546419444444,0.4624889772777778,18.17753363780556,18.746181867083333,18.560011663194445,18.099627230388887,50.5301981471389,0.0,0.0,88.74529710644445
B3,roll_02,rf,2026-01-22 08:00:00+00:00,2026-01-22 09:00:00+00:00,0,1,2025-12-08T00:00:00+00:00,2026-01-19T00:00:00+00:00,2026-01-19T00:00:00+00:00,2026-01-26T00:00:00+00:00,1170.112685329639,1658.885479274378,-488.7727939447391,1,med,0,0.0,0,1,0,0,0,0,0,0,0,0,0,0,0,0,0,0,0,0,0,0,0,0,0,0,3,1891.1646381102776,1778.5049296098057,1396.283928898889,1415.566902312361,8,-0.4999999999999998,0.8660254037844387,0,0,1,1.056784193527778,6.0540732603333325,0.0412508166666666,2.0457270672222223,18.45113440808333,19.051684740972224,18.17753363780556,18.33234830197222,442.9227532967777,0.0,50.5301981471389,506.86706511469447
B3,roll_02,rf,2026-01-22 09:00:00+00:00,2026-01-22 10:00:00+00:00,0,1,2025-12-08T00:00:00+00:00,2026-01-19T00:00:00+00:00,2026-01-19T00:00:00+00:00,2026-01-26T00:00:00+00:00,912.1677645943888,1323.4132376536445,-411.2454730592557,1,med,0,0.0,0,1,0,0,0,0,0,0,0,0,0,0,0,0,0,0,0,0,0,0,0,0,0,0,3,1853.015352479528,1415.566902312361,1012.9496219223612,1170.112685329639,9,-0.7071067811865475,0.7071067811865476,0,0,1,2.4946484179722224,6.356309699972222,1.056784193527778,3.9313944355833335,18.912593772,20.157227171944445,18.45113440808333,18.699979865277776,833.8091316924166,71.04931229527777,442.9227532967777,949.0842489008888
B3,roll_02,rf,2026-01-22 10:00:00+00:00,2026-01-22 11:00:00+00:00,0,1,2025-12-08T00:00:00+00:00,2026-01-19T00:00:00+00:00,2026-01-19T00:00:00+00:00,2026-01-26T00:00:00+00:00,979.6024800058332,1025.2852486042764,-45.682768598443204,1,med,0,0.0,0,1,0,0,0,0,0,0,0,0,0,0,0,0,0,0,0,0,0,0,0,0,0,0,3,1753.4225527633614,1170.112685329639,755.3586427439723,912.1677645943888,10,-0.8660254037844387,0.4999999999999999,0,0,1,3.215811578611111,7.095990240444444,2.4946484179722224,5.315615807527778,19.38619283925,19.88121188980556,18.912593772,19.066515733777777,1190.1841393934444,190.55258295625003,833.8091316924166,1313.273773081028
B3,roll_02,rf,2026-01-22 11:00:00+00:00,2026-01-22 12:00:00+00:00,0,1,2025-12-08T00:00:00+00:00,2026-01-19T00:00:00+00:00,2026-01-19T00:00:00+00:00,2026-01-26T00:00:00+00:00,926.4931066359444,1068.8900415915284,-142.39693495558402,1,med,0,0.0,0,1,0,0,0,0,0,0,0,0,0,0,0,0,0,0,0,0,0,0,0,0,0,0,3,1683.7846975026666,912.1677645943888,53.140800646916695,979.6024800058332,11,-0.9659258262890682,0.258819045102521,0,0,1,4.084419063944444,7.735721079805555,3.215811578611111,6.909244716555556,19.31657935863889,23.38672065052777,19.38619283925,19.08309364155556,1082.5123078365275,176.48683570197224,1190.1841393934444,1427.9776504355557
B3,roll_02,rf,2026-01-22 12:00:00+00:00,2026-01-22 13:00:00+00:00,0,1,2025-12-08T00:00:00+00:00,2026-01-19T00:00:00+00:00,2026-01-19T00:00:00+00:00,2026-01-26T00:00:00+00:00,-104.81881332361114,1037.321161743034,-1142.139975066645,1,med,0,0.0,0,2,0,0,0,0,0,0,0,0,0,0,0,0,0,0,0,0,0,0,0,0,0,0,3,662.9256880891389,979.6024800058332,-768.0917536371389,926.4931066359444,12,-1.0,1.2246467991473532e-16,0,0,1,5.38599788475,7.640280755611111,4.084419063944444,8.880089984972221,19.65373982686111,18.96813179475,19.31657935863889,18.484981089805554,1175.6683752016668,137.67527449247223,1082.5123078365275,1346.315216830611
B3,roll_02,rf,2026-01-22 13:00:00+00:00,2026-01-22 14:00:00+00:00,0,1,2025-12-08T00:00:00+00:00,2026-01-19T00:00:00+00:00,2026-01-19T00:00:00+00:00,2026-01-26T00:00:00+00:00,1036.759236264139,210.87621456933238,825.8830216948065,1,med,0,0.0,0,2,1,0,0,0,0,0,0,0,0,0,0,0,0,0,0,0,0,0,0,0,0,0,3,1670.502586263833,926.4931066359444,452.3195190723055,-104.81881332361114,13,-0.9659258262890684,-0.2588190451025208,0,0,1,6.27195117888889,7.717073466916666,5.38599788475,10.48915223186111,18.68513766694445,19.995219474666666,19.65373982686111,18.524133185916664,952.1943599062224,89.73333983747223,1175.6683752016668,1073.8044294135832
B3,roll_02,rf,2026-01-22 14:00:00+00:00,2026-01-22 15:00:00+00:00,0,1,2025-12-08T00:00:00+00:00,2026-01-19T00:00:00+00:00,2026-01-19T00:00:00+00:00,2026-01-26T00:00:00+00:00,1095.6600237501943,1286.3305818743415,-190.6705581241472,1,med,0,0.0,0,2,0,0,0,0,0,0,0,0,0,0,0,0,0,0,0,0,0,0,0,0,0,0,3,1481.236402503917,-104.81881332361114,66.48684730938892,1036.759236264139,14,-0.8660254037844388,-0.4999999999999997,0,0,1,7.388014486055556,7.777161936083334,6.27195117888889,10.873624103916669,18.11838555286111,18.998335135416667,18.68513766694445,17.64684908008333,761.2699456159722,15.6927846945,952.1943599062224,664.2745502861944
B3,roll_02,rf,2026-01-22 15:00:00+00:00,2026-01-22 16:00:00+00:00,0,1,2025-12-08T00:00:00+00:00,2026-01-19T00:00:00+00:00,2026-01-19T00:00:00+00:00,2026-01-26T00:00:00+00:00,2940.7578966023334,1484.2717397431663,1456.486156859167,1,low,0,0.0,0,2,0,0,0,0,0,0,0,0,0,0,0,0,0,0,0,0,0,0,0,0,0,0,3,885.3972389852223,1036.759236264139,359.87914049975,1095.6600237501943,15,-0.7071067811865479,-0.7071067811865471,0,0,1,6.172030068638889,7.587229790388889,7.388014486055556,9.67541222338889,17.8214131055,18.903532724861112,18.11838555286111,17.73781377975,67.57647916191668,0.0,761.2699456159722,144.55603472877775
B3,roll_02,rf,2026-01-22 16:00:00+00:00,2026-01-22 17:00:00+00:00,0,1,2025-12-08T00:00:00+00:00,2026-01-19T00:00:00+00:00,2026-01-19T00:00:00+00:00,2026-01-26T00:00:00+00:00,1509.757366554472,2037.6056580441382,-527.8482914896663,0,night,0,0.0,0,1,0,0,0,0,0,0,0,0,0,0,0,0,0,0,0,0,0,0,0,0,0,0,3,1797.5373261431112,1095.6600237501943,3501.792804637556,2940.7578966023334,16,-0.5000000000000004,-0.8660254037844385,0,0,1,3.513001024222222,7.352740038694445,6.172030068638889,6.537365921777777,17.972978045416667,19.207566096138887,17.8214131055,17.606137597472223,0.0,0.0,67.57647916191668,0.0
B3,roll_02,rf,2026-01-22 17:00:00+00:00,2026-01-22 18:00:00+00:00,0,1,2025-12-08T00:00:00+00:00,2026-01-19T00:00:00+00:00,2026-01-19T00:00:00+00:00,2026-01-26T00:00:00+00:00,1902.4201895734168,1881.1953598593273,21.224829714089537,0,night,0,0.0,0,1,0,0,0,0,0,0,0,0,0,0,0,0,0,0,0,0,0,0,0,0,0,0,3,1346.1776368881667,2940.7578966023334,3139.28925536575,1509.757366554472,17,-0.2588190451025206,-0.9659258262890684,0,0,1,2.803270102555556,7.210672752555555,3.513001024222222,4.898183921,18.275116791861112,19.75528769888889,17.972978045416667,17.69062399725,0.0,0.0,0.0,0.0
B3,roll_02,rf,2026-01-22 18:00:00+00:00,2026-01-22 19:00:00+00:00,0,1,2025-12-08T00:00:00+00:00,2026-01-19T00:00:00+00:00,2026-01-19T00:00:00+00:00,2026-01-26T00:00:00+00:00,1073.8756977925275,1859.8355003928034,-785.9598026002759,0,night,0,0.0,0,1,0,0,0,0,0,0,0,0,0,0,0,0,0,0,0,0,0,0,0,0,0,0,3,2386.9593965361114,1509.757366554472,3084.578836987528,1902.4201895734168,18,-1.8369701987210292e-16,-1.0,0,0,1,2.0540354806944445,6.914773931666667,2.803270102555556,4.040946171194444,18.52226880861112,19.750921251194445,18.275116791861112,17.300488013416665,0.0,0.0,0.0,0.0
B3,roll_02,rf,2026-01-22 19:00:00+00:00,2026-01-22 20:00:00+00:00,0,1,2025-12-08T00:00:00+00:00,2026-01-19T00:00:00+00:00,2026-01-19T00:00:00+00:00,2026-01-26T00:00:00+00:00,1112.6407676563056,1286.8650056699705,-174.22423801366494,0,night,0,0.0,0,1,0,0,0,0,0,0,0,0,0,0,0,0,0,0,0,0,0,0,0,0,0,0,3,1666.5948316020276,1902.4201895734168,3033.668790060889,1073.8756977925275,19,0.2588190451025203,-0.9659258262890684,0,0,1,1.7490800439444445,6.321510255361112,2.0540354806944445,3.191824916555556,18.13564327775,19.999823462166667,18.52226880861112,17.536376965666665,0.0,0.0,0.0,0.0
B3,roll_02,rf,2026-01-22 20:00:00+00:00,2026-01-22 21:00:00+00:00,0,1,2025-12-08T00:00:00+00:00,2026-01-19T00:00:00+00:00,2026-01-19T00:00:00+00:00,2026-01-26T00:00:00+00:00,565.8491807108888,1092.9223689612948,-527.0731882504059,0,night,0,0.0,0,1,0,0,0,0,0,0,0,0,0,0,0,0,0,0,0,0,0,0,0,0,0,0,3,1076.4033323202225,1073.8756977925275,2886.9925662115,1112.6407676563056,20,0.5000000000000001,-0.8660254037844386,0,0,1,1.6065832648333334,6.225941869694444,1.7490800439444445,2.487087112333333,18.311032115555555,19.716939268694443,18.13564327775,17.762063201333333,0.0,0.0,0.0,0.0
B3,roll_02,rf,2026-01-22 21:00:00+00:00,2026-01-22 22:00:00+00:00,0,1,2025-12-08T00:00:00+00:00,2026-01-19T00:00:00+00:00,2026-01-19T00:00:00+00:00,2026-01-26T00:00:00+00:00,473.87890895927785,705.839545206654,-231.9606362473761,0,night,0,0.0,0,1,0,0,0,0,0,0,0,0,0,0,0,0,0,0,0,0,0,0,0,0,0,0,3,1005.1173250451112,1112.6407676563056,2551.3509306884166,565.8491807108888,21,0.7071067811865474,-0.7071067811865477,0,0,1,1.2826967101944444,6.317871820055555,1.6065832648333334,1.9324537458333333,17.99547290261111,19.756443385166666,18.311032115555555,17.464727486527778,0.0,0.0,0.0,0.0
B3,roll_02,rf,2026-01-22 22:00:00+00:00,2026-01-22 23:00:00+00:00,0,1,2025-12-08T00:00:00+00:00,2026-01-19T00:00:00+00:00,2026-01-19T00:00:00+00:00,2026-01-26T00:00:00+00:00,367.6513029880277,582.7045046858555,-215.05320169782777,0,night,0,0.0,0,1,0,0,0,0,0,0,0,0,0,0,0,0,0,0,0,0,0,0,0,0,0,0,3,480.00597344519446,565.8491807108888,2388.614872440278,473.87890895927785,22,0.8660254037844384,-0.5000000000000004,0,0,1,1.3345326389722223,6.12952082225,1.2826967101944444,1.30014670125,18.07674242205556,19.991357907416667,17.99547290261111,17.690357956194443,0.0,0.0,0.0,0.0
B3,roll_02,rf,2026-01-22 23:00:00+00:00,2026-01-23 00:00:00+00:00,0,1,2025-12-08T00:00:00+00:00,2026-01-19T00:00:00+00:00,2026-01-19T00:00:00+00:00,2026-01-26T00:00:00+00:00,367.96108710394446,481.98977616391426,-114.02868905996979,0,night,0,0.0,0,1,0,1,1,0,3,0,0,0,1,0,1,0,1,0,0,0,1,0,0,0,0,0,3,479.6300936403031,473.87890895927785,1967.8965871302496,367.6513029880277,23,0.965925826289068,-0.2588190451025215,0,0,1,1.6309106950555554,6.380006211722222,1.3345326389722223,0.8794424397222222,18.345077110444443,20.516338076272728,18.07674242205556,17.751566612944444,0.0,0.0,0.0,0.0
B3,roll_02,rf,2026-01-23 00:00:00+00:00,2026-01-23 01:00:00+00:00,0,1,2025-12-08T00:00:00+00:00,2026-01-19T00:00:00+00:00,2026-01-19T00:00:00+00:00,2026-01-26T00:00:00+00:00,369.3633806425278,396.6496494238433,-27.286268781315528,0,night,0,0.0,0,1,0,1,1,0,3,0,0,0,1,0,1,0,1,0,0,0,1,0,0,0,0,0,4,436.11526816900937,367.6513029880277,387.7841801272222,367.96108710394446,0,1.0,0.0,0,0,1,1.3322522275277775,6.179232263,1.6309106950555554,0.7327373778333334,18.412130332527777,20.644644640187085,18.345077110444443,18.514657144027776,0.0,0.0,0.0,0.0
B3,roll_02,rf,2026-01-23 01:00:00+00:00,2026-01-23 02:00:00+00:00,0,1,2025-12-08T00:00:00+00:00,2026-01-19T00:00:00+00:00,2026-01-19T00:00:00+00:00,2026-01-26T00:00:00+00:00,364.6717208964722,397.80011619518615,-33.12839529871394,0,night,0,0.0,0,1,0,1,1,0,3,0,0,0,1,0,1,0,1,0,0,0,1,0,0,0,0,0,4,363.3156685093611,367.96108710394446,375.648988568,369.3633806425278,1,0.9659258262890684,0.2588190451025207,0,0,1,1.58879370875,6.335631528111112,1.3322522275277775,0.5019400923611111,18.522961206138888,20.570585093833333,18.412130332527777,18.432809342444443,0.0,0.0,0.0,0.0
B3,roll_02,rf,2026-01-23 02:00:00+00:00,2026-01-23 03:00:00+00:00,0,1,2025-12-08T00:00:00+00:00,2026-01-19T00:00:00+00:00,2026-01-19T00:00:00+00:00,2026-01-26T00:00:00+00:00,368.5853674459444,403.0246598670175,-34.43929242107305,0,night,0,0.0,0,1,0,0,0,0,0,0,0,0,0,0,0,0,0,0,0,0,0,0,0,0,0,0,4,402.5595977328056,369.3633806425278,370.6715177761111,364.6717208964722,2,0.8660254037844387,0.4999999999999999,0,0,1,2.072341584194444,6.396147497388889,1.58879370875,0.3487736218611111,18.394230225944444,20.26279251922222,18.522961206138888,18.54445086038889,0.0,0.0,0.0,0.0
B3,roll_02,rf,2026-01-23 03:00:00+00:00,2026-01-23 04:00:00+00:00,0,1,2025-12-08T00:00:00+00:00,2026-01-19T00:00:00+00:00,2026-01-19T00:00:00+00:00,2026-01-26T00:00:00+00:00,1077.5376334153334,625.0765066169175,452.4611267984159,0,night,0,0.0,0,1,0,0,0,0,0,0,0,0,0,0,0,0,0,0,0,0,0,0,0,0,0,0,4,399.17939954838886,364.6717208964722,372.0987236639445,368.5853674459444,3,0.7071067811865476,0.7071067811865476,0,0,1,2.1618301728333336,6.315615564583333,2.072341584194444,0.2133146070555555,18.33168606486112,20.336075921944445,18.394230225944444,18.459798990916667,0.0,0.0,0.0,0.0
B3,roll_02,rf,2026-01-23 04:00:00+00:00,2026-01-23 05:00:00+00:00,0,1,2025-12-08T00:00:00+00:00,2026-01-19T00:00:00+00:00,2026-01-19T00:00:00+00:00,2026-01-26T00:00:00+00:00,2595.650702010778,2031.5264926625262,564.1242093482517,0,night,0,0.0,0,1,0,0,0,0,0,0,0,0,0,0,0,0,0,0,0,0,0,0,0,0,0,0,4,1076.4506056084722,368.5853674459444,1036.0452877571945,1077.5376334153334,4,0.5000000000000001,0.8660254037844386,0,0,1,2.4079966898333334,6.319809020444445,2.1618301728333336,-0.1355967138611111,18.65893950025,20.54722971761112,18.33168606486112,18.305206327277777,0.0,0.0,0.0,0.0
B3,roll_02,rf,2026-01-23 05:00:00+00:00,2026-01-23 06:00:00+00:00,0,1,2025-12-08T00:00:00+00:00,2026-01-19T00:00:00+00:00,2026-01-19T00:00:00+00:00,2026-01-26T00:00:00+00:00,2229.0674939791948,2302.625385691984,-73.55789171278911,0,night,0,0.0,0,1,0,0,0,0,0,0,0,0,0,0,0,0,0,0,0,0,0,0,0,0,0,0,4,2002.717169422556,1077.5376334153334,1958.2742827319444,2595.650702010778,5,0.2588190451025207,0.9659258262890684,0,0,1,2.3870737601111114,6.480166650444445,2.4079966898333334,-0.2067956863333333,18.58098035247222,20.62937870683333,18.65893950025,18.570810667694445,0.0,0.0,0.0,0.0
B3,roll_02,rf,2026-01-23 06:00:00+00:00,2026-01-23 07:00:00+00:00,0,1,2025-12-08T00:00:00+00:00,2026-01-19T00:00:00+00:00,2026-01-19T00:00:00+00:00,2026-01-26T00:00:00+00:00,1956.5605310417773,2056.2320368218,-99.67150578002293,0,night,0,0.0,0,1,0,0,0,0,0,0,0,0,0,0,0,0,0,0,0,0,0,0,0,0,0,0,4,2477.7992105114445,2595.650702010778,1980.8106362188057,2229.0674939791948,6,6.123233995736766e-17,1.0,0,0,1,2.86016758225,6.526934920555555,2.3870737601111114,-0.3390546419444444,18.59333267108333,19.989256890694445,18.58098035247222,18.560011663194445,0.0,0.0,0.0,0.0
B3,roll_02,rf,2026-01-23 07:00:00+00:00,2026-01-23 08:00:00+00:00,0,1,2025-12-08T00:00:00+00:00,2026-01-19T00:00:00+00:00,2026-01-19T00:00:00+00:00,2026-01-26T00:00:00+00:00,1820.3555307953327,1878.1090273245836,-57.753496529250924,1,low,0,0.0,0,1,0,0,0,0,0,0,0,0,0,0,0,0,0,0,0,0,0,0,0,0,0,0,4,2372.8508934692777,2229.0674939791948,1778.5049296098057,1956.5605310417773,7,-0.2588190451025206,0.9659258262890684,0,0,1,2.925855649944445,6.51837168525,2.86016758225,0.0412508166666666,18.58286181677777,19.50656841447222,18.59333267108333,18.17753363780556,13.610436851555557,0.0,0.0,50.5301981471389
B3,roll_02,rf,2026-01-23 08:00:00+00:00,2026-01-23 09:00:00+00:00,0,1,2025-12-08T00:00:00+00:00,2026-01-19T00:00:00+00:00,2026-01-19T00:00:00+00:00,2026-01-26T00:00:00+00:00,2016.7762660696944,1781.3422757708483,235.43399029884608,1,low,0,0.0,0,1,0,0,0,0,0,0,0,0,0,0,0,0,0,0,0,0,0,0,0,0,0,0,4,1713.0605896702225,1956.5605310417773,1415.566902312361,1820.3555307953327,8,-0.4999999999999998,0.8660254037844387,0,0,1,3.784128624555555,6.70613304075,2.925855649944445,1.056784193527778,18.901513842444444,19.7554677515,18.58286181677777,18.45113440808333,145.74993311175,219.2942974313056,13.610436851555557,442.9227532967777
B3,roll_02,rf,2026-01-23 09:00:00+00:00,2026-01-23 10:00:00+00:00,0,1,2025-12-08T00:00:00+00:00,2026-01-19T00:00:00+00:00,2026-01-19T00:00:00+00:00,2026-01-26T00:00:00+00:00,1936.420994131,1803.8043518408342,132.61664229016583,1,low,0,0.0,0,1,0,0,0,0,0,0,0,0,0,0,0,0,0,0,0,0,0,0,0,0,0,0,4,1442.9932598915832,1820.3555307953327,1170.112685329639,2016.7762660696944,9,-0.7071067811865475,0.7071067811865476,0,0,1,4.780561090416667,7.120510198722222,3.784128624555555,2.4946484179722224,18.886623428750003,19.877659039055555,18.901513842444444,18.912593772,232.31283958127776,397.3280925458334,145.74993311175,833.8091316924166
B3,roll_02,rf,2026-01-23 10:00:00+00:00,2026-01-23 11:00:00+00:00,0,1,2025-12-08T00:00:00+00:00,2026-01-19T00:00:00+00:00,2026-01-19T00:00:00+00:00,2026-01-26T00:00:00+00:00,1576.1195596841944,1813.3190978877271,-237.1995382035327,1,low,0,0.0,0,2,0,0,0,0,0,0,0,0,0,0,0,0,0,0,0,0,0,0,0,0,0,0,4,1623.9131629396943,2016.7762660696944,912.1677645943888,1936.420994131,10,-0.8660254037844387,0.4999999999999999,0,0,1,5.483105661972222,7.606124750555556,4.780561090416667,3.215811578611111,18.61690110308333,19.85123305425,18.886623428750003,19.38619283925,231.00179334266667,176.83669021891663,232.31283958127776,1190.1841393934444
B3,roll_02,rf,2026-01-23 11:00:00+00:00,2026-01-23 12:00:00+00:00,0,1,2025-12-08T00:00:00+00:00,2026-01-19T00:00:00+00:00,2026-01-19T00:00:00+00:00,2026-01-26T00:00:00+00:00,1707.01032054225,1572.2593627475478,134.75095779470212,1,low,0,0.0,0,2,0,0,0,0,0,0,0,0,0,0,0,0,0,0,0,0,0,0,0,0,0,0,4,490.20504058097225,1936.420994131,979.6024800058332,1576.1195596841944,11,-0.9659258262890682,0.258819045102521,0,0,1,6.005421360722223,8.054131653722223,5.483105661972222,4.084419063944444,18.975925773527777,19.50173812611111,18.61690110308333,19.31657935863889,305.4964137123056,96.41320922194444,231.00179334266667,1082.5123078365275
B3,roll_02,rf,2026-01-23 12:00:00+00:00,2026-01-23 13:00:00+00:00,0,1,2025-12-08T00:00:00+00:00,2026-01-19T00:00:00+00:00,2026-01-19T00:00:00+00:00,2026-01-26T00:00:00+00:00,2214.146590013028,1661.8436794964646,552.3029105165633,1,low,0,0.0,0,2,0,0,0,0,0,0,0,0,0,0,0,0,0,0,0,0,0,0,0,0,0,0,4,1595.4900083538612,1576.1195596841944,926.4931066359444,1707.01032054225,12,-1.0,1.2246467991473532e-16,0,0,1,6.755185106222222,7.894125589972222,6.005421360722223,5.38599788475,18.9128849575,19.87244296738889,18.975925773527777,19.65373982686111,277.5941901626389,92.09759563077776,305.4964137123056,1175.6683752016668
B3,roll_02,rf,2026-01-23 13:00:00+00:00,2026-01-23 14:00:00+00:00,0,1,2025-12-08T00:00:00+00:00,2026-01-19T00:00:00+00:00,2026-01-19T00:00:00+00:00,2026-01-26T00:00:00+00:00,2195.8262186153333,1699.6133319144972,496.2128867008362,1,low,0,0.0,0,2,0,0,0,0,0,0,0,0,0,0,0,0,0,0,0,0,0,0,0,0,0,0,4,701.5758242305001,1707.01032054225,-104.81881332361114,2214.146590013028,13,-0.9659258262890684,-0.2588190451025208,0,0,1,6.862749878222222,8.179940411916666,6.755185106222222,6.27195117888889,22.81537184433333,19.473662514111112,18.9128849575,18.68513766694445,104.38236414708336,166.040840057,277.5941901626389,952.1943599062224
B3,roll_02,rf,2026-01-23 14:00:00+00:00,2026-01-23 15:00:00+00:00,0,1,2025-12-08T00:00:00+00:00,2026-01-19T00:00:00+00:00,2026-01-19T00:00:00+00:00,2026-01-26T00:00:00+00:00,2527.9803929520835,1867.8832238978732,660.0971690542103,1,low,0,0.0,0,2,0,0,0,0,0,0,0,0,0,0,0,0,0,0,0,0,0,0,0,0,0,0,4,1952.1323181944445,2214.146590013028,1036.759236264139,2195.8262186153333,14,-0.8660254037844388,-0.4999999999999997,0,0,1,5.7134238162777775,8.302941039805555,6.862749878222222,7.388014486055556,18.83056621691667,19.448341239055555,22.81537184433333,18.11838555286111,20.72892640275,27.528722678833333,104.38236414708336,761.2699456159722
B3,roll_02,rf,2026-01-23 15:00:00+00:00,2026-01-23 16:00:00+00:00,0,1,2025-12-08T00:00:00+00:00,2026-01-19T00:00:00+00:00,2026-01-19T00:00:00+00:00,2026-01-26T00:00:00+00:00,2048.975809514583,1935.207536335373,113.76827317920993,1,night,0,0.0,0,2,0,0,0,0,0,0,0,0,0,0,0,0,0,0,0,0,0,0,0,0,0,0,4,573.8755752583612,2195.8262186153333,1095.6600237501943,2527.9803929520835,15,-0.7071067811865479,-0.7071067811865471,0,0,1,5.713572192777778,8.416783751555556,5.7134238162777775,6.172030068638889,18.771297444972223,18.75333884008333,18.83056621691667,17.8214131055,0.0,0.0,20.72892640275,67.57647916191668
B3,roll_02,rf,2026-01-23 16:00:00+00:00,2026-01-23 17:00:00+00:00,0,1,2025-12-08T00:00:00+00:00,2026-01-19T00:00:00+00:00,2026-01-19T00:00:00+00:00,2026-01-26T00:00:00+00:00,1253.307754251361,1927.0767866820652,-673.7690324307041,0,night,0,0.0,0,2,0,0,0,0,0,0,0,0,0,0,0,0,0,0,0,0,0,0,0,0,0,0,4,1748.7442167502777,2527.9803929520835,2940.7578966023334,2048.975809514583,16,-0.5000000000000004,-0.8660254037844385,0,0,1,5.802371368194444,8.520774253777779,5.713572192777778,3.513001024222222,18.720766871444443,20.16664298611111,18.771297444972223,17.972978045416667,0.0,0.0,0.0,0.0
B3,roll_02,rf,2026-01-23 17:00:00+00:00,2026-01-23 18:00:00+00:00,0,1,2025-12-08T00:00:00+00:00,2026-01-19T00:00:00+00:00,2026-01-19T00:00:00+00:00,2026-01-26T00:00:00+00:00,2022.5164028016115,1769.2695716903913,253.24683111122022,0,night,0,0.0,0,2,0,0,0,0,0,0,0,0,0,0,0,0,0,0,0,0,0,0,0,0,0,0,4,1779.3662909536945,2048.975809514583,1509.757366554472,1253.307754251361,17,-0.2588190451025206,-0.9659258262890684,0,0,1,5.091072229027778,8.07320388525,5.802371368194444,2.803270102555556,17.994156679944442,19.575921534027778,18.720766871444443,18.275116791861112,0.0,0.0,0.0,0.0
B3,roll_02,rf,2026-01-23 18:00:00+00:00,2026-01-23 19:00:00+00:00,0,1,2025-12-08T00:00:00+00:00,2026-01-19T00:00:00+00:00,2026-01-19T00:00:00+00:00,2026-01-26T00:00:00+00:00,1067.3991769345832,1780.882682500506,-713.4835055659228,0,night,0,0.0,0,1,0,0,0,0,0,0,0,0,0,0,0,0,0,0,0,0,0,0,0,0,0,0,4,1926.1523590546667,1253.307754251361,1902.4201895734168,2022.5164028016115,18,-1.8369701987210292e-16,-1.0,0,0,1,4.711612085277777,7.896998074444444,5.091072229027778,2.0540354806944445,18.35074025972222,18.97882240377778,17.994156679944442,18.52226880861112,0.0,0.0,0.0,0.0
B3,roll_02,rf,2026-01-23 19:00:00+00:00,2026-01-23 20:00:00+00:00,0,1,2025-12-08T00:00:00+00:00,2026-01-19T00:00:00+00:00,2026-01-19T00:00:00+00:00,2026-01-26T00:00:00+00:00,1046.436184157472,1320.821573726455,-274.3853895689829,0,night,0,0.0,0,1,0,0,0,0,0,0,0,0,0,0,0,0,0,0,0,0,0,0,0,0,0,0,4,3573.4096695315,2022.5164028016115,1073.8756977925275,1067.3991769345832,19,0.2588190451025203,-0.9659258262890684,0,0,1,3.980250340583333,7.825703813444444,4.711612085277777,1.7490800439444445,17.935994839722223,18.995995310777776,18.35074025972222,18.13564327775,0.0,0.0,0.0,0.0
B3,roll_02,rf,2026-01-23 20:00:00+00:00,2026-01-23 21:00:00+00:00,0,1,2025-12-08T00:00:00+00:00,2026-01-19T00:00:00+00:00,2026-01-19T00:00:00+00:00,2026-01-26T00:00:00+00:00,602.2876708927778,1151.7631355464093,-549.4754646536315,0,night,0,0.0,0,1,0,0,0,0,0,0,0,0,0,0,0,0,0,0,0,0,0,0,0,0,0,0,4,2754.500442691028,1067.3991769345832,1112.6407676563056,1046.436184157472,20,0.5000000000000001,-0.8660254037844386,0,0,1,3.866209152527778,7.709597783944445,3.980250340583333,1.6065832648333334,17.69838866127778,18.76334915180556,17.935994839722223,18.311032115555555,0.0,0.0,0.0,0.0
B3,roll_02,rf,2026-01-23 21:00:00+00:00,2026-01-23 22:00:00+00:00,0,1,2025-12-08T00:00:00+00:00,2026-01-19T00:00:00+00:00,2026-01-19T00:00:00+00:00,2026-01-26T00:00:00+00:00,492.5538403097778,653.4669765117957,-160.91313620201788,0,night,0,0.0,0,1,0,0,0,0,0,0,0,0,0,0,0,0,0,0,0,0,0,0,0,0,0,0,4,2483.442940576528,1046.436184157472,565.8491807108888,602.2876708927778,21,0.7071067811865474,-0.7071067811865477,0,0,1,3.869637564888889,7.793732041944445,3.866209152527778,1.2826967101944444,18.29812389511111,19.09072242922222,17.69838866127778,17.99547290261111,0.0,0.0,0.0,0.0
B3,roll_02,rf,2026-01-23 22:00:00+00:00,2026-01-23 23:00:00+00:00,0,1,2025-12-08T00:00:00+00:00,2026-01-19T00:00:00+00:00,2026-01-19T00:00:00+00:00,2026-01-26T00:00:00+00:00,435.2853666092778,503.2839961532772,-67.99862954399941,0,night,0,0.0,0,1,0,0,0,0,0,0,0,0,0,0,0,0,0,0,0,0,0,0,0,0,0,0,4,2471.681181403111,602.2876708927778,473.87890895927785,492.5538403097778,22,0.8660254037844384,-0.5000000000000004,0,0,1,3.9082464093888887,7.769939707083334,3.869637564888889,1.3345326389722223,18.156249321388888,18.72444743175,18.29812389511111,18.07674242205556,0.0,0.0,0.0,0.0
B3,roll_02,rf,2026-01-23 23:00:00+00:00,2026-01-24 00:00:00+00:00,0,1,2025-12-08T00:00:00+00:00,2026-01-19T00:00:00+00:00,2026-01-19T00:00:00+00:00,2026-01-26T00:00:00+00:00,405.1807272819444,431.66887765781144,-26.488150375867008,0,night,0,0.0,0,1,0,0,0,0,0,0,0,0,0,0,0,0,0,0,0,0,0,0,0,0,0,0,4,2428.759211638084,492.5538403097778,367.6513029880277,435.2853666092778,23,0.965925826289068,-0.2588190451025215,0,0,1,3.962953027722222,7.651671525194445,3.9082464093888887,1.6309106950555554,18.266909694166667,18.786308081027776,18.156249321388888,18.345077110444443,0.0,0.0,0.0,0.0
B3,roll_02,rf,2026-01-24 00:00:00+00:00,2026-01-24 01:00:00+00:00,0,1,2025-12-08T00:00:00+00:00,2026-01-19T00:00:00+00:00,2026-01-19T00:00:00+00:00,2026-01-26T00:00:00+00:00,403.1378216736112,427.5007836309705,-24.36296195735929,0,night,0,0.0,0,1,0,0,0,0,0,0,0,0,0,0,0,0,0,0,0,0,0,0,0,0,0,0,5,2422.2099434294164,435.2853666092778,367.96108710394446,405.1807272819444,0,1.0,0.0,0,1,1,3.7605419066388888,7.438261246666666,3.962953027722222,1.3322522275277775,18.3607900945,19.11630246361111,18.266909694166667,18.412130332527777,0.0,0.0,0.0,0.0
B3,roll_02,rf,2026-01-24 01:00:00+00:00,2026-01-24 02:00:00+00:00,0,1,2025-12-08T00:00:00+00:00,2026-01-19T00:00:00+00:00,2026-01-19T00:00:00+00:00,2026-01-26T00:00:00+00:00,404.9479621853611,422.39493878782173,-17.44697660246061,0,night,0,0.0,0,1,0,0,0,0,0,0,0,0,0,0,0,0,0,0,0,0,0,0,0,0,0,0,5,2419.0737715843334,405.1807272819444,369.3633806425278,403.1378216736112,1,0.9659258262890684,0.2588190451025207,0,1,1,3.594426555777778,7.284376046305557,3.7605419066388888,1.58879370875,18.35504471088889,19.46177759227778,18.3607900945,18.522961206138888,0.0,0.0,0.0,0.0
B3,roll_02,rf,2026-01-24 02:00:00+00:00,2026-01-24 03:00:00+00:00,0,1,2025-12-08T00:00:00+00:00,2026-01-19T00:00:00+00:00,2026-01-19T00:00:00+00:00,2026-01-26T00:00:00+00:00,402.6522398849167,430.87455821665054,-28.222318331733845,0,night,0,0.0,0,1,0,0,0,0,0,0,0,0,0,0,0,0,0,0,0,0,0,0,0,0,0,0,5,2397.090425719361,403.1378216736112,364.6717208964722,404.9479621853611,2,0.8660254037844387,0.4999999999999999,0,1,1,3.4606973831944443,7.356306431222222,3.594426555777778,2.072341584194444,18.292189759527776,19.223714178972223,18.35504471088889,18.394230225944444,0.0,0.0,0.0,0.0
B3,roll_02,rf,2026-01-24 03:00:00+00:00,2026-01-24 04:00:00+00:00,0,1,2025-12-08T00:00:00+00:00,2026-01-19T00:00:00+00:00,2026-01-19T00:00:00+00:00,2026-01-26T00:00:00+00:00,989.5879204678332,683.2311804140259,306.35674005380736,0,night,0,0.0,0,1,0,0,0,0,0,0,0,0,0,0,0,0,0,0,0,0,0,0,0,0,0,0,5,2408.5668939863613,404.9479621853611,368.5853674459444,402.6522398849167,3,0.7071067811865476,0.7071067811865476,0,1,1,3.4151579152222222,7.399717572,3.4606973831944443,2.1618301728333336,18.273110989944445,19.45567031075,18.292189759527776,18.33168606486112,0.0,0.0,0.0,0.0
B3,roll_02,rf,2026-01-24 04:00:00+00:00,2026-01-24 05:00:00+00:00,0,1,2025-12-08T00:00:00+00:00,2026-01-19T00:00:00+00:00,2026-01-19T00:00:00+00:00,2026-01-26T00:00:00+00:00,1683.9951601766388,1999.2974389375988,-315.30227876096,0,night,0,0.0,0,1,0,0,0,0,0,0,0,0,0,0,0,0,0,0,0,0,0,0,0,0,0,0,5,2987.1550890425,402.6522398849167,1077.5376334153334,989.5879204678332,4,0.5000000000000001,0.8660254037844386,0,1,1,3.746956920472222,7.292532967416666,3.4151579152222222,2.4079966898333334,18.763885850944444,19.50167555113889,18.273110989944445,18.65893950025,0.0,0.0,0.0,0.0
B3,roll_02,rf,2026-01-24 05:00:00+00:00,2026-01-24 06:00:00+00:00,0,1,2025-12-08T00:00:00+00:00,2026-01-19T00:00:00+00:00,2026-01-19T00:00:00+00:00,2026-01-26T00:00:00+00:00,1902.018428271,2098.2044110697275,-196.18598279872754,0,night,0,0.0,0,1,0,0,0,0,0,0,0,0,0,0,0,0,0,0,0,0,0,0,0,0,0,0,5,3319.657065773777,989.5879204678332,2595.650702010778,1683.9951601766388,5,0.2588190451025207,0.9659258262890684,0,1,1,3.807682473638889,7.177631668333333,3.746956920472222,2.3870737601111114,18.95802324902778,19.9944225565,18.763885850944444,18.58098035247222,0.0,0.0,0.0,0.0
B3,roll_02,rf,2026-01-24 06:00:00+00:00,2026-01-24 07:00:00+00:00,0,1,2025-12-08T00:00:00+00:00,2026-01-19T00:00:00+00:00,2026-01-19T00:00:00+00:00,2026-01-26T00:00:00+00:00,2166.76233965375,1963.736427480378,203.02591217337203,0,night,0,0.0,0,1,0,0,0,0,0,0,0,0,0,0,0,0,0,0,0,0,0,0,0,0,0,0,5,2391.335260368139,1683.9951601766388,2229.0674939791948,1902.018428271,6,6.123233995736766e-17,1.0,0,1,1,3.9873673924166666,7.25766445075,3.807682473638889,2.86016758225,18.70620324358333,19.974863173472222,18.95802324902778,18.59333267108333,0.0,0.0,0.0,0.0
B3,roll_02,rf,2026-01-24 07:00:00+00:00,2026-01-24 08:00:00+00:00,0,1,2025-12-08T00:00:00+00:00,2026-01-19T00:00:00+00:00,2026-01-19T00:00:00+00:00,2026-01-26T00:00:00+00:00,2056.1787956731946,1871.9249009713233,184.25389470187133,1,night,0,0.0,0,1,0,0,0,0,0,0,0,0,0,0,0,0,0,0,0,0,0,0,0,0,0,0,5,2341.329542084556,1902.018428271,1956.5605310417773,2166.76233965375,7,-0.2588190451025206,0.9659258262890684,0,1,1,4.151625831166666,7.383881055833334,3.9873673924166666,2.925855649944445,18.29483151783333,19.685817555194443,18.70620324358333,18.58286181677777,0.0,0.0,0.0,13.610436851555557
B3,roll_02,rf,2026-01-24 08:00:00+00:00,2026-01-24 09:00:00+00:00,0,1,2025-12-08T00:00:00+00:00,2026-01-19T00:00:00+00:00,2026-01-19T00:00:00+00:00,2026-01-26T00:00:00+00:00,2110.409867789389,1823.7297167788881,286.6801510105008,1,night,0,0.0,0,1,0,0,0,0,0,0,0,0,0,0,0,0,0,0,0,0,0,0,0,0,0,0,5,2591.676535681584,2166.76233965375,1820.3555307953327,2056.1787956731946,8,-0.4999999999999998,0.8660254037844387,0,1,1,4.314655074888889,8.121707604333332,4.151625831166666,3.784128624555555,17.905425590777778,18.96465682683333,18.29483151783333,18.901513842444444,0.0,28.95708092888889,0.0,145.74993311175
B3,roll_02,rf,2026-01-24 09:00:00+00:00,2026-01-24 10:00:00+00:00,0,1,2025-12-08T00:00:00+00:00,2026-01-19T00:00:00+00:00,2026-01-19T00:00:00+00:00,2026-01-26T00:00:00+00:00,3130.832139515,1777.8262037840761,1353.005935730924,1,low,0,0.0,0,1,0,0,0,0,0,0,0,0,0,0,0,0,0,0,0,0,0,0,0,0,0,0,5,876.2151453261389,2056.1787956731946,2016.7762660696944,2110.409867789389,9,-0.7071067811865475,0.7071067811865476,0,1,1,4.542731538305556,8.751546623111112,4.314655074888889,4.780561090416667,18.436193536916665,19.20686476825,17.905425590777778,18.886623428750003,114.76844990783331,108.89878298597222,0.0,232.31283958127776
B3,roll_02,rf,2026-01-24 10:00:00+00:00,2026-01-24 11:00:00+00:00,0,1,2025-12-08T00:00:00+00:00,2026-01-19T00:00:00+00:00,2026-01-19T00:00:00+00:00,2026-01-26T00:00:00+00:00,385.99203080291664,2147.5116052174412,-1761.5195744145246,1,med,0,0.0,0,2,0,0,0,0,0,0,0,0,0,0,0,0,0,0,0,0,0,0,0,0,0,0,5,1362.1403257086388,2110.409867789389,1936.420994131,3130.832139515,10,-0.8660254037844387,0.4999999999999999,0,1,1,5.048194792888889,9.078067266305556,4.542731538305556,5.483105661972222,18.769674477888888,19.716803649722223,18.436193536916665,18.61690110308333,411.0483259695556,221.86114629477777,114.76844990783331,231.00179334266667
B3,roll_02,rf,2026-01-24 11:00:00+00:00,2026-01-24 12:00:00+00:00,0,1,2025-12-08T00:00:00+00:00,2026-01-19T00:00:00+00:00,2026-01-19T00:00:00+00:00,2026-01-26T00:00:00+00:00,1016.1453970060834,1235.3040919508794,-219.15869494479603,1,high,0,0.0,0,2,0,0,0,0,0,0,0,0,0,0,0,0,0,0,0,0,0,0,0,0,0,0,5,851.023270576111,3130.832139515,1576.1195596841944,385.99203080291664,11,-0.9659258262890682,0.258819045102521,0,1,1,6.944681730611111,9.67168500638889,5.048194792888889,6.005421360722223,19.6631947345,18.94777081475,18.769674477888888,18.975925773527777,1596.5776119012498,186.94326531838888,411.0483259695556,305.4964137123056
B3,roll_02,rf,2026-01-24 12:00:00+00:00,2026-01-24 13:00:00+00:00,0,1,2025-12-08T00:00:00+00:00,2026-01-19T00:00:00+00:00,2026-01-19T00:00:00+00:00,2026-01-26T00:00:00+00:00,1064.5741736199725,1354.8835875379905,-290.309413918018,1,low,0,0.0,0,2,0,0,0,0,0,0,0,0,0,0,0,0,0,0,0,0,0,0,0,0,0,0,5,375.1866214471667,385.99203080291664,1707.01032054225,1016.1453970060834,12,-1.0,1.2246467991473532e-16,0,1,1,8.35612550725,10.057301476,6.944681730611111,6.755185106222222,18.378112199194447,18.284649789444444,19.6631947345,18.9128849575,407.66865748083336,275.0773129497222,1596.5776119012498,277.5941901626389
B3,roll_02,rf,2026-01-24 13:00:00+00:00,2026-01-24 14:00:00+00:00,0,1,2025-12-08T00:00:00+00:00,2026-01-19T00:00:00+00:00,2026-01-19T00:00:00+00:00,2026-01-26T00:00:00+00:00,1858.781012173056,1409.369234287163,449.4117778858931,1,low,0,0.0,0,2,0,0,0,0,0,0,0,0,0,0,0,0,0,0,0,0,0,0,0,0,0,0,5,1125.2122855051666,1016.1453970060834,2214.146590013028,1064.5741736199725,13,-0.9659258262890684,-0.2588190451025208,0,1,1,6.657871230416667,10.579499319583332,8.35612550725,6.862749878222222,18.062944556944444,18.457303344916667,18.378112199194447,22.81537184433333,88.28240024077779,287.2499787669167,407.66865748083336,104.38236414708336
B3,roll_02,rf,2026-01-24 14:00:00+00:00,2026-01-24 15:00:00+00:00,0,1,2025-12-08T00:00:00+00:00,2026-01-19T00:00:00+00:00,2026-01-19T00:00:00+00:00,2026-01-26T00:00:00+00:00,1831.2616717653889,1671.6330541994503,159.6286175659386,1,night,0,0.0,0,2,0,0,0,0,0,0,0,0,0,0,0,0,0,0,0,0,0,0,0,0,0,0,5,553.7227735364166,1064.5741736199725,2195.8262186153333,1858.781012173056,14,-0.8660254037844388,-0.4999999999999997,0,1,1,6.097375211722222,10.797755711305555,6.657871230416667,5.7134238162777775,18.00922708483333,18.117300213361112,18.062944556944444,18.83056621691667,0.0,116.70239646572225,88.28240024077779,20.72892640275
B3,roll_02,rf,2026-01-24 15:00:00+00:00,2026-01-24 16:00:00+00:00,0,1,2025-12-08T00:00:00+00:00,2026-01-19T00:00:00+00:00,2026-01-19T00:00:00+00:00,2026-01-26T00:00:00+00:00,1060.0596002008333,1825.578667955351,-765.5190677545177,1,night,0,0.0,0,2,0,0,0,0,0,0,0,0,0,0,0,0,0,0,0,0,0,0,0,0,0,0,5,893.3163181295832,1858.781012173056,2527.9803929520835,1831.2616717653889,15,-0.7071067811865479,-0.7071067811865471,0,1,1,6.071665185777778,10.387558755972222,6.097375211722222,5.713572192777778,17.677323049111113,17.90237331016667,18.00922708483333,18.771297444972223,0.0,0.0,0.0,0.0
B3,roll_02,rf,2026-01-24 16:00:00+00:00,2026-01-24 17:00:00+00:00,0,1,2025-12-08T00:00:00+00:00,2026-01-19T00:00:00+00:00,2026-01-19T00:00:00+00:00,2026-01-26T00:00:00+00:00,992.9213029867224,1726.773395324319,-733.8520923375966,0,night,0,0.0,0,2,0,0,0,0,0,0,0,0,0,0,0,0,0,0,0,0,0,0,0,0,0,0,5,1082.6851535658332,1831.2616717653889,2048.975809514583,1060.0596002008333,16,-0.5000000000000004,-0.8660254037844385,0,1,1,6.566483526611111,9.67754631263889,6.071665185777778,5.802371368194444,17.72403060438889,17.86029653872222,17.677323049111113,18.720766871444443,0.0,0.0,0.0,0.0
B3,roll_02,rf,2026-01-24 17:00:00+00:00,2026-01-24 18:00:00+00:00,0,1,2025-12-08T00:00:00+00:00,2026-01-19T00:00:00+00:00,2026-01-19T00:00:00+00:00,2026-01-26T00:00:00+00:00,1541.1415699855834,1641.3568517238245,-100.21528173824117,0,night,0,0.0,0,2,0,0,0,0,0,0,0,0,0,0,0,0,0,0,0,0,0,0,0,0,0,0,5,1215.7402370096668,1060.0596002008333,1253.307754251361,992.9213029867224,17,-0.2588190451025206,-0.9659258262890684,0,1,1,6.089130444527778,9.022818305222222,6.566483526611111,5.091072229027778,17.830043843416664,17.726130486833334,17.72403060438889,17.994156679944442,0.0,0.0,0.0,0.0
B3,roll_02,rf,2026-01-24 18:00:00+00:00,2026-01-24 19:00:00+00:00,0,1,2025-12-08T00:00:00+00:00,2026-01-19T00:00:00+00:00,2026-01-19T00:00:00+00:00,2026-01-26T00:00:00+00:00,1286.9006860100278,1691.0745498429567,-404.1738638329289,0,night,0,0.0,0,2,0,0,0,0,0,0,0,0,0,0,0,0,0,0,0,0,0,0,0,0,0,0,5,1466.154889960333,992.9213029867224,2022.5164028016115,1541.1415699855834,18,-1.8369701987210292e-16,-1.0,0,1,1,5.9999975540833335,8.533988555638889,6.089130444527778,4.711612085277777,18.11549999886111,18.27429377288889,17.830043843416664,18.35074025972222,0.0,0.0,0.0,0.0
B3,roll_02,rf,2026-01-24 19:00:00+00:00,2026-01-24 20:00:00+00:00,0,1,2025-12-08T00:00:00+00:00,2026-01-19T00:00:00+00:00,2026-01-19T00:00:00+00:00,2026-01-26T00:00:00+00:00,640.4533153681945,1335.954110647118,-695.5007952789234,0,night,0,0.0,0,2,0,0,0,0,0,0,0,0,0,0,0,0,0,0,0,0,0,0,0,0,0,0,5,1078.6994199493888,1541.1415699855834,1067.3991769345832,1286.9006860100278,19,0.2588190451025203,-0.9659258262890684,0,1,1,5.77926593825,8.775346688416667,5.9999975540833335,3.980250340583333,18.36445310694444,17.871975217472222,18.11549999886111,17.935994839722223,0.0,0.0,0.0,0.0
B3,roll_02,rf,2026-01-24 20:00:00+00:00,2026-01-24 21:00:00+00:00,0,1,2025-12-08T00:00:00+00:00,2026-01-19T00:00:00+00:00,2026-01-19T00:00:00+00:00,2026-01-26T00:00:00+00:00,584.3161862229999,823.1281766488578,-238.81199042585786,0,night,0,0.0,0,2,0,0,0,0,0,0,0,0,0,0,0,0,0,0,0,0,0,0,0,0,0,0,5,1284.7492482649168,1286.9006860100278,1046.436184157472,640.4533153681945,20,0.5000000000000001,-0.8660254037844386,0,1,1,5.683189338277778,8.43526500263889,5.77926593825,3.866209152527778,17.952829869138892,17.86802317861111,18.36445310694444,17.69838866127778,0.0,0.0,0.0,0.0
B3,roll_02,rf,2026-01-24 21:00:00+00:00,2026-01-24 22:00:00+00:00,0,1,2025-12-08T00:00:00+00:00,2026-01-19T00:00:00+00:00,2026-01-19T00:00:00+00:00,2026-01-26T00:00:00+00:00,518.3547093412777,639.986427648645,-121.63171830736724,0,night,0,0.0,0,2,0,0,0,0,0,0,0,0,0,0,0,0,0,0,0,0,0,0,0,0,0,0,5,851.6801286406111,640.4533153681945,602.2876708927778,584.3161862229999,21,0.7071067811865474,-0.7071067811865477,0,1,1,5.649819748388889,8.414438040527779,5.683189338277778,3.869637564888889,17.865298132333333,18.094013431972225,17.952829869138892,18.29812389511111,0.0,0.0,0.0,0.0
B3,roll_02,rf,2026-01-24 22:00:00+00:00,2026-01-24 23:00:00+00:00,0,1,2025-12-08T00:00:00+00:00,2026-01-19T00:00:00+00:00,2026-01-19T00:00:00+00:00,2026-01-26T00:00:00+00:00,430.99813492583326,515.7881513744057,-84.79001644857249,0,night,0,0.0,0,2,0,1,1,0,7,0,0,0,1,0,1,0,1,0,0,0,1,0,0,0,0,0,5,661.5588102037779,584.3161862229999,492.5538403097778,518.3547093412777,22,0.8660254037844384,-0.5000000000000004,0,1,1,5.809892205944444,8.306586765694446,5.649819748388889,3.9082464093888887,18.060589775333334,18.379163208138888,17.865298132333333,18.156249321388888,0.0,0.0,0.0,0.0
B3,roll_02,rf,2026-01-24 23:00:00+00:00,2026-01-25 00:00:00+00:00,0,1,2025-12-08T00:00:00+00:00,2026-01-19T00:00:00+00:00,2026-01-19T00:00:00+00:00,2026-01-26T00:00:00+00:00,377.7188413770555,443.70261931136014,-65.98377793430461,0,night,0,0.0,0,2,0,1,1,0,7,0,0,0,1,0,1,0,1,0,0,0,1,0,0,0,0,0,5,356.0791067192222,518.3547093412777,435.2853666092778,430.99813492583326,23,0.965925826289068,-0.2588190451025215,0,1,1,5.70738836675,8.489515895694444,5.809892205944444,3.962953027722222,18.156869020583333,18.27030471461111,18.060589775333334,18.266909694166667,0.0,0.0,0.0,0.0
B3,roll_02,rf,2026-01-25 00:00:00+00:00,2026-01-25 01:00:00+00:00,0,1,2025-12-08T00:00:00+00:00,2026-01-19T00:00:00+00:00,2026-01-19T00:00:00+00:00,2026-01-26T00:00:00+00:00,364.4423996903056,415.15717905716826,-50.71477936686267,0,night,0,0.0,0,2,0,1,1,0,7,0,0,0,1,0,1,0,1,0,0,0,1,0,0,0,0,0,6,409.1542958934167,430.99813492583326,405.1807272819444,377.7188413770555,0,1.0,0.0,0,1,1,5.6147730122777775,8.267303430916668,5.70738836675,3.7605419066388888,18.11037431958333,18.507601477416667,18.156869020583333,18.3607900945,0.0,0.0,0.0,0.0
B3,roll_02,rf,2026-01-25 01:00:00+00:00,2026-01-25 02:00:00+00:00,0,1,2025-12-08T00:00:00+00:00,2026-01-19T00:00:00+00:00,2026-01-19T00:00:00+00:00,2026-01-26T00:00:00+00:00,384.5271624152222,391.48761645291063,-6.960454037688407,0,night,0,0.0,0,2,0,1,1,0,7,0,0,0,1,0,1,0,1,0,0,0,1,0,0,0,0,0,6,386.80348134525,377.7188413770555,403.1378216736112,364.4423996903056,1,0.9659258262890684,0.2588190451025207,0,1,1,5.886597346611112,7.88579561025,5.6147730122777775,3.594426555777778,18.483736475527778,18.516888744472222,18.11037431958333,18.35504471088889,0.0,0.0,0.0,0.0
B3,roll_02,rf,2026-01-25 02:00:00+00:00,2026-01-25 03:00:00+00:00,0,1,2025-12-08T00:00:00+00:00,2026-01-19T00:00:00+00:00,2026-01-19T00:00:00+00:00,2026-01-26T00:00:00+00:00,395.30640441158334,412.2323445109719,-16.925940099388583,0,night,0,0.0,0,2,0,1,1,0,7,0,0,0,1,0,1,0,1,0,0,0,1,0,0,0,0,0,6,363.9506782922222,364.4423996903056,404.9479621853611,384.5271624152222,2,0.8660254037844387,0.4999999999999999,0,1,1,5.938280689361111,7.295793718,5.886597346611112,3.4606973831944443,18.49985763155556,18.505587359111114,18.483736475527778,18.292189759527776,0.0,0.0,0.0,0.0
B3,roll_02,rf,2026-01-25 03:00:00+00:00,2026-01-25 04:00:00+00:00,0,1,2025-12-08T00:00:00+00:00,2026-01-19T00:00:00+00:00,2026-01-19T00:00:00+00:00,2026-01-26T00:00:00+00:00,963.782436518,726.6815470242167,237.10088949378337,0,night,0,0.0,0,2,0,1,1,0,7,0,0,0,1,0,1,0,1,0,0,0,1,0,0,0,0,0,6,366.92154284288887,384.5271624152222,402.6522398849167,395.30640441158334,3,0.7071067811865476,0.7071067811865476,0,1,1,5.830688939638889,7.380389324388889,5.938280689361111,3.4151579152222222,18.36806043725,18.40949500677777,18.49985763155556,18.273110989944445,0.0,0.0,0.0,0.0
B3,roll_02,rf,2026-01-25 04:00:00+00:00,2026-01-25 05:00:00+00:00,0,1,2025-12-08T00:00:00+00:00,2026-01-19T00:00:00+00:00,2026-01-19T00:00:00+00:00,2026-01-26T00:00:00+00:00,1696.815230154389,1882.3799228146677,-185.56469266027875,0,night,0,0.0,0,2,0,1,1,0,7,0,0,0,0,1,1,0,1,0,0,0,1,0,0,0,0,0,6,919.6470143296112,395.30640441158334,989.5879204678332,963.782436518,4,0.5000000000000001,0.8660254037844386,0,1,1,5.175912236194445,7.759706802277777,5.830688939638889,3.746956920472222,18.4531641925,18.565049183638887,18.36806043725,18.763885850944444,0.0,0.0,0.0,0.0
B3,roll_02,rf,2026-01-25 05:00:00+00:00,2026-01-25 06:00:00+00:00,0,1,2025-12-08T00:00:00+00:00,2026-01-19T00:00:00+00:00,2026-01-19T00:00:00+00:00,2026-01-26T00:00:00+00:00,1659.7306816588614,2068.376676904954,-408.6459952460925,0,night,0,0.0,0,1,0,0,0,0,0,0,0,0,0,0,0,0,0,0,0,0,0,0,0,0,0,0,6,1696.4327096815832,963.782436518,1683.9951601766388,1696.815230154389,5,0.2588190451025207,0.9659258262890684,0,1,1,4.974422407805555,7.824388876305555,5.175912236194445,3.807682473638889,18.711754044777777,19.000532856916667,18.4531641925,18.95802324902778,0.0,0.0,0.0,0.0
B3,roll_02,rf,2026-01-25 06:00:00+00:00,2026-01-25 07:00:00+00:00,0,1,2025-12-08T00:00:00+00:00,2026-01-19T00:00:00+00:00,2026-01-19T00:00:00+00:00,2026-01-26T00:00:00+00:00,2231.1363579284443,1860.791359519158,370.3449984092863,0,night,0,0.0,0,1,0,0,0,0,0,0,0,0,0,0,0,0,0,0,0,0,0,0,0,0,0,0,6,1787.8514459331388,1696.815230154389,1902.018428271,1659.7306816588614,6,6.123233995736766e-17,1.0,0,1,1,4.992939964055556,7.870841315861111,4.974422407805555,3.9873673924166666,18.560369708916667,19.028892910777778,18.711754044777777,18.70620324358333,0.0,0.0,0.0,0.0
B3,roll_02,rf,2026-01-25 07:00:00+00:00,2026-01-25 08:00:00+00:00,0,1,2025-12-08T00:00:00+00:00,2026-01-19T00:00:00+00:00,2026-01-19T00:00:00+00:00,2026-01-26T00:00:00+00:00,2238.324116505972,1837.7922688372812,400.53184766869094,1,night,0,0.0,0,1,0,0,0,0,0,0,0,0,0,0,0,0,0,0,0,0,0,0,0,0,0,0,6,2221.478881947944,1659.7306816588614,2166.76233965375,2231.1363579284443,7,-0.2588190451025206,0.9659258262890684,0,1,1,4.933367505611112,7.883857542694444,4.992939964055556,4.151625831166666,18.55700058877778,22.49837394541667,18.560369708916667,18.29483151783333,0.0,0.0,0.0,0.0
B3,roll_02,rf,2026-01-25 08:00:00+00:00,2026-01-25 09:00:00+00:00,0,1,2025-12-08T00:00:00+00:00,2026-01-19T00:00:00+00:00,2026-01-19T00:00:00+00:00,2026-01-26T00:00:00+00:00,2327.768168646222,1798.3348172053456,529.4333514408763,1,night,0,0.0,0,1,0,0,0,0,0,0,0,0,0,0,0,0,0,0,0,0,0,0,0,0,0,0,6,1747.753539249222,2231.1363579284443,2056.1787956731946,2238.324116505972,8,-0.4999999999999998,0.8660254037844387,0,1,1,4.832365699444444,8.262126455694444,4.933367505611112,4.314655074888889,18.49024153463889,17.670436918444445,18.55700058877778,17.905425590777778,0.0,34.30441932991666,0.0,0.0
B3,roll_02,rf,2026-01-25 09:00:00+00:00,2026-01-25 10:00:00+00:00,0,1,2025-12-08T00:00:00+00:00,2026-01-19T00:00:00+00:00,2026-01-19T00:00:00+00:00,2026-01-26T00:00:00+00:00,3079.3561128761667,1796.713653417132,1282.6424594590346,1,low,0,0.0,0,1,0,0,0,0,0,0,0,0,0,0,0,0,0,0,0,0,0,0,0,0,0,0,6,1199.014191615,2238.324116505972,2110.409867789389,2327.768168646222,9,-0.7071067811865475,0.7071067811865476,0,1,1,4.46485140163889,8.695682546194444,4.832365699444444,4.542731538305556,18.60976037316667,17.60044165513889,18.49024153463889,18.436193536916665,20.07319077258333,89.21282883222221,0.0,114.76844990783331
B3,roll_02,rf,2026-01-25 10:00:00+00:00,2026-01-25 11:00:00+00:00,0,1,2025-12-08T00:00:00+00:00,2026-01-19T00:00:00+00:00,2026-01-19T00:00:00+00:00,2026-01-26T00:00:00+00:00,1060.977643347722,2185.8290034288693,-1124.8513600811473,1,low,0,0.0,0,1,0,0,0,0,0,0,0,0,0,0,0,0,0,0,0,0,0,0,0,0,0,0,6,2696.399735123361,2327.768168646222,3130.832139515,3079.3561128761667,10,-0.8660254037844387,0.4999999999999999,0,1,1,4.6137414355,9.452506697638889,4.46485140163889,5.048194792888889,18.23413413661111,17.917450888777775,18.60976037316667,18.769674477888888,79.55278716463889,152.0663147546389,20.07319077258333,411.0483259695556
B3,roll_02,rf,2026-01-25 11:00:00+00:00,2026-01-25 12:00:00+00:00,0,1,2025-12-08T00:00:00+00:00,2026-01-19T00:00:00+00:00,2026-01-19T00:00:00+00:00,2026-01-26T00:00:00+00:00,1745.3068945306666,1602.6438299180581,142.66306461260842,1,low,0,0.0,0,2,0,0,0,0,0,0,0,0,0,0,0,0,0,0,0,0,0,0,0,0,0,0,6,908.328997025861,3079.3561128761667,385.99203080291664,1060.977643347722,11,-0.9659258262890682,0.258819045102521,0,1,1,5.1184929485833335,9.93934049188889,4.6137414355,6.944681730611111,18.24494905780556,17.975845256166668,18.23413413661111,19.6631947345,220.18301505319445,291.1969854105833,79.55278716463889,1596.5776119012498
B3,roll_02,rf,2026-01-25 12:00:00+00:00,2026-01-25 13:00:00+00:00,0,1,2025-12-08T00:00:00+00:00,2026-01-19T00:00:00+00:00,2026-01-19T00:00:00+00:00,2026-01-26T00:00:00+00:00,906.8727746182224,1570.06548142636,-663.1927068081377,1,med,0,0.0,0,2,0,0,0,0,0,0,0,0,0,0,0,0,0,0,0,0,0,0,0,0,0,0,6,1081.863576312389,1060.977643347722,1016.1453970060834,1745.3068945306666,12,-1.0,1.2246467991473532e-16,0,1,1,6.667484349638889,10.88034856138889,5.1184929485833335,8.35612550725,19.08982180188889,18.150378169,18.24494905780556,18.378112199194447,527.3673956102779,279.95511428333333,220.18301505319445,407.66865748083336
B3,roll_02,rf,2026-01-25 13:00:00+00:00,2026-01-25 14:00:00+00:00,0,1,2025-12-08T00:00:00+00:00,2026-01-19T00:00:00+00:00,2026-01-19T00:00:00+00:00,2026-01-26T00:00:00+00:00,1490.25308828425,1542.3445292909253,-52.09144100667527,1,low,0,0.0,0,2,0,0,0,0,0,0,0,0,0,0,0,0,0,0,0,0,0,0,0,0,0,0,6,2173.5554944418054,1745.3068945306666,1064.5741736199725,906.8727746182224,13,-0.9659258262890684,-0.2588190451025208,0,1,1,7.015248214916667,11.194744100638887,6.667484349638889,6.657871230416667,18.02789201130556,17.605212465694446,19.08982180188889,18.062944556944444,212.62666984819444,211.40559060327777,527.3673956102779,88.28240024077779
B3,roll_02,rf,2026-01-25 14:00:00+00:00,2026-01-25 15:00:00+00:00,0,1,2025-12-08T00:00:00+00:00,2026-01-19T00:00:00+00:00,2026-01-19T00:00:00+00:00,2026-01-26T00:00:00+00:00,924.6930943503612,1535.9970089640947,-611.3039146137335,1,low,0,0.0,0,2,0,0,0,0,0,0,0,0,0,0,0,0,0,0,0,0,0,0,0,0,0,0,6,1035.234056645167,906.8727746182224,1858.781012173056,1490.25308828425,14,-0.8660254037844388,-0.4999999999999997,0,1,1,7.1463404341666665,10.792807296472224,7.015248214916667,6.097375211722222,18.02865631725,17.720296622972224,18.02789201130556,18.00922708483333,125.078570753,51.70543011708333,212.62666984819444,0.0
B3,roll_02,rf,2026-01-25 15:00:00+00:00,2026-01-25 16:00:00+00:00,0,1,2025-12-08T00:00:00+00:00,2026-01-19T00:00:00+00:00,2026-01-19T00:00:00+00:00,2026-01-26T00:00:00+00:00,1936.265559235028,1568.4198567862913,367.8457024487366,1,night,0,0.0,0,2,0,0,0,0,0,0,0,0,0,0,0,0,0,0,0,0,0,0,0,0,0,0,6,982.0105920020555,1490.25308828425,1831.2616717653889,924.6930943503612,15,-0.7071067811865479,-0.7071067811865471,0,1,1,6.817918164777777,10.09873856363889,7.1463404341666665,6.071665185777778,17.959508398916665,17.65813682397222,18.02865631725,17.677323049111113,0.0,0.0,125.078570753,0.0
B3,roll_02,rf,2026-01-25 16:00:00+00:00,2026-01-25 17:00:00+00:00,0,1,2025-12-08T00:00:00+00:00,2026-01-19T00:00:00+00:00,2026-01-19T00:00:00+00:00,2026-01-26T00:00:00+00:00,1053.6913190111388,1652.1874548944172,-598.4961358832784,0,night,0,0.0,0,2,0,0,0,0,0,0,0,0,0,0,0,0,0,0,0,0,0,0,0,0,0,0,6,939.633989883972,924.6930943503612,1060.0596002008333,1936.265559235028,16,-0.5000000000000004,-0.8660254037844385,0,1,1,6.112700724861111,9.486147199944446,6.817918164777777,6.566483526611111,18.36010683186112,17.723917226694443,17.959508398916665,17.72403060438889,0.0,0.0,0.0,0.0
B3,roll_02,rf,2026-01-25 17:00:00+00:00,2026-01-25 18:00:00+00:00,0,1,2025-12-08T00:00:00+00:00,2026-01-19T00:00:00+00:00,2026-01-19T00:00:00+00:00,2026-01-26T00:00:00+00:00,1042.3809986754163,1722.163464142275,-679.7824654668586,0,night,0,0.0,0,2,0,0,0,0,0,0,0,0,0,0,0,0,0,0,0,0,0,0,0,0,0,0,6,1984.2611124879447,1936.265559235028,992.9213029867224,1053.6913190111388,17,-0.2588190451025206,-0.9659258262890684,0,1,1,5.021550218833333,8.932912868583333,6.112700724861111,6.089130444527778,17.625167409194443,17.788532314805554,18.36010683186112,17.830043843416664,0.0,0.0,0.0,0.0
B3,roll_02,rf,2026-01-25 18:00:00+00:00,2026-01-25 19:00:00+00:00,0,1,2025-12-08T00:00:00+00:00,2026-01-19T00:00:00+00:00,2026-01-19T00:00:00+00:00,2026-01-26T00:00:00+00:00,849.7813898698611,1651.2867034107574,-801.5053135408963,0,night,0,0.0,0,1,0,0,0,0,0,0,0,0,0,0,0,0,0,0,0,0,0,0,0,0,0,0,6,1779.6982078336666,1053.6913190111388,1541.1415699855834,1042.3809986754163,18,-1.8369701987210292e-16,-1.0,0,1,1,4.227878578694444,8.383298441722223,5.021550218833333,5.9999975540833335,17.660656862222222,17.752887094805555,17.625167409194443,18.11549999886111,0.0,0.0,0.0,0.0
B3,roll_02,rf,2026-01-25 19:00:00+00:00,2026-01-25 20:00:00+00:00,0,1,2025-12-08T00:00:00+00:00,2026-01-19T00:00:00+00:00,2026-01-19T00:00:00+00:00,2026-01-26T00:00:00+00:00,739.4192231492499,1191.7600085127306,-452.3407853634807,0,night,0,0.0,0,1,0,1,1,0,4,0,0,0,1,0,1,0,1,0,0,0,1,0,0,0,0,0,6,1945.2175917344168,1042.3809986754163,1286.9006860100278,849.7813898698611,19,0.2588190451025203,-0.9659258262890684,0,1,1,3.6091518839166654,8.063546007666666,4.227878578694444,5.77926593825,17.591231184888887,17.598374748583336,17.660656862222222,18.36445310694444,0.0,0.0,0.0,0.0
B3,roll_02,rf,2026-01-25 20:00:00+00:00,2026-01-25 21:00:00+00:00,0,1,2025-12-08T00:00:00+00:00,2026-01-19T00:00:00+00:00,2026-01-19T00:00:00+00:00,2026-01-26T00:00:00+00:00,575.8166761095833,755.0987864141068,-179.28211030452348,0,night,0,0.0,0,1,0,1,1,0,4,0,0,0,1,0,1,0,1,0,0,0,1,0,0,0,0,0,6,817.2623687095833,849.7813898698611,640.4533153681945,739.4192231492499,20,0.5000000000000001,-0.8660254037844386,0,1,1,3.3640960108888893,7.955256959805555,3.6091518839166654,5.683189338277778,17.554591725333335,18.132431494416668,17.591231184888887,17.952829869138892,0.0,0.0,0.0,0.0
B3,roll_02,rf,2026-01-25 21:00:00+00:00,2026-01-25 22:00:00+00:00,0,1,2025-12-08T00:00:00+00:00,2026-01-19T00:00:00+00:00,2026-01-19T00:00:00+00:00,2026-01-26T00:00:00+00:00,367.5400825782778,638.4553989289041,-270.91531635062626,0,night,0,0.0,0,1,0,1,1,0,4,0,0,0,1,0,1,0,1,0,0,0,1,0,0,0,0,0,6,1022.3695540110556,739.4192231492499,584.3161862229999,575.8166761095833,21,0.7071067811865474,-0.7071067811865477,0,1,1,4.178278312777778,7.917760795055556,3.3640960108888893,5.649819748388889,17.66102431277778,18.226290338722222,17.554591725333335,17.865298132333333,0.0,0.0,0.0,0.0
B3,roll_02,persistence,2026-01-18 23:00:00+00:00,2026-01-19 00:00:00+00:00,0,1,2025-12-08T00:00:00+00:00,2026-01-19T00:00:00+00:00,2026-01-19T00:00:00+00:00,2026-01-26T00:00:00+00:00,368.0171135468333,371.8011446672778,-3.7840311204445243,0,night,0,0.0,0,2,0,0,0,0,0,0,0,0,0,0,0,0,0,0,0,0,0,0,0,0,0,0,6,2501.345489155889,579.8006035581112,356.0791067192222,371.8011446672778,23,0.965925826289068,-0.2588190451025215,0,1,1,7.6601376606111105,0.8401119943055555,7.723855807972222,8.489515895694444,18.329515098027777,19.76163939361111,18.30075636655556,18.27030471461111,0.0,0.0,0.0,0.0
B3,roll_02,persistence,2026-01-19 00:00:00+00:00,2026-01-19 01:00:00+00:00,0,1,2025-12-08T00:00:00+00:00,2026-01-19T00:00:00+00:00,2026-01-19T00:00:00+00:00,2026-01-26T00:00:00+00:00,370.43651664125,368.0171135468333,2.4194030944167366,0,night,0,0.0,0,2,0,0,0,0,0,0,0,0,0,0,0,0,0,0,0,0,0,0,0,0,0,0,0,2521.281662351861,371.8011446672778,409.1542958934167,368.0171135468333,0,1.0,0.0,0,0,1,7.471285470472222,0.0822739048611111,7.6601376606111105,8.267303430916668,18.324939880888888,19.92784602258333,18.329515098027777,18.507601477416667,0.0,0.0,0.0,0.0
B3,roll_02,persistence,2026-01-19 01:00:00+00:00,2026-01-19 02:00:00+00:00,0,1,2025-12-08T00:00:00+00:00,2026-01-19T00:00:00+00:00,2026-01-19T00:00:00+00:00,2026-01-26T00:00:00+00:00,382.0239495386389,370.43651664125,11.587432897388851,0,night,0,0.0,0,2,0,0,0,0,0,0,0,0,0,0,0,0,0,0,0,0,0,0,0,0,0,0,0,2510.7629793080832,368.0171135468333,386.80348134525,370.43651664125,1,0.9659258262890684,0.2588190451025207,0,0,1,7.240814754666666,-0.0979647454722222,7.471285470472222,7.88579561025,18.191478372805555,19.88745926827778,18.324939880888888,18.516888744472222,0.0,0.0,0.0,0.0
B3,roll_02,persistence,2026-01-19 02:00:00+00:00,2026-01-19 03:00:00+00:00,0,1,2025-12-08T00:00:00+00:00,2026-01-19T00:00:00+00:00,2026-01-19T00:00:00+00:00,2026-01-26T00:00:00+00:00,368.1878588306667,382.0239495386389,-13.836090707972176,0,night,0,0.0,0,2,0,0,0,0,0,0,0,0,0,0,0,0,0,0,0,0,0,0,0,0,0,0,0,2517.397726423444,370.43651664125,363.9506782922222,382.0239495386389,2,0.8660254037844387,0.4999999999999999,0,0,1,7.025713984444444,-0.3757401703055555,7.240814754666666,7.295793718,18.308205069916667,20.026290722638887,18.191478372805555,18.505587359111114,0.0,0.0,0.0,0.0
B3,roll_02,persistence,2026-01-19 03:00:00+00:00,2026-01-19 04:00:00+00:00,0,1,2025-12-08T00:00:00+00:00,2026-01-19T00:00:00+00:00,2026-01-19T00:00:00+00:00,2026-01-26T00:00:00+00:00,956.6022458266112,368.1878588306667,588.4143869959446,0,night,0,0.0,0,2,0,0,0,0,0,0,0,0,0,0,0,0,0,0,0,0,0,0,0,0,0,0,0,2481.68678522575,382.0239495386389,366.92154284288887,368.1878588306667,3,0.7071067811865476,0.7071067811865476,0,0,1,6.843691117888889,0.1335239932777777,7.025713984444444,7.380389324388889,18.22355256697222,19.80030205080556,18.308205069916667,18.40949500677777,0.0,0.0,0.0,0.0
B3,roll_02,persistence,2026-01-19 04:00:00+00:00,2026-01-19 05:00:00+00:00,0,1,2025-12-08T00:00:00+00:00,2026-01-19T00:00:00+00:00,2026-01-19T00:00:00+00:00,2026-01-26T00:00:00+00:00,2097.5119466174724,956.6022458266112,1140.9097007908613,0,night,0,0.0,0,2,0,0,0,0,0,0,0,0,0,0,0,0,0,0,0,0,0,0,0,0,0,0,0,3016.15648477425,368.1878588306667,919.6470143296112,956.6022458266112,4,0.5000000000000001,0.8660254037844386,0,0,1,6.571004820500001,-0.0287854997222222,6.843691117888889,7.759706802277777,18.381851679388888,19.688919204277777,18.22355256697222,18.565049183638887,0.0,0.0,0.0,0.0
B3,roll_02,persistence,2026-01-19 05:00:00+00:00,2026-01-19 06:00:00+00:00,0,1,2025-12-08T00:00:00+00:00,2026-01-19T00:00:00+00:00,2026-01-19T00:00:00+00:00,2026-01-26T00:00:00+00:00,2207.624277541472,2097.5119466174724,110.1123309239997,0,night,0,0.0,0,2,0,0,0,0,0,0,0,0,0,0,0,0,0,0,0,0,0,0,0,0,0,0,0,4262.747835938639,956.6022458266112,1696.4327096815832,2097.5119466174724,5,0.2588190451025207,0.9659258262890684,0,0,1,6.230610997888888,-0.5948542869166666,6.571004820500001,7.824388876305555,18.81852253330556,19.79284536802778,18.381851679388888,19.000532856916667,0.0,0.0,0.0,0.0
B3,roll_02,persistence,2026-01-19 06:00:00+00:00,2026-01-19 07:00:00+00:00,0,1,2025-12-08T00:00:00+00:00,2026-01-19T00:00:00+00:00,2026-01-19T00:00:00+00:00,2026-01-26T00:00:00+00:00,743.501432477222,2207.624277541472,-1464.1228450642502,0,night,0,0.0,0,2,0,0,0,0,0,0,0,0,0,0,0,0,0,0,0,0,0,0,0,0,0,0,0,4361.908397110695,2097.5119466174724,1787.8514459331388,2207.624277541472,6,6.123233995736766e-17,1.0,0,0,1,6.104236992611111,-0.0256551238333333,6.230610997888888,7.870841315861111,18.518887052166665,18.87429544488889,18.81852253330556,19.028892910777778,0.0,0.0,0.0,0.0
B3,roll_02,persistence,2026-01-19 07:00:00+00:00,2026-01-19 08:00:00+00:00,0,1,2025-12-08T00:00:00+00:00,2026-01-19T00:00:00+00:00,2026-01-19T00:00:00+00:00,2026-01-26T00:00:00+00:00,1602.210022772833,743.501432477222,858.7085902956111,1,night,0,0.0,0,2,0,0,0,0,0,0,0,0,0,0,0,0,0,0,0,0,0,0,0,0,0,0,0,4563.315619382333,2207.624277541472,2221.478881947944,743.501432477222,7,-0.2588190451025206,0.9659258262890684,0,0,1,6.0920939530833325,0.0892223874722222,6.104236992611111,7.883857542694444,17.464818313277778,18.15650825783333,18.518887052166665,22.49837394541667,0.0,0.0,0.0,0.0
B3,roll_02,persistence,2026-01-19 08:00:00+00:00,2026-01-19 09:00:00+00:00,0,1,2025-12-08T00:00:00+00:00,2026-01-19T00:00:00+00:00,2026-01-19T00:00:00+00:00,2026-01-26T00:00:00+00:00,401.86281383952775,1602.210022772833,-1200.3472089333054,1,low,0,0.0,0,2,0,0,0,0,0,0,0,0,0,0,0,0,0,0,0,0,0,0,0,0,0,0,0,3089.202245556361,743.501432477222,1747.753539249222,1602.210022772833,8,-0.4999999999999998,0.8660254037844387,0,0,1,6.376790769055556,1.5477482746388889,6.0920939530833325,8.262126455694444,18.106925738416667,18.900201835166666,17.464818313277778,17.670436918444445,52.25388250475,675.084050221,0.0,34.30441932991666
B3,roll_02,persistence,2026-01-19 09:00:00+00:00,2026-01-19 10:00:00+00:00,0,1,2025-12-08T00:00:00+00:00,2026-01-19T00:00:00+00:00,2026-01-19T00:00:00+00:00,2026-01-26T00:00:00+00:00,799.5036943302779,401.86281383952775,397.64088049075013,1,low,0,0.0,0,2,0,0,0,0,0,0,0,0,0,0,0,0,0,0,0,0,0,0,0,0,0,0,0,2796.8041315197224,1602.210022772833,1199.014191615,401.86281383952775,9,-0.7071067811865475,0.7071067811865476,0,0,1,6.883866901888889,3.2254890193888888,6.376790769055556,8.695682546194444,17.851597591666668,19.612746164055554,18.106925738416667,17.60044165513889,200.28425978958333,1056.8253583911112,52.25388250475,89.21282883222221
B3,roll_02,persistence,2026-01-19 10:00:00+00:00,2026-01-19 11:00:00+00:00,0,1,2025-12-08T00:00:00+00:00,2026-01-19T00:00:00+00:00,2026-01-19T00:00:00+00:00,2026-01-26T00:00:00+00:00,764.1083921755,799.5036943302779,-35.39530215477794,1,low,0,0.0,0,2,0,0,0,0,0,0,0,0,0,0,0,0,0,0,0,0,0,0,0,0,0,0,0,746.3919299871112,401.86281383952775,2696.399735123361,799.5036943302779,10,-0.8660254037844387,0.4999999999999999,0,0,1,7.554804945722222,4.715763120611111,6.883866901888889,9.452506697638889,18.305271993833333,21.086698567944445,17.851597591666668,17.917450888777775,300.6106887920556,1274.2766447041663,200.28425978958333,152.0663147546389
B3,roll_02,persistence,2026-01-19 11:00:00+00:00,2026-01-19 12:00:00+00:00,0,1,2025-12-08T00:00:00+00:00,2026-01-19T00:00:00+00:00,2026-01-19T00:00:00+00:00,2026-01-26T00:00:00+00:00,135.93812644077775,764.1083921755,-628.1702657347222,1,low,0,0.0,0,2,0,0,0,0,0,0,0,0,0,0,0,0,0,0,0,0,0,0,0,0,0,0,0,632.5966184736388,799.5036943302779,908.328997025861,764.1083921755,11,-0.9659258262890682,0.258819045102521,0,0,1,7.938572868611111,6.151445526944444,7.554804945722222,9.93934049188889,17.913517779527776,21.65975194513889,18.305271993833333,17.975845256166668,360.65137327452777,1427.525714563778,300.6106887920556,291.1969854105833
B3,roll_02,persistence,2026-01-19 12:00:00+00:00,2026-01-19 13:00:00+00:00,0,1,2025-12-08T00:00:00+00:00,2026-01-19T00:00:00+00:00,2026-01-19T00:00:00+00:00,2026-01-26T00:00:00+00:00,227.14875664072224,135.93812644077775,91.21063019994449,1,med,0,0.0,0,2,0,0,0,0,0,0,0,0,0,0,0,0,0,0,0,0,0,0,0,0,0,0,0,-422.1210146441389,764.1083921755,1081.863576312389,135.93812644077775,12,-1.0,1.2246467991473532e-16,0,0,1,8.697412192166667,8.042106340527779,7.938572868611111,10.88034856138889,17.51108470222222,20.280064502833334,17.913517779527776,18.150378169,429.9776792980833,1077.0554969643056,360.65137327452777,279.95511428333333
B3,roll_02,persistence,2026-01-19 13:00:00+00:00,2026-01-19 14:00:00+00:00,0,1,2025-12-08T00:00:00+00:00,2026-01-19T00:00:00+00:00,2026-01-19T00:00:00+00:00,2026-01-26T00:00:00+00:00,1951.074940760889,227.14875664072224,1723.9261841201667,1,low,0,0.0,0,2,0,0,0,0,0,0,0,0,0,0,0,0,0,0,0,0,0,0,0,0,0,0,0,754.2202679822223,135.93812644077775,2173.5554944418054,227.14875664072224,13,-0.9659258262890684,-0.2588190451025208,0,0,1,9.178790924722222,8.886836191527777,8.697412192166667,11.194744100638887,17.4767666915,20.89163533738889,17.51108470222222,17.605212465694446,331.27048653,917.7112551677222,429.9776792980833,211.40559060327777
B3,roll_02,persistence,2026-01-19 14:00:00+00:00,2026-01-19 15:00:00+00:00,0,1,2025-12-08T00:00:00+00:00,2026-01-19T00:00:00+00:00,2026-01-19T00:00:00+00:00,2026-01-26T00:00:00+00:00,806.2876032480555,1951.074940760889,-1144.7873375128333,1,low,0,0.0,0,2,0,0,0,0,0,0,0,0,0,0,0,0,0,0,0,0,0,0,0,0,0,0,0,1500.3252466112224,227.14875664072224,1035.234056645167,1951.074940760889,14,-0.8660254037844388,-0.4999999999999997,0,0,1,8.86652897075,8.544484776166668,9.178790924722222,10.792807296472224,18.02714254913889,20.355432554527777,17.4767666915,17.720296622972224,138.99832969141667,366.2336248188056,331.27048653,51.70543011708333
B3,roll_02,persistence,2026-01-19 15:00:00+00:00,2026-01-19 16:00:00+00:00,0,1,2025-12-08T00:00:00+00:00,2026-01-19T00:00:00+00:00,2026-01-19T00:00:00+00:00,2026-01-26T00:00:00+00:00,738.6692789706944,806.2876032480555,-67.61832427736101,1,low,0,0.0,0,2,0,0,0,0,0,0,0,0,0,0,0,0,0,0,0,0,0,0,0,0,0,0,0,586.6202596731389,1951.074940760889,982.0105920020555,806.2876032480555,15,-0.7071067811865479,-0.7071067811865471,0,0,1,8.054252913972222,6.644266975333334,8.86652897075,10.09873856363889,17.764550296583334,19.053108088833334,18.02714254913889,17.65813682397222,60.29446228413889,29.778236451166663,138.99832969141667,0.0
B3,roll_02,persistence,2026-01-19 16:00:00+00:00,2026-01-19 17:00:00+00:00,0,1,2025-12-08T00:00:00+00:00,2026-01-19T00:00:00+00:00,2026-01-19T00:00:00+00:00,2026-01-26T00:00:00+00:00,1883.6500829357776,738.6692789706944,1144.9808039650832,0,night,0,0.0,0,2,0,0,0,0,0,0,0,0,0,0,0,0,0,0,0,0,0,0,0,0,0,0,0,1670.774375533639,806.2876032480555,939.633989883972,738.6692789706944,16,-0.5000000000000004,-0.8660254037844385,0,0,1,6.7582327050833335,5.279263939527778,8.054252913972222,9.486147199944446,17.51009285883333,19.11104975583333,17.764550296583334,17.723917226694443,0.0,0.0,60.29446228413889,0.0
B3,roll_02,persistence,2026-01-19 17:00:00+00:00,2026-01-19 18:00:00+00:00,0,1,2025-12-08T00:00:00+00:00,2026-01-19T00:00:00+00:00,2026-01-19T00:00:00+00:00,2026-01-26T00:00:00+00:00,1098.2935032161668,1883.6500829357776,-785.3565797196109,0,night,0,0.0,0,2,0,0,0,0,0,0,0,0,0,0,0,0,0,0,0,0,0,0,0,0,0,0,0,893.0618960396945,738.6692789706944,1984.2611124879447,1883.6500829357776,17,-0.2588190451025206,-0.9659258262890684,0,0,1,6.245921308277777,4.219392392722222,6.7582327050833335,8.932912868583333,17.879649593055557,18.65615157883333,17.51009285883333,17.788532314805554,0.0,0.0,0.0,0.0
B3,roll_02,persistence,2026-01-19 18:00:00+00:00,2026-01-19 19:00:00+00:00,0,1,2025-12-08T00:00:00+00:00,2026-01-19T00:00:00+00:00,2026-01-19T00:00:00+00:00,2026-01-26T00:00:00+00:00,1096.4852710823889,1098.2935032161668,-1.8082321337778922,0,night,0,0.0,0,2,0,0,0,0,0,0,0,0,0,0,0,0,0,0,0,0,0,0,0,0,0,0,0,2274.0885418814723,1883.6500829357776,1779.6982078336666,1098.2935032161668,18,-1.8369701987210292e-16,-1.0,0,0,1,6.290845957444444,4.016366639916667,6.245921308277777,8.383298441722223,17.678952539277777,19.38624729958333,17.879649593055557,17.752887094805555,0.0,0.0,0.0,0.0
B3,roll_02,persistence,2026-01-19 19:00:00+00:00,2026-01-19 20:00:00+00:00,0,1,2025-12-08T00:00:00+00:00,2026-01-19T00:00:00+00:00,2026-01-19T00:00:00+00:00,2026-01-26T00:00:00+00:00,852.2087300646944,1096.4852710823889,-244.2765410176945,0,night,0,0.0,0,2,0,0,0,0,0,0,0,0,0,0,0,0,0,0,0,0,0,0,0,0,0,0,0,1365.6644136303612,1098.2935032161668,1945.2175917344168,1096.4852710823889,19,0.2588190451025203,-0.9659258262890684,0,0,1,5.148736282194444,3.884336086,6.290845957444444,8.063546007666666,17.924687961111108,19.382953398694443,17.678952539277777,17.598374748583336,0.0,0.0,0.0,0.0
B3,roll_02,persistence,2026-01-19 20:00:00+00:00,2026-01-19 21:00:00+00:00,0,1,2025-12-08T00:00:00+00:00,2026-01-19T00:00:00+00:00,2026-01-19T00:00:00+00:00,2026-01-26T00:00:00+00:00,568.0186646560555,852.2087300646944,-284.1900654086388,0,night,0,0.0,0,1,0,0,0,0,0,0,0,0,0,0,0,0,0,0,0,0,0,0,0,0,0,0,0,653.7379858252777,1096.4852710823889,817.2623687095833,852.2087300646944,20,0.5000000000000001,-0.8660254037844386,0,0,1,3.9840519537777777,3.633355686611111,5.148736282194444,7.955256959805555,18.02282410180556,19.144044949,17.924687961111108,18.132431494416668,0.0,0.0,0.0,0.0
B3,roll_02,persistence,2026-01-19 21:00:00+00:00,2026-01-19 22:00:00+00:00,0,1,2025-12-08T00:00:00+00:00,2026-01-19T00:00:00+00:00,2026-01-19T00:00:00+00:00,2026-01-26T00:00:00+00:00,461.19813976011113,568.0186646560555,-106.8205248959444,0,night,0,0.0,0,1,0,0,0,0,0,0,0,0,0,0,0,0,0,0,0,0,0,0,0,0,0,0,0,1060.23997367125,852.2087300646944,1022.3695540110556,568.0186646560555,21,0.7071067811865474,-0.7071067811865477,0,0,1,3.315242828777778,3.5082212590277777,3.9840519537777777,7.917760795055556,18.144430832972223,19.25061404477778,18.02282410180556,18.226290338722222,0.0,0.0,0.0,0.0
B3,roll_02,persistence,2026-01-19 22:00:00+00:00,2026-01-19 23:00:00+00:00,0,1,2025-12-08T00:00:00+00:00,2026-01-19T00:00:00+00:00,2026-01-19T00:00:00+00:00,2026-01-26T00:00:00+00:00,356.1728901926111,461.19813976011113,-105.02524956750005,0,night,0,0.0,0,1,0,0,0,0,0,0,0,0,0,0,0,0,0,0,0,0,0,0,0,0,0,0,0,372.6696216118889,568.0186646560555,579.8006035581112,461.19813976011113,22,0.8660254037844384,-0.5000000000000004,0,0,1,2.735980420083333,3.508406459083333,3.315242828777778,7.723855807972222,18.098196491611112,19.15334913905556,18.144430832972223,18.30075636655556,0.0,0.0,0.0,0.0
B3,roll_02,persistence,2026-01-19 23:00:00+00:00,2026-01-20 00:00:00+00:00,0,1,2025-12-08T00:00:00+00:00,2026-01-19T00:00:00+00:00,2026-01-19T00:00:00+00:00,2026-01-26T00:00:00+00:00,357.6195414715833,356.1728901926111,1.44665127897224,0,night,0,0.0,0,1,0,0,0,0,0,0,0,0,0,0,0,0,0,0,0,0,0,0,0,0,0,0,0,368.2867205090556,461.19813976011113,371.8011446672778,356.1728901926111,23,0.965925826289068,-0.2588190451025215,0,0,1,2.691163158333333,3.994434357833333,2.735980420083333,7.6601376606111105,18.135445305027776,19.462697947166664,18.098196491611112,18.329515098027777,0.0,0.0,0.0,0.0
B3,roll_02,persistence,2026-01-20 00:00:00+00:00,2026-01-20 01:00:00+00:00,0,1,2025-12-08T00:00:00+00:00,2026-01-19T00:00:00+00:00,2026-01-19T00:00:00+00:00,2026-01-26T00:00:00+00:00,383.7339380009167,357.6195414715833,26.114396529333362,0,night,0,0.0,0,1,0,0,0,0,0,0,0,0,0,0,0,0,0,0,0,0,0,0,0,0,0,0,1,366.1301339879167,356.1728901926111,368.0171135468333,357.6195414715833,0,1.0,0.0,0,0,1,3.258476226361111,4.2014109405,2.691163158333333,7.471285470472222,18.171040281166665,19.87320784711111,18.135445305027776,18.324939880888888,0.0,0.0,0.0,0.0
B3,roll_02,persistence,2026-01-20 01:00:00+00:00,2026-01-20 02:00:00+00:00,0,1,2025-12-08T00:00:00+00:00,2026-01-19T00:00:00+00:00,2026-01-19T00:00:00+00:00,2026-01-26T00:00:00+00:00,363.2547627211111,383.7339380009167,-20.479175279805588,0,night,0,0.0,0,1,0,0,0,0,0,0,0,0,0,0,0,0,0,0,0,0,0,0,0,0,0,0,1,374.135321881,357.6195414715833,370.43651664125,383.7339380009167,1,0.9659258262890684,0.2588190451025207,0,0,1,3.905557372666667,4.3023013942777775,3.258476226361111,7.240814754666666,18.144093502972225,19.950232376611112,18.171040281166665,18.191478372805555,0.0,0.0,0.0,0.0
B3,roll_02,persistence,2026-01-20 02:00:00+00:00,2026-01-20 03:00:00+00:00,0,1,2025-12-08T00:00:00+00:00,2026-01-19T00:00:00+00:00,2026-01-19T00:00:00+00:00,2026-01-26T00:00:00+00:00,365.0164142213889,363.2547627211111,1.7616515002778215,0,night,0,0.0,0,1,0,0,0,0,0,0,0,0,0,0,0,0,0,0,0,0,0,0,0,0,0,0,1,383.9471823114166,383.7339380009167,382.0239495386389,363.2547627211111,2,0.8660254037844387,0.4999999999999999,0,0,1,4.134615724138889,4.376585781888889,3.905557372666667,7.025713984444444,18.23647207447222,19.77146809105556,18.144093502972225,18.308205069916667,0.0,0.0,0.0,0.0
B3,roll_02,persistence,2026-01-20 03:00:00+00:00,2026-01-20 04:00:00+00:00,0,1,2025-12-08T00:00:00+00:00,2026-01-19T00:00:00+00:00,2026-01-19T00:00:00+00:00,2026-01-26T00:00:00+00:00,1039.7831993372222,365.0164142213889,674.7667851158333,0,night,0,0.0,0,1,0,0,0,0,0,0,0,0,0,0,0,0,0,0,0,0,0,0,0,0,0,0,1,367.6768063598889,363.2547627211111,368.1878588306667,365.0164142213889,3,0.7071067811865476,0.7071067811865476,0,0,1,4.029189530722222,4.4642516751666665,4.134615724138889,6.843691117888889,18.45093115375,19.56677161197222,18.23647207447222,18.22355256697222,0.0,0.0,0.0,0.0
B3,roll_02,persistence,2026-01-20 04:00:00+00:00,2026-01-20 05:00:00+00:00,0,1,2025-12-08T00:00:00+00:00,2026-01-19T00:00:00+00:00,2026-01-19T00:00:00+00:00,2026-01-26T00:00:00+00:00,1994.0688999676115,1039.7831993372222,954.2857006303893,0,night,0,0.0,0,1,0,0,0,0,0,0,0,0,0,0,0,0,0,0,0,0,0,0,0,0,0,0,1,977.1223704921111,365.0164142213889,956.6022458266112,1039.7831993372222,4,0.5000000000000001,0.8660254037844386,0,0,1,4.2755308662500005,4.600431492361111,4.029189530722222,6.571004820500001,18.48283673330556,19.84487690761112,18.45093115375,18.381851679388888,0.0,0.0,0.0,0.0
B3,roll_02,persistence,2026-01-20 05:00:00+00:00,2026-01-20 06:00:00+00:00,0,1,2025-12-08T00:00:00+00:00,2026-01-19T00:00:00+00:00,2026-01-19T00:00:00+00:00,2026-01-26T00:00:00+00:00,2029.167694873528,1994.0688999676115,35.09879490591652,0,night,0,0.0,0,1,0,0,0,0,0,0,0,0,0,0,0,0,0,0,0,0,0,0,0,0,0,0,1,2001.738657636584,1039.7831993372222,2097.5119466174724,1994.0688999676115,5,0.2588190451025207,0.9659258262890684,0,0,1,4.0833006567500005,4.516244777583333,4.2755308662500005,6.230610997888888,18.61474645088889,20.02328279972222,18.48283673330556,18.81852253330556,0.0,0.0,0.0,0.0
B3,roll_02,persistence,2026-01-20 06:00:00+00:00,2026-01-20 07:00:00+00:00,0,1,2025-12-08T00:00:00+00:00,2026-01-19T00:00:00+00:00,2026-01-19T00:00:00+00:00,2026-01-26T00:00:00+00:00,2071.0094555605,2029.167694873528,41.841760686972066,0,night,0,0.0,0,1,0,0,0,0,0,0,0,0,0,0,0,0,0,0,0,0,0,0,0,0,0,0,1,2099.6764230465,1994.0688999676115,2207.624277541472,2029.167694873528,6,6.123233995736766e-17,1.0,0,0,1,3.4344617149444443,4.763350271222222,4.0833006567500005,6.104236992611111,18.44960326755556,19.945872866472225,18.61474645088889,18.518887052166665,0.0,0.0,0.0,0.0
B3,roll_02,persistence,2026-01-20 07:00:00+00:00,2026-01-20 08:00:00+00:00,0,1,2025-12-08T00:00:00+00:00,2026-01-19T00:00:00+00:00,2026-01-19T00:00:00+00:00,2026-01-26T00:00:00+00:00,1907.5549124286945,2071.0094555605,-163.45454313180562,1,low,0,0.0,0,1,0,0,0,0,0,0,0,0,0,0,0,0,0,0,0,0,0,0,0,0,0,0,1,1798.5318447581387,2029.167694873528,743.501432477222,2071.0094555605,7,-0.2588190451025206,0.9659258262890684,0,0,1,3.243632700527778,5.146098303527778,3.4344617149444443,6.0920939530833325,18.262677875222224,19.215107962944447,18.44960326755556,17.464818313277778,25.396158990166665,0.0,0.0,0.0
B3,roll_02,persistence,2026-01-20 08:00:00+00:00,2026-01-20 09:00:00+00:00,0,1,2025-12-08T00:00:00+00:00,2026-01-19T00:00:00+00:00,2026-01-19T00:00:00+00:00,2026-01-26T00:00:00+00:00,720.9783473233889,1907.5549124286945,-1186.5765651053057,1,low,0,0.0,0,1,0,0,0,0,0,0,0,0,0,0,0,0,0,0,0,0,0,0,0,0,0,0,1,1792.85737564,2071.0094555605,1602.210022772833,1907.5549124286945,8,-0.4999999999999998,0.8660254037844387,0,0,1,3.802172906555555,5.574331767527777,3.243632700527778,6.376790769055556,18.28468123055556,19.78762391975,18.262677875222224,18.106925738416667,287.3037690233889,34.78762225408333,25.396158990166665,52.25388250475
B3,roll_02,persistence,2026-01-20 09:00:00+00:00,2026-01-20 10:00:00+00:00,0,1,2025-12-08T00:00:00+00:00,2026-01-19T00:00:00+00:00,2026-01-19T00:00:00+00:00,2026-01-26T00:00:00+00:00,151.7976551743889,720.9783473233889,-569.180692149,1,med,0,0.0,0,2,0,0,0,0,0,0,0,0,0,0,0,0,0,0,0,0,0,0,0,0,0,0,1,1704.9205994411388,1907.5549124286945,401.86281383952775,720.9783473233889,9,-0.7071067811865475,0.7071067811865476,0,0,1,5.253853115111111,5.704844287583334,3.802172906555555,6.883866901888889,18.12476716330556,19.322890420722224,18.28468123055556,17.851597591666668,621.6916147889167,81.0947692918889,287.3037690233889,200.28425978958333
B3,roll_02,persistence,2026-01-20 10:00:00+00:00,2026-01-20 11:00:00+00:00,0,1,2025-12-08T00:00:00+00:00,2026-01-19T00:00:00+00:00,2026-01-19T00:00:00+00:00,2026-01-26T00:00:00+00:00,787.0186959797501,151.7976551743889,635.2210408053612,1,med,0,0.0,0,2,0,0,0,0,0,0,0,0,0,0,0,0,0,0,0,0,0,0,0,0,0,0,1,1712.5081979704166,720.9783473233889,799.5036943302779,151.7976551743889,10,-0.8660254037844387,0.4999999999999999,0,0,1,6.455607524222223,6.065839095694444,5.253853115111111,7.554804945722222,18.34517670655556,19.53915467719445,18.12476716330556,18.305271993833333,959.4708232418888,75.89661000686111,621.6916147889167,300.6106887920556
B3,roll_02,persistence,2026-01-20 11:00:00+00:00,2026-01-20 12:00:00+00:00,0,1,2025-12-08T00:00:00+00:00,2026-01-19T00:00:00+00:00,2026-01-19T00:00:00+00:00,2026-01-26T00:00:00+00:00,-140.12853059388888,787.0186959797501,-927.1472265736389,1,med,0,0.0,0,2,0,0,0,0,0,0,0,0,0,0,0,0,0,0,0,0,0,0,0,0,0,0,1,1729.1863273721667,151.7976551743889,764.1083921755,787.0186959797501,11,-0.9659258262890682,0.258819045102521,0,0,1,6.95239593825,6.411032006055556,6.455607524222223,7.938572868611111,18.396018660722223,20.10092485888889,18.34517670655556,17.913517779527776,590.2926090344722,127.21179366422224,959.4708232418888,360.65137327452777
B3,roll_02,persistence,2026-01-20 12:00:00+00:00,2026-01-20 13:00:00+00:00,0,1,2025-12-08T00:00:00+00:00,2026-01-19T00:00:00+00:00,2026-01-19T00:00:00+00:00,2026-01-26T00:00:00+00:00,90.30469802694444,-140.12853059388888,230.43322862083332,1,med,0,0.0,0,2,1,0,0,0,0,0,0,0,0,0,0,0,0,0,0,0,0,0,0,0,0,0,1,1776.8351252307775,787.0186959797501,135.93812644077775,-140.12853059388888,12,-1.0,1.2246467991473532e-16,0,0,1,7.796212953166666,6.843188409,6.95239593825,8.697412192166667,17.971774747861108,19.814930444777776,18.396018660722223,17.51108470222222,566.0869300739722,161.38882697286112,590.2926090344722,429.9776792980833
B3,roll_02,persistence,2026-01-20 13:00:00+00:00,2026-01-20 14:00:00+00:00,0,1,2025-12-08T00:00:00+00:00,2026-01-19T00:00:00+00:00,2026-01-19T00:00:00+00:00,2026-01-26T00:00:00+00:00,1579.226911155389,90.30469802694444,1488.9222131284446,1,low,0,0.0,0,2,0,0,0,0,0,0,0,0,0,0,0,0,0,0,0,0,0,0,0,0,0,0,1,1850.1251705731663,-140.12853059388888,227.14875664072224,90.30469802694444,13,-0.9659258262890684,-0.2588190451025208,0,0,1,7.90864646013889,7.213576107916666,7.796212953166666,9.178790924722222,17.30683716836111,19.35789605444444,17.971774747861108,17.4767666915,232.06871784988888,125.87758148475,566.0869300739722,331.27048653
B3,roll_02,persistence,2026-01-20 14:00:00+00:00,2026-01-20 15:00:00+00:00,0,1,2025-12-08T00:00:00+00:00,2026-01-19T00:00:00+00:00,2026-01-19T00:00:00+00:00,2026-01-26T00:00:00+00:00,1514.7609178625555,1579.226911155389,-64.46599329283345,1,low,0,0.0,0,2,0,0,0,0,0,0,0,0,0,0,0,0,0,0,0,0,0,0,0,0,0,0,1,2103.8606620909723,90.30469802694444,1951.074940760889,1579.226911155389,14,-0.8660254037844388,-0.4999999999999997,0,0,1,7.004071844694444,6.892581615,7.90864646013889,8.86652897075,18.014104303444444,19.314774678777777,17.30683716836111,18.02714254913889,65.92271638830555,25.63169713905556,232.06871784988888,138.99832969141667
B3,roll_02,persistence,2026-01-20 15:00:00+00:00,2026-01-20 16:00:00+00:00,0,1,2025-12-08T00:00:00+00:00,2026-01-19T00:00:00+00:00,2026-01-19T00:00:00+00:00,2026-01-26T00:00:00+00:00,1201.4197669487778,1514.7609178625555,-313.3411509137777,1,night,0,0.0,0,2,0,0,0,0,0,0,0,0,0,0,0,0,0,0,0,0,0,0,0,0,0,0,1,1367.69234237475,1579.226911155389,806.2876032480555,1514.7609178625555,15,-0.7071067811865479,-0.7071067811865471,0,0,1,6.226552915722222,6.473090648055556,7.004071844694444,8.054252913972222,17.985049249555555,18.981844509638886,18.014104303444444,17.764550296583334,0.0,0.0,65.92271638830555,60.29446228413889
B3,roll_02,persistence,2026-01-20 16:00:00+00:00,2026-01-20 17:00:00+00:00,0,1,2025-12-08T00:00:00+00:00,2026-01-19T00:00:00+00:00,2026-01-19T00:00:00+00:00,2026-01-26T00:00:00+00:00,753.0024936381111,1201.4197669487778,-448.4172733106667,0,night,0,0.0,0,2,0,0,0,0,0,0,0,0,0,0,0,0,0,0,0,0,0,0,0,0,0,0,1,2518.591872478111,1514.7609178625555,738.6692789706944,1201.4197669487778,16,-0.5000000000000004,-0.8660254037844385,0,0,1,5.539642565916666,5.85150787425,6.226552915722222,6.7582327050833335,17.38080857111111,19.342884771027776,17.985049249555555,17.51009285883333,0.0,0.0,0.0,0.0
B3,roll_02,persistence,2026-01-20 17:00:00+00:00,2026-01-20 18:00:00+00:00,0,1,2025-12-08T00:00:00+00:00,2026-01-19T00:00:00+00:00,2026-01-19T00:00:00+00:00,2026-01-26T00:00:00+00:00,1059.3235259904168,753.0024936381111,306.3210323523057,0,night,0,0.0,0,2,0,0,0,0,0,0,0,0,0,0,0,0,0,0,0,0,0,0,0,0,0,0,1,2818.4871972926667,1201.4197669487778,1883.6500829357776,753.0024936381111,17,-0.2588190451025206,-0.9659258262890684,0,0,1,5.106537856944445,5.551368765666666,5.539642565916666,6.245921308277777,17.944962672305554,19.703703886777777,17.38080857111111,17.879649593055557,0.0,0.0,0.0,0.0
B3,roll_02,persistence,2026-01-20 18:00:00+00:00,2026-01-20 19:00:00+00:00,0,1,2025-12-08T00:00:00+00:00,2026-01-19T00:00:00+00:00,2026-01-19T00:00:00+00:00,2026-01-26T00:00:00+00:00,2397.7932220235834,1059.3235259904168,1338.4696960331667,0,night,0,0.0,0,2,0,0,0,0,0,0,0,0,0,0,0,0,0,0,0,0,0,0,0,0,0,0,1,1383.2154217488053,753.0024936381111,1098.2935032161668,1059.3235259904168,18,-1.8369701987210292e-16,-1.0,0,0,1,5.047560526333333,5.565244997222223,5.106537856944445,6.290845957444444,17.76713559486111,19.3371023785,17.944962672305554,17.678952539277777,0.0,0.0,0.0,0.0
B3,roll_02,persistence,2026-01-20 19:00:00+00:00,2026-01-20 20:00:00+00:00,0,1,2025-12-08T00:00:00+00:00,2026-01-19T00:00:00+00:00,2026-01-19T00:00:00+00:00,2026-01-26T00:00:00+00:00,1239.3215171065278,2397.7932220235834,-1158.4717049170556,0,night,0,0.0,0,1,0,0,0,0,0,0,0,0,0,0,0,0,0,0,0,0,0,0,0,0,0,0,1,962.6741752021112,1059.3235259904168,1096.4852710823889,2397.7932220235834,19,0.2588190451025203,-0.9659258262890684,0,0,1,4.7790201357777775,5.091562219055555,5.047560526333333,5.148736282194444,18.29565681925,19.555466913638888,17.76713559486111,17.924687961111108,0.0,0.0,0.0,0.0
B3,roll_02,persistence,2026-01-20 20:00:00+00:00,2026-01-20 21:00:00+00:00,0,1,2025-12-08T00:00:00+00:00,2026-01-19T00:00:00+00:00,2026-01-19T00:00:00+00:00,2026-01-26T00:00:00+00:00,1097.120321607,1239.3215171065278,-142.20119549952778,0,night,0,0.0,0,1,0,0,0,0,0,0,0,0,0,0,0,0,0,0,0,0,0,0,0,0,0,0,1,2371.2932299861945,2397.7932220235834,852.2087300646944,1239.3215171065278,20,0.5000000000000001,-0.8660254037844386,0,0,1,4.616484813166667,5.033024918888889,4.7790201357777775,3.9840519537777777,18.163473134916668,19.82183390566667,18.29565681925,18.02282410180556,0.0,0.0,0.0,0.0
B3,roll_02,persistence,2026-01-20 21:00:00+00:00,2026-01-20 22:00:00+00:00,0,1,2025-12-08T00:00:00+00:00,2026-01-19T00:00:00+00:00,2026-01-19T00:00:00+00:00,2026-01-26T00:00:00+00:00,532.8753846346667,1097.120321607,-564.2449369723333,0,night,0,0.0,0,1,0,0,0,0,0,0,0,0,0,0,0,0,0,0,0,0,0,0,0,0,0,0,1,813.2224330626667,1239.3215171065278,568.0186646560555,1097.120321607,21,0.7071067811865474,-0.7071067811865477,0,0,1,3.733819858222222,4.900254803388889,4.616484813166667,3.315242828777778,17.823669394694445,19.92269649358333,18.163473134916668,18.144430832972223,0.0,0.0,0.0,0.0
B3,roll_02,persistence,2026-01-20 22:00:00+00:00,2026-01-20 23:00:00+00:00,0,1,2025-12-08T00:00:00+00:00,2026-01-19T00:00:00+00:00,2026-01-19T00:00:00+00:00,2026-01-26T00:00:00+00:00,374.928417115,532.8753846346667,-157.9469675196667,0,night,0,0.0,0,1,0,0,0,0,0,0,0,0,0,0,0,0,0,0,0,0,0,0,0,0,0,0,1,1323.4556494799722,1097.120321607,461.19813976011113,532.8753846346667,22,0.8660254037844384,-0.5000000000000004,0,0,1,2.806227175638889,4.787616396777778,3.733819858222222,2.735980420083333,21.387805783944444,19.833271056222223,17.823669394694445,18.098196491611112,0.0,0.0,0.0,0.0
B3,roll_02,persistence,2026-01-20 23:00:00+00:00,2026-01-21 00:00:00+00:00,0,1,2025-12-08T00:00:00+00:00,2026-01-19T00:00:00+00:00,2026-01-19T00:00:00+00:00,2026-01-26T00:00:00+00:00,373.7627816694167,374.928417115,-1.1656354455832911,0,night,0,0.0,0,1,0,0,0,0,0,0,0,0,0,0,0,0,0,0,0,0,0,0,0,0,0,0,1,690.983777113111,532.8753846346667,356.1728901926111,374.928417115,23,0.965925826289068,-0.2588190451025215,0,0,1,2.466718193027777,4.36980794625,2.806227175638889,2.691163158333333,17.90830201163889,19.88424536811112,21.387805783944444,18.135445305027776,0.0,0.0,0.0,0.0
B3,roll_02,persistence,2026-01-21 00:00:00+00:00,2026-01-21 01:00:00+00:00,0,1,2025-12-08T00:00:00+00:00,2026-01-19T00:00:00+00:00,2026-01-19T00:00:00+00:00,2026-01-26T00:00:00+00:00,382.08433273438885,373.7627816694167,8.321551064972141,0,night,0,0.0,0,1,0,1,1,0,1,0,0,1,0,0,1,0,1,0,0,0,1,0,0,0,0,0,2,373.91198171711113,374.928417115,357.6195414715833,373.7627816694167,0,1.0,0.0,0,0,1,1.8242255221388888,4.374367734083333,2.466718193027777,3.258476226361111,18.307477434611112,20.386578095,17.90830201163889,18.171040281166665,0.0,0.0,0.0,0.0
B3,roll_02,persistence,2026-01-21 01:00:00+00:00,2026-01-21 02:00:00+00:00,0,1,2025-12-08T00:00:00+00:00,2026-01-19T00:00:00+00:00,2026-01-19T00:00:00+00:00,2026-01-26T00:00:00+00:00,365.3667726035,382.08433273438885,-16.71756013088884,0,night,0,0.0,0,1,0,0,0,0,0,0,0,0,0,0,0,0,0,0,0,0,0,0,0,0,0,0,2,370.08383153427775,373.7627816694167,383.7339380009167,382.08433273438885,1,0.9659258262890684,0.2588190451025207,0,0,1,1.5080317470555558,4.301661179916667,1.8242255221388888,3.905557372666667,18.29967807894444,20.26065134986111,18.307477434611112,18.144093502972225,0.0,0.0,0.0,0.0
B3,roll_02,persistence,2026-01-21 02:00:00+00:00,2026-01-21 03:00:00+00:00,0,1,2025-12-08T00:00:00+00:00,2026-01-19T00:00:00+00:00,2026-01-19T00:00:00+00:00,2026-01-26T00:00:00+00:00,371.9783939987778,365.3667726035,6.61162139527778,0,night,0,0.0,0,1,0,0,0,0,0,0,0,0,0,0,0,0,0,0,0,0,0,0,0,0,0,0,2,363.9680898908056,382.08433273438885,363.2547627211111,365.3667726035,2,0.8660254037844387,0.4999999999999999,0,0,1,1.2603411373055555,4.175813798388888,1.5080317470555558,4.134615724138889,18.21223012147222,20.36533343461111,18.29967807894444,18.23647207447222,0.0,0.0,0.0,0.0
B3,roll_02,persistence,2026-01-21 03:00:00+00:00,2026-01-21 04:00:00+00:00,0,1,2025-12-08T00:00:00+00:00,2026-01-19T00:00:00+00:00,2026-01-19T00:00:00+00:00,2026-01-26T00:00:00+00:00,1049.641280434889,371.9783939987778,677.6628864361112,0,night,0,0.0,0,1,0,0,0,0,0,0,0,0,0,0,0,0,0,0,0,0,0,0,0,0,0,0,2,367.8678755790834,365.3667726035,365.0164142213889,371.9783939987778,3,0.7071067811865476,0.7071067811865476,0,0,1,0.6434714743888889,4.060635091555556,1.2603411373055555,4.029189530722222,18.30506088336111,20.23459653830556,18.21223012147222,18.45093115375,0.0,0.0,0.0,0.0
B3,roll_02,persistence,2026-01-21 04:00:00+00:00,2026-01-21 05:00:00+00:00,0,1,2025-12-08T00:00:00+00:00,2026-01-19T00:00:00+00:00,2026-01-19T00:00:00+00:00,2026-01-26T00:00:00+00:00,2165.628261214222,1049.641280434889,1115.9869807793332,0,night,0,0.0,0,1,0,0,0,0,0,0,0,0,0,0,0,0,0,0,0,0,0,0,0,0,0,0,2,1021.3973762487502,371.9783939987778,1039.7831993372222,1049.641280434889,4,0.5000000000000001,0.8660254037844386,0,0,1,0.5259598769722222,4.003444144972222,0.6434714743888889,4.2755308662500005,18.346101567916666,20.134824625472223,18.30506088336111,18.48283673330556,0.0,0.0,0.0,0.0
B3,roll_02,persistence,2026-01-21 05:00:00+00:00,2026-01-21 06:00:00+00:00,0,1,2025-12-08T00:00:00+00:00,2026-01-19T00:00:00+00:00,2026-01-19T00:00:00+00:00,2026-01-26T00:00:00+00:00,2007.6322741502224,2165.628261214222,-157.9959870639998,0,night,0,0.0,0,1,0,0,0,0,0,0,0,0,0,0,0,0,0,0,0,0,0,0,0,0,0,0,2,2059.780215135472,1049.641280434889,1994.0688999676115,2165.628261214222,5,0.2588190451025207,0.9659258262890684,0,0,1,0.3656367874444444,4.117087354722222,0.5259598769722222,4.0833006567500005,18.44876204208333,20.124028981166667,18.346101567916666,18.61474645088889,0.0,0.0,0.0,0.0
B3,roll_02,persistence,2026-01-21 06:00:00+00:00,2026-01-21 07:00:00+00:00,0,1,2025-12-08T00:00:00+00:00,2026-01-19T00:00:00+00:00,2026-01-19T00:00:00+00:00,2026-01-26T00:00:00+00:00,1787.7926135424725,2007.6322741502224,-219.83966060774992,0,night,0,0.0,0,1,0,0,0,0,0,0,0,0,0,0,0,0,0,0,0,0,0,0,0,0,0,0,2,1951.7951114496389,2165.628261214222,2029.167694873528,2007.6322741502224,6,6.123233995736766e-17,1.0,0,0,1,0.0914363476111111,4.254348787194444,0.3656367874444444,3.4344617149444443,18.20441595636111,19.934132118,18.44876204208333,18.44960326755556,0.0,0.0,0.0,0.0
B3,roll_02,persistence,2026-01-21 07:00:00+00:00,2026-01-21 08:00:00+00:00,0,1,2025-12-08T00:00:00+00:00,2026-01-19T00:00:00+00:00,2026-01-19T00:00:00+00:00,2026-01-26T00:00:00+00:00,1396.283928898889,1787.7926135424725,-391.5086846435836,1,low,0,0.0,0,1,0,0,0,0,0,0,0,0,0,0,0,0,0,0,0,0,0,0,0,0,0,0,2,1687.1433126186946,2007.6322741502224,2071.0094555605,1787.7926135424725,7,-0.2588190451025206,0.9659258262890684,0,0,1,0.4624889772777778,4.355129028611111,0.0914363476111111,3.243632700527778,18.099627230388887,19.907104928583333,18.20441595636111,18.262677875222224,88.74529710644445,0.0,0.0,25.396158990166665
B3,roll_02,persistence,2026-01-21 08:00:00+00:00,2026-01-21 09:00:00+00:00,0,1,2025-12-08T00:00:00+00:00,2026-01-19T00:00:00+00:00,2026-01-19T00:00:00+00:00,2026-01-26T00:00:00+00:00,1012.9496219223612,1396.283928898889,-383.3343069765277,1,med,0,0.0,0,1,0,0,0,0,0,0,0,0,0,0,0,0,0,0,0,0,0,0,0,0,0,0,2,1700.1424731680556,1787.7926135424725,1907.5549124286945,1396.283928898889,8,-0.4999999999999998,0.8660254037844387,0,0,1,2.0457270672222223,4.627706611055555,0.4624889772777778,3.802172906555555,18.33234830197222,20.452670910722222,18.099627230388887,18.28468123055556,506.86706511469447,0.0,88.74529710644445,287.3037690233889
B3,roll_02,persistence,2026-01-21 09:00:00+00:00,2026-01-21 10:00:00+00:00,0,1,2025-12-08T00:00:00+00:00,2026-01-19T00:00:00+00:00,2026-01-19T00:00:00+00:00,2026-01-26T00:00:00+00:00,755.3586427439723,1012.9496219223612,-257.5909791783889,1,med,0,0.0,0,1,0,0,0,0,0,0,0,0,0,0,0,0,0,0,0,0,0,0,0,0,0,0,2,1616.381493539,1396.283928898889,720.9783473233889,1012.9496219223612,9,-0.7071067811865475,0.7071067811865476,0,0,1,3.9313944355833335,5.024308661138889,2.0457270672222223,5.253853115111111,18.699979865277776,20.41466703861111,18.33234830197222,18.12476716330556,949.0842489008888,115.05220435744444,506.86706511469447,621.6916147889167
B3,roll_02,persistence,2026-01-21 10:00:00+00:00,2026-01-21 11:00:00+00:00,0,1,2025-12-08T00:00:00+00:00,2026-01-19T00:00:00+00:00,2026-01-19T00:00:00+00:00,2026-01-26T00:00:00+00:00,53.140800646916695,755.3586427439723,-702.2178420970556,1,high,0,0.0,0,2,0,0,0,0,0,0,0,0,0,0,0,0,0,0,0,0,0,0,0,0,0,0,2,1771.2370990303614,1012.9496219223612,151.7976551743889,755.3586427439723,10,-0.8660254037844387,0.4999999999999999,0,0,1,5.315615807527778,5.432306789416667,3.9313944355833335,6.455607524222223,19.066515733777777,20.172151427166664,18.699979865277776,18.34517670655556,1313.273773081028,33.43036787752778,949.0842489008888,959.4708232418888
B3,roll_02,persistence,2026-01-21 11:00:00+00:00,2026-01-21 12:00:00+00:00,0,1,2025-12-08T00:00:00+00:00,2026-01-19T00:00:00+00:00,2026-01-19T00:00:00+00:00,2026-01-26T00:00:00+00:00,-768.0917536371389,53.140800646916695,-821.2325542840556,1,high,0,0.0,0,2,0,0,0,0,0,0,0,0,0,0,0,0,0,0,0,0,0,0,0,0,0,0,2,1698.523145841389,755.3586427439723,787.0186959797501,53.140800646916695,11,-0.9659258262890682,0.258819045102521,0,0,1,6.909244716555556,5.742981328027778,5.315615807527778,6.95239593825,19.08309364155556,19.860319106222224,19.066515733777777,18.396018660722223,1427.9776504355557,89.70113270638889,1313.273773081028,590.2926090344722
B3,roll_02,persistence,2026-01-21 12:00:00+00:00,2026-01-21 13:00:00+00:00,0,1,2025-12-08T00:00:00+00:00,2026-01-19T00:00:00+00:00,2026-01-19T00:00:00+00:00,2026-01-26T00:00:00+00:00,452.3195190723055,-768.0917536371389,1220.4112727094443,1,high,0,0.0,0,2,1,0,0,0,0,0,0,0,0,0,0,0,0,0,0,0,0,0,0,0,0,0,2,986.6906551339166,53.140800646916695,-140.12853059388888,-768.0917536371389,12,-1.0,1.2246467991473532e-16,0,0,1,8.880089984972221,6.181814728333333,6.909244716555556,7.796212953166666,18.484981089805554,19.29081991602777,19.08309364155556,17.971774747861108,1346.315216830611,108.82108360533334,1427.9776504355557,566.0869300739722
B3,roll_02,persistence,2026-01-21 13:00:00+00:00,2026-01-21 14:00:00+00:00,0,1,2025-12-08T00:00:00+00:00,2026-01-19T00:00:00+00:00,2026-01-19T00:00:00+00:00,2026-01-26T00:00:00+00:00,66.48684730938892,452.3195190723055,-385.8326717629166,1,med,0,0.0,0,3,0,0,0,0,0,0,0,0,0,0,0,0,0,0,0,0,0,0,0,0,0,0,2,1215.6235662438055,-768.0917536371389,90.30469802694444,452.3195190723055,13,-0.9659258262890684,-0.2588190451025208,0,0,1,10.48915223186111,6.522614021444444,8.880089984972221,7.90864646013889,18.524133185916664,19.14399669966667,18.484981089805554,17.30683716836111,1073.8044294135832,44.19311912005556,1346.315216830611,232.06871784988888
B3,roll_02,persistence,2026-01-21 14:00:00+00:00,2026-01-21 15:00:00+00:00,0,1,2025-12-08T00:00:00+00:00,2026-01-19T00:00:00+00:00,2026-01-19T00:00:00+00:00,2026-01-26T00:00:00+00:00,359.87914049975,66.48684730938892,293.3922931903611,1,med,0,0.0,0,3,0,0,0,0,0,0,0,0,0,0,0,0,0,0,0,0,0,0,0,0,0,0,2,1567.194707997861,452.3195190723055,1579.226911155389,66.48684730938892,14,-0.8660254037844388,-0.4999999999999997,0,0,1,10.873624103916669,6.668629153166666,10.48915223186111,7.004071844694444,17.64684908008333,19.106394929388888,18.524133185916664,18.014104303444444,664.2745502861944,0.0,1073.8044294135832,65.92271638830555
B3,roll_02,persistence,2026-01-21 15:00:00+00:00,2026-01-21 16:00:00+00:00,0,1,2025-12-08T00:00:00+00:00,2026-01-19T00:00:00+00:00,2026-01-19T00:00:00+00:00,2026-01-26T00:00:00+00:00,3501.792804637556,359.87914049975,3141.913664137806,1,low,0,0.0,0,2,0,0,0,0,0,0,0,0,0,0,0,0,0,0,0,0,0,0,0,0,0,0,2,1578.744458172111,66.48684730938892,1514.7609178625555,359.87914049975,15,-0.7071067811865479,-0.7071067811865471,0,0,1,9.67541222338889,6.565780549027778,10.873624103916669,6.226552915722222,17.73781377975,19.14164701436111,17.64684908008333,17.985049249555555,144.55603472877775,0.0,664.2745502861944,0.0
B3,roll_02,persistence,2026-01-21 16:00:00+00:00,2026-01-21 17:00:00+00:00,0,1,2025-12-08T00:00:00+00:00,2026-01-19T00:00:00+00:00,2026-01-19T00:00:00+00:00,2026-01-26T00:00:00+00:00,3139.28925536575,3501.792804637556,-362.50354927180615,0,night,0,0.0,0,2,0,0,0,0,0,0,0,0,0,0,0,0,0,0,0,0,0,0,0,0,0,0,2,1624.9310390754445,359.87914049975,1201.4197669487778,3501.792804637556,16,-0.5000000000000004,-0.8660254037844385,0,0,1,6.537365921777777,6.580184991083333,9.67541222338889,5.539642565916666,17.606137597472223,19.24061198258333,17.73781377975,17.38080857111111,0.0,0.0,144.55603472877775,0.0
B3,roll_02,persistence,2026-01-21 17:00:00+00:00,2026-01-21 18:00:00+00:00,0,1,2025-12-08T00:00:00+00:00,2026-01-19T00:00:00+00:00,2026-01-19T00:00:00+00:00,2026-01-26T00:00:00+00:00,3084.578836987528,3139.28925536575,-54.710418378221675,0,night,0,0.0,0,1,0,0,0,0,0,0,0,0,0,0,0,0,0,0,0,0,0,0,0,0,0,0,2,1793.6743844524724,3501.792804637556,753.0024936381111,3139.28925536575,17,-0.2588190451025206,-0.9659258262890684,0,0,1,4.898183921,6.7399584603888885,6.537365921777777,5.106537856944445,17.69062399725,18.989385271777778,17.606137597472223,17.944962672305554,0.0,0.0,0.0,0.0
B3,roll_02,persistence,2026-01-21 18:00:00+00:00,2026-01-21 19:00:00+00:00,0,1,2025-12-08T00:00:00+00:00,2026-01-19T00:00:00+00:00,2026-01-19T00:00:00+00:00,2026-01-26T00:00:00+00:00,3033.668790060889,3084.578836987528,-50.9100469266391,0,night,0,0.0,0,1,0,0,0,0,0,0,0,0,0,0,0,0,0,0,0,0,0,0,0,0,0,0,2,1048.612189175861,3139.28925536575,1059.3235259904168,3084.578836987528,18,-1.8369701987210292e-16,-1.0,0,0,1,4.040946171194444,7.065830788222222,4.898183921,5.047560526333333,17.300488013416665,19.395188082444445,17.69062399725,17.76713559486111,0.0,0.0,0.0,0.0
B3,roll_02,persistence,2026-01-21 19:00:00+00:00,2026-01-21 20:00:00+00:00,0,1,2025-12-08T00:00:00+00:00,2026-01-19T00:00:00+00:00,2026-01-19T00:00:00+00:00,2026-01-26T00:00:00+00:00,2886.9925662115,3033.668790060889,-146.67622384938886,0,night,0,0.0,0,1,0,0,0,0,0,0,0,0,0,0,0,0,0,0,0,0,0,0,0,0,0,0,2,1797.1453520931666,3084.578836987528,2397.7932220235834,3033.668790060889,19,0.2588190451025203,-0.9659258262890684,0,0,1,3.191824916555556,6.7976319745,4.040946171194444,4.7790201357777775,17.536376965666665,20.13497632016667,17.300488013416665,18.29565681925,0.0,0.0,0.0,0.0
B3,roll_02,persistence,2026-01-21 20:00:00+00:00,2026-01-21 21:00:00+00:00,0,1,2025-12-08T00:00:00+00:00,2026-01-19T00:00:00+00:00,2026-01-19T00:00:00+00:00,2026-01-26T00:00:00+00:00,2551.3509306884166,2886.9925662115,-335.64163552308355,0,night,0,0.0,0,1,0,0,0,0,0,0,0,0,0,0,0,0,0,0,0,0,0,0,0,0,0,0,2,741.7054459836112,3033.668790060889,1239.3215171065278,2886.9925662115,20,0.5000000000000001,-0.8660254037844386,0,0,1,2.487087112333333,6.660144965333333,3.191824916555556,4.616484813166667,17.762063201333333,19.98757817386112,17.536376965666665,18.163473134916668,0.0,0.0,0.0,0.0
B3,roll_02,persistence,2026-01-21 21:00:00+00:00,2026-01-21 22:00:00+00:00,0,1,2025-12-08T00:00:00+00:00,2026-01-19T00:00:00+00:00,2026-01-19T00:00:00+00:00,2026-01-26T00:00:00+00:00,2388.614872440278,2551.3509306884166,-162.73605824813876,0,night,0,0.0,0,1,0,0,0,0,0,0,0,0,0,0,0,0,0,0,0,0,0,0,0,0,0,0,2,554.3527368332501,2886.9925662115,1097.120321607,2551.3509306884166,21,0.7071067811865474,-0.7071067811865477,0,0,1,1.9324537458333333,6.3999320517500005,2.487087112333333,3.733819858222222,17.464727486527778,19.87022840075,17.762063201333333,17.823669394694445,0.0,0.0,0.0,0.0
B3,roll_02,persistence,2026-01-21 22:00:00+00:00,2026-01-21 23:00:00+00:00,0,1,2025-12-08T00:00:00+00:00,2026-01-19T00:00:00+00:00,2026-01-19T00:00:00+00:00,2026-01-26T00:00:00+00:00,1967.8965871302496,2388.614872440278,-420.71828531002825,0,night,0,0.0,0,1,0,0,0,0,0,0,0,0,0,0,0,0,0,0,0,0,0,0,0,0,0,0,2,374.6190320515,2551.3509306884166,532.8753846346667,2388.614872440278,22,0.8660254037844384,-0.5000000000000004,0,0,1,1.30014670125,6.275947400166667,1.9324537458333333,2.806227175638889,17.690357956194443,19.746410043166662,17.464727486527778,21.387805783944444,0.0,0.0,0.0,0.0
B3,roll_02,persistence,2026-01-21 23:00:00+00:00,2026-01-22 00:00:00+00:00,0,1,2025-12-08T00:00:00+00:00,2026-01-19T00:00:00+00:00,2026-01-19T00:00:00+00:00,2026-01-26T00:00:00+00:00,387.7841801272222,1967.8965871302496,-1580.1124070030273,0,night,0,0.0,0,1,0,0,0,0,0,0,0,0,0,0,0,0,0,0,0,0,0,0,0,0,0,0,2,391.3148025667222,2388.614872440278,374.928417115,1967.8965871302496,23,0.965925826289068,-0.2588190451025215,0,0,1,0.8794424397222222,6.070554045388889,1.30014670125,2.466718193027777,17.751566612944444,20.0141855075,17.690357956194443,17.90830201163889,0.0,0.0,0.0,0.0
B3,roll_02,persistence,2026-01-22 00:00:00+00:00,2026-01-22 01:00:00+00:00,0,1,2025-12-08T00:00:00+00:00,2026-01-19T00:00:00+00:00,2026-01-19T00:00:00+00:00,2026-01-26T00:00:00+00:00,375.648988568,387.7841801272222,-12.135191559222221,0,night,0,0.0,0,1,0,0,0,0,0,0,0,0,0,0,0,0,0,0,0,0,0,0,0,0,0,0,3,367.0031919465834,1967.8965871302496,373.7627816694167,387.7841801272222,0,1.0,0.0,0,0,1,0.7327373778333334,6.013936589527778,0.8794424397222222,1.8242255221388888,18.514657144027776,20.45064362852778,17.751566612944444,18.307477434611112,0.0,0.0,0.0,0.0
B3,roll_02,persistence,2026-01-22 01:00:00+00:00,2026-01-22 02:00:00+00:00,0,1,2025-12-08T00:00:00+00:00,2026-01-19T00:00:00+00:00,2026-01-19T00:00:00+00:00,2026-01-26T00:00:00+00:00,370.6715177761111,375.648988568,-4.977470791888891,0,night,0,0.0,0,1,0,0,0,0,0,0,0,0,0,0,0,0,0,0,0,0,0,0,0,0,0,0,3,371.0505770755,387.7841801272222,382.08433273438885,375.648988568,1,0.9659258262890684,0.2588190451025207,0,0,1,0.5019400923611111,6.036887216611111,0.7327373778333334,1.5080317470555558,18.432809342444443,20.43497777380556,18.514657144027776,18.29967807894444,0.0,0.0,0.0,0.0
B3,roll_02,persistence,2026-01-22 02:00:00+00:00,2026-01-22 03:00:00+00:00,0,1,2025-12-08T00:00:00+00:00,2026-01-19T00:00:00+00:00,2026-01-19T00:00:00+00:00,2026-01-26T00:00:00+00:00,372.0987236639445,370.6715177761111,1.427205887833395,0,night,0,0.0,0,1,0,0,0,0,0,0,0,0,0,0,0,0,0,0,0,0,0,0,0,0,0,0,3,364.3398802528056,375.648988568,365.3667726035,370.6715177761111,2,0.8660254037844387,0.4999999999999999,0,0,1,0.3487736218611111,6.034736897444444,0.5019400923611111,1.2603411373055555,18.54445086038889,20.54579069075,18.432809342444443,18.21223012147222,0.0,0.0,0.0,0.0
B3,roll_02,persistence,2026-01-22 03:00:00+00:00,2026-01-22 04:00:00+00:00,0,1,2025-12-08T00:00:00+00:00,2026-01-19T00:00:00+00:00,2026-01-19T00:00:00+00:00,2026-01-26T00:00:00+00:00,1036.0452877571945,372.0987236639445,663.94656409325,0,night,0,0.0,0,1,0,0,0,0,0,0,0,0,0,0,0,0,0,0,0,0,0,0,0,0,0,0,3,373.5574161077223,370.6715177761111,371.9783939987778,372.0987236639445,3,0.7071067811865476,0.7071067811865476,0,0,1,0.2133146070555555,5.914457750944444,0.3487736218611111,0.6434714743888889,18.459798990916667,20.35707342683333,18.54445086038889,18.30506088336111,0.0,0.0,0.0,0.0
B3,roll_02,persistence,2026-01-22 04:00:00+00:00,2026-01-22 05:00:00+00:00,0,1,2025-12-08T00:00:00+00:00,2026-01-19T00:00:00+00:00,2026-01-19T00:00:00+00:00,2026-01-26T00:00:00+00:00,1958.2742827319444,1036.0452877571945,922.2289949747499,0,night,0,0.0,0,0,0,0,0,0,0,0,0,0,0,0,0,0,0,0,0,0,0,0,0,0,0,0,3,1052.1522978683056,372.0987236639445,1049.641280434889,1036.0452877571945,4,0.5000000000000001,0.8660254037844386,0,0,1,-0.1355967138611111,5.925028980166666,0.2133146070555555,0.5259598769722222,18.305206327277777,20.59579628066667,18.459798990916667,18.346101567916666,0.0,0.0,0.0,0.0
B3,roll_02,persistence,2026-01-22 05:00:00+00:00,2026-01-22 06:00:00+00:00,0,1,2025-12-08T00:00:00+00:00,2026-01-19T00:00:00+00:00,2026-01-19T00:00:00+00:00,2026-01-26T00:00:00+00:00,1980.8106362188057,1958.2742827319444,22.536353486861344,0,night,0,0.0,0,0,0,0,0,0,0,0,0,0,0,0,0,0,0,0,0,0,0,0,0,0,0,0,3,2039.245831840444,1036.0452877571945,2165.628261214222,1958.2742827319444,5,0.2588190451025207,0.9659258262890684,0,0,1,-0.2067956863333333,5.866083384027778,-0.1355967138611111,0.3656367874444444,18.570810667694445,20.27639611691667,18.305206327277777,18.44876204208333,0.0,0.0,0.0,0.0
B3,roll_02,persistence,2026-01-22 06:00:00+00:00,2026-01-22 07:00:00+00:00,0,1,2025-12-08T00:00:00+00:00,2026-01-19T00:00:00+00:00,2026-01-19T00:00:00+00:00,2026-01-26T00:00:00+00:00,1778.5049296098057,1980.8106362188057,-202.30570660900003,0,night,0,0.0,0,0,0,0,0,0,0,0,0,0,0,0,0,0,0,0,0,0,0,0,0,0,0,0,3,2008.2256900938053,1958.2742827319444,2007.6322741502224,1980.8106362188057,6,6.123233995736766e-17,1.0,0,0,1,-0.3390546419444444,5.855689930055555,-0.2067956863333333,0.0914363476111111,18.560011663194445,19.47680676319445,18.570810667694445,18.20441595636111,0.0,0.0,0.0,0.0
B3,roll_02,persistence,2026-01-22 07:00:00+00:00,2026-01-22 08:00:00+00:00,0,1,2025-12-08T00:00:00+00:00,2026-01-19T00:00:00+00:00,2026-01-19T00:00:00+00:00,2026-01-26T00:00:00+00:00,1415.566902312361,1778.5049296098057,-362.9380272974447,1,low,0,0.0,0,1,0,0,0,0,0,0,0,0,0,0,0,0,0,0,0,0,0,0,0,0,0,0,3,1864.800559224361,1980.8106362188057,1787.7926135424725,1778.5049296098057,7,-0.2588190451025206,0.9659258262890684,0,0,1,0.0412508166666666,5.939965576,-0.3390546419444444,0.4624889772777778,18.17753363780556,18.746181867083333,18.560011663194445,18.099627230388887,50.5301981471389,0.0,0.0,88.74529710644445
B3,roll_02,persistence,2026-01-22 08:00:00+00:00,2026-01-22 09:00:00+00:00,0,1,2025-12-08T00:00:00+00:00,2026-01-19T00:00:00+00:00,2026-01-19T00:00:00+00:00,2026-01-26T00:00:00+00:00,1170.112685329639,1415.566902312361,-245.45421698272207,1,med,0,0.0,0,1,0,0,0,0,0,0,0,0,0,0,0,0,0,0,0,0,0,0,0,0,0,0,3,1891.1646381102776,1778.5049296098057,1396.283928898889,1415.566902312361,8,-0.4999999999999998,0.8660254037844387,0,0,1,1.056784193527778,6.0540732603333325,0.0412508166666666,2.0457270672222223,18.45113440808333,19.051684740972224,18.17753363780556,18.33234830197222,442.9227532967777,0.0,50.5301981471389,506.86706511469447
B3,roll_02,persistence,2026-01-22 09:00:00+00:00,2026-01-22 10:00:00+00:00,0,1,2025-12-08T00:00:00+00:00,2026-01-19T00:00:00+00:00,2026-01-19T00:00:00+00:00,2026-01-26T00:00:00+00:00,912.1677645943888,1170.112685329639,-257.9449207352501,1,med,0,0.0,0,1,0,0,0,0,0,0,0,0,0,0,0,0,0,0,0,0,0,0,0,0,0,0,3,1853.015352479528,1415.566902312361,1012.9496219223612,1170.112685329639,9,-0.7071067811865475,0.7071067811865476,0,0,1,2.4946484179722224,6.356309699972222,1.056784193527778,3.9313944355833335,18.912593772,20.157227171944445,18.45113440808333,18.699979865277776,833.8091316924166,71.04931229527777,442.9227532967777,949.0842489008888
B3,roll_02,persistence,2026-01-22 10:00:00+00:00,2026-01-22 11:00:00+00:00,0,1,2025-12-08T00:00:00+00:00,2026-01-19T00:00:00+00:00,2026-01-19T00:00:00+00:00,2026-01-26T00:00:00+00:00,979.6024800058332,912.1677645943888,67.43471541144436,1,med,0,0.0,0,1,0,0,0,0,0,0,0,0,0,0,0,0,0,0,0,0,0,0,0,0,0,0,3,1753.4225527633614,1170.112685329639,755.3586427439723,912.1677645943888,10,-0.8660254037844387,0.4999999999999999,0,0,1,3.215811578611111,7.095990240444444,2.4946484179722224,5.315615807527778,19.38619283925,19.88121188980556,18.912593772,19.066515733777777,1190.1841393934444,190.55258295625003,833.8091316924166,1313.273773081028
B3,roll_02,persistence,2026-01-22 11:00:00+00:00,2026-01-22 12:00:00+00:00,0,1,2025-12-08T00:00:00+00:00,2026-01-19T00:00:00+00:00,2026-01-19T00:00:00+00:00,2026-01-26T00:00:00+00:00,926.4931066359444,979.6024800058332,-53.10937336988877,1,med,0,0.0,0,1,0,0,0,0,0,0,0,0,0,0,0,0,0,0,0,0,0,0,0,0,0,0,3,1683.7846975026666,912.1677645943888,53.140800646916695,979.6024800058332,11,-0.9659258262890682,0.258819045102521,0,0,1,4.084419063944444,7.735721079805555,3.215811578611111,6.909244716555556,19.31657935863889,23.38672065052777,19.38619283925,19.08309364155556,1082.5123078365275,176.48683570197224,1190.1841393934444,1427.9776504355557
B3,roll_02,persistence,2026-01-22 12:00:00+00:00,2026-01-22 13:00:00+00:00,0,1,2025-12-08T00:00:00+00:00,2026-01-19T00:00:00+00:00,2026-01-19T00:00:00+00:00,2026-01-26T00:00:00+00:00,-104.81881332361114,926.4931066359444,-1031.3119199595556,1,med,0,0.0,0,2,0,0,0,0,0,0,0,0,0,0,0,0,0,0,0,0,0,0,0,0,0,0,3,662.9256880891389,979.6024800058332,-768.0917536371389,926.4931066359444,12,-1.0,1.2246467991473532e-16,0,0,1,5.38599788475,7.640280755611111,4.084419063944444,8.880089984972221,19.65373982686111,18.96813179475,19.31657935863889,18.484981089805554,1175.6683752016668,137.67527449247223,1082.5123078365275,1346.315216830611
B3,roll_02,persistence,2026-01-22 13:00:00+00:00,2026-01-22 14:00:00+00:00,0,1,2025-12-08T00:00:00+00:00,2026-01-19T00:00:00+00:00,2026-01-19T00:00:00+00:00,2026-01-26T00:00:00+00:00,1036.759236264139,-104.81881332361114,1141.57804958775,1,med,0,0.0,0,2,1,0,0,0,0,0,0,0,0,0,0,0,0,0,0,0,0,0,0,0,0,0,3,1670.502586263833,926.4931066359444,452.3195190723055,-104.81881332361114,13,-0.9659258262890684,-0.2588190451025208,0,0,1,6.27195117888889,7.717073466916666,5.38599788475,10.48915223186111,18.68513766694445,19.995219474666666,19.65373982686111,18.524133185916664,952.1943599062224,89.73333983747223,1175.6683752016668,1073.8044294135832
B3,roll_02,persistence,2026-01-22 14:00:00+00:00,2026-01-22 15:00:00+00:00,0,1,2025-12-08T00:00:00+00:00,2026-01-19T00:00:00+00:00,2026-01-19T00:00:00+00:00,2026-01-26T00:00:00+00:00,1095.6600237501943,1036.759236264139,58.90078748605538,1,med,0,0.0,0,2,0,0,0,0,0,0,0,0,0,0,0,0,0,0,0,0,0,0,0,0,0,0,3,1481.236402503917,-104.81881332361114,66.48684730938892,1036.759236264139,14,-0.8660254037844388,-0.4999999999999997,0,0,1,7.388014486055556,7.777161936083334,6.27195117888889,10.873624103916669,18.11838555286111,18.998335135416667,18.68513766694445,17.64684908008333,761.2699456159722,15.6927846945,952.1943599062224,664.2745502861944
B3,roll_02,persistence,2026-01-22 15:00:00+00:00,2026-01-22 16:00:00+00:00,0,1,2025-12-08T00:00:00+00:00,2026-01-19T00:00:00+00:00,2026-01-19T00:00:00+00:00,2026-01-26T00:00:00+00:00,2940.7578966023334,1095.6600237501943,1845.097872852139,1,low,0,0.0,0,2,0,0,0,0,0,0,0,0,0,0,0,0,0,0,0,0,0,0,0,0,0,0,3,885.3972389852223,1036.759236264139,359.87914049975,1095.6600237501943,15,-0.7071067811865479,-0.7071067811865471,0,0,1,6.172030068638889,7.587229790388889,7.388014486055556,9.67541222338889,17.8214131055,18.903532724861112,18.11838555286111,17.73781377975,67.57647916191668,0.0,761.2699456159722,144.55603472877775
B3,roll_02,persistence,2026-01-22 16:00:00+00:00,2026-01-22 17:00:00+00:00,0,1,2025-12-08T00:00:00+00:00,2026-01-19T00:00:00+00:00,2026-01-19T00:00:00+00:00,2026-01-26T00:00:00+00:00,1509.757366554472,2940.7578966023334,-1431.0005300478615,0,night,0,0.0,0,1,0,0,0,0,0,0,0,0,0,0,0,0,0,0,0,0,0,0,0,0,0,0,3,1797.5373261431112,1095.6600237501943,3501.792804637556,2940.7578966023334,16,-0.5000000000000004,-0.8660254037844385,0,0,1,3.513001024222222,7.352740038694445,6.172030068638889,6.537365921777777,17.972978045416667,19.207566096138887,17.8214131055,17.606137597472223,0.0,0.0,67.57647916191668,0.0
B3,roll_02,persistence,2026-01-22 17:00:00+00:00,2026-01-22 18:00:00+00:00,0,1,2025-12-08T00:00:00+00:00,2026-01-19T00:00:00+00:00,2026-01-19T00:00:00+00:00,2026-01-26T00:00:00+00:00,1902.4201895734168,1509.757366554472,392.6628230189449,0,night,0,0.0,0,1,0,0,0,0,0,0,0,0,0,0,0,0,0,0,0,0,0,0,0,0,0,0,3,1346.1776368881667,2940.7578966023334,3139.28925536575,1509.757366554472,17,-0.2588190451025206,-0.9659258262890684,0,0,1,2.803270102555556,7.210672752555555,3.513001024222222,4.898183921,18.275116791861112,19.75528769888889,17.972978045416667,17.69062399725,0.0,0.0,0.0,0.0
B3,roll_02,persistence,2026-01-22 18:00:00+00:00,2026-01-22 19:00:00+00:00,0,1,2025-12-08T00:00:00+00:00,2026-01-19T00:00:00+00:00,2026-01-19T00:00:00+00:00,2026-01-26T00:00:00+00:00,1073.8756977925275,1902.4201895734168,-828.5444917808893,0,night,0,0.0,0,1,0,0,0,0,0,0,0,0,0,0,0,0,0,0,0,0,0,0,0,0,0,0,3,2386.9593965361114,1509.757366554472,3084.578836987528,1902.4201895734168,18,-1.8369701987210292e-16,-1.0,0,0,1,2.0540354806944445,6.914773931666667,2.803270102555556,4.040946171194444,18.52226880861112,19.750921251194445,18.275116791861112,17.300488013416665,0.0,0.0,0.0,0.0
B3,roll_02,persistence,2026-01-22 19:00:00+00:00,2026-01-22 20:00:00+00:00,0,1,2025-12-08T00:00:00+00:00,2026-01-19T00:00:00+00:00,2026-01-19T00:00:00+00:00,2026-01-26T00:00:00+00:00,1112.6407676563056,1073.8756977925275,38.76506986377808,0,night,0,0.0,0,1,0,0,0,0,0,0,0,0,0,0,0,0,0,0,0,0,0,0,0,0,0,0,3,1666.5948316020276,1902.4201895734168,3033.668790060889,1073.8756977925275,19,0.2588190451025203,-0.9659258262890684,0,0,1,1.7490800439444445,6.321510255361112,2.0540354806944445,3.191824916555556,18.13564327775,19.999823462166667,18.52226880861112,17.536376965666665,0.0,0.0,0.0,0.0
B3,roll_02,persistence,2026-01-22 20:00:00+00:00,2026-01-22 21:00:00+00:00,0,1,2025-12-08T00:00:00+00:00,2026-01-19T00:00:00+00:00,2026-01-19T00:00:00+00:00,2026-01-26T00:00:00+00:00,565.8491807108888,1112.6407676563056,-546.7915869454167,0,night,0,0.0,0,1,0,0,0,0,0,0,0,0,0,0,0,0,0,0,0,0,0,0,0,0,0,0,3,1076.4033323202225,1073.8756977925275,2886.9925662115,1112.6407676563056,20,0.5000000000000001,-0.8660254037844386,0,0,1,1.6065832648333334,6.225941869694444,1.7490800439444445,2.487087112333333,18.311032115555555,19.716939268694443,18.13564327775,17.762063201333333,0.0,0.0,0.0,0.0
B3,roll_02,persistence,2026-01-22 21:00:00+00:00,2026-01-22 22:00:00+00:00,0,1,2025-12-08T00:00:00+00:00,2026-01-19T00:00:00+00:00,2026-01-19T00:00:00+00:00,2026-01-26T00:00:00+00:00,473.87890895927785,565.8491807108888,-91.970271751611,0,night,0,0.0,0,1,0,0,0,0,0,0,0,0,0,0,0,0,0,0,0,0,0,0,0,0,0,0,3,1005.1173250451112,1112.6407676563056,2551.3509306884166,565.8491807108888,21,0.7071067811865474,-0.7071067811865477,0,0,1,1.2826967101944444,6.317871820055555,1.6065832648333334,1.9324537458333333,17.99547290261111,19.756443385166666,18.311032115555555,17.464727486527778,0.0,0.0,0.0,0.0
B3,roll_02,persistence,2026-01-22 22:00:00+00:00,2026-01-22 23:00:00+00:00,0,1,2025-12-08T00:00:00+00:00,2026-01-19T00:00:00+00:00,2026-01-19T00:00:00+00:00,2026-01-26T00:00:00+00:00,367.6513029880277,473.87890895927785,-106.22760597125017,0,night,0,0.0,0,1,0,0,0,0,0,0,0,0,0,0,0,0,0,0,0,0,0,0,0,0,0,0,3,480.00597344519446,565.8491807108888,2388.614872440278,473.87890895927785,22,0.8660254037844384,-0.5000000000000004,0,0,1,1.3345326389722223,6.12952082225,1.2826967101944444,1.30014670125,18.07674242205556,19.991357907416667,17.99547290261111,17.690357956194443,0.0,0.0,0.0,0.0
B3,roll_02,persistence,2026-01-22 23:00:00+00:00,2026-01-23 00:00:00+00:00,0,1,2025-12-08T00:00:00+00:00,2026-01-19T00:00:00+00:00,2026-01-19T00:00:00+00:00,2026-01-26T00:00:00+00:00,367.96108710394446,367.6513029880277,0.30978411591678423,0,night,0,0.0,0,1,0,1,1,0,3,0,0,0,1,0,1,0,1,0,0,0,1,0,0,0,0,0,3,479.6300936403031,473.87890895927785,1967.8965871302496,367.6513029880277,23,0.965925826289068,-0.2588190451025215,0,0,1,1.6309106950555554,6.380006211722222,1.3345326389722223,0.8794424397222222,18.345077110444443,20.516338076272728,18.07674242205556,17.751566612944444,0.0,0.0,0.0,0.0
B3,roll_02,persistence,2026-01-23 00:00:00+00:00,2026-01-23 01:00:00+00:00,0,1,2025-12-08T00:00:00+00:00,2026-01-19T00:00:00+00:00,2026-01-19T00:00:00+00:00,2026-01-26T00:00:00+00:00,369.3633806425278,367.96108710394446,1.402293538583308,0,night,0,0.0,0,1,0,1,1,0,3,0,0,0,1,0,1,0,1,0,0,0,1,0,0,0,0,0,4,436.11526816900937,367.6513029880277,387.7841801272222,367.96108710394446,0,1.0,0.0,0,0,1,1.3322522275277775,6.179232263,1.6309106950555554,0.7327373778333334,18.412130332527777,20.644644640187085,18.345077110444443,18.514657144027776,0.0,0.0,0.0,0.0
B3,roll_02,persistence,2026-01-23 01:00:00+00:00,2026-01-23 02:00:00+00:00,0,1,2025-12-08T00:00:00+00:00,2026-01-19T00:00:00+00:00,2026-01-19T00:00:00+00:00,2026-01-26T00:00:00+00:00,364.6717208964722,369.3633806425278,-4.691659746055564,0,night,0,0.0,0,1,0,1,1,0,3,0,0,0,1,0,1,0,1,0,0,0,1,0,0,0,0,0,4,363.3156685093611,367.96108710394446,375.648988568,369.3633806425278,1,0.9659258262890684,0.2588190451025207,0,0,1,1.58879370875,6.335631528111112,1.3322522275277775,0.5019400923611111,18.522961206138888,20.570585093833333,18.412130332527777,18.432809342444443,0.0,0.0,0.0,0.0
B3,roll_02,persistence,2026-01-23 02:00:00+00:00,2026-01-23 03:00:00+00:00,0,1,2025-12-08T00:00:00+00:00,2026-01-19T00:00:00+00:00,2026-01-19T00:00:00+00:00,2026-01-26T00:00:00+00:00,368.5853674459444,364.6717208964722,3.913646549472219,0,night,0,0.0,0,1,0,0,0,0,0,0,0,0,0,0,0,0,0,0,0,0,0,0,0,0,0,0,4,402.5595977328056,369.3633806425278,370.6715177761111,364.6717208964722,2,0.8660254037844387,0.4999999999999999,0,0,1,2.072341584194444,6.396147497388889,1.58879370875,0.3487736218611111,18.394230225944444,20.26279251922222,18.522961206138888,18.54445086038889,0.0,0.0,0.0,0.0
B3,roll_02,persistence,2026-01-23 03:00:00+00:00,2026-01-23 04:00:00+00:00,0,1,2025-12-08T00:00:00+00:00,2026-01-19T00:00:00+00:00,2026-01-19T00:00:00+00:00,2026-01-26T00:00:00+00:00,1077.5376334153334,368.5853674459444,708.9522659693889,0,night,0,0.0,0,1,0,0,0,0,0,0,0,0,0,0,0,0,0,0,0,0,0,0,0,0,0,0,4,399.17939954838886,364.6717208964722,372.0987236639445,368.5853674459444,3,0.7071067811865476,0.7071067811865476,0,0,1,2.1618301728333336,6.315615564583333,2.072341584194444,0.2133146070555555,18.33168606486112,20.336075921944445,18.394230225944444,18.459798990916667,0.0,0.0,0.0,0.0
B3,roll_02,persistence,2026-01-23 04:00:00+00:00,2026-01-23 05:00:00+00:00,0,1,2025-12-08T00:00:00+00:00,2026-01-19T00:00:00+00:00,2026-01-19T00:00:00+00:00,2026-01-26T00:00:00+00:00,2595.650702010778,1077.5376334153334,1518.1130685954445,0,night,0,0.0,0,1,0,0,0,0,0,0,0,0,0,0,0,0,0,0,0,0,0,0,0,0,0,0,4,1076.4506056084722,368.5853674459444,1036.0452877571945,1077.5376334153334,4,0.5000000000000001,0.8660254037844386,0,0,1,2.4079966898333334,6.319809020444445,2.1618301728333336,-0.1355967138611111,18.65893950025,20.54722971761112,18.33168606486112,18.305206327277777,0.0,0.0,0.0,0.0
B3,roll_02,persistence,2026-01-23 05:00:00+00:00,2026-01-23 06:00:00+00:00,0,1,2025-12-08T00:00:00+00:00,2026-01-19T00:00:00+00:00,2026-01-19T00:00:00+00:00,2026-01-26T00:00:00+00:00,2229.0674939791948,2595.650702010778,-366.5832080315831,0,night,0,0.0,0,1,0,0,0,0,0,0,0,0,0,0,0,0,0,0,0,0,0,0,0,0,0,0,4,2002.717169422556,1077.5376334153334,1958.2742827319444,2595.650702010778,5,0.2588190451025207,0.9659258262890684,0,0,1,2.3870737601111114,6.480166650444445,2.4079966898333334,-0.2067956863333333,18.58098035247222,20.62937870683333,18.65893950025,18.570810667694445,0.0,0.0,0.0,0.0
B3,roll_02,persistence,2026-01-23 06:00:00+00:00,2026-01-23 07:00:00+00:00,0,1,2025-12-08T00:00:00+00:00,2026-01-19T00:00:00+00:00,2026-01-19T00:00:00+00:00,2026-01-26T00:00:00+00:00,1956.5605310417773,2229.0674939791948,-272.5069629374175,0,night,0,0.0,0,1,0,0,0,0,0,0,0,0,0,0,0,0,0,0,0,0,0,0,0,0,0,0,4,2477.7992105114445,2595.650702010778,1980.8106362188057,2229.0674939791948,6,6.123233995736766e-17,1.0,0,0,1,2.86016758225,6.526934920555555,2.3870737601111114,-0.3390546419444444,18.59333267108333,19.989256890694445,18.58098035247222,18.560011663194445,0.0,0.0,0.0,0.0
B3,roll_02,persistence,2026-01-23 07:00:00+00:00,2026-01-23 08:00:00+00:00,0,1,2025-12-08T00:00:00+00:00,2026-01-19T00:00:00+00:00,2026-01-19T00:00:00+00:00,2026-01-26T00:00:00+00:00,1820.3555307953327,1956.5605310417773,-136.20500024644457,1,low,0,0.0,0,1,0,0,0,0,0,0,0,0,0,0,0,0,0,0,0,0,0,0,0,0,0,0,4,2372.8508934692777,2229.0674939791948,1778.5049296098057,1956.5605310417773,7,-0.2588190451025206,0.9659258262890684,0,0,1,2.925855649944445,6.51837168525,2.86016758225,0.0412508166666666,18.58286181677777,19.50656841447222,18.59333267108333,18.17753363780556,13.610436851555557,0.0,0.0,50.5301981471389
B3,roll_02,persistence,2026-01-23 08:00:00+00:00,2026-01-23 09:00:00+00:00,0,1,2025-12-08T00:00:00+00:00,2026-01-19T00:00:00+00:00,2026-01-19T00:00:00+00:00,2026-01-26T00:00:00+00:00,2016.7762660696944,1820.3555307953327,196.42073527436173,1,low,0,0.0,0,1,0,0,0,0,0,0,0,0,0,0,0,0,0,0,0,0,0,0,0,0,0,0,4,1713.0605896702225,1956.5605310417773,1415.566902312361,1820.3555307953327,8,-0.4999999999999998,0.8660254037844387,0,0,1,3.784128624555555,6.70613304075,2.925855649944445,1.056784193527778,18.901513842444444,19.7554677515,18.58286181677777,18.45113440808333,145.74993311175,219.2942974313056,13.610436851555557,442.9227532967777
B3,roll_02,persistence,2026-01-23 09:00:00+00:00,2026-01-23 10:00:00+00:00,0,1,2025-12-08T00:00:00+00:00,2026-01-19T00:00:00+00:00,2026-01-19T00:00:00+00:00,2026-01-26T00:00:00+00:00,1936.420994131,2016.7762660696944,-80.35527193869439,1,low,0,0.0,0,1,0,0,0,0,0,0,0,0,0,0,0,0,0,0,0,0,0,0,0,0,0,0,4,1442.9932598915832,1820.3555307953327,1170.112685329639,2016.7762660696944,9,-0.7071067811865475,0.7071067811865476,0,0,1,4.780561090416667,7.120510198722222,3.784128624555555,2.4946484179722224,18.886623428750003,19.877659039055555,18.901513842444444,18.912593772,232.31283958127776,397.3280925458334,145.74993311175,833.8091316924166
B3,roll_02,persistence,2026-01-23 10:00:00+00:00,2026-01-23 11:00:00+00:00,0,1,2025-12-08T00:00:00+00:00,2026-01-19T00:00:00+00:00,2026-01-19T00:00:00+00:00,2026-01-26T00:00:00+00:00,1576.1195596841944,1936.420994131,-360.3014344468056,1,low,0,0.0,0,2,0,0,0,0,0,0,0,0,0,0,0,0,0,0,0,0,0,0,0,0,0,0,4,1623.9131629396943,2016.7762660696944,912.1677645943888,1936.420994131,10,-0.8660254037844387,0.4999999999999999,0,0,1,5.483105661972222,7.606124750555556,4.780561090416667,3.215811578611111,18.61690110308333,19.85123305425,18.886623428750003,19.38619283925,231.00179334266667,176.83669021891663,232.31283958127776,1190.1841393934444
B3,roll_02,persistence,2026-01-23 11:00:00+00:00,2026-01-23 12:00:00+00:00,0,1,2025-12-08T00:00:00+00:00,2026-01-19T00:00:00+00:00,2026-01-19T00:00:00+00:00,2026-01-26T00:00:00+00:00,1707.01032054225,1576.1195596841944,130.8907608580555,1,low,0,0.0,0,2,0,0,0,0,0,0,0,0,0,0,0,0,0,0,0,0,0,0,0,0,0,0,4,490.20504058097225,1936.420994131,979.6024800058332,1576.1195596841944,11,-0.9659258262890682,0.258819045102521,0,0,1,6.005421360722223,8.054131653722223,5.483105661972222,4.084419063944444,18.975925773527777,19.50173812611111,18.61690110308333,19.31657935863889,305.4964137123056,96.41320922194444,231.00179334266667,1082.5123078365275
B3,roll_02,persistence,2026-01-23 12:00:00+00:00,2026-01-23 13:00:00+00:00,0,1,2025-12-08T00:00:00+00:00,2026-01-19T00:00:00+00:00,2026-01-19T00:00:00+00:00,2026-01-26T00:00:00+00:00,2214.146590013028,1707.01032054225,507.13626947077796,1,low,0,0.0,0,2,0,0,0,0,0,0,0,0,0,0,0,0,0,0,0,0,0,0,0,0,0,0,4,1595.4900083538612,1576.1195596841944,926.4931066359444,1707.01032054225,12,-1.0,1.2246467991473532e-16,0,0,1,6.755185106222222,7.894125589972222,6.005421360722223,5.38599788475,18.9128849575,19.87244296738889,18.975925773527777,19.65373982686111,277.5941901626389,92.09759563077776,305.4964137123056,1175.6683752016668
B3,roll_02,persistence,2026-01-23 13:00:00+00:00,2026-01-23 14:00:00+00:00,0,1,2025-12-08T00:00:00+00:00,2026-01-19T00:00:00+00:00,2026-01-19T00:00:00+00:00,2026-01-26T00:00:00+00:00,2195.8262186153333,2214.146590013028,-18.320371397694544,1,low,0,0.0,0,2,0,0,0,0,0,0,0,0,0,0,0,0,0,0,0,0,0,0,0,0,0,0,4,701.5758242305001,1707.01032054225,-104.81881332361114,2214.146590013028,13,-0.9659258262890684,-0.2588190451025208,0,0,1,6.862749878222222,8.179940411916666,6.755185106222222,6.27195117888889,22.81537184433333,19.473662514111112,18.9128849575,18.68513766694445,104.38236414708336,166.040840057,277.5941901626389,952.1943599062224
B3,roll_02,persistence,2026-01-23 14:00:00+00:00,2026-01-23 15:00:00+00:00,0,1,2025-12-08T00:00:00+00:00,2026-01-19T00:00:00+00:00,2026-01-19T00:00:00+00:00,2026-01-26T00:00:00+00:00,2527.9803929520835,2195.8262186153333,332.1541743367502,1,low,0,0.0,0,2,0,0,0,0,0,0,0,0,0,0,0,0,0,0,0,0,0,0,0,0,0,0,4,1952.1323181944445,2214.146590013028,1036.759236264139,2195.8262186153333,14,-0.8660254037844388,-0.4999999999999997,0,0,1,5.7134238162777775,8.302941039805555,6.862749878222222,7.388014486055556,18.83056621691667,19.448341239055555,22.81537184433333,18.11838555286111,20.72892640275,27.528722678833333,104.38236414708336,761.2699456159722
B3,roll_02,persistence,2026-01-23 15:00:00+00:00,2026-01-23 16:00:00+00:00,0,1,2025-12-08T00:00:00+00:00,2026-01-19T00:00:00+00:00,2026-01-19T00:00:00+00:00,2026-01-26T00:00:00+00:00,2048.975809514583,2527.9803929520835,-479.0045834375005,1,night,0,0.0,0,2,0,0,0,0,0,0,0,0,0,0,0,0,0,0,0,0,0,0,0,0,0,0,4,573.8755752583612,2195.8262186153333,1095.6600237501943,2527.9803929520835,15,-0.7071067811865479,-0.7071067811865471,0,0,1,5.713572192777778,8.416783751555556,5.7134238162777775,6.172030068638889,18.771297444972223,18.75333884008333,18.83056621691667,17.8214131055,0.0,0.0,20.72892640275,67.57647916191668
B3,roll_02,persistence,2026-01-23 16:00:00+00:00,2026-01-23 17:00:00+00:00,0,1,2025-12-08T00:00:00+00:00,2026-01-19T00:00:00+00:00,2026-01-19T00:00:00+00:00,2026-01-26T00:00:00+00:00,1253.307754251361,2048.975809514583,-795.668055263222,0,night,0,0.0,0,2,0,0,0,0,0,0,0,0,0,0,0,0,0,0,0,0,0,0,0,0,0,0,4,1748.7442167502777,2527.9803929520835,2940.7578966023334,2048.975809514583,16,-0.5000000000000004,-0.8660254037844385,0,0,1,5.802371368194444,8.520774253777779,5.713572192777778,3.513001024222222,18.720766871444443,20.16664298611111,18.771297444972223,17.972978045416667,0.0,0.0,0.0,0.0
B3,roll_02,persistence,2026-01-23 17:00:00+00:00,2026-01-23 18:00:00+00:00,0,1,2025-12-08T00:00:00+00:00,2026-01-19T00:00:00+00:00,2026-01-19T00:00:00+00:00,2026-01-26T00:00:00+00:00,2022.5164028016115,1253.307754251361,769.2086485502505,0,night,0,0.0,0,2,0,0,0,0,0,0,0,0,0,0,0,0,0,0,0,0,0,0,0,0,0,0,4,1779.3662909536945,2048.975809514583,1509.757366554472,1253.307754251361,17,-0.2588190451025206,-0.9659258262890684,0,0,1,5.091072229027778,8.07320388525,5.802371368194444,2.803270102555556,17.994156679944442,19.575921534027778,18.720766871444443,18.275116791861112,0.0,0.0,0.0,0.0
B3,roll_02,persistence,2026-01-23 18:00:00+00:00,2026-01-23 19:00:00+00:00,0,1,2025-12-08T00:00:00+00:00,2026-01-19T00:00:00+00:00,2026-01-19T00:00:00+00:00,2026-01-26T00:00:00+00:00,1067.3991769345832,2022.5164028016115,-955.1172258670283,0,night,0,0.0,0,1,0,0,0,0,0,0,0,0,0,0,0,0,0,0,0,0,0,0,0,0,0,0,4,1926.1523590546667,1253.307754251361,1902.4201895734168,2022.5164028016115,18,-1.8369701987210292e-16,-1.0,0,0,1,4.711612085277777,7.896998074444444,5.091072229027778,2.0540354806944445,18.35074025972222,18.97882240377778,17.994156679944442,18.52226880861112,0.0,0.0,0.0,0.0
B3,roll_02,persistence,2026-01-23 19:00:00+00:00,2026-01-23 20:00:00+00:00,0,1,2025-12-08T00:00:00+00:00,2026-01-19T00:00:00+00:00,2026-01-19T00:00:00+00:00,2026-01-26T00:00:00+00:00,1046.436184157472,1067.3991769345832,-20.96299277711114,0,night,0,0.0,0,1,0,0,0,0,0,0,0,0,0,0,0,0,0,0,0,0,0,0,0,0,0,0,4,3573.4096695315,2022.5164028016115,1073.8756977925275,1067.3991769345832,19,0.2588190451025203,-0.9659258262890684,0,0,1,3.980250340583333,7.825703813444444,4.711612085277777,1.7490800439444445,17.935994839722223,18.995995310777776,18.35074025972222,18.13564327775,0.0,0.0,0.0,0.0
B3,roll_02,persistence,2026-01-23 20:00:00+00:00,2026-01-23 21:00:00+00:00,0,1,2025-12-08T00:00:00+00:00,2026-01-19T00:00:00+00:00,2026-01-19T00:00:00+00:00,2026-01-26T00:00:00+00:00,602.2876708927778,1046.436184157472,-444.1485132646943,0,night,0,0.0,0,1,0,0,0,0,0,0,0,0,0,0,0,0,0,0,0,0,0,0,0,0,0,0,4,2754.500442691028,1067.3991769345832,1112.6407676563056,1046.436184157472,20,0.5000000000000001,-0.8660254037844386,0,0,1,3.866209152527778,7.709597783944445,3.980250340583333,1.6065832648333334,17.69838866127778,18.76334915180556,17.935994839722223,18.311032115555555,0.0,0.0,0.0,0.0
B3,roll_02,persistence,2026-01-23 21:00:00+00:00,2026-01-23 22:00:00+00:00,0,1,2025-12-08T00:00:00+00:00,2026-01-19T00:00:00+00:00,2026-01-19T00:00:00+00:00,2026-01-26T00:00:00+00:00,492.5538403097778,602.2876708927778,-109.73383058299999,0,night,0,0.0,0,1,0,0,0,0,0,0,0,0,0,0,0,0,0,0,0,0,0,0,0,0,0,0,4,2483.442940576528,1046.436184157472,565.8491807108888,602.2876708927778,21,0.7071067811865474,-0.7071067811865477,0,0,1,3.869637564888889,7.793732041944445,3.866209152527778,1.2826967101944444,18.29812389511111,19.09072242922222,17.69838866127778,17.99547290261111,0.0,0.0,0.0,0.0
B3,roll_02,persistence,2026-01-23 22:00:00+00:00,2026-01-23 23:00:00+00:00,0,1,2025-12-08T00:00:00+00:00,2026-01-19T00:00:00+00:00,2026-01-19T00:00:00+00:00,2026-01-26T00:00:00+00:00,435.2853666092778,492.5538403097778,-57.26847370050001,0,night,0,0.0,0,1,0,0,0,0,0,0,0,0,0,0,0,0,0,0,0,0,0,0,0,0,0,0,4,2471.681181403111,602.2876708927778,473.87890895927785,492.5538403097778,22,0.8660254037844384,-0.5000000000000004,0,0,1,3.9082464093888887,7.769939707083334,3.869637564888889,1.3345326389722223,18.156249321388888,18.72444743175,18.29812389511111,18.07674242205556,0.0,0.0,0.0,0.0
B3,roll_02,persistence,2026-01-23 23:00:00+00:00,2026-01-24 00:00:00+00:00,0,1,2025-12-08T00:00:00+00:00,2026-01-19T00:00:00+00:00,2026-01-19T00:00:00+00:00,2026-01-26T00:00:00+00:00,405.1807272819444,435.2853666092778,-30.10463932733336,0,night,0,0.0,0,1,0,0,0,0,0,0,0,0,0,0,0,0,0,0,0,0,0,0,0,0,0,0,4,2428.759211638084,492.5538403097778,367.6513029880277,435.2853666092778,23,0.965925826289068,-0.2588190451025215,0,0,1,3.962953027722222,7.651671525194445,3.9082464093888887,1.6309106950555554,18.266909694166667,18.786308081027776,18.156249321388888,18.345077110444443,0.0,0.0,0.0,0.0
B3,roll_02,persistence,2026-01-24 00:00:00+00:00,2026-01-24 01:00:00+00:00,0,1,2025-12-08T00:00:00+00:00,2026-01-19T00:00:00+00:00,2026-01-19T00:00:00+00:00,2026-01-26T00:00:00+00:00,403.1378216736112,405.1807272819444,-2.0429056083332284,0,night,0,0.0,0,1,0,0,0,0,0,0,0,0,0,0,0,0,0,0,0,0,0,0,0,0,0,0,5,2422.2099434294164,435.2853666092778,367.96108710394446,405.1807272819444,0,1.0,0.0,0,1,1,3.7605419066388888,7.438261246666666,3.962953027722222,1.3322522275277775,18.3607900945,19.11630246361111,18.266909694166667,18.412130332527777,0.0,0.0,0.0,0.0
B3,roll_02,persistence,2026-01-24 01:00:00+00:00,2026-01-24 02:00:00+00:00,0,1,2025-12-08T00:00:00+00:00,2026-01-19T00:00:00+00:00,2026-01-19T00:00:00+00:00,2026-01-26T00:00:00+00:00,404.9479621853611,403.1378216736112,1.8101405117499212,0,night,0,0.0,0,1,0,0,0,0,0,0,0,0,0,0,0,0,0,0,0,0,0,0,0,0,0,0,5,2419.0737715843334,405.1807272819444,369.3633806425278,403.1378216736112,1,0.9659258262890684,0.2588190451025207,0,1,1,3.594426555777778,7.284376046305557,3.7605419066388888,1.58879370875,18.35504471088889,19.46177759227778,18.3607900945,18.522961206138888,0.0,0.0,0.0,0.0
B3,roll_02,persistence,2026-01-24 02:00:00+00:00,2026-01-24 03:00:00+00:00,0,1,2025-12-08T00:00:00+00:00,2026-01-19T00:00:00+00:00,2026-01-19T00:00:00+00:00,2026-01-26T00:00:00+00:00,402.6522398849167,404.9479621853611,-2.2957223004444245,0,night,0,0.0,0,1,0,0,0,0,0,0,0,0,0,0,0,0,0,0,0,0,0,0,0,0,0,0,5,2397.090425719361,403.1378216736112,364.6717208964722,404.9479621853611,2,0.8660254037844387,0.4999999999999999,0,1,1,3.4606973831944443,7.356306431222222,3.594426555777778,2.072341584194444,18.292189759527776,19.223714178972223,18.35504471088889,18.394230225944444,0.0,0.0,0.0,0.0
B3,roll_02,persistence,2026-01-24 03:00:00+00:00,2026-01-24 04:00:00+00:00,0,1,2025-12-08T00:00:00+00:00,2026-01-19T00:00:00+00:00,2026-01-19T00:00:00+00:00,2026-01-26T00:00:00+00:00,989.5879204678332,402.6522398849167,586.9356805829166,0,night,0,0.0,0,1,0,0,0,0,0,0,0,0,0,0,0,0,0,0,0,0,0,0,0,0,0,0,5,2408.5668939863613,404.9479621853611,368.5853674459444,402.6522398849167,3,0.7071067811865476,0.7071067811865476,0,1,1,3.4151579152222222,7.399717572,3.4606973831944443,2.1618301728333336,18.273110989944445,19.45567031075,18.292189759527776,18.33168606486112,0.0,0.0,0.0,0.0
B3,roll_02,persistence,2026-01-24 04:00:00+00:00,2026-01-24 05:00:00+00:00,0,1,2025-12-08T00:00:00+00:00,2026-01-19T00:00:00+00:00,2026-01-19T00:00:00+00:00,2026-01-26T00:00:00+00:00,1683.9951601766388,989.5879204678332,694.4072397088056,0,night,0,0.0,0,1,0,0,0,0,0,0,0,0,0,0,0,0,0,0,0,0,0,0,0,0,0,0,5,2987.1550890425,402.6522398849167,1077.5376334153334,989.5879204678332,4,0.5000000000000001,0.8660254037844386,0,1,1,3.746956920472222,7.292532967416666,3.4151579152222222,2.4079966898333334,18.763885850944444,19.50167555113889,18.273110989944445,18.65893950025,0.0,0.0,0.0,0.0
B3,roll_02,persistence,2026-01-24 05:00:00+00:00,2026-01-24 06:00:00+00:00,0,1,2025-12-08T00:00:00+00:00,2026-01-19T00:00:00+00:00,2026-01-19T00:00:00+00:00,2026-01-26T00:00:00+00:00,1902.018428271,1683.9951601766388,218.02326809436113,0,night,0,0.0,0,1,0,0,0,0,0,0,0,0,0,0,0,0,0,0,0,0,0,0,0,0,0,0,5,3319.657065773777,989.5879204678332,2595.650702010778,1683.9951601766388,5,0.2588190451025207,0.9659258262890684,0,1,1,3.807682473638889,7.177631668333333,3.746956920472222,2.3870737601111114,18.95802324902778,19.9944225565,18.763885850944444,18.58098035247222,0.0,0.0,0.0,0.0
B3,roll_02,persistence,2026-01-24 06:00:00+00:00,2026-01-24 07:00:00+00:00,0,1,2025-12-08T00:00:00+00:00,2026-01-19T00:00:00+00:00,2026-01-19T00:00:00+00:00,2026-01-26T00:00:00+00:00,2166.76233965375,1902.018428271,264.7439113827502,0,night,0,0.0,0,1,0,0,0,0,0,0,0,0,0,0,0,0,0,0,0,0,0,0,0,0,0,0,5,2391.335260368139,1683.9951601766388,2229.0674939791948,1902.018428271,6,6.123233995736766e-17,1.0,0,1,1,3.9873673924166666,7.25766445075,3.807682473638889,2.86016758225,18.70620324358333,19.974863173472222,18.95802324902778,18.59333267108333,0.0,0.0,0.0,0.0
B3,roll_02,persistence,2026-01-24 07:00:00+00:00,2026-01-24 08:00:00+00:00,0,1,2025-12-08T00:00:00+00:00,2026-01-19T00:00:00+00:00,2026-01-19T00:00:00+00:00,2026-01-26T00:00:00+00:00,2056.1787956731946,2166.76233965375,-110.58354398055553,1,night,0,0.0,0,1,0,0,0,0,0,0,0,0,0,0,0,0,0,0,0,0,0,0,0,0,0,0,5,2341.329542084556,1902.018428271,1956.5605310417773,2166.76233965375,7,-0.2588190451025206,0.9659258262890684,0,1,1,4.151625831166666,7.383881055833334,3.9873673924166666,2.925855649944445,18.29483151783333,19.685817555194443,18.70620324358333,18.58286181677777,0.0,0.0,0.0,13.610436851555557
B3,roll_02,persistence,2026-01-24 08:00:00+00:00,2026-01-24 09:00:00+00:00,0,1,2025-12-08T00:00:00+00:00,2026-01-19T00:00:00+00:00,2026-01-19T00:00:00+00:00,2026-01-26T00:00:00+00:00,2110.409867789389,2056.1787956731946,54.231072116194355,1,night,0,0.0,0,1,0,0,0,0,0,0,0,0,0,0,0,0,0,0,0,0,0,0,0,0,0,0,5,2591.676535681584,2166.76233965375,1820.3555307953327,2056.1787956731946,8,-0.4999999999999998,0.8660254037844387,0,1,1,4.314655074888889,8.121707604333332,4.151625831166666,3.784128624555555,17.905425590777778,18.96465682683333,18.29483151783333,18.901513842444444,0.0,28.95708092888889,0.0,145.74993311175
B3,roll_02,persistence,2026-01-24 09:00:00+00:00,2026-01-24 10:00:00+00:00,0,1,2025-12-08T00:00:00+00:00,2026-01-19T00:00:00+00:00,2026-01-19T00:00:00+00:00,2026-01-26T00:00:00+00:00,3130.832139515,2110.409867789389,1020.4222717256112,1,low,0,0.0,0,1,0,0,0,0,0,0,0,0,0,0,0,0,0,0,0,0,0,0,0,0,0,0,5,876.2151453261389,2056.1787956731946,2016.7762660696944,2110.409867789389,9,-0.7071067811865475,0.7071067811865476,0,1,1,4.542731538305556,8.751546623111112,4.314655074888889,4.780561090416667,18.436193536916665,19.20686476825,17.905425590777778,18.886623428750003,114.76844990783331,108.89878298597222,0.0,232.31283958127776
B3,roll_02,persistence,2026-01-24 10:00:00+00:00,2026-01-24 11:00:00+00:00,0,1,2025-12-08T00:00:00+00:00,2026-01-19T00:00:00+00:00,2026-01-19T00:00:00+00:00,2026-01-26T00:00:00+00:00,385.99203080291664,3130.832139515,-2744.8401087120833,1,med,0,0.0,0,2,0,0,0,0,0,0,0,0,0,0,0,0,0,0,0,0,0,0,0,0,0,0,5,1362.1403257086388,2110.409867789389,1936.420994131,3130.832139515,10,-0.8660254037844387,0.4999999999999999,0,1,1,5.048194792888889,9.078067266305556,4.542731538305556,5.483105661972222,18.769674477888888,19.716803649722223,18.436193536916665,18.61690110308333,411.0483259695556,221.86114629477777,114.76844990783331,231.00179334266667
B3,roll_02,persistence,2026-01-24 11:00:00+00:00,2026-01-24 12:00:00+00:00,0,1,2025-12-08T00:00:00+00:00,2026-01-19T00:00:00+00:00,2026-01-19T00:00:00+00:00,2026-01-26T00:00:00+00:00,1016.1453970060834,385.99203080291664,630.1533662031668,1,high,0,0.0,0,2,0,0,0,0,0,0,0,0,0,0,0,0,0,0,0,0,0,0,0,0,0,0,5,851.023270576111,3130.832139515,1576.1195596841944,385.99203080291664,11,-0.9659258262890682,0.258819045102521,0,1,1,6.944681730611111,9.67168500638889,5.048194792888889,6.005421360722223,19.6631947345,18.94777081475,18.769674477888888,18.975925773527777,1596.5776119012498,186.94326531838888,411.0483259695556,305.4964137123056
B3,roll_02,persistence,2026-01-24 12:00:00+00:00,2026-01-24 13:00:00+00:00,0,1,2025-12-08T00:00:00+00:00,2026-01-19T00:00:00+00:00,2026-01-19T00:00:00+00:00,2026-01-26T00:00:00+00:00,1064.5741736199725,1016.1453970060834,48.42877661388911,1,low,0,0.0,0,2,0,0,0,0,0,0,0,0,0,0,0,0,0,0,0,0,0,0,0,0,0,0,5,375.1866214471667,385.99203080291664,1707.01032054225,1016.1453970060834,12,-1.0,1.2246467991473532e-16,0,1,1,8.35612550725,10.057301476,6.944681730611111,6.755185106222222,18.378112199194447,18.284649789444444,19.6631947345,18.9128849575,407.66865748083336,275.0773129497222,1596.5776119012498,277.5941901626389
B3,roll_02,persistence,2026-01-24 13:00:00+00:00,2026-01-24 14:00:00+00:00,0,1,2025-12-08T00:00:00+00:00,2026-01-19T00:00:00+00:00,2026-01-19T00:00:00+00:00,2026-01-26T00:00:00+00:00,1858.781012173056,1064.5741736199725,794.2068385530836,1,low,0,0.0,0,2,0,0,0,0,0,0,0,0,0,0,0,0,0,0,0,0,0,0,0,0,0,0,5,1125.2122855051666,1016.1453970060834,2214.146590013028,1064.5741736199725,13,-0.9659258262890684,-0.2588190451025208,0,1,1,6.657871230416667,10.579499319583332,8.35612550725,6.862749878222222,18.062944556944444,18.457303344916667,18.378112199194447,22.81537184433333,88.28240024077779,287.2499787669167,407.66865748083336,104.38236414708336
B3,roll_02,persistence,2026-01-24 14:00:00+00:00,2026-01-24 15:00:00+00:00,0,1,2025-12-08T00:00:00+00:00,2026-01-19T00:00:00+00:00,2026-01-19T00:00:00+00:00,2026-01-26T00:00:00+00:00,1831.2616717653889,1858.781012173056,-27.519340407667187,1,night,0,0.0,0,2,0,0,0,0,0,0,0,0,0,0,0,0,0,0,0,0,0,0,0,0,0,0,5,553.7227735364166,1064.5741736199725,2195.8262186153333,1858.781012173056,14,-0.8660254037844388,-0.4999999999999997,0,1,1,6.097375211722222,10.797755711305555,6.657871230416667,5.7134238162777775,18.00922708483333,18.117300213361112,18.062944556944444,18.83056621691667,0.0,116.70239646572225,88.28240024077779,20.72892640275
B3,roll_02,persistence,2026-01-24 15:00:00+00:00,2026-01-24 16:00:00+00:00,0,1,2025-12-08T00:00:00+00:00,2026-01-19T00:00:00+00:00,2026-01-19T00:00:00+00:00,2026-01-26T00:00:00+00:00,1060.0596002008333,1831.2616717653889,-771.2020715645556,1,night,0,0.0,0,2,0,0,0,0,0,0,0,0,0,0,0,0,0,0,0,0,0,0,0,0,0,0,5,893.3163181295832,1858.781012173056,2527.9803929520835,1831.2616717653889,15,-0.7071067811865479,-0.7071067811865471,0,1,1,6.071665185777778,10.387558755972222,6.097375211722222,5.713572192777778,17.677323049111113,17.90237331016667,18.00922708483333,18.771297444972223,0.0,0.0,0.0,0.0
B3,roll_02,persistence,2026-01-24 16:00:00+00:00,2026-01-24 17:00:00+00:00,0,1,2025-12-08T00:00:00+00:00,2026-01-19T00:00:00+00:00,2026-01-19T00:00:00+00:00,2026-01-26T00:00:00+00:00,992.9213029867224,1060.0596002008333,-67.13829721411093,0,night,0,0.0,0,2,0,0,0,0,0,0,0,0,0,0,0,0,0,0,0,0,0,0,0,0,0,0,5,1082.6851535658332,1831.2616717653889,2048.975809514583,1060.0596002008333,16,-0.5000000000000004,-0.8660254037844385,0,1,1,6.566483526611111,9.67754631263889,6.071665185777778,5.802371368194444,17.72403060438889,17.86029653872222,17.677323049111113,18.720766871444443,0.0,0.0,0.0,0.0
B3,roll_02,persistence,2026-01-24 17:00:00+00:00,2026-01-24 18:00:00+00:00,0,1,2025-12-08T00:00:00+00:00,2026-01-19T00:00:00+00:00,2026-01-19T00:00:00+00:00,2026-01-26T00:00:00+00:00,1541.1415699855834,992.9213029867224,548.220266998861,0,night,0,0.0,0,2,0,0,0,0,0,0,0,0,0,0,0,0,0,0,0,0,0,0,0,0,0,0,5,1215.7402370096668,1060.0596002008333,1253.307754251361,992.9213029867224,17,-0.2588190451025206,-0.9659258262890684,0,1,1,6.089130444527778,9.022818305222222,6.566483526611111,5.091072229027778,17.830043843416664,17.726130486833334,17.72403060438889,17.994156679944442,0.0,0.0,0.0,0.0
B3,roll_02,persistence,2026-01-24 18:00:00+00:00,2026-01-24 19:00:00+00:00,0,1,2025-12-08T00:00:00+00:00,2026-01-19T00:00:00+00:00,2026-01-19T00:00:00+00:00,2026-01-26T00:00:00+00:00,1286.9006860100278,1541.1415699855834,-254.24088397555556,0,night,0,0.0,0,2,0,0,0,0,0,0,0,0,0,0,0,0,0,0,0,0,0,0,0,0,0,0,5,1466.154889960333,992.9213029867224,2022.5164028016115,1541.1415699855834,18,-1.8369701987210292e-16,-1.0,0,1,1,5.9999975540833335,8.533988555638889,6.089130444527778,4.711612085277777,18.11549999886111,18.27429377288889,17.830043843416664,18.35074025972222,0.0,0.0,0.0,0.0
B3,roll_02,persistence,2026-01-24 19:00:00+00:00,2026-01-24 20:00:00+00:00,0,1,2025-12-08T00:00:00+00:00,2026-01-19T00:00:00+00:00,2026-01-19T00:00:00+00:00,2026-01-26T00:00:00+00:00,640.4533153681945,1286.9006860100278,-646.4473706418333,0,night,0,0.0,0,2,0,0,0,0,0,0,0,0,0,0,0,0,0,0,0,0,0,0,0,0,0,0,5,1078.6994199493888,1541.1415699855834,1067.3991769345832,1286.9006860100278,19,0.2588190451025203,-0.9659258262890684,0,1,1,5.77926593825,8.775346688416667,5.9999975540833335,3.980250340583333,18.36445310694444,17.871975217472222,18.11549999886111,17.935994839722223,0.0,0.0,0.0,0.0
B3,roll_02,persistence,2026-01-24 20:00:00+00:00,2026-01-24 21:00:00+00:00,0,1,2025-12-08T00:00:00+00:00,2026-01-19T00:00:00+00:00,2026-01-19T00:00:00+00:00,2026-01-26T00:00:00+00:00,584.3161862229999,640.4533153681945,-56.137129145194535,0,night,0,0.0,0,2,0,0,0,0,0,0,0,0,0,0,0,0,0,0,0,0,0,0,0,0,0,0,5,1284.7492482649168,1286.9006860100278,1046.436184157472,640.4533153681945,20,0.5000000000000001,-0.8660254037844386,0,1,1,5.683189338277778,8.43526500263889,5.77926593825,3.866209152527778,17.952829869138892,17.86802317861111,18.36445310694444,17.69838866127778,0.0,0.0,0.0,0.0
B3,roll_02,persistence,2026-01-24 21:00:00+00:00,2026-01-24 22:00:00+00:00,0,1,2025-12-08T00:00:00+00:00,2026-01-19T00:00:00+00:00,2026-01-19T00:00:00+00:00,2026-01-26T00:00:00+00:00,518.3547093412777,584.3161862229999,-65.9614768817222,0,night,0,0.0,0,2,0,0,0,0,0,0,0,0,0,0,0,0,0,0,0,0,0,0,0,0,0,0,5,851.6801286406111,640.4533153681945,602.2876708927778,584.3161862229999,21,0.7071067811865474,-0.7071067811865477,0,1,1,5.649819748388889,8.414438040527779,5.683189338277778,3.869637564888889,17.865298132333333,18.094013431972225,17.952829869138892,18.29812389511111,0.0,0.0,0.0,0.0
B3,roll_02,persistence,2026-01-24 22:00:00+00:00,2026-01-24 23:00:00+00:00,0,1,2025-12-08T00:00:00+00:00,2026-01-19T00:00:00+00:00,2026-01-19T00:00:00+00:00,2026-01-26T00:00:00+00:00,430.99813492583326,518.3547093412777,-87.35657441544447,0,night,0,0.0,0,2,0,1,1,0,7,0,0,0,1,0,1,0,1,0,0,0,1,0,0,0,0,0,5,661.5588102037779,584.3161862229999,492.5538403097778,518.3547093412777,22,0.8660254037844384,-0.5000000000000004,0,1,1,5.809892205944444,8.306586765694446,5.649819748388889,3.9082464093888887,18.060589775333334,18.379163208138888,17.865298132333333,18.156249321388888,0.0,0.0,0.0,0.0
B3,roll_02,persistence,2026-01-24 23:00:00+00:00,2026-01-25 00:00:00+00:00,0,1,2025-12-08T00:00:00+00:00,2026-01-19T00:00:00+00:00,2026-01-19T00:00:00+00:00,2026-01-26T00:00:00+00:00,377.7188413770555,430.99813492583326,-53.27929354877773,0,night,0,0.0,0,2,0,1,1,0,7,0,0,0,1,0,1,0,1,0,0,0,1,0,0,0,0,0,5,356.0791067192222,518.3547093412777,435.2853666092778,430.99813492583326,23,0.965925826289068,-0.2588190451025215,0,1,1,5.70738836675,8.489515895694444,5.809892205944444,3.962953027722222,18.156869020583333,18.27030471461111,18.060589775333334,18.266909694166667,0.0,0.0,0.0,0.0
B3,roll_02,persistence,2026-01-25 00:00:00+00:00,2026-01-25 01:00:00+00:00,0,1,2025-12-08T00:00:00+00:00,2026-01-19T00:00:00+00:00,2026-01-19T00:00:00+00:00,2026-01-26T00:00:00+00:00,364.4423996903056,377.7188413770555,-13.276441686749934,0,night,0,0.0,0,2,0,1,1,0,7,0,0,0,1,0,1,0,1,0,0,0,1,0,0,0,0,0,6,409.1542958934167,430.99813492583326,405.1807272819444,377.7188413770555,0,1.0,0.0,0,1,1,5.6147730122777775,8.267303430916668,5.70738836675,3.7605419066388888,18.11037431958333,18.507601477416667,18.156869020583333,18.3607900945,0.0,0.0,0.0,0.0
B3,roll_02,persistence,2026-01-25 01:00:00+00:00,2026-01-25 02:00:00+00:00,0,1,2025-12-08T00:00:00+00:00,2026-01-19T00:00:00+00:00,2026-01-19T00:00:00+00:00,2026-01-26T00:00:00+00:00,384.5271624152222,364.4423996903056,20.08476272491663,0,night,0,0.0,0,2,0,1,1,0,7,0,0,0,1,0,1,0,1,0,0,0,1,0,0,0,0,0,6,386.80348134525,377.7188413770555,403.1378216736112,364.4423996903056,1,0.9659258262890684,0.2588190451025207,0,1,1,5.886597346611112,7.88579561025,5.6147730122777775,3.594426555777778,18.483736475527778,18.516888744472222,18.11037431958333,18.35504471088889,0.0,0.0,0.0,0.0
B3,roll_02,persistence,2026-01-25 02:00:00+00:00,2026-01-25 03:00:00+00:00,0,1,2025-12-08T00:00:00+00:00,2026-01-19T00:00:00+00:00,2026-01-19T00:00:00+00:00,2026-01-26T00:00:00+00:00,395.30640441158334,384.5271624152222,10.779241996361122,0,night,0,0.0,0,2,0,1,1,0,7,0,0,0,1,0,1,0,1,0,0,0,1,0,0,0,0,0,6,363.9506782922222,364.4423996903056,404.9479621853611,384.5271624152222,2,0.8660254037844387,0.4999999999999999,0,1,1,5.938280689361111,7.295793718,5.886597346611112,3.4606973831944443,18.49985763155556,18.505587359111114,18.483736475527778,18.292189759527776,0.0,0.0,0.0,0.0
B3,roll_02,persistence,2026-01-25 03:00:00+00:00,2026-01-25 04:00:00+00:00,0,1,2025-12-08T00:00:00+00:00,2026-01-19T00:00:00+00:00,2026-01-19T00:00:00+00:00,2026-01-26T00:00:00+00:00,963.782436518,395.30640441158334,568.4760321064167,0,night,0,0.0,0,2,0,1,1,0,7,0,0,0,1,0,1,0,1,0,0,0,1,0,0,0,0,0,6,366.92154284288887,384.5271624152222,402.6522398849167,395.30640441158334,3,0.7071067811865476,0.7071067811865476,0,1,1,5.830688939638889,7.380389324388889,5.938280689361111,3.4151579152222222,18.36806043725,18.40949500677777,18.49985763155556,18.273110989944445,0.0,0.0,0.0,0.0
B3,roll_02,persistence,2026-01-25 04:00:00+00:00,2026-01-25 05:00:00+00:00,0,1,2025-12-08T00:00:00+00:00,2026-01-19T00:00:00+00:00,2026-01-19T00:00:00+00:00,2026-01-26T00:00:00+00:00,1696.815230154389,963.782436518,733.0327936363889,0,night,0,0.0,0,2,0,1,1,0,7,0,0,0,0,1,1,0,1,0,0,0,1,0,0,0,0,0,6,919.6470143296112,395.30640441158334,989.5879204678332,963.782436518,4,0.5000000000000001,0.8660254037844386,0,1,1,5.175912236194445,7.759706802277777,5.830688939638889,3.746956920472222,18.4531641925,18.565049183638887,18.36806043725,18.763885850944444,0.0,0.0,0.0,0.0
B3,roll_02,persistence,2026-01-25 05:00:00+00:00,2026-01-25 06:00:00+00:00,0,1,2025-12-08T00:00:00+00:00,2026-01-19T00:00:00+00:00,2026-01-19T00:00:00+00:00,2026-01-26T00:00:00+00:00,1659.7306816588614,1696.815230154389,-37.08454849552754,0,night,0,0.0,0,1,0,0,0,0,0,0,0,0,0,0,0,0,0,0,0,0,0,0,0,0,0,0,6,1696.4327096815832,963.782436518,1683.9951601766388,1696.815230154389,5,0.2588190451025207,0.9659258262890684,0,1,1,4.974422407805555,7.824388876305555,5.175912236194445,3.807682473638889,18.711754044777777,19.000532856916667,18.4531641925,18.95802324902778,0.0,0.0,0.0,0.0
B3,roll_02,persistence,2026-01-25 06:00:00+00:00,2026-01-25 07:00:00+00:00,0,1,2025-12-08T00:00:00+00:00,2026-01-19T00:00:00+00:00,2026-01-19T00:00:00+00:00,2026-01-26T00:00:00+00:00,2231.1363579284443,1659.7306816588614,571.405676269583,0,night,0,0.0,0,1,0,0,0,0,0,0,0,0,0,0,0,0,0,0,0,0,0,0,0,0,0,0,6,1787.8514459331388,1696.815230154389,1902.018428271,1659.7306816588614,6,6.123233995736766e-17,1.0,0,1,1,4.992939964055556,7.870841315861111,4.974422407805555,3.9873673924166666,18.560369708916667,19.028892910777778,18.711754044777777,18.70620324358333,0.0,0.0,0.0,0.0
B3,roll_02,persistence,2026-01-25 07:00:00+00:00,2026-01-25 08:00:00+00:00,0,1,2025-12-08T00:00:00+00:00,2026-01-19T00:00:00+00:00,2026-01-19T00:00:00+00:00,2026-01-26T00:00:00+00:00,2238.324116505972,2231.1363579284443,7.187758577527802,1,night,0,0.0,0,1,0,0,0,0,0,0,0,0,0,0,0,0,0,0,0,0,0,0,0,0,0,0,6,2221.478881947944,1659.7306816588614,2166.76233965375,2231.1363579284443,7,-0.2588190451025206,0.9659258262890684,0,1,1,4.933367505611112,7.883857542694444,4.992939964055556,4.151625831166666,18.55700058877778,22.49837394541667,18.560369708916667,18.29483151783333,0.0,0.0,0.0,0.0
B3,roll_02,persistence,2026-01-25 08:00:00+00:00,2026-01-25 09:00:00+00:00,0,1,2025-12-08T00:00:00+00:00,2026-01-19T00:00:00+00:00,2026-01-19T00:00:00+00:00,2026-01-26T00:00:00+00:00,2327.768168646222,2238.324116505972,89.44405214024982,1,night,0,0.0,0,1,0,0,0,0,0,0,0,0,0,0,0,0,0,0,0,0,0,0,0,0,0,0,6,1747.753539249222,2231.1363579284443,2056.1787956731946,2238.324116505972,8,-0.4999999999999998,0.8660254037844387,0,1,1,4.832365699444444,8.262126455694444,4.933367505611112,4.314655074888889,18.49024153463889,17.670436918444445,18.55700058877778,17.905425590777778,0.0,34.30441932991666,0.0,0.0
B3,roll_02,persistence,2026-01-25 09:00:00+00:00,2026-01-25 10:00:00+00:00,0,1,2025-12-08T00:00:00+00:00,2026-01-19T00:00:00+00:00,2026-01-19T00:00:00+00:00,2026-01-26T00:00:00+00:00,3079.3561128761667,2327.768168646222,751.5879442299447,1,low,0,0.0,0,1,0,0,0,0,0,0,0,0,0,0,0,0,0,0,0,0,0,0,0,0,0,0,6,1199.014191615,2238.324116505972,2110.409867789389,2327.768168646222,9,-0.7071067811865475,0.7071067811865476,0,1,1,4.46485140163889,8.695682546194444,4.832365699444444,4.542731538305556,18.60976037316667,17.60044165513889,18.49024153463889,18.436193536916665,20.07319077258333,89.21282883222221,0.0,114.76844990783331
B3,roll_02,persistence,2026-01-25 10:00:00+00:00,2026-01-25 11:00:00+00:00,0,1,2025-12-08T00:00:00+00:00,2026-01-19T00:00:00+00:00,2026-01-19T00:00:00+00:00,2026-01-26T00:00:00+00:00,1060.977643347722,3079.3561128761667,-2018.3784695284446,1,low,0,0.0,0,1,0,0,0,0,0,0,0,0,0,0,0,0,0,0,0,0,0,0,0,0,0,0,6,2696.399735123361,2327.768168646222,3130.832139515,3079.3561128761667,10,-0.8660254037844387,0.4999999999999999,0,1,1,4.6137414355,9.452506697638889,4.46485140163889,5.048194792888889,18.23413413661111,17.917450888777775,18.60976037316667,18.769674477888888,79.55278716463889,152.0663147546389,20.07319077258333,411.0483259695556
B3,roll_02,persistence,2026-01-25 11:00:00+00:00,2026-01-25 12:00:00+00:00,0,1,2025-12-08T00:00:00+00:00,2026-01-19T00:00:00+00:00,2026-01-19T00:00:00+00:00,2026-01-26T00:00:00+00:00,1745.3068945306666,1060.977643347722,684.3292511829445,1,low,0,0.0,0,2,0,0,0,0,0,0,0,0,0,0,0,0,0,0,0,0,0,0,0,0,0,0,6,908.328997025861,3079.3561128761667,385.99203080291664,1060.977643347722,11,-0.9659258262890682,0.258819045102521,0,1,1,5.1184929485833335,9.93934049188889,4.6137414355,6.944681730611111,18.24494905780556,17.975845256166668,18.23413413661111,19.6631947345,220.18301505319445,291.1969854105833,79.55278716463889,1596.5776119012498
B3,roll_02,persistence,2026-01-25 12:00:00+00:00,2026-01-25 13:00:00+00:00,0,1,2025-12-08T00:00:00+00:00,2026-01-19T00:00:00+00:00,2026-01-19T00:00:00+00:00,2026-01-26T00:00:00+00:00,906.8727746182224,1745.3068945306666,-838.4341199124442,1,med,0,0.0,0,2,0,0,0,0,0,0,0,0,0,0,0,0,0,0,0,0,0,0,0,0,0,0,6,1081.863576312389,1060.977643347722,1016.1453970060834,1745.3068945306666,12,-1.0,1.2246467991473532e-16,0,1,1,6.667484349638889,10.88034856138889,5.1184929485833335,8.35612550725,19.08982180188889,18.150378169,18.24494905780556,18.378112199194447,527.3673956102779,279.95511428333333,220.18301505319445,407.66865748083336
B3,roll_02,persistence,2026-01-25 13:00:00+00:00,2026-01-25 14:00:00+00:00,0,1,2025-12-08T00:00:00+00:00,2026-01-19T00:00:00+00:00,2026-01-19T00:00:00+00:00,2026-01-26T00:00:00+00:00,1490.25308828425,906.8727746182224,583.3803136660276,1,low,0,0.0,0,2,0,0,0,0,0,0,0,0,0,0,0,0,0,0,0,0,0,0,0,0,0,0,6,2173.5554944418054,1745.3068945306666,1064.5741736199725,906.8727746182224,13,-0.9659258262890684,-0.2588190451025208,0,1,1,7.015248214916667,11.194744100638887,6.667484349638889,6.657871230416667,18.02789201130556,17.605212465694446,19.08982180188889,18.062944556944444,212.62666984819444,211.40559060327777,527.3673956102779,88.28240024077779
B3,roll_02,persistence,2026-01-25 14:00:00+00:00,2026-01-25 15:00:00+00:00,0,1,2025-12-08T00:00:00+00:00,2026-01-19T00:00:00+00:00,2026-01-19T00:00:00+00:00,2026-01-26T00:00:00+00:00,924.6930943503612,1490.25308828425,-565.5599939338888,1,low,0,0.0,0,2,0,0,0,0,0,0,0,0,0,0,0,0,0,0,0,0,0,0,0,0,0,0,6,1035.234056645167,906.8727746182224,1858.781012173056,1490.25308828425,14,-0.8660254037844388,-0.4999999999999997,0,1,1,7.1463404341666665,10.792807296472224,7.015248214916667,6.097375211722222,18.02865631725,17.720296622972224,18.02789201130556,18.00922708483333,125.078570753,51.70543011708333,212.62666984819444,0.0
B3,roll_02,persistence,2026-01-25 15:00:00+00:00,2026-01-25 16:00:00+00:00,0,1,2025-12-08T00:00:00+00:00,2026-01-19T00:00:00+00:00,2026-01-19T00:00:00+00:00,2026-01-26T00:00:00+00:00,1936.265559235028,924.6930943503612,1011.5724648846667,1,night,0,0.0,0,2,0,0,0,0,0,0,0,0,0,0,0,0,0,0,0,0,0,0,0,0,0,0,6,982.0105920020555,1490.25308828425,1831.2616717653889,924.6930943503612,15,-0.7071067811865479,-0.7071067811865471,0,1,1,6.817918164777777,10.09873856363889,7.1463404341666665,6.071665185777778,17.959508398916665,17.65813682397222,18.02865631725,17.677323049111113,0.0,0.0,125.078570753,0.0
B3,roll_02,persistence,2026-01-25 16:00:00+00:00,2026-01-25 17:00:00+00:00,0,1,2025-12-08T00:00:00+00:00,2026-01-19T00:00:00+00:00,2026-01-19T00:00:00+00:00,2026-01-26T00:00:00+00:00,1053.6913190111388,1936.265559235028,-882.5742402238891,0,night,0,0.0,0,2,0,0,0,0,0,0,0,0,0,0,0,0,0,0,0,0,0,0,0,0,0,0,6,939.633989883972,924.6930943503612,1060.0596002008333,1936.265559235028,16,-0.5000000000000004,-0.8660254037844385,0,1,1,6.112700724861111,9.486147199944446,6.817918164777777,6.566483526611111,18.36010683186112,17.723917226694443,17.959508398916665,17.72403060438889,0.0,0.0,0.0,0.0
B3,roll_02,persistence,2026-01-25 17:00:00+00:00,2026-01-25 18:00:00+00:00,0,1,2025-12-08T00:00:00+00:00,2026-01-19T00:00:00+00:00,2026-01-19T00:00:00+00:00,2026-01-26T00:00:00+00:00,1042.3809986754163,1053.6913190111388,-11.310320335722508,0,night,0,0.0,0,2,0,0,0,0,0,0,0,0,0,0,0,0,0,0,0,0,0,0,0,0,0,0,6,1984.2611124879447,1936.265559235028,992.9213029867224,1053.6913190111388,17,-0.2588190451025206,-0.9659258262890684,0,1,1,5.021550218833333,8.932912868583333,6.112700724861111,6.089130444527778,17.625167409194443,17.788532314805554,18.36010683186112,17.830043843416664,0.0,0.0,0.0,0.0
B3,roll_02,persistence,2026-01-25 18:00:00+00:00,2026-01-25 19:00:00+00:00,0,1,2025-12-08T00:00:00+00:00,2026-01-19T00:00:00+00:00,2026-01-19T00:00:00+00:00,2026-01-26T00:00:00+00:00,849.7813898698611,1042.3809986754163,-192.59960880555525,0,night,0,0.0,0,1,0,0,0,0,0,0,0,0,0,0,0,0,0,0,0,0,0,0,0,0,0,0,6,1779.6982078336666,1053.6913190111388,1541.1415699855834,1042.3809986754163,18,-1.8369701987210292e-16,-1.0,0,1,1,4.227878578694444,8.383298441722223,5.021550218833333,5.9999975540833335,17.660656862222222,17.752887094805555,17.625167409194443,18.11549999886111,0.0,0.0,0.0,0.0
B3,roll_02,persistence,2026-01-25 19:00:00+00:00,2026-01-25 20:00:00+00:00,0,1,2025-12-08T00:00:00+00:00,2026-01-19T00:00:00+00:00,2026-01-19T00:00:00+00:00,2026-01-26T00:00:00+00:00,739.4192231492499,849.7813898698611,-110.36216672061119,0,night,0,0.0,0,1,0,1,1,0,4,0,0,0,1,0,1,0,1,0,0,0,1,0,0,0,0,0,6,1945.2175917344168,1042.3809986754163,1286.9006860100278,849.7813898698611,19,0.2588190451025203,-0.9659258262890684,0,1,1,3.6091518839166654,8.063546007666666,4.227878578694444,5.77926593825,17.591231184888887,17.598374748583336,17.660656862222222,18.36445310694444,0.0,0.0,0.0,0.0
B3,roll_02,persistence,2026-01-25 20:00:00+00:00,2026-01-25 21:00:00+00:00,0,1,2025-12-08T00:00:00+00:00,2026-01-19T00:00:00+00:00,2026-01-19T00:00:00+00:00,2026-01-26T00:00:00+00:00,575.8166761095833,739.4192231492499,-163.60254703966655,0,night,0,0.0,0,1,0,1,1,0,4,0,0,0,1,0,1,0,1,0,0,0,1,0,0,0,0,0,6,817.2623687095833,849.7813898698611,640.4533153681945,739.4192231492499,20,0.5000000000000001,-0.8660254037844386,0,1,1,3.3640960108888893,7.955256959805555,3.6091518839166654,5.683189338277778,17.554591725333335,18.132431494416668,17.591231184888887,17.952829869138892,0.0,0.0,0.0,0.0
B3,roll_02,persistence,2026-01-25 21:00:00+00:00,2026-01-25 22:00:00+00:00,0,1,2025-12-08T00:00:00+00:00,2026-01-19T00:00:00+00:00,2026-01-19T00:00:00+00:00,2026-01-26T00:00:00+00:00,367.5400825782778,575.8166761095833,-208.27659353130554,0,night,0,0.0,0,1,0,1,1,0,4,0,0,0,1,0,1,0,1,0,0,0,1,0,0,0,0,0,6,1022.3695540110556,739.4192231492499,584.3161862229999,575.8166761095833,21,0.7071067811865474,-0.7071067811865477,0,1,1,4.178278312777778,7.917760795055556,3.3640960108888893,5.649819748388889,17.66102431277778,18.226290338722222,17.554591725333335,17.865298132333333,0.0,0.0,0.0,0.0
B3,roll_02,mlr,2026-01-18 23:00:00+00:00,2026-01-19 00:00:00+00:00,0,1,2025-12-08T00:00:00+00:00,2026-01-19T00:00:00+00:00,2026-01-19T00:00:00+00:00,2026-01-26T00:00:00+00:00,368.0171135468333,443.62688050483507,-75.60976695800179,0,night,0,0.0,0,2,0,0,0,0,0,0,0,0,0,0,0,0,0,0,0,0,0,0,0,0,0,0,6,2501.345489155889,579.8006035581112,356.0791067192222,371.8011446672778,23,0.965925826289068,-0.2588190451025215,0,1,1,7.6601376606111105,0.8401119943055555,7.723855807972222,8.489515895694444,18.329515098027777,19.76163939361111,18.30075636655556,18.27030471461111,0.0,0.0,0.0,0.0
B3,roll_02,mlr,2026-01-19 00:00:00+00:00,2026-01-19 01:00:00+00:00,0,1,2025-12-08T00:00:00+00:00,2026-01-19T00:00:00+00:00,2026-01-19T00:00:00+00:00,2026-01-26T00:00:00+00:00,370.43651664125,831.227759996553,-460.791243355303,0,night,0,0.0,0,2,0,0,0,0,0,0,0,0,0,0,0,0,0,0,0,0,0,0,0,0,0,0,0,2521.281662351861,371.8011446672778,409.1542958934167,368.0171135468333,0,1.0,0.0,0,0,1,7.471285470472222,0.0822739048611111,7.6601376606111105,8.267303430916668,18.324939880888888,19.92784602258333,18.329515098027777,18.507601477416667,0.0,0.0,0.0,0.0
B3,roll_02,mlr,2026-01-19 01:00:00+00:00,2026-01-19 02:00:00+00:00,0,1,2025-12-08T00:00:00+00:00,2026-01-19T00:00:00+00:00,2026-01-19T00:00:00+00:00,2026-01-26T00:00:00+00:00,382.0239495386389,840.9740213106231,-458.95007177198426,0,night,0,0.0,0,2,0,0,0,0,0,0,0,0,0,0,0,0,0,0,0,0,0,0,0,0,0,0,0,2510.7629793080832,368.0171135468333,386.80348134525,370.43651664125,1,0.9659258262890684,0.2588190451025207,0,0,1,7.240814754666666,-0.0979647454722222,7.471285470472222,7.88579561025,18.191478372805555,19.88745926827778,18.324939880888888,18.516888744472222,0.0,0.0,0.0,0.0
B3,roll_02,mlr,2026-01-19 02:00:00+00:00,2026-01-19 03:00:00+00:00,0,1,2025-12-08T00:00:00+00:00,2026-01-19T00:00:00+00:00,2026-01-19T00:00:00+00:00,2026-01-26T00:00:00+00:00,368.1878588306667,837.9865423026674,-469.79868347200073,0,night,0,0.0,0,2,0,0,0,0,0,0,0,0,0,0,0,0,0,0,0,0,0,0,0,0,0,0,0,2517.397726423444,370.43651664125,363.9506782922222,382.0239495386389,2,0.8660254037844387,0.4999999999999999,0,0,1,7.025713984444444,-0.3757401703055555,7.240814754666666,7.295793718,18.308205069916667,20.026290722638887,18.191478372805555,18.505587359111114,0.0,0.0,0.0,0.0
B3,roll_02,mlr,2026-01-19 03:00:00+00:00,2026-01-19 04:00:00+00:00,0,1,2025-12-08T00:00:00+00:00,2026-01-19T00:00:00+00:00,2026-01-19T00:00:00+00:00,2026-01-26T00:00:00+00:00,956.6022458266112,845.4530685945499,111.14917723206133,0,night,0,0.0,0,2,0,0,0,0,0,0,0,0,0,0,0,0,0,0,0,0,0,0,0,0,0,0,0,2481.68678522575,382.0239495386389,366.92154284288887,368.1878588306667,3,0.7071067811865476,0.7071067811865476,0,0,1,6.843691117888889,0.1335239932777777,7.025713984444444,7.380389324388889,18.22355256697222,19.80030205080556,18.308205069916667,18.40949500677777,0.0,0.0,0.0,0.0
B3,roll_02,mlr,2026-01-19 04:00:00+00:00,2026-01-19 05:00:00+00:00,0,1,2025-12-08T00:00:00+00:00,2026-01-19T00:00:00+00:00,2026-01-19T00:00:00+00:00,2026-01-26T00:00:00+00:00,2097.5119466174724,1198.7075888823226,898.8043577351498,0,night,0,0.0,0,2,0,0,0,0,0,0,0,0,0,0,0,0,0,0,0,0,0,0,0,0,0,0,0,3016.15648477425,368.1878588306667,919.6470143296112,956.6022458266112,4,0.5000000000000001,0.8660254037844386,0,0,1,6.571004820500001,-0.0287854997222222,6.843691117888889,7.759706802277777,18.381851679388888,19.688919204277777,18.22355256697222,18.565049183638887,0.0,0.0,0.0,0.0
B3,roll_02,mlr,2026-01-19 05:00:00+00:00,2026-01-19 06:00:00+00:00,0,1,2025-12-08T00:00:00+00:00,2026-01-19T00:00:00+00:00,2026-01-19T00:00:00+00:00,2026-01-26T00:00:00+00:00,2207.624277541472,1964.9238431619667,242.7004343795054,0,night,0,0.0,0,2,0,0,0,0,0,0,0,0,0,0,0,0,0,0,0,0,0,0,0,0,0,0,0,4262.747835938639,956.6022458266112,1696.4327096815832,2097.5119466174724,5,0.2588190451025207,0.9659258262890684,0,0,1,6.230610997888888,-0.5948542869166666,6.571004820500001,7.824388876305555,18.81852253330556,19.79284536802778,18.381851679388888,19.000532856916667,0.0,0.0,0.0,0.0
B3,roll_02,mlr,2026-01-19 06:00:00+00:00,2026-01-19 07:00:00+00:00,0,1,2025-12-08T00:00:00+00:00,2026-01-19T00:00:00+00:00,2026-01-19T00:00:00+00:00,2026-01-26T00:00:00+00:00,743.501432477222,2207.1918022791715,-1463.6903698019496,0,night,0,0.0,0,2,0,0,0,0,0,0,0,0,0,0,0,0,0,0,0,0,0,0,0,0,0,0,0,4361.908397110695,2097.5119466174724,1787.8514459331388,2207.624277541472,6,6.123233995736766e-17,1.0,0,0,1,6.104236992611111,-0.0256551238333333,6.230610997888888,7.870841315861111,18.518887052166665,18.87429544488889,18.81852253330556,19.028892910777778,0.0,0.0,0.0,0.0
B3,roll_02,mlr,2026-01-19 07:00:00+00:00,2026-01-19 08:00:00+00:00,0,1,2025-12-08T00:00:00+00:00,2026-01-19T00:00:00+00:00,2026-01-19T00:00:00+00:00,2026-01-26T00:00:00+00:00,1602.210022772833,1539.8746237621906,62.335399010642504,1,night,0,0.0,0,2,0,0,0,0,0,0,0,0,0,0,0,0,0,0,0,0,0,0,0,0,0,0,0,4563.315619382333,2207.624277541472,2221.478881947944,743.501432477222,7,-0.2588190451025206,0.9659258262890684,0,0,1,6.0920939530833325,0.0892223874722222,6.104236992611111,7.883857542694444,17.464818313277778,18.15650825783333,18.518887052166665,22.49837394541667,0.0,0.0,0.0,0.0
B3,roll_02,mlr,2026-01-19 08:00:00+00:00,2026-01-19 09:00:00+00:00,0,1,2025-12-08T00:00:00+00:00,2026-01-19T00:00:00+00:00,2026-01-19T00:00:00+00:00,2026-01-26T00:00:00+00:00,401.86281383952775,1269.9817917225694,-868.1189778830417,1,low,0,0.0,0,2,0,0,0,0,0,0,0,0,0,0,0,0,0,0,0,0,0,0,0,0,0,0,0,3089.202245556361,743.501432477222,1747.753539249222,1602.210022772833,8,-0.4999999999999998,0.8660254037844387,0,0,1,6.376790769055556,1.5477482746388889,6.0920939530833325,8.262126455694444,18.106925738416667,18.900201835166666,17.464818313277778,17.670436918444445,52.25388250475,675.084050221,0.0,34.30441932991666
B3,roll_02,mlr,2026-01-19 09:00:00+00:00,2026-01-19 10:00:00+00:00,0,1,2025-12-08T00:00:00+00:00,2026-01-19T00:00:00+00:00,2026-01-19T00:00:00+00:00,2026-01-26T00:00:00+00:00,799.5036943302779,617.8970243727119,181.60666995756594,1,low,0,0.0,0,2,0,0,0,0,0,0,0,0,0,0,0,0,0,0,0,0,0,0,0,0,0,0,0,2796.8041315197224,1602.210022772833,1199.014191615,401.86281383952775,9,-0.7071067811865475,0.7071067811865476,0,0,1,6.883866901888889,3.2254890193888888,6.376790769055556,8.695682546194444,17.851597591666668,19.612746164055554,18.106925738416667,17.60044165513889,200.28425978958333,1056.8253583911112,52.25388250475,89.21282883222221
B3,roll_02,mlr,2026-01-19 10:00:00+00:00,2026-01-19 11:00:00+00:00,0,1,2025-12-08T00:00:00+00:00,2026-01-19T00:00:00+00:00,2026-01-19T00:00:00+00:00,2026-01-26T00:00:00+00:00,764.1083921755,782.8588496733753,-18.750457497875345,1,low,0,0.0,0,2,0,0,0,0,0,0,0,0,0,0,0,0,0,0,0,0,0,0,0,0,0,0,0,746.3919299871112,401.86281383952775,2696.399735123361,799.5036943302779,10,-0.8660254037844387,0.4999999999999999,0,0,1,7.554804945722222,4.715763120611111,6.883866901888889,9.452506697638889,18.305271993833333,21.086698567944445,17.851597591666668,17.917450888777775,300.6106887920556,1274.2766447041663,200.28425978958333,152.0663147546389
B3,roll_02,mlr,2026-01-19 11:00:00+00:00,2026-01-19 12:00:00+00:00,0,1,2025-12-08T00:00:00+00:00,2026-01-19T00:00:00+00:00,2026-01-19T00:00:00+00:00,2026-01-26T00:00:00+00:00,135.93812644077775,805.5912323784303,-669.6531059376525,1,low,0,0.0,0,2,0,0,0,0,0,0,0,0,0,0,0,0,0,0,0,0,0,0,0,0,0,0,0,632.5966184736388,799.5036943302779,908.328997025861,764.1083921755,11,-0.9659258262890682,0.258819045102521,0,0,1,7.938572868611111,6.151445526944444,7.554804945722222,9.93934049188889,17.913517779527776,21.65975194513889,18.305271993833333,17.975845256166668,360.65137327452777,1427.525714563778,300.6106887920556,291.1969854105833
B3,roll_02,mlr,2026-01-19 12:00:00+00:00,2026-01-19 13:00:00+00:00,0,1,2025-12-08T00:00:00+00:00,2026-01-19T00:00:00+00:00,2026-01-19T00:00:00+00:00,2026-01-26T00:00:00+00:00,227.14875664072224,514.1701104937022,-287.0213538529799,1,med,0,0.0,0,2,0,0,0,0,0,0,0,0,0,0,0,0,0,0,0,0,0,0,0,0,0,0,0,-422.1210146441389,764.1083921755,1081.863576312389,135.93812644077775,12,-1.0,1.2246467991473532e-16,0,0,1,8.697412192166667,8.042106340527779,7.938572868611111,10.88034856138889,17.51108470222222,20.280064502833334,17.913517779527776,18.150378169,429.9776792980833,1077.0554969643056,360.65137327452777,279.95511428333333
B3,roll_02,mlr,2026-01-19 13:00:00+00:00,2026-01-19 14:00:00+00:00,0,1,2025-12-08T00:00:00+00:00,2026-01-19T00:00:00+00:00,2026-01-19T00:00:00+00:00,2026-01-26T00:00:00+00:00,1951.074940760889,604.1135979342519,1346.961342826637,1,low,0,0.0,0,2,0,0,0,0,0,0,0,0,0,0,0,0,0,0,0,0,0,0,0,0,0,0,0,754.2202679822223,135.93812644077775,2173.5554944418054,227.14875664072224,13,-0.9659258262890684,-0.2588190451025208,0,0,1,9.178790924722222,8.886836191527777,8.697412192166667,11.194744100638887,17.4767666915,20.89163533738889,17.51108470222222,17.605212465694446,331.27048653,917.7112551677222,429.9776792980833,211.40559060327777
B3,roll_02,mlr,2026-01-19 14:00:00+00:00,2026-01-19 15:00:00+00:00,0,1,2025-12-08T00:00:00+00:00,2026-01-19T00:00:00+00:00,2026-01-19T00:00:00+00:00,2026-01-26T00:00:00+00:00,806.2876032480555,1700.7377834507777,-894.4501802027222,1,low,0,0.0,0,2,0,0,0,0,0,0,0,0,0,0,0,0,0,0,0,0,0,0,0,0,0,0,0,1500.3252466112224,227.14875664072224,1035.234056645167,1951.074940760889,14,-0.8660254037844388,-0.4999999999999997,0,0,1,8.86652897075,8.544484776166668,9.178790924722222,10.792807296472224,18.02714254913889,20.355432554527777,17.4767666915,17.720296622972224,138.99832969141667,366.2336248188056,331.27048653,51.70543011708333
B3,roll_02,mlr,2026-01-19 15:00:00+00:00,2026-01-19 16:00:00+00:00,0,1,2025-12-08T00:00:00+00:00,2026-01-19T00:00:00+00:00,2026-01-19T00:00:00+00:00,2026-01-26T00:00:00+00:00,738.6692789706944,1366.3540200305313,-627.6847410598368,1,low,0,0.0,0,2,0,0,0,0,0,0,0,0,0,0,0,0,0,0,0,0,0,0,0,0,0,0,0,586.6202596731389,1951.074940760889,982.0105920020555,806.2876032480555,15,-0.7071067811865479,-0.7071067811865471,0,0,1,8.054252913972222,6.644266975333334,8.86652897075,10.09873856363889,17.764550296583334,19.053108088833334,18.02714254913889,17.65813682397222,60.29446228413889,29.778236451166663,138.99832969141667,0.0
B3,roll_02,mlr,2026-01-19 16:00:00+00:00,2026-01-19 17:00:00+00:00,0,1,2025-12-08T00:00:00+00:00,2026-01-19T00:00:00+00:00,2026-01-19T00:00:00+00:00,2026-01-26T00:00:00+00:00,1883.6500829357776,1067.9358334994356,815.714249436342,0,night,0,0.0,0,2,0,0,0,0,0,0,0,0,0,0,0,0,0,0,0,0,0,0,0,0,0,0,0,1670.774375533639,806.2876032480555,939.633989883972,738.6692789706944,16,-0.5000000000000004,-0.8660254037844385,0,0,1,6.7582327050833335,5.279263939527778,8.054252913972222,9.486147199944446,17.51009285883333,19.11104975583333,17.764550296583334,17.723917226694443,0.0,0.0,60.29446228413889,0.0
B3,roll_02,mlr,2026-01-19 17:00:00+00:00,2026-01-19 18:00:00+00:00,0,1,2025-12-08T00:00:00+00:00,2026-01-19T00:00:00+00:00,2026-01-19T00:00:00+00:00,2026-01-26T00:00:00+00:00,1098.2935032161668,1590.7946262162075,-492.5011230000407,0,night,0,0.0,0,2,0,0,0,0,0,0,0,0,0,0,0,0,0,0,0,0,0,0,0,0,0,0,0,893.0618960396945,738.6692789706944,1984.2611124879447,1883.6500829357776,17,-0.2588190451025206,-0.9659258262890684,0,0,1,6.245921308277777,4.219392392722222,6.7582327050833335,8.932912868583333,17.879649593055557,18.65615157883333,17.51009285883333,17.788532314805554,0.0,0.0,0.0,0.0
B3,roll_02,mlr,2026-01-19 18:00:00+00:00,2026-01-19 19:00:00+00:00,0,1,2025-12-08T00:00:00+00:00,2026-01-19T00:00:00+00:00,2026-01-19T00:00:00+00:00,2026-01-26T00:00:00+00:00,1096.4852710823889,1286.327219106988,-189.8419480245991,0,night,0,0.0,0,2,0,0,0,0,0,0,0,0,0,0,0,0,0,0,0,0,0,0,0,0,0,0,0,2274.0885418814723,1883.6500829357776,1779.6982078336666,1098.2935032161668,18,-1.8369701987210292e-16,-1.0,0,0,1,6.290845957444444,4.016366639916667,6.245921308277777,8.383298441722223,17.678952539277777,19.38624729958333,17.879649593055557,17.752887094805555,0.0,0.0,0.0,0.0
B3,roll_02,mlr,2026-01-19 19:00:00+00:00,2026-01-19 20:00:00+00:00,0,1,2025-12-08T00:00:00+00:00,2026-01-19T00:00:00+00:00,2026-01-19T00:00:00+00:00,2026-01-26T00:00:00+00:00,852.2087300646944,1220.1656283611958,-367.95689829650144,0,night,0,0.0,0,2,0,0,0,0,0,0,0,0,0,0,0,0,0,0,0,0,0,0,0,0,0,0,0,1365.6644136303612,1098.2935032161668,1945.2175917344168,1096.4852710823889,19,0.2588190451025203,-0.9659258262890684,0,0,1,5.148736282194444,3.884336086,6.290845957444444,8.063546007666666,17.924687961111108,19.382953398694443,17.678952539277777,17.598374748583336,0.0,0.0,0.0,0.0
B3,roll_02,mlr,2026-01-19 20:00:00+00:00,2026-01-19 21:00:00+00:00,0,1,2025-12-08T00:00:00+00:00,2026-01-19T00:00:00+00:00,2026-01-19T00:00:00+00:00,2026-01-26T00:00:00+00:00,568.0186646560555,1056.9385826248274,-488.91991796877187,0,night,0,0.0,0,1,0,0,0,0,0,0,0,0,0,0,0,0,0,0,0,0,0,0,0,0,0,0,0,653.7379858252777,1096.4852710823889,817.2623687095833,852.2087300646944,20,0.5000000000000001,-0.8660254037844386,0,0,1,3.9840519537777777,3.633355686611111,5.148736282194444,7.955256959805555,18.02282410180556,19.144044949,17.924687961111108,18.132431494416668,0.0,0.0,0.0,0.0
B3,roll_02,mlr,2026-01-19 21:00:00+00:00,2026-01-19 22:00:00+00:00,0,1,2025-12-08T00:00:00+00:00,2026-01-19T00:00:00+00:00,2026-01-19T00:00:00+00:00,2026-01-26T00:00:00+00:00,461.19813976011113,825.0995402178908,-363.90140045777963,0,night,0,0.0,0,1,0,0,0,0,0,0,0,0,0,0,0,0,0,0,0,0,0,0,0,0,0,0,0,1060.23997367125,852.2087300646944,1022.3695540110556,568.0186646560555,21,0.7071067811865474,-0.7071067811865477,0,0,1,3.315242828777778,3.5082212590277777,3.9840519537777777,7.917760795055556,18.144430832972223,19.25061404477778,18.02282410180556,18.226290338722222,0.0,0.0,0.0,0.0
B3,roll_02,mlr,2026-01-19 22:00:00+00:00,2026-01-19 23:00:00+00:00,0,1,2025-12-08T00:00:00+00:00,2026-01-19T00:00:00+00:00,2026-01-19T00:00:00+00:00,2026-01-26T00:00:00+00:00,356.1728901926111,715.2488723856911,-359.07598219308005,0,night,0,0.0,0,1,0,0,0,0,0,0,0,0,0,0,0,0,0,0,0,0,0,0,0,0,0,0,0,372.6696216118889,568.0186646560555,579.8006035581112,461.19813976011113,22,0.8660254037844384,-0.5000000000000004,0,0,1,2.735980420083333,3.508406459083333,3.315242828777778,7.723855807972222,18.098196491611112,19.15334913905556,18.144430832972223,18.30075636655556,0.0,0.0,0.0,0.0
B3,roll_02,mlr,2026-01-19 23:00:00+00:00,2026-01-20 00:00:00+00:00,0,1,2025-12-08T00:00:00+00:00,2026-01-19T00:00:00+00:00,2026-01-19T00:00:00+00:00,2026-01-26T00:00:00+00:00,357.6195414715833,617.9383120745226,-260.3187706029393,0,night,0,0.0,0,1,0,0,0,0,0,0,0,0,0,0,0,0,0,0,0,0,0,0,0,0,0,0,0,368.2867205090556,461.19813976011113,371.8011446672778,356.1728901926111,23,0.965925826289068,-0.2588190451025215,0,0,1,2.691163158333333,3.994434357833333,2.735980420083333,7.6601376606111105,18.135445305027776,19.462697947166664,18.098196491611112,18.329515098027777,0.0,0.0,0.0,0.0
B3,roll_02,mlr,2026-01-20 00:00:00+00:00,2026-01-20 01:00:00+00:00,0,1,2025-12-08T00:00:00+00:00,2026-01-19T00:00:00+00:00,2026-01-19T00:00:00+00:00,2026-01-26T00:00:00+00:00,383.7339380009167,886.8805669385313,-503.1466289376146,0,night,0,0.0,0,1,0,0,0,0,0,0,0,0,0,0,0,0,0,0,0,0,0,0,0,0,0,0,1,366.1301339879167,356.1728901926111,368.0171135468333,357.6195414715833,0,1.0,0.0,0,0,1,3.258476226361111,4.2014109405,2.691163158333333,7.471285470472222,18.171040281166665,19.87320784711111,18.135445305027776,18.324939880888888,0.0,0.0,0.0,0.0
B3,roll_02,mlr,2026-01-20 01:00:00+00:00,2026-01-20 02:00:00+00:00,0,1,2025-12-08T00:00:00+00:00,2026-01-19T00:00:00+00:00,2026-01-19T00:00:00+00:00,2026-01-26T00:00:00+00:00,363.2547627211111,902.9751269513074,-539.7203642301963,0,night,0,0.0,0,1,0,0,0,0,0,0,0,0,0,0,0,0,0,0,0,0,0,0,0,0,0,0,1,374.135321881,357.6195414715833,370.43651664125,383.7339380009167,1,0.9659258262890684,0.2588190451025207,0,0,1,3.905557372666667,4.3023013942777775,3.258476226361111,7.240814754666666,18.144093502972225,19.950232376611112,18.171040281166665,18.191478372805555,0.0,0.0,0.0,0.0
B3,roll_02,mlr,2026-01-20 02:00:00+00:00,2026-01-20 03:00:00+00:00,0,1,2025-12-08T00:00:00+00:00,2026-01-19T00:00:00+00:00,2026-01-19T00:00:00+00:00,2026-01-26T00:00:00+00:00,365.0164142213889,922.3788572853962,-557.3624430640073,0,night,0,0.0,0,1,0,0,0,0,0,0,0,0,0,0,0,0,0,0,0,0,0,0,0,0,0,0,1,383.9471823114166,383.7339380009167,382.0239495386389,363.2547627211111,2,0.8660254037844387,0.4999999999999999,0,0,1,4.134615724138889,4.376585781888889,3.905557372666667,7.025713984444444,18.23647207447222,19.77146809105556,18.144093502972225,18.308205069916667,0.0,0.0,0.0,0.0
B3,roll_02,mlr,2026-01-20 03:00:00+00:00,2026-01-20 04:00:00+00:00,0,1,2025-12-08T00:00:00+00:00,2026-01-19T00:00:00+00:00,2026-01-19T00:00:00+00:00,2026-01-26T00:00:00+00:00,1039.7831993372222,931.5663536871336,108.21684565008854,0,night,0,0.0,0,1,0,0,0,0,0,0,0,0,0,0,0,0,0,0,0,0,0,0,0,0,0,0,1,367.6768063598889,363.2547627211111,368.1878588306667,365.0164142213889,3,0.7071067811865476,0.7071067811865476,0,0,1,4.029189530722222,4.4642516751666665,4.134615724138889,6.843691117888889,18.45093115375,19.56677161197222,18.23647207447222,18.22355256697222,0.0,0.0,0.0,0.0
B3,roll_02,mlr,2026-01-20 04:00:00+00:00,2026-01-20 05:00:00+00:00,0,1,2025-12-08T00:00:00+00:00,2026-01-19T00:00:00+00:00,2026-01-19T00:00:00+00:00,2026-01-26T00:00:00+00:00,1994.0688999676115,1333.6471080610943,660.4217919065172,0,night,0,0.0,0,1,0,0,0,0,0,0,0,0,0,0,0,0,0,0,0,0,0,0,0,0,0,0,1,977.1223704921111,365.0164142213889,956.6022458266112,1039.7831993372222,4,0.5000000000000001,0.8660254037844386,0,0,1,4.2755308662500005,4.600431492361111,4.029189530722222,6.571004820500001,18.48283673330556,19.84487690761112,18.45093115375,18.381851679388888,0.0,0.0,0.0,0.0
B3,roll_02,mlr,2026-01-20 05:00:00+00:00,2026-01-20 06:00:00+00:00,0,1,2025-12-08T00:00:00+00:00,2026-01-19T00:00:00+00:00,2026-01-19T00:00:00+00:00,2026-01-26T00:00:00+00:00,2029.167694873528,2069.3055913497737,-40.137896476245714,0,night,0,0.0,0,1,0,0,0,0,0,0,0,0,0,0,0,0,0,0,0,0,0,0,0,0,0,0,1,2001.738657636584,1039.7831993372222,2097.5119466174724,1994.0688999676115,5,0.2588190451025207,0.9659258262890684,0,0,1,4.0833006567500005,4.516244777583333,4.2755308662500005,6.230610997888888,18.61474645088889,20.02328279972222,18.48283673330556,18.81852253330556,0.0,0.0,0.0,0.0
B3,roll_02,mlr,2026-01-20 06:00:00+00:00,2026-01-20 07:00:00+00:00,0,1,2025-12-08T00:00:00+00:00,2026-01-19T00:00:00+00:00,2026-01-19T00:00:00+00:00,2026-01-26T00:00:00+00:00,2071.0094555605,2291.3873814832596,-220.37792592275946,0,night,0,0.0,0,1,0,0,0,0,0,0,0,0,0,0,0,0,0,0,0,0,0,0,0,0,0,0,1,2099.6764230465,1994.0688999676115,2207.624277541472,2029.167694873528,6,6.123233995736766e-17,1.0,0,0,1,3.4344617149444443,4.763350271222222,4.0833006567500005,6.104236992611111,18.44960326755556,19.945872866472225,18.61474645088889,18.518887052166665,0.0,0.0,0.0,0.0
B3,roll_02,mlr,2026-01-20 07:00:00+00:00,2026-01-20 08:00:00+00:00,0,1,2025-12-08T00:00:00+00:00,2026-01-19T00:00:00+00:00,2026-01-19T00:00:00+00:00,2026-01-26T00:00:00+00:00,1907.5549124286945,2120.4101682304363,-212.8552558017418,1,low,0,0.0,0,1,0,0,0,0,0,0,0,0,0,0,0,0,0,0,0,0,0,0,0,0,0,0,1,1798.5318447581387,2029.167694873528,743.501432477222,2071.0094555605,7,-0.2588190451025206,0.9659258262890684,0,0,1,3.243632700527778,5.146098303527778,3.4344617149444443,6.0920939530833325,18.262677875222224,19.215107962944447,18.44960326755556,17.464818313277778,25.396158990166665,0.0,0.0,0.0
B3,roll_02,mlr,2026-01-20 08:00:00+00:00,2026-01-20 09:00:00+00:00,0,1,2025-12-08T00:00:00+00:00,2026-01-19T00:00:00+00:00,2026-01-19T00:00:00+00:00,2026-01-26T00:00:00+00:00,720.9783473233889,1941.0407763112469,-1220.0624289878579,1,low,0,0.0,0,1,0,0,0,0,0,0,0,0,0,0,0,0,0,0,0,0,0,0,0,0,0,0,1,1792.85737564,2071.0094555605,1602.210022772833,1907.5549124286945,8,-0.4999999999999998,0.8660254037844387,0,0,1,3.802172906555555,5.574331767527777,3.243632700527778,6.376790769055556,18.28468123055556,19.78762391975,18.262677875222224,18.106925738416667,287.3037690233889,34.78762225408333,25.396158990166665,52.25388250475
B3,roll_02,mlr,2026-01-20 09:00:00+00:00,2026-01-20 10:00:00+00:00,0,1,2025-12-08T00:00:00+00:00,2026-01-19T00:00:00+00:00,2026-01-19T00:00:00+00:00,2026-01-26T00:00:00+00:00,151.7976551743889,1026.1962253759468,-874.398570201558,1,med,0,0.0,0,2,0,0,0,0,0,0,0,0,0,0,0,0,0,0,0,0,0,0,0,0,0,0,1,1704.9205994411388,1907.5549124286945,401.86281383952775,720.9783473233889,9,-0.7071067811865475,0.7071067811865476,0,0,1,5.253853115111111,5.704844287583334,3.802172906555555,6.883866901888889,18.12476716330556,19.322890420722224,18.28468123055556,17.851597591666668,621.6916147889167,81.0947692918889,287.3037690233889,200.28425978958333
B3,roll_02,mlr,2026-01-20 10:00:00+00:00,2026-01-20 11:00:00+00:00,0,1,2025-12-08T00:00:00+00:00,2026-01-19T00:00:00+00:00,2026-01-19T00:00:00+00:00,2026-01-26T00:00:00+00:00,787.0186959797501,536.9513946311615,250.06730134858856,1,med,0,0.0,0,2,0,0,0,0,0,0,0,0,0,0,0,0,0,0,0,0,0,0,0,0,0,0,1,1712.5081979704166,720.9783473233889,799.5036943302779,151.7976551743889,10,-0.8660254037844387,0.4999999999999999,0,0,1,6.455607524222223,6.065839095694444,5.253853115111111,7.554804945722222,18.34517670655556,19.53915467719445,18.12476716330556,18.305271993833333,959.4708232418888,75.89661000686111,621.6916147889167,300.6106887920556
B3,roll_02,mlr,2026-01-20 11:00:00+00:00,2026-01-20 12:00:00+00:00,0,1,2025-12-08T00:00:00+00:00,2026-01-19T00:00:00+00:00,2026-01-19T00:00:00+00:00,2026-01-26T00:00:00+00:00,-140.12853059388888,1187.1323670654804,-1327.2608976593692,1,med,0,0.0,0,2,0,0,0,0,0,0,0,0,0,0,0,0,0,0,0,0,0,0,0,0,0,0,1,1729.1863273721667,151.7976551743889,764.1083921755,787.0186959797501,11,-0.9659258262890682,0.258819045102521,0,0,1,6.95239593825,6.411032006055556,6.455607524222223,7.938572868611111,18.396018660722223,20.10092485888889,18.34517670655556,17.913517779527776,590.2926090344722,127.21179366422224,959.4708232418888,360.65137327452777
B3,roll_02,mlr,2026-01-20 12:00:00+00:00,2026-01-20 13:00:00+00:00,0,1,2025-12-08T00:00:00+00:00,2026-01-19T00:00:00+00:00,2026-01-19T00:00:00+00:00,2026-01-26T00:00:00+00:00,90.30469802694444,367.23734149808047,-276.93264347113603,1,med,0,0.0,0,2,1,0,0,0,0,0,0,0,0,0,0,0,0,0,0,0,0,0,0,0,0,0,1,1776.8351252307775,787.0186959797501,135.93812644077775,-140.12853059388888,12,-1.0,1.2246467991473532e-16,0,0,1,7.796212953166666,6.843188409,6.95239593825,8.697412192166667,17.971774747861108,19.814930444777776,18.396018660722223,17.51108470222222,566.0869300739722,161.38882697286112,590.2926090344722,429.9776792980833
B3,roll_02,mlr,2026-01-20 13:00:00+00:00,2026-01-20 14:00:00+00:00,0,1,2025-12-08T00:00:00+00:00,2026-01-19T00:00:00+00:00,2026-01-19T00:00:00+00:00,2026-01-26T00:00:00+00:00,1579.226911155389,641.435880671326,937.791030484063,1,low,0,0.0,0,2,0,0,0,0,0,0,0,0,0,0,0,0,0,0,0,0,0,0,0,0,0,0,1,1850.1251705731663,-140.12853059388888,227.14875664072224,90.30469802694444,13,-0.9659258262890684,-0.2588190451025208,0,0,1,7.90864646013889,7.213576107916666,7.796212953166666,9.178790924722222,17.30683716836111,19.35789605444444,17.971774747861108,17.4767666915,232.06871784988888,125.87758148475,566.0869300739722,331.27048653
B3,roll_02,mlr,2026-01-20 14:00:00+00:00,2026-01-20 15:00:00+00:00,0,1,2025-12-08T00:00:00+00:00,2026-01-19T00:00:00+00:00,2026-01-19T00:00:00+00:00,2026-01-26T00:00:00+00:00,1514.7609178625555,1530.0676242648644,-15.306706402308919,1,low,0,0.0,0,2,0,0,0,0,0,0,0,0,0,0,0,0,0,0,0,0,0,0,0,0,0,0,1,2103.8606620909723,90.30469802694444,1951.074940760889,1579.226911155389,14,-0.8660254037844388,-0.4999999999999997,0,0,1,7.004071844694444,6.892581615,7.90864646013889,8.86652897075,18.014104303444444,19.314774678777777,17.30683716836111,18.02714254913889,65.92271638830555,25.63169713905556,232.06871784988888,138.99832969141667
B3,roll_02,mlr,2026-01-20 15:00:00+00:00,2026-01-20 16:00:00+00:00,0,1,2025-12-08T00:00:00+00:00,2026-01-19T00:00:00+00:00,2026-01-19T00:00:00+00:00,2026-01-26T00:00:00+00:00,1201.4197669487778,1617.682525007083,-416.2627580583053,1,night,0,0.0,0,2,0,0,0,0,0,0,0,0,0,0,0,0,0,0,0,0,0,0,0,0,0,0,1,1367.69234237475,1579.226911155389,806.2876032480555,1514.7609178625555,15,-0.7071067811865479,-0.7071067811865471,0,0,1,6.226552915722222,6.473090648055556,7.004071844694444,8.054252913972222,17.985049249555555,18.981844509638886,18.014104303444444,17.764550296583334,0.0,0.0,65.92271638830555,60.29446228413889
B3,roll_02,mlr,2026-01-20 16:00:00+00:00,2026-01-20 17:00:00+00:00,0,1,2025-12-08T00:00:00+00:00,2026-01-19T00:00:00+00:00,2026-01-19T00:00:00+00:00,2026-01-26T00:00:00+00:00,753.0024936381111,1314.8312062613916,-561.8287126232805,0,night,0,0.0,0,2,0,0,0,0,0,0,0,0,0,0,0,0,0,0,0,0,0,0,0,0,0,0,1,2518.591872478111,1514.7609178625555,738.6692789706944,1201.4197669487778,16,-0.5000000000000004,-0.8660254037844385,0,0,1,5.539642565916666,5.85150787425,6.226552915722222,6.7582327050833335,17.38080857111111,19.342884771027776,17.985049249555555,17.51009285883333,0.0,0.0,0.0,0.0
B3,roll_02,mlr,2026-01-20 17:00:00+00:00,2026-01-20 18:00:00+00:00,0,1,2025-12-08T00:00:00+00:00,2026-01-19T00:00:00+00:00,2026-01-19T00:00:00+00:00,2026-01-26T00:00:00+00:00,1059.3235259904168,977.8391472058877,81.4843787845291,0,night,0,0.0,0,2,0,0,0,0,0,0,0,0,0,0,0,0,0,0,0,0,0,0,0,0,0,0,1,2818.4871972926667,1201.4197669487778,1883.6500829357776,753.0024936381111,17,-0.2588190451025206,-0.9659258262890684,0,0,1,5.106537856944445,5.551368765666666,5.539642565916666,6.245921308277777,17.944962672305554,19.703703886777777,17.38080857111111,17.879649593055557,0.0,0.0,0.0,0.0
B3,roll_02,mlr,2026-01-20 18:00:00+00:00,2026-01-20 19:00:00+00:00,0,1,2025-12-08T00:00:00+00:00,2026-01-19T00:00:00+00:00,2026-01-19T00:00:00+00:00,2026-01-26T00:00:00+00:00,2397.7932220235834,1035.8467195792675,1361.946502444316,0,night,0,0.0,0,2,0,0,0,0,0,0,0,0,0,0,0,0,0,0,0,0,0,0,0,0,0,0,1,1383.2154217488053,753.0024936381111,1098.2935032161668,1059.3235259904168,18,-1.8369701987210292e-16,-1.0,0,0,1,5.047560526333333,5.565244997222223,5.106537856944445,6.290845957444444,17.76713559486111,19.3371023785,17.944962672305554,17.678952539277777,0.0,0.0,0.0,0.0
B3,roll_02,mlr,2026-01-20 19:00:00+00:00,2026-01-20 20:00:00+00:00,0,1,2025-12-08T00:00:00+00:00,2026-01-19T00:00:00+00:00,2026-01-19T00:00:00+00:00,2026-01-26T00:00:00+00:00,1239.3215171065278,1817.1424820035788,-577.820964897051,0,night,0,0.0,0,1,0,0,0,0,0,0,0,0,0,0,0,0,0,0,0,0,0,0,0,0,0,0,1,962.6741752021112,1059.3235259904168,1096.4852710823889,2397.7932220235834,19,0.2588190451025203,-0.9659258262890684,0,0,1,4.7790201357777775,5.091562219055555,5.047560526333333,5.148736282194444,18.29565681925,19.555466913638888,17.76713559486111,17.924687961111108,0.0,0.0,0.0,0.0
B3,roll_02,mlr,2026-01-20 20:00:00+00:00,2026-01-20 21:00:00+00:00,0,1,2025-12-08T00:00:00+00:00,2026-01-19T00:00:00+00:00,2026-01-19T00:00:00+00:00,2026-01-26T00:00:00+00:00,1097.120321607,1350.9752029174253,-253.8548813104253,0,night,0,0.0,0,1,0,0,0,0,0,0,0,0,0,0,0,0,0,0,0,0,0,0,0,0,0,0,1,2371.2932299861945,2397.7932220235834,852.2087300646944,1239.3215171065278,20,0.5000000000000001,-0.8660254037844386,0,0,1,4.616484813166667,5.033024918888889,4.7790201357777775,3.9840519537777777,18.163473134916668,19.82183390566667,18.29565681925,18.02282410180556,0.0,0.0,0.0,0.0
B3,roll_02,mlr,2026-01-20 21:00:00+00:00,2026-01-20 22:00:00+00:00,0,1,2025-12-08T00:00:00+00:00,2026-01-19T00:00:00+00:00,2026-01-19T00:00:00+00:00,2026-01-26T00:00:00+00:00,532.8753846346667,1154.8824668595805,-622.0070822249138,0,night,0,0.0,0,1,0,0,0,0,0,0,0,0,0,0,0,0,0,0,0,0,0,0,0,0,0,0,1,813.2224330626667,1239.3215171065278,568.0186646560555,1097.120321607,21,0.7071067811865474,-0.7071067811865477,0,0,1,3.733819858222222,4.900254803388889,4.616484813166667,3.315242828777778,17.823669394694445,19.92269649358333,18.163473134916668,18.144430832972223,0.0,0.0,0.0,0.0
B3,roll_02,mlr,2026-01-20 22:00:00+00:00,2026-01-20 23:00:00+00:00,0,1,2025-12-08T00:00:00+00:00,2026-01-19T00:00:00+00:00,2026-01-19T00:00:00+00:00,2026-01-26T00:00:00+00:00,374.928417115,604.4837523584704,-229.55533524347038,0,night,0,0.0,0,1,0,0,0,0,0,0,0,0,0,0,0,0,0,0,0,0,0,0,0,0,0,0,1,1323.4556494799722,1097.120321607,461.19813976011113,532.8753846346667,22,0.8660254037844384,-0.5000000000000004,0,0,1,2.806227175638889,4.787616396777778,3.733819858222222,2.735980420083333,21.387805783944444,19.833271056222223,17.823669394694445,18.098196491611112,0.0,0.0,0.0,0.0
B3,roll_02,mlr,2026-01-20 23:00:00+00:00,2026-01-21 00:00:00+00:00,0,1,2025-12-08T00:00:00+00:00,2026-01-19T00:00:00+00:00,2026-01-19T00:00:00+00:00,2026-01-26T00:00:00+00:00,373.7627816694167,728.7177516350205,-354.95496996560377,0,night,0,0.0,0,1,0,0,0,0,0,0,0,0,0,0,0,0,0,0,0,0,0,0,0,0,0,0,1,690.983777113111,532.8753846346667,356.1728901926111,374.928417115,23,0.965925826289068,-0.2588190451025215,0,0,1,2.466718193027777,4.36980794625,2.806227175638889,2.691163158333333,17.90830201163889,19.88424536811112,21.387805783944444,18.135445305027776,0.0,0.0,0.0,0.0
B3,roll_02,mlr,2026-01-21 00:00:00+00:00,2026-01-21 01:00:00+00:00,0,1,2025-12-08T00:00:00+00:00,2026-01-19T00:00:00+00:00,2026-01-19T00:00:00+00:00,2026-01-26T00:00:00+00:00,382.08433273438885,757.8941984558003,-375.8098657214114,0,night,0,0.0,0,1,0,1,1,0,1,0,0,1,0,0,1,0,1,0,0,0,1,0,0,0,0,0,2,373.91198171711113,374.928417115,357.6195414715833,373.7627816694167,0,1.0,0.0,0,0,1,1.8242255221388888,4.374367734083333,2.466718193027777,3.258476226361111,18.307477434611112,20.386578095,17.90830201163889,18.171040281166665,0.0,0.0,0.0,0.0
B3,roll_02,mlr,2026-01-21 01:00:00+00:00,2026-01-21 02:00:00+00:00,0,1,2025-12-08T00:00:00+00:00,2026-01-19T00:00:00+00:00,2026-01-19T00:00:00+00:00,2026-01-26T00:00:00+00:00,365.3667726035,923.3649865083096,-557.9982139048095,0,night,0,0.0,0,1,0,0,0,0,0,0,0,0,0,0,0,0,0,0,0,0,0,0,0,0,0,0,2,370.08383153427775,373.7627816694167,383.7339380009167,382.08433273438885,1,0.9659258262890684,0.2588190451025207,0,0,1,1.5080317470555558,4.301661179916667,1.8242255221388888,3.905557372666667,18.29967807894444,20.26065134986111,18.307477434611112,18.144093502972225,0.0,0.0,0.0,0.0
B3,roll_02,mlr,2026-01-21 02:00:00+00:00,2026-01-21 03:00:00+00:00,0,1,2025-12-08T00:00:00+00:00,2026-01-19T00:00:00+00:00,2026-01-19T00:00:00+00:00,2026-01-26T00:00:00+00:00,371.9783939987778,941.6088213694891,-569.6304273707112,0,night,0,0.0,0,1,0,0,0,0,0,0,0,0,0,0,0,0,0,0,0,0,0,0,0,0,0,0,2,363.9680898908056,382.08433273438885,363.2547627211111,365.3667726035,2,0.8660254037844387,0.4999999999999999,0,0,1,1.2603411373055555,4.175813798388888,1.5080317470555558,4.134615724138889,18.21223012147222,20.36533343461111,18.29967807894444,18.23647207447222,0.0,0.0,0.0,0.0
B3,roll_02,mlr,2026-01-21 03:00:00+00:00,2026-01-21 04:00:00+00:00,0,1,2025-12-08T00:00:00+00:00,2026-01-19T00:00:00+00:00,2026-01-19T00:00:00+00:00,2026-01-26T00:00:00+00:00,1049.641280434889,972.4632482027444,77.17803223214469,0,night,0,0.0,0,1,0,0,0,0,0,0,0,0,0,0,0,0,0,0,0,0,0,0,0,0,0,0,2,367.8678755790834,365.3667726035,365.0164142213889,371.9783939987778,3,0.7071067811865476,0.7071067811865476,0,0,1,0.6434714743888889,4.060635091555556,1.2603411373055555,4.029189530722222,18.30506088336111,20.23459653830556,18.21223012147222,18.45093115375,0.0,0.0,0.0,0.0
B3,roll_02,mlr,2026-01-21 04:00:00+00:00,2026-01-21 05:00:00+00:00,0,1,2025-12-08T00:00:00+00:00,2026-01-19T00:00:00+00:00,2026-01-19T00:00:00+00:00,2026-01-26T00:00:00+00:00,2165.628261214222,1348.148771539876,817.4794896743463,0,night,0,0.0,0,1,0,0,0,0,0,0,0,0,0,0,0,0,0,0,0,0,0,0,0,0,0,0,2,1021.3973762487502,371.9783939987778,1039.7831993372222,1049.641280434889,4,0.5000000000000001,0.8660254037844386,0,0,1,0.5259598769722222,4.003444144972222,0.6434714743888889,4.2755308662500005,18.346101567916666,20.134824625472223,18.30506088336111,18.48283673330556,0.0,0.0,0.0,0.0
B3,roll_02,mlr,2026-01-21 05:00:00+00:00,2026-01-21 06:00:00+00:00,0,1,2025-12-08T00:00:00+00:00,2026-01-19T00:00:00+00:00,2026-01-19T00:00:00+00:00,2026-01-26T00:00:00+00:00,2007.6322741502224,2121.981910743136,-114.34963659291338,0,night,0,0.0,0,1,0,0,0,0,0,0,0,0,0,0,0,0,0,0,0,0,0,0,0,0,0,0,2,2059.780215135472,1049.641280434889,1994.0688999676115,2165.628261214222,5,0.2588190451025207,0.9659258262890684,0,0,1,0.3656367874444444,4.117087354722222,0.5259598769722222,4.0833006567500005,18.44876204208333,20.124028981166667,18.346101567916666,18.61474645088889,0.0,0.0,0.0,0.0
B3,roll_02,mlr,2026-01-21 06:00:00+00:00,2026-01-21 07:00:00+00:00,0,1,2025-12-08T00:00:00+00:00,2026-01-19T00:00:00+00:00,2026-01-19T00:00:00+00:00,2026-01-26T00:00:00+00:00,1787.7926135424725,2227.779468923628,-439.98685538115546,0,night,0,0.0,0,1,0,0,0,0,0,0,0,0,0,0,0,0,0,0,0,0,0,0,0,0,0,0,2,1951.7951114496389,2165.628261214222,2029.167694873528,2007.6322741502224,6,6.123233995736766e-17,1.0,0,0,1,0.0914363476111111,4.254348787194444,0.3656367874444444,3.4344617149444443,18.20441595636111,19.934132118,18.44876204208333,18.44960326755556,0.0,0.0,0.0,0.0
B3,roll_02,mlr,2026-01-21 07:00:00+00:00,2026-01-21 08:00:00+00:00,0,1,2025-12-08T00:00:00+00:00,2026-01-19T00:00:00+00:00,2026-01-19T00:00:00+00:00,2026-01-26T00:00:00+00:00,1396.283928898889,1965.3550184220042,-569.0710895231152,1,low,0,0.0,0,1,0,0,0,0,0,0,0,0,0,0,0,0,0,0,0,0,0,0,0,0,0,0,2,1687.1433126186946,2007.6322741502224,2071.0094555605,1787.7926135424725,7,-0.2588190451025206,0.9659258262890684,0,0,1,0.4624889772777778,4.355129028611111,0.0914363476111111,3.243632700527778,18.099627230388887,19.907104928583333,18.20441595636111,18.262677875222224,88.74529710644445,0.0,0.0,25.396158990166665
B3,roll_02,mlr,2026-01-21 08:00:00+00:00,2026-01-21 09:00:00+00:00,0,1,2025-12-08T00:00:00+00:00,2026-01-19T00:00:00+00:00,2026-01-19T00:00:00+00:00,2026-01-26T00:00:00+00:00,1012.9496219223612,1459.398378512353,-446.44875658999183,1,med,0,0.0,0,1,0,0,0,0,0,0,0,0,0,0,0,0,0,0,0,0,0,0,0,0,0,0,2,1700.1424731680556,1787.7926135424725,1907.5549124286945,1396.283928898889,8,-0.4999999999999998,0.8660254037844387,0,0,1,2.0457270672222223,4.627706611055555,0.4624889772777778,3.802172906555555,18.33234830197222,20.452670910722222,18.099627230388887,18.28468123055556,506.86706511469447,0.0,88.74529710644445,287.3037690233889
B3,roll_02,mlr,2026-01-21 09:00:00+00:00,2026-01-21 10:00:00+00:00,0,1,2025-12-08T00:00:00+00:00,2026-01-19T00:00:00+00:00,2026-01-19T00:00:00+00:00,2026-01-26T00:00:00+00:00,755.3586427439723,1043.7460836089078,-288.38744086493557,1,med,0,0.0,0,1,0,0,0,0,0,0,0,0,0,0,0,0,0,0,0,0,0,0,0,0,0,0,2,1616.381493539,1396.283928898889,720.9783473233889,1012.9496219223612,9,-0.7071067811865475,0.7071067811865476,0,0,1,3.9313944355833335,5.024308661138889,2.0457270672222223,5.253853115111111,18.699979865277776,20.41466703861111,18.33234830197222,18.12476716330556,949.0842489008888,115.05220435744444,506.86706511469447,621.6916147889167
B3,roll_02,mlr,2026-01-21 10:00:00+00:00,2026-01-21 11:00:00+00:00,0,1,2025-12-08T00:00:00+00:00,2026-01-19T00:00:00+00:00,2026-01-19T00:00:00+00:00,2026-01-26T00:00:00+00:00,53.140800646916695,904.873484798962,-851.7326841520453,1,high,0,0.0,0,2,0,0,0,0,0,0,0,0,0,0,0,0,0,0,0,0,0,0,0,0,0,0,2,1771.2370990303614,1012.9496219223612,151.7976551743889,755.3586427439723,10,-0.8660254037844387,0.4999999999999999,0,0,1,5.315615807527778,5.432306789416667,3.9313944355833335,6.455607524222223,19.066515733777777,20.172151427166664,18.699979865277776,18.34517670655556,1313.273773081028,33.43036787752778,949.0842489008888,959.4708232418888
B3,roll_02,mlr,2026-01-21 11:00:00+00:00,2026-01-21 12:00:00+00:00,0,1,2025-12-08T00:00:00+00:00,2026-01-19T00:00:00+00:00,2026-01-19T00:00:00+00:00,2026-01-26T00:00:00+00:00,-768.0917536371389,561.8716712744588,-1329.9634249115977,1,high,0,0.0,0,2,0,0,0,0,0,0,0,0,0,0,0,0,0,0,0,0,0,0,0,0,0,0,2,1698.523145841389,755.3586427439723,787.0186959797501,53.140800646916695,11,-0.9659258262890682,0.258819045102521,0,0,1,6.909244716555556,5.742981328027778,5.315615807527778,6.95239593825,19.08309364155556,19.860319106222224,19.066515733777777,18.396018660722223,1427.9776504355557,89.70113270638889,1313.273773081028,590.2926090344722
B3,roll_02,mlr,2026-01-21 12:00:00+00:00,2026-01-21 13:00:00+00:00,0,1,2025-12-08T00:00:00+00:00,2026-01-19T00:00:00+00:00,2026-01-19T00:00:00+00:00,2026-01-26T00:00:00+00:00,452.3195190723055,-162.1384040871244,614.4579231594299,1,high,0,0.0,0,2,1,0,0,0,0,0,0,0,0,0,0,0,0,0,0,0,0,0,0,0,0,0,2,986.6906551339166,53.140800646916695,-140.12853059388888,-768.0917536371389,12,-1.0,1.2246467991473532e-16,0,0,1,8.880089984972221,6.181814728333333,6.909244716555556,7.796212953166666,18.484981089805554,19.29081991602777,19.08309364155556,17.971774747861108,1346.315216830611,108.82108360533334,1427.9776504355557,566.0869300739722
B3,roll_02,mlr,2026-01-21 13:00:00+00:00,2026-01-21 14:00:00+00:00,0,1,2025-12-08T00:00:00+00:00,2026-01-19T00:00:00+00:00,2026-01-19T00:00:00+00:00,2026-01-26T00:00:00+00:00,66.48684730938892,543.9989273643944,-477.51208005500547,1,med,0,0.0,0,3,0,0,0,0,0,0,0,0,0,0,0,0,0,0,0,0,0,0,0,0,0,0,2,1215.6235662438055,-768.0917536371389,90.30469802694444,452.3195190723055,13,-0.9659258262890684,-0.2588190451025208,0,0,1,10.48915223186111,6.522614021444444,8.880089984972221,7.90864646013889,18.524133185916664,19.14399669966667,18.484981089805554,17.30683716836111,1073.8044294135832,44.19311912005556,1346.315216830611,232.06871784988888
B3,roll_02,mlr,2026-01-21 14:00:00+00:00,2026-01-21 15:00:00+00:00,0,1,2025-12-08T00:00:00+00:00,2026-01-19T00:00:00+00:00,2026-01-19T00:00:00+00:00,2026-01-26T00:00:00+00:00,359.87914049975,780.7840372508788,-420.9048967511288,1,med,0,0.0,0,3,0,0,0,0,0,0,0,0,0,0,0,0,0,0,0,0,0,0,0,0,0,0,2,1567.194707997861,452.3195190723055,1579.226911155389,66.48684730938892,14,-0.8660254037844388,-0.4999999999999997,0,0,1,10.873624103916669,6.668629153166666,10.48915223186111,7.004071844694444,17.64684908008333,19.106394929388888,18.524133185916664,18.014104303444444,664.2745502861944,0.0,1073.8044294135832,65.92271638830555
B3,roll_02,mlr,2026-01-21 15:00:00+00:00,2026-01-21 16:00:00+00:00,0,1,2025-12-08T00:00:00+00:00,2026-01-19T00:00:00+00:00,2026-01-19T00:00:00+00:00,2026-01-26T00:00:00+00:00,3501.792804637556,937.5758055180447,2564.2169991195115,1,low,0,0.0,0,2,0,0,0,0,0,0,0,0,0,0,0,0,0,0,0,0,0,0,0,0,0,0,2,1578.744458172111,66.48684730938892,1514.7609178625555,359.87914049975,15,-0.7071067811865479,-0.7071067811865471,0,0,1,9.67541222338889,6.565780549027778,10.873624103916669,6.226552915722222,17.73781377975,19.14164701436111,17.64684908008333,17.985049249555555,144.55603472877775,0.0,664.2745502861944,0.0
B3,roll_02,mlr,2026-01-21 16:00:00+00:00,2026-01-21 17:00:00+00:00,0,1,2025-12-08T00:00:00+00:00,2026-01-19T00:00:00+00:00,2026-01-19T00:00:00+00:00,2026-01-26T00:00:00+00:00,3139.28925536575,2645.964385900351,493.32486946539893,0,night,0,0.0,0,2,0,0,0,0,0,0,0,0,0,0,0,0,0,0,0,0,0,0,0,0,0,0,2,1624.9310390754445,359.87914049975,1201.4197669487778,3501.792804637556,16,-0.5000000000000004,-0.8660254037844385,0,0,1,6.537365921777777,6.580184991083333,9.67541222338889,5.539642565916666,17.606137597472223,19.24061198258333,17.73781377975,17.38080857111111,0.0,0.0,144.55603472877775,0.0
B3,roll_02,mlr,2026-01-21 17:00:00+00:00,2026-01-21 18:00:00+00:00,0,1,2025-12-08T00:00:00+00:00,2026-01-19T00:00:00+00:00,2026-01-19T00:00:00+00:00,2026-01-26T00:00:00+00:00,3084.578836987528,2765.074779149739,319.50405783778933,0,night,0,0.0,0,1,0,0,0,0,0,0,0,0,0,0,0,0,0,0,0,0,0,0,0,0,0,0,2,1793.6743844524724,3501.792804637556,753.0024936381111,3139.28925536575,17,-0.2588190451025206,-0.9659258262890684,0,0,1,4.898183921,6.7399584603888885,6.537365921777777,5.106537856944445,17.69062399725,18.989385271777778,17.606137597472223,17.944962672305554,0.0,0.0,0.0,0.0
B3,roll_02,mlr,2026-01-21 18:00:00+00:00,2026-01-21 19:00:00+00:00,0,1,2025-12-08T00:00:00+00:00,2026-01-19T00:00:00+00:00,2026-01-19T00:00:00+00:00,2026-01-26T00:00:00+00:00,3033.668790060889,2678.586299062831,355.0824909980579,0,night,0,0.0,0,1,0,0,0,0,0,0,0,0,0,0,0,0,0,0,0,0,0,0,0,0,0,0,2,1048.612189175861,3139.28925536575,1059.3235259904168,3084.578836987528,18,-1.8369701987210292e-16,-1.0,0,0,1,4.040946171194444,7.065830788222222,4.898183921,5.047560526333333,17.300488013416665,19.395188082444445,17.69062399725,17.76713559486111,0.0,0.0,0.0,0.0
B3,roll_02,mlr,2026-01-21 19:00:00+00:00,2026-01-21 20:00:00+00:00,0,1,2025-12-08T00:00:00+00:00,2026-01-19T00:00:00+00:00,2026-01-19T00:00:00+00:00,2026-01-26T00:00:00+00:00,2886.9925662115,2699.7768725514707,187.2156936600295,0,night,0,0.0,0,1,0,0,0,0,0,0,0,0,0,0,0,0,0,0,0,0,0,0,0,0,0,0,2,1797.1453520931666,3084.578836987528,2397.7932220235834,3033.668790060889,19,0.2588190451025203,-0.9659258262890684,0,0,1,3.191824916555556,6.7976319745,4.040946171194444,4.7790201357777775,17.536376965666665,20.13497632016667,17.300488013416665,18.29565681925,0.0,0.0,0.0,0.0
B3,roll_02,mlr,2026-01-21 20:00:00+00:00,2026-01-21 21:00:00+00:00,0,1,2025-12-08T00:00:00+00:00,2026-01-19T00:00:00+00:00,2026-01-19T00:00:00+00:00,2026-01-26T00:00:00+00:00,2551.3509306884166,2548.7032510607432,2.6476796276733694,0,night,0,0.0,0,1,0,0,0,0,0,0,0,0,0,0,0,0,0,0,0,0,0,0,0,0,0,0,2,741.7054459836112,3033.668790060889,1239.3215171065278,2886.9925662115,20,0.5000000000000001,-0.8660254037844386,0,0,1,2.487087112333333,6.660144965333333,3.191824916555556,4.616484813166667,17.762063201333333,19.98757817386112,17.536376965666665,18.163473134916668,0.0,0.0,0.0,0.0
B3,roll_02,mlr,2026-01-21 21:00:00+00:00,2026-01-21 22:00:00+00:00,0,1,2025-12-08T00:00:00+00:00,2026-01-19T00:00:00+00:00,2026-01-19T00:00:00+00:00,2026-01-26T00:00:00+00:00,2388.614872440278,2301.0951543207448,87.51971811953308,0,night,0,0.0,0,1,0,0,0,0,0,0,0,0,0,0,0,0,0,0,0,0,0,0,0,0,0,0,2,554.3527368332501,2886.9925662115,1097.120321607,2551.3509306884166,21,0.7071067811865474,-0.7071067811865477,0,0,1,1.9324537458333333,6.3999320517500005,2.487087112333333,3.733819858222222,17.464727486527778,19.87022840075,17.762063201333333,17.823669394694445,0.0,0.0,0.0,0.0
B3,roll_02,mlr,2026-01-21 22:00:00+00:00,2026-01-21 23:00:00+00:00,0,1,2025-12-08T00:00:00+00:00,2026-01-19T00:00:00+00:00,2026-01-19T00:00:00+00:00,2026-01-26T00:00:00+00:00,1967.8965871302496,2235.9125156395958,-268.01592850934617,0,night,0,0.0,0,1,0,0,0,0,0,0,0,0,0,0,0,0,0,0,0,0,0,0,0,0,0,0,2,374.6190320515,2551.3509306884166,532.8753846346667,2388.614872440278,22,0.8660254037844384,-0.5000000000000004,0,0,1,1.30014670125,6.275947400166667,1.9324537458333333,2.806227175638889,17.690357956194443,19.746410043166662,17.464727486527778,21.387805783944444,0.0,0.0,0.0,0.0
B3,roll_02,mlr,2026-01-21 23:00:00+00:00,2026-01-22 00:00:00+00:00,0,1,2025-12-08T00:00:00+00:00,2026-01-19T00:00:00+00:00,2026-01-19T00:00:00+00:00,2026-01-26T00:00:00+00:00,387.7841801272222,1820.9501836874904,-1433.166003560268,0,night,0,0.0,0,1,0,0,0,0,0,0,0,0,0,0,0,0,0,0,0,0,0,0,0,0,0,0,2,391.3148025667222,2388.614872440278,374.928417115,1967.8965871302496,23,0.965925826289068,-0.2588190451025215,0,0,1,0.8794424397222222,6.070554045388889,1.30014670125,2.466718193027777,17.751566612944444,20.0141855075,17.690357956194443,17.90830201163889,0.0,0.0,0.0,0.0
B3,roll_02,mlr,2026-01-22 00:00:00+00:00,2026-01-22 01:00:00+00:00,0,1,2025-12-08T00:00:00+00:00,2026-01-19T00:00:00+00:00,2026-01-19T00:00:00+00:00,2026-01-26T00:00:00+00:00,375.648988568,1142.9217777636234,-767.2727891956233,0,night,0,0.0,0,1,0,0,0,0,0,0,0,0,0,0,0,0,0,0,0,0,0,0,0,0,0,0,3,367.0031919465834,1967.8965871302496,373.7627816694167,387.7841801272222,0,1.0,0.0,0,0,1,0.7327373778333334,6.013936589527778,0.8794424397222222,1.8242255221388888,18.514657144027776,20.45064362852778,17.751566612944444,18.307477434611112,0.0,0.0,0.0,0.0
B3,roll_02,mlr,2026-01-22 01:00:00+00:00,2026-01-22 02:00:00+00:00,0,1,2025-12-08T00:00:00+00:00,2026-01-19T00:00:00+00:00,2026-01-19T00:00:00+00:00,2026-01-26T00:00:00+00:00,370.6715177761111,909.8041274079008,-539.1326096317896,0,night,0,0.0,0,1,0,0,0,0,0,0,0,0,0,0,0,0,0,0,0,0,0,0,0,0,0,0,3,371.0505770755,387.7841801272222,382.08433273438885,375.648988568,1,0.9659258262890684,0.2588190451025207,0,0,1,0.5019400923611111,6.036887216611111,0.7327373778333334,1.5080317470555558,18.432809342444443,20.43497777380556,18.514657144027776,18.29967807894444,0.0,0.0,0.0,0.0
B3,roll_02,mlr,2026-01-22 02:00:00+00:00,2026-01-22 03:00:00+00:00,0,1,2025-12-08T00:00:00+00:00,2026-01-19T00:00:00+00:00,2026-01-19T00:00:00+00:00,2026-01-26T00:00:00+00:00,372.0987236639445,900.7274203016152,-528.6286966376707,0,night,0,0.0,0,1,0,0,0,0,0,0,0,0,0,0,0,0,0,0,0,0,0,0,0,0,0,0,3,364.3398802528056,375.648988568,365.3667726035,370.6715177761111,2,0.8660254037844387,0.4999999999999999,0,0,1,0.3487736218611111,6.034736897444444,0.5019400923611111,1.2603411373055555,18.54445086038889,20.54579069075,18.432809342444443,18.21223012147222,0.0,0.0,0.0,0.0
B3,roll_02,mlr,2026-01-22 03:00:00+00:00,2026-01-22 04:00:00+00:00,0,1,2025-12-08T00:00:00+00:00,2026-01-19T00:00:00+00:00,2026-01-19T00:00:00+00:00,2026-01-26T00:00:00+00:00,1036.0452877571945,898.1028581252065,137.94242963198803,0,night,0,0.0,0,1,0,0,0,0,0,0,0,0,0,0,0,0,0,0,0,0,0,0,0,0,0,0,3,373.5574161077223,370.6715177761111,371.9783939987778,372.0987236639445,3,0.7071067811865476,0.7071067811865476,0,0,1,0.2133146070555555,5.914457750944444,0.3487736218611111,0.6434714743888889,18.459798990916667,20.35707342683333,18.54445086038889,18.30506088336111,0.0,0.0,0.0,0.0
B3,roll_02,mlr,2026-01-22 04:00:00+00:00,2026-01-22 05:00:00+00:00,0,1,2025-12-08T00:00:00+00:00,2026-01-19T00:00:00+00:00,2026-01-19T00:00:00+00:00,2026-01-26T00:00:00+00:00,1958.2742827319444,1327.4102040449422,630.8640786870021,0,night,0,0.0,0,0,0,0,0,0,0,0,0,0,0,0,0,0,0,0,0,0,0,0,0,0,0,0,3,1052.1522978683056,372.0987236639445,1049.641280434889,1036.0452877571945,4,0.5000000000000001,0.8660254037844386,0,0,1,-0.1355967138611111,5.925028980166666,0.2133146070555555,0.5259598769722222,18.305206327277777,20.59579628066667,18.459798990916667,18.346101567916666,0.0,0.0,0.0,0.0
B3,roll_02,mlr,2026-01-22 05:00:00+00:00,2026-01-22 06:00:00+00:00,0,1,2025-12-08T00:00:00+00:00,2026-01-19T00:00:00+00:00,2026-01-19T00:00:00+00:00,2026-01-26T00:00:00+00:00,1980.8106362188057,1939.0388400735599,41.771796145245844,0,night,0,0.0,0,0,0,0,0,0,0,0,0,0,0,0,0,0,0,0,0,0,0,0,0,0,0,0,3,2039.245831840444,1036.0452877571945,2165.628261214222,1958.2742827319444,5,0.2588190451025207,0.9659258262890684,0,0,1,-0.2067956863333333,5.866083384027778,-0.1355967138611111,0.3656367874444444,18.570810667694445,20.27639611691667,18.305206327277777,18.44876204208333,0.0,0.0,0.0,0.0
B3,roll_02,mlr,2026-01-22 06:00:00+00:00,2026-01-22 07:00:00+00:00,0,1,2025-12-08T00:00:00+00:00,2026-01-19T00:00:00+00:00,2026-01-19T00:00:00+00:00,2026-01-26T00:00:00+00:00,1778.5049296098057,2061.5397225794823,-283.0347929696766,0,night,0,0.0,0,0,0,0,0,0,0,0,0,0,0,0,0,0,0,0,0,0,0,0,0,0,0,0,3,2008.2256900938053,1958.2742827319444,2007.6322741502224,1980.8106362188057,6,6.123233995736766e-17,1.0,0,0,1,-0.3390546419444444,5.855689930055555,-0.2067956863333333,0.0914363476111111,18.560011663194445,19.47680676319445,18.570810667694445,18.20441595636111,0.0,0.0,0.0,0.0
B3,roll_02,mlr,2026-01-22 07:00:00+00:00,2026-01-22 08:00:00+00:00,0,1,2025-12-08T00:00:00+00:00,2026-01-19T00:00:00+00:00,2026-01-19T00:00:00+00:00,2026-01-26T00:00:00+00:00,1415.566902312361,1853.3062430852167,-437.7393407728557,1,low,0,0.0,0,1,0,0,0,0,0,0,0,0,0,0,0,0,0,0,0,0,0,0,0,0,0,0,3,1864.800559224361,1980.8106362188057,1787.7926135424725,1778.5049296098057,7,-0.2588190451025206,0.9659258262890684,0,0,1,0.0412508166666666,5.939965576,-0.3390546419444444,0.4624889772777778,18.17753363780556,18.746181867083333,18.560011663194445,18.099627230388887,50.5301981471389,0.0,0.0,88.74529710644445
B3,roll_02,mlr,2026-01-22 08:00:00+00:00,2026-01-22 09:00:00+00:00,0,1,2025-12-08T00:00:00+00:00,2026-01-19T00:00:00+00:00,2026-01-19T00:00:00+00:00,2026-01-26T00:00:00+00:00,1170.112685329639,1395.4696776663852,-225.35699233674632,1,med,0,0.0,0,1,0,0,0,0,0,0,0,0,0,0,0,0,0,0,0,0,0,0,0,0,0,0,3,1891.1646381102776,1778.5049296098057,1396.283928898889,1415.566902312361,8,-0.4999999999999998,0.8660254037844387,0,0,1,1.056784193527778,6.0540732603333325,0.0412508166666666,2.0457270672222223,18.45113440808333,19.051684740972224,18.17753363780556,18.33234830197222,442.9227532967777,0.0,50.5301981471389,506.86706511469447
B3,roll_02,mlr,2026-01-22 09:00:00+00:00,2026-01-22 10:00:00+00:00,0,1,2025-12-08T00:00:00+00:00,2026-01-19T00:00:00+00:00,2026-01-19T00:00:00+00:00,2026-01-26T00:00:00+00:00,912.1677645943888,1222.4231197981683,-310.25535520377946,1,med,0,0.0,0,1,0,0,0,0,0,0,0,0,0,0,0,0,0,0,0,0,0,0,0,0,0,0,3,1853.015352479528,1415.566902312361,1012.9496219223612,1170.112685329639,9,-0.7071067811865475,0.7071067811865476,0,0,1,2.4946484179722224,6.356309699972222,1.056784193527778,3.9313944355833335,18.912593772,20.157227171944445,18.45113440808333,18.699979865277776,833.8091316924166,71.04931229527777,442.9227532967777,949.0842489008888
B3,roll_02,mlr,2026-01-22 10:00:00+00:00,2026-01-22 11:00:00+00:00,0,1,2025-12-08T00:00:00+00:00,2026-01-19T00:00:00+00:00,2026-01-19T00:00:00+00:00,2026-01-26T00:00:00+00:00,979.6024800058332,1071.5512432198827,-91.94876321404956,1,med,0,0.0,0,1,0,0,0,0,0,0,0,0,0,0,0,0,0,0,0,0,0,0,0,0,0,0,3,1753.4225527633614,1170.112685329639,755.3586427439723,912.1677645943888,10,-0.8660254037844387,0.4999999999999999,0,0,1,3.215811578611111,7.095990240444444,2.4946484179722224,5.315615807527778,19.38619283925,19.88121188980556,18.912593772,19.066515733777777,1190.1841393934444,190.55258295625003,833.8091316924166,1313.273773081028
B3,roll_02,mlr,2026-01-22 11:00:00+00:00,2026-01-22 12:00:00+00:00,0,1,2025-12-08T00:00:00+00:00,2026-01-19T00:00:00+00:00,2026-01-19T00:00:00+00:00,2026-01-26T00:00:00+00:00,926.4931066359444,1501.109228990854,-574.6161223549096,1,med,0,0.0,0,1,0,0,0,0,0,0,0,0,0,0,0,0,0,0,0,0,0,0,0,0,0,0,3,1683.7846975026666,912.1677645943888,53.140800646916695,979.6024800058332,11,-0.9659258262890682,0.258819045102521,0,0,1,4.084419063944444,7.735721079805555,3.215811578611111,6.909244716555556,19.31657935863889,23.38672065052777,19.38619283925,19.08309364155556,1082.5123078365275,176.48683570197224,1190.1841393934444,1427.9776504355557
B3,roll_02,mlr,2026-01-22 12:00:00+00:00,2026-01-22 13:00:00+00:00,0,1,2025-12-08T00:00:00+00:00,2026-01-19T00:00:00+00:00,2026-01-19T00:00:00+00:00,2026-01-26T00:00:00+00:00,-104.81881332361114,1055.1528968079595,-1159.9717101315705,1,med,0,0.0,0,2,0,0,0,0,0,0,0,0,0,0,0,0,0,0,0,0,0,0,0,0,0,0,3,662.9256880891389,979.6024800058332,-768.0917536371389,926.4931066359444,12,-1.0,1.2246467991473532e-16,0,0,1,5.38599788475,7.640280755611111,4.084419063944444,8.880089984972221,19.65373982686111,18.96813179475,19.31657935863889,18.484981089805554,1175.6683752016668,137.67527449247223,1082.5123078365275,1346.315216830611
B3,roll_02,mlr,2026-01-22 13:00:00+00:00,2026-01-22 14:00:00+00:00,0,1,2025-12-08T00:00:00+00:00,2026-01-19T00:00:00+00:00,2026-01-19T00:00:00+00:00,2026-01-26T00:00:00+00:00,1036.759236264139,680.5947267448216,356.16450951931733,1,med,0,0.0,0,2,1,0,0,0,0,0,0,0,0,0,0,0,0,0,0,0,0,0,0,0,0,0,3,1670.502586263833,926.4931066359444,452.3195190723055,-104.81881332361114,13,-0.9659258262890684,-0.2588190451025208,0,0,1,6.27195117888889,7.717073466916666,5.38599788475,10.48915223186111,18.68513766694445,19.995219474666666,19.65373982686111,18.524133185916664,952.1943599062224,89.73333983747223,1175.6683752016668,1073.8044294135832
B3,roll_02,mlr,2026-01-22 14:00:00+00:00,2026-01-22 15:00:00+00:00,0,1,2025-12-08T00:00:00+00:00,2026-01-19T00:00:00+00:00,2026-01-19T00:00:00+00:00,2026-01-26T00:00:00+00:00,1095.6600237501943,1088.7039174370273,6.9561063131670835,1,med,0,0.0,0,2,0,0,0,0,0,0,0,0,0,0,0,0,0,0,0,0,0,0,0,0,0,0,3,1481.236402503917,-104.81881332361114,66.48684730938892,1036.759236264139,14,-0.8660254037844388,-0.4999999999999997,0,0,1,7.388014486055556,7.777161936083334,6.27195117888889,10.873624103916669,18.11838555286111,18.998335135416667,18.68513766694445,17.64684908008333,761.2699456159722,15.6927846945,952.1943599062224,664.2745502861944
B3,roll_02,mlr,2026-01-22 15:00:00+00:00,2026-01-22 16:00:00+00:00,0,1,2025-12-08T00:00:00+00:00,2026-01-19T00:00:00+00:00,2026-01-19T00:00:00+00:00,2026-01-26T00:00:00+00:00,2940.7578966023334,1691.6294366401933,1249.1284599621401,1,low,0,0.0,0,2,0,0,0,0,0,0,0,0,0,0,0,0,0,0,0,0,0,0,0,0,0,0,3,885.3972389852223,1036.759236264139,359.87914049975,1095.6600237501943,15,-0.7071067811865479,-0.7071067811865471,0,0,1,6.172030068638889,7.587229790388889,7.388014486055556,9.67541222338889,17.8214131055,18.903532724861112,18.11838555286111,17.73781377975,67.57647916191668,0.0,761.2699456159722,144.55603472877775
B3,roll_02,mlr,2026-01-22 16:00:00+00:00,2026-01-22 17:00:00+00:00,0,1,2025-12-08T00:00:00+00:00,2026-01-19T00:00:00+00:00,2026-01-19T00:00:00+00:00,2026-01-26T00:00:00+00:00,1509.757366554472,2547.778370411099,-1038.021003856627,0,night,0,0.0,0,1,0,0,0,0,0,0,0,0,0,0,0,0,0,0,0,0,0,0,0,0,0,0,3,1797.5373261431112,1095.6600237501943,3501.792804637556,2940.7578966023334,16,-0.5000000000000004,-0.8660254037844385,0,0,1,3.513001024222222,7.352740038694445,6.172030068638889,6.537365921777777,17.972978045416667,19.207566096138887,17.8214131055,17.606137597472223,0.0,0.0,67.57647916191668,0.0
B3,roll_02,mlr,2026-01-22 17:00:00+00:00,2026-01-22 18:00:00+00:00,0,1,2025-12-08T00:00:00+00:00,2026-01-19T00:00:00+00:00,2026-01-19T00:00:00+00:00,2026-01-26T00:00:00+00:00,1902.4201895734168,1857.381414297132,45.038775276284696,0,night,0,0.0,0,1,0,0,0,0,0,0,0,0,0,0,0,0,0,0,0,0,0,0,0,0,0,0,3,1346.1776368881667,2940.7578966023334,3139.28925536575,1509.757366554472,17,-0.2588190451025206,-0.9659258262890684,0,0,1,2.803270102555556,7.210672752555555,3.513001024222222,4.898183921,18.275116791861112,19.75528769888889,17.972978045416667,17.69062399725,0.0,0.0,0.0,0.0
B3,roll_02,mlr,2026-01-22 18:00:00+00:00,2026-01-22 19:00:00+00:00,0,1,2025-12-08T00:00:00+00:00,2026-01-19T00:00:00+00:00,2026-01-19T00:00:00+00:00,2026-01-26T00:00:00+00:00,1073.8756977925275,1737.1837979536997,-663.3081001611722,0,night,0,0.0,0,1,0,0,0,0,0,0,0,0,0,0,0,0,0,0,0,0,0,0,0,0,0,0,3,2386.9593965361114,1509.757366554472,3084.578836987528,1902.4201895734168,18,-1.8369701987210292e-16,-1.0,0,0,1,2.0540354806944445,6.914773931666667,2.803270102555556,4.040946171194444,18.52226880861112,19.750921251194445,18.275116791861112,17.300488013416665,0.0,0.0,0.0,0.0
B3,roll_02,mlr,2026-01-22 19:00:00+00:00,2026-01-22 20:00:00+00:00,0,1,2025-12-08T00:00:00+00:00,2026-01-19T00:00:00+00:00,2026-01-19T00:00:00+00:00,2026-01-26T00:00:00+00:00,1112.6407676563056,1340.0642417212405,-227.4234740649349,0,night,0,0.0,0,1,0,0,0,0,0,0,0,0,0,0,0,0,0,0,0,0,0,0,0,0,0,0,3,1666.5948316020276,1902.4201895734168,3033.668790060889,1073.8756977925275,19,0.2588190451025203,-0.9659258262890684,0,0,1,1.7490800439444445,6.321510255361112,2.0540354806944445,3.191824916555556,18.13564327775,19.999823462166667,18.52226880861112,17.536376965666665,0.0,0.0,0.0,0.0
B3,roll_02,mlr,2026-01-22 20:00:00+00:00,2026-01-22 21:00:00+00:00,0,1,2025-12-08T00:00:00+00:00,2026-01-19T00:00:00+00:00,2026-01-19T00:00:00+00:00,2026-01-26T00:00:00+00:00,565.8491807108888,1155.1772561065657,-589.3280753956768,0,night,0,0.0,0,1,0,0,0,0,0,0,0,0,0,0,0,0,0,0,0,0,0,0,0,0,0,0,3,1076.4033323202225,1073.8756977925275,2886.9925662115,1112.6407676563056,20,0.5000000000000001,-0.8660254037844386,0,0,1,1.6065832648333334,6.225941869694444,1.7490800439444445,2.487087112333333,18.311032115555555,19.716939268694443,18.13564327775,17.762063201333333,0.0,0.0,0.0,0.0
B3,roll_02,mlr,2026-01-22 21:00:00+00:00,2026-01-22 22:00:00+00:00,0,1,2025-12-08T00:00:00+00:00,2026-01-19T00:00:00+00:00,2026-01-19T00:00:00+00:00,2026-01-26T00:00:00+00:00,473.87890895927785,850.7279407206986,-376.84903176142075,0,night,0,0.0,0,1,0,0,0,0,0,0,0,0,0,0,0,0,0,0,0,0,0,0,0,0,0,0,3,1005.1173250451112,1112.6407676563056,2551.3509306884166,565.8491807108888,21,0.7071067811865474,-0.7071067811865477,0,0,1,1.2826967101944444,6.317871820055555,1.6065832648333334,1.9324537458333333,17.99547290261111,19.756443385166666,18.311032115555555,17.464727486527778,0.0,0.0,0.0,0.0
B3,roll_02,mlr,2026-01-22 22:00:00+00:00,2026-01-22 23:00:00+00:00,0,1,2025-12-08T00:00:00+00:00,2026-01-19T00:00:00+00:00,2026-01-19T00:00:00+00:00,2026-01-26T00:00:00+00:00,367.6513029880277,673.2546205676247,-305.603317579597,0,night,0,0.0,0,1,0,0,0,0,0,0,0,0,0,0,0,0,0,0,0,0,0,0,0,0,0,0,3,480.00597344519446,565.8491807108888,2388.614872440278,473.87890895927785,22,0.8660254037844384,-0.5000000000000004,0,0,1,1.3345326389722223,6.12952082225,1.2826967101944444,1.30014670125,18.07674242205556,19.991357907416667,17.99547290261111,17.690357956194443,0.0,0.0,0.0,0.0
B3,roll_02,mlr,2026-01-22 23:00:00+00:00,2026-01-23 00:00:00+00:00,0,1,2025-12-08T00:00:00+00:00,2026-01-19T00:00:00+00:00,2026-01-19T00:00:00+00:00,2026-01-26T00:00:00+00:00,367.96108710394446,441.985521932643,-74.02443482869853,0,night,0,0.0,0,1,0,1,1,0,3,0,0,0,1,0,1,0,1,0,0,0,1,0,0,0,0,0,3,479.6300936403031,473.87890895927785,1967.8965871302496,367.6513029880277,23,0.965925826289068,-0.2588190451025215,0,0,1,1.6309106950555554,6.380006211722222,1.3345326389722223,0.8794424397222222,18.345077110444443,20.516338076272728,18.07674242205556,17.751566612944444,0.0,0.0,0.0,0.0
B3,roll_02,mlr,2026-01-23 00:00:00+00:00,2026-01-23 01:00:00+00:00,0,1,2025-12-08T00:00:00+00:00,2026-01-19T00:00:00+00:00,2026-01-19T00:00:00+00:00,2026-01-26T00:00:00+00:00,369.3633806425278,740.9170792403354,-371.5536985978076,0,night,0,0.0,0,1,0,1,1,0,3,0,0,0,1,0,1,0,1,0,0,0,1,0,0,0,0,0,4,436.11526816900937,367.6513029880277,387.7841801272222,367.96108710394446,0,1.0,0.0,0,0,1,1.3322522275277775,6.179232263,1.6309106950555554,0.7327373778333334,18.412130332527777,20.644644640187085,18.345077110444443,18.514657144027776,0.0,0.0,0.0,0.0
B3,roll_02,mlr,2026-01-23 01:00:00+00:00,2026-01-23 02:00:00+00:00,0,1,2025-12-08T00:00:00+00:00,2026-01-19T00:00:00+00:00,2026-01-19T00:00:00+00:00,2026-01-26T00:00:00+00:00,364.6717208964722,703.9888386938139,-339.3171177973417,0,night,0,0.0,0,1,0,1,1,0,3,0,0,0,1,0,1,0,1,0,0,0,1,0,0,0,0,0,4,363.3156685093611,367.96108710394446,375.648988568,369.3633806425278,1,0.9659258262890684,0.2588190451025207,0,0,1,1.58879370875,6.335631528111112,1.3322522275277775,0.5019400923611111,18.522961206138888,20.570585093833333,18.412130332527777,18.432809342444443,0.0,0.0,0.0,0.0
B3,roll_02,mlr,2026-01-23 02:00:00+00:00,2026-01-23 03:00:00+00:00,0,1,2025-12-08T00:00:00+00:00,2026-01-19T00:00:00+00:00,2026-01-19T00:00:00+00:00,2026-01-26T00:00:00+00:00,368.5853674459444,830.9306938878042,-462.34532644185975,0,night,0,0.0,0,1,0,0,0,0,0,0,0,0,0,0,0,0,0,0,0,0,0,0,0,0,0,0,4,402.5595977328056,369.3633806425278,370.6715177761111,364.6717208964722,2,0.8660254037844387,0.4999999999999999,0,0,1,2.072341584194444,6.396147497388889,1.58879370875,0.3487736218611111,18.394230225944444,20.26279251922222,18.522961206138888,18.54445086038889,0.0,0.0,0.0,0.0
B3,roll_02,mlr,2026-01-23 03:00:00+00:00,2026-01-23 04:00:00+00:00,0,1,2025-12-08T00:00:00+00:00,2026-01-19T00:00:00+00:00,2026-01-19T00:00:00+00:00,2026-01-26T00:00:00+00:00,1077.5376334153334,863.3043373224748,214.2332960928586,0,night,0,0.0,0,1,0,0,0,0,0,0,0,0,0,0,0,0,0,0,0,0,0,0,0,0,0,0,4,399.17939954838886,364.6717208964722,372.0987236639445,368.5853674459444,3,0.7071067811865476,0.7071067811865476,0,0,1,2.1618301728333336,6.315615564583333,2.072341584194444,0.2133146070555555,18.33168606486112,20.336075921944445,18.394230225944444,18.459798990916667,0.0,0.0,0.0,0.0
B3,roll_02,mlr,2026-01-23 04:00:00+00:00,2026-01-23 05:00:00+00:00,0,1,2025-12-08T00:00:00+00:00,2026-01-19T00:00:00+00:00,2026-01-19T00:00:00+00:00,2026-01-26T00:00:00+00:00,2595.650702010778,1252.6160989852358,1343.034603025542,0,night,0,0.0,0,1,0,0,0,0,0,0,0,0,0,0,0,0,0,0,0,0,0,0,0,0,0,0,4,1076.4506056084722,368.5853674459444,1036.0452877571945,1077.5376334153334,4,0.5000000000000001,0.8660254037844386,0,0,1,2.4079966898333334,6.319809020444445,2.1618301728333336,-0.1355967138611111,18.65893950025,20.54722971761112,18.33168606486112,18.305206327277777,0.0,0.0,0.0,0.0
B3,roll_02,mlr,2026-01-23 05:00:00+00:00,2026-01-23 06:00:00+00:00,0,1,2025-12-08T00:00:00+00:00,2026-01-19T00:00:00+00:00,2026-01-19T00:00:00+00:00,2026-01-26T00:00:00+00:00,2229.0674939791948,2312.487118924545,-83.41962494535028,0,night,0,0.0,0,1,0,0,0,0,0,0,0,0,0,0,0,0,0,0,0,0,0,0,0,0,0,0,4,2002.717169422556,1077.5376334153334,1958.2742827319444,2595.650702010778,5,0.2588190451025207,0.9659258262890684,0,0,1,2.3870737601111114,6.480166650444445,2.4079966898333334,-0.2067956863333333,18.58098035247222,20.62937870683333,18.65893950025,18.570810667694445,0.0,0.0,0.0,0.0
B3,roll_02,mlr,2026-01-23 06:00:00+00:00,2026-01-23 07:00:00+00:00,0,1,2025-12-08T00:00:00+00:00,2026-01-19T00:00:00+00:00,2026-01-19T00:00:00+00:00,2026-01-26T00:00:00+00:00,1956.5605310417773,2276.956983179235,-320.3964521374578,0,night,0,0.0,0,1,0,0,0,0,0,0,0,0,0,0,0,0,0,0,0,0,0,0,0,0,0,0,4,2477.7992105114445,2595.650702010778,1980.8106362188057,2229.0674939791948,6,6.123233995736766e-17,1.0,0,0,1,2.86016758225,6.526934920555555,2.3870737601111114,-0.3390546419444444,18.59333267108333,19.989256890694445,18.58098035247222,18.560011663194445,0.0,0.0,0.0,0.0
B3,roll_02,mlr,2026-01-23 07:00:00+00:00,2026-01-23 08:00:00+00:00,0,1,2025-12-08T00:00:00+00:00,2026-01-19T00:00:00+00:00,2026-01-19T00:00:00+00:00,2026-01-26T00:00:00+00:00,1820.3555307953327,2029.3682457466978,-209.01271495136507,1,low,0,0.0,0,1,0,0,0,0,0,0,0,0,0,0,0,0,0,0,0,0,0,0,0,0,0,0,4,2372.8508934692777,2229.0674939791948,1778.5049296098057,1956.5605310417773,7,-0.2588190451025206,0.9659258262890684,0,0,1,2.925855649944445,6.51837168525,2.86016758225,0.0412508166666666,18.58286181677777,19.50656841447222,18.59333267108333,18.17753363780556,13.610436851555557,0.0,0.0,50.5301981471389
B3,roll_02,mlr,2026-01-23 08:00:00+00:00,2026-01-23 09:00:00+00:00,0,1,2025-12-08T00:00:00+00:00,2026-01-19T00:00:00+00:00,2026-01-19T00:00:00+00:00,2026-01-26T00:00:00+00:00,2016.7762660696944,1737.9579624597338,278.8183036099606,1,low,0,0.0,0,1,0,0,0,0,0,0,0,0,0,0,0,0,0,0,0,0,0,0,0,0,0,0,4,1713.0605896702225,1956.5605310417773,1415.566902312361,1820.3555307953327,8,-0.4999999999999998,0.8660254037844387,0,0,1,3.784128624555555,6.70613304075,2.925855649944445,1.056784193527778,18.901513842444444,19.7554677515,18.58286181677777,18.45113440808333,145.74993311175,219.2942974313056,13.610436851555557,442.9227532967777
B3,roll_02,mlr,2026-01-23 09:00:00+00:00,2026-01-23 10:00:00+00:00,0,1,2025-12-08T00:00:00+00:00,2026-01-19T00:00:00+00:00,2026-01-19T00:00:00+00:00,2026-01-26T00:00:00+00:00,1936.420994131,1834.1479469925218,102.2730471384782,1,low,0,0.0,0,1,0,0,0,0,0,0,0,0,0,0,0,0,0,0,0,0,0,0,0,0,0,0,4,1442.9932598915832,1820.3555307953327,1170.112685329639,2016.7762660696944,9,-0.7071067811865475,0.7071067811865476,0,0,1,4.780561090416667,7.120510198722222,3.784128624555555,2.4946484179722224,18.886623428750003,19.877659039055555,18.901513842444444,18.912593772,232.31283958127776,397.3280925458334,145.74993311175,833.8091316924166
B3,roll_02,mlr,2026-01-23 10:00:00+00:00,2026-01-23 11:00:00+00:00,0,1,2025-12-08T00:00:00+00:00,2026-01-19T00:00:00+00:00,2026-01-19T00:00:00+00:00,2026-01-26T00:00:00+00:00,1576.1195596841944,1975.2299604497614,-399.11040076556696,1,low,0,0.0,0,2,0,0,0,0,0,0,0,0,0,0,0,0,0,0,0,0,0,0,0,0,0,0,4,1623.9131629396943,2016.7762660696944,912.1677645943888,1936.420994131,10,-0.8660254037844387,0.4999999999999999,0,0,1,5.483105661972222,7.606124750555556,4.780561090416667,3.215811578611111,18.61690110308333,19.85123305425,18.886623428750003,19.38619283925,231.00179334266667,176.83669021891663,232.31283958127776,1190.1841393934444
B3,roll_02,mlr,2026-01-23 11:00:00+00:00,2026-01-23 12:00:00+00:00,0,1,2025-12-08T00:00:00+00:00,2026-01-19T00:00:00+00:00,2026-01-19T00:00:00+00:00,2026-01-26T00:00:00+00:00,1707.01032054225,1735.3714678510398,-28.361147308789896,1,low,0,0.0,0,2,0,0,0,0,0,0,0,0,0,0,0,0,0,0,0,0,0,0,0,0,0,0,4,490.20504058097225,1936.420994131,979.6024800058332,1576.1195596841944,11,-0.9659258262890682,0.258819045102521,0,0,1,6.005421360722223,8.054131653722223,5.483105661972222,4.084419063944444,18.975925773527777,19.50173812611111,18.61690110308333,19.31657935863889,305.4964137123056,96.41320922194444,231.00179334266667,1082.5123078365275
B3,roll_02,mlr,2026-01-23 12:00:00+00:00,2026-01-23 13:00:00+00:00,0,1,2025-12-08T00:00:00+00:00,2026-01-19T00:00:00+00:00,2026-01-19T00:00:00+00:00,2026-01-26T00:00:00+00:00,2214.146590013028,1790.7263692417457,423.4202207712822,1,low,0,0.0,0,2,0,0,0,0,0,0,0,0,0,0,0,0,0,0,0,0,0,0,0,0,0,0,4,1595.4900083538612,1576.1195596841944,926.4931066359444,1707.01032054225,12,-1.0,1.2246467991473532e-16,0,0,1,6.755185106222222,7.894125589972222,6.005421360722223,5.38599788475,18.9128849575,19.87244296738889,18.975925773527777,19.65373982686111,277.5941901626389,92.09759563077776,305.4964137123056,1175.6683752016668
B3,roll_02,mlr,2026-01-23 13:00:00+00:00,2026-01-23 14:00:00+00:00,0,1,2025-12-08T00:00:00+00:00,2026-01-19T00:00:00+00:00,2026-01-19T00:00:00+00:00,2026-01-26T00:00:00+00:00,2195.8262186153333,1908.1869950552748,287.63922356005855,1,low,0,0.0,0,2,0,0,0,0,0,0,0,0,0,0,0,0,0,0,0,0,0,0,0,0,0,0,4,701.5758242305001,1707.01032054225,-104.81881332361114,2214.146590013028,13,-0.9659258262890684,-0.2588190451025208,0,0,1,6.862749878222222,8.179940411916666,6.755185106222222,6.27195117888889,22.81537184433333,19.473662514111112,18.9128849575,18.68513766694445,104.38236414708336,166.040840057,277.5941901626389,952.1943599062224
B3,roll_02,mlr,2026-01-23 14:00:00+00:00,2026-01-23 15:00:00+00:00,0,1,2025-12-08T00:00:00+00:00,2026-01-19T00:00:00+00:00,2026-01-19T00:00:00+00:00,2026-01-26T00:00:00+00:00,2527.9803929520835,2434.4555756778727,93.52481727421082,1,low,0,0.0,0,2,0,0,0,0,0,0,0,0,0,0,0,0,0,0,0,0,0,0,0,0,0,0,4,1952.1323181944445,2214.146590013028,1036.759236264139,2195.8262186153333,14,-0.8660254037844388,-0.4999999999999997,0,0,1,5.7134238162777775,8.302941039805555,6.862749878222222,7.388014486055556,18.83056621691667,19.448341239055555,22.81537184433333,18.11838555286111,20.72892640275,27.528722678833333,104.38236414708336,761.2699456159722
B3,roll_02,mlr,2026-01-23 15:00:00+00:00,2026-01-23 16:00:00+00:00,0,1,2025-12-08T00:00:00+00:00,2026-01-19T00:00:00+00:00,2026-01-19T00:00:00+00:00,2026-01-26T00:00:00+00:00,2048.975809514583,2238.0817185760206,-189.10590906143761,1,night,0,0.0,0,2,0,0,0,0,0,0,0,0,0,0,0,0,0,0,0,0,0,0,0,0,0,0,4,573.8755752583612,2195.8262186153333,1095.6600237501943,2527.9803929520835,15,-0.7071067811865479,-0.7071067811865471,0,0,1,5.713572192777778,8.416783751555556,5.7134238162777775,6.172030068638889,18.771297444972223,18.75333884008333,18.83056621691667,17.8214131055,0.0,0.0,20.72892640275,67.57647916191668
B3,roll_02,mlr,2026-01-23 16:00:00+00:00,2026-01-23 17:00:00+00:00,0,1,2025-12-08T00:00:00+00:00,2026-01-19T00:00:00+00:00,2026-01-19T00:00:00+00:00,2026-01-26T00:00:00+00:00,1253.307754251361,2058.862426323599,-805.5546720722377,0,night,0,0.0,0,2,0,0,0,0,0,0,0,0,0,0,0,0,0,0,0,0,0,0,0,0,0,0,4,1748.7442167502777,2527.9803929520835,2940.7578966023334,2048.975809514583,16,-0.5000000000000004,-0.8660254037844385,0,0,1,5.802371368194444,8.520774253777779,5.713572192777778,3.513001024222222,18.720766871444443,20.16664298611111,18.771297444972223,17.972978045416667,0.0,0.0,0.0,0.0
B3,roll_02,mlr,2026-01-23 17:00:00+00:00,2026-01-23 18:00:00+00:00,0,1,2025-12-08T00:00:00+00:00,2026-01-19T00:00:00+00:00,2026-01-19T00:00:00+00:00,2026-01-26T00:00:00+00:00,2022.5164028016115,1466.768600434097,555.7478023675146,0,night,0,0.0,0,2,0,0,0,0,0,0,0,0,0,0,0,0,0,0,0,0,0,0,0,0,0,0,4,1779.3662909536945,2048.975809514583,1509.757366554472,1253.307754251361,17,-0.2588190451025206,-0.9659258262890684,0,0,1,5.091072229027778,8.07320388525,5.802371368194444,2.803270102555556,17.994156679944442,19.575921534027778,18.720766871444443,18.275116791861112,0.0,0.0,0.0,0.0
B3,roll_02,mlr,2026-01-23 18:00:00+00:00,2026-01-23 19:00:00+00:00,0,1,2025-12-08T00:00:00+00:00,2026-01-19T00:00:00+00:00,2026-01-19T00:00:00+00:00,2026-01-26T00:00:00+00:00,1067.3991769345832,1636.96810526479,-569.5689283302067,0,night,0,0.0,0,1,0,0,0,0,0,0,0,0,0,0,0,0,0,0,0,0,0,0,0,0,0,0,4,1926.1523590546667,1253.307754251361,1902.4201895734168,2022.5164028016115,18,-1.8369701987210292e-16,-1.0,0,0,1,4.711612085277777,7.896998074444444,5.091072229027778,2.0540354806944445,18.35074025972222,18.97882240377778,17.994156679944442,18.52226880861112,0.0,0.0,0.0,0.0
B3,roll_02,mlr,2026-01-23 19:00:00+00:00,2026-01-23 20:00:00+00:00,0,1,2025-12-08T00:00:00+00:00,2026-01-19T00:00:00+00:00,2026-01-19T00:00:00+00:00,2026-01-26T00:00:00+00:00,1046.436184157472,1164.19964750633,-117.76346334885784,0,night,0,0.0,0,1,0,0,0,0,0,0,0,0,0,0,0,0,0,0,0,0,0,0,0,0,0,0,4,3573.4096695315,2022.5164028016115,1073.8756977925275,1067.3991769345832,19,0.2588190451025203,-0.9659258262890684,0,0,1,3.980250340583333,7.825703813444444,4.711612085277777,1.7490800439444445,17.935994839722223,18.995995310777776,18.35074025972222,18.13564327775,0.0,0.0,0.0,0.0
B3,roll_02,mlr,2026-01-23 20:00:00+00:00,2026-01-23 21:00:00+00:00,0,1,2025-12-08T00:00:00+00:00,2026-01-19T00:00:00+00:00,2026-01-19T00:00:00+00:00,2026-01-26T00:00:00+00:00,602.2876708927778,938.806515347075,-336.5188444542972,0,night,0,0.0,0,1,0,0,0,0,0,0,0,0,0,0,0,0,0,0,0,0,0,0,0,0,0,0,4,2754.500442691028,1067.3991769345832,1112.6407676563056,1046.436184157472,20,0.5000000000000001,-0.8660254037844386,0,0,1,3.866209152527778,7.709597783944445,3.980250340583333,1.6065832648333334,17.69838866127778,18.76334915180556,17.935994839722223,18.311032115555555,0.0,0.0,0.0,0.0
B3,roll_02,mlr,2026-01-23 21:00:00+00:00,2026-01-23 22:00:00+00:00,0,1,2025-12-08T00:00:00+00:00,2026-01-19T00:00:00+00:00,2026-01-19T00:00:00+00:00,2026-01-26T00:00:00+00:00,492.5538403097778,614.1878974711219,-121.63405716134412,0,night,0,0.0,0,1,0,0,0,0,0,0,0,0,0,0,0,0,0,0,0,0,0,0,0,0,0,0,4,2483.442940576528,1046.436184157472,565.8491807108888,602.2876708927778,21,0.7071067811865474,-0.7071067811865477,0,0,1,3.869637564888889,7.793732041944445,3.866209152527778,1.2826967101944444,18.29812389511111,19.09072242922222,17.69838866127778,17.99547290261111,0.0,0.0,0.0,0.0
B3,roll_02,mlr,2026-01-23 22:00:00+00:00,2026-01-23 23:00:00+00:00,0,1,2025-12-08T00:00:00+00:00,2026-01-19T00:00:00+00:00,2026-01-19T00:00:00+00:00,2026-01-26T00:00:00+00:00,435.2853666092778,489.16467615326496,-53.879309543987176,0,night,0,0.0,0,1,0,0,0,0,0,0,0,0,0,0,0,0,0,0,0,0,0,0,0,0,0,0,4,2471.681181403111,602.2876708927778,473.87890895927785,492.5538403097778,22,0.8660254037844384,-0.5000000000000004,0,0,1,3.9082464093888887,7.769939707083334,3.869637564888889,1.3345326389722223,18.156249321388888,18.72444743175,18.29812389511111,18.07674242205556,0.0,0.0,0.0,0.0
B3,roll_02,mlr,2026-01-23 23:00:00+00:00,2026-01-24 00:00:00+00:00,0,1,2025-12-08T00:00:00+00:00,2026-01-19T00:00:00+00:00,2026-01-19T00:00:00+00:00,2026-01-26T00:00:00+00:00,405.1807272819444,448.16621977976,-42.985492497815585,0,night,0,0.0,0,1,0,0,0,0,0,0,0,0,0,0,0,0,0,0,0,0,0,0,0,0,0,0,4,2428.759211638084,492.5538403097778,367.6513029880277,435.2853666092778,23,0.965925826289068,-0.2588190451025215,0,0,1,3.962953027722222,7.651671525194445,3.9082464093888887,1.6309106950555554,18.266909694166667,18.786308081027776,18.156249321388888,18.345077110444443,0.0,0.0,0.0,0.0
B3,roll_02,mlr,2026-01-24 00:00:00+00:00,2026-01-24 01:00:00+00:00,0,1,2025-12-08T00:00:00+00:00,2026-01-19T00:00:00+00:00,2026-01-19T00:00:00+00:00,2026-01-26T00:00:00+00:00,403.1378216736112,680.1406726304365,-277.0028509568253,0,night,0,0.0,0,1,0,0,0,0,0,0,0,0,0,0,0,0,0,0,0,0,0,0,0,0,0,0,5,2422.2099434294164,435.2853666092778,367.96108710394446,405.1807272819444,0,1.0,0.0,0,1,1,3.7605419066388888,7.438261246666666,3.962953027722222,1.3322522275277775,18.3607900945,19.11630246361111,18.266909694166667,18.412130332527777,0.0,0.0,0.0,0.0
B3,roll_02,mlr,2026-01-24 01:00:00+00:00,2026-01-24 02:00:00+00:00,0,1,2025-12-08T00:00:00+00:00,2026-01-19T00:00:00+00:00,2026-01-19T00:00:00+00:00,2026-01-26T00:00:00+00:00,404.9479621853611,718.903362578779,-313.9554003934179,0,night,0,0.0,0,1,0,0,0,0,0,0,0,0,0,0,0,0,0,0,0,0,0,0,0,0,0,0,5,2419.0737715843334,405.1807272819444,369.3633806425278,403.1378216736112,1,0.9659258262890684,0.2588190451025207,0,1,1,3.594426555777778,7.284376046305557,3.7605419066388888,1.58879370875,18.35504471088889,19.46177759227778,18.3607900945,18.522961206138888,0.0,0.0,0.0,0.0
B3,roll_02,mlr,2026-01-24 02:00:00+00:00,2026-01-24 03:00:00+00:00,0,1,2025-12-08T00:00:00+00:00,2026-01-19T00:00:00+00:00,2026-01-19T00:00:00+00:00,2026-01-26T00:00:00+00:00,402.6522398849167,727.527047598642,-324.87480771372526,0,night,0,0.0,0,1,0,0,0,0,0,0,0,0,0,0,0,0,0,0,0,0,0,0,0,0,0,0,5,2397.090425719361,403.1378216736112,364.6717208964722,404.9479621853611,2,0.8660254037844387,0.4999999999999999,0,1,1,3.4606973831944443,7.356306431222222,3.594426555777778,2.072341584194444,18.292189759527776,19.223714178972223,18.35504471088889,18.394230225944444,0.0,0.0,0.0,0.0
B3,roll_02,mlr,2026-01-24 03:00:00+00:00,2026-01-24 04:00:00+00:00,0,1,2025-12-08T00:00:00+00:00,2026-01-19T00:00:00+00:00,2026-01-19T00:00:00+00:00,2026-01-26T00:00:00+00:00,989.5879204678332,743.0241709500613,246.56374951777195,0,night,0,0.0,0,1,0,0,0,0,0,0,0,0,0,0,0,0,0,0,0,0,0,0,0,0,0,0,5,2408.5668939863613,404.9479621853611,368.5853674459444,402.6522398849167,3,0.7071067811865476,0.7071067811865476,0,1,1,3.4151579152222222,7.399717572,3.4606973831944443,2.1618301728333336,18.273110989944445,19.45567031075,18.292189759527776,18.33168606486112,0.0,0.0,0.0,0.0
B3,roll_02,mlr,2026-01-24 04:00:00+00:00,2026-01-24 05:00:00+00:00,0,1,2025-12-08T00:00:00+00:00,2026-01-19T00:00:00+00:00,2026-01-19T00:00:00+00:00,2026-01-26T00:00:00+00:00,1683.9951601766388,1070.4231103285786,613.5720498480603,0,night,0,0.0,0,1,0,0,0,0,0,0,0,0,0,0,0,0,0,0,0,0,0,0,0,0,0,0,5,2987.1550890425,402.6522398849167,1077.5376334153334,989.5879204678332,4,0.5000000000000001,0.8660254037844386,0,1,1,3.746956920472222,7.292532967416666,3.4151579152222222,2.4079966898333334,18.763885850944444,19.50167555113889,18.273110989944445,18.65893950025,0.0,0.0,0.0,0.0
B3,roll_02,mlr,2026-01-24 05:00:00+00:00,2026-01-24 06:00:00+00:00,0,1,2025-12-08T00:00:00+00:00,2026-01-19T00:00:00+00:00,2026-01-19T00:00:00+00:00,2026-01-26T00:00:00+00:00,1902.018428271,1695.281631936026,206.73679633497386,0,night,0,0.0,0,1,0,0,0,0,0,0,0,0,0,0,0,0,0,0,0,0,0,0,0,0,0,0,5,3319.657065773777,989.5879204678332,2595.650702010778,1683.9951601766388,5,0.2588190451025207,0.9659258262890684,0,1,1,3.807682473638889,7.177631668333333,3.746956920472222,2.3870737601111114,18.95802324902778,19.9944225565,18.763885850944444,18.58098035247222,0.0,0.0,0.0,0.0
B3,roll_02,mlr,2026-01-24 06:00:00+00:00,2026-01-24 07:00:00+00:00,0,1,2025-12-08T00:00:00+00:00,2026-01-19T00:00:00+00:00,2026-01-19T00:00:00+00:00,2026-01-26T00:00:00+00:00,2166.76233965375,1972.5923167842009,194.17002286954926,0,night,0,0.0,0,1,0,0,0,0,0,0,0,0,0,0,0,0,0,0,0,0,0,0,0,0,0,0,5,2391.335260368139,1683.9951601766388,2229.0674939791948,1902.018428271,6,6.123233995736766e-17,1.0,0,1,1,3.9873673924166666,7.25766445075,3.807682473638889,2.86016758225,18.70620324358333,19.974863173472222,18.95802324902778,18.59333267108333,0.0,0.0,0.0,0.0
B3,roll_02,mlr,2026-01-24 07:00:00+00:00,2026-01-24 08:00:00+00:00,0,1,2025-12-08T00:00:00+00:00,2026-01-19T00:00:00+00:00,2026-01-19T00:00:00+00:00,2026-01-26T00:00:00+00:00,2056.1787956731946,2131.2698412266564,-75.09104555346175,1,night,0,0.0,0,1,0,0,0,0,0,0,0,0,0,0,0,0,0,0,0,0,0,0,0,0,0,0,5,2341.329542084556,1902.018428271,1956.5605310417773,2166.76233965375,7,-0.2588190451025206,0.9659258262890684,0,1,1,4.151625831166666,7.383881055833334,3.9873673924166666,2.925855649944445,18.29483151783333,19.685817555194443,18.70620324358333,18.58286181677777,0.0,0.0,0.0,13.610436851555557
B3,roll_02,mlr,2026-01-24 08:00:00+00:00,2026-01-24 09:00:00+00:00,0,1,2025-12-08T00:00:00+00:00,2026-01-19T00:00:00+00:00,2026-01-19T00:00:00+00:00,2026-01-26T00:00:00+00:00,2110.409867789389,2075.553836716871,34.85603107251791,1,night,0,0.0,0,1,0,0,0,0,0,0,0,0,0,0,0,0,0,0,0,0,0,0,0,0,0,0,5,2591.676535681584,2166.76233965375,1820.3555307953327,2056.1787956731946,8,-0.4999999999999998,0.8660254037844387,0,1,1,4.314655074888889,8.121707604333332,4.151625831166666,3.784128624555555,17.905425590777778,18.96465682683333,18.29483151783333,18.901513842444444,0.0,28.95708092888889,0.0,145.74993311175
B3,roll_02,mlr,2026-01-24 09:00:00+00:00,2026-01-24 10:00:00+00:00,0,1,2025-12-08T00:00:00+00:00,2026-01-19T00:00:00+00:00,2026-01-19T00:00:00+00:00,2026-01-26T00:00:00+00:00,3130.832139515,2040.9089533719068,1089.9231861430933,1,low,0,0.0,0,1,0,0,0,0,0,0,0,0,0,0,0,0,0,0,0,0,0,0,0,0,0,0,5,876.2151453261389,2056.1787956731946,2016.7762660696944,2110.409867789389,9,-0.7071067811865475,0.7071067811865476,0,1,1,4.542731538305556,8.751546623111112,4.314655074888889,4.780561090416667,18.436193536916665,19.20686476825,17.905425590777778,18.886623428750003,114.76844990783331,108.89878298597222,0.0,232.31283958127776
B3,roll_02,mlr,2026-01-24 10:00:00+00:00,2026-01-24 11:00:00+00:00,0,1,2025-12-08T00:00:00+00:00,2026-01-19T00:00:00+00:00,2026-01-19T00:00:00+00:00,2026-01-26T00:00:00+00:00,385.99203080291664,2476.7938641134433,-2090.8018333105265,1,med,0,0.0,0,2,0,0,0,0,0,0,0,0,0,0,0,0,0,0,0,0,0,0,0,0,0,0,5,1362.1403257086388,2110.409867789389,1936.420994131,3130.832139515,10,-0.8660254037844387,0.4999999999999999,0,1,1,5.048194792888889,9.078067266305556,4.542731538305556,5.483105661972222,18.769674477888888,19.716803649722223,18.436193536916665,18.61690110308333,411.0483259695556,221.86114629477777,114.76844990783331,231.00179334266667
B3,roll_02,mlr,2026-01-24 11:00:00+00:00,2026-01-24 12:00:00+00:00,0,1,2025-12-08T00:00:00+00:00,2026-01-19T00:00:00+00:00,2026-01-19T00:00:00+00:00,2026-01-26T00:00:00+00:00,1016.1453970060834,501.0190672192314,515.126329786852,1,high,0,0.0,0,2,0,0,0,0,0,0,0,0,0,0,0,0,0,0,0,0,0,0,0,0,0,0,5,851.023270576111,3130.832139515,1576.1195596841944,385.99203080291664,11,-0.9659258262890682,0.258819045102521,0,1,1,6.944681730611111,9.67168500638889,5.048194792888889,6.005421360722223,19.6631947345,18.94777081475,18.769674477888888,18.975925773527777,1596.5776119012498,186.94326531838888,411.0483259695556,305.4964137123056
B3,roll_02,mlr,2026-01-24 12:00:00+00:00,2026-01-24 13:00:00+00:00,0,1,2025-12-08T00:00:00+00:00,2026-01-19T00:00:00+00:00,2026-01-19T00:00:00+00:00,2026-01-26T00:00:00+00:00,1064.5741736199725,1646.0406304950955,-581.466456875123,1,low,0,0.0,0,2,0,0,0,0,0,0,0,0,0,0,0,0,0,0,0,0,0,0,0,0,0,0,5,375.1866214471667,385.99203080291664,1707.01032054225,1016.1453970060834,12,-1.0,1.2246467991473532e-16,0,1,1,8.35612550725,10.057301476,6.944681730611111,6.755185106222222,18.378112199194447,18.284649789444444,19.6631947345,18.9128849575,407.66865748083336,275.0773129497222,1596.5776119012498,277.5941901626389
B3,roll_02,mlr,2026-01-24 13:00:00+00:00,2026-01-24 14:00:00+00:00,0,1,2025-12-08T00:00:00+00:00,2026-01-19T00:00:00+00:00,2026-01-19T00:00:00+00:00,2026-01-26T00:00:00+00:00,1858.781012173056,1650.5418532274819,208.23915894557422,1,low,0,0.0,0,2,0,0,0,0,0,0,0,0,0,0,0,0,0,0,0,0,0,0,0,0,0,0,5,1125.2122855051666,1016.1453970060834,2214.146590013028,1064.5741736199725,13,-0.9659258262890684,-0.2588190451025208,0,1,1,6.657871230416667,10.579499319583332,8.35612550725,6.862749878222222,18.062944556944444,18.457303344916667,18.378112199194447,22.81537184433333,88.28240024077779,287.2499787669167,407.66865748083336,104.38236414708336
B3,roll_02,mlr,2026-01-24 14:00:00+00:00,2026-01-24 15:00:00+00:00,0,1,2025-12-08T00:00:00+00:00,2026-01-19T00:00:00+00:00,2026-01-19T00:00:00+00:00,2026-01-26T00:00:00+00:00,1831.2616717653889,1721.7232546342013,109.53841713118754,1,night,0,0.0,0,2,0,0,0,0,0,0,0,0,0,0,0,0,0,0,0,0,0,0,0,0,0,0,5,553.7227735364166,1064.5741736199725,2195.8262186153333,1858.781012173056,14,-0.8660254037844388,-0.4999999999999997,0,1,1,6.097375211722222,10.797755711305555,6.657871230416667,5.7134238162777775,18.00922708483333,18.117300213361112,18.062944556944444,18.83056621691667,0.0,116.70239646572225,88.28240024077779,20.72892640275
B3,roll_02,mlr,2026-01-24 15:00:00+00:00,2026-01-24 16:00:00+00:00,0,1,2025-12-08T00:00:00+00:00,2026-01-19T00:00:00+00:00,2026-01-19T00:00:00+00:00,2026-01-26T00:00:00+00:00,1060.0596002008333,1766.478616247505,-706.4190160466717,1,night,0,0.0,0,2,0,0,0,0,0,0,0,0,0,0,0,0,0,0,0,0,0,0,0,0,0,0,5,893.3163181295832,1858.781012173056,2527.9803929520835,1831.2616717653889,15,-0.7071067811865479,-0.7071067811865471,0,1,1,6.071665185777778,10.387558755972222,6.097375211722222,5.713572192777778,17.677323049111113,17.90237331016667,18.00922708483333,18.771297444972223,0.0,0.0,0.0,0.0
B3,roll_02,mlr,2026-01-24 16:00:00+00:00,2026-01-24 17:00:00+00:00,0,1,2025-12-08T00:00:00+00:00,2026-01-19T00:00:00+00:00,2026-01-19T00:00:00+00:00,2026-01-26T00:00:00+00:00,992.9213029867224,1191.6709265280067,-198.74962354128434,0,night,0,0.0,0,2,0,0,0,0,0,0,0,0,0,0,0,0,0,0,0,0,0,0,0,0,0,0,5,1082.6851535658332,1831.2616717653889,2048.975809514583,1060.0596002008333,16,-0.5000000000000004,-0.8660254037844385,0,1,1,6.566483526611111,9.67754631263889,6.071665185777778,5.802371368194444,17.72403060438889,17.86029653872222,17.677323049111113,18.720766871444443,0.0,0.0,0.0,0.0
B3,roll_02,mlr,2026-01-24 17:00:00+00:00,2026-01-24 18:00:00+00:00,0,1,2025-12-08T00:00:00+00:00,2026-01-19T00:00:00+00:00,2026-01-19T00:00:00+00:00,2026-01-26T00:00:00+00:00,1541.1415699855834,946.4896428032423,594.6519271823411,0,night,0,0.0,0,2,0,0,0,0,0,0,0,0,0,0,0,0,0,0,0,0,0,0,0,0,0,0,5,1215.7402370096668,1060.0596002008333,1253.307754251361,992.9213029867224,17,-0.2588190451025206,-0.9659258262890684,0,1,1,6.089130444527778,9.022818305222222,6.566483526611111,5.091072229027778,17.830043843416664,17.726130486833334,17.72403060438889,17.994156679944442,0.0,0.0,0.0,0.0
B3,roll_02,mlr,2026-01-24 18:00:00+00:00,2026-01-24 19:00:00+00:00,0,1,2025-12-08T00:00:00+00:00,2026-01-19T00:00:00+00:00,2026-01-19T00:00:00+00:00,2026-01-26T00:00:00+00:00,1286.9006860100278,1250.8920285150405,36.00865749498735,0,night,0,0.0,0,2,0,0,0,0,0,0,0,0,0,0,0,0,0,0,0,0,0,0,0,0,0,0,5,1466.154889960333,992.9213029867224,2022.5164028016115,1541.1415699855834,18,-1.8369701987210292e-16,-1.0,0,1,1,5.9999975540833335,8.533988555638889,6.089130444527778,4.711612085277777,18.11549999886111,18.27429377288889,17.830043843416664,18.35074025972222,0.0,0.0,0.0,0.0
B3,roll_02,mlr,2026-01-24 19:00:00+00:00,2026-01-24 20:00:00+00:00,0,1,2025-12-08T00:00:00+00:00,2026-01-19T00:00:00+00:00,2026-01-19T00:00:00+00:00,2026-01-26T00:00:00+00:00,640.4533153681945,1110.6543177294905,-470.201002361296,0,night,0,0.0,0,2,0,0,0,0,0,0,0,0,0,0,0,0,0,0,0,0,0,0,0,0,0,0,5,1078.6994199493888,1541.1415699855834,1067.3991769345832,1286.9006860100278,19,0.2588190451025203,-0.9659258262890684,0,1,1,5.77926593825,8.775346688416667,5.9999975540833335,3.980250340583333,18.36445310694444,17.871975217472222,18.11549999886111,17.935994839722223,0.0,0.0,0.0,0.0
B3,roll_02,mlr,2026-01-24 20:00:00+00:00,2026-01-24 21:00:00+00:00,0,1,2025-12-08T00:00:00+00:00,2026-01-19T00:00:00+00:00,2026-01-19T00:00:00+00:00,2026-01-26T00:00:00+00:00,584.3161862229999,688.4493800964813,-104.13319387348133,0,night,0,0.0,0,2,0,0,0,0,0,0,0,0,0,0,0,0,0,0,0,0,0,0,0,0,0,0,5,1284.7492482649168,1286.9006860100278,1046.436184157472,640.4533153681945,20,0.5000000000000001,-0.8660254037844386,0,1,1,5.683189338277778,8.43526500263889,5.77926593825,3.866209152527778,17.952829869138892,17.86802317861111,18.36445310694444,17.69838866127778,0.0,0.0,0.0,0.0
B3,roll_02,mlr,2026-01-24 21:00:00+00:00,2026-01-24 22:00:00+00:00,0,1,2025-12-08T00:00:00+00:00,2026-01-19T00:00:00+00:00,2026-01-19T00:00:00+00:00,2026-01-26T00:00:00+00:00,518.3547093412777,547.8049911600685,-29.450281818790813,0,night,0,0.0,0,2,0,0,0,0,0,0,0,0,0,0,0,0,0,0,0,0,0,0,0,0,0,0,5,851.6801286406111,640.4533153681945,602.2876708927778,584.3161862229999,21,0.7071067811865474,-0.7071067811865477,0,1,1,5.649819748388889,8.414438040527779,5.683189338277778,3.869637564888889,17.865298132333333,18.094013431972225,17.952829869138892,18.29812389511111,0.0,0.0,0.0,0.0
B3,roll_02,mlr,2026-01-24 22:00:00+00:00,2026-01-24 23:00:00+00:00,0,1,2025-12-08T00:00:00+00:00,2026-01-19T00:00:00+00:00,2026-01-19T00:00:00+00:00,2026-01-26T00:00:00+00:00,430.99813492583326,345.5951019319216,85.40303299391167,0,night,0,0.0,0,2,0,1,1,0,7,0,0,0,1,0,1,0,1,0,0,0,1,0,0,0,0,0,5,661.5588102037779,584.3161862229999,492.5538403097778,518.3547093412777,22,0.8660254037844384,-0.5000000000000004,0,1,1,5.809892205944444,8.306586765694446,5.649819748388889,3.9082464093888887,18.060589775333334,18.379163208138888,17.865298132333333,18.156249321388888,0.0,0.0,0.0,0.0
B3,roll_02,mlr,2026-01-24 23:00:00+00:00,2026-01-25 00:00:00+00:00,0,1,2025-12-08T00:00:00+00:00,2026-01-19T00:00:00+00:00,2026-01-19T00:00:00+00:00,2026-01-26T00:00:00+00:00,377.7188413770555,326.0884558455657,51.63038553148982,0,night,0,0.0,0,2,0,1,1,0,7,0,0,0,1,0,1,0,1,0,0,0,1,0,0,0,0,0,5,356.0791067192222,518.3547093412777,435.2853666092778,430.99813492583326,23,0.965925826289068,-0.2588190451025215,0,1,1,5.70738836675,8.489515895694444,5.809892205944444,3.962953027722222,18.156869020583333,18.27030471461111,18.060589775333334,18.266909694166667,0.0,0.0,0.0,0.0
B3,roll_02,mlr,2026-01-25 00:00:00+00:00,2026-01-25 01:00:00+00:00,0,1,2025-12-08T00:00:00+00:00,2026-01-19T00:00:00+00:00,2026-01-19T00:00:00+00:00,2026-01-26T00:00:00+00:00,364.4423996903056,604.6690801130928,-240.22668042278724,0,night,0,0.0,0,2,0,1,1,0,7,0,0,0,1,0,1,0,1,0,0,0,1,0,0,0,0,0,6,409.1542958934167,430.99813492583326,405.1807272819444,377.7188413770555,0,1.0,0.0,0,1,1,5.6147730122777775,8.267303430916668,5.70738836675,3.7605419066388888,18.11037431958333,18.507601477416667,18.156869020583333,18.3607900945,0.0,0.0,0.0,0.0
B3,roll_02,mlr,2026-01-25 01:00:00+00:00,2026-01-25 02:00:00+00:00,0,1,2025-12-08T00:00:00+00:00,2026-01-19T00:00:00+00:00,2026-01-19T00:00:00+00:00,2026-01-26T00:00:00+00:00,384.5271624152222,546.7130464896393,-162.18588407441706,0,night,0,0.0,0,2,0,1,1,0,7,0,0,0,1,0,1,0,1,0,0,0,1,0,0,0,0,0,6,386.80348134525,377.7188413770555,403.1378216736112,364.4423996903056,1,0.9659258262890684,0.2588190451025207,0,1,1,5.886597346611112,7.88579561025,5.6147730122777775,3.594426555777778,18.483736475527778,18.516888744472222,18.11037431958333,18.35504471088889,0.0,0.0,0.0,0.0
B3,roll_02,mlr,2026-01-25 02:00:00+00:00,2026-01-25 03:00:00+00:00,0,1,2025-12-08T00:00:00+00:00,2026-01-19T00:00:00+00:00,2026-01-19T00:00:00+00:00,2026-01-26T00:00:00+00:00,395.30640441158334,587.8246229262784,-192.51821851469504,0,night,0,0.0,0,2,0,1,1,0,7,0,0,0,1,0,1,0,1,0,0,0,1,0,0,0,0,0,6,363.9506782922222,364.4423996903056,404.9479621853611,384.5271624152222,2,0.8660254037844387,0.4999999999999999,0,1,1,5.938280689361111,7.295793718,5.886597346611112,3.4606973831944443,18.49985763155556,18.505587359111114,18.483736475527778,18.292189759527776,0.0,0.0,0.0,0.0
B3,roll_02,mlr,2026-01-25 03:00:00+00:00,2026-01-25 04:00:00+00:00,0,1,2025-12-08T00:00:00+00:00,2026-01-19T00:00:00+00:00,2026-01-19T00:00:00+00:00,2026-01-26T00:00:00+00:00,963.782436518,620.8690553049012,342.9133812130989,0,night,0,0.0,0,2,0,1,1,0,7,0,0,0,1,0,1,0,1,0,0,0,1,0,0,0,0,0,6,366.92154284288887,384.5271624152222,402.6522398849167,395.30640441158334,3,0.7071067811865476,0.7071067811865476,0,1,1,5.830688939638889,7.380389324388889,5.938280689361111,3.4151579152222222,18.36806043725,18.40949500677777,18.49985763155556,18.273110989944445,0.0,0.0,0.0,0.0
B3,roll_02,mlr,2026-01-25 04:00:00+00:00,2026-01-25 05:00:00+00:00,0,1,2025-12-08T00:00:00+00:00,2026-01-19T00:00:00+00:00,2026-01-19T00:00:00+00:00,2026-01-26T00:00:00+00:00,1696.815230154389,1039.535350738491,657.279879415898,0,night,0,0.0,0,2,0,1,1,0,7,0,0,0,0,1,1,0,1,0,0,0,1,0,0,0,0,0,6,919.6470143296112,395.30640441158334,989.5879204678332,963.782436518,4,0.5000000000000001,0.8660254037844386,0,1,1,5.175912236194445,7.759706802277777,5.830688939638889,3.746956920472222,18.4531641925,18.565049183638887,18.36806043725,18.763885850944444,0.0,0.0,0.0,0.0
B3,roll_02,mlr,2026-01-25 05:00:00+00:00,2026-01-25 06:00:00+00:00,0,1,2025-12-08T00:00:00+00:00,2026-01-19T00:00:00+00:00,2026-01-19T00:00:00+00:00,2026-01-26T00:00:00+00:00,1659.7306816588614,1708.0292005522904,-48.29851889342899,0,night,0,0.0,0,1,0,0,0,0,0,0,0,0,0,0,0,0,0,0,0,0,0,0,0,0,0,0,6,1696.4327096815832,963.782436518,1683.9951601766388,1696.815230154389,5,0.2588190451025207,0.9659258262890684,0,1,1,4.974422407805555,7.824388876305555,5.175912236194445,3.807682473638889,18.711754044777777,19.000532856916667,18.4531641925,18.95802324902778,0.0,0.0,0.0,0.0
B3,roll_02,mlr,2026-01-25 06:00:00+00:00,2026-01-25 07:00:00+00:00,0,1,2025-12-08T00:00:00+00:00,2026-01-19T00:00:00+00:00,2026-01-19T00:00:00+00:00,2026-01-26T00:00:00+00:00,2231.1363579284443,1822.858104797738,408.2782531307064,0,night,0,0.0,0,1,0,0,0,0,0,0,0,0,0,0,0,0,0,0,0,0,0,0,0,0,0,0,6,1787.8514459331388,1696.815230154389,1902.018428271,1659.7306816588614,6,6.123233995736766e-17,1.0,0,1,1,4.992939964055556,7.870841315861111,4.974422407805555,3.9873673924166666,18.560369708916667,19.028892910777778,18.711754044777777,18.70620324358333,0.0,0.0,0.0,0.0
B3,roll_02,mlr,2026-01-25 07:00:00+00:00,2026-01-25 08:00:00+00:00,0,1,2025-12-08T00:00:00+00:00,2026-01-19T00:00:00+00:00,2026-01-19T00:00:00+00:00,2026-01-26T00:00:00+00:00,2238.324116505972,2313.263762818863,-74.939646312891,1,night,0,0.0,0,1,0,0,0,0,0,0,0,0,0,0,0,0,0,0,0,0,0,0,0,0,0,0,6,2221.478881947944,1659.7306816588614,2166.76233965375,2231.1363579284443,7,-0.2588190451025206,0.9659258262890684,0,1,1,4.933367505611112,7.883857542694444,4.992939964055556,4.151625831166666,18.55700058877778,22.49837394541667,18.560369708916667,18.29483151783333,0.0,0.0,0.0,0.0
B3,roll_02,mlr,2026-01-25 08:00:00+00:00,2026-01-25 09:00:00+00:00,0,1,2025-12-08T00:00:00+00:00,2026-01-19T00:00:00+00:00,2026-01-19T00:00:00+00:00,2026-01-26T00:00:00+00:00,2327.768168646222,2122.2300277404674,205.53814090575452,1,night,0,0.0,0,1,0,0,0,0,0,0,0,0,0,0,0,0,0,0,0,0,0,0,0,0,0,0,6,1747.753539249222,2231.1363579284443,2056.1787956731946,2238.324116505972,8,-0.4999999999999998,0.8660254037844387,0,1,1,4.832365699444444,8.262126455694444,4.933367505611112,4.314655074888889,18.49024153463889,17.670436918444445,18.55700058877778,17.905425590777778,0.0,34.30441932991666,0.0,0.0
B3,roll_02,mlr,2026-01-25 09:00:00+00:00,2026-01-25 10:00:00+00:00,0,1,2025-12-08T00:00:00+00:00,2026-01-19T00:00:00+00:00,2026-01-19T00:00:00+00:00,2026-01-26T00:00:00+00:00,3079.3561128761667,2186.762660609259,892.5934522669077,1,low,0,0.0,0,1,0,0,0,0,0,0,0,0,0,0,0,0,0,0,0,0,0,0,0,0,0,0,6,1199.014191615,2238.324116505972,2110.409867789389,2327.768168646222,9,-0.7071067811865475,0.7071067811865476,0,1,1,4.46485140163889,8.695682546194444,4.832365699444444,4.542731538305556,18.60976037316667,17.60044165513889,18.49024153463889,18.436193536916665,20.07319077258333,89.21282883222221,0.0,114.76844990783331
B3,roll_02,mlr,2026-01-25 10:00:00+00:00,2026-01-25 11:00:00+00:00,0,1,2025-12-08T00:00:00+00:00,2026-01-19T00:00:00+00:00,2026-01-19T00:00:00+00:00,2026-01-26T00:00:00+00:00,1060.977643347722,2608.3661042888734,-1547.3884609411514,1,low,0,0.0,0,1,0,0,0,0,0,0,0,0,0,0,0,0,0,0,0,0,0,0,0,0,0,0,6,2696.399735123361,2327.768168646222,3130.832139515,3079.3561128761667,10,-0.8660254037844387,0.4999999999999999,0,1,1,4.6137414355,9.452506697638889,4.46485140163889,5.048194792888889,18.23413413661111,17.917450888777775,18.60976037316667,18.769674477888888,79.55278716463889,152.0663147546389,20.07319077258333,411.0483259695556
B3,roll_02,mlr,2026-01-25 11:00:00+00:00,2026-01-25 12:00:00+00:00,0,1,2025-12-08T00:00:00+00:00,2026-01-19T00:00:00+00:00,2026-01-19T00:00:00+00:00,2026-01-26T00:00:00+00:00,1745.3068945306666,1461.517961520981,283.7889330096855,1,low,0,0.0,0,2,0,0,0,0,0,0,0,0,0,0,0,0,0,0,0,0,0,0,0,0,0,0,6,908.328997025861,3079.3561128761667,385.99203080291664,1060.977643347722,11,-0.9659258262890682,0.258819045102521,0,1,1,5.1184929485833335,9.93934049188889,4.6137414355,6.944681730611111,18.24494905780556,17.975845256166668,18.23413413661111,19.6631947345,220.18301505319445,291.1969854105833,79.55278716463889,1596.5776119012498
B3,roll_02,mlr,2026-01-25 12:00:00+00:00,2026-01-25 13:00:00+00:00,0,1,2025-12-08T00:00:00+00:00,2026-01-19T00:00:00+00:00,2026-01-19T00:00:00+00:00,2026-01-26T00:00:00+00:00,906.8727746182224,1262.2646864907804,-355.391911872558,1,med,0,0.0,0,2,0,0,0,0,0,0,0,0,0,0,0,0,0,0,0,0,0,0,0,0,0,0,6,1081.863576312389,1060.977643347722,1016.1453970060834,1745.3068945306666,12,-1.0,1.2246467991473532e-16,0,1,1,6.667484349638889,10.88034856138889,5.1184929485833335,8.35612550725,19.08982180188889,18.150378169,18.24494905780556,18.378112199194447,527.3673956102779,279.95511428333333,220.18301505319445,407.66865748083336
B3,roll_02,mlr,2026-01-25 13:00:00+00:00,2026-01-25 14:00:00+00:00,0,1,2025-12-08T00:00:00+00:00,2026-01-19T00:00:00+00:00,2026-01-19T00:00:00+00:00,2026-01-26T00:00:00+00:00,1490.25308828425,1265.911555103781,224.341533180469,1,low,0,0.0,0,2,0,0,0,0,0,0,0,0,0,0,0,0,0,0,0,0,0,0,0,0,0,0,6,2173.5554944418054,1745.3068945306666,1064.5741736199725,906.8727746182224,13,-0.9659258262890684,-0.2588190451025208,0,1,1,7.015248214916667,11.194744100638887,6.667484349638889,6.657871230416667,18.02789201130556,17.605212465694446,19.08982180188889,18.062944556944444,212.62666984819444,211.40559060327777,527.3673956102779,88.28240024077779
B3,roll_02,mlr,2026-01-25 14:00:00+00:00,2026-01-25 15:00:00+00:00,0,1,2025-12-08T00:00:00+00:00,2026-01-19T00:00:00+00:00,2026-01-19T00:00:00+00:00,2026-01-26T00:00:00+00:00,924.6930943503612,1368.2621768845663,-443.5690825342051,1,low,0,0.0,0,2,0,0,0,0,0,0,0,0,0,0,0,0,0,0,0,0,0,0,0,0,0,0,6,1035.234056645167,906.8727746182224,1858.781012173056,1490.25308828425,14,-0.8660254037844388,-0.4999999999999997,0,1,1,7.1463404341666665,10.792807296472224,7.015248214916667,6.097375211722222,18.02865631725,17.720296622972224,18.02789201130556,18.00922708483333,125.078570753,51.70543011708333,212.62666984819444,0.0
B3,roll_02,mlr,2026-01-25 15:00:00+00:00,2026-01-25 16:00:00+00:00,0,1,2025-12-08T00:00:00+00:00,2026-01-19T00:00:00+00:00,2026-01-19T00:00:00+00:00,2026-01-26T00:00:00+00:00,1936.265559235028,1161.084207990046,775.1813512449819,1,night,0,0.0,0,2,0,0,0,0,0,0,0,0,0,0,0,0,0,0,0,0,0,0,0,0,0,0,6,982.0105920020555,1490.25308828425,1831.2616717653889,924.6930943503612,15,-0.7071067811865479,-0.7071067811865471,0,1,1,6.817918164777777,10.09873856363889,7.1463404341666665,6.071665185777778,17.959508398916665,17.65813682397222,18.02865631725,17.677323049111113,0.0,0.0,125.078570753,0.0
B3,roll_02,mlr,2026-01-25 16:00:00+00:00,2026-01-25 17:00:00+00:00,0,1,2025-12-08T00:00:00+00:00,2026-01-19T00:00:00+00:00,2026-01-19T00:00:00+00:00,2026-01-26T00:00:00+00:00,1053.6913190111388,1513.6532391964008,-459.961920185262,0,night,0,0.0,0,2,0,0,0,0,0,0,0,0,0,0,0,0,0,0,0,0,0,0,0,0,0,0,6,939.633989883972,924.6930943503612,1060.0596002008333,1936.265559235028,16,-0.5000000000000004,-0.8660254037844385,0,1,1,6.112700724861111,9.486147199944446,6.817918164777777,6.566483526611111,18.36010683186112,17.723917226694443,17.959508398916665,17.72403060438889,0.0,0.0,0.0,0.0
B3,roll_02,mlr,2026-01-25 17:00:00+00:00,2026-01-25 18:00:00+00:00,0,1,2025-12-08T00:00:00+00:00,2026-01-19T00:00:00+00:00,2026-01-19T00:00:00+00:00,2026-01-26T00:00:00+00:00,1042.3809986754163,1205.2025770865228,-162.82157841110643,0,night,0,0.0,0,2,0,0,0,0,0,0,0,0,0,0,0,0,0,0,0,0,0,0,0,0,0,0,6,1984.2611124879447,1936.265559235028,992.9213029867224,1053.6913190111388,17,-0.2588190451025206,-0.9659258262890684,0,1,1,5.021550218833333,8.932912868583333,6.112700724861111,6.089130444527778,17.625167409194443,17.788532314805554,18.36010683186112,17.830043843416664,0.0,0.0,0.0,0.0
B3,roll_02,mlr,2026-01-25 18:00:00+00:00,2026-01-25 19:00:00+00:00,0,1,2025-12-08T00:00:00+00:00,2026-01-19T00:00:00+00:00,2026-01-19T00:00:00+00:00,2026-01-26T00:00:00+00:00,849.7813898698611,1001.3182178834415,-151.53682801358048,0,night,0,0.0,0,1,0,0,0,0,0,0,0,0,0,0,0,0,0,0,0,0,0,0,0,0,0,0,6,1779.6982078336666,1053.6913190111388,1541.1415699855834,1042.3809986754163,18,-1.8369701987210292e-16,-1.0,0,1,1,4.227878578694444,8.383298441722223,5.021550218833333,5.9999975540833335,17.660656862222222,17.752887094805555,17.625167409194443,18.11549999886111,0.0,0.0,0.0,0.0
B3,roll_02,mlr,2026-01-25 19:00:00+00:00,2026-01-25 20:00:00+00:00,0,1,2025-12-08T00:00:00+00:00,2026-01-19T00:00:00+00:00,2026-01-19T00:00:00+00:00,2026-01-26T00:00:00+00:00,739.4192231492499,704.1250564999048,35.29416664934513,0,night,0,0.0,0,1,0,1,1,0,4,0,0,0,1,0,1,0,1,0,0,0,1,0,0,0,0,0,6,1945.2175917344168,1042.3809986754163,1286.9006860100278,849.7813898698611,19,0.2588190451025203,-0.9659258262890684,0,1,1,3.6091518839166654,8.063546007666666,4.227878578694444,5.77926593825,17.591231184888887,17.598374748583336,17.660656862222222,18.36445310694444,0.0,0.0,0.0,0.0
B3,roll_02,mlr,2026-01-25 20:00:00+00:00,2026-01-25 21:00:00+00:00,0,1,2025-12-08T00:00:00+00:00,2026-01-19T00:00:00+00:00,2026-01-19T00:00:00+00:00,2026-01-26T00:00:00+00:00,575.8166761095833,583.8989357941452,-8.082259684561905,0,night,0,0.0,0,1,0,1,1,0,4,0,0,0,1,0,1,0,1,0,0,0,1,0,0,0,0,0,6,817.2623687095833,849.7813898698611,640.4533153681945,739.4192231492499,20,0.5000000000000001,-0.8660254037844386,0,1,1,3.3640960108888893,7.955256959805555,3.6091518839166654,5.683189338277778,17.554591725333335,18.132431494416668,17.591231184888887,17.952829869138892,0.0,0.0,0.0,0.0
B3,roll_02,mlr,2026-01-25 21:00:00+00:00,2026-01-25 22:00:00+00:00,0,1,2025-12-08T00:00:00+00:00,2026-01-19T00:00:00+00:00,2026-01-19T00:00:00+00:00,2026-01-26T00:00:00+00:00,367.5400825782778,375.00249648003796,-7.462413901760158,0,night,0,0.0,0,1,0,1,1,0,4,0,0,0,1,0,1,0,1,0,0,0,1,0,0,0,0,0,6,1022.3695540110556,739.4192231492499,584.3161862229999,575.8166761095833,21,0.7071067811865474,-0.7071067811865477,0,1,1,4.178278312777778,7.917760795055556,3.3640960108888893,5.649819748388889,17.66102431277778,18.226290338722222,17.554591725333335,17.865298132333333,0.0,0.0,0.0,0.0
