dataset_id,split_id,model_name,ts_utc,ts_target_utc,is_train_split,is_test_split,train_start_utc,train_end_utc,test_start_utc,test_end_utc,y_true_t_plus_1,yhat_t_plus_1,residual_t_plus_1,is_daylight,pv_regime,pool_on,pool_on_lag_1h,pool_switch,temp_bin,flag_grid_exporting,imputed_any,imputed_count,gaplen_demand_h,gaplen_pv_h,gaplen_pool_h,gaplen_temp_h,pv_imputed_interp,pv_imputed_ffill_night_ok,pv_imputed_fallback_zero,pv_imputed_any,flag_demand_imputed,flag_pv_imputed,flag_pool_imputed,flag_temp_imputed,flag_demand_imputed_new,flag_pv_imputed_new,flag_pool_imputed_new,flag_temp_imputed_new,demand_imputed_any,pool_imputed_any,temp_imputed_any,day_of_week,demand_lag_168h,demand_lag_1h,demand_lag_24h,demand_w,hour,hour_cos,hour_sin,is_holiday_it,is_weekend,month
B2,roll_01,rf,2026-01-11 23:00:00+00:00,2026-01-12 00:00:00+00:00,0,1,2025-12-08T00:00:00+00:00,2026-01-12T00:00:00+00:00,2026-01-12T00:00:00+00:00,2026-01-19T00:00:00+00:00,2521.281662351861,2218.952952343895,302.32871000796604,0,night,0,0.0,0,1,0,0,0,0,0,0,0,0,0,0,0,0,0,0,0,0,0,0,0,0,0,0,6,364.9348326606112,2652.970591418611,410.7482779138611,2501.345489155889,23,0.965925826289068,-0.2588190451025215,0,1,1
B2,roll_01,rf,2026-01-12 00:00:00+00:00,2026-01-12 01:00:00+00:00,0,1,2025-12-08T00:00:00+00:00,2026-01-12T00:00:00+00:00,2026-01-12T00:00:00+00:00,2026-01-19T00:00:00+00:00,2510.7629793080832,2579.783390785256,-69.02041147717273,0,night,0,0.0,0,1,0,0,0,0,0,0,0,0,0,0,0,0,0,0,0,0,0,0,0,0,0,0,0,370.6410842640833,2501.345489155889,405.205528771,2521.281662351861,0,1.0,0.0,0,0,1
B2,roll_01,rf,2026-01-12 01:00:00+00:00,2026-01-12 02:00:00+00:00,0,1,2025-12-08T00:00:00+00:00,2026-01-12T00:00:00+00:00,2026-01-12T00:00:00+00:00,2026-01-19T00:00:00+00:00,2517.397726423444,2563.0354173243063,-45.63769090086225,0,night,0,0.0,0,0,0,0,0,0,0,0,0,0,0,0,0,0,0,0,0,0,0,0,0,0,0,0,0,368.0486825067223,2521.281662351861,475.14375079194434,2510.7629793080832,1,0.9659258262890684,0.2588190451025207,0,0,1
B2,roll_01,rf,2026-01-12 02:00:00+00:00,2026-01-12 03:00:00+00:00,0,1,2025-12-08T00:00:00+00:00,2026-01-12T00:00:00+00:00,2026-01-12T00:00:00+00:00,2026-01-19T00:00:00+00:00,2481.68678522575,2578.391509367392,-96.70472414164169,0,night,0,0.0,0,0,0,0,0,0,0,0,0,0,0,0,0,0,0,0,0,0,0,0,0,0,0,0,0,407.2023981933612,2510.7629793080832,401.84106967408337,2517.397726423444,2,0.8660254037844387,0.4999999999999999,0,0,1
B2,roll_01,rf,2026-01-12 03:00:00+00:00,2026-01-12 04:00:00+00:00,0,1,2025-12-08T00:00:00+00:00,2026-01-12T00:00:00+00:00,2026-01-12T00:00:00+00:00,2026-01-19T00:00:00+00:00,3016.15648477425,2580.3840694017267,435.7724153725235,0,night,0,0.0,0,1,0,0,0,0,0,0,0,0,0,0,0,0,0,0,0,0,0,0,0,0,0,0,0,381.6384086141388,2517.397726423444,367.7446838216111,2481.68678522575,3,0.7071067811865476,0.7071067811865476,0,0,1
B2,roll_01,rf,2026-01-12 04:00:00+00:00,2026-01-12 05:00:00+00:00,0,1,2025-12-08T00:00:00+00:00,2026-01-12T00:00:00+00:00,2026-01-12T00:00:00+00:00,2026-01-19T00:00:00+00:00,4262.747835938639,3048.834056847672,1213.9137790909667,0,night,0,0.0,0,0,0,0,0,0,0,0,0,0,0,0,0,0,0,0,0,0,0,0,0,0,0,0,0,1018.144173213861,2481.68678522575,963.4637856096666,3016.15648477425,4,0.5000000000000001,0.8660254037844386,0,0,1
B2,roll_01,rf,2026-01-12 05:00:00+00:00,2026-01-12 06:00:00+00:00,0,1,2025-12-08T00:00:00+00:00,2026-01-12T00:00:00+00:00,2026-01-12T00:00:00+00:00,2026-01-19T00:00:00+00:00,4361.908397110695,3247.104576206762,1114.8038209039328,0,night,0,0.0,0,0,0,0,0,0,0,0,0,0,0,0,0,0,0,0,0,0,0,0,0,0,0,0,0,3480.3327933123333,3016.15648477425,1813.34006411675,4262.747835938639,5,0.2588190451025207,0.9659258262890684,0,0,1
B2,roll_01,rf,2026-01-12 06:00:00+00:00,2026-01-12 07:00:00+00:00,0,1,2025-12-08T00:00:00+00:00,2026-01-12T00:00:00+00:00,2026-01-12T00:00:00+00:00,2026-01-19T00:00:00+00:00,4563.315619382333,3210.6492800328897,1352.6663393494437,0,night,0,0.0,0,0,0,0,0,0,0,0,0,0,0,0,0,0,0,0,0,0,0,0,0,0,0,0,0,3264.2411370842497,4262.747835938639,1868.444830851611,4361.908397110695,6,6.123233995736766e-17,1.0,0,0,1
B2,roll_01,rf,2026-01-12 07:00:00+00:00,2026-01-12 08:00:00+00:00,0,1,2025-12-08T00:00:00+00:00,2026-01-12T00:00:00+00:00,2026-01-12T00:00:00+00:00,2026-01-19T00:00:00+00:00,3089.202245556361,3122.124664140708,-32.922418584346815,1,night,0,0.0,0,1,0,0,0,0,0,0,0,0,0,0,0,0,0,0,0,0,0,0,0,0,0,0,0,3395.476410544472,4361.908397110695,1998.770939867861,4563.315619382333,7,-0.2588190451025206,0.9659258262890684,0,0,1
B2,roll_01,rf,2026-01-12 08:00:00+00:00,2026-01-12 09:00:00+00:00,0,1,2025-12-08T00:00:00+00:00,2026-01-12T00:00:00+00:00,2026-01-12T00:00:00+00:00,2026-01-19T00:00:00+00:00,2796.8041315197224,2927.447393205434,-130.64326168571142,1,med,0,0.0,0,1,0,0,0,0,0,0,0,0,0,0,0,0,0,0,0,0,0,0,0,0,0,0,0,2043.147877824084,4563.315619382333,1620.6764299421666,3089.202245556361,8,-0.4999999999999998,0.8660254037844387,0,0,1
B2,roll_01,rf,2026-01-12 09:00:00+00:00,2026-01-12 10:00:00+00:00,0,1,2025-12-08T00:00:00+00:00,2026-01-12T00:00:00+00:00,2026-01-12T00:00:00+00:00,2026-01-19T00:00:00+00:00,746.3919299871112,2172.8528289640917,-1426.4608989769804,1,med,0,0.0,0,1,0,0,0,0,0,0,0,0,0,0,0,0,0,0,0,0,0,0,0,0,0,0,0,1179.0779114988334,3089.202245556361,1464.1872420950556,2796.8041315197224,9,-0.7071067811865475,0.7071067811865476,0,0,1
B2,roll_01,rf,2026-01-12 10:00:00+00:00,2026-01-12 11:00:00+00:00,0,1,2025-12-08T00:00:00+00:00,2026-01-12T00:00:00+00:00,2026-01-12T00:00:00+00:00,2026-01-19T00:00:00+00:00,632.5966184736388,1265.3497396648063,-632.7531211911675,1,high,0,0.0,0,1,0,0,0,0,0,0,0,0,0,0,0,0,0,0,0,0,0,0,0,0,0,0,0,947.8847584085834,2796.8041315197224,474.102661966639,746.3919299871112,10,-0.8660254037844387,0.4999999999999999,0,0,1
B2,roll_01,rf,2026-01-12 11:00:00+00:00,2026-01-12 12:00:00+00:00,0,1,2025-12-08T00:00:00+00:00,2026-01-12T00:00:00+00:00,2026-01-12T00:00:00+00:00,2026-01-19T00:00:00+00:00,-422.1210146441389,944.6183901157219,-1366.739404759861,1,high,0,0.0,0,2,0,0,0,0,0,0,0,0,0,0,0,0,0,0,0,0,0,0,0,0,0,0,0,863.6994095845556,746.3919299871112,924.8024321908888,632.5966184736388,11,-0.9659258262890682,0.258819045102521,0,0,1
B2,roll_01,rf,2026-01-12 12:00:00+00:00,2026-01-12 13:00:00+00:00,0,1,2025-12-08T00:00:00+00:00,2026-01-12T00:00:00+00:00,2026-01-12T00:00:00+00:00,2026-01-19T00:00:00+00:00,754.2202679822223,-254.70095201184836,1008.9212199940706,1,med,0,0.0,0,2,1,0,0,0,0,0,0,0,0,0,0,0,0,0,0,0,0,0,0,0,0,0,0,843.0538203102777,632.5966184736388,-377.0683961764167,-422.1210146441389,12,-1.0,1.2246467991473532e-16,0,0,1
B2,roll_01,rf,2026-01-12 13:00:00+00:00,2026-01-12 14:00:00+00:00,0,1,2025-12-08T00:00:00+00:00,2026-01-12T00:00:00+00:00,2026-01-12T00:00:00+00:00,2026-01-19T00:00:00+00:00,1500.3252466112224,633.1856373559899,867.1396092552325,1,med,0,0.0,0,2,0,0,0,0,0,0,0,0,0,0,0,0,0,0,0,0,0,0,0,0,0,0,0,1428.490628339573,-422.1210146441389,-533.3608326616389,754.2202679822223,13,-0.9659258262890684,-0.2588190451025208,0,0,1
B2,roll_01,rf,2026-01-12 14:00:00+00:00,2026-01-12 15:00:00+00:00,0,1,2025-12-08T00:00:00+00:00,2026-01-12T00:00:00+00:00,2026-01-12T00:00:00+00:00,2026-01-19T00:00:00+00:00,586.6202596731389,1511.0466705164245,-924.4264108432856,1,low,0,0.0,0,2,0,0,0,0,0,0,0,0,0,0,0,0,0,0,0,0,0,0,0,0,0,0,0,1773.3037352634722,754.2202679822223,1619.3522628639723,1500.3252466112224,14,-0.8660254037844388,-0.4999999999999997,0,0,1
B2,roll_01,rf,2026-01-12 15:00:00+00:00,2026-01-12 16:00:00+00:00,0,1,2025-12-08T00:00:00+00:00,2026-01-12T00:00:00+00:00,2026-01-12T00:00:00+00:00,2026-01-19T00:00:00+00:00,1670.774375533639,1065.340978726401,605.4333968072378,1,low,0,0.0,0,2,0,0,0,0,0,0,0,0,0,0,0,0,0,0,0,0,0,0,0,0,0,0,0,2045.117999196167,1500.3252466112224,867.3860450609445,586.6202596731389,15,-0.7071067811865479,-0.7071067811865471,0,0,1
B2,roll_01,rf,2026-01-12 16:00:00+00:00,2026-01-12 17:00:00+00:00,0,1,2025-12-08T00:00:00+00:00,2026-01-12T00:00:00+00:00,2026-01-12T00:00:00+00:00,2026-01-19T00:00:00+00:00,893.0618960396945,1777.285651212457,-884.2237551727625,0,night,0,0.0,0,2,0,0,0,0,0,0,0,0,0,0,0,0,0,0,0,0,0,0,0,0,0,0,0,1695.0528240614449,586.6202596731389,1129.351029028639,1670.774375533639,16,-0.5000000000000004,-0.8660254037844385,0,0,1
B2,roll_01,rf,2026-01-12 17:00:00+00:00,2026-01-12 18:00:00+00:00,0,1,2025-12-08T00:00:00+00:00,2026-01-12T00:00:00+00:00,2026-01-12T00:00:00+00:00,2026-01-19T00:00:00+00:00,2274.0885418814723,1325.1605662688394,948.927975612633,0,night,0,0.0,0,1,0,0,0,0,0,0,0,0,0,0,0,0,0,0,0,0,0,0,0,0,0,0,0,2050.756231673639,1670.774375533639,1683.5612400863336,893.0618960396945,17,-0.2588190451025206,-0.9659258262890684,0,0,1
B2,roll_01,rf,2026-01-12 18:00:00+00:00,2026-01-12 19:00:00+00:00,0,1,2025-12-08T00:00:00+00:00,2026-01-12T00:00:00+00:00,2026-01-12T00:00:00+00:00,2026-01-19T00:00:00+00:00,1365.6644136303612,1788.422388788219,-422.7579751578578,0,night,0,0.0,0,1,0,0,0,0,0,0,0,0,0,0,0,0,0,0,0,0,0,0,0,0,0,0,0,3794.624143870611,893.0618960396945,2735.553599037861,2274.0885418814723,18,-1.8369701987210292e-16,-1.0,0,0,1
B2,roll_01,rf,2026-01-12 19:00:00+00:00,2026-01-12 20:00:00+00:00,0,1,2025-12-08T00:00:00+00:00,2026-01-12T00:00:00+00:00,2026-01-12T00:00:00+00:00,2026-01-19T00:00:00+00:00,653.7379858252777,1249.2201950729154,-595.4822092476377,0,night,0,0.0,0,1,0,0,0,0,0,0,0,0,0,0,0,0,0,0,0,0,0,0,0,0,0,0,0,1861.5080703779724,2274.0885418814723,2033.9936153407496,1365.6644136303612,19,0.2588190451025203,-0.9659258262890684,0,0,1
B2,roll_01,rf,2026-01-12 20:00:00+00:00,2026-01-12 21:00:00+00:00,0,1,2025-12-08T00:00:00+00:00,2026-01-12T00:00:00+00:00,2026-01-12T00:00:00+00:00,2026-01-19T00:00:00+00:00,1060.23997367125,835.9801066381301,224.25986703311992,0,night,0,0.0,0,1,0,0,0,0,0,0,0,0,0,0,0,0,0,0,0,0,0,0,0,0,0,0,0,1496.9097637140555,1365.6644136303612,1245.8312970156112,653.7379858252777,20,0.5000000000000001,-0.8660254037844386,0,0,1
B2,roll_01,rf,2026-01-12 21:00:00+00:00,2026-01-12 22:00:00+00:00,0,1,2025-12-08T00:00:00+00:00,2026-01-12T00:00:00+00:00,2026-01-12T00:00:00+00:00,2026-01-19T00:00:00+00:00,372.6696216118889,1257.5853360468248,-884.9157144349358,0,night,0,0.0,0,1,0,0,0,0,0,0,0,0,0,0,0,0,0,0,0,0,0,0,0,0,0,0,0,719.7584706931667,653.7379858252777,2829.186617279833,1060.23997367125,21,0.7071067811865474,-0.7071067811865477,0,0,1
B2,roll_01,rf,2026-01-12 22:00:00+00:00,2026-01-12 23:00:00+00:00,0,1,2025-12-08T00:00:00+00:00,2026-01-12T00:00:00+00:00,2026-01-12T00:00:00+00:00,2026-01-19T00:00:00+00:00,368.2867205090556,665.6389092689659,-297.3521887599103,0,night,0,0.0,0,1,0,0,0,0,0,0,0,0,0,0,0,0,0,0,0,0,0,0,0,0,0,0,0,446.7607589221944,1060.23997367125,2652.970591418611,372.6696216118889,22,0.8660254037844384,-0.5000000000000004,0,0,1
B2,roll_01,rf,2026-01-12 23:00:00+00:00,2026-01-13 00:00:00+00:00,0,1,2025-12-08T00:00:00+00:00,2026-01-12T00:00:00+00:00,2026-01-12T00:00:00+00:00,2026-01-19T00:00:00+00:00,366.1301339879167,530.3477966847935,-164.2176626968768,0,night,0,0.0,0,1,0,0,0,0,0,0,0,0,0,0,0,0,0,0,0,0,0,0,0,0,0,0,0,377.8106354470833,372.6696216118889,2501.345489155889,368.2867205090556,23,0.965925826289068,-0.2588190451025215,0,0,1
B2,roll_01,rf,2026-01-13 00:00:00+00:00,2026-01-13 01:00:00+00:00,0,1,2025-12-08T00:00:00+00:00,2026-01-12T00:00:00+00:00,2026-01-12T00:00:00+00:00,2026-01-19T00:00:00+00:00,374.135321881,550.4150040719361,-176.27968219093611,0,night,0,0.0,0,1,0,1,1,0,3,0,0,0,1,0,1,0,1,0,0,0,1,0,0,0,0,0,1,392.73774841372216,368.2867205090556,2521.281662351861,366.1301339879167,0,1.0,0.0,0,0,1
B2,roll_01,rf,2026-01-13 01:00:00+00:00,2026-01-13 02:00:00+00:00,0,1,2025-12-08T00:00:00+00:00,2026-01-12T00:00:00+00:00,2026-01-12T00:00:00+00:00,2026-01-19T00:00:00+00:00,383.9471823114166,547.1717465404054,-163.22456422898875,0,night,0,0.0,0,1,0,1,1,0,3,0,0,0,1,0,1,0,1,0,0,0,1,0,0,0,0,0,1,392.9088330086667,366.1301339879167,2510.7629793080832,374.135321881,1,0.9659258262890684,0.2588190451025207,0,0,1
B2,roll_01,rf,2026-01-13 02:00:00+00:00,2026-01-13 03:00:00+00:00,0,1,2025-12-08T00:00:00+00:00,2026-01-12T00:00:00+00:00,2026-01-12T00:00:00+00:00,2026-01-19T00:00:00+00:00,367.6768063598889,570.1462754414905,-202.46946908160163,0,night,0,0.0,0,1,0,1,1,0,3,0,0,0,1,0,1,0,1,0,0,0,1,0,0,0,0,0,1,385.8227960619445,374.135321881,2517.397726423444,383.9471823114166,2,0.8660254037844387,0.4999999999999999,0,0,1
B2,roll_01,rf,2026-01-13 03:00:00+00:00,2026-01-13 04:00:00+00:00,0,1,2025-12-08T00:00:00+00:00,2026-01-12T00:00:00+00:00,2026-01-12T00:00:00+00:00,2026-01-19T00:00:00+00:00,977.1223704921111,710.1988363018057,266.9235341903054,0,night,0,0.0,0,1,0,0,0,0,0,0,0,0,0,0,0,0,0,0,0,0,0,0,0,0,0,0,1,392.4521254978611,383.9471823114166,2481.68678522575,367.6768063598889,3,0.7071067811865476,0.7071067811865476,0,0,1
B2,roll_01,rf,2026-01-13 04:00:00+00:00,2026-01-13 05:00:00+00:00,0,1,2025-12-08T00:00:00+00:00,2026-01-12T00:00:00+00:00,2026-01-12T00:00:00+00:00,2026-01-19T00:00:00+00:00,2001.738657636584,1775.992877209235,225.74578042734902,0,night,0,0.0,0,1,0,0,0,0,0,0,0,0,0,0,0,0,0,0,0,0,0,0,0,0,0,0,1,1067.7196651701668,367.6768063598889,3016.15648477425,977.1223704921111,4,0.5000000000000001,0.8660254037844386,0,0,1
B2,roll_01,rf,2026-01-13 05:00:00+00:00,2026-01-13 06:00:00+00:00,0,1,2025-12-08T00:00:00+00:00,2026-01-12T00:00:00+00:00,2026-01-12T00:00:00+00:00,2026-01-19T00:00:00+00:00,2099.6764230465,2262.830809914349,-163.1543868678491,0,night,0,0.0,0,1,0,0,0,0,0,0,0,0,0,0,0,0,0,0,0,0,0,0,0,0,0,0,1,1903.881896566528,977.1223704921111,4262.747835938639,2001.738657636584,5,0.2588190451025207,0.9659258262890684,0,0,1
B2,roll_01,rf,2026-01-13 06:00:00+00:00,2026-01-13 07:00:00+00:00,0,1,2025-12-08T00:00:00+00:00,2026-01-12T00:00:00+00:00,2026-01-12T00:00:00+00:00,2026-01-19T00:00:00+00:00,1798.5318447581387,1935.5549139957604,-137.0230692376217,0,night,0,0.0,0,1,0,0,0,0,0,0,0,0,0,0,0,0,0,0,0,0,0,0,0,0,0,0,1,1884.089269866861,2001.738657636584,4361.908397110695,2099.6764230465,6,6.123233995736766e-17,1.0,0,0,1
B2,roll_01,rf,2026-01-13 07:00:00+00:00,2026-01-13 08:00:00+00:00,0,1,2025-12-08T00:00:00+00:00,2026-01-12T00:00:00+00:00,2026-01-12T00:00:00+00:00,2026-01-19T00:00:00+00:00,1792.85737564,1863.7496881108036,-70.89231247080352,1,night,0,0.0,0,2,0,0,0,0,0,0,0,0,0,0,0,0,0,0,0,0,0,0,0,0,0,0,1,2001.9943023529447,2099.6764230465,4563.315619382333,1798.5318447581387,7,-0.2588190451025206,0.9659258262890684,0,0,1
B2,roll_01,rf,2026-01-13 08:00:00+00:00,2026-01-13 09:00:00+00:00,0,1,2025-12-08T00:00:00+00:00,2026-01-12T00:00:00+00:00,2026-01-12T00:00:00+00:00,2026-01-19T00:00:00+00:00,1704.9205994411388,1850.7760299718436,-145.85543053070478,1,low,0,0.0,0,2,0,0,0,0,0,0,0,0,0,0,0,0,0,0,0,0,0,0,0,0,0,0,1,2286.4682565411667,1798.5318447581387,3089.202245556361,1792.85737564,8,-0.4999999999999998,0.8660254037844387,0,0,1
B2,roll_01,rf,2026-01-13 09:00:00+00:00,2026-01-13 10:00:00+00:00,0,1,2025-12-08T00:00:00+00:00,2026-01-12T00:00:00+00:00,2026-01-12T00:00:00+00:00,2026-01-19T00:00:00+00:00,1712.5081979704166,1856.8180658356823,-144.3098678652657,1,low,0,0.0,0,2,0,0,0,0,0,0,0,0,0,0,0,0,0,0,0,0,0,0,0,0,0,0,1,1821.3285119935,1792.85737564,2796.8041315197224,1704.9205994411388,9,-0.7071067811865475,0.7071067811865476,0,0,1
B2,roll_01,rf,2026-01-13 10:00:00+00:00,2026-01-13 11:00:00+00:00,0,1,2025-12-08T00:00:00+00:00,2026-01-12T00:00:00+00:00,2026-01-12T00:00:00+00:00,2026-01-19T00:00:00+00:00,1729.1863273721667,1729.9369667877797,-0.7506394156130227,1,low,0,0.0,0,2,0,0,0,0,0,0,0,0,0,0,0,0,0,0,0,0,0,0,0,0,0,0,1,1457.3535129481943,1704.9205994411388,746.3919299871112,1712.5081979704166,10,-0.8660254037844387,0.4999999999999999,0,0,1
B2,roll_01,rf,2026-01-13 11:00:00+00:00,2026-01-13 12:00:00+00:00,0,1,2025-12-08T00:00:00+00:00,2026-01-12T00:00:00+00:00,2026-01-12T00:00:00+00:00,2026-01-19T00:00:00+00:00,1776.8351252307775,1758.23798285381,18.59714237696744,1,low,0,0.0,0,2,0,0,0,0,0,0,0,0,0,0,0,0,0,0,0,0,0,0,0,0,0,0,1,1098.783385659861,1712.5081979704166,632.5966184736388,1729.1863273721667,11,-0.9659258262890682,0.258819045102521,0,0,1
B2,roll_01,rf,2026-01-13 12:00:00+00:00,2026-01-13 13:00:00+00:00,0,1,2025-12-08T00:00:00+00:00,2026-01-12T00:00:00+00:00,2026-01-12T00:00:00+00:00,2026-01-19T00:00:00+00:00,1850.1251705731663,1811.8449584642237,38.28021210894258,1,low,0,0.0,0,2,0,0,0,0,0,0,0,0,0,0,0,0,0,0,0,0,0,0,0,0,0,0,1,894.0836341709445,1729.1863273721667,-422.1210146441389,1776.8351252307775,12,-1.0,1.2246467991473532e-16,0,0,1
B2,roll_01,rf,2026-01-13 13:00:00+00:00,2026-01-13 14:00:00+00:00,0,1,2025-12-08T00:00:00+00:00,2026-01-12T00:00:00+00:00,2026-01-12T00:00:00+00:00,2026-01-19T00:00:00+00:00,2103.8606620909723,1860.0154342593164,243.84522783165585,1,low,0,0.0,0,2,0,0,0,0,0,0,0,0,0,0,0,0,0,0,0,0,0,0,0,0,0,0,1,329.2631219953055,1776.8351252307775,754.2202679822223,1850.1251705731663,13,-0.9659258262890684,-0.2588190451025208,0,0,1
B2,roll_01,rf,2026-01-13 14:00:00+00:00,2026-01-13 15:00:00+00:00,0,1,2025-12-08T00:00:00+00:00,2026-01-12T00:00:00+00:00,2026-01-12T00:00:00+00:00,2026-01-19T00:00:00+00:00,1367.69234237475,1945.0646479276759,-577.3723055529258,1,low,0,0.0,0,2,0,0,0,0,0,0,0,0,0,0,0,0,0,0,0,0,0,0,0,0,0,0,1,967.2042220471388,1850.1251705731663,1500.3252466112224,2103.8606620909723,14,-0.8660254037844388,-0.4999999999999997,0,0,1
B2,roll_01,rf,2026-01-13 15:00:00+00:00,2026-01-13 16:00:00+00:00,0,1,2025-12-08T00:00:00+00:00,2026-01-12T00:00:00+00:00,2026-01-12T00:00:00+00:00,2026-01-19T00:00:00+00:00,2518.591872478111,1441.994111287605,1076.597761190506,1,night,0,0.0,0,2,0,0,0,0,0,0,0,0,0,0,0,0,0,0,0,0,0,0,0,0,0,0,1,2273.575334169805,2103.8606620909723,586.6202596731389,1367.69234237475,15,-0.7071067811865479,-0.7071067811865471,0,0,1
B2,roll_01,rf,2026-01-13 16:00:00+00:00,2026-01-13 17:00:00+00:00,0,1,2025-12-08T00:00:00+00:00,2026-01-12T00:00:00+00:00,2026-01-12T00:00:00+00:00,2026-01-19T00:00:00+00:00,2818.4871972926667,1995.4142737481604,823.0729235445062,0,night,0,0.0,0,2,0,0,0,0,0,0,0,0,0,0,0,0,0,0,0,0,0,0,0,0,0,0,1,1652.948210602611,1367.69234237475,1670.774375533639,2518.591872478111,16,-0.5000000000000004,-0.8660254037844385,0,0,1
B2,roll_01,rf,2026-01-13 17:00:00+00:00,2026-01-13 18:00:00+00:00,0,1,2025-12-08T00:00:00+00:00,2026-01-12T00:00:00+00:00,2026-01-12T00:00:00+00:00,2026-01-19T00:00:00+00:00,1383.2154217488053,2216.362239787129,-833.1468180383238,0,night,0,0.0,0,2,0,0,0,0,0,0,0,0,0,0,0,0,0,0,0,0,0,0,0,0,0,0,1,2089.0237929649165,2518.591872478111,893.0618960396945,2818.4871972926667,17,-0.2588190451025206,-0.9659258262890684,0,0,1
B2,roll_01,rf,2026-01-13 18:00:00+00:00,2026-01-13 19:00:00+00:00,0,1,2025-12-08T00:00:00+00:00,2026-01-12T00:00:00+00:00,2026-01-12T00:00:00+00:00,2026-01-19T00:00:00+00:00,962.6741752021112,1780.986868003966,-818.3126928018548,0,night,0,0.0,0,2,0,0,0,0,0,0,0,0,0,0,0,0,0,0,0,0,0,0,0,0,0,0,1,2541.390361368472,2818.4871972926667,2274.0885418814723,1383.2154217488053,18,-1.8369701987210292e-16,-1.0,0,0,1
B2,roll_01,rf,2026-01-13 19:00:00+00:00,2026-01-13 20:00:00+00:00,0,1,2025-12-08T00:00:00+00:00,2026-01-12T00:00:00+00:00,2026-01-12T00:00:00+00:00,2026-01-19T00:00:00+00:00,2371.2932299861945,1113.021714586757,1258.2715153994375,0,night,0,0.0,0,2,0,0,0,0,0,0,0,0,0,0,0,0,0,0,0,0,0,0,0,0,0,0,1,1259.8555531175557,1383.2154217488053,1365.6644136303612,962.6741752021112,19,0.2588190451025203,-0.9659258262890684,0,0,1
B2,roll_01,rf,2026-01-13 20:00:00+00:00,2026-01-13 21:00:00+00:00,0,1,2025-12-08T00:00:00+00:00,2026-01-12T00:00:00+00:00,2026-01-12T00:00:00+00:00,2026-01-19T00:00:00+00:00,813.2224330626667,1683.6189522943384,-870.3965192316717,0,night,0,0.0,0,2,0,0,0,0,0,0,0,0,0,0,0,0,0,0,0,0,0,0,0,0,0,0,1,856.5431156826388,962.6741752021112,653.7379858252777,2371.2932299861945,20,0.5000000000000001,-0.8660254037844386,0,0,1
B2,roll_01,rf,2026-01-13 21:00:00+00:00,2026-01-13 22:00:00+00:00,0,1,2025-12-08T00:00:00+00:00,2026-01-12T00:00:00+00:00,2026-01-12T00:00:00+00:00,2026-01-19T00:00:00+00:00,1323.4556494799722,959.6385425937331,363.8171068862391,0,night,0,0.0,0,1,0,0,0,0,0,0,0,0,0,0,0,0,0,0,0,0,0,0,0,0,0,0,1,575.4723228509444,2371.2932299861945,1060.23997367125,813.2224330626667,21,0.7071067811865474,-0.7071067811865477,0,0,1
B2,roll_01,rf,2026-01-13 22:00:00+00:00,2026-01-13 23:00:00+00:00,0,1,2025-12-08T00:00:00+00:00,2026-01-12T00:00:00+00:00,2026-01-12T00:00:00+00:00,2026-01-19T00:00:00+00:00,690.983777113111,1130.9251000145694,-439.9413229014583,0,night,0,0.0,0,1,0,0,0,0,0,0,0,0,0,0,0,0,0,0,0,0,0,0,0,0,0,0,1,379.3353790977222,813.2224330626667,372.6696216118889,1323.4556494799722,22,0.8660254037844384,-0.5000000000000004,0,0,1
B2,roll_01,rf,2026-01-13 23:00:00+00:00,2026-01-14 00:00:00+00:00,0,1,2025-12-08T00:00:00+00:00,2026-01-12T00:00:00+00:00,2026-01-12T00:00:00+00:00,2026-01-19T00:00:00+00:00,373.91198171711113,640.9067171653664,-266.9947354482553,0,night,0,0.0,0,1,0,0,0,0,0,0,0,0,0,0,0,0,0,0,0,0,0,0,0,0,0,0,1,372.6325051877778,1323.4556494799722,368.2867205090556,690.983777113111,23,0.965925826289068,-0.2588190451025215,0,0,1
B2,roll_01,rf,2026-01-14 00:00:00+00:00,2026-01-14 01:00:00+00:00,0,1,2025-12-08T00:00:00+00:00,2026-01-12T00:00:00+00:00,2026-01-12T00:00:00+00:00,2026-01-19T00:00:00+00:00,370.08383153427775,430.2888635197683,-60.205031985490564,0,night,0,0.0,0,1,0,0,0,0,0,0,0,0,0,0,0,0,0,0,0,0,0,0,0,0,0,0,2,389.1375681515556,690.983777113111,366.1301339879167,373.91198171711113,0,1.0,0.0,0,0,1
B2,roll_01,rf,2026-01-14 01:00:00+00:00,2026-01-14 02:00:00+00:00,0,1,2025-12-08T00:00:00+00:00,2026-01-12T00:00:00+00:00,2026-01-12T00:00:00+00:00,2026-01-19T00:00:00+00:00,363.9680898908056,406.4026099649521,-42.43452007414652,0,night,0,0.0,0,1,0,0,0,0,0,0,0,0,0,0,0,0,0,0,0,0,0,0,0,0,0,0,2,401.5769106128611,373.91198171711113,374.135321881,370.08383153427775,1,0.9659258262890684,0.2588190451025207,0,0,1
B2,roll_01,rf,2026-01-14 02:00:00+00:00,2026-01-14 03:00:00+00:00,0,1,2025-12-08T00:00:00+00:00,2026-01-12T00:00:00+00:00,2026-01-12T00:00:00+00:00,2026-01-19T00:00:00+00:00,367.8678755790834,422.5887472862171,-54.72087170713371,0,night,0,0.0,0,1,0,0,0,0,0,0,0,0,0,0,0,0,0,0,0,0,0,0,0,0,0,0,2,377.4491772511944,370.08383153427775,383.9471823114166,363.9680898908056,2,0.8660254037844387,0.4999999999999999,0,0,1
B2,roll_01,rf,2026-01-14 03:00:00+00:00,2026-01-14 04:00:00+00:00,0,1,2025-12-08T00:00:00+00:00,2026-01-12T00:00:00+00:00,2026-01-12T00:00:00+00:00,2026-01-19T00:00:00+00:00,1021.3973762487502,516.5989428336675,504.79843341508274,0,night,0,0.0,0,1,0,0,0,0,0,0,0,0,0,0,0,0,0,0,0,0,0,0,0,0,0,0,2,390.0319296185555,363.9680898908056,367.6768063598889,367.8678755790834,3,0.7071067811865476,0.7071067811865476,0,0,1
B2,roll_01,rf,2026-01-14 04:00:00+00:00,2026-01-14 05:00:00+00:00,0,1,2025-12-08T00:00:00+00:00,2026-01-12T00:00:00+00:00,2026-01-12T00:00:00+00:00,2026-01-19T00:00:00+00:00,2059.780215135472,1932.9117752494988,126.86843988597343,0,night,0,0.0,0,1,0,0,0,0,0,0,0,0,0,0,0,0,0,0,0,0,0,0,0,0,0,0,2,995.877723643,367.8678755790834,977.1223704921111,1021.3973762487502,4,0.5000000000000001,0.8660254037844386,0,0,1
B2,roll_01,rf,2026-01-14 05:00:00+00:00,2026-01-14 06:00:00+00:00,0,1,2025-12-08T00:00:00+00:00,2026-01-12T00:00:00+00:00,2026-01-12T00:00:00+00:00,2026-01-19T00:00:00+00:00,1951.7951114496389,2286.8421737658878,-335.0470623162489,0,night,0,0.0,0,1,0,0,0,0,0,0,0,0,0,0,0,0,0,0,0,0,0,0,0,0,0,0,2,2048.148801472083,1021.3973762487502,2001.738657636584,2059.780215135472,5,0.2588190451025207,0.9659258262890684,0,0,1
B2,roll_01,rf,2026-01-14 06:00:00+00:00,2026-01-14 07:00:00+00:00,0,1,2025-12-08T00:00:00+00:00,2026-01-12T00:00:00+00:00,2026-01-12T00:00:00+00:00,2026-01-19T00:00:00+00:00,1687.1433126186946,1863.6031657702622,-176.4598531515676,0,night,0,0.0,0,1,0,0,0,0,0,0,0,0,0,0,0,0,0,0,0,0,0,0,0,0,0,0,2,2144.072206509945,2059.780215135472,2099.6764230465,1951.7951114496389,6,6.123233995736766e-17,1.0,0,0,1
B2,roll_01,rf,2026-01-14 07:00:00+00:00,2026-01-14 08:00:00+00:00,0,1,2025-12-08T00:00:00+00:00,2026-01-12T00:00:00+00:00,2026-01-12T00:00:00+00:00,2026-01-19T00:00:00+00:00,1700.1424731680556,1781.855451733227,-81.7129785651714,1,night,0,0.0,0,1,0,0,0,0,0,0,0,0,0,0,0,0,0,0,0,0,0,0,0,0,0,0,2,1962.395727615584,1951.7951114496389,1798.5318447581387,1687.1433126186946,7,-0.2588190451025206,0.9659258262890684,0,0,1
B2,roll_01,rf,2026-01-14 08:00:00+00:00,2026-01-14 09:00:00+00:00,0,1,2025-12-08T00:00:00+00:00,2026-01-12T00:00:00+00:00,2026-01-12T00:00:00+00:00,2026-01-19T00:00:00+00:00,1616.381493539,1786.7929086805857,-170.41141514158562,1,night,0,0.0,0,1,0,0,0,0,0,0,0,0,0,0,0,0,0,0,0,0,0,0,0,0,0,0,2,1449.9337721436666,1687.1433126186946,1792.85737564,1700.1424731680556,8,-0.4999999999999998,0.8660254037844387,0,0,1
B2,roll_01,rf,2026-01-14 09:00:00+00:00,2026-01-14 10:00:00+00:00,0,1,2025-12-08T00:00:00+00:00,2026-01-12T00:00:00+00:00,2026-01-12T00:00:00+00:00,2026-01-19T00:00:00+00:00,1771.2370990303614,1385.9156136050142,385.3214854253472,1,low,0,0.0,0,2,0,0,0,0,0,0,0,0,0,0,0,0,0,0,0,0,0,0,0,0,0,0,2,1045.4205219210555,1700.1424731680556,1704.9205994411388,1616.381493539,9,-0.7071067811865475,0.7071067811865476,0,0,1
B2,roll_01,rf,2026-01-14 10:00:00+00:00,2026-01-14 11:00:00+00:00,0,1,2025-12-08T00:00:00+00:00,2026-01-12T00:00:00+00:00,2026-01-12T00:00:00+00:00,2026-01-19T00:00:00+00:00,1698.523145841389,1762.3091888473914,-63.7860430060025,1,low,0,0.0,0,2,0,0,0,0,0,0,0,0,0,0,0,0,0,0,0,0,0,0,0,0,0,0,2,760.5154770373333,1616.381493539,1712.5081979704166,1771.2370990303614,10,-0.8660254037844387,0.4999999999999999,0,0,1
B2,roll_01,rf,2026-01-14 11:00:00+00:00,2026-01-14 12:00:00+00:00,0,1,2025-12-08T00:00:00+00:00,2026-01-12T00:00:00+00:00,2026-01-12T00:00:00+00:00,2026-01-19T00:00:00+00:00,986.6906551339166,1871.1604196639469,-884.4697645300303,1,low,0,0.0,0,2,0,0,0,0,0,0,0,0,0,0,0,0,0,0,0,0,0,0,0,0,0,0,2,546.3529176781944,1771.2370990303614,1729.1863273721667,1698.523145841389,11,-0.9659258262890682,0.258819045102521,0,0,1
B2,roll_01,rf,2026-01-14 12:00:00+00:00,2026-01-14 13:00:00+00:00,0,1,2025-12-08T00:00:00+00:00,2026-01-12T00:00:00+00:00,2026-01-12T00:00:00+00:00,2026-01-19T00:00:00+00:00,1215.6235662438055,1294.2968541652099,-78.67328792140438,1,low,0,0.0,0,2,0,0,0,0,0,0,0,0,0,0,0,0,0,0,0,0,0,0,0,0,0,0,2,756.1850252865555,1698.523145841389,1776.8351252307775,986.6906551339166,12,-1.0,1.2246467991473532e-16,0,0,1
B2,roll_01,rf,2026-01-14 13:00:00+00:00,2026-01-14 14:00:00+00:00,0,1,2025-12-08T00:00:00+00:00,2026-01-12T00:00:00+00:00,2026-01-12T00:00:00+00:00,2026-01-19T00:00:00+00:00,1567.194707997861,1358.5601140690608,208.6345939288003,1,low,0,0.0,0,2,0,0,0,0,0,0,0,0,0,0,0,0,0,0,0,0,0,0,0,0,0,0,2,1302.286245294389,986.6906551339166,1850.1251705731663,1215.6235662438055,13,-0.9659258262890684,-0.2588190451025208,0,0,1
B2,roll_01,rf,2026-01-14 14:00:00+00:00,2026-01-14 15:00:00+00:00,0,1,2025-12-08T00:00:00+00:00,2026-01-12T00:00:00+00:00,2026-01-12T00:00:00+00:00,2026-01-19T00:00:00+00:00,1578.744458172111,1663.9690590977973,-85.22460092568622,1,night,0,0.0,0,2,0,0,0,0,0,0,0,0,0,0,0,0,0,0,0,0,0,0,0,0,0,0,2,1726.787963903611,1215.6235662438055,2103.8606620909723,1567.194707997861,14,-0.8660254037844388,-0.4999999999999997,0,0,1
B2,roll_01,rf,2026-01-14 15:00:00+00:00,2026-01-14 16:00:00+00:00,0,1,2025-12-08T00:00:00+00:00,2026-01-12T00:00:00+00:00,2026-01-12T00:00:00+00:00,2026-01-19T00:00:00+00:00,1624.9310390754445,1668.1774901121464,-43.246451036701956,1,night,0,0.0,0,2,0,0,0,0,0,0,0,0,0,0,0,0,0,0,0,0,0,0,0,0,0,0,2,2477.2962560777223,1567.194707997861,1367.69234237475,1578.744458172111,15,-0.7071067811865479,-0.7071067811865471,0,0,1
B2,roll_01,rf,2026-01-14 16:00:00+00:00,2026-01-14 17:00:00+00:00,0,1,2025-12-08T00:00:00+00:00,2026-01-12T00:00:00+00:00,2026-01-12T00:00:00+00:00,2026-01-19T00:00:00+00:00,1793.6743844524724,1723.5486215380104,70.12576291446203,0,night,0,0.0,0,2,0,0,0,0,0,0,0,0,0,0,0,0,0,0,0,0,0,0,0,0,0,0,2,2736.9958837058616,1578.744458172111,2518.591872478111,1624.9310390754445,16,-0.5000000000000004,-0.8660254037844385,0,0,1
B2,roll_01,rf,2026-01-14 17:00:00+00:00,2026-01-14 18:00:00+00:00,0,1,2025-12-08T00:00:00+00:00,2026-01-12T00:00:00+00:00,2026-01-12T00:00:00+00:00,2026-01-19T00:00:00+00:00,1048.612189175861,2004.319004239393,-955.7068150635321,0,night,0,0.0,0,2,0,0,0,0,0,0,0,0,0,0,0,0,0,0,0,0,0,0,0,0,0,0,2,2262.745013387778,1624.9310390754445,2818.4871972926667,1793.6743844524724,17,-0.2588190451025206,-0.9659258262890684,0,0,1
B2,roll_01,rf,2026-01-14 18:00:00+00:00,2026-01-14 19:00:00+00:00,0,1,2025-12-08T00:00:00+00:00,2026-01-12T00:00:00+00:00,2026-01-12T00:00:00+00:00,2026-01-19T00:00:00+00:00,1797.1453520931666,1474.5862180186975,322.55913407446906,0,night,0,0.0,0,2,0,0,0,0,0,0,0,0,0,0,0,0,0,0,0,0,0,0,0,0,0,0,2,1568.7467902066112,1793.6743844524724,1383.2154217488053,1048.612189175861,18,-1.8369701987210292e-16,-1.0,0,0,1
B2,roll_01,rf,2026-01-14 19:00:00+00:00,2026-01-14 20:00:00+00:00,0,1,2025-12-08T00:00:00+00:00,2026-01-12T00:00:00+00:00,2026-01-12T00:00:00+00:00,2026-01-19T00:00:00+00:00,741.7054459836112,1769.0791941894333,-1027.3737482058223,0,night,0,0.0,0,2,0,0,0,0,0,0,0,0,0,0,0,0,0,0,0,0,0,0,0,0,0,0,2,2191.9078966617776,1048.612189175861,962.6741752021112,1797.1453520931666,19,0.2588190451025203,-0.9659258262890684,0,0,1
B2,roll_01,rf,2026-01-14 20:00:00+00:00,2026-01-14 21:00:00+00:00,0,1,2025-12-08T00:00:00+00:00,2026-01-12T00:00:00+00:00,2026-01-12T00:00:00+00:00,2026-01-19T00:00:00+00:00,554.3527368332501,1011.6277960874473,-457.27505925419723,0,night,0,0.0,0,2,0,0,0,0,0,0,0,0,0,0,0,0,0,0,0,0,0,0,0,0,0,0,2,974.76946242625,1797.1453520931666,2371.2932299861945,741.7054459836112,20,0.5000000000000001,-0.8660254037844386,0,0,1
B2,roll_01,rf,2026-01-14 21:00:00+00:00,2026-01-14 22:00:00+00:00,0,1,2025-12-08T00:00:00+00:00,2026-01-12T00:00:00+00:00,2026-01-12T00:00:00+00:00,2026-01-19T00:00:00+00:00,374.6190320515,753.043560380086,-378.42452832858595,0,night,0,0.0,0,2,0,0,0,0,0,0,0,0,0,0,0,0,0,0,0,0,0,0,0,0,0,0,2,588.3848682054444,741.7054459836112,813.2224330626667,554.3527368332501,21,0.7071067811865474,-0.7071067811865477,0,0,1
B2,roll_01,rf,2026-01-14 22:00:00+00:00,2026-01-14 23:00:00+00:00,0,1,2025-12-08T00:00:00+00:00,2026-01-12T00:00:00+00:00,2026-01-12T00:00:00+00:00,2026-01-19T00:00:00+00:00,391.3148025667222,546.5892850648532,-155.27448249813102,0,night,0,0.0,0,2,0,1,1,0,2,0,0,1,0,0,1,0,1,0,0,0,1,0,0,0,0,0,2,377.2789850275833,554.3527368332501,1323.4556494799722,374.6190320515,22,0.8660254037844384,-0.5000000000000004,0,0,1
B2,roll_01,rf,2026-01-14 23:00:00+00:00,2026-01-15 00:00:00+00:00,0,1,2025-12-08T00:00:00+00:00,2026-01-12T00:00:00+00:00,2026-01-12T00:00:00+00:00,2026-01-19T00:00:00+00:00,367.0031919465834,470.6673938944138,-103.6642019478304,0,night,0,0.0,0,2,0,1,1,0,2,0,0,1,0,0,1,0,1,0,0,0,1,0,0,0,0,0,2,379.2127282198055,374.6190320515,690.983777113111,391.3148025667222,23,0.965925826289068,-0.2588190451025215,0,0,1
B2,roll_01,rf,2026-01-15 00:00:00+00:00,2026-01-15 01:00:00+00:00,0,1,2025-12-08T00:00:00+00:00,2026-01-12T00:00:00+00:00,2026-01-12T00:00:00+00:00,2026-01-19T00:00:00+00:00,371.0505770755,408.2808806077328,-37.230303532232824,0,night,0,0.0,0,2,0,0,0,0,0,0,0,0,0,0,0,0,0,0,0,0,0,0,0,0,0,0,3,398.8101495591666,391.3148025667222,373.91198171711113,367.0031919465834,0,1.0,0.0,0,0,1
B2,roll_01,rf,2026-01-15 01:00:00+00:00,2026-01-15 02:00:00+00:00,0,1,2025-12-08T00:00:00+00:00,2026-01-12T00:00:00+00:00,2026-01-12T00:00:00+00:00,2026-01-19T00:00:00+00:00,364.3398802528056,400.5032191728662,-36.163338920060596,0,night,0,0.0,0,2,0,0,0,0,0,0,0,0,0,0,0,0,0,0,0,0,0,0,0,0,0,0,3,401.6086582135,367.0031919465834,370.08383153427775,371.0505770755,1,0.9659258262890684,0.2588190451025207,0,0,1
B2,roll_01,rf,2026-01-15 02:00:00+00:00,2026-01-15 03:00:00+00:00,0,1,2025-12-08T00:00:00+00:00,2026-01-12T00:00:00+00:00,2026-01-12T00:00:00+00:00,2026-01-19T00:00:00+00:00,373.5574161077223,417.0815588539895,-43.524142746267216,0,night,0,0.0,0,2,0,0,0,0,0,0,0,0,0,0,0,0,0,0,0,0,0,0,0,0,0,0,3,395.4177442066111,371.0505770755,363.9680898908056,364.3398802528056,2,0.8660254037844387,0.4999999999999999,0,0,1
B2,roll_01,rf,2026-01-15 03:00:00+00:00,2026-01-15 04:00:00+00:00,0,1,2025-12-08T00:00:00+00:00,2026-01-12T00:00:00+00:00,2026-01-12T00:00:00+00:00,2026-01-19T00:00:00+00:00,1052.1522978683056,497.24518693659485,554.9071109317108,0,night,0,0.0,0,2,0,0,0,0,0,0,0,0,0,0,0,0,0,0,0,0,0,0,0,0,0,0,3,489.5676838576112,364.3398802528056,367.8678755790834,373.5574161077223,3,0.7071067811865476,0.7071067811865476,0,0,1
B2,roll_01,rf,2026-01-15 04:00:00+00:00,2026-01-15 05:00:00+00:00,0,1,2025-12-08T00:00:00+00:00,2026-01-12T00:00:00+00:00,2026-01-12T00:00:00+00:00,2026-01-19T00:00:00+00:00,2039.245831840444,2012.2742043630735,26.971627477370475,0,night,0,0.0,0,2,0,0,0,0,0,0,0,0,0,0,0,0,0,0,0,0,0,0,0,0,0,0,3,1013.4860831681112,373.5574161077223,1021.3973762487502,1052.1522978683056,4,0.5000000000000001,0.8660254037844386,0,0,1
B2,roll_01,rf,2026-01-15 05:00:00+00:00,2026-01-15 06:00:00+00:00,0,1,2025-12-08T00:00:00+00:00,2026-01-12T00:00:00+00:00,2026-01-12T00:00:00+00:00,2026-01-19T00:00:00+00:00,2008.2256900938053,2292.285969570588,-284.0602794767826,0,night,0,0.0,0,2,0,0,0,0,0,0,0,0,0,0,0,0,0,0,0,0,0,0,0,0,0,0,3,2046.8079468206668,1052.1522978683056,2059.780215135472,2039.245831840444,5,0.2588190451025207,0.9659258262890684,0,0,1
B2,roll_01,rf,2026-01-15 06:00:00+00:00,2026-01-15 07:00:00+00:00,0,1,2025-12-08T00:00:00+00:00,2026-01-12T00:00:00+00:00,2026-01-12T00:00:00+00:00,2026-01-19T00:00:00+00:00,1864.800559224361,1870.9295382511636,-6.128979026802654,0,night,0,0.0,0,2,0,0,0,0,0,0,0,0,0,0,0,0,0,0,0,0,0,0,0,0,0,0,3,2002.5342499304168,2039.245831840444,1951.7951114496389,2008.2256900938053,6,6.123233995736766e-17,1.0,0,0,1
B2,roll_01,rf,2026-01-15 07:00:00+00:00,2026-01-15 08:00:00+00:00,0,1,2025-12-08T00:00:00+00:00,2026-01-12T00:00:00+00:00,2026-01-12T00:00:00+00:00,2026-01-19T00:00:00+00:00,1891.1646381102776,1792.8360450826915,98.32859302758607,1,night,0,0.0,0,2,0,0,0,0,0,0,0,0,0,0,0,0,0,0,0,0,0,0,0,0,0,0,3,1850.8068317207776,2008.2256900938053,1687.1433126186946,1864.800559224361,7,-0.2588190451025206,0.9659258262890684,0,0,1
B2,roll_01,rf,2026-01-15 08:00:00+00:00,2026-01-15 09:00:00+00:00,0,1,2025-12-08T00:00:00+00:00,2026-01-12T00:00:00+00:00,2026-01-12T00:00:00+00:00,2026-01-19T00:00:00+00:00,1853.015352479528,1780.5701590327822,72.44519344674586,1,night,0,0.0,0,2,0,0,0,0,0,0,0,0,0,0,0,0,0,0,0,0,0,0,0,0,0,0,3,1538.5037201446942,1864.800559224361,1700.1424731680556,1891.1646381102776,8,-0.4999999999999998,0.8660254037844387,0,0,1
B2,roll_01,rf,2026-01-15 09:00:00+00:00,2026-01-15 10:00:00+00:00,0,1,2025-12-08T00:00:00+00:00,2026-01-12T00:00:00+00:00,2026-01-12T00:00:00+00:00,2026-01-19T00:00:00+00:00,1753.4225527633614,1792.1906679043848,-38.76811514102337,1,low,0,0.0,0,2,0,0,0,0,0,0,0,0,0,0,0,0,0,0,0,0,0,0,0,0,0,0,3,1246.2386662023334,1891.1646381102776,1616.381493539,1853.015352479528,9,-0.7071067811865475,0.7071067811865476,0,0,1
B2,roll_01,rf,2026-01-15 10:00:00+00:00,2026-01-15 11:00:00+00:00,0,1,2025-12-08T00:00:00+00:00,2026-01-12T00:00:00+00:00,2026-01-12T00:00:00+00:00,2026-01-19T00:00:00+00:00,1683.7846975026666,1824.2614755084944,-140.47677800582778,1,low,0,0.0,0,2,0,0,0,0,0,0,0,0,0,0,0,0,0,0,0,0,0,0,0,0,0,0,3,1154.3803733119444,1853.015352479528,1771.2370990303614,1753.4225527633614,10,-0.8660254037844387,0.4999999999999999,0,0,1
B2,roll_01,rf,2026-01-15 11:00:00+00:00,2026-01-15 12:00:00+00:00,0,1,2025-12-08T00:00:00+00:00,2026-01-12T00:00:00+00:00,2026-01-12T00:00:00+00:00,2026-01-19T00:00:00+00:00,662.9256880891389,1784.954434233959,-1122.0287461448202,1,low,0,0.0,0,2,0,0,0,0,0,0,0,0,0,0,0,0,0,0,0,0,0,0,0,0,0,0,3,1112.5980900928612,1753.4225527633614,1698.523145841389,1683.7846975026666,11,-0.9659258262890682,0.258819045102521,0,0,1
B2,roll_01,rf,2026-01-15 12:00:00+00:00,2026-01-15 13:00:00+00:00,0,1,2025-12-08T00:00:00+00:00,2026-01-12T00:00:00+00:00,2026-01-12T00:00:00+00:00,2026-01-19T00:00:00+00:00,1670.502586263833,1071.4044655712864,599.0981206925467,1,low,0,0.0,0,2,0,0,0,0,0,0,0,0,0,0,0,0,0,0,0,0,0,0,0,0,0,0,3,697.50058879075,1683.7846975026666,986.6906551339166,662.9256880891389,12,-1.0,1.2246467991473532e-16,0,0,1
B2,roll_01,rf,2026-01-15 13:00:00+00:00,2026-01-15 14:00:00+00:00,0,1,2025-12-08T00:00:00+00:00,2026-01-12T00:00:00+00:00,2026-01-12T00:00:00+00:00,2026-01-19T00:00:00+00:00,1481.236402503917,1647.3008225287135,-166.06442002479662,1,low,0,0.0,0,2,0,0,0,0,0,0,0,0,0,0,0,0,0,0,0,0,0,0,0,0,0,0,3,1350.37595587875,662.9256880891389,1215.6235662438055,1670.502586263833,13,-0.9659258262890684,-0.2588190451025208,0,0,1
B2,roll_01,rf,2026-01-15 14:00:00+00:00,2026-01-15 15:00:00+00:00,0,1,2025-12-08T00:00:00+00:00,2026-01-12T00:00:00+00:00,2026-01-12T00:00:00+00:00,2026-01-19T00:00:00+00:00,885.3972389852223,1544.3319620960267,-658.9347231108044,1,low,0,0.0,0,2,0,0,0,0,0,0,0,0,0,0,0,0,0,0,0,0,0,0,0,0,0,0,3,1705.890929453528,1670.502586263833,1567.194707997861,1481.236402503917,14,-0.8660254037844388,-0.4999999999999997,0,0,1
B2,roll_01,rf,2026-01-15 15:00:00+00:00,2026-01-15 16:00:00+00:00,0,1,2025-12-08T00:00:00+00:00,2026-01-12T00:00:00+00:00,2026-01-12T00:00:00+00:00,2026-01-19T00:00:00+00:00,1797.5373261431112,1300.147693005961,497.3896331371502,1,night,0,0.0,0,2,0,0,0,0,0,0,0,0,0,0,0,0,0,0,0,0,0,0,0,0,0,0,3,2587.529739670056,1481.236402503917,1578.744458172111,885.3972389852223,15,-0.7071067811865479,-0.7071067811865471,0,0,1
B2,roll_01,rf,2026-01-15 16:00:00+00:00,2026-01-15 17:00:00+00:00,0,1,2025-12-08T00:00:00+00:00,2026-01-12T00:00:00+00:00,2026-01-12T00:00:00+00:00,2026-01-19T00:00:00+00:00,1346.1776368881667,1845.1881775260656,-499.0105406378989,0,night,0,0.0,0,2,0,0,0,0,0,0,0,0,0,0,0,0,0,0,0,0,0,0,0,0,0,0,3,2568.744366554028,885.3972389852223,1624.9310390754445,1797.5373261431112,16,-0.5000000000000004,-0.8660254037844385,0,0,1
B2,roll_01,rf,2026-01-15 17:00:00+00:00,2026-01-15 18:00:00+00:00,0,1,2025-12-08T00:00:00+00:00,2026-01-12T00:00:00+00:00,2026-01-12T00:00:00+00:00,2026-01-19T00:00:00+00:00,2386.9593965361114,1506.5492960378876,880.4101004982238,0,night,0,0.0,0,2,0,0,0,0,0,0,0,0,0,0,0,0,0,0,0,0,0,0,0,0,0,0,3,2405.933929940611,1797.5373261431112,1793.6743844524724,1346.1776368881667,17,-0.2588190451025206,-0.9659258262890684,0,0,1
B2,roll_01,rf,2026-01-15 18:00:00+00:00,2026-01-15 19:00:00+00:00,0,1,2025-12-08T00:00:00+00:00,2026-01-12T00:00:00+00:00,2026-01-12T00:00:00+00:00,2026-01-19T00:00:00+00:00,1666.5948316020276,1868.2288084844326,-201.63397688240502,0,night,0,0.0,0,2,0,0,0,0,0,0,0,0,0,0,0,0,0,0,0,0,0,0,0,0,0,0,3,2399.449532727612,1346.1776368881667,1048.612189175861,2386.9593965361114,18,-1.8369701987210292e-16,-1.0,0,0,1
B2,roll_01,rf,2026-01-15 19:00:00+00:00,2026-01-15 20:00:00+00:00,0,1,2025-12-08T00:00:00+00:00,2026-01-12T00:00:00+00:00,2026-01-12T00:00:00+00:00,2026-01-19T00:00:00+00:00,1076.4033323202225,1724.258269482311,-647.8549371620886,0,night,0,0.0,0,2,0,0,0,0,0,0,0,0,0,0,0,0,0,0,0,0,0,0,0,0,0,0,3,1431.48542243675,2386.9593965361114,1797.1453520931666,1666.5948316020276,19,0.2588190451025203,-0.9659258262890684,0,0,1
B2,roll_01,rf,2026-01-15 20:00:00+00:00,2026-01-15 21:00:00+00:00,0,1,2025-12-08T00:00:00+00:00,2026-01-12T00:00:00+00:00,2026-01-12T00:00:00+00:00,2026-01-19T00:00:00+00:00,1005.1173250451112,1119.7989445076785,-114.68161946256726,0,night,0,0.0,0,2,0,0,0,0,0,0,0,0,0,0,0,0,0,0,0,0,0,0,0,0,0,0,3,898.016377999889,1666.5948316020276,741.7054459836112,1076.4033323202225,20,0.5000000000000001,-0.8660254037844386,0,0,1
B2,roll_01,rf,2026-01-15 21:00:00+00:00,2026-01-15 22:00:00+00:00,0,1,2025-12-08T00:00:00+00:00,2026-01-12T00:00:00+00:00,2026-01-12T00:00:00+00:00,2026-01-19T00:00:00+00:00,480.00597344519446,1045.8067418738017,-565.8007684286072,0,night,0,0.0,0,2,0,0,0,0,0,0,0,0,0,0,0,0,0,0,0,0,0,0,0,0,0,0,3,690.6828434769444,1076.4033323202225,554.3527368332501,1005.1173250451112,21,0.7071067811865474,-0.7071067811865477,0,0,1
B2,roll_01,rf,2026-01-15 22:00:00+00:00,2026-01-15 23:00:00+00:00,0,1,2025-12-08T00:00:00+00:00,2026-01-12T00:00:00+00:00,2026-01-12T00:00:00+00:00,2026-01-19T00:00:00+00:00,479.6300936403031,584.8195092498605,-105.18941560955744,0,night,0,0.0,0,2,0,0,0,0,0,0,0,0,0,0,0,0,0,0,0,0,0,0,0,0,0,0,3,409.9078194608056,1005.1173250451112,374.6190320515,480.00597344519446,22,0.8660254037844384,-0.5000000000000004,0,0,1
B2,roll_01,rf,2026-01-15 23:00:00+00:00,2026-01-16 00:00:00+00:00,0,1,2025-12-08T00:00:00+00:00,2026-01-12T00:00:00+00:00,2026-01-12T00:00:00+00:00,2026-01-19T00:00:00+00:00,436.11526816900937,530.0092953701173,-93.89402720110797,0,night,0,0.0,0,2,0,0,0,0,0,0,0,0,0,0,0,0,0,0,0,0,0,0,0,0,0,0,3,371.1837877735,480.00597344519446,391.3148025667222,479.6300936403031,23,0.965925826289068,-0.2588190451025215,0,0,1
B2,roll_01,rf,2026-01-16 00:00:00+00:00,2026-01-16 01:00:00+00:00,0,1,2025-12-08T00:00:00+00:00,2026-01-12T00:00:00+00:00,2026-01-12T00:00:00+00:00,2026-01-19T00:00:00+00:00,363.3156685093611,458.4410547484765,-95.12538623911541,0,night,0,0.0,0,2,0,1,1,0,4,0,0,0,1,0,1,0,1,0,0,0,1,0,0,0,0,0,4,370.2046938166389,479.6300936403031,367.0031919465834,436.11526816900937,0,1.0,0.0,0,0,1
B2,roll_01,rf,2026-01-16 01:00:00+00:00,2026-01-16 02:00:00+00:00,0,1,2025-12-08T00:00:00+00:00,2026-01-12T00:00:00+00:00,2026-01-12T00:00:00+00:00,2026-01-19T00:00:00+00:00,402.5595977328056,415.87530794218804,-13.315710209382416,0,night,0,0.0,0,2,0,1,1,0,4,0,0,0,1,0,1,0,1,0,0,0,1,0,0,0,0,0,4,387.13958684741664,436.11526816900937,371.0505770755,363.3156685093611,1,0.9659258262890684,0.2588190451025207,0,0,1
B2,roll_01,rf,2026-01-16 02:00:00+00:00,2026-01-16 03:00:00+00:00,0,1,2025-12-08T00:00:00+00:00,2026-01-12T00:00:00+00:00,2026-01-12T00:00:00+00:00,2026-01-19T00:00:00+00:00,399.17939954838886,446.92015930939795,-47.74075976100909,0,night,0,0.0,0,2,0,1,1,0,4,0,0,0,1,0,1,0,1,0,0,0,1,0,0,0,0,0,4,396.8507443261112,363.3156685093611,364.3398802528056,402.5595977328056,2,0.8660254037844387,0.4999999999999999,0,0,1
B2,roll_01,rf,2026-01-16 03:00:00+00:00,2026-01-16 04:00:00+00:00,0,1,2025-12-08T00:00:00+00:00,2026-01-12T00:00:00+00:00,2026-01-12T00:00:00+00:00,2026-01-19T00:00:00+00:00,1076.4506056084722,769.1977021354592,307.252903473013,0,night,0,0.0,0,2,0,1,1,0,4,0,0,0,1,0,1,0,1,0,0,0,1,0,0,0,0,0,4,370.8476521360556,402.5595977328056,373.5574161077223,399.17939954838886,3,0.7071067811865476,0.7071067811865476,0,0,1
B2,roll_01,rf,2026-01-16 04:00:00+00:00,2026-01-16 05:00:00+00:00,0,1,2025-12-08T00:00:00+00:00,2026-01-12T00:00:00+00:00,2026-01-12T00:00:00+00:00,2026-01-19T00:00:00+00:00,2002.717169422556,2089.565167933501,-86.84799851094499,0,night,0,0.0,0,2,0,0,0,0,0,0,0,0,0,0,0,0,0,0,0,0,0,0,0,0,0,0,4,1030.9182591538056,399.17939954838886,1052.1522978683056,1076.4506056084722,4,0.5000000000000001,0.8660254037844386,0,0,1
B2,roll_01,rf,2026-01-16 05:00:00+00:00,2026-01-16 06:00:00+00:00,0,1,2025-12-08T00:00:00+00:00,2026-01-12T00:00:00+00:00,2026-01-12T00:00:00+00:00,2026-01-19T00:00:00+00:00,2477.7992105114445,2294.332686715188,183.4665237962563,0,night,0,0.0,0,2,0,0,0,0,0,0,0,0,0,0,0,0,0,0,0,0,0,0,0,0,0,0,4,2047.0297009597773,1076.4506056084722,2039.245831840444,2002.717169422556,5,0.2588190451025207,0.9659258262890684,0,0,1
B2,roll_01,rf,2026-01-16 06:00:00+00:00,2026-01-16 07:00:00+00:00,0,1,2025-12-08T00:00:00+00:00,2026-01-12T00:00:00+00:00,2026-01-12T00:00:00+00:00,2026-01-19T00:00:00+00:00,2372.8508934692777,1973.3557191511977,399.49517431808,0,night,0,0.0,0,2,0,0,0,0,0,0,0,0,0,0,0,0,0,0,0,0,0,0,0,0,0,0,4,2558.245225021167,2002.717169422556,2008.2256900938053,2477.7992105114445,6,6.123233995736766e-17,1.0,0,0,1
B2,roll_01,rf,2026-01-16 07:00:00+00:00,2026-01-16 08:00:00+00:00,0,1,2025-12-08T00:00:00+00:00,2026-01-12T00:00:00+00:00,2026-01-12T00:00:00+00:00,2026-01-19T00:00:00+00:00,1713.0605896702225,1929.6539807720374,-216.59339110181486,1,night,0,0.0,0,2,0,0,0,0,0,0,0,0,0,0,0,0,0,0,0,0,0,0,0,0,0,0,4,1917.6388459600832,2477.7992105114445,1864.800559224361,2372.8508934692777,7,-0.2588190451025206,0.9659258262890684,0,0,1
B2,roll_01,rf,2026-01-16 08:00:00+00:00,2026-01-16 09:00:00+00:00,0,1,2025-12-08T00:00:00+00:00,2026-01-12T00:00:00+00:00,2026-01-12T00:00:00+00:00,2026-01-19T00:00:00+00:00,1442.9932598915832,1795.606279272406,-352.61301938082283,1,low,0,0.0,0,2,0,0,0,0,0,0,0,0,0,0,0,0,0,0,0,0,0,0,0,0,0,0,4,2537.646863457084,2372.8508934692777,1891.1646381102776,1713.0605896702225,8,-0.4999999999999998,0.8660254037844387,0,0,1
B2,roll_01,rf,2026-01-16 09:00:00+00:00,2026-01-16 10:00:00+00:00,0,1,2025-12-08T00:00:00+00:00,2026-01-12T00:00:00+00:00,2026-01-12T00:00:00+00:00,2026-01-19T00:00:00+00:00,1623.9131629396943,1252.6019128040361,371.31125013565816,1,low,0,0.0,0,2,0,0,0,0,0,0,0,0,0,0,0,0,0,0,0,0,0,0,0,0,0,0,4,1822.7418795589167,1713.0605896702225,1853.015352479528,1442.9932598915832,9,-0.7071067811865475,0.7071067811865476,0,0,1
B2,roll_01,rf,2026-01-16 10:00:00+00:00,2026-01-16 11:00:00+00:00,0,1,2025-12-08T00:00:00+00:00,2026-01-12T00:00:00+00:00,2026-01-12T00:00:00+00:00,2026-01-19T00:00:00+00:00,490.20504058097225,1399.9891156048297,-909.7840750238574,1,low,0,0.0,0,2,0,0,0,0,0,0,0,0,0,0,0,0,0,0,0,0,0,0,0,0,0,0,4,1791.9841544997778,1442.9932598915832,1753.4225527633614,1623.9131629396943,10,-0.8660254037844387,0.4999999999999999,0,0,1
B2,roll_01,rf,2026-01-16 11:00:00+00:00,2026-01-16 12:00:00+00:00,0,1,2025-12-08T00:00:00+00:00,2026-01-12T00:00:00+00:00,2026-01-12T00:00:00+00:00,2026-01-19T00:00:00+00:00,1595.4900083538612,1020.4484624546541,575.0415458992071,1,low,0,0.0,0,2,0,0,0,0,0,0,0,0,0,0,0,0,0,0,0,0,0,0,0,0,0,0,4,1919.5265633675,1623.9131629396943,1683.7846975026666,490.20504058097225,11,-0.9659258262890682,0.258819045102521,0,0,1
B2,roll_01,rf,2026-01-16 12:00:00+00:00,2026-01-16 13:00:00+00:00,0,1,2025-12-08T00:00:00+00:00,2026-01-12T00:00:00+00:00,2026-01-12T00:00:00+00:00,2026-01-19T00:00:00+00:00,701.5758242305001,1300.3530420593872,-598.7772178288872,1,low,0,0.0,0,2,0,0,0,0,0,0,0,0,0,0,0,0,0,0,0,0,0,0,0,0,0,0,4,2047.703922921584,490.20504058097225,662.9256880891389,1595.4900083538612,12,-1.0,1.2246467991473532e-16,0,0,1
B2,roll_01,rf,2026-01-16 13:00:00+00:00,2026-01-16 14:00:00+00:00,0,1,2025-12-08T00:00:00+00:00,2026-01-12T00:00:00+00:00,2026-01-12T00:00:00+00:00,2026-01-19T00:00:00+00:00,1952.1323181944445,1145.5394489968144,806.5928691976301,1,low,0,0.0,0,2,0,0,0,0,0,0,0,0,0,0,0,0,0,0,0,0,0,0,0,0,0,0,4,2327.2743383188613,1595.4900083538612,1670.502586263833,701.5758242305001,13,-0.9659258262890684,-0.2588190451025208,0,0,1
B2,roll_01,rf,2026-01-16 14:00:00+00:00,2026-01-16 15:00:00+00:00,0,1,2025-12-08T00:00:00+00:00,2026-01-12T00:00:00+00:00,2026-01-12T00:00:00+00:00,2026-01-19T00:00:00+00:00,573.8755752583612,1815.284312459858,-1241.408737201497,1,low,0,0.0,0,2,0,0,0,0,0,0,0,0,0,0,0,0,0,0,0,0,0,0,0,0,0,0,4,2475.2395324104723,701.5758242305001,1481.236402503917,1952.1323181944445,14,-0.8660254037844388,-0.4999999999999997,0,0,1
B2,roll_01,rf,2026-01-16 15:00:00+00:00,2026-01-16 16:00:00+00:00,0,1,2025-12-08T00:00:00+00:00,2026-01-12T00:00:00+00:00,2026-01-12T00:00:00+00:00,2026-01-19T00:00:00+00:00,1748.7442167502777,1169.020776008359,579.7234407419187,1,night,0,0.0,0,2,0,0,0,0,0,0,0,0,0,0,0,0,0,0,0,0,0,0,0,0,0,0,4,2099.886327037028,1952.1323181944445,885.3972389852223,573.8755752583612,15,-0.7071067811865479,-0.7071067811865471,0,0,1
B2,roll_01,rf,2026-01-16 16:00:00+00:00,2026-01-16 17:00:00+00:00,0,1,2025-12-08T00:00:00+00:00,2026-01-12T00:00:00+00:00,2026-01-12T00:00:00+00:00,2026-01-19T00:00:00+00:00,1779.3662909536945,1821.9635814248566,-42.59729047116207,0,night,0,0.0,0,2,0,0,0,0,0,0,0,0,0,0,0,0,0,0,0,0,0,0,0,0,0,0,4,2043.670283908889,573.8755752583612,1797.5373261431112,1748.7442167502777,16,-0.5000000000000004,-0.8660254037844385,0,0,1
B2,roll_01,rf,2026-01-16 17:00:00+00:00,2026-01-16 18:00:00+00:00,0,1,2025-12-08T00:00:00+00:00,2026-01-12T00:00:00+00:00,2026-01-12T00:00:00+00:00,2026-01-19T00:00:00+00:00,1926.1523590546667,1991.9328804088273,-65.78052135416056,0,night,0,0.0,0,2,0,0,0,0,0,0,0,0,0,0,0,0,0,0,0,0,0,0,0,0,0,0,4,2019.3687657176667,1748.7442167502777,1346.1776368881667,1779.3662909536945,17,-0.2588190451025206,-0.9659258262890684,0,0,1
B2,roll_01,rf,2026-01-16 18:00:00+00:00,2026-01-16 19:00:00+00:00,0,1,2025-12-08T00:00:00+00:00,2026-01-12T00:00:00+00:00,2026-01-12T00:00:00+00:00,2026-01-19T00:00:00+00:00,3573.4096695315,2004.706446559985,1568.7032229715153,0,night,0,0.0,0,2,0,0,0,0,0,0,0,0,0,0,0,0,0,0,0,0,0,0,0,0,0,0,4,1954.244045320861,1779.3662909536945,2386.9593965361114,1926.1523590546667,18,-1.8369701987210292e-16,-1.0,0,0,1
B2,roll_01,rf,2026-01-16 19:00:00+00:00,2026-01-16 20:00:00+00:00,0,1,2025-12-08T00:00:00+00:00,2026-01-12T00:00:00+00:00,2026-01-12T00:00:00+00:00,2026-01-19T00:00:00+00:00,2754.500442691028,2273.8684515531504,480.6319911378778,0,night,0,0.0,0,2,0,0,0,0,0,0,0,0,0,0,0,0,0,0,0,0,0,0,0,0,0,0,4,2342.330235312528,1926.1523590546667,1666.5948316020276,3573.4096695315,19,0.2588190451025203,-0.9659258262890684,0,0,1
B2,roll_01,rf,2026-01-16 20:00:00+00:00,2026-01-16 21:00:00+00:00,0,1,2025-12-08T00:00:00+00:00,2026-01-12T00:00:00+00:00,2026-01-12T00:00:00+00:00,2026-01-19T00:00:00+00:00,2483.442940576528,2127.258340745767,356.1845998307613,0,night,0,0.0,0,2,0,0,0,0,0,0,0,0,0,0,0,0,0,0,0,0,0,0,0,0,0,0,4,1013.7995625885,3573.4096695315,1076.4033323202225,2754.500442691028,20,0.5000000000000001,-0.8660254037844386,0,0,1
B2,roll_01,rf,2026-01-16 21:00:00+00:00,2026-01-16 22:00:00+00:00,0,1,2025-12-08T00:00:00+00:00,2026-01-12T00:00:00+00:00,2026-01-12T00:00:00+00:00,2026-01-19T00:00:00+00:00,2471.681181403111,2071.0008890399868,400.6802923631244,0,night,0,0.0,0,2,0,0,0,0,0,0,0,0,0,0,0,0,0,0,0,0,0,0,0,0,0,0,4,725.7640030931667,2754.500442691028,1005.1173250451112,2483.442940576528,21,0.7071067811865474,-0.7071067811865477,0,0,1
B2,roll_01,rf,2026-01-16 22:00:00+00:00,2026-01-16 23:00:00+00:00,0,1,2025-12-08T00:00:00+00:00,2026-01-12T00:00:00+00:00,2026-01-12T00:00:00+00:00,2026-01-19T00:00:00+00:00,2428.759211638084,2207.393090132372,221.36612150571182,0,night,0,0.0,0,2,0,0,0,0,0,0,0,0,0,0,0,0,0,0,0,0,0,0,0,0,0,0,4,457.7714818046389,2483.442940576528,480.00597344519446,2471.681181403111,22,0.8660254037844384,-0.5000000000000004,0,0,1
B2,roll_01,rf,2026-01-16 23:00:00+00:00,2026-01-17 00:00:00+00:00,0,1,2025-12-08T00:00:00+00:00,2026-01-12T00:00:00+00:00,2026-01-12T00:00:00+00:00,2026-01-19T00:00:00+00:00,2422.2099434294164,2162.1477870224035,260.06215640701294,0,night,0,0.0,0,2,0,0,0,0,0,0,0,0,0,0,0,0,0,0,0,0,0,0,0,0,0,0,4,442.25945804897225,2471.681181403111,479.6300936403031,2428.759211638084,23,0.965925826289068,-0.2588190451025215,0,0,1
B2,roll_01,rf,2026-01-17 00:00:00+00:00,2026-01-17 01:00:00+00:00,0,1,2025-12-08T00:00:00+00:00,2026-01-12T00:00:00+00:00,2026-01-12T00:00:00+00:00,2026-01-19T00:00:00+00:00,2419.0737715843334,2515.8264337411106,-96.7526621567772,0,night,0,0.0,0,2,0,0,0,0,0,0,0,0,0,0,0,0,0,0,0,0,0,0,0,0,0,0,5,451.9524179743889,2428.759211638084,436.11526816900937,2422.2099434294164,0,1.0,0.0,0,1,1
B2,roll_01,rf,2026-01-17 01:00:00+00:00,2026-01-17 02:00:00+00:00,0,1,2025-12-08T00:00:00+00:00,2026-01-12T00:00:00+00:00,2026-01-12T00:00:00+00:00,2026-01-19T00:00:00+00:00,2397.090425719361,2521.4361969246156,-124.34577120525455,0,night,0,0.0,0,2,0,0,0,0,0,0,0,0,0,0,0,0,0,0,0,0,0,0,0,0,0,0,5,391.0213954262777,2422.2099434294164,363.3156685093611,2419.0737715843334,1,0.9659258262890684,0.2588190451025207,0,1,1
B2,roll_01,rf,2026-01-17 02:00:00+00:00,2026-01-17 03:00:00+00:00,0,1,2025-12-08T00:00:00+00:00,2026-01-12T00:00:00+00:00,2026-01-12T00:00:00+00:00,2026-01-19T00:00:00+00:00,2408.5668939863613,2426.8140004917777,-18.24710650541647,0,night,0,0.0,0,2,0,0,0,0,0,0,0,0,0,0,0,0,0,0,0,0,0,0,0,0,0,0,5,396.8184454624445,2419.0737715843334,402.5595977328056,2397.090425719361,2,0.8660254037844387,0.4999999999999999,0,1,1
B2,roll_01,rf,2026-01-17 03:00:00+00:00,2026-01-17 04:00:00+00:00,0,1,2025-12-08T00:00:00+00:00,2026-01-12T00:00:00+00:00,2026-01-12T00:00:00+00:00,2026-01-19T00:00:00+00:00,2987.1550890425,2423.3948316375972,563.7602574049029,0,night,0,0.0,0,2,0,0,0,0,0,0,0,0,0,0,0,0,0,0,0,0,0,0,0,0,0,0,5,392.470940987861,2397.090425719361,399.17939954838886,2408.5668939863613,3,0.7071067811865476,0.7071067811865476,0,1,1
B2,roll_01,rf,2026-01-17 04:00:00+00:00,2026-01-17 05:00:00+00:00,0,1,2025-12-08T00:00:00+00:00,2026-01-12T00:00:00+00:00,2026-01-12T00:00:00+00:00,2026-01-19T00:00:00+00:00,3319.657065773777,2900.7351149050464,418.9219508687306,0,night,0,0.0,0,2,0,0,0,0,0,0,0,0,0,0,0,0,0,0,0,0,0,0,0,0,0,0,5,873.0134955361945,2408.5668939863613,1076.4506056084722,2987.1550890425,4,0.5000000000000001,0.8660254037844386,0,1,1
B2,roll_01,rf,2026-01-17 05:00:00+00:00,2026-01-17 06:00:00+00:00,0,1,2025-12-08T00:00:00+00:00,2026-01-12T00:00:00+00:00,2026-01-12T00:00:00+00:00,2026-01-19T00:00:00+00:00,2391.335260368139,3233.5633868265904,-842.2281264584512,0,night,0,0.0,0,2,0,0,0,0,0,0,0,0,0,0,0,0,0,0,0,0,0,0,0,0,0,0,5,1704.9182572990833,2987.1550890425,2002.717169422556,3319.657065773777,5,0.2588190451025207,0.9659258262890684,0,1,1
B2,roll_01,rf,2026-01-17 06:00:00+00:00,2026-01-17 07:00:00+00:00,0,1,2025-12-08T00:00:00+00:00,2026-01-12T00:00:00+00:00,2026-01-12T00:00:00+00:00,2026-01-19T00:00:00+00:00,2341.329542084556,2196.333461913024,144.99608017153196,0,night,0,0.0,0,2,0,0,0,0,0,0,0,0,0,0,0,0,0,0,0,0,0,0,0,0,0,0,5,1945.5007948983048,3319.657065773777,2477.7992105114445,2391.335260368139,6,6.123233995736766e-17,1.0,0,1,1
B2,roll_01,rf,2026-01-17 07:00:00+00:00,2026-01-17 08:00:00+00:00,0,1,2025-12-08T00:00:00+00:00,2026-01-12T00:00:00+00:00,2026-01-12T00:00:00+00:00,2026-01-19T00:00:00+00:00,2591.676535681584,1824.9455615541117,766.7309741274723,1,night,0,0.0,0,2,0,0,0,0,0,0,0,0,0,0,0,0,0,0,0,0,0,0,0,0,0,0,5,1939.5566896918056,2391.335260368139,2372.8508934692777,2341.329542084556,7,-0.2588190451025206,0.9659258262890684,0,1,1
B2,roll_01,rf,2026-01-17 08:00:00+00:00,2026-01-17 09:00:00+00:00,0,1,2025-12-08T00:00:00+00:00,2026-01-12T00:00:00+00:00,2026-01-12T00:00:00+00:00,2026-01-19T00:00:00+00:00,876.2151453261389,1891.160360159409,-1014.9452148332701,1,low,0,0.0,0,2,0,0,0,0,0,0,0,0,0,0,0,0,0,0,0,0,0,0,0,0,0,0,5,2127.9194307847497,2341.329542084556,1713.0605896702225,2591.676535681584,8,-0.4999999999999998,0.8660254037844387,0,1,1
B2,roll_01,rf,2026-01-17 09:00:00+00:00,2026-01-17 10:00:00+00:00,0,1,2025-12-08T00:00:00+00:00,2026-01-12T00:00:00+00:00,2026-01-12T00:00:00+00:00,2026-01-19T00:00:00+00:00,1362.1403257086388,1432.887406842653,-70.74708113401425,1,low,0,0.0,0,2,0,0,0,0,0,0,0,0,0,0,0,0,0,0,0,0,0,0,0,0,0,0,5,2000.1470279075832,2591.676535681584,1442.9932598915832,876.2151453261389,9,-0.7071067811865475,0.7071067811865476,0,1,1
B2,roll_01,rf,2026-01-17 10:00:00+00:00,2026-01-17 11:00:00+00:00,0,1,2025-12-08T00:00:00+00:00,2026-01-12T00:00:00+00:00,2026-01-12T00:00:00+00:00,2026-01-19T00:00:00+00:00,851.023270576111,1237.2712802690228,-386.24800969291175,1,low,0,0.0,0,2,0,0,0,0,0,0,0,0,0,0,0,0,0,0,0,0,0,0,0,0,0,0,5,1770.5304107042775,876.2151453261389,1623.9131629396943,1362.1403257086388,10,-0.8660254037844387,0.4999999999999999,0,1,1
B2,roll_01,rf,2026-01-17 11:00:00+00:00,2026-01-17 12:00:00+00:00,0,1,2025-12-08T00:00:00+00:00,2026-01-12T00:00:00+00:00,2026-01-12T00:00:00+00:00,2026-01-19T00:00:00+00:00,375.1866214471667,1032.4849382479806,-657.2983168008138,1,low,0,0.0,0,2,0,0,0,0,0,0,0,0,0,0,0,0,0,0,0,0,0,0,0,0,0,0,5,2099.097986216222,1362.1403257086388,490.20504058097225,851.023270576111,11,-0.9659258262890682,0.258819045102521,0,1,1
B2,roll_01,rf,2026-01-17 12:00:00+00:00,2026-01-17 13:00:00+00:00,0,1,2025-12-08T00:00:00+00:00,2026-01-12T00:00:00+00:00,2026-01-12T00:00:00+00:00,2026-01-19T00:00:00+00:00,1125.2122855051666,704.424925002135,420.78736050303166,1,low,0,0.0,0,3,0,0,0,0,0,0,0,0,0,0,0,0,0,0,0,0,0,0,0,0,0,0,5,2066.14777083575,851.023270576111,1595.4900083538612,375.1866214471667,12,-1.0,1.2246467991473532e-16,0,1,1
B2,roll_01,rf,2026-01-17 13:00:00+00:00,2026-01-17 14:00:00+00:00,0,1,2025-12-08T00:00:00+00:00,2026-01-12T00:00:00+00:00,2026-01-12T00:00:00+00:00,2026-01-19T00:00:00+00:00,553.7227735364166,1279.4678383232053,-725.7450647867887,1,low,0,0.0,0,3,0,0,0,0,0,0,0,0,0,0,0,0,0,0,0,0,0,0,0,0,0,0,5,1718.2276665944446,375.1866214471667,701.5758242305001,1125.2122855051666,13,-0.9659258262890684,-0.2588190451025208,0,1,1
B2,roll_01,rf,2026-01-17 14:00:00+00:00,2026-01-17 15:00:00+00:00,0,1,2025-12-08T00:00:00+00:00,2026-01-12T00:00:00+00:00,2026-01-12T00:00:00+00:00,2026-01-19T00:00:00+00:00,893.3163181295832,1051.0986256908864,-157.78230756130313,1,low,0,0.0,0,3,0,0,0,0,0,0,0,0,0,0,0,0,0,0,0,0,0,0,0,0,0,0,5,2298.0285432916944,1125.2122855051666,1952.1323181944445,553.7227735364166,14,-0.8660254037844388,-0.4999999999999997,0,1,1
B2,roll_01,rf,2026-01-17 15:00:00+00:00,2026-01-17 16:00:00+00:00,0,1,2025-12-08T00:00:00+00:00,2026-01-12T00:00:00+00:00,2026-01-12T00:00:00+00:00,2026-01-19T00:00:00+00:00,1082.6851535658332,1145.5862113301118,-62.901057764278676,1,night,0,0.0,0,3,0,0,0,0,0,0,0,0,0,0,0,0,0,0,0,0,0,0,0,0,0,0,5,2539.5653047919445,553.7227735364166,573.8755752583612,893.3163181295832,15,-0.7071067811865479,-0.7071067811865471,0,1,1
B2,roll_01,rf,2026-01-17 16:00:00+00:00,2026-01-17 17:00:00+00:00,0,1,2025-12-08T00:00:00+00:00,2026-01-12T00:00:00+00:00,2026-01-12T00:00:00+00:00,2026-01-19T00:00:00+00:00,1215.7402370096668,1492.6956008028924,-276.9553637932256,0,night,0,0.0,0,2,0,0,0,0,0,0,0,0,0,0,0,0,0,0,0,0,0,0,0,0,0,0,5,1708.9707138076667,893.3163181295832,1748.7442167502777,1082.6851535658332,16,-0.5000000000000004,-0.8660254037844385,0,1,1
B2,roll_01,rf,2026-01-17 17:00:00+00:00,2026-01-17 18:00:00+00:00,0,1,2025-12-08T00:00:00+00:00,2026-01-12T00:00:00+00:00,2026-01-12T00:00:00+00:00,2026-01-19T00:00:00+00:00,1466.154889960333,1523.9119312677146,-57.75704130738154,0,night,0,0.0,0,2,0,0,0,0,0,0,0,0,0,0,0,0,0,0,0,0,0,0,0,0,0,0,5,3623.9131346842223,1082.6851535658332,1779.3662909536945,1215.7402370096668,17,-0.2588190451025206,-0.9659258262890684,0,1,1
B2,roll_01,rf,2026-01-17 18:00:00+00:00,2026-01-17 19:00:00+00:00,0,1,2025-12-08T00:00:00+00:00,2026-01-12T00:00:00+00:00,2026-01-12T00:00:00+00:00,2026-01-19T00:00:00+00:00,1078.6994199493888,1491.2493463148587,-412.5499263654699,0,night,0,0.0,0,2,0,0,0,0,0,0,0,0,0,0,0,0,0,0,0,0,0,0,0,0,0,0,5,1101.2175339098333,1215.7402370096668,1926.1523590546667,1466.154889960333,18,-1.8369701987210292e-16,-1.0,0,1,1
B2,roll_01,rf,2026-01-17 19:00:00+00:00,2026-01-17 20:00:00+00:00,0,1,2025-12-08T00:00:00+00:00,2026-01-12T00:00:00+00:00,2026-01-12T00:00:00+00:00,2026-01-19T00:00:00+00:00,1284.7492482649168,1234.3507645019422,50.39848376297459,0,night,0,0.0,0,2,0,0,0,0,0,0,0,0,0,0,0,0,0,0,0,0,0,0,0,0,0,0,5,1849.9723726721668,1466.154889960333,3573.4096695315,1078.6994199493888,19,0.2588190451025203,-0.9659258262890684,0,1,1
B2,roll_01,rf,2026-01-17 20:00:00+00:00,2026-01-17 21:00:00+00:00,0,1,2025-12-08T00:00:00+00:00,2026-01-12T00:00:00+00:00,2026-01-12T00:00:00+00:00,2026-01-19T00:00:00+00:00,851.6801286406111,1189.4146423651757,-337.73451372456464,0,night,0,0.0,0,2,0,0,0,0,0,0,0,0,0,0,0,0,0,0,0,0,0,0,0,0,0,0,5,1455.1370739963888,1078.6994199493888,2754.500442691028,1284.7492482649168,20,0.5000000000000001,-0.8660254037844386,0,1,1
B2,roll_01,rf,2026-01-17 21:00:00+00:00,2026-01-17 22:00:00+00:00,0,1,2025-12-08T00:00:00+00:00,2026-01-12T00:00:00+00:00,2026-01-12T00:00:00+00:00,2026-01-19T00:00:00+00:00,661.5588102037779,910.3464470074866,-248.78763680370878,0,night,0,0.0,0,2,0,0,0,0,0,0,0,0,0,0,0,0,0,0,0,0,0,0,0,0,0,0,5,775.8096372270278,1284.7492482649168,2483.442940576528,851.6801286406111,21,0.7071067811865474,-0.7071067811865477,0,1,1
B2,roll_01,rf,2026-01-17 22:00:00+00:00,2026-01-17 23:00:00+00:00,0,1,2025-12-08T00:00:00+00:00,2026-01-12T00:00:00+00:00,2026-01-12T00:00:00+00:00,2026-01-19T00:00:00+00:00,356.0791067192222,723.2241101716493,-367.1450034524271,0,night,0,0.0,0,2,0,0,0,0,0,0,0,0,0,0,0,0,0,0,0,0,0,0,0,0,0,0,5,609.0600654670277,851.6801286406111,2471.681181403111,661.5588102037779,22,0.8660254037844384,-0.5000000000000004,0,1,1
B2,roll_01,rf,2026-01-17 23:00:00+00:00,2026-01-18 00:00:00+00:00,0,1,2025-12-08T00:00:00+00:00,2026-01-12T00:00:00+00:00,2026-01-12T00:00:00+00:00,2026-01-19T00:00:00+00:00,409.1542958934167,552.9035127296895,-143.7492168362728,0,night,0,0.0,0,2,0,1,1,0,2,0,0,1,0,0,1,0,1,0,0,0,1,0,0,0,0,0,5,410.7482779138611,661.5588102037779,2428.759211638084,356.0791067192222,23,0.965925826289068,-0.2588190451025215,0,1,1
B2,roll_01,rf,2026-01-18 00:00:00+00:00,2026-01-18 01:00:00+00:00,0,1,2025-12-08T00:00:00+00:00,2026-01-12T00:00:00+00:00,2026-01-12T00:00:00+00:00,2026-01-19T00:00:00+00:00,386.80348134525,574.8448257795055,-188.0413444342555,0,night,0,0.0,0,2,0,1,1,0,2,0,0,1,0,0,1,0,1,0,0,0,1,0,0,0,0,0,6,405.205528771,356.0791067192222,2422.2099434294164,409.1542958934167,0,1.0,0.0,0,1,1
B2,roll_01,rf,2026-01-18 01:00:00+00:00,2026-01-18 02:00:00+00:00,0,1,2025-12-08T00:00:00+00:00,2026-01-12T00:00:00+00:00,2026-01-12T00:00:00+00:00,2026-01-19T00:00:00+00:00,363.9506782922222,574.2337576108882,-210.283079318666,0,night,0,0.0,0,2,0,0,0,0,0,0,0,0,0,0,0,0,0,0,0,0,0,0,0,0,0,0,6,475.14375079194434,409.1542958934167,2419.0737715843334,386.80348134525,1,0.9659258262890684,0.2588190451025207,0,1,1
B2,roll_01,rf,2026-01-18 02:00:00+00:00,2026-01-18 03:00:00+00:00,0,1,2025-12-08T00:00:00+00:00,2026-01-12T00:00:00+00:00,2026-01-12T00:00:00+00:00,2026-01-19T00:00:00+00:00,366.92154284288887,565.0472204095649,-198.12567756667607,0,night,0,0.0,0,2,0,0,0,0,0,0,0,0,0,0,0,0,0,0,0,0,0,0,0,0,0,0,6,401.84106967408337,386.80348134525,2397.090425719361,363.9506782922222,2,0.8660254037844387,0.4999999999999999,0,1,1
B2,roll_01,rf,2026-01-18 03:00:00+00:00,2026-01-18 04:00:00+00:00,0,1,2025-12-08T00:00:00+00:00,2026-01-12T00:00:00+00:00,2026-01-12T00:00:00+00:00,2026-01-19T00:00:00+00:00,919.6470143296112,635.9648430259092,283.68217130370203,0,night,0,0.0,0,2,0,0,0,0,0,0,0,0,0,0,0,0,0,0,0,0,0,0,0,0,0,0,6,367.7446838216111,363.9506782922222,2408.5668939863613,366.92154284288887,3,0.7071067811865476,0.7071067811865476,0,1,1
B2,roll_01,rf,2026-01-18 04:00:00+00:00,2026-01-18 05:00:00+00:00,0,1,2025-12-08T00:00:00+00:00,2026-01-12T00:00:00+00:00,2026-01-12T00:00:00+00:00,2026-01-19T00:00:00+00:00,1696.4327096815832,1529.0400281765794,167.3926815050038,0,night,0,0.0,0,2,0,0,0,0,0,0,0,0,0,0,0,0,0,0,0,0,0,0,0,0,0,0,6,963.4637856096666,366.92154284288887,2987.1550890425,919.6470143296112,4,0.5000000000000001,0.8660254037844386,0,1,1
B2,roll_01,rf,2026-01-18 05:00:00+00:00,2026-01-18 06:00:00+00:00,0,1,2025-12-08T00:00:00+00:00,2026-01-12T00:00:00+00:00,2026-01-12T00:00:00+00:00,2026-01-19T00:00:00+00:00,1787.8514459331388,2239.4382514925114,-451.5868055593726,0,night,0,0.0,0,2,0,0,0,0,0,0,0,0,0,0,0,0,0,0,0,0,0,0,0,0,0,0,6,1813.34006411675,919.6470143296112,3319.657065773777,1696.4327096815832,5,0.2588190451025207,0.9659258262890684,0,1,1
B2,roll_01,rf,2026-01-18 06:00:00+00:00,2026-01-18 07:00:00+00:00,0,1,2025-12-08T00:00:00+00:00,2026-01-12T00:00:00+00:00,2026-01-12T00:00:00+00:00,2026-01-19T00:00:00+00:00,2221.478881947944,1948.6752537489306,272.8036281990135,0,night,0,0.0,0,2,0,0,0,0,0,0,0,0,0,0,0,0,0,0,0,0,0,0,0,0,0,0,6,1868.444830851611,1696.4327096815832,2391.335260368139,1787.8514459331388,6,6.123233995736766e-17,1.0,0,1,1
B2,roll_01,rf,2026-01-18 07:00:00+00:00,2026-01-18 08:00:00+00:00,0,1,2025-12-08T00:00:00+00:00,2026-01-12T00:00:00+00:00,2026-01-12T00:00:00+00:00,2026-01-19T00:00:00+00:00,1747.753539249222,1868.0549036848663,-120.30136443564425,1,night,0,0.0,0,2,0,0,0,0,0,0,0,0,0,0,0,0,0,0,0,0,0,0,0,0,0,0,6,1998.770939867861,1787.8514459331388,2341.329542084556,2221.478881947944,7,-0.2588190451025206,0.9659258262890684,0,1,1
B2,roll_01,rf,2026-01-18 08:00:00+00:00,2026-01-18 09:00:00+00:00,0,1,2025-12-08T00:00:00+00:00,2026-01-12T00:00:00+00:00,2026-01-12T00:00:00+00:00,2026-01-19T00:00:00+00:00,1199.014191615,1822.880187767703,-623.865996152703,1,low,0,0.0,0,2,0,0,0,0,0,0,0,0,0,0,0,0,0,0,0,0,0,0,0,0,0,0,6,1620.6764299421666,2221.478881947944,2591.676535681584,1747.753539249222,8,-0.4999999999999998,0.8660254037844387,0,1,1
B2,roll_01,rf,2026-01-18 09:00:00+00:00,2026-01-18 10:00:00+00:00,0,1,2025-12-08T00:00:00+00:00,2026-01-12T00:00:00+00:00,2026-01-12T00:00:00+00:00,2026-01-19T00:00:00+00:00,2696.399735123361,1213.794776651351,1482.6049584720101,1,low,0,0.0,0,2,0,0,0,0,0,0,0,0,0,0,0,0,0,0,0,0,0,0,0,0,0,0,6,1464.1872420950556,1747.753539249222,876.2151453261389,1199.014191615,9,-0.7071067811865475,0.7071067811865476,0,1,1
B2,roll_01,rf,2026-01-18 10:00:00+00:00,2026-01-18 11:00:00+00:00,0,1,2025-12-08T00:00:00+00:00,2026-01-12T00:00:00+00:00,2026-01-12T00:00:00+00:00,2026-01-19T00:00:00+00:00,908.328997025861,1812.9430830230488,-904.6140859971878,1,low,0,0.0,0,2,0,0,0,0,0,0,0,0,0,0,0,0,0,0,0,0,0,0,0,0,0,0,6,474.102661966639,1199.014191615,1362.1403257086388,2696.399735123361,10,-0.8660254037844387,0.4999999999999999,0,1,1
B2,roll_01,rf,2026-01-18 11:00:00+00:00,2026-01-18 12:00:00+00:00,0,1,2025-12-08T00:00:00+00:00,2026-01-12T00:00:00+00:00,2026-01-12T00:00:00+00:00,2026-01-19T00:00:00+00:00,1081.863576312389,1350.8007896238294,-268.9372133114405,1,low,0,0.0,0,2,0,0,0,0,0,0,0,0,0,0,0,0,0,0,0,0,0,0,0,0,0,0,6,924.8024321908888,2696.399735123361,851.023270576111,908.328997025861,11,-0.9659258262890682,0.258819045102521,0,1,1
B2,roll_01,rf,2026-01-18 12:00:00+00:00,2026-01-18 13:00:00+00:00,0,1,2025-12-08T00:00:00+00:00,2026-01-12T00:00:00+00:00,2026-01-12T00:00:00+00:00,2026-01-19T00:00:00+00:00,2173.5554944418054,1169.2886092387077,1004.2668852030977,1,low,0,0.0,0,3,0,0,0,0,0,0,0,0,0,0,0,0,0,0,0,0,0,0,0,0,0,0,6,-377.0683961764167,908.328997025861,375.1866214471667,1081.863576312389,12,-1.0,1.2246467991473532e-16,0,1,1
B2,roll_01,rf,2026-01-18 13:00:00+00:00,2026-01-18 14:00:00+00:00,0,1,2025-12-08T00:00:00+00:00,2026-01-12T00:00:00+00:00,2026-01-12T00:00:00+00:00,2026-01-19T00:00:00+00:00,1035.234056645167,1773.9612328701746,-738.7271762250077,1,low,0,0.0,0,3,0,0,0,0,0,0,0,0,0,0,0,0,0,0,0,0,0,0,0,0,0,0,6,-533.3608326616389,1081.863576312389,1125.2122855051666,2173.5554944418054,13,-0.9659258262890684,-0.2588190451025208,0,1,1
B2,roll_01,rf,2026-01-18 14:00:00+00:00,2026-01-18 15:00:00+00:00,0,1,2025-12-08T00:00:00+00:00,2026-01-12T00:00:00+00:00,2026-01-12T00:00:00+00:00,2026-01-19T00:00:00+00:00,982.0105920020555,1422.0428925117328,-440.03230050967727,1,low,0,0.0,0,3,0,0,0,0,0,0,0,0,0,0,0,0,0,0,0,0,0,0,0,0,0,0,6,1619.3522628639723,2173.5554944418054,553.7227735364166,1035.234056645167,14,-0.8660254037844388,-0.4999999999999997,0,1,1
B2,roll_01,rf,2026-01-18 15:00:00+00:00,2026-01-18 16:00:00+00:00,0,1,2025-12-08T00:00:00+00:00,2026-01-12T00:00:00+00:00,2026-01-12T00:00:00+00:00,2026-01-19T00:00:00+00:00,939.633989883972,1299.0539512393511,-359.4199613553791,1,night,0,0.0,0,3,0,0,0,0,0,0,0,0,0,0,0,0,0,0,0,0,0,0,0,0,0,0,6,867.3860450609445,1035.234056645167,893.3163181295832,982.0105920020555,15,-0.7071067811865479,-0.7071067811865471,0,1,1
B2,roll_01,rf,2026-01-18 16:00:00+00:00,2026-01-18 17:00:00+00:00,0,1,2025-12-08T00:00:00+00:00,2026-01-12T00:00:00+00:00,2026-01-12T00:00:00+00:00,2026-01-19T00:00:00+00:00,1984.2611124879447,1249.2071850076459,735.0539274802989,0,night,0,0.0,0,2,0,0,0,0,0,0,0,0,0,0,0,0,0,0,0,0,0,0,0,0,0,0,6,1129.351029028639,982.0105920020555,1082.6851535658332,939.633989883972,16,-0.5000000000000004,-0.8660254037844385,0,1,1
B2,roll_01,rf,2026-01-18 17:00:00+00:00,2026-01-18 18:00:00+00:00,0,1,2025-12-08T00:00:00+00:00,2026-01-12T00:00:00+00:00,2026-01-12T00:00:00+00:00,2026-01-19T00:00:00+00:00,1779.6982078336666,1804.630433001156,-24.932225167489378,0,night,0,0.0,0,2,0,0,0,0,0,0,0,0,0,0,0,0,0,0,0,0,0,0,0,0,0,0,6,1683.5612400863336,939.633989883972,1215.7402370096668,1984.2611124879447,17,-0.2588190451025206,-0.9659258262890684,0,1,1
B2,roll_01,rf,2026-01-18 18:00:00+00:00,2026-01-18 19:00:00+00:00,0,1,2025-12-08T00:00:00+00:00,2026-01-12T00:00:00+00:00,2026-01-12T00:00:00+00:00,2026-01-19T00:00:00+00:00,1945.2175917344168,1946.1096595561412,-0.8920678217243676,0,night,0,0.0,0,2,0,0,0,0,0,0,0,0,0,0,0,0,0,0,0,0,0,0,0,0,0,0,6,2735.553599037861,1984.2611124879447,1466.154889960333,1779.6982078336666,18,-1.8369701987210292e-16,-1.0,0,1,1
B2,roll_01,rf,2026-01-18 19:00:00+00:00,2026-01-18 20:00:00+00:00,0,1,2025-12-08T00:00:00+00:00,2026-01-12T00:00:00+00:00,2026-01-12T00:00:00+00:00,2026-01-19T00:00:00+00:00,817.2623687095833,1814.6992487525508,-997.4368800429676,0,night,0,0.0,0,2,0,0,0,0,0,0,0,0,0,0,0,0,0,0,0,0,0,0,0,0,0,0,6,2033.9936153407496,1779.6982078336666,1078.6994199493888,1945.2175917344168,19,0.2588190451025203,-0.9659258262890684,0,1,1
B2,roll_01,rf,2026-01-18 20:00:00+00:00,2026-01-18 21:00:00+00:00,0,1,2025-12-08T00:00:00+00:00,2026-01-12T00:00:00+00:00,2026-01-12T00:00:00+00:00,2026-01-19T00:00:00+00:00,1022.3695540110556,1031.3182169895747,-8.94866297851911,0,night,0,0.0,0,2,0,0,0,0,0,0,0,0,0,0,0,0,0,0,0,0,0,0,0,0,0,0,6,1245.8312970156112,1945.2175917344168,1284.7492482649168,817.2623687095833,20,0.5000000000000001,-0.8660254037844386,0,1,1
B2,roll_01,rf,2026-01-18 21:00:00+00:00,2026-01-18 22:00:00+00:00,0,1,2025-12-08T00:00:00+00:00,2026-01-12T00:00:00+00:00,2026-01-12T00:00:00+00:00,2026-01-19T00:00:00+00:00,579.8006035581112,1206.5639744754585,-626.7633709173473,0,night,0,0.0,0,2,0,0,0,0,0,0,0,0,0,0,0,0,0,0,0,0,0,0,0,0,0,0,6,2829.186617279833,817.2623687095833,851.6801286406111,1022.3695540110556,21,0.7071067811865474,-0.7071067811865477,0,1,1
B2,roll_01,persistence,2026-01-11 23:00:00+00:00,2026-01-12 00:00:00+00:00,0,1,2025-12-08T00:00:00+00:00,2026-01-12T00:00:00+00:00,2026-01-12T00:00:00+00:00,2026-01-19T00:00:00+00:00,2521.281662351861,2501.345489155889,19.93617319597206,0,night,0,0.0,0,1,0,0,0,0,0,0,0,0,0,0,0,0,0,0,0,0,0,0,0,0,0,0,6,364.9348326606112,2652.970591418611,410.7482779138611,2501.345489155889,23,0.965925826289068,-0.2588190451025215,0,1,1
B2,roll_01,persistence,2026-01-12 00:00:00+00:00,2026-01-12 01:00:00+00:00,0,1,2025-12-08T00:00:00+00:00,2026-01-12T00:00:00+00:00,2026-01-12T00:00:00+00:00,2026-01-19T00:00:00+00:00,2510.7629793080832,2521.281662351861,-10.518683043777855,0,night,0,0.0,0,1,0,0,0,0,0,0,0,0,0,0,0,0,0,0,0,0,0,0,0,0,0,0,0,370.6410842640833,2501.345489155889,405.205528771,2521.281662351861,0,1.0,0.0,0,0,1
B2,roll_01,persistence,2026-01-12 01:00:00+00:00,2026-01-12 02:00:00+00:00,0,1,2025-12-08T00:00:00+00:00,2026-01-12T00:00:00+00:00,2026-01-12T00:00:00+00:00,2026-01-19T00:00:00+00:00,2517.397726423444,2510.7629793080832,6.634747115360824,0,night,0,0.0,0,0,0,0,0,0,0,0,0,0,0,0,0,0,0,0,0,0,0,0,0,0,0,0,0,368.0486825067223,2521.281662351861,475.14375079194434,2510.7629793080832,1,0.9659258262890684,0.2588190451025207,0,0,1
B2,roll_01,persistence,2026-01-12 02:00:00+00:00,2026-01-12 03:00:00+00:00,0,1,2025-12-08T00:00:00+00:00,2026-01-12T00:00:00+00:00,2026-01-12T00:00:00+00:00,2026-01-19T00:00:00+00:00,2481.68678522575,2517.397726423444,-35.710941197693955,0,night,0,0.0,0,0,0,0,0,0,0,0,0,0,0,0,0,0,0,0,0,0,0,0,0,0,0,0,0,407.2023981933612,2510.7629793080832,401.84106967408337,2517.397726423444,2,0.8660254037844387,0.4999999999999999,0,0,1
B2,roll_01,persistence,2026-01-12 03:00:00+00:00,2026-01-12 04:00:00+00:00,0,1,2025-12-08T00:00:00+00:00,2026-01-12T00:00:00+00:00,2026-01-12T00:00:00+00:00,2026-01-19T00:00:00+00:00,3016.15648477425,2481.68678522575,534.4696995485001,0,night,0,0.0,0,1,0,0,0,0,0,0,0,0,0,0,0,0,0,0,0,0,0,0,0,0,0,0,0,381.6384086141388,2517.397726423444,367.7446838216111,2481.68678522575,3,0.7071067811865476,0.7071067811865476,0,0,1
B2,roll_01,persistence,2026-01-12 04:00:00+00:00,2026-01-12 05:00:00+00:00,0,1,2025-12-08T00:00:00+00:00,2026-01-12T00:00:00+00:00,2026-01-12T00:00:00+00:00,2026-01-19T00:00:00+00:00,4262.747835938639,3016.15648477425,1246.5913511643885,0,night,0,0.0,0,0,0,0,0,0,0,0,0,0,0,0,0,0,0,0,0,0,0,0,0,0,0,0,0,1018.144173213861,2481.68678522575,963.4637856096666,3016.15648477425,4,0.5000000000000001,0.8660254037844386,0,0,1
B2,roll_01,persistence,2026-01-12 05:00:00+00:00,2026-01-12 06:00:00+00:00,0,1,2025-12-08T00:00:00+00:00,2026-01-12T00:00:00+00:00,2026-01-12T00:00:00+00:00,2026-01-19T00:00:00+00:00,4361.908397110695,4262.747835938639,99.16056117205608,0,night,0,0.0,0,0,0,0,0,0,0,0,0,0,0,0,0,0,0,0,0,0,0,0,0,0,0,0,0,3480.3327933123333,3016.15648477425,1813.34006411675,4262.747835938639,5,0.2588190451025207,0.9659258262890684,0,0,1
B2,roll_01,persistence,2026-01-12 06:00:00+00:00,2026-01-12 07:00:00+00:00,0,1,2025-12-08T00:00:00+00:00,2026-01-12T00:00:00+00:00,2026-01-12T00:00:00+00:00,2026-01-19T00:00:00+00:00,4563.315619382333,4361.908397110695,201.4072222716386,0,night,0,0.0,0,0,0,0,0,0,0,0,0,0,0,0,0,0,0,0,0,0,0,0,0,0,0,0,0,3264.2411370842497,4262.747835938639,1868.444830851611,4361.908397110695,6,6.123233995736766e-17,1.0,0,0,1
B2,roll_01,persistence,2026-01-12 07:00:00+00:00,2026-01-12 08:00:00+00:00,0,1,2025-12-08T00:00:00+00:00,2026-01-12T00:00:00+00:00,2026-01-12T00:00:00+00:00,2026-01-19T00:00:00+00:00,3089.202245556361,4563.315619382333,-1474.1133738259723,1,night,0,0.0,0,1,0,0,0,0,0,0,0,0,0,0,0,0,0,0,0,0,0,0,0,0,0,0,0,3395.476410544472,4361.908397110695,1998.770939867861,4563.315619382333,7,-0.2588190451025206,0.9659258262890684,0,0,1
B2,roll_01,persistence,2026-01-12 08:00:00+00:00,2026-01-12 09:00:00+00:00,0,1,2025-12-08T00:00:00+00:00,2026-01-12T00:00:00+00:00,2026-01-12T00:00:00+00:00,2026-01-19T00:00:00+00:00,2796.8041315197224,3089.202245556361,-292.3981140366386,1,med,0,0.0,0,1,0,0,0,0,0,0,0,0,0,0,0,0,0,0,0,0,0,0,0,0,0,0,0,2043.147877824084,4563.315619382333,1620.6764299421666,3089.202245556361,8,-0.4999999999999998,0.8660254037844387,0,0,1
B2,roll_01,persistence,2026-01-12 09:00:00+00:00,2026-01-12 10:00:00+00:00,0,1,2025-12-08T00:00:00+00:00,2026-01-12T00:00:00+00:00,2026-01-12T00:00:00+00:00,2026-01-19T00:00:00+00:00,746.3919299871112,2796.8041315197224,-2050.412201532611,1,med,0,0.0,0,1,0,0,0,0,0,0,0,0,0,0,0,0,0,0,0,0,0,0,0,0,0,0,0,1179.0779114988334,3089.202245556361,1464.1872420950556,2796.8041315197224,9,-0.7071067811865475,0.7071067811865476,0,0,1
B2,roll_01,persistence,2026-01-12 10:00:00+00:00,2026-01-12 11:00:00+00:00,0,1,2025-12-08T00:00:00+00:00,2026-01-12T00:00:00+00:00,2026-01-12T00:00:00+00:00,2026-01-19T00:00:00+00:00,632.5966184736388,746.3919299871112,-113.79531151347237,1,high,0,0.0,0,1,0,0,0,0,0,0,0,0,0,0,0,0,0,0,0,0,0,0,0,0,0,0,0,947.8847584085834,2796.8041315197224,474.102661966639,746.3919299871112,10,-0.8660254037844387,0.4999999999999999,0,0,1
B2,roll_01,persistence,2026-01-12 11:00:00+00:00,2026-01-12 12:00:00+00:00,0,1,2025-12-08T00:00:00+00:00,2026-01-12T00:00:00+00:00,2026-01-12T00:00:00+00:00,2026-01-19T00:00:00+00:00,-422.1210146441389,632.5966184736388,-1054.7176331177777,1,high,0,0.0,0,2,0,0,0,0,0,0,0,0,0,0,0,0,0,0,0,0,0,0,0,0,0,0,0,863.6994095845556,746.3919299871112,924.8024321908888,632.5966184736388,11,-0.9659258262890682,0.258819045102521,0,0,1
B2,roll_01,persistence,2026-01-12 12:00:00+00:00,2026-01-12 13:00:00+00:00,0,1,2025-12-08T00:00:00+00:00,2026-01-12T00:00:00+00:00,2026-01-12T00:00:00+00:00,2026-01-19T00:00:00+00:00,754.2202679822223,-422.1210146441389,1176.3412826263611,1,med,0,0.0,0,2,1,0,0,0,0,0,0,0,0,0,0,0,0,0,0,0,0,0,0,0,0,0,0,843.0538203102777,632.5966184736388,-377.0683961764167,-422.1210146441389,12,-1.0,1.2246467991473532e-16,0,0,1
B2,roll_01,persistence,2026-01-12 13:00:00+00:00,2026-01-12 14:00:00+00:00,0,1,2025-12-08T00:00:00+00:00,2026-01-12T00:00:00+00:00,2026-01-12T00:00:00+00:00,2026-01-19T00:00:00+00:00,1500.3252466112224,754.2202679822223,746.1049786290001,1,med,0,0.0,0,2,0,0,0,0,0,0,0,0,0,0,0,0,0,0,0,0,0,0,0,0,0,0,0,1428.490628339573,-422.1210146441389,-533.3608326616389,754.2202679822223,13,-0.9659258262890684,-0.2588190451025208,0,0,1
B2,roll_01,persistence,2026-01-12 14:00:00+00:00,2026-01-12 15:00:00+00:00,0,1,2025-12-08T00:00:00+00:00,2026-01-12T00:00:00+00:00,2026-01-12T00:00:00+00:00,2026-01-19T00:00:00+00:00,586.6202596731389,1500.3252466112224,-913.7049869380835,1,low,0,0.0,0,2,0,0,0,0,0,0,0,0,0,0,0,0,0,0,0,0,0,0,0,0,0,0,0,1773.3037352634722,754.2202679822223,1619.3522628639723,1500.3252466112224,14,-0.8660254037844388,-0.4999999999999997,0,0,1
B2,roll_01,persistence,2026-01-12 15:00:00+00:00,2026-01-12 16:00:00+00:00,0,1,2025-12-08T00:00:00+00:00,2026-01-12T00:00:00+00:00,2026-01-12T00:00:00+00:00,2026-01-19T00:00:00+00:00,1670.774375533639,586.6202596731389,1084.1541158605,1,low,0,0.0,0,2,0,0,0,0,0,0,0,0,0,0,0,0,0,0,0,0,0,0,0,0,0,0,0,2045.117999196167,1500.3252466112224,867.3860450609445,586.6202596731389,15,-0.7071067811865479,-0.7071067811865471,0,0,1
B2,roll_01,persistence,2026-01-12 16:00:00+00:00,2026-01-12 17:00:00+00:00,0,1,2025-12-08T00:00:00+00:00,2026-01-12T00:00:00+00:00,2026-01-12T00:00:00+00:00,2026-01-19T00:00:00+00:00,893.0618960396945,1670.774375533639,-777.7124794939444,0,night,0,0.0,0,2,0,0,0,0,0,0,0,0,0,0,0,0,0,0,0,0,0,0,0,0,0,0,0,1695.0528240614449,586.6202596731389,1129.351029028639,1670.774375533639,16,-0.5000000000000004,-0.8660254037844385,0,0,1
B2,roll_01,persistence,2026-01-12 17:00:00+00:00,2026-01-12 18:00:00+00:00,0,1,2025-12-08T00:00:00+00:00,2026-01-12T00:00:00+00:00,2026-01-12T00:00:00+00:00,2026-01-19T00:00:00+00:00,2274.0885418814723,893.0618960396945,1381.0266458417777,0,night,0,0.0,0,1,0,0,0,0,0,0,0,0,0,0,0,0,0,0,0,0,0,0,0,0,0,0,0,2050.756231673639,1670.774375533639,1683.5612400863336,893.0618960396945,17,-0.2588190451025206,-0.9659258262890684,0,0,1
B2,roll_01,persistence,2026-01-12 18:00:00+00:00,2026-01-12 19:00:00+00:00,0,1,2025-12-08T00:00:00+00:00,2026-01-12T00:00:00+00:00,2026-01-12T00:00:00+00:00,2026-01-19T00:00:00+00:00,1365.6644136303612,2274.0885418814723,-908.4241282511111,0,night,0,0.0,0,1,0,0,0,0,0,0,0,0,0,0,0,0,0,0,0,0,0,0,0,0,0,0,0,3794.624143870611,893.0618960396945,2735.553599037861,2274.0885418814723,18,-1.8369701987210292e-16,-1.0,0,0,1
B2,roll_01,persistence,2026-01-12 19:00:00+00:00,2026-01-12 20:00:00+00:00,0,1,2025-12-08T00:00:00+00:00,2026-01-12T00:00:00+00:00,2026-01-12T00:00:00+00:00,2026-01-19T00:00:00+00:00,653.7379858252777,1365.6644136303612,-711.9264278050834,0,night,0,0.0,0,1,0,0,0,0,0,0,0,0,0,0,0,0,0,0,0,0,0,0,0,0,0,0,0,1861.5080703779724,2274.0885418814723,2033.9936153407496,1365.6644136303612,19,0.2588190451025203,-0.9659258262890684,0,0,1
B2,roll_01,persistence,2026-01-12 20:00:00+00:00,2026-01-12 21:00:00+00:00,0,1,2025-12-08T00:00:00+00:00,2026-01-12T00:00:00+00:00,2026-01-12T00:00:00+00:00,2026-01-19T00:00:00+00:00,1060.23997367125,653.7379858252777,406.5019878459723,0,night,0,0.0,0,1,0,0,0,0,0,0,0,0,0,0,0,0,0,0,0,0,0,0,0,0,0,0,0,1496.9097637140555,1365.6644136303612,1245.8312970156112,653.7379858252777,20,0.5000000000000001,-0.8660254037844386,0,0,1
B2,roll_01,persistence,2026-01-12 21:00:00+00:00,2026-01-12 22:00:00+00:00,0,1,2025-12-08T00:00:00+00:00,2026-01-12T00:00:00+00:00,2026-01-12T00:00:00+00:00,2026-01-19T00:00:00+00:00,372.6696216118889,1060.23997367125,-687.5703520593611,0,night,0,0.0,0,1,0,0,0,0,0,0,0,0,0,0,0,0,0,0,0,0,0,0,0,0,0,0,0,719.7584706931667,653.7379858252777,2829.186617279833,1060.23997367125,21,0.7071067811865474,-0.7071067811865477,0,0,1
B2,roll_01,persistence,2026-01-12 22:00:00+00:00,2026-01-12 23:00:00+00:00,0,1,2025-12-08T00:00:00+00:00,2026-01-12T00:00:00+00:00,2026-01-12T00:00:00+00:00,2026-01-19T00:00:00+00:00,368.2867205090556,372.6696216118889,-4.382901102833273,0,night,0,0.0,0,1,0,0,0,0,0,0,0,0,0,0,0,0,0,0,0,0,0,0,0,0,0,0,0,446.7607589221944,1060.23997367125,2652.970591418611,372.6696216118889,22,0.8660254037844384,-0.5000000000000004,0,0,1
B2,roll_01,persistence,2026-01-12 23:00:00+00:00,2026-01-13 00:00:00+00:00,0,1,2025-12-08T00:00:00+00:00,2026-01-12T00:00:00+00:00,2026-01-12T00:00:00+00:00,2026-01-19T00:00:00+00:00,366.1301339879167,368.2867205090556,-2.1565865211389337,0,night,0,0.0,0,1,0,0,0,0,0,0,0,0,0,0,0,0,0,0,0,0,0,0,0,0,0,0,0,377.8106354470833,372.6696216118889,2501.345489155889,368.2867205090556,23,0.965925826289068,-0.2588190451025215,0,0,1
B2,roll_01,persistence,2026-01-13 00:00:00+00:00,2026-01-13 01:00:00+00:00,0,1,2025-12-08T00:00:00+00:00,2026-01-12T00:00:00+00:00,2026-01-12T00:00:00+00:00,2026-01-19T00:00:00+00:00,374.135321881,366.1301339879167,8.005187893083303,0,night,0,0.0,0,1,0,1,1,0,3,0,0,0,1,0,1,0,1,0,0,0,1,0,0,0,0,0,1,392.73774841372216,368.2867205090556,2521.281662351861,366.1301339879167,0,1.0,0.0,0,0,1
B2,roll_01,persistence,2026-01-13 01:00:00+00:00,2026-01-13 02:00:00+00:00,0,1,2025-12-08T00:00:00+00:00,2026-01-12T00:00:00+00:00,2026-01-12T00:00:00+00:00,2026-01-19T00:00:00+00:00,383.9471823114166,374.135321881,9.81186043041663,0,night,0,0.0,0,1,0,1,1,0,3,0,0,0,1,0,1,0,1,0,0,0,1,0,0,0,0,0,1,392.9088330086667,366.1301339879167,2510.7629793080832,374.135321881,1,0.9659258262890684,0.2588190451025207,0,0,1
B2,roll_01,persistence,2026-01-13 02:00:00+00:00,2026-01-13 03:00:00+00:00,0,1,2025-12-08T00:00:00+00:00,2026-01-12T00:00:00+00:00,2026-01-12T00:00:00+00:00,2026-01-19T00:00:00+00:00,367.6768063598889,383.9471823114166,-16.27037595152774,0,night,0,0.0,0,1,0,1,1,0,3,0,0,0,1,0,1,0,1,0,0,0,1,0,0,0,0,0,1,385.8227960619445,374.135321881,2517.397726423444,383.9471823114166,2,0.8660254037844387,0.4999999999999999,0,0,1
B2,roll_01,persistence,2026-01-13 03:00:00+00:00,2026-01-13 04:00:00+00:00,0,1,2025-12-08T00:00:00+00:00,2026-01-12T00:00:00+00:00,2026-01-12T00:00:00+00:00,2026-01-19T00:00:00+00:00,977.1223704921111,367.6768063598889,609.4455641322222,0,night,0,0.0,0,1,0,0,0,0,0,0,0,0,0,0,0,0,0,0,0,0,0,0,0,0,0,0,1,392.4521254978611,383.9471823114166,2481.68678522575,367.6768063598889,3,0.7071067811865476,0.7071067811865476,0,0,1
B2,roll_01,persistence,2026-01-13 04:00:00+00:00,2026-01-13 05:00:00+00:00,0,1,2025-12-08T00:00:00+00:00,2026-01-12T00:00:00+00:00,2026-01-12T00:00:00+00:00,2026-01-19T00:00:00+00:00,2001.738657636584,977.1223704921111,1024.616287144473,0,night,0,0.0,0,1,0,0,0,0,0,0,0,0,0,0,0,0,0,0,0,0,0,0,0,0,0,0,1,1067.7196651701668,367.6768063598889,3016.15648477425,977.1223704921111,4,0.5000000000000001,0.8660254037844386,0,0,1
B2,roll_01,persistence,2026-01-13 05:00:00+00:00,2026-01-13 06:00:00+00:00,0,1,2025-12-08T00:00:00+00:00,2026-01-12T00:00:00+00:00,2026-01-12T00:00:00+00:00,2026-01-19T00:00:00+00:00,2099.6764230465,2001.738657636584,97.93776540991598,0,night,0,0.0,0,1,0,0,0,0,0,0,0,0,0,0,0,0,0,0,0,0,0,0,0,0,0,0,1,1903.881896566528,977.1223704921111,4262.747835938639,2001.738657636584,5,0.2588190451025207,0.9659258262890684,0,0,1
B2,roll_01,persistence,2026-01-13 06:00:00+00:00,2026-01-13 07:00:00+00:00,0,1,2025-12-08T00:00:00+00:00,2026-01-12T00:00:00+00:00,2026-01-12T00:00:00+00:00,2026-01-19T00:00:00+00:00,1798.5318447581387,2099.6764230465,-301.14457828836134,0,night,0,0.0,0,1,0,0,0,0,0,0,0,0,0,0,0,0,0,0,0,0,0,0,0,0,0,0,1,1884.089269866861,2001.738657636584,4361.908397110695,2099.6764230465,6,6.123233995736766e-17,1.0,0,0,1
B2,roll_01,persistence,2026-01-13 07:00:00+00:00,2026-01-13 08:00:00+00:00,0,1,2025-12-08T00:00:00+00:00,2026-01-12T00:00:00+00:00,2026-01-12T00:00:00+00:00,2026-01-19T00:00:00+00:00,1792.85737564,1798.5318447581387,-5.6744691181386315,1,night,0,0.0,0,2,0,0,0,0,0,0,0,0,0,0,0,0,0,0,0,0,0,0,0,0,0,0,1,2001.9943023529447,2099.6764230465,4563.315619382333,1798.5318447581387,7,-0.2588190451025206,0.9659258262890684,0,0,1
B2,roll_01,persistence,2026-01-13 08:00:00+00:00,2026-01-13 09:00:00+00:00,0,1,2025-12-08T00:00:00+00:00,2026-01-12T00:00:00+00:00,2026-01-12T00:00:00+00:00,2026-01-19T00:00:00+00:00,1704.9205994411388,1792.85737564,-87.93677619886125,1,low,0,0.0,0,2,0,0,0,0,0,0,0,0,0,0,0,0,0,0,0,0,0,0,0,0,0,0,1,2286.4682565411667,1798.5318447581387,3089.202245556361,1792.85737564,8,-0.4999999999999998,0.8660254037844387,0,0,1
B2,roll_01,persistence,2026-01-13 09:00:00+00:00,2026-01-13 10:00:00+00:00,0,1,2025-12-08T00:00:00+00:00,2026-01-12T00:00:00+00:00,2026-01-12T00:00:00+00:00,2026-01-19T00:00:00+00:00,1712.5081979704166,1704.9205994411388,7.587598529277784,1,low,0,0.0,0,2,0,0,0,0,0,0,0,0,0,0,0,0,0,0,0,0,0,0,0,0,0,0,1,1821.3285119935,1792.85737564,2796.8041315197224,1704.9205994411388,9,-0.7071067811865475,0.7071067811865476,0,0,1
B2,roll_01,persistence,2026-01-13 10:00:00+00:00,2026-01-13 11:00:00+00:00,0,1,2025-12-08T00:00:00+00:00,2026-01-12T00:00:00+00:00,2026-01-12T00:00:00+00:00,2026-01-19T00:00:00+00:00,1729.1863273721667,1712.5081979704166,16.678129401750084,1,low,0,0.0,0,2,0,0,0,0,0,0,0,0,0,0,0,0,0,0,0,0,0,0,0,0,0,0,1,1457.3535129481943,1704.9205994411388,746.3919299871112,1712.5081979704166,10,-0.8660254037844387,0.4999999999999999,0,0,1
B2,roll_01,persistence,2026-01-13 11:00:00+00:00,2026-01-13 12:00:00+00:00,0,1,2025-12-08T00:00:00+00:00,2026-01-12T00:00:00+00:00,2026-01-12T00:00:00+00:00,2026-01-19T00:00:00+00:00,1776.8351252307775,1729.1863273721667,47.648797858610806,1,low,0,0.0,0,2,0,0,0,0,0,0,0,0,0,0,0,0,0,0,0,0,0,0,0,0,0,0,1,1098.783385659861,1712.5081979704166,632.5966184736388,1729.1863273721667,11,-0.9659258262890682,0.258819045102521,0,0,1
B2,roll_01,persistence,2026-01-13 12:00:00+00:00,2026-01-13 13:00:00+00:00,0,1,2025-12-08T00:00:00+00:00,2026-01-12T00:00:00+00:00,2026-01-12T00:00:00+00:00,2026-01-19T00:00:00+00:00,1850.1251705731663,1776.8351252307775,73.2900453423888,1,low,0,0.0,0,2,0,0,0,0,0,0,0,0,0,0,0,0,0,0,0,0,0,0,0,0,0,0,1,894.0836341709445,1729.1863273721667,-422.1210146441389,1776.8351252307775,12,-1.0,1.2246467991473532e-16,0,0,1
B2,roll_01,persistence,2026-01-13 13:00:00+00:00,2026-01-13 14:00:00+00:00,0,1,2025-12-08T00:00:00+00:00,2026-01-12T00:00:00+00:00,2026-01-12T00:00:00+00:00,2026-01-19T00:00:00+00:00,2103.8606620909723,1850.1251705731663,253.73549151780594,1,low,0,0.0,0,2,0,0,0,0,0,0,0,0,0,0,0,0,0,0,0,0,0,0,0,0,0,0,1,329.2631219953055,1776.8351252307775,754.2202679822223,1850.1251705731663,13,-0.9659258262890684,-0.2588190451025208,0,0,1
B2,roll_01,persistence,2026-01-13 14:00:00+00:00,2026-01-13 15:00:00+00:00,0,1,2025-12-08T00:00:00+00:00,2026-01-12T00:00:00+00:00,2026-01-12T00:00:00+00:00,2026-01-19T00:00:00+00:00,1367.69234237475,2103.8606620909723,-736.1683197162222,1,low,0,0.0,0,2,0,0,0,0,0,0,0,0,0,0,0,0,0,0,0,0,0,0,0,0,0,0,1,967.2042220471388,1850.1251705731663,1500.3252466112224,2103.8606620909723,14,-0.8660254037844388,-0.4999999999999997,0,0,1
B2,roll_01,persistence,2026-01-13 15:00:00+00:00,2026-01-13 16:00:00+00:00,0,1,2025-12-08T00:00:00+00:00,2026-01-12T00:00:00+00:00,2026-01-12T00:00:00+00:00,2026-01-19T00:00:00+00:00,2518.591872478111,1367.69234237475,1150.8995301033608,1,night,0,0.0,0,2,0,0,0,0,0,0,0,0,0,0,0,0,0,0,0,0,0,0,0,0,0,0,1,2273.575334169805,2103.8606620909723,586.6202596731389,1367.69234237475,15,-0.7071067811865479,-0.7071067811865471,0,0,1
B2,roll_01,persistence,2026-01-13 16:00:00+00:00,2026-01-13 17:00:00+00:00,0,1,2025-12-08T00:00:00+00:00,2026-01-12T00:00:00+00:00,2026-01-12T00:00:00+00:00,2026-01-19T00:00:00+00:00,2818.4871972926667,2518.591872478111,299.8953248145558,0,night,0,0.0,0,2,0,0,0,0,0,0,0,0,0,0,0,0,0,0,0,0,0,0,0,0,0,0,1,1652.948210602611,1367.69234237475,1670.774375533639,2518.591872478111,16,-0.5000000000000004,-0.8660254037844385,0,0,1
B2,roll_01,persistence,2026-01-13 17:00:00+00:00,2026-01-13 18:00:00+00:00,0,1,2025-12-08T00:00:00+00:00,2026-01-12T00:00:00+00:00,2026-01-12T00:00:00+00:00,2026-01-19T00:00:00+00:00,1383.2154217488053,2818.4871972926667,-1435.2717755438614,0,night,0,0.0,0,2,0,0,0,0,0,0,0,0,0,0,0,0,0,0,0,0,0,0,0,0,0,0,1,2089.0237929649165,2518.591872478111,893.0618960396945,2818.4871972926667,17,-0.2588190451025206,-0.9659258262890684,0,0,1
B2,roll_01,persistence,2026-01-13 18:00:00+00:00,2026-01-13 19:00:00+00:00,0,1,2025-12-08T00:00:00+00:00,2026-01-12T00:00:00+00:00,2026-01-12T00:00:00+00:00,2026-01-19T00:00:00+00:00,962.6741752021112,1383.2154217488053,-420.5412465466941,0,night,0,0.0,0,2,0,0,0,0,0,0,0,0,0,0,0,0,0,0,0,0,0,0,0,0,0,0,1,2541.390361368472,2818.4871972926667,2274.0885418814723,1383.2154217488053,18,-1.8369701987210292e-16,-1.0,0,0,1
B2,roll_01,persistence,2026-01-13 19:00:00+00:00,2026-01-13 20:00:00+00:00,0,1,2025-12-08T00:00:00+00:00,2026-01-12T00:00:00+00:00,2026-01-12T00:00:00+00:00,2026-01-19T00:00:00+00:00,2371.2932299861945,962.6741752021112,1408.6190547840833,0,night,0,0.0,0,2,0,0,0,0,0,0,0,0,0,0,0,0,0,0,0,0,0,0,0,0,0,0,1,1259.8555531175557,1383.2154217488053,1365.6644136303612,962.6741752021112,19,0.2588190451025203,-0.9659258262890684,0,0,1
B2,roll_01,persistence,2026-01-13 20:00:00+00:00,2026-01-13 21:00:00+00:00,0,1,2025-12-08T00:00:00+00:00,2026-01-12T00:00:00+00:00,2026-01-12T00:00:00+00:00,2026-01-19T00:00:00+00:00,813.2224330626667,2371.2932299861945,-1558.0707969235277,0,night,0,0.0,0,2,0,0,0,0,0,0,0,0,0,0,0,0,0,0,0,0,0,0,0,0,0,0,1,856.5431156826388,962.6741752021112,653.7379858252777,2371.2932299861945,20,0.5000000000000001,-0.8660254037844386,0,0,1
B2,roll_01,persistence,2026-01-13 21:00:00+00:00,2026-01-13 22:00:00+00:00,0,1,2025-12-08T00:00:00+00:00,2026-01-12T00:00:00+00:00,2026-01-12T00:00:00+00:00,2026-01-19T00:00:00+00:00,1323.4556494799722,813.2224330626667,510.23321641730547,0,night,0,0.0,0,1,0,0,0,0,0,0,0,0,0,0,0,0,0,0,0,0,0,0,0,0,0,0,1,575.4723228509444,2371.2932299861945,1060.23997367125,813.2224330626667,21,0.7071067811865474,-0.7071067811865477,0,0,1
B2,roll_01,persistence,2026-01-13 22:00:00+00:00,2026-01-13 23:00:00+00:00,0,1,2025-12-08T00:00:00+00:00,2026-01-12T00:00:00+00:00,2026-01-12T00:00:00+00:00,2026-01-19T00:00:00+00:00,690.983777113111,1323.4556494799722,-632.4718723668611,0,night,0,0.0,0,1,0,0,0,0,0,0,0,0,0,0,0,0,0,0,0,0,0,0,0,0,0,0,1,379.3353790977222,813.2224330626667,372.6696216118889,1323.4556494799722,22,0.8660254037844384,-0.5000000000000004,0,0,1
B2,roll_01,persistence,2026-01-13 23:00:00+00:00,2026-01-14 00:00:00+00:00,0,1,2025-12-08T00:00:00+00:00,2026-01-12T00:00:00+00:00,2026-01-12T00:00:00+00:00,2026-01-19T00:00:00+00:00,373.91198171711113,690.983777113111,-317.0717953959999,0,night,0,0.0,0,1,0,0,0,0,0,0,0,0,0,0,0,0,0,0,0,0,0,0,0,0,0,0,1,372.6325051877778,1323.4556494799722,368.2867205090556,690.983777113111,23,0.965925826289068,-0.2588190451025215,0,0,1
B2,roll_01,persistence,2026-01-14 00:00:00+00:00,2026-01-14 01:00:00+00:00,0,1,2025-12-08T00:00:00+00:00,2026-01-12T00:00:00+00:00,2026-01-12T00:00:00+00:00,2026-01-19T00:00:00+00:00,370.08383153427775,373.91198171711113,-3.828150182833383,0,night,0,0.0,0,1,0,0,0,0,0,0,0,0,0,0,0,0,0,0,0,0,0,0,0,0,0,0,2,389.1375681515556,690.983777113111,366.1301339879167,373.91198171711113,0,1.0,0.0,0,0,1
B2,roll_01,persistence,2026-01-14 01:00:00+00:00,2026-01-14 02:00:00+00:00,0,1,2025-12-08T00:00:00+00:00,2026-01-12T00:00:00+00:00,2026-01-12T00:00:00+00:00,2026-01-19T00:00:00+00:00,363.9680898908056,370.08383153427775,-6.115741643472177,0,night,0,0.0,0,1,0,0,0,0,0,0,0,0,0,0,0,0,0,0,0,0,0,0,0,0,0,0,2,401.5769106128611,373.91198171711113,374.135321881,370.08383153427775,1,0.9659258262890684,0.2588190451025207,0,0,1
B2,roll_01,persistence,2026-01-14 02:00:00+00:00,2026-01-14 03:00:00+00:00,0,1,2025-12-08T00:00:00+00:00,2026-01-12T00:00:00+00:00,2026-01-12T00:00:00+00:00,2026-01-19T00:00:00+00:00,367.8678755790834,363.9680898908056,3.8997856882778024,0,night,0,0.0,0,1,0,0,0,0,0,0,0,0,0,0,0,0,0,0,0,0,0,0,0,0,0,0,2,377.4491772511944,370.08383153427775,383.9471823114166,363.9680898908056,2,0.8660254037844387,0.4999999999999999,0,0,1
B2,roll_01,persistence,2026-01-14 03:00:00+00:00,2026-01-14 04:00:00+00:00,0,1,2025-12-08T00:00:00+00:00,2026-01-12T00:00:00+00:00,2026-01-12T00:00:00+00:00,2026-01-19T00:00:00+00:00,1021.3973762487502,367.8678755790834,653.5295006696668,0,night,0,0.0,0,1,0,0,0,0,0,0,0,0,0,0,0,0,0,0,0,0,0,0,0,0,0,0,2,390.0319296185555,363.9680898908056,367.6768063598889,367.8678755790834,3,0.7071067811865476,0.7071067811865476,0,0,1
B2,roll_01,persistence,2026-01-14 04:00:00+00:00,2026-01-14 05:00:00+00:00,0,1,2025-12-08T00:00:00+00:00,2026-01-12T00:00:00+00:00,2026-01-12T00:00:00+00:00,2026-01-19T00:00:00+00:00,2059.780215135472,1021.3973762487502,1038.3828388867219,0,night,0,0.0,0,1,0,0,0,0,0,0,0,0,0,0,0,0,0,0,0,0,0,0,0,0,0,0,2,995.877723643,367.8678755790834,977.1223704921111,1021.3973762487502,4,0.5000000000000001,0.8660254037844386,0,0,1
B2,roll_01,persistence,2026-01-14 05:00:00+00:00,2026-01-14 06:00:00+00:00,0,1,2025-12-08T00:00:00+00:00,2026-01-12T00:00:00+00:00,2026-01-12T00:00:00+00:00,2026-01-19T00:00:00+00:00,1951.7951114496389,2059.780215135472,-107.98510368583334,0,night,0,0.0,0,1,0,0,0,0,0,0,0,0,0,0,0,0,0,0,0,0,0,0,0,0,0,0,2,2048.148801472083,1021.3973762487502,2001.738657636584,2059.780215135472,5,0.2588190451025207,0.9659258262890684,0,0,1
B2,roll_01,persistence,2026-01-14 06:00:00+00:00,2026-01-14 07:00:00+00:00,0,1,2025-12-08T00:00:00+00:00,2026-01-12T00:00:00+00:00,2026-01-12T00:00:00+00:00,2026-01-19T00:00:00+00:00,1687.1433126186946,1951.7951114496389,-264.65179883094424,0,night,0,0.0,0,1,0,0,0,0,0,0,0,0,0,0,0,0,0,0,0,0,0,0,0,0,0,0,2,2144.072206509945,2059.780215135472,2099.6764230465,1951.7951114496389,6,6.123233995736766e-17,1.0,0,0,1
B2,roll_01,persistence,2026-01-14 07:00:00+00:00,2026-01-14 08:00:00+00:00,0,1,2025-12-08T00:00:00+00:00,2026-01-12T00:00:00+00:00,2026-01-12T00:00:00+00:00,2026-01-19T00:00:00+00:00,1700.1424731680556,1687.1433126186946,12.999160549361022,1,night,0,0.0,0,1,0,0,0,0,0,0,0,0,0,0,0,0,0,0,0,0,0,0,0,0,0,0,2,1962.395727615584,1951.7951114496389,1798.5318447581387,1687.1433126186946,7,-0.2588190451025206,0.9659258262890684,0,0,1
B2,roll_01,persistence,2026-01-14 08:00:00+00:00,2026-01-14 09:00:00+00:00,0,1,2025-12-08T00:00:00+00:00,2026-01-12T00:00:00+00:00,2026-01-12T00:00:00+00:00,2026-01-19T00:00:00+00:00,1616.381493539,1700.1424731680556,-83.76097962905556,1,night,0,0.0,0,1,0,0,0,0,0,0,0,0,0,0,0,0,0,0,0,0,0,0,0,0,0,0,2,1449.9337721436666,1687.1433126186946,1792.85737564,1700.1424731680556,8,-0.4999999999999998,0.8660254037844387,0,0,1
B2,roll_01,persistence,2026-01-14 09:00:00+00:00,2026-01-14 10:00:00+00:00,0,1,2025-12-08T00:00:00+00:00,2026-01-12T00:00:00+00:00,2026-01-12T00:00:00+00:00,2026-01-19T00:00:00+00:00,1771.2370990303614,1616.381493539,154.8556054913613,1,low,0,0.0,0,2,0,0,0,0,0,0,0,0,0,0,0,0,0,0,0,0,0,0,0,0,0,0,2,1045.4205219210555,1700.1424731680556,1704.9205994411388,1616.381493539,9,-0.7071067811865475,0.7071067811865476,0,0,1
B2,roll_01,persistence,2026-01-14 10:00:00+00:00,2026-01-14 11:00:00+00:00,0,1,2025-12-08T00:00:00+00:00,2026-01-12T00:00:00+00:00,2026-01-12T00:00:00+00:00,2026-01-19T00:00:00+00:00,1698.523145841389,1771.2370990303614,-72.71395318897248,1,low,0,0.0,0,2,0,0,0,0,0,0,0,0,0,0,0,0,0,0,0,0,0,0,0,0,0,0,2,760.5154770373333,1616.381493539,1712.5081979704166,1771.2370990303614,10,-0.8660254037844387,0.4999999999999999,0,0,1
B2,roll_01,persistence,2026-01-14 11:00:00+00:00,2026-01-14 12:00:00+00:00,0,1,2025-12-08T00:00:00+00:00,2026-01-12T00:00:00+00:00,2026-01-12T00:00:00+00:00,2026-01-19T00:00:00+00:00,986.6906551339166,1698.523145841389,-711.8324907074723,1,low,0,0.0,0,2,0,0,0,0,0,0,0,0,0,0,0,0,0,0,0,0,0,0,0,0,0,0,2,546.3529176781944,1771.2370990303614,1729.1863273721667,1698.523145841389,11,-0.9659258262890682,0.258819045102521,0,0,1
B2,roll_01,persistence,2026-01-14 12:00:00+00:00,2026-01-14 13:00:00+00:00,0,1,2025-12-08T00:00:00+00:00,2026-01-12T00:00:00+00:00,2026-01-12T00:00:00+00:00,2026-01-19T00:00:00+00:00,1215.6235662438055,986.6906551339166,228.9329111098889,1,low,0,0.0,0,2,0,0,0,0,0,0,0,0,0,0,0,0,0,0,0,0,0,0,0,0,0,0,2,756.1850252865555,1698.523145841389,1776.8351252307775,986.6906551339166,12,-1.0,1.2246467991473532e-16,0,0,1
B2,roll_01,persistence,2026-01-14 13:00:00+00:00,2026-01-14 14:00:00+00:00,0,1,2025-12-08T00:00:00+00:00,2026-01-12T00:00:00+00:00,2026-01-12T00:00:00+00:00,2026-01-19T00:00:00+00:00,1567.194707997861,1215.6235662438055,351.5711417540556,1,low,0,0.0,0,2,0,0,0,0,0,0,0,0,0,0,0,0,0,0,0,0,0,0,0,0,0,0,2,1302.286245294389,986.6906551339166,1850.1251705731663,1215.6235662438055,13,-0.9659258262890684,-0.2588190451025208,0,0,1
B2,roll_01,persistence,2026-01-14 14:00:00+00:00,2026-01-14 15:00:00+00:00,0,1,2025-12-08T00:00:00+00:00,2026-01-12T00:00:00+00:00,2026-01-12T00:00:00+00:00,2026-01-19T00:00:00+00:00,1578.744458172111,1567.194707997861,11.549750174249994,1,night,0,0.0,0,2,0,0,0,0,0,0,0,0,0,0,0,0,0,0,0,0,0,0,0,0,0,0,2,1726.787963903611,1215.6235662438055,2103.8606620909723,1567.194707997861,14,-0.8660254037844388,-0.4999999999999997,0,0,1
B2,roll_01,persistence,2026-01-14 15:00:00+00:00,2026-01-14 16:00:00+00:00,0,1,2025-12-08T00:00:00+00:00,2026-01-12T00:00:00+00:00,2026-01-12T00:00:00+00:00,2026-01-19T00:00:00+00:00,1624.9310390754445,1578.744458172111,46.18658090333338,1,night,0,0.0,0,2,0,0,0,0,0,0,0,0,0,0,0,0,0,0,0,0,0,0,0,0,0,0,2,2477.2962560777223,1567.194707997861,1367.69234237475,1578.744458172111,15,-0.7071067811865479,-0.7071067811865471,0,0,1
B2,roll_01,persistence,2026-01-14 16:00:00+00:00,2026-01-14 17:00:00+00:00,0,1,2025-12-08T00:00:00+00:00,2026-01-12T00:00:00+00:00,2026-01-12T00:00:00+00:00,2026-01-19T00:00:00+00:00,1793.6743844524724,1624.9310390754445,168.74334537702794,0,night,0,0.0,0,2,0,0,0,0,0,0,0,0,0,0,0,0,0,0,0,0,0,0,0,0,0,0,2,2736.9958837058616,1578.744458172111,2518.591872478111,1624.9310390754445,16,-0.5000000000000004,-0.8660254037844385,0,0,1
B2,roll_01,persistence,2026-01-14 17:00:00+00:00,2026-01-14 18:00:00+00:00,0,1,2025-12-08T00:00:00+00:00,2026-01-12T00:00:00+00:00,2026-01-12T00:00:00+00:00,2026-01-19T00:00:00+00:00,1048.612189175861,1793.6743844524724,-745.0621952766114,0,night,0,0.0,0,2,0,0,0,0,0,0,0,0,0,0,0,0,0,0,0,0,0,0,0,0,0,0,2,2262.745013387778,1624.9310390754445,2818.4871972926667,1793.6743844524724,17,-0.2588190451025206,-0.9659258262890684,0,0,1
B2,roll_01,persistence,2026-01-14 18:00:00+00:00,2026-01-14 19:00:00+00:00,0,1,2025-12-08T00:00:00+00:00,2026-01-12T00:00:00+00:00,2026-01-12T00:00:00+00:00,2026-01-19T00:00:00+00:00,1797.1453520931666,1048.612189175861,748.5331629173056,0,night,0,0.0,0,2,0,0,0,0,0,0,0,0,0,0,0,0,0,0,0,0,0,0,0,0,0,0,2,1568.7467902066112,1793.6743844524724,1383.2154217488053,1048.612189175861,18,-1.8369701987210292e-16,-1.0,0,0,1
B2,roll_01,persistence,2026-01-14 19:00:00+00:00,2026-01-14 20:00:00+00:00,0,1,2025-12-08T00:00:00+00:00,2026-01-12T00:00:00+00:00,2026-01-12T00:00:00+00:00,2026-01-19T00:00:00+00:00,741.7054459836112,1797.1453520931666,-1055.4399061095555,0,night,0,0.0,0,2,0,0,0,0,0,0,0,0,0,0,0,0,0,0,0,0,0,0,0,0,0,0,2,2191.9078966617776,1048.612189175861,962.6741752021112,1797.1453520931666,19,0.2588190451025203,-0.9659258262890684,0,0,1
B2,roll_01,persistence,2026-01-14 20:00:00+00:00,2026-01-14 21:00:00+00:00,0,1,2025-12-08T00:00:00+00:00,2026-01-12T00:00:00+00:00,2026-01-12T00:00:00+00:00,2026-01-19T00:00:00+00:00,554.3527368332501,741.7054459836112,-187.35270915036108,0,night,0,0.0,0,2,0,0,0,0,0,0,0,0,0,0,0,0,0,0,0,0,0,0,0,0,0,0,2,974.76946242625,1797.1453520931666,2371.2932299861945,741.7054459836112,20,0.5000000000000001,-0.8660254037844386,0,0,1
B2,roll_01,persistence,2026-01-14 21:00:00+00:00,2026-01-14 22:00:00+00:00,0,1,2025-12-08T00:00:00+00:00,2026-01-12T00:00:00+00:00,2026-01-12T00:00:00+00:00,2026-01-19T00:00:00+00:00,374.6190320515,554.3527368332501,-179.73370478175008,0,night,0,0.0,0,2,0,0,0,0,0,0,0,0,0,0,0,0,0,0,0,0,0,0,0,0,0,0,2,588.3848682054444,741.7054459836112,813.2224330626667,554.3527368332501,21,0.7071067811865474,-0.7071067811865477,0,0,1
B2,roll_01,persistence,2026-01-14 22:00:00+00:00,2026-01-14 23:00:00+00:00,0,1,2025-12-08T00:00:00+00:00,2026-01-12T00:00:00+00:00,2026-01-12T00:00:00+00:00,2026-01-19T00:00:00+00:00,391.3148025667222,374.6190320515,16.695770515222193,0,night,0,0.0,0,2,0,1,1,0,2,0,0,1,0,0,1,0,1,0,0,0,1,0,0,0,0,0,2,377.2789850275833,554.3527368332501,1323.4556494799722,374.6190320515,22,0.8660254037844384,-0.5000000000000004,0,0,1
B2,roll_01,persistence,2026-01-14 23:00:00+00:00,2026-01-15 00:00:00+00:00,0,1,2025-12-08T00:00:00+00:00,2026-01-12T00:00:00+00:00,2026-01-12T00:00:00+00:00,2026-01-19T00:00:00+00:00,367.0031919465834,391.3148025667222,-24.311610620138822,0,night,0,0.0,0,2,0,1,1,0,2,0,0,1,0,0,1,0,1,0,0,0,1,0,0,0,0,0,2,379.2127282198055,374.6190320515,690.983777113111,391.3148025667222,23,0.965925826289068,-0.2588190451025215,0,0,1
B2,roll_01,persistence,2026-01-15 00:00:00+00:00,2026-01-15 01:00:00+00:00,0,1,2025-12-08T00:00:00+00:00,2026-01-12T00:00:00+00:00,2026-01-12T00:00:00+00:00,2026-01-19T00:00:00+00:00,371.0505770755,367.0031919465834,4.047385128916574,0,night,0,0.0,0,2,0,0,0,0,0,0,0,0,0,0,0,0,0,0,0,0,0,0,0,0,0,0,3,398.8101495591666,391.3148025667222,373.91198171711113,367.0031919465834,0,1.0,0.0,0,0,1
B2,roll_01,persistence,2026-01-15 01:00:00+00:00,2026-01-15 02:00:00+00:00,0,1,2025-12-08T00:00:00+00:00,2026-01-12T00:00:00+00:00,2026-01-12T00:00:00+00:00,2026-01-19T00:00:00+00:00,364.3398802528056,371.0505770755,-6.710696822694388,0,night,0,0.0,0,2,0,0,0,0,0,0,0,0,0,0,0,0,0,0,0,0,0,0,0,0,0,0,3,401.6086582135,367.0031919465834,370.08383153427775,371.0505770755,1,0.9659258262890684,0.2588190451025207,0,0,1
B2,roll_01,persistence,2026-01-15 02:00:00+00:00,2026-01-15 03:00:00+00:00,0,1,2025-12-08T00:00:00+00:00,2026-01-12T00:00:00+00:00,2026-01-12T00:00:00+00:00,2026-01-19T00:00:00+00:00,373.5574161077223,364.3398802528056,9.217535854916719,0,night,0,0.0,0,2,0,0,0,0,0,0,0,0,0,0,0,0,0,0,0,0,0,0,0,0,0,0,3,395.4177442066111,371.0505770755,363.9680898908056,364.3398802528056,2,0.8660254037844387,0.4999999999999999,0,0,1
B2,roll_01,persistence,2026-01-15 03:00:00+00:00,2026-01-15 04:00:00+00:00,0,1,2025-12-08T00:00:00+00:00,2026-01-12T00:00:00+00:00,2026-01-12T00:00:00+00:00,2026-01-19T00:00:00+00:00,1052.1522978683056,373.5574161077223,678.5948817605833,0,night,0,0.0,0,2,0,0,0,0,0,0,0,0,0,0,0,0,0,0,0,0,0,0,0,0,0,0,3,489.5676838576112,364.3398802528056,367.8678755790834,373.5574161077223,3,0.7071067811865476,0.7071067811865476,0,0,1
B2,roll_01,persistence,2026-01-15 04:00:00+00:00,2026-01-15 05:00:00+00:00,0,1,2025-12-08T00:00:00+00:00,2026-01-12T00:00:00+00:00,2026-01-12T00:00:00+00:00,2026-01-19T00:00:00+00:00,2039.245831840444,1052.1522978683056,987.0935339721384,0,night,0,0.0,0,2,0,0,0,0,0,0,0,0,0,0,0,0,0,0,0,0,0,0,0,0,0,0,3,1013.4860831681112,373.5574161077223,1021.3973762487502,1052.1522978683056,4,0.5000000000000001,0.8660254037844386,0,0,1
B2,roll_01,persistence,2026-01-15 05:00:00+00:00,2026-01-15 06:00:00+00:00,0,1,2025-12-08T00:00:00+00:00,2026-01-12T00:00:00+00:00,2026-01-12T00:00:00+00:00,2026-01-19T00:00:00+00:00,2008.2256900938053,2039.245831840444,-31.02014174663873,0,night,0,0.0,0,2,0,0,0,0,0,0,0,0,0,0,0,0,0,0,0,0,0,0,0,0,0,0,3,2046.8079468206668,1052.1522978683056,2059.780215135472,2039.245831840444,5,0.2588190451025207,0.9659258262890684,0,0,1
B2,roll_01,persistence,2026-01-15 06:00:00+00:00,2026-01-15 07:00:00+00:00,0,1,2025-12-08T00:00:00+00:00,2026-01-12T00:00:00+00:00,2026-01-12T00:00:00+00:00,2026-01-19T00:00:00+00:00,1864.800559224361,2008.2256900938053,-143.42513086944427,0,night,0,0.0,0,2,0,0,0,0,0,0,0,0,0,0,0,0,0,0,0,0,0,0,0,0,0,0,3,2002.5342499304168,2039.245831840444,1951.7951114496389,2008.2256900938053,6,6.123233995736766e-17,1.0,0,0,1
B2,roll_01,persistence,2026-01-15 07:00:00+00:00,2026-01-15 08:00:00+00:00,0,1,2025-12-08T00:00:00+00:00,2026-01-12T00:00:00+00:00,2026-01-12T00:00:00+00:00,2026-01-19T00:00:00+00:00,1891.1646381102776,1864.800559224361,26.36407888591657,1,night,0,0.0,0,2,0,0,0,0,0,0,0,0,0,0,0,0,0,0,0,0,0,0,0,0,0,0,3,1850.8068317207776,2008.2256900938053,1687.1433126186946,1864.800559224361,7,-0.2588190451025206,0.9659258262890684,0,0,1
B2,roll_01,persistence,2026-01-15 08:00:00+00:00,2026-01-15 09:00:00+00:00,0,1,2025-12-08T00:00:00+00:00,2026-01-12T00:00:00+00:00,2026-01-12T00:00:00+00:00,2026-01-19T00:00:00+00:00,1853.015352479528,1891.1646381102776,-38.149285630749546,1,night,0,0.0,0,2,0,0,0,0,0,0,0,0,0,0,0,0,0,0,0,0,0,0,0,0,0,0,3,1538.5037201446942,1864.800559224361,1700.1424731680556,1891.1646381102776,8,-0.4999999999999998,0.8660254037844387,0,0,1
B2,roll_01,persistence,2026-01-15 09:00:00+00:00,2026-01-15 10:00:00+00:00,0,1,2025-12-08T00:00:00+00:00,2026-01-12T00:00:00+00:00,2026-01-12T00:00:00+00:00,2026-01-19T00:00:00+00:00,1753.4225527633614,1853.015352479528,-99.59279971616661,1,low,0,0.0,0,2,0,0,0,0,0,0,0,0,0,0,0,0,0,0,0,0,0,0,0,0,0,0,3,1246.2386662023334,1891.1646381102776,1616.381493539,1853.015352479528,9,-0.7071067811865475,0.7071067811865476,0,0,1
B2,roll_01,persistence,2026-01-15 10:00:00+00:00,2026-01-15 11:00:00+00:00,0,1,2025-12-08T00:00:00+00:00,2026-01-12T00:00:00+00:00,2026-01-12T00:00:00+00:00,2026-01-19T00:00:00+00:00,1683.7846975026666,1753.4225527633614,-69.63785526069478,1,low,0,0.0,0,2,0,0,0,0,0,0,0,0,0,0,0,0,0,0,0,0,0,0,0,0,0,0,3,1154.3803733119444,1853.015352479528,1771.2370990303614,1753.4225527633614,10,-0.8660254037844387,0.4999999999999999,0,0,1
B2,roll_01,persistence,2026-01-15 11:00:00+00:00,2026-01-15 12:00:00+00:00,0,1,2025-12-08T00:00:00+00:00,2026-01-12T00:00:00+00:00,2026-01-12T00:00:00+00:00,2026-01-19T00:00:00+00:00,662.9256880891389,1683.7846975026666,-1020.8590094135277,1,low,0,0.0,0,2,0,0,0,0,0,0,0,0,0,0,0,0,0,0,0,0,0,0,0,0,0,0,3,1112.5980900928612,1753.4225527633614,1698.523145841389,1683.7846975026666,11,-0.9659258262890682,0.258819045102521,0,0,1
B2,roll_01,persistence,2026-01-15 12:00:00+00:00,2026-01-15 13:00:00+00:00,0,1,2025-12-08T00:00:00+00:00,2026-01-12T00:00:00+00:00,2026-01-12T00:00:00+00:00,2026-01-19T00:00:00+00:00,1670.502586263833,662.9256880891389,1007.5768981746942,1,low,0,0.0,0,2,0,0,0,0,0,0,0,0,0,0,0,0,0,0,0,0,0,0,0,0,0,0,3,697.50058879075,1683.7846975026666,986.6906551339166,662.9256880891389,12,-1.0,1.2246467991473532e-16,0,0,1
B2,roll_01,persistence,2026-01-15 13:00:00+00:00,2026-01-15 14:00:00+00:00,0,1,2025-12-08T00:00:00+00:00,2026-01-12T00:00:00+00:00,2026-01-12T00:00:00+00:00,2026-01-19T00:00:00+00:00,1481.236402503917,1670.502586263833,-189.2661837599162,1,low,0,0.0,0,2,0,0,0,0,0,0,0,0,0,0,0,0,0,0,0,0,0,0,0,0,0,0,3,1350.37595587875,662.9256880891389,1215.6235662438055,1670.502586263833,13,-0.9659258262890684,-0.2588190451025208,0,0,1
B2,roll_01,persistence,2026-01-15 14:00:00+00:00,2026-01-15 15:00:00+00:00,0,1,2025-12-08T00:00:00+00:00,2026-01-12T00:00:00+00:00,2026-01-12T00:00:00+00:00,2026-01-19T00:00:00+00:00,885.3972389852223,1481.236402503917,-595.8391635186946,1,low,0,0.0,0,2,0,0,0,0,0,0,0,0,0,0,0,0,0,0,0,0,0,0,0,0,0,0,3,1705.890929453528,1670.502586263833,1567.194707997861,1481.236402503917,14,-0.8660254037844388,-0.4999999999999997,0,0,1
B2,roll_01,persistence,2026-01-15 15:00:00+00:00,2026-01-15 16:00:00+00:00,0,1,2025-12-08T00:00:00+00:00,2026-01-12T00:00:00+00:00,2026-01-12T00:00:00+00:00,2026-01-19T00:00:00+00:00,1797.5373261431112,885.3972389852223,912.1400871578888,1,night,0,0.0,0,2,0,0,0,0,0,0,0,0,0,0,0,0,0,0,0,0,0,0,0,0,0,0,3,2587.529739670056,1481.236402503917,1578.744458172111,885.3972389852223,15,-0.7071067811865479,-0.7071067811865471,0,0,1
B2,roll_01,persistence,2026-01-15 16:00:00+00:00,2026-01-15 17:00:00+00:00,0,1,2025-12-08T00:00:00+00:00,2026-01-12T00:00:00+00:00,2026-01-12T00:00:00+00:00,2026-01-19T00:00:00+00:00,1346.1776368881667,1797.5373261431112,-451.35968925494444,0,night,0,0.0,0,2,0,0,0,0,0,0,0,0,0,0,0,0,0,0,0,0,0,0,0,0,0,0,3,2568.744366554028,885.3972389852223,1624.9310390754445,1797.5373261431112,16,-0.5000000000000004,-0.8660254037844385,0,0,1
B2,roll_01,persistence,2026-01-15 17:00:00+00:00,2026-01-15 18:00:00+00:00,0,1,2025-12-08T00:00:00+00:00,2026-01-12T00:00:00+00:00,2026-01-12T00:00:00+00:00,2026-01-19T00:00:00+00:00,2386.9593965361114,1346.1776368881667,1040.7817596479447,0,night,0,0.0,0,2,0,0,0,0,0,0,0,0,0,0,0,0,0,0,0,0,0,0,0,0,0,0,3,2405.933929940611,1797.5373261431112,1793.6743844524724,1346.1776368881667,17,-0.2588190451025206,-0.9659258262890684,0,0,1
B2,roll_01,persistence,2026-01-15 18:00:00+00:00,2026-01-15 19:00:00+00:00,0,1,2025-12-08T00:00:00+00:00,2026-01-12T00:00:00+00:00,2026-01-12T00:00:00+00:00,2026-01-19T00:00:00+00:00,1666.5948316020276,2386.9593965361114,-720.3645649340838,0,night,0,0.0,0,2,0,0,0,0,0,0,0,0,0,0,0,0,0,0,0,0,0,0,0,0,0,0,3,2399.449532727612,1346.1776368881667,1048.612189175861,2386.9593965361114,18,-1.8369701987210292e-16,-1.0,0,0,1
B2,roll_01,persistence,2026-01-15 19:00:00+00:00,2026-01-15 20:00:00+00:00,0,1,2025-12-08T00:00:00+00:00,2026-01-12T00:00:00+00:00,2026-01-12T00:00:00+00:00,2026-01-19T00:00:00+00:00,1076.4033323202225,1666.5948316020276,-590.1914992818051,0,night,0,0.0,0,2,0,0,0,0,0,0,0,0,0,0,0,0,0,0,0,0,0,0,0,0,0,0,3,1431.48542243675,2386.9593965361114,1797.1453520931666,1666.5948316020276,19,0.2588190451025203,-0.9659258262890684,0,0,1
B2,roll_01,persistence,2026-01-15 20:00:00+00:00,2026-01-15 21:00:00+00:00,0,1,2025-12-08T00:00:00+00:00,2026-01-12T00:00:00+00:00,2026-01-12T00:00:00+00:00,2026-01-19T00:00:00+00:00,1005.1173250451112,1076.4033323202225,-71.28600727511127,0,night,0,0.0,0,2,0,0,0,0,0,0,0,0,0,0,0,0,0,0,0,0,0,0,0,0,0,0,3,898.016377999889,1666.5948316020276,741.7054459836112,1076.4033323202225,20,0.5000000000000001,-0.8660254037844386,0,0,1
B2,roll_01,persistence,2026-01-15 21:00:00+00:00,2026-01-15 22:00:00+00:00,0,1,2025-12-08T00:00:00+00:00,2026-01-12T00:00:00+00:00,2026-01-12T00:00:00+00:00,2026-01-19T00:00:00+00:00,480.00597344519446,1005.1173250451112,-525.1113515999168,0,night,0,0.0,0,2,0,0,0,0,0,0,0,0,0,0,0,0,0,0,0,0,0,0,0,0,0,0,3,690.6828434769444,1076.4033323202225,554.3527368332501,1005.1173250451112,21,0.7071067811865474,-0.7071067811865477,0,0,1
B2,roll_01,persistence,2026-01-15 22:00:00+00:00,2026-01-15 23:00:00+00:00,0,1,2025-12-08T00:00:00+00:00,2026-01-12T00:00:00+00:00,2026-01-12T00:00:00+00:00,2026-01-19T00:00:00+00:00,479.6300936403031,480.00597344519446,-0.3758798048913832,0,night,0,0.0,0,2,0,0,0,0,0,0,0,0,0,0,0,0,0,0,0,0,0,0,0,0,0,0,3,409.9078194608056,1005.1173250451112,374.6190320515,480.00597344519446,22,0.8660254037844384,-0.5000000000000004,0,0,1
B2,roll_01,persistence,2026-01-15 23:00:00+00:00,2026-01-16 00:00:00+00:00,0,1,2025-12-08T00:00:00+00:00,2026-01-12T00:00:00+00:00,2026-01-12T00:00:00+00:00,2026-01-19T00:00:00+00:00,436.11526816900937,479.6300936403031,-43.514825471293705,0,night,0,0.0,0,2,0,0,0,0,0,0,0,0,0,0,0,0,0,0,0,0,0,0,0,0,0,0,3,371.1837877735,480.00597344519446,391.3148025667222,479.6300936403031,23,0.965925826289068,-0.2588190451025215,0,0,1
B2,roll_01,persistence,2026-01-16 00:00:00+00:00,2026-01-16 01:00:00+00:00,0,1,2025-12-08T00:00:00+00:00,2026-01-12T00:00:00+00:00,2026-01-12T00:00:00+00:00,2026-01-19T00:00:00+00:00,363.3156685093611,436.11526816900937,-72.79959965964827,0,night,0,0.0,0,2,0,1,1,0,4,0,0,0,1,0,1,0,1,0,0,0,1,0,0,0,0,0,4,370.2046938166389,479.6300936403031,367.0031919465834,436.11526816900937,0,1.0,0.0,0,0,1
B2,roll_01,persistence,2026-01-16 01:00:00+00:00,2026-01-16 02:00:00+00:00,0,1,2025-12-08T00:00:00+00:00,2026-01-12T00:00:00+00:00,2026-01-12T00:00:00+00:00,2026-01-19T00:00:00+00:00,402.5595977328056,363.3156685093611,39.243929223444525,0,night,0,0.0,0,2,0,1,1,0,4,0,0,0,1,0,1,0,1,0,0,0,1,0,0,0,0,0,4,387.13958684741664,436.11526816900937,371.0505770755,363.3156685093611,1,0.9659258262890684,0.2588190451025207,0,0,1
B2,roll_01,persistence,2026-01-16 02:00:00+00:00,2026-01-16 03:00:00+00:00,0,1,2025-12-08T00:00:00+00:00,2026-01-12T00:00:00+00:00,2026-01-12T00:00:00+00:00,2026-01-19T00:00:00+00:00,399.17939954838886,402.5595977328056,-3.38019818441677,0,night,0,0.0,0,2,0,1,1,0,4,0,0,0,1,0,1,0,1,0,0,0,1,0,0,0,0,0,4,396.8507443261112,363.3156685093611,364.3398802528056,402.5595977328056,2,0.8660254037844387,0.4999999999999999,0,0,1
B2,roll_01,persistence,2026-01-16 03:00:00+00:00,2026-01-16 04:00:00+00:00,0,1,2025-12-08T00:00:00+00:00,2026-01-12T00:00:00+00:00,2026-01-12T00:00:00+00:00,2026-01-19T00:00:00+00:00,1076.4506056084722,399.17939954838886,677.2712060600834,0,night,0,0.0,0,2,0,1,1,0,4,0,0,0,1,0,1,0,1,0,0,0,1,0,0,0,0,0,4,370.8476521360556,402.5595977328056,373.5574161077223,399.17939954838886,3,0.7071067811865476,0.7071067811865476,0,0,1
B2,roll_01,persistence,2026-01-16 04:00:00+00:00,2026-01-16 05:00:00+00:00,0,1,2025-12-08T00:00:00+00:00,2026-01-12T00:00:00+00:00,2026-01-12T00:00:00+00:00,2026-01-19T00:00:00+00:00,2002.717169422556,1076.4506056084722,926.2665638140838,0,night,0,0.0,0,2,0,0,0,0,0,0,0,0,0,0,0,0,0,0,0,0,0,0,0,0,0,0,4,1030.9182591538056,399.17939954838886,1052.1522978683056,1076.4506056084722,4,0.5000000000000001,0.8660254037844386,0,0,1
B2,roll_01,persistence,2026-01-16 05:00:00+00:00,2026-01-16 06:00:00+00:00,0,1,2025-12-08T00:00:00+00:00,2026-01-12T00:00:00+00:00,2026-01-12T00:00:00+00:00,2026-01-19T00:00:00+00:00,2477.7992105114445,2002.717169422556,475.08204108888845,0,night,0,0.0,0,2,0,0,0,0,0,0,0,0,0,0,0,0,0,0,0,0,0,0,0,0,0,0,4,2047.0297009597773,1076.4506056084722,2039.245831840444,2002.717169422556,5,0.2588190451025207,0.9659258262890684,0,0,1
B2,roll_01,persistence,2026-01-16 06:00:00+00:00,2026-01-16 07:00:00+00:00,0,1,2025-12-08T00:00:00+00:00,2026-01-12T00:00:00+00:00,2026-01-12T00:00:00+00:00,2026-01-19T00:00:00+00:00,2372.8508934692777,2477.7992105114445,-104.94831704216676,0,night,0,0.0,0,2,0,0,0,0,0,0,0,0,0,0,0,0,0,0,0,0,0,0,0,0,0,0,4,2558.245225021167,2002.717169422556,2008.2256900938053,2477.7992105114445,6,6.123233995736766e-17,1.0,0,0,1
B2,roll_01,persistence,2026-01-16 07:00:00+00:00,2026-01-16 08:00:00+00:00,0,1,2025-12-08T00:00:00+00:00,2026-01-12T00:00:00+00:00,2026-01-12T00:00:00+00:00,2026-01-19T00:00:00+00:00,1713.0605896702225,2372.8508934692777,-659.7903037990552,1,night,0,0.0,0,2,0,0,0,0,0,0,0,0,0,0,0,0,0,0,0,0,0,0,0,0,0,0,4,1917.6388459600832,2477.7992105114445,1864.800559224361,2372.8508934692777,7,-0.2588190451025206,0.9659258262890684,0,0,1
B2,roll_01,persistence,2026-01-16 08:00:00+00:00,2026-01-16 09:00:00+00:00,0,1,2025-12-08T00:00:00+00:00,2026-01-12T00:00:00+00:00,2026-01-12T00:00:00+00:00,2026-01-19T00:00:00+00:00,1442.9932598915832,1713.0605896702225,-270.0673297786393,1,low,0,0.0,0,2,0,0,0,0,0,0,0,0,0,0,0,0,0,0,0,0,0,0,0,0,0,0,4,2537.646863457084,2372.8508934692777,1891.1646381102776,1713.0605896702225,8,-0.4999999999999998,0.8660254037844387,0,0,1
B2,roll_01,persistence,2026-01-16 09:00:00+00:00,2026-01-16 10:00:00+00:00,0,1,2025-12-08T00:00:00+00:00,2026-01-12T00:00:00+00:00,2026-01-12T00:00:00+00:00,2026-01-19T00:00:00+00:00,1623.9131629396943,1442.9932598915832,180.9199030481111,1,low,0,0.0,0,2,0,0,0,0,0,0,0,0,0,0,0,0,0,0,0,0,0,0,0,0,0,0,4,1822.7418795589167,1713.0605896702225,1853.015352479528,1442.9932598915832,9,-0.7071067811865475,0.7071067811865476,0,0,1
B2,roll_01,persistence,2026-01-16 10:00:00+00:00,2026-01-16 11:00:00+00:00,0,1,2025-12-08T00:00:00+00:00,2026-01-12T00:00:00+00:00,2026-01-12T00:00:00+00:00,2026-01-19T00:00:00+00:00,490.20504058097225,1623.9131629396943,-1133.708122358722,1,low,0,0.0,0,2,0,0,0,0,0,0,0,0,0,0,0,0,0,0,0,0,0,0,0,0,0,0,4,1791.9841544997778,1442.9932598915832,1753.4225527633614,1623.9131629396943,10,-0.8660254037844387,0.4999999999999999,0,0,1
B2,roll_01,persistence,2026-01-16 11:00:00+00:00,2026-01-16 12:00:00+00:00,0,1,2025-12-08T00:00:00+00:00,2026-01-12T00:00:00+00:00,2026-01-12T00:00:00+00:00,2026-01-19T00:00:00+00:00,1595.4900083538612,490.20504058097225,1105.2849677728889,1,low,0,0.0,0,2,0,0,0,0,0,0,0,0,0,0,0,0,0,0,0,0,0,0,0,0,0,0,4,1919.5265633675,1623.9131629396943,1683.7846975026666,490.20504058097225,11,-0.9659258262890682,0.258819045102521,0,0,1
B2,roll_01,persistence,2026-01-16 12:00:00+00:00,2026-01-16 13:00:00+00:00,0,1,2025-12-08T00:00:00+00:00,2026-01-12T00:00:00+00:00,2026-01-12T00:00:00+00:00,2026-01-19T00:00:00+00:00,701.5758242305001,1595.4900083538612,-893.9141841233611,1,low,0,0.0,0,2,0,0,0,0,0,0,0,0,0,0,0,0,0,0,0,0,0,0,0,0,0,0,4,2047.703922921584,490.20504058097225,662.9256880891389,1595.4900083538612,12,-1.0,1.2246467991473532e-16,0,0,1
B2,roll_01,persistence,2026-01-16 13:00:00+00:00,2026-01-16 14:00:00+00:00,0,1,2025-12-08T00:00:00+00:00,2026-01-12T00:00:00+00:00,2026-01-12T00:00:00+00:00,2026-01-19T00:00:00+00:00,1952.1323181944445,701.5758242305001,1250.5564939639444,1,low,0,0.0,0,2,0,0,0,0,0,0,0,0,0,0,0,0,0,0,0,0,0,0,0,0,0,0,4,2327.2743383188613,1595.4900083538612,1670.502586263833,701.5758242305001,13,-0.9659258262890684,-0.2588190451025208,0,0,1
B2,roll_01,persistence,2026-01-16 14:00:00+00:00,2026-01-16 15:00:00+00:00,0,1,2025-12-08T00:00:00+00:00,2026-01-12T00:00:00+00:00,2026-01-12T00:00:00+00:00,2026-01-19T00:00:00+00:00,573.8755752583612,1952.1323181944445,-1378.2567429360834,1,low,0,0.0,0,2,0,0,0,0,0,0,0,0,0,0,0,0,0,0,0,0,0,0,0,0,0,0,4,2475.2395324104723,701.5758242305001,1481.236402503917,1952.1323181944445,14,-0.8660254037844388,-0.4999999999999997,0,0,1
B2,roll_01,persistence,2026-01-16 15:00:00+00:00,2026-01-16 16:00:00+00:00,0,1,2025-12-08T00:00:00+00:00,2026-01-12T00:00:00+00:00,2026-01-12T00:00:00+00:00,2026-01-19T00:00:00+00:00,1748.7442167502777,573.8755752583612,1174.8686414919166,1,night,0,0.0,0,2,0,0,0,0,0,0,0,0,0,0,0,0,0,0,0,0,0,0,0,0,0,0,4,2099.886327037028,1952.1323181944445,885.3972389852223,573.8755752583612,15,-0.7071067811865479,-0.7071067811865471,0,0,1
B2,roll_01,persistence,2026-01-16 16:00:00+00:00,2026-01-16 17:00:00+00:00,0,1,2025-12-08T00:00:00+00:00,2026-01-12T00:00:00+00:00,2026-01-12T00:00:00+00:00,2026-01-19T00:00:00+00:00,1779.3662909536945,1748.7442167502777,30.622074203416787,0,night,0,0.0,0,2,0,0,0,0,0,0,0,0,0,0,0,0,0,0,0,0,0,0,0,0,0,0,4,2043.670283908889,573.8755752583612,1797.5373261431112,1748.7442167502777,16,-0.5000000000000004,-0.8660254037844385,0,0,1
B2,roll_01,persistence,2026-01-16 17:00:00+00:00,2026-01-16 18:00:00+00:00,0,1,2025-12-08T00:00:00+00:00,2026-01-12T00:00:00+00:00,2026-01-12T00:00:00+00:00,2026-01-19T00:00:00+00:00,1926.1523590546667,1779.3662909536945,146.78606810097222,0,night,0,0.0,0,2,0,0,0,0,0,0,0,0,0,0,0,0,0,0,0,0,0,0,0,0,0,0,4,2019.3687657176667,1748.7442167502777,1346.1776368881667,1779.3662909536945,17,-0.2588190451025206,-0.9659258262890684,0,0,1
B2,roll_01,persistence,2026-01-16 18:00:00+00:00,2026-01-16 19:00:00+00:00,0,1,2025-12-08T00:00:00+00:00,2026-01-12T00:00:00+00:00,2026-01-12T00:00:00+00:00,2026-01-19T00:00:00+00:00,3573.4096695315,1926.1523590546667,1647.2573104768335,0,night,0,0.0,0,2,0,0,0,0,0,0,0,0,0,0,0,0,0,0,0,0,0,0,0,0,0,0,4,1954.244045320861,1779.3662909536945,2386.9593965361114,1926.1523590546667,18,-1.8369701987210292e-16,-1.0,0,0,1
B2,roll_01,persistence,2026-01-16 19:00:00+00:00,2026-01-16 20:00:00+00:00,0,1,2025-12-08T00:00:00+00:00,2026-01-12T00:00:00+00:00,2026-01-12T00:00:00+00:00,2026-01-19T00:00:00+00:00,2754.500442691028,3573.4096695315,-818.909226840472,0,night,0,0.0,0,2,0,0,0,0,0,0,0,0,0,0,0,0,0,0,0,0,0,0,0,0,0,0,4,2342.330235312528,1926.1523590546667,1666.5948316020276,3573.4096695315,19,0.2588190451025203,-0.9659258262890684,0,0,1
B2,roll_01,persistence,2026-01-16 20:00:00+00:00,2026-01-16 21:00:00+00:00,0,1,2025-12-08T00:00:00+00:00,2026-01-12T00:00:00+00:00,2026-01-12T00:00:00+00:00,2026-01-19T00:00:00+00:00,2483.442940576528,2754.500442691028,-271.05750211450004,0,night,0,0.0,0,2,0,0,0,0,0,0,0,0,0,0,0,0,0,0,0,0,0,0,0,0,0,0,4,1013.7995625885,3573.4096695315,1076.4033323202225,2754.500442691028,20,0.5000000000000001,-0.8660254037844386,0,0,1
B2,roll_01,persistence,2026-01-16 21:00:00+00:00,2026-01-16 22:00:00+00:00,0,1,2025-12-08T00:00:00+00:00,2026-01-12T00:00:00+00:00,2026-01-12T00:00:00+00:00,2026-01-19T00:00:00+00:00,2471.681181403111,2483.442940576528,-11.761759173416976,0,night,0,0.0,0,2,0,0,0,0,0,0,0,0,0,0,0,0,0,0,0,0,0,0,0,0,0,0,4,725.7640030931667,2754.500442691028,1005.1173250451112,2483.442940576528,21,0.7071067811865474,-0.7071067811865477,0,0,1
B2,roll_01,persistence,2026-01-16 22:00:00+00:00,2026-01-16 23:00:00+00:00,0,1,2025-12-08T00:00:00+00:00,2026-01-12T00:00:00+00:00,2026-01-12T00:00:00+00:00,2026-01-19T00:00:00+00:00,2428.759211638084,2471.681181403111,-42.92196976502737,0,night,0,0.0,0,2,0,0,0,0,0,0,0,0,0,0,0,0,0,0,0,0,0,0,0,0,0,0,4,457.7714818046389,2483.442940576528,480.00597344519446,2471.681181403111,22,0.8660254037844384,-0.5000000000000004,0,0,1
B2,roll_01,persistence,2026-01-16 23:00:00+00:00,2026-01-17 00:00:00+00:00,0,1,2025-12-08T00:00:00+00:00,2026-01-12T00:00:00+00:00,2026-01-12T00:00:00+00:00,2026-01-19T00:00:00+00:00,2422.2099434294164,2428.759211638084,-6.5492682086673994,0,night,0,0.0,0,2,0,0,0,0,0,0,0,0,0,0,0,0,0,0,0,0,0,0,0,0,0,0,4,442.25945804897225,2471.681181403111,479.6300936403031,2428.759211638084,23,0.965925826289068,-0.2588190451025215,0,0,1
B2,roll_01,persistence,2026-01-17 00:00:00+00:00,2026-01-17 01:00:00+00:00,0,1,2025-12-08T00:00:00+00:00,2026-01-12T00:00:00+00:00,2026-01-12T00:00:00+00:00,2026-01-19T00:00:00+00:00,2419.0737715843334,2422.2099434294164,-3.1361718450830267,0,night,0,0.0,0,2,0,0,0,0,0,0,0,0,0,0,0,0,0,0,0,0,0,0,0,0,0,0,5,451.9524179743889,2428.759211638084,436.11526816900937,2422.2099434294164,0,1.0,0.0,0,1,1
B2,roll_01,persistence,2026-01-17 01:00:00+00:00,2026-01-17 02:00:00+00:00,0,1,2025-12-08T00:00:00+00:00,2026-01-12T00:00:00+00:00,2026-01-12T00:00:00+00:00,2026-01-19T00:00:00+00:00,2397.090425719361,2419.0737715843334,-21.983345864972307,0,night,0,0.0,0,2,0,0,0,0,0,0,0,0,0,0,0,0,0,0,0,0,0,0,0,0,0,0,5,391.0213954262777,2422.2099434294164,363.3156685093611,2419.0737715843334,1,0.9659258262890684,0.2588190451025207,0,1,1
B2,roll_01,persistence,2026-01-17 02:00:00+00:00,2026-01-17 03:00:00+00:00,0,1,2025-12-08T00:00:00+00:00,2026-01-12T00:00:00+00:00,2026-01-12T00:00:00+00:00,2026-01-19T00:00:00+00:00,2408.5668939863613,2397.090425719361,11.4764682670002,0,night,0,0.0,0,2,0,0,0,0,0,0,0,0,0,0,0,0,0,0,0,0,0,0,0,0,0,0,5,396.8184454624445,2419.0737715843334,402.5595977328056,2397.090425719361,2,0.8660254037844387,0.4999999999999999,0,1,1
B2,roll_01,persistence,2026-01-17 03:00:00+00:00,2026-01-17 04:00:00+00:00,0,1,2025-12-08T00:00:00+00:00,2026-01-12T00:00:00+00:00,2026-01-12T00:00:00+00:00,2026-01-19T00:00:00+00:00,2987.1550890425,2408.5668939863613,578.5881950561388,0,night,0,0.0,0,2,0,0,0,0,0,0,0,0,0,0,0,0,0,0,0,0,0,0,0,0,0,0,5,392.470940987861,2397.090425719361,399.17939954838886,2408.5668939863613,3,0.7071067811865476,0.7071067811865476,0,1,1
B2,roll_01,persistence,2026-01-17 04:00:00+00:00,2026-01-17 05:00:00+00:00,0,1,2025-12-08T00:00:00+00:00,2026-01-12T00:00:00+00:00,2026-01-12T00:00:00+00:00,2026-01-19T00:00:00+00:00,3319.657065773777,2987.1550890425,332.50197673127695,0,night,0,0.0,0,2,0,0,0,0,0,0,0,0,0,0,0,0,0,0,0,0,0,0,0,0,0,0,5,873.0134955361945,2408.5668939863613,1076.4506056084722,2987.1550890425,4,0.5000000000000001,0.8660254037844386,0,1,1
B2,roll_01,persistence,2026-01-17 05:00:00+00:00,2026-01-17 06:00:00+00:00,0,1,2025-12-08T00:00:00+00:00,2026-01-12T00:00:00+00:00,2026-01-12T00:00:00+00:00,2026-01-19T00:00:00+00:00,2391.335260368139,3319.657065773777,-928.3218054056379,0,night,0,0.0,0,2,0,0,0,0,0,0,0,0,0,0,0,0,0,0,0,0,0,0,0,0,0,0,5,1704.9182572990833,2987.1550890425,2002.717169422556,3319.657065773777,5,0.2588190451025207,0.9659258262890684,0,1,1
B2,roll_01,persistence,2026-01-17 06:00:00+00:00,2026-01-17 07:00:00+00:00,0,1,2025-12-08T00:00:00+00:00,2026-01-12T00:00:00+00:00,2026-01-12T00:00:00+00:00,2026-01-19T00:00:00+00:00,2341.329542084556,2391.335260368139,-50.005718283583064,0,night,0,0.0,0,2,0,0,0,0,0,0,0,0,0,0,0,0,0,0,0,0,0,0,0,0,0,0,5,1945.5007948983048,3319.657065773777,2477.7992105114445,2391.335260368139,6,6.123233995736766e-17,1.0,0,1,1
B2,roll_01,persistence,2026-01-17 07:00:00+00:00,2026-01-17 08:00:00+00:00,0,1,2025-12-08T00:00:00+00:00,2026-01-12T00:00:00+00:00,2026-01-12T00:00:00+00:00,2026-01-19T00:00:00+00:00,2591.676535681584,2341.329542084556,250.3469935970279,1,night,0,0.0,0,2,0,0,0,0,0,0,0,0,0,0,0,0,0,0,0,0,0,0,0,0,0,0,5,1939.5566896918056,2391.335260368139,2372.8508934692777,2341.329542084556,7,-0.2588190451025206,0.9659258262890684,0,1,1
B2,roll_01,persistence,2026-01-17 08:00:00+00:00,2026-01-17 09:00:00+00:00,0,1,2025-12-08T00:00:00+00:00,2026-01-12T00:00:00+00:00,2026-01-12T00:00:00+00:00,2026-01-19T00:00:00+00:00,876.2151453261389,2591.676535681584,-1715.461390355445,1,low,0,0.0,0,2,0,0,0,0,0,0,0,0,0,0,0,0,0,0,0,0,0,0,0,0,0,0,5,2127.9194307847497,2341.329542084556,1713.0605896702225,2591.676535681584,8,-0.4999999999999998,0.8660254037844387,0,1,1
B2,roll_01,persistence,2026-01-17 09:00:00+00:00,2026-01-17 10:00:00+00:00,0,1,2025-12-08T00:00:00+00:00,2026-01-12T00:00:00+00:00,2026-01-12T00:00:00+00:00,2026-01-19T00:00:00+00:00,1362.1403257086388,876.2151453261389,485.9251803824999,1,low,0,0.0,0,2,0,0,0,0,0,0,0,0,0,0,0,0,0,0,0,0,0,0,0,0,0,0,5,2000.1470279075832,2591.676535681584,1442.9932598915832,876.2151453261389,9,-0.7071067811865475,0.7071067811865476,0,1,1
B2,roll_01,persistence,2026-01-17 10:00:00+00:00,2026-01-17 11:00:00+00:00,0,1,2025-12-08T00:00:00+00:00,2026-01-12T00:00:00+00:00,2026-01-12T00:00:00+00:00,2026-01-19T00:00:00+00:00,851.023270576111,1362.1403257086388,-511.11705513252775,1,low,0,0.0,0,2,0,0,0,0,0,0,0,0,0,0,0,0,0,0,0,0,0,0,0,0,0,0,5,1770.5304107042775,876.2151453261389,1623.9131629396943,1362.1403257086388,10,-0.8660254037844387,0.4999999999999999,0,1,1
B2,roll_01,persistence,2026-01-17 11:00:00+00:00,2026-01-17 12:00:00+00:00,0,1,2025-12-08T00:00:00+00:00,2026-01-12T00:00:00+00:00,2026-01-12T00:00:00+00:00,2026-01-19T00:00:00+00:00,375.1866214471667,851.023270576111,-475.8366491289443,1,low,0,0.0,0,2,0,0,0,0,0,0,0,0,0,0,0,0,0,0,0,0,0,0,0,0,0,0,5,2099.097986216222,1362.1403257086388,490.20504058097225,851.023270576111,11,-0.9659258262890682,0.258819045102521,0,1,1
B2,roll_01,persistence,2026-01-17 12:00:00+00:00,2026-01-17 13:00:00+00:00,0,1,2025-12-08T00:00:00+00:00,2026-01-12T00:00:00+00:00,2026-01-12T00:00:00+00:00,2026-01-19T00:00:00+00:00,1125.2122855051666,375.1866214471667,750.0256640579998,1,low,0,0.0,0,3,0,0,0,0,0,0,0,0,0,0,0,0,0,0,0,0,0,0,0,0,0,0,5,2066.14777083575,851.023270576111,1595.4900083538612,375.1866214471667,12,-1.0,1.2246467991473532e-16,0,1,1
B2,roll_01,persistence,2026-01-17 13:00:00+00:00,2026-01-17 14:00:00+00:00,0,1,2025-12-08T00:00:00+00:00,2026-01-12T00:00:00+00:00,2026-01-12T00:00:00+00:00,2026-01-19T00:00:00+00:00,553.7227735364166,1125.2122855051666,-571.48951196875,1,low,0,0.0,0,3,0,0,0,0,0,0,0,0,0,0,0,0,0,0,0,0,0,0,0,0,0,0,5,1718.2276665944446,375.1866214471667,701.5758242305001,1125.2122855051666,13,-0.9659258262890684,-0.2588190451025208,0,1,1
B2,roll_01,persistence,2026-01-17 14:00:00+00:00,2026-01-17 15:00:00+00:00,0,1,2025-12-08T00:00:00+00:00,2026-01-12T00:00:00+00:00,2026-01-12T00:00:00+00:00,2026-01-19T00:00:00+00:00,893.3163181295832,553.7227735364166,339.5935445931666,1,low,0,0.0,0,3,0,0,0,0,0,0,0,0,0,0,0,0,0,0,0,0,0,0,0,0,0,0,5,2298.0285432916944,1125.2122855051666,1952.1323181944445,553.7227735364166,14,-0.8660254037844388,-0.4999999999999997,0,1,1
B2,roll_01,persistence,2026-01-17 15:00:00+00:00,2026-01-17 16:00:00+00:00,0,1,2025-12-08T00:00:00+00:00,2026-01-12T00:00:00+00:00,2026-01-12T00:00:00+00:00,2026-01-19T00:00:00+00:00,1082.6851535658332,893.3163181295832,189.36883543624992,1,night,0,0.0,0,3,0,0,0,0,0,0,0,0,0,0,0,0,0,0,0,0,0,0,0,0,0,0,5,2539.5653047919445,553.7227735364166,573.8755752583612,893.3163181295832,15,-0.7071067811865479,-0.7071067811865471,0,1,1
B2,roll_01,persistence,2026-01-17 16:00:00+00:00,2026-01-17 17:00:00+00:00,0,1,2025-12-08T00:00:00+00:00,2026-01-12T00:00:00+00:00,2026-01-12T00:00:00+00:00,2026-01-19T00:00:00+00:00,1215.7402370096668,1082.6851535658332,133.0550834438336,0,night,0,0.0,0,2,0,0,0,0,0,0,0,0,0,0,0,0,0,0,0,0,0,0,0,0,0,0,5,1708.9707138076667,893.3163181295832,1748.7442167502777,1082.6851535658332,16,-0.5000000000000004,-0.8660254037844385,0,1,1
B2,roll_01,persistence,2026-01-17 17:00:00+00:00,2026-01-17 18:00:00+00:00,0,1,2025-12-08T00:00:00+00:00,2026-01-12T00:00:00+00:00,2026-01-12T00:00:00+00:00,2026-01-19T00:00:00+00:00,1466.154889960333,1215.7402370096668,250.41465295066632,0,night,0,0.0,0,2,0,0,0,0,0,0,0,0,0,0,0,0,0,0,0,0,0,0,0,0,0,0,5,3623.9131346842223,1082.6851535658332,1779.3662909536945,1215.7402370096668,17,-0.2588190451025206,-0.9659258262890684,0,1,1
B2,roll_01,persistence,2026-01-17 18:00:00+00:00,2026-01-17 19:00:00+00:00,0,1,2025-12-08T00:00:00+00:00,2026-01-12T00:00:00+00:00,2026-01-12T00:00:00+00:00,2026-01-19T00:00:00+00:00,1078.6994199493888,1466.154889960333,-387.4554700109443,0,night,0,0.0,0,2,0,0,0,0,0,0,0,0,0,0,0,0,0,0,0,0,0,0,0,0,0,0,5,1101.2175339098333,1215.7402370096668,1926.1523590546667,1466.154889960333,18,-1.8369701987210292e-16,-1.0,0,1,1
B2,roll_01,persistence,2026-01-17 19:00:00+00:00,2026-01-17 20:00:00+00:00,0,1,2025-12-08T00:00:00+00:00,2026-01-12T00:00:00+00:00,2026-01-12T00:00:00+00:00,2026-01-19T00:00:00+00:00,1284.7492482649168,1078.6994199493888,206.04982831552798,0,night,0,0.0,0,2,0,0,0,0,0,0,0,0,0,0,0,0,0,0,0,0,0,0,0,0,0,0,5,1849.9723726721668,1466.154889960333,3573.4096695315,1078.6994199493888,19,0.2588190451025203,-0.9659258262890684,0,1,1
B2,roll_01,persistence,2026-01-17 20:00:00+00:00,2026-01-17 21:00:00+00:00,0,1,2025-12-08T00:00:00+00:00,2026-01-12T00:00:00+00:00,2026-01-12T00:00:00+00:00,2026-01-19T00:00:00+00:00,851.6801286406111,1284.7492482649168,-433.0691196243057,0,night,0,0.0,0,2,0,0,0,0,0,0,0,0,0,0,0,0,0,0,0,0,0,0,0,0,0,0,5,1455.1370739963888,1078.6994199493888,2754.500442691028,1284.7492482649168,20,0.5000000000000001,-0.8660254037844386,0,1,1
B2,roll_01,persistence,2026-01-17 21:00:00+00:00,2026-01-17 22:00:00+00:00,0,1,2025-12-08T00:00:00+00:00,2026-01-12T00:00:00+00:00,2026-01-12T00:00:00+00:00,2026-01-19T00:00:00+00:00,661.5588102037779,851.6801286406111,-190.12131843683323,0,night,0,0.0,0,2,0,0,0,0,0,0,0,0,0,0,0,0,0,0,0,0,0,0,0,0,0,0,5,775.8096372270278,1284.7492482649168,2483.442940576528,851.6801286406111,21,0.7071067811865474,-0.7071067811865477,0,1,1
B2,roll_01,persistence,2026-01-17 22:00:00+00:00,2026-01-17 23:00:00+00:00,0,1,2025-12-08T00:00:00+00:00,2026-01-12T00:00:00+00:00,2026-01-12T00:00:00+00:00,2026-01-19T00:00:00+00:00,356.0791067192222,661.5588102037779,-305.47970348455567,0,night,0,0.0,0,2,0,0,0,0,0,0,0,0,0,0,0,0,0,0,0,0,0,0,0,0,0,0,5,609.0600654670277,851.6801286406111,2471.681181403111,661.5588102037779,22,0.8660254037844384,-0.5000000000000004,0,1,1
B2,roll_01,persistence,2026-01-17 23:00:00+00:00,2026-01-18 00:00:00+00:00,0,1,2025-12-08T00:00:00+00:00,2026-01-12T00:00:00+00:00,2026-01-12T00:00:00+00:00,2026-01-19T00:00:00+00:00,409.1542958934167,356.0791067192222,53.07518917419452,0,night,0,0.0,0,2,0,1,1,0,2,0,0,1,0,0,1,0,1,0,0,0,1,0,0,0,0,0,5,410.7482779138611,661.5588102037779,2428.759211638084,356.0791067192222,23,0.965925826289068,-0.2588190451025215,0,1,1
B2,roll_01,persistence,2026-01-18 00:00:00+00:00,2026-01-18 01:00:00+00:00,0,1,2025-12-08T00:00:00+00:00,2026-01-12T00:00:00+00:00,2026-01-12T00:00:00+00:00,2026-01-19T00:00:00+00:00,386.80348134525,409.1542958934167,-22.35081454816668,0,night,0,0.0,0,2,0,1,1,0,2,0,0,1,0,0,1,0,1,0,0,0,1,0,0,0,0,0,6,405.205528771,356.0791067192222,2422.2099434294164,409.1542958934167,0,1.0,0.0,0,1,1
B2,roll_01,persistence,2026-01-18 01:00:00+00:00,2026-01-18 02:00:00+00:00,0,1,2025-12-08T00:00:00+00:00,2026-01-12T00:00:00+00:00,2026-01-12T00:00:00+00:00,2026-01-19T00:00:00+00:00,363.9506782922222,386.80348134525,-22.8528030530278,0,night,0,0.0,0,2,0,0,0,0,0,0,0,0,0,0,0,0,0,0,0,0,0,0,0,0,0,0,6,475.14375079194434,409.1542958934167,2419.0737715843334,386.80348134525,1,0.9659258262890684,0.2588190451025207,0,1,1
B2,roll_01,persistence,2026-01-18 02:00:00+00:00,2026-01-18 03:00:00+00:00,0,1,2025-12-08T00:00:00+00:00,2026-01-12T00:00:00+00:00,2026-01-12T00:00:00+00:00,2026-01-19T00:00:00+00:00,366.92154284288887,363.9506782922222,2.970864550666647,0,night,0,0.0,0,2,0,0,0,0,0,0,0,0,0,0,0,0,0,0,0,0,0,0,0,0,0,0,6,401.84106967408337,386.80348134525,2397.090425719361,363.9506782922222,2,0.8660254037844387,0.4999999999999999,0,1,1
B2,roll_01,persistence,2026-01-18 03:00:00+00:00,2026-01-18 04:00:00+00:00,0,1,2025-12-08T00:00:00+00:00,2026-01-12T00:00:00+00:00,2026-01-12T00:00:00+00:00,2026-01-19T00:00:00+00:00,919.6470143296112,366.92154284288887,552.7254714867224,0,night,0,0.0,0,2,0,0,0,0,0,0,0,0,0,0,0,0,0,0,0,0,0,0,0,0,0,0,6,367.7446838216111,363.9506782922222,2408.5668939863613,366.92154284288887,3,0.7071067811865476,0.7071067811865476,0,1,1
B2,roll_01,persistence,2026-01-18 04:00:00+00:00,2026-01-18 05:00:00+00:00,0,1,2025-12-08T00:00:00+00:00,2026-01-12T00:00:00+00:00,2026-01-12T00:00:00+00:00,2026-01-19T00:00:00+00:00,1696.4327096815832,919.6470143296112,776.785695351972,0,night,0,0.0,0,2,0,0,0,0,0,0,0,0,0,0,0,0,0,0,0,0,0,0,0,0,0,0,6,963.4637856096666,366.92154284288887,2987.1550890425,919.6470143296112,4,0.5000000000000001,0.8660254037844386,0,1,1
B2,roll_01,persistence,2026-01-18 05:00:00+00:00,2026-01-18 06:00:00+00:00,0,1,2025-12-08T00:00:00+00:00,2026-01-12T00:00:00+00:00,2026-01-12T00:00:00+00:00,2026-01-19T00:00:00+00:00,1787.8514459331388,1696.4327096815832,91.41873625155563,0,night,0,0.0,0,2,0,0,0,0,0,0,0,0,0,0,0,0,0,0,0,0,0,0,0,0,0,0,6,1813.34006411675,919.6470143296112,3319.657065773777,1696.4327096815832,5,0.2588190451025207,0.9659258262890684,0,1,1
B2,roll_01,persistence,2026-01-18 06:00:00+00:00,2026-01-18 07:00:00+00:00,0,1,2025-12-08T00:00:00+00:00,2026-01-12T00:00:00+00:00,2026-01-12T00:00:00+00:00,2026-01-19T00:00:00+00:00,2221.478881947944,1787.8514459331388,433.6274360148052,0,night,0,0.0,0,2,0,0,0,0,0,0,0,0,0,0,0,0,0,0,0,0,0,0,0,0,0,0,6,1868.444830851611,1696.4327096815832,2391.335260368139,1787.8514459331388,6,6.123233995736766e-17,1.0,0,1,1
B2,roll_01,persistence,2026-01-18 07:00:00+00:00,2026-01-18 08:00:00+00:00,0,1,2025-12-08T00:00:00+00:00,2026-01-12T00:00:00+00:00,2026-01-12T00:00:00+00:00,2026-01-19T00:00:00+00:00,1747.753539249222,2221.478881947944,-473.725342698722,1,night,0,0.0,0,2,0,0,0,0,0,0,0,0,0,0,0,0,0,0,0,0,0,0,0,0,0,0,6,1998.770939867861,1787.8514459331388,2341.329542084556,2221.478881947944,7,-0.2588190451025206,0.9659258262890684,0,1,1
B2,roll_01,persistence,2026-01-18 08:00:00+00:00,2026-01-18 09:00:00+00:00,0,1,2025-12-08T00:00:00+00:00,2026-01-12T00:00:00+00:00,2026-01-12T00:00:00+00:00,2026-01-19T00:00:00+00:00,1199.014191615,1747.753539249222,-548.739347634222,1,low,0,0.0,0,2,0,0,0,0,0,0,0,0,0,0,0,0,0,0,0,0,0,0,0,0,0,0,6,1620.6764299421666,2221.478881947944,2591.676535681584,1747.753539249222,8,-0.4999999999999998,0.8660254037844387,0,1,1
B2,roll_01,persistence,2026-01-18 09:00:00+00:00,2026-01-18 10:00:00+00:00,0,1,2025-12-08T00:00:00+00:00,2026-01-12T00:00:00+00:00,2026-01-12T00:00:00+00:00,2026-01-19T00:00:00+00:00,2696.399735123361,1199.014191615,1497.385543508361,1,low,0,0.0,0,2,0,0,0,0,0,0,0,0,0,0,0,0,0,0,0,0,0,0,0,0,0,0,6,1464.1872420950556,1747.753539249222,876.2151453261389,1199.014191615,9,-0.7071067811865475,0.7071067811865476,0,1,1
B2,roll_01,persistence,2026-01-18 10:00:00+00:00,2026-01-18 11:00:00+00:00,0,1,2025-12-08T00:00:00+00:00,2026-01-12T00:00:00+00:00,2026-01-12T00:00:00+00:00,2026-01-19T00:00:00+00:00,908.328997025861,2696.399735123361,-1788.0707380975,1,low,0,0.0,0,2,0,0,0,0,0,0,0,0,0,0,0,0,0,0,0,0,0,0,0,0,0,0,6,474.102661966639,1199.014191615,1362.1403257086388,2696.399735123361,10,-0.8660254037844387,0.4999999999999999,0,1,1
B2,roll_01,persistence,2026-01-18 11:00:00+00:00,2026-01-18 12:00:00+00:00,0,1,2025-12-08T00:00:00+00:00,2026-01-12T00:00:00+00:00,2026-01-12T00:00:00+00:00,2026-01-19T00:00:00+00:00,1081.863576312389,908.328997025861,173.5345792865279,1,low,0,0.0,0,2,0,0,0,0,0,0,0,0,0,0,0,0,0,0,0,0,0,0,0,0,0,0,6,924.8024321908888,2696.399735123361,851.023270576111,908.328997025861,11,-0.9659258262890682,0.258819045102521,0,1,1
B2,roll_01,persistence,2026-01-18 12:00:00+00:00,2026-01-18 13:00:00+00:00,0,1,2025-12-08T00:00:00+00:00,2026-01-12T00:00:00+00:00,2026-01-12T00:00:00+00:00,2026-01-19T00:00:00+00:00,2173.5554944418054,1081.863576312389,1091.6919181294165,1,low,0,0.0,0,3,0,0,0,0,0,0,0,0,0,0,0,0,0,0,0,0,0,0,0,0,0,0,6,-377.0683961764167,908.328997025861,375.1866214471667,1081.863576312389,12,-1.0,1.2246467991473532e-16,0,1,1
B2,roll_01,persistence,2026-01-18 13:00:00+00:00,2026-01-18 14:00:00+00:00,0,1,2025-12-08T00:00:00+00:00,2026-01-12T00:00:00+00:00,2026-01-12T00:00:00+00:00,2026-01-19T00:00:00+00:00,1035.234056645167,2173.5554944418054,-1138.3214377966385,1,low,0,0.0,0,3,0,0,0,0,0,0,0,0,0,0,0,0,0,0,0,0,0,0,0,0,0,0,6,-533.3608326616389,1081.863576312389,1125.2122855051666,2173.5554944418054,13,-0.9659258262890684,-0.2588190451025208,0,1,1
B2,roll_01,persistence,2026-01-18 14:00:00+00:00,2026-01-18 15:00:00+00:00,0,1,2025-12-08T00:00:00+00:00,2026-01-12T00:00:00+00:00,2026-01-12T00:00:00+00:00,2026-01-19T00:00:00+00:00,982.0105920020555,1035.234056645167,-53.223464643111356,1,low,0,0.0,0,3,0,0,0,0,0,0,0,0,0,0,0,0,0,0,0,0,0,0,0,0,0,0,6,1619.3522628639723,2173.5554944418054,553.7227735364166,1035.234056645167,14,-0.8660254037844388,-0.4999999999999997,0,1,1
B2,roll_01,persistence,2026-01-18 15:00:00+00:00,2026-01-18 16:00:00+00:00,0,1,2025-12-08T00:00:00+00:00,2026-01-12T00:00:00+00:00,2026-01-12T00:00:00+00:00,2026-01-19T00:00:00+00:00,939.633989883972,982.0105920020555,-42.3766021180835,1,night,0,0.0,0,3,0,0,0,0,0,0,0,0,0,0,0,0,0,0,0,0,0,0,0,0,0,0,6,867.3860450609445,1035.234056645167,893.3163181295832,982.0105920020555,15,-0.7071067811865479,-0.7071067811865471,0,1,1
B2,roll_01,persistence,2026-01-18 16:00:00+00:00,2026-01-18 17:00:00+00:00,0,1,2025-12-08T00:00:00+00:00,2026-01-12T00:00:00+00:00,2026-01-12T00:00:00+00:00,2026-01-19T00:00:00+00:00,1984.2611124879447,939.633989883972,1044.6271226039726,0,night,0,0.0,0,2,0,0,0,0,0,0,0,0,0,0,0,0,0,0,0,0,0,0,0,0,0,0,6,1129.351029028639,982.0105920020555,1082.6851535658332,939.633989883972,16,-0.5000000000000004,-0.8660254037844385,0,1,1
B2,roll_01,persistence,2026-01-18 17:00:00+00:00,2026-01-18 18:00:00+00:00,0,1,2025-12-08T00:00:00+00:00,2026-01-12T00:00:00+00:00,2026-01-12T00:00:00+00:00,2026-01-19T00:00:00+00:00,1779.6982078336666,1984.2611124879447,-204.5629046542781,0,night,0,0.0,0,2,0,0,0,0,0,0,0,0,0,0,0,0,0,0,0,0,0,0,0,0,0,0,6,1683.5612400863336,939.633989883972,1215.7402370096668,1984.2611124879447,17,-0.2588190451025206,-0.9659258262890684,0,1,1
B2,roll_01,persistence,2026-01-18 18:00:00+00:00,2026-01-18 19:00:00+00:00,0,1,2025-12-08T00:00:00+00:00,2026-01-12T00:00:00+00:00,2026-01-12T00:00:00+00:00,2026-01-19T00:00:00+00:00,1945.2175917344168,1779.6982078336666,165.5193839007502,0,night,0,0.0,0,2,0,0,0,0,0,0,0,0,0,0,0,0,0,0,0,0,0,0,0,0,0,0,6,2735.553599037861,1984.2611124879447,1466.154889960333,1779.6982078336666,18,-1.8369701987210292e-16,-1.0,0,1,1
B2,roll_01,persistence,2026-01-18 19:00:00+00:00,2026-01-18 20:00:00+00:00,0,1,2025-12-08T00:00:00+00:00,2026-01-12T00:00:00+00:00,2026-01-12T00:00:00+00:00,2026-01-19T00:00:00+00:00,817.2623687095833,1945.2175917344168,-1127.9552230248337,0,night,0,0.0,0,2,0,0,0,0,0,0,0,0,0,0,0,0,0,0,0,0,0,0,0,0,0,0,6,2033.9936153407496,1779.6982078336666,1078.6994199493888,1945.2175917344168,19,0.2588190451025203,-0.9659258262890684,0,1,1
B2,roll_01,persistence,2026-01-18 20:00:00+00:00,2026-01-18 21:00:00+00:00,0,1,2025-12-08T00:00:00+00:00,2026-01-12T00:00:00+00:00,2026-01-12T00:00:00+00:00,2026-01-19T00:00:00+00:00,1022.3695540110556,817.2623687095833,205.10718530147233,0,night,0,0.0,0,2,0,0,0,0,0,0,0,0,0,0,0,0,0,0,0,0,0,0,0,0,0,0,6,1245.8312970156112,1945.2175917344168,1284.7492482649168,817.2623687095833,20,0.5000000000000001,-0.8660254037844386,0,1,1
B2,roll_01,persistence,2026-01-18 21:00:00+00:00,2026-01-18 22:00:00+00:00,0,1,2025-12-08T00:00:00+00:00,2026-01-12T00:00:00+00:00,2026-01-12T00:00:00+00:00,2026-01-19T00:00:00+00:00,579.8006035581112,1022.3695540110556,-442.56895045294436,0,night,0,0.0,0,2,0,0,0,0,0,0,0,0,0,0,0,0,0,0,0,0,0,0,0,0,0,0,6,2829.186617279833,817.2623687095833,851.6801286406111,1022.3695540110556,21,0.7071067811865474,-0.7071067811865477,0,1,1
B2,roll_01,mlr,2026-01-11 23:00:00+00:00,2026-01-12 00:00:00+00:00,0,1,2025-12-08T00:00:00+00:00,2026-01-12T00:00:00+00:00,2026-01-12T00:00:00+00:00,2026-01-19T00:00:00+00:00,2521.281662351861,1976.9761124454303,544.3055499064308,0,night,0,0.0,0,1,0,0,0,0,0,0,0,0,0,0,0,0,0,0,0,0,0,0,0,0,0,0,6,364.9348326606112,2652.970591418611,410.7482779138611,2501.345489155889,23,0.965925826289068,-0.2588190451025215,0,1,1
B2,roll_01,mlr,2026-01-12 00:00:00+00:00,2026-01-12 01:00:00+00:00,0,1,2025-12-08T00:00:00+00:00,2026-01-12T00:00:00+00:00,2026-01-12T00:00:00+00:00,2026-01-19T00:00:00+00:00,2510.7629793080832,2452.260125862361,58.502853445722394,0,night,0,0.0,0,1,0,0,0,0,0,0,0,0,0,0,0,0,0,0,0,0,0,0,0,0,0,0,0,370.6410842640833,2501.345489155889,405.205528771,2521.281662351861,0,1.0,0.0,0,0,1
B2,roll_01,mlr,2026-01-12 01:00:00+00:00,2026-01-12 02:00:00+00:00,0,1,2025-12-08T00:00:00+00:00,2026-01-12T00:00:00+00:00,2026-01-12T00:00:00+00:00,2026-01-19T00:00:00+00:00,2517.397726423444,2419.9583171328213,97.43940929062273,0,night,0,0.0,0,0,0,0,0,0,0,0,0,0,0,0,0,0,0,0,0,0,0,0,0,0,0,0,0,368.0486825067223,2521.281662351861,475.14375079194434,2510.7629793080832,1,0.9659258262890684,0.2588190451025207,0,0,1
B2,roll_01,mlr,2026-01-12 02:00:00+00:00,2026-01-12 03:00:00+00:00,0,1,2025-12-08T00:00:00+00:00,2026-01-12T00:00:00+00:00,2026-01-12T00:00:00+00:00,2026-01-19T00:00:00+00:00,2481.68678522575,2386.8464806384545,94.84030458729558,0,night,0,0.0,0,0,0,0,0,0,0,0,0,0,0,0,0,0,0,0,0,0,0,0,0,0,0,0,0,407.2023981933612,2510.7629793080832,401.84106967408337,2517.397726423444,2,0.8660254037844387,0.4999999999999999,0,0,1
B2,roll_01,mlr,2026-01-12 03:00:00+00:00,2026-01-12 04:00:00+00:00,0,1,2025-12-08T00:00:00+00:00,2026-01-12T00:00:00+00:00,2026-01-12T00:00:00+00:00,2026-01-19T00:00:00+00:00,3016.15648477425,2335.006263255515,681.1502215187352,0,night,0,0.0,0,1,0,0,0,0,0,0,0,0,0,0,0,0,0,0,0,0,0,0,0,0,0,0,0,381.6384086141388,2517.397726423444,367.7446838216111,2481.68678522575,3,0.7071067811865476,0.7071067811865476,0,0,1
B2,roll_01,mlr,2026-01-12 04:00:00+00:00,2026-01-12 05:00:00+00:00,0,1,2025-12-08T00:00:00+00:00,2026-01-12T00:00:00+00:00,2026-01-12T00:00:00+00:00,2026-01-19T00:00:00+00:00,4262.747835938639,2689.5631943989374,1573.1846415397013,0,night,0,0.0,0,0,0,0,0,0,0,0,0,0,0,0,0,0,0,0,0,0,0,0,0,0,0,0,0,1018.144173213861,2481.68678522575,963.4637856096666,3016.15648477425,4,0.5000000000000001,0.8660254037844386,0,0,1
B2,roll_01,mlr,2026-01-12 05:00:00+00:00,2026-01-12 06:00:00+00:00,0,1,2025-12-08T00:00:00+00:00,2026-01-12T00:00:00+00:00,2026-01-12T00:00:00+00:00,2026-01-19T00:00:00+00:00,4361.908397110695,3571.18653470595,790.7218624047446,0,night,0,0.0,0,0,0,0,0,0,0,0,0,0,0,0,0,0,0,0,0,0,0,0,0,0,0,0,0,3480.3327933123333,3016.15648477425,1813.34006411675,4262.747835938639,5,0.2588190451025207,0.9659258262890684,0,0,1
B2,roll_01,mlr,2026-01-12 06:00:00+00:00,2026-01-12 07:00:00+00:00,0,1,2025-12-08T00:00:00+00:00,2026-01-12T00:00:00+00:00,2026-01-12T00:00:00+00:00,2026-01-19T00:00:00+00:00,4563.315619382333,3768.0338598511253,795.2817595312081,0,night,0,0.0,0,0,0,0,0,0,0,0,0,0,0,0,0,0,0,0,0,0,0,0,0,0,0,0,0,3264.2411370842497,4262.747835938639,1868.444830851611,4361.908397110695,6,6.123233995736766e-17,1.0,0,0,1
B2,roll_01,mlr,2026-01-12 07:00:00+00:00,2026-01-12 08:00:00+00:00,0,1,2025-12-08T00:00:00+00:00,2026-01-12T00:00:00+00:00,2026-01-12T00:00:00+00:00,2026-01-19T00:00:00+00:00,3089.202245556361,3906.378200169943,-817.1759546135818,1,night,0,0.0,0,1,0,0,0,0,0,0,0,0,0,0,0,0,0,0,0,0,0,0,0,0,0,0,0,3395.476410544472,4361.908397110695,1998.770939867861,4563.315619382333,7,-0.2588190451025206,0.9659258262890684,0,0,1
B2,roll_01,mlr,2026-01-12 08:00:00+00:00,2026-01-12 09:00:00+00:00,0,1,2025-12-08T00:00:00+00:00,2026-01-12T00:00:00+00:00,2026-01-12T00:00:00+00:00,2026-01-19T00:00:00+00:00,2796.8041315197224,2954.0335926864154,-157.229461166693,1,med,0,0.0,0,1,0,0,0,0,0,0,0,0,0,0,0,0,0,0,0,0,0,0,0,0,0,0,0,2043.147877824084,4563.315619382333,1620.6764299421666,3089.202245556361,8,-0.4999999999999998,0.8660254037844387,0,0,1
B2,roll_01,mlr,2026-01-12 09:00:00+00:00,2026-01-12 10:00:00+00:00,0,1,2025-12-08T00:00:00+00:00,2026-01-12T00:00:00+00:00,2026-01-12T00:00:00+00:00,2026-01-19T00:00:00+00:00,746.3919299871112,2591.114687843142,-1844.7227578560305,1,med,0,0.0,0,1,0,0,0,0,0,0,0,0,0,0,0,0,0,0,0,0,0,0,0,0,0,0,0,1179.0779114988334,3089.202245556361,1464.1872420950556,2796.8041315197224,9,-0.7071067811865475,0.7071067811865476,0,0,1
B2,roll_01,mlr,2026-01-12 10:00:00+00:00,2026-01-12 11:00:00+00:00,0,1,2025-12-08T00:00:00+00:00,2026-01-12T00:00:00+00:00,2026-01-12T00:00:00+00:00,2026-01-19T00:00:00+00:00,632.5966184736388,1155.7935562228968,-523.1969377492579,1,high,0,0.0,0,1,0,0,0,0,0,0,0,0,0,0,0,0,0,0,0,0,0,0,0,0,0,0,0,947.8847584085834,2796.8041315197224,474.102661966639,746.3919299871112,10,-0.8660254037844387,0.4999999999999999,0,0,1
B2,roll_01,mlr,2026-01-12 11:00:00+00:00,2026-01-12 12:00:00+00:00,0,1,2025-12-08T00:00:00+00:00,2026-01-12T00:00:00+00:00,2026-01-12T00:00:00+00:00,2026-01-19T00:00:00+00:00,-422.1210146441389,880.4915034949947,-1302.6125181391335,1,high,0,0.0,0,2,0,0,0,0,0,0,0,0,0,0,0,0,0,0,0,0,0,0,0,0,0,0,0,863.6994095845556,746.3919299871112,924.8024321908888,632.5966184736388,11,-0.9659258262890682,0.258819045102521,0,0,1
B2,roll_01,mlr,2026-01-12 12:00:00+00:00,2026-01-12 13:00:00+00:00,0,1,2025-12-08T00:00:00+00:00,2026-01-12T00:00:00+00:00,2026-01-12T00:00:00+00:00,2026-01-19T00:00:00+00:00,754.2202679822223,-50.190973604703345,804.4112415869256,1,med,0,0.0,0,2,1,0,0,0,0,0,0,0,0,0,0,0,0,0,0,0,0,0,0,0,0,0,0,843.0538203102777,632.5966184736388,-377.0683961764167,-422.1210146441389,12,-1.0,1.2246467991473532e-16,0,0,1
B2,roll_01,mlr,2026-01-12 13:00:00+00:00,2026-01-12 14:00:00+00:00,0,1,2025-12-08T00:00:00+00:00,2026-01-12T00:00:00+00:00,2026-01-12T00:00:00+00:00,2026-01-19T00:00:00+00:00,1500.3252466112224,706.9714348298397,793.3538117813827,1,med,0,0.0,0,2,0,0,0,0,0,0,0,0,0,0,0,0,0,0,0,0,0,0,0,0,0,0,0,1428.490628339573,-422.1210146441389,-533.3608326616389,754.2202679822223,13,-0.9659258262890684,-0.2588190451025208,0,0,1
B2,roll_01,mlr,2026-01-12 14:00:00+00:00,2026-01-12 15:00:00+00:00,0,1,2025-12-08T00:00:00+00:00,2026-01-12T00:00:00+00:00,2026-01-12T00:00:00+00:00,2026-01-19T00:00:00+00:00,586.6202596731389,1468.803698754362,-882.183439081223,1,low,0,0.0,0,2,0,0,0,0,0,0,0,0,0,0,0,0,0,0,0,0,0,0,0,0,0,0,0,1773.3037352634722,754.2202679822223,1619.3522628639723,1500.3252466112224,14,-0.8660254037844388,-0.4999999999999997,0,0,1
B2,roll_01,mlr,2026-01-12 15:00:00+00:00,2026-01-12 16:00:00+00:00,0,1,2025-12-08T00:00:00+00:00,2026-01-12T00:00:00+00:00,2026-01-12T00:00:00+00:00,2026-01-19T00:00:00+00:00,1670.774375533639,892.954512902193,777.819862631446,1,low,0,0.0,0,2,0,0,0,0,0,0,0,0,0,0,0,0,0,0,0,0,0,0,0,0,0,0,0,2045.117999196167,1500.3252466112224,867.3860450609445,586.6202596731389,15,-0.7071067811865479,-0.7071067811865471,0,0,1
B2,roll_01,mlr,2026-01-12 16:00:00+00:00,2026-01-12 17:00:00+00:00,0,1,2025-12-08T00:00:00+00:00,2026-01-12T00:00:00+00:00,2026-01-12T00:00:00+00:00,2026-01-19T00:00:00+00:00,893.0618960396945,1501.8032419860415,-608.741345946347,0,night,0,0.0,0,2,0,0,0,0,0,0,0,0,0,0,0,0,0,0,0,0,0,0,0,0,0,0,0,1695.0528240614449,586.6202596731389,1129.351029028639,1670.774375533639,16,-0.5000000000000004,-0.8660254037844385,0,0,1
B2,roll_01,mlr,2026-01-12 17:00:00+00:00,2026-01-12 18:00:00+00:00,0,1,2025-12-08T00:00:00+00:00,2026-01-12T00:00:00+00:00,2026-01-12T00:00:00+00:00,2026-01-19T00:00:00+00:00,2274.0885418814723,1138.0988701350225,1135.9896717464499,0,night,0,0.0,0,1,0,0,0,0,0,0,0,0,0,0,0,0,0,0,0,0,0,0,0,0,0,0,0,2050.756231673639,1670.774375533639,1683.5612400863336,893.0618960396945,17,-0.2588190451025206,-0.9659258262890684,0,0,1
B2,roll_01,mlr,2026-01-12 18:00:00+00:00,2026-01-12 19:00:00+00:00,0,1,2025-12-08T00:00:00+00:00,2026-01-12T00:00:00+00:00,2026-01-12T00:00:00+00:00,2026-01-19T00:00:00+00:00,1365.6644136303612,1978.7486813184807,-613.0842676881196,0,night,0,0.0,0,1,0,0,0,0,0,0,0,0,0,0,0,0,0,0,0,0,0,0,0,0,0,0,0,3794.624143870611,893.0618960396945,2735.553599037861,2274.0885418814723,18,-1.8369701987210292e-16,-1.0,0,0,1
B2,roll_01,mlr,2026-01-12 19:00:00+00:00,2026-01-12 20:00:00+00:00,0,1,2025-12-08T00:00:00+00:00,2026-01-12T00:00:00+00:00,2026-01-12T00:00:00+00:00,2026-01-19T00:00:00+00:00,653.7379858252777,1492.4113370493508,-838.673351224073,0,night,0,0.0,0,1,0,0,0,0,0,0,0,0,0,0,0,0,0,0,0,0,0,0,0,0,0,0,0,1861.5080703779724,2274.0885418814723,2033.9936153407496,1365.6644136303612,19,0.2588190451025203,-0.9659258262890684,0,0,1
B2,roll_01,mlr,2026-01-12 20:00:00+00:00,2026-01-12 21:00:00+00:00,0,1,2025-12-08T00:00:00+00:00,2026-01-12T00:00:00+00:00,2026-01-12T00:00:00+00:00,2026-01-19T00:00:00+00:00,1060.23997367125,845.6631876429999,214.57678602825013,0,night,0,0.0,0,1,0,0,0,0,0,0,0,0,0,0,0,0,0,0,0,0,0,0,0,0,0,0,0,1496.9097637140555,1365.6644136303612,1245.8312970156112,653.7379858252777,20,0.5000000000000001,-0.8660254037844386,0,0,1
B2,roll_01,mlr,2026-01-12 21:00:00+00:00,2026-01-12 22:00:00+00:00,0,1,2025-12-08T00:00:00+00:00,2026-01-12T00:00:00+00:00,2026-01-12T00:00:00+00:00,2026-01-19T00:00:00+00:00,372.6696216118889,1120.3856076365191,-747.7159860246302,0,night,0,0.0,0,1,0,0,0,0,0,0,0,0,0,0,0,0,0,0,0,0,0,0,0,0,0,0,0,719.7584706931667,653.7379858252777,2829.186617279833,1060.23997367125,21,0.7071067811865474,-0.7071067811865477,0,0,1
B2,roll_01,mlr,2026-01-12 22:00:00+00:00,2026-01-12 23:00:00+00:00,0,1,2025-12-08T00:00:00+00:00,2026-01-12T00:00:00+00:00,2026-01-12T00:00:00+00:00,2026-01-19T00:00:00+00:00,368.2867205090556,677.1597438717732,-308.8730233627176,0,night,0,0.0,0,1,0,0,0,0,0,0,0,0,0,0,0,0,0,0,0,0,0,0,0,0,0,0,0,446.7607589221944,1060.23997367125,2652.970591418611,372.6696216118889,22,0.8660254037844384,-0.5000000000000004,0,0,1
B2,roll_01,mlr,2026-01-12 23:00:00+00:00,2026-01-13 00:00:00+00:00,0,1,2025-12-08T00:00:00+00:00,2026-01-12T00:00:00+00:00,2026-01-12T00:00:00+00:00,2026-01-19T00:00:00+00:00,366.1301339879167,551.6663121669264,-185.53617817900977,0,night,0,0.0,0,1,0,0,0,0,0,0,0,0,0,0,0,0,0,0,0,0,0,0,0,0,0,0,0,377.8106354470833,372.6696216118889,2501.345489155889,368.2867205090556,23,0.965925826289068,-0.2588190451025215,0,0,1
B2,roll_01,mlr,2026-01-13 00:00:00+00:00,2026-01-13 01:00:00+00:00,0,1,2025-12-08T00:00:00+00:00,2026-01-12T00:00:00+00:00,2026-01-12T00:00:00+00:00,2026-01-19T00:00:00+00:00,374.135321881,969.7372459454266,-595.6019240644266,0,night,0,0.0,0,1,0,1,1,0,3,0,0,0,1,0,1,0,1,0,0,0,1,0,0,0,0,0,1,392.73774841372216,368.2867205090556,2521.281662351861,366.1301339879167,0,1.0,0.0,0,0,1
B2,roll_01,mlr,2026-01-13 01:00:00+00:00,2026-01-13 02:00:00+00:00,0,1,2025-12-08T00:00:00+00:00,2026-01-12T00:00:00+00:00,2026-01-12T00:00:00+00:00,2026-01-19T00:00:00+00:00,383.9471823114166,941.0916513808966,-557.14446906948,0,night,0,0.0,0,1,0,1,1,0,3,0,0,0,1,0,1,0,1,0,0,0,1,0,0,0,0,0,1,392.9088330086667,366.1301339879167,2510.7629793080832,374.135321881,1,0.9659258262890684,0.2588190451025207,0,0,1
B2,roll_01,mlr,2026-01-13 02:00:00+00:00,2026-01-13 03:00:00+00:00,0,1,2025-12-08T00:00:00+00:00,2026-01-12T00:00:00+00:00,2026-01-12T00:00:00+00:00,2026-01-19T00:00:00+00:00,367.6768063598889,918.4764362600521,-550.7996299001632,0,night,0,0.0,0,1,0,1,1,0,3,0,0,0,1,0,1,0,1,0,0,0,1,0,0,0,0,0,1,385.8227960619445,374.135321881,2517.397726423444,383.9471823114166,2,0.8660254037844387,0.4999999999999999,0,0,1
B2,roll_01,mlr,2026-01-13 03:00:00+00:00,2026-01-13 04:00:00+00:00,0,1,2025-12-08T00:00:00+00:00,2026-01-12T00:00:00+00:00,2026-01-12T00:00:00+00:00,2026-01-19T00:00:00+00:00,977.1223704921111,879.1020538924239,98.02031659968725,0,night,0,0.0,0,1,0,0,0,0,0,0,0,0,0,0,0,0,0,0,0,0,0,0,0,0,0,0,1,392.4521254978611,383.9471823114166,2481.68678522575,367.6768063598889,3,0.7071067811865476,0.7071067811865476,0,0,1
B2,roll_01,mlr,2026-01-13 04:00:00+00:00,2026-01-13 05:00:00+00:00,0,1,2025-12-08T00:00:00+00:00,2026-01-12T00:00:00+00:00,2026-01-12T00:00:00+00:00,2026-01-19T00:00:00+00:00,2001.738657636584,1279.5915281266498,722.1471295099343,0,night,0,0.0,0,1,0,0,0,0,0,0,0,0,0,0,0,0,0,0,0,0,0,0,0,0,0,0,1,1067.7196651701668,367.6768063598889,3016.15648477425,977.1223704921111,4,0.5000000000000001,0.8660254037844386,0,0,1
B2,roll_01,mlr,2026-01-13 05:00:00+00:00,2026-01-13 06:00:00+00:00,0,1,2025-12-08T00:00:00+00:00,2026-01-12T00:00:00+00:00,2026-01-12T00:00:00+00:00,2026-01-19T00:00:00+00:00,2099.6764230465,2073.921633093364,25.75478995313597,0,night,0,0.0,0,1,0,0,0,0,0,0,0,0,0,0,0,0,0,0,0,0,0,0,0,0,0,0,1,1903.881896566528,977.1223704921111,4262.747835938639,2001.738657636584,5,0.2588190451025207,0.9659258262890684,0,0,1
B2,roll_01,mlr,2026-01-13 06:00:00+00:00,2026-01-13 07:00:00+00:00,0,1,2025-12-08T00:00:00+00:00,2026-01-12T00:00:00+00:00,2026-01-12T00:00:00+00:00,2026-01-19T00:00:00+00:00,1798.5318447581387,2245.6630451713327,-447.13120041319394,0,night,0,0.0,0,1,0,0,0,0,0,0,0,0,0,0,0,0,0,0,0,0,0,0,0,0,0,0,1,1884.089269866861,2001.738657636584,4361.908397110695,2099.6764230465,6,6.123233995736766e-17,1.0,0,0,1
B2,roll_01,mlr,2026-01-13 07:00:00+00:00,2026-01-13 08:00:00+00:00,0,1,2025-12-08T00:00:00+00:00,2026-01-12T00:00:00+00:00,2026-01-12T00:00:00+00:00,2026-01-19T00:00:00+00:00,1792.85737564,2063.2413425407394,-270.3839669007393,1,night,0,0.0,0,2,0,0,0,0,0,0,0,0,0,0,0,0,0,0,0,0,0,0,0,0,0,0,1,2001.9943023529447,2099.6764230465,4563.315619382333,1798.5318447581387,7,-0.2588190451025206,0.9659258262890684,0,0,1
B2,roll_01,mlr,2026-01-13 08:00:00+00:00,2026-01-13 09:00:00+00:00,0,1,2025-12-08T00:00:00+00:00,2026-01-12T00:00:00+00:00,2026-01-12T00:00:00+00:00,2026-01-19T00:00:00+00:00,1704.9205994411388,1907.4144626340815,-202.49386319294263,1,low,0,0.0,0,2,0,0,0,0,0,0,0,0,0,0,0,0,0,0,0,0,0,0,0,0,0,0,1,2286.4682565411667,1798.5318447581387,3089.202245556361,1792.85737564,8,-0.4999999999999998,0.8660254037844387,0,0,1
B2,roll_01,mlr,2026-01-13 09:00:00+00:00,2026-01-13 10:00:00+00:00,0,1,2025-12-08T00:00:00+00:00,2026-01-12T00:00:00+00:00,2026-01-12T00:00:00+00:00,2026-01-19T00:00:00+00:00,1712.5081979704166,1828.8632601883467,-116.35506221793003,1,low,0,0.0,0,2,0,0,0,0,0,0,0,0,0,0,0,0,0,0,0,0,0,0,0,0,0,0,1,1821.3285119935,1792.85737564,2796.8041315197224,1704.9205994411388,9,-0.7071067811865475,0.7071067811865476,0,0,1
B2,roll_01,mlr,2026-01-13 10:00:00+00:00,2026-01-13 11:00:00+00:00,0,1,2025-12-08T00:00:00+00:00,2026-01-12T00:00:00+00:00,2026-01-12T00:00:00+00:00,2026-01-19T00:00:00+00:00,1729.1863273721667,1676.2964632313922,52.889864140774534,1,low,0,0.0,0,2,0,0,0,0,0,0,0,0,0,0,0,0,0,0,0,0,0,0,0,0,0,0,1,1457.3535129481943,1704.9205994411388,746.3919299871112,1712.5081979704166,10,-0.8660254037844387,0.4999999999999999,0,0,1
B2,roll_01,mlr,2026-01-13 11:00:00+00:00,2026-01-13 12:00:00+00:00,0,1,2025-12-08T00:00:00+00:00,2026-01-12T00:00:00+00:00,2026-01-12T00:00:00+00:00,2026-01-19T00:00:00+00:00,1776.8351252307775,1681.2280639956848,95.60706123509271,1,low,0,0.0,0,2,0,0,0,0,0,0,0,0,0,0,0,0,0,0,0,0,0,0,0,0,0,0,1,1098.783385659861,1712.5081979704166,632.5966184736388,1729.1863273721667,11,-0.9659258262890682,0.258819045102521,0,0,1
B2,roll_01,mlr,2026-01-13 12:00:00+00:00,2026-01-13 13:00:00+00:00,0,1,2025-12-08T00:00:00+00:00,2026-01-12T00:00:00+00:00,2026-01-12T00:00:00+00:00,2026-01-19T00:00:00+00:00,1850.1251705731663,1636.997763329692,213.1274072434744,1,low,0,0.0,0,2,0,0,0,0,0,0,0,0,0,0,0,0,0,0,0,0,0,0,0,0,0,0,1,894.0836341709445,1729.1863273721667,-422.1210146441389,1776.8351252307775,12,-1.0,1.2246467991473532e-16,0,0,1
B2,roll_01,mlr,2026-01-13 13:00:00+00:00,2026-01-13 14:00:00+00:00,0,1,2025-12-08T00:00:00+00:00,2026-01-12T00:00:00+00:00,2026-01-12T00:00:00+00:00,2026-01-19T00:00:00+00:00,2103.8606620909723,1777.2236666363879,326.6369954545844,1,low,0,0.0,0,2,0,0,0,0,0,0,0,0,0,0,0,0,0,0,0,0,0,0,0,0,0,0,1,329.2631219953055,1776.8351252307775,754.2202679822223,1850.1251705731663,13,-0.9659258262890684,-0.2588190451025208,0,0,1
B2,roll_01,mlr,2026-01-13 14:00:00+00:00,2026-01-13 15:00:00+00:00,0,1,2025-12-08T00:00:00+00:00,2026-01-12T00:00:00+00:00,2026-01-12T00:00:00+00:00,2026-01-19T00:00:00+00:00,1367.69234237475,1989.4723844370615,-621.7800420623114,1,low,0,0.0,0,2,0,0,0,0,0,0,0,0,0,0,0,0,0,0,0,0,0,0,0,0,0,0,1,967.2042220471388,1850.1251705731663,1500.3252466112224,2103.8606620909723,14,-0.8660254037844388,-0.4999999999999997,0,0,1
B2,roll_01,mlr,2026-01-13 15:00:00+00:00,2026-01-13 16:00:00+00:00,0,1,2025-12-08T00:00:00+00:00,2026-01-12T00:00:00+00:00,2026-01-12T00:00:00+00:00,2026-01-19T00:00:00+00:00,2518.591872478111,1448.8886446877918,1069.703227790319,1,night,0,0.0,0,2,0,0,0,0,0,0,0,0,0,0,0,0,0,0,0,0,0,0,0,0,0,0,1,2273.575334169805,2103.8606620909723,586.6202596731389,1367.69234237475,15,-0.7071067811865479,-0.7071067811865471,0,0,1
B2,roll_01,mlr,2026-01-13 16:00:00+00:00,2026-01-13 17:00:00+00:00,0,1,2025-12-08T00:00:00+00:00,2026-01-12T00:00:00+00:00,2026-01-12T00:00:00+00:00,2026-01-19T00:00:00+00:00,2818.4871972926667,2183.867104013323,634.6200932793436,0,night,0,0.0,0,2,0,0,0,0,0,0,0,0,0,0,0,0,0,0,0,0,0,0,0,0,0,0,1,1652.948210602611,1367.69234237475,1670.774375533639,2518.591872478111,16,-0.5000000000000004,-0.8660254037844385,0,0,1
B2,roll_01,mlr,2026-01-13 17:00:00+00:00,2026-01-13 18:00:00+00:00,0,1,2025-12-08T00:00:00+00:00,2026-01-12T00:00:00+00:00,2026-01-12T00:00:00+00:00,2026-01-19T00:00:00+00:00,1383.2154217488053,2429.2776286713424,-1046.0622069225371,0,night,0,0.0,0,2,0,0,0,0,0,0,0,0,0,0,0,0,0,0,0,0,0,0,0,0,0,0,1,2089.0237929649165,2518.591872478111,893.0618960396945,2818.4871972926667,17,-0.2588190451025206,-0.9659258262890684,0,0,1
B2,roll_01,mlr,2026-01-13 18:00:00+00:00,2026-01-13 19:00:00+00:00,0,1,2025-12-08T00:00:00+00:00,2026-01-12T00:00:00+00:00,2026-01-12T00:00:00+00:00,2026-01-19T00:00:00+00:00,962.6741752021112,1604.7815433697554,-642.1073681676442,0,night,0,0.0,0,2,0,0,0,0,0,0,0,0,0,0,0,0,0,0,0,0,0,0,0,0,0,0,1,2541.390361368472,2818.4871972926667,2274.0885418814723,1383.2154217488053,18,-1.8369701987210292e-16,-1.0,0,0,1
B2,roll_01,mlr,2026-01-13 19:00:00+00:00,2026-01-13 20:00:00+00:00,0,1,2025-12-08T00:00:00+00:00,2026-01-12T00:00:00+00:00,2026-01-12T00:00:00+00:00,2026-01-19T00:00:00+00:00,2371.2932299861945,1093.0038579977363,1278.2893719884582,0,night,0,0.0,0,2,0,0,0,0,0,0,0,0,0,0,0,0,0,0,0,0,0,0,0,0,0,0,1,1259.8555531175557,1383.2154217488053,1365.6644136303612,962.6741752021112,19,0.2588190451025203,-0.9659258262890684,0,0,1
B2,roll_01,mlr,2026-01-13 20:00:00+00:00,2026-01-13 21:00:00+00:00,0,1,2025-12-08T00:00:00+00:00,2026-01-12T00:00:00+00:00,2026-01-12T00:00:00+00:00,2026-01-19T00:00:00+00:00,813.2224330626667,1882.7922873050445,-1069.569854242378,0,night,0,0.0,0,2,0,0,0,0,0,0,0,0,0,0,0,0,0,0,0,0,0,0,0,0,0,0,1,856.5431156826388,962.6741752021112,653.7379858252777,2371.2932299861945,20,0.5000000000000001,-0.8660254037844386,0,0,1
B2,roll_01,mlr,2026-01-13 21:00:00+00:00,2026-01-13 22:00:00+00:00,0,1,2025-12-08T00:00:00+00:00,2026-01-12T00:00:00+00:00,2026-01-12T00:00:00+00:00,2026-01-19T00:00:00+00:00,1323.4556494799722,1032.5611124900101,290.89453698996203,0,night,0,0.0,0,1,0,0,0,0,0,0,0,0,0,0,0,0,0,0,0,0,0,0,0,0,0,0,1,575.4723228509444,2371.2932299861945,1060.23997367125,813.2224330626667,21,0.7071067811865474,-0.7071067811865477,0,0,1
B2,roll_01,mlr,2026-01-13 22:00:00+00:00,2026-01-13 23:00:00+00:00,0,1,2025-12-08T00:00:00+00:00,2026-01-12T00:00:00+00:00,2026-01-12T00:00:00+00:00,2026-01-19T00:00:00+00:00,690.983777113111,1105.6661653276374,-414.6823882145263,0,night,0,0.0,0,1,0,0,0,0,0,0,0,0,0,0,0,0,0,0,0,0,0,0,0,0,0,0,1,379.3353790977222,813.2224330626667,372.6696216118889,1323.4556494799722,22,0.8660254037844384,-0.5000000000000004,0,0,1
B2,roll_01,mlr,2026-01-13 23:00:00+00:00,2026-01-14 00:00:00+00:00,0,1,2025-12-08T00:00:00+00:00,2026-01-12T00:00:00+00:00,2026-01-12T00:00:00+00:00,2026-01-19T00:00:00+00:00,373.91198171711113,718.4450167803457,-344.53303506323454,0,night,0,0.0,0,1,0,0,0,0,0,0,0,0,0,0,0,0,0,0,0,0,0,0,0,0,0,0,1,372.6325051877778,1323.4556494799722,368.2867205090556,690.983777113111,23,0.965925826289068,-0.2588190451025215,0,0,1
B2,roll_01,mlr,2026-01-14 00:00:00+00:00,2026-01-14 01:00:00+00:00,0,1,2025-12-08T00:00:00+00:00,2026-01-12T00:00:00+00:00,2026-01-12T00:00:00+00:00,2026-01-19T00:00:00+00:00,370.08383153427775,859.4976554627383,-489.41382392846054,0,night,0,0.0,0,1,0,0,0,0,0,0,0,0,0,0,0,0,0,0,0,0,0,0,0,0,0,0,2,389.1375681515556,690.983777113111,366.1301339879167,373.91198171711113,0,1.0,0.0,0,0,1
B2,roll_01,mlr,2026-01-14 01:00:00+00:00,2026-01-14 02:00:00+00:00,0,1,2025-12-08T00:00:00+00:00,2026-01-12T00:00:00+00:00,2026-01-12T00:00:00+00:00,2026-01-19T00:00:00+00:00,363.9680898908056,788.6909020938093,-424.72281220300374,0,night,0,0.0,0,1,0,0,0,0,0,0,0,0,0,0,0,0,0,0,0,0,0,0,0,0,0,0,2,401.5769106128611,373.91198171711113,374.135321881,370.08383153427775,1,0.9659258262890684,0.2588190451025207,0,0,1
B2,roll_01,mlr,2026-01-14 02:00:00+00:00,2026-01-14 03:00:00+00:00,0,1,2025-12-08T00:00:00+00:00,2026-01-12T00:00:00+00:00,2026-01-12T00:00:00+00:00,2026-01-19T00:00:00+00:00,367.8678755790834,754.8390545072451,-386.97117892816175,0,night,0,0.0,0,1,0,0,0,0,0,0,0,0,0,0,0,0,0,0,0,0,0,0,0,0,0,0,2,377.4491772511944,370.08383153427775,383.9471823114166,363.9680898908056,2,0.8660254037844387,0.4999999999999999,0,0,1
B2,roll_01,mlr,2026-01-14 03:00:00+00:00,2026-01-14 04:00:00+00:00,0,1,2025-12-08T00:00:00+00:00,2026-01-12T00:00:00+00:00,2026-01-12T00:00:00+00:00,2026-01-19T00:00:00+00:00,1021.3973762487502,728.0767091025859,293.3206671461643,0,night,0,0.0,0,1,0,0,0,0,0,0,0,0,0,0,0,0,0,0,0,0,0,0,0,0,0,0,2,390.0319296185555,363.9680898908056,367.6768063598889,367.8678755790834,3,0.7071067811865476,0.7071067811865476,0,0,1
B2,roll_01,mlr,2026-01-14 04:00:00+00:00,2026-01-14 05:00:00+00:00,0,1,2025-12-08T00:00:00+00:00,2026-01-12T00:00:00+00:00,2026-01-12T00:00:00+00:00,2026-01-19T00:00:00+00:00,2059.780215135472,1165.6980628177598,894.0821523177124,0,night,0,0.0,0,1,0,0,0,0,0,0,0,0,0,0,0,0,0,0,0,0,0,0,0,0,0,0,2,995.877723643,367.8678755790834,977.1223704921111,1021.3973762487502,4,0.5000000000000001,0.8660254037844386,0,0,1
B2,roll_01,mlr,2026-01-14 05:00:00+00:00,2026-01-14 06:00:00+00:00,0,1,2025-12-08T00:00:00+00:00,2026-01-12T00:00:00+00:00,2026-01-12T00:00:00+00:00,2026-01-19T00:00:00+00:00,1951.7951114496389,1955.3030237097466,-3.507912260107787,0,night,0,0.0,0,1,0,0,0,0,0,0,0,0,0,0,0,0,0,0,0,0,0,0,0,0,0,0,2,2048.148801472083,1021.3973762487502,2001.738657636584,2059.780215135472,5,0.2588190451025207,0.9659258262890684,0,0,1
B2,roll_01,mlr,2026-01-14 06:00:00+00:00,2026-01-14 07:00:00+00:00,0,1,2025-12-08T00:00:00+00:00,2026-01-12T00:00:00+00:00,2026-01-12T00:00:00+00:00,2026-01-19T00:00:00+00:00,1687.1433126186946,1993.5787992108217,-306.43548659212706,0,night,0,0.0,0,1,0,0,0,0,0,0,0,0,0,0,0,0,0,0,0,0,0,0,0,0,0,0,2,2144.072206509945,2059.780215135472,2099.6764230465,1951.7951114496389,6,6.123233995736766e-17,1.0,0,0,1
B2,roll_01,mlr,2026-01-14 07:00:00+00:00,2026-01-14 08:00:00+00:00,0,1,2025-12-08T00:00:00+00:00,2026-01-12T00:00:00+00:00,2026-01-12T00:00:00+00:00,2026-01-19T00:00:00+00:00,1700.1424731680556,1778.7199388690526,-78.57746570099698,1,night,0,0.0,0,1,0,0,0,0,0,0,0,0,0,0,0,0,0,0,0,0,0,0,0,0,0,0,2,1962.395727615584,1951.7951114496389,1798.5318447581387,1687.1433126186946,7,-0.2588190451025206,0.9659258262890684,0,0,1
B2,roll_01,mlr,2026-01-14 08:00:00+00:00,2026-01-14 09:00:00+00:00,0,1,2025-12-08T00:00:00+00:00,2026-01-12T00:00:00+00:00,2026-01-12T00:00:00+00:00,2026-01-19T00:00:00+00:00,1616.381493539,1754.9261415708215,-138.54464803182145,1,night,0,0.0,0,1,0,0,0,0,0,0,0,0,0,0,0,0,0,0,0,0,0,0,0,0,0,0,2,1449.9337721436666,1687.1433126186946,1792.85737564,1700.1424731680556,8,-0.4999999999999998,0.8660254037844387,0,0,1
B2,roll_01,mlr,2026-01-14 09:00:00+00:00,2026-01-14 10:00:00+00:00,0,1,2025-12-08T00:00:00+00:00,2026-01-12T00:00:00+00:00,2026-01-12T00:00:00+00:00,2026-01-19T00:00:00+00:00,1771.2370990303614,1695.266146526303,75.97095250405846,1,low,0,0.0,0,2,0,0,0,0,0,0,0,0,0,0,0,0,0,0,0,0,0,0,0,0,0,0,2,1045.4205219210555,1700.1424731680556,1704.9205994411388,1616.381493539,9,-0.7071067811865475,0.7071067811865476,0,0,1
B2,roll_01,mlr,2026-01-14 10:00:00+00:00,2026-01-14 11:00:00+00:00,0,1,2025-12-08T00:00:00+00:00,2026-01-12T00:00:00+00:00,2026-01-12T00:00:00+00:00,2026-01-19T00:00:00+00:00,1698.523145841389,1786.6371927639323,-88.11404692254337,1,low,0,0.0,0,2,0,0,0,0,0,0,0,0,0,0,0,0,0,0,0,0,0,0,0,0,0,0,2,760.5154770373333,1616.381493539,1712.5081979704166,1771.2370990303614,10,-0.8660254037844387,0.4999999999999999,0,0,1
B2,roll_01,mlr,2026-01-14 11:00:00+00:00,2026-01-14 12:00:00+00:00,0,1,2025-12-08T00:00:00+00:00,2026-01-12T00:00:00+00:00,2026-01-12T00:00:00+00:00,2026-01-19T00:00:00+00:00,986.6906551339166,1757.989910557076,-771.2992554231594,1,low,0,0.0,0,2,0,0,0,0,0,0,0,0,0,0,0,0,0,0,0,0,0,0,0,0,0,0,2,546.3529176781944,1771.2370990303614,1729.1863273721667,1698.523145841389,11,-0.9659258262890682,0.258819045102521,0,0,1
B2,roll_01,mlr,2026-01-14 12:00:00+00:00,2026-01-14 13:00:00+00:00,0,1,2025-12-08T00:00:00+00:00,2026-01-12T00:00:00+00:00,2026-01-12T00:00:00+00:00,2026-01-19T00:00:00+00:00,1215.6235662438055,1285.8647210036174,-70.24115475981193,1,low,0,0.0,0,2,0,0,0,0,0,0,0,0,0,0,0,0,0,0,0,0,0,0,0,0,0,0,2,756.1850252865555,1698.523145841389,1776.8351252307775,986.6906551339166,12,-1.0,1.2246467991473532e-16,0,0,1
B2,roll_01,mlr,2026-01-14 13:00:00+00:00,2026-01-14 14:00:00+00:00,0,1,2025-12-08T00:00:00+00:00,2026-01-12T00:00:00+00:00,2026-01-12T00:00:00+00:00,2026-01-19T00:00:00+00:00,1567.194707997861,1347.8725232057486,219.32218479211247,1,low,0,0.0,0,2,0,0,0,0,0,0,0,0,0,0,0,0,0,0,0,0,0,0,0,0,0,0,2,1302.286245294389,986.6906551339166,1850.1251705731663,1215.6235662438055,13,-0.9659258262890684,-0.2588190451025208,0,0,1
B2,roll_01,mlr,2026-01-14 14:00:00+00:00,2026-01-14 15:00:00+00:00,0,1,2025-12-08T00:00:00+00:00,2026-01-12T00:00:00+00:00,2026-01-12T00:00:00+00:00,2026-01-19T00:00:00+00:00,1578.744458172111,1608.1387209385555,-29.3942627664444,1,night,0,0.0,0,2,0,0,0,0,0,0,0,0,0,0,0,0,0,0,0,0,0,0,0,0,0,0,2,1726.787963903611,1215.6235662438055,2103.8606620909723,1567.194707997861,14,-0.8660254037844388,-0.4999999999999997,0,0,1
B2,roll_01,mlr,2026-01-14 15:00:00+00:00,2026-01-14 16:00:00+00:00,0,1,2025-12-08T00:00:00+00:00,2026-01-12T00:00:00+00:00,2026-01-12T00:00:00+00:00,2026-01-19T00:00:00+00:00,1624.9310390754445,1583.073684518225,41.85735455721942,1,night,0,0.0,0,2,0,0,0,0,0,0,0,0,0,0,0,0,0,0,0,0,0,0,0,0,0,0,2,2477.2962560777223,1567.194707997861,1367.69234237475,1578.744458172111,15,-0.7071067811865479,-0.7071067811865471,0,0,1
B2,roll_01,mlr,2026-01-14 16:00:00+00:00,2026-01-14 17:00:00+00:00,0,1,2025-12-08T00:00:00+00:00,2026-01-12T00:00:00+00:00,2026-01-12T00:00:00+00:00,2026-01-19T00:00:00+00:00,1793.6743844524724,1680.594964142356,113.07942031011635,0,night,0,0.0,0,2,0,0,0,0,0,0,0,0,0,0,0,0,0,0,0,0,0,0,0,0,0,0,2,2736.9958837058616,1578.744458172111,2518.591872478111,1624.9310390754445,16,-0.5000000000000004,-0.8660254037844385,0,0,1
B2,roll_01,mlr,2026-01-14 17:00:00+00:00,2026-01-14 18:00:00+00:00,0,1,2025-12-08T00:00:00+00:00,2026-01-12T00:00:00+00:00,2026-01-12T00:00:00+00:00,2026-01-19T00:00:00+00:00,1048.612189175861,1804.6505070488613,-756.0383178730003,0,night,0,0.0,0,2,0,0,0,0,0,0,0,0,0,0,0,0,0,0,0,0,0,0,0,0,0,0,2,2262.745013387778,1624.9310390754445,2818.4871972926667,1793.6743844524724,17,-0.2588190451025206,-0.9659258262890684,0,0,1
B2,roll_01,mlr,2026-01-14 18:00:00+00:00,2026-01-14 19:00:00+00:00,0,1,2025-12-08T00:00:00+00:00,2026-01-12T00:00:00+00:00,2026-01-12T00:00:00+00:00,2026-01-19T00:00:00+00:00,1797.1453520931666,1222.8919040370793,574.2534480560873,0,night,0,0.0,0,2,0,0,0,0,0,0,0,0,0,0,0,0,0,0,0,0,0,0,0,0,0,0,2,1568.7467902066112,1793.6743844524724,1383.2154217488053,1048.612189175861,18,-1.8369701987210292e-16,-1.0,0,0,1
B2,roll_01,mlr,2026-01-14 19:00:00+00:00,2026-01-14 20:00:00+00:00,0,1,2025-12-08T00:00:00+00:00,2026-01-12T00:00:00+00:00,2026-01-12T00:00:00+00:00,2026-01-19T00:00:00+00:00,741.7054459836112,1560.0102500736452,-818.304804090034,0,night,0,0.0,0,2,0,0,0,0,0,0,0,0,0,0,0,0,0,0,0,0,0,0,0,0,0,0,2,2191.9078966617776,1048.612189175861,962.6741752021112,1797.1453520931666,19,0.2588190451025203,-0.9659258262890684,0,0,1
B2,roll_01,mlr,2026-01-14 20:00:00+00:00,2026-01-14 21:00:00+00:00,0,1,2025-12-08T00:00:00+00:00,2026-01-12T00:00:00+00:00,2026-01-12T00:00:00+00:00,2026-01-19T00:00:00+00:00,554.3527368332501,1047.3608415954013,-493.0081047621512,0,night,0,0.0,0,2,0,0,0,0,0,0,0,0,0,0,0,0,0,0,0,0,0,0,0,0,0,0,2,974.76946242625,1797.1453520931666,2371.2932299861945,741.7054459836112,20,0.5000000000000001,-0.8660254037844386,0,0,1
B2,roll_01,mlr,2026-01-14 21:00:00+00:00,2026-01-14 22:00:00+00:00,0,1,2025-12-08T00:00:00+00:00,2026-01-12T00:00:00+00:00,2026-01-12T00:00:00+00:00,2026-01-19T00:00:00+00:00,374.6190320515,666.0502176171015,-291.4311855656014,0,night,0,0.0,0,2,0,0,0,0,0,0,0,0,0,0,0,0,0,0,0,0,0,0,0,0,0,0,2,588.3848682054444,741.7054459836112,813.2224330626667,554.3527368332501,21,0.7071067811865474,-0.7071067811865477,0,0,1
B2,roll_01,mlr,2026-01-14 22:00:00+00:00,2026-01-14 23:00:00+00:00,0,1,2025-12-08T00:00:00+00:00,2026-01-12T00:00:00+00:00,2026-01-12T00:00:00+00:00,2026-01-19T00:00:00+00:00,391.3148025667222,533.8229421344553,-142.50813956773305,0,night,0,0.0,0,2,0,1,1,0,2,0,0,1,0,0,1,0,1,0,0,0,1,0,0,0,0,0,2,377.2789850275833,554.3527368332501,1323.4556494799722,374.6190320515,22,0.8660254037844384,-0.5000000000000004,0,0,1
B2,roll_01,mlr,2026-01-14 23:00:00+00:00,2026-01-15 00:00:00+00:00,0,1,2025-12-08T00:00:00+00:00,2026-01-12T00:00:00+00:00,2026-01-12T00:00:00+00:00,2026-01-19T00:00:00+00:00,367.0031919465834,443.89899807053126,-76.89580612394786,0,night,0,0.0,0,2,0,1,1,0,2,0,0,1,0,0,1,0,1,0,0,0,1,0,0,0,0,0,2,379.2127282198055,374.6190320515,690.983777113111,391.3148025667222,23,0.965925826289068,-0.2588190451025215,0,0,1
B2,roll_01,mlr,2026-01-15 00:00:00+00:00,2026-01-15 01:00:00+00:00,0,1,2025-12-08T00:00:00+00:00,2026-01-12T00:00:00+00:00,2026-01-12T00:00:00+00:00,2026-01-19T00:00:00+00:00,371.0505770755,825.550308638996,-454.49973156349597,0,night,0,0.0,0,2,0,0,0,0,0,0,0,0,0,0,0,0,0,0,0,0,0,0,0,0,0,0,3,398.8101495591666,391.3148025667222,373.91198171711113,367.0031919465834,0,1.0,0.0,0,0,1
B2,roll_01,mlr,2026-01-15 01:00:00+00:00,2026-01-15 02:00:00+00:00,0,1,2025-12-08T00:00:00+00:00,2026-01-12T00:00:00+00:00,2026-01-12T00:00:00+00:00,2026-01-19T00:00:00+00:00,364.3398802528056,792.2803232867757,-427.9404430339701,0,night,0,0.0,0,2,0,0,0,0,0,0,0,0,0,0,0,0,0,0,0,0,0,0,0,0,0,0,3,401.6086582135,367.0031919465834,370.08383153427775,371.0505770755,1,0.9659258262890684,0.2588190451025207,0,0,1
B2,roll_01,mlr,2026-01-15 02:00:00+00:00,2026-01-15 03:00:00+00:00,0,1,2025-12-08T00:00:00+00:00,2026-01-12T00:00:00+00:00,2026-01-12T00:00:00+00:00,2026-01-19T00:00:00+00:00,373.5574161077223,757.5677377275548,-384.0103216198325,0,night,0,0.0,0,2,0,0,0,0,0,0,0,0,0,0,0,0,0,0,0,0,0,0,0,0,0,0,3,395.4177442066111,371.0505770755,363.9680898908056,364.3398802528056,2,0.8660254037844387,0.4999999999999999,0,0,1
B2,roll_01,mlr,2026-01-15 03:00:00+00:00,2026-01-15 04:00:00+00:00,0,1,2025-12-08T00:00:00+00:00,2026-01-12T00:00:00+00:00,2026-01-12T00:00:00+00:00,2026-01-19T00:00:00+00:00,1052.1522978683056,734.6694484166119,317.4828494516937,0,night,0,0.0,0,2,0,0,0,0,0,0,0,0,0,0,0,0,0,0,0,0,0,0,0,0,0,0,3,489.5676838576112,364.3398802528056,367.8678755790834,373.5574161077223,3,0.7071067811865476,0.7071067811865476,0,0,1
B2,roll_01,mlr,2026-01-15 04:00:00+00:00,2026-01-15 05:00:00+00:00,0,1,2025-12-08T00:00:00+00:00,2026-01-12T00:00:00+00:00,2026-01-12T00:00:00+00:00,2026-01-19T00:00:00+00:00,2039.245831840444,1193.3200618336286,845.9257700068154,0,night,0,0.0,0,2,0,0,0,0,0,0,0,0,0,0,0,0,0,0,0,0,0,0,0,0,0,0,3,1013.4860831681112,373.5574161077223,1021.3973762487502,1052.1522978683056,4,0.5000000000000001,0.8660254037844386,0,0,1
B2,roll_01,mlr,2026-01-15 05:00:00+00:00,2026-01-15 06:00:00+00:00,0,1,2025-12-08T00:00:00+00:00,2026-01-12T00:00:00+00:00,2026-01-12T00:00:00+00:00,2026-01-19T00:00:00+00:00,2008.2256900938053,1953.7242023728513,54.501487720953946,0,night,0,0.0,0,2,0,0,0,0,0,0,0,0,0,0,0,0,0,0,0,0,0,0,0,0,0,0,3,2046.8079468206668,1052.1522978683056,2059.780215135472,2039.245831840444,5,0.2588190451025207,0.9659258262890684,0,0,1
B2,roll_01,mlr,2026-01-15 06:00:00+00:00,2026-01-15 07:00:00+00:00,0,1,2025-12-08T00:00:00+00:00,2026-01-12T00:00:00+00:00,2026-01-12T00:00:00+00:00,2026-01-19T00:00:00+00:00,1864.800559224361,2022.8843140892236,-158.0837548648626,0,night,0,0.0,0,2,0,0,0,0,0,0,0,0,0,0,0,0,0,0,0,0,0,0,0,0,0,0,3,2002.5342499304168,2039.245831840444,1951.7951114496389,2008.2256900938053,6,6.123233995736766e-17,1.0,0,0,1
B2,roll_01,mlr,2026-01-15 07:00:00+00:00,2026-01-15 08:00:00+00:00,0,1,2025-12-08T00:00:00+00:00,2026-01-12T00:00:00+00:00,2026-01-12T00:00:00+00:00,2026-01-19T00:00:00+00:00,1891.1646381102776,1897.6488802495135,-6.484242139235903,1,night,0,0.0,0,2,0,0,0,0,0,0,0,0,0,0,0,0,0,0,0,0,0,0,0,0,0,0,3,1850.8068317207776,2008.2256900938053,1687.1433126186946,1864.800559224361,7,-0.2588190451025206,0.9659258262890684,0,0,1
B2,roll_01,mlr,2026-01-15 08:00:00+00:00,2026-01-15 09:00:00+00:00,0,1,2025-12-08T00:00:00+00:00,2026-01-12T00:00:00+00:00,2026-01-12T00:00:00+00:00,2026-01-19T00:00:00+00:00,1853.015352479528,1895.2122138254738,-42.19686134594576,1,night,0,0.0,0,2,0,0,0,0,0,0,0,0,0,0,0,0,0,0,0,0,0,0,0,0,0,0,3,1538.5037201446942,1864.800559224361,1700.1424731680556,1891.1646381102776,8,-0.4999999999999998,0.8660254037844387,0,0,1
B2,roll_01,mlr,2026-01-15 09:00:00+00:00,2026-01-15 10:00:00+00:00,0,1,2025-12-08T00:00:00+00:00,2026-01-12T00:00:00+00:00,2026-01-12T00:00:00+00:00,2026-01-19T00:00:00+00:00,1753.4225527633614,1865.6059573836721,-112.18340462031074,1,low,0,0.0,0,2,0,0,0,0,0,0,0,0,0,0,0,0,0,0,0,0,0,0,0,0,0,0,3,1246.2386662023334,1891.1646381102776,1616.381493539,1853.015352479528,9,-0.7071067811865475,0.7071067811865476,0,0,1
B2,roll_01,mlr,2026-01-15 10:00:00+00:00,2026-01-15 11:00:00+00:00,0,1,2025-12-08T00:00:00+00:00,2026-01-12T00:00:00+00:00,2026-01-12T00:00:00+00:00,2026-01-19T00:00:00+00:00,1683.7846975026666,1805.465842455394,-121.68114495272744,1,low,0,0.0,0,2,0,0,0,0,0,0,0,0,0,0,0,0,0,0,0,0,0,0,0,0,0,0,3,1154.3803733119444,1853.015352479528,1771.2370990303614,1753.4225527633614,10,-0.8660254037844387,0.4999999999999999,0,0,1
B2,roll_01,mlr,2026-01-15 11:00:00+00:00,2026-01-15 12:00:00+00:00,0,1,2025-12-08T00:00:00+00:00,2026-01-12T00:00:00+00:00,2026-01-12T00:00:00+00:00,2026-01-19T00:00:00+00:00,662.9256880891389,1741.4526178511753,-1078.5269297620364,1,low,0,0.0,0,2,0,0,0,0,0,0,0,0,0,0,0,0,0,0,0,0,0,0,0,0,0,0,3,1112.5980900928612,1753.4225527633614,1698.523145841389,1683.7846975026666,11,-0.9659258262890682,0.258819045102521,0,0,1
B2,roll_01,mlr,2026-01-15 12:00:00+00:00,2026-01-15 13:00:00+00:00,0,1,2025-12-08T00:00:00+00:00,2026-01-12T00:00:00+00:00,2026-01-12T00:00:00+00:00,2026-01-19T00:00:00+00:00,1670.502586263833,1021.789784080212,648.7128021836211,1,low,0,0.0,0,2,0,0,0,0,0,0,0,0,0,0,0,0,0,0,0,0,0,0,0,0,0,0,3,697.50058879075,1683.7846975026666,986.6906551339166,662.9256880891389,12,-1.0,1.2246467991473532e-16,0,0,1
B2,roll_01,mlr,2026-01-15 13:00:00+00:00,2026-01-15 14:00:00+00:00,0,1,2025-12-08T00:00:00+00:00,2026-01-12T00:00:00+00:00,2026-01-12T00:00:00+00:00,2026-01-19T00:00:00+00:00,1481.236402503917,1563.7569437191255,-82.5205412152086,1,low,0,0.0,0,2,0,0,0,0,0,0,0,0,0,0,0,0,0,0,0,0,0,0,0,0,0,0,3,1350.37595587875,662.9256880891389,1215.6235662438055,1670.502586263833,13,-0.9659258262890684,-0.2588190451025208,0,0,1
B2,roll_01,mlr,2026-01-15 14:00:00+00:00,2026-01-15 15:00:00+00:00,0,1,2025-12-08T00:00:00+00:00,2026-01-12T00:00:00+00:00,2026-01-12T00:00:00+00:00,2026-01-19T00:00:00+00:00,885.3972389852223,1569.3883567391842,-683.9911177539619,1,low,0,0.0,0,2,0,0,0,0,0,0,0,0,0,0,0,0,0,0,0,0,0,0,0,0,0,0,3,1705.890929453528,1670.502586263833,1567.194707997861,1481.236402503917,14,-0.8660254037844388,-0.4999999999999997,0,0,1
B2,roll_01,mlr,2026-01-15 15:00:00+00:00,2026-01-15 16:00:00+00:00,0,1,2025-12-08T00:00:00+00:00,2026-01-12T00:00:00+00:00,2026-01-12T00:00:00+00:00,2026-01-19T00:00:00+00:00,1797.5373261431112,1141.6530363740371,655.884289769074,1,night,0,0.0,0,2,0,0,0,0,0,0,0,0,0,0,0,0,0,0,0,0,0,0,0,0,0,0,3,2587.529739670056,1481.236402503917,1578.744458172111,885.3972389852223,15,-0.7071067811865479,-0.7071067811865471,0,0,1
B2,roll_01,mlr,2026-01-15 16:00:00+00:00,2026-01-15 17:00:00+00:00,0,1,2025-12-08T00:00:00+00:00,2026-01-12T00:00:00+00:00,2026-01-12T00:00:00+00:00,2026-01-19T00:00:00+00:00,1346.1776368881667,1655.3774216425584,-309.19978475439166,0,night,0,0.0,0,2,0,0,0,0,0,0,0,0,0,0,0,0,0,0,0,0,0,0,0,0,0,0,3,2568.744366554028,885.3972389852223,1624.9310390754445,1797.5373261431112,16,-0.5000000000000004,-0.8660254037844385,0,0,1
B2,roll_01,mlr,2026-01-15 17:00:00+00:00,2026-01-15 18:00:00+00:00,0,1,2025-12-08T00:00:00+00:00,2026-01-12T00:00:00+00:00,2026-01-12T00:00:00+00:00,2026-01-19T00:00:00+00:00,2386.9593965361114,1462.159439853785,924.7999566823264,0,night,0,0.0,0,2,0,0,0,0,0,0,0,0,0,0,0,0,0,0,0,0,0,0,0,0,0,0,3,2405.933929940611,1797.5373261431112,1793.6743844524724,1346.1776368881667,17,-0.2588190451025206,-0.9659258262890684,0,0,1
B2,roll_01,mlr,2026-01-15 18:00:00+00:00,2026-01-15 19:00:00+00:00,0,1,2025-12-08T00:00:00+00:00,2026-01-12T00:00:00+00:00,2026-01-12T00:00:00+00:00,2026-01-19T00:00:00+00:00,1666.5948316020276,2010.0578089101332,-343.46297730810556,0,night,0,0.0,0,2,0,0,0,0,0,0,0,0,0,0,0,0,0,0,0,0,0,0,0,0,0,0,3,2399.449532727612,1346.1776368881667,1048.612189175861,2386.9593965361114,18,-1.8369701987210292e-16,-1.0,0,0,1
B2,roll_01,mlr,2026-01-15 19:00:00+00:00,2026-01-15 20:00:00+00:00,0,1,2025-12-08T00:00:00+00:00,2026-01-12T00:00:00+00:00,2026-01-12T00:00:00+00:00,2026-01-19T00:00:00+00:00,1076.4033323202225,1700.4970057981525,-624.09367347793,0,night,0,0.0,0,2,0,0,0,0,0,0,0,0,0,0,0,0,0,0,0,0,0,0,0,0,0,0,3,1431.48542243675,2386.9593965361114,1797.1453520931666,1666.5948316020276,19,0.2588190451025203,-0.9659258262890684,0,0,1
B2,roll_01,mlr,2026-01-15 20:00:00+00:00,2026-01-15 21:00:00+00:00,0,1,2025-12-08T00:00:00+00:00,2026-01-12T00:00:00+00:00,2026-01-12T00:00:00+00:00,2026-01-19T00:00:00+00:00,1005.1173250451112,1136.6912527400627,-131.57392769495152,0,night,0,0.0,0,2,0,0,0,0,0,0,0,0,0,0,0,0,0,0,0,0,0,0,0,0,0,0,3,898.016377999889,1666.5948316020276,741.7054459836112,1076.4033323202225,20,0.5000000000000001,-0.8660254037844386,0,0,1
B2,roll_01,mlr,2026-01-15 21:00:00+00:00,2026-01-15 22:00:00+00:00,0,1,2025-12-08T00:00:00+00:00,2026-01-12T00:00:00+00:00,2026-01-12T00:00:00+00:00,2026-01-19T00:00:00+00:00,480.00597344519446,980.398949130877,-500.39297568568253,0,night,0,0.0,0,2,0,0,0,0,0,0,0,0,0,0,0,0,0,0,0,0,0,0,0,0,0,0,3,690.6828434769444,1076.4033323202225,554.3527368332501,1005.1173250451112,21,0.7071067811865474,-0.7071067811865477,0,0,1
B2,roll_01,mlr,2026-01-15 22:00:00+00:00,2026-01-15 23:00:00+00:00,0,1,2025-12-08T00:00:00+00:00,2026-01-12T00:00:00+00:00,2026-01-12T00:00:00+00:00,2026-01-19T00:00:00+00:00,479.6300936403031,588.240976891734,-108.61088325143095,0,night,0,0.0,0,2,0,0,0,0,0,0,0,0,0,0,0,0,0,0,0,0,0,0,0,0,0,0,3,409.9078194608056,1005.1173250451112,374.6190320515,480.00597344519446,22,0.8660254037844384,-0.5000000000000004,0,0,1
B2,roll_01,mlr,2026-01-15 23:00:00+00:00,2026-01-16 00:00:00+00:00,0,1,2025-12-08T00:00:00+00:00,2026-01-12T00:00:00+00:00,2026-01-12T00:00:00+00:00,2026-01-19T00:00:00+00:00,436.11526816900937,495.5694014476836,-59.45413327867425,0,night,0,0.0,0,2,0,0,0,0,0,0,0,0,0,0,0,0,0,0,0,0,0,0,0,0,0,0,3,371.1837877735,480.00597344519446,391.3148025667222,479.6300936403031,23,0.965925826289068,-0.2588190451025215,0,0,1
B2,roll_01,mlr,2026-01-16 00:00:00+00:00,2026-01-16 01:00:00+00:00,0,1,2025-12-08T00:00:00+00:00,2026-01-12T00:00:00+00:00,2026-01-12T00:00:00+00:00,2026-01-19T00:00:00+00:00,363.3156685093611,884.2604854620921,-520.944816952731,0,night,0,0.0,0,2,0,1,1,0,4,0,0,0,1,0,1,0,1,0,0,0,1,0,0,0,0,0,4,370.2046938166389,479.6300936403031,367.0031919465834,436.11526816900937,0,1.0,0.0,0,0,1
B2,roll_01,mlr,2026-01-16 01:00:00+00:00,2026-01-16 02:00:00+00:00,0,1,2025-12-08T00:00:00+00:00,2026-01-12T00:00:00+00:00,2026-01-12T00:00:00+00:00,2026-01-19T00:00:00+00:00,402.5595977328056,799.3761917115539,-396.8165939787483,0,night,0,0.0,0,2,0,1,1,0,4,0,0,0,1,0,1,0,1,0,0,0,1,0,0,0,0,0,4,387.13958684741664,436.11526816900937,371.0505770755,363.3156685093611,1,0.9659258262890684,0.2588190451025207,0,0,1
B2,roll_01,mlr,2026-01-16 02:00:00+00:00,2026-01-16 03:00:00+00:00,0,1,2025-12-08T00:00:00+00:00,2026-01-12T00:00:00+00:00,2026-01-12T00:00:00+00:00,2026-01-19T00:00:00+00:00,399.17939954838886,785.5272314869035,-386.3478319385146,0,night,0,0.0,0,2,0,1,1,0,4,0,0,0,1,0,1,0,1,0,0,0,1,0,0,0,0,0,4,396.8507443261112,363.3156685093611,364.3398802528056,402.5595977328056,2,0.8660254037844387,0.4999999999999999,0,0,1
B2,roll_01,mlr,2026-01-16 03:00:00+00:00,2026-01-16 04:00:00+00:00,0,1,2025-12-08T00:00:00+00:00,2026-01-12T00:00:00+00:00,2026-01-12T00:00:00+00:00,2026-01-19T00:00:00+00:00,1076.4506056084722,761.4888657503748,314.9617398580974,0,night,0,0.0,0,2,0,1,1,0,4,0,0,0,1,0,1,0,1,0,0,0,1,0,0,0,0,0,4,370.8476521360556,402.5595977328056,373.5574161077223,399.17939954838886,3,0.7071067811865476,0.7071067811865476,0,0,1
B2,roll_01,mlr,2026-01-16 04:00:00+00:00,2026-01-16 05:00:00+00:00,0,1,2025-12-08T00:00:00+00:00,2026-01-12T00:00:00+00:00,2026-01-12T00:00:00+00:00,2026-01-19T00:00:00+00:00,2002.717169422556,1218.0368766638842,784.6802927586718,0,night,0,0.0,0,2,0,0,0,0,0,0,0,0,0,0,0,0,0,0,0,0,0,0,0,0,0,0,4,1030.9182591538056,399.17939954838886,1052.1522978683056,1076.4506056084722,4,0.5000000000000001,0.8660254037844386,0,0,1
B2,roll_01,mlr,2026-01-16 05:00:00+00:00,2026-01-16 06:00:00+00:00,0,1,2025-12-08T00:00:00+00:00,2026-01-12T00:00:00+00:00,2026-01-12T00:00:00+00:00,2026-01-19T00:00:00+00:00,2477.7992105114445,1935.3368986801884,542.4623118312561,0,night,0,0.0,0,2,0,0,0,0,0,0,0,0,0,0,0,0,0,0,0,0,0,0,0,0,0,0,4,2047.0297009597773,1076.4506056084722,2039.245831840444,2002.717169422556,5,0.2588190451025207,0.9659258262890684,0,0,1
B2,roll_01,mlr,2026-01-16 06:00:00+00:00,2026-01-16 07:00:00+00:00,0,1,2025-12-08T00:00:00+00:00,2026-01-12T00:00:00+00:00,2026-01-12T00:00:00+00:00,2026-01-19T00:00:00+00:00,2372.8508934692777,2324.754829050918,48.096064418359674,0,night,0,0.0,0,2,0,0,0,0,0,0,0,0,0,0,0,0,0,0,0,0,0,0,0,0,0,0,4,2558.245225021167,2002.717169422556,2008.2256900938053,2477.7992105114445,6,6.123233995736766e-17,1.0,0,0,1
B2,roll_01,mlr,2026-01-16 07:00:00+00:00,2026-01-16 08:00:00+00:00,0,1,2025-12-08T00:00:00+00:00,2026-01-12T00:00:00+00:00,2026-01-12T00:00:00+00:00,2026-01-19T00:00:00+00:00,1713.0605896702225,2296.440113825367,-583.3795241551445,1,night,0,0.0,0,2,0,0,0,0,0,0,0,0,0,0,0,0,0,0,0,0,0,0,0,0,0,0,4,1917.6388459600832,2477.7992105114445,1864.800559224361,2372.8508934692777,7,-0.2588190451025206,0.9659258262890684,0,0,1
B2,roll_01,mlr,2026-01-16 08:00:00+00:00,2026-01-16 09:00:00+00:00,0,1,2025-12-08T00:00:00+00:00,2026-01-12T00:00:00+00:00,2026-01-12T00:00:00+00:00,2026-01-19T00:00:00+00:00,1442.9932598915832,1843.1605286806616,-400.16726878907843,1,low,0,0.0,0,2,0,0,0,0,0,0,0,0,0,0,0,0,0,0,0,0,0,0,0,0,0,0,4,2537.646863457084,2372.8508934692777,1891.1646381102776,1713.0605896702225,8,-0.4999999999999998,0.8660254037844387,0,0,1
B2,roll_01,mlr,2026-01-16 09:00:00+00:00,2026-01-16 10:00:00+00:00,0,1,2025-12-08T00:00:00+00:00,2026-01-12T00:00:00+00:00,2026-01-12T00:00:00+00:00,2026-01-19T00:00:00+00:00,1623.9131629396943,1593.7632896777968,30.149873261897483,1,low,0,0.0,0,2,0,0,0,0,0,0,0,0,0,0,0,0,0,0,0,0,0,0,0,0,0,0,4,1822.7418795589167,1713.0605896702225,1853.015352479528,1442.9932598915832,9,-0.7071067811865475,0.7071067811865476,0,0,1
B2,roll_01,mlr,2026-01-16 10:00:00+00:00,2026-01-16 11:00:00+00:00,0,1,2025-12-08T00:00:00+00:00,2026-01-12T00:00:00+00:00,2026-01-12T00:00:00+00:00,2026-01-19T00:00:00+00:00,490.20504058097225,1670.1317704120859,-1179.9267298311136,1,low,0,0.0,0,2,0,0,0,0,0,0,0,0,0,0,0,0,0,0,0,0,0,0,0,0,0,0,4,1791.9841544997778,1442.9932598915832,1753.4225527633614,1623.9131629396943,10,-0.8660254037844387,0.4999999999999999,0,0,1
B2,roll_01,mlr,2026-01-16 11:00:00+00:00,2026-01-16 12:00:00+00:00,0,1,2025-12-08T00:00:00+00:00,2026-01-12T00:00:00+00:00,2026-01-12T00:00:00+00:00,2026-01-19T00:00:00+00:00,1595.4900083538612,945.9928857312134,649.4971226226478,1,low,0,0.0,0,2,0,0,0,0,0,0,0,0,0,0,0,0,0,0,0,0,0,0,0,0,0,0,4,1919.5265633675,1623.9131629396943,1683.7846975026666,490.20504058097225,11,-0.9659258262890682,0.258819045102521,0,0,1
B2,roll_01,mlr,2026-01-16 12:00:00+00:00,2026-01-16 13:00:00+00:00,0,1,2025-12-08T00:00:00+00:00,2026-01-12T00:00:00+00:00,2026-01-12T00:00:00+00:00,2026-01-19T00:00:00+00:00,701.5758242305001,1455.8172258298641,-754.241401599364,1,low,0,0.0,0,2,0,0,0,0,0,0,0,0,0,0,0,0,0,0,0,0,0,0,0,0,0,0,4,2047.703922921584,490.20504058097225,662.9256880891389,1595.4900083538612,12,-1.0,1.2246467991473532e-16,0,0,1
B2,roll_01,mlr,2026-01-16 13:00:00+00:00,2026-01-16 14:00:00+00:00,0,1,2025-12-08T00:00:00+00:00,2026-01-12T00:00:00+00:00,2026-01-12T00:00:00+00:00,2026-01-19T00:00:00+00:00,1952.1323181944445,1066.271700367502,885.8606178269424,1,low,0,0.0,0,2,0,0,0,0,0,0,0,0,0,0,0,0,0,0,0,0,0,0,0,0,0,0,4,2327.2743383188613,1595.4900083538612,1670.502586263833,701.5758242305001,13,-0.9659258262890684,-0.2588190451025208,0,0,1
B2,roll_01,mlr,2026-01-16 14:00:00+00:00,2026-01-16 15:00:00+00:00,0,1,2025-12-08T00:00:00+00:00,2026-01-12T00:00:00+00:00,2026-01-12T00:00:00+00:00,2026-01-19T00:00:00+00:00,573.8755752583612,1753.6151986249897,-1179.7396233666286,1,low,0,0.0,0,2,0,0,0,0,0,0,0,0,0,0,0,0,0,0,0,0,0,0,0,0,0,0,4,2475.2395324104723,701.5758242305001,1481.236402503917,1952.1323181944445,14,-0.8660254037844388,-0.4999999999999997,0,0,1
B2,roll_01,mlr,2026-01-16 15:00:00+00:00,2026-01-16 16:00:00+00:00,0,1,2025-12-08T00:00:00+00:00,2026-01-12T00:00:00+00:00,2026-01-12T00:00:00+00:00,2026-01-19T00:00:00+00:00,1748.7442167502777,952.6810346472985,796.0631821029792,1,night,0,0.0,0,2,0,0,0,0,0,0,0,0,0,0,0,0,0,0,0,0,0,0,0,0,0,0,4,2099.886327037028,1952.1323181944445,885.3972389852223,573.8755752583612,15,-0.7071067811865479,-0.7071067811865471,0,0,1
B2,roll_01,mlr,2026-01-16 16:00:00+00:00,2026-01-16 17:00:00+00:00,0,1,2025-12-08T00:00:00+00:00,2026-01-12T00:00:00+00:00,2026-01-12T00:00:00+00:00,2026-01-19T00:00:00+00:00,1779.3662909536945,1611.251772181189,168.11451877250556,0,night,0,0.0,0,2,0,0,0,0,0,0,0,0,0,0,0,0,0,0,0,0,0,0,0,0,0,0,4,2043.670283908889,573.8755752583612,1797.5373261431112,1748.7442167502777,16,-0.5000000000000004,-0.8660254037844385,0,0,1
B2,roll_01,mlr,2026-01-16 17:00:00+00:00,2026-01-16 18:00:00+00:00,0,1,2025-12-08T00:00:00+00:00,2026-01-12T00:00:00+00:00,2026-01-12T00:00:00+00:00,2026-01-19T00:00:00+00:00,1926.1523590546667,1713.8659151526483,212.2864439020184,0,night,0,0.0,0,2,0,0,0,0,0,0,0,0,0,0,0,0,0,0,0,0,0,0,0,0,0,0,4,2019.3687657176667,1748.7442167502777,1346.1776368881667,1779.3662909536945,17,-0.2588190451025206,-0.9659258262890684,0,0,1
B2,roll_01,mlr,2026-01-16 18:00:00+00:00,2026-01-16 19:00:00+00:00,0,1,2025-12-08T00:00:00+00:00,2026-01-12T00:00:00+00:00,2026-01-12T00:00:00+00:00,2026-01-19T00:00:00+00:00,3573.4096695315,1866.4839705204263,1706.925699011074,0,night,0,0.0,0,2,0,0,0,0,0,0,0,0,0,0,0,0,0,0,0,0,0,0,0,0,0,0,4,1954.244045320861,1779.3662909536945,2386.9593965361114,1926.1523590546667,18,-1.8369701987210292e-16,-1.0,0,0,1
B2,roll_01,mlr,2026-01-16 19:00:00+00:00,2026-01-16 20:00:00+00:00,0,1,2025-12-08T00:00:00+00:00,2026-01-12T00:00:00+00:00,2026-01-12T00:00:00+00:00,2026-01-19T00:00:00+00:00,2754.500442691028,2868.6385786760684,-114.13813598504021,0,night,0,0.0,0,2,0,0,0,0,0,0,0,0,0,0,0,0,0,0,0,0,0,0,0,0,0,0,4,2342.330235312528,1926.1523590546667,1666.5948316020276,3573.4096695315,19,0.2588190451025203,-0.9659258262890684,0,0,1
B2,roll_01,mlr,2026-01-16 20:00:00+00:00,2026-01-16 21:00:00+00:00,0,1,2025-12-08T00:00:00+00:00,2026-01-12T00:00:00+00:00,2026-01-12T00:00:00+00:00,2026-01-19T00:00:00+00:00,2483.442940576528,2467.9323269506594,15.5106136258687,0,night,0,0.0,0,2,0,0,0,0,0,0,0,0,0,0,0,0,0,0,0,0,0,0,0,0,0,0,4,1013.7995625885,3573.4096695315,1076.4033323202225,2754.500442691028,20,0.5000000000000001,-0.8660254037844386,0,0,1
B2,roll_01,mlr,2026-01-16 21:00:00+00:00,2026-01-16 22:00:00+00:00,0,1,2025-12-08T00:00:00+00:00,2026-01-12T00:00:00+00:00,2026-01-12T00:00:00+00:00,2026-01-19T00:00:00+00:00,2471.681181403111,2165.5284669963257,306.15271440678544,0,night,0,0.0,0,2,0,0,0,0,0,0,0,0,0,0,0,0,0,0,0,0,0,0,0,0,0,0,4,725.7640030931667,2754.500442691028,1005.1173250451112,2483.442940576528,21,0.7071067811865474,-0.7071067811865477,0,0,1
B2,roll_01,mlr,2026-01-16 22:00:00+00:00,2026-01-16 23:00:00+00:00,0,1,2025-12-08T00:00:00+00:00,2026-01-12T00:00:00+00:00,2026-01-12T00:00:00+00:00,2026-01-19T00:00:00+00:00,2428.759211638084,2058.5273286967185,370.23188294136526,0,night,0,0.0,0,2,0,0,0,0,0,0,0,0,0,0,0,0,0,0,0,0,0,0,0,0,0,0,4,457.7714818046389,2483.442940576528,480.00597344519446,2471.681181403111,22,0.8660254037844384,-0.5000000000000004,0,0,1
B2,roll_01,mlr,2026-01-16 23:00:00+00:00,2026-01-17 00:00:00+00:00,0,1,2025-12-08T00:00:00+00:00,2026-01-12T00:00:00+00:00,2026-01-12T00:00:00+00:00,2026-01-19T00:00:00+00:00,2422.2099434294164,1994.912020760506,427.29792266891036,0,night,0,0.0,0,2,0,0,0,0,0,0,0,0,0,0,0,0,0,0,0,0,0,0,0,0,0,0,4,442.25945804897225,2471.681181403111,479.6300936403031,2428.759211638084,23,0.965925826289068,-0.2588190451025215,0,0,1
B2,roll_01,mlr,2026-01-17 00:00:00+00:00,2026-01-17 01:00:00+00:00,0,1,2025-12-08T00:00:00+00:00,2026-01-12T00:00:00+00:00,2026-01-12T00:00:00+00:00,2026-01-19T00:00:00+00:00,2419.0737715843334,2311.6679569803614,107.40581460397198,0,night,0,0.0,0,2,0,0,0,0,0,0,0,0,0,0,0,0,0,0,0,0,0,0,0,0,0,0,5,451.9524179743889,2428.759211638084,436.11526816900937,2422.2099434294164,0,1.0,0.0,0,1,1
B2,roll_01,mlr,2026-01-17 01:00:00+00:00,2026-01-17 02:00:00+00:00,0,1,2025-12-08T00:00:00+00:00,2026-01-12T00:00:00+00:00,2026-01-12T00:00:00+00:00,2026-01-19T00:00:00+00:00,2397.090425719361,2271.5244392909162,125.56598642844483,0,night,0,0.0,0,2,0,0,0,0,0,0,0,0,0,0,0,0,0,0,0,0,0,0,0,0,0,0,5,391.0213954262777,2422.2099434294164,363.3156685093611,2419.0737715843334,1,0.9659258262890684,0.2588190451025207,0,1,1
B2,roll_01,mlr,2026-01-17 02:00:00+00:00,2026-01-17 03:00:00+00:00,0,1,2025-12-08T00:00:00+00:00,2026-01-12T00:00:00+00:00,2026-01-12T00:00:00+00:00,2026-01-19T00:00:00+00:00,2408.5668939863613,2229.2312016432033,179.33569234315792,0,night,0,0.0,0,2,0,0,0,0,0,0,0,0,0,0,0,0,0,0,0,0,0,0,0,0,0,0,5,396.8184454624445,2419.0737715843334,402.5595977328056,2397.090425719361,2,0.8660254037844387,0.4999999999999999,0,1,1
B2,roll_01,mlr,2026-01-17 03:00:00+00:00,2026-01-17 04:00:00+00:00,0,1,2025-12-08T00:00:00+00:00,2026-01-12T00:00:00+00:00,2026-01-12T00:00:00+00:00,2026-01-19T00:00:00+00:00,2987.1550890425,2206.7202727730373,780.4348162694628,0,night,0,0.0,0,2,0,0,0,0,0,0,0,0,0,0,0,0,0,0,0,0,0,0,0,0,0,0,5,392.470940987861,2397.090425719361,399.17939954838886,2408.5668939863613,3,0.7071067811865476,0.7071067811865476,0,1,1
B2,roll_01,mlr,2026-01-17 04:00:00+00:00,2026-01-17 05:00:00+00:00,0,1,2025-12-08T00:00:00+00:00,2026-01-12T00:00:00+00:00,2026-01-12T00:00:00+00:00,2026-01-19T00:00:00+00:00,3319.657065773777,2603.0046468219634,716.6524189518136,0,night,0,0.0,0,2,0,0,0,0,0,0,0,0,0,0,0,0,0,0,0,0,0,0,0,0,0,0,5,873.0134955361945,2408.5668939863613,1076.4506056084722,2987.1550890425,4,0.5000000000000001,0.8660254037844386,0,1,1
B2,roll_01,mlr,2026-01-17 05:00:00+00:00,2026-01-17 06:00:00+00:00,0,1,2025-12-08T00:00:00+00:00,2026-01-12T00:00:00+00:00,2026-01-12T00:00:00+00:00,2026-01-19T00:00:00+00:00,2391.335260368139,2921.8425976534545,-530.5073372853153,0,night,0,0.0,0,2,0,0,0,0,0,0,0,0,0,0,0,0,0,0,0,0,0,0,0,0,0,0,5,1704.9182572990833,2987.1550890425,2002.717169422556,3319.657065773777,5,0.2588190451025207,0.9659258262890684,0,1,1
B2,roll_01,mlr,2026-01-17 06:00:00+00:00,2026-01-17 07:00:00+00:00,0,1,2025-12-08T00:00:00+00:00,2026-01-12T00:00:00+00:00,2026-01-12T00:00:00+00:00,2026-01-19T00:00:00+00:00,2341.329542084556,2373.6674727458676,-32.337930661311475,0,night,0,0.0,0,2,0,0,0,0,0,0,0,0,0,0,0,0,0,0,0,0,0,0,0,0,0,0,5,1945.5007948983048,3319.657065773777,2477.7992105114445,2391.335260368139,6,6.123233995736766e-17,1.0,0,1,1
B2,roll_01,mlr,2026-01-17 07:00:00+00:00,2026-01-17 08:00:00+00:00,0,1,2025-12-08T00:00:00+00:00,2026-01-12T00:00:00+00:00,2026-01-12T00:00:00+00:00,2026-01-19T00:00:00+00:00,2591.676535681584,2217.163898042358,374.5126376392259,1,night,0,0.0,0,2,0,0,0,0,0,0,0,0,0,0,0,0,0,0,0,0,0,0,0,0,0,0,5,1939.5566896918056,2391.335260368139,2372.8508934692777,2341.329542084556,7,-0.2588190451025206,0.9659258262890684,0,1,1
B2,roll_01,mlr,2026-01-17 08:00:00+00:00,2026-01-17 09:00:00+00:00,0,1,2025-12-08T00:00:00+00:00,2026-01-12T00:00:00+00:00,2026-01-12T00:00:00+00:00,2026-01-19T00:00:00+00:00,876.2151453261389,2315.902819160857,-1439.6876738347178,1,low,0,0.0,0,2,0,0,0,0,0,0,0,0,0,0,0,0,0,0,0,0,0,0,0,0,0,0,5,2127.9194307847497,2341.329542084556,1713.0605896702225,2591.676535681584,8,-0.4999999999999998,0.8660254037844387,0,1,1
B2,roll_01,mlr,2026-01-17 09:00:00+00:00,2026-01-17 10:00:00+00:00,0,1,2025-12-08T00:00:00+00:00,2026-01-12T00:00:00+00:00,2026-01-12T00:00:00+00:00,2026-01-19T00:00:00+00:00,1362.1403257086388,1208.4036524007352,153.73667330790363,1,low,0,0.0,0,2,0,0,0,0,0,0,0,0,0,0,0,0,0,0,0,0,0,0,0,0,0,0,5,2000.1470279075832,2591.676535681584,1442.9932598915832,876.2151453261389,9,-0.7071067811865475,0.7071067811865476,0,1,1
B2,roll_01,mlr,2026-01-17 10:00:00+00:00,2026-01-17 11:00:00+00:00,0,1,2025-12-08T00:00:00+00:00,2026-01-12T00:00:00+00:00,2026-01-12T00:00:00+00:00,2026-01-19T00:00:00+00:00,851.023270576111,1341.496689841883,-490.4734192657719,1,low,0,0.0,0,2,0,0,0,0,0,0,0,0,0,0,0,0,0,0,0,0,0,0,0,0,0,0,5,1770.5304107042775,876.2151453261389,1623.9131629396943,1362.1403257086388,10,-0.8660254037844387,0.4999999999999999,0,1,1
B2,roll_01,mlr,2026-01-17 11:00:00+00:00,2026-01-17 12:00:00+00:00,0,1,2025-12-08T00:00:00+00:00,2026-01-12T00:00:00+00:00,2026-01-12T00:00:00+00:00,2026-01-19T00:00:00+00:00,375.1866214471667,976.3014545070702,-601.1148330599035,1,low,0,0.0,0,2,0,0,0,0,0,0,0,0,0,0,0,0,0,0,0,0,0,0,0,0,0,0,5,2099.097986216222,1362.1403257086388,490.20504058097225,851.023270576111,11,-0.9659258262890682,0.258819045102521,0,1,1
B2,roll_01,mlr,2026-01-17 12:00:00+00:00,2026-01-17 13:00:00+00:00,0,1,2025-12-08T00:00:00+00:00,2026-01-12T00:00:00+00:00,2026-01-12T00:00:00+00:00,2026-01-19T00:00:00+00:00,1125.2122855051666,686.9896866651533,438.22259884001335,1,low,0,0.0,0,3,0,0,0,0,0,0,0,0,0,0,0,0,0,0,0,0,0,0,0,0,0,0,5,2066.14777083575,851.023270576111,1595.4900083538612,375.1866214471667,12,-1.0,1.2246467991473532e-16,0,1,1
B2,roll_01,mlr,2026-01-17 13:00:00+00:00,2026-01-17 14:00:00+00:00,0,1,2025-12-08T00:00:00+00:00,2026-01-12T00:00:00+00:00,2026-01-12T00:00:00+00:00,2026-01-19T00:00:00+00:00,553.7227735364166,1054.4166156043477,-500.6938420679311,1,low,0,0.0,0,3,0,0,0,0,0,0,0,0,0,0,0,0,0,0,0,0,0,0,0,0,0,0,5,1718.2276665944446,375.1866214471667,701.5758242305001,1125.2122855051666,13,-0.9659258262890684,-0.2588190451025208,0,1,1
B2,roll_01,mlr,2026-01-17 14:00:00+00:00,2026-01-17 15:00:00+00:00,0,1,2025-12-08T00:00:00+00:00,2026-01-12T00:00:00+00:00,2026-01-12T00:00:00+00:00,2026-01-19T00:00:00+00:00,893.3163181295832,845.3343386007766,47.98197952880662,1,low,0,0.0,0,3,0,0,0,0,0,0,0,0,0,0,0,0,0,0,0,0,0,0,0,0,0,0,5,2298.0285432916944,1125.2122855051666,1952.1323181944445,553.7227735364166,14,-0.8660254037844388,-0.4999999999999997,0,1,1
B2,roll_01,mlr,2026-01-17 15:00:00+00:00,2026-01-17 16:00:00+00:00,0,1,2025-12-08T00:00:00+00:00,2026-01-12T00:00:00+00:00,2026-01-12T00:00:00+00:00,2026-01-19T00:00:00+00:00,1082.6851535658332,888.0771872788741,194.60796628695903,1,night,0,0.0,0,3,0,0,0,0,0,0,0,0,0,0,0,0,0,0,0,0,0,0,0,0,0,0,5,2539.5653047919445,553.7227735364166,573.8755752583612,893.3163181295832,15,-0.7071067811865479,-0.7071067811865471,0,1,1
B2,roll_01,mlr,2026-01-17 16:00:00+00:00,2026-01-17 17:00:00+00:00,0,1,2025-12-08T00:00:00+00:00,2026-01-12T00:00:00+00:00,2026-01-12T00:00:00+00:00,2026-01-19T00:00:00+00:00,1215.7402370096668,1130.4166270365567,85.32360997311002,0,night,0,0.0,0,2,0,0,0,0,0,0,0,0,0,0,0,0,0,0,0,0,0,0,0,0,0,0,5,1708.9707138076667,893.3163181295832,1748.7442167502777,1082.6851535658332,16,-0.5000000000000004,-0.8660254037844385,0,1,1
B2,roll_01,mlr,2026-01-17 17:00:00+00:00,2026-01-17 18:00:00+00:00,0,1,2025-12-08T00:00:00+00:00,2026-01-12T00:00:00+00:00,2026-01-12T00:00:00+00:00,2026-01-19T00:00:00+00:00,1466.154889960333,1199.4574489544498,266.6974410058833,0,night,0,0.0,0,2,0,0,0,0,0,0,0,0,0,0,0,0,0,0,0,0,0,0,0,0,0,0,5,3623.9131346842223,1082.6851535658332,1779.3662909536945,1215.7402370096668,17,-0.2588190451025206,-0.9659258262890684,0,1,1
B2,roll_01,mlr,2026-01-17 18:00:00+00:00,2026-01-17 19:00:00+00:00,0,1,2025-12-08T00:00:00+00:00,2026-01-12T00:00:00+00:00,2026-01-12T00:00:00+00:00,2026-01-19T00:00:00+00:00,1078.6994199493888,1395.634890540448,-316.93547059105913,0,night,0,0.0,0,2,0,0,0,0,0,0,0,0,0,0,0,0,0,0,0,0,0,0,0,0,0,0,5,1101.2175339098333,1215.7402370096668,1926.1523590546667,1466.154889960333,18,-1.8369701987210292e-16,-1.0,0,1,1
B2,roll_01,mlr,2026-01-17 19:00:00+00:00,2026-01-17 20:00:00+00:00,0,1,2025-12-08T00:00:00+00:00,2026-01-12T00:00:00+00:00,2026-01-12T00:00:00+00:00,2026-01-19T00:00:00+00:00,1284.7492482649168,1256.9014797107316,27.847768554185222,0,night,0,0.0,0,2,0,0,0,0,0,0,0,0,0,0,0,0,0,0,0,0,0,0,0,0,0,0,5,1849.9723726721668,1466.154889960333,3573.4096695315,1078.6994199493888,19,0.2588190451025203,-0.9659258262890684,0,1,1
B2,roll_01,mlr,2026-01-17 20:00:00+00:00,2026-01-17 21:00:00+00:00,0,1,2025-12-08T00:00:00+00:00,2026-01-12T00:00:00+00:00,2026-01-12T00:00:00+00:00,2026-01-19T00:00:00+00:00,851.6801286406111,1262.670245937108,-410.9901172964968,0,night,0,0.0,0,2,0,0,0,0,0,0,0,0,0,0,0,0,0,0,0,0,0,0,0,0,0,0,5,1455.1370739963888,1078.6994199493888,2754.500442691028,1284.7492482649168,20,0.5000000000000001,-0.8660254037844386,0,1,1
B2,roll_01,mlr,2026-01-17 21:00:00+00:00,2026-01-17 22:00:00+00:00,0,1,2025-12-08T00:00:00+00:00,2026-01-12T00:00:00+00:00,2026-01-12T00:00:00+00:00,2026-01-19T00:00:00+00:00,661.5588102037779,961.553477318246,-299.99466711446814,0,night,0,0.0,0,2,0,0,0,0,0,0,0,0,0,0,0,0,0,0,0,0,0,0,0,0,0,0,5,775.8096372270278,1284.7492482649168,2483.442940576528,851.6801286406111,21,0.7071067811865474,-0.7071067811865477,0,1,1
B2,roll_01,mlr,2026-01-17 22:00:00+00:00,2026-01-17 23:00:00+00:00,0,1,2025-12-08T00:00:00+00:00,2026-01-12T00:00:00+00:00,2026-01-12T00:00:00+00:00,2026-01-19T00:00:00+00:00,356.0791067192222,756.4509348337845,-400.3718281145623,0,night,0,0.0,0,2,0,0,0,0,0,0,0,0,0,0,0,0,0,0,0,0,0,0,0,0,0,0,5,609.0600654670277,851.6801286406111,2471.681181403111,661.5588102037779,22,0.8660254037844384,-0.5000000000000004,0,1,1
B2,roll_01,mlr,2026-01-17 23:00:00+00:00,2026-01-18 00:00:00+00:00,0,1,2025-12-08T00:00:00+00:00,2026-01-12T00:00:00+00:00,2026-01-12T00:00:00+00:00,2026-01-19T00:00:00+00:00,409.1542958934167,501.45621818145884,-92.30192228804214,0,night,0,0.0,0,2,0,1,1,0,2,0,0,1,0,0,1,0,1,0,0,0,1,0,0,0,0,0,5,410.7482779138611,661.5588102037779,2428.759211638084,356.0791067192222,23,0.965925826289068,-0.2588190451025215,0,1,1
B2,roll_01,mlr,2026-01-18 00:00:00+00:00,2026-01-18 01:00:00+00:00,0,1,2025-12-08T00:00:00+00:00,2026-01-12T00:00:00+00:00,2026-01-12T00:00:00+00:00,2026-01-19T00:00:00+00:00,386.80348134525,919.5622015137684,-532.7587201685184,0,night,0,0.0,0,2,0,1,1,0,2,0,0,1,0,0,1,0,1,0,0,0,1,0,0,0,0,0,6,405.205528771,356.0791067192222,2422.2099434294164,409.1542958934167,0,1.0,0.0,0,1,1
B2,roll_01,mlr,2026-01-18 01:00:00+00:00,2026-01-18 02:00:00+00:00,0,1,2025-12-08T00:00:00+00:00,2026-01-12T00:00:00+00:00,2026-01-12T00:00:00+00:00,2026-01-19T00:00:00+00:00,363.9506782922222,877.185717286044,-513.2350389938217,0,night,0,0.0,0,2,0,0,0,0,0,0,0,0,0,0,0,0,0,0,0,0,0,0,0,0,0,0,6,475.14375079194434,409.1542958934167,2419.0737715843334,386.80348134525,1,0.9659258262890684,0.2588190451025207,0,1,1
B2,roll_01,mlr,2026-01-18 02:00:00+00:00,2026-01-18 03:00:00+00:00,0,1,2025-12-08T00:00:00+00:00,2026-01-12T00:00:00+00:00,2026-01-12T00:00:00+00:00,2026-01-19T00:00:00+00:00,366.92154284288887,828.6688111376374,-461.7472682947485,0,night,0,0.0,0,2,0,0,0,0,0,0,0,0,0,0,0,0,0,0,0,0,0,0,0,0,0,0,6,401.84106967408337,386.80348134525,2397.090425719361,363.9506782922222,2,0.8660254037844387,0.4999999999999999,0,1,1
B2,roll_01,mlr,2026-01-18 03:00:00+00:00,2026-01-18 04:00:00+00:00,0,1,2025-12-08T00:00:00+00:00,2026-01-12T00:00:00+00:00,2026-01-12T00:00:00+00:00,2026-01-19T00:00:00+00:00,919.6470143296112,801.9742007966757,117.67281353293549,0,night,0,0.0,0,2,0,0,0,0,0,0,0,0,0,0,0,0,0,0,0,0,0,0,0,0,0,0,6,367.7446838216111,363.9506782922222,2408.5668939863613,366.92154284288887,3,0.7071067811865476,0.7071067811865476,0,1,1
B2,roll_01,mlr,2026-01-18 04:00:00+00:00,2026-01-18 05:00:00+00:00,0,1,2025-12-08T00:00:00+00:00,2026-01-12T00:00:00+00:00,2026-01-12T00:00:00+00:00,2026-01-19T00:00:00+00:00,1696.4327096815832,1172.0025105167865,524.4301991647967,0,night,0,0.0,0,2,0,0,0,0,0,0,0,0,0,0,0,0,0,0,0,0,0,0,0,0,0,0,6,963.4637856096666,366.92154284288887,2987.1550890425,919.6470143296112,4,0.5000000000000001,0.8660254037844386,0,1,1
B2,roll_01,mlr,2026-01-18 05:00:00+00:00,2026-01-18 06:00:00+00:00,0,1,2025-12-08T00:00:00+00:00,2026-01-12T00:00:00+00:00,2026-01-12T00:00:00+00:00,2026-01-19T00:00:00+00:00,1787.8514459331388,1732.8750501501288,54.97639578301005,0,night,0,0.0,0,2,0,0,0,0,0,0,0,0,0,0,0,0,0,0,0,0,0,0,0,0,0,0,6,1813.34006411675,919.6470143296112,3319.657065773777,1696.4327096815832,5,0.2588190451025207,0.9659258262890684,0,1,1
B2,roll_01,mlr,2026-01-18 06:00:00+00:00,2026-01-18 07:00:00+00:00,0,1,2025-12-08T00:00:00+00:00,2026-01-12T00:00:00+00:00,2026-01-12T00:00:00+00:00,2026-01-19T00:00:00+00:00,2221.478881947944,1797.071779521404,424.40710242653995,0,night,0,0.0,0,2,0,0,0,0,0,0,0,0,0,0,0,0,0,0,0,0,0,0,0,0,0,0,6,1868.444830851611,1696.4327096815832,2391.335260368139,1787.8514459331388,6,6.123233995736766e-17,1.0,0,1,1
B2,roll_01,mlr,2026-01-18 07:00:00+00:00,2026-01-18 08:00:00+00:00,0,1,2025-12-08T00:00:00+00:00,2026-01-12T00:00:00+00:00,2026-01-12T00:00:00+00:00,2026-01-19T00:00:00+00:00,1747.753539249222,2072.108879051281,-324.3553398020588,1,night,0,0.0,0,2,0,0,0,0,0,0,0,0,0,0,0,0,0,0,0,0,0,0,0,0,0,0,6,1998.770939867861,1787.8514459331388,2341.329542084556,2221.478881947944,7,-0.2588190451025206,0.9659258262890684,0,1,1
B2,roll_01,mlr,2026-01-18 08:00:00+00:00,2026-01-18 09:00:00+00:00,0,1,2025-12-08T00:00:00+00:00,2026-01-12T00:00:00+00:00,2026-01-12T00:00:00+00:00,2026-01-19T00:00:00+00:00,1199.014191615,1828.6798711762442,-629.6656795612441,1,low,0,0.0,0,2,0,0,0,0,0,0,0,0,0,0,0,0,0,0,0,0,0,0,0,0,0,0,6,1620.6764299421666,2221.478881947944,2591.676535681584,1747.753539249222,8,-0.4999999999999998,0.8660254037844387,0,1,1
B2,roll_01,mlr,2026-01-18 09:00:00+00:00,2026-01-18 10:00:00+00:00,0,1,2025-12-08T00:00:00+00:00,2026-01-12T00:00:00+00:00,2026-01-12T00:00:00+00:00,2026-01-19T00:00:00+00:00,2696.399735123361,1291.587132899989,1404.812602223372,1,low,0,0.0,0,2,0,0,0,0,0,0,0,0,0,0,0,0,0,0,0,0,0,0,0,0,0,0,6,1464.1872420950556,1747.753539249222,876.2151453261389,1199.014191615,9,-0.7071067811865475,0.7071067811865476,0,1,1
B2,roll_01,mlr,2026-01-18 10:00:00+00:00,2026-01-18 11:00:00+00:00,0,1,2025-12-08T00:00:00+00:00,2026-01-12T00:00:00+00:00,2026-01-12T00:00:00+00:00,2026-01-19T00:00:00+00:00,908.328997025861,2244.026754949122,-1335.6977579232607,1,low,0,0.0,0,2,0,0,0,0,0,0,0,0,0,0,0,0,0,0,0,0,0,0,0,0,0,0,6,474.102661966639,1199.014191615,1362.1403257086388,2696.399735123361,10,-0.8660254037844387,0.4999999999999999,0,1,1
B2,roll_01,mlr,2026-01-18 11:00:00+00:00,2026-01-18 12:00:00+00:00,0,1,2025-12-08T00:00:00+00:00,2026-01-12T00:00:00+00:00,2026-01-12T00:00:00+00:00,2026-01-19T00:00:00+00:00,1081.863576312389,1208.8452801216956,-126.98170380930674,1,low,0,0.0,0,2,0,0,0,0,0,0,0,0,0,0,0,0,0,0,0,0,0,0,0,0,0,0,6,924.8024321908888,2696.399735123361,851.023270576111,908.328997025861,11,-0.9659258262890682,0.258819045102521,0,1,1
B2,roll_01,mlr,2026-01-18 12:00:00+00:00,2026-01-18 13:00:00+00:00,0,1,2025-12-08T00:00:00+00:00,2026-01-12T00:00:00+00:00,2026-01-12T00:00:00+00:00,2026-01-19T00:00:00+00:00,2173.5554944418054,1096.8009361763154,1076.75455826549,1,low,0,0.0,0,3,0,0,0,0,0,0,0,0,0,0,0,0,0,0,0,0,0,0,0,0,0,0,6,-377.0683961764167,908.328997025861,375.1866214471667,1081.863576312389,12,-1.0,1.2246467991473532e-16,0,1,1
B2,roll_01,mlr,2026-01-18 13:00:00+00:00,2026-01-18 14:00:00+00:00,0,1,2025-12-08T00:00:00+00:00,2026-01-12T00:00:00+00:00,2026-01-12T00:00:00+00:00,2026-01-19T00:00:00+00:00,1035.234056645167,1876.0375620230234,-840.8035053778565,1,low,0,0.0,0,3,0,0,0,0,0,0,0,0,0,0,0,0,0,0,0,0,0,0,0,0,0,0,6,-533.3608326616389,1081.863576312389,1125.2122855051666,2173.5554944418054,13,-0.9659258262890684,-0.2588190451025208,0,1,1
B2,roll_01,mlr,2026-01-18 14:00:00+00:00,2026-01-18 15:00:00+00:00,0,1,2025-12-08T00:00:00+00:00,2026-01-12T00:00:00+00:00,2026-01-12T00:00:00+00:00,2026-01-19T00:00:00+00:00,982.0105920020555,1187.3835219393577,-205.37292993730216,1,low,0,0.0,0,3,0,0,0,0,0,0,0,0,0,0,0,0,0,0,0,0,0,0,0,0,0,0,6,1619.3522628639723,2173.5554944418054,553.7227735364166,1035.234056645167,14,-0.8660254037844388,-0.4999999999999997,0,1,1
B2,roll_01,mlr,2026-01-18 15:00:00+00:00,2026-01-18 16:00:00+00:00,0,1,2025-12-08T00:00:00+00:00,2026-01-12T00:00:00+00:00,2026-01-12T00:00:00+00:00,2026-01-19T00:00:00+00:00,939.633989883972,1047.3295538986613,-107.69556401468924,1,night,0,0.0,0,3,0,0,0,0,0,0,0,0,0,0,0,0,0,0,0,0,0,0,0,0,0,0,6,867.3860450609445,1035.234056645167,893.3163181295832,982.0105920020555,15,-0.7071067811865479,-0.7071067811865471,0,1,1
B2,roll_01,mlr,2026-01-18 16:00:00+00:00,2026-01-18 17:00:00+00:00,0,1,2025-12-08T00:00:00+00:00,2026-01-12T00:00:00+00:00,2026-01-12T00:00:00+00:00,2026-01-19T00:00:00+00:00,1984.2611124879447,1010.4783401027562,973.7827723851885,0,night,0,0.0,0,2,0,0,0,0,0,0,0,0,0,0,0,0,0,0,0,0,0,0,0,0,0,0,6,1129.351029028639,982.0105920020555,1082.6851535658332,939.633989883972,16,-0.5000000000000004,-0.8660254037844385,0,1,1
B2,roll_01,mlr,2026-01-18 17:00:00+00:00,2026-01-18 18:00:00+00:00,0,1,2025-12-08T00:00:00+00:00,2026-01-12T00:00:00+00:00,2026-01-12T00:00:00+00:00,2026-01-19T00:00:00+00:00,1779.6982078336666,1668.167648490595,111.53055934307167,0,night,0,0.0,0,2,0,0,0,0,0,0,0,0,0,0,0,0,0,0,0,0,0,0,0,0,0,0,6,1683.5612400863336,939.633989883972,1215.7402370096668,1984.2611124879447,17,-0.2588190451025206,-0.9659258262890684,0,1,1
B2,roll_01,mlr,2026-01-18 18:00:00+00:00,2026-01-18 19:00:00+00:00,0,1,2025-12-08T00:00:00+00:00,2026-01-12T00:00:00+00:00,2026-01-12T00:00:00+00:00,2026-01-19T00:00:00+00:00,1945.2175917344168,1637.2437435258876,307.97384820852926,0,night,0,0.0,0,2,0,0,0,0,0,0,0,0,0,0,0,0,0,0,0,0,0,0,0,0,0,0,6,2735.553599037861,1984.2611124879447,1466.154889960333,1779.6982078336666,18,-1.8369701987210292e-16,-1.0,0,1,1
B2,roll_01,mlr,2026-01-18 19:00:00+00:00,2026-01-18 20:00:00+00:00,0,1,2025-12-08T00:00:00+00:00,2026-01-12T00:00:00+00:00,2026-01-12T00:00:00+00:00,2026-01-19T00:00:00+00:00,817.2623687095833,1675.7437746597811,-858.4814059501979,0,night,0,0.0,0,2,0,0,0,0,0,0,0,0,0,0,0,0,0,0,0,0,0,0,0,0,0,0,6,2033.9936153407496,1779.6982078336666,1078.6994199493888,1945.2175917344168,19,0.2588190451025203,-0.9659258262890684,0,1,1
B2,roll_01,mlr,2026-01-18 20:00:00+00:00,2026-01-18 21:00:00+00:00,0,1,2025-12-08T00:00:00+00:00,2026-01-12T00:00:00+00:00,2026-01-12T00:00:00+00:00,2026-01-19T00:00:00+00:00,1022.3695540110556,957.8636284554441,64.5059255556115,0,night,0,0.0,0,2,0,0,0,0,0,0,0,0,0,0,0,0,0,0,0,0,0,0,0,0,0,0,6,1245.8312970156112,1945.2175917344168,1284.7492482649168,817.2623687095833,20,0.5000000000000001,-0.8660254037844386,0,1,1
B2,roll_01,mlr,2026-01-18 21:00:00+00:00,2026-01-18 22:00:00+00:00,0,1,2025-12-08T00:00:00+00:00,2026-01-12T00:00:00+00:00,2026-01-12T00:00:00+00:00,2026-01-19T00:00:00+00:00,579.8006035581112,880.6767953536009,-300.8761917954897,0,night,0,0.0,0,2,0,0,0,0,0,0,0,0,0,0,0,0,0,0,0,0,0,0,0,0,0,0,6,2829.186617279833,817.2623687095833,851.6801286406111,1022.3695540110556,21,0.7071067811865474,-0.7071067811865477,0,1,1
