split_id,train_start_utc,train_end_utc,test_start_utc,test_end_utc,is_train_split,is_test_split,ts_utc,ts_target_utc,y_demand_t_plus_1,day_of_week,demand_lag_168h,demand_lag_1h,demand_lag_24h,demand_w,flag_demand_imputed,flag_grid_exporting,flag_pool_imputed,flag_pv_imputed,flag_temp_imputed,hour,hour_cos,hour_sin,is_holiday_it,is_weekend,month,outdoor_temp_c,outdoor_temp_c_lag_168h,outdoor_temp_c_lag_1h,outdoor_temp_c_lag_24h,pool_w,pool_w_lag_168h,pool_w_lag_1h,pool_w_lag_24h,pv_w,pv_w_lag_168h,pv_w_lag_1h,pv_w_lag_24h,is_daylight,pv_regime,pool_on,pool_on_lag_1h,pool_switch,temp_bin,demand_w_obs,pv_w_obs,pool_w_obs,demand_imputed_interp,demand_imputed_ffill,demand_imputed_fallback,demand_imputed_any,pool_imputed_interp,pool_imputed_ffill,pool_imputed_fallback,pool_imputed_any,temp_imputed_interp,temp_imputed_ffill,temp_imputed_fallback,temp_imputed_any,pv_imputed_interp,pv_imputed_ffill_night_ok,pv_imputed_fallback_zero,pv_imputed_any,flag_demand_imputed_new,flag_pv_imputed_new,flag_pool_imputed_new,flag_temp_imputed_new,imputed_any,imputed_count,gaplen_demand_h,gaplen_pv_h,gaplen_pool_h,gaplen_temp_h,gaplen_bin_demand,gaplen_bin_pv,gaplen_bin_pool,gaplen_bin_temp,prov_demand_lag_1h_imputed,prov_pv_lag_1h_imputed,prov_pool_lag_1h_imputed,prov_temp_lag_1h_imputed,prov_demand_lag_24h_imputed,prov_pv_lag_24h_imputed,prov_pool_lag_24h_imputed,prov_temp_lag_24h_imputed,prov_demand_lag_168h_imputed,prov_pv_lag_168h_imputed,prov_pool_lag_168h_imputed,prov_temp_lag_168h_imputed
roll_02,2025-12-08T00:00:00+00:00,2026-01-19T00:00:00+00:00,2026-01-19T00:00:00+00:00,2026-01-26T00:00:00+00:00,1,0,2025-12-14 23:00:00+00:00,2025-12-15 00:00:00+00:00,2452.1323059774168,6,507.7373618155278,2815.205026875777,448.0172425146945,2468.623559919889,0,0,0,0,0,23,0.965925826289068,-0.2588190451025215,0,1,12,3.4191204095,5.113237369055556,3.846845752,3.955130451444445,19.199218554861112,19.18124122477778,19.08259467594445,19.95647346719445,0.0,0.0,0.0,0.0,0,night,0,0.0,0,1,2468.623559919889,0.0,19.199218554861112,0,0,0,0,0,0,0,0,0,0,0,0,0,0,0,0,0,0,0,0,0,0,0,0,0,0,0,0,0,0,0.0,0.0,0.0,0.0,0.0,0.0,0.0,0.0,0.0,0.0,0.0,0.0
roll_02,2025-12-08T00:00:00+00:00,2026-01-19T00:00:00+00:00,2026-01-19T00:00:00+00:00,2026-01-26T00:00:00+00:00,1,0,2025-12-15 00:00:00+00:00,2025-12-15 01:00:00+00:00,2439.418054687833,0,519.7730338943334,2468.623559919889,437.5810445442223,2452.1323059774168,0,0,0,0,0,0,1.0,0.0,0,0,12,3.171738211833333,4.747346141083333,3.4191204095,3.699397339361111,19.444211328805554,19.46589619311111,19.199218554861112,19.86339547672222,0.0,0.0,0.0,0.0,0,night,0,0.0,0,1,2452.1323059774168,0.0,19.444211328805554,0,0,0,0,0,0,0,0,0,0,0,0,0,0,0,0,0,0,0,0,0,0,0,0,0,0,0,0,0,0,0.0,0.0,0.0,0.0,0.0,0.0,0.0,0.0,0.0,0.0,0.0,0.0
roll_02,2025-12-08T00:00:00+00:00,2026-01-19T00:00:00+00:00,2026-01-19T00:00:00+00:00,2026-01-26T00:00:00+00:00,1,0,2025-12-15 01:00:00+00:00,2025-12-15 02:00:00+00:00,2414.1634617512777,0,405.7923137641389,2452.1323059774168,443.58453827025,2439.418054687833,0,0,0,0,0,1,0.9659258262890684,0.2588190451025207,0,0,12,2.81894241825,4.437490121805555,3.171738211833333,3.2347561561666667,19.38378533836111,19.523734779861112,19.444211328805554,19.90039977561111,0.0,0.0,0.0,0.0,0,night,0,0.0,0,1,2439.418054687833,0.0,19.38378533836111,0,0,0,0,0,0,0,0,0,0,0,0,0,0,0,0,0,0,0,0,0,0,0,0,0,0,0,0,0,0,0.0,0.0,0.0,0.0,0.0,1.0,0.0,0.0,0.0,1.0,0.0,0.0
roll_02,2025-12-08T00:00:00+00:00,2026-01-19T00:00:00+00:00,2026-01-19T00:00:00+00:00,2026-01-26T00:00:00+00:00,1,0,2025-12-15 02:00:00+00:00,2025-12-15 03:00:00+00:00,2415.747803679861,0,372.36200877152777,2439.418054687833,391.6266112256944,2414.1634617512777,0,0,0,0,0,2,0.8660254037844387,0.4999999999999999,0,0,12,2.7323275916944443,4.158408715472223,2.81894241825,2.868451159333333,19.176134203666667,19.460435619138888,19.38378533836111,19.94734008361112,0.0,0.0,0.0,0.0,0,night,0,0.0,0,1,2414.1634617512777,0.0,19.176134203666667,0,0,0,0,0,0,0,0,0,0,0,0,0,0,0,0,0,0,0,0,0,0,0,0,0,0,0,0,0,0,0.0,0.0,0.0,0.0,0.0,0.0,0.0,0.0,0.0,1.0,0.0,0.0
roll_02,2025-12-08T00:00:00+00:00,2026-01-19T00:00:00+00:00,2026-01-19T00:00:00+00:00,2026-01-26T00:00:00+00:00,1,0,2025-12-15 03:00:00+00:00,2025-12-15 04:00:00+00:00,3021.860150356333,0,368.5349669416945,2414.1634617512777,388.8593881775834,2415.747803679861,0,0,0,0,0,3,0.7071067811865476,0.7071067811865476,0,0,12,2.5260850636666667,4.229704332333333,2.7323275916944443,2.8213079144166664,19.098450773222226,19.618550223777778,19.176134203666667,19.969060300694444,0.0,0.0,0.0,0.0,0,night,0,0.0,0,1,2415.747803679861,0.0,19.098450773222226,0,0,0,0,0,0,0,0,0,0,0,0,0,0,0,0,0,0,0,0,0,0,0,0,0,0,0,0,0,0,0.0,0.0,0.0,0.0,0.0,0.0,0.0,0.0,0.0,1.0,0.0,0.0
roll_02,2025-12-08T00:00:00+00:00,2026-01-19T00:00:00+00:00,2026-01-19T00:00:00+00:00,2026-01-26T00:00:00+00:00,1,0,2025-12-15 04:00:00+00:00,2025-12-15 05:00:00+00:00,3994.380775009528,0,1005.0115228406112,2415.747803679861,914.7980906415556,3021.860150356333,0,0,0,0,0,4,0.5000000000000001,0.8660254037844386,0,0,12,2.4089149463055555,3.863478075416667,2.5260850636666667,2.6458333251944444,19.20344796330556,19.71751694938889,19.098450773222226,19.615201065666664,0.0,0.0,0.0,0.0,0,night,0,0.0,0,1,3021.860150356333,0.0,19.20344796330556,0,0,0,0,0,0,0,0,0,0,0,0,0,0,0,0,0,0,0,0,0,0,0,0,0,0,0,0,0,0,0.0,0.0,0.0,0.0,0.0,0.0,0.0,0.0,0.0,1.0,0.0,0.0
roll_02,2025-12-08T00:00:00+00:00,2026-01-19T00:00:00+00:00,2026-01-19T00:00:00+00:00,2026-01-26T00:00:00+00:00,1,0,2025-12-15 05:00:00+00:00,2025-12-15 06:00:00+00:00,3760.357407745972,0,2463.0570198719447,3021.860150356333,2989.7081982239165,3994.380775009528,0,0,0,0,0,5,0.2588190451025207,0.9659258262890684,0,0,12,2.192809210694445,3.6995231845277776,2.4089149463055555,2.5887741676666667,19.64009619238889,20.19084349711112,19.20344796330556,20.44384711611111,0.0,0.0,0.0,0.0,0,night,0,0.0,0,1,3994.380775009528,0.0,19.64009619238889,0,0,0,0,0,0,0,0,0,0,0,0,0,0,0,0,0,0,0,0,0,0,0,0,0,0,0,0,0,0,0.0,0.0,0.0,0.0,0.0,0.0,0.0,0.0,0.0,0.0,0.0,0.0
roll_02,2025-12-08T00:00:00+00:00,2026-01-19T00:00:00+00:00,2026-01-19T00:00:00+00:00,2026-01-26T00:00:00+00:00,1,0,2025-12-15 06:00:00+00:00,2025-12-15 07:00:00+00:00,2715.4849584707777,0,2881.376123968112,3994.380775009528,3062.9793509173887,3760.357407745972,0,0,0,0,0,6,6.123233995736766e-17,1.0,0,0,12,2.4883945030277776,3.539248234,2.192809210694445,2.2750013179722224,20.016389504722223,19.92514088775,19.64009619238889,20.58616440075,0.0,0.0,0.0,0.0,0,night,0,0.0,0,1,3760.357407745972,0.0,20.016389504722223,0,0,0,0,0,0,0,0,0,0,0,0,0,0,0,0,0,0,0,0,0,0,0,0,0,0,0,0,0,0,0.0,0.0,0.0,0.0,0.0,0.0,0.0,0.0,0.0,0.0,0.0,0.0
roll_02,2025-12-08T00:00:00+00:00,2026-01-19T00:00:00+00:00,2026-01-19T00:00:00+00:00,2026-01-26T00:00:00+00:00,1,0,2025-12-15 07:00:00+00:00,2025-12-15 08:00:00+00:00,2812.8167717373053,0,3606.760071677639,3760.357407745972,3326.10154173925,2715.4849584707777,0,0,0,0,0,7,-0.2588190451025206,0.9659258262890684,0,0,12,2.3229276531944443,3.933178697166667,2.4883945030277776,2.44421129125,19.233584415333336,20.204008038027776,20.016389504722223,20.484076916555555,74.8569207888889,95.07314795872225,0.0,165.86149434466668,1,low,0,0.0,0,1,2715.4849584707777,74.8569207888889,19.233584415333336,0,0,0,0,0,0,0,0,0,0,0,0,0,0,0,0,0,0,0,0,0,0,0,0,0,0,0,0,0,0,0.0,0.0,0.0,0.0,0.0,0.0,0.0,0.0,0.0,0.0,0.0,0.0
roll_02,2025-12-08T00:00:00+00:00,2026-01-19T00:00:00+00:00,2026-01-19T00:00:00+00:00,2026-01-26T00:00:00+00:00,1,0,2025-12-15 08:00:00+00:00,2025-12-15 09:00:00+00:00,926.0382755021388,0,1490.2497809967224,2715.4849584707777,2452.2545051689444,2812.8167717373053,0,0,0,0,0,8,-0.4999999999999998,0.8660254037844387,0,0,12,3.7048967176666654,4.993110326916667,2.3229276531944443,4.576603160833333,19.40022165913889,19.59870693838889,19.233584415333336,20.35196299825,406.2769342608056,430.6403962305,74.8569207888889,692.5243737706945,1,low,0,0.0,0,1,2812.8167717373053,406.2769342608056,19.40022165913889,0,0,0,0,0,0,0,0,0,0,0,0,0,0,0,0,0,0,0,0,0,0,0,0,0,0,0,0,0,0,0.0,0.0,0.0,0.0,0.0,0.0,0.0,0.0,0.0,0.0,0.0,0.0
roll_02,2025-12-08T00:00:00+00:00,2026-01-19T00:00:00+00:00,2026-01-19T00:00:00+00:00,2026-01-26T00:00:00+00:00,1,0,2025-12-15 09:00:00+00:00,2025-12-15 10:00:00+00:00,-658.7976389963055,0,-162.5748837751389,2812.8167717373053,973.2970321093612,926.0382755021388,0,0,0,0,0,9,-0.7071067811865475,0.7071067811865476,0,0,12,6.760384475222222,6.383290280944444,3.7048967176666654,7.162006507277778,18.931502167666668,19.75531391427777,19.40022165913889,20.749756153166665,815.0818738891112,976.8995083493888,406.2769342608056,1070.8229528604445,1,med,0,0.0,0,2,926.0382755021388,815.0818738891112,18.931502167666668,0,0,0,0,0,0,0,0,0,0,0,0,0,0,0,0,0,0,0,0,0,0,0,0,0,0,0,0,0,0,0.0,0.0,0.0,0.0,0.0,0.0,0.0,0.0,0.0,0.0,0.0,0.0
roll_02,2025-12-08T00:00:00+00:00,2026-01-19T00:00:00+00:00,2026-01-19T00:00:00+00:00,2026-01-26T00:00:00+00:00,1,0,2025-12-15 10:00:00+00:00,2025-12-15 11:00:00+00:00,1206.2266350876666,0,-491.1628562678889,926.0382755021388,178.64155084516665,-658.7976389963055,0,1,0,0,0,10,-0.8660254037844387,0.4999999999999999,0,0,12,9.326779951222225,8.674915354222222,6.760384475222222,9.614448982194444,19.03994528827777,20.246176130027777,18.931502167666668,21.13955639163889,1145.9161380374169,1400.5904509373056,815.0818738891112,1365.5434565519445,1,med,0,0.0,0,2,-658.7976389963055,1145.9161380374169,19.03994528827777,0,0,0,0,0,0,0,0,0,0,0,0,0,0,0,0,0,0,0,0,0,0,0,0,0,0,0,0,0,0,0.0,0.0,0.0,0.0,0.0,0.0,0.0,0.0,0.0,0.0,0.0,0.0
roll_02,2025-12-08T00:00:00+00:00,2026-01-19T00:00:00+00:00,2026-01-19T00:00:00+00:00,2026-01-26T00:00:00+00:00,1,0,2025-12-15 11:00:00+00:00,2025-12-15 12:00:00+00:00,-272.5475546961945,0,-527.9809694466111,-658.7976389963055,-35.72138645980555,1206.2266350876666,0,0,0,0,0,11,-0.9659258262890682,0.258819045102521,0,0,12,9.59636497275,11.60441914527778,9.326779951222225,11.983135964833332,19.82063749125,20.3928941285,19.03994528827777,20.220688100222223,733.9601978418333,1450.3874673949722,1145.9161380374169,1437.615677087167,1,med,0,0.0,0,2,1206.2266350876666,733.9601978418333,19.82063749125,0,0,0,0,0,0,0,0,0,0,0,0,0,0,0,0,0,0,0,0,0,0,0,0,0,0,0,0,0,0,0.0,0.0,0.0,0.0,0.0,0.0,0.0,0.0,0.0,0.0,0.0,0.0
roll_02,2025-12-08T00:00:00+00:00,2026-01-19T00:00:00+00:00,2026-01-19T00:00:00+00:00,2026-01-26T00:00:00+00:00,1,0,2025-12-15 12:00:00+00:00,2025-12-15 13:00:00+00:00,276.66675283327777,0,-188.70074052161115,1206.2266350876666,719.626894346361,-272.5475546961945,0,1,0,0,0,12,-1.0,1.2246467991473532e-16,0,0,12,10.382548519472222,13.966008553805557,9.59636497275,13.233206213611112,19.00854338322222,20.20799248622222,19.82063749125,19.98677321013889,739.7746233493334,1341.3183366173057,733.9601978418333,1316.6411526648333,1,med,0,0.0,0,3,-272.5475546961945,739.7746233493334,19.00854338322222,0,0,0,0,0,0,0,0,0,0,0,0,0,0,0,0,0,0,0,0,0,0,0,0,0,0,0,0,0,0,0.0,0.0,0.0,0.0,0.0,0.0,0.0,0.0,0.0,0.0,0.0,0.0
roll_02,2025-12-08T00:00:00+00:00,2026-01-19T00:00:00+00:00,2026-01-19T00:00:00+00:00,2026-01-26T00:00:00+00:00,1,0,2025-12-15 13:00:00+00:00,2025-12-15 14:00:00+00:00,1007.5207156481111,0,-228.46237068030555,-272.5475546961945,36.13187606141667,276.66675283327777,0,0,0,0,0,13,-0.9659258262890684,-0.2588190451025208,0,0,12,11.750826005277778,16.460745225333334,10.382548519472222,15.212682660638889,19.41134607069445,24.94417461116667,19.00854338322222,20.07586033555556,897.1466770502221,1054.903089294639,739.7746233493334,1033.8994353391388,1,med,0,0.0,0,3,276.66675283327777,897.1466770502221,19.41134607069445,0,0,0,0,0,0,0,0,0,0,0,0,0,0,0,0,0,0,0,0,0,0,0,0,0,0,0,0,0,0,0.0,0.0,0.0,0.0,0.0,0.0,0.0,0.0,0.0,0.0,0.0,0.0
roll_02,2025-12-08T00:00:00+00:00,2026-01-19T00:00:00+00:00,2026-01-19T00:00:00+00:00,2026-01-26T00:00:00+00:00,1,0,2025-12-15 14:00:00+00:00,2025-12-15 15:00:00+00:00,991.5285482089444,0,1001.8803527263613,276.66675283327777,1079.9346981810002,1007.5207156481111,0,0,0,0,0,14,-0.8660254037844388,-0.4999999999999997,0,0,12,11.49345336163889,16.23391947886111,11.750826005277778,15.175090791666667,18.98053851175,19.45227659175,19.41134607069445,19.46136461125,158.16240280391665,423.39926189825,897.1466770502221,377.4043546429722,1,low,0,0.0,0,3,1007.5207156481111,158.16240280391665,18.98053851175,0,0,0,0,0,0,0,0,0,0,0,0,0,0,0,0,0,0,0,0,0,0,0,0,0,0,0,0,0,0,0.0,0.0,0.0,0.0,0.0,0.0,0.0,0.0,0.0,0.0,0.0,0.0
roll_02,2025-12-08T00:00:00+00:00,2026-01-19T00:00:00+00:00,2026-01-19T00:00:00+00:00,2026-01-26T00:00:00+00:00,1,0,2025-12-15 15:00:00+00:00,2025-12-15 16:00:00+00:00,2929.288864953,0,765.5934765243888,1007.5207156481111,1646.754909849417,991.5285482089444,0,0,0,0,0,15,-0.7071067811865479,-0.7071067811865471,0,0,12,9.306635351305555,13.756893416305555,11.49345336163889,12.299049607444443,18.455705048166667,19.05953909930556,18.98053851175,18.82348857805556,0.0,0.0,158.16240280391665,0.0,1,night,0,0.0,0,2,991.5285482089444,0.0,18.455705048166667,0,0,0,0,0,0,0,0,0,0,0,0,0,0,0,0,0,0,0,0,0,0,0,0,0,0,0,0,0,0,0.0,0.0,0.0,0.0,0.0,0.0,0.0,0.0,0.0,0.0,0.0,0.0
roll_02,2025-12-08T00:00:00+00:00,2026-01-19T00:00:00+00:00,2026-01-19T00:00:00+00:00,2026-01-26T00:00:00+00:00,1,0,2025-12-15 16:00:00+00:00,2025-12-15 17:00:00+00:00,1181.90201280825,0,970.1297510334444,991.5285482089444,1266.7114300736669,2929.288864953,0,0,0,0,0,16,-0.5000000000000004,-0.8660254037844385,0,0,12,7.748870087083333,10.886829954888888,9.306635351305555,9.48943829075,18.61037652738889,18.700843044722223,18.455705048166667,18.92284433288889,0.0,0.0,0.0,0.0,0,night,0,0.0,0,2,2929.288864953,0.0,18.61037652738889,0,0,0,0,0,0,0,0,0,0,0,0,0,0,0,0,0,0,0,0,0,0,0,0,0,0,0,0,0,0,0.0,0.0,0.0,0.0,0.0,0.0,0.0,0.0,0.0,0.0,0.0,0.0
roll_02,2025-12-08T00:00:00+00:00,2026-01-19T00:00:00+00:00,2026-01-19T00:00:00+00:00,2026-01-26T00:00:00+00:00,1,0,2025-12-15 17:00:00+00:00,2025-12-15 18:00:00+00:00,962.82591136725,0,814.09740190225,2929.288864953,2995.248148495611,1181.90201280825,0,0,0,0,0,17,-0.2588190451025206,-0.9659258262890684,0,0,12,6.794222119944444,9.006574691027778,7.748870087083333,7.894278955638889,18.456345473972224,18.76202305986111,18.61037652738889,18.83598640008333,0.0,0.0,0.0,0.0,0,night,0,0.0,0,2,1181.90201280825,0.0,18.456345473972224,0,0,0,0,0,0,0,0,0,0,0,0,0,0,0,0,0,0,0,0,0,0,0,0,0,0,0,0,0,0,0.0,0.0,0.0,0.0,0.0,0.0,0.0,0.0,0.0,0.0,0.0,0.0
roll_02,2025-12-08T00:00:00+00:00,2026-01-19T00:00:00+00:00,2026-01-19T00:00:00+00:00,2026-01-26T00:00:00+00:00,1,0,2025-12-15 18:00:00+00:00,2025-12-15 19:00:00+00:00,2301.616357292278,0,1634.2806322535,1181.90201280825,3219.0426203895554,962.82591136725,0,0,0,0,0,18,-1.8369701987210294e-16,-1.0,0,0,12,6.454088997777778,7.724724298638889,6.794222119944444,6.427311665277777,18.58356207986111,18.401895302472223,18.456345473972224,18.697575883888888,0.0,0.0,0.0,0.0,0,night,0,0.0,0,2,962.82591136725,0.0,18.58356207986111,0,0,0,0,0,0,0,0,0,0,0,0,0,0,0,0,0,0,0,0,0,0,0,0,0,0,0,0,0,0,0.0,0.0,0.0,0.0,0.0,0.0,0.0,0.0,0.0,1.0,0.0,0.0
roll_02,2025-12-08T00:00:00+00:00,2026-01-19T00:00:00+00:00,2026-01-19T00:00:00+00:00,2026-01-26T00:00:00+00:00,1,0,2025-12-15 19:00:00+00:00,2025-12-15 20:00:00+00:00,2195.112726016583,0,805.2331950556112,962.82591136725,3459.727321077389,2301.616357292278,0,0,0,0,0,19,0.2588190451025203,-0.9659258262890684,0,0,12,5.78793753013889,7.031826524388888,6.454088997777778,5.645173224888889,19.019518336722225,18.93527227533333,18.58356207986111,18.281283446666663,0.0,0.0,0.0,0.0,0,night,0,0.0,0,2,2301.616357292278,0.0,19.019518336722225,0,0,0,0,0,0,0,0,0,0,0,0,0,0,0,0,0,0,0,0,0,0,0,0,0,0,0,0,0,0,0.0,0.0,0.0,0.0,0.0,0.0,0.0,0.0,0.0,1.0,0.0,0.0
roll_02,2025-12-08T00:00:00+00:00,2026-01-19T00:00:00+00:00,2026-01-19T00:00:00+00:00,2026-01-26T00:00:00+00:00,1,0,2025-12-15 20:00:00+00:00,2025-12-15 21:00:00+00:00,1135.1464189376943,0,670.840949218,2301.616357292278,3535.764005716805,2195.112726016583,0,0,0,0,0,20,0.5000000000000001,-0.8660254037844386,0,0,12,5.507252910861111,6.570157661611112,5.78793753013889,4.934960849722223,19.8520421995,19.37598436525,19.019518336722225,18.53449169988889,0.0,0.0,0.0,0.0,0,night,0,0.0,0,2,2195.112726016583,0.0,19.8520421995,0,0,0,0,0,0,0,0,0,0,0,0,0,0,0,0,0,0,0,0,0,0,0,0,0,0,0,0,0,0,0.0,0.0,0.0,0.0,0.0,0.0,0.0,0.0,0.0,1.0,0.0,0.0
roll_02,2025-12-08T00:00:00+00:00,2026-01-19T00:00:00+00:00,2026-01-19T00:00:00+00:00,2026-01-26T00:00:00+00:00,1,0,2025-12-15 21:00:00+00:00,2025-12-15 22:00:00+00:00,482.8885251898333,0,718.8986297823334,2195.112726016583,3047.206975274639,1135.1464189376943,0,0,0,0,0,21,0.7071067811865474,-0.7071067811865477,0,0,12,5.2677105246944445,6.135933464666667,5.507252910861111,4.132545873083333,19.003535908666667,19.391991825055555,19.8520421995,22.45231448638889,0.0,0.0,0.0,0.0,0,night,0,0.0,0,2,1135.1464189376943,0.0,19.003535908666667,0,0,0,0,0,0,0,0,0,0,0,0,0,0,0,0,0,0,0,0,0,0,0,0,0,0,0,0,0,0,0.0,0.0,0.0,0.0,0.0,0.0,0.0,0.0,0.0,1.0,0.0,0.0
roll_02,2025-12-08T00:00:00+00:00,2026-01-19T00:00:00+00:00,2026-01-19T00:00:00+00:00,2026-01-26T00:00:00+00:00,1,0,2025-12-15 22:00:00+00:00,2025-12-15 23:00:00+00:00,405.8846786238334,0,570.5399359196667,1135.1464189376943,2815.205026875777,482.8885251898333,0,0,0,0,0,22,0.8660254037844384,-0.5000000000000004,0,0,12,4.877332229444444,5.490945054472221,5.2677105246944445,3.846845752,19.21813296875,19.688758839027777,19.003535908666667,19.08259467594445,0.0,0.0,0.0,0.0,0,night,0,0.0,0,1,482.8885251898333,0.0,19.21813296875,0,0,0,0,0,0,0,0,0,0,0,0,0,0,0,0,0,0,0,0,0,0,0,0,0,0,0,0,0,0,0.0,0.0,0.0,0.0,0.0,0.0,0.0,0.0,0.0,1.0,0.0,0.0
roll_02,2025-12-08T00:00:00+00:00,2026-01-19T00:00:00+00:00,2026-01-19T00:00:00+00:00,2026-01-26T00:00:00+00:00,1,0,2025-12-15 23:00:00+00:00,2025-12-16 00:00:00+00:00,405.6469590446945,0,404.7261649322222,482.8885251898333,2468.623559919889,405.8846786238334,0,0,0,0,0,23,0.965925826289068,-0.2588190451025215,0,0,12,4.895000660611111,5.350589820638889,4.877332229444444,3.4191204095,19.23920043358333,19.808573504694444,19.21813296875,19.199218554861112,0.0,0.0,0.0,0.0,0,night,0,0.0,0,1,405.8846786238334,0.0,19.23920043358333,0,0,0,0,0,0,0,0,0,0,0,0,0,0,0,0,0,0,0,0,0,0,0,0,0,0,0,0,0,0,0.0,0.0,0.0,0.0,0.0,0.0,0.0,0.0,0.0,1.0,0.0,0.0
roll_02,2025-12-08T00:00:00+00:00,2026-01-19T00:00:00+00:00,2026-01-19T00:00:00+00:00,2026-01-26T00:00:00+00:00,1,0,2025-12-16 00:00:00+00:00,2025-12-16 01:00:00+00:00,422.62427850377776,1,389.1791478810278,405.8846786238334,2452.1323059774168,405.6469590446945,0,0,0,1,0,0,1.0,0.0,0,0,12,5.247121551333334,4.953624592388889,4.895000660611111,3.171738211833333,19.722204768111112,19.781523918083334,19.23920043358333,19.444211328805554,0.0,0.0,0.0,0.0,0,night,0,0.0,0,2,405.6469590446945,,19.722204768111112,0,0,0,0,0,0,0,0,0,0,0,0,0,1,0,1,0,1,0,0,1,1,0,5,0,0,0,3,0,0,0.0,0.0,0.0,0.0,0.0,0.0,0.0,0.0,0.0,1.0,0.0,0.0
roll_02,2025-12-08T00:00:00+00:00,2026-01-19T00:00:00+00:00,2026-01-19T00:00:00+00:00,2026-01-26T00:00:00+00:00,1,0,2025-12-16 01:00:00+00:00,2025-12-16 02:00:00+00:00,403.6943479121945,1,384.5908597259167,405.6469590446945,2439.418054687833,422.62427850377776,0,0,0,1,0,1,0.9659258262890684,0.2588190451025207,0,0,12,5.493171799416667,4.68354365625,5.247121551333334,2.81894241825,20.01917419788889,19.87356037347222,19.722204768111112,19.38378533836111,0.0,0.0,0.0,0.0,0,night,0,0.0,0,2,422.62427850377776,,20.01917419788889,0,0,0,0,0,0,0,0,0,0,0,0,0,1,0,1,0,1,0,0,1,1,0,5,0,0,0,3,0,0,0.0,1.0,0.0,0.0,0.0,0.0,0.0,0.0,0.0,1.0,0.0,0.0
roll_02,2025-12-08T00:00:00+00:00,2026-01-19T00:00:00+00:00,2026-01-19T00:00:00+00:00,2026-01-26T00:00:00+00:00,1,0,2025-12-16 02:00:00+00:00,2025-12-16 03:00:00+00:00,414.02281912100005,1,386.9018449719722,422.62427850377776,2414.1634617512777,403.6943479121945,0,0,0,1,0,2,0.8660254037844387,0.4999999999999999,0,0,12,5.568326639138889,4.419567857611111,5.493171799416667,2.7323275916944443,19.67997072455556,20.00544376730556,20.01917419788889,19.176134203666667,0.0,0.0,0.0,0.0,0,night,0,0.0,0,2,403.6943479121945,,19.67997072455556,0,0,0,0,0,0,0,0,0,0,0,0,0,1,0,1,0,1,0,0,1,1,0,5,0,0,0,3,0,0,0.0,1.0,0.0,0.0,0.0,0.0,0.0,0.0,0.0,1.0,0.0,0.0
roll_02,2025-12-08T00:00:00+00:00,2026-01-19T00:00:00+00:00,2026-01-19T00:00:00+00:00,2026-01-26T00:00:00+00:00,1,0,2025-12-16 03:00:00+00:00,2025-12-16 04:00:00+00:00,1062.3990484865833,1,382.0628137921111,403.6943479121945,2415.747803679861,414.02281912100005,0,0,0,1,0,3,0.7071067811865476,0.7071067811865476,0,0,12,5.682945562305556,3.765996297055555,5.568326639138889,2.5260850636666667,19.83102632702778,19.833121247694447,19.67997072455556,19.098450773222226,0.0,0.0,0.0,0.0,0,night,0,0.0,0,2,414.02281912100005,,19.83102632702778,0,0,0,0,0,0,0,0,0,0,0,0,0,1,0,1,0,1,0,0,1,1,0,5,0,0,0,3,0,0,0.0,1.0,0.0,0.0,0.0,0.0,0.0,0.0,0.0,1.0,0.0,0.0
roll_02,2025-12-08T00:00:00+00:00,2026-01-19T00:00:00+00:00,2026-01-19T00:00:00+00:00,2026-01-26T00:00:00+00:00,1,0,2025-12-16 04:00:00+00:00,2025-12-16 05:00:00+00:00,2661.166535575861,1,1047.0160851525277,414.02281912100005,3021.860150356333,1062.3990484865833,0,0,0,1,0,4,0.5000000000000001,0.8660254037844386,0,0,12,5.824993235111111,3.5354871305555555,5.682945562305556,2.4089149463055555,19.66575520036111,19.94547768580556,19.83102632702778,19.20344796330556,0.0,0.0,0.0,0.0,0,night,0,0.0,0,2,1062.3990484865833,,19.66575520036111,0,0,0,0,0,0,0,0,0,0,0,0,0,1,0,1,0,1,0,0,1,1,0,5,0,0,0,3,0,0,0.0,1.0,0.0,0.0,0.0,0.0,0.0,0.0,0.0,0.0,0.0,0.0
roll_02,2025-12-08T00:00:00+00:00,2026-01-19T00:00:00+00:00,2026-01-19T00:00:00+00:00,2026-01-26T00:00:00+00:00,1,0,2025-12-16 05:00:00+00:00,2025-12-16 06:00:00+00:00,3456.122775254056,1,2550.0792341704723,1062.3990484865833,3994.380775009528,2661.166535575861,0,0,0,0,0,5,0.2588190451025207,0.9659258262890684,0,0,12,5.800195098638889,3.3650058726944443,5.824993235111111,2.192809210694445,20.008731666166668,20.359551983194446,19.66575520036111,19.64009619238889,0.0,0.0,0.0,0.0,0,night,0,0.0,0,2,2661.166535575861,0.0,20.008731666166668,0,0,0,0,0,0,0,0,0,0,0,0,0,0,0,0,0,0,0,0,0,0,0,0,0,0,0,0,0,0,0.0,1.0,0.0,0.0,0.0,0.0,0.0,0.0,0.0,0.0,0.0,0.0
roll_02,2025-12-08T00:00:00+00:00,2026-01-19T00:00:00+00:00,2026-01-19T00:00:00+00:00,2026-01-26T00:00:00+00:00,1,0,2025-12-16 06:00:00+00:00,2025-12-16 07:00:00+00:00,3208.9591459250555,1,3977.701626732111,2661.166535575861,3760.357407745972,3456.122775254056,0,0,0,0,0,6,6.123233995736766e-17,1.0,0,0,12,6.0736136622500005,3.3842144565277774,5.800195098638889,2.4883945030277776,19.8981082215,20.54289790011111,20.008731666166668,20.016389504722223,0.0,0.0,0.0,0.0,0,night,0,0.0,0,2,3456.122775254056,0.0,19.8981082215,0,0,0,0,0,0,0,0,0,0,0,0,0,0,0,0,0,0,0,0,0,0,0,0,0,0,0,0,0,0,0.0,0.0,0.0,0.0,0.0,0.0,0.0,0.0,0.0,0.0,0.0,0.0
roll_02,2025-12-08T00:00:00+00:00,2026-01-19T00:00:00+00:00,2026-01-19T00:00:00+00:00,2026-01-26T00:00:00+00:00,1,0,2025-12-16 07:00:00+00:00,2025-12-16 08:00:00+00:00,2449.6699559921667,1,2838.307909196222,3456.122775254056,2715.4849584707777,3208.9591459250555,0,0,0,0,0,7,-0.2588190451025206,0.9659258262890684,0,0,12,5.896936877388889,3.7758736428333335,6.0736136622500005,2.3229276531944443,19.67157561725,20.56524707525,19.8981082215,19.233584415333336,0.0,182.3694208024722,0.0,74.8569207888889,1,night,0,0.0,0,2,3208.9591459250555,0.0,19.67157561725,0,0,0,0,0,0,0,0,0,0,0,0,0,0,0,0,0,0,0,0,0,0,0,0,0,0,0,0,0,0,0.0,0.0,0.0,0.0,0.0,0.0,0.0,0.0,0.0,0.0,0.0,0.0
roll_02,2025-12-08T00:00:00+00:00,2026-01-19T00:00:00+00:00,2026-01-19T00:00:00+00:00,2026-01-26T00:00:00+00:00,1,0,2025-12-16 08:00:00+00:00,2025-12-16 09:00:00+00:00,2414.570358478112,1,1141.4582329915,3208.9591459250555,2812.8167717373053,2449.6699559921667,0,0,0,0,0,8,-0.4999999999999998,0.8660254037844387,0,0,12,6.034658576472222,5.724832380277778,5.896936877388889,3.7048967176666654,19.401242324444443,20.36234781977777,19.67157561725,19.40022165913889,0.0,728.3002374836666,0.0,406.2769342608056,1,night,0,0.0,0,2,2449.6699559921667,0.0,19.401242324444443,0,0,0,0,0,0,0,0,0,0,0,0,0,0,0,0,0,0,0,0,0,0,0,0,0,0,0,0,0,0,0.0,0.0,0.0,0.0,0.0,0.0,0.0,0.0,0.0,0.0,0.0,0.0
roll_02,2025-12-08T00:00:00+00:00,2026-01-19T00:00:00+00:00,2026-01-19T00:00:00+00:00,2026-01-26T00:00:00+00:00,1,0,2025-12-16 09:00:00+00:00,2025-12-16 10:00:00+00:00,2375.9726631365834,1,-149.9763524194722,2449.6699559921667,926.0382755021388,2414.570358478112,0,0,0,0,0,9,-0.7071067811865475,0.7071067811865476,0,0,12,6.286235782027778,7.844778676805556,6.034658576472222,6.760384475222222,19.39234684252777,19.69849532311111,19.401242324444443,18.931502167666668,15.313782078055556,994.5883689895556,0.0,815.0818738891112,1,low,0,0.0,0,2,2414.570358478112,15.313782078055556,19.39234684252777,0,0,0,0,0,0,0,0,0,0,0,0,0,0,0,0,0,0,0,0,0,0,0,0,0,0,0,0,0,0,0.0,0.0,0.0,0.0,0.0,0.0,0.0,0.0,0.0,0.0,0.0,0.0
roll_02,2025-12-08T00:00:00+00:00,2026-01-19T00:00:00+00:00,2026-01-19T00:00:00+00:00,2026-01-26T00:00:00+00:00,1,0,2025-12-16 10:00:00+00:00,2025-12-16 11:00:00+00:00,417.16279551813886,1,2067.456238886028,2414.570358478112,-658.7976389963055,2375.9726631365834,0,0,0,0,0,10,-0.8660254037844387,0.4999999999999999,0,0,12,6.840076556416666,9.448393231027778,6.286235782027778,9.326779951222225,19.64012672533333,19.90430734133333,19.39234684252777,19.03994528827777,18.07426482097222,1365.2055056689444,15.313782078055556,1145.9161380374169,1,low,0,0.0,0,2,2375.9726631365834,18.07426482097222,19.64012672533333,0,0,0,0,0,0,0,0,0,0,0,0,0,0,0,0,0,0,0,0,0,0,0,0,0,0,0,0,0,0,0.0,0.0,0.0,0.0,0.0,0.0,0.0,0.0,0.0,0.0,0.0,0.0
roll_02,2025-12-08T00:00:00+00:00,2026-01-19T00:00:00+00:00,2026-01-19T00:00:00+00:00,2026-01-26T00:00:00+00:00,1,0,2025-12-16 11:00:00+00:00,2025-12-16 12:00:00+00:00,1341.960643716778,1,1067.8931179398055,2375.9726631365834,1206.2266350876666,417.16279551813886,0,0,0,0,0,11,-0.9659258262890682,0.258819045102521,0,0,12,6.977142339305556,11.37180160513889,6.840076556416666,9.59636497275,18.586691972277777,19.74302658902777,19.64012672533333,19.82063749125,31.32484451036112,1402.895035285528,18.07426482097222,733.9601978418333,1,low,0,0.0,0,2,417.16279551813886,31.32484451036112,18.586691972277777,0,0,0,0,0,0,0,0,0,0,0,0,0,0,0,0,0,0,0,0,0,0,0,0,0,0,0,0,0,0,0.0,0.0,0.0,0.0,0.0,0.0,0.0,0.0,0.0,0.0,0.0,0.0
roll_02,2025-12-08T00:00:00+00:00,2026-01-19T00:00:00+00:00,2026-01-19T00:00:00+00:00,2026-01-26T00:00:00+00:00,1,0,2025-12-16 12:00:00+00:00,2025-12-16 13:00:00+00:00,1311.6084876298612,1,1160.9680225385837,417.16279551813886,-272.5475546961945,1341.960643716778,0,0,0,0,0,12,-1.0,1.2246467991473532e-16,0,0,12,7.006073284472222,13.28001234575,6.977142339305556,10.382548519472222,18.51610414613889,19.112740751916665,18.586691972277777,19.00854338322222,0.0,1267.1506836002222,31.32484451036112,739.7746233493334,1,night,0,0.0,0,2,1341.960643716778,0.0,18.51610414613889,0,0,0,0,0,0,0,0,0,0,0,0,0,0,0,0,0,0,0,0,0,0,0,0,0,0,0,0,0,0,0.0,0.0,0.0,0.0,0.0,0.0,0.0,0.0,0.0,0.0,0.0,0.0
roll_02,2025-12-08T00:00:00+00:00,2026-01-19T00:00:00+00:00,2026-01-19T00:00:00+00:00,2026-01-26T00:00:00+00:00,1,0,2025-12-16 13:00:00+00:00,2025-12-16 14:00:00+00:00,1594.7797779214168,1,1413.8648564372222,1341.960643716778,276.66675283327777,1311.6084876298612,0,0,0,0,0,13,-0.9659258262890684,-0.2588190451025208,0,0,12,7.043596515083333,14.896301991527778,7.006073284472222,11.750826005277778,18.61569851477778,18.71870650655556,18.51610414613889,19.41134607069445,0.0,974.5407931904444,0.0,897.1466770502221,1,night,0,0.0,0,2,1311.6084876298612,0.0,18.61569851477778,0,0,0,0,0,0,0,0,0,0,0,0,0,0,0,0,0,0,0,0,0,0,0,0,0,0,0,0,0,0,0.0,0.0,0.0,0.0,0.0,0.0,0.0,0.0,0.0,0.0,0.0,0.0
roll_02,2025-12-08T00:00:00+00:00,2026-01-19T00:00:00+00:00,2026-01-19T00:00:00+00:00,2026-01-26T00:00:00+00:00,1,0,2025-12-16 14:00:00+00:00,2025-12-16 15:00:00+00:00,1694.1130230780834,1,2166.609687861278,1311.6084876298612,1007.5207156481111,1594.7797779214168,0,0,0,0,0,14,-0.8660254037844388,-0.4999999999999997,0,0,12,7.19188998086111,15.80795799777778,7.043596515083333,11.49345336163889,18.986194892833336,18.403166405,18.61569851477778,18.98053851175,0.0,363.2189845213056,0.0,158.16240280391665,1,night,0,0.0,0,2,1594.7797779214168,0.0,18.986194892833336,0,0,0,0,0,0,0,0,0,0,0,0,0,0,0,0,0,0,0,0,0,0,0,0,0,0,0,0,0,0,0.0,0.0,0.0,0.0,0.0,0.0,0.0,0.0,0.0,0.0,0.0,0.0
roll_02,2025-12-08T00:00:00+00:00,2026-01-19T00:00:00+00:00,2026-01-19T00:00:00+00:00,2026-01-26T00:00:00+00:00,1,0,2025-12-16 15:00:00+00:00,2025-12-16 16:00:00+00:00,2680.531920474861,1,3767.416448800083,1594.7797779214168,991.5285482089444,1694.1130230780834,0,0,0,0,0,15,-0.7071067811865479,-0.7071067811865471,0,0,12,7.267535660666667,13.298203985361113,7.19188998086111,9.306635351305555,19.152573861944443,18.81059120144445,18.986194892833336,18.455705048166667,0.0,0.0,0.0,0.0,1,night,0,0.0,0,2,1694.1130230780834,0.0,19.152573861944443,0,0,0,0,0,0,0,0,0,0,0,0,0,0,0,0,0,0,0,0,0,0,0,0,0,0,0,0,0,0,0.0,0.0,0.0,0.0,0.0,0.0,0.0,0.0,0.0,0.0,0.0,0.0
roll_02,2025-12-08T00:00:00+00:00,2026-01-19T00:00:00+00:00,2026-01-19T00:00:00+00:00,2026-01-26T00:00:00+00:00,1,0,2025-12-16 16:00:00+00:00,2025-12-16 17:00:00+00:00,2350.671645074944,1,1723.8273799508054,1694.1130230780834,2929.288864953,2680.531920474861,0,0,0,0,0,16,-0.5000000000000004,-0.8660254037844385,0,0,12,7.4176188369444445,10.821677692777778,7.267535660666667,7.748870087083333,19.32053953047222,18.82700763938889,19.152573861944443,18.61037652738889,0.0,0.0,0.0,0.0,0,night,0,0.0,0,2,2680.531920474861,0.0,19.32053953047222,0,0,0,0,0,0,0,0,0,0,0,0,0,0,0,0,0,0,0,0,0,0,0,0,0,0,0,0,0,0,0.0,0.0,0.0,0.0,0.0,0.0,0.0,0.0,0.0,0.0,0.0,0.0
roll_02,2025-12-08T00:00:00+00:00,2026-01-19T00:00:00+00:00,2026-01-19T00:00:00+00:00,2026-01-26T00:00:00+00:00,1,0,2025-12-16 17:00:00+00:00,2025-12-16 18:00:00+00:00,940.9779665286666,1,921.7588367488056,2680.531920474861,1181.90201280825,2350.671645074944,0,0,0,0,0,17,-0.2588190451025206,-0.9659258262890684,0,0,12,7.369788830361112,9.073179642666666,7.4176188369444445,6.794222119944444,19.12053892655556,18.77072231775,19.32053953047222,18.456345473972224,0.0,0.0,0.0,0.0,0,night,0,0.0,0,2,2350.671645074944,0.0,19.12053892655556,0,0,0,0,0,0,0,0,0,0,0,0,0,0,0,0,0,0,0,0,0,0,0,0,0,0,0,0,0,0,0.0,0.0,0.0,0.0,0.0,0.0,0.0,0.0,0.0,0.0,0.0,0.0
roll_02,2025-12-08T00:00:00+00:00,2026-01-19T00:00:00+00:00,2026-01-19T00:00:00+00:00,2026-01-26T00:00:00+00:00,1,0,2025-12-16 18:00:00+00:00,2025-12-16 19:00:00+00:00,915.059135163,1,1117.913291185861,2350.671645074944,962.82591136725,940.9779665286666,0,0,0,0,0,18,-1.8369701987210294e-16,-1.0,0,0,12,7.236653106833334,8.171319290972223,7.369788830361112,6.454088997777778,18.28438206308333,18.89159658886112,19.12053892655556,18.58356207986111,0.0,0.0,0.0,0.0,0,night,0,0.0,0,2,940.9779665286666,0.0,18.28438206308333,0,0,0,0,0,0,0,0,0,0,0,0,0,0,0,0,0,0,0,0,0,0,0,0,0,0,0,0,0,0,0.0,0.0,0.0,0.0,0.0,0.0,0.0,0.0,0.0,0.0,0.0,0.0
roll_02,2025-12-08T00:00:00+00:00,2026-01-19T00:00:00+00:00,2026-01-19T00:00:00+00:00,2026-01-26T00:00:00+00:00,1,0,2025-12-16 19:00:00+00:00,2025-12-16 20:00:00+00:00,930.4045745785834,1,1867.3298703087776,940.9779665286666,2301.616357292278,915.059135163,0,0,0,0,0,19,0.2588190451025203,-0.9659258262890684,0,0,12,7.349951924027778,7.661852628527778,7.236653106833334,5.78793753013889,18.590252540027777,19.550371638,18.28438206308333,19.019518336722225,0.0,0.0,0.0,0.0,0,night,0,0.0,0,2,915.059135163,0.0,18.590252540027777,0,0,0,0,0,0,0,0,0,0,0,0,0,0,0,0,0,0,0,0,0,0,0,0,0,0,0,0,0,0,0.0,0.0,0.0,0.0,0.0,0.0,0.0,0.0,0.0,0.0,0.0,0.0
roll_02,2025-12-08T00:00:00+00:00,2026-01-19T00:00:00+00:00,2026-01-19T00:00:00+00:00,2026-01-26T00:00:00+00:00,1,0,2025-12-16 20:00:00+00:00,2025-12-16 21:00:00+00:00,802.2397683904445,1,2586.9674459380835,915.059135163,2195.112726016583,930.4045745785834,0,0,0,1,0,20,0.5000000000000001,-0.8660254037844386,0,0,12,7.336308617388888,6.903910686694444,7.349951924027778,5.507252910861111,18.65122393680556,19.56419681625,18.590252540027777,19.8520421995,0.0,0.0,0.0,0.0,0,night,0,0.0,0,2,930.4045745785834,,18.65122393680556,0,0,0,0,0,0,0,0,0,0,0,0,1,0,0,1,0,1,0,0,1,1,0,1,0,0,0,1,0,0,0.0,0.0,0.0,0.0,0.0,0.0,0.0,0.0,0.0,0.0,0.0,0.0
roll_02,2025-12-08T00:00:00+00:00,2026-01-19T00:00:00+00:00,2026-01-19T00:00:00+00:00,2026-01-26T00:00:00+00:00,1,0,2025-12-16 21:00:00+00:00,2025-12-16 22:00:00+00:00,384.1833294866111,1,870.1951784481112,930.4045745785834,1135.1464189376943,802.2397683904445,0,0,0,0,0,21,0.7071067811865474,-0.7071067811865477,0,0,12,7.440695270472222,6.169837436916667,7.336308617388888,5.2677105246944445,18.681479908916668,18.621973648694446,18.65122393680556,19.003535908666667,0.0,0.0,0.0,0.0,0,night,0,0.0,0,2,802.2397683904445,0.0,18.681479908916668,0,0,0,0,0,0,0,0,0,0,0,0,0,0,0,0,0,0,0,0,0,0,0,0,0,0,0,0,0,0,0.0,1.0,0.0,0.0,0.0,0.0,0.0,0.0,0.0,0.0,0.0,0.0
roll_02,2025-12-08T00:00:00+00:00,2026-01-19T00:00:00+00:00,2026-01-19T00:00:00+00:00,2026-01-26T00:00:00+00:00,1,0,2025-12-16 22:00:00+00:00,2025-12-16 23:00:00+00:00,384.2044550325556,1,888.7107201165555,802.2397683904445,482.8885251898333,384.1833294866111,0,0,0,0,0,22,0.8660254037844384,-0.5000000000000004,0,0,12,7.564076926611111,5.487644599611111,7.440695270472222,4.877332229444444,18.76675299822222,19.00488359013889,18.681479908916668,19.21813296875,0.0,0.0,0.0,0.0,0,night,0,0.0,0,2,384.1833294866111,0.0,18.76675299822222,0,0,0,0,0,0,0,0,0,0,0,0,0,0,0,0,0,0,0,0,0,0,0,0,0,0,0,0,0,0,0.0,0.0,0.0,0.0,0.0,0.0,0.0,0.0,0.0,0.0,0.0,0.0
roll_02,2025-12-08T00:00:00+00:00,2026-01-19T00:00:00+00:00,2026-01-19T00:00:00+00:00,2026-01-26T00:00:00+00:00,1,0,2025-12-16 23:00:00+00:00,2025-12-17 00:00:00+00:00,411.30520805025,1,712.8807781570555,384.1833294866111,405.8846786238334,384.2044550325556,0,0,0,0,0,23,0.965925826289068,-0.2588190451025215,0,0,12,7.58739853886111,5.483839683055556,7.564076926611111,4.895000660611111,19.004384636083334,19.430843251472226,18.76675299822222,19.23920043358333,0.0,0.0,0.0,0.0,0,night,0,0.0,0,2,384.2044550325556,0.0,19.004384636083334,0,0,0,0,0,0,0,0,0,0,0,0,0,0,0,0,0,0,0,0,0,0,0,0,0,0,0,0,0,0,0.0,0.0,0.0,0.0,0.0,0.0,0.0,0.0,0.0,0.0,0.0,0.0
roll_02,2025-12-08T00:00:00+00:00,2026-01-19T00:00:00+00:00,2026-01-19T00:00:00+00:00,2026-01-26T00:00:00+00:00,1,0,2025-12-17 00:00:00+00:00,2025-12-17 01:00:00+00:00,390.4950433394167,2,388.5325322105887,384.2044550325556,405.6469590446945,411.30520805025,0,0,0,1,0,0,1.0,0.0,0,0,12,7.6481217989444445,5.340232452333333,7.58739853886111,5.247121551333334,19.393824003916663,19.64378416093142,19.004384636083334,19.722204768111112,0.0,0.0,0.0,0.0,0,night,0,0.0,0,2,411.30520805025,,19.393824003916663,0,0,0,0,0,0,0,0,0,0,0,0,0,1,0,1,0,1,0,0,1,1,0,4,0,0,0,2,0,0,0.0,0.0,0.0,0.0,0.0,1.0,0.0,0.0,0.0,0.0,0.0,0.0
roll_02,2025-12-08T00:00:00+00:00,2026-01-19T00:00:00+00:00,2026-01-19T00:00:00+00:00,2026-01-26T00:00:00+00:00,1,0,2025-12-17 01:00:00+00:00,2025-12-17 02:00:00+00:00,391.8644491115,2,397.2374941071389,411.30520805025,422.62427850377776,390.4950433394167,0,0,0,1,0,1,0.9659258262890684,0.2588190451025207,0,0,12,7.819026612611111,4.815972458166667,7.6481217989444445,5.493171799416667,19.42133666966667,19.580986802,19.393824003916663,20.01917419788889,0.0,0.0,0.0,0.0,0,night,0,0.0,0,2,390.4950433394167,,19.42133666966667,0,0,0,0,0,0,0,0,0,0,0,0,0,1,0,1,0,1,0,0,1,1,0,4,0,0,0,2,0,0,0.0,1.0,0.0,0.0,0.0,1.0,0.0,0.0,0.0,0.0,0.0,0.0
roll_02,2025-12-08T00:00:00+00:00,2026-01-19T00:00:00+00:00,2026-01-19T00:00:00+00:00,2026-01-26T00:00:00+00:00,1,0,2025-12-17 02:00:00+00:00,2025-12-17 03:00:00+00:00,394.9048984143333,2,391.9526124748888,390.4950433394167,403.6943479121945,391.8644491115,0,0,0,1,0,2,0.8660254037844387,0.4999999999999999,0,0,12,7.903693810777778,4.57906584625,7.819026612611111,5.568326639138889,19.833579525416667,19.768342219277777,19.42133666966667,19.67997072455556,0.0,0.0,0.0,0.0,0,night,0,0.0,0,2,391.8644491115,,19.833579525416667,0,0,0,0,0,0,0,0,0,0,0,0,0,1,0,1,0,1,0,0,1,1,0,4,0,0,0,2,0,0,0.0,1.0,0.0,0.0,0.0,1.0,0.0,0.0,0.0,1.0,0.0,0.0
roll_02,2025-12-08T00:00:00+00:00,2026-01-19T00:00:00+00:00,2026-01-19T00:00:00+00:00,2026-01-26T00:00:00+00:00,1,0,2025-12-17 03:00:00+00:00,2025-12-17 04:00:00+00:00,1071.186297427,2,395.5186288627778,391.8644491115,414.02281912100005,394.9048984143333,0,0,0,1,0,3,0.7071067811865476,0.7071067811865476,0,0,12,7.8129305178055555,4.153309878138889,7.903693810777778,5.682945562305556,19.992829429666667,19.878493522166668,19.833579525416667,19.83102632702778,0.0,0.0,0.0,0.0,0,night,0,0.0,0,2,394.9048984143333,,19.992829429666667,0,0,0,0,0,0,0,0,0,0,0,0,0,1,0,1,0,1,0,0,1,1,0,4,0,0,0,2,0,0,0.0,1.0,0.0,0.0,0.0,1.0,0.0,0.0,0.0,1.0,0.0,0.0
roll_02,2025-12-08T00:00:00+00:00,2026-01-19T00:00:00+00:00,2026-01-19T00:00:00+00:00,2026-01-26T00:00:00+00:00,1,0,2025-12-17 04:00:00+00:00,2025-12-17 05:00:00+00:00,2453.750167389111,2,1062.5391361726945,394.9048984143333,1062.3990484865833,1071.186297427,0,0,0,0,0,4,0.5000000000000001,0.8660254037844386,0,0,12,7.843615268,4.183956945972223,7.8129305178055555,5.824993235111111,20.11470063388889,19.86755977111111,19.992829429666667,19.66575520036111,0.0,0.0,0.0,0.0,0,night,0,0.0,0,2,1071.186297427,0.0,20.11470063388889,0,0,0,0,0,0,0,0,0,0,0,0,0,0,0,0,0,0,0,0,0,0,0,0,0,0,0,0,0,0,0.0,1.0,0.0,0.0,0.0,1.0,0.0,0.0,0.0,1.0,0.0,0.0
roll_02,2025-12-08T00:00:00+00:00,2026-01-19T00:00:00+00:00,2026-01-19T00:00:00+00:00,2026-01-26T00:00:00+00:00,1,0,2025-12-17 05:00:00+00:00,2025-12-17 06:00:00+00:00,2722.173687511556,2,2182.162697468139,1071.186297427,2661.166535575861,2453.750167389111,0,0,0,0,0,5,0.2588190451025207,0.9659258262890684,0,0,12,8.006488656444445,4.483895007805556,7.843615268,5.800195098638889,20.01161122425,19.988155707416663,20.11470063388889,20.008731666166668,0.0,0.0,0.0,0.0,0,night,0,0.0,0,2,2453.750167389111,0.0,20.01161122425,0,0,0,0,0,0,0,0,0,0,0,0,0,0,0,0,0,0,0,0,0,0,0,0,0,0,0,0,0,0,0.0,0.0,0.0,0.0,0.0,0.0,0.0,0.0,0.0,0.0,0.0,0.0
roll_02,2025-12-08T00:00:00+00:00,2026-01-19T00:00:00+00:00,2026-01-19T00:00:00+00:00,2026-01-26T00:00:00+00:00,1,0,2025-12-17 06:00:00+00:00,2025-12-17 07:00:00+00:00,2449.925167818306,2,2872.8098623719447,2453.750167389111,3456.122775254056,2722.173687511556,0,0,0,0,0,6,6.123233995736766e-17,1.0,0,0,12,8.162828637027777,4.921448753583333,8.006488656444445,6.0736136622500005,19.82704110508333,20.280426249944444,20.01161122425,19.8981082215,0.0,0.0,0.0,0.0,0,night,0,0.0,0,2,2722.173687511556,0.0,19.82704110508333,0,0,0,0,0,0,0,0,0,0,0,0,0,0,0,0,0,0,0,0,0,0,0,0,0,0,0,0,0,0,0.0,0.0,0.0,0.0,0.0,0.0,0.0,0.0,0.0,0.0,0.0,0.0
roll_02,2025-12-08T00:00:00+00:00,2026-01-19T00:00:00+00:00,2026-01-19T00:00:00+00:00,2026-01-26T00:00:00+00:00,1,0,2025-12-17 07:00:00+00:00,2025-12-17 08:00:00+00:00,2558.1957894870834,2,2646.338068100333,2722.173687511556,3208.9591459250555,2449.925167818306,0,0,0,0,0,7,-0.2588190451025206,0.9659258262890684,0,0,12,8.208431735,5.569129613166666,8.162828637027777,5.896936877388889,19.06675370347222,20.37539481311111,19.82704110508333,19.67157561725,0.0,0.0,0.0,0.0,1,night,0,0.0,0,2,2449.925167818306,0.0,19.06675370347222,0,0,0,0,0,0,0,0,0,0,0,0,0,0,0,0,0,0,0,0,0,0,0,0,0,0,0,0,0,0,0.0,0.0,0.0,0.0,0.0,0.0,0.0,0.0,0.0,0.0,0.0,0.0
roll_02,2025-12-08T00:00:00+00:00,2026-01-19T00:00:00+00:00,2026-01-19T00:00:00+00:00,2026-01-26T00:00:00+00:00,1,0,2025-12-17 08:00:00+00:00,2025-12-17 09:00:00+00:00,900.5161560151665,2,2569.352115279139,2449.925167818306,2449.6699559921667,2558.1957894870834,0,0,0,0,0,8,-0.4999999999999998,0.8660254037844387,0,0,12,8.533606403194446,6.717650890722222,8.208431735,6.034658576472222,18.52296228277778,20.27740805630556,19.06675370347222,19.401242324444443,33.759730213944444,120.00444709855554,0.0,0.0,1,low,0,0.0,0,2,2558.1957894870834,33.759730213944444,18.52296228277778,0,0,0,0,0,0,0,0,0,0,0,0,0,0,0,0,0,0,0,0,0,0,0,0,0,0,0,0,0,0,0.0,0.0,0.0,0.0,0.0,0.0,0.0,0.0,0.0,0.0,0.0,0.0
roll_02,2025-12-08T00:00:00+00:00,2026-01-19T00:00:00+00:00,2026-01-19T00:00:00+00:00,2026-01-26T00:00:00+00:00,1,0,2025-12-17 09:00:00+00:00,2025-12-17 10:00:00+00:00,2232.182668796584,2,960.3968219692498,2558.1957894870834,2414.570358478112,900.5161560151665,0,0,0,0,0,9,-0.7071067811865475,0.7071067811865476,0,0,12,9.099701070083333,8.028577312583334,8.533606403194446,6.286235782027778,17.969253158222223,19.42428056941667,18.52296228277778,19.39234684252777,187.9885702534722,214.7286224355,33.759730213944444,15.313782078055556,1,low,0,0.0,0,2,900.5161560151665,187.9885702534722,17.969253158222223,0,0,0,0,0,0,0,0,0,0,0,0,0,0,0,0,0,0,0,0,0,0,0,0,0,0,0,0,0,0,0.0,0.0,0.0,0.0,0.0,0.0,0.0,0.0,0.0,0.0,0.0,0.0
roll_02,2025-12-08T00:00:00+00:00,2026-01-19T00:00:00+00:00,2026-01-19T00:00:00+00:00,2026-01-26T00:00:00+00:00,1,0,2025-12-17 10:00:00+00:00,2025-12-17 11:00:00+00:00,270.1439230715277,2,1083.0012455250833,900.5161560151665,2375.9726631365834,2232.182668796584,0,0,0,0,0,10,-0.8660254037844387,0.4999999999999999,0,0,12,9.756009190472222,9.261195796694444,9.099701070083333,6.840076556416666,19.10792941355556,19.64457552330556,17.969253158222223,19.64012672533333,204.24852328377776,221.55474191727777,187.9885702534722,18.07426482097222,1,low,0,0.0,0,2,2232.182668796584,204.24852328377776,19.10792941355556,0,0,0,0,0,0,0,0,0,0,0,0,0,0,0,0,0,0,0,0,0,0,0,0,0,0,0,0,0,0,0.0,0.0,0.0,0.0,0.0,0.0,0.0,0.0,0.0,0.0,0.0,0.0
roll_02,2025-12-08T00:00:00+00:00,2026-01-19T00:00:00+00:00,2026-01-19T00:00:00+00:00,2026-01-26T00:00:00+00:00,1,0,2025-12-17 11:00:00+00:00,2025-12-17 12:00:00+00:00,1491.0930149556943,2,886.6149941352778,2232.182668796584,417.16279551813886,270.1439230715277,0,0,0,0,0,11,-0.9659258262890682,0.258819045102521,0,0,12,9.88983538011111,9.96179912361111,9.756009190472222,6.977142339305556,18.66690112433333,18.361400043916667,19.10792941355556,18.586691972277777,128.10038583380555,187.697830983,204.24852328377776,31.32484451036112,1,low,0,0.0,0,2,270.1439230715277,128.10038583380555,18.66690112433333,0,0,0,0,0,0,0,0,0,0,0,0,0,0,0,0,0,0,0,0,0,0,0,0,0,0,0,0,0,0,0.0,0.0,0.0,0.0,0.0,0.0,0.0,0.0,0.0,0.0,0.0,0.0
roll_02,2025-12-08T00:00:00+00:00,2026-01-19T00:00:00+00:00,2026-01-19T00:00:00+00:00,2026-01-26T00:00:00+00:00,1,0,2025-12-17 12:00:00+00:00,2025-12-17 13:00:00+00:00,836.9815462651944,2,-63.11073929586109,270.1439230715277,1341.960643716778,1491.0930149556943,0,0,0,0,0,12,-1.0,1.2246467991473532e-16,0,0,12,9.944974314916667,10.619259656277778,9.88983538011111,7.006073284472222,18.91036433463889,18.89747340961111,18.66690112433333,18.51610414613889,60.79540611177779,462.9202296835278,128.10038583380555,0.0,1,low,0,0.0,0,2,1491.0930149556943,60.79540611177779,18.91036433463889,0,0,0,0,0,0,0,0,0,0,0,0,0,0,0,0,0,0,0,0,0,0,0,0,0,0,0,0,0,0,0.0,0.0,0.0,0.0,0.0,0.0,0.0,0.0,0.0,0.0,0.0,0.0
roll_02,2025-12-08T00:00:00+00:00,2026-01-19T00:00:00+00:00,2026-01-19T00:00:00+00:00,2026-01-26T00:00:00+00:00,1,0,2025-12-17 13:00:00+00:00,2025-12-17 14:00:00+00:00,1692.33890384425,2,581.5136808724367,1491.0930149556943,1311.6084876298612,836.9815462651944,0,0,0,0,0,13,-0.9659258262890684,-0.2588190451025208,0,0,12,9.773172751416666,12.99198048088889,9.944974314916667,7.043596515083333,18.963857942194444,20.122823875734426,18.91036433463889,18.61569851477778,51.856617322194445,1008.6568583638197,60.79540611177779,0.0,1,low,0,0.0,0,2,836.9815462651944,51.856617322194445,18.963857942194444,0,0,0,0,0,0,0,0,0,0,0,0,0,0,0,0,0,0,0,0,0,0,0,0,0,0,0,0,0,0,0.0,0.0,0.0,0.0,0.0,0.0,0.0,0.0,0.0,0.0,0.0,0.0
roll_02,2025-12-08T00:00:00+00:00,2026-01-19T00:00:00+00:00,2026-01-19T00:00:00+00:00,2026-01-26T00:00:00+00:00,1,0,2025-12-17 14:00:00+00:00,2025-12-17 15:00:00+00:00,1359.5864463025837,2,292.37507825191665,836.9815462651944,1594.7797779214168,1692.33890384425,0,0,0,0,0,14,-0.8660254037844388,-0.4999999999999997,0,0,12,9.848121466416666,14.697117223249998,9.773172751416666,7.19188998086111,23.877518419861108,18.96888922727777,18.963857942194444,18.986194892833336,27.55335654275,358.99278106472224,51.856617322194445,0.0,1,low,0,0.0,0,2,1692.33890384425,27.55335654275,23.877518419861108,0,0,0,0,0,0,0,0,0,0,0,0,0,0,0,0,0,0,0,0,0,0,0,0,0,0,0,0,0,0,0.0,0.0,0.0,0.0,0.0,0.0,0.0,0.0,0.0,0.0,0.0,0.0
roll_02,2025-12-08T00:00:00+00:00,2026-01-19T00:00:00+00:00,2026-01-19T00:00:00+00:00,2026-01-26T00:00:00+00:00,1,0,2025-12-17 15:00:00+00:00,2025-12-17 16:00:00+00:00,363.6337224605833,2,685.7564743471112,1692.33890384425,1694.1130230780834,1359.5864463025837,0,0,0,0,0,15,-0.7071067811865479,-0.7071067811865471,0,0,12,9.743338424527778,12.01733239977778,9.848121466416666,7.267535660666667,19.32859337286111,18.81369326430556,23.877518419861108,19.152573861944443,0.0,0.0,27.55335654275,0.0,1,night,0,0.0,0,2,1359.5864463025837,0.0,19.32859337286111,0,0,0,0,0,0,0,0,0,0,0,0,0,0,0,0,0,0,0,0,0,0,0,0,0,0,0,0,0,0,0.0,0.0,0.0,0.0,0.0,0.0,0.0,0.0,0.0,0.0,0.0,0.0
roll_02,2025-12-08T00:00:00+00:00,2026-01-19T00:00:00+00:00,2026-01-19T00:00:00+00:00,2026-01-26T00:00:00+00:00,1,0,2025-12-17 16:00:00+00:00,2025-12-17 17:00:00+00:00,838.0322185332501,2,1771.1143508818611,1359.5864463025837,2680.531920474861,363.6337224605833,0,0,0,0,0,16,-0.5000000000000004,-0.8660254037844385,0,0,12,9.63009450136111,9.705370836999998,9.743338424527778,7.4176188369444445,18.88695833694445,19.10323486513889,19.32859337286111,19.32053953047222,0.0,0.0,0.0,0.0,0,night,0,0.0,0,2,363.6337224605833,0.0,18.88695833694445,0,0,0,0,0,0,0,0,0,0,0,0,0,0,0,0,0,0,0,0,0,0,0,0,0,0,0,0,0,0,0.0,0.0,0.0,0.0,0.0,0.0,0.0,0.0,0.0,0.0,0.0,0.0
roll_02,2025-12-08T00:00:00+00:00,2026-01-19T00:00:00+00:00,2026-01-19T00:00:00+00:00,2026-01-26T00:00:00+00:00,1,0,2025-12-17 17:00:00+00:00,2025-12-17 18:00:00+00:00,1871.494598386667,2,1442.0619142940295,363.6337224605833,2350.671645074944,838.0322185332501,0,0,0,0,0,17,-0.2588190451025206,-0.9659258262890684,0,0,12,9.681062592694444,8.414141709111112,9.63009450136111,7.369788830361112,19.011202705416668,19.357985648893568,18.88695833694445,19.12053892655556,0.0,0.0,0.0,0.0,0,night,0,0.0,0,2,838.0322185332501,0.0,19.011202705416668,0,0,0,0,0,0,0,0,0,0,0,0,0,0,0,0,0,0,0,0,0,0,0,0,0,0,0,0,0,0,0.0,0.0,0.0,0.0,0.0,0.0,0.0,0.0,0.0,0.0,0.0,0.0
roll_02,2025-12-08T00:00:00+00:00,2026-01-19T00:00:00+00:00,2026-01-19T00:00:00+00:00,2026-01-26T00:00:00+00:00,1,0,2025-12-17 18:00:00+00:00,2025-12-17 19:00:00+00:00,2448.8777828169723,2,977.4624416876636,838.0322185332501,940.9779665286666,1871.494598386667,0,0,0,0,0,18,-1.8369701987210294e-16,-1.0,0,0,12,9.578609097305554,8.09773893861111,9.681062592694444,7.236653106833334,19.04374695586111,18.86503752436734,19.011202705416668,18.28438206308333,0.0,0.0,0.0,0.0,0,night,0,0.0,0,2,1871.494598386667,0.0,19.04374695586111,0,0,0,0,0,0,0,0,0,0,0,0,0,0,0,0,0,0,0,0,0,0,0,0,0,0,0,0,0,0,0.0,0.0,0.0,0.0,0.0,0.0,0.0,0.0,0.0,0.0,0.0,0.0
roll_02,2025-12-08T00:00:00+00:00,2026-01-19T00:00:00+00:00,2026-01-19T00:00:00+00:00,2026-01-26T00:00:00+00:00,1,0,2025-12-17 19:00:00+00:00,2025-12-17 20:00:00+00:00,1315.8552076638057,2,2050.738339802361,1871.494598386667,915.059135163,2448.8777828169723,0,0,0,0,0,19,0.2588190451025203,-0.9659258262890684,0,0,12,9.652694642777778,7.446677929416666,9.578609097305554,7.349951924027778,18.1900867165,19.61717624816667,19.04374695586111,18.590252540027777,0.0,0.0,0.0,0.0,0,night,0,0.0,0,2,2448.8777828169723,0.0,18.1900867165,0,0,0,0,0,0,0,0,0,0,0,0,0,0,0,0,0,0,0,0,0,0,0,0,0,0,0,0,0,0,0.0,0.0,0.0,0.0,0.0,0.0,0.0,0.0,0.0,0.0,0.0,0.0
roll_02,2025-12-08T00:00:00+00:00,2026-01-19T00:00:00+00:00,2026-01-19T00:00:00+00:00,2026-01-26T00:00:00+00:00,1,0,2025-12-17 20:00:00+00:00,2025-12-17 21:00:00+00:00,811.214521490611,2,794.8649310441666,2448.8777828169723,930.4045745785834,1315.8552076638057,0,0,0,0,0,20,0.5000000000000001,-0.8660254037844386,0,0,12,9.539915983555554,7.292949314472222,9.652694642777778,7.336308617388888,18.60309431288889,19.24392542977778,18.1900867165,18.65122393680556,0.0,0.0,0.0,0.0,0,night,0,0.0,0,2,1315.8552076638057,0.0,18.60309431288889,0,0,0,0,0,0,0,0,0,0,0,0,0,0,0,0,0,0,0,0,0,0,0,0,0,0,0,0,0,0,0.0,0.0,0.0,0.0,0.0,1.0,0.0,0.0,0.0,0.0,0.0,0.0
roll_02,2025-12-08T00:00:00+00:00,2026-01-19T00:00:00+00:00,2026-01-19T00:00:00+00:00,2026-01-26T00:00:00+00:00,1,0,2025-12-17 21:00:00+00:00,2025-12-17 22:00:00+00:00,451.9437548243056,2,743.9178018748333,1315.8552076638057,802.2397683904445,811.214521490611,0,0,0,0,0,21,0.7071067811865474,-0.7071067811865477,0,0,12,9.519808640472222,7.620531694305555,9.539915983555554,7.440695270472222,19.068019110916666,19.665793870805555,18.60309431288889,18.681479908916668,0.0,0.0,0.0,0.0,0,night,0,0.0,0,2,811.214521490611,0.0,19.068019110916666,0,0,0,0,0,0,0,0,0,0,0,0,0,0,0,0,0,0,0,0,0,0,0,0,0,0,0,0,0,0,0.0,0.0,0.0,0.0,0.0,0.0,0.0,0.0,0.0,0.0,0.0,0.0
roll_02,2025-12-08T00:00:00+00:00,2026-01-19T00:00:00+00:00,2026-01-19T00:00:00+00:00,2026-01-26T00:00:00+00:00,1,0,2025-12-17 22:00:00+00:00,2025-12-17 23:00:00+00:00,411.67823313691673,2,428.3317710955,811.214521490611,384.1833294866111,451.9437548243056,0,0,0,1,0,22,0.8660254037844384,-0.5000000000000004,0,0,12,9.58244833636111,7.8127462818055555,9.519808640472222,7.564076926611111,19.59357658025,19.47746737708333,19.068019110916666,18.76675299822222,0.0,0.0,0.0,0.0,0,night,0,0.0,0,2,451.9437548243056,,19.59357658025,0,0,0,0,0,0,0,0,0,0,0,0,0,1,0,1,0,1,0,0,1,1,0,6,0,0,0,3,0,0,0.0,0.0,0.0,0.0,0.0,0.0,0.0,0.0,0.0,1.0,0.0,0.0
roll_02,2025-12-08T00:00:00+00:00,2026-01-19T00:00:00+00:00,2026-01-19T00:00:00+00:00,2026-01-26T00:00:00+00:00,1,0,2025-12-17 23:00:00+00:00,2025-12-18 00:00:00+00:00,406.4279552354444,2,406.2883857556112,451.9437548243056,384.2044550325556,411.67823313691673,0,0,0,1,0,23,0.965925826289068,-0.2588190451025215,0,0,12,9.71701884561111,7.218547684944444,9.58244833636111,7.58739853886111,19.76376788194444,19.612141910805555,19.59357658025,19.004384636083334,0.0,0.0,0.0,0.0,0,night,0,0.0,0,2,411.67823313691673,,19.76376788194444,0,0,0,0,0,0,0,0,0,0,0,0,0,1,0,1,0,1,0,0,1,1,0,6,0,0,0,3,0,0,0.0,1.0,0.0,0.0,0.0,0.0,0.0,0.0,0.0,1.0,0.0,0.0
roll_02,2025-12-08T00:00:00+00:00,2026-01-19T00:00:00+00:00,2026-01-19T00:00:00+00:00,2026-01-26T00:00:00+00:00,1,0,2025-12-18 00:00:00+00:00,2025-12-18 01:00:00+00:00,398.8880847323612,3,431.6304968328333,411.67823313691673,411.30520805025,406.4279552354444,0,0,0,1,0,0,1.0,0.0,0,0,12,9.80725732988889,7.104601210666666,9.71701884561111,7.6481217989444445,19.993892814972224,19.40508834075,19.76376788194444,19.393824003916663,0.0,0.0,0.0,0.0,0,night,0,0.0,0,2,406.4279552354444,,19.993892814972224,0,0,0,0,0,0,0,0,0,0,0,0,0,1,0,1,0,1,0,0,1,1,0,6,0,0,0,3,0,0,0.0,1.0,0.0,0.0,0.0,1.0,0.0,0.0,0.0,0.0,0.0,0.0
roll_02,2025-12-08T00:00:00+00:00,2026-01-19T00:00:00+00:00,2026-01-19T00:00:00+00:00,2026-01-26T00:00:00+00:00,1,0,2025-12-18 01:00:00+00:00,2025-12-18 02:00:00+00:00,396.3956834472778,3,398.0782506763056,406.4279552354444,390.4950433394167,398.8880847323612,0,0,0,1,0,1,0.9659258262890684,0.2588190451025207,0,0,12,9.819946735666669,7.555314778638889,9.80725732988889,7.819026612611111,19.87390577880556,19.58105319311112,19.993892814972224,19.42133666966667,0.0,0.0,0.0,0.0,0,night,0,0.0,0,2,398.8880847323612,,19.87390577880556,0,0,0,0,0,0,0,0,0,0,0,0,0,1,0,1,0,1,0,0,1,1,0,6,0,0,0,3,0,0,0.0,1.0,0.0,0.0,0.0,1.0,0.0,0.0,0.0,0.0,0.0,0.0
roll_02,2025-12-08T00:00:00+00:00,2026-01-19T00:00:00+00:00,2026-01-19T00:00:00+00:00,2026-01-26T00:00:00+00:00,1,0,2025-12-18 02:00:00+00:00,2025-12-18 03:00:00+00:00,405.0478859450556,3,399.5454520405556,398.8880847323612,391.8644491115,396.3956834472778,0,0,0,1,0,2,0.8660254037844387,0.4999999999999999,0,0,12,9.71453655286111,7.405451975249999,9.819946735666669,7.903693810777778,20.041497725722223,19.576525460166668,19.87390577880556,19.833579525416667,0.0,0.0,0.0,0.0,0,night,0,0.0,0,2,396.3956834472778,,20.041497725722223,0,0,0,0,0,0,0,0,0,0,0,0,0,1,0,1,0,1,0,0,1,1,0,6,0,0,0,3,0,0,0.0,1.0,0.0,0.0,0.0,1.0,0.0,0.0,0.0,0.0,0.0,0.0
roll_02,2025-12-08T00:00:00+00:00,2026-01-19T00:00:00+00:00,2026-01-19T00:00:00+00:00,2026-01-26T00:00:00+00:00,1,0,2025-12-18 03:00:00+00:00,2025-12-18 04:00:00+00:00,1085.7380207168333,3,397.9727492769167,396.3956834472778,394.9048984143333,405.0478859450556,0,0,0,1,0,3,0.7071067811865476,0.7071067811865476,0,0,12,9.543924657055555,7.644849008333334,9.71453655286111,7.8129305178055555,19.983023635916663,19.759098296694447,20.041497725722223,19.992829429666667,0.0,0.0,0.0,0.0,0,night,0,0.0,0,2,405.0478859450556,,19.983023635916663,0,0,0,0,0,0,0,0,0,0,0,0,0,1,0,1,0,1,0,0,1,1,0,6,0,0,0,3,0,0,0.0,1.0,0.0,0.0,0.0,1.0,0.0,0.0,0.0,1.0,0.0,0.0
roll_02,2025-12-08T00:00:00+00:00,2026-01-19T00:00:00+00:00,2026-01-19T00:00:00+00:00,2026-01-26T00:00:00+00:00,1,0,2025-12-18 04:00:00+00:00,2025-12-18 05:00:00+00:00,2026.1247595632776,3,1062.8480675434166,405.0478859450556,1071.186297427,1085.7380207168333,0,0,0,0,0,4,0.5000000000000001,0.8660254037844386,0,0,12,9.560316924638888,7.730364505861111,9.543924657055555,7.843615268,20.20734574236111,19.662800521694447,19.983023635916663,20.11470063388889,0.0,0.0,0.0,0.0,0,night,0,0.0,0,2,1085.7380207168333,0.0,20.20734574236111,0,0,0,0,0,0,0,0,0,0,0,0,0,0,0,0,0,0,0,0,0,0,0,0,0,0,0,0,0,0,0.0,1.0,0.0,0.0,0.0,0.0,0.0,0.0,0.0,0.0,0.0,0.0
roll_02,2025-12-08T00:00:00+00:00,2026-01-19T00:00:00+00:00,2026-01-19T00:00:00+00:00,2026-01-26T00:00:00+00:00,1,0,2025-12-18 05:00:00+00:00,2025-12-18 06:00:00+00:00,2519.563161394084,3,2224.261607240111,1085.7380207168333,2453.750167389111,2026.1247595632776,0,0,0,0,0,5,0.2588190451025207,0.9659258262890684,0,0,12,9.430001262805556,7.208011336027778,9.560316924638888,8.006488656444445,20.109631335527776,19.90661811511111,20.20734574236111,20.01161122425,0.0,0.0,0.0,0.0,0,night,0,0.0,0,2,2026.1247595632776,0.0,20.109631335527776,0,0,0,0,0,0,0,0,0,0,0,0,0,0,0,0,0,0,0,0,0,0,0,0,0,0,0,0,0,0,0.0,0.0,0.0,0.0,0.0,0.0,0.0,0.0,0.0,0.0,0.0,0.0
roll_02,2025-12-08T00:00:00+00:00,2026-01-19T00:00:00+00:00,2026-01-19T00:00:00+00:00,2026-01-26T00:00:00+00:00,1,0,2025-12-18 06:00:00+00:00,2025-12-18 07:00:00+00:00,2347.0936061167777,3,2691.743365459695,2026.1247595632776,2722.173687511556,2519.563161394084,0,0,0,0,0,6,6.123233995736766e-17,1.0,0,0,12,9.475737194611112,7.000263703888888,9.430001262805556,8.162828637027777,19.952241661444443,19.930123537083336,20.109631335527776,19.82704110508333,0.0,0.0,0.0,0.0,0,night,0,0.0,0,2,2519.563161394084,0.0,19.952241661444443,0,0,0,0,0,0,0,0,0,0,0,0,0,0,0,0,0,0,0,0,0,0,0,0,0,0,0,0,0,0,0.0,0.0,0.0,0.0,0.0,0.0,0.0,0.0,0.0,0.0,0.0,0.0
roll_02,2025-12-08T00:00:00+00:00,2026-01-19T00:00:00+00:00,2026-01-19T00:00:00+00:00,2026-01-26T00:00:00+00:00,1,0,2025-12-18 07:00:00+00:00,2025-12-18 08:00:00+00:00,1532.4942740178055,3,2299.71990621725,2519.563161394084,2449.925167818306,2347.0936061167777,0,0,0,0,0,7,-0.2588190451025206,0.9659258262890684,0,0,12,9.482690825166666,7.000969535722223,9.475737194611112,8.208431735,20.009633274416668,19.31530487452778,19.952241661444443,19.06675370347222,0.0,0.0,0.0,0.0,1,night,0,0.0,0,2,2347.0936061167777,0.0,20.009633274416668,0,0,0,0,0,0,0,0,0,0,0,0,0,0,0,0,0,0,0,0,0,0,0,0,0,0,0,0,0,0,0.0,0.0,0.0,0.0,0.0,0.0,0.0,0.0,0.0,0.0,0.0,0.0
roll_02,2025-12-08T00:00:00+00:00,2026-01-19T00:00:00+00:00,2026-01-19T00:00:00+00:00,2026-01-26T00:00:00+00:00,1,0,2025-12-18 08:00:00+00:00,2025-12-18 09:00:00+00:00,1285.6054235651388,3,429.0419564499444,2347.0936061167777,2558.1957894870834,1532.4942740178055,0,0,0,0,0,8,-0.4999999999999998,0.8660254037844387,0,0,12,9.580538793388888,7.8535560979722225,9.482690825166666,8.533606403194446,18.82227319452777,18.471464211305555,20.009633274416668,18.52296228277778,0.0,22.508007007444444,0.0,33.759730213944444,1,night,0,0.0,0,2,1532.4942740178055,0.0,18.82227319452777,0,0,0,0,0,0,0,0,0,0,0,0,0,0,0,0,0,0,0,0,0,0,0,0,0,0,0,0,0,0,0.0,0.0,0.0,0.0,0.0,0.0,0.0,0.0,0.0,0.0,0.0,0.0
roll_02,2025-12-08T00:00:00+00:00,2026-01-19T00:00:00+00:00,2026-01-19T00:00:00+00:00,2026-01-26T00:00:00+00:00,1,0,2025-12-18 09:00:00+00:00,2025-12-18 10:00:00+00:00,971.0862142291388,3,2419.3502295228886,1532.4942740178055,900.5161560151665,1285.6054235651388,0,0,0,0,0,9,-0.7071067811865475,0.7071067811865476,0,0,12,9.7064543585,8.5721610995,9.580538793388888,9.099701070083333,18.51941210791667,19.244376190305555,18.82227319452777,17.969253158222223,49.74789671472222,103.27783611638888,0.0,187.9885702534722,1,low,0,0.0,0,2,1285.6054235651388,49.74789671472222,18.51941210791667,0,0,0,0,0,0,0,0,0,0,0,0,0,0,0,0,0,0,0,0,0,0,0,0,0,0,0,0,0,0,0.0,0.0,0.0,0.0,0.0,0.0,0.0,0.0,0.0,0.0,0.0,0.0
roll_02,2025-12-08T00:00:00+00:00,2026-01-19T00:00:00+00:00,2026-01-19T00:00:00+00:00,2026-01-26T00:00:00+00:00,1,0,2025-12-18 10:00:00+00:00,2025-12-18 11:00:00+00:00,574.2457965910278,3,313.60608852825004,1285.6054235651388,2232.182668796584,971.0862142291388,0,0,0,0,0,10,-0.8660254037844387,0.4999999999999999,0,0,12,10.616049575833332,9.74831205563889,9.7064543585,9.756009190472222,19.1782505705,19.2297883485,18.51941210791667,19.10792941355556,179.62243284575,416.4693376095278,49.74789671472222,204.24852328377776,1,low,0,0.0,0,3,971.0862142291388,179.62243284575,19.1782505705,0,0,0,0,0,0,0,0,0,0,0,0,0,0,0,0,0,0,0,0,0,0,0,0,0,0,0,0,0,0,0.0,0.0,0.0,0.0,0.0,0.0,0.0,0.0,0.0,0.0,0.0,0.0
roll_02,2025-12-08T00:00:00+00:00,2026-01-19T00:00:00+00:00,2026-01-19T00:00:00+00:00,2026-01-26T00:00:00+00:00,1,0,2025-12-18 11:00:00+00:00,2025-12-18 12:00:00+00:00,799.2898815038334,3,16.785743138166655,971.0862142291388,270.1439230715277,574.2457965910278,0,0,0,0,0,11,-0.9659258262890682,0.258819045102521,0,0,12,11.17507976411111,10.799627691305554,10.616049575833332,9.88983538011111,18.70868807372222,19.82835803272222,19.1782505705,18.66690112433333,287.5595732663889,461.8392405840555,179.62243284575,128.10038583380555,1,low,0,0.0,0,3,574.2457965910278,287.5595732663889,18.70868807372222,0,0,0,0,0,0,0,0,0,0,0,0,0,0,0,0,0,0,0,0,0,0,0,0,0,0,0,0,0,0,0.0,0.0,0.0,0.0,0.0,0.0,0.0,0.0,0.0,0.0,0.0,0.0
roll_02,2025-12-08T00:00:00+00:00,2026-01-19T00:00:00+00:00,2026-01-19T00:00:00+00:00,2026-01-26T00:00:00+00:00,1,0,2025-12-18 12:00:00+00:00,2025-12-18 13:00:00+00:00,1525.6848601925,3,569.6425494774722,574.2457965910278,1491.0930149556943,799.2898815038334,0,0,0,0,0,12,-1.0,1.2246467991473532e-16,0,0,12,11.850099719833333,11.644744532638889,11.17507976411111,9.944974314916667,18.89783468041667,19.99636053344444,18.70868807372222,18.91036433463889,190.2800617096944,629.1284148176389,287.5595732663889,60.79540611177779,1,low,0,0.0,0,3,799.2898815038334,190.2800617096944,18.89783468041667,0,0,0,0,0,0,0,0,0,0,0,0,0,0,0,0,0,0,0,0,0,0,0,0,0,0,0,0,0,0,0.0,0.0,0.0,0.0,0.0,0.0,0.0,0.0,0.0,0.0,0.0,0.0
roll_02,2025-12-08T00:00:00+00:00,2026-01-19T00:00:00+00:00,2026-01-19T00:00:00+00:00,2026-01-26T00:00:00+00:00,1,0,2025-12-18 13:00:00+00:00,2025-12-18 14:00:00+00:00,768.8184228760556,3,-157.9648292376111,799.2898815038334,836.9815462651944,1525.6848601925,0,0,0,0,0,13,-0.9659258262890684,-0.2588190451025208,0,0,12,11.755758904944445,12.846886140666667,11.850099719833333,9.773172751416666,18.989761126083334,19.476052890722222,18.89783468041667,18.963857942194444,15.800270047833331,602.3263152116111,190.2800617096944,51.856617322194445,1,low,0,0.0,0,3,1525.6848601925,15.800270047833331,18.989761126083334,0,0,0,0,0,0,0,0,0,0,0,0,0,0,0,0,0,0,0,0,0,0,0,0,0,0,0,0,0,0,0.0,0.0,0.0,0.0,0.0,0.0,0.0,0.0,0.0,0.0,0.0,0.0
roll_02,2025-12-08T00:00:00+00:00,2026-01-19T00:00:00+00:00,2026-01-19T00:00:00+00:00,2026-01-26T00:00:00+00:00,1,0,2025-12-18 14:00:00+00:00,2025-12-18 15:00:00+00:00,1814.4998728323053,3,628.4569465240834,1525.6848601925,1692.33890384425,768.8184228760556,0,0,0,0,0,14,-0.8660254037844388,-0.4999999999999997,0,0,12,11.474978319305556,11.93334013786111,11.755758904944445,9.848121466416666,18.503302493166668,19.10863335755556,18.989761126083334,23.877518419861108,0.0,128.2183837732778,15.800270047833331,27.55335654275,1,night,0,0.0,0,3,768.8184228760556,0.0,18.503302493166668,0,0,0,0,0,0,0,0,0,0,0,0,0,0,0,0,0,0,0,0,0,0,0,0,0,0,0,0,0,0,0.0,0.0,0.0,0.0,0.0,0.0,0.0,0.0,0.0,0.0,0.0,0.0
roll_02,2025-12-08T00:00:00+00:00,2026-01-19T00:00:00+00:00,2026-01-19T00:00:00+00:00,2026-01-26T00:00:00+00:00,1,0,2025-12-18 15:00:00+00:00,2025-12-18 16:00:00+00:00,1876.834742669556,3,1457.7443370768058,768.8184228760556,1359.5864463025837,1814.4998728323053,0,0,0,0,0,15,-0.7071067811865479,-0.7071067811865471,0,0,12,10.975676959722222,10.831318182194444,11.474978319305556,9.743338424527778,18.96069717208333,19.220006482472225,18.503302493166668,19.32859337286111,0.0,0.0,0.0,0.0,1,night,0,0.0,0,3,1814.4998728323053,0.0,18.96069717208333,0,0,0,0,0,0,0,0,0,0,0,0,0,0,0,0,0,0,0,0,0,0,0,0,0,0,0,0,0,0,0.0,0.0,0.0,0.0,0.0,0.0,0.0,0.0,0.0,0.0,0.0,0.0
roll_02,2025-12-08T00:00:00+00:00,2026-01-19T00:00:00+00:00,2026-01-19T00:00:00+00:00,2026-01-26T00:00:00+00:00,1,0,2025-12-18 16:00:00+00:00,2025-12-18 17:00:00+00:00,1297.5541581964444,3,720.9585611725,1814.4998728323053,363.6337224605833,1876.834742669556,0,0,0,0,0,16,-0.5000000000000004,-0.8660254037844385,0,0,12,10.78438392236111,9.700772726416668,10.975676959722222,9.63009450136111,19.801417764472223,19.12850690805556,18.96069717208333,18.88695833694445,0.0,0.0,0.0,0.0,0,night,0,0.0,0,3,1876.834742669556,0.0,19.801417764472223,0,0,0,0,0,0,0,0,0,0,0,0,0,0,0,0,0,0,0,0,0,0,0,0,0,0,0,0,0,0,0.0,0.0,0.0,0.0,0.0,0.0,0.0,0.0,0.0,0.0,0.0,0.0
roll_02,2025-12-08T00:00:00+00:00,2026-01-19T00:00:00+00:00,2026-01-19T00:00:00+00:00,2026-01-26T00:00:00+00:00,1,0,2025-12-18 17:00:00+00:00,2025-12-18 18:00:00+00:00,884.5934630057777,3,1304.7073506794443,1876.834742669556,838.0322185332501,1297.5541581964444,0,0,0,0,0,17,-0.2588190451025206,-0.9659258262890684,0,0,12,10.584001058666669,8.968566186166667,10.78438392236111,9.681062592694444,19.49294520408333,18.74048020558333,19.801417764472223,19.011202705416668,0.0,0.0,0.0,0.0,0,night,0,0.0,0,3,1297.5541581964444,0.0,19.49294520408333,0,0,0,0,0,0,0,0,0,0,0,0,0,0,0,0,0,0,0,0,0,0,0,0,0,0,0,0,0,0,0.0,0.0,0.0,0.0,0.0,0.0,0.0,0.0,0.0,0.0,0.0,0.0
roll_02,2025-12-08T00:00:00+00:00,2026-01-19T00:00:00+00:00,2026-01-19T00:00:00+00:00,2026-01-26T00:00:00+00:00,1,0,2025-12-18 18:00:00+00:00,2025-12-18 19:00:00+00:00,948.7998252662222,3,2567.5815382288333,1297.5541581964444,1871.494598386667,884.5934630057777,0,0,0,0,0,18,-1.8369701987210294e-16,-1.0,0,0,12,10.765044316138887,8.411701608527776,10.584001058666669,9.578609097305554,19.239708441694443,19.088500186444445,19.49294520408333,19.04374695586111,0.0,0.0,0.0,0.0,0,night,0,0.0,0,3,884.5934630057777,0.0,19.239708441694443,0,0,0,0,0,0,0,0,0,0,0,0,0,0,0,0,0,0,0,0,0,0,0,0,0,0,0,0,0,0,0.0,0.0,0.0,0.0,0.0,0.0,0.0,0.0,0.0,0.0,0.0,0.0
roll_02,2025-12-08T00:00:00+00:00,2026-01-19T00:00:00+00:00,2026-01-19T00:00:00+00:00,2026-01-26T00:00:00+00:00,1,0,2025-12-18 19:00:00+00:00,2025-12-18 20:00:00+00:00,638.0101264073055,3,1476.6382273712777,884.5934630057777,2448.8777828169723,948.7998252662222,0,0,0,0,0,19,0.2588190451025203,-0.9659258262890684,0,0,12,10.568735363194444,7.83134869511111,10.765044316138887,9.652694642777778,19.98586558097222,19.106507927583333,19.239708441694443,18.1900867165,0.0,0.0,0.0,0.0,0,night,0,0.0,0,3,948.7998252662222,0.0,19.98586558097222,0,0,0,0,0,0,0,0,0,0,0,0,0,0,0,0,0,0,0,0,0,0,0,0,0,0,0,0,0,0,0.0,0.0,0.0,0.0,0.0,0.0,0.0,0.0,0.0,0.0,0.0,0.0
roll_02,2025-12-08T00:00:00+00:00,2026-01-19T00:00:00+00:00,2026-01-19T00:00:00+00:00,2026-01-26T00:00:00+00:00,1,0,2025-12-18 20:00:00+00:00,2025-12-18 21:00:00+00:00,573.7106781378055,3,1053.851537108167,948.7998252662222,1315.8552076638057,638.0101264073055,0,0,0,0,0,20,0.5000000000000001,-0.8660254037844386,0,0,12,10.39765367338889,7.4666583924722225,10.568735363194444,9.539915983555554,20.04145478802777,19.565624329416668,19.98586558097222,18.60309431288889,0.0,0.0,0.0,0.0,0,night,0,0.0,0,3,638.0101264073055,0.0,20.04145478802777,0,0,0,0,0,0,0,0,0,0,0,0,0,0,0,0,0,0,0,0,0,0,0,0,0,0,0,0,0,0,0.0,0.0,0.0,0.0,0.0,0.0,0.0,0.0,0.0,0.0,0.0,0.0
roll_02,2025-12-08T00:00:00+00:00,2026-01-19T00:00:00+00:00,2026-01-19T00:00:00+00:00,2026-01-26T00:00:00+00:00,1,0,2025-12-18 21:00:00+00:00,2025-12-18 22:00:00+00:00,3023.5129333686946,3,950.1393990561388,638.0101264073055,811.214521490611,573.7106781378055,0,0,0,0,0,21,0.7071067811865474,-0.7071067811865477,0,0,12,10.270174749361113,6.583995971722222,10.39765367338889,9.519808640472222,20.28543574972222,19.616497739194447,20.04145478802777,19.068019110916666,0.0,0.0,0.0,0.0,0,night,0,0.0,0,3,573.7106781378055,0.0,20.28543574972222,0,0,0,0,0,0,0,0,0,0,0,0,0,0,0,0,0,0,0,0,0,0,0,0,0,0,0,0,0,0,0.0,0.0,0.0,0.0,0.0,0.0,0.0,0.0,0.0,0.0,0.0,0.0
roll_02,2025-12-08T00:00:00+00:00,2026-01-19T00:00:00+00:00,2026-01-19T00:00:00+00:00,2026-01-26T00:00:00+00:00,1,0,2025-12-18 22:00:00+00:00,2025-12-18 23:00:00+00:00,2569.413225884028,3,562.5141367970556,573.7106781378055,451.9437548243056,3023.5129333686946,0,0,0,0,0,22,0.8660254037844384,-0.5000000000000004,0,0,12,10.337083920222222,6.099566337555555,10.270174749361113,9.58244833636111,19.274277902694447,19.708482905333334,20.28543574972222,19.59357658025,0.0,0.0,0.0,0.0,0,night,0,0.0,0,3,3023.5129333686946,0.0,19.274277902694447,0,0,0,0,0,0,0,0,0,0,0,0,0,0,0,0,0,0,0,0,0,0,0,0,0,0,0,0,0,0,0.0,0.0,0.0,0.0,0.0,1.0,0.0,0.0,0.0,0.0,0.0,0.0
roll_02,2025-12-08T00:00:00+00:00,2026-01-19T00:00:00+00:00,2026-01-19T00:00:00+00:00,2026-01-26T00:00:00+00:00,1,0,2025-12-18 23:00:00+00:00,2025-12-19 00:00:00+00:00,2487.9553066196663,3,421.0178039295,3023.5129333686946,411.67823313691673,2569.413225884028,0,0,0,0,0,23,0.965925826289068,-0.2588190451025215,0,0,12,10.237476895416668,5.659370747444444,10.337083920222222,9.71701884561111,19.359192366027777,20.06254708436111,19.274277902694447,19.76376788194444,0.0,0.0,0.0,0.0,0,night,0,0.0,0,3,2569.413225884028,0.0,19.359192366027777,0,0,0,0,0,0,0,0,0,0,0,0,0,0,0,0,0,0,0,0,0,0,0,0,0,0,0,0,0,0,0.0,0.0,0.0,0.0,0.0,1.0,0.0,0.0,0.0,0.0,0.0,0.0
roll_02,2025-12-08T00:00:00+00:00,2026-01-19T00:00:00+00:00,2026-01-19T00:00:00+00:00,2026-01-26T00:00:00+00:00,1,0,2025-12-19 00:00:00+00:00,2025-12-19 01:00:00+00:00,2502.429875326167,4,405.2219755909444,2569.413225884028,406.4279552354444,2487.9553066196663,0,0,0,0,0,0,1.0,0.0,0,0,12,10.1275081405,5.1738994866666665,10.237476895416668,9.80725732988889,19.832021533972224,20.30618140102777,19.359192366027777,19.993892814972224,0.0,0.0,0.0,0.0,0,night,0,0.0,0,3,2487.9553066196663,0.0,19.832021533972224,0,0,0,0,0,0,0,0,0,0,0,0,0,0,0,0,0,0,0,0,0,0,0,0,0,0,0,0,0,0,0.0,0.0,0.0,0.0,0.0,1.0,0.0,0.0,0.0,1.0,0.0,0.0
roll_02,2025-12-08T00:00:00+00:00,2026-01-19T00:00:00+00:00,2026-01-19T00:00:00+00:00,2026-01-26T00:00:00+00:00,1,0,2025-12-19 01:00:00+00:00,2025-12-19 02:00:00+00:00,2668.305668073305,4,402.0982631256389,2487.9553066196663,398.8880847323612,2502.429875326167,0,0,0,0,0,1,0.9659258262890684,0.2588190451025207,0,0,12,10.039828737222225,4.913025613583333,10.1275081405,9.819946735666669,20.113916255,20.31216033738889,19.832021533972224,19.87390577880556,0.0,0.0,0.0,0.0,0,night,0,0.0,0,3,2502.429875326167,0.0,20.113916255,0,0,0,0,0,0,0,0,0,0,0,0,0,0,0,0,0,0,0,0,0,0,0,0,0,0,0,0,0,0,0.0,0.0,0.0,0.0,0.0,1.0,0.0,0.0,0.0,1.0,0.0,0.0
roll_02,2025-12-08T00:00:00+00:00,2026-01-19T00:00:00+00:00,2026-01-19T00:00:00+00:00,2026-01-26T00:00:00+00:00,1,0,2025-12-19 02:00:00+00:00,2025-12-19 03:00:00+00:00,2968.743152391,4,403.0920083871111,2502.429875326167,396.3956834472778,2668.305668073305,0,0,0,0,0,2,0.8660254037844387,0.4999999999999999,0,0,12,9.899981528527778,4.682651236583333,10.039828737222225,9.71453655286111,19.973235468638887,20.150068238166664,20.113916255,20.041497725722223,0.0,0.0,0.0,0.0,0,night,0,0.0,0,2,2668.305668073305,0.0,19.973235468638887,0,0,0,0,0,0,0,0,0,0,0,0,0,0,0,0,0,0,0,0,0,0,0,0,0,0,0,0,0,0,0.0,0.0,0.0,0.0,0.0,1.0,0.0,0.0,0.0,0.0,0.0,0.0
roll_02,2025-12-08T00:00:00+00:00,2026-01-19T00:00:00+00:00,2026-01-19T00:00:00+00:00,2026-01-26T00:00:00+00:00,1,0,2025-12-19 03:00:00+00:00,2025-12-19 04:00:00+00:00,3592.3148819176945,4,397.0982915950278,2668.305668073305,405.0478859450556,2968.743152391,0,0,0,0,0,3,0.7071067811865476,0.7071067811865476,0,0,12,9.928035641555557,4.2889763769444444,9.899981528527778,9.543924657055555,19.75117515538889,19.845854680333336,19.973235468638887,19.983023635916663,0.0,0.0,0.0,0.0,0,night,0,0.0,0,2,2968.743152391,0.0,19.75117515538889,0,0,0,0,0,0,0,0,0,0,0,0,0,0,0,0,0,0,0,0,0,0,0,0,0,0,0,0,0,0,0.0,0.0,0.0,0.0,0.0,1.0,0.0,0.0,0.0,0.0,0.0,0.0
roll_02,2025-12-08T00:00:00+00:00,2026-01-19T00:00:00+00:00,2026-01-19T00:00:00+00:00,2026-01-26T00:00:00+00:00,1,0,2025-12-19 04:00:00+00:00,2025-12-19 05:00:00+00:00,4079.186190459945,4,1068.5488045221389,2968.743152391,1085.7380207168333,3592.3148819176945,0,0,0,0,0,4,0.5000000000000001,0.8660254037844386,0,0,12,9.94055650663889,3.9721919557777774,9.928035641555557,9.560316924638888,20.00976105536111,23.951699343416664,19.75117515538889,20.20734574236111,0.0,0.0,0.0,0.0,0,night,0,0.0,0,2,3592.3148819176945,0.0,20.00976105536111,0,0,0,0,0,0,0,0,0,0,0,0,0,0,0,0,0,0,0,0,0,0,0,0,0,0,0,0,0,0,0.0,0.0,0.0,0.0,0.0,0.0,0.0,0.0,0.0,0.0,0.0,0.0
roll_02,2025-12-08T00:00:00+00:00,2026-01-19T00:00:00+00:00,2026-01-19T00:00:00+00:00,2026-01-26T00:00:00+00:00,1,0,2025-12-19 05:00:00+00:00,2025-12-19 06:00:00+00:00,4084.648992277029,4,2645.611951855972,3592.3148819176945,2026.1247595632776,4079.186190459945,0,0,0,0,0,5,0.2588190451025207,0.9659258262890684,0,0,12,9.8378131105,3.654440348361111,9.94055650663889,9.430001262805556,19.97939952536112,20.31550512761111,20.00976105536111,20.109631335527776,0.0,0.0,0.0,0.0,0,night,0,0.0,0,2,4079.186190459945,0.0,19.97939952536112,0,0,0,0,0,0,0,0,0,0,0,0,0,0,0,0,0,0,0,0,0,0,0,0,0,0,0,0,0,0,0.0,0.0,0.0,0.0,0.0,0.0,0.0,0.0,0.0,0.0,0.0,0.0
roll_02,2025-12-08T00:00:00+00:00,2026-01-19T00:00:00+00:00,2026-01-19T00:00:00+00:00,2026-01-26T00:00:00+00:00,1,0,2025-12-19 06:00:00+00:00,2025-12-19 07:00:00+00:00,4089.759924405639,4,3160.139654487972,4079.186190459945,2519.563161394084,4084.648992277029,0,0,0,0,0,6,6.123233995736766e-17,1.0,0,0,12,9.905384346388889,3.50901894075,9.8378131105,9.475737194611112,19.336259276916667,20.13648690833333,19.97939952536112,19.952241661444443,0.0,0.0,0.0,0.0,0,night,0,0.0,0,2,4084.648992277029,0.0,19.336259276916667,0,0,0,0,0,0,0,0,0,0,0,0,0,0,0,0,0,0,0,0,0,0,0,0,0,0,0,0,0,0,0.0,0.0,0.0,0.0,0.0,0.0,0.0,0.0,0.0,0.0,0.0,0.0
roll_02,2025-12-08T00:00:00+00:00,2026-01-19T00:00:00+00:00,2026-01-19T00:00:00+00:00,2026-01-26T00:00:00+00:00,1,0,2025-12-19 07:00:00+00:00,2025-12-19 08:00:00+00:00,2369.9299930972497,4,3301.265701610889,4084.648992277029,2347.0936061167777,4089.759924405639,0,0,0,0,0,7,-0.2588190451025206,0.9659258262890684,0,0,12,10.075063539166663,3.8979385865,9.905384346388889,9.482690825166666,19.056086984444445,20.327521903972222,19.336259276916667,20.009633274416668,0.0,159.72008044133335,0.0,0.0,1,night,0,0.0,0,3,4089.759924405639,0.0,19.056086984444445,0,0,0,0,0,0,0,0,0,0,0,0,0,0,0,0,0,0,0,0,0,0,0,0,0,0,0,0,0,0,0.0,0.0,0.0,0.0,0.0,0.0,0.0,0.0,0.0,0.0,0.0,0.0
roll_02,2025-12-08T00:00:00+00:00,2026-01-19T00:00:00+00:00,2026-01-19T00:00:00+00:00,2026-01-26T00:00:00+00:00,1,0,2025-12-19 08:00:00+00:00,2025-12-19 09:00:00+00:00,1676.48737852625,4,1899.153966790639,4089.759924405639,1532.4942740178055,2369.9299930972497,0,0,0,0,0,8,-0.4999999999999998,0.8660254037844387,0,0,12,10.39773057163889,5.308974607166666,10.075063539166663,9.580538793388888,17.96045944975,20.01179800958333,19.056086984444445,18.82227319452777,50.96614975133334,650.6538673387778,0.0,0.0,1,low,0,0.0,0,3,2369.9299930972497,50.96614975133334,17.96045944975,0,0,0,0,0,0,0,0,0,0,0,0,0,0,0,0,0,0,0,0,0,0,0,0,0,0,0,0,0,0,0.0,0.0,0.0,0.0,0.0,0.0,0.0,0.0,0.0,0.0,0.0,0.0
roll_02,2025-12-08T00:00:00+00:00,2026-01-19T00:00:00+00:00,2026-01-19T00:00:00+00:00,2026-01-26T00:00:00+00:00,1,0,2025-12-19 09:00:00+00:00,2025-12-19 10:00:00+00:00,1620.2042637022498,4,-365.9012870300833,2369.9299930972497,1285.6054235651388,1676.48737852625,0,0,0,0,0,9,-0.7071067811865475,0.7071067811865476,0,0,12,10.531381173138888,7.058730206861111,10.39773057163889,9.7064543585,19.49918153508333,19.477666591611108,17.96045944975,18.51941210791667,94.02738055927776,1055.7266682196112,50.96614975133334,49.74789671472222,1,low,0,0.0,0,3,1676.48737852625,94.02738055927776,19.49918153508333,0,0,0,0,0,0,0,0,0,0,0,0,0,0,0,0,0,0,0,0,0,0,0,0,0,0,0,0,0,0,0.0,0.0,0.0,0.0,0.0,0.0,0.0,0.0,0.0,0.0,0.0,0.0
roll_02,2025-12-08T00:00:00+00:00,2026-01-19T00:00:00+00:00,2026-01-19T00:00:00+00:00,2026-01-26T00:00:00+00:00,1,0,2025-12-19 10:00:00+00:00,2025-12-19 11:00:00+00:00,1.1544469997777709,4,228.80350847097225,1676.48737852625,971.0862142291388,1620.2042637022498,0,0,0,0,0,10,-0.8660254037844387,0.4999999999999999,0,0,12,10.828928007611111,9.350620993805554,10.531381173138888,10.616049575833332,19.01355631688889,20.1630678655,19.49918153508333,19.1782505705,142.40480773033332,1354.6869826095278,94.02738055927776,179.62243284575,1,low,0,0.0,0,3,1620.2042637022498,142.40480773033332,19.01355631688889,0,0,0,0,0,0,0,0,0,0,0,0,0,0,0,0,0,0,0,0,0,0,0,0,0,0,0,0,0,0,0.0,0.0,0.0,0.0,0.0,0.0,0.0,0.0,0.0,0.0,0.0,0.0
roll_02,2025-12-08T00:00:00+00:00,2026-01-19T00:00:00+00:00,2026-01-19T00:00:00+00:00,2026-01-26T00:00:00+00:00,1,0,2025-12-19 11:00:00+00:00,2025-12-19 12:00:00+00:00,98.64931202419444,4,-729.3193147336666,1620.2042637022498,574.2457965910278,1.1544469997777709,0,0,0,0,0,11,-0.9659258262890682,0.258819045102521,0,0,12,11.412507820361112,11.180592098055556,10.828928007611111,11.17507976411111,19.35391335111112,20.459384596083336,19.01355631688889,18.70868807372222,323.776244954,1422.3071751289165,142.40480773033332,287.5595732663889,1,low,0,0.0,0,3,1.1544469997777709,323.776244954,19.35391335111112,0,0,0,0,0,0,0,0,0,0,0,0,0,0,0,0,0,0,0,0,0,0,0,0,0,0,0,0,0,0,0.0,0.0,0.0,0.0,0.0,0.0,0.0,0.0,0.0,0.0,0.0,0.0
roll_02,2025-12-08T00:00:00+00:00,2026-01-19T00:00:00+00:00,2026-01-19T00:00:00+00:00,2026-01-26T00:00:00+00:00,1,0,2025-12-19 12:00:00+00:00,2025-12-19 13:00:00+00:00,512.3507727890278,4,-714.8395491268334,1.1544469997777709,799.2898815038334,98.64931202419444,0,0,0,0,0,12,-1.0,1.2246467991473532e-16,0,0,12,11.80873808425,12.916079043444446,11.412507820361112,11.850099719833333,18.786995528777776,20.344164486722224,19.35391335111112,18.89783468041667,240.77199016391668,1293.6038037033334,323.776244954,190.2800617096944,1,low,0,0.0,0,3,98.64931202419444,240.77199016391668,18.786995528777776,0,0,0,0,0,0,0,0,0,0,0,0,0,0,0,0,0,0,0,0,0,0,0,0,0,0,0,0,0,0,0.0,0.0,0.0,0.0,0.0,0.0,0.0,0.0,0.0,0.0,0.0,0.0
roll_02,2025-12-08T00:00:00+00:00,2026-01-19T00:00:00+00:00,2026-01-19T00:00:00+00:00,2026-01-26T00:00:00+00:00,1,0,2025-12-19 13:00:00+00:00,2025-12-19 14:00:00+00:00,927.8153868753888,4,265.6143764292222,98.64931202419444,1525.6848601925,512.3507727890278,0,0,0,0,0,13,-0.9659258262890684,-0.2588190451025208,0,0,12,11.440597359583334,15.420632142972224,11.80873808425,11.755758904944445,19.149447489333333,20.43499344188889,18.786995528777776,18.989761126083334,383.8729831872223,983.2606624219444,240.77199016391668,15.800270047833331,1,low,0,0.0,0,3,512.3507727890278,383.8729831872223,19.149447489333333,0,0,0,0,0,0,0,0,0,0,0,0,0,0,0,0,0,0,0,0,0,0,0,0,0,0,0,0,0,0,0.0,0.0,0.0,0.0,0.0,0.0,0.0,0.0,0.0,0.0,0.0,0.0
roll_02,2025-12-08T00:00:00+00:00,2026-01-19T00:00:00+00:00,2026-01-19T00:00:00+00:00,2026-01-26T00:00:00+00:00,1,0,2025-12-19 14:00:00+00:00,2025-12-19 15:00:00+00:00,744.7131270646665,4,100.9427595617222,512.3507727890278,768.8184228760556,927.8153868753888,0,0,0,0,0,14,-0.8660254037844388,-0.4999999999999997,0,0,12,11.142632974694443,15.652184700444442,11.440597359583334,11.474978319305556,19.22388595247222,19.89292099463889,19.149447489333333,18.503302493166668,82.65861460602778,351.8592035813056,383.8729831872223,0.0,1,low,0,0.0,0,3,927.8153868753888,82.65861460602778,19.22388595247222,0,0,0,0,0,0,0,0,0,0,0,0,0,0,0,0,0,0,0,0,0,0,0,0,0,0,0,0,0,0,0.0,0.0,0.0,0.0,0.0,0.0,0.0,0.0,0.0,0.0,0.0,0.0
roll_02,2025-12-08T00:00:00+00:00,2026-01-19T00:00:00+00:00,2026-01-19T00:00:00+00:00,2026-01-26T00:00:00+00:00,1,0,2025-12-19 15:00:00+00:00,2025-12-19 16:00:00+00:00,1355.7343531453057,4,406.6448611566389,927.8153868753888,1814.4998728323053,744.7131270646665,0,0,0,0,0,15,-0.7071067811865479,-0.7071067811865471,0,0,12,10.817493563527778,12.966751119444446,11.142632974694443,10.975676959722222,18.786613749388888,19.068727213555555,19.22388595247222,18.96069717208333,0.0,0.0,82.65861460602778,0.0,1,night,0,0.0,0,3,744.7131270646665,0.0,18.786613749388888,0,0,0,0,0,0,0,0,0,0,0,0,0,0,0,0,0,0,0,0,0,0,0,0,0,0,0,0,0,0,0.0,0.0,0.0,0.0,0.0,0.0,0.0,0.0,0.0,0.0,0.0,0.0
roll_02,2025-12-08T00:00:00+00:00,2026-01-19T00:00:00+00:00,2026-01-19T00:00:00+00:00,2026-01-26T00:00:00+00:00,1,0,2025-12-19 16:00:00+00:00,2025-12-19 17:00:00+00:00,706.8007177464166,4,1896.4723006963056,744.7131270646665,1876.834742669556,1355.7343531453057,0,0,0,0,0,16,-0.5000000000000004,-0.8660254037844385,0,0,12,10.560761300972224,10.09266290913889,10.817493563527778,10.78438392236111,19.144331290305555,19.37565195530556,18.786613749388888,19.801417764472223,0.0,0.0,0.0,0.0,0,night,0,0.0,0,3,1355.7343531453057,0.0,19.144331290305555,0,0,0,0,0,0,0,0,0,0,0,0,0,0,0,0,0,0,0,0,0,0,0,0,0,0,0,0,0,0,0.0,0.0,0.0,0.0,0.0,0.0,0.0,0.0,0.0,0.0,0.0,0.0
roll_02,2025-12-08T00:00:00+00:00,2026-01-19T00:00:00+00:00,2026-01-19T00:00:00+00:00,2026-01-26T00:00:00+00:00,1,0,2025-12-19 17:00:00+00:00,2025-12-19 18:00:00+00:00,741.9079327092222,4,780.8814249204166,1355.7343531453057,1297.5541581964444,706.8007177464166,0,0,0,0,0,17,-0.2588190451025206,-0.9659258262890684,0,0,12,10.37761738488889,8.411471295527777,10.560761300972224,10.584001058666669,18.605188644972223,18.901913653111112,19.144331290305555,19.49294520408333,0.0,0.0,0.0,0.0,0,night,0,0.0,0,3,706.8007177464166,0.0,18.605188644972223,0,0,0,0,0,0,0,0,0,0,0,0,0,0,0,0,0,0,0,0,0,0,0,0,0,0,0,0,0,0,0.0,0.0,0.0,0.0,0.0,0.0,0.0,0.0,0.0,0.0,0.0,0.0
roll_02,2025-12-08T00:00:00+00:00,2026-01-19T00:00:00+00:00,2026-01-19T00:00:00+00:00,2026-01-26T00:00:00+00:00,1,0,2025-12-19 18:00:00+00:00,2025-12-19 19:00:00+00:00,878.0051954133611,4,1205.603640003786,706.8007177464166,884.5934630057777,741.9079327092222,0,0,0,0,0,18,-1.8369701987210294e-16,-1.0,0,0,12,10.259018782388887,7.575090554972223,10.37761738488889,10.765044316138887,18.745317918583336,18.76904385170093,18.605188644972223,19.239708441694443,0.0,0.0,0.0,0.0,0,night,0,0.0,0,3,741.9079327092222,0.0,18.745317918583336,0,0,0,0,0,0,0,0,0,0,0,0,0,0,0,0,0,0,0,0,0,0,0,0,0,0,0,0,0,0,0.0,0.0,0.0,0.0,0.0,0.0,0.0,0.0,0.0,0.0,0.0,0.0
roll_02,2025-12-08T00:00:00+00:00,2026-01-19T00:00:00+00:00,2026-01-19T00:00:00+00:00,2026-01-26T00:00:00+00:00,1,0,2025-12-19 19:00:00+00:00,2025-12-19 20:00:00+00:00,1170.7592705069444,4,895.6396566730277,741.9079327092222,948.7998252662222,878.0051954133611,0,0,0,1,0,19,0.2588190451025203,-0.9659258262890684,0,0,12,10.379846710472222,6.7854062878055545,10.259018782388887,10.568735363194444,19.27836837580556,19.03533437077778,18.745317918583336,19.98586558097222,0.0,0.0,0.0,0.0,0,night,0,0.0,0,3,878.0051954133611,,19.27836837580556,0,0,0,0,0,0,0,0,0,0,0,0,1,0,0,1,0,1,0,0,1,1,0,2,0,0,0,2,0,0,0.0,0.0,0.0,0.0,0.0,0.0,0.0,0.0,0.0,1.0,0.0,0.0
roll_02,2025-12-08T00:00:00+00:00,2026-01-19T00:00:00+00:00,2026-01-19T00:00:00+00:00,2026-01-26T00:00:00+00:00,1,0,2025-12-19 20:00:00+00:00,2025-12-19 21:00:00+00:00,2527.8785573511664,4,1645.3620538863331,878.0051954133611,638.0101264073055,1170.7592705069444,0,0,0,1,0,20,0.5000000000000001,-0.8660254037844386,0,0,12,10.253108290194444,6.347211244694445,10.379846710472222,10.39765367338889,19.04649027861111,19.49046634125,19.27836837580556,20.04145478802777,0.0,0.0,0.0,0.0,0,night,0,0.0,0,3,1170.7592705069444,,19.04649027861111,0,0,0,0,0,0,0,0,0,0,0,0,1,0,0,1,0,1,0,0,1,1,0,2,0,0,0,2,0,0,0.0,1.0,0.0,0.0,0.0,0.0,0.0,0.0,0.0,0.0,0.0,0.0
roll_02,2025-12-08T00:00:00+00:00,2026-01-19T00:00:00+00:00,2026-01-19T00:00:00+00:00,2026-01-26T00:00:00+00:00,1,0,2025-12-19 21:00:00+00:00,2025-12-19 22:00:00+00:00,2411.894614430472,4,595.7429013763334,1170.7592705069444,573.7106781378055,2527.8785573511664,0,0,0,0,0,21,0.7071067811865474,-0.7071067811865477,0,0,12,10.258555796444446,5.796102127861111,10.253108290194444,10.270174749361113,18.78757787975,18.870952009222226,19.04649027861111,20.28543574972222,0.0,0.0,0.0,0.0,0,night,0,0.0,0,3,2527.8785573511664,0.0,18.78757787975,0,0,0,0,0,0,0,0,0,0,0,0,0,0,0,0,0,0,0,0,0,0,0,0,0,0,0,0,0,0,0.0,1.0,0.0,0.0,0.0,0.0,0.0,0.0,0.0,0.0,0.0,0.0
roll_02,2025-12-08T00:00:00+00:00,2026-01-19T00:00:00+00:00,2026-01-19T00:00:00+00:00,2026-01-26T00:00:00+00:00,1,0,2025-12-19 22:00:00+00:00,2025-12-19 23:00:00+00:00,2485.957369842611,4,440.04073286419447,2527.8785573511664,3023.5129333686946,2411.894614430472,0,0,0,0,0,22,0.8660254037844384,-0.5000000000000004,0,0,12,10.156788362222224,5.421351885972222,10.258555796444446,10.337083920222222,18.791865914583333,19.543137380666668,18.78757787975,19.274277902694447,0.0,0.0,0.0,0.0,0,night,0,0.0,0,3,2411.894614430472,0.0,18.791865914583333,0,0,0,0,0,0,0,0,0,0,0,0,0,0,0,0,0,0,0,0,0,0,0,0,0,0,0,0,0,0,0.0,0.0,0.0,0.0,0.0,0.0,0.0,0.0,0.0,0.0,0.0,0.0
roll_02,2025-12-08T00:00:00+00:00,2026-01-19T00:00:00+00:00,2026-01-19T00:00:00+00:00,2026-01-26T00:00:00+00:00,1,0,2025-12-19 23:00:00+00:00,2025-12-20 00:00:00+00:00,2569.545507973972,4,403.0059141725833,2411.894614430472,2569.413225884028,2485.957369842611,0,0,0,0,0,23,0.965925826289068,-0.2588190451025215,0,0,12,10.14833146536111,4.964710137416667,10.156788362222224,10.237476895416668,18.96938112061111,19.619372583222223,18.791865914583333,19.359192366027777,0.0,0.0,0.0,0.0,0,night,0,0.0,0,3,2485.957369842611,0.0,18.96938112061111,0,0,0,0,0,0,0,0,0,0,0,0,0,0,0,0,0,0,0,0,0,0,0,0,0,0,0,0,0,0,0.0,0.0,0.0,0.0,0.0,0.0,0.0,0.0,0.0,1.0,0.0,0.0
roll_02,2025-12-08T00:00:00+00:00,2026-01-19T00:00:00+00:00,2026-01-19T00:00:00+00:00,2026-01-26T00:00:00+00:00,1,0,2025-12-20 00:00:00+00:00,2025-12-20 01:00:00+00:00,2557.360703668611,5,411.6106283178056,2485.957369842611,2487.9553066196663,2569.545507973972,0,0,0,0,0,0,1.0,0.0,0,1,12,10.094112594027775,4.52101896375,10.14833146536111,10.1275081405,18.937088440472223,19.686559941416665,18.96938112061111,19.832021533972224,0.0,0.0,0.0,0.0,0,night,0,0.0,0,3,2569.545507973972,0.0,18.937088440472223,0,0,0,0,0,0,0,0,0,0,0,0,0,0,0,0,0,0,0,0,0,0,0,0,0,0,0,0,0,0,0.0,0.0,0.0,0.0,0.0,0.0,0.0,0.0,0.0,1.0,0.0,0.0
roll_02,2025-12-08T00:00:00+00:00,2026-01-19T00:00:00+00:00,2026-01-19T00:00:00+00:00,2026-01-26T00:00:00+00:00,1,0,2025-12-20 01:00:00+00:00,2025-12-20 02:00:00+00:00,2496.7294647592776,5,396.2380449498612,2569.545507973972,2502.429875326167,2557.360703668611,0,0,0,0,0,1,0.9659258262890684,0.2588190451025207,0,1,12,9.981903764277778,4.191528796055556,10.094112594027775,10.039828737222225,19.18223780280556,19.78375071972222,18.937088440472223,20.113916255,0.0,0.0,0.0,0.0,0,night,0,0.0,0,2,2557.360703668611,0.0,19.18223780280556,0,0,0,0,0,0,0,0,0,0,0,0,0,0,0,0,0,0,0,0,0,0,0,0,0,0,0,0,0,0,0.0,0.0,0.0,0.0,0.0,0.0,0.0,0.0,0.0,0.0,0.0,0.0
roll_02,2025-12-08T00:00:00+00:00,2026-01-19T00:00:00+00:00,2026-01-19T00:00:00+00:00,2026-01-26T00:00:00+00:00,1,0,2025-12-20 02:00:00+00:00,2025-12-20 03:00:00+00:00,2440.3809080556666,5,394.15202036758336,2557.360703668611,2668.305668073305,2496.7294647592776,0,0,0,0,0,2,0.8660254037844387,0.4999999999999999,0,1,12,9.776455837916666,3.877562507138889,9.981903764277778,9.899981528527778,19.367955754055554,19.81734584786111,19.18223780280556,19.973235468638887,0.0,0.0,0.0,0.0,0,night,0,0.0,0,2,2496.7294647592776,0.0,19.367955754055554,0,0,0,0,0,0,0,0,0,0,0,0,0,0,0,0,0,0,0,0,0,0,0,0,0,0,0,0,0,0,0.0,0.0,0.0,0.0,0.0,0.0,0.0,0.0,0.0,0.0,0.0,0.0
roll_02,2025-12-08T00:00:00+00:00,2026-01-19T00:00:00+00:00,2026-01-19T00:00:00+00:00,2026-01-26T00:00:00+00:00,1,0,2025-12-20 03:00:00+00:00,2025-12-20 04:00:00+00:00,3000.614514099028,5,400.9795952586112,2496.7294647592776,2968.743152391,2440.3809080556666,0,0,0,0,0,3,0.7071067811865476,0.7071067811865476,0,1,12,9.683692524388889,3.351575895388889,9.776455837916666,9.928035641555557,19.167575011083333,19.82541713,19.367955754055554,19.75117515538889,0.0,0.0,0.0,0.0,0,night,0,0.0,0,2,2440.3809080556666,0.0,19.167575011083333,0,0,0,0,0,0,0,0,0,0,0,0,0,0,0,0,0,0,0,0,0,0,0,0,0,0,0,0,0,0,0.0,0.0,0.0,0.0,0.0,0.0,0.0,0.0,0.0,0.0,0.0,0.0
roll_02,2025-12-08T00:00:00+00:00,2026-01-19T00:00:00+00:00,2026-01-19T00:00:00+00:00,2026-01-26T00:00:00+00:00,1,0,2025-12-20 04:00:00+00:00,2025-12-20 05:00:00+00:00,3722.8893403943057,5,908.885658853472,2440.3809080556666,3592.3148819176945,3000.614514099028,0,0,0,0,0,4,0.5000000000000001,0.8660254037844386,0,1,12,9.702285331333334,3.2917216914444443,9.683692524388889,9.94055650663889,19.205464695694445,19.75301839,19.167575011083333,20.00976105536111,0.0,0.0,0.0,0.0,0,night,0,0.0,0,2,3000.614514099028,0.0,19.205464695694445,0,0,0,0,0,0,0,0,0,0,0,0,0,0,0,0,0,0,0,0,0,0,0,0,0,0,0,0,0,0,0.0,0.0,0.0,0.0,0.0,0.0,0.0,0.0,0.0,1.0,0.0,0.0
roll_02,2025-12-08T00:00:00+00:00,2026-01-19T00:00:00+00:00,2026-01-19T00:00:00+00:00,2026-01-26T00:00:00+00:00,1,0,2025-12-20 05:00:00+00:00,2025-12-20 06:00:00+00:00,3709.689713009,5,2570.620250496972,3000.614514099028,4079.186190459945,3722.8893403943057,0,0,0,0,0,5,0.2588190451025207,0.9659258262890684,0,1,12,9.540530474833334,3.0697291235,9.702285331333334,9.8378131105,19.537989876027776,20.503085969305555,19.205464695694445,19.97939952536112,0.0,0.0,0.0,0.0,0,night,0,0.0,0,2,3722.8893403943057,0.0,19.537989876027776,0,0,0,0,0,0,0,0,0,0,0,0,0,0,0,0,0,0,0,0,0,0,0,0,0,0,0,0,0,0,0.0,0.0,0.0,0.0,0.0,0.0,0.0,0.0,0.0,0.0,0.0,0.0
roll_02,2025-12-08T00:00:00+00:00,2026-01-19T00:00:00+00:00,2026-01-19T00:00:00+00:00,2026-01-26T00:00:00+00:00,1,0,2025-12-20 06:00:00+00:00,2025-12-20 07:00:00+00:00,2287.3786321673056,5,3196.2252088435,3722.8893403943057,4084.648992277029,3709.689713009,0,0,0,0,0,6,6.123233995736766e-17,1.0,0,1,12,9.517729425277777,2.809403628333333,9.540530474833334,9.905384346388889,19.644298555805555,20.48276411,19.537989876027776,19.336259276916667,0.0,0.0,0.0,0.0,0,night,0,0.0,0,2,3709.689713009,0.0,19.644298555805555,0,0,0,0,0,0,0,0,0,0,0,0,0,0,0,0,0,0,0,0,0,0,0,0,0,0,0,0,0,0,0.0,0.0,0.0,0.0,0.0,0.0,0.0,0.0,0.0,0.0,0.0,0.0
roll_02,2025-12-08T00:00:00+00:00,2026-01-19T00:00:00+00:00,2026-01-19T00:00:00+00:00,2026-01-26T00:00:00+00:00,1,0,2025-12-20 07:00:00+00:00,2025-12-20 08:00:00+00:00,902.7402187066668,5,3398.6746417580275,3709.689713009,4089.759924405639,2287.3786321673056,0,0,0,0,0,7,-0.2588190451025206,0.9659258262890684,0,1,12,9.366049584638889,3.1628966752222225,9.517729425277777,10.075063539166663,19.531368890472223,20.16010296897222,19.644298555805555,19.056086984444445,0.0,169.2768323576111,0.0,0.0,1,night,0,0.0,0,2,2287.3786321673056,0.0,19.531368890472223,0,0,0,0,0,0,0,0,0,0,0,0,0,0,0,0,0,0,0,0,0,0,0,0,0,0,0,0,0,0,0.0,0.0,0.0,0.0,0.0,0.0,0.0,0.0,0.0,0.0,0.0,0.0
roll_02,2025-12-08T00:00:00+00:00,2026-01-19T00:00:00+00:00,2026-01-19T00:00:00+00:00,2026-01-26T00:00:00+00:00,1,0,2025-12-20 08:00:00+00:00,2025-12-20 09:00:00+00:00,1979.9540581444169,5,2846.315767280945,2287.3786321673056,2369.9299930972497,902.7402187066668,0,0,0,0,0,8,-0.4999999999999998,0.8660254037844387,0,1,12,9.683220340055556,4.91287484075,9.366049584638889,10.39773057163889,19.21610307227778,21.001108953666662,19.531368890472223,17.96045944975,27.758381471472223,683.2907220553057,0.0,50.96614975133334,1,low,0,0.0,0,2,902.7402187066668,27.758381471472223,19.21610307227778,0,0,0,0,0,0,0,0,0,0,0,0,0,0,0,0,0,0,0,0,0,0,0,0,0,0,0,0,0,0,0.0,0.0,0.0,0.0,0.0,0.0,0.0,0.0,0.0,0.0,0.0,0.0
roll_02,2025-12-08T00:00:00+00:00,2026-01-19T00:00:00+00:00,2026-01-19T00:00:00+00:00,2026-01-26T00:00:00+00:00,1,0,2025-12-20 09:00:00+00:00,2025-12-20 10:00:00+00:00,1716.330496459361,5,93.1543616554723,902.7402187066668,1676.48737852625,1979.9540581444169,0,0,0,0,0,9,-0.7071067811865475,0.7071067811865476,0,1,12,10.243317664277775,7.257454937166666,9.683220340055556,10.531381173138888,19.212206803472224,20.47108533877778,19.21610307227778,19.49918153508333,95.44752079036112,1068.054813168333,27.758381471472223,94.02738055927776,1,low,0,0.0,0,3,1979.9540581444169,95.44752079036112,19.212206803472224,0,0,0,0,0,0,0,0,0,0,0,0,0,0,0,0,0,0,0,0,0,0,0,0,0,0,0,0,0,0,0.0,0.0,0.0,0.0,0.0,0.0,0.0,0.0,0.0,0.0,0.0,0.0
roll_02,2025-12-08T00:00:00+00:00,2026-01-19T00:00:00+00:00,2026-01-19T00:00:00+00:00,2026-01-26T00:00:00+00:00,1,0,2025-12-20 10:00:00+00:00,2025-12-20 11:00:00+00:00,1614.1824246624165,5,233.98104440230543,1979.9540581444169,1620.2042637022498,1716.330496459361,0,0,0,0,0,10,-0.8660254037844387,0.4999999999999999,0,1,12,10.368142564666668,9.798845553527778,10.243317664277775,10.828928007611111,19.582231264,20.854293803694443,19.212206803472224,19.01355631688889,164.2653379261389,1375.5755986819445,95.44752079036112,142.40480773033332,1,low,0,0.0,0,3,1716.330496459361,164.2653379261389,19.582231264,0,0,0,0,0,0,0,0,0,0,0,0,0,0,0,0,0,0,0,0,0,0,0,0,0,0,0,0,0,0,0.0,0.0,0.0,0.0,0.0,0.0,0.0,0.0,0.0,0.0,0.0,0.0
roll_02,2025-12-08T00:00:00+00:00,2026-01-19T00:00:00+00:00,2026-01-19T00:00:00+00:00,2026-01-26T00:00:00+00:00,1,0,2025-12-20 11:00:00+00:00,2025-12-20 12:00:00+00:00,708.1059350827222,5,-394.684138573,1716.330496459361,1.1544469997777709,1614.1824246624165,0,0,0,0,0,11,-0.9659258262890682,0.258819045102521,0,1,12,10.67874765527778,11.920389400611112,10.368142564666668,11.412507820361112,24.27586692175,21.38566368077778,19.582231264,19.35391335111112,225.5337741276389,1442.47673812825,164.2653379261389,323.776244954,1,low,0,0.0,0,3,1614.1824246624165,225.5337741276389,24.27586692175,0,0,0,0,0,0,0,0,0,0,0,0,0,0,0,0,0,0,0,0,0,0,0,0,0,0,0,0,0,0,0.0,0.0,0.0,0.0,0.0,0.0,0.0,0.0,0.0,0.0,0.0,0.0
roll_02,2025-12-08T00:00:00+00:00,2026-01-19T00:00:00+00:00,2026-01-19T00:00:00+00:00,2026-01-26T00:00:00+00:00,1,0,2025-12-20 12:00:00+00:00,2025-12-20 13:00:00+00:00,764.5770737495556,5,-213.4265999022222,1614.1824246624165,98.64931202419444,708.1059350827222,0,0,0,0,0,12,-1.0,1.2246467991473532e-16,0,1,12,10.95700493375,14.0713110075,10.67874765527778,11.80873808425,19.541379545,20.828607982416667,24.27586692175,18.786995528777776,193.95943230686112,1298.8690861488333,225.5337741276389,240.77199016391668,1,low,0,0.0,0,3,708.1059350827222,193.95943230686112,19.541379545,0,0,0,0,0,0,0,0,0,0,0,0,0,0,0,0,0,0,0,0,0,0,0,0,0,0,0,0,0,0,0.0,0.0,0.0,0.0,0.0,0.0,0.0,0.0,0.0,0.0,0.0,0.0
roll_02,2025-12-08T00:00:00+00:00,2026-01-19T00:00:00+00:00,2026-01-19T00:00:00+00:00,2026-01-26T00:00:00+00:00,1,0,2025-12-20 13:00:00+00:00,2025-12-20 14:00:00+00:00,1147.3721882642778,5,-353.5179963081111,708.1059350827222,512.3507727890278,764.5770737495556,0,0,0,0,0,13,-0.9659258262890684,-0.2588190451025208,0,1,12,11.147305964083332,15.468029103611114,10.95700493375,11.440597359583334,19.88642339658333,21.139662389833333,19.541379545,19.149447489333333,162.71877666491667,1028.7077684808332,193.95943230686112,383.8729831872223,1,low,0,0.0,0,3,764.5770737495556,162.71877666491667,19.88642339658333,0,0,0,0,0,0,0,0,0,0,0,0,0,0,0,0,0,0,0,0,0,0,0,0,0,0,0,0,0,0,0.0,0.0,0.0,0.0,0.0,0.0,0.0,0.0,0.0,0.0,0.0,0.0
roll_02,2025-12-08T00:00:00+00:00,2026-01-19T00:00:00+00:00,2026-01-19T00:00:00+00:00,2026-01-26T00:00:00+00:00,1,0,2025-12-20 14:00:00+00:00,2025-12-20 15:00:00+00:00,2259.263569647778,5,218.35344495416663,764.5770737495556,927.8153868753888,1147.3721882642778,0,0,0,0,0,14,-0.8660254037844388,-0.4999999999999997,0,1,12,10.944100022138889,15.932058324027778,11.147305964083332,11.142632974694443,19.203321449,20.433498793,19.88642339658333,19.22388595247222,58.956173425,396.2386640039445,162.71877666491667,82.65861460602778,1,low,0,0.0,0,3,1147.3721882642778,58.956173425,19.203321449,0,0,0,0,0,0,0,0,0,0,0,0,0,0,0,0,0,0,0,0,0,0,0,0,0,0,0,0,0,0,0.0,0.0,0.0,0.0,0.0,0.0,0.0,0.0,0.0,0.0,0.0,0.0
roll_02,2025-12-08T00:00:00+00:00,2026-01-19T00:00:00+00:00,2026-01-19T00:00:00+00:00,2026-01-26T00:00:00+00:00,1,0,2025-12-20 15:00:00+00:00,2025-12-20 16:00:00+00:00,1616.6747360774443,5,569.7076335503889,1147.3721882642778,744.7131270646665,2259.263569647778,0,0,0,0,0,15,-0.7071067811865479,-0.7071067811865471,0,1,12,10.631711436666668,13.115542765055556,10.944100022138889,10.817493563527778,19.407548275638888,19.57565766455556,19.203321449,18.786613749388888,0.0,0.0,58.956173425,0.0,1,night,0,0.0,0,3,2259.263569647778,0.0,19.407548275638888,0,0,0,0,0,0,0,0,0,0,0,0,0,0,0,0,0,0,0,0,0,0,0,0,0,0,0,0,0,0,0.0,0.0,0.0,0.0,0.0,0.0,0.0,0.0,0.0,0.0,0.0,0.0
roll_02,2025-12-08T00:00:00+00:00,2026-01-19T00:00:00+00:00,2026-01-19T00:00:00+00:00,2026-01-26T00:00:00+00:00,1,0,2025-12-20 16:00:00+00:00,2025-12-20 17:00:00+00:00,1225.127314171861,5,693.0909809816388,2259.263569647778,1355.7343531453057,1616.6747360774443,0,0,0,0,0,16,-0.5000000000000004,-0.8660254037844385,0,1,12,10.260534348722222,10.044499150611111,10.631711436666668,10.560761300972224,19.11253361475,19.78123567325,19.407548275638888,19.144331290305555,0.0,0.0,0.0,0.0,0,night,0,0.0,0,3,1616.6747360774443,0.0,19.11253361475,0,0,0,0,0,0,0,0,0,0,0,0,0,0,0,0,0,0,0,0,0,0,0,0,0,0,0,0,0,0,0.0,0.0,0.0,0.0,0.0,0.0,0.0,0.0,0.0,0.0,0.0,0.0
roll_02,2025-12-08T00:00:00+00:00,2026-01-19T00:00:00+00:00,2026-01-19T00:00:00+00:00,2026-01-26T00:00:00+00:00,1,0,2025-12-20 17:00:00+00:00,2025-12-20 18:00:00+00:00,1373.4981108737777,5,987.3718783890836,1616.6747360774443,706.8007177464166,1225.127314171861,0,0,0,0,0,17,-0.2588190451025206,-0.9659258262890684,0,1,12,10.022921225777775,8.11289258938889,10.260534348722222,10.37761738488889,18.94993504813889,19.855697045333333,19.11253361475,18.605188644972223,0.0,0.0,0.0,0.0,0,night,0,0.0,0,3,1225.127314171861,0.0,18.94993504813889,0,0,0,0,0,0,0,0,0,0,0,0,0,0,0,0,0,0,0,0,0,0,0,0,0,0,0,0,0,0,0.0,0.0,0.0,0.0,0.0,0.0,0.0,0.0,0.0,0.0,0.0,0.0
roll_02,2025-12-08T00:00:00+00:00,2026-01-19T00:00:00+00:00,2026-01-19T00:00:00+00:00,2026-01-26T00:00:00+00:00,1,0,2025-12-20 18:00:00+00:00,2025-12-20 19:00:00+00:00,1283.5345498838333,5,862.0626005944445,1225.127314171861,741.9079327092222,1373.4981108737777,0,0,0,0,0,18,-1.8369701987210294e-16,-1.0,0,1,12,9.802290156222222,7.214252734638889,10.022921225777775,10.259018782388887,18.943972680194445,19.71151707102777,18.94993504813889,18.745317918583336,0.0,0.0,0.0,0.0,0,night,0,0.0,0,2,1373.4981108737777,0.0,18.943972680194445,0,0,0,0,0,0,0,0,0,0,0,0,0,0,0,0,0,0,0,0,0,0,0,0,0,0,0,0,0,0,0.0,0.0,0.0,0.0,0.0,0.0,0.0,0.0,0.0,1.0,0.0,0.0
roll_02,2025-12-08T00:00:00+00:00,2026-01-19T00:00:00+00:00,2026-01-19T00:00:00+00:00,2026-01-26T00:00:00+00:00,1,0,2025-12-20 19:00:00+00:00,2025-12-20 20:00:00+00:00,823.2459361206112,5,1786.99440745575,1373.4981108737777,878.0051954133611,1283.5345498838333,0,0,0,0,0,19,0.2588190451025203,-0.9659258262890684,0,1,12,8.910984151527778,6.249594545777778,9.802290156222222,10.379846710472222,18.92512471794445,19.97124887847222,18.943972680194445,19.27836837580556,0.0,0.0,0.0,0.0,0,night,0,0.0,0,2,1283.5345498838333,0.0,18.92512471794445,0,0,0,0,0,0,0,0,0,0,0,0,0,0,0,0,0,0,0,0,0,0,0,0,0,0,0,0,0,0,0.0,0.0,0.0,0.0,0.0,1.0,0.0,0.0,0.0,0.0,0.0,0.0
roll_02,2025-12-08T00:00:00+00:00,2026-01-19T00:00:00+00:00,2026-01-19T00:00:00+00:00,2026-01-26T00:00:00+00:00,1,0,2025-12-20 20:00:00+00:00,2025-12-20 21:00:00+00:00,1314.5005206232222,5,1144.1093608260278,1283.5345498838333,1170.7592705069444,823.2459361206112,0,0,0,0,0,20,0.5000000000000001,-0.8660254037844386,0,1,12,8.912337255138889,5.641401588888889,8.910984151527778,10.253108290194444,18.89399367461112,19.697968194694443,18.92512471794445,19.04649027861111,0.0,0.0,0.0,0.0,0,night,0,0.0,0,2,823.2459361206112,0.0,18.89399367461112,0,0,0,0,0,0,0,0,0,0,0,0,0,0,0,0,0,0,0,0,0,0,0,0,0,0,0,0,0,0,0.0,0.0,0.0,0.0,0.0,1.0,0.0,0.0,0.0,0.0,0.0,0.0
roll_02,2025-12-08T00:00:00+00:00,2026-01-19T00:00:00+00:00,2026-01-19T00:00:00+00:00,2026-01-26T00:00:00+00:00,1,0,2025-12-20 21:00:00+00:00,2025-12-20 22:00:00+00:00,642.2153037910278,5,657.6348405535833,823.2459361206112,2527.8785573511664,1314.5005206232222,0,0,0,0,0,21,0.7071067811865474,-0.7071067811865477,0,1,12,8.979874267388888,4.860846957666666,8.912337255138889,10.258555796444446,19.22403372588889,20.090824801361112,18.89399367461112,18.78757787975,0.0,0.0,0.0,0.0,0,night,0,0.0,0,2,1314.5005206232222,0.0,19.22403372588889,0,0,0,0,0,0,0,0,0,0,0,0,0,0,0,0,0,0,0,0,0,0,0,0,0,0,0,0,0,0,0.0,0.0,0.0,0.0,0.0,0.0,0.0,0.0,0.0,0.0,0.0,0.0
roll_02,2025-12-08T00:00:00+00:00,2026-01-19T00:00:00+00:00,2026-01-19T00:00:00+00:00,2026-01-26T00:00:00+00:00,1,0,2025-12-20 22:00:00+00:00,2025-12-20 23:00:00+00:00,516.2811275776944,5,1112.9223601908334,1314.5005206232222,2411.894614430472,642.2153037910278,0,0,0,0,0,22,0.8660254037844384,-0.5000000000000004,0,1,12,9.106127762916666,4.519841371138889,8.979874267388888,10.156788362222224,19.28933665483333,20.09670288213889,19.22403372588889,18.791865914583333,0.0,0.0,0.0,0.0,0,night,0,0.0,0,2,642.2153037910278,0.0,19.28933665483333,0,0,0,0,0,0,0,0,0,0,0,0,0,0,0,0,0,0,0,0,0,0,0,0,0,0,0,0,0,0,0.0,0.0,0.0,0.0,0.0,0.0,0.0,0.0,0.0,0.0,0.0,0.0
roll_02,2025-12-08T00:00:00+00:00,2026-01-19T00:00:00+00:00,2026-01-19T00:00:00+00:00,2026-01-26T00:00:00+00:00,1,0,2025-12-20 23:00:00+00:00,2025-12-21 00:00:00+00:00,472.3426894420556,5,448.0172425146945,642.2153037910278,2485.957369842611,516.2811275776944,0,0,0,0,0,23,0.965925826289068,-0.2588190451025215,0,1,12,8.844477035416666,3.955130451444445,9.106127762916666,10.14833146536111,19.537643012361112,19.95647346719445,19.28933665483333,18.96938112061111,0.0,0.0,0.0,0.0,0,night,0,0.0,0,2,516.2811275776944,0.0,19.537643012361112,0,0,0,0,0,0,0,0,0,0,0,0,0,0,0,0,0,0,0,0,0,0,0,0,0,0,0,0,0,0,0.0,0.0,0.0,0.0,0.0,0.0,0.0,0.0,0.0,0.0,0.0,0.0
roll_02,2025-12-08T00:00:00+00:00,2026-01-19T00:00:00+00:00,2026-01-19T00:00:00+00:00,2026-01-26T00:00:00+00:00,1,0,2025-12-21 00:00:00+00:00,2025-12-21 01:00:00+00:00,460.7834906263333,6,437.5810445442223,516.2811275776944,2569.545507973972,472.3426894420556,0,0,0,0,0,0,1.0,0.0,0,1,12,8.283242592805555,3.699397339361111,8.844477035416666,10.094112594027775,20.074875145277776,19.86339547672222,19.537643012361112,18.937088440472223,0.0,0.0,0.0,0.0,0,night,0,0.0,0,2,472.3426894420556,0.0,20.074875145277776,0,0,0,0,0,0,0,0,0,0,0,0,0,0,0,0,0,0,0,0,0,0,0,0,0,0,0,0,0,0,0.0,0.0,0.0,0.0,0.0,0.0,0.0,0.0,0.0,0.0,0.0,0.0
roll_02,2025-12-08T00:00:00+00:00,2026-01-19T00:00:00+00:00,2026-01-19T00:00:00+00:00,2026-01-26T00:00:00+00:00,1,0,2025-12-21 01:00:00+00:00,2025-12-21 02:00:00+00:00,452.6022701609445,6,443.58453827025,472.3426894420556,2557.360703668611,460.7834906263333,0,0,0,0,0,1,0.9659258262890684,0.2588190451025207,0,1,12,8.568508466083333,3.2347561561666667,8.283242592805555,9.981903764277778,19.97243673488889,19.90039977561111,20.074875145277776,19.18223780280556,0.0,0.0,0.0,0.0,0,night,0,0.0,0,2,460.7834906263333,0.0,19.97243673488889,0,0,0,0,0,0,0,0,0,0,0,0,0,0,0,0,0,0,0,0,0,0,0,0,0,0,0,0,0,0,0.0,0.0,0.0,0.0,0.0,0.0,0.0,0.0,0.0,1.0,0.0,0.0
roll_02,2025-12-08T00:00:00+00:00,2026-01-19T00:00:00+00:00,2026-01-19T00:00:00+00:00,2026-01-26T00:00:00+00:00,1,0,2025-12-21 02:00:00+00:00,2025-12-21 03:00:00+00:00,389.9706345615834,6,391.6266112256944,460.7834906263333,2496.7294647592776,452.6022701609445,0,0,0,0,0,2,0.8660254037844387,0.4999999999999999,0,1,12,8.524716464027778,2.868451159333333,8.568508466083333,9.776455837916666,20.188472821027776,19.94734008361112,19.97243673488889,19.367955754055554,0.0,0.0,0.0,0.0,0,night,0,0.0,0,2,452.6022701609445,0.0,20.188472821027776,0,0,0,0,0,0,0,0,0,0,0,0,0,0,0,0,0,0,0,0,0,0,0,0,0,0,0,0,0,0,0.0,0.0,0.0,0.0,0.0,0.0,0.0,0.0,0.0,0.0,0.0,0.0
roll_02,2025-12-08T00:00:00+00:00,2026-01-19T00:00:00+00:00,2026-01-19T00:00:00+00:00,2026-01-26T00:00:00+00:00,1,0,2025-12-21 03:00:00+00:00,2025-12-21 04:00:00+00:00,989.4487640037222,6,388.8593881775834,452.6022701609445,2440.3809080556666,389.9706345615834,0,0,0,1,0,3,0.7071067811865476,0.7071067811865476,0,1,12,8.248283199833333,2.8213079144166664,8.524716464027778,9.683692524388889,20.40730169033333,19.969060300694444,20.188472821027776,19.167575011083333,0.0,0.0,0.0,0.0,0,night,0,0.0,0,2,389.9706345615834,,20.40730169033333,0,0,0,0,0,0,0,0,0,0,0,0,1,0,0,1,0,1,0,0,1,1,0,2,0,0,0,2,0,0,0.0,0.0,0.0,0.0,0.0,0.0,0.0,0.0,0.0,0.0,0.0,0.0
roll_02,2025-12-08T00:00:00+00:00,2026-01-19T00:00:00+00:00,2026-01-19T00:00:00+00:00,2026-01-26T00:00:00+00:00,1,0,2025-12-21 04:00:00+00:00,2025-12-21 05:00:00+00:00,1733.3287272648888,6,914.7980906415556,389.9706345615834,3000.614514099028,989.4487640037222,0,0,0,1,0,4,0.5000000000000001,0.8660254037844386,0,1,12,7.660168883416667,2.6458333251944444,8.248283199833333,9.702285331333334,20.135215071694443,19.615201065666664,20.40730169033333,19.205464695694445,0.0,0.0,0.0,0.0,0,night,0,0.0,0,2,989.4487640037222,,20.135215071694443,0,0,0,0,0,0,0,0,0,0,0,0,1,0,0,1,0,1,0,0,1,1,0,2,0,0,0,2,0,0,0.0,1.0,0.0,0.0,0.0,0.0,0.0,0.0,0.0,0.0,0.0,0.0
roll_02,2025-12-08T00:00:00+00:00,2026-01-19T00:00:00+00:00,2026-01-19T00:00:00+00:00,2026-01-26T00:00:00+00:00,1,0,2025-12-21 05:00:00+00:00,2025-12-21 06:00:00+00:00,2316.888740391389,6,2989.7081982239165,989.4487640037222,3722.8893403943057,1733.3287272648888,0,0,0,0,0,5,0.2588190451025207,0.9659258262890684,0,1,12,6.795474019222223,2.5887741676666667,7.660168883416667,9.540530474833334,20.34551084088889,20.44384711611111,20.135215071694443,19.537989876027776,0.0,0.0,0.0,0.0,0,night,0,0.0,0,2,1733.3287272648888,0.0,20.34551084088889,0,0,0,0,0,0,0,0,0,0,0,0,0,0,0,0,0,0,0,0,0,0,0,0,0,0,0,0,0,0,0.0,1.0,0.0,0.0,0.0,0.0,0.0,0.0,0.0,0.0,0.0,0.0
roll_02,2025-12-08T00:00:00+00:00,2026-01-19T00:00:00+00:00,2026-01-19T00:00:00+00:00,2026-01-26T00:00:00+00:00,1,0,2025-12-21 06:00:00+00:00,2025-12-21 07:00:00+00:00,2662.950949069861,6,3062.9793509173887,1733.3287272648888,3709.689713009,2316.888740391389,0,0,0,0,0,6,6.123233995736766e-17,1.0,0,1,12,6.507807713000001,2.2750013179722224,6.795474019222223,9.517729425277777,20.53087840111111,20.58616440075,20.34551084088889,19.644298555805555,0.0,0.0,0.0,0.0,0,night,0,0.0,0,2,2316.888740391389,0.0,20.53087840111111,0,0,0,0,0,0,0,0,0,0,0,0,0,0,0,0,0,0,0,0,0,0,0,0,0,0,0,0,0,0,0.0,0.0,0.0,0.0,0.0,0.0,0.0,0.0,0.0,0.0,0.0,0.0
roll_02,2025-12-08T00:00:00+00:00,2026-01-19T00:00:00+00:00,2026-01-19T00:00:00+00:00,2026-01-26T00:00:00+00:00,1,0,2025-12-21 07:00:00+00:00,2025-12-21 08:00:00+00:00,882.6653258029722,6,3326.10154173925,2316.888740391389,2287.3786321673056,2662.950949069861,0,0,0,0,0,7,-0.2588190451025206,0.9659258262890684,0,1,12,6.575882352944444,2.44421129125,6.507807713000001,9.366049584638889,20.38681214483333,20.484076916555555,20.53087840111111,19.531368890472223,0.0,165.86149434466668,0.0,0.0,1,night,0,0.0,0,2,2662.950949069861,0.0,20.38681214483333,0,0,0,0,0,0,0,0,0,0,0,0,0,0,0,0,0,0,0,0,0,0,0,0,0,0,0,0,0,0,0.0,0.0,0.0,0.0,0.0,0.0,0.0,0.0,0.0,0.0,0.0,0.0
roll_02,2025-12-08T00:00:00+00:00,2026-01-19T00:00:00+00:00,2026-01-19T00:00:00+00:00,2026-01-26T00:00:00+00:00,1,0,2025-12-21 08:00:00+00:00,2025-12-21 09:00:00+00:00,1521.378763268278,6,2452.2545051689444,2662.950949069861,902.7402187066668,882.6653258029722,0,0,0,0,0,8,-0.4999999999999998,0.8660254037844387,0,1,12,7.733567527555555,4.576603160833333,6.575882352944444,9.683220340055556,19.91379942186111,20.35196299825,20.38681214483333,19.21610307227778,235.04868583291668,692.5243737706945,0.0,27.758381471472223,1,low,0,0.0,0,2,882.6653258029722,235.04868583291668,19.91379942186111,0,0,0,0,0,0,0,0,0,0,0,0,0,0,0,0,0,0,0,0,0,0,0,0,0,0,0,0,0,0,0.0,0.0,0.0,0.0,0.0,0.0,0.0,0.0,0.0,0.0,0.0,0.0
roll_02,2025-12-08T00:00:00+00:00,2026-01-19T00:00:00+00:00,2026-01-19T00:00:00+00:00,2026-01-26T00:00:00+00:00,1,0,2025-12-21 09:00:00+00:00,2025-12-21 10:00:00+00:00,58.39279333902778,6,973.2970321093612,882.6653258029722,1979.9540581444169,1521.378763268278,0,0,0,0,0,9,-0.7071067811865475,0.7071067811865476,0,1,12,8.591503921055555,7.162006507277778,7.733567527555555,10.243317664277775,20.163934102805555,20.749756153166665,19.91379942186111,19.212206803472224,487.3667588544167,1070.8229528604445,235.04868583291668,95.44752079036112,1,med,0,0.0,0,2,1521.378763268278,487.3667588544167,20.163934102805555,0,0,0,0,0,0,0,0,0,0,0,0,0,0,0,0,0,0,0,0,0,0,0,0,0,0,0,0,0,0,0.0,0.0,0.0,0.0,0.0,0.0,0.0,0.0,0.0,0.0,0.0,0.0
roll_02,2025-12-08T00:00:00+00:00,2026-01-19T00:00:00+00:00,2026-01-19T00:00:00+00:00,2026-01-26T00:00:00+00:00,1,0,2025-12-21 10:00:00+00:00,2025-12-21 11:00:00+00:00,-120.96271420897224,6,178.64155084516665,1521.378763268278,1716.330496459361,58.39279333902778,0,0,0,0,0,10,-0.8660254037844387,0.4999999999999999,0,1,12,9.739103233500002,9.614448982194444,8.591503921055555,10.368142564666668,20.26418201294444,21.13955639163889,20.163934102805555,19.582231264,952.8871988656944,1365.5434565519445,487.3667588544167,164.2653379261389,1,med,0,0.0,0,2,58.39279333902778,952.8871988656944,20.26418201294444,0,0,0,0,0,0,0,0,0,0,0,0,0,0,0,0,0,0,0,0,0,0,0,0,0,0,0,0,0,0,0.0,0.0,0.0,0.0,0.0,0.0,0.0,0.0,0.0,0.0,0.0,0.0
roll_02,2025-12-08T00:00:00+00:00,2026-01-19T00:00:00+00:00,2026-01-19T00:00:00+00:00,2026-01-26T00:00:00+00:00,1,0,2025-12-21 11:00:00+00:00,2025-12-21 12:00:00+00:00,97.71070810072224,6,-35.72138645980555,58.39279333902778,1614.1824246624165,-120.96271420897224,0,1,0,0,0,11,-0.9659258262890682,0.258819045102521,0,1,12,11.001477897805556,11.983135964833332,9.739103233500002,10.67874765527778,20.533001992166668,20.220688100222223,20.26418201294444,24.27586692175,1144.7291590099446,1437.615677087167,952.8871988656944,225.5337741276389,1,med,0,0.0,0,3,-120.96271420897224,1144.7291590099446,20.533001992166668,0,0,0,0,0,0,0,0,0,0,0,0,0,0,0,0,0,0,0,0,0,0,0,0,0,0,0,0,0,0,0.0,0.0,0.0,0.0,0.0,0.0,0.0,0.0,0.0,0.0,0.0,0.0
roll_02,2025-12-08T00:00:00+00:00,2026-01-19T00:00:00+00:00,2026-01-19T00:00:00+00:00,2026-01-26T00:00:00+00:00,1,0,2025-12-21 12:00:00+00:00,2025-12-21 13:00:00+00:00,287.23941544658334,6,719.626894346361,-120.96271420897224,708.1059350827222,97.71070810072224,0,0,0,0,0,12,-1.0,1.2246467991473532e-16,0,1,12,11.66693512727778,13.233206213611112,11.001477897805556,10.95700493375,20.56966385827777,19.98677321013889,20.533001992166668,19.541379545,1032.2261669991944,1316.6411526648333,1144.7291590099446,193.95943230686112,1,med,0,0.0,0,3,97.71070810072224,1032.2261669991944,20.56966385827777,0,0,0,0,0,0,0,0,0,0,0,0,0,0,0,0,0,0,0,0,0,0,0,0,0,0,0,0,0,0,0.0,0.0,0.0,0.0,0.0,0.0,0.0,0.0,0.0,0.0,0.0,0.0
roll_02,2025-12-08T00:00:00+00:00,2026-01-19T00:00:00+00:00,2026-01-19T00:00:00+00:00,2026-01-26T00:00:00+00:00,1,0,2025-12-21 13:00:00+00:00,2025-12-21 14:00:00+00:00,1454.7438831999443,6,36.13187606141667,97.71070810072224,764.5770737495556,287.23941544658334,0,0,0,0,0,13,-0.9659258262890684,-0.2588190451025208,0,1,12,12.582504850972224,15.212682660638889,11.66693512727778,11.147305964083332,20.29264686008333,20.07586033555556,20.56966385827777,19.88642339658333,652.2845414156667,1033.8994353391388,1032.2261669991944,162.71877666491667,1,med,0,0.0,0,3,287.23941544658334,652.2845414156667,20.29264686008333,0,0,0,0,0,0,0,0,0,0,0,0,0,0,0,0,0,0,0,0,0,0,0,0,0,0,0,0,0,0,0.0,0.0,0.0,0.0,0.0,0.0,0.0,0.0,0.0,0.0,0.0,0.0
roll_02,2025-12-08T00:00:00+00:00,2026-01-19T00:00:00+00:00,2026-01-19T00:00:00+00:00,2026-01-26T00:00:00+00:00,1,0,2025-12-21 14:00:00+00:00,2025-12-21 15:00:00+00:00,1193.814385467111,6,1079.9346981810002,287.23941544658334,1147.3721882642778,1454.7438831999443,0,0,0,0,0,14,-0.8660254037844388,-0.4999999999999997,0,1,12,11.754774335305555,15.175090791666667,12.582504850972224,10.944100022138889,19.25987380511111,19.46136461125,20.29264686008333,19.203321449,187.19342122683327,377.4043546429722,652.2845414156667,58.956173425,1,low,0,0.0,0,3,1454.7438831999443,187.19342122683327,19.25987380511111,0,0,0,0,0,0,0,0,0,0,0,0,0,0,0,0,0,0,0,0,0,0,0,0,0,0,0,0,0,0,0.0,0.0,0.0,0.0,0.0,0.0,0.0,0.0,0.0,0.0,0.0,0.0
roll_02,2025-12-08T00:00:00+00:00,2026-01-19T00:00:00+00:00,2026-01-19T00:00:00+00:00,2026-01-26T00:00:00+00:00,1,0,2025-12-21 15:00:00+00:00,2025-12-21 16:00:00+00:00,856.5268627533055,6,1646.754909849417,1454.7438831999443,2259.263569647778,1193.814385467111,0,0,0,0,0,15,-0.7071067811865479,-0.7071067811865471,0,1,12,9.909506916944444,12.299049607444443,11.754774335305555,10.631711436666668,18.610929292694447,18.82348857805556,19.25987380511111,19.407548275638888,0.0,0.0,187.19342122683327,0.0,1,night,0,0.0,0,2,1193.814385467111,0.0,18.610929292694447,0,0,0,0,0,0,0,0,0,0,0,0,0,0,0,0,0,0,0,0,0,0,0,0,0,0,0,0,0,0,0.0,0.0,0.0,0.0,0.0,0.0,0.0,0.0,0.0,0.0,0.0,0.0
roll_02,2025-12-08T00:00:00+00:00,2026-01-19T00:00:00+00:00,2026-01-19T00:00:00+00:00,2026-01-26T00:00:00+00:00,1,0,2025-12-21 16:00:00+00:00,2025-12-21 17:00:00+00:00,1492.2400507823334,6,1266.7114300736669,1193.814385467111,1616.6747360774443,856.5268627533055,0,0,0,0,0,16,-0.5000000000000004,-0.8660254037844385,0,1,12,9.560798231583334,9.48943829075,9.909506916944444,10.260534348722222,19.12303111858333,18.92284433288889,18.610929292694447,19.11253361475,0.0,0.0,0.0,0.0,0,night,0,0.0,0,2,856.5268627533055,0.0,19.12303111858333,0,0,0,0,0,0,0,0,0,0,0,0,0,0,0,0,0,0,0,0,0,0,0,0,0,0,0,0,0,0,0.0,0.0,0.0,0.0,0.0,0.0,0.0,0.0,0.0,0.0,0.0,0.0
roll_02,2025-12-08T00:00:00+00:00,2026-01-19T00:00:00+00:00,2026-01-19T00:00:00+00:00,2026-01-26T00:00:00+00:00,1,0,2025-12-21 17:00:00+00:00,2025-12-21 18:00:00+00:00,1644.9325527363887,6,2995.248148495611,856.5268627533055,1225.127314171861,1492.2400507823334,0,0,0,0,0,17,-0.2588190451025206,-0.9659258262890684,0,1,12,9.39719704725,7.894278955638889,9.560798231583334,10.022921225777775,19.010355593666667,18.83598640008333,19.12303111858333,18.94993504813889,0.0,0.0,0.0,0.0,0,night,0,0.0,0,2,1492.2400507823334,0.0,19.010355593666667,0,0,0,0,0,0,0,0,0,0,0,0,0,0,0,0,0,0,0,0,0,0,0,0,0,0,0,0,0,0,0.0,0.0,0.0,0.0,0.0,0.0,0.0,0.0,0.0,0.0,0.0,0.0
roll_02,2025-12-08T00:00:00+00:00,2026-01-19T00:00:00+00:00,2026-01-19T00:00:00+00:00,2026-01-26T00:00:00+00:00,1,0,2025-12-21 18:00:00+00:00,2025-12-21 19:00:00+00:00,1461.33787788925,6,3219.0426203895554,1492.2400507823334,1373.4981108737777,1644.9325527363887,0,0,0,0,0,18,-1.8369701987210294e-16,-1.0,0,1,12,9.292356407805554,6.427311665277777,9.39719704725,9.802290156222222,19.282109729583333,18.697575883888888,19.010355593666667,18.943972680194445,0.0,0.0,0.0,0.0,0,night,0,0.0,0,2,1644.9325527363887,0.0,19.282109729583333,0,0,0,0,0,0,0,0,0,0,0,0,0,0,0,0,0,0,0,0,0,0,0,0,0,0,0,0,0,0,0.0,0.0,0.0,0.0,0.0,0.0,0.0,0.0,0.0,0.0,0.0,0.0
roll_02,2025-12-08T00:00:00+00:00,2026-01-19T00:00:00+00:00,2026-01-19T00:00:00+00:00,2026-01-26T00:00:00+00:00,1,0,2025-12-21 19:00:00+00:00,2025-12-21 20:00:00+00:00,932.8222132295276,6,3459.727321077389,1644.9325527363887,1283.5345498838333,1461.33787788925,0,0,0,0,0,19,0.2588190451025203,-0.9659258262890684,0,1,12,9.242811479333334,5.645173224888889,9.292356407805554,8.910984151527778,19.24528425413889,18.281283446666663,19.282109729583333,18.92512471794445,0.0,0.0,0.0,0.0,0,night,0,0.0,0,2,1461.33787788925,0.0,19.24528425413889,0,0,0,0,0,0,0,0,0,0,0,0,0,0,0,0,0,0,0,0,0,0,0,0,0,0,0,0,0,0,0.0,0.0,0.0,0.0,0.0,0.0,0.0,0.0,0.0,0.0,0.0,0.0
roll_02,2025-12-08T00:00:00+00:00,2026-01-19T00:00:00+00:00,2026-01-19T00:00:00+00:00,2026-01-26T00:00:00+00:00,1,0,2025-12-21 20:00:00+00:00,2025-12-21 21:00:00+00:00,821.0254124478056,6,3535.764005716805,1461.33787788925,823.2459361206112,932.8222132295276,0,0,0,0,0,20,0.5000000000000001,-0.8660254037844386,0,1,12,9.212899517138888,4.934960849722223,9.242811479333334,8.912337255138889,19.668785502,18.53449169988889,19.24528425413889,18.89399367461112,0.0,0.0,0.0,0.0,0,night,0,0.0,0,2,932.8222132295276,0.0,19.668785502,0,0,0,0,0,0,0,0,0,0,0,0,0,0,0,0,0,0,0,0,0,0,0,0,0,0,0,0,0,0,0.0,0.0,0.0,0.0,0.0,0.0,0.0,0.0,0.0,0.0,0.0,0.0
roll_02,2025-12-08T00:00:00+00:00,2026-01-19T00:00:00+00:00,2026-01-19T00:00:00+00:00,2026-01-26T00:00:00+00:00,1,0,2025-12-21 21:00:00+00:00,2025-12-21 22:00:00+00:00,991.7543113868888,6,3047.206975274639,932.8222132295276,1314.5005206232222,821.0254124478056,0,0,0,1,0,21,0.7071067811865474,-0.7071067811865477,0,1,12,9.197458041694444,4.132545873083333,9.212899517138888,8.979874267388888,19.49961365358333,22.45231448638889,19.668785502,19.22403372588889,0.0,0.0,0.0,0.0,0,night,0,0.0,0,2,821.0254124478056,,19.49961365358333,0,0,0,0,0,0,0,0,0,0,0,0,0,1,0,1,0,1,0,0,1,1,0,6,0,0,0,3,0,0,0.0,0.0,0.0,0.0,0.0,0.0,0.0,0.0,0.0,0.0,0.0,0.0
roll_02,2025-12-08T00:00:00+00:00,2026-01-19T00:00:00+00:00,2026-01-19T00:00:00+00:00,2026-01-26T00:00:00+00:00,1,0,2025-12-21 22:00:00+00:00,2025-12-21 23:00:00+00:00,832.6109956094723,6,2815.205026875777,821.0254124478056,642.2153037910278,991.7543113868888,0,0,0,1,0,22,0.8660254037844384,-0.5000000000000004,0,1,12,9.1369727355,3.846845752,9.197458041694444,9.106127762916666,19.240997329722223,19.08259467594445,19.49961365358333,19.28933665483333,0.0,0.0,0.0,0.0,0,night,0,0.0,0,2,991.7543113868888,,19.240997329722223,0,0,0,0,0,0,0,0,0,0,0,0,0,1,0,1,0,1,0,0,1,1,0,6,0,0,0,3,0,0,0.0,1.0,0.0,0.0,0.0,0.0,0.0,0.0,0.0,0.0,0.0,0.0
roll_02,2025-12-08T00:00:00+00:00,2026-01-19T00:00:00+00:00,2026-01-19T00:00:00+00:00,2026-01-26T00:00:00+00:00,1,0,2025-12-21 23:00:00+00:00,2025-12-22 00:00:00+00:00,390.8382736234167,6,2468.623559919889,991.7543113868888,516.2811275776944,832.6109956094723,0,0,0,1,0,23,0.965925826289068,-0.2588190451025215,0,1,12,9.025627419194445,3.4191204095,9.1369727355,8.844477035416666,19.732401234666668,19.199218554861112,19.240997329722223,19.537643012361112,0.0,0.0,0.0,0.0,0,night,0,0.0,0,2,832.6109956094723,,19.732401234666668,0,0,0,0,0,0,0,0,0,0,0,0,0,1,0,1,0,1,0,0,1,1,0,6,0,0,0,3,0,0,0.0,1.0,0.0,0.0,0.0,0.0,0.0,0.0,0.0,0.0,0.0,0.0
roll_02,2025-12-08T00:00:00+00:00,2026-01-19T00:00:00+00:00,2026-01-19T00:00:00+00:00,2026-01-26T00:00:00+00:00,1,0,2025-12-22 00:00:00+00:00,2025-12-22 01:00:00+00:00,406.7112800239444,0,2452.1323059774168,832.6109956094723,472.3426894420556,390.8382736234167,0,0,0,1,0,0,1.0,0.0,0,0,12,9.164455496027776,3.171738211833333,9.025627419194445,8.283242592805555,20.033224901472224,19.444211328805554,19.732401234666668,20.074875145277776,0.0,0.0,0.0,0.0,0,night,0,0.0,0,2,390.8382736234167,,20.033224901472224,0,0,0,0,0,0,0,0,0,0,0,0,0,1,0,1,0,1,0,0,1,1,0,6,0,0,0,3,0,0,0.0,1.0,0.0,0.0,0.0,0.0,0.0,0.0,0.0,0.0,0.0,0.0
roll_02,2025-12-08T00:00:00+00:00,2026-01-19T00:00:00+00:00,2026-01-19T00:00:00+00:00,2026-01-26T00:00:00+00:00,1,0,2025-12-22 01:00:00+00:00,2025-12-22 02:00:00+00:00,382.6579181039167,0,2439.418054687833,390.8382736234167,460.7834906263333,406.7112800239444,0,0,0,1,0,1,0.9659258262890684,0.2588190451025207,0,0,12,8.945666067555555,2.81894241825,9.164455496027776,8.568508466083333,20.24921482583333,19.38378533836111,20.033224901472224,19.97243673488889,0.0,0.0,0.0,0.0,0,night,0,0.0,0,2,406.7112800239444,,20.24921482583333,0,0,0,0,0,0,0,0,0,0,0,0,0,1,0,1,0,1,0,0,1,1,0,6,0,0,0,3,0,0,0.0,1.0,0.0,0.0,0.0,0.0,0.0,0.0,0.0,0.0,0.0,0.0
roll_02,2025-12-08T00:00:00+00:00,2026-01-19T00:00:00+00:00,2026-01-19T00:00:00+00:00,2026-01-26T00:00:00+00:00,1,0,2025-12-22 02:00:00+00:00,2025-12-22 03:00:00+00:00,384.9322675995277,0,2414.1634617512777,406.7112800239444,452.6022701609445,382.6579181039167,0,0,0,1,0,2,0.8660254037844387,0.4999999999999999,0,0,12,8.786621540611112,2.7323275916944443,8.945666067555555,8.524716464027778,20.22139835244444,19.176134203666667,20.24921482583333,20.188472821027776,0.0,0.0,0.0,0.0,0,night,0,0.0,0,2,382.6579181039167,,20.22139835244444,0,0,0,0,0,0,0,0,0,0,0,0,0,1,0,1,0,1,0,0,1,1,0,6,0,0,0,3,0,0,0.0,1.0,0.0,0.0,0.0,0.0,0.0,0.0,0.0,0.0,0.0,0.0
roll_02,2025-12-08T00:00:00+00:00,2026-01-19T00:00:00+00:00,2026-01-19T00:00:00+00:00,2026-01-26T00:00:00+00:00,1,0,2025-12-22 03:00:00+00:00,2025-12-22 04:00:00+00:00,1052.4776154985557,0,2415.747803679861,382.6579181039167,389.9706345615834,384.9322675995277,0,0,0,0,0,3,0.7071067811865476,0.7071067811865476,0,0,12,8.39716871425,2.5260850636666667,8.786621540611112,8.248283199833333,20.18632237111111,19.098450773222226,20.22139835244444,20.40730169033333,0.0,0.0,0.0,0.0,0,night,0,0.0,0,2,384.9322675995277,0.0,20.18632237111111,0,0,0,0,0,0,0,0,0,0,0,0,0,0,0,0,0,0,0,0,0,0,0,0,0,0,0,0,0,0,0.0,1.0,0.0,0.0,0.0,1.0,0.0,0.0,0.0,0.0,0.0,0.0
roll_02,2025-12-08T00:00:00+00:00,2026-01-19T00:00:00+00:00,2026-01-19T00:00:00+00:00,2026-01-26T00:00:00+00:00,1,0,2025-12-22 04:00:00+00:00,2025-12-22 05:00:00+00:00,1933.5917159146943,0,3021.860150356333,384.9322675995277,989.4487640037222,1052.4776154985557,0,0,0,0,0,4,0.5000000000000001,0.8660254037844386,0,0,12,7.875929355111111,2.4089149463055555,8.39716871425,7.660168883416667,20.33999942825,19.20344796330556,20.18632237111111,20.135215071694443,0.0,0.0,0.0,0.0,0,night,0,0.0,0,2,1052.4776154985557,0.0,20.33999942825,0,0,0,0,0,0,0,0,0,0,0,0,0,0,0,0,0,0,0,0,0,0,0,0,0,0,0,0,0,0,0.0,0.0,0.0,0.0,0.0,1.0,0.0,0.0,0.0,0.0,0.0,0.0
roll_02,2025-12-08T00:00:00+00:00,2026-01-19T00:00:00+00:00,2026-01-19T00:00:00+00:00,2026-01-26T00:00:00+00:00,1,0,2025-12-22 05:00:00+00:00,2025-12-22 06:00:00+00:00,2922.5736036205,0,3994.380775009528,1052.4776154985557,1733.3287272648888,1933.5917159146943,0,0,0,0,0,5,0.2588190451025207,0.9659258262890684,0,0,12,7.6108265428055555,2.192809210694445,7.875929355111111,6.795474019222223,20.012676753055555,19.64009619238889,20.33999942825,20.34551084088889,0.0,0.0,0.0,0.0,0,night,0,0.0,0,2,1933.5917159146943,0.0,20.012676753055555,0,0,0,0,0,0,0,0,0,0,0,0,0,0,0,0,0,0,0,0,0,0,0,0,0,0,0,0,0,0,0.0,0.0,0.0,0.0,0.0,0.0,0.0,0.0,0.0,0.0,0.0,0.0
roll_02,2025-12-08T00:00:00+00:00,2026-01-19T00:00:00+00:00,2026-01-19T00:00:00+00:00,2026-01-26T00:00:00+00:00,1,0,2025-12-22 06:00:00+00:00,2025-12-22 07:00:00+00:00,1322.2964388655275,0,3760.357407745972,1933.5917159146943,2316.888740391389,2922.5736036205,0,0,0,0,0,6,6.123233995736766e-17,1.0,0,0,12,7.557931111611111,2.4883945030277776,7.6108265428055555,6.507807713000001,19.715640701972223,20.016389504722223,20.012676753055555,20.53087840111111,0.0,0.0,0.0,0.0,0,night,0,0.0,0,2,2922.5736036205,0.0,19.715640701972223,0,0,0,0,0,0,0,0,0,0,0,0,0,0,0,0,0,0,0,0,0,0,0,0,0,0,0,0,0,0,0.0,0.0,0.0,0.0,0.0,0.0,0.0,0.0,0.0,0.0,0.0,0.0
roll_02,2025-12-08T00:00:00+00:00,2026-01-19T00:00:00+00:00,2026-01-19T00:00:00+00:00,2026-01-26T00:00:00+00:00,1,0,2025-12-22 07:00:00+00:00,2025-12-22 08:00:00+00:00,2211.142324983083,0,2715.4849584707777,2922.5736036205,2662.950949069861,1322.2964388655275,0,0,0,0,0,7,-0.2588190451025206,0.9659258262890684,0,0,12,7.450005150972221,2.3229276531944443,7.557931111611111,6.575882352944444,18.512363018777776,19.233584415333336,19.715640701972223,20.38681214483333,0.0,74.8569207888889,0.0,0.0,1,night,0,0.0,0,2,1322.2964388655275,0.0,18.512363018777776,0,0,0,0,0,0,0,0,0,0,0,0,0,0,0,0,0,0,0,0,0,0,0,0,0,0,0,0,0,0,0.0,0.0,0.0,0.0,0.0,0.0,0.0,0.0,0.0,0.0,0.0,0.0
roll_02,2025-12-08T00:00:00+00:00,2026-01-19T00:00:00+00:00,2026-01-19T00:00:00+00:00,2026-01-26T00:00:00+00:00,1,0,2025-12-22 08:00:00+00:00,2025-12-22 09:00:00+00:00,469.87768446425,0,2812.8167717373053,1322.2964388655275,882.6653258029722,2211.142324983083,0,0,0,0,0,8,-0.4999999999999998,0.8660254037844387,0,0,12,8.213777411027777,3.7048967176666654,7.450005150972221,7.733567527555555,18.507716258916663,19.40022165913889,18.512363018777776,19.91379942186111,195.02718582122225,406.2769342608056,0.0,235.04868583291668,1,low,0,0.0,0,2,2211.142324983083,195.02718582122225,18.507716258916663,0,0,0,0,0,0,0,0,0,0,0,0,0,0,0,0,0,0,0,0,0,0,0,0,0,0,0,0,0,0,0.0,0.0,0.0,0.0,0.0,0.0,0.0,0.0,0.0,0.0,0.0,0.0
roll_02,2025-12-08T00:00:00+00:00,2026-01-19T00:00:00+00:00,2026-01-19T00:00:00+00:00,2026-01-26T00:00:00+00:00,1,0,2025-12-22 09:00:00+00:00,2025-12-22 10:00:00+00:00,1421.663129932659,0,926.0382755021388,2211.142324983083,1521.378763268278,469.87768446425,0,0,0,0,0,9,-0.7071067811865475,0.7071067811865476,0,0,12,8.927070765861112,6.760384475222222,8.213777411027777,8.591503921055555,17.939095856694447,18.931502167666668,18.507716258916663,20.163934102805555,300.19882653152774,815.0818738891112,195.02718582122225,487.3667588544167,1,low,0,0.0,0,2,469.87768446425,300.19882653152774,17.939095856694447,0,0,0,0,0,0,0,0,0,0,0,0,0,0,0,0,0,0,0,0,0,0,0,0,0,0,0,0,0,0,0.0,0.0,0.0,0.0,0.0,0.0,0.0,0.0,0.0,0.0,0.0,0.0
roll_02,2025-12-08T00:00:00+00:00,2026-01-19T00:00:00+00:00,2026-01-19T00:00:00+00:00,2026-01-26T00:00:00+00:00,1,0,2025-12-22 10:00:00+00:00,2025-12-22 11:00:00+00:00,1354.792774015139,0,-658.7976389963055,469.87768446425,58.39279333902778,1421.663129932659,0,0,0,0,0,10,-0.8660254037844387,0.4999999999999999,0,0,12,9.719285546944445,9.326779951222225,8.927070765861112,9.739103233500002,18.85140672290609,19.03994528827777,17.939095856694447,20.26418201294444,239.22611620353985,1145.9161380374169,300.19882653152774,952.8871988656944,1,low,0,0.0,0,2,1421.663129932659,239.22611620353985,18.85140672290609,0,0,0,0,0,0,0,0,0,0,0,0,0,0,0,0,0,0,0,0,0,0,0,0,0,0,0,0,0,0,0.0,0.0,0.0,0.0,0.0,0.0,0.0,0.0,0.0,0.0,0.0,0.0
roll_02,2025-12-08T00:00:00+00:00,2026-01-19T00:00:00+00:00,2026-01-19T00:00:00+00:00,2026-01-26T00:00:00+00:00,1,0,2025-12-22 11:00:00+00:00,2025-12-22 12:00:00+00:00,987.6637984131388,0,1206.2266350876666,1421.663129932659,-120.96271420897224,1354.792774015139,0,0,0,0,0,11,-0.9659258262890682,0.258819045102521,0,0,12,10.13427112263889,9.59636497275,9.719285546944445,11.001477897805556,18.94717150602777,19.82063749125,18.85140672290609,20.533001992166668,274.55106961922223,733.9601978418333,239.22611620353985,1144.7291590099446,1,low,0,0.0,0,3,1354.792774015139,274.55106961922223,18.94717150602777,0,0,0,0,0,0,0,0,0,0,0,0,0,0,0,0,0,0,0,0,0,0,0,0,0,0,0,0,0,0,0.0,0.0,0.0,0.0,0.0,0.0,0.0,0.0,0.0,0.0,0.0,0.0
roll_02,2025-12-08T00:00:00+00:00,2026-01-19T00:00:00+00:00,2026-01-19T00:00:00+00:00,2026-01-26T00:00:00+00:00,1,0,2025-12-22 12:00:00+00:00,2025-12-22 13:00:00+00:00,678.0202888712499,0,-272.5475546961945,1354.792774015139,97.71070810072224,987.6637984131388,0,0,0,0,0,12,-1.0,1.2246467991473532e-16,0,0,12,11.152694811444444,10.382548519472222,10.13427112263889,11.66693512727778,18.97859550702778,19.00854338322222,18.94717150602777,20.56966385827777,498.8977517815556,739.7746233493334,274.55106961922223,1032.2261669991944,1,med,0,0.0,0,3,987.6637984131388,498.8977517815556,18.97859550702778,0,0,0,0,0,0,0,0,0,0,0,0,0,0,0,0,0,0,0,0,0,0,0,0,0,0,0,0,0,0,0.0,0.0,0.0,0.0,0.0,0.0,0.0,0.0,0.0,0.0,0.0,0.0
roll_02,2025-12-08T00:00:00+00:00,2026-01-19T00:00:00+00:00,2026-01-19T00:00:00+00:00,2026-01-26T00:00:00+00:00,1,0,2025-12-22 13:00:00+00:00,2025-12-22 14:00:00+00:00,1971.0972112306388,0,276.66675283327777,987.6637984131388,287.23941544658334,678.0202888712499,0,0,0,0,0,13,-0.9659258262890684,-0.2588190451025208,0,0,12,11.11379926427778,11.750826005277778,11.152694811444444,12.582504850972224,18.62865003925,19.41134607069445,18.97859550702778,20.29264686008333,219.010268535,897.1466770502221,498.8977517815556,652.2845414156667,1,low,0,0.0,0,3,678.0202888712499,219.010268535,18.62865003925,0,0,0,0,0,0,0,0,0,0,0,0,0,0,0,0,0,0,0,0,0,0,0,0,0,0,0,0,0,0,0.0,0.0,0.0,0.0,0.0,0.0,0.0,0.0,0.0,0.0,0.0,0.0
roll_02,2025-12-08T00:00:00+00:00,2026-01-19T00:00:00+00:00,2026-01-19T00:00:00+00:00,2026-01-26T00:00:00+00:00,1,0,2025-12-22 14:00:00+00:00,2025-12-22 15:00:00+00:00,1766.4647968451666,0,1007.5207156481111,678.0202888712499,1454.7438831999443,1971.0972112306388,0,0,0,0,0,14,-0.8660254037844388,-0.4999999999999997,0,0,12,10.638963405944445,11.49345336163889,11.11379926427778,11.754774335305555,18.682252680055555,18.98053851175,18.62865003925,19.25987380511111,130.25877211019443,158.16240280391665,219.010268535,187.19342122683327,1,low,0,0.0,0,3,1971.0972112306388,130.25877211019443,18.682252680055555,0,0,0,0,0,0,0,0,0,0,0,0,0,0,0,0,0,0,0,0,0,0,0,0,0,0,0,0,0,0,0.0,0.0,0.0,0.0,0.0,0.0,0.0,0.0,0.0,0.0,0.0,0.0
roll_02,2025-12-08T00:00:00+00:00,2026-01-19T00:00:00+00:00,2026-01-19T00:00:00+00:00,2026-01-26T00:00:00+00:00,1,0,2025-12-22 15:00:00+00:00,2025-12-22 16:00:00+00:00,1501.2055345122224,0,991.5285482089444,1971.0972112306388,1193.814385467111,1766.4647968451666,0,0,0,0,0,15,-0.7071067811865479,-0.7071067811865471,0,0,12,9.645733651055556,9.306635351305555,10.638963405944445,9.909506916944444,18.600687282194443,18.455705048166667,18.682252680055555,18.610929292694447,0.0,0.0,130.25877211019443,0.0,1,night,0,0.0,0,2,1766.4647968451666,0.0,18.600687282194443,0,0,0,0,0,0,0,0,0,0,0,0,0,0,0,0,0,0,0,0,0,0,0,0,0,0,0,0,0,0,0.0,0.0,0.0,0.0,0.0,0.0,0.0,0.0,0.0,0.0,0.0,0.0
roll_02,2025-12-08T00:00:00+00:00,2026-01-19T00:00:00+00:00,2026-01-19T00:00:00+00:00,2026-01-26T00:00:00+00:00,1,0,2025-12-22 16:00:00+00:00,2025-12-22 17:00:00+00:00,1448.407920836639,0,2929.288864953,1766.4647968451666,856.5268627533055,1501.2055345122224,0,0,0,0,0,16,-0.5000000000000004,-0.8660254037844385,0,0,12,8.889294297944446,7.748870087083333,9.645733651055556,9.560798231583334,18.736146014777777,18.61037652738889,18.600687282194443,19.12303111858333,0.0,0.0,0.0,0.0,0,night,0,0.0,0,2,1501.2055345122224,0.0,18.736146014777777,0,0,0,0,0,0,0,0,0,0,0,0,0,0,0,0,0,0,0,0,0,0,0,0,0,0,0,0,0,0,0.0,0.0,0.0,0.0,0.0,0.0,0.0,0.0,0.0,0.0,0.0,0.0
roll_02,2025-12-08T00:00:00+00:00,2026-01-19T00:00:00+00:00,2026-01-19T00:00:00+00:00,2026-01-26T00:00:00+00:00,1,0,2025-12-22 17:00:00+00:00,2025-12-22 18:00:00+00:00,2590.3615546464166,0,1181.90201280825,1501.2055345122224,1492.2400507823334,1448.407920836639,0,0,0,0,0,17,-0.2588190451025206,-0.9659258262890684,0,0,12,8.245378829861112,6.794222119944444,8.889294297944446,9.39719704725,18.583919603916662,18.456345473972224,18.736146014777777,19.010355593666667,0.0,0.0,0.0,0.0,0,night,0,0.0,0,2,1448.407920836639,0.0,18.583919603916662,0,0,0,0,0,0,0,0,0,0,0,0,0,0,0,0,0,0,0,0,0,0,0,0,0,0,0,0,0,0,0.0,0.0,0.0,0.0,0.0,0.0,0.0,0.0,0.0,0.0,0.0,0.0
roll_02,2025-12-08T00:00:00+00:00,2026-01-19T00:00:00+00:00,2026-01-19T00:00:00+00:00,2026-01-26T00:00:00+00:00,1,0,2025-12-22 18:00:00+00:00,2025-12-22 19:00:00+00:00,1841.6629899936388,0,962.82591136725,1448.407920836639,1644.9325527363887,2590.3615546464166,0,0,0,0,0,18,-1.8369701987210294e-16,-1.0,0,0,12,7.8293488930277775,6.454088997777778,8.245378829861112,9.292356407805554,18.30589932511111,18.58356207986111,18.583919603916662,19.282109729583333,0.0,0.0,0.0,0.0,0,night,0,0.0,0,2,2590.3615546464166,0.0,18.30589932511111,0,0,0,0,0,0,0,0,0,0,0,0,0,0,0,0,0,0,0,0,0,0,0,0,0,0,0,0,0,0,0.0,0.0,0.0,0.0,0.0,0.0,0.0,0.0,0.0,0.0,0.0,0.0
roll_02,2025-12-08T00:00:00+00:00,2026-01-19T00:00:00+00:00,2026-01-19T00:00:00+00:00,2026-01-26T00:00:00+00:00,1,0,2025-12-22 19:00:00+00:00,2025-12-22 20:00:00+00:00,2758.463187449722,0,2301.616357292278,2590.3615546464166,1461.33787788925,1841.6629899936388,0,0,0,0,0,19,0.2588190451025203,-0.9659258262890684,0,0,12,7.70874082575,5.78793753013889,7.8293488930277775,9.242811479333334,19.12071893402777,19.019518336722225,18.30589932511111,19.24528425413889,0.0,0.0,0.0,0.0,0,night,0,0.0,0,2,1841.6629899936388,0.0,19.12071893402777,0,0,0,0,0,0,0,0,0,0,0,0,0,0,0,0,0,0,0,0,0,0,0,0,0,0,0,0,0,0,0.0,0.0,0.0,0.0,0.0,0.0,0.0,0.0,0.0,0.0,0.0,0.0
roll_02,2025-12-08T00:00:00+00:00,2026-01-19T00:00:00+00:00,2026-01-19T00:00:00+00:00,2026-01-26T00:00:00+00:00,1,0,2025-12-22 20:00:00+00:00,2025-12-22 21:00:00+00:00,1338.005891527,0,2195.112726016583,1841.6629899936388,932.8222132295276,2758.463187449722,0,0,0,0,0,20,0.5000000000000001,-0.8660254037844386,0,0,12,7.672193065166667,5.507252910861111,7.70874082575,9.212899517138888,19.30354385755556,19.8520421995,19.12071893402777,19.668785502,0.0,0.0,0.0,0.0,0,night,0,0.0,0,2,2758.463187449722,0.0,19.30354385755556,0,0,0,0,0,0,0,0,0,0,0,0,0,0,0,0,0,0,0,0,0,0,0,0,0,0,0,0,0,0,0.0,0.0,0.0,0.0,0.0,0.0,0.0,0.0,0.0,0.0,0.0,0.0
roll_02,2025-12-08T00:00:00+00:00,2026-01-19T00:00:00+00:00,2026-01-19T00:00:00+00:00,2026-01-26T00:00:00+00:00,1,0,2025-12-22 21:00:00+00:00,2025-12-22 22:00:00+00:00,1278.1348253444166,0,1135.1464189376943,2758.463187449722,821.0254124478056,1338.005891527,0,0,0,0,0,21,0.7071067811865474,-0.7071067811865477,0,0,12,7.601766442138889,5.2677105246944445,7.672193065166667,9.197458041694444,18.95418810275,19.003535908666667,19.30354385755556,19.49961365358333,0.0,0.0,0.0,0.0,0,night,0,0.0,0,2,1338.005891527,0.0,18.95418810275,0,0,0,0,0,0,0,0,0,0,0,0,0,0,0,0,0,0,0,0,0,0,0,0,0,0,0,0,0,0,0.0,0.0,0.0,0.0,0.0,1.0,0.0,0.0,0.0,0.0,0.0,0.0
roll_02,2025-12-08T00:00:00+00:00,2026-01-19T00:00:00+00:00,2026-01-19T00:00:00+00:00,2026-01-26T00:00:00+00:00,1,0,2025-12-22 22:00:00+00:00,2025-12-22 23:00:00+00:00,1373.4179251498333,0,482.8885251898333,1338.005891527,991.7543113868888,1278.1348253444166,0,0,0,0,0,22,0.8660254037844384,-0.5000000000000004,0,0,12,7.7800186992222224,4.877332229444444,7.601766442138889,9.1369727355,19.41307764922222,19.21813296875,18.95418810275,19.240997329722223,0.0,0.0,0.0,0.0,0,night,0,0.0,0,2,1278.1348253444166,0.0,19.41307764922222,0,0,0,0,0,0,0,0,0,0,0,0,0,0,0,0,0,0,0,0,0,0,0,0,0,0,0,0,0,0,0.0,0.0,0.0,0.0,0.0,1.0,0.0,0.0,0.0,0.0,0.0,0.0
roll_02,2025-12-08T00:00:00+00:00,2026-01-19T00:00:00+00:00,2026-01-19T00:00:00+00:00,2026-01-26T00:00:00+00:00,1,0,2025-12-22 23:00:00+00:00,2025-12-23 00:00:00+00:00,463.2891560609723,0,405.8846786238334,1278.1348253444166,832.6109956094723,1373.4179251498333,0,0,0,0,0,23,0.965925826289068,-0.2588190451025215,0,0,12,7.875581902638889,4.895000660611111,7.7800186992222224,9.025627419194445,19.78863291111111,19.23920043358333,19.41307764922222,19.732401234666668,0.0,0.0,0.0,0.0,0,night,0,0.0,0,2,1373.4179251498333,0.0,19.78863291111111,0,0,0,0,0,0,0,0,0,0,0,0,0,0,0,0,0,0,0,0,0,0,0,0,0,0,0,0,0,0,0.0,0.0,0.0,0.0,0.0,1.0,0.0,0.0,0.0,0.0,0.0,0.0
roll_02,2025-12-08T00:00:00+00:00,2026-01-19T00:00:00+00:00,2026-01-19T00:00:00+00:00,2026-01-26T00:00:00+00:00,1,0,2025-12-23 00:00:00+00:00,2025-12-23 01:00:00+00:00,399.64195714208336,1,405.6469590446945,1373.4179251498333,390.8382736234167,463.2891560609723,0,0,0,0,0,0,1.0,0.0,0,0,12,7.867724397138889,5.247121551333334,7.875581902638889,9.164455496027776,20.3099888755,19.722204768111112,19.78863291111111,20.033224901472224,0.0,0.0,0.0,0.0,0,night,0,0.0,0,2,463.2891560609723,0.0,20.3099888755,0,0,0,0,0,0,0,0,0,0,0,0,0,0,0,0,0,0,0,0,0,0,0,0,0,0,0,0,0,0,0.0,0.0,0.0,0.0,0.0,1.0,0.0,0.0,0.0,1.0,0.0,0.0
roll_02,2025-12-08T00:00:00+00:00,2026-01-19T00:00:00+00:00,2026-01-19T00:00:00+00:00,2026-01-26T00:00:00+00:00,1,0,2025-12-23 01:00:00+00:00,2025-12-23 02:00:00+00:00,427.2131930631388,1,422.62427850377776,463.2891560609723,406.7112800239444,399.64195714208336,0,0,0,0,0,1,0.9659258262890684,0.2588190451025207,0,0,12,7.888569913777778,5.493171799416667,7.867724397138889,8.945666067555555,19.982422640777777,20.01917419788889,20.3099888755,20.24921482583333,0.0,0.0,0.0,0.0,0,night,0,0.0,0,2,399.64195714208336,0.0,19.982422640777777,0,0,0,0,0,0,0,0,0,0,0,0,0,0,0,0,0,0,0,0,0,0,0,0,0,0,0,0,0,0,0.0,0.0,0.0,0.0,0.0,1.0,0.0,0.0,0.0,1.0,0.0,0.0
roll_02,2025-12-08T00:00:00+00:00,2026-01-19T00:00:00+00:00,2026-01-19T00:00:00+00:00,2026-01-26T00:00:00+00:00,1,0,2025-12-23 02:00:00+00:00,2025-12-23 03:00:00+00:00,392.2338370769445,1,403.6943479121945,399.64195714208336,382.6579181039167,427.2131930631388,0,0,0,1,0,2,0.8660254037844387,0.4999999999999999,0,0,12,7.8259988100277775,5.568326639138889,7.888569913777778,8.786621540611112,19.847243156833333,19.67997072455556,19.982422640777777,20.22139835244444,0.0,0.0,0.0,0.0,0,night,0,0.0,0,2,427.2131930631388,,19.847243156833333,0,0,0,0,0,0,0,0,0,0,0,0,1,0,0,1,0,1,0,0,1,1,0,2,0,0,0,2,0,0,0.0,0.0,0.0,0.0,0.0,1.0,0.0,0.0,0.0,1.0,0.0,0.0
roll_02,2025-12-08T00:00:00+00:00,2026-01-19T00:00:00+00:00,2026-01-19T00:00:00+00:00,2026-01-26T00:00:00+00:00,1,0,2025-12-23 03:00:00+00:00,2025-12-23 04:00:00+00:00,1068.0933405524722,1,414.02281912100005,427.2131930631388,384.9322675995277,392.2338370769445,0,0,0,1,0,3,0.7071067811865476,0.7071067811865476,0,0,12,7.853841559416668,5.682945562305556,7.8259988100277775,8.39716871425,19.707851749416665,19.83102632702778,19.847243156833333,20.18632237111111,0.0,0.0,0.0,0.0,0,night,0,0.0,0,2,392.2338370769445,,19.707851749416665,0,0,0,0,0,0,0,0,0,0,0,0,1,0,0,1,0,1,0,0,1,1,0,2,0,0,0,2,0,0,0.0,1.0,0.0,0.0,0.0,0.0,0.0,0.0,0.0,1.0,0.0,0.0
roll_02,2025-12-08T00:00:00+00:00,2026-01-19T00:00:00+00:00,2026-01-19T00:00:00+00:00,2026-01-26T00:00:00+00:00,1,0,2025-12-23 04:00:00+00:00,2025-12-23 05:00:00+00:00,1961.0778504236112,1,1062.3990484865833,392.2338370769445,1052.4776154985557,1068.0933405524722,0,0,0,0,0,4,0.5000000000000001,0.8660254037844386,0,0,12,7.679308716583333,5.824993235111111,7.853841559416668,7.875929355111111,19.68678210230556,19.66575520036111,19.707851749416665,20.33999942825,0.0,0.0,0.0,0.0,0,night,0,0.0,0,2,1068.0933405524722,0.0,19.68678210230556,0,0,0,0,0,0,0,0,0,0,0,0,0,0,0,0,0,0,0,0,0,0,0,0,0,0,0,0,0,0,0.0,1.0,0.0,0.0,0.0,0.0,0.0,0.0,0.0,1.0,0.0,0.0
roll_02,2025-12-08T00:00:00+00:00,2026-01-19T00:00:00+00:00,2026-01-19T00:00:00+00:00,2026-01-26T00:00:00+00:00,1,0,2025-12-23 05:00:00+00:00,2025-12-23 06:00:00+00:00,1965.534701177139,1,2661.166535575861,1068.0933405524722,1933.5917159146943,1961.0778504236112,0,0,0,0,0,5,0.2588190451025207,0.9659258262890684,0,0,12,7.752307276694444,5.800195098638889,7.679308716583333,7.6108265428055555,20.102411716972224,20.008731666166668,19.68678210230556,20.012676753055555,0.0,0.0,0.0,0.0,0,night,0,0.0,0,2,1961.0778504236112,0.0,20.102411716972224,0,0,0,0,0,0,0,0,0,0,0,0,0,0,0,0,0,0,0,0,0,0,0,0,0,0,0,0,0,0,0.0,0.0,0.0,0.0,0.0,0.0,0.0,0.0,0.0,0.0,0.0,0.0
roll_02,2025-12-08T00:00:00+00:00,2026-01-19T00:00:00+00:00,2026-01-19T00:00:00+00:00,2026-01-26T00:00:00+00:00,1,0,2025-12-23 06:00:00+00:00,2025-12-23 07:00:00+00:00,551.9867818240277,1,3456.122775254056,1961.0778504236112,2922.5736036205,1965.534701177139,0,0,0,0,0,6,6.123233995736766e-17,1.0,0,0,12,7.937142865333333,6.0736136622500005,7.752307276694444,7.557931111611111,20.26481598527777,19.8981082215,20.102411716972224,19.715640701972223,0.0,0.0,0.0,0.0,0,night,0,0.0,0,2,1965.534701177139,0.0,20.26481598527777,0,0,0,0,0,0,0,0,0,0,0,0,0,0,0,0,0,0,0,0,0,0,0,0,0,0,0,0,0,0,0.0,0.0,0.0,0.0,0.0,0.0,0.0,0.0,0.0,0.0,0.0,0.0
roll_02,2025-12-08T00:00:00+00:00,2026-01-19T00:00:00+00:00,2026-01-19T00:00:00+00:00,2026-01-26T00:00:00+00:00,1,0,2025-12-23 07:00:00+00:00,2025-12-23 08:00:00+00:00,570.9922765172499,1,3208.9591459250555,1965.534701177139,1322.2964388655275,551.9867818240277,0,0,0,0,0,7,-0.2588190451025206,0.9659258262890684,0,0,12,7.954116691083333,5.896936877388889,7.937142865333333,7.450005150972221,19.43557900361111,19.67157561725,20.26481598527777,18.512363018777776,0.0,0.0,0.0,0.0,1,night,0,0.0,0,2,551.9867818240277,0.0,19.43557900361111,0,0,0,0,0,0,0,0,0,0,0,0,0,0,0,0,0,0,0,0,0,0,0,0,0,0,0,0,0,0,0.0,0.0,0.0,0.0,0.0,0.0,0.0,0.0,0.0,0.0,0.0,0.0
roll_02,2025-12-08T00:00:00+00:00,2026-01-19T00:00:00+00:00,2026-01-19T00:00:00+00:00,2026-01-26T00:00:00+00:00,1,0,2025-12-23 08:00:00+00:00,2025-12-23 09:00:00+00:00,589.9273594475833,1,2449.6699559921667,551.9867818240277,2211.142324983083,570.9922765172499,0,0,0,0,0,8,-0.4999999999999998,0.8660254037844387,0,0,12,8.11013533947222,6.034658576472222,7.954116691083333,8.213777411027777,18.847749309694446,19.401242324444443,19.43557900361111,18.507716258916663,0.0,0.0,0.0,195.02718582122225,1,night,0,0.0,0,2,570.9922765172499,0.0,18.847749309694446,0,0,0,0,0,0,0,0,0,0,0,0,0,0,0,0,0,0,0,0,0,0,0,0,0,0,0,0,0,0,0.0,0.0,0.0,0.0,0.0,0.0,0.0,0.0,0.0,0.0,0.0,0.0
roll_02,2025-12-08T00:00:00+00:00,2026-01-19T00:00:00+00:00,2026-01-19T00:00:00+00:00,2026-01-26T00:00:00+00:00,1,0,2025-12-23 09:00:00+00:00,2025-12-23 10:00:00+00:00,1718.39287691475,1,2414.570358478112,570.9922765172499,469.87768446425,589.9273594475833,0,0,0,0,0,9,-0.7071067811865475,0.7071067811865476,0,0,12,8.2888513755,6.286235782027778,8.11013533947222,8.927070765861112,18.554306896472223,19.39234684252777,18.847749309694446,17.939095856694447,26.348555697805555,15.313782078055556,0.0,300.19882653152774,1,low,0,0.0,0,2,589.9273594475833,26.348555697805555,18.554306896472223,0,0,0,0,0,0,0,0,0,0,0,0,0,0,0,0,0,0,0,0,0,0,0,0,0,0,0,0,0,0,0.0,0.0,0.0,0.0,0.0,0.0,0.0,0.0,0.0,0.0,0.0,0.0
roll_02,2025-12-08T00:00:00+00:00,2026-01-19T00:00:00+00:00,2026-01-19T00:00:00+00:00,2026-01-26T00:00:00+00:00,1,0,2025-12-23 10:00:00+00:00,2025-12-23 11:00:00+00:00,1375.5148829470834,1,2375.9726631365834,589.9273594475833,1421.663129932659,1718.39287691475,0,0,0,0,0,10,-0.8660254037844387,0.4999999999999999,0,0,12,8.69095310761111,6.840076556416666,8.2888513755,9.719285546944445,18.096338875944443,19.64012672533333,18.554306896472223,18.85140672290609,43.84769447391667,18.07426482097222,26.348555697805555,239.22611620353985,1,low,0,0.0,0,2,1718.39287691475,43.84769447391667,18.096338875944443,0,0,0,0,0,0,0,0,0,0,0,0,0,0,0,0,0,0,0,0,0,0,0,0,0,0,0,0,0,0,0.0,0.0,0.0,0.0,0.0,0.0,0.0,0.0,0.0,0.0,0.0,0.0
roll_02,2025-12-08T00:00:00+00:00,2026-01-19T00:00:00+00:00,2026-01-19T00:00:00+00:00,2026-01-26T00:00:00+00:00,1,0,2025-12-23 11:00:00+00:00,2025-12-23 12:00:00+00:00,1486.9411033013612,1,417.16279551813886,1718.39287691475,1354.792774015139,1375.5148829470834,0,0,0,0,0,11,-0.9659258262890682,0.258819045102521,0,0,12,9.138529768944444,6.977142339305556,8.69095310761111,10.13427112263889,18.53337953308333,18.586691972277777,18.096338875944443,18.94717150602777,113.38559657783333,31.32484451036112,43.84769447391667,274.55106961922223,1,low,0,0.0,0,2,1375.5148829470834,113.38559657783333,18.53337953308333,0,0,0,0,0,0,0,0,0,0,0,0,0,0,0,0,0,0,0,0,0,0,0,0,0,0,0,0,0,0,0.0,0.0,0.0,0.0,0.0,0.0,0.0,0.0,0.0,0.0,0.0,0.0
roll_02,2025-12-08T00:00:00+00:00,2026-01-19T00:00:00+00:00,2026-01-19T00:00:00+00:00,2026-01-26T00:00:00+00:00,1,0,2025-12-23 12:00:00+00:00,2025-12-23 13:00:00+00:00,1310.9746478644167,1,1341.960643716778,1375.5148829470834,987.6637984131388,1486.9411033013612,0,0,0,0,0,12,-1.0,1.2246467991473532e-16,0,0,12,9.712624649166669,7.006073284472222,9.138529768944444,11.152694811444444,22.27589306130556,18.51610414613889,18.53337953308333,18.97859550702778,103.73704606202776,0.0,113.38559657783333,498.8977517815556,1,low,0,0.0,0,2,1486.9411033013612,103.73704606202776,22.27589306130556,0,0,0,0,0,0,0,0,0,0,0,0,0,0,0,0,0,0,0,0,0,0,0,0,0,0,0,0,0,0,0.0,0.0,0.0,0.0,0.0,0.0,0.0,0.0,0.0,0.0,0.0,0.0
roll_02,2025-12-08T00:00:00+00:00,2026-01-19T00:00:00+00:00,2026-01-19T00:00:00+00:00,2026-01-26T00:00:00+00:00,1,0,2025-12-23 13:00:00+00:00,2025-12-23 14:00:00+00:00,1343.035586198222,1,1311.6084876298612,1486.9411033013612,678.0202888712499,1310.9746478644167,0,0,0,0,0,13,-0.9659258262890684,-0.2588190451025208,0,0,12,9.763169745555556,7.043596515083333,9.712624649166669,11.11379926427778,18.911887882722223,18.61569851477778,22.27589306130556,18.62865003925,44.97819954930555,0.0,103.73704606202776,219.010268535,1,low,0,0.0,0,2,1310.9746478644167,44.97819954930555,18.911887882722223,0,0,0,0,0,0,0,0,0,0,0,0,0,0,0,0,0,0,0,0,0,0,0,0,0,0,0,0,0,0,0.0,0.0,0.0,0.0,0.0,0.0,0.0,0.0,0.0,0.0,0.0,0.0
roll_02,2025-12-08T00:00:00+00:00,2026-01-19T00:00:00+00:00,2026-01-19T00:00:00+00:00,2026-01-26T00:00:00+00:00,1,0,2025-12-23 14:00:00+00:00,2025-12-23 15:00:00+00:00,1535.2560558796113,1,1594.7797779214168,1310.9746478644167,1971.0972112306388,1343.035586198222,0,0,0,0,0,14,-0.8660254037844388,-0.4999999999999997,0,0,12,9.776337796694444,7.19188998086111,9.763169745555556,10.638963405944445,18.831415108694447,18.986194892833336,18.911887882722223,18.682252680055555,10.96957993613889,0.0,44.97819954930555,130.25877211019443,1,low,0,0.0,0,2,1343.035586198222,10.96957993613889,18.831415108694447,0,0,0,0,0,0,0,0,0,0,0,0,0,0,0,0,0,0,0,0,0,0,0,0,0,0,0,0,0,0,0.0,0.0,0.0,0.0,0.0,0.0,0.0,0.0,0.0,0.0,0.0,0.0
roll_02,2025-12-08T00:00:00+00:00,2026-01-19T00:00:00+00:00,2026-01-19T00:00:00+00:00,2026-01-26T00:00:00+00:00,1,0,2025-12-23 15:00:00+00:00,2025-12-23 16:00:00+00:00,3076.889536341667,1,1694.1130230780834,1343.035586198222,1766.4647968451666,1535.2560558796113,0,0,0,0,0,15,-0.7071067811865479,-0.7071067811865471,0,0,12,9.819836279944443,7.267535660666667,9.776337796694444,9.645733651055556,18.41698626236111,19.152573861944443,18.831415108694447,18.600687282194443,0.0,0.0,10.96957993613889,0.0,1,night,0,0.0,0,2,1535.2560558796113,0.0,18.41698626236111,0,0,0,0,0,0,0,0,0,0,0,0,0,0,0,0,0,0,0,0,0,0,0,0,0,0,0,0,0,0,0.0,0.0,0.0,0.0,0.0,0.0,0.0,0.0,0.0,0.0,0.0,0.0
roll_02,2025-12-08T00:00:00+00:00,2026-01-19T00:00:00+00:00,2026-01-19T00:00:00+00:00,2026-01-26T00:00:00+00:00,1,0,2025-12-23 16:00:00+00:00,2025-12-23 17:00:00+00:00,3026.765225557556,1,2680.531920474861,1535.2560558796113,1501.2055345122224,3076.889536341667,0,0,0,0,0,16,-0.5000000000000004,-0.8660254037844385,0,0,12,9.682033589944444,7.4176188369444445,9.819836279944443,8.889294297944446,18.3207470305,19.32053953047222,18.41698626236111,18.736146014777777,0.0,0.0,0.0,0.0,0,night,0,0.0,0,2,3076.889536341667,0.0,18.3207470305,0,0,0,0,0,0,0,0,0,0,0,0,0,0,0,0,0,0,0,0,0,0,0,0,0,0,0,0,0,0,0.0,0.0,0.0,0.0,0.0,0.0,0.0,0.0,0.0,0.0,0.0,0.0
roll_02,2025-12-08T00:00:00+00:00,2026-01-19T00:00:00+00:00,2026-01-19T00:00:00+00:00,2026-01-26T00:00:00+00:00,1,0,2025-12-23 17:00:00+00:00,2025-12-23 18:00:00+00:00,3609.998339521917,1,2350.671645074944,3076.889536341667,1448.407920836639,3026.765225557556,0,0,0,0,0,17,-0.2588190451025206,-0.9659258262890684,0,0,12,9.61639458672222,7.369788830361112,9.682033589944444,8.245378829861112,18.37434000127778,19.12053892655556,18.3207470305,18.583919603916662,0.0,0.0,0.0,0.0,0,night,0,0.0,0,2,3026.765225557556,0.0,18.37434000127778,0,0,0,0,0,0,0,0,0,0,0,0,0,0,0,0,0,0,0,0,0,0,0,0,0,0,0,0,0,0,0.0,0.0,0.0,0.0,0.0,0.0,0.0,0.0,0.0,0.0,0.0,0.0
roll_02,2025-12-08T00:00:00+00:00,2026-01-19T00:00:00+00:00,2026-01-19T00:00:00+00:00,2026-01-26T00:00:00+00:00,1,0,2025-12-23 18:00:00+00:00,2025-12-23 19:00:00+00:00,3181.712894327639,1,940.9779665286666,3026.765225557556,2590.3615546464166,3609.998339521917,0,0,0,0,0,18,-1.8369701987210294e-16,-1.0,0,0,12,9.223983440083334,7.236653106833334,9.61639458672222,7.8293488930277775,18.19997007697222,18.28438206308333,18.37434000127778,18.30589932511111,0.0,0.0,0.0,0.0,0,night,0,0.0,0,2,3609.998339521917,0.0,18.19997007697222,0,0,0,0,0,0,0,0,0,0,0,0,0,0,0,0,0,0,0,0,0,0,0,0,0,0,0,0,0,0,0.0,0.0,0.0,0.0,0.0,0.0,0.0,0.0,0.0,0.0,0.0,0.0
roll_02,2025-12-08T00:00:00+00:00,2026-01-19T00:00:00+00:00,2026-01-19T00:00:00+00:00,2026-01-26T00:00:00+00:00,1,0,2025-12-23 19:00:00+00:00,2025-12-23 20:00:00+00:00,1130.735246179778,1,915.059135163,3609.998339521917,1841.6629899936388,3181.712894327639,0,0,0,0,0,19,0.2588190451025203,-0.9659258262890684,0,0,12,8.869093960222221,7.349951924027778,9.223983440083334,7.70874082575,18.44754447925,18.590252540027777,18.19997007697222,19.12071893402777,0.0,0.0,0.0,0.0,0,night,0,0.0,0,2,3181.712894327639,0.0,18.44754447925,0,0,0,0,0,0,0,0,0,0,0,0,0,0,0,0,0,0,0,0,0,0,0,0,0,0,0,0,0,0,0.0,0.0,0.0,0.0,0.0,0.0,0.0,0.0,0.0,0.0,0.0,0.0
roll_02,2025-12-08T00:00:00+00:00,2026-01-19T00:00:00+00:00,2026-01-19T00:00:00+00:00,2026-01-26T00:00:00+00:00,1,0,2025-12-23 20:00:00+00:00,2025-12-23 21:00:00+00:00,699.9757219978055,1,930.4045745785834,3181.712894327639,2758.463187449722,1130.735246179778,0,0,0,0,0,20,0.5000000000000001,-0.8660254037844386,0,0,12,8.78516129211111,7.336308617388888,8.869093960222221,7.672193065166667,19.152017655,18.65122393680556,18.44754447925,19.30354385755556,0.0,0.0,0.0,0.0,0,night,0,0.0,0,2,1130.735246179778,0.0,19.152017655,0,0,0,0,0,0,0,0,0,0,0,0,0,0,0,0,0,0,0,0,0,0,0,0,0,0,0,0,0,0,0.0,0.0,0.0,0.0,0.0,0.0,0.0,0.0,0.0,1.0,0.0,0.0
roll_02,2025-12-08T00:00:00+00:00,2026-01-19T00:00:00+00:00,2026-01-19T00:00:00+00:00,2026-01-26T00:00:00+00:00,1,0,2025-12-23 21:00:00+00:00,2025-12-23 22:00:00+00:00,376.3393596876388,1,802.2397683904445,1130.735246179778,1338.005891527,699.9757219978055,0,0,0,0,0,21,0.7071067811865474,-0.7071067811865477,0,0,12,8.975314061916666,7.440695270472222,8.78516129211111,7.601766442138889,19.56986868888889,18.681479908916668,19.152017655,18.95418810275,0.0,0.0,0.0,0.0,0,night,0,0.0,0,2,699.9757219978055,0.0,19.56986868888889,0,0,0,0,0,0,0,0,0,0,0,0,0,0,0,0,0,0,0,0,0,0,0,0,0,0,0,0,0,0,0.0,0.0,0.0,0.0,0.0,0.0,0.0,0.0,0.0,0.0,0.0,0.0
roll_02,2025-12-08T00:00:00+00:00,2026-01-19T00:00:00+00:00,2026-01-19T00:00:00+00:00,2026-01-26T00:00:00+00:00,1,0,2025-12-23 22:00:00+00:00,2025-12-23 23:00:00+00:00,389.9834102413611,1,384.1833294866111,699.9757219978055,1278.1348253444166,376.3393596876388,0,0,0,0,0,22,0.8660254037844384,-0.5000000000000004,0,0,12,9.03694580325,7.564076926611111,8.975314061916666,7.7800186992222224,19.54684440388889,18.76675299822222,19.56986868888889,19.41307764922222,0.0,0.0,0.0,0.0,0,night,0,0.0,0,2,376.3393596876388,0.0,19.54684440388889,0,0,0,0,0,0,0,0,0,0,0,0,0,0,0,0,0,0,0,0,0,0,0,0,0,0,0,0,0,0,0.0,0.0,0.0,0.0,0.0,0.0,0.0,0.0,0.0,0.0,0.0,0.0
roll_02,2025-12-08T00:00:00+00:00,2026-01-19T00:00:00+00:00,2026-01-19T00:00:00+00:00,2026-01-26T00:00:00+00:00,1,0,2025-12-23 23:00:00+00:00,2025-12-24 00:00:00+00:00,378.09569447377777,1,384.2044550325556,376.3393596876388,1373.4179251498333,389.9834102413611,0,0,0,0,0,23,0.965925826289068,-0.2588190451025215,0,0,12,9.014495584722225,7.58739853886111,9.03694580325,7.875581902638889,19.75481239861111,19.004384636083334,19.54684440388889,19.78863291111111,0.0,0.0,0.0,0.0,0,night,0,0.0,0,2,389.9834102413611,0.0,19.75481239861111,0,0,0,0,0,0,0,0,0,0,0,0,0,0,0,0,0,0,0,0,0,0,0,0,0,0,0,0,0,0,0.0,0.0,0.0,0.0,0.0,0.0,0.0,0.0,0.0,0.0,0.0,0.0
roll_02,2025-12-08T00:00:00+00:00,2026-01-19T00:00:00+00:00,2026-01-19T00:00:00+00:00,2026-01-26T00:00:00+00:00,1,0,2025-12-24 00:00:00+00:00,2025-12-24 01:00:00+00:00,383.7696310296666,2,411.30520805025,389.9834102413611,463.2891560609723,378.09569447377777,0,0,0,1,0,0,1.0,0.0,0,0,12,8.89687604175,7.6481217989444445,9.014495584722225,7.867724397138889,19.948878169361112,19.393824003916663,19.75481239861111,20.3099888755,0.0,0.0,0.0,0.0,0,night,0,0.0,0,2,378.09569447377777,,19.948878169361112,0,0,0,0,0,0,0,0,0,0,0,0,0,1,0,1,0,1,0,0,1,1,0,3,0,0,0,2,0,0,0.0,0.0,0.0,0.0,0.0,0.0,0.0,0.0,0.0,1.0,0.0,0.0
roll_02,2025-12-08T00:00:00+00:00,2026-01-19T00:00:00+00:00,2026-01-19T00:00:00+00:00,2026-01-26T00:00:00+00:00,1,0,2025-12-24 01:00:00+00:00,2025-12-24 02:00:00+00:00,418.8918845324167,2,390.4950433394167,378.09569447377777,399.64195714208336,383.7696310296666,0,0,0,1,0,1,0.9659258262890684,0.2588190451025207,0,0,12,8.386065871166666,7.819026612611111,8.89687604175,7.888569913777778,20.228495966083333,19.42133666966667,19.948878169361112,19.982422640777777,0.0,0.0,0.0,0.0,0,night,0,0.0,0,2,383.7696310296666,,20.228495966083333,0,0,0,0,0,0,0,0,0,0,0,0,0,1,0,1,0,1,0,0,1,1,0,3,0,0,0,2,0,0,0.0,1.0,0.0,0.0,0.0,0.0,0.0,0.0,0.0,1.0,0.0,0.0
roll_02,2025-12-08T00:00:00+00:00,2026-01-19T00:00:00+00:00,2026-01-19T00:00:00+00:00,2026-01-26T00:00:00+00:00,1,0,2025-12-24 02:00:00+00:00,2025-12-24 03:00:00+00:00,399.2935319488056,2,391.8644491115,383.7696310296666,427.2131930631388,418.8918845324167,0,0,0,1,0,2,0.8660254037844387,0.4999999999999999,0,0,12,7.902568219805556,7.903693810777778,8.386065871166666,7.8259988100277775,20.142192982,19.833579525416667,20.228495966083333,19.847243156833333,0.0,0.0,0.0,0.0,0,night,0,0.0,0,2,418.8918845324167,,20.142192982,0,0,0,0,0,0,0,0,0,0,0,0,0,1,0,1,0,1,0,0,1,1,0,3,0,0,0,2,0,0,0.0,1.0,0.0,0.0,0.0,1.0,0.0,0.0,0.0,1.0,0.0,0.0
roll_02,2025-12-08T00:00:00+00:00,2026-01-19T00:00:00+00:00,2026-01-19T00:00:00+00:00,2026-01-26T00:00:00+00:00,1,0,2025-12-24 03:00:00+00:00,2025-12-24 04:00:00+00:00,1006.3930387017222,2,394.9048984143333,418.8918845324167,392.2338370769445,399.2935319488056,0,0,0,0,0,3,0.7071067811865476,0.7071067811865476,0,0,12,7.417889324527778,7.8129305178055555,7.902568219805556,7.853841559416668,20.18077980916667,19.992829429666667,20.142192982,19.707851749416665,0.0,0.0,0.0,0.0,0,night,0,0.0,0,2,399.2935319488056,0.0,20.18077980916667,0,0,0,0,0,0,0,0,0,0,0,0,0,0,0,0,0,0,0,0,0,0,0,0,0,0,0,0,0,0,0.0,1.0,0.0,0.0,0.0,1.0,0.0,0.0,0.0,1.0,0.0,0.0
roll_02,2025-12-08T00:00:00+00:00,2026-01-19T00:00:00+00:00,2026-01-19T00:00:00+00:00,2026-01-26T00:00:00+00:00,1,0,2025-12-24 04:00:00+00:00,2025-12-24 05:00:00+00:00,1855.5064876439449,2,1071.186297427,399.2935319488056,1068.0933405524722,1006.3930387017222,0,0,0,0,0,4,0.5000000000000001,0.8660254037844386,0,0,12,7.037807299888889,7.843615268,7.417889324527778,7.679308716583333,20.22260009213889,20.11470063388889,20.18077980916667,19.68678210230556,0.0,0.0,0.0,0.0,0,night,0,0.0,0,2,1006.3930387017222,0.0,20.22260009213889,0,0,0,0,0,0,0,0,0,0,0,0,0,0,0,0,0,0,0,0,0,0,0,0,0,0,0,0,0,0,0.0,0.0,0.0,0.0,0.0,0.0,0.0,0.0,0.0,0.0,0.0,0.0
roll_02,2025-12-08T00:00:00+00:00,2026-01-19T00:00:00+00:00,2026-01-19T00:00:00+00:00,2026-01-26T00:00:00+00:00,1,0,2025-12-24 05:00:00+00:00,2025-12-24 06:00:00+00:00,2491.247941928889,2,2453.750167389111,1006.3930387017222,1961.0778504236112,1855.5064876439449,0,0,0,0,0,5,0.2588190451025207,0.9659258262890684,0,0,12,6.481009209527778,8.006488656444445,7.037807299888889,7.752307276694444,20.388775333194445,20.01161122425,20.22260009213889,20.102411716972224,0.0,0.0,0.0,0.0,0,night,0,0.0,0,2,1855.5064876439449,0.0,20.388775333194445,0,0,0,0,0,0,0,0,0,0,0,0,0,0,0,0,0,0,0,0,0,0,0,0,0,0,0,0,0,0,0.0,0.0,0.0,0.0,0.0,0.0,0.0,0.0,0.0,0.0,0.0,0.0
roll_02,2025-12-08T00:00:00+00:00,2026-01-19T00:00:00+00:00,2026-01-19T00:00:00+00:00,2026-01-26T00:00:00+00:00,1,0,2025-12-24 06:00:00+00:00,2025-12-24 07:00:00+00:00,1559.761614589833,2,2722.173687511556,1855.5064876439449,1965.534701177139,2491.247941928889,0,0,0,0,0,6,6.123233995736766e-17,1.0,0,0,12,6.167251803666666,8.162828637027777,6.481009209527778,7.937142865333333,20.28959824063889,19.82704110508333,20.388775333194445,20.26481598527777,0.0,0.0,0.0,0.0,0,night,0,0.0,0,2,2491.247941928889,0.0,20.28959824063889,0,0,0,0,0,0,0,0,0,0,0,0,0,0,0,0,0,0,0,0,0,0,0,0,0,0,0,0,0,0,0.0,0.0,0.0,0.0,0.0,0.0,0.0,0.0,0.0,0.0,0.0,0.0
roll_02,2025-12-08T00:00:00+00:00,2026-01-19T00:00:00+00:00,2026-01-19T00:00:00+00:00,2026-01-26T00:00:00+00:00,1,0,2025-12-24 07:00:00+00:00,2025-12-24 08:00:00+00:00,826.4675160729166,2,2449.925167818306,2491.247941928889,551.9867818240277,1559.761614589833,0,0,0,0,0,7,-0.2588190451025206,0.9659258262890684,0,0,12,6.357743294111111,8.208431735,6.167251803666666,7.954116691083333,19.843642095666667,19.06675370347222,20.28959824063889,19.43557900361111,0.0,0.0,0.0,0.0,1,night,0,0.0,0,2,1559.761614589833,0.0,19.843642095666667,0,0,0,0,0,0,0,0,0,0,0,0,0,0,0,0,0,0,0,0,0,0,0,0,0,0,0,0,0,0,0.0,0.0,0.0,0.0,0.0,0.0,0.0,0.0,0.0,0.0,0.0,0.0
roll_02,2025-12-08T00:00:00+00:00,2026-01-19T00:00:00+00:00,2026-01-19T00:00:00+00:00,2026-01-26T00:00:00+00:00,1,0,2025-12-24 08:00:00+00:00,2025-12-24 09:00:00+00:00,3247.515085776833,2,2558.1957894870834,1559.761614589833,570.9922765172499,826.4675160729166,0,0,0,0,0,8,-0.4999999999999998,0.8660254037844387,0,0,12,6.926437386416667,8.533606403194446,6.357743294111111,8.11013533947222,19.06407449175,18.52296228277778,19.843642095666667,18.847749309694446,12.521878989361111,33.759730213944444,0.0,0.0,1,low,0,0.0,0,2,826.4675160729166,12.521878989361111,19.06407449175,0,0,0,0,0,0,0,0,0,0,0,0,0,0,0,0,0,0,0,0,0,0,0,0,0,0,0,0,0,0,0.0,0.0,0.0,0.0,0.0,0.0,0.0,0.0,0.0,0.0,0.0,0.0
roll_02,2025-12-08T00:00:00+00:00,2026-01-19T00:00:00+00:00,2026-01-19T00:00:00+00:00,2026-01-26T00:00:00+00:00,1,0,2025-12-24 09:00:00+00:00,2025-12-24 10:00:00+00:00,1889.7759791408887,2,900.5161560151665,826.4675160729166,589.9273594475833,3247.515085776833,0,0,0,0,0,9,-0.7071067811865475,0.7071067811865476,0,0,12,7.618305967916666,9.099701070083333,6.926437386416667,8.2888513755,19.41768402125,17.969253158222223,19.06407449175,18.554306896472223,0.0,187.9885702534722,12.521878989361111,26.348555697805555,1,night,0,0.0,0,2,3247.515085776833,0.0,19.41768402125,0,0,0,0,0,0,0,0,0,0,0,0,0,0,0,0,0,0,0,0,0,0,0,0,0,0,0,0,0,0,0.0,0.0,0.0,0.0,0.0,0.0,0.0,0.0,0.0,0.0,0.0,0.0
roll_02,2025-12-08T00:00:00+00:00,2026-01-19T00:00:00+00:00,2026-01-19T00:00:00+00:00,2026-01-26T00:00:00+00:00,1,0,2025-12-24 10:00:00+00:00,2025-12-24 11:00:00+00:00,1949.928093745111,2,2232.182668796584,3247.515085776833,1718.39287691475,1889.7759791408887,0,0,0,0,0,10,-0.8660254037844387,0.4999999999999999,0,0,12,7.637087286444444,9.756009190472222,7.618305967916666,8.69095310761111,19.21105774675,19.10792941355556,19.41768402125,18.096338875944443,0.0,204.24852328377776,0.0,43.84769447391667,1,night,0,0.0,0,2,1889.7759791408887,0.0,19.21105774675,0,0,0,0,0,0,0,0,0,0,0,0,0,0,0,0,0,0,0,0,0,0,0,0,0,0,0,0,0,0,0.0,0.0,0.0,0.0,0.0,0.0,0.0,0.0,0.0,0.0,0.0,0.0
roll_02,2025-12-08T00:00:00+00:00,2026-01-19T00:00:00+00:00,2026-01-19T00:00:00+00:00,2026-01-26T00:00:00+00:00,1,0,2025-12-24 11:00:00+00:00,2025-12-24 12:00:00+00:00,1215.182916678889,2,270.1439230715277,1889.7759791408887,1375.5148829470834,1949.928093745111,0,0,0,0,0,11,-0.9659258262890682,0.258819045102521,0,0,12,7.561001204805556,9.88983538011111,7.637087286444444,9.138529768944444,18.911001597,18.66690112433333,19.21105774675,18.53337953308333,0.0,128.10038583380555,0.0,113.38559657783333,1,night,0,0.0,0,2,1949.928093745111,0.0,18.911001597,0,0,0,0,0,0,0,0,0,0,0,0,0,0,0,0,0,0,0,0,0,0,0,0,0,0,0,0,0,0,0.0,0.0,0.0,0.0,0.0,0.0,0.0,0.0,0.0,0.0,0.0,0.0
roll_02,2025-12-08T00:00:00+00:00,2026-01-19T00:00:00+00:00,2026-01-19T00:00:00+00:00,2026-01-26T00:00:00+00:00,1,0,2025-12-24 12:00:00+00:00,2025-12-24 13:00:00+00:00,1012.8845243609724,2,1491.0930149556943,1949.928093745111,1486.9411033013612,1215.182916678889,0,0,0,0,0,12,-1.0,1.2246467991473532e-16,0,0,12,7.322922414583334,9.944974314916667,7.561001204805556,9.712624649166669,18.72064065355556,18.91036433463889,18.911001597,22.27589306130556,29.45281187836112,60.79540611177779,0.0,103.73704606202776,1,low,0,0.0,0,2,1215.182916678889,29.45281187836112,18.72064065355556,0,0,0,0,0,0,0,0,0,0,0,0,0,0,0,0,0,0,0,0,0,0,0,0,0,0,0,0,0,0,0.0,0.0,0.0,0.0,0.0,0.0,0.0,0.0,0.0,0.0,0.0,0.0
roll_02,2025-12-08T00:00:00+00:00,2026-01-19T00:00:00+00:00,2026-01-19T00:00:00+00:00,2026-01-26T00:00:00+00:00,1,0,2025-12-24 13:00:00+00:00,2025-12-24 14:00:00+00:00,1531.7967927849445,2,836.9815462651944,1215.182916678889,1310.9746478644167,1012.8845243609724,0,0,0,0,0,13,-0.9659258262890684,-0.2588190451025208,0,0,12,7.126908433583334,9.773172751416666,7.322922414583334,9.763169745555556,18.63990130919445,18.963857942194444,18.72064065355556,18.911887882722223,24.64718299763889,51.856617322194445,29.45281187836112,44.97819954930555,1,low,0,0.0,0,2,1012.8845243609724,24.64718299763889,18.63990130919445,0,0,0,0,0,0,0,0,0,0,0,0,0,0,0,0,0,0,0,0,0,0,0,0,0,0,0,0,0,0,0.0,0.0,0.0,0.0,0.0,0.0,0.0,0.0,0.0,0.0,0.0,0.0
roll_02,2025-12-08T00:00:00+00:00,2026-01-19T00:00:00+00:00,2026-01-19T00:00:00+00:00,2026-01-26T00:00:00+00:00,1,0,2025-12-24 14:00:00+00:00,2025-12-24 15:00:00+00:00,2016.5231686905,2,1692.33890384425,1012.8845243609724,1343.035586198222,1531.7967927849445,0,0,0,0,0,14,-0.8660254037844388,-0.4999999999999997,0,0,12,6.848041679055555,9.848121466416666,7.126908433583334,9.776337796694444,18.716828187972222,23.877518419861108,18.63990130919445,18.831415108694447,0.0,27.55335654275,24.64718299763889,10.96957993613889,1,night,0,0.0,0,2,1531.7967927849445,0.0,18.716828187972222,0,0,0,0,0,0,0,0,0,0,0,0,0,0,0,0,0,0,0,0,0,0,0,0,0,0,0,0,0,0,0.0,0.0,0.0,0.0,0.0,0.0,0.0,0.0,0.0,0.0,0.0,0.0
roll_02,2025-12-08T00:00:00+00:00,2026-01-19T00:00:00+00:00,2026-01-19T00:00:00+00:00,2026-01-26T00:00:00+00:00,1,0,2025-12-24 15:00:00+00:00,2025-12-24 16:00:00+00:00,1121.040564713722,2,1359.5864463025837,1531.7967927849445,1535.2560558796113,2016.5231686905,0,0,0,0,0,15,-0.7071067811865479,-0.7071067811865471,0,0,12,6.680163213972222,9.743338424527778,6.848041679055555,9.819836279944443,18.363643917194445,19.32859337286111,18.716828187972222,18.41698626236111,0.0,0.0,0.0,0.0,1,night,0,0.0,0,2,2016.5231686905,0.0,18.363643917194445,0,0,0,0,0,0,0,0,0,0,0,0,0,0,0,0,0,0,0,0,0,0,0,0,0,0,0,0,0,0,0.0,0.0,0.0,0.0,0.0,0.0,0.0,0.0,0.0,0.0,0.0,0.0
roll_02,2025-12-08T00:00:00+00:00,2026-01-19T00:00:00+00:00,2026-01-19T00:00:00+00:00,2026-01-26T00:00:00+00:00,1,0,2025-12-24 16:00:00+00:00,2025-12-24 17:00:00+00:00,1232.2729358373888,2,363.6337224605833,2016.5231686905,3076.889536341667,1121.040564713722,0,0,0,0,0,16,-0.5000000000000004,-0.8660254037844385,0,0,12,6.514115881166667,9.63009450136111,6.680163213972222,9.682033589944444,18.99384087216667,18.88695833694445,18.363643917194445,18.3207470305,0.0,0.0,0.0,0.0,0,night,0,0.0,0,2,1121.040564713722,0.0,18.99384087216667,0,0,0,0,0,0,0,0,0,0,0,0,0,0,0,0,0,0,0,0,0,0,0,0,0,0,0,0,0,0,0.0,0.0,0.0,0.0,0.0,0.0,0.0,0.0,0.0,0.0,0.0,0.0
roll_02,2025-12-08T00:00:00+00:00,2026-01-19T00:00:00+00:00,2026-01-19T00:00:00+00:00,2026-01-26T00:00:00+00:00,1,0,2025-12-24 17:00:00+00:00,2025-12-24 18:00:00+00:00,1296.7953170456944,2,838.0322185332501,1121.040564713722,3026.765225557556,1232.2729358373888,0,0,0,0,0,17,-0.2588190451025206,-0.9659258262890684,0,0,12,6.4729280674166665,9.681062592694444,6.514115881166667,9.61639458672222,18.72018167236111,19.011202705416668,18.99384087216667,18.37434000127778,0.0,0.0,0.0,0.0,0,night,0,0.0,0,2,1232.2729358373888,0.0,18.72018167236111,0,0,0,0,0,0,0,0,0,0,0,0,0,0,0,0,0,0,0,0,0,0,0,0,0,0,0,0,0,0,0.0,0.0,0.0,0.0,0.0,0.0,0.0,0.0,0.0,0.0,0.0,0.0
roll_02,2025-12-08T00:00:00+00:00,2026-01-19T00:00:00+00:00,2026-01-19T00:00:00+00:00,2026-01-26T00:00:00+00:00,1,0,2025-12-24 18:00:00+00:00,2025-12-24 19:00:00+00:00,1872.0747830955,2,1871.494598386667,1232.2729358373888,3609.998339521917,1296.7953170456944,0,0,0,0,0,18,-1.8369701987210294e-16,-1.0,0,0,12,6.436226986305556,9.578609097305554,6.4729280674166665,9.223983440083334,18.917338896527777,19.04374695586111,18.72018167236111,18.19997007697222,0.0,0.0,0.0,0.0,0,night,0,0.0,0,2,1296.7953170456944,0.0,18.917338896527777,0,0,0,0,0,0,0,0,0,0,0,0,0,0,0,0,0,0,0,0,0,0,0,0,0,0,0,0,0,0,0.0,0.0,0.0,0.0,0.0,0.0,0.0,0.0,0.0,0.0,0.0,0.0
roll_02,2025-12-08T00:00:00+00:00,2026-01-19T00:00:00+00:00,2026-01-19T00:00:00+00:00,2026-01-26T00:00:00+00:00,1,0,2025-12-24 19:00:00+00:00,2025-12-24 20:00:00+00:00,969.7319517724444,2,2448.8777828169723,1296.7953170456944,3181.712894327639,1872.0747830955,0,0,0,0,0,19,0.2588190451025203,-0.9659258262890684,0,0,12,6.366340664194445,9.652694642777778,6.436226986305556,8.869093960222221,19.080848647444444,18.1900867165,18.917338896527777,18.44754447925,0.0,0.0,0.0,0.0,0,night,0,0.0,0,2,1872.0747830955,0.0,19.080848647444444,0,0,0,0,0,0,0,0,0,0,0,0,0,0,0,0,0,0,0,0,0,0,0,0,0,0,0,0,0,0,0.0,0.0,0.0,0.0,0.0,0.0,0.0,0.0,0.0,0.0,0.0,0.0
roll_02,2025-12-08T00:00:00+00:00,2026-01-19T00:00:00+00:00,2026-01-19T00:00:00+00:00,2026-01-26T00:00:00+00:00,1,0,2025-12-24 20:00:00+00:00,2025-12-24 21:00:00+00:00,1582.4532101369998,2,1315.8552076638057,1872.0747830955,1130.735246179778,969.7319517724444,0,0,0,0,0,20,0.5000000000000001,-0.8660254037844386,0,0,12,6.273787361694445,9.539915983555554,6.366340664194445,8.78516129211111,19.15148693188889,18.60309431288889,19.080848647444444,19.152017655,0.0,0.0,0.0,0.0,0,night,0,0.0,0,2,969.7319517724444,0.0,19.15148693188889,0,0,0,0,0,0,0,0,0,0,0,0,0,0,0,0,0,0,0,0,0,0,0,0,0,0,0,0,0,0,0.0,0.0,0.0,0.0,0.0,0.0,0.0,0.0,0.0,0.0,0.0,0.0
roll_02,2025-12-08T00:00:00+00:00,2026-01-19T00:00:00+00:00,2026-01-19T00:00:00+00:00,2026-01-26T00:00:00+00:00,1,0,2025-12-24 21:00:00+00:00,2025-12-24 22:00:00+00:00,629.7415665210277,2,811.214521490611,969.7319517724444,699.9757219978055,1582.4532101369998,0,0,0,0,0,21,0.7071067811865474,-0.7071067811865477,0,0,12,6.069656110305555,9.519808640472222,6.273787361694445,8.975314061916666,19.504401006444443,19.068019110916666,19.15148693188889,19.56986868888889,0.0,0.0,0.0,0.0,0,night,0,0.0,0,2,1582.4532101369998,0.0,19.504401006444443,0,0,0,0,0,0,0,0,0,0,0,0,0,0,0,0,0,0,0,0,0,0,0,0,0,0,0,0,0,0,0.0,0.0,0.0,0.0,0.0,0.0,0.0,0.0,0.0,0.0,0.0,0.0
roll_02,2025-12-08T00:00:00+00:00,2026-01-19T00:00:00+00:00,2026-01-19T00:00:00+00:00,2026-01-26T00:00:00+00:00,1,0,2025-12-24 22:00:00+00:00,2025-12-24 23:00:00+00:00,527.2267066665278,2,451.9437548243056,1582.4532101369998,376.3393596876388,629.7415665210277,0,0,0,0,0,22,0.8660254037844384,-0.5000000000000004,0,0,12,5.778515208222223,9.58244833636111,6.069656110305555,9.03694580325,19.71244176363889,19.59357658025,19.504401006444443,19.54684440388889,0.0,0.0,0.0,0.0,0,night,0,0.0,0,2,629.7415665210277,0.0,19.71244176363889,0,0,0,0,0,0,0,0,0,0,0,0,0,0,0,0,0,0,0,0,0,0,0,0,0,0,0,0,0,0,0.0,0.0,0.0,0.0,0.0,0.0,0.0,0.0,0.0,1.0,0.0,0.0
roll_02,2025-12-08T00:00:00+00:00,2026-01-19T00:00:00+00:00,2026-01-19T00:00:00+00:00,2026-01-26T00:00:00+00:00,1,0,2025-12-24 23:00:00+00:00,2025-12-25 00:00:00+00:00,551.0307650970556,2,411.67823313691673,629.7415665210277,389.9834102413611,527.2267066665278,0,0,0,0,0,23,0.965925826289068,-0.2588190451025215,0,0,12,5.620502561444444,9.71701884561111,5.778515208222223,9.014495584722225,19.79432855925,19.76376788194444,19.71244176363889,19.75481239861111,0.0,0.0,0.0,0.0,0,night,0,0.0,0,2,527.2267066665278,0.0,19.79432855925,0,0,0,0,0,0,0,0,0,0,0,0,0,0,0,0,0,0,0,0,0,0,0,0,0,0,0,0,0,0,0.0,0.0,0.0,0.0,0.0,0.0,0.0,0.0,0.0,1.0,0.0,0.0
roll_02,2025-12-08T00:00:00+00:00,2026-01-19T00:00:00+00:00,2026-01-19T00:00:00+00:00,2026-01-26T00:00:00+00:00,1,0,2025-12-25 00:00:00+00:00,2025-12-25 01:00:00+00:00,494.6894752238056,3,406.4279552354444,527.2267066665278,378.09569447377777,551.0307650970556,0,0,0,1,0,0,1.0,0.0,1,0,12,5.567981027861111,9.80725732988889,5.620502561444444,8.89687604175,19.53780030163889,19.993892814972224,19.79432855925,19.948878169361112,0.0,0.0,0.0,0.0,0,night,0,0.0,0,2,551.0307650970556,,19.53780030163889,0,0,0,0,0,0,0,0,0,0,0,0,0,1,0,1,0,1,0,0,1,1,0,4,0,0,0,2,0,0,0.0,0.0,0.0,0.0,0.0,1.0,0.0,0.0,0.0,1.0,0.0,0.0
roll_02,2025-12-08T00:00:00+00:00,2026-01-19T00:00:00+00:00,2026-01-19T00:00:00+00:00,2026-01-26T00:00:00+00:00,1,0,2025-12-25 01:00:00+00:00,2025-12-25 02:00:00+00:00,452.1761779918889,3,398.8880847323612,551.0307650970556,383.7696310296666,494.6894752238056,0,0,0,1,0,1,0.9659258262890684,0.2588190451025207,1,0,12,5.783405874277778,9.819946735666669,5.567981027861111,8.386065871166666,19.71835555455556,19.87390577880556,19.53780030163889,20.228495966083333,0.0,0.0,0.0,0.0,0,night,0,0.0,0,2,494.6894752238056,,19.71835555455556,0,0,0,0,0,0,0,0,0,0,0,0,0,1,0,1,0,1,0,0,1,1,0,4,0,0,0,2,0,0,0.0,1.0,0.0,0.0,0.0,1.0,0.0,0.0,0.0,1.0,0.0,0.0
roll_02,2025-12-08T00:00:00+00:00,2026-01-19T00:00:00+00:00,2026-01-19T00:00:00+00:00,2026-01-26T00:00:00+00:00,1,0,2025-12-25 02:00:00+00:00,2025-12-25 03:00:00+00:00,472.5832681526111,3,396.3956834472778,494.6894752238056,418.8918845324167,452.1761779918889,0,0,0,1,0,2,0.8660254037844387,0.4999999999999999,1,0,12,5.655535364305556,9.71453655286111,5.783405874277778,7.902568219805556,20.011930167388886,20.041497725722223,19.71835555455556,20.142192982,0.0,0.0,0.0,0.0,0,night,0,0.0,0,2,452.1761779918889,,20.011930167388886,0,0,0,0,0,0,0,0,0,0,0,0,0,1,0,1,0,1,0,0,1,1,0,4,0,0,0,2,0,0,0.0,1.0,0.0,0.0,0.0,1.0,0.0,0.0,0.0,1.0,0.0,0.0
roll_02,2025-12-08T00:00:00+00:00,2026-01-19T00:00:00+00:00,2026-01-19T00:00:00+00:00,2026-01-26T00:00:00+00:00,1,0,2025-12-25 03:00:00+00:00,2025-12-25 04:00:00+00:00,1100.3267983698613,3,405.0478859450556,452.1761779918889,399.2935319488056,472.5832681526111,0,0,0,1,0,3,0.7071067811865476,0.7071067811865476,1,0,12,5.632691125416667,9.543924657055555,5.655535364305556,7.417889324527778,20.01775464297222,19.983023635916663,20.011930167388886,20.18077980916667,0.0,0.0,0.0,0.0,0,night,0,0.0,0,2,472.5832681526111,,20.01775464297222,0,0,0,0,0,0,0,0,0,0,0,0,0,1,0,1,0,1,0,0,1,1,0,4,0,0,0,2,0,0,0.0,1.0,0.0,0.0,0.0,0.0,0.0,0.0,0.0,1.0,0.0,0.0
roll_02,2025-12-08T00:00:00+00:00,2026-01-19T00:00:00+00:00,2026-01-19T00:00:00+00:00,2026-01-26T00:00:00+00:00,1,0,2025-12-25 04:00:00+00:00,2025-12-25 05:00:00+00:00,1970.1461483193327,3,1085.7380207168333,472.5832681526111,1006.3930387017222,1100.3267983698613,0,0,0,0,0,4,0.5000000000000001,0.8660254037844386,1,0,12,5.768857109361111,9.560316924638888,5.632691125416667,7.037807299888889,20.107173847,20.20734574236111,20.01775464297222,20.22260009213889,0.0,0.0,0.0,0.0,0,night,0,0.0,0,2,1100.3267983698613,0.0,20.107173847,0,0,0,0,0,0,0,0,0,0,0,0,0,0,0,0,0,0,0,0,0,0,0,0,0,0,0,0,0,0,0.0,1.0,0.0,0.0,0.0,0.0,0.0,0.0,0.0,0.0,0.0,0.0
roll_02,2025-12-08T00:00:00+00:00,2026-01-19T00:00:00+00:00,2026-01-19T00:00:00+00:00,2026-01-26T00:00:00+00:00,1,0,2025-12-25 05:00:00+00:00,2025-12-25 06:00:00+00:00,2028.2448190258056,3,2026.1247595632776,1100.3267983698613,1855.5064876439449,1970.1461483193327,0,0,0,0,0,5,0.2588190451025207,0.9659258262890684,1,0,12,5.754747474222223,9.430001262805556,5.768857109361111,6.481009209527778,20.109532447583334,20.109631335527776,20.107173847,20.388775333194445,0.0,0.0,0.0,0.0,0,night,0,0.0,0,2,1970.1461483193327,0.0,20.109532447583334,0,0,0,0,0,0,0,0,0,0,0,0,0,0,0,0,0,0,0,0,0,0,0,0,0,0,0,0,0,0,0.0,0.0,0.0,0.0,0.0,0.0,0.0,0.0,0.0,0.0,0.0,0.0
roll_02,2025-12-08T00:00:00+00:00,2026-01-19T00:00:00+00:00,2026-01-19T00:00:00+00:00,2026-01-26T00:00:00+00:00,1,0,2025-12-25 06:00:00+00:00,2025-12-25 07:00:00+00:00,879.7193390572778,3,2519.563161394084,1970.1461483193327,2491.247941928889,2028.2448190258056,0,0,0,0,0,6,6.123233995736766e-17,1.0,1,0,12,5.712526976361112,9.475737194611112,5.754747474222223,6.167251803666666,20.074440448666667,19.952241661444443,20.109532447583334,20.28959824063889,0.0,0.0,0.0,0.0,0,night,0,0.0,0,2,2028.2448190258056,0.0,20.074440448666667,0,0,0,0,0,0,0,0,0,0,0,0,0,0,0,0,0,0,0,0,0,0,0,0,0,0,0,0,0,0,0.0,0.0,0.0,0.0,0.0,0.0,0.0,0.0,0.0,0.0,0.0,0.0
roll_02,2025-12-08T00:00:00+00:00,2026-01-19T00:00:00+00:00,2026-01-19T00:00:00+00:00,2026-01-26T00:00:00+00:00,1,0,2025-12-25 07:00:00+00:00,2025-12-25 08:00:00+00:00,808.0054047523332,3,2347.0936061167777,2028.2448190258056,1559.761614589833,879.7193390572778,0,0,0,0,0,7,-0.2588190451025206,0.9659258262890684,1,0,12,5.5607409395,9.482690825166666,5.712526976361112,6.357743294111111,19.560818727388888,20.009633274416668,20.074440448666667,19.843642095666667,0.0,0.0,0.0,0.0,1,night,0,0.0,0,2,879.7193390572778,0.0,19.560818727388888,0,0,0,0,0,0,0,0,0,0,0,0,0,0,0,0,0,0,0,0,0,0,0,0,0,0,0,0,0,0,0.0,0.0,0.0,0.0,0.0,0.0,0.0,0.0,0.0,0.0,0.0,0.0
roll_02,2025-12-08T00:00:00+00:00,2026-01-19T00:00:00+00:00,2026-01-19T00:00:00+00:00,2026-01-26T00:00:00+00:00,1,0,2025-12-25 08:00:00+00:00,2025-12-25 09:00:00+00:00,734.6745907562778,3,1532.4942740178055,879.7193390572778,826.4675160729166,808.0054047523332,0,0,0,0,0,8,-0.4999999999999998,0.8660254037844387,1,0,12,5.717206842611112,9.580538793388888,5.5607409395,6.926437386416667,19.139017630138888,18.82227319452777,19.560818727388888,19.06407449175,12.183532587805557,0.0,0.0,12.521878989361111,1,low,0,0.0,0,2,808.0054047523332,12.183532587805557,19.139017630138888,0,0,0,0,0,0,0,0,0,0,0,0,0,0,0,0,0,0,0,0,0,0,0,0,0,0,0,0,0,0,0.0,0.0,0.0,0.0,0.0,0.0,0.0,0.0,0.0,0.0,0.0,0.0
roll_02,2025-12-08T00:00:00+00:00,2026-01-19T00:00:00+00:00,2026-01-19T00:00:00+00:00,2026-01-26T00:00:00+00:00,1,0,2025-12-25 09:00:00+00:00,2025-12-25 10:00:00+00:00,273.12538528038885,3,1285.6054235651388,808.0054047523332,3247.515085776833,734.6745907562778,0,0,0,0,0,9,-0.7071067811865475,0.7071067811865476,1,0,12,5.866232697249999,9.7064543585,5.717206842611112,7.618305967916666,19.330098098222223,18.51941210791667,19.139017630138888,19.41768402125,49.58208104308333,49.74789671472222,12.183532587805557,0.0,1,low,0,0.0,0,2,734.6745907562778,49.58208104308333,19.330098098222223,0,0,0,0,0,0,0,0,0,0,0,0,0,0,0,0,0,0,0,0,0,0,0,0,0,0,0,0,0,0,0.0,0.0,0.0,0.0,0.0,0.0,0.0,0.0,0.0,0.0,0.0,0.0
roll_02,2025-12-08T00:00:00+00:00,2026-01-19T00:00:00+00:00,2026-01-19T00:00:00+00:00,2026-01-26T00:00:00+00:00,1,0,2025-12-25 10:00:00+00:00,2025-12-25 11:00:00+00:00,203.4884946311112,3,971.0862142291388,734.6745907562778,1889.7759791408887,273.12538528038885,0,0,0,0,0,10,-0.8660254037844387,0.4999999999999999,1,0,12,6.196298085388889,10.616049575833332,5.866232697249999,7.637087286444444,19.233146393805555,19.1782505705,19.330098098222223,19.21105774675,35.06738358872223,179.62243284575,49.58208104308333,0.0,1,low,0,0.0,0,2,273.12538528038885,35.06738358872223,19.233146393805555,0,0,0,0,0,0,0,0,0,0,0,0,0,0,0,0,0,0,0,0,0,0,0,0,0,0,0,0,0,0,0.0,0.0,0.0,0.0,0.0,0.0,0.0,0.0,0.0,0.0,0.0,0.0
roll_02,2025-12-08T00:00:00+00:00,2026-01-19T00:00:00+00:00,2026-01-19T00:00:00+00:00,2026-01-26T00:00:00+00:00,1,0,2025-12-25 11:00:00+00:00,2025-12-25 12:00:00+00:00,213.1774786964444,3,574.2457965910278,273.12538528038885,1949.928093745111,203.4884946311112,0,0,0,0,0,11,-0.9659258262890682,0.258819045102521,1,0,12,6.489722507111111,11.17507976411111,6.196298085388889,7.561001204805556,19.34449259097222,18.70868807372222,19.233146393805555,18.911001597,95.87598329066668,287.5595732663889,35.06738358872223,0.0,1,low,0,0.0,0,2,203.4884946311112,95.87598329066668,19.34449259097222,0,0,0,0,0,0,0,0,0,0,0,0,0,0,0,0,0,0,0,0,0,0,0,0,0,0,0,0,0,0,0.0,0.0,0.0,0.0,0.0,0.0,0.0,0.0,0.0,0.0,0.0,0.0
roll_02,2025-12-08T00:00:00+00:00,2026-01-19T00:00:00+00:00,2026-01-19T00:00:00+00:00,2026-01-26T00:00:00+00:00,1,0,2025-12-25 12:00:00+00:00,2025-12-25 13:00:00+00:00,139.32718637472223,3,799.2898815038334,203.4884946311112,1215.182916678889,213.1774786964444,0,0,0,0,0,12,-1.0,1.2246467991473532e-16,1,0,12,6.986889932611111,11.850099719833333,6.489722507111111,7.322922414583334,19.48062346113889,18.89783468041667,19.34449259097222,18.72064065355556,95.16729390283332,190.2800617096944,95.87598329066668,29.45281187836112,1,low,0,0.0,0,2,213.1774786964444,95.16729390283332,19.48062346113889,0,0,0,0,0,0,0,0,0,0,0,0,0,0,0,0,0,0,0,0,0,0,0,0,0,0,0,0,0,0,0.0,0.0,0.0,0.0,0.0,0.0,0.0,0.0,0.0,0.0,0.0,0.0
roll_02,2025-12-08T00:00:00+00:00,2026-01-19T00:00:00+00:00,2026-01-19T00:00:00+00:00,2026-01-26T00:00:00+00:00,1,0,2025-12-25 13:00:00+00:00,2025-12-25 14:00:00+00:00,168.35573729874997,3,1525.6848601925,213.1774786964444,1012.8845243609724,139.32718637472223,0,0,0,0,0,13,-0.9659258262890684,-0.2588190451025208,1,0,12,6.925788954666667,11.755758904944445,6.986889932611111,7.126908433583334,19.597929033944443,18.989761126083334,19.48062346113889,18.63990130919445,178.75343296949998,15.800270047833331,95.16729390283332,24.64718299763889,1,low,0,0.0,0,2,139.32718637472223,178.75343296949998,19.597929033944443,0,0,0,0,0,0,0,0,0,0,0,0,0,0,0,0,0,0,0,0,0,0,0,0,0,0,0,0,0,0,0.0,0.0,0.0,0.0,0.0,0.0,0.0,0.0,0.0,0.0,0.0,0.0
roll_02,2025-12-08T00:00:00+00:00,2026-01-19T00:00:00+00:00,2026-01-19T00:00:00+00:00,2026-01-26T00:00:00+00:00,1,0,2025-12-25 14:00:00+00:00,2025-12-25 15:00:00+00:00,306.2390131795,3,768.8184228760556,139.32718637472223,1531.7967927849445,168.35573729874997,0,0,0,0,0,14,-0.8660254037844388,-0.4999999999999997,1,0,12,7.152525847611112,11.474978319305556,6.925788954666667,6.848041679055555,19.40969440527778,18.503302493166668,19.597929033944443,18.716828187972222,134.26993249369443,0.0,178.75343296949998,0.0,1,low,0,0.0,0,2,168.35573729874997,134.26993249369443,19.40969440527778,0,0,0,0,0,0,0,0,0,0,0,0,0,0,0,0,0,0,0,0,0,0,0,0,0,0,0,0,0,0,0.0,0.0,0.0,0.0,0.0,0.0,0.0,0.0,0.0,0.0,0.0,0.0
roll_02,2025-12-08T00:00:00+00:00,2026-01-19T00:00:00+00:00,2026-01-19T00:00:00+00:00,2026-01-26T00:00:00+00:00,1,0,2025-12-25 15:00:00+00:00,2025-12-25 16:00:00+00:00,334.8540183552778,3,1814.4998728323053,168.35573729874997,2016.5231686905,306.2390131795,0,0,0,0,0,15,-0.7071067811865479,-0.7071067811865471,1,0,12,7.1874791939166665,10.975676959722222,7.152525847611112,6.680163213972222,19.23301866641667,18.96069717208333,19.40969440527778,18.363643917194445,0.0,0.0,134.26993249369443,0.0,1,night,0,0.0,0,2,306.2390131795,0.0,19.23301866641667,0,0,0,0,0,0,0,0,0,0,0,0,0,0,0,0,0,0,0,0,0,0,0,0,0,0,0,0,0,0,0.0,0.0,0.0,0.0,0.0,0.0,0.0,0.0,0.0,0.0,0.0,0.0
roll_02,2025-12-08T00:00:00+00:00,2026-01-19T00:00:00+00:00,2026-01-19T00:00:00+00:00,2026-01-26T00:00:00+00:00,1,0,2025-12-25 16:00:00+00:00,2025-12-25 17:00:00+00:00,371.70330651025,3,1876.834742669556,306.2390131795,1121.040564713722,334.8540183552778,0,0,0,0,0,16,-0.5000000000000004,-0.8660254037844385,1,0,12,7.0842419303333335,10.78438392236111,7.1874791939166665,6.514115881166667,19.217344851277776,19.801417764472223,19.23301866641667,18.99384087216667,0.0,0.0,0.0,0.0,0,night,0,0.0,0,2,334.8540183552778,0.0,19.217344851277776,0,0,0,0,0,0,0,0,0,0,0,0,0,0,0,0,0,0,0,0,0,0,0,0,0,0,0,0,0,0,0.0,0.0,0.0,0.0,0.0,0.0,0.0,0.0,0.0,0.0,0.0,0.0
roll_02,2025-12-08T00:00:00+00:00,2026-01-19T00:00:00+00:00,2026-01-19T00:00:00+00:00,2026-01-26T00:00:00+00:00,1,0,2025-12-25 17:00:00+00:00,2025-12-25 18:00:00+00:00,364.3684724398611,3,1297.5541581964444,334.8540183552778,1232.2729358373888,371.70330651025,0,0,0,0,0,17,-0.2588190451025206,-0.9659258262890684,1,0,12,6.941521985666667,10.584001058666669,7.0842419303333335,6.4729280674166665,19.40386844277777,19.49294520408333,19.217344851277776,18.72018167236111,0.0,0.0,0.0,0.0,0,night,0,0.0,0,2,371.70330651025,0.0,19.40386844277777,0,0,0,0,0,0,0,0,0,0,0,0,0,0,0,0,0,0,0,0,0,0,0,0,0,0,0,0,0,0,0.0,0.0,0.0,0.0,0.0,0.0,0.0,0.0,0.0,0.0,0.0,0.0
roll_02,2025-12-08T00:00:00+00:00,2026-01-19T00:00:00+00:00,2026-01-19T00:00:00+00:00,2026-01-26T00:00:00+00:00,1,0,2025-12-25 18:00:00+00:00,2025-12-25 19:00:00+00:00,383.1270605152778,3,884.5934630057777,371.70330651025,1296.7953170456944,364.3684724398611,0,0,0,1,0,18,-1.8369701987210294e-16,-1.0,1,0,12,6.686145449833333,10.765044316138887,6.941521985666667,6.436226986305556,19.4613952195,19.239708441694443,19.40386844277777,18.917338896527777,0.0,0.0,0.0,0.0,0,night,0,0.0,0,2,364.3684724398611,,19.4613952195,0,0,0,0,0,0,0,0,0,0,0,0,0,1,0,1,0,1,0,0,1,1,0,13,0,0,0,4,0,0,0.0,0.0,0.0,0.0,0.0,0.0,0.0,0.0,0.0,0.0,0.0,0.0
roll_02,2025-12-08T00:00:00+00:00,2026-01-19T00:00:00+00:00,2026-01-19T00:00:00+00:00,2026-01-26T00:00:00+00:00,1,0,2025-12-25 19:00:00+00:00,2025-12-25 20:00:00+00:00,365.4152059065278,3,948.7998252662222,364.3684724398611,1872.0747830955,383.1270605152778,0,0,0,1,0,19,0.2588190451025203,-0.9659258262890684,1,0,12,6.516462323472222,10.568735363194444,6.686145449833333,6.366340664194445,19.47253033913889,19.98586558097222,19.4613952195,19.080848647444444,0.0,0.0,0.0,0.0,0,night,0,0.0,0,2,383.1270605152778,,19.47253033913889,0,0,0,0,0,0,0,0,0,0,0,0,0,1,0,1,0,1,0,0,1,1,0,13,0,0,0,4,0,0,0.0,1.0,0.0,0.0,0.0,0.0,0.0,0.0,0.0,0.0,0.0,0.0
roll_02,2025-12-08T00:00:00+00:00,2026-01-19T00:00:00+00:00,2026-01-19T00:00:00+00:00,2026-01-26T00:00:00+00:00,1,0,2025-12-25 20:00:00+00:00,2025-12-25 21:00:00+00:00,360.5568770970556,3,638.0101264073055,383.1270605152778,969.7319517724444,365.4152059065278,0,0,0,1,0,20,0.5000000000000001,-0.8660254037844386,1,0,12,6.496781272361112,10.39765367338889,6.516462323472222,6.273787361694445,19.363060626777777,20.04145478802777,19.47253033913889,19.15148693188889,0.0,0.0,0.0,0.0,0,night,0,0.0,0,2,365.4152059065278,,19.363060626777777,0,0,0,0,0,0,0,0,0,0,0,0,0,1,0,1,0,1,0,0,1,1,0,13,0,0,0,4,0,0,0.0,1.0,0.0,0.0,0.0,0.0,0.0,0.0,0.0,0.0,0.0,0.0
roll_02,2025-12-08T00:00:00+00:00,2026-01-19T00:00:00+00:00,2026-01-19T00:00:00+00:00,2026-01-26T00:00:00+00:00,1,0,2025-12-25 21:00:00+00:00,2025-12-25 22:00:00+00:00,362.5302542375,3,573.7106781378055,365.4152059065278,1582.4532101369998,360.5568770970556,0,0,0,1,0,21,0.7071067811865474,-0.7071067811865477,1,0,12,6.571947897972223,10.270174749361113,6.496781272361112,6.069656110305555,19.54155768613889,20.28543574972222,19.363060626777777,19.504401006444443,0.0,0.0,0.0,0.0,0,night,0,0.0,0,2,360.5568770970556,,19.54155768613889,0,0,0,0,0,0,0,0,0,0,0,0,0,1,0,1,0,1,0,0,1,1,0,13,0,0,0,4,0,0,0.0,1.0,0.0,0.0,0.0,0.0,0.0,0.0,0.0,0.0,0.0,0.0
roll_02,2025-12-08T00:00:00+00:00,2026-01-19T00:00:00+00:00,2026-01-19T00:00:00+00:00,2026-01-26T00:00:00+00:00,1,0,2025-12-25 22:00:00+00:00,2025-12-25 23:00:00+00:00,369.0312427880278,3,3023.5129333686946,360.5568770970556,629.7415665210277,362.5302542375,0,0,0,1,0,22,0.8660254037844384,-0.5000000000000004,1,0,12,6.381870347055556,10.337083920222222,6.571947897972223,5.778515208222223,19.67260905063889,19.274277902694447,19.54155768613889,19.71244176363889,0.0,0.0,0.0,0.0,0,night,0,0.0,0,2,362.5302542375,,19.67260905063889,0,0,0,0,0,0,0,0,0,0,0,0,0,1,0,1,0,1,0,0,1,1,0,13,0,0,0,4,0,0,0.0,1.0,0.0,0.0,0.0,0.0,0.0,0.0,0.0,0.0,0.0,0.0
roll_02,2025-12-08T00:00:00+00:00,2026-01-19T00:00:00+00:00,2026-01-19T00:00:00+00:00,2026-01-26T00:00:00+00:00,1,0,2025-12-25 23:00:00+00:00,2025-12-26 00:00:00+00:00,374.48492754975,3,2569.413225884028,362.5302542375,527.2267066665278,369.0312427880278,0,0,0,1,0,23,0.965925826289068,-0.2588190451025215,1,0,12,6.339058653666666,10.237476895416668,6.381870347055556,5.620502561444444,19.868561292666666,19.359192366027777,19.67260905063889,19.79432855925,0.0,0.0,0.0,0.0,0,night,0,0.0,0,2,369.0312427880278,,19.868561292666666,0,0,0,0,0,0,0,0,0,0,0,0,0,1,0,1,0,1,0,0,1,1,0,13,0,0,0,4,0,0,0.0,1.0,0.0,0.0,0.0,0.0,0.0,0.0,0.0,0.0,0.0,0.0
roll_02,2025-12-08T00:00:00+00:00,2026-01-19T00:00:00+00:00,2026-01-19T00:00:00+00:00,2026-01-26T00:00:00+00:00,1,0,2025-12-26 00:00:00+00:00,2025-12-26 01:00:00+00:00,387.8320924910278,4,2487.9553066196663,369.0312427880278,551.0307650970556,374.48492754975,0,0,0,1,0,0,1.0,0.0,1,0,12,6.262584749833334,10.1275081405,6.339058653666666,5.567981027861111,20.35599298094445,19.832021533972224,19.868561292666666,19.53780030163889,0.0,0.0,0.0,0.0,0,night,0,0.0,0,2,374.48492754975,,20.35599298094445,0,0,0,0,0,0,0,0,0,0,0,0,0,0,1,1,0,1,0,0,1,1,0,13,0,0,0,4,0,0,0.0,1.0,0.0,0.0,0.0,1.0,0.0,0.0,0.0,0.0,0.0,0.0
roll_02,2025-12-08T00:00:00+00:00,2026-01-19T00:00:00+00:00,2026-01-19T00:00:00+00:00,2026-01-26T00:00:00+00:00,1,0,2025-12-26 01:00:00+00:00,2025-12-26 02:00:00+00:00,365.5112655888889,4,2502.429875326167,374.48492754975,494.6894752238056,387.8320924910278,0,0,0,1,0,1,0.9659258262890684,0.2588190451025207,1,0,12,6.332540652916666,10.039828737222225,6.262584749833334,5.783405874277778,20.408810019,20.113916255,20.35599298094445,19.71835555455556,0.0,0.0,0.0,0.0,0,night,0,0.0,0,2,387.8320924910278,,20.408810019,0,0,0,0,0,0,0,0,0,0,0,0,0,0,1,1,0,1,0,0,1,1,0,13,0,0,0,4,0,0,0.0,1.0,0.0,0.0,0.0,1.0,0.0,0.0,0.0,0.0,0.0,0.0
roll_02,2025-12-08T00:00:00+00:00,2026-01-19T00:00:00+00:00,2026-01-19T00:00:00+00:00,2026-01-26T00:00:00+00:00,1,0,2025-12-26 02:00:00+00:00,2025-12-26 03:00:00+00:00,364.1605960607778,4,2668.305668073305,387.8320924910278,452.1761779918889,365.5112655888889,0,0,0,1,0,2,0.8660254037844387,0.4999999999999999,1,0,12,5.844343312722223,9.899981528527778,6.332540652916666,5.655535364305556,20.206702712416668,19.973235468638887,20.408810019,20.011930167388886,0.0,0.0,0.0,0.0,0,night,0,0.0,0,2,365.5112655888889,,20.206702712416668,0,0,0,0,0,0,0,0,0,0,0,0,0,0,1,1,0,1,0,0,1,1,0,13,0,0,0,4,0,0,0.0,1.0,0.0,0.0,0.0,1.0,0.0,0.0,0.0,0.0,0.0,0.0
roll_02,2025-12-08T00:00:00+00:00,2026-01-19T00:00:00+00:00,2026-01-19T00:00:00+00:00,2026-01-26T00:00:00+00:00,1,0,2025-12-26 03:00:00+00:00,2025-12-26 04:00:00+00:00,385.59658437175,4,2968.743152391,365.5112655888889,472.5832681526111,364.1605960607778,0,0,0,1,0,3,0.7071067811865476,0.7071067811865476,1,0,12,5.404247100611111,9.928035641555557,5.844343312722223,5.632691125416667,20.52404850194445,19.75117515538889,20.206702712416668,20.01775464297222,0.0,0.0,0.0,0.0,0,night,0,0.0,0,2,364.1605960607778,,20.52404850194445,0,0,0,0,0,0,0,0,0,0,0,0,0,0,1,1,0,1,0,0,1,1,0,13,0,0,0,4,0,0,0.0,1.0,0.0,0.0,0.0,1.0,0.0,0.0,0.0,0.0,0.0,0.0
roll_02,2025-12-08T00:00:00+00:00,2026-01-19T00:00:00+00:00,2026-01-19T00:00:00+00:00,2026-01-26T00:00:00+00:00,1,0,2025-12-26 04:00:00+00:00,2025-12-26 05:00:00+00:00,420.4165886273056,4,3592.3148819176945,364.1605960607778,1100.3267983698613,385.59658437175,0,0,0,1,0,4,0.5000000000000001,0.8660254037844386,1,0,12,5.096360487666667,9.94055650663889,5.404247100611111,5.768857109361111,20.33921269988889,20.00976105536111,20.52404850194445,20.107173847,0.0,0.0,0.0,0.0,0,night,0,0.0,0,2,385.59658437175,,20.33921269988889,0,0,0,0,0,0,0,0,0,0,0,0,0,0,1,1,0,1,0,0,1,1,0,13,0,0,0,4,0,0,0.0,1.0,0.0,0.0,0.0,0.0,0.0,0.0,0.0,0.0,0.0,0.0
roll_02,2025-12-08T00:00:00+00:00,2026-01-19T00:00:00+00:00,2026-01-19T00:00:00+00:00,2026-01-26T00:00:00+00:00,1,0,2025-12-26 05:00:00+00:00,2025-12-26 06:00:00+00:00,376.4616061064445,4,4079.186190459945,385.59658437175,1970.1461483193327,420.4165886273056,0,0,0,1,0,5,0.2588190451025207,0.9659258262890684,1,0,12,4.360605982305556,9.8378131105,5.096360487666667,5.754747474222223,20.16275633988889,19.97939952536112,20.33921269988889,20.109532447583334,0.0,0.0,0.0,0.0,0,night,0,0.0,0,1,420.4165886273056,,20.16275633988889,0,0,0,0,0,0,0,0,0,0,0,0,0,0,1,1,0,1,0,0,1,1,0,13,0,0,0,4,0,0,0.0,1.0,0.0,0.0,0.0,0.0,0.0,0.0,0.0,0.0,0.0,0.0
roll_02,2025-12-08T00:00:00+00:00,2026-01-19T00:00:00+00:00,2026-01-19T00:00:00+00:00,2026-01-26T00:00:00+00:00,1,0,2025-12-26 06:00:00+00:00,2025-12-26 07:00:00+00:00,287.80127618091666,4,4084.648992277029,420.4165886273056,2028.2448190258056,376.4616061064445,0,0,0,1,0,6,6.123233995736766e-17,1.0,1,0,12,4.00356667175,9.905384346388889,4.360605982305556,5.712526976361112,19.755156399222223,19.336259276916667,20.16275633988889,20.074440448666667,0.0,0.0,0.0,0.0,0,night,0,0.0,0,1,376.4616061064445,,19.755156399222223,0,0,0,0,0,0,0,0,0,0,0,0,0,0,1,1,0,1,0,0,1,1,0,13,0,0,0,4,0,0,0.0,1.0,0.0,0.0,0.0,0.0,0.0,0.0,0.0,0.0,0.0,0.0
roll_02,2025-12-08T00:00:00+00:00,2026-01-19T00:00:00+00:00,2026-01-19T00:00:00+00:00,2026-01-26T00:00:00+00:00,1,0,2025-12-26 07:00:00+00:00,2025-12-26 08:00:00+00:00,-0.1767148733333444,4,4089.759924405639,376.4616061064445,879.7193390572778,287.80127618091666,0,0,0,0,0,7,-0.2588190451025206,0.9659258262890684,1,0,12,4.189480604805556,10.075063539166663,4.00356667175,5.5607409395,19.534980810972225,19.056086984444445,19.755156399222223,19.560818727388888,0.0,0.0,0.0,0.0,1,night,0,0.0,0,1,287.80127618091666,0.0,19.534980810972225,0,0,0,0,0,0,0,0,0,0,0,0,0,0,0,0,0,0,0,0,0,0,0,0,0,0,0,0,0,0,0.0,1.0,0.0,0.0,0.0,0.0,0.0,0.0,0.0,0.0,0.0,0.0
roll_02,2025-12-08T00:00:00+00:00,2026-01-19T00:00:00+00:00,2026-01-19T00:00:00+00:00,2026-01-26T00:00:00+00:00,1,0,2025-12-26 08:00:00+00:00,2025-12-26 09:00:00+00:00,-532.5871850158611,4,2369.9299930972497,287.80127618091666,808.0054047523332,-0.1767148733333444,0,1,0,0,0,8,-0.4999999999999998,0.8660254037844387,1,0,12,4.7641803136666665,10.39773057163889,4.189480604805556,5.717206842611112,19.32272638252778,17.96045944975,19.534980810972225,19.139017630138888,307.0898960351111,50.96614975133334,0.0,12.183532587805557,1,low,0,0.0,0,1,-0.1767148733333444,307.0898960351111,19.32272638252778,0,0,0,0,0,0,0,0,0,0,0,0,0,0,0,0,0,0,0,0,0,0,0,0,0,0,0,0,0,0,0.0,0.0,0.0,0.0,0.0,0.0,0.0,0.0,0.0,0.0,0.0,0.0
roll_02,2025-12-08T00:00:00+00:00,2026-01-19T00:00:00+00:00,2026-01-19T00:00:00+00:00,2026-01-26T00:00:00+00:00,1,0,2025-12-26 09:00:00+00:00,2025-12-26 10:00:00+00:00,-876.3846029583055,4,1676.48737852625,-0.1767148733333444,734.6745907562778,-532.5871850158611,0,1,0,0,0,9,-0.7071067811865475,0.7071067811865476,1,0,12,6.197449885249999,10.531381173138888,4.7641803136666665,5.866232697249999,20.59693413080556,19.49918153508333,19.32272638252778,19.330098098222223,859.9914983160279,94.02738055927776,307.0898960351111,49.58208104308333,1,med,0,0.0,0,2,-532.5871850158611,859.9914983160279,20.59693413080556,0,0,0,0,0,0,0,0,0,0,0,0,0,0,0,0,0,0,0,0,0,0,0,0,0,0,0,0,0,0,0.0,0.0,0.0,0.0,0.0,0.0,0.0,0.0,0.0,0.0,0.0,0.0
roll_02,2025-12-08T00:00:00+00:00,2026-01-19T00:00:00+00:00,2026-01-19T00:00:00+00:00,2026-01-26T00:00:00+00:00,1,0,2025-12-26 10:00:00+00:00,2025-12-26 11:00:00+00:00,-725.7979384745,4,1620.2042637022498,-532.5871850158611,273.12538528038885,-876.3846029583055,0,1,0,0,0,10,-0.8660254037844387,0.4999999999999999,1,0,12,7.543283484833332,10.828928007611111,6.197449885249999,6.196298085388889,24.94451207575,19.01355631688889,20.59693413080556,19.233146393805555,1245.357692716639,142.40480773033332,859.9914983160279,35.06738358872223,1,high,0,0.0,0,2,-876.3846029583055,1245.357692716639,24.94451207575,0,0,0,0,0,0,0,0,0,0,0,0,0,0,0,0,0,0,0,0,0,0,0,0,0,0,0,0,0,0,0.0,0.0,0.0,0.0,0.0,0.0,0.0,0.0,0.0,0.0,0.0,0.0
roll_02,2025-12-08T00:00:00+00:00,2026-01-19T00:00:00+00:00,2026-01-19T00:00:00+00:00,2026-01-26T00:00:00+00:00,1,0,2025-12-26 11:00:00+00:00,2025-12-26 12:00:00+00:00,-832.3112156383057,4,1.1544469997777709,-876.3846029583055,203.4884946311112,-725.7979384745,0,1,0,0,0,11,-0.9659258262890682,0.258819045102521,1,0,12,8.446042897666667,11.412507820361112,7.543283484833332,6.489722507111111,20.691055993194443,19.35391335111112,24.94451207575,19.34449259097222,1088.262104167889,323.776244954,1245.357692716639,95.87598329066668,1,med,0,0.0,0,2,-725.7979384745,1088.262104167889,20.691055993194443,0,0,0,0,0,0,0,0,0,0,0,0,0,0,0,0,0,0,0,0,0,0,0,0,0,0,0,0,0,0,0.0,0.0,0.0,0.0,0.0,0.0,0.0,0.0,0.0,0.0,0.0,0.0
roll_02,2025-12-08T00:00:00+00:00,2026-01-19T00:00:00+00:00,2026-01-19T00:00:00+00:00,2026-01-26T00:00:00+00:00,1,0,2025-12-26 12:00:00+00:00,2025-12-26 13:00:00+00:00,-109.47741779458336,4,98.64931202419444,-725.7979384745,213.1774786964444,-832.3112156383057,0,1,0,0,0,12,-1.0,1.2246467991473532e-16,1,0,12,9.382899696166666,11.80873808425,8.446042897666667,6.986889932611111,20.483483727333333,18.786995528777776,20.691055993194443,19.48062346113889,1197.867971665,240.77199016391668,1088.262104167889,95.16729390283332,1,med,0,0.0,0,2,-832.3112156383057,1197.867971665,20.483483727333333,0,0,0,0,0,0,0,0,0,0,0,0,0,0,0,0,0,0,0,0,0,0,0,0,0,0,0,0,0,0,0.0,0.0,0.0,0.0,0.0,0.0,0.0,0.0,0.0,0.0,0.0,0.0
roll_02,2025-12-08T00:00:00+00:00,2026-01-19T00:00:00+00:00,2026-01-19T00:00:00+00:00,2026-01-26T00:00:00+00:00,1,0,2025-12-26 13:00:00+00:00,2025-12-26 14:00:00+00:00,311.7122178043333,4,512.3507727890278,-832.3112156383057,139.32718637472223,-109.47741779458336,0,1,0,0,0,13,-0.9659258262890684,-0.2588190451025208,1,0,12,9.893402413277778,11.440597359583334,9.382899696166666,6.925788954666667,19.603553127,19.149447489333333,20.483483727333333,19.597929033944443,443.5385547576389,383.8729831872223,1197.867971665,178.75343296949998,1,med,0,0.0,0,2,-109.47741779458336,443.5385547576389,19.603553127,0,0,0,0,0,0,0,0,0,0,0,0,0,0,0,0,0,0,0,0,0,0,0,0,0,0,0,0,0,0,0.0,0.0,0.0,0.0,0.0,0.0,0.0,0.0,0.0,0.0,0.0,0.0
roll_02,2025-12-08T00:00:00+00:00,2026-01-19T00:00:00+00:00,2026-01-19T00:00:00+00:00,2026-01-26T00:00:00+00:00,1,0,2025-12-26 14:00:00+00:00,2025-12-26 15:00:00+00:00,316.60429390419444,4,927.8153868753888,-109.47741779458336,168.35573729874997,311.7122178043333,0,0,0,0,0,14,-0.8660254037844388,-0.4999999999999997,1,0,12,9.080929092722222,11.142632974694443,9.893402413277778,7.152525847611112,18.710155769472223,19.22388595247222,19.603553127,19.40969440527778,0.0,82.65861460602778,443.5385547576389,134.26993249369443,1,night,0,0.0,0,2,311.7122178043333,0.0,18.710155769472223,0,0,0,0,0,0,0,0,0,0,0,0,0,0,0,0,0,0,0,0,0,0,0,0,0,0,0,0,0,0,0.0,0.0,0.0,0.0,0.0,0.0,0.0,0.0,0.0,0.0,0.0,0.0
roll_02,2025-12-08T00:00:00+00:00,2026-01-19T00:00:00+00:00,2026-01-19T00:00:00+00:00,2026-01-26T00:00:00+00:00,1,0,2025-12-26 15:00:00+00:00,2025-12-26 16:00:00+00:00,332.65083378436105,4,744.7131270646665,311.7122178043333,306.2390131795,316.60429390419444,0,0,0,0,0,15,-0.7071067811865479,-0.7071067811865471,1,0,12,8.495916115888889,10.817493563527778,9.080929092722222,7.1874791939166665,19.22582074963889,18.786613749388888,18.710155769472223,19.23301866641667,0.0,0.0,0.0,0.0,1,night,0,0.0,0,2,316.60429390419444,0.0,19.22582074963889,0,0,0,0,0,0,0,0,0,0,0,0,0,0,0,0,0,0,0,0,0,0,0,0,0,0,0,0,0,0,0.0,0.0,0.0,0.0,0.0,0.0,0.0,0.0,0.0,0.0,0.0,0.0
roll_02,2025-12-08T00:00:00+00:00,2026-01-19T00:00:00+00:00,2026-01-19T00:00:00+00:00,2026-01-26T00:00:00+00:00,1,0,2025-12-26 16:00:00+00:00,2025-12-26 17:00:00+00:00,369.5874189399167,4,1355.7343531453057,316.60429390419444,334.8540183552778,332.65083378436105,0,0,0,0,0,16,-0.5000000000000004,-0.8660254037844385,1,0,12,7.8576460065,10.560761300972224,8.495916115888889,7.0842419303333335,19.73790011705556,19.144331290305555,19.22582074963889,19.217344851277776,0.0,0.0,0.0,0.0,0,night,0,0.0,0,2,332.65083378436105,0.0,19.73790011705556,0,0,0,0,0,0,0,0,0,0,0,0,0,0,0,0,0,0,0,0,0,0,0,0,0,0,0,0,0,0,0.0,0.0,0.0,0.0,0.0,0.0,0.0,0.0,0.0,0.0,0.0,0.0
roll_02,2025-12-08T00:00:00+00:00,2026-01-19T00:00:00+00:00,2026-01-19T00:00:00+00:00,2026-01-26T00:00:00+00:00,1,0,2025-12-26 17:00:00+00:00,2025-12-26 18:00:00+00:00,363.8353592297778,4,706.8007177464166,332.65083378436105,371.70330651025,369.5874189399167,0,0,0,1,0,17,-0.2588190451025206,-0.9659258262890684,1,0,12,7.53156285775,10.37761738488889,7.8576460065,6.941521985666667,19.637948138,18.605188644972223,19.73790011705556,19.40386844277777,0.0,0.0,0.0,0.0,0,night,0,0.0,0,2,369.5874189399167,,19.637948138,0,0,0,0,0,0,0,0,0,0,0,0,0,1,0,1,0,1,0,0,1,1,0,10,0,0,0,3,0,0,0.0,0.0,0.0,0.0,0.0,0.0,0.0,0.0,0.0,0.0,0.0,0.0
roll_02,2025-12-08T00:00:00+00:00,2026-01-19T00:00:00+00:00,2026-01-19T00:00:00+00:00,2026-01-26T00:00:00+00:00,1,0,2025-12-26 18:00:00+00:00,2025-12-26 19:00:00+00:00,367.57673683502776,4,741.9079327092222,369.5874189399167,364.3684724398611,363.8353592297778,0,0,0,1,0,18,-1.8369701987210294e-16,-1.0,1,0,12,7.413109542805556,10.259018782388887,7.53156285775,6.686145449833333,19.10039354783333,18.745317918583336,19.637948138,19.4613952195,0.0,0.0,0.0,0.0,0,night,0,0.0,0,2,363.8353592297778,,19.10039354783333,0,0,0,0,0,0,0,0,0,0,0,0,0,1,0,1,0,1,0,0,1,1,0,10,0,0,0,3,0,0,0.0,1.0,0.0,0.0,0.0,1.0,0.0,0.0,0.0,0.0,0.0,0.0
roll_02,2025-12-08T00:00:00+00:00,2026-01-19T00:00:00+00:00,2026-01-19T00:00:00+00:00,2026-01-26T00:00:00+00:00,1,0,2025-12-26 19:00:00+00:00,2025-12-26 20:00:00+00:00,380.7065329344444,4,878.0051954133611,363.8353592297778,383.1270605152778,367.57673683502776,0,0,0,1,0,19,0.2588190451025203,-0.9659258262890684,1,0,12,7.229570312222222,10.379846710472222,7.413109542805556,6.516462323472222,19.61626683691667,19.27836837580556,19.10039354783333,19.47253033913889,0.0,0.0,0.0,0.0,0,night,0,0.0,0,2,367.57673683502776,,19.61626683691667,0,0,0,0,0,0,0,0,0,0,0,0,0,1,0,1,0,1,0,0,1,1,0,10,0,0,0,3,0,0,0.0,1.0,0.0,0.0,0.0,1.0,0.0,0.0,0.0,1.0,0.0,0.0
roll_02,2025-12-08T00:00:00+00:00,2026-01-19T00:00:00+00:00,2026-01-19T00:00:00+00:00,2026-01-26T00:00:00+00:00,1,0,2025-12-26 20:00:00+00:00,2025-12-26 21:00:00+00:00,366.4425134052223,4,1170.7592705069444,367.57673683502776,365.4152059065278,380.7065329344444,0,0,0,1,0,20,0.5000000000000001,-0.8660254037844386,1,0,12,6.905029185888889,10.253108290194444,7.229570312222222,6.496781272361112,19.56436524752778,19.04649027861111,19.61626683691667,19.363060626777777,0.0,0.0,0.0,0.0,0,night,0,0.0,0,2,380.7065329344444,,19.56436524752778,0,0,0,0,0,0,0,0,0,0,0,0,0,1,0,1,0,1,0,0,1,1,0,10,0,0,0,3,0,0,0.0,1.0,0.0,0.0,0.0,1.0,0.0,0.0,0.0,1.0,0.0,0.0
roll_02,2025-12-08T00:00:00+00:00,2026-01-19T00:00:00+00:00,2026-01-19T00:00:00+00:00,2026-01-26T00:00:00+00:00,1,0,2025-12-26 21:00:00+00:00,2025-12-26 22:00:00+00:00,362.9883982248612,4,2527.8785573511664,380.7065329344444,360.5568770970556,366.4425134052223,0,0,0,1,0,21,0.7071067811865474,-0.7071067811865477,1,0,12,5.742414153916667,10.258555796444446,6.905029185888889,6.571947897972223,19.927811801944443,18.78757787975,19.56436524752778,19.54155768613889,0.0,0.0,0.0,0.0,0,night,0,0.0,0,2,366.4425134052223,,19.927811801944443,0,0,0,0,0,0,0,0,0,0,0,0,0,1,0,1,0,1,0,0,1,1,0,10,0,0,0,3,0,0,0.0,1.0,0.0,0.0,0.0,1.0,0.0,0.0,0.0,0.0,0.0,0.0
roll_02,2025-12-08T00:00:00+00:00,2026-01-19T00:00:00+00:00,2026-01-19T00:00:00+00:00,2026-01-26T00:00:00+00:00,1,0,2025-12-26 22:00:00+00:00,2025-12-26 23:00:00+00:00,367.60641801475,4,2411.894614430472,366.4425134052223,362.5302542375,362.9883982248612,0,0,0,1,0,22,0.8660254037844384,-0.5000000000000004,1,0,12,4.799696334361111,10.156788362222224,5.742414153916667,6.381870347055556,19.56562008033333,18.791865914583333,19.927811801944443,19.67260905063889,0.0,0.0,0.0,0.0,0,night,0,0.0,0,1,362.9883982248612,,19.56562008033333,0,0,0,0,0,0,0,0,0,0,0,0,0,1,0,1,0,1,0,0,1,1,0,10,0,0,0,3,0,0,0.0,1.0,0.0,0.0,0.0,1.0,0.0,0.0,0.0,0.0,0.0,0.0
roll_02,2025-12-08T00:00:00+00:00,2026-01-19T00:00:00+00:00,2026-01-19T00:00:00+00:00,2026-01-26T00:00:00+00:00,1,0,2025-12-26 23:00:00+00:00,2025-12-27 00:00:00+00:00,367.09756763111113,4,2485.957369842611,362.9883982248612,369.0312427880278,367.60641801475,0,0,0,1,0,23,0.965925826289068,-0.2588190451025215,1,0,12,4.068188061916667,10.14833146536111,4.799696334361111,6.339058653666666,19.995837251666668,18.96938112061111,19.56562008033333,19.868561292666666,0.0,0.0,0.0,0.0,0,night,0,0.0,0,1,367.60641801475,,19.995837251666668,0,0,0,0,0,0,0,0,0,0,0,0,0,0,1,1,0,1,0,0,1,1,0,10,0,0,0,3,0,0,0.0,1.0,0.0,0.0,0.0,1.0,0.0,0.0,0.0,0.0,0.0,0.0
roll_02,2025-12-08T00:00:00+00:00,2026-01-19T00:00:00+00:00,2026-01-19T00:00:00+00:00,2026-01-26T00:00:00+00:00,1,0,2025-12-27 00:00:00+00:00,2025-12-27 01:00:00+00:00,373.2899417342778,5,2569.545507973972,367.60641801475,374.48492754975,367.09756763111113,0,0,0,1,0,0,1.0,0.0,0,1,12,3.77036413125,10.094112594027775,4.068188061916667,6.262584749833334,19.82711789577778,18.937088440472223,19.995837251666668,20.35599298094445,0.0,0.0,0.0,0.0,0,night,0,0.0,0,1,367.09756763111113,,19.82711789577778,0,0,0,0,0,0,0,0,0,0,0,0,0,0,1,1,0,1,0,0,1,1,0,10,0,0,0,3,0,0,0.0,1.0,0.0,0.0,0.0,1.0,0.0,0.0,0.0,0.0,0.0,0.0
roll_02,2025-12-08T00:00:00+00:00,2026-01-19T00:00:00+00:00,2026-01-19T00:00:00+00:00,2026-01-26T00:00:00+00:00,1,0,2025-12-27 01:00:00+00:00,2025-12-27 02:00:00+00:00,376.47621719408335,5,2557.360703668611,367.09756763111113,387.8320924910278,373.2899417342778,0,0,0,1,0,1,0.9659258262890684,0.2588190451025207,0,1,12,3.29775666325,9.981903764277778,3.77036413125,6.332540652916666,20.171222283416668,19.18223780280556,19.82711789577778,20.408810019,0.0,0.0,0.0,0.0,0,night,0,0.0,0,1,373.2899417342778,,20.171222283416668,0,0,0,0,0,0,0,0,0,0,0,0,0,0,1,1,0,1,0,0,1,1,0,10,0,0,0,3,0,0,0.0,1.0,0.0,0.0,0.0,1.0,0.0,0.0,0.0,0.0,0.0,0.0
roll_02,2025-12-08T00:00:00+00:00,2026-01-19T00:00:00+00:00,2026-01-19T00:00:00+00:00,2026-01-26T00:00:00+00:00,1,0,2025-12-27 02:00:00+00:00,2025-12-27 03:00:00+00:00,400.62305610536106,5,2496.7294647592776,373.2899417342778,365.5112655888889,376.47621719408335,0,0,0,1,0,2,0.8660254037844387,0.4999999999999999,0,1,12,2.8531619042777776,9.776455837916666,3.29775666325,5.844343312722223,20.287044432444443,19.367955754055554,20.171222283416668,20.206702712416668,0.0,0.0,0.0,0.0,0,night,0,0.0,0,1,376.47621719408335,,20.287044432444443,0,0,0,0,0,0,0,0,0,0,0,0,0,0,1,1,0,1,0,0,1,1,0,10,0,0,0,3,0,0,0.0,1.0,0.0,0.0,0.0,1.0,0.0,0.0,0.0,0.0,0.0,0.0
roll_02,2025-12-08T00:00:00+00:00,2026-01-19T00:00:00+00:00,2026-01-19T00:00:00+00:00,2026-01-26T00:00:00+00:00,1,0,2025-12-27 03:00:00+00:00,2025-12-27 04:00:00+00:00,373.20435341972217,5,2440.3809080556666,376.47621719408335,364.1605960607778,400.62305610536106,0,0,0,0,0,3,0.7071067811865476,0.7071067811865476,0,1,12,2.799746869111111,9.683692524388889,2.8531619042777776,5.404247100611111,20.16789988486111,19.167575011083333,20.287044432444443,20.52404850194445,0.0,0.0,0.0,0.0,0,night,0,0.0,0,1,400.62305610536106,0.0,20.16789988486111,0,0,0,0,0,0,0,0,0,0,0,0,0,0,0,0,0,0,0,0,0,0,0,0,0,0,0,0,0,0,0.0,1.0,0.0,0.0,0.0,1.0,0.0,0.0,0.0,0.0,0.0,0.0
roll_02,2025-12-08T00:00:00+00:00,2026-01-19T00:00:00+00:00,2026-01-19T00:00:00+00:00,2026-01-26T00:00:00+00:00,1,0,2025-12-27 04:00:00+00:00,2025-12-27 05:00:00+00:00,370.0003455178333,5,3000.614514099028,400.62305610536106,385.59658437175,373.20435341972217,0,0,0,0,0,4,0.5000000000000001,0.8660254037844386,0,1,12,2.428454225583333,9.702285331333334,2.799746869111111,5.096360487666667,19.619808221666663,19.205464695694445,20.16789988486111,20.33921269988889,0.0,0.0,0.0,0.0,0,night,0,0.0,0,1,373.20435341972217,0.0,19.619808221666663,0,0,0,0,0,0,0,0,0,0,0,0,0,0,0,0,0,0,0,0,0,0,0,0,0,0,0,0,0,0,0.0,0.0,0.0,0.0,0.0,1.0,0.0,0.0,0.0,0.0,0.0,0.0
roll_02,2025-12-08T00:00:00+00:00,2026-01-19T00:00:00+00:00,2026-01-19T00:00:00+00:00,2026-01-26T00:00:00+00:00,1,0,2025-12-27 05:00:00+00:00,2025-12-27 06:00:00+00:00,355.6256398170278,5,3722.8893403943057,373.20435341972217,420.4165886273056,370.0003455178333,0,0,0,0,0,5,0.2588190451025207,0.9659258262890684,0,1,12,2.2228928991666668,9.540530474833334,2.428454225583333,4.360605982305556,19.545436412694443,19.537989876027776,19.619808221666663,20.16275633988889,0.0,0.0,0.0,0.0,0,night,0,0.0,0,1,370.0003455178333,0.0,19.545436412694443,0,0,0,0,0,0,0,0,0,0,0,0,0,0,0,0,0,0,0,0,0,0,0,0,0,0,0,0,0,0,0.0,0.0,0.0,0.0,0.0,1.0,0.0,0.0,0.0,0.0,0.0,0.0
roll_02,2025-12-08T00:00:00+00:00,2026-01-19T00:00:00+00:00,2026-01-19T00:00:00+00:00,2026-01-26T00:00:00+00:00,1,0,2025-12-27 06:00:00+00:00,2025-12-27 07:00:00+00:00,202.36820761566665,5,3709.689713009,370.0003455178333,376.4616061064445,355.6256398170278,0,0,0,1,0,6,6.123233995736766e-17,1.0,0,1,12,1.958630540833333,9.517729425277777,2.2228928991666668,4.00356667175,19.39104726422222,19.644298555805555,19.545436412694443,19.755156399222223,0.0,0.0,0.0,0.0,0,night,0,0.0,0,1,355.6256398170278,,19.39104726422222,0,0,0,0,0,0,0,0,0,0,0,0,1,0,0,1,0,1,0,0,1,1,0,1,0,0,0,1,0,0,0.0,0.0,0.0,0.0,0.0,1.0,0.0,0.0,0.0,0.0,0.0,0.0
roll_02,2025-12-08T00:00:00+00:00,2026-01-19T00:00:00+00:00,2026-01-19T00:00:00+00:00,2026-01-26T00:00:00+00:00,1,0,2025-12-27 07:00:00+00:00,2025-12-27 08:00:00+00:00,-342.3690243050833,5,2287.3786321673056,355.6256398170278,287.80127618091666,202.36820761566665,0,0,0,0,0,7,-0.2588190451025206,0.9659258262890684,0,1,12,1.9983347796111115,9.366049584638889,1.958630540833333,4.189480604805556,19.30471003441667,19.531368890472223,19.39104726422222,19.534980810972225,0.0,0.0,0.0,0.0,1,night,0,0.0,0,1,202.36820761566665,0.0,19.30471003441667,0,0,0,0,0,0,0,0,0,0,0,0,0,0,0,0,0,0,0,0,0,0,0,0,0,0,0,0,0,0,0.0,1.0,0.0,0.0,0.0,0.0,0.0,0.0,0.0,0.0,0.0,0.0
roll_02,2025-12-08T00:00:00+00:00,2026-01-19T00:00:00+00:00,2026-01-19T00:00:00+00:00,2026-01-26T00:00:00+00:00,1,0,2025-12-27 08:00:00+00:00,2025-12-27 09:00:00+00:00,-703.6570073681111,5,902.7402187066668,202.36820761566665,-0.1767148733333444,-342.3690243050833,0,1,0,0,0,8,-0.4999999999999998,0.8660254037844387,0,1,12,3.260340998194444,9.683220340055556,1.9983347796111115,4.7641803136666665,19.611482318333334,19.21610307227778,19.30471003441667,19.32272638252778,656.744170894861,27.758381471472223,0.0,307.0898960351111,1,med,0,0.0,0,1,-342.3690243050833,656.744170894861,19.611482318333334,0,0,0,0,0,0,0,0,0,0,0,0,0,0,0,0,0,0,0,0,0,0,0,0,0,0,0,0,0,0,0.0,0.0,0.0,0.0,0.0,0.0,0.0,0.0,0.0,0.0,0.0,0.0
roll_02,2025-12-08T00:00:00+00:00,2026-01-19T00:00:00+00:00,2026-01-19T00:00:00+00:00,2026-01-26T00:00:00+00:00,1,0,2025-12-27 09:00:00+00:00,2025-12-27 10:00:00+00:00,-943.1361743445832,5,1979.9540581444169,-342.3690243050833,-532.5871850158611,-703.6570073681111,0,1,0,0,0,9,-0.7071067811865475,0.7071067811865476,0,1,12,4.864624376638889,10.243317664277775,3.260340998194444,6.197449885249999,20.28512342775,19.212206803472224,19.611482318333334,20.59693413080556,1062.418108394,95.44752079036112,656.744170894861,859.9914983160279,1,med,0,0.0,0,1,-703.6570073681111,1062.418108394,20.28512342775,0,0,0,0,0,0,0,0,0,0,0,0,0,0,0,0,0,0,0,0,0,0,0,0,0,0,0,0,0,0,0.0,0.0,0.0,0.0,0.0,0.0,0.0,0.0,0.0,0.0,0.0,0.0
roll_02,2025-12-08T00:00:00+00:00,2026-01-19T00:00:00+00:00,2026-01-19T00:00:00+00:00,2026-01-26T00:00:00+00:00,1,0,2025-12-27 10:00:00+00:00,2025-12-27 11:00:00+00:00,-778.95364398,5,1716.330496459361,-703.6570073681111,-876.3846029583055,-943.1361743445832,0,1,0,0,0,10,-0.8660254037844387,0.4999999999999999,0,1,12,6.655814003805555,10.368142564666668,4.864624376638889,7.543283484833332,20.45345356305556,19.582231264,20.28512342775,24.94451207575,1297.9290753646944,164.2653379261389,1062.418108394,1245.357692716639,1,high,0,0.0,0,2,-943.1361743445832,1297.9290753646944,20.45345356305556,0,0,0,0,0,0,0,0,0,0,0,0,0,0,0,0,0,0,0,0,0,0,0,0,0,0,0,0,0,0,0.0,0.0,0.0,0.0,0.0,0.0,0.0,0.0,0.0,0.0,0.0,0.0
roll_02,2025-12-08T00:00:00+00:00,2026-01-19T00:00:00+00:00,2026-01-19T00:00:00+00:00,2026-01-26T00:00:00+00:00,1,0,2025-12-27 11:00:00+00:00,2025-12-27 12:00:00+00:00,-1039.7456046587502,5,1614.1824246624165,-943.1361743445832,-725.7979384745,-778.95364398,0,1,0,0,0,11,-0.9659258262890682,0.258819045102521,0,1,12,8.547748503388888,10.67874765527778,6.655814003805555,8.446042897666667,21.03809237188889,24.27586692175,20.45345356305556,20.691055993194443,1139.2483406145554,225.5337741276389,1297.9290753646944,1088.262104167889,1,med,0,0.0,0,2,-778.95364398,1139.2483406145554,21.03809237188889,0,0,0,0,0,0,0,0,0,0,0,0,0,0,0,0,0,0,0,0,0,0,0,0,0,0,0,0,0,0,0.0,0.0,0.0,0.0,0.0,0.0,0.0,0.0,0.0,0.0,0.0,0.0
roll_02,2025-12-08T00:00:00+00:00,2026-01-19T00:00:00+00:00,2026-01-19T00:00:00+00:00,2026-01-26T00:00:00+00:00,1,0,2025-12-27 12:00:00+00:00,2025-12-27 13:00:00+00:00,-767.9513324097778,5,708.1059350827222,-778.95364398,-832.3112156383057,-1039.7456046587502,0,1,0,0,0,12,-1.0,1.2246467991473532e-16,0,1,12,9.865866164944444,10.95700493375,8.547748503388888,9.382899696166666,20.66059292661112,19.541379545,21.03809237188889,20.483483727333333,1387.7059696338056,193.95943230686112,1139.2483406145554,1197.867971665,1,high,0,0.0,0,2,-1039.7456046587502,1387.7059696338056,20.66059292661112,0,0,0,0,0,0,0,0,0,0,0,0,0,0,0,0,0,0,0,0,0,0,0,0,0,0,0,0,0,0,0.0,0.0,0.0,0.0,0.0,0.0,0.0,0.0,0.0,0.0,0.0,0.0
roll_02,2025-12-08T00:00:00+00:00,2026-01-19T00:00:00+00:00,2026-01-19T00:00:00+00:00,2026-01-26T00:00:00+00:00,1,0,2025-12-27 13:00:00+00:00,2025-12-27 14:00:00+00:00,-170.45992740047222,5,764.5770737495556,-1039.7456046587502,-109.47741779458336,-767.9513324097778,0,1,0,0,0,13,-0.9659258262890684,-0.2588190451025208,0,1,12,10.91329109061111,11.147305964083332,9.865866164944444,9.893402413277778,20.68691503261111,19.88642339658333,20.66059292661112,19.603553127,1116.526467721472,162.71877666491667,1387.7059696338056,443.5385547576389,1,med,0,0.0,0,3,-767.9513324097778,1116.526467721472,20.68691503261111,0,0,0,0,0,0,0,0,0,0,0,0,0,0,0,0,0,0,0,0,0,0,0,0,0,0,0,0,0,0,0.0,0.0,0.0,0.0,0.0,0.0,0.0,0.0,0.0,0.0,0.0,0.0
roll_02,2025-12-08T00:00:00+00:00,2026-01-19T00:00:00+00:00,2026-01-19T00:00:00+00:00,2026-01-26T00:00:00+00:00,1,0,2025-12-27 14:00:00+00:00,2025-12-27 15:00:00+00:00,302.76294772666665,5,1147.3721882642778,-767.9513324097778,311.7122178043333,-170.45992740047222,0,1,0,0,0,14,-0.8660254037844388,-0.4999999999999997,0,1,12,11.61591237525,10.944100022138889,10.91329109061111,9.080929092722222,19.74532059177778,19.203321449,20.68691503261111,18.710155769472223,505.1306113983333,58.956173425,1116.526467721472,0.0,1,med,0,0.0,0,3,-170.45992740047222,505.1306113983333,19.74532059177778,0,0,0,0,0,0,0,0,0,0,0,0,0,0,0,0,0,0,0,0,0,0,0,0,0,0,0,0,0,0,0.0,0.0,0.0,0.0,0.0,0.0,0.0,0.0,0.0,0.0,0.0,0.0
roll_02,2025-12-08T00:00:00+00:00,2026-01-19T00:00:00+00:00,2026-01-19T00:00:00+00:00,2026-01-26T00:00:00+00:00,1,0,2025-12-27 15:00:00+00:00,2025-12-27 16:00:00+00:00,353.76828453200005,5,2259.263569647778,-170.45992740047222,316.60429390419444,302.76294772666665,0,0,0,0,0,15,-0.7071067811865479,-0.7071067811865471,0,1,12,9.851734942694444,10.631711436666668,11.61591237525,8.495916115888889,18.776619243972224,19.407548275638888,19.74532059177778,19.22582074963889,0.0,0.0,505.1306113983333,0.0,1,night,0,0.0,0,2,302.76294772666665,0.0,18.776619243972224,0,0,0,0,0,0,0,0,0,0,0,0,0,0,0,0,0,0,0,0,0,0,0,0,0,0,0,0,0,0,0.0,0.0,0.0,0.0,0.0,0.0,0.0,0.0,0.0,0.0,0.0,0.0
roll_02,2025-12-08T00:00:00+00:00,2026-01-19T00:00:00+00:00,2026-01-19T00:00:00+00:00,2026-01-26T00:00:00+00:00,1,0,2025-12-27 16:00:00+00:00,2025-12-27 17:00:00+00:00,360.6535462150834,5,1616.6747360774443,302.76294772666665,332.65083378436105,353.76828453200005,0,0,0,0,0,16,-0.5000000000000004,-0.8660254037844385,0,1,12,7.906901319083333,10.260534348722222,9.851734942694444,7.8576460065,19.084814101944445,19.11253361475,18.776619243972224,19.73790011705556,0.0,0.0,0.0,0.0,0,night,0,0.0,0,2,353.76828453200005,0.0,19.084814101944445,0,0,0,0,0,0,0,0,0,0,0,0,0,0,0,0,0,0,0,0,0,0,0,0,0,0,0,0,0,0,0.0,0.0,0.0,0.0,0.0,0.0,0.0,0.0,0.0,0.0,0.0,0.0
roll_02,2025-12-08T00:00:00+00:00,2026-01-19T00:00:00+00:00,2026-01-19T00:00:00+00:00,2026-01-26T00:00:00+00:00,1,0,2025-12-27 17:00:00+00:00,2025-12-27 18:00:00+00:00,342.8256949160555,5,1225.127314171861,353.76828453200005,369.5874189399167,360.6535462150834,0,0,0,0,0,17,-0.2588190451025206,-0.9659258262890684,0,1,12,6.7028701565,10.022921225777775,7.906901319083333,7.53156285775,19.152969937694447,18.94993504813889,19.084814101944445,19.637948138,0.0,0.0,0.0,0.0,0,night,0,0.0,0,2,360.6535462150834,0.0,19.152969937694447,0,0,0,0,0,0,0,0,0,0,0,0,0,0,0,0,0,0,0,0,0,0,0,0,0,0,0,0,0,0,0.0,0.0,0.0,0.0,0.0,1.0,0.0,0.0,0.0,0.0,0.0,0.0
roll_02,2025-12-08T00:00:00+00:00,2026-01-19T00:00:00+00:00,2026-01-19T00:00:00+00:00,2026-01-26T00:00:00+00:00,1,0,2025-12-27 18:00:00+00:00,2025-12-27 19:00:00+00:00,352.52784933558337,5,1373.4981108737777,360.6535462150834,363.8353592297778,342.8256949160555,0,0,0,1,0,18,-1.8369701987210294e-16,-1.0,0,1,12,5.913511261805556,9.802290156222222,6.7028701565,7.413109542805556,19.069021270277776,18.943972680194445,19.152969937694447,19.10039354783333,0.0,0.0,0.0,0.0,0,night,0,0.0,0,2,342.8256949160555,,19.069021270277776,0,0,0,0,0,0,0,0,0,0,0,0,0,1,0,1,0,1,0,0,1,1,0,13,0,0,0,4,0,0,0.0,0.0,0.0,0.0,0.0,1.0,0.0,0.0,0.0,0.0,0.0,0.0
roll_02,2025-12-08T00:00:00+00:00,2026-01-19T00:00:00+00:00,2026-01-19T00:00:00+00:00,2026-01-26T00:00:00+00:00,1,0,2025-12-27 19:00:00+00:00,2025-12-27 20:00:00+00:00,357.4805841060556,5,1283.5345498838333,342.8256949160555,367.57673683502776,352.52784933558337,0,0,0,1,0,19,0.2588190451025203,-0.9659258262890684,0,1,12,5.345797829972223,8.910984151527778,5.913511261805556,7.229570312222222,19.016637481,18.92512471794445,19.069021270277776,19.61626683691667,0.0,0.0,0.0,0.0,0,night,0,0.0,0,2,352.52784933558337,,19.016637481,0,0,0,0,0,0,0,0,0,0,0,0,0,1,0,1,0,1,0,0,1,1,0,13,0,0,0,4,0,0,0.0,1.0,0.0,0.0,0.0,1.0,0.0,0.0,0.0,0.0,0.0,0.0
roll_02,2025-12-08T00:00:00+00:00,2026-01-19T00:00:00+00:00,2026-01-19T00:00:00+00:00,2026-01-26T00:00:00+00:00,1,0,2025-12-27 20:00:00+00:00,2025-12-27 21:00:00+00:00,358.13523294513885,5,823.2459361206112,352.52784933558337,380.7065329344444,357.4805841060556,0,0,0,1,0,20,0.5000000000000001,-0.8660254037844386,0,1,12,4.48465907975,8.912337255138889,5.345797829972223,6.905029185888889,19.42894610322222,18.89399367461112,19.016637481,19.56436524752778,0.0,0.0,0.0,0.0,0,night,0,0.0,0,1,357.4805841060556,,19.42894610322222,0,0,0,0,0,0,0,0,0,0,0,0,0,1,0,1,0,1,0,0,1,1,0,13,0,0,0,4,0,0,0.0,1.0,0.0,0.0,0.0,1.0,0.0,0.0,0.0,0.0,0.0,0.0
roll_02,2025-12-08T00:00:00+00:00,2026-01-19T00:00:00+00:00,2026-01-19T00:00:00+00:00,2026-01-26T00:00:00+00:00,1,0,2025-12-27 21:00:00+00:00,2025-12-27 22:00:00+00:00,355.3425132031666,5,1314.5005206232222,357.4805841060556,366.4425134052223,358.13523294513885,0,0,0,1,0,21,0.7071067811865474,-0.7071067811865477,0,1,12,4.135157451916666,8.979874267388888,4.48465907975,5.742414153916667,19.55357393094444,19.22403372588889,19.42894610322222,19.927811801944443,0.0,0.0,0.0,0.0,0,night,0,0.0,0,1,358.13523294513885,,19.55357393094444,0,0,0,0,0,0,0,0,0,0,0,0,0,1,0,1,0,1,0,0,1,1,0,13,0,0,0,4,0,0,0.0,1.0,0.0,0.0,0.0,1.0,0.0,0.0,0.0,0.0,0.0,0.0
roll_02,2025-12-08T00:00:00+00:00,2026-01-19T00:00:00+00:00,2026-01-19T00:00:00+00:00,2026-01-26T00:00:00+00:00,1,0,2025-12-27 22:00:00+00:00,2025-12-27 23:00:00+00:00,379.8121640126667,5,642.2153037910278,358.13523294513885,362.9883982248612,355.3425132031666,0,0,0,1,0,22,0.8660254037844384,-0.5000000000000004,0,1,12,3.4543542541388894,9.106127762916666,4.135157451916666,4.799696334361111,19.34225987938889,19.28933665483333,19.55357393094444,19.56562008033333,0.0,0.0,0.0,0.0,0,night,0,0.0,0,1,355.3425132031666,,19.34225987938889,0,0,0,0,0,0,0,0,0,0,0,0,0,1,0,1,0,1,0,0,1,1,0,13,0,0,0,4,0,0,0.0,1.0,0.0,0.0,0.0,1.0,0.0,0.0,0.0,0.0,0.0,0.0
roll_02,2025-12-08T00:00:00+00:00,2026-01-19T00:00:00+00:00,2026-01-19T00:00:00+00:00,2026-01-26T00:00:00+00:00,1,0,2025-12-27 23:00:00+00:00,2025-12-28 00:00:00+00:00,361.3767345834444,5,516.2811275776944,355.3425132031666,367.60641801475,379.8121640126667,0,0,0,1,0,23,0.965925826289068,-0.2588190451025215,0,1,12,2.770150504111111,8.844477035416666,3.4543542541388894,4.068188061916667,19.373468451388888,19.537643012361112,19.34225987938889,19.995837251666668,0.0,0.0,0.0,0.0,0,night,0,0.0,0,1,379.8121640126667,,19.373468451388888,0,0,0,0,0,0,0,0,0,0,0,0,0,1,0,1,0,1,0,0,1,1,0,13,0,0,0,4,0,0,0.0,1.0,0.0,0.0,0.0,1.0,0.0,0.0,0.0,0.0,0.0,0.0
roll_02,2025-12-08T00:00:00+00:00,2026-01-19T00:00:00+00:00,2026-01-19T00:00:00+00:00,2026-01-26T00:00:00+00:00,1,0,2025-12-28 00:00:00+00:00,2025-12-28 01:00:00+00:00,365.5212679349722,6,472.3426894420556,379.8121640126667,367.09756763111113,361.3767345834444,0,0,0,1,0,0,1.0,0.0,0,1,12,2.3211953455,8.283242592805555,2.770150504111111,3.77036413125,19.45808851136111,20.074875145277776,19.373468451388888,19.82711789577778,0.0,0.0,0.0,0.0,0,night,0,0.0,0,1,361.3767345834444,,19.45808851136111,0,0,0,0,0,0,0,0,0,0,0,0,0,0,1,1,0,1,0,0,1,1,0,13,0,0,0,4,0,0,0.0,1.0,0.0,0.0,0.0,1.0,0.0,0.0,0.0,0.0,0.0,0.0
roll_02,2025-12-08T00:00:00+00:00,2026-01-19T00:00:00+00:00,2026-01-19T00:00:00+00:00,2026-01-26T00:00:00+00:00,1,0,2025-12-28 01:00:00+00:00,2025-12-28 02:00:00+00:00,367.7212125968889,6,460.7834906263333,361.3767345834444,373.2899417342778,365.5212679349722,0,0,0,1,0,1,0.9659258262890684,0.2588190451025207,0,1,12,2.0587098055555555,8.568508466083333,2.3211953455,3.29775666325,19.737167603222225,19.97243673488889,19.45808851136111,20.171222283416668,0.0,0.0,0.0,0.0,0,night,0,0.0,0,1,365.5212679349722,,19.737167603222225,0,0,0,0,0,0,0,0,0,0,0,0,0,0,1,1,0,1,0,0,1,1,0,13,0,0,0,4,0,0,0.0,1.0,0.0,0.0,0.0,1.0,0.0,0.0,0.0,0.0,0.0,0.0
roll_02,2025-12-08T00:00:00+00:00,2026-01-19T00:00:00+00:00,2026-01-19T00:00:00+00:00,2026-01-26T00:00:00+00:00,1,0,2025-12-28 02:00:00+00:00,2025-12-28 03:00:00+00:00,401.057145508,6,452.6022701609445,365.5212679349722,376.47621719408335,367.7212125968889,0,0,0,1,0,2,0.8660254037844387,0.4999999999999999,0,1,12,1.816750970638889,8.524716464027778,2.0587098055555555,2.8531619042777776,19.750656706833336,20.188472821027776,19.737167603222225,20.287044432444443,0.0,0.0,0.0,0.0,0,night,0,0.0,0,1,367.7212125968889,,19.750656706833336,0,0,0,0,0,0,0,0,0,0,0,0,0,0,1,1,0,1,0,0,1,1,0,13,0,0,0,4,0,0,0.0,1.0,0.0,0.0,0.0,1.0,0.0,0.0,0.0,0.0,0.0,0.0
roll_02,2025-12-08T00:00:00+00:00,2026-01-19T00:00:00+00:00,2026-01-19T00:00:00+00:00,2026-01-26T00:00:00+00:00,1,0,2025-12-28 03:00:00+00:00,2025-12-28 04:00:00+00:00,370.43175336558335,6,389.9706345615834,367.7212125968889,400.62305610536106,401.057145508,0,0,0,1,0,3,0.7071067811865476,0.7071067811865476,0,1,12,1.5040153896944444,8.248283199833333,1.816750970638889,2.799746869111111,19.594243140722224,20.40730169033333,19.750656706833336,20.16789988486111,0.0,0.0,0.0,0.0,0,night,0,0.0,0,1,401.057145508,,19.594243140722224,0,0,0,0,0,0,0,0,0,0,0,0,0,0,1,1,0,1,0,0,1,1,0,13,0,0,0,4,0,0,0.0,1.0,0.0,0.0,0.0,0.0,0.0,0.0,0.0,1.0,0.0,0.0
roll_02,2025-12-08T00:00:00+00:00,2026-01-19T00:00:00+00:00,2026-01-19T00:00:00+00:00,2026-01-26T00:00:00+00:00,1,0,2025-12-28 04:00:00+00:00,2025-12-28 05:00:00+00:00,366.7768885936944,6,989.4487640037222,401.057145508,373.20435341972217,370.43175336558335,0,0,0,1,0,4,0.5000000000000001,0.8660254037844386,0,1,12,1.225751979138889,7.660168883416667,1.5040153896944444,2.428454225583333,19.658541817555555,20.135215071694443,19.594243140722224,19.619808221666663,0.0,0.0,0.0,0.0,0,night,0,0.0,0,1,370.43175336558335,,19.658541817555555,0,0,0,0,0,0,0,0,0,0,0,0,0,0,1,1,0,1,0,0,1,1,0,13,0,0,0,4,0,0,0.0,1.0,0.0,0.0,0.0,0.0,0.0,0.0,0.0,1.0,0.0,0.0
roll_02,2025-12-08T00:00:00+00:00,2026-01-19T00:00:00+00:00,2026-01-19T00:00:00+00:00,2026-01-26T00:00:00+00:00,1,0,2025-12-28 05:00:00+00:00,2025-12-28 06:00:00+00:00,347.5298651954167,6,1733.3287272648888,370.43175336558335,370.0003455178333,366.7768885936944,0,0,0,1,0,5,0.2588190451025207,0.9659258262890684,0,1,12,0.7842006164444445,6.795474019222223,1.225751979138889,2.2228928991666668,19.566275839694445,20.34551084088889,19.658541817555555,19.545436412694443,0.0,0.0,0.0,0.0,0,night,0,0.0,0,1,366.7768885936944,,19.566275839694445,0,0,0,0,0,0,0,0,0,0,0,0,0,0,1,1,0,1,0,0,1,1,0,13,0,0,0,4,0,0,0.0,1.0,0.0,0.0,0.0,0.0,0.0,0.0,0.0,0.0,0.0,0.0
roll_02,2025-12-08T00:00:00+00:00,2026-01-19T00:00:00+00:00,2026-01-19T00:00:00+00:00,2026-01-26T00:00:00+00:00,1,0,2025-12-28 06:00:00+00:00,2025-12-28 07:00:00+00:00,213.57513587311112,6,2316.888740391389,366.7768885936944,355.6256398170278,347.5298651954167,0,0,0,1,0,6,6.123233995736766e-17,1.0,0,1,12,0.6596432545,6.507807713000001,0.7842006164444445,1.958630540833333,19.54825882202778,20.53087840111111,19.566275839694445,19.39104726422222,0.0,0.0,0.0,0.0,0,night,0,0.0,0,1,347.5298651954167,,19.54825882202778,0,0,0,0,0,0,0,0,0,0,0,0,0,0,1,1,0,1,0,0,1,1,0,13,0,0,0,4,0,0,0.0,1.0,0.0,0.0,0.0,1.0,0.0,0.0,0.0,0.0,0.0,0.0
roll_02,2025-12-08T00:00:00+00:00,2026-01-19T00:00:00+00:00,2026-01-19T00:00:00+00:00,2026-01-26T00:00:00+00:00,1,0,2025-12-28 07:00:00+00:00,2025-12-28 08:00:00+00:00,-375.6545630103611,6,2662.950949069861,347.5298651954167,202.36820761566665,213.57513587311112,0,0,0,0,0,7,-0.2588190451025206,0.9659258262890684,0,1,12,1.0032870546111112,6.575882352944444,0.6596432545,1.9983347796111115,19.319429871305555,20.38681214483333,19.54825882202778,19.30471003441667,0.0,0.0,0.0,0.0,1,night,0,0.0,0,1,213.57513587311112,0.0,19.319429871305555,0,0,0,0,0,0,0,0,0,0,0,0,0,0,0,0,0,0,0,0,0,0,0,0,0,0,0,0,0,0,0.0,1.0,0.0,0.0,0.0,0.0,0.0,0.0,0.0,0.0,0.0,0.0
roll_02,2025-12-08T00:00:00+00:00,2026-01-19T00:00:00+00:00,2026-01-19T00:00:00+00:00,2026-01-26T00:00:00+00:00,1,0,2025-12-28 08:00:00+00:00,2025-12-28 09:00:00+00:00,-757.4587993783334,6,882.6653258029722,213.57513587311112,-342.3690243050833,-375.6545630103611,0,1,0,0,0,8,-0.4999999999999998,0.8660254037844387,0,1,12,2.796595270611112,7.733567527555555,1.0032870546111112,3.260340998194444,19.609432373972226,19.91379942186111,19.319429871305555,19.611482318333334,720.1882904938889,235.04868583291668,0.0,656.744170894861,1,med,0,0.0,0,1,-375.6545630103611,720.1882904938889,19.609432373972226,0,0,0,0,0,0,0,0,0,0,0,0,0,0,0,0,0,0,0,0,0,0,0,0,0,0,0,0,0,0,0.0,0.0,0.0,0.0,0.0,0.0,0.0,0.0,0.0,0.0,0.0,0.0
roll_02,2025-12-08T00:00:00+00:00,2026-01-19T00:00:00+00:00,2026-01-19T00:00:00+00:00,2026-01-26T00:00:00+00:00,1,0,2025-12-28 09:00:00+00:00,2025-12-28 10:00:00+00:00,-986.299093118,6,1521.378763268278,-375.6545630103611,-703.6570073681111,-757.4587993783334,0,1,0,0,0,9,-0.7071067811865475,0.7071067811865476,0,1,12,5.053835688861111,8.591503921055555,2.796595270611112,4.864624376638889,20.11055244008333,20.163934102805555,19.609432373972226,20.28512342775,1116.24887950475,487.3667588544167,720.1882904938889,1062.418108394,1,med,0,0.0,0,2,-757.4587993783334,1116.24887950475,20.11055244008333,0,0,0,0,0,0,0,0,0,0,0,0,0,0,0,0,0,0,0,0,0,0,0,0,0,0,0,0,0,0,0.0,0.0,0.0,0.0,0.0,0.0,0.0,0.0,0.0,0.0,0.0,0.0
roll_02,2025-12-08T00:00:00+00:00,2026-01-19T00:00:00+00:00,2026-01-19T00:00:00+00:00,2026-01-26T00:00:00+00:00,1,0,2025-12-28 10:00:00+00:00,2025-12-28 11:00:00+00:00,-827.5470510217223,6,58.39279333902778,-757.4587993783334,-943.1361743445832,-986.299093118,0,1,0,0,0,10,-0.8660254037844387,0.4999999999999999,0,1,12,7.293614908027777,9.739103233500002,5.053835688861111,6.655814003805555,20.03705195922222,20.26418201294444,20.11055244008333,20.45345356305556,1359.3668214877223,952.8871988656944,1116.24887950475,1297.9290753646944,1,high,0,0.0,0,2,-986.299093118,1359.3668214877223,20.03705195922222,0,0,0,0,0,0,0,0,0,0,0,0,0,0,0,0,0,0,0,0,0,0,0,0,0,0,0,0,0,0,0.0,0.0,0.0,0.0,0.0,0.0,0.0,0.0,0.0,0.0,0.0,0.0
roll_02,2025-12-08T00:00:00+00:00,2026-01-19T00:00:00+00:00,2026-01-19T00:00:00+00:00,2026-01-26T00:00:00+00:00,1,0,2025-12-28 11:00:00+00:00,2025-12-28 12:00:00+00:00,-1088.0776294835,6,-120.96271420897224,-986.299093118,-778.95364398,-827.5470510217223,0,1,0,0,0,11,-0.9659258262890682,0.258819045102521,0,1,12,9.714967204333334,11.001477897805556,7.293614908027777,8.547748503388888,20.90671222930556,20.533001992166668,20.03705195922222,21.03809237188889,1168.5609632096389,1144.7291590099446,1359.3668214877223,1139.2483406145554,1,med,0,0.0,0,2,-827.5470510217223,1168.5609632096389,20.90671222930556,0,0,0,0,0,0,0,0,0,0,0,0,0,0,0,0,0,0,0,0,0,0,0,0,0,0,0,0,0,0,0.0,0.0,0.0,0.0,0.0,0.0,0.0,0.0,0.0,0.0,0.0,0.0
roll_02,2025-12-08T00:00:00+00:00,2026-01-19T00:00:00+00:00,2026-01-19T00:00:00+00:00,2026-01-26T00:00:00+00:00,1,0,2025-12-28 12:00:00+00:00,2025-12-28 13:00:00+00:00,-812.0599004873611,6,97.71070810072224,-827.5470510217223,-1039.7456046587502,-1088.0776294835,0,1,0,0,0,12,-1.0,1.2246467991473532e-16,0,1,12,10.915680623027775,11.66693512727778,9.714967204333334,9.865866164944444,21.165675567833336,20.56966385827777,20.90671222930556,20.66059292661112,1444.0444436157777,1032.2261669991944,1168.5609632096389,1387.7059696338056,1,high,0,0.0,0,3,-1088.0776294835,1444.0444436157777,21.165675567833336,0,0,0,0,0,0,0,0,0,0,0,0,0,0,0,0,0,0,0,0,0,0,0,0,0,0,0,0,0,0,0.0,0.0,0.0,0.0,0.0,0.0,0.0,0.0,0.0,0.0,0.0,0.0
roll_02,2025-12-08T00:00:00+00:00,2026-01-19T00:00:00+00:00,2026-01-19T00:00:00+00:00,2026-01-26T00:00:00+00:00,1,0,2025-12-28 13:00:00+00:00,2025-12-28 14:00:00+00:00,-215.0262351471389,6,287.23941544658334,-1088.0776294835,-767.9513324097778,-812.0599004873611,0,1,0,0,0,13,-0.9659258262890684,-0.2588190451025208,0,1,12,12.910558856638888,12.582504850972224,10.915680623027775,10.91329109061111,20.54443348388889,20.29264686008333,21.165675567833336,20.68691503261111,1175.779753182611,652.2845414156667,1444.0444436157777,1116.526467721472,1,med,0,0.0,0,3,-812.0599004873611,1175.779753182611,20.54443348388889,0,0,0,0,0,0,0,0,0,0,0,0,0,0,0,0,0,0,0,0,0,0,0,0,0,0,0,0,0,0,0.0,0.0,0.0,0.0,0.0,0.0,0.0,0.0,0.0,0.0,0.0,0.0
roll_02,2025-12-08T00:00:00+00:00,2026-01-19T00:00:00+00:00,2026-01-19T00:00:00+00:00,2026-01-26T00:00:00+00:00,1,0,2025-12-28 14:00:00+00:00,2025-12-28 15:00:00+00:00,304.09533166875,6,1454.7438831999443,-812.0599004873611,-170.45992740047222,-215.0262351471389,0,1,0,0,0,14,-0.8660254037844388,-0.4999999999999997,0,1,12,13.545616543833331,11.754774335305555,12.910558856638888,11.61591237525,19.930896537444443,19.25987380511111,20.54443348388889,19.74532059177778,542.3528126615555,187.19342122683327,1175.779753182611,505.1306113983333,1,med,0,0.0,0,3,-215.0262351471389,542.3528126615555,19.930896537444443,0,0,0,0,0,0,0,0,0,0,0,0,0,0,0,0,0,0,0,0,0,0,0,0,0,0,0,0,0,0,0.0,0.0,0.0,0.0,0.0,0.0,0.0,0.0,0.0,0.0,0.0,0.0
roll_02,2025-12-08T00:00:00+00:00,2026-01-19T00:00:00+00:00,2026-01-19T00:00:00+00:00,2026-01-26T00:00:00+00:00,1,0,2025-12-28 15:00:00+00:00,2025-12-28 16:00:00+00:00,328.64061416466666,6,1193.814385467111,-215.0262351471389,302.76294772666665,304.09533166875,0,0,0,0,0,15,-0.7071067811865479,-0.7071067811865471,0,1,12,10.760542923944444,9.909506916944444,13.545616543833331,9.851734942694444,18.74811664886111,18.610929292694447,19.930896537444443,18.776619243972224,0.0,0.0,542.3528126615555,0.0,1,night,0,0.0,0,3,304.09533166875,0.0,18.74811664886111,0,0,0,0,0,0,0,0,0,0,0,0,0,0,0,0,0,0,0,0,0,0,0,0,0,0,0,0,0,0,0.0,0.0,0.0,0.0,0.0,0.0,0.0,0.0,0.0,0.0,0.0,0.0
roll_02,2025-12-08T00:00:00+00:00,2026-01-19T00:00:00+00:00,2026-01-19T00:00:00+00:00,2026-01-26T00:00:00+00:00,1,0,2025-12-28 16:00:00+00:00,2025-12-28 17:00:00+00:00,377.6337263319722,6,856.5268627533055,304.09533166875,353.76828453200005,328.64061416466666,0,0,0,0,0,16,-0.5000000000000004,-0.8660254037844385,0,1,12,7.7848664565,9.560798231583334,10.760542923944444,7.906901319083333,18.821825127,19.12303111858333,18.74811664886111,19.084814101944445,0.0,0.0,0.0,0.0,0,night,0,0.0,0,2,328.64061416466666,0.0,18.821825127,0,0,0,0,0,0,0,0,0,0,0,0,0,0,0,0,0,0,0,0,0,0,0,0,0,0,0,0,0,0,0.0,0.0,0.0,0.0,0.0,0.0,0.0,0.0,0.0,0.0,0.0,0.0
roll_02,2025-12-08T00:00:00+00:00,2026-01-19T00:00:00+00:00,2026-01-19T00:00:00+00:00,2026-01-26T00:00:00+00:00,1,0,2025-12-28 17:00:00+00:00,2025-12-28 18:00:00+00:00,351.2298802091111,6,1492.2400507823334,328.64061416466666,360.6535462150834,377.6337263319722,0,0,0,0,0,17,-0.2588190451025206,-0.9659258262890684,0,1,12,5.855453705861112,9.39719704725,7.7848664565,6.7028701565,19.036749769666667,19.010355593666667,18.821825127,19.152969937694447,0.0,0.0,0.0,0.0,0,night,0,0.0,0,2,377.6337263319722,0.0,19.036749769666667,0,0,0,0,0,0,0,0,0,0,0,0,0,0,0,0,0,0,0,0,0,0,0,0,0,0,0,0,0,0,0.0,0.0,0.0,0.0,0.0,0.0,0.0,0.0,0.0,0.0,0.0,0.0
roll_02,2025-12-08T00:00:00+00:00,2026-01-19T00:00:00+00:00,2026-01-19T00:00:00+00:00,2026-01-26T00:00:00+00:00,1,0,2025-12-28 18:00:00+00:00,2025-12-28 19:00:00+00:00,347.6238996006666,6,1644.9325527363887,377.6337263319722,342.8256949160555,351.2298802091111,0,0,0,1,0,18,-1.8369701987210294e-16,-1.0,0,1,12,4.91005411775,9.292356407805554,5.855453705861112,5.913511261805556,19.04493228558333,19.282109729583333,19.036749769666667,19.069021270277776,0.0,0.0,0.0,0.0,0,night,0,0.0,0,1,351.2298802091111,,19.04493228558333,0,0,0,0,0,0,0,0,0,0,0,0,0,1,0,1,0,1,0,0,1,1,0,13,0,0,0,4,0,0,0.0,0.0,0.0,0.0,0.0,1.0,0.0,0.0,0.0,0.0,0.0,0.0
roll_02,2025-12-08T00:00:00+00:00,2026-01-19T00:00:00+00:00,2026-01-19T00:00:00+00:00,2026-01-26T00:00:00+00:00,1,0,2025-12-28 19:00:00+00:00,2025-12-28 20:00:00+00:00,373.5927442101111,6,1461.33787788925,351.2298802091111,352.52784933558337,347.6238996006666,0,0,0,1,0,19,0.2588190451025203,-0.9659258262890684,0,1,12,4.812656124666667,9.242811479333334,4.91005411775,5.345797829972223,18.854338558027777,19.24528425413889,19.04493228558333,19.016637481,0.0,0.0,0.0,0.0,0,night,0,0.0,0,1,347.6238996006666,,18.854338558027777,0,0,0,0,0,0,0,0,0,0,0,0,0,1,0,1,0,1,0,0,1,1,0,13,0,0,0,4,0,0,0.0,1.0,0.0,0.0,0.0,1.0,0.0,0.0,0.0,0.0,0.0,0.0
roll_02,2025-12-08T00:00:00+00:00,2026-01-19T00:00:00+00:00,2026-01-19T00:00:00+00:00,2026-01-26T00:00:00+00:00,1,0,2025-12-28 20:00:00+00:00,2025-12-28 21:00:00+00:00,367.2022001646667,6,932.8222132295276,347.6238996006666,357.4805841060556,373.5927442101111,0,0,0,1,0,20,0.5000000000000001,-0.8660254037844386,0,1,12,4.205901101972223,9.212899517138888,4.812656124666667,4.48465907975,19.27614914130556,19.668785502,18.854338558027777,19.42894610322222,0.0,0.0,0.0,0.0,0,night,0,0.0,0,1,373.5927442101111,,19.27614914130556,0,0,0,0,0,0,0,0,0,0,0,0,0,1,0,1,0,1,0,0,1,1,0,13,0,0,0,4,0,0,0.0,1.0,0.0,0.0,0.0,1.0,0.0,0.0,0.0,0.0,0.0,0.0
roll_02,2025-12-08T00:00:00+00:00,2026-01-19T00:00:00+00:00,2026-01-19T00:00:00+00:00,2026-01-26T00:00:00+00:00,1,0,2025-12-28 21:00:00+00:00,2025-12-28 22:00:00+00:00,368.0912177852777,6,821.0254124478056,373.5927442101111,358.13523294513885,367.2022001646667,0,0,0,1,0,21,0.7071067811865474,-0.7071067811865477,0,1,12,3.311285084416667,9.197458041694444,4.205901101972223,4.135157451916666,19.795937789305555,19.49961365358333,19.27614914130556,19.55357393094444,0.0,0.0,0.0,0.0,0,night,0,0.0,0,1,367.2022001646667,,19.795937789305555,0,0,0,0,0,0,0,0,0,0,0,0,0,1,0,1,0,1,0,0,1,1,0,13,0,0,0,4,0,0,0.0,1.0,0.0,0.0,0.0,1.0,0.0,0.0,0.0,1.0,0.0,0.0
roll_02,2025-12-08T00:00:00+00:00,2026-01-19T00:00:00+00:00,2026-01-19T00:00:00+00:00,2026-01-26T00:00:00+00:00,1,0,2025-12-28 22:00:00+00:00,2025-12-28 23:00:00+00:00,367.70770474175,6,991.7543113868888,367.2022001646667,355.3425132031666,368.0912177852777,0,0,0,1,0,22,0.8660254037844384,-0.5000000000000004,0,1,12,2.539963719861111,9.1369727355,3.311285084416667,3.4543542541388894,19.54445144916667,19.240997329722223,19.795937789305555,19.34225987938889,0.0,0.0,0.0,0.0,0,night,0,0.0,0,1,368.0912177852777,,19.54445144916667,0,0,0,0,0,0,0,0,0,0,0,0,0,1,0,1,0,1,0,0,1,1,0,13,0,0,0,4,0,0,0.0,1.0,0.0,0.0,0.0,1.0,0.0,0.0,0.0,1.0,0.0,0.0
roll_02,2025-12-08T00:00:00+00:00,2026-01-19T00:00:00+00:00,2026-01-19T00:00:00+00:00,2026-01-26T00:00:00+00:00,1,0,2025-12-28 23:00:00+00:00,2025-12-29 00:00:00+00:00,389.9997956101389,6,832.6109956094723,368.0912177852777,379.8121640126667,367.70770474175,0,0,0,1,0,23,0.965925826289068,-0.2588190451025215,0,1,12,2.0951485834444443,9.025627419194445,2.539963719861111,2.770150504111111,19.316662574722223,19.732401234666668,19.54445144916667,19.373468451388888,0.0,0.0,0.0,0.0,0,night,0,0.0,0,1,367.70770474175,,19.316662574722223,0,0,0,0,0,0,0,0,0,0,0,0,0,1,0,1,0,1,0,0,1,1,0,13,0,0,0,4,0,0,0.0,1.0,0.0,0.0,0.0,1.0,0.0,0.0,0.0,1.0,0.0,0.0
roll_02,2025-12-08T00:00:00+00:00,2026-01-19T00:00:00+00:00,2026-01-19T00:00:00+00:00,2026-01-26T00:00:00+00:00,1,0,2025-12-29 00:00:00+00:00,2025-12-29 01:00:00+00:00,367.0695589463889,0,390.8382736234167,367.70770474175,361.3767345834444,389.9997956101389,0,0,0,1,0,0,1.0,0.0,0,0,12,1.7988123855,9.164455496027776,2.0951485834444443,2.3211953455,19.33051850586111,20.033224901472224,19.316662574722223,19.45808851136111,0.0,0.0,0.0,0.0,0,night,0,0.0,0,1,389.9997956101389,,19.33051850586111,0,0,0,0,0,0,0,0,0,0,0,0,0,0,1,1,0,1,0,0,1,1,0,13,0,0,0,4,0,0,0.0,1.0,0.0,0.0,0.0,1.0,0.0,0.0,0.0,1.0,0.0,0.0
roll_02,2025-12-08T00:00:00+00:00,2026-01-19T00:00:00+00:00,2026-01-19T00:00:00+00:00,2026-01-26T00:00:00+00:00,1,0,2025-12-29 01:00:00+00:00,2025-12-29 02:00:00+00:00,369.03423989430553,0,406.7112800239444,389.9997956101389,365.5212679349722,367.0695589463889,0,0,0,1,0,1,0.9659258262890684,0.2588190451025207,0,0,12,1.5462220381944445,8.945666067555555,1.7988123855,2.0587098055555555,19.80955391025,20.24921482583333,19.33051850586111,19.737167603222225,0.0,0.0,0.0,0.0,0,night,0,0.0,0,1,367.0695589463889,,19.80955391025,0,0,0,0,0,0,0,0,0,0,0,0,0,0,1,1,0,1,0,0,1,1,0,13,0,0,0,4,0,0,0.0,1.0,0.0,0.0,0.0,1.0,0.0,0.0,0.0,1.0,0.0,0.0
roll_02,2025-12-08T00:00:00+00:00,2026-01-19T00:00:00+00:00,2026-01-19T00:00:00+00:00,2026-01-26T00:00:00+00:00,1,0,2025-12-29 02:00:00+00:00,2025-12-29 03:00:00+00:00,373.7673869672222,0,382.6579181039167,367.0695589463889,367.7212125968889,369.03423989430553,0,0,0,1,0,2,0.8660254037844387,0.4999999999999999,0,0,12,1.247712460138889,8.786621540611112,1.5462220381944445,1.816750970638889,19.895372603972223,20.22139835244444,19.80955391025,19.750656706833336,0.0,0.0,0.0,0.0,0,night,0,0.0,0,1,369.03423989430553,,19.895372603972223,0,0,0,0,0,0,0,0,0,0,0,0,0,0,1,1,0,1,0,0,1,1,0,13,0,0,0,4,0,0,0.0,1.0,0.0,0.0,0.0,1.0,0.0,0.0,0.0,1.0,0.0,0.0
roll_02,2025-12-08T00:00:00+00:00,2026-01-19T00:00:00+00:00,2026-01-19T00:00:00+00:00,2026-01-26T00:00:00+00:00,1,0,2025-12-29 03:00:00+00:00,2025-12-29 04:00:00+00:00,373.0262155800834,0,384.9322675995277,369.03423989430553,401.057145508,373.7673869672222,0,0,0,1,0,3,0.7071067811865476,0.7071067811865476,0,0,12,1.043835073527778,8.39716871425,1.247712460138889,1.5040153896944444,19.831001418000003,20.18632237111111,19.895372603972223,19.594243140722224,0.0,0.0,0.0,0.0,0,night,0,0.0,0,1,373.7673869672222,,19.831001418000003,0,0,0,0,0,0,0,0,0,0,0,0,0,0,1,1,0,1,0,0,1,1,0,13,0,0,0,4,0,0,0.0,1.0,0.0,0.0,0.0,1.0,0.0,0.0,0.0,0.0,0.0,0.0
roll_02,2025-12-08T00:00:00+00:00,2026-01-19T00:00:00+00:00,2026-01-19T00:00:00+00:00,2026-01-26T00:00:00+00:00,1,0,2025-12-29 04:00:00+00:00,2025-12-29 05:00:00+00:00,360.6734710383889,0,1052.4776154985557,373.7673869672222,370.43175336558335,373.0262155800834,0,0,0,1,0,4,0.5000000000000001,0.8660254037844386,0,0,12,0.9136506198888888,7.875929355111111,1.043835073527778,1.225751979138889,19.537323519944444,20.33999942825,19.831001418000003,19.658541817555555,0.0,0.0,0.0,0.0,0,night,0,0.0,0,1,373.0262155800834,,19.537323519944444,0,0,0,0,0,0,0,0,0,0,0,0,0,0,1,1,0,1,0,0,1,1,0,13,0,0,0,4,0,0,0.0,1.0,0.0,0.0,0.0,1.0,0.0,0.0,0.0,0.0,0.0,0.0
roll_02,2025-12-08T00:00:00+00:00,2026-01-19T00:00:00+00:00,2026-01-19T00:00:00+00:00,2026-01-26T00:00:00+00:00,1,0,2025-12-29 05:00:00+00:00,2025-12-29 06:00:00+00:00,357.7837211970278,0,1933.5917159146943,373.0262155800834,366.7768885936944,360.6734710383889,0,0,0,1,0,5,0.2588190451025207,0.9659258262890684,0,0,12,0.8999019196388889,7.6108265428055555,0.9136506198888888,0.7842006164444445,19.39684156163889,20.012676753055555,19.537323519944444,19.566275839694445,0.0,0.0,0.0,0.0,0,night,0,0.0,0,1,360.6734710383889,,19.39684156163889,0,0,0,0,0,0,0,0,0,0,0,0,0,0,1,1,0,1,0,0,1,1,0,13,0,0,0,4,0,0,0.0,1.0,0.0,0.0,0.0,1.0,0.0,0.0,0.0,0.0,0.0,0.0
roll_02,2025-12-08T00:00:00+00:00,2026-01-19T00:00:00+00:00,2026-01-19T00:00:00+00:00,2026-01-26T00:00:00+00:00,1,0,2025-12-29 06:00:00+00:00,2025-12-29 07:00:00+00:00,236.2113253830833,0,2922.5736036205,360.6734710383889,347.5298651954167,357.7837211970278,0,0,0,1,0,6,6.123233995736766e-17,1.0,0,0,12,0.8054245058333334,7.557931111611111,0.8999019196388889,0.6596432545,19.28097999775,19.715640701972223,19.39684156163889,19.54825882202778,0.0,0.0,0.0,0.0,0,night,0,0.0,0,1,357.7837211970278,,19.28097999775,0,0,0,0,0,0,0,0,0,0,0,0,0,0,1,1,0,1,0,0,1,1,0,13,0,0,0,4,0,0,0.0,1.0,0.0,0.0,0.0,1.0,0.0,0.0,0.0,0.0,0.0,0.0
roll_02,2025-12-08T00:00:00+00:00,2026-01-19T00:00:00+00:00,2026-01-19T00:00:00+00:00,2026-01-26T00:00:00+00:00,1,0,2025-12-29 07:00:00+00:00,2025-12-29 08:00:00+00:00,-376.7874814989445,0,1322.2964388655275,357.7837211970278,213.57513587311112,236.2113253830833,0,0,0,0,0,7,-0.2588190451025206,0.9659258262890684,0,0,12,0.8235293596388887,7.450005150972221,0.8054245058333334,1.0032870546111112,19.177150523722226,18.512363018777776,19.28097999775,19.319429871305555,0.0,0.0,0.0,0.0,1,night,0,0.0,0,1,236.2113253830833,0.0,19.177150523722226,0,0,0,0,0,0,0,0,0,0,0,0,0,0,0,0,0,0,0,0,0,0,0,0,0,0,0,0,0,0,0.0,1.0,0.0,0.0,0.0,0.0,0.0,0.0,0.0,0.0,0.0,0.0
roll_02,2025-12-08T00:00:00+00:00,2026-01-19T00:00:00+00:00,2026-01-19T00:00:00+00:00,2026-01-26T00:00:00+00:00,1,0,2025-12-29 08:00:00+00:00,2025-12-29 09:00:00+00:00,-748.6911305870555,0,2211.142324983083,236.2113253830833,-375.6545630103611,-376.7874814989445,0,1,0,0,0,8,-0.4999999999999998,0.8660254037844387,0,0,12,2.293467420861111,8.213777411027777,0.8235293596388887,2.796595270611112,19.651834155444444,18.507716258916663,19.177150523722226,19.609432373972226,686.2156231074722,195.02718582122225,0.0,720.1882904938889,1,med,0,0.0,0,1,-376.7874814989445,686.2156231074722,19.651834155444444,0,0,0,0,0,0,0,0,0,0,0,0,0,0,0,0,0,0,0,0,0,0,0,0,0,0,0,0,0,0,0.0,0.0,0.0,0.0,0.0,0.0,0.0,0.0,0.0,0.0,0.0,0.0
roll_02,2025-12-08T00:00:00+00:00,2026-01-19T00:00:00+00:00,2026-01-19T00:00:00+00:00,2026-01-26T00:00:00+00:00,1,0,2025-12-29 09:00:00+00:00,2025-12-29 10:00:00+00:00,-1036.7704300869725,0,469.87768446425,-376.7874814989445,-757.4587993783334,-748.6911305870555,0,1,0,0,0,9,-0.7071067811865475,0.7071067811865476,0,0,12,4.465843085861112,8.927070765861112,2.293467420861111,5.053835688861111,20.003498946,17.939095856694447,19.651834155444444,20.11055244008333,1086.598175170389,300.19882653152774,686.2156231074722,1116.24887950475,1,med,0,0.0,0,1,-748.6911305870555,1086.598175170389,20.003498946,0,0,0,0,0,0,0,0,0,0,0,0,0,0,0,0,0,0,0,0,0,0,0,0,0,0,0,0,0,0,0.0,0.0,0.0,0.0,0.0,0.0,0.0,0.0,0.0,0.0,0.0,0.0
roll_02,2025-12-08T00:00:00+00:00,2026-01-19T00:00:00+00:00,2026-01-19T00:00:00+00:00,2026-01-26T00:00:00+00:00,1,0,2025-12-29 10:00:00+00:00,2025-12-29 11:00:00+00:00,-1177.4503066385837,0,1421.663129932659,-748.6911305870555,-986.299093118,-1036.7704300869725,0,1,0,0,0,10,-0.8660254037844387,0.4999999999999999,0,0,12,6.40793442075,9.719285546944445,4.465843085861112,7.293614908027777,24.57891122530556,18.85140672290609,20.003498946,20.03705195922222,1409.35375281025,239.22611620353985,1086.598175170389,1359.3668214877223,1,high,0,0.0,0,2,-1036.7704300869725,1409.35375281025,24.57891122530556,0,0,0,0,0,0,0,0,0,0,0,0,0,0,0,0,0,0,0,0,0,0,0,0,0,0,0,0,0,0,0.0,0.0,0.0,0.0,0.0,0.0,0.0,0.0,0.0,0.0,0.0,0.0
roll_02,2025-12-08T00:00:00+00:00,2026-01-19T00:00:00+00:00,2026-01-19T00:00:00+00:00,2026-01-26T00:00:00+00:00,1,0,2025-12-29 11:00:00+00:00,2025-12-29 12:00:00+00:00,-1056.910718342889,0,1354.792774015139,-1036.7704300869725,-827.5470510217223,-1177.4503066385837,0,1,0,0,0,11,-0.9659258262890682,0.258819045102521,0,0,12,8.023639908444444,10.13427112263889,6.40793442075,9.714967204333334,21.026890621333333,18.94717150602777,24.57891122530556,20.90671222930556,1530.623058194361,274.55106961922223,1409.35375281025,1168.5609632096389,1,high,0,0.0,0,2,-1177.4503066385837,1530.623058194361,21.026890621333333,0,0,0,0,0,0,0,0,0,0,0,0,0,0,0,0,0,0,0,0,0,0,0,0,0,0,0,0,0,0,0.0,0.0,0.0,0.0,0.0,0.0,0.0,0.0,0.0,0.0,0.0,0.0
roll_02,2025-12-08T00:00:00+00:00,2026-01-19T00:00:00+00:00,2026-01-19T00:00:00+00:00,2026-01-26T00:00:00+00:00,1,0,2025-12-29 12:00:00+00:00,2025-12-29 13:00:00+00:00,-796.1083714203611,0,987.6637984131388,-1177.4503066385837,-1088.0776294835,-1056.910718342889,0,1,0,0,0,12,-1.0,1.2246467991473532e-16,0,0,12,9.522279540277776,11.152694811444444,8.023639908444444,10.915680623027775,20.358645536944444,18.97859550702778,21.026890621333333,21.165675567833336,1414.2290569010277,498.8977517815556,1530.623058194361,1444.0444436157777,1,high,0,0.0,0,2,-1056.910718342889,1414.2290569010277,20.358645536944444,0,0,0,0,0,0,0,0,0,0,0,0,0,0,0,0,0,0,0,0,0,0,0,0,0,0,0,0,0,0,0.0,0.0,0.0,0.0,0.0,0.0,0.0,0.0,0.0,0.0,0.0,0.0
roll_02,2025-12-08T00:00:00+00:00,2026-01-19T00:00:00+00:00,2026-01-19T00:00:00+00:00,2026-01-26T00:00:00+00:00,1,0,2025-12-29 13:00:00+00:00,2025-12-29 14:00:00+00:00,-225.11696680724995,0,678.0202888712499,-1056.910718342889,-812.0599004873611,-796.1083714203611,0,1,0,0,0,13,-0.9659258262890684,-0.2588190451025208,0,0,12,10.46599716272222,11.11379926427778,9.522279540277776,12.910558856638888,19.95099454458333,18.62865003925,20.358645536944444,20.54443348388889,1148.4817238972776,219.010268535,1414.2290569010277,1175.779753182611,1,med,0,0.0,0,3,-796.1083714203611,1148.4817238972776,19.95099454458333,0,0,0,0,0,0,0,0,0,0,0,0,0,0,0,0,0,0,0,0,0,0,0,0,0,0,0,0,0,0,0.0,0.0,0.0,0.0,0.0,0.0,0.0,0.0,0.0,0.0,0.0,0.0
roll_02,2025-12-08T00:00:00+00:00,2026-01-19T00:00:00+00:00,2026-01-19T00:00:00+00:00,2026-01-26T00:00:00+00:00,1,0,2025-12-29 14:00:00+00:00,2025-12-29 15:00:00+00:00,274.9308103430833,0,1971.0972112306388,-796.1083714203611,-215.0262351471389,-225.11696680724995,0,1,0,0,0,14,-0.8660254037844388,-0.4999999999999997,0,0,12,11.595991995583333,10.638963405944445,10.46599716272222,13.545616543833331,19.08867390116667,18.682252680055555,19.95099454458333,19.930896537444443,544.9930693513334,130.25877211019443,1148.4817238972776,542.3528126615555,1,med,0,0.0,0,3,-225.11696680724995,544.9930693513334,19.08867390116667,0,0,0,0,0,0,0,0,0,0,0,0,0,0,0,0,0,0,0,0,0,0,0,0,0,0,0,0,0,0,0.0,0.0,0.0,0.0,0.0,0.0,0.0,0.0,0.0,0.0,0.0,0.0
roll_02,2025-12-08T00:00:00+00:00,2026-01-19T00:00:00+00:00,2026-01-19T00:00:00+00:00,2026-01-26T00:00:00+00:00,1,0,2025-12-29 15:00:00+00:00,2025-12-29 16:00:00+00:00,299.35345929430554,0,1766.4647968451666,-225.11696680724995,304.09533166875,274.9308103430833,0,0,0,0,0,15,-0.7071067811865479,-0.7071067811865471,0,0,12,11.182110952777778,9.645733651055556,11.595991995583333,10.760542923944444,18.70999950027777,18.600687282194443,19.08867390116667,18.74811664886111,0.0,0.0,544.9930693513334,0.0,1,night,0,0.0,0,3,274.9308103430833,0.0,18.70999950027777,0,0,0,0,0,0,0,0,0,0,0,0,0,0,0,0,0,0,0,0,0,0,0,0,0,0,0,0,0,0,0.0,0.0,0.0,0.0,0.0,0.0,0.0,0.0,0.0,0.0,0.0,0.0
roll_02,2025-12-08T00:00:00+00:00,2026-01-19T00:00:00+00:00,2026-01-19T00:00:00+00:00,2026-01-26T00:00:00+00:00,1,0,2025-12-29 16:00:00+00:00,2025-12-29 17:00:00+00:00,334.3983290463611,0,1501.2055345122224,274.9308103430833,328.64061416466666,299.35345929430554,0,0,0,0,0,16,-0.5000000000000004,-0.8660254037844385,0,0,12,8.42564126463889,8.889294297944446,11.182110952777778,7.7848664565,18.48253173033333,18.736146014777777,18.70999950027777,18.821825127,0.0,0.0,0.0,0.0,0,night,0,0.0,0,2,299.35345929430554,0.0,18.48253173033333,0,0,0,0,0,0,0,0,0,0,0,0,0,0,0,0,0,0,0,0,0,0,0,0,0,0,0,0,0,0,0.0,0.0,0.0,0.0,0.0,0.0,0.0,0.0,0.0,0.0,0.0,0.0
roll_02,2025-12-08T00:00:00+00:00,2026-01-19T00:00:00+00:00,2026-01-19T00:00:00+00:00,2026-01-26T00:00:00+00:00,1,0,2025-12-29 17:00:00+00:00,2025-12-29 18:00:00+00:00,327.8448692555833,0,1448.407920836639,299.35345929430554,377.6337263319722,334.3983290463611,0,0,0,0,0,17,-0.2588190451025206,-0.9659258262890684,0,0,12,6.9654373745,8.245378829861112,8.42564126463889,5.855453705861112,18.771727813722222,18.583919603916662,18.48253173033333,19.036749769666667,0.0,0.0,0.0,0.0,0,night,0,0.0,0,2,334.3983290463611,0.0,18.771727813722222,0,0,0,0,0,0,0,0,0,0,0,0,0,0,0,0,0,0,0,0,0,0,0,0,0,0,0,0,0,0,0.0,0.0,0.0,0.0,0.0,0.0,0.0,0.0,0.0,0.0,0.0,0.0
roll_02,2025-12-08T00:00:00+00:00,2026-01-19T00:00:00+00:00,2026-01-19T00:00:00+00:00,2026-01-26T00:00:00+00:00,1,0,2025-12-29 18:00:00+00:00,2025-12-29 19:00:00+00:00,341.96716604933334,0,2590.3615546464166,334.3983290463611,351.2298802091111,327.8448692555833,0,0,0,1,0,18,-1.8369701987210294e-16,-1.0,0,0,12,5.612912573833333,7.8293488930277775,6.9654373745,4.91005411775,18.84414692511111,18.30589932511111,18.771727813722222,19.04493228558333,0.0,0.0,0.0,0.0,0,night,0,0.0,0,2,327.8448692555833,,18.84414692511111,0,0,0,0,0,0,0,0,0,0,0,0,0,1,0,1,0,1,0,0,1,1,0,13,0,0,0,4,0,0,0.0,0.0,0.0,0.0,0.0,1.0,0.0,0.0,0.0,0.0,0.0,0.0
roll_02,2025-12-08T00:00:00+00:00,2026-01-19T00:00:00+00:00,2026-01-19T00:00:00+00:00,2026-01-26T00:00:00+00:00,1,0,2025-12-29 19:00:00+00:00,2025-12-29 20:00:00+00:00,332.4372194427778,0,1841.6629899936388,327.8448692555833,347.6238996006666,341.96716604933334,0,0,0,1,0,19,0.2588190451025203,-0.9659258262890684,0,0,12,4.965045215027778,7.70874082575,5.612912573833333,4.812656124666667,18.92583041980556,19.12071893402777,18.84414692511111,18.854338558027777,0.0,0.0,0.0,0.0,0,night,0,0.0,0,1,341.96716604933334,,18.92583041980556,0,0,0,0,0,0,0,0,0,0,0,0,0,1,0,1,0,1,0,0,1,1,0,13,0,0,0,4,0,0,0.0,1.0,0.0,0.0,0.0,1.0,0.0,0.0,0.0,0.0,0.0,0.0
roll_02,2025-12-08T00:00:00+00:00,2026-01-19T00:00:00+00:00,2026-01-19T00:00:00+00:00,2026-01-26T00:00:00+00:00,1,0,2025-12-29 20:00:00+00:00,2025-12-29 21:00:00+00:00,365.7206281226667,0,2758.463187449722,341.96716604933334,373.5927442101111,332.4372194427778,0,0,0,1,0,20,0.5000000000000001,-0.8660254037844386,0,0,12,4.110587954861111,7.672193065166667,4.965045215027778,4.205901101972223,19.425436893166665,19.30354385755556,18.92583041980556,19.27614914130556,0.0,0.0,0.0,0.0,0,night,0,0.0,0,1,332.4372194427778,,19.425436893166665,0,0,0,0,0,0,0,0,0,0,0,0,0,1,0,1,0,1,0,0,1,1,0,13,0,0,0,4,0,0,0.0,1.0,0.0,0.0,0.0,1.0,0.0,0.0,0.0,0.0,0.0,0.0
roll_02,2025-12-08T00:00:00+00:00,2026-01-19T00:00:00+00:00,2026-01-19T00:00:00+00:00,2026-01-26T00:00:00+00:00,1,0,2025-12-29 21:00:00+00:00,2025-12-29 22:00:00+00:00,345.6345537003611,0,1338.005891527,332.4372194427778,367.2022001646667,365.7206281226667,0,0,0,1,0,21,0.7071067811865474,-0.7071067811865477,0,0,12,3.453181263416667,7.601766442138889,4.110587954861111,3.311285084416667,19.35503931358333,18.95418810275,19.425436893166665,19.795937789305555,0.0,0.0,0.0,0.0,0,night,0,0.0,0,1,365.7206281226667,,19.35503931358333,0,0,0,0,0,0,0,0,0,0,0,0,0,1,0,1,0,1,0,0,1,1,0,13,0,0,0,4,0,0,0.0,1.0,0.0,0.0,0.0,1.0,0.0,0.0,0.0,0.0,0.0,0.0
roll_02,2025-12-08T00:00:00+00:00,2026-01-19T00:00:00+00:00,2026-01-19T00:00:00+00:00,2026-01-26T00:00:00+00:00,1,0,2025-12-29 22:00:00+00:00,2025-12-29 23:00:00+00:00,337.17797525550003,0,1278.1348253444166,365.7206281226667,368.0912177852777,345.6345537003611,0,0,0,1,0,22,0.8660254037844384,-0.5000000000000004,0,0,12,2.787433660527778,7.7800186992222224,3.453181263416667,2.539963719861111,19.27071868405556,19.41307764922222,19.35503931358333,19.54445144916667,0.0,0.0,0.0,0.0,0,night,0,0.0,0,1,345.6345537003611,,19.27071868405556,0,0,0,0,0,0,0,0,0,0,0,0,0,1,0,1,0,1,0,0,1,1,0,13,0,0,0,4,0,0,0.0,1.0,0.0,0.0,0.0,1.0,0.0,0.0,0.0,0.0,0.0,0.0
roll_02,2025-12-08T00:00:00+00:00,2026-01-19T00:00:00+00:00,2026-01-19T00:00:00+00:00,2026-01-26T00:00:00+00:00,1,0,2025-12-29 23:00:00+00:00,2025-12-30 00:00:00+00:00,341.8693705324722,0,1373.4179251498333,345.6345537003611,367.70770474175,337.17797525550003,0,0,0,1,0,23,0.965925826289068,-0.2588190451025215,0,0,12,2.484042411305556,7.875581902638889,2.787433660527778,2.0951485834444443,19.636123669416666,19.78863291111111,19.27071868405556,19.316662574722223,0.0,0.0,0.0,0.0,0,night,0,0.0,0,1,337.17797525550003,,19.636123669416666,0,0,0,0,0,0,0,0,0,0,0,0,0,1,0,1,0,1,0,0,1,1,0,13,0,0,0,4,0,0,0.0,1.0,0.0,0.0,0.0,1.0,0.0,0.0,0.0,0.0,0.0,0.0
roll_02,2025-12-08T00:00:00+00:00,2026-01-19T00:00:00+00:00,2026-01-19T00:00:00+00:00,2026-01-26T00:00:00+00:00,1,0,2025-12-30 00:00:00+00:00,2025-12-30 01:00:00+00:00,350.00447999997226,1,463.2891560609723,337.17797525550003,389.9997956101389,341.8693705324722,0,0,0,1,0,0,1.0,0.0,0,0,12,2.281468937,7.867724397138889,2.484042411305556,1.7988123855,19.74053250030555,20.3099888755,19.636123669416666,19.33051850586111,0.0,0.0,0.0,0.0,0,night,0,0.0,0,1,341.8693705324722,,19.74053250030555,0,0,0,0,0,0,0,0,0,0,0,0,0,0,1,1,0,1,0,0,1,1,0,13,0,0,0,4,0,0,0.0,1.0,0.0,0.0,0.0,1.0,0.0,0.0,0.0,0.0,0.0,0.0
roll_02,2025-12-08T00:00:00+00:00,2026-01-19T00:00:00+00:00,2026-01-19T00:00:00+00:00,2026-01-26T00:00:00+00:00,1,0,2025-12-30 01:00:00+00:00,2025-12-30 02:00:00+00:00,346.9968538408333,1,399.64195714208336,341.8693705324722,367.0695589463889,350.00447999997226,0,0,0,1,0,1,0.9659258262890684,0.2588190451025207,0,0,12,2.0666709799166667,7.888569913777778,2.281468937,1.5462220381944445,19.65304972875,19.982422640777777,19.74053250030555,19.80955391025,0.0,0.0,0.0,0.0,0,night,0,0.0,0,1,350.00447999997226,,19.65304972875,0,0,0,0,0,0,0,0,0,0,0,0,0,0,1,1,0,1,0,0,1,1,0,13,0,0,0,4,0,0,0.0,1.0,0.0,0.0,0.0,1.0,0.0,0.0,0.0,0.0,0.0,0.0
roll_02,2025-12-08T00:00:00+00:00,2026-01-19T00:00:00+00:00,2026-01-19T00:00:00+00:00,2026-01-26T00:00:00+00:00,1,0,2025-12-30 02:00:00+00:00,2025-12-30 03:00:00+00:00,340.0678877315278,1,427.2131930631388,350.00447999997226,369.03423989430553,346.9968538408333,0,0,0,1,0,2,0.8660254037844387,0.4999999999999999,0,0,12,1.8770075697777773,7.8259988100277775,2.0666709799166667,1.247712460138889,19.625006131416665,19.847243156833333,19.65304972875,19.895372603972223,0.0,0.0,0.0,0.0,0,night,0,0.0,0,1,346.9968538408333,,19.625006131416665,0,0,0,0,0,0,0,0,0,0,0,0,0,0,1,1,0,1,0,0,1,1,0,13,0,0,0,4,0,0,0.0,1.0,0.0,0.0,0.0,1.0,0.0,0.0,0.0,1.0,0.0,0.0
roll_02,2025-12-08T00:00:00+00:00,2026-01-19T00:00:00+00:00,2026-01-19T00:00:00+00:00,2026-01-26T00:00:00+00:00,1,0,2025-12-30 03:00:00+00:00,2025-12-30 04:00:00+00:00,360.94104162425,1,392.2338370769445,346.9968538408333,373.7673869672222,340.0678877315278,0,0,0,1,0,3,0.7071067811865476,0.7071067811865476,0,0,12,1.7338254285555557,7.853841559416668,1.8770075697777773,1.043835073527778,19.69892681713889,19.707851749416665,19.625006131416665,19.831001418000003,0.0,0.0,0.0,0.0,0,night,0,0.0,0,1,340.0678877315278,,19.69892681713889,0,0,0,0,0,0,0,0,0,0,0,0,0,0,1,1,0,1,0,0,1,1,0,13,0,0,0,4,0,0,0.0,1.0,0.0,0.0,0.0,1.0,0.0,0.0,0.0,1.0,0.0,0.0
roll_02,2025-12-08T00:00:00+00:00,2026-01-19T00:00:00+00:00,2026-01-19T00:00:00+00:00,2026-01-26T00:00:00+00:00,1,0,2025-12-30 04:00:00+00:00,2025-12-30 05:00:00+00:00,345.3493827404166,1,1068.0933405524722,340.0678877315278,373.0262155800834,360.94104162425,0,0,0,1,0,4,0.5000000000000001,0.8660254037844386,0,0,12,1.5531341845277775,7.679308716583333,1.7338254285555557,0.9136506198888888,19.46612233163889,19.68678210230556,19.69892681713889,19.537323519944444,0.0,0.0,0.0,0.0,0,night,0,0.0,0,1,360.94104162425,,19.46612233163889,0,0,0,0,0,0,0,0,0,0,0,0,0,0,1,1,0,1,0,0,1,1,0,13,0,0,0,4,0,0,0.0,1.0,0.0,0.0,0.0,1.0,0.0,0.0,0.0,0.0,0.0,0.0
roll_02,2025-12-08T00:00:00+00:00,2026-01-19T00:00:00+00:00,2026-01-19T00:00:00+00:00,2026-01-26T00:00:00+00:00,1,0,2025-12-30 05:00:00+00:00,2025-12-30 06:00:00+00:00,369.6610220877499,1,1961.0778504236112,360.94104162425,360.6734710383889,345.3493827404166,0,0,0,1,0,5,0.2588190451025207,0.9659258262890684,0,0,12,1.393027037222222,7.752307276694444,1.5531341845277775,0.8999019196388889,19.32557817416667,20.102411716972224,19.46612233163889,19.39684156163889,0.0,0.0,0.0,0.0,0,night,0,0.0,0,1,345.3493827404166,,19.32557817416667,0,0,0,0,0,0,0,0,0,0,0,0,0,0,1,1,0,1,0,0,1,1,0,13,0,0,0,4,0,0,0.0,1.0,0.0,0.0,0.0,1.0,0.0,0.0,0.0,0.0,0.0,0.0
roll_02,2025-12-08T00:00:00+00:00,2026-01-19T00:00:00+00:00,2026-01-19T00:00:00+00:00,2026-01-26T00:00:00+00:00,1,0,2025-12-30 06:00:00+00:00,2025-12-30 07:00:00+00:00,208.72767761694445,1,1965.534701177139,345.3493827404166,357.7837211970278,369.6610220877499,0,0,0,1,0,6,6.123233995736766e-17,1.0,0,0,12,1.3078122491666666,7.937142865333333,1.393027037222222,0.8054245058333334,19.009140713083333,20.26481598527777,19.32557817416667,19.28097999775,0.0,0.0,0.0,0.0,0,night,0,0.0,0,1,369.6610220877499,,19.009140713083333,0,0,0,0,0,0,0,0,0,0,0,0,0,0,1,1,0,1,0,0,1,1,0,13,0,0,0,4,0,0,0.0,1.0,0.0,0.0,0.0,1.0,0.0,0.0,0.0,0.0,0.0,0.0
roll_02,2025-12-08T00:00:00+00:00,2026-01-19T00:00:00+00:00,2026-01-19T00:00:00+00:00,2026-01-26T00:00:00+00:00,1,0,2025-12-30 07:00:00+00:00,2025-12-30 08:00:00+00:00,1113.5958109789167,1,551.9867818240277,369.6610220877499,236.2113253830833,208.72767761694445,0,0,0,0,0,7,-0.2588190451025206,0.9659258262890684,0,0,12,1.386689706388889,7.954116691083333,1.3078122491666666,0.8235293596388887,19.066088141250003,19.43557900361111,19.009140713083333,19.177150523722226,0.0,0.0,0.0,0.0,1,night,0,0.0,0,1,208.72767761694445,0.0,19.066088141250003,0,0,0,0,0,0,0,0,0,0,0,0,0,0,0,0,0,0,0,0,0,0,0,0,0,0,0,0,0,0,0.0,1.0,0.0,0.0,0.0,0.0,0.0,0.0,0.0,0.0,0.0,0.0
roll_02,2025-12-08T00:00:00+00:00,2026-01-19T00:00:00+00:00,2026-01-19T00:00:00+00:00,2026-01-26T00:00:00+00:00,1,0,2025-12-30 08:00:00+00:00,2025-12-30 09:00:00+00:00,1477.734757452639,1,570.9922765172499,208.72767761694445,-376.7874814989445,1113.5958109789167,0,0,0,0,0,8,-0.4999999999999998,0.8660254037844387,0,0,12,2.3791948185000003,8.11013533947222,1.386689706388889,2.293467420861111,19.91185182108333,18.847749309694446,19.066088141250003,19.651834155444444,520.7646609066388,0.0,0.0,686.2156231074722,1,med,0,0.0,0,1,1113.5958109789167,520.7646609066388,19.91185182108333,0,0,0,0,0,0,0,0,0,0,0,0,0,0,0,0,0,0,0,0,0,0,0,0,0,0,0,0,0,0,0.0,0.0,0.0,0.0,0.0,0.0,0.0,0.0,0.0,0.0,0.0,0.0
roll_02,2025-12-08T00:00:00+00:00,2026-01-19T00:00:00+00:00,2026-01-19T00:00:00+00:00,2026-01-26T00:00:00+00:00,1,0,2025-12-30 09:00:00+00:00,2025-12-30 10:00:00+00:00,2094.9878837388333,1,589.9273594475833,1113.5958109789167,-748.6911305870555,1477.734757452639,0,0,0,0,0,9,-0.7071067811865475,0.7071067811865476,0,0,12,3.197297669638889,8.2888513755,2.3791948185000003,4.465843085861112,20.073569188472224,18.554306896472223,19.91185182108333,20.003498946,698.5778901221111,26.348555697805555,520.7646609066388,1086.598175170389,1,med,0,0.0,0,1,1477.734757452639,698.5778901221111,20.073569188472224,0,0,0,0,0,0,0,0,0,0,0,0,0,0,0,0,0,0,0,0,0,0,0,0,0,0,0,0,0,0,0.0,0.0,0.0,0.0,0.0,0.0,0.0,0.0,0.0,0.0,0.0,0.0
roll_02,2025-12-08T00:00:00+00:00,2026-01-19T00:00:00+00:00,2026-01-19T00:00:00+00:00,2026-01-26T00:00:00+00:00,1,0,2025-12-30 10:00:00+00:00,2025-12-30 11:00:00+00:00,1835.183068767084,1,1718.39287691475,1477.734757452639,-1036.7704300869725,2094.9878837388333,0,0,0,0,0,10,-0.8660254037844387,0.4999999999999999,0,0,12,2.669103076555556,8.69095310761111,3.197297669638889,6.40793442075,19.750522081194443,18.096338875944443,20.073569188472224,24.57891122530556,235.49601449947224,43.84769447391667,698.5778901221111,1409.35375281025,1,low,0,0.0,0,1,2094.9878837388333,235.49601449947224,19.750522081194443,0,0,0,0,0,0,0,0,0,0,0,0,0,0,0,0,0,0,0,0,0,0,0,0,0,0,0,0,0,0,0.0,0.0,0.0,0.0,0.0,0.0,0.0,0.0,0.0,0.0,0.0,0.0
roll_02,2025-12-08T00:00:00+00:00,2026-01-19T00:00:00+00:00,2026-01-19T00:00:00+00:00,2026-01-26T00:00:00+00:00,1,0,2025-12-30 11:00:00+00:00,2025-12-30 12:00:00+00:00,1619.5322354404443,1,1375.5148829470834,2094.9878837388333,-1177.4503066385837,1835.183068767084,0,0,0,0,0,11,-0.9659258262890682,0.258819045102521,0,0,12,3.9766328659722223,9.138529768944444,2.669103076555556,8.023639908444444,19.77343498144445,18.53337953308333,19.750522081194443,21.026890621333333,494.1241490910834,113.38559657783333,235.49601449947224,1530.623058194361,1,med,0,0.0,0,1,1835.183068767084,494.1241490910834,19.77343498144445,0,0,0,0,0,0,0,0,0,0,0,0,0,0,0,0,0,0,0,0,0,0,0,0,0,0,0,0,0,0,0.0,0.0,0.0,0.0,0.0,0.0,0.0,0.0,0.0,0.0,0.0,0.0
roll_02,2025-12-08T00:00:00+00:00,2026-01-19T00:00:00+00:00,2026-01-19T00:00:00+00:00,2026-01-26T00:00:00+00:00,1,0,2025-12-30 12:00:00+00:00,2025-12-30 13:00:00+00:00,1925.637555785389,1,1486.9411033013612,1835.183068767084,-1056.910718342889,1619.5322354404443,0,0,0,0,0,12,-1.0,1.2246467991473532e-16,0,0,12,4.9967268885000005,9.712624649166669,3.9766328659722223,9.522279540277776,19.852502909027777,22.27589306130556,19.77343498144445,20.358645536944444,600.6711281933888,103.73704606202776,494.1241490910834,1414.2290569010277,1,med,0,0.0,0,1,1619.5322354404443,600.6711281933888,19.852502909027777,0,0,0,0,0,0,0,0,0,0,0,0,0,0,0,0,0,0,0,0,0,0,0,0,0,0,0,0,0,0,0.0,0.0,0.0,0.0,0.0,0.0,0.0,0.0,0.0,0.0,0.0,0.0
roll_02,2025-12-08T00:00:00+00:00,2026-01-19T00:00:00+00:00,2026-01-19T00:00:00+00:00,2026-01-26T00:00:00+00:00,1,0,2025-12-30 13:00:00+00:00,2025-12-30 14:00:00+00:00,2008.678274972639,1,1310.9746478644167,1619.5322354404443,-796.1083714203611,1925.637555785389,0,0,0,0,0,13,-0.9659258262890684,-0.2588190451025208,0,0,12,5.509798222916667,9.763169745555556,4.9967268885000005,10.46599716272222,19.69621308038889,18.911887882722223,19.852502909027777,19.95099454458333,467.4493078776389,44.97819954930555,600.6711281933888,1148.4817238972776,1,med,0,0.0,0,2,1925.637555785389,467.4493078776389,19.69621308038889,0,0,0,0,0,0,0,0,0,0,0,0,0,0,0,0,0,0,0,0,0,0,0,0,0,0,0,0,0,0,0.0,0.0,0.0,0.0,0.0,0.0,0.0,0.0,0.0,0.0,0.0,0.0
roll_02,2025-12-08T00:00:00+00:00,2026-01-19T00:00:00+00:00,2026-01-19T00:00:00+00:00,2026-01-26T00:00:00+00:00,1,0,2025-12-30 14:00:00+00:00,2025-12-30 15:00:00+00:00,2601.6690819676387,1,1343.035586198222,1925.637555785389,-225.11696680724995,2008.678274972639,0,0,0,0,0,14,-0.8660254037844388,-0.4999999999999997,0,0,12,6.698623911722223,9.776337796694444,5.509798222916667,11.595991995583333,19.54129957072222,18.831415108694447,19.69621308038889,19.08867390116667,273.6858356316389,10.96957993613889,467.4493078776389,544.9930693513334,1,low,0,0.0,0,2,2008.678274972639,273.6858356316389,19.54129957072222,0,0,0,0,0,0,0,0,0,0,0,0,0,0,0,0,0,0,0,0,0,0,0,0,0,0,0,0,0,0,0.0,0.0,0.0,0.0,0.0,0.0,0.0,0.0,0.0,0.0,0.0,0.0
roll_02,2025-12-08T00:00:00+00:00,2026-01-19T00:00:00+00:00,2026-01-19T00:00:00+00:00,2026-01-26T00:00:00+00:00,1,0,2025-12-30 15:00:00+00:00,2025-12-30 16:00:00+00:00,2699.4798030592224,1,1535.2560558796113,2008.678274972639,274.9308103430833,2601.6690819676387,0,0,0,0,0,15,-0.7071067811865479,-0.7071067811865471,0,0,12,5.780503472194444,9.819836279944443,6.698623911722223,11.182110952777778,19.427268688972223,18.41698626236111,19.54129957072222,18.70999950027777,0.0,0.0,273.6858356316389,0.0,1,night,0,0.0,0,2,2601.6690819676387,0.0,19.427268688972223,0,0,0,0,0,0,0,0,0,0,0,0,0,0,0,0,0,0,0,0,0,0,0,0,0,0,0,0,0,0,0.0,0.0,0.0,0.0,0.0,0.0,0.0,0.0,0.0,0.0,0.0,0.0
roll_02,2025-12-08T00:00:00+00:00,2026-01-19T00:00:00+00:00,2026-01-19T00:00:00+00:00,2026-01-26T00:00:00+00:00,1,0,2025-12-30 16:00:00+00:00,2025-12-30 17:00:00+00:00,3101.2290870946395,1,3076.889536341667,2601.6690819676387,299.35345929430554,2699.4798030592224,0,0,0,0,0,16,-0.5000000000000004,-0.8660254037844385,0,0,12,4.608274887222222,9.682033589944444,5.780503472194444,8.42564126463889,19.53470905580556,18.3207470305,19.427268688972223,18.48253173033333,0.0,0.0,0.0,0.0,0,night,0,0.0,0,1,2699.4798030592224,0.0,19.53470905580556,0,0,0,0,0,0,0,0,0,0,0,0,0,0,0,0,0,0,0,0,0,0,0,0,0,0,0,0,0,0,0.0,0.0,0.0,0.0,0.0,0.0,0.0,0.0,0.0,0.0,0.0,0.0
roll_02,2025-12-08T00:00:00+00:00,2026-01-19T00:00:00+00:00,2026-01-19T00:00:00+00:00,2026-01-26T00:00:00+00:00,1,0,2025-12-30 17:00:00+00:00,2025-12-30 18:00:00+00:00,2861.349721383805,1,3026.765225557556,2699.4798030592224,334.3983290463611,3101.2290870946395,0,0,0,0,0,17,-0.2588190451025206,-0.9659258262890684,0,0,12,3.980280469833333,9.61639458672222,4.608274887222222,6.9654373745,19.50010553961112,18.37434000127778,19.53470905580556,18.771727813722222,0.0,0.0,0.0,0.0,0,night,0,0.0,0,1,3101.2290870946395,0.0,19.50010553961112,0,0,0,0,0,0,0,0,0,0,0,0,0,0,0,0,0,0,0,0,0,0,0,0,0,0,0,0,0,0,0.0,0.0,0.0,0.0,0.0,0.0,0.0,0.0,0.0,0.0,0.0,0.0
roll_02,2025-12-08T00:00:00+00:00,2026-01-19T00:00:00+00:00,2026-01-19T00:00:00+00:00,2026-01-26T00:00:00+00:00,1,0,2025-12-30 18:00:00+00:00,2025-12-30 19:00:00+00:00,2973.5114247274164,1,3609.998339521917,3101.2290870946395,327.8448692555833,2861.349721383805,0,0,0,0,0,18,-1.8369701987210294e-16,-1.0,0,0,12,3.4060116445277777,9.223983440083334,3.980280469833333,5.612912573833333,19.40655724655556,18.19997007697222,19.50010553961112,18.84414692511111,0.0,0.0,0.0,0.0,0,night,0,0.0,0,1,2861.349721383805,0.0,19.40655724655556,0,0,0,0,0,0,0,0,0,0,0,0,0,0,0,0,0,0,0,0,0,0,0,0,0,0,0,0,0,0,0.0,0.0,0.0,0.0,0.0,1.0,0.0,0.0,0.0,0.0,0.0,0.0
roll_02,2025-12-08T00:00:00+00:00,2026-01-19T00:00:00+00:00,2026-01-19T00:00:00+00:00,2026-01-26T00:00:00+00:00,1,0,2025-12-30 19:00:00+00:00,2025-12-30 20:00:00+00:00,3413.832817381028,1,3181.712894327639,2861.349721383805,341.96716604933334,2973.5114247274164,0,0,0,0,0,19,0.2588190451025203,-0.9659258262890684,0,0,12,3.471392185,8.869093960222221,3.4060116445277777,4.965045215027778,19.856746364611112,18.44754447925,19.40655724655556,18.92583041980556,0.0,0.0,0.0,0.0,0,night,0,0.0,0,1,2973.5114247274164,0.0,19.856746364611112,0,0,0,0,0,0,0,0,0,0,0,0,0,0,0,0,0,0,0,0,0,0,0,0,0,0,0,0,0,0,0.0,0.0,0.0,0.0,0.0,1.0,0.0,0.0,0.0,0.0,0.0,0.0
roll_02,2025-12-08T00:00:00+00:00,2026-01-19T00:00:00+00:00,2026-01-19T00:00:00+00:00,2026-01-26T00:00:00+00:00,1,0,2025-12-30 20:00:00+00:00,2025-12-30 21:00:00+00:00,3047.7479014198057,1,1130.735246179778,2973.5114247274164,332.4372194427778,3413.832817381028,0,0,0,0,0,20,0.5000000000000001,-0.8660254037844386,0,0,12,3.1609241382777777,8.78516129211111,3.471392185,4.110587954861111,20.20994697230556,19.152017655,19.856746364611112,19.425436893166665,0.0,0.0,0.0,0.0,0,night,0,0.0,0,1,3413.832817381028,0.0,20.20994697230556,0,0,0,0,0,0,0,0,0,0,0,0,0,0,0,0,0,0,0,0,0,0,0,0,0,0,0,0,0,0,0.0,0.0,0.0,0.0,0.0,1.0,0.0,0.0,0.0,0.0,0.0,0.0
roll_02,2025-12-08T00:00:00+00:00,2026-01-19T00:00:00+00:00,2026-01-19T00:00:00+00:00,2026-01-26T00:00:00+00:00,1,0,2025-12-30 21:00:00+00:00,2025-12-30 22:00:00+00:00,2978.7885580551942,1,699.9757219978055,3413.832817381028,365.7206281226667,3047.7479014198057,0,0,0,0,0,21,0.7071067811865474,-0.7071067811865477,0,0,12,3.0709848782777773,8.975314061916666,3.1609241382777777,3.453181263416667,20.14678556661111,19.56986868888889,20.20994697230556,19.35503931358333,0.0,0.0,0.0,0.0,0,night,0,0.0,0,1,3047.7479014198057,0.0,20.14678556661111,0,0,0,0,0,0,0,0,0,0,0,0,0,0,0,0,0,0,0,0,0,0,0,0,0,0,0,0,0,0,0.0,0.0,0.0,0.0,0.0,1.0,0.0,0.0,0.0,0.0,0.0,0.0
roll_02,2025-12-08T00:00:00+00:00,2026-01-19T00:00:00+00:00,2026-01-19T00:00:00+00:00,2026-01-26T00:00:00+00:00,1,0,2025-12-30 22:00:00+00:00,2025-12-30 23:00:00+00:00,3419.82747502625,1,376.3393596876388,3047.7479014198057,345.6345537003611,2978.7885580551942,0,0,0,0,0,22,0.8660254037844384,-0.5000000000000004,0,0,12,3.442532726444444,9.03694580325,3.0709848782777773,2.787433660527778,19.883793013916662,19.54684440388889,20.14678556661111,19.27071868405556,0.0,0.0,0.0,0.0,0,night,0,0.0,0,1,2978.7885580551942,0.0,19.883793013916662,0,0,0,0,0,0,0,0,0,0,0,0,0,0,0,0,0,0,0,0,0,0,0,0,0,0,0,0,0,0,0.0,0.0,0.0,0.0,0.0,1.0,0.0,0.0,0.0,0.0,0.0,0.0
roll_02,2025-12-08T00:00:00+00:00,2026-01-19T00:00:00+00:00,2026-01-19T00:00:00+00:00,2026-01-26T00:00:00+00:00,1,0,2025-12-30 23:00:00+00:00,2025-12-31 00:00:00+00:00,3213.6574599861383,1,389.9834102413611,2978.7885580551942,337.17797525550003,3419.82747502625,0,0,0,0,0,23,0.965925826289068,-0.2588190451025215,0,0,12,3.135033432888889,9.014495584722225,3.442532726444444,2.484042411305556,20.32692703261112,19.75481239861111,19.883793013916662,19.636123669416666,0.0,0.0,0.0,0.0,0,night,0,0.0,0,1,3419.82747502625,0.0,20.32692703261112,0,0,0,0,0,0,0,0,0,0,0,0,0,0,0,0,0,0,0,0,0,0,0,0,0,0,0,0,0,0,0.0,0.0,0.0,0.0,0.0,1.0,0.0,0.0,0.0,0.0,0.0,0.0
roll_02,2025-12-08T00:00:00+00:00,2026-01-19T00:00:00+00:00,2026-01-19T00:00:00+00:00,2026-01-26T00:00:00+00:00,1,0,2025-12-31 00:00:00+00:00,2025-12-31 01:00:00+00:00,3135.719161899972,2,378.09569447377777,3419.82747502625,341.8693705324722,3213.6574599861383,0,0,0,0,0,0,1.0,0.0,0,0,12,3.4767909725833337,8.89687604175,3.135033432888889,2.281468937,20.748222279388887,19.948878169361112,20.32692703261112,19.74053250030555,0.0,0.0,0.0,0.0,0,night,0,0.0,0,1,3213.6574599861383,0.0,20.748222279388887,0,0,0,0,0,0,0,0,0,0,0,0,0,0,0,0,0,0,0,0,0,0,0,0,0,0,0,0,0,0,0.0,0.0,0.0,0.0,0.0,1.0,0.0,0.0,0.0,1.0,0.0,0.0
roll_02,2025-12-08T00:00:00+00:00,2026-01-19T00:00:00+00:00,2026-01-19T00:00:00+00:00,2026-01-26T00:00:00+00:00,1,0,2025-12-31 01:00:00+00:00,2025-12-31 02:00:00+00:00,3558.1238497141944,2,383.7696310296666,3213.6574599861383,350.00447999997226,3135.719161899972,0,0,0,0,0,1,0.9659258262890684,0.2588190451025207,0,0,12,4.021092488861111,8.386065871166666,3.4767909725833337,2.0666709799166667,20.71328974616667,20.228495966083333,20.748222279388887,19.65304972875,0.0,0.0,0.0,0.0,0,night,0,0.0,0,1,3135.719161899972,0.0,20.71328974616667,0,0,0,0,0,0,0,0,0,0,0,0,0,0,0,0,0,0,0,0,0,0,0,0,0,0,0,0,0,0,0.0,0.0,0.0,0.0,0.0,1.0,0.0,0.0,0.0,1.0,0.0,0.0
roll_02,2025-12-08T00:00:00+00:00,2026-01-19T00:00:00+00:00,2026-01-19T00:00:00+00:00,2026-01-26T00:00:00+00:00,1,0,2025-12-31 02:00:00+00:00,2025-12-31 03:00:00+00:00,3161.972769970389,2,418.8918845324167,3135.719161899972,346.9968538408333,3558.1238497141944,0,0,0,0,0,2,0.8660254037844387,0.4999999999999999,0,0,12,4.059424536888889,7.902568219805556,4.021092488861111,1.8770075697777773,20.693900980722223,20.142192982,20.71328974616667,19.625006131416665,0.0,0.0,0.0,0.0,0,night,0,0.0,0,1,3558.1238497141944,0.0,20.693900980722223,0,0,0,0,0,0,0,0,0,0,0,0,0,0,0,0,0,0,0,0,0,0,0,0,0,0,0,0,0,0,0.0,0.0,0.0,0.0,0.0,1.0,0.0,0.0,0.0,1.0,0.0,0.0
roll_02,2025-12-08T00:00:00+00:00,2026-01-19T00:00:00+00:00,2026-01-19T00:00:00+00:00,2026-01-26T00:00:00+00:00,1,0,2025-12-31 03:00:00+00:00,2025-12-31 04:00:00+00:00,3544.256830158028,2,399.2935319488056,3558.1238497141944,340.0678877315278,3161.972769970389,0,0,0,0,0,3,0.7071067811865476,0.7071067811865476,0,0,12,3.7194639225555552,7.417889324527778,4.059424536888889,1.7338254285555557,20.72542318555556,20.18077980916667,20.693900980722223,19.69892681713889,0.0,0.0,0.0,0.0,0,night,0,0.0,0,1,3161.972769970389,0.0,20.72542318555556,0,0,0,0,0,0,0,0,0,0,0,0,0,0,0,0,0,0,0,0,0,0,0,0,0,0,0,0,0,0,0.0,0.0,0.0,0.0,0.0,1.0,0.0,0.0,0.0,0.0,0.0,0.0
roll_02,2025-12-08T00:00:00+00:00,2026-01-19T00:00:00+00:00,2026-01-19T00:00:00+00:00,2026-01-26T00:00:00+00:00,1,0,2025-12-31 04:00:00+00:00,2025-12-31 05:00:00+00:00,3150.0117072990274,2,1006.3930387017222,3161.972769970389,360.94104162425,3544.256830158028,0,0,0,0,0,4,0.5000000000000001,0.8660254037844386,0,0,12,3.5397424411944445,7.037807299888889,3.7194639225555552,1.5531341845277775,20.585513164416664,20.22260009213889,20.72542318555556,19.46612233163889,0.0,0.0,0.0,0.0,0,night,0,0.0,0,1,3544.256830158028,0.0,20.585513164416664,0,0,0,0,0,0,0,0,0,0,0,0,0,0,0,0,0,0,0,0,0,0,0,0,0,0,0,0,0,0,0.0,0.0,0.0,0.0,0.0,1.0,0.0,0.0,0.0,0.0,0.0,0.0
roll_02,2025-12-08T00:00:00+00:00,2026-01-19T00:00:00+00:00,2026-01-19T00:00:00+00:00,2026-01-26T00:00:00+00:00,1,0,2025-12-31 05:00:00+00:00,2025-12-31 06:00:00+00:00,3496.258418676389,2,1855.5064876439449,3544.256830158028,345.3493827404166,3150.0117072990274,0,0,0,0,0,5,0.2588190451025207,0.9659258262890684,0,0,12,3.251688697694445,6.481009209527778,3.5397424411944445,1.393027037222222,20.49380978586112,20.388775333194445,20.585513164416664,19.32557817416667,0.0,0.0,0.0,0.0,0,night,0,0.0,0,1,3150.0117072990274,0.0,20.49380978586112,0,0,0,0,0,0,0,0,0,0,0,0,0,0,0,0,0,0,0,0,0,0,0,0,0,0,0,0,0,0,0.0,0.0,0.0,0.0,0.0,1.0,0.0,0.0,0.0,0.0,0.0,0.0
roll_02,2025-12-08T00:00:00+00:00,2026-01-19T00:00:00+00:00,2026-01-19T00:00:00+00:00,2026-01-26T00:00:00+00:00,1,0,2025-12-31 06:00:00+00:00,2025-12-31 07:00:00+00:00,3052.395333243556,2,2491.247941928889,3150.0117072990274,369.6610220877499,3496.258418676389,0,0,0,0,0,6,6.123233995736766e-17,1.0,0,0,12,3.121863873388889,6.167251803666666,3.251688697694445,1.3078122491666666,20.38272357094445,20.28959824063889,20.49380978586112,19.009140713083333,0.0,0.0,0.0,0.0,0,night,0,0.0,0,1,3496.258418676389,0.0,20.38272357094445,0,0,0,0,0,0,0,0,0,0,0,0,0,0,0,0,0,0,0,0,0,0,0,0,0,0,0,0,0,0,0.0,0.0,0.0,0.0,0.0,1.0,0.0,0.0,0.0,0.0,0.0,0.0
roll_02,2025-12-08T00:00:00+00:00,2026-01-19T00:00:00+00:00,2026-01-19T00:00:00+00:00,2026-01-26T00:00:00+00:00,1,0,2025-12-31 07:00:00+00:00,2025-12-31 08:00:00+00:00,2614.9895191271667,2,1559.761614589833,3496.258418676389,208.72767761694445,3052.395333243556,0,0,0,0,0,7,-0.2588190451025206,0.9659258262890684,0,0,12,3.020577801222222,6.357743294111111,3.121863873388889,1.386689706388889,20.516203167,19.843642095666667,20.38272357094445,19.066088141250003,0.0,0.0,0.0,0.0,1,night,0,0.0,0,1,3052.395333243556,0.0,20.516203167,0,0,0,0,0,0,0,0,0,0,0,0,0,0,0,0,0,0,0,0,0,0,0,0,0,0,0,0,0,0,0.0,0.0,0.0,0.0,0.0,0.0,0.0,0.0,0.0,0.0,0.0,0.0
roll_02,2025-12-08T00:00:00+00:00,2026-01-19T00:00:00+00:00,2026-01-19T00:00:00+00:00,2026-01-26T00:00:00+00:00,1,0,2025-12-31 08:00:00+00:00,2025-12-31 09:00:00+00:00,2719.2755624978613,2,826.4675160729166,3052.395333243556,1113.5958109789167,2614.9895191271667,0,0,0,0,0,8,-0.4999999999999998,0.8660254037844387,0,0,12,3.6351300051111113,6.926437386416667,3.020577801222222,2.3791948185000003,21.0082943675,19.06407449175,20.516203167,19.91185182108333,558.7140342211944,12.521878989361111,0.0,520.7646609066388,1,med,0,0.0,0,1,2614.9895191271667,558.7140342211944,21.0082943675,0,0,0,0,0,0,0,0,0,0,0,0,0,0,0,0,0,0,0,0,0,0,0,0,0,0,0,0,0,0,0.0,0.0,0.0,0.0,0.0,0.0,0.0,0.0,0.0,0.0,0.0,0.0
roll_02,2025-12-08T00:00:00+00:00,2026-01-19T00:00:00+00:00,2026-01-19T00:00:00+00:00,2026-01-26T00:00:00+00:00,1,0,2025-12-31 09:00:00+00:00,2025-12-31 10:00:00+00:00,1940.6218061559168,2,3247.515085776833,2614.9895191271667,1477.734757452639,2719.2755624978613,0,0,0,0,0,9,-0.7071067811865475,0.7071067811865476,0,0,12,5.321015994944444,7.618305967916666,3.6351300051111113,3.197297669638889,21.420063452027776,19.41768402125,21.0082943675,20.073569188472224,907.1854938085834,0.0,558.7140342211944,698.5778901221111,1,med,0,0.0,0,2,2719.2755624978613,907.1854938085834,21.420063452027776,0,0,0,0,0,0,0,0,0,0,0,0,0,0,0,0,0,0,0,0,0,0,0,0,0,0,0,0,0,0,0.0,0.0,0.0,0.0,0.0,0.0,0.0,0.0,0.0,0.0,0.0,0.0
roll_02,2025-12-08T00:00:00+00:00,2026-01-19T00:00:00+00:00,2026-01-19T00:00:00+00:00,2026-01-26T00:00:00+00:00,1,0,2025-12-31 10:00:00+00:00,2025-12-31 11:00:00+00:00,2256.874230031111,2,1889.7759791408887,2719.2755624978613,2094.9878837388333,1940.6218061559168,0,0,0,0,0,10,-0.8660254037844387,0.4999999999999999,0,0,12,6.614157016972222,7.637087286444444,5.321015994944444,2.669103076555556,21.773255422416668,19.21105774675,21.420063452027776,19.750522081194443,1335.3714840304444,0.0,907.1854938085834,235.49601449947224,1,high,0,0.0,0,2,1940.6218061559168,1335.3714840304444,21.773255422416668,0,0,0,0,0,0,0,0,0,0,0,0,0,0,0,0,0,0,0,0,0,0,0,0,0,0,0,0,0,0,0.0,0.0,0.0,0.0,0.0,0.0,0.0,0.0,0.0,0.0,0.0,0.0
roll_02,2025-12-08T00:00:00+00:00,2026-01-19T00:00:00+00:00,2026-01-19T00:00:00+00:00,2026-01-26T00:00:00+00:00,1,0,2025-12-31 11:00:00+00:00,2025-12-31 12:00:00+00:00,2384.410364352389,2,1949.928093745111,1940.6218061559168,1835.183068767084,2256.874230031111,0,0,0,0,0,11,-0.9659258262890682,0.258819045102521,0,0,12,7.730403847000001,7.561001204805556,6.614157016972222,3.9766328659722223,21.96453894347222,18.911001597,21.773255422416668,19.77343498144445,1459.232852967778,0.0,1335.3714840304444,494.1241490910834,1,high,0,0.0,0,2,2256.874230031111,1459.232852967778,21.96453894347222,0,0,0,0,0,0,0,0,0,0,0,0,0,0,0,0,0,0,0,0,0,0,0,0,0,0,0,0,0,0,0.0,0.0,0.0,0.0,0.0,0.0,0.0,0.0,0.0,0.0,0.0,0.0
roll_02,2025-12-08T00:00:00+00:00,2026-01-19T00:00:00+00:00,2026-01-19T00:00:00+00:00,2026-01-26T00:00:00+00:00,1,0,2025-12-31 12:00:00+00:00,2025-12-31 13:00:00+00:00,1124.9138968755278,2,1215.182916678889,2256.874230031111,1619.5322354404443,2384.410364352389,0,0,0,0,0,12,-1.0,1.2246467991473532e-16,0,0,12,8.768538371444444,7.322922414583334,7.730403847000001,4.9967268885000005,21.933934238972224,18.72064065355556,21.96453894347222,19.852502909027777,1333.5105244304723,29.45281187836112,1459.232852967778,600.6711281933888,1,high,0,0.0,0,2,2384.410364352389,1333.5105244304723,21.933934238972224,0,0,0,0,0,0,0,0,0,0,0,0,0,0,0,0,0,0,0,0,0,0,0,0,0,0,0,0,0,0,0.0,0.0,0.0,0.0,0.0,0.0,0.0,0.0,0.0,0.0,0.0,0.0
roll_02,2025-12-08T00:00:00+00:00,2026-01-19T00:00:00+00:00,2026-01-19T00:00:00+00:00,2026-01-26T00:00:00+00:00,1,0,2025-12-31 13:00:00+00:00,2025-12-31 14:00:00+00:00,439.3980787806111,2,1012.8845243609724,2384.410364352389,1925.637555785389,1124.9138968755278,0,0,0,0,0,13,-0.9659258262890684,-0.2588190451025208,0,0,12,9.685792753583334,7.126908433583334,8.768538371444444,5.509798222916667,20.89324256777778,18.63990130919445,21.933934238972224,19.69621308038889,1090.0495898063334,24.64718299763889,1333.5105244304723,467.4493078776389,1,med,0,0.0,0,2,1124.9138968755278,1090.0495898063334,20.89324256777778,0,0,0,0,0,0,0,0,0,0,0,0,0,0,0,0,0,0,0,0,0,0,0,0,0,0,0,0,0,0,0.0,0.0,0.0,0.0,0.0,0.0,0.0,0.0,0.0,0.0,0.0,0.0
roll_02,2025-12-08T00:00:00+00:00,2026-01-19T00:00:00+00:00,2026-01-19T00:00:00+00:00,2026-01-26T00:00:00+00:00,1,0,2025-12-31 14:00:00+00:00,2025-12-31 15:00:00+00:00,1235.3384488125278,2,1531.7967927849445,1124.9138968755278,2008.678274972639,439.3980787806111,0,0,0,0,0,14,-0.8660254037844388,-0.4999999999999997,0,0,12,10.374518974083331,6.848041679055555,9.685792753583334,6.698623911722223,19.94745067311111,18.716828187972222,20.89324256777778,19.54129957072222,495.0838183399167,0.0,1090.0495898063334,273.6858356316389,1,med,0,0.0,0,3,439.3980787806111,495.0838183399167,19.94745067311111,0,0,0,0,0,0,0,0,0,0,0,0,0,0,0,0,0,0,0,0,0,0,0,0,0,0,0,0,0,0,0.0,0.0,0.0,0.0,0.0,0.0,0.0,0.0,0.0,0.0,0.0,0.0
roll_02,2025-12-08T00:00:00+00:00,2026-01-19T00:00:00+00:00,2026-01-19T00:00:00+00:00,2026-01-26T00:00:00+00:00,1,0,2025-12-31 15:00:00+00:00,2025-12-31 16:00:00+00:00,1350.5739742740554,2,2016.5231686905,439.3980787806111,2601.6690819676387,1235.3384488125278,0,0,0,0,0,15,-0.7071067811865479,-0.7071067811865471,0,0,12,8.316854912305557,6.680163213972222,10.374518974083331,5.780503472194444,19.347726442694444,18.363643917194445,19.94745067311111,19.427268688972223,11.6357779875,0.0,495.0838183399167,0.0,1,low,0,0.0,0,2,1235.3384488125278,11.6357779875,19.347726442694444,0,0,0,0,0,0,0,0,0,0,0,0,0,0,0,0,0,0,0,0,0,0,0,0,0,0,0,0,0,0,0.0,0.0,0.0,0.0,0.0,0.0,0.0,0.0,0.0,0.0,0.0,0.0
roll_02,2025-12-08T00:00:00+00:00,2026-01-19T00:00:00+00:00,2026-01-19T00:00:00+00:00,2026-01-26T00:00:00+00:00,1,0,2025-12-31 16:00:00+00:00,2025-12-31 17:00:00+00:00,1125.7222657566947,2,1121.040564713722,1235.3384488125278,2699.4798030592224,1350.5739742740554,0,0,0,0,0,16,-0.5000000000000004,-0.8660254037844385,0,0,12,5.857850195027777,6.514115881166667,8.316854912305557,4.608274887222222,18.81416291483333,18.99384087216667,19.347726442694444,19.53470905580556,0.0,0.0,11.6357779875,0.0,0,night,0,0.0,0,2,1350.5739742740554,0.0,18.81416291483333,0,0,0,0,0,0,0,0,0,0,0,0,0,0,0,0,0,0,0,0,0,0,0,0,0,0,0,0,0,0,0.0,0.0,0.0,0.0,0.0,0.0,0.0,0.0,0.0,0.0,0.0,0.0
roll_02,2025-12-08T00:00:00+00:00,2026-01-19T00:00:00+00:00,2026-01-19T00:00:00+00:00,2026-01-26T00:00:00+00:00,1,0,2025-12-31 17:00:00+00:00,2025-12-31 18:00:00+00:00,963.7851058614166,2,1232.2729358373888,1350.5739742740554,3101.2290870946395,1125.7222657566947,0,0,0,0,0,17,-0.2588190451025206,-0.9659258262890684,0,0,12,4.482124552833333,6.4729280674166665,5.857850195027777,3.980280469833333,18.864834477555554,18.72018167236111,18.81416291483333,19.50010553961112,0.0,0.0,0.0,0.0,0,night,0,0.0,0,1,1125.7222657566947,0.0,18.864834477555554,0,0,0,0,0,0,0,0,0,0,0,0,0,0,0,0,0,0,0,0,0,0,0,0,0,0,0,0,0,0,0.0,0.0,0.0,0.0,0.0,0.0,0.0,0.0,0.0,0.0,0.0,0.0
roll_02,2025-12-08T00:00:00+00:00,2026-01-19T00:00:00+00:00,2026-01-19T00:00:00+00:00,2026-01-26T00:00:00+00:00,1,0,2025-12-31 18:00:00+00:00,2025-12-31 19:00:00+00:00,1028.1069589450833,2,1296.7953170456944,1125.7222657566947,2861.349721383805,963.7851058614166,0,0,0,0,0,18,-1.8369701987210294e-16,-1.0,0,0,12,3.1592455746388883,6.436226986305556,4.482124552833333,3.4060116445277777,19.32536374202778,18.917338896527777,18.864834477555554,19.40655724655556,0.0,0.0,0.0,0.0,0,night,0,0.0,0,1,963.7851058614166,0.0,19.32536374202778,0,0,0,0,0,0,0,0,0,0,0,0,0,0,0,0,0,0,0,0,0,0,0,0,0,0,0,0,0,0,0.0,0.0,0.0,0.0,0.0,0.0,0.0,0.0,0.0,0.0,0.0,0.0
roll_02,2025-12-08T00:00:00+00:00,2026-01-19T00:00:00+00:00,2026-01-19T00:00:00+00:00,2026-01-26T00:00:00+00:00,1,0,2025-12-31 19:00:00+00:00,2025-12-31 20:00:00+00:00,660.2096802828333,2,1872.0747830955,963.7851058614166,2973.5114247274164,1028.1069589450833,0,0,0,0,0,19,0.2588190451025203,-0.9659258262890684,0,0,12,2.435368093805556,6.366340664194445,3.1592455746388883,3.471392185,19.16284707705556,19.080848647444444,19.32536374202778,19.856746364611112,0.0,0.0,0.0,0.0,0,night,0,0.0,0,1,1028.1069589450833,0.0,19.16284707705556,0,0,0,0,0,0,0,0,0,0,0,0,0,0,0,0,0,0,0,0,0,0,0,0,0,0,0,0,0,0,0.0,0.0,0.0,0.0,0.0,0.0,0.0,0.0,0.0,0.0,0.0,0.0
roll_02,2025-12-08T00:00:00+00:00,2026-01-19T00:00:00+00:00,2026-01-19T00:00:00+00:00,2026-01-26T00:00:00+00:00,1,0,2025-12-31 20:00:00+00:00,2025-12-31 21:00:00+00:00,465.11897182736107,2,969.7319517724444,1028.1069589450833,3413.832817381028,660.2096802828333,0,0,0,1,0,20,0.5000000000000001,-0.8660254037844386,0,0,12,2.107054162888889,6.273787361694445,2.435368093805556,3.1609241382777777,19.274011938694446,19.15148693188889,19.16284707705556,20.20994697230556,0.0,0.0,0.0,0.0,0,night,0,0.0,0,1,660.2096802828333,,19.274011938694446,0,0,0,0,0,0,0,0,0,0,0,0,0,1,0,1,0,1,0,0,1,1,0,5,0,0,0,3,0,0,0.0,0.0,0.0,0.0,0.0,0.0,0.0,0.0,0.0,0.0,0.0,0.0
roll_02,2025-12-08T00:00:00+00:00,2026-01-19T00:00:00+00:00,2026-01-19T00:00:00+00:00,2026-01-26T00:00:00+00:00,1,0,2025-12-31 21:00:00+00:00,2025-12-31 22:00:00+00:00,428.6944817763611,2,1582.4532101369998,660.2096802828333,3047.7479014198057,465.11897182736107,0,0,0,1,0,21,0.7071067811865474,-0.7071067811865477,0,0,12,1.5462898768611113,6.069656110305555,2.107054162888889,3.0709848782777773,19.207540074083333,19.504401006444443,19.274011938694446,20.14678556661111,0.0,0.0,0.0,0.0,0,night,0,0.0,0,1,465.11897182736107,,19.207540074083333,0,0,0,0,0,0,0,0,0,0,0,0,0,1,0,1,0,1,0,0,1,1,0,5,0,0,0,3,0,0,0.0,1.0,0.0,0.0,0.0,0.0,0.0,0.0,0.0,0.0,0.0,0.0
roll_02,2025-12-08T00:00:00+00:00,2026-01-19T00:00:00+00:00,2026-01-19T00:00:00+00:00,2026-01-26T00:00:00+00:00,1,0,2025-12-31 22:00:00+00:00,2025-12-31 23:00:00+00:00,427.9391178925834,2,629.7415665210277,465.11897182736107,2978.7885580551942,428.6944817763611,0,0,0,1,0,22,0.8660254037844384,-0.5000000000000004,0,0,12,1.139625029388889,5.778515208222223,1.5462898768611113,3.442532726444444,19.073717133722223,19.71244176363889,19.207540074083333,19.883793013916662,0.0,0.0,0.0,0.0,0,night,0,0.0,0,1,428.6944817763611,,19.073717133722223,0,0,0,0,0,0,0,0,0,0,0,0,0,1,0,1,0,1,0,0,1,1,0,5,0,0,0,3,0,0,0.0,1.0,0.0,0.0,0.0,0.0,0.0,0.0,0.0,0.0,0.0,0.0
roll_02,2025-12-08T00:00:00+00:00,2026-01-19T00:00:00+00:00,2026-01-19T00:00:00+00:00,2026-01-26T00:00:00+00:00,1,0,2025-12-31 23:00:00+00:00,2026-01-01 00:00:00+00:00,455.7293090631389,2,527.2267066665278,428.6944817763611,3419.82747502625,427.9391178925834,0,0,0,1,0,23,0.965925826289068,-0.2588190451025215,0,0,12,0.8487008927777778,5.620502561444444,1.139625029388889,3.135033432888889,19.158430049333333,19.79432855925,19.073717133722223,20.32692703261112,0.0,0.0,0.0,0.0,0,night,0,0.0,0,1,427.9391178925834,,19.158430049333333,0,0,0,0,0,0,0,0,0,0,0,0,0,1,0,1,0,1,0,0,1,1,0,5,0,0,0,3,0,0,0.0,1.0,0.0,0.0,0.0,0.0,0.0,0.0,0.0,0.0,0.0,0.0
roll_02,2025-12-08T00:00:00+00:00,2026-01-19T00:00:00+00:00,2026-01-19T00:00:00+00:00,2026-01-26T00:00:00+00:00,1,0,2026-01-01 00:00:00+00:00,2026-01-01 01:00:00+00:00,2301.6518720530835,3,551.0307650970556,427.9391178925834,3213.6574599861383,455.7293090631389,0,0,0,1,0,0,1.0,0.0,1,0,1,0.5620668541666667,5.567981027861111,0.8487008927777778,3.4767909725833337,19.10601262647222,19.53780030163889,19.158430049333333,20.748222279388887,0.0,0.0,0.0,0.0,0,night,0,0.0,0,1,455.7293090631389,,19.10601262647222,0,0,0,0,0,0,0,0,0,0,0,0,0,1,0,1,0,1,0,0,1,1,0,5,0,0,0,3,0,0,0.0,1.0,0.0,0.0,0.0,0.0,0.0,0.0,0.0,1.0,0.0,0.0
roll_02,2025-12-08T00:00:00+00:00,2026-01-19T00:00:00+00:00,2026-01-19T00:00:00+00:00,2026-01-26T00:00:00+00:00,1,0,2026-01-01 01:00:00+00:00,2026-01-01 02:00:00+00:00,3552.679651265222,3,494.6894752238056,455.7293090631389,3135.719161899972,2301.6518720530835,0,0,0,0,0,1,0.9659258262890684,0.2588190451025207,1,0,1,0.3140176426944444,5.783405874277778,0.5620668541666667,4.021092488861111,19.681504263111112,19.71835555455556,19.10601262647222,20.71328974616667,0.0,0.0,0.0,0.0,0,night,0,0.0,0,1,2301.6518720530835,0.0,19.681504263111112,0,0,0,0,0,0,0,0,0,0,0,0,0,0,0,0,0,0,0,0,0,0,0,0,0,0,0,0,0,0,0.0,1.0,0.0,0.0,0.0,0.0,0.0,0.0,0.0,1.0,0.0,0.0
roll_02,2025-12-08T00:00:00+00:00,2026-01-19T00:00:00+00:00,2026-01-19T00:00:00+00:00,2026-01-26T00:00:00+00:00,1,0,2026-01-01 02:00:00+00:00,2026-01-01 03:00:00+00:00,3111.9548820175555,3,452.1761779918889,2301.6518720530835,3558.1238497141944,3552.679651265222,0,0,0,0,0,2,0.8660254037844387,0.4999999999999999,1,0,1,-0.1474399293888889,5.655535364305556,0.3140176426944444,4.059424536888889,20.48189565152777,20.011930167388886,19.681504263111112,20.693900980722223,0.0,0.0,0.0,0.0,0,night,0,0.0,0,0,3552.679651265222,0.0,20.48189565152777,0,0,0,0,0,0,0,0,0,0,0,0,0,0,0,0,0,0,0,0,0,0,0,0,0,0,0,0,0,0,0.0,0.0,0.0,0.0,0.0,0.0,0.0,0.0,0.0,1.0,0.0,0.0
roll_02,2025-12-08T00:00:00+00:00,2026-01-19T00:00:00+00:00,2026-01-19T00:00:00+00:00,2026-01-26T00:00:00+00:00,1,0,2026-01-01 03:00:00+00:00,2026-01-01 04:00:00+00:00,3620.1899377449167,3,472.5832681526111,3552.679651265222,3161.972769970389,3111.9548820175555,0,0,0,0,0,3,0.7071067811865476,0.7071067811865476,1,0,1,-0.2845425885833333,5.632691125416667,-0.1474399293888889,3.7194639225555552,20.205634347277776,20.01775464297222,20.48189565152777,20.72542318555556,0.0,0.0,0.0,0.0,0,night,0,0.0,0,0,3111.9548820175555,0.0,20.205634347277776,0,0,0,0,0,0,0,0,0,0,0,0,0,0,0,0,0,0,0,0,0,0,0,0,0,0,0,0,0,0,0.0,0.0,0.0,0.0,0.0,0.0,0.0,0.0,0.0,1.0,0.0,0.0
roll_02,2025-12-08T00:00:00+00:00,2026-01-19T00:00:00+00:00,2026-01-19T00:00:00+00:00,2026-01-26T00:00:00+00:00,1,0,2026-01-01 04:00:00+00:00,2026-01-01 05:00:00+00:00,3319.6939603544165,3,1100.3267983698613,3111.9548820175555,3544.256830158028,3620.1899377449167,0,0,0,0,0,4,0.5000000000000001,0.8660254037844386,1,0,1,-0.4107309398333333,5.768857109361111,-0.2845425885833333,3.5397424411944445,20.307154318944445,20.107173847,20.205634347277776,20.585513164416664,0.0,0.0,0.0,0.0,0,night,0,0.0,0,0,3620.1899377449167,0.0,20.307154318944445,0,0,0,0,0,0,0,0,0,0,0,0,0,0,0,0,0,0,0,0,0,0,0,0,0,0,0,0,0,0,0.0,0.0,0.0,0.0,0.0,0.0,0.0,0.0,0.0,0.0,0.0,0.0
roll_02,2025-12-08T00:00:00+00:00,2026-01-19T00:00:00+00:00,2026-01-19T00:00:00+00:00,2026-01-26T00:00:00+00:00,1,0,2026-01-01 05:00:00+00:00,2026-01-01 06:00:00+00:00,3518.370831880278,3,1970.1461483193327,3620.1899377449167,3150.0117072990274,3319.6939603544165,0,0,0,0,0,5,0.2588190451025207,0.9659258262890684,1,0,1,-0.4131570486944445,5.754747474222223,-0.4107309398333333,3.251688697694445,20.38224518763889,20.109532447583334,20.307154318944445,20.49380978586112,0.0,0.0,0.0,0.0,0,night,0,0.0,0,0,3319.6939603544165,0.0,20.38224518763889,0,0,0,0,0,0,0,0,0,0,0,0,0,0,0,0,0,0,0,0,0,0,0,0,0,0,0,0,0,0,0.0,0.0,0.0,0.0,0.0,0.0,0.0,0.0,0.0,0.0,0.0,0.0
roll_02,2025-12-08T00:00:00+00:00,2026-01-19T00:00:00+00:00,2026-01-19T00:00:00+00:00,2026-01-26T00:00:00+00:00,1,0,2026-01-01 06:00:00+00:00,2026-01-01 07:00:00+00:00,3614.451199704139,3,2028.2448190258056,3319.6939603544165,3496.258418676389,3518.370831880278,0,0,0,0,0,6,6.123233995736766e-17,1.0,1,0,1,-0.71338800775,5.712526976361112,-0.4131570486944445,3.121863873388889,20.23946834052778,20.074440448666667,20.38224518763889,20.38272357094445,0.0,0.0,0.0,0.0,0,night,0,0.0,0,0,3518.370831880278,0.0,20.23946834052778,0,0,0,0,0,0,0,0,0,0,0,0,0,0,0,0,0,0,0,0,0,0,0,0,0,0,0,0,0,0,0.0,0.0,0.0,0.0,0.0,0.0,0.0,0.0,0.0,0.0,0.0,0.0
roll_02,2025-12-08T00:00:00+00:00,2026-01-19T00:00:00+00:00,2026-01-19T00:00:00+00:00,2026-01-26T00:00:00+00:00,1,0,2026-01-01 07:00:00+00:00,2026-01-01 08:00:00+00:00,3466.2347372128334,3,879.7193390572778,3518.370831880278,3052.395333243556,3614.451199704139,0,0,0,0,0,7,-0.2588190451025206,0.9659258262890684,1,0,1,-0.6236050273333333,5.5607409395,-0.71338800775,3.020577801222222,20.21647792511111,19.560818727388888,20.23946834052778,20.516203167,0.0,0.0,0.0,0.0,1,night,0,0.0,0,0,3614.451199704139,0.0,20.21647792511111,0,0,0,0,0,0,0,0,0,0,0,0,0,0,0,0,0,0,0,0,0,0,0,0,0,0,0,0,0,0,0.0,0.0,0.0,0.0,0.0,0.0,0.0,0.0,0.0,0.0,0.0,0.0
roll_02,2025-12-08T00:00:00+00:00,2026-01-19T00:00:00+00:00,2026-01-19T00:00:00+00:00,2026-01-26T00:00:00+00:00,1,0,2026-01-01 08:00:00+00:00,2026-01-01 09:00:00+00:00,4034.349695712,3,808.0054047523332,3614.451199704139,2614.9895191271667,3466.2347372128334,0,0,0,0,0,8,-0.4999999999999998,0.8660254037844387,1,0,1,0.1926031906388888,5.717206842611112,-0.6236050273333333,3.6351300051111113,20.383762107944445,19.139017630138888,20.21647792511111,21.0082943675,221.5676332960556,12.183532587805557,0.0,558.7140342211944,1,low,0,0.0,0,1,3466.2347372128334,221.5676332960556,20.383762107944445,0,0,0,0,0,0,0,0,0,0,0,0,0,0,0,0,0,0,0,0,0,0,0,0,0,0,0,0,0,0,0.0,0.0,0.0,0.0,0.0,0.0,0.0,0.0,0.0,0.0,0.0,0.0
roll_02,2025-12-08T00:00:00+00:00,2026-01-19T00:00:00+00:00,2026-01-19T00:00:00+00:00,2026-01-26T00:00:00+00:00,1,0,2026-01-01 09:00:00+00:00,2026-01-01 10:00:00+00:00,3983.015732155488,3,734.6745907562778,3466.2347372128334,2719.2755624978613,4034.349695712,0,0,0,0,0,9,-0.7071067811865475,0.7071067811865476,1,0,1,1.7362557174166666,5.866232697249999,0.1926031906388888,5.321015994944444,24.40235248880555,19.330098098222223,20.383762107944445,21.420063452027776,457.23523962755553,49.58208104308333,221.5676332960556,907.1854938085834,1,med,0,0.0,0,1,4034.349695712,457.23523962755553,24.40235248880555,0,0,0,0,0,0,0,0,0,0,0,0,0,0,0,0,0,0,0,0,0,0,0,0,0,0,0,0,0,0,0.0,0.0,0.0,0.0,0.0,0.0,0.0,0.0,0.0,0.0,0.0,0.0
roll_02,2025-12-08T00:00:00+00:00,2026-01-19T00:00:00+00:00,2026-01-19T00:00:00+00:00,2026-01-26T00:00:00+00:00,1,0,2026-01-01 10:00:00+00:00,2026-01-01 11:00:00+00:00,4000.1266366841664,3,273.12538528038885,4034.349695712,1940.6218061559168,3983.015732155488,0,0,0,0,0,10,-0.8660254037844387,0.4999999999999999,1,0,1,2.871823934055556,6.196298085388889,1.7362557174166666,6.614157016972222,20.554107152192127,19.233146393805555,24.40235248880555,21.773255422416668,333.21615483266254,35.06738358872223,457.23523962755553,1335.3714840304444,1,low,0,0.0,0,1,3983.015732155488,333.21615483266254,20.554107152192127,0,0,0,0,0,0,0,0,0,0,0,0,0,0,0,0,0,0,0,0,0,0,0,0,0,0,0,0,0,0,0.0,0.0,0.0,0.0,0.0,0.0,0.0,0.0,0.0,0.0,0.0,0.0
roll_02,2025-12-08T00:00:00+00:00,2026-01-19T00:00:00+00:00,2026-01-19T00:00:00+00:00,2026-01-26T00:00:00+00:00,1,0,2026-01-01 11:00:00+00:00,2026-01-01 12:00:00+00:00,4101.4249460315,3,203.4884946311112,3983.015732155488,2256.874230031111,4000.1266366841664,0,0,0,0,0,11,-0.9659258262890682,0.258819045102521,1,0,1,3.860609512055556,6.489722507111111,2.871823934055556,7.730403847000001,20.29945703397222,19.34449259097222,20.554107152192127,21.96453894347222,198.06049560252777,95.87598329066668,333.21615483266254,1459.232852967778,1,low,0,0.0,0,1,4000.1266366841664,198.06049560252777,20.29945703397222,0,0,0,0,0,0,0,0,0,0,0,0,0,0,0,0,0,0,0,0,0,0,0,0,0,0,0,0,0,0,0.0,0.0,0.0,0.0,0.0,0.0,0.0,0.0,0.0,0.0,0.0,0.0
roll_02,2025-12-08T00:00:00+00:00,2026-01-19T00:00:00+00:00,2026-01-19T00:00:00+00:00,2026-01-26T00:00:00+00:00,1,0,2026-01-01 12:00:00+00:00,2026-01-01 13:00:00+00:00,3784.952639262639,3,213.1774786964444,4000.1266366841664,2384.410364352389,4101.4249460315,0,0,0,0,0,12,-1.0,1.2246467991473532e-16,1,0,1,3.724425362805556,6.986889932611111,3.860609512055556,8.768538371444444,20.17678770825,19.48062346113889,20.29945703397222,21.933934238972224,146.76969560222224,95.16729390283332,198.06049560252777,1333.5105244304723,1,low,0,0.0,0,1,4101.4249460315,146.76969560222224,20.17678770825,0,0,0,0,0,0,0,0,0,0,0,0,0,0,0,0,0,0,0,0,0,0,0,0,0,0,0,0,0,0,0.0,0.0,0.0,0.0,0.0,0.0,0.0,0.0,0.0,0.0,0.0,0.0
roll_02,2025-12-08T00:00:00+00:00,2026-01-19T00:00:00+00:00,2026-01-19T00:00:00+00:00,2026-01-26T00:00:00+00:00,1,0,2026-01-01 13:00:00+00:00,2026-01-01 14:00:00+00:00,4043.9119028237496,3,139.32718637472223,4101.4249460315,1124.9138968755278,3784.952639262639,0,0,0,0,0,13,-0.9659258262890684,-0.2588190451025208,1,0,1,4.006743579777777,6.925788954666667,3.724425362805556,9.685792753583334,19.96233974791667,19.597929033944443,20.17678770825,20.89324256777778,62.643685433194456,178.75343296949998,146.76969560222224,1090.0495898063334,1,low,0,0.0,0,1,3784.952639262639,62.643685433194456,19.96233974791667,0,0,0,0,0,0,0,0,0,0,0,0,0,0,0,0,0,0,0,0,0,0,0,0,0,0,0,0,0,0,0.0,0.0,0.0,0.0,0.0,0.0,0.0,0.0,0.0,0.0,0.0,0.0
roll_02,2025-12-08T00:00:00+00:00,2026-01-19T00:00:00+00:00,2026-01-19T00:00:00+00:00,2026-01-26T00:00:00+00:00,1,0,2026-01-01 14:00:00+00:00,2026-01-01 15:00:00+00:00,1881.6561161801665,3,168.35573729874997,3784.952639262639,439.3980787806111,4043.9119028237496,0,0,0,0,0,14,-0.8660254037844388,-0.4999999999999997,1,0,1,3.922447638638889,7.152525847611112,4.006743579777777,10.374518974083331,19.96411220930556,19.40969440527778,19.96233974791667,19.94745067311111,52.507772305083336,134.26993249369443,62.643685433194456,495.0838183399167,1,low,0,0.0,0,1,4043.9119028237496,52.507772305083336,19.96411220930556,0,0,0,0,0,0,0,0,0,0,0,0,0,0,0,0,0,0,0,0,0,0,0,0,0,0,0,0,0,0,0.0,0.0,0.0,0.0,0.0,0.0,0.0,0.0,0.0,0.0,0.0,0.0
roll_02,2025-12-08T00:00:00+00:00,2026-01-19T00:00:00+00:00,2026-01-19T00:00:00+00:00,2026-01-26T00:00:00+00:00,1,0,2026-01-01 15:00:00+00:00,2026-01-01 16:00:00+00:00,1782.8520599268056,3,306.2390131795,4043.9119028237496,1235.3384488125278,1881.6561161801665,0,0,0,0,0,15,-0.7071067811865479,-0.7071067811865471,1,0,1,3.757802780638889,7.1874791939166665,3.922447638638889,8.316854912305557,18.864043882666667,19.23301866641667,19.96411220930556,19.347726442694444,0.0,0.0,52.507772305083336,11.6357779875,1,night,0,0.0,0,1,1881.6561161801665,0.0,18.864043882666667,0,0,0,0,0,0,0,0,0,0,0,0,0,0,0,0,0,0,0,0,0,0,0,0,0,0,0,0,0,0,0.0,0.0,0.0,0.0,0.0,0.0,0.0,0.0,0.0,0.0,0.0,0.0
roll_02,2025-12-08T00:00:00+00:00,2026-01-19T00:00:00+00:00,2026-01-19T00:00:00+00:00,2026-01-26T00:00:00+00:00,1,0,2026-01-01 16:00:00+00:00,2026-01-01 17:00:00+00:00,2230.4140303552776,3,334.8540183552778,1881.6561161801665,1350.5739742740554,1782.8520599268056,0,0,0,0,0,16,-0.5000000000000004,-0.8660254037844385,1,0,1,3.441195510888889,7.0842419303333335,3.757802780638889,5.857850195027777,19.02192629611111,19.217344851277776,18.864043882666667,18.81416291483333,0.0,0.0,0.0,0.0,0,night,0,0.0,0,1,1782.8520599268056,0.0,19.02192629611111,0,0,0,0,0,0,0,0,0,0,0,0,0,0,0,0,0,0,0,0,0,0,0,0,0,0,0,0,0,0,0.0,0.0,0.0,0.0,0.0,0.0,0.0,0.0,0.0,0.0,0.0,0.0
roll_02,2025-12-08T00:00:00+00:00,2026-01-19T00:00:00+00:00,2026-01-19T00:00:00+00:00,2026-01-26T00:00:00+00:00,1,0,2026-01-01 17:00:00+00:00,2026-01-01 18:00:00+00:00,2606.994677621278,3,371.70330651025,1782.8520599268056,1125.7222657566947,2230.4140303552776,0,0,0,0,0,17,-0.2588190451025206,-0.9659258262890684,1,0,1,3.278920472083333,6.941521985666667,3.441195510888889,4.482124552833333,19.380618803138887,19.40386844277777,19.02192629611111,18.864834477555554,0.0,0.0,0.0,0.0,0,night,0,0.0,0,1,2230.4140303552776,0.0,19.380618803138887,0,0,0,0,0,0,0,0,0,0,0,0,0,0,0,0,0,0,0,0,0,0,0,0,0,0,0,0,0,0,0.0,0.0,0.0,0.0,0.0,0.0,0.0,0.0,0.0,0.0,0.0,0.0
roll_02,2025-12-08T00:00:00+00:00,2026-01-19T00:00:00+00:00,2026-01-19T00:00:00+00:00,2026-01-26T00:00:00+00:00,1,0,2026-01-01 18:00:00+00:00,2026-01-01 19:00:00+00:00,2707.5194976916387,3,364.3684724398611,2230.4140303552776,963.7851058614166,2606.994677621278,0,0,0,0,0,18,-1.8369701987210294e-16,-1.0,1,0,1,3.351725773833333,6.686145449833333,3.278920472083333,3.1592455746388883,19.08621649436111,19.4613952195,19.380618803138887,19.32536374202778,0.0,0.0,0.0,0.0,0,night,0,0.0,0,1,2606.994677621278,0.0,19.08621649436111,0,0,0,0,0,0,0,0,0,0,0,0,0,0,0,0,0,0,0,0,0,0,0,0,0,0,0,0,0,0,0.0,0.0,0.0,0.0,0.0,0.0,0.0,0.0,0.0,1.0,0.0,0.0
roll_02,2025-12-08T00:00:00+00:00,2026-01-19T00:00:00+00:00,2026-01-19T00:00:00+00:00,2026-01-26T00:00:00+00:00,1,0,2026-01-01 19:00:00+00:00,2026-01-01 20:00:00+00:00,2638.5277046471665,3,383.1270605152778,2606.994677621278,1028.1069589450833,2707.5194976916387,0,0,0,0,0,19,0.2588190451025203,-0.9659258262890684,1,0,1,3.450956087333333,6.516462323472222,3.351725773833333,2.435368093805556,19.234155365444447,19.47253033913889,19.08621649436111,19.16284707705556,0.0,0.0,0.0,0.0,0,night,0,0.0,0,1,2707.5194976916387,0.0,19.234155365444447,0,0,0,0,0,0,0,0,0,0,0,0,0,0,0,0,0,0,0,0,0,0,0,0,0,0,0,0,0,0,0.0,0.0,0.0,0.0,0.0,0.0,0.0,0.0,0.0,1.0,0.0,0.0
roll_02,2025-12-08T00:00:00+00:00,2026-01-19T00:00:00+00:00,2026-01-19T00:00:00+00:00,2026-01-26T00:00:00+00:00,1,0,2026-01-01 20:00:00+00:00,2026-01-01 21:00:00+00:00,901.9364256613334,3,365.4152059065278,2707.5194976916387,660.2096802828333,2638.5277046471665,0,0,0,0,0,20,0.5000000000000001,-0.8660254037844386,1,0,1,3.6863510515277778,6.496781272361112,3.450956087333333,2.107054162888889,19.63754506386111,19.363060626777777,19.234155365444447,19.274011938694446,0.0,0.0,0.0,0.0,0,night,0,0.0,0,1,2638.5277046471665,0.0,19.63754506386111,0,0,0,0,0,0,0,0,0,0,0,0,0,0,0,0,0,0,0,0,0,0,0,0,0,0,0,0,0,0,0.0,0.0,0.0,0.0,0.0,1.0,0.0,0.0,0.0,1.0,0.0,0.0
roll_02,2025-12-08T00:00:00+00:00,2026-01-19T00:00:00+00:00,2026-01-19T00:00:00+00:00,2026-01-26T00:00:00+00:00,1,0,2026-01-01 21:00:00+00:00,2026-01-01 22:00:00+00:00,724.7193436175279,3,360.5568770970556,2638.5277046471665,465.11897182736107,901.9364256613334,0,0,0,0,0,21,0.7071067811865474,-0.7071067811865477,1,0,1,3.648582572861111,6.571947897972223,3.6863510515277778,1.5462898768611113,19.239372728583334,19.54155768613889,19.63754506386111,19.207540074083333,0.0,0.0,0.0,0.0,0,night,0,0.0,0,1,901.9364256613334,0.0,19.239372728583334,0,0,0,0,0,0,0,0,0,0,0,0,0,0,0,0,0,0,0,0,0,0,0,0,0,0,0,0,0,0,0.0,0.0,0.0,0.0,0.0,1.0,0.0,0.0,0.0,1.0,0.0,0.0
roll_02,2025-12-08T00:00:00+00:00,2026-01-19T00:00:00+00:00,2026-01-19T00:00:00+00:00,2026-01-26T00:00:00+00:00,1,0,2026-01-01 22:00:00+00:00,2026-01-01 23:00:00+00:00,398.3781501548611,3,362.5302542375,901.9364256613334,428.6944817763611,724.7193436175279,0,0,0,0,0,22,0.8660254037844384,-0.5000000000000004,1,0,1,3.5975103316111112,6.381870347055556,3.648582572861111,1.139625029388889,19.460534112944444,19.67260905063889,19.239372728583334,19.073717133722223,0.0,0.0,0.0,0.0,0,night,0,0.0,0,1,724.7193436175279,0.0,19.460534112944444,0,0,0,0,0,0,0,0,0,0,0,0,0,0,0,0,0,0,0,0,0,0,0,0,0,0,0,0,0,0,0.0,0.0,0.0,0.0,0.0,1.0,0.0,0.0,0.0,1.0,0.0,0.0
roll_02,2025-12-08T00:00:00+00:00,2026-01-19T00:00:00+00:00,2026-01-19T00:00:00+00:00,2026-01-26T00:00:00+00:00,1,0,2026-01-01 23:00:00+00:00,2026-01-02 00:00:00+00:00,379.0659310989167,3,369.0312427880278,724.7193436175279,427.9391178925834,398.3781501548611,0,0,0,0,0,23,0.965925826289068,-0.2588190451025215,1,0,1,3.3576914185277773,6.339058653666666,3.5975103316111112,0.8487008927777778,19.513050587861112,19.868561292666666,19.460534112944444,19.158430049333333,0.0,0.0,0.0,0.0,0,night,0,0.0,0,1,398.3781501548611,0.0,19.513050587861112,0,0,0,0,0,0,0,0,0,0,0,0,0,0,0,0,0,0,0,0,0,0,0,0,0,0,0,0,0,0,0.0,0.0,0.0,0.0,0.0,1.0,0.0,0.0,0.0,1.0,0.0,0.0
roll_02,2025-12-08T00:00:00+00:00,2026-01-19T00:00:00+00:00,2026-01-19T00:00:00+00:00,2026-01-26T00:00:00+00:00,1,0,2026-01-02 00:00:00+00:00,2026-01-02 01:00:00+00:00,382.9934236015,4,374.48492754975,398.3781501548611,455.7293090631389,379.0659310989167,0,0,0,0,0,0,1.0,0.0,0,0,1,3.338668847444444,6.262584749833334,3.3576914185277773,0.5620668541666667,19.62070515736111,20.35599298094445,19.513050587861112,19.10601262647222,0.0,0.0,0.0,0.0,0,night,0,0.0,0,1,379.0659310989167,0.0,19.62070515736111,0,0,0,0,0,0,0,0,0,0,0,0,0,0,0,0,0,0,0,0,0,0,0,0,0,0,0,0,0,0,0.0,0.0,0.0,0.0,0.0,1.0,0.0,0.0,0.0,1.0,0.0,0.0
roll_02,2025-12-08T00:00:00+00:00,2026-01-19T00:00:00+00:00,2026-01-19T00:00:00+00:00,2026-01-26T00:00:00+00:00,1,0,2026-01-02 01:00:00+00:00,2026-01-02 02:00:00+00:00,393.49490120975,4,387.8320924910278,379.0659310989167,2301.6518720530835,382.9934236015,0,0,0,1,0,1,0.9659258262890684,0.2588190451025207,0,0,1,3.312073476527777,6.332540652916666,3.338668847444444,0.3140176426944444,19.65042477444445,20.408810019,19.62070515736111,19.681504263111112,0.0,0.0,0.0,0.0,0,night,0,0.0,0,1,382.9934236015,,19.65042477444445,0,0,0,0,0,0,0,0,0,0,0,0,0,1,0,1,0,1,0,0,1,1,0,3,0,0,0,2,0,0,0.0,0.0,0.0,0.0,0.0,0.0,0.0,0.0,0.0,1.0,0.0,0.0
roll_02,2025-12-08T00:00:00+00:00,2026-01-19T00:00:00+00:00,2026-01-19T00:00:00+00:00,2026-01-26T00:00:00+00:00,1,0,2026-01-02 02:00:00+00:00,2026-01-02 03:00:00+00:00,433.7873118176944,4,365.5112655888889,382.9934236015,3552.679651265222,393.49490120975,0,0,0,1,0,2,0.8660254037844387,0.4999999999999999,0,0,1,3.0618503228333336,5.844343312722223,3.312073476527777,-0.1474399293888889,19.38031526486111,20.206702712416668,19.65042477444445,20.48189565152777,0.0,0.0,0.0,0.0,0,night,0,0.0,0,1,393.49490120975,,19.38031526486111,0,0,0,0,0,0,0,0,0,0,0,0,0,1,0,1,0,1,0,0,1,1,0,3,0,0,0,2,0,0,0.0,1.0,0.0,0.0,0.0,0.0,0.0,0.0,0.0,1.0,0.0,0.0
roll_02,2025-12-08T00:00:00+00:00,2026-01-19T00:00:00+00:00,2026-01-19T00:00:00+00:00,2026-01-26T00:00:00+00:00,1,0,2026-01-02 03:00:00+00:00,2026-01-02 04:00:00+00:00,1030.868716379778,4,364.1605960607778,393.49490120975,3111.9548820175555,433.7873118176944,0,0,0,1,0,3,0.7071067811865476,0.7071067811865476,0,0,1,2.982225761305556,5.404247100611111,3.0618503228333336,-0.2845425885833333,19.31065924983333,20.52404850194445,19.38031526486111,20.205634347277776,0.0,0.0,0.0,0.0,0,night,0,0.0,0,1,433.7873118176944,,19.31065924983333,0,0,0,0,0,0,0,0,0,0,0,0,0,1,0,1,0,1,0,0,1,1,0,3,0,0,0,2,0,0,0.0,1.0,0.0,0.0,0.0,0.0,0.0,0.0,0.0,1.0,0.0,0.0
roll_02,2025-12-08T00:00:00+00:00,2026-01-19T00:00:00+00:00,2026-01-19T00:00:00+00:00,2026-01-26T00:00:00+00:00,1,0,2026-01-02 04:00:00+00:00,2026-01-02 05:00:00+00:00,2858.5618147299447,4,385.59658437175,433.7873118176944,3620.1899377449167,1030.868716379778,0,0,0,0,0,4,0.5000000000000001,0.8660254037844386,0,0,1,2.800820161833333,5.096360487666667,2.982225761305556,-0.4107309398333333,19.56759761594444,20.33921269988889,19.31065924983333,20.307154318944445,0.0,0.0,0.0,0.0,0,night,0,0.0,0,1,1030.868716379778,0.0,19.56759761594444,0,0,0,0,0,0,0,0,0,0,0,0,0,0,0,0,0,0,0,0,0,0,0,0,0,0,0,0,0,0,0.0,1.0,0.0,0.0,0.0,0.0,0.0,0.0,0.0,1.0,0.0,0.0
roll_02,2025-12-08T00:00:00+00:00,2026-01-19T00:00:00+00:00,2026-01-19T00:00:00+00:00,2026-01-26T00:00:00+00:00,1,0,2026-01-02 05:00:00+00:00,2026-01-02 06:00:00+00:00,3538.6283029556944,4,420.4165886273056,1030.868716379778,3319.6939603544165,2858.5618147299447,0,0,0,0,0,5,0.2588190451025207,0.9659258262890684,0,0,1,2.515201018111111,4.360605982305556,2.800820161833333,-0.4131570486944445,20.023374984472223,20.16275633988889,19.56759761594444,20.38224518763889,0.0,0.0,0.0,0.0,0,night,0,0.0,0,1,2858.5618147299447,0.0,20.023374984472223,0,0,0,0,0,0,0,0,0,0,0,0,0,0,0,0,0,0,0,0,0,0,0,0,0,0,0,0,0,0,0.0,0.0,0.0,0.0,0.0,0.0,0.0,0.0,0.0,1.0,0.0,0.0
roll_02,2025-12-08T00:00:00+00:00,2026-01-19T00:00:00+00:00,2026-01-19T00:00:00+00:00,2026-01-26T00:00:00+00:00,1,0,2026-01-02 06:00:00+00:00,2026-01-02 07:00:00+00:00,3311.794430745444,4,376.4616061064445,2858.5618147299447,3518.370831880278,3538.6283029556944,0,0,0,0,0,6,6.123233995736766e-17,1.0,0,0,1,1.957167127,4.00356667175,2.515201018111111,-0.71338800775,20.449733109444445,19.755156399222223,20.023374984472223,20.23946834052778,0.0,0.0,0.0,0.0,0,night,0,0.0,0,1,3538.6283029556944,0.0,20.449733109444445,0,0,0,0,0,0,0,0,0,0,0,0,0,0,0,0,0,0,0,0,0,0,0,0,0,0,0,0,0,0,0.0,0.0,0.0,0.0,0.0,0.0,0.0,0.0,0.0,1.0,0.0,0.0
roll_02,2025-12-08T00:00:00+00:00,2026-01-19T00:00:00+00:00,2026-01-19T00:00:00+00:00,2026-01-26T00:00:00+00:00,1,0,2026-01-02 07:00:00+00:00,2026-01-02 08:00:00+00:00,3332.225262951528,4,287.80127618091666,3538.6283029556944,3614.451199704139,3311.794430745444,0,0,0,0,0,7,-0.2588190451025206,0.9659258262890684,0,0,1,1.5086067542777777,4.189480604805556,1.957167127,-0.6236050273333333,20.28860303161111,19.534980810972225,20.449733109444445,20.21647792511111,0.0,0.0,0.0,0.0,1,night,0,0.0,0,1,3311.794430745444,0.0,20.28860303161111,0,0,0,0,0,0,0,0,0,0,0,0,0,0,0,0,0,0,0,0,0,0,0,0,0,0,0,0,0,0,0.0,0.0,0.0,0.0,0.0,0.0,0.0,0.0,0.0,0.0,0.0,0.0
roll_02,2025-12-08T00:00:00+00:00,2026-01-19T00:00:00+00:00,2026-01-19T00:00:00+00:00,2026-01-26T00:00:00+00:00,1,0,2026-01-02 08:00:00+00:00,2026-01-02 09:00:00+00:00,3296.03510211025,4,-0.1767148733333444,3311.794430745444,3466.2347372128334,3332.225262951528,0,0,0,0,0,8,-0.4999999999999998,0.8660254037844387,0,0,1,1.5363789636111111,4.7641803136666665,1.5086067542777777,0.1926031906388888,19.96970307722222,19.32272638252778,20.28860303161111,20.383762107944445,100.702892373,307.0898960351111,0.0,221.5676332960556,1,low,0,0.0,0,1,3332.225262951528,100.702892373,19.96970307722222,0,0,0,0,0,0,0,0,0,0,0,0,0,0,0,0,0,0,0,0,0,0,0,0,0,0,0,0,0,0,0.0,0.0,0.0,0.0,0.0,0.0,0.0,0.0,0.0,0.0,0.0,0.0
roll_02,2025-12-08T00:00:00+00:00,2026-01-19T00:00:00+00:00,2026-01-19T00:00:00+00:00,2026-01-26T00:00:00+00:00,1,0,2026-01-02 09:00:00+00:00,2026-01-02 10:00:00+00:00,3252.2157858800274,4,-532.5871850158611,3332.225262951528,4034.349695712,3296.03510211025,0,0,0,0,0,9,-0.7071067811865475,0.7071067811865476,0,0,1,1.8653434154166664,6.197449885249999,1.5363789636111111,1.7362557174166666,20.503503885222223,20.59693413080556,19.96970307722222,24.40235248880555,154.19232900480554,859.9914983160279,100.702892373,457.23523962755553,1,low,0,0.0,0,1,3296.03510211025,154.19232900480554,20.503503885222223,0,0,0,0,0,0,0,0,0,0,0,0,0,0,0,0,0,0,0,0,0,0,0,0,0,0,0,0,0,0,0.0,0.0,0.0,0.0,0.0,0.0,0.0,0.0,0.0,0.0,0.0,0.0
roll_02,2025-12-08T00:00:00+00:00,2026-01-19T00:00:00+00:00,2026-01-19T00:00:00+00:00,2026-01-26T00:00:00+00:00,1,0,2026-01-02 10:00:00+00:00,2026-01-02 11:00:00+00:00,2750.0563896135004,4,-876.3846029583055,3296.03510211025,3983.015732155488,3252.2157858800274,0,0,0,0,0,10,-0.8660254037844387,0.4999999999999999,0,0,1,3.004675540861111,7.543283484833332,1.8653434154166664,2.871823934055556,20.408968953722223,24.94451207575,20.503503885222223,20.554107152192127,200.961499416,1245.357692716639,154.19232900480554,333.21615483266254,1,low,0,0.0,0,1,3252.2157858800274,200.961499416,20.408968953722223,0,0,0,0,0,0,0,0,0,0,0,0,0,0,0,0,0,0,0,0,0,0,0,0,0,0,0,0,0,0,0.0,0.0,0.0,0.0,0.0,0.0,0.0,0.0,0.0,0.0,0.0,0.0
roll_02,2025-12-08T00:00:00+00:00,2026-01-19T00:00:00+00:00,2026-01-19T00:00:00+00:00,2026-01-26T00:00:00+00:00,1,0,2026-01-02 11:00:00+00:00,2026-01-02 12:00:00+00:00,203.66359731155555,4,-725.7979384745,3252.2157858800274,4000.1266366841664,2750.0563896135004,0,0,0,0,0,11,-0.9659258262890682,0.258819045102521,0,0,1,4.254223503861111,8.446042897666667,3.004675540861111,3.860609512055556,20.01955996425,20.691055993194443,20.408968953722223,20.29945703397222,321.158825225,1088.262104167889,200.961499416,198.06049560252777,1,low,0,0.0,0,1,2750.0563896135004,321.158825225,20.01955996425,0,0,0,0,0,0,0,0,0,0,0,0,0,0,0,0,0,0,0,0,0,0,0,0,0,0,0,0,0,0,0.0,0.0,0.0,0.0,0.0,0.0,0.0,0.0,0.0,0.0,0.0,0.0
roll_02,2025-12-08T00:00:00+00:00,2026-01-19T00:00:00+00:00,2026-01-19T00:00:00+00:00,2026-01-26T00:00:00+00:00,1,0,2026-01-02 12:00:00+00:00,2026-01-02 13:00:00+00:00,2156.8478098839164,4,-832.3112156383057,2750.0563896135004,4101.4249460315,203.66359731155555,0,0,0,0,0,12,-1.0,1.2246467991473532e-16,0,0,1,4.88784421125,9.382899696166666,4.254223503861111,3.724425362805556,19.58273317261111,20.483483727333333,20.01955996425,20.17678770825,621.9117531783055,1197.867971665,321.158825225,146.76969560222224,1,med,0,0.0,0,1,203.66359731155555,621.9117531783055,19.58273317261111,0,0,0,0,0,0,0,0,0,0,0,0,0,0,0,0,0,0,0,0,0,0,0,0,0,0,0,0,0,0,0.0,0.0,0.0,0.0,0.0,0.0,0.0,0.0,0.0,0.0,0.0,0.0
roll_02,2025-12-08T00:00:00+00:00,2026-01-19T00:00:00+00:00,2026-01-19T00:00:00+00:00,2026-01-26T00:00:00+00:00,1,0,2026-01-02 13:00:00+00:00,2026-01-02 14:00:00+00:00,442.1099367873055,4,-109.47741779458336,203.66359731155555,3784.952639262639,2156.8478098839164,0,0,0,0,0,13,-0.9659258262890684,-0.2588190451025208,0,0,1,6.291503710055555,9.893402413277778,4.88784421125,4.006743579777777,20.585398000194445,19.603553127,19.58273317261111,19.96233974791667,984.2210110624724,443.5385547576389,621.9117531783055,62.643685433194456,1,med,0,0.0,0,2,2156.8478098839164,984.2210110624724,20.585398000194445,0,0,0,0,0,0,0,0,0,0,0,0,0,0,0,0,0,0,0,0,0,0,0,0,0,0,0,0,0,0,0.0,0.0,0.0,0.0,0.0,0.0,0.0,0.0,0.0,0.0,0.0,0.0
roll_02,2025-12-08T00:00:00+00:00,2026-01-19T00:00:00+00:00,2026-01-19T00:00:00+00:00,2026-01-26T00:00:00+00:00,1,0,2026-01-02 14:00:00+00:00,2026-01-02 15:00:00+00:00,2194.6623699058887,4,311.7122178043333,2156.8478098839164,4043.9119028237496,442.1099367873055,0,0,0,0,0,14,-0.8660254037844388,-0.4999999999999997,0,0,1,7.351885889972222,9.080929092722222,6.291503710055555,3.922447638638889,19.293612632,18.710155769472223,20.585398000194445,19.96411220930556,467.3677755113333,0.0,984.2210110624724,52.507772305083336,1,med,0,0.0,0,2,442.1099367873055,467.3677755113333,19.293612632,0,0,0,0,0,0,0,0,0,0,0,0,0,0,0,0,0,0,0,0,0,0,0,0,0,0,0,0,0,0,0.0,0.0,0.0,0.0,0.0,0.0,0.0,0.0,0.0,0.0,0.0,0.0
roll_02,2025-12-08T00:00:00+00:00,2026-01-19T00:00:00+00:00,2026-01-19T00:00:00+00:00,2026-01-26T00:00:00+00:00,1,0,2026-01-02 15:00:00+00:00,2026-01-02 16:00:00+00:00,2417.273609886028,4,316.60429390419444,442.1099367873055,1881.6561161801665,2194.6623699058887,0,0,0,0,0,15,-0.7071067811865479,-0.7071067811865471,0,0,1,6.4229213003888885,8.495916115888889,7.351885889972222,3.757802780638889,19.153207946916663,19.22582074963889,19.293612632,18.864043882666667,21.1688336135,0.0,467.3677755113333,0.0,1,low,0,0.0,0,2,2194.6623699058887,21.1688336135,19.153207946916663,0,0,0,0,0,0,0,0,0,0,0,0,0,0,0,0,0,0,0,0,0,0,0,0,0,0,0,0,0,0,0.0,0.0,0.0,0.0,0.0,0.0,0.0,0.0,0.0,0.0,0.0,0.0
roll_02,2025-12-08T00:00:00+00:00,2026-01-19T00:00:00+00:00,2026-01-19T00:00:00+00:00,2026-01-26T00:00:00+00:00,1,0,2026-01-02 16:00:00+00:00,2026-01-02 17:00:00+00:00,1376.4742731469723,4,332.65083378436105,2194.6623699058887,1782.8520599268056,2417.273609886028,0,0,0,0,0,16,-0.5000000000000004,-0.8660254037844385,0,0,1,4.691802400499999,7.8576460065,6.4229213003888885,3.441195510888889,18.575325831527778,19.73790011705556,19.153207946916663,19.02192629611111,0.0,0.0,21.1688336135,0.0,0,night,0,0.0,0,1,2417.273609886028,0.0,18.575325831527778,0,0,0,0,0,0,0,0,0,0,0,0,0,0,0,0,0,0,0,0,0,0,0,0,0,0,0,0,0,0,0.0,0.0,0.0,0.0,0.0,0.0,0.0,0.0,0.0,0.0,0.0,0.0
roll_02,2025-12-08T00:00:00+00:00,2026-01-19T00:00:00+00:00,2026-01-19T00:00:00+00:00,2026-01-26T00:00:00+00:00,1,0,2026-01-02 17:00:00+00:00,2026-01-02 18:00:00+00:00,3078.580549848528,4,369.5874189399167,2417.273609886028,2230.4140303552776,1376.4742731469723,0,0,0,0,0,17,-0.2588190451025206,-0.9659258262890684,0,0,1,3.636964164333333,7.53156285775,4.691802400499999,3.278920472083333,18.94699505063889,19.637948138,18.575325831527778,19.380618803138887,0.0,0.0,0.0,0.0,0,night,0,0.0,0,1,1376.4742731469723,0.0,18.94699505063889,0,0,0,0,0,0,0,0,0,0,0,0,0,0,0,0,0,0,0,0,0,0,0,0,0,0,0,0,0,0,0.0,0.0,0.0,0.0,0.0,0.0,0.0,0.0,0.0,1.0,0.0,0.0
roll_02,2025-12-08T00:00:00+00:00,2026-01-19T00:00:00+00:00,2026-01-19T00:00:00+00:00,2026-01-26T00:00:00+00:00,1,0,2026-01-02 18:00:00+00:00,2026-01-02 19:00:00+00:00,747.5707339610277,4,363.8353592297778,1376.4742731469723,2606.994677621278,3078.580549848528,0,0,0,0,0,18,-1.8369701987210294e-16,-1.0,0,0,1,3.2889399347222223,7.413109542805556,3.636964164333333,3.351725773833333,19.66530186558333,19.10039354783333,18.94699505063889,19.08621649436111,0.0,0.0,0.0,0.0,0,night,0,0.0,0,1,3078.580549848528,0.0,19.66530186558333,0,0,0,0,0,0,0,0,0,0,0,0,0,0,0,0,0,0,0,0,0,0,0,0,0,0,0,0,0,0,0.0,0.0,0.0,0.0,0.0,0.0,0.0,0.0,0.0,1.0,0.0,0.0
roll_02,2025-12-08T00:00:00+00:00,2026-01-19T00:00:00+00:00,2026-01-19T00:00:00+00:00,2026-01-26T00:00:00+00:00,1,0,2026-01-02 19:00:00+00:00,2026-01-02 20:00:00+00:00,1520.806349908389,4,367.57673683502776,3078.580549848528,2707.5194976916387,747.5707339610277,0,0,0,0,0,19,0.2588190451025203,-0.9659258262890684,0,0,1,2.669988655583333,7.229570312222222,3.2889399347222223,3.450956087333333,19.03186338688889,19.61626683691667,19.66530186558333,19.234155365444447,0.0,0.0,0.0,0.0,0,night,0,0.0,0,1,747.5707339610277,0.0,19.03186338688889,0,0,0,0,0,0,0,0,0,0,0,0,0,0,0,0,0,0,0,0,0,0,0,0,0,0,0,0,0,0,0.0,0.0,0.0,0.0,0.0,0.0,0.0,0.0,0.0,1.0,0.0,0.0
roll_02,2025-12-08T00:00:00+00:00,2026-01-19T00:00:00+00:00,2026-01-19T00:00:00+00:00,2026-01-26T00:00:00+00:00,1,0,2026-01-02 20:00:00+00:00,2026-01-02 21:00:00+00:00,753.8812011465278,4,380.7065329344444,747.5707339610277,2638.5277046471665,1520.806349908389,0,0,0,0,0,20,0.5000000000000001,-0.8660254037844386,0,0,1,2.584014211888889,6.905029185888889,2.669988655583333,3.6863510515277778,19.30552196472222,19.56436524752778,19.03186338688889,19.63754506386111,0.0,0.0,0.0,0.0,0,night,0,0.0,0,1,1520.806349908389,0.0,19.30552196472222,0,0,0,0,0,0,0,0,0,0,0,0,0,0,0,0,0,0,0,0,0,0,0,0,0,0,0,0,0,0,0.0,0.0,0.0,0.0,0.0,0.0,0.0,0.0,0.0,1.0,0.0,0.0
roll_02,2025-12-08T00:00:00+00:00,2026-01-19T00:00:00+00:00,2026-01-19T00:00:00+00:00,2026-01-26T00:00:00+00:00,1,0,2026-01-02 21:00:00+00:00,2026-01-02 22:00:00+00:00,716.93187110375,4,366.4425134052223,1520.806349908389,901.9364256613334,753.8812011465278,0,0,0,0,0,21,0.7071067811865474,-0.7071067811865477,0,0,1,2.7116617703611112,5.742414153916667,2.584014211888889,3.648582572861111,19.23046834705556,19.927811801944443,19.30552196472222,19.239372728583334,0.0,0.0,0.0,0.0,0,night,0,0.0,0,1,753.8812011465278,0.0,19.23046834705556,0,0,0,0,0,0,0,0,0,0,0,0,0,0,0,0,0,0,0,0,0,0,0,0,0,0,0,0,0,0,0.0,0.0,0.0,0.0,0.0,0.0,0.0,0.0,0.0,1.0,0.0,0.0
roll_02,2025-12-08T00:00:00+00:00,2026-01-19T00:00:00+00:00,2026-01-19T00:00:00+00:00,2026-01-26T00:00:00+00:00,1,0,2026-01-02 22:00:00+00:00,2026-01-02 23:00:00+00:00,444.07202158833326,4,362.9883982248612,753.8812011465278,724.7193436175279,716.93187110375,0,0,0,0,0,22,0.8660254037844384,-0.5000000000000004,0,0,1,2.743080294111111,4.799696334361111,2.7116617703611112,3.5975103316111112,18.854297742222226,19.56562008033333,19.23046834705556,19.460534112944444,0.0,0.0,0.0,0.0,0,night,0,0.0,0,1,716.93187110375,0.0,18.854297742222226,0,0,0,0,0,0,0,0,0,0,0,0,0,0,0,0,0,0,0,0,0,0,0,0,0,0,0,0,0,0,0.0,0.0,0.0,0.0,0.0,0.0,0.0,0.0,0.0,1.0,0.0,0.0
roll_02,2025-12-08T00:00:00+00:00,2026-01-19T00:00:00+00:00,2026-01-19T00:00:00+00:00,2026-01-26T00:00:00+00:00,1,0,2026-01-02 23:00:00+00:00,2026-01-03 00:00:00+00:00,375.1593775649167,4,367.60641801475,716.93187110375,398.3781501548611,444.07202158833326,0,0,0,0,0,23,0.965925826289068,-0.2588190451025215,0,0,1,2.374752216916667,4.068188061916667,2.743080294111111,3.3576914185277773,19.03854407377777,19.995837251666668,18.854297742222226,19.513050587861112,0.0,0.0,0.0,0.0,0,night,0,0.0,0,1,444.07202158833326,0.0,19.03854407377777,0,0,0,0,0,0,0,0,0,0,0,0,0,0,0,0,0,0,0,0,0,0,0,0,0,0,0,0,0,0,0.0,0.0,0.0,0.0,0.0,0.0,0.0,0.0,0.0,1.0,0.0,0.0
roll_02,2025-12-08T00:00:00+00:00,2026-01-19T00:00:00+00:00,2026-01-19T00:00:00+00:00,2026-01-26T00:00:00+00:00,1,0,2026-01-03 00:00:00+00:00,2026-01-03 01:00:00+00:00,363.34386871627777,5,367.09756763111113,444.07202158833326,379.0659310989167,375.1593775649167,0,0,0,0,0,0,1.0,0.0,0,1,1,1.9646383664444445,3.77036413125,2.374752216916667,3.338668847444444,19.33759076275,19.82711789577778,19.03854407377777,19.62070515736111,0.0,0.0,0.0,0.0,0,night,0,0.0,0,1,375.1593775649167,0.0,19.33759076275,0,0,0,0,0,0,0,0,0,0,0,0,0,0,0,0,0,0,0,0,0,0,0,0,0,0,0,0,0,0,0.0,0.0,0.0,0.0,0.0,0.0,0.0,0.0,0.0,1.0,0.0,0.0
roll_02,2025-12-08T00:00:00+00:00,2026-01-19T00:00:00+00:00,2026-01-19T00:00:00+00:00,2026-01-26T00:00:00+00:00,1,0,2026-01-03 01:00:00+00:00,2026-01-03 02:00:00+00:00,362.6429971693333,5,373.2899417342778,375.1593775649167,382.9934236015,363.34386871627777,0,0,0,1,0,1,0.9659258262890684,0.2588190451025207,0,1,1,2.0208684628888887,3.29775666325,1.9646383664444445,3.312073476527777,19.309163158083333,20.171222283416668,19.33759076275,19.65042477444445,0.0,0.0,0.0,0.0,0,night,0,0.0,0,1,363.34386871627777,,19.309163158083333,0,0,0,0,0,0,0,0,0,0,0,0,0,1,0,1,0,1,0,0,1,1,0,4,0,0,0,2,0,0,0.0,0.0,0.0,0.0,0.0,1.0,0.0,0.0,0.0,1.0,0.0,0.0
roll_02,2025-12-08T00:00:00+00:00,2026-01-19T00:00:00+00:00,2026-01-19T00:00:00+00:00,2026-01-26T00:00:00+00:00,1,0,2026-01-03 02:00:00+00:00,2026-01-03 03:00:00+00:00,379.86716809136107,5,376.47621719408335,363.34386871627777,393.49490120975,362.6429971693333,0,0,0,1,0,2,0.8660254037844387,0.4999999999999999,0,1,1,2.254212013555556,2.8531619042777776,2.0208684628888887,3.0618503228333336,19.303233456888886,20.287044432444443,19.309163158083333,19.38031526486111,0.0,0.0,0.0,0.0,0,night,0,0.0,0,1,362.6429971693333,,19.303233456888886,0,0,0,0,0,0,0,0,0,0,0,0,0,1,0,1,0,1,0,0,1,1,0,4,0,0,0,2,0,0,0.0,1.0,0.0,0.0,0.0,1.0,0.0,0.0,0.0,1.0,0.0,0.0
roll_02,2025-12-08T00:00:00+00:00,2026-01-19T00:00:00+00:00,2026-01-19T00:00:00+00:00,2026-01-26T00:00:00+00:00,1,0,2026-01-03 03:00:00+00:00,2026-01-03 04:00:00+00:00,883.879893913139,5,400.62305610536106,362.6429971693333,433.7873118176944,379.86716809136107,0,0,0,1,0,3,0.7071067811865476,0.7071067811865476,0,1,1,2.1935168925555555,2.799746869111111,2.254212013555556,2.982225761305556,19.437290252305555,20.16789988486111,19.303233456888886,19.31065924983333,0.0,0.0,0.0,0.0,0,night,0,0.0,0,1,379.86716809136107,,19.437290252305555,0,0,0,0,0,0,0,0,0,0,0,0,0,1,0,1,0,1,0,0,1,1,0,4,0,0,0,2,0,0,0.0,1.0,0.0,0.0,0.0,1.0,0.0,0.0,0.0,0.0,0.0,0.0
roll_02,2025-12-08T00:00:00+00:00,2026-01-19T00:00:00+00:00,2026-01-19T00:00:00+00:00,2026-01-26T00:00:00+00:00,1,0,2026-01-03 04:00:00+00:00,2026-01-03 05:00:00+00:00,2491.7089766920003,5,373.20435341972217,379.86716809136107,1030.868716379778,883.879893913139,0,0,0,1,0,4,0.5000000000000001,0.8660254037844386,0,1,1,2.441381857611112,2.428454225583333,2.1935168925555555,2.800820161833333,19.34279582758333,19.619808221666663,19.437290252305555,19.56759761594444,0.0,0.0,0.0,0.0,0,night,0,0.0,0,1,883.879893913139,,19.34279582758333,0,0,0,0,0,0,0,0,0,0,0,0,0,1,0,1,0,1,0,0,1,1,0,4,0,0,0,2,0,0,0.0,1.0,0.0,0.0,0.0,0.0,0.0,0.0,0.0,0.0,0.0,0.0
roll_02,2025-12-08T00:00:00+00:00,2026-01-19T00:00:00+00:00,2026-01-19T00:00:00+00:00,2026-01-26T00:00:00+00:00,1,0,2026-01-03 05:00:00+00:00,2026-01-03 06:00:00+00:00,2960.379094708722,5,370.0003455178333,883.879893913139,2858.5618147299447,2491.7089766920003,0,0,0,0,0,5,0.2588190451025207,0.9659258262890684,0,1,1,2.516574737,2.2228928991666668,2.441381857611112,2.515201018111111,19.9981677105,19.545436412694443,19.34279582758333,20.023374984472223,0.0,0.0,0.0,0.0,0,night,0,0.0,0,1,2491.7089766920003,0.0,19.9981677105,0,0,0,0,0,0,0,0,0,0,0,0,0,0,0,0,0,0,0,0,0,0,0,0,0,0,0,0,0,0,0.0,1.0,0.0,0.0,0.0,0.0,0.0,0.0,0.0,0.0,0.0,0.0
roll_02,2025-12-08T00:00:00+00:00,2026-01-19T00:00:00+00:00,2026-01-19T00:00:00+00:00,2026-01-26T00:00:00+00:00,1,0,2026-01-03 06:00:00+00:00,2026-01-03 07:00:00+00:00,3219.8283079783614,5,355.6256398170278,2491.7089766920003,3538.6283029556944,2960.379094708722,0,0,0,0,0,6,6.123233995736766e-17,1.0,0,1,1,2.5350412955,1.958630540833333,2.516574737,1.957167127,19.898109032527778,19.39104726422222,19.9981677105,20.449733109444445,0.0,0.0,0.0,0.0,0,night,0,0.0,0,1,2960.379094708722,0.0,19.898109032527778,0,0,0,0,0,0,0,0,0,0,0,0,0,0,0,0,0,0,0,0,0,0,0,0,0,0,0,0,0,0,0.0,0.0,0.0,0.0,0.0,0.0,0.0,0.0,0.0,1.0,0.0,0.0
roll_02,2025-12-08T00:00:00+00:00,2026-01-19T00:00:00+00:00,2026-01-19T00:00:00+00:00,2026-01-26T00:00:00+00:00,1,0,2026-01-03 07:00:00+00:00,2026-01-03 08:00:00+00:00,4097.899813164694,5,202.36820761566665,2960.379094708722,3311.794430745444,3219.8283079783614,0,0,0,0,0,7,-0.2588190451025206,0.9659258262890684,0,1,1,2.5620184721111112,1.9983347796111115,2.5350412955,1.5086067542777777,19.62690058863889,19.30471003441667,19.898109032527778,20.28860303161111,0.0,0.0,0.0,0.0,1,night,0,0.0,0,1,3219.8283079783614,0.0,19.62690058863889,0,0,0,0,0,0,0,0,0,0,0,0,0,0,0,0,0,0,0,0,0,0,0,0,0,0,0,0,0,0,0.0,0.0,0.0,0.0,0.0,0.0,0.0,0.0,0.0,0.0,0.0,0.0
roll_02,2025-12-08T00:00:00+00:00,2026-01-19T00:00:00+00:00,2026-01-19T00:00:00+00:00,2026-01-26T00:00:00+00:00,1,0,2026-01-03 08:00:00+00:00,2026-01-03 09:00:00+00:00,3458.548298758778,5,-342.3690243050833,3219.8283079783614,3332.225262951528,4097.899813164694,0,0,0,0,0,8,-0.4999999999999998,0.8660254037844387,0,1,1,2.783053423027777,3.260340998194444,2.5620184721111112,1.5363789636111111,19.68397891186111,19.611482318333334,19.62690058863889,19.96970307722222,31.94051424275,656.744170894861,0.0,100.702892373,1,low,0,0.0,0,1,4097.899813164694,31.94051424275,19.68397891186111,0,0,0,0,0,0,0,0,0,0,0,0,0,0,0,0,0,0,0,0,0,0,0,0,0,0,0,0,0,0,0.0,0.0,0.0,0.0,0.0,0.0,0.0,0.0,0.0,0.0,0.0,0.0
roll_02,2025-12-08T00:00:00+00:00,2026-01-19T00:00:00+00:00,2026-01-19T00:00:00+00:00,2026-01-26T00:00:00+00:00,1,0,2026-01-03 09:00:00+00:00,2026-01-03 10:00:00+00:00,3167.219901841277,5,-703.6570073681111,4097.899813164694,3296.03510211025,3458.548298758778,0,0,0,0,0,9,-0.7071067811865475,0.7071067811865476,0,1,1,3.250605958861111,4.864624376638889,2.783053423027777,1.8653434154166664,20.292972068972222,20.28512342775,19.68397891186111,20.503503885222223,181.73379014816663,1062.418108394,31.94051424275,154.19232900480554,1,low,0,0.0,0,1,3458.548298758778,181.73379014816663,20.292972068972222,0,0,0,0,0,0,0,0,0,0,0,0,0,0,0,0,0,0,0,0,0,0,0,0,0,0,0,0,0,0,0.0,0.0,0.0,0.0,0.0,0.0,0.0,0.0,0.0,0.0,0.0,0.0
roll_02,2025-12-08T00:00:00+00:00,2026-01-19T00:00:00+00:00,2026-01-19T00:00:00+00:00,2026-01-26T00:00:00+00:00,1,0,2026-01-03 10:00:00+00:00,2026-01-03 11:00:00+00:00,878.4861660641387,5,-943.1361743445832,3458.548298758778,3252.2157858800274,3167.219901841277,0,0,0,0,0,10,-0.8660254037844387,0.4999999999999999,0,1,1,3.962305914333333,6.655814003805555,3.250605958861111,3.004675540861111,20.20445421588889,20.45345356305556,20.292972068972222,20.408968953722223,341.5015807105833,1297.9290753646944,181.73379014816663,200.961499416,1,low,0,0.0,0,1,3167.219901841277,341.5015807105833,20.20445421588889,0,0,0,0,0,0,0,0,0,0,0,0,0,0,0,0,0,0,0,0,0,0,0,0,0,0,0,0,0,0,0.0,0.0,0.0,0.0,0.0,0.0,0.0,0.0,0.0,0.0,0.0,0.0
roll_02,2025-12-08T00:00:00+00:00,2026-01-19T00:00:00+00:00,2026-01-19T00:00:00+00:00,2026-01-26T00:00:00+00:00,1,0,2026-01-03 11:00:00+00:00,2026-01-03 12:00:00+00:00,2281.886785713889,5,-778.95364398,3167.219901841277,2750.0563896135004,878.4861660641387,0,0,0,0,0,11,-0.9659258262890682,0.258819045102521,0,1,1,4.58917522338889,8.547748503388888,3.962305914333333,4.254223503861111,19.559166769972222,21.03809237188889,20.20445421588889,20.01955996425,898.2491261575,1139.2483406145554,341.5015807105833,321.158825225,1,med,0,0.0,0,1,878.4861660641387,898.2491261575,19.559166769972222,0,0,0,0,0,0,0,0,0,0,0,0,0,0,0,0,0,0,0,0,0,0,0,0,0,0,0,0,0,0,0.0,0.0,0.0,0.0,0.0,0.0,0.0,0.0,0.0,0.0,0.0,0.0
roll_02,2025-12-08T00:00:00+00:00,2026-01-19T00:00:00+00:00,2026-01-19T00:00:00+00:00,2026-01-26T00:00:00+00:00,1,0,2026-01-03 12:00:00+00:00,2026-01-03 13:00:00+00:00,260.7462311905,5,-1039.7456046587502,878.4861660641387,203.66359731155555,2281.886785713889,0,0,0,0,0,12,-1.0,1.2246467991473532e-16,0,1,1,6.458593664777777,9.865866164944444,4.58917522338889,4.88784421125,20.912336969805555,20.66059292661112,19.559166769972222,19.58273317261111,1361.2392391049443,1387.7059696338056,898.2491261575,621.9117531783055,1,high,0,0.0,0,2,2281.886785713889,1361.2392391049443,20.912336969805555,0,0,0,0,0,0,0,0,0,0,0,0,0,0,0,0,0,0,0,0,0,0,0,0,0,0,0,0,0,0,0.0,0.0,0.0,0.0,0.0,0.0,0.0,0.0,0.0,0.0,0.0,0.0
roll_02,2025-12-08T00:00:00+00:00,2026-01-19T00:00:00+00:00,2026-01-19T00:00:00+00:00,2026-01-26T00:00:00+00:00,1,0,2026-01-03 13:00:00+00:00,2026-01-03 14:00:00+00:00,2491.808120346805,5,-767.9513324097778,2281.886785713889,2156.8478098839164,260.7462311905,0,0,0,0,0,13,-0.9659258262890684,-0.2588190451025208,0,1,1,7.64676199675,10.91329109061111,6.458593664777777,6.291503710055555,24.15413321911112,20.68691503261111,20.912336969805555,20.585398000194445,1078.0581238148056,1116.526467721472,1361.2392391049443,984.2210110624724,1,med,0,0.0,0,2,260.7462311905,1078.0581238148056,24.15413321911112,0,0,0,0,0,0,0,0,0,0,0,0,0,0,0,0,0,0,0,0,0,0,0,0,0,0,0,0,0,0,0.0,0.0,0.0,0.0,0.0,0.0,0.0,0.0,0.0,0.0,0.0,0.0
roll_02,2025-12-08T00:00:00+00:00,2026-01-19T00:00:00+00:00,2026-01-19T00:00:00+00:00,2026-01-26T00:00:00+00:00,1,0,2026-01-03 14:00:00+00:00,2026-01-03 15:00:00+00:00,3489.7541317197224,5,-170.45992740047222,260.7462311905,442.1099367873055,2491.808120346805,0,0,0,0,0,14,-0.8660254037844388,-0.4999999999999997,0,1,1,7.308220307166667,11.61591237525,7.64676199675,7.351885889972222,19.89664639463889,19.74532059177778,24.15413321911112,19.293612632,509.991422105,505.1306113983333,1078.0581238148056,467.3677755113333,1,med,0,0.0,0,2,2491.808120346805,509.991422105,19.89664639463889,0,0,0,0,0,0,0,0,0,0,0,0,0,0,0,0,0,0,0,0,0,0,0,0,0,0,0,0,0,0,0.0,0.0,0.0,0.0,0.0,0.0,0.0,0.0,0.0,0.0,0.0,0.0
roll_02,2025-12-08T00:00:00+00:00,2026-01-19T00:00:00+00:00,2026-01-19T00:00:00+00:00,2026-01-26T00:00:00+00:00,1,0,2026-01-03 15:00:00+00:00,2026-01-03 16:00:00+00:00,2314.8975783965834,5,302.76294772666665,2491.808120346805,2194.6623699058887,3489.7541317197224,0,0,0,0,0,15,-0.7071067811865479,-0.7071067811865471,0,1,1,4.4177138070833335,9.851734942694444,7.308220307166667,6.4229213003888885,19.798264392194444,18.776619243972224,19.89664639463889,19.153207946916663,19.15601346475,0.0,509.991422105,21.1688336135,1,low,0,0.0,0,1,3489.7541317197224,19.15601346475,19.798264392194444,0,0,0,0,0,0,0,0,0,0,0,0,0,0,0,0,0,0,0,0,0,0,0,0,0,0,0,0,0,0,0.0,0.0,0.0,0.0,0.0,0.0,0.0,0.0,0.0,0.0,0.0,0.0
roll_02,2025-12-08T00:00:00+00:00,2026-01-19T00:00:00+00:00,2026-01-19T00:00:00+00:00,2026-01-26T00:00:00+00:00,1,0,2026-01-03 16:00:00+00:00,2026-01-03 17:00:00+00:00,1386.76257099725,5,353.76828453200005,3489.7541317197224,2417.273609886028,2314.8975783965834,0,0,0,0,0,16,-0.5000000000000004,-0.8660254037844385,0,1,1,2.611712534833333,7.906901319083333,4.4177138070833335,4.691802400499999,19.394250187222223,19.084814101944445,19.798264392194444,18.575325831527778,0.0,0.0,19.15601346475,0.0,0,night,0,0.0,0,1,2314.8975783965834,0.0,19.394250187222223,0,0,0,0,0,0,0,0,0,0,0,0,0,0,0,0,0,0,0,0,0,0,0,0,0,0,0,0,0,0,0.0,0.0,0.0,0.0,0.0,0.0,0.0,0.0,0.0,0.0,0.0,0.0
roll_02,2025-12-08T00:00:00+00:00,2026-01-19T00:00:00+00:00,2026-01-19T00:00:00+00:00,2026-01-26T00:00:00+00:00,1,0,2026-01-03 17:00:00+00:00,2026-01-03 18:00:00+00:00,2580.926072664,5,360.6535462150834,2314.8975783965834,1376.4742731469723,1386.76257099725,0,0,0,0,0,17,-0.2588190451025206,-0.9659258262890684,0,1,1,2.087620034527778,6.7028701565,2.611712534833333,3.636964164333333,18.67101440580556,19.152969937694447,19.394250187222223,18.94699505063889,0.0,0.0,0.0,0.0,0,night,0,0.0,0,1,1386.76257099725,0.0,18.67101440580556,0,0,0,0,0,0,0,0,0,0,0,0,0,0,0,0,0,0,0,0,0,0,0,0,0,0,0,0,0,0,0.0,0.0,0.0,0.0,0.0,0.0,0.0,0.0,0.0,0.0,0.0,0.0
roll_02,2025-12-08T00:00:00+00:00,2026-01-19T00:00:00+00:00,2026-01-19T00:00:00+00:00,2026-01-26T00:00:00+00:00,1,0,2026-01-03 18:00:00+00:00,2026-01-03 19:00:00+00:00,2283.062990359611,5,342.8256949160555,1386.76257099725,3078.580549848528,2580.926072664,0,0,0,0,0,18,-1.8369701987210294e-16,-1.0,0,1,1,2.242830446972222,5.913511261805556,2.087620034527778,3.2889399347222223,19.220712551444446,19.069021270277776,18.67101440580556,19.66530186558333,0.0,0.0,0.0,0.0,0,night,0,0.0,0,1,2580.926072664,0.0,19.220712551444446,0,0,0,0,0,0,0,0,0,0,0,0,0,0,0,0,0,0,0,0,0,0,0,0,0,0,0,0,0,0,0.0,0.0,0.0,0.0,0.0,0.0,0.0,0.0,0.0,1.0,0.0,0.0
roll_02,2025-12-08T00:00:00+00:00,2026-01-19T00:00:00+00:00,2026-01-19T00:00:00+00:00,2026-01-26T00:00:00+00:00,1,0,2026-01-03 19:00:00+00:00,2026-01-03 20:00:00+00:00,1462.5350973724444,5,352.52784933558337,2580.926072664,747.5707339610277,2283.062990359611,0,0,0,0,0,19,0.2588190451025203,-0.9659258262890684,0,1,1,2.2489509669444443,5.345797829972223,2.242830446972222,2.669988655583333,19.594004941888887,19.016637481,19.220712551444446,19.03186338688889,0.0,0.0,0.0,0.0,0,night,0,0.0,0,1,2283.062990359611,0.0,19.594004941888887,0,0,0,0,0,0,0,0,0,0,0,0,0,0,0,0,0,0,0,0,0,0,0,0,0,0,0,0,0,0,0.0,0.0,0.0,0.0,0.0,0.0,0.0,0.0,0.0,1.0,0.0,0.0
roll_02,2025-12-08T00:00:00+00:00,2026-01-19T00:00:00+00:00,2026-01-19T00:00:00+00:00,2026-01-26T00:00:00+00:00,1,0,2026-01-03 20:00:00+00:00,2026-01-03 21:00:00+00:00,375.0607492588889,5,357.4805841060556,2283.062990359611,1520.806349908389,1462.5350973724444,0,0,0,0,0,20,0.5000000000000001,-0.8660254037844386,0,1,1,2.470733067888889,4.48465907975,2.2489509669444443,2.584014211888889,19.57438276602777,19.42894610322222,19.594004941888887,19.30552196472222,0.0,0.0,0.0,0.0,0,night,0,0.0,0,1,1462.5350973724444,0.0,19.57438276602777,0,0,0,0,0,0,0,0,0,0,0,0,0,0,0,0,0,0,0,0,0,0,0,0,0,0,0,0,0,0,0.0,0.0,0.0,0.0,0.0,0.0,0.0,0.0,0.0,1.0,0.0,0.0
roll_02,2025-12-08T00:00:00+00:00,2026-01-19T00:00:00+00:00,2026-01-19T00:00:00+00:00,2026-01-26T00:00:00+00:00,1,0,2026-01-03 21:00:00+00:00,2026-01-03 22:00:00+00:00,375.37890328261113,5,358.13523294513885,1462.5350973724444,753.8812011465278,375.0607492588889,0,0,0,0,0,21,0.7071067811865474,-0.7071067811865477,0,1,1,2.189155444,4.135157451916666,2.470733067888889,2.7116617703611112,18.932722613527776,19.55357393094444,19.57438276602777,19.23046834705556,0.0,0.0,0.0,0.0,0,night,0,0.0,0,1,375.0607492588889,0.0,18.932722613527776,0,0,0,0,0,0,0,0,0,0,0,0,0,0,0,0,0,0,0,0,0,0,0,0,0,0,0,0,0,0,0.0,0.0,0.0,0.0,0.0,0.0,0.0,0.0,0.0,1.0,0.0,0.0
roll_02,2025-12-08T00:00:00+00:00,2026-01-19T00:00:00+00:00,2026-01-19T00:00:00+00:00,2026-01-26T00:00:00+00:00,1,0,2026-01-03 22:00:00+00:00,2026-01-03 23:00:00+00:00,374.46046981975,5,355.3425132031666,375.0607492588889,716.93187110375,375.37890328261113,0,0,0,0,0,22,0.8660254037844384,-0.5000000000000004,0,1,1,1.28027754075,3.4543542541388894,2.189155444,2.743080294111111,18.99305515488889,19.34225987938889,18.932722613527776,18.854297742222226,0.0,0.0,0.0,0.0,0,night,0,0.0,0,1,375.37890328261113,0.0,18.99305515488889,0,0,0,0,0,0,0,0,0,0,0,0,0,0,0,0,0,0,0,0,0,0,0,0,0,0,0,0,0,0,0.0,0.0,0.0,0.0,0.0,0.0,0.0,0.0,0.0,1.0,0.0,0.0
roll_02,2025-12-08T00:00:00+00:00,2026-01-19T00:00:00+00:00,2026-01-19T00:00:00+00:00,2026-01-26T00:00:00+00:00,1,0,2026-01-03 23:00:00+00:00,2026-01-04 00:00:00+00:00,400.5202616093611,5,379.8121640126667,375.37890328261113,444.07202158833326,374.46046981975,0,0,0,1,0,23,0.965925826289068,-0.2588190451025215,0,1,1,0.8070265182222222,2.770150504111111,1.28027754075,2.374752216916667,19.246935102583333,19.373468451388888,18.99305515488889,19.03854407377777,0.0,0.0,0.0,0.0,0,night,0,0.0,0,1,374.46046981975,,19.246935102583333,0,0,0,0,0,0,0,0,0,0,0,0,0,1,0,1,0,1,0,0,1,1,0,5,0,0,0,3,0,0,0.0,0.0,0.0,0.0,0.0,0.0,0.0,0.0,0.0,1.0,0.0,0.0
roll_02,2025-12-08T00:00:00+00:00,2026-01-19T00:00:00+00:00,2026-01-19T00:00:00+00:00,2026-01-26T00:00:00+00:00,1,0,2026-01-04 00:00:00+00:00,2026-01-04 01:00:00+00:00,401.71539133133336,6,361.3767345834444,374.46046981975,375.1593775649167,400.5202616093611,0,0,0,1,0,0,1.0,0.0,0,1,1,0.6374207785833333,2.3211953455,0.8070265182222222,1.9646383664444445,19.24081155938889,19.45808851136111,19.246935102583333,19.33759076275,0.0,0.0,0.0,0.0,0,night,0,0.0,0,1,400.5202616093611,,19.24081155938889,0,0,0,0,0,0,0,0,0,0,0,0,0,1,0,1,0,1,0,0,1,1,0,5,0,0,0,3,0,0,0.0,1.0,0.0,0.0,0.0,0.0,0.0,0.0,0.0,1.0,0.0,0.0
roll_02,2025-12-08T00:00:00+00:00,2026-01-19T00:00:00+00:00,2026-01-19T00:00:00+00:00,2026-01-26T00:00:00+00:00,1,0,2026-01-04 01:00:00+00:00,2026-01-04 02:00:00+00:00,386.17825283205553,6,365.5212679349722,400.5202616093611,363.34386871627777,401.71539133133336,0,0,0,1,0,1,0.9659258262890684,0.2588190451025207,0,1,1,0.3122947753888889,2.0587098055555555,0.6374207785833333,2.0208684628888887,19.560186058166668,19.737167603222225,19.24081155938889,19.309163158083333,0.0,0.0,0.0,0.0,0,night,0,0.0,0,1,401.71539133133336,,19.560186058166668,0,0,0,0,0,0,0,0,0,0,0,0,0,1,0,1,0,1,0,0,1,1,0,5,0,0,0,3,0,0,0.0,1.0,0.0,0.0,0.0,1.0,0.0,0.0,0.0,1.0,0.0,0.0
roll_02,2025-12-08T00:00:00+00:00,2026-01-19T00:00:00+00:00,2026-01-19T00:00:00+00:00,2026-01-26T00:00:00+00:00,1,0,2026-01-04 02:00:00+00:00,2026-01-04 03:00:00+00:00,408.2332594964723,6,367.7212125968889,401.71539133133336,362.6429971693333,386.17825283205553,0,0,0,1,0,2,0.8660254037844387,0.4999999999999999,0,1,1,0.0963786233055555,1.816750970638889,0.3122947753888889,2.254212013555556,19.34644422283333,19.750656706833336,19.560186058166668,19.303233456888886,0.0,0.0,0.0,0.0,0,night,0,0.0,0,1,386.17825283205553,,19.34644422283333,0,0,0,0,0,0,0,0,0,0,0,0,0,1,0,1,0,1,0,0,1,1,0,5,0,0,0,3,0,0,0.0,1.0,0.0,0.0,0.0,1.0,0.0,0.0,0.0,1.0,0.0,0.0
roll_02,2025-12-08T00:00:00+00:00,2026-01-19T00:00:00+00:00,2026-01-19T00:00:00+00:00,2026-01-26T00:00:00+00:00,1,0,2026-01-04 03:00:00+00:00,2026-01-04 04:00:00+00:00,1033.0910979035275,6,401.057145508,386.17825283205553,379.86716809136107,408.2332594964723,0,0,0,1,0,3,0.7071067811865476,0.7071067811865476,0,1,1,-0.1829262835277778,1.5040153896944444,0.0963786233055555,2.1935168925555555,19.44968378425,19.594243140722224,19.34644422283333,19.437290252305555,0.0,0.0,0.0,0.0,0,night,0,0.0,0,0,408.2332594964723,,19.44968378425,0,0,0,0,0,0,0,0,0,0,0,0,0,1,0,1,0,1,0,0,1,1,0,5,0,0,0,3,0,0,0.0,1.0,0.0,0.0,0.0,1.0,0.0,0.0,0.0,1.0,0.0,0.0
roll_02,2025-12-08T00:00:00+00:00,2026-01-19T00:00:00+00:00,2026-01-19T00:00:00+00:00,2026-01-26T00:00:00+00:00,1,0,2026-01-04 04:00:00+00:00,2026-01-04 05:00:00+00:00,2544.078318991584,6,370.43175336558335,408.2332594964723,883.879893913139,1033.0910979035275,0,0,0,0,0,4,0.5000000000000001,0.8660254037844386,0,1,1,-0.3972790553888889,1.225751979138889,-0.1829262835277778,2.441381857611112,19.553955908472226,19.658541817555555,19.44968378425,19.34279582758333,0.0,0.0,0.0,0.0,0,night,0,0.0,0,0,1033.0910979035275,0.0,19.553955908472226,0,0,0,0,0,0,0,0,0,0,0,0,0,0,0,0,0,0,0,0,0,0,0,0,0,0,0,0,0,0,0.0,1.0,0.0,0.0,0.0,1.0,0.0,0.0,0.0,1.0,0.0,0.0
roll_02,2025-12-08T00:00:00+00:00,2026-01-19T00:00:00+00:00,2026-01-19T00:00:00+00:00,2026-01-26T00:00:00+00:00,1,0,2026-01-04 05:00:00+00:00,2026-01-04 06:00:00+00:00,2938.558858745584,6,366.7768885936944,1033.0910979035275,2491.7089766920003,2544.078318991584,0,0,0,0,0,5,0.2588190451025207,0.9659258262890684,0,1,1,-0.3271602731111111,0.7842006164444445,-0.3972790553888889,2.516574737,19.92661150175,19.566275839694445,19.553955908472226,19.9981677105,0.0,0.0,0.0,0.0,0,night,0,0.0,0,0,2544.078318991584,0.0,19.92661150175,0,0,0,0,0,0,0,0,0,0,0,0,0,0,0,0,0,0,0,0,0,0,0,0,0,0,0,0,0,0,0.0,0.0,0.0,0.0,0.0,0.0,0.0,0.0,0.0,1.0,0.0,0.0
roll_02,2025-12-08T00:00:00+00:00,2026-01-19T00:00:00+00:00,2026-01-19T00:00:00+00:00,2026-01-26T00:00:00+00:00,1,0,2026-01-04 06:00:00+00:00,2026-01-04 07:00:00+00:00,3003.992790345083,6,347.5298651954167,2544.078318991584,2960.379094708722,2938.558858745584,0,0,0,0,0,6,6.123233995736766e-17,1.0,0,1,1,-0.1161207065555555,0.6596432545,-0.3271602731111111,2.5350412955,20.19321753094444,19.54825882202778,19.92661150175,19.898109032527778,0.0,0.0,0.0,0.0,0,night,0,0.0,0,0,2938.558858745584,0.0,20.19321753094444,0,0,0,0,0,0,0,0,0,0,0,0,0,0,0,0,0,0,0,0,0,0,0,0,0,0,0,0,0,0,0.0,0.0,0.0,0.0,0.0,0.0,0.0,0.0,0.0,1.0,0.0,0.0
roll_02,2025-12-08T00:00:00+00:00,2026-01-19T00:00:00+00:00,2026-01-19T00:00:00+00:00,2026-01-26T00:00:00+00:00,1,0,2026-01-04 07:00:00+00:00,2026-01-04 08:00:00+00:00,3045.058541077889,6,213.57513587311112,2938.558858745584,3219.8283079783614,3003.992790345083,0,0,0,0,0,7,-0.2588190451025206,0.9659258262890684,0,1,1,-0.434936375,1.0032870546111112,-0.1161207065555555,2.5620184721111112,19.79580583211112,19.319429871305555,20.19321753094444,19.62690058863889,0.0,0.0,0.0,0.0,1,night,0,0.0,0,0,3003.992790345083,0.0,19.79580583211112,0,0,0,0,0,0,0,0,0,0,0,0,0,0,0,0,0,0,0,0,0,0,0,0,0,0,0,0,0,0,0.0,0.0,0.0,0.0,0.0,0.0,0.0,0.0,0.0,0.0,0.0,0.0
roll_02,2025-12-08T00:00:00+00:00,2026-01-19T00:00:00+00:00,2026-01-19T00:00:00+00:00,2026-01-26T00:00:00+00:00,1,0,2026-01-04 08:00:00+00:00,2026-01-04 09:00:00+00:00,2933.332414681277,6,-375.6545630103611,3003.992790345083,4097.899813164694,3045.058541077889,0,0,0,0,0,8,-0.4999999999999998,0.8660254037844387,0,1,1,-0.6361816740555556,2.796595270611112,-0.434936375,2.783053423027777,20.041001880722224,19.609432373972226,19.79580583211112,19.68397891186111,51.23532750463889,720.1882904938889,0.0,31.94051424275,1,low,0,0.0,0,0,3045.058541077889,51.23532750463889,20.041001880722224,0,0,0,0,0,0,0,0,0,0,0,0,0,0,0,0,0,0,0,0,0,0,0,0,0,0,0,0,0,0,0.0,0.0,0.0,0.0,0.0,0.0,0.0,0.0,0.0,0.0,0.0,0.0
roll_02,2025-12-08T00:00:00+00:00,2026-01-19T00:00:00+00:00,2026-01-19T00:00:00+00:00,2026-01-26T00:00:00+00:00,1,0,2026-01-04 09:00:00+00:00,2026-01-04 10:00:00+00:00,2324.99496031275,6,-757.4587993783334,3045.058541077889,3458.548298758778,2933.332414681277,0,0,0,0,0,9,-0.7071067811865475,0.7071067811865476,0,1,1,0.4769725046388888,5.053835688861111,-0.6361816740555556,3.250605958861111,20.15691440472222,20.11055244008333,20.041001880722224,20.292972068972222,228.9739007785,1116.24887950475,51.23532750463889,181.73379014816663,1,low,0,0.0,0,1,2933.332414681277,228.9739007785,20.15691440472222,0,0,0,0,0,0,0,0,0,0,0,0,0,0,0,0,0,0,0,0,0,0,0,0,0,0,0,0,0,0,0.0,0.0,0.0,0.0,0.0,0.0,0.0,0.0,0.0,0.0,0.0,0.0
roll_02,2025-12-08T00:00:00+00:00,2026-01-19T00:00:00+00:00,2026-01-19T00:00:00+00:00,2026-01-26T00:00:00+00:00,1,0,2026-01-04 10:00:00+00:00,2026-01-04 11:00:00+00:00,2027.894304016472,6,-986.299093118,2933.332414681277,3167.219901841277,2324.99496031275,0,0,0,0,0,10,-0.8660254037844387,0.4999999999999999,0,1,1,1.222019320638889,7.293614908027777,0.4769725046388888,3.962305914333333,20.351168191416665,20.03705195922222,20.15691440472222,20.20445421588889,832.8243244578889,1359.3668214877223,228.9739007785,341.5015807105833,1,med,0,0.0,0,1,2324.99496031275,832.8243244578889,20.351168191416665,0,0,0,0,0,0,0,0,0,0,0,0,0,0,0,0,0,0,0,0,0,0,0,0,0,0,0,0,0,0,0.0,0.0,0.0,0.0,0.0,0.0,0.0,0.0,0.0,0.0,0.0,0.0
roll_02,2025-12-08T00:00:00+00:00,2026-01-19T00:00:00+00:00,2026-01-19T00:00:00+00:00,2026-01-26T00:00:00+00:00,1,0,2026-01-04 11:00:00+00:00,2026-01-04 12:00:00+00:00,2236.2220278405275,6,-827.5470510217223,2324.99496031275,878.4861660641387,2027.894304016472,0,0,0,0,0,11,-0.9659258262890682,0.258819045102521,0,1,1,1.7390561895555556,9.714967204333334,1.222019320638889,4.58917522338889,20.849528618277777,20.90671222930556,20.351168191416665,19.559166769972222,1132.102231994472,1168.5609632096389,832.8243244578889,898.2491261575,1,med,0,0.0,0,1,2027.894304016472,1132.102231994472,20.849528618277777,0,0,0,0,0,0,0,0,0,0,0,0,0,0,0,0,0,0,0,0,0,0,0,0,0,0,0,0,0,0,0.0,0.0,0.0,0.0,0.0,0.0,0.0,0.0,0.0,0.0,0.0,0.0
roll_02,2025-12-08T00:00:00+00:00,2026-01-19T00:00:00+00:00,2026-01-19T00:00:00+00:00,2026-01-26T00:00:00+00:00,1,0,2026-01-04 12:00:00+00:00,2026-01-04 13:00:00+00:00,2642.7317333675555,6,-1088.0776294835,2027.894304016472,2281.886785713889,2236.2220278405275,0,0,0,0,0,12,-1.0,1.2246467991473532e-16,0,1,1,3.0638948577777776,10.915680623027775,1.7390561895555556,6.458593664777777,20.82136493002778,21.165675567833336,20.849528618277777,20.912336969805555,1274.7830264000277,1444.0444436157777,1132.102231994472,1361.2392391049443,1,high,0,0.0,0,1,2236.2220278405275,1274.7830264000277,20.82136493002778,0,0,0,0,0,0,0,0,0,0,0,0,0,0,0,0,0,0,0,0,0,0,0,0,0,0,0,0,0,0,0.0,0.0,0.0,0.0,0.0,0.0,0.0,0.0,0.0,0.0,0.0,0.0
roll_02,2025-12-08T00:00:00+00:00,2026-01-19T00:00:00+00:00,2026-01-19T00:00:00+00:00,2026-01-26T00:00:00+00:00,1,0,2026-01-04 13:00:00+00:00,2026-01-04 14:00:00+00:00,1130.8252456809166,6,-812.0599004873611,2236.2220278405275,260.7462311905,2642.7317333675555,0,0,0,0,0,13,-0.9659258262890684,-0.2588190451025208,0,1,1,5.4102271903888886,12.910558856638888,3.0638948577777776,7.64676199675,20.597455642,20.54443348388889,20.82136493002778,24.15413321911112,872.8897568366946,1175.779753182611,1274.7830264000277,1078.0581238148056,1,med,0,0.0,0,2,2642.7317333675555,872.8897568366946,20.597455642,0,0,0,0,0,0,0,0,0,0,0,0,0,0,0,0,0,0,0,0,0,0,0,0,0,0,0,0,0,0,0.0,0.0,0.0,0.0,0.0,0.0,0.0,0.0,0.0,0.0,0.0,0.0
roll_02,2025-12-08T00:00:00+00:00,2026-01-19T00:00:00+00:00,2026-01-19T00:00:00+00:00,2026-01-26T00:00:00+00:00,1,0,2026-01-04 14:00:00+00:00,2026-01-04 15:00:00+00:00,2905.0142636973887,6,-215.0262351471389,2642.7317333675555,2491.808120346805,1130.8252456809166,0,0,0,0,0,14,-0.8660254037844388,-0.4999999999999997,0,1,1,8.625019901583334,13.545616543833331,5.4102271903888886,7.308220307166667,19.046786909277778,19.930896537444443,20.597455642,19.89664639463889,595.4771143961945,542.3528126615555,872.8897568366946,509.991422105,1,med,0,0.0,0,2,1130.8252456809166,595.4771143961945,19.046786909277778,0,0,0,0,0,0,0,0,0,0,0,0,0,0,0,0,0,0,0,0,0,0,0,0,0,0,0,0,0,0,0.0,0.0,0.0,0.0,0.0,0.0,0.0,0.0,0.0,0.0,0.0,0.0
roll_02,2025-12-08T00:00:00+00:00,2026-01-19T00:00:00+00:00,2026-01-19T00:00:00+00:00,2026-01-26T00:00:00+00:00,1,0,2026-01-04 15:00:00+00:00,2026-01-04 16:00:00+00:00,1148.7488614897777,6,304.09533166875,1130.8252456809166,3489.7541317197224,2905.0142636973887,0,0,0,0,0,15,-0.7071067811865479,-0.7071067811865471,0,1,1,7.291841869444444,10.760542923944444,8.625019901583334,4.4177138070833335,19.342930540972223,18.74811664886111,19.046786909277778,19.798264392194444,0.0,0.0,595.4771143961945,19.15601346475,1,night,0,0.0,0,2,2905.0142636973887,0.0,19.342930540972223,0,0,0,0,0,0,0,0,0,0,0,0,0,0,0,0,0,0,0,0,0,0,0,0,0,0,0,0,0,0,0.0,0.0,0.0,0.0,0.0,0.0,0.0,0.0,0.0,0.0,0.0,0.0
roll_02,2025-12-08T00:00:00+00:00,2026-01-19T00:00:00+00:00,2026-01-19T00:00:00+00:00,2026-01-26T00:00:00+00:00,1,0,2026-01-04 16:00:00+00:00,2026-01-04 17:00:00+00:00,3419.5374740142493,6,328.64061416466666,2905.0142636973887,2314.8975783965834,1148.7488614897777,0,0,0,0,0,16,-0.5000000000000004,-0.8660254037844385,0,1,1,4.510030862611111,7.7848664565,7.291841869444444,2.611712534833333,18.42662916036112,18.821825127,19.342930540972223,19.394250187222223,0.0,0.0,0.0,0.0,0,night,0,0.0,0,1,1148.7488614897777,0.0,18.42662916036112,0,0,0,0,0,0,0,0,0,0,0,0,0,0,0,0,0,0,0,0,0,0,0,0,0,0,0,0,0,0,0.0,0.0,0.0,0.0,0.0,0.0,0.0,0.0,0.0,0.0,0.0,0.0
roll_02,2025-12-08T00:00:00+00:00,2026-01-19T00:00:00+00:00,2026-01-19T00:00:00+00:00,2026-01-26T00:00:00+00:00,1,0,2026-01-04 17:00:00+00:00,2026-01-04 18:00:00+00:00,1195.4902918216944,6,377.6337263319722,1148.7488614897777,1386.76257099725,3419.5374740142493,0,0,0,0,0,17,-0.2588190451025206,-0.9659258262890684,0,1,1,2.7974153156666666,5.855453705861112,4.510030862611111,2.087620034527778,19.244694816166668,19.036749769666667,18.42662916036112,18.67101440580556,0.0,0.0,0.0,0.0,0,night,0,0.0,0,1,3419.5374740142493,0.0,19.244694816166668,0,0,0,0,0,0,0,0,0,0,0,0,0,0,0,0,0,0,0,0,0,0,0,0,0,0,0,0,0,0,0.0,0.0,0.0,0.0,0.0,0.0,0.0,0.0,0.0,0.0,0.0,0.0
roll_02,2025-12-08T00:00:00+00:00,2026-01-19T00:00:00+00:00,2026-01-19T00:00:00+00:00,2026-01-26T00:00:00+00:00,1,0,2026-01-04 18:00:00+00:00,2026-01-04 19:00:00+00:00,3257.502877292944,6,351.2298802091111,3419.5374740142493,2580.926072664,1195.4902918216944,0,0,0,0,0,18,-1.8369701987210294e-16,-1.0,0,1,1,2.2018646548333334,4.91005411775,2.7974153156666666,2.242830446972222,18.392834218444445,19.04493228558333,19.244694816166668,19.220712551444446,0.0,0.0,0.0,0.0,0,night,0,0.0,0,1,1195.4902918216944,0.0,18.392834218444445,0,0,0,0,0,0,0,0,0,0,0,0,0,0,0,0,0,0,0,0,0,0,0,0,0,0,0,0,0,0,0.0,0.0,0.0,0.0,0.0,0.0,0.0,0.0,0.0,1.0,0.0,0.0
roll_02,2025-12-08T00:00:00+00:00,2026-01-19T00:00:00+00:00,2026-01-19T00:00:00+00:00,2026-01-26T00:00:00+00:00,1,0,2026-01-04 19:00:00+00:00,2026-01-04 20:00:00+00:00,971.3700603875556,6,347.6238996006666,1195.4902918216944,2283.062990359611,3257.502877292944,0,0,0,0,0,19,0.2588190451025203,-0.9659258262890684,0,1,1,1.4076183046666666,4.812656124666667,2.2018646548333334,2.2489509669444443,19.37274361288889,18.854338558027777,18.392834218444445,19.594004941888887,0.0,0.0,0.0,0.0,0,night,0,0.0,0,1,3257.502877292944,0.0,19.37274361288889,0,0,0,0,0,0,0,0,0,0,0,0,0,0,0,0,0,0,0,0,0,0,0,0,0,0,0,0,0,0,0.0,0.0,0.0,0.0,0.0,0.0,0.0,0.0,0.0,1.0,0.0,0.0
roll_02,2025-12-08T00:00:00+00:00,2026-01-19T00:00:00+00:00,2026-01-19T00:00:00+00:00,2026-01-26T00:00:00+00:00,1,0,2026-01-04 20:00:00+00:00,2026-01-04 21:00:00+00:00,450.99197891822223,6,373.5927442101111,3257.502877292944,1462.5350973724444,971.3700603875556,0,0,0,0,0,20,0.5000000000000001,-0.8660254037844386,0,1,1,0.6471464079722222,4.205901101972223,1.4076183046666666,2.470733067888889,18.730700168055552,19.27614914130556,19.37274361288889,19.57438276602777,0.0,0.0,0.0,0.0,0,night,0,0.0,0,1,971.3700603875556,0.0,18.730700168055552,0,0,0,0,0,0,0,0,0,0,0,0,0,0,0,0,0,0,0,0,0,0,0,0,0,0,0,0,0,0,0.0,0.0,0.0,0.0,0.0,0.0,0.0,0.0,0.0,1.0,0.0,0.0
roll_02,2025-12-08T00:00:00+00:00,2026-01-19T00:00:00+00:00,2026-01-19T00:00:00+00:00,2026-01-26T00:00:00+00:00,1,0,2026-01-04 21:00:00+00:00,2026-01-04 22:00:00+00:00,374.25450296552776,6,367.2022001646667,971.3700603875556,375.0607492588889,450.99197891822223,0,0,0,0,0,21,0.7071067811865474,-0.7071067811865477,0,1,1,0.1106077602777777,3.311285084416667,0.6471464079722222,2.189155444,18.995562728583334,19.795937789305555,18.730700168055552,18.932722613527776,0.0,0.0,0.0,0.0,0,night,0,0.0,0,1,450.99197891822223,0.0,18.995562728583334,0,0,0,0,0,0,0,0,0,0,0,0,0,0,0,0,0,0,0,0,0,0,0,0,0,0,0,0,0,0,0.0,0.0,0.0,0.0,0.0,0.0,0.0,0.0,0.0,1.0,0.0,0.0
roll_02,2025-12-08T00:00:00+00:00,2026-01-19T00:00:00+00:00,2026-01-19T00:00:00+00:00,2026-01-26T00:00:00+00:00,1,0,2026-01-04 22:00:00+00:00,2026-01-04 23:00:00+00:00,364.9348326606112,6,368.0912177852777,450.99197891822223,375.37890328261113,374.25450296552776,0,0,0,0,0,22,0.8660254037844384,-0.5000000000000004,0,1,1,0.1341562021666666,2.539963719861111,0.1106077602777777,1.28027754075,19.079525243916667,19.54445144916667,18.995562728583334,18.99305515488889,0.0,0.0,0.0,0.0,0,night,0,0.0,0,1,374.25450296552776,0.0,19.079525243916667,0,0,0,0,0,0,0,0,0,0,0,0,0,0,0,0,0,0,0,0,0,0,0,0,0,0,0,0,0,0,0.0,0.0,0.0,0.0,0.0,0.0,0.0,0.0,0.0,1.0,0.0,0.0
roll_02,2025-12-08T00:00:00+00:00,2026-01-19T00:00:00+00:00,2026-01-19T00:00:00+00:00,2026-01-26T00:00:00+00:00,1,0,2026-01-04 23:00:00+00:00,2026-01-05 00:00:00+00:00,370.6410842640833,6,367.70770474175,374.25450296552776,374.46046981975,364.9348326606112,0,0,0,1,0,23,0.965925826289068,-0.2588190451025215,0,1,1,-0.4049259464166667,2.0951485834444443,0.1341562021666666,0.8070265182222222,19.134251795111112,19.316662574722223,19.079525243916667,19.246935102583333,0.0,0.0,0.0,0.0,0,night,0,0.0,0,0,364.9348326606112,,19.134251795111112,0,0,0,0,0,0,0,0,0,0,0,0,0,1,0,1,0,1,0,0,1,1,0,5,0,0,0,3,0,0,0.0,0.0,0.0,0.0,0.0,1.0,0.0,0.0,0.0,1.0,0.0,0.0
roll_02,2025-12-08T00:00:00+00:00,2026-01-19T00:00:00+00:00,2026-01-19T00:00:00+00:00,2026-01-26T00:00:00+00:00,1,0,2026-01-05 00:00:00+00:00,2026-01-05 01:00:00+00:00,368.0486825067223,0,389.9997956101389,364.9348326606112,400.5202616093611,370.6410842640833,0,0,0,1,0,0,1.0,0.0,0,0,1,-0.7429944847222223,1.7988123855,-0.4049259464166667,0.6374207785833333,19.36422701772222,19.33051850586111,19.134251795111112,19.24081155938889,0.0,0.0,0.0,0.0,0,night,0,0.0,0,0,370.6410842640833,,19.36422701772222,0,0,0,0,0,0,0,0,0,0,0,0,0,1,0,1,0,1,0,0,1,1,0,5,0,0,0,3,0,0,0.0,1.0,0.0,0.0,0.0,1.0,0.0,0.0,0.0,1.0,0.0,0.0
roll_02,2025-12-08T00:00:00+00:00,2026-01-19T00:00:00+00:00,2026-01-19T00:00:00+00:00,2026-01-26T00:00:00+00:00,1,0,2026-01-05 01:00:00+00:00,2026-01-05 02:00:00+00:00,407.2023981933612,0,367.0695589463889,370.6410842640833,401.71539133133336,368.0486825067223,0,0,0,1,0,1,0.9659258262890684,0.2588190451025207,0,0,1,-0.976354041,1.5462220381944445,-0.7429944847222223,0.3122947753888889,19.40332897797222,19.80955391025,19.36422701772222,19.560186058166668,0.0,0.0,0.0,0.0,0,night,0,0.0,0,0,368.0486825067223,,19.40332897797222,0,0,0,0,0,0,0,0,0,0,0,0,0,1,0,1,0,1,0,0,1,1,0,5,0,0,0,3,0,0,0.0,1.0,0.0,0.0,0.0,1.0,0.0,0.0,0.0,1.0,0.0,0.0
roll_02,2025-12-08T00:00:00+00:00,2026-01-19T00:00:00+00:00,2026-01-19T00:00:00+00:00,2026-01-26T00:00:00+00:00,1,0,2026-01-05 02:00:00+00:00,2026-01-05 03:00:00+00:00,381.6384086141388,0,369.03423989430553,368.0486825067223,386.17825283205553,407.2023981933612,0,0,0,1,0,2,0.8660254037844387,0.4999999999999999,0,0,1,-1.0527601663055557,1.247712460138889,-0.976354041,0.0963786233055555,19.36519793002778,19.895372603972223,19.40332897797222,19.34644422283333,0.0,0.0,0.0,0.0,0,night,0,0.0,0,0,407.2023981933612,,19.36519793002778,0,0,0,0,0,0,0,0,0,0,0,0,0,1,0,1,0,1,0,0,1,1,0,5,0,0,0,3,0,0,0.0,1.0,0.0,0.0,0.0,1.0,0.0,0.0,0.0,1.0,0.0,0.0
roll_02,2025-12-08T00:00:00+00:00,2026-01-19T00:00:00+00:00,2026-01-19T00:00:00+00:00,2026-01-26T00:00:00+00:00,1,0,2026-01-05 03:00:00+00:00,2026-01-05 04:00:00+00:00,1018.144173213861,0,373.7673869672222,407.2023981933612,408.2332594964723,381.6384086141388,0,0,0,1,0,3,0.7071067811865476,0.7071067811865476,0,0,1,-1.011859787111111,1.043835073527778,-1.0527601663055557,-0.1829262835277778,19.49764120547222,19.831001418000003,19.36519793002778,19.44968378425,0.0,0.0,0.0,0.0,0,night,0,0.0,0,0,381.6384086141388,,19.49764120547222,0,0,0,0,0,0,0,0,0,0,0,0,0,1,0,1,0,1,0,0,1,1,0,5,0,0,0,3,0,0,0.0,1.0,0.0,0.0,0.0,1.0,0.0,0.0,0.0,1.0,0.0,0.0
roll_02,2025-12-08T00:00:00+00:00,2026-01-19T00:00:00+00:00,2026-01-19T00:00:00+00:00,2026-01-26T00:00:00+00:00,1,0,2026-01-05 04:00:00+00:00,2026-01-05 05:00:00+00:00,3480.3327933123333,0,373.0262155800834,381.6384086141388,1033.0910979035275,1018.144173213861,0,0,0,0,0,4,0.5000000000000001,0.8660254037844386,0,0,1,-1.39385835525,0.9136506198888888,-1.011859787111111,-0.3972790553888889,19.31271291408333,19.537323519944444,19.49764120547222,19.553955908472226,0.0,0.0,0.0,0.0,0,night,0,0.0,0,0,1018.144173213861,0.0,19.31271291408333,0,0,0,0,0,0,0,0,0,0,0,0,0,0,0,0,0,0,0,0,0,0,0,0,0,0,0,0,0,0,0.0,1.0,0.0,0.0,0.0,0.0,0.0,0.0,0.0,1.0,0.0,0.0
roll_02,2025-12-08T00:00:00+00:00,2026-01-19T00:00:00+00:00,2026-01-19T00:00:00+00:00,2026-01-26T00:00:00+00:00,1,0,2026-01-05 05:00:00+00:00,2026-01-05 06:00:00+00:00,3264.2411370842497,0,360.6734710383889,1018.144173213861,2544.078318991584,3480.3327933123333,0,0,0,0,0,5,0.2588190451025207,0.9659258262890684,0,0,1,-1.4720435740833333,0.8999019196388889,-1.39385835525,-0.3271602731111111,20.31238466361111,19.39684156163889,19.31271291408333,19.92661150175,0.0,0.0,0.0,0.0,0,night,0,0.0,0,0,3480.3327933123333,0.0,20.31238466361111,0,0,0,0,0,0,0,0,0,0,0,0,0,0,0,0,0,0,0,0,0,0,0,0,0,0,0,0,0,0,0.0,0.0,0.0,0.0,0.0,0.0,0.0,0.0,0.0,1.0,0.0,0.0
roll_02,2025-12-08T00:00:00+00:00,2026-01-19T00:00:00+00:00,2026-01-19T00:00:00+00:00,2026-01-26T00:00:00+00:00,1,0,2026-01-05 06:00:00+00:00,2026-01-05 07:00:00+00:00,3395.476410544472,0,357.7837211970278,3480.3327933123333,2938.558858745584,3264.2411370842497,0,0,0,0,0,6,6.123233995736766e-17,1.0,0,0,1,-1.4967828786944446,0.8054245058333334,-1.4720435740833333,-0.1161207065555555,20.048696970138888,19.28097999775,20.31238466361111,20.19321753094444,0.0,0.0,0.0,0.0,0,night,0,0.0,0,0,3264.2411370842497,0.0,20.048696970138888,0,0,0,0,0,0,0,0,0,0,0,0,0,0,0,0,0,0,0,0,0,0,0,0,0,0,0,0,0,0,0.0,0.0,0.0,0.0,0.0,0.0,0.0,0.0,0.0,1.0,0.0,0.0
roll_02,2025-12-08T00:00:00+00:00,2026-01-19T00:00:00+00:00,2026-01-19T00:00:00+00:00,2026-01-26T00:00:00+00:00,1,0,2026-01-05 07:00:00+00:00,2026-01-05 08:00:00+00:00,2043.147877824084,0,236.2113253830833,3264.2411370842497,3003.992790345083,3395.476410544472,0,0,0,0,0,7,-0.2588190451025206,0.9659258262890684,0,0,1,-1.379181577972222,0.8235293596388887,-1.4967828786944446,-0.434936375,20.18417349680556,19.177150523722226,20.048696970138888,19.79580583211112,0.0,0.0,0.0,0.0,1,night,0,0.0,0,0,3395.476410544472,0.0,20.18417349680556,0,0,0,0,0,0,0,0,0,0,0,0,0,0,0,0,0,0,0,0,0,0,0,0,0,0,0,0,0,0,0.0,0.0,0.0,0.0,0.0,0.0,0.0,0.0,0.0,0.0,0.0,0.0
roll_02,2025-12-08T00:00:00+00:00,2026-01-19T00:00:00+00:00,2026-01-19T00:00:00+00:00,2026-01-26T00:00:00+00:00,1,0,2026-01-05 08:00:00+00:00,2026-01-05 09:00:00+00:00,1179.0779114988334,0,-376.7874814989445,3395.476410544472,3045.058541077889,2043.147877824084,0,0,0,0,0,8,-0.4999999999999998,0.8660254037844387,0,0,1,0.0447507404444444,2.293467420861111,-1.379181577972222,-0.6361816740555556,20.216753709777777,19.651834155444444,20.18417349680556,20.041001880722224,541.5511257300278,686.2156231074722,0.0,51.23532750463889,1,med,0,0.0,0,1,2043.147877824084,541.5511257300278,20.216753709777777,0,0,0,0,0,0,0,0,0,0,0,0,0,0,0,0,0,0,0,0,0,0,0,0,0,0,0,0,0,0,0.0,0.0,0.0,0.0,0.0,0.0,0.0,0.0,0.0,0.0,0.0,0.0
roll_02,2025-12-08T00:00:00+00:00,2026-01-19T00:00:00+00:00,2026-01-19T00:00:00+00:00,2026-01-26T00:00:00+00:00,1,0,2026-01-05 09:00:00+00:00,2026-01-05 10:00:00+00:00,947.8847584085834,0,-748.6911305870555,2043.147877824084,2933.332414681277,1179.0779114988334,0,0,0,0,0,9,-0.7071067811865475,0.7071067811865476,0,0,1,1.489790182361111,4.465843085861112,0.0447507404444444,0.4769725046388888,21.931468085166667,20.003498946,20.216753709777777,20.15691440472222,646.4615747680278,1086.598175170389,541.5511257300278,228.9739007785,1,med,0,0.0,0,1,1179.0779114988334,646.4615747680278,21.931468085166667,0,0,0,0,0,0,0,0,0,0,0,0,0,0,0,0,0,0,0,0,0,0,0,0,0,0,0,0,0,0,0.0,0.0,0.0,0.0,0.0,0.0,0.0,0.0,0.0,0.0,0.0,0.0
roll_02,2025-12-08T00:00:00+00:00,2026-01-19T00:00:00+00:00,2026-01-19T00:00:00+00:00,2026-01-26T00:00:00+00:00,1,0,2026-01-05 10:00:00+00:00,2026-01-05 11:00:00+00:00,863.6994095845556,0,-1036.7704300869725,1179.0779114988334,2324.99496031275,947.8847584085834,0,0,0,0,0,10,-0.8660254037844387,0.4999999999999999,0,0,1,2.7039119795277777,6.40793442075,1.489790182361111,1.222019320638889,20.46024600608333,24.57891122530556,21.931468085166667,20.351168191416665,892.7757230555554,1409.35375281025,646.4615747680278,832.8243244578889,1,med,0,0.0,0,1,947.8847584085834,892.7757230555554,20.46024600608333,0,0,0,0,0,0,0,0,0,0,0,0,0,0,0,0,0,0,0,0,0,0,0,0,0,0,0,0,0,0,0.0,0.0,0.0,0.0,0.0,0.0,0.0,0.0,0.0,0.0,0.0,0.0
roll_02,2025-12-08T00:00:00+00:00,2026-01-19T00:00:00+00:00,2026-01-19T00:00:00+00:00,2026-01-26T00:00:00+00:00,1,0,2026-01-05 11:00:00+00:00,2026-01-05 12:00:00+00:00,843.0538203102777,0,-1177.4503066385837,947.8847584085834,2027.894304016472,863.6994095845556,0,0,0,0,0,11,-0.9659258262890682,0.258819045102521,0,0,1,3.881307846888889,8.023639908444444,2.7039119795277777,1.7390561895555556,20.872260072305554,21.026890621333333,20.46024600608333,20.849528618277777,1206.7577466112778,1530.623058194361,892.7757230555554,1132.102231994472,1,med,0,0.0,0,1,863.6994095845556,1206.7577466112778,20.872260072305554,0,0,0,0,0,0,0,0,0,0,0,0,0,0,0,0,0,0,0,0,0,0,0,0,0,0,0,0,0,0,0.0,0.0,0.0,0.0,0.0,0.0,0.0,0.0,0.0,0.0,0.0,0.0
roll_02,2025-12-08T00:00:00+00:00,2026-01-19T00:00:00+00:00,2026-01-19T00:00:00+00:00,2026-01-26T00:00:00+00:00,1,0,2026-01-05 12:00:00+00:00,2026-01-05 13:00:00+00:00,1428.490628339573,0,-1056.910718342889,863.6994095845556,2236.2220278405275,843.0538203102777,0,0,0,0,0,12,-1.0,1.2246467991473532e-16,0,0,1,5.066587314222223,9.522279540277776,3.881307846888889,3.0638948577777776,21.11385421797222,20.358645536944444,20.872260072305554,20.82136493002778,1247.8009385014443,1414.2290569010277,1206.7577466112778,1274.7830264000277,1,high,0,0.0,0,2,843.0538203102777,1247.8009385014443,21.11385421797222,0,0,0,0,0,0,0,0,0,0,0,0,0,0,0,0,0,0,0,0,0,0,0,0,0,0,0,0,0,0,0.0,0.0,0.0,0.0,0.0,0.0,0.0,0.0,0.0,0.0,0.0,0.0
roll_02,2025-12-08T00:00:00+00:00,2026-01-19T00:00:00+00:00,2026-01-19T00:00:00+00:00,2026-01-26T00:00:00+00:00,1,0,2026-01-05 13:00:00+00:00,2026-01-05 14:00:00+00:00,1773.3037352634722,0,-796.1083714203611,843.0538203102777,2642.7317333675555,1428.490628339573,0,0,0,0,0,13,-0.9659258262890684,-0.2588190451025208,0,0,1,5.457142150027778,10.46599716272222,5.066587314222223,5.4102271903888886,20.01560276148125,19.95099454458333,21.11385421797222,20.597455642,547.3802902017588,1148.4817238972776,1247.8009385014443,872.8897568366946,1,med,0,0.0,0,2,1428.490628339573,547.3802902017588,20.01560276148125,0,0,0,0,0,0,0,0,0,0,0,0,0,0,0,0,0,0,0,0,0,0,0,0,0,0,0,0,0,0,0.0,0.0,0.0,0.0,0.0,0.0,0.0,0.0,0.0,0.0,0.0,0.0
roll_02,2025-12-08T00:00:00+00:00,2026-01-19T00:00:00+00:00,2026-01-19T00:00:00+00:00,2026-01-26T00:00:00+00:00,1,0,2026-01-05 14:00:00+00:00,2026-01-05 15:00:00+00:00,2045.117999196167,0,-225.11696680724995,1428.490628339573,1130.8252456809166,1773.3037352634722,0,0,0,0,0,14,-0.8660254037844388,-0.4999999999999997,0,0,1,4.588629488583334,11.595991995583333,5.457142150027778,8.625019901583334,19.929525524222225,19.08867390116667,20.01560276148125,19.046786909277778,207.87688739294444,544.9930693513334,547.3802902017588,595.4771143961945,1,low,0,0.0,0,1,1773.3037352634722,207.87688739294444,19.929525524222225,0,0,0,0,0,0,0,0,0,0,0,0,0,0,0,0,0,0,0,0,0,0,0,0,0,0,0,0,0,0,0.0,0.0,0.0,0.0,0.0,0.0,0.0,0.0,0.0,0.0,0.0,0.0
roll_02,2025-12-08T00:00:00+00:00,2026-01-19T00:00:00+00:00,2026-01-19T00:00:00+00:00,2026-01-26T00:00:00+00:00,1,0,2026-01-05 15:00:00+00:00,2026-01-05 16:00:00+00:00,1695.0528240614449,0,274.9308103430833,1773.3037352634722,2905.0142636973887,2045.117999196167,0,0,0,0,0,15,-0.7071067811865479,-0.7071067811865471,0,0,1,4.475250863555556,11.182110952777778,4.588629488583334,7.291841869444444,19.944776444444447,18.70999950027777,19.929525524222225,19.342930540972223,40.97132009280555,0.0,207.87688739294444,0.0,1,low,0,0.0,0,1,2045.117999196167,40.97132009280555,19.944776444444447,0,0,0,0,0,0,0,0,0,0,0,0,0,0,0,0,0,0,0,0,0,0,0,0,0,0,0,0,0,0,0.0,0.0,0.0,0.0,0.0,0.0,0.0,0.0,0.0,0.0,0.0,0.0
roll_02,2025-12-08T00:00:00+00:00,2026-01-19T00:00:00+00:00,2026-01-19T00:00:00+00:00,2026-01-26T00:00:00+00:00,1,0,2026-01-05 16:00:00+00:00,2026-01-05 17:00:00+00:00,2050.756231673639,0,299.35345929430554,2045.117999196167,1148.7488614897777,1695.0528240614449,0,0,0,0,0,16,-0.5000000000000004,-0.8660254037844385,0,0,1,3.0361438859444445,8.42564126463889,4.475250863555556,4.510030862611111,19.330333286888887,18.48253173033333,19.944776444444447,18.42662916036112,0.0,0.0,40.97132009280555,0.0,0,night,0,0.0,0,1,1695.0528240614449,0.0,19.330333286888887,0,0,0,0,0,0,0,0,0,0,0,0,0,0,0,0,0,0,0,0,0,0,0,0,0,0,0,0,0,0,0.0,0.0,0.0,0.0,0.0,0.0,0.0,0.0,0.0,0.0,0.0,0.0
roll_02,2025-12-08T00:00:00+00:00,2026-01-19T00:00:00+00:00,2026-01-19T00:00:00+00:00,2026-01-26T00:00:00+00:00,1,0,2026-01-05 17:00:00+00:00,2026-01-05 18:00:00+00:00,3794.624143870611,0,334.3983290463611,1695.0528240614449,3419.5374740142493,2050.756231673639,0,0,0,0,0,17,-0.2588190451025206,-0.9659258262890684,0,0,1,1.868786365638889,6.9654373745,3.0361438859444445,2.7974153156666666,19.59319692852777,18.771727813722222,19.330333286888887,19.244694816166668,0.0,0.0,0.0,0.0,0,night,0,0.0,0,1,2050.756231673639,0.0,19.59319692852777,0,0,0,0,0,0,0,0,0,0,0,0,0,0,0,0,0,0,0,0,0,0,0,0,0,0,0,0,0,0,0.0,0.0,0.0,0.0,0.0,0.0,0.0,0.0,0.0,0.0,0.0,0.0
roll_02,2025-12-08T00:00:00+00:00,2026-01-19T00:00:00+00:00,2026-01-19T00:00:00+00:00,2026-01-26T00:00:00+00:00,1,0,2026-01-05 18:00:00+00:00,2026-01-05 19:00:00+00:00,1861.5080703779724,0,327.8448692555833,2050.756231673639,1195.4902918216944,3794.624143870611,0,0,0,0,0,18,-1.8369701987210294e-16,-1.0,0,0,1,1.3410971866388888,5.612912573833333,1.868786365638889,2.2018646548333334,18.762281723944444,18.84414692511111,19.59319692852777,18.392834218444445,0.0,0.0,0.0,0.0,0,night,0,0.0,0,1,3794.624143870611,0.0,18.762281723944444,0,0,0,0,0,0,0,0,0,0,0,0,0,0,0,0,0,0,0,0,0,0,0,0,0,0,0,0,0,0,0.0,0.0,0.0,0.0,0.0,0.0,0.0,0.0,0.0,1.0,0.0,0.0
roll_02,2025-12-08T00:00:00+00:00,2026-01-19T00:00:00+00:00,2026-01-19T00:00:00+00:00,2026-01-26T00:00:00+00:00,1,0,2026-01-05 19:00:00+00:00,2026-01-05 20:00:00+00:00,1496.9097637140555,0,341.96716604933334,3794.624143870611,3257.502877292944,1861.5080703779724,0,0,0,0,0,19,0.2588190451025203,-0.9659258262890684,0,0,1,1.203708991527778,4.965045215027778,1.3410971866388888,1.4076183046666666,19.018070562944445,18.92583041980556,18.762281723944444,19.37274361288889,0.0,0.0,0.0,0.0,0,night,0,0.0,0,1,1861.5080703779724,0.0,19.018070562944445,0,0,0,0,0,0,0,0,0,0,0,0,0,0,0,0,0,0,0,0,0,0,0,0,0,0,0,0,0,0,0.0,0.0,0.0,0.0,0.0,0.0,0.0,0.0,0.0,1.0,0.0,0.0
roll_02,2025-12-08T00:00:00+00:00,2026-01-19T00:00:00+00:00,2026-01-19T00:00:00+00:00,2026-01-26T00:00:00+00:00,1,0,2026-01-05 20:00:00+00:00,2026-01-05 21:00:00+00:00,719.7584706931667,0,332.4372194427778,1861.5080703779724,971.3700603875556,1496.9097637140555,0,0,0,0,0,20,0.5000000000000001,-0.8660254037844386,0,0,1,1.032068296,4.110587954861111,1.203708991527778,0.6471464079722222,19.291680665055555,19.425436893166665,19.018070562944445,18.730700168055552,0.0,0.0,0.0,0.0,0,night,0,0.0,0,1,1496.9097637140555,0.0,19.291680665055555,0,0,0,0,0,0,0,0,0,0,0,0,0,0,0,0,0,0,0,0,0,0,0,0,0,0,0,0,0,0,0.0,0.0,0.0,0.0,0.0,0.0,0.0,0.0,0.0,1.0,0.0,0.0
roll_02,2025-12-08T00:00:00+00:00,2026-01-19T00:00:00+00:00,2026-01-19T00:00:00+00:00,2026-01-26T00:00:00+00:00,1,0,2026-01-05 21:00:00+00:00,2026-01-05 22:00:00+00:00,446.7607589221944,0,365.7206281226667,1496.9097637140555,450.99197891822223,719.7584706931667,0,0,0,0,0,21,0.7071067811865474,-0.7071067811865477,0,0,1,0.7795261833333332,3.453181263416667,1.032068296,0.1106077602777777,18.70379904711111,19.35503931358333,19.291680665055555,18.995562728583334,0.0,0.0,0.0,0.0,0,night,0,0.0,0,1,719.7584706931667,0.0,18.70379904711111,0,0,0,0,0,0,0,0,0,0,0,0,0,0,0,0,0,0,0,0,0,0,0,0,0,0,0,0,0,0,0.0,0.0,0.0,0.0,0.0,0.0,0.0,0.0,0.0,1.0,0.0,0.0
roll_02,2025-12-08T00:00:00+00:00,2026-01-19T00:00:00+00:00,2026-01-19T00:00:00+00:00,2026-01-26T00:00:00+00:00,1,0,2026-01-05 22:00:00+00:00,2026-01-05 23:00:00+00:00,377.8106354470833,0,345.6345537003611,719.7584706931667,374.25450296552776,446.7607589221944,0,0,0,0,0,22,0.8660254037844384,-0.5000000000000004,0,0,1,0.4047500071944445,2.787433660527778,0.7795261833333332,0.1341562021666666,19.17545539780556,19.27071868405556,18.70379904711111,19.079525243916667,0.0,0.0,0.0,0.0,0,night,0,0.0,0,1,446.7607589221944,0.0,19.17545539780556,0,0,0,0,0,0,0,0,0,0,0,0,0,0,0,0,0,0,0,0,0,0,0,0,0,0,0,0,0,0,0.0,0.0,0.0,0.0,0.0,0.0,0.0,0.0,0.0,1.0,0.0,0.0
roll_02,2025-12-08T00:00:00+00:00,2026-01-19T00:00:00+00:00,2026-01-19T00:00:00+00:00,2026-01-26T00:00:00+00:00,1,0,2026-01-05 23:00:00+00:00,2026-01-06 00:00:00+00:00,392.73774841372216,0,337.17797525550003,446.7607589221944,364.9348326606112,377.8106354470833,0,0,0,1,0,23,0.965925826289068,-0.2588190451025215,0,0,1,-0.2197552837222222,2.484042411305556,0.4047500071944445,-0.4049259464166667,19.21120246411111,19.636123669416666,19.17545539780556,19.134251795111112,0.0,0.0,0.0,0.0,0,night,0,0.0,0,0,377.8106354470833,,19.21120246411111,0,0,0,0,0,0,0,0,0,0,0,0,0,1,0,1,0,1,0,0,1,1,0,6,0,0,0,3,0,0,0.0,0.0,0.0,0.0,0.0,1.0,0.0,0.0,0.0,1.0,0.0,0.0
roll_02,2025-12-08T00:00:00+00:00,2026-01-19T00:00:00+00:00,2026-01-19T00:00:00+00:00,2026-01-26T00:00:00+00:00,1,0,2026-01-06 00:00:00+00:00,2026-01-06 01:00:00+00:00,392.9088330086667,1,341.8693705324722,377.8106354470833,370.6410842640833,392.73774841372216,0,0,0,1,0,0,1.0,0.0,1,0,1,-0.5333700690277777,2.281468937,-0.2197552837222222,-0.7429944847222223,19.29313822780556,19.74053250030555,19.21120246411111,19.36422701772222,0.0,0.0,0.0,0.0,0,night,0,0.0,0,0,392.73774841372216,,19.29313822780556,0,0,0,0,0,0,0,0,0,0,0,0,0,1,0,1,0,1,0,0,1,1,0,6,0,0,0,3,0,0,0.0,1.0,0.0,0.0,0.0,1.0,0.0,0.0,0.0,1.0,0.0,0.0
roll_02,2025-12-08T00:00:00+00:00,2026-01-19T00:00:00+00:00,2026-01-19T00:00:00+00:00,2026-01-26T00:00:00+00:00,1,0,2026-01-06 01:00:00+00:00,2026-01-06 02:00:00+00:00,385.8227960619445,1,350.00447999997226,392.73774841372216,368.0486825067223,392.9088330086667,0,0,0,1,0,1,0.9659258262890684,0.2588190451025207,1,0,1,-0.3793998141388888,2.0666709799166667,-0.5333700690277777,-0.976354041,19.40305745913889,19.65304972875,19.29313822780556,19.40332897797222,0.0,0.0,0.0,0.0,0,night,0,0.0,0,0,392.9088330086667,,19.40305745913889,0,0,0,0,0,0,0,0,0,0,0,0,0,1,0,1,0,1,0,0,1,1,0,6,0,0,0,3,0,0,0.0,1.0,0.0,0.0,0.0,1.0,0.0,0.0,0.0,1.0,0.0,0.0
roll_02,2025-12-08T00:00:00+00:00,2026-01-19T00:00:00+00:00,2026-01-19T00:00:00+00:00,2026-01-26T00:00:00+00:00,1,0,2026-01-06 02:00:00+00:00,2026-01-06 03:00:00+00:00,392.4521254978611,1,346.9968538408333,392.9088330086667,407.2023981933612,385.8227960619445,0,0,0,1,0,2,0.8660254037844387,0.4999999999999999,1,0,1,-0.5905389823333334,1.8770075697777773,-0.3793998141388888,-1.0527601663055557,19.238424222166667,19.625006131416665,19.40305745913889,19.36519793002778,0.0,0.0,0.0,0.0,0,night,0,0.0,0,0,385.8227960619445,,19.238424222166667,0,0,0,0,0,0,0,0,0,0,0,0,0,1,0,1,0,1,0,0,1,1,0,6,0,0,0,3,0,0,0.0,1.0,0.0,0.0,0.0,1.0,0.0,0.0,0.0,1.0,0.0,0.0
roll_02,2025-12-08T00:00:00+00:00,2026-01-19T00:00:00+00:00,2026-01-19T00:00:00+00:00,2026-01-26T00:00:00+00:00,1,0,2026-01-06 03:00:00+00:00,2026-01-06 04:00:00+00:00,1067.7196651701668,1,340.0678877315278,385.8227960619445,381.6384086141388,392.4521254978611,0,0,0,1,0,3,0.7071067811865476,0.7071067811865476,1,0,1,-0.5169925313333333,1.7338254285555557,-0.5905389823333334,-1.011859787111111,19.36510847705556,19.69892681713889,19.238424222166667,19.49764120547222,0.0,0.0,0.0,0.0,0,night,0,0.0,0,0,392.4521254978611,,19.36510847705556,0,0,0,0,0,0,0,0,0,0,0,0,0,1,0,1,0,1,0,0,1,1,0,6,0,0,0,3,0,0,0.0,1.0,0.0,0.0,0.0,1.0,0.0,0.0,0.0,1.0,0.0,0.0
roll_02,2025-12-08T00:00:00+00:00,2026-01-19T00:00:00+00:00,2026-01-19T00:00:00+00:00,2026-01-26T00:00:00+00:00,1,0,2026-01-06 04:00:00+00:00,2026-01-06 05:00:00+00:00,1903.881896566528,1,360.94104162425,392.4521254978611,1018.144173213861,1067.7196651701668,0,0,0,1,0,4,0.5000000000000001,0.8660254037844386,1,0,1,-0.8374701599444444,1.5531341845277775,-0.5169925313333333,-1.39385835525,19.507569886583333,19.46612233163889,19.36510847705556,19.31271291408333,0.0,0.0,0.0,0.0,0,night,0,0.0,0,0,1067.7196651701668,,19.507569886583333,0,0,0,0,0,0,0,0,0,0,0,0,0,1,0,1,0,1,0,0,1,1,0,6,0,0,0,3,0,0,0.0,1.0,0.0,0.0,0.0,0.0,0.0,0.0,0.0,1.0,0.0,0.0
roll_02,2025-12-08T00:00:00+00:00,2026-01-19T00:00:00+00:00,2026-01-19T00:00:00+00:00,2026-01-26T00:00:00+00:00,1,0,2026-01-06 05:00:00+00:00,2026-01-06 06:00:00+00:00,1884.089269866861,1,345.3493827404166,1067.7196651701668,3480.3327933123333,1903.881896566528,0,0,0,0,0,5,0.2588190451025207,0.9659258262890684,1,0,1,-0.5899030432222222,1.393027037222222,-0.8374701599444444,-1.4720435740833333,19.60972541383333,19.32557817416667,19.507569886583333,20.31238466361111,0.0,0.0,0.0,0.0,0,night,0,0.0,0,0,1903.881896566528,0.0,19.60972541383333,0,0,0,0,0,0,0,0,0,0,0,0,0,0,0,0,0,0,0,0,0,0,0,0,0,0,0,0,0,0,0.0,1.0,0.0,0.0,0.0,0.0,0.0,0.0,0.0,1.0,0.0,0.0
roll_02,2025-12-08T00:00:00+00:00,2026-01-19T00:00:00+00:00,2026-01-19T00:00:00+00:00,2026-01-26T00:00:00+00:00,1,0,2026-01-06 06:00:00+00:00,2026-01-06 07:00:00+00:00,2001.9943023529447,1,369.6610220877499,1903.881896566528,3264.2411370842497,1884.089269866861,0,0,0,0,0,6,6.123233995736766e-17,1.0,1,0,1,-0.9003918730833335,1.3078122491666666,-0.5899030432222222,-1.4967828786944446,19.36396250488889,19.009140713083333,19.60972541383333,20.048696970138888,0.0,0.0,0.0,0.0,0,night,0,0.0,0,0,1884.089269866861,0.0,19.36396250488889,0,0,0,0,0,0,0,0,0,0,0,0,0,0,0,0,0,0,0,0,0,0,0,0,0,0,0,0,0,0,0.0,0.0,0.0,0.0,0.0,0.0,0.0,0.0,0.0,1.0,0.0,0.0
roll_02,2025-12-08T00:00:00+00:00,2026-01-19T00:00:00+00:00,2026-01-19T00:00:00+00:00,2026-01-26T00:00:00+00:00,1,0,2026-01-06 07:00:00+00:00,2026-01-06 08:00:00+00:00,2286.4682565411667,1,208.72767761694445,1884.089269866861,3395.476410544472,2001.9943023529447,0,0,0,0,0,7,-0.2588190451025206,0.9659258262890684,1,0,1,-1.016023064,1.386689706388889,-0.9003918730833335,-1.379181577972222,19.241411946444444,19.066088141250003,19.36396250488889,20.18417349680556,0.0,0.0,0.0,0.0,1,night,0,0.0,0,0,2001.9943023529447,0.0,19.241411946444444,0,0,0,0,0,0,0,0,0,0,0,0,0,0,0,0,0,0,0,0,0,0,0,0,0,0,0,0,0,0,0.0,0.0,0.0,0.0,0.0,0.0,0.0,0.0,0.0,0.0,0.0,0.0
roll_02,2025-12-08T00:00:00+00:00,2026-01-19T00:00:00+00:00,2026-01-19T00:00:00+00:00,2026-01-26T00:00:00+00:00,1,0,2026-01-06 08:00:00+00:00,2026-01-06 09:00:00+00:00,1821.3285119935,1,1113.5958109789167,2001.9943023529447,2043.147877824084,2286.4682565411667,0,0,0,0,0,8,-0.4999999999999998,0.8660254037844387,1,0,1,-0.7860071845,2.3791948185000003,-1.016023064,0.0447507404444444,19.56382616455556,19.91185182108333,19.241411946444444,20.216753709777777,141.96021589983334,520.7646609066388,0.0,541.5511257300278,1,low,0,0.0,0,0,2286.4682565411667,141.96021589983334,19.56382616455556,0,0,0,0,0,0,0,0,0,0,0,0,0,0,0,0,0,0,0,0,0,0,0,0,0,0,0,0,0,0,0.0,0.0,0.0,0.0,0.0,0.0,0.0,0.0,0.0,0.0,0.0,0.0
roll_02,2025-12-08T00:00:00+00:00,2026-01-19T00:00:00+00:00,2026-01-19T00:00:00+00:00,2026-01-26T00:00:00+00:00,1,0,2026-01-06 09:00:00+00:00,2026-01-06 10:00:00+00:00,1457.3535129481943,1,1477.734757452639,2286.4682565411667,1179.0779114988334,1821.3285119935,0,0,0,0,0,9,-0.7071067811865475,0.7071067811865476,1,0,1,-0.149303483,3.197297669638889,-0.7860071845,1.489790182361111,19.54440532758333,20.073569188472224,19.56382616455556,21.931468085166667,554.8449951884444,698.5778901221111,141.96021589983334,646.4615747680278,1,med,0,0.0,0,0,1821.3285119935,554.8449951884444,19.54440532758333,0,0,0,0,0,0,0,0,0,0,0,0,0,0,0,0,0,0,0,0,0,0,0,0,0,0,0,0,0,0,0.0,0.0,0.0,0.0,0.0,0.0,0.0,0.0,0.0,0.0,0.0,0.0
roll_02,2025-12-08T00:00:00+00:00,2026-01-19T00:00:00+00:00,2026-01-19T00:00:00+00:00,2026-01-26T00:00:00+00:00,1,0,2026-01-06 10:00:00+00:00,2026-01-06 11:00:00+00:00,1098.783385659861,1,2094.9878837388333,1821.3285119935,947.8847584085834,1457.3535129481943,0,0,0,0,0,10,-0.8660254037844387,0.4999999999999999,1,0,1,2.0291202134722224,2.669103076555556,-0.149303483,2.7039119795277777,20.057945581416668,19.750522081194443,19.54440532758333,20.46024600608333,991.3755553825832,235.49601449947224,554.8449951884444,892.7757230555554,1,med,0,0.0,0,1,1457.3535129481943,991.3755553825832,20.057945581416668,0,0,0,0,0,0,0,0,0,0,0,0,0,0,0,0,0,0,0,0,0,0,0,0,0,0,0,0,0,0,0.0,0.0,0.0,0.0,0.0,0.0,0.0,0.0,0.0,0.0,0.0,0.0
roll_02,2025-12-08T00:00:00+00:00,2026-01-19T00:00:00+00:00,2026-01-19T00:00:00+00:00,2026-01-26T00:00:00+00:00,1,0,2026-01-06 11:00:00+00:00,2026-01-06 12:00:00+00:00,894.0836341709445,1,1835.183068767084,1457.3535129481943,863.6994095845556,1098.783385659861,0,0,0,0,0,11,-0.9659258262890682,0.258819045102521,1,0,1,4.096896434388889,3.9766328659722223,2.0291202134722224,3.881307846888889,20.715051583388888,19.77343498144445,20.057945581416668,20.872260072305554,1351.2139548198334,494.1241490910834,991.3755553825832,1206.7577466112778,1,high,0,0.0,0,1,1098.783385659861,1351.2139548198334,20.715051583388888,0,0,0,0,0,0,0,0,0,0,0,0,0,0,0,0,0,0,0,0,0,0,0,0,0,0,0,0,0,0,0.0,0.0,0.0,0.0,0.0,0.0,0.0,0.0,0.0,0.0,0.0,0.0
roll_02,2025-12-08T00:00:00+00:00,2026-01-19T00:00:00+00:00,2026-01-19T00:00:00+00:00,2026-01-26T00:00:00+00:00,1,0,2026-01-06 12:00:00+00:00,2026-01-06 13:00:00+00:00,329.2631219953055,1,1619.5322354404443,1098.783385659861,843.0538203102777,894.0836341709445,0,0,0,0,0,12,-1.0,1.2246467991473532e-16,1,0,1,5.705180185861111,4.9967268885000005,4.096896434388889,5.066587314222223,20.91122075105556,19.852502909027777,20.715051583388888,21.11385421797222,1418.4170547936944,600.6711281933888,1351.2139548198334,1247.8009385014443,1,high,0,0.0,0,2,894.0836341709445,1418.4170547936944,20.91122075105556,0,0,0,0,0,0,0,0,0,0,0,0,0,0,0,0,0,0,0,0,0,0,0,0,0,0,0,0,0,0,0.0,0.0,0.0,0.0,0.0,0.0,0.0,0.0,0.0,0.0,0.0,0.0
roll_02,2025-12-08T00:00:00+00:00,2026-01-19T00:00:00+00:00,2026-01-19T00:00:00+00:00,2026-01-26T00:00:00+00:00,1,0,2026-01-06 13:00:00+00:00,2026-01-06 14:00:00+00:00,967.2042220471388,1,1925.637555785389,894.0836341709445,1428.490628339573,329.2631219953055,0,0,0,0,0,13,-0.9659258262890684,-0.2588190451025208,1,0,1,7.415172003499999,5.509798222916667,5.705180185861111,5.457142150027778,19.90473764380556,19.69621308038889,20.91122075105556,20.01560276148125,1116.548348416861,467.4493078776389,1418.4170547936944,547.3802902017588,1,med,0,0.0,0,2,329.2631219953055,1116.548348416861,19.90473764380556,0,0,0,0,0,0,0,0,0,0,0,0,0,0,0,0,0,0,0,0,0,0,0,0,0,0,0,0,0,0,0.0,0.0,0.0,0.0,0.0,0.0,0.0,0.0,0.0,0.0,0.0,0.0
roll_02,2025-12-08T00:00:00+00:00,2026-01-19T00:00:00+00:00,2026-01-19T00:00:00+00:00,2026-01-26T00:00:00+00:00,1,0,2026-01-06 14:00:00+00:00,2026-01-06 15:00:00+00:00,2273.575334169805,1,2008.678274972639,329.2631219953055,1773.3037352634722,967.2042220471388,0,0,0,0,0,14,-0.8660254037844388,-0.4999999999999997,1,0,1,8.198499685916667,6.698623911722223,7.415172003499999,4.588629488583334,19.139504207694447,19.54129957072222,19.90473764380556,19.929525524222225,663.5079014291666,273.6858356316389,1116.548348416861,207.87688739294444,1,med,0,0.0,0,2,967.2042220471388,663.5079014291666,19.139504207694447,0,0,0,0,0,0,0,0,0,0,0,0,0,0,0,0,0,0,0,0,0,0,0,0,0,0,0,0,0,0,0.0,0.0,0.0,0.0,0.0,0.0,0.0,0.0,0.0,0.0,0.0,0.0
roll_02,2025-12-08T00:00:00+00:00,2026-01-19T00:00:00+00:00,2026-01-19T00:00:00+00:00,2026-01-26T00:00:00+00:00,1,0,2026-01-06 15:00:00+00:00,2026-01-06 16:00:00+00:00,1652.948210602611,1,2601.6690819676387,967.2042220471388,2045.117999196167,2273.575334169805,0,0,0,0,0,15,-0.7071067811865479,-0.7071067811865471,1,0,1,5.914092417194445,5.780503472194444,8.198499685916667,4.475250863555556,18.79304255436111,19.427268688972223,19.139504207694447,19.944776444444447,15.213389246138886,0.0,663.5079014291666,40.97132009280555,1,low,0,0.0,0,2,2273.575334169805,15.213389246138886,18.79304255436111,0,0,0,0,0,0,0,0,0,0,0,0,0,0,0,0,0,0,0,0,0,0,0,0,0,0,0,0,0,0,0.0,0.0,0.0,0.0,0.0,0.0,0.0,0.0,0.0,0.0,0.0,0.0
roll_02,2025-12-08T00:00:00+00:00,2026-01-19T00:00:00+00:00,2026-01-19T00:00:00+00:00,2026-01-26T00:00:00+00:00,1,0,2026-01-06 16:00:00+00:00,2026-01-06 17:00:00+00:00,2089.0237929649165,1,2699.4798030592224,2273.575334169805,1695.0528240614449,1652.948210602611,0,0,0,0,0,16,-0.5000000000000004,-0.8660254037844385,1,0,1,3.205580150638889,4.608274887222222,5.914092417194445,3.0361438859444445,18.458215798833333,19.53470905580556,18.79304255436111,19.330333286888887,0.0,0.0,15.213389246138886,0.0,0,night,0,0.0,0,1,1652.948210602611,0.0,18.458215798833333,0,0,0,0,0,0,0,0,0,0,0,0,0,0,0,0,0,0,0,0,0,0,0,0,0,0,0,0,0,0,0.0,0.0,0.0,0.0,0.0,0.0,0.0,0.0,0.0,0.0,0.0,0.0
roll_02,2025-12-08T00:00:00+00:00,2026-01-19T00:00:00+00:00,2026-01-19T00:00:00+00:00,2026-01-26T00:00:00+00:00,1,0,2026-01-06 17:00:00+00:00,2026-01-06 18:00:00+00:00,2541.390361368472,1,3101.2290870946395,1652.948210602611,2050.756231673639,2089.0237929649165,0,0,0,0,0,17,-0.2588190451025206,-0.9659258262890684,1,0,1,1.8742345198611112,3.980280469833333,3.205580150638889,1.868786365638889,18.29836174063889,19.50010553961112,18.458215798833333,19.59319692852777,0.0,0.0,0.0,0.0,0,night,0,0.0,0,1,2089.0237929649165,0.0,18.29836174063889,0,0,0,0,0,0,0,0,0,0,0,0,0,0,0,0,0,0,0,0,0,0,0,0,0,0,0,0,0,0,0.0,0.0,0.0,0.0,0.0,0.0,0.0,0.0,0.0,0.0,0.0,0.0
roll_02,2025-12-08T00:00:00+00:00,2026-01-19T00:00:00+00:00,2026-01-19T00:00:00+00:00,2026-01-26T00:00:00+00:00,1,0,2026-01-06 18:00:00+00:00,2026-01-06 19:00:00+00:00,1259.8555531175557,1,2861.349721383805,2089.0237929649165,3794.624143870611,2541.390361368472,0,0,0,0,0,18,-1.8369701987210294e-16,-1.0,1,0,1,1.24759949625,3.4060116445277777,1.8742345198611112,1.3410971866388888,18.92124357877778,19.40655724655556,18.29836174063889,18.762281723944444,0.0,0.0,0.0,0.0,0,night,0,0.0,0,1,2541.390361368472,0.0,18.92124357877778,0,0,0,0,0,0,0,0,0,0,0,0,0,0,0,0,0,0,0,0,0,0,0,0,0,0,0,0,0,0,0.0,0.0,0.0,0.0,0.0,0.0,0.0,0.0,0.0,0.0,0.0,0.0
roll_02,2025-12-08T00:00:00+00:00,2026-01-19T00:00:00+00:00,2026-01-19T00:00:00+00:00,2026-01-26T00:00:00+00:00,1,0,2026-01-06 19:00:00+00:00,2026-01-06 20:00:00+00:00,856.5431156826388,1,2973.5114247274164,2541.390361368472,1861.5080703779724,1259.8555531175557,0,0,0,0,0,19,0.2588190451025203,-0.9659258262890684,1,0,1,0.7831473823888889,3.471392185,1.24759949625,1.203708991527778,18.88856847425,19.856746364611112,18.92124357877778,19.018070562944445,0.0,0.0,0.0,0.0,0,night,0,0.0,0,1,1259.8555531175557,0.0,18.88856847425,0,0,0,0,0,0,0,0,0,0,0,0,0,0,0,0,0,0,0,0,0,0,0,0,0,0,0,0,0,0,0.0,0.0,0.0,0.0,0.0,0.0,0.0,0.0,0.0,0.0,0.0,0.0
roll_02,2025-12-08T00:00:00+00:00,2026-01-19T00:00:00+00:00,2026-01-19T00:00:00+00:00,2026-01-26T00:00:00+00:00,1,0,2026-01-06 20:00:00+00:00,2026-01-06 21:00:00+00:00,575.4723228509444,1,3413.832817381028,1259.8555531175557,1496.9097637140555,856.5431156826388,0,0,0,0,0,20,0.5000000000000001,-0.8660254037844386,1,0,1,0.3566097239722222,3.1609241382777777,0.7831473823888889,1.032068296,18.596562272777778,20.20994697230556,18.88856847425,19.291680665055555,0.0,0.0,0.0,0.0,0,night,0,0.0,0,1,856.5431156826388,0.0,18.596562272777778,0,0,0,0,0,0,0,0,0,0,0,0,0,0,0,0,0,0,0,0,0,0,0,0,0,0,0,0,0,0,0.0,0.0,0.0,0.0,0.0,0.0,0.0,0.0,0.0,0.0,0.0,0.0
roll_02,2025-12-08T00:00:00+00:00,2026-01-19T00:00:00+00:00,2026-01-19T00:00:00+00:00,2026-01-26T00:00:00+00:00,1,0,2026-01-06 21:00:00+00:00,2026-01-06 22:00:00+00:00,379.3353790977222,1,3047.7479014198057,856.5431156826388,719.7584706931667,575.4723228509444,0,0,0,0,0,21,0.7071067811865474,-0.7071067811865477,1,0,1,0.3184367013611111,3.0709848782777773,0.3566097239722222,0.7795261833333332,18.56220642625,20.14678556661111,18.596562272777778,18.70379904711111,0.0,0.0,0.0,0.0,0,night,0,0.0,0,1,575.4723228509444,0.0,18.56220642625,0,0,0,0,0,0,0,0,0,0,0,0,0,0,0,0,0,0,0,0,0,0,0,0,0,0,0,0,0,0,0.0,0.0,0.0,0.0,0.0,0.0,0.0,0.0,0.0,0.0,0.0,0.0
roll_02,2025-12-08T00:00:00+00:00,2026-01-19T00:00:00+00:00,2026-01-19T00:00:00+00:00,2026-01-26T00:00:00+00:00,1,0,2026-01-06 22:00:00+00:00,2026-01-06 23:00:00+00:00,372.6325051877778,1,2978.7885580551942,575.4723228509444,446.7607589221944,379.3353790977222,0,0,0,0,0,22,0.8660254037844384,-0.5000000000000004,1,0,1,0.1134802030555555,3.442532726444444,0.3184367013611111,0.4047500071944445,18.7725153515,19.883793013916662,18.56220642625,19.17545539780556,0.0,0.0,0.0,0.0,0,night,0,0.0,0,1,379.3353790977222,0.0,18.7725153515,0,0,0,0,0,0,0,0,0,0,0,0,0,0,0,0,0,0,0,0,0,0,0,0,0,0,0,0,0,0,0.0,0.0,0.0,0.0,0.0,0.0,0.0,0.0,0.0,0.0,0.0,0.0
roll_02,2025-12-08T00:00:00+00:00,2026-01-19T00:00:00+00:00,2026-01-19T00:00:00+00:00,2026-01-26T00:00:00+00:00,1,0,2026-01-06 23:00:00+00:00,2026-01-07 00:00:00+00:00,389.1375681515556,1,3419.82747502625,379.3353790977222,377.8106354470833,372.6325051877778,0,0,0,0,0,23,0.965925826289068,-0.2588190451025215,1,0,1,-0.2452416142222222,3.135033432888889,0.1134802030555555,-0.2197552837222222,18.993671222388887,20.32692703261112,18.7725153515,19.21120246411111,0.0,0.0,0.0,0.0,0,night,0,0.0,0,0,372.6325051877778,0.0,18.993671222388887,0,0,0,0,0,0,0,0,0,0,0,0,0,0,0,0,0,0,0,0,0,0,0,0,0,0,0,0,0,0,0.0,0.0,0.0,0.0,0.0,1.0,0.0,0.0,0.0,0.0,0.0,0.0
roll_02,2025-12-08T00:00:00+00:00,2026-01-19T00:00:00+00:00,2026-01-19T00:00:00+00:00,2026-01-26T00:00:00+00:00,1,0,2026-01-07 00:00:00+00:00,2026-01-07 01:00:00+00:00,401.5769106128611,2,3213.6574599861383,372.6325051877778,392.73774841372216,389.1375681515556,0,0,0,1,0,0,1.0,0.0,0,0,1,-0.83725522175,3.4767909725833337,-0.2452416142222222,-0.5333700690277777,19.530515540694445,20.748222279388887,18.993671222388887,19.29313822780556,0.0,0.0,0.0,0.0,0,night,0,0.0,0,0,389.1375681515556,,19.530515540694445,0,0,0,0,0,0,0,0,0,0,0,0,0,1,0,1,0,1,0,0,1,1,0,5,0,0,0,3,0,0,0.0,0.0,0.0,0.0,0.0,1.0,0.0,0.0,0.0,0.0,0.0,0.0
roll_02,2025-12-08T00:00:00+00:00,2026-01-19T00:00:00+00:00,2026-01-19T00:00:00+00:00,2026-01-26T00:00:00+00:00,1,0,2026-01-07 01:00:00+00:00,2026-01-07 02:00:00+00:00,377.4491772511944,2,3135.719161899972,389.1375681515556,392.9088330086667,401.5769106128611,0,0,0,1,0,1,0.9659258262890684,0.2588190451025207,0,0,1,-1.0618205902777778,4.021092488861111,-0.83725522175,-0.3793998141388888,19.523850264166665,20.71328974616667,19.530515540694445,19.40305745913889,0.0,0.0,0.0,0.0,0,night,0,0.0,0,0,401.5769106128611,,19.523850264166665,0,0,0,0,0,0,0,0,0,0,0,0,0,1,0,1,0,1,0,0,1,1,0,5,0,0,0,3,0,0,0.0,1.0,0.0,0.0,0.0,1.0,0.0,0.0,0.0,0.0,0.0,0.0
roll_02,2025-12-08T00:00:00+00:00,2026-01-19T00:00:00+00:00,2026-01-19T00:00:00+00:00,2026-01-26T00:00:00+00:00,1,0,2026-01-07 02:00:00+00:00,2026-01-07 03:00:00+00:00,390.0319296185555,2,3558.1238497141944,401.5769106128611,385.8227960619445,377.4491772511944,0,0,0,1,0,2,0.8660254037844387,0.4999999999999999,0,0,1,-1.5771047166944443,4.059424536888889,-1.0618205902777778,-0.5905389823333334,19.47384959686111,20.693900980722223,19.523850264166665,19.238424222166667,0.0,0.0,0.0,0.0,0,night,0,0.0,0,0,377.4491772511944,,19.47384959686111,0,0,0,0,0,0,0,0,0,0,0,0,0,1,0,1,0,1,0,0,1,1,0,5,0,0,0,3,0,0,0.0,1.0,0.0,0.0,0.0,1.0,0.0,0.0,0.0,0.0,0.0,0.0
roll_02,2025-12-08T00:00:00+00:00,2026-01-19T00:00:00+00:00,2026-01-19T00:00:00+00:00,2026-01-26T00:00:00+00:00,1,0,2026-01-07 03:00:00+00:00,2026-01-07 04:00:00+00:00,995.877723643,2,3161.972769970389,377.4491772511944,392.4521254978611,390.0319296185555,0,0,0,1,0,3,0.7071067811865476,0.7071067811865476,0,0,1,-1.7605731103333333,3.7194639225555552,-1.5771047166944443,-0.5169925313333333,19.39951687969444,20.72542318555556,19.47384959686111,19.36510847705556,0.0,0.0,0.0,0.0,0,night,0,0.0,0,0,390.0319296185555,,19.39951687969444,0,0,0,0,0,0,0,0,0,0,0,0,0,1,0,1,0,1,0,0,1,1,0,5,0,0,0,3,0,0,0.0,1.0,0.0,0.0,0.0,1.0,0.0,0.0,0.0,0.0,0.0,0.0
roll_02,2025-12-08T00:00:00+00:00,2026-01-19T00:00:00+00:00,2026-01-19T00:00:00+00:00,2026-01-26T00:00:00+00:00,1,0,2026-01-07 04:00:00+00:00,2026-01-07 05:00:00+00:00,2048.148801472083,2,3544.256830158028,390.0319296185555,1067.7196651701668,995.877723643,0,0,0,1,0,4,0.5000000000000001,0.8660254037844386,0,0,1,-2.175260116888889,3.5397424411944445,-1.7605731103333333,-0.8374701599444444,19.593634764166666,20.585513164416664,19.39951687969444,19.507569886583333,0.0,0.0,0.0,0.0,0,night,0,0.0,0,0,995.877723643,,19.593634764166666,0,0,0,0,0,0,0,0,0,0,0,0,0,1,0,1,0,1,0,0,1,1,0,5,0,0,0,3,0,0,0.0,1.0,0.0,0.0,0.0,1.0,0.0,0.0,0.0,0.0,0.0,0.0
roll_02,2025-12-08T00:00:00+00:00,2026-01-19T00:00:00+00:00,2026-01-19T00:00:00+00:00,2026-01-26T00:00:00+00:00,1,0,2026-01-07 05:00:00+00:00,2026-01-07 06:00:00+00:00,2144.072206509945,2,3150.0117072990274,995.877723643,1903.881896566528,2048.148801472083,0,0,0,0,0,5,0.2588190451025207,0.9659258262890684,0,0,1,-2.138426025055556,3.251688697694445,-2.175260116888889,-0.5899030432222222,19.57790496161111,20.49380978586112,19.593634764166666,19.60972541383333,0.0,0.0,0.0,0.0,0,night,0,0.0,0,0,2048.148801472083,0.0,19.57790496161111,0,0,0,0,0,0,0,0,0,0,0,0,0,0,0,0,0,0,0,0,0,0,0,0,0,0,0,0,0,0,0.0,1.0,0.0,0.0,0.0,0.0,0.0,0.0,0.0,0.0,0.0,0.0
roll_02,2025-12-08T00:00:00+00:00,2026-01-19T00:00:00+00:00,2026-01-19T00:00:00+00:00,2026-01-26T00:00:00+00:00,1,0,2026-01-07 06:00:00+00:00,2026-01-07 07:00:00+00:00,1962.395727615584,2,3496.258418676389,2048.148801472083,1884.089269866861,2144.072206509945,0,0,0,0,0,6,6.123233995736766e-17,1.0,0,0,1,-2.334666141611111,3.121863873388889,-2.138426025055556,-0.9003918730833335,19.242493166972224,20.38272357094445,19.57790496161111,19.36396250488889,0.0,0.0,0.0,0.0,0,night,0,0.0,0,0,2144.072206509945,0.0,19.242493166972224,0,0,0,0,0,0,0,0,0,0,0,0,0,0,0,0,0,0,0,0,0,0,0,0,0,0,0,0,0,0,0.0,0.0,0.0,0.0,0.0,0.0,0.0,0.0,0.0,0.0,0.0,0.0
roll_02,2025-12-08T00:00:00+00:00,2026-01-19T00:00:00+00:00,2026-01-19T00:00:00+00:00,2026-01-26T00:00:00+00:00,1,0,2026-01-07 07:00:00+00:00,2026-01-07 08:00:00+00:00,1449.9337721436666,2,3052.395333243556,2144.072206509945,2001.9943023529447,1962.395727615584,0,0,0,0,0,7,-0.2588190451025206,0.9659258262890684,0,0,1,-1.857353954,3.020577801222222,-2.334666141611111,-1.016023064,18.54471837513889,20.516203167,19.242493166972224,19.241411946444444,0.0,0.0,0.0,0.0,1,night,0,0.0,0,0,1962.395727615584,0.0,18.54471837513889,0,0,0,0,0,0,0,0,0,0,0,0,0,0,0,0,0,0,0,0,0,0,0,0,0,0,0,0,0,0,0.0,0.0,0.0,0.0,0.0,0.0,0.0,0.0,0.0,0.0,0.0,0.0
roll_02,2025-12-08T00:00:00+00:00,2026-01-19T00:00:00+00:00,2026-01-19T00:00:00+00:00,2026-01-26T00:00:00+00:00,1,0,2026-01-07 08:00:00+00:00,2026-01-07 09:00:00+00:00,1045.4205219210555,2,2614.9895191271667,1962.395727615584,2286.4682565411667,1449.9337721436666,0,0,0,0,0,8,-0.4999999999999998,0.8660254037844387,0,0,1,-0.4426733692222222,3.6351300051111113,-1.857353954,-0.7860071845,19.39568181513889,21.0082943675,18.54471837513889,19.56382616455556,570.0789902141945,558.7140342211944,0.0,141.96021589983334,1,med,0,0.0,0,0,1449.9337721436666,570.0789902141945,19.39568181513889,0,0,0,0,0,0,0,0,0,0,0,0,0,0,0,0,0,0,0,0,0,0,0,0,0,0,0,0,0,0,0.0,0.0,0.0,0.0,0.0,0.0,0.0,0.0,0.0,0.0,0.0,0.0
roll_02,2025-12-08T00:00:00+00:00,2026-01-19T00:00:00+00:00,2026-01-19T00:00:00+00:00,2026-01-26T00:00:00+00:00,1,0,2026-01-07 09:00:00+00:00,2026-01-07 10:00:00+00:00,760.5154770373333,2,2719.2755624978613,1449.9337721436666,1821.3285119935,1045.4205219210555,0,0,0,0,0,9,-0.7071067811865475,0.7071067811865476,0,0,1,0.9949755484444444,5.321015994944444,-0.4426733692222222,-0.149303483,20.01117311875,21.420063452027776,19.39568181513889,19.54440532758333,944.5843582863334,907.1854938085834,570.0789902141945,554.8449951884444,1,med,0,0.0,0,1,1045.4205219210555,944.5843582863334,20.01117311875,0,0,0,0,0,0,0,0,0,0,0,0,0,0,0,0,0,0,0,0,0,0,0,0,0,0,0,0,0,0,0.0,0.0,0.0,0.0,0.0,0.0,0.0,0.0,0.0,0.0,0.0,0.0
roll_02,2025-12-08T00:00:00+00:00,2026-01-19T00:00:00+00:00,2026-01-19T00:00:00+00:00,2026-01-26T00:00:00+00:00,1,0,2026-01-07 10:00:00+00:00,2026-01-07 11:00:00+00:00,546.3529176781944,2,1940.6218061559168,1045.4205219210555,1457.3535129481943,760.5154770373333,0,0,0,0,0,10,-0.8660254037844387,0.4999999999999999,0,0,1,1.9578350736111112,6.614157016972222,0.9949755484444444,2.0291202134722224,20.312036394777778,21.773255422416668,20.01117311875,20.057945581416668,1264.831612533833,1335.3714840304444,944.5843582863334,991.3755553825832,1,high,0,0.0,0,1,760.5154770373333,1264.831612533833,20.312036394777778,0,0,0,0,0,0,0,0,0,0,0,0,0,0,0,0,0,0,0,0,0,0,0,0,0,0,0,0,0,0,0.0,0.0,0.0,0.0,0.0,0.0,0.0,0.0,0.0,0.0,0.0,0.0
roll_02,2025-12-08T00:00:00+00:00,2026-01-19T00:00:00+00:00,2026-01-19T00:00:00+00:00,2026-01-26T00:00:00+00:00,1,0,2026-01-07 11:00:00+00:00,2026-01-07 12:00:00+00:00,756.1850252865555,2,2256.874230031111,760.5154770373333,1098.783385659861,546.3529176781944,0,0,0,0,0,11,-0.9659258262890682,0.258819045102521,0,0,1,2.4392818327777777,7.730403847000001,1.9578350736111112,4.096896434388889,24.623482295972224,21.96453894347222,20.312036394777778,20.715051583388888,1540.4049076230278,1459.232852967778,1264.831612533833,1351.2139548198334,1,high,0,0.0,0,1,546.3529176781944,1540.4049076230278,24.623482295972224,0,0,0,0,0,0,0,0,0,0,0,0,0,0,0,0,0,0,0,0,0,0,0,0,0,0,0,0,0,0,0.0,0.0,0.0,0.0,0.0,0.0,0.0,0.0,0.0,0.0,0.0,0.0
roll_02,2025-12-08T00:00:00+00:00,2026-01-19T00:00:00+00:00,2026-01-19T00:00:00+00:00,2026-01-26T00:00:00+00:00,1,0,2026-01-07 12:00:00+00:00,2026-01-07 13:00:00+00:00,1302.286245294389,2,2384.410364352389,546.3529176781944,894.0836341709445,756.1850252865555,0,0,0,0,0,12,-1.0,1.2246467991473532e-16,0,0,1,3.0398306009166665,8.768538371444444,2.4392818327777777,5.705180185861111,21.195236754666663,21.933934238972224,24.623482295972224,20.91122075105556,1439.505969516472,1333.5105244304723,1540.4049076230278,1418.4170547936944,1,high,0,0.0,0,1,756.1850252865555,1439.505969516472,21.195236754666663,0,0,0,0,0,0,0,0,0,0,0,0,0,0,0,0,0,0,0,0,0,0,0,0,0,0,0,0,0,0,0.0,0.0,0.0,0.0,0.0,0.0,0.0,0.0,0.0,0.0,0.0,0.0
roll_02,2025-12-08T00:00:00+00:00,2026-01-19T00:00:00+00:00,2026-01-19T00:00:00+00:00,2026-01-26T00:00:00+00:00,1,0,2026-01-07 13:00:00+00:00,2026-01-07 14:00:00+00:00,1726.787963903611,2,1124.9138968755278,756.1850252865555,329.2631219953055,1302.286245294389,0,0,0,0,0,13,-0.9659258262890684,-0.2588190451025208,0,0,1,4.212726052527778,9.685792753583334,3.0398306009166665,7.415172003499999,20.18060452627778,20.89324256777778,21.195236754666663,19.90473764380556,1182.3181012871669,1090.0495898063334,1439.505969516472,1116.548348416861,1,med,0,0.0,0,1,1302.286245294389,1182.3181012871669,20.18060452627778,0,0,0,0,0,0,0,0,0,0,0,0,0,0,0,0,0,0,0,0,0,0,0,0,0,0,0,0,0,0,0.0,0.0,0.0,0.0,0.0,0.0,0.0,0.0,0.0,0.0,0.0,0.0
roll_02,2025-12-08T00:00:00+00:00,2026-01-19T00:00:00+00:00,2026-01-19T00:00:00+00:00,2026-01-26T00:00:00+00:00,1,0,2026-01-07 14:00:00+00:00,2026-01-07 15:00:00+00:00,2477.2962560777223,2,439.3980787806111,1302.286245294389,967.2042220471388,1726.787963903611,0,0,0,0,0,14,-0.8660254037844388,-0.4999999999999997,0,0,1,4.414327284722222,10.374518974083331,4.212726052527778,8.198499685916667,18.96121669636111,19.94745067311111,20.18060452627778,19.139504207694447,628.2047391991667,495.0838183399167,1182.3181012871669,663.5079014291666,1,med,0,0.0,0,1,1726.787963903611,628.2047391991667,18.96121669636111,0,0,0,0,0,0,0,0,0,0,0,0,0,0,0,0,0,0,0,0,0,0,0,0,0,0,0,0,0,0,0.0,0.0,0.0,0.0,0.0,0.0,0.0,0.0,0.0,0.0,0.0,0.0
roll_02,2025-12-08T00:00:00+00:00,2026-01-19T00:00:00+00:00,2026-01-19T00:00:00+00:00,2026-01-26T00:00:00+00:00,1,0,2026-01-07 15:00:00+00:00,2026-01-07 16:00:00+00:00,2736.9958837058616,2,1235.3384488125278,1726.787963903611,2273.575334169805,2477.2962560777223,0,0,0,0,0,15,-0.7071067811865479,-0.7071067811865471,0,0,1,3.245419476666666,8.316854912305557,4.414327284722222,5.914092417194445,19.184675615388887,19.347726442694444,18.96121669636111,18.79304255436111,21.8963531215,11.6357779875,628.2047391991667,15.213389246138886,1,low,0,0.0,0,1,2477.2962560777223,21.8963531215,19.184675615388887,0,0,0,0,0,0,0,0,0,0,0,0,0,0,0,0,0,0,0,0,0,0,0,0,0,0,0,0,0,0,0.0,0.0,0.0,0.0,0.0,0.0,0.0,0.0,0.0,0.0,0.0,0.0
roll_02,2025-12-08T00:00:00+00:00,2026-01-19T00:00:00+00:00,2026-01-19T00:00:00+00:00,2026-01-26T00:00:00+00:00,1,0,2026-01-07 16:00:00+00:00,2026-01-07 17:00:00+00:00,2262.745013387778,2,1350.5739742740554,2477.2962560777223,1652.948210602611,2736.9958837058616,0,0,0,0,0,16,-0.5000000000000004,-0.8660254037844385,0,0,1,1.6886237109166666,5.857850195027777,3.245419476666666,3.205580150638889,19.02204263538889,18.81416291483333,19.184675615388887,18.458215798833333,0.0,0.0,21.8963531215,0.0,0,night,0,0.0,0,1,2736.9958837058616,0.0,19.02204263538889,0,0,0,0,0,0,0,0,0,0,0,0,0,0,0,0,0,0,0,0,0,0,0,0,0,0,0,0,0,0,0.0,0.0,0.0,0.0,0.0,0.0,0.0,0.0,0.0,0.0,0.0,0.0
roll_02,2025-12-08T00:00:00+00:00,2026-01-19T00:00:00+00:00,2026-01-19T00:00:00+00:00,2026-01-26T00:00:00+00:00,1,0,2026-01-07 17:00:00+00:00,2026-01-07 18:00:00+00:00,1568.7467902066112,2,1125.7222657566947,2736.9958837058616,2089.0237929649165,2262.745013387778,0,0,0,0,0,17,-0.2588190451025206,-0.9659258262890684,0,0,1,0.6640826144444444,4.482124552833333,1.6886237109166666,1.8742345198611112,19.445126605,18.864834477555554,19.02204263538889,18.29836174063889,0.0,0.0,0.0,0.0,0,night,0,0.0,0,1,2262.745013387778,0.0,19.445126605,0,0,0,0,0,0,0,0,0,0,0,0,0,0,0,0,0,0,0,0,0,0,0,0,0,0,0,0,0,0,0.0,0.0,0.0,0.0,0.0,0.0,0.0,0.0,0.0,0.0,0.0,0.0
roll_02,2025-12-08T00:00:00+00:00,2026-01-19T00:00:00+00:00,2026-01-19T00:00:00+00:00,2026-01-26T00:00:00+00:00,1,0,2026-01-07 18:00:00+00:00,2026-01-07 19:00:00+00:00,2191.9078966617776,2,963.7851058614166,2262.745013387778,2541.390361368472,1568.7467902066112,0,0,0,0,0,18,-1.8369701987210294e-16,-1.0,0,0,1,0.0305977500833333,3.1592455746388883,0.6640826144444444,1.24759949625,19.31415853788889,19.32536374202778,19.445126605,18.92124357877778,0.0,0.0,0.0,0.0,0,night,0,0.0,0,1,1568.7467902066112,0.0,19.31415853788889,0,0,0,0,0,0,0,0,0,0,0,0,0,0,0,0,0,0,0,0,0,0,0,0,0,0,0,0,0,0,0.0,0.0,0.0,0.0,0.0,0.0,0.0,0.0,0.0,0.0,0.0,0.0
roll_02,2025-12-08T00:00:00+00:00,2026-01-19T00:00:00+00:00,2026-01-19T00:00:00+00:00,2026-01-26T00:00:00+00:00,1,0,2026-01-07 19:00:00+00:00,2026-01-07 20:00:00+00:00,974.76946242625,2,1028.1069589450833,1568.7467902066112,1259.8555531175557,2191.9078966617776,0,0,0,0,0,19,0.2588190451025203,-0.9659258262890684,0,0,1,-0.5172285606388889,2.435368093805556,0.0305977500833333,0.7831473823888889,19.633846631416667,19.16284707705556,19.31415853788889,18.88856847425,0.0,0.0,0.0,0.0,0,night,0,0.0,0,0,2191.9078966617776,0.0,19.633846631416667,0,0,0,0,0,0,0,0,0,0,0,0,0,0,0,0,0,0,0,0,0,0,0,0,0,0,0,0,0,0,0.0,0.0,0.0,0.0,0.0,0.0,0.0,0.0,0.0,0.0,0.0,0.0
roll_02,2025-12-08T00:00:00+00:00,2026-01-19T00:00:00+00:00,2026-01-19T00:00:00+00:00,2026-01-26T00:00:00+00:00,1,0,2026-01-07 20:00:00+00:00,2026-01-07 21:00:00+00:00,588.3848682054444,2,660.2096802828333,2191.9078966617776,856.5431156826388,974.76946242625,0,0,0,0,0,20,0.5000000000000001,-0.8660254037844386,0,0,1,-0.8401728560833334,2.107054162888889,-0.5172285606388889,0.3566097239722222,18.864326428194445,19.274011938694446,19.633846631416667,18.596562272777778,0.0,0.0,0.0,0.0,0,night,0,0.0,0,0,974.76946242625,0.0,18.864326428194445,0,0,0,0,0,0,0,0,0,0,0,0,0,0,0,0,0,0,0,0,0,0,0,0,0,0,0,0,0,0,0.0,0.0,0.0,0.0,0.0,0.0,0.0,0.0,0.0,1.0,0.0,0.0
roll_02,2025-12-08T00:00:00+00:00,2026-01-19T00:00:00+00:00,2026-01-19T00:00:00+00:00,2026-01-26T00:00:00+00:00,1,0,2026-01-07 21:00:00+00:00,2026-01-07 22:00:00+00:00,377.2789850275833,2,465.11897182736107,974.76946242625,575.4723228509444,588.3848682054444,0,0,0,0,0,21,0.7071067811865474,-0.7071067811865477,0,0,1,-1.128014455416667,1.5462898768611113,-0.8401728560833334,0.3184367013611111,18.75661051636111,19.207540074083333,18.864326428194445,18.56220642625,0.0,0.0,0.0,0.0,0,night,0,0.0,0,0,588.3848682054444,0.0,18.75661051636111,0,0,0,0,0,0,0,0,0,0,0,0,0,0,0,0,0,0,0,0,0,0,0,0,0,0,0,0,0,0,0.0,0.0,0.0,0.0,0.0,0.0,0.0,0.0,0.0,1.0,0.0,0.0
roll_02,2025-12-08T00:00:00+00:00,2026-01-19T00:00:00+00:00,2026-01-19T00:00:00+00:00,2026-01-26T00:00:00+00:00,1,0,2026-01-07 22:00:00+00:00,2026-01-07 23:00:00+00:00,379.2127282198055,2,428.6944817763611,588.3848682054444,379.3353790977222,377.2789850275833,0,0,0,0,0,22,0.8660254037844384,-0.5000000000000004,0,0,1,-1.4860077283055555,1.139625029388889,-1.128014455416667,0.1134802030555555,19.03885806752778,19.073717133722223,18.75661051636111,18.7725153515,0.0,0.0,0.0,0.0,0,night,0,0.0,0,0,377.2789850275833,0.0,19.03885806752778,0,0,0,0,0,0,0,0,0,0,0,0,0,0,0,0,0,0,0,0,0,0,0,0,0,0,0,0,0,0,0.0,0.0,0.0,0.0,0.0,0.0,0.0,0.0,0.0,1.0,0.0,0.0
roll_02,2025-12-08T00:00:00+00:00,2026-01-19T00:00:00+00:00,2026-01-19T00:00:00+00:00,2026-01-26T00:00:00+00:00,1,0,2026-01-07 23:00:00+00:00,2026-01-08 00:00:00+00:00,398.8101495591666,2,427.9391178925834,377.2789850275833,372.6325051877778,379.2127282198055,0,0,0,1,0,23,0.965925826289068,-0.2588190451025215,0,0,1,-1.7941674180277778,0.8487008927777778,-1.4860077283055555,-0.2452416142222222,19.26671900708333,19.158430049333333,19.03885806752778,18.993671222388887,0.0,0.0,0.0,0.0,0,night,0,0.0,0,0,379.2127282198055,,19.26671900708333,0,0,0,0,0,0,0,0,0,0,0,0,0,1,0,1,0,1,0,0,1,1,0,5,0,0,0,3,0,0,0.0,0.0,0.0,0.0,0.0,0.0,0.0,0.0,0.0,1.0,0.0,0.0
roll_02,2025-12-08T00:00:00+00:00,2026-01-19T00:00:00+00:00,2026-01-19T00:00:00+00:00,2026-01-26T00:00:00+00:00,1,0,2026-01-08 00:00:00+00:00,2026-01-08 01:00:00+00:00,401.6086582135,3,455.7293090631389,379.2127282198055,389.1375681515556,398.8101495591666,0,0,0,1,0,0,1.0,0.0,0,0,1,-2.120993805888889,0.5620668541666667,-1.7941674180277778,-0.83725522175,19.437198329,19.10601262647222,19.26671900708333,19.530515540694445,0.0,0.0,0.0,0.0,0,night,0,0.0,0,0,398.8101495591666,,19.437198329,0,0,0,0,0,0,0,0,0,0,0,0,0,1,0,1,0,1,0,0,1,1,0,5,0,0,0,3,0,0,0.0,1.0,0.0,0.0,0.0,1.0,0.0,0.0,0.0,1.0,0.0,0.0
roll_02,2025-12-08T00:00:00+00:00,2026-01-19T00:00:00+00:00,2026-01-19T00:00:00+00:00,2026-01-26T00:00:00+00:00,1,0,2026-01-08 01:00:00+00:00,2026-01-08 02:00:00+00:00,395.4177442066111,3,2301.6518720530835,398.8101495591666,401.5769106128611,401.6086582135,0,0,0,1,0,1,0.9659258262890684,0.2588190451025207,0,0,1,-2.904004267666666,0.3140176426944444,-2.120993805888889,-1.0618205902777778,19.364533126916665,19.681504263111112,19.437198329,19.523850264166665,0.0,0.0,0.0,0.0,0,night,0,0.0,0,0,401.6086582135,,19.364533126916665,0,0,0,0,0,0,0,0,0,0,0,0,0,1,0,1,0,1,0,0,1,1,0,5,0,0,0,3,0,0,0.0,1.0,0.0,0.0,0.0,1.0,0.0,0.0,0.0,0.0,0.0,0.0
roll_02,2025-12-08T00:00:00+00:00,2026-01-19T00:00:00+00:00,2026-01-19T00:00:00+00:00,2026-01-26T00:00:00+00:00,1,0,2026-01-08 02:00:00+00:00,2026-01-08 03:00:00+00:00,489.5676838576112,3,3552.679651265222,401.6086582135,377.4491772511944,395.4177442066111,0,0,0,1,0,2,0.8660254037844387,0.4999999999999999,0,0,1,-3.008245094,-0.1474399293888889,-2.904004267666666,-1.5771047166944443,19.27823681427778,20.48189565152777,19.364533126916665,19.47384959686111,0.0,0.0,0.0,0.0,0,night,0,0.0,0,0,395.4177442066111,,19.27823681427778,0,0,0,0,0,0,0,0,0,0,0,0,0,1,0,1,0,1,0,0,1,1,0,5,0,0,0,3,0,0,0.0,1.0,0.0,0.0,0.0,1.0,0.0,0.0,0.0,0.0,0.0,0.0
roll_02,2025-12-08T00:00:00+00:00,2026-01-19T00:00:00+00:00,2026-01-19T00:00:00+00:00,2026-01-26T00:00:00+00:00,1,0,2026-01-08 03:00:00+00:00,2026-01-08 04:00:00+00:00,1013.4860831681112,3,3111.9548820175555,395.4177442066111,390.0319296185555,489.5676838576112,0,0,0,1,0,3,0.7071067811865476,0.7071067811865476,0,0,1,-3.1194813431944444,-0.2845425885833333,-3.008245094,-1.7605731103333333,19.21679876655556,20.205634347277776,19.27823681427778,19.39951687969444,0.0,0.0,0.0,0.0,0,night,0,0.0,0,0,489.5676838576112,,19.21679876655556,0,0,0,0,0,0,0,0,0,0,0,0,0,1,0,1,0,1,0,0,1,1,0,5,0,0,0,3,0,0,0.0,1.0,0.0,0.0,0.0,1.0,0.0,0.0,0.0,0.0,0.0,0.0
roll_02,2025-12-08T00:00:00+00:00,2026-01-19T00:00:00+00:00,2026-01-19T00:00:00+00:00,2026-01-26T00:00:00+00:00,1,0,2026-01-08 04:00:00+00:00,2026-01-08 05:00:00+00:00,2046.8079468206668,3,3620.1899377449167,489.5676838576112,995.877723643,1013.4860831681112,0,0,0,0,0,4,0.5000000000000001,0.8660254037844386,0,0,1,-2.941260518777778,-0.4107309398333333,-3.1194813431944444,-2.175260116888889,19.30795908583333,20.307154318944445,19.21679876655556,19.593634764166666,0.0,0.0,0.0,0.0,0,night,0,0.0,0,0,1013.4860831681112,0.0,19.30795908583333,0,0,0,0,0,0,0,0,0,0,0,0,0,0,0,0,0,0,0,0,0,0,0,0,0,0,0,0,0,0,0.0,1.0,0.0,0.0,0.0,1.0,0.0,0.0,0.0,0.0,0.0,0.0
roll_02,2025-12-08T00:00:00+00:00,2026-01-19T00:00:00+00:00,2026-01-19T00:00:00+00:00,2026-01-26T00:00:00+00:00,1,0,2026-01-08 05:00:00+00:00,2026-01-08 06:00:00+00:00,2002.5342499304168,3,3319.6939603544165,1013.4860831681112,2048.148801472083,2046.8079468206668,0,0,0,0,0,5,0.2588190451025207,0.9659258262890684,0,0,1,-0.6244157646666665,-0.4131570486944445,-2.941260518777778,-2.138426025055556,19.49536178544444,20.38224518763889,19.30795908583333,19.57790496161111,0.0,0.0,0.0,0.0,0,night,0,0.0,0,0,2046.8079468206668,0.0,19.49536178544444,0,0,0,0,0,0,0,0,0,0,0,0,0,0,0,0,0,0,0,0,0,0,0,0,0,0,0,0,0,0,0.0,0.0,0.0,0.0,0.0,0.0,0.0,0.0,0.0,0.0,0.0,0.0
roll_02,2025-12-08T00:00:00+00:00,2026-01-19T00:00:00+00:00,2026-01-19T00:00:00+00:00,2026-01-26T00:00:00+00:00,1,0,2026-01-08 06:00:00+00:00,2026-01-08 07:00:00+00:00,1850.8068317207776,3,3518.370831880278,2046.8079468206668,2144.072206509945,2002.5342499304168,0,0,0,0,0,6,6.123233995736766e-17,1.0,0,0,1,3.079196885472222,-0.71338800775,-0.6244157646666665,-2.334666141611111,19.399240677722226,20.23946834052778,19.49536178544444,19.242493166972224,0.0,0.0,0.0,0.0,0,night,0,0.0,0,1,2002.5342499304168,0.0,19.399240677722226,0,0,0,0,0,0,0,0,0,0,0,0,0,0,0,0,0,0,0,0,0,0,0,0,0,0,0,0,0,0,0.0,0.0,0.0,0.0,0.0,0.0,0.0,0.0,0.0,0.0,0.0,0.0
roll_02,2025-12-08T00:00:00+00:00,2026-01-19T00:00:00+00:00,2026-01-19T00:00:00+00:00,2026-01-26T00:00:00+00:00,1,0,2026-01-08 07:00:00+00:00,2026-01-08 08:00:00+00:00,1538.5037201446942,3,3614.451199704139,2002.5342499304168,1962.395727615584,1850.8068317207776,0,0,0,0,0,7,-0.2588190451025206,0.9659258262890684,0,0,1,-2.460782343555556,-0.6236050273333333,3.079196885472222,-1.857353954,19.351266054333333,20.21647792511111,19.399240677722226,18.54471837513889,0.0,0.0,0.0,0.0,1,night,0,0.0,0,0,1850.8068317207776,0.0,19.351266054333333,0,0,0,0,0,0,0,0,0,0,0,0,0,0,0,0,0,0,0,0,0,0,0,0,0,0,0,0,0,0,0.0,0.0,0.0,0.0,0.0,0.0,0.0,0.0,0.0,0.0,0.0,0.0
roll_02,2025-12-08T00:00:00+00:00,2026-01-19T00:00:00+00:00,2026-01-19T00:00:00+00:00,2026-01-26T00:00:00+00:00,1,0,2026-01-08 08:00:00+00:00,2026-01-08 09:00:00+00:00,1246.2386662023334,3,3466.2347372128334,1850.8068317207776,1449.9337721436666,1538.5037201446942,0,0,0,0,0,8,-0.4999999999999998,0.8660254037844387,0,0,1,-1.67364147725,0.1926031906388888,-2.460782343555556,-0.4426733692222222,19.74709173080556,20.383762107944445,19.351266054333333,19.39568181513889,469.6490468964166,221.5676332960556,0.0,570.0789902141945,1,med,0,0.0,0,0,1538.5037201446942,469.6490468964166,19.74709173080556,0,0,0,0,0,0,0,0,0,0,0,0,0,0,0,0,0,0,0,0,0,0,0,0,0,0,0,0,0,0,0.0,0.0,0.0,0.0,0.0,0.0,0.0,0.0,0.0,0.0,0.0,0.0
roll_02,2025-12-08T00:00:00+00:00,2026-01-19T00:00:00+00:00,2026-01-19T00:00:00+00:00,2026-01-26T00:00:00+00:00,1,0,2026-01-08 09:00:00+00:00,2026-01-08 10:00:00+00:00,1154.3803733119444,3,4034.349695712,1538.5037201446942,1045.4205219210555,1246.2386662023334,0,0,0,0,0,9,-0.7071067811865475,0.7071067811865476,0,0,1,-0.3285788842222222,1.7362557174166666,-1.67364147725,0.9949755484444444,19.877910395111112,24.40235248880555,19.74709173080556,20.01117311875,693.6095931546666,457.23523962755553,469.6490468964166,944.5843582863334,1,med,0,0.0,0,0,1246.2386662023334,693.6095931546666,19.877910395111112,0,0,0,0,0,0,0,0,0,0,0,0,0,0,0,0,0,0,0,0,0,0,0,0,0,0,0,0,0,0,0.0,0.0,0.0,0.0,0.0,0.0,0.0,0.0,0.0,0.0,0.0,0.0
roll_02,2025-12-08T00:00:00+00:00,2026-01-19T00:00:00+00:00,2026-01-19T00:00:00+00:00,2026-01-26T00:00:00+00:00,1,0,2026-01-08 10:00:00+00:00,2026-01-08 11:00:00+00:00,1112.5980900928612,3,3983.015732155488,1246.2386662023334,760.5154770373333,1154.3803733119444,0,0,0,0,0,10,-0.8660254037844387,0.4999999999999999,0,0,1,0.9859336270277778,2.871823934055556,-0.3285788842222222,1.9578350736111112,20.16940789636111,20.554107152192127,19.877910395111112,20.312036394777778,861.0507605769722,333.21615483266254,693.6095931546666,1264.831612533833,1,med,0,0.0,0,1,1154.3803733119444,861.0507605769722,20.16940789636111,0,0,0,0,0,0,0,0,0,0,0,0,0,0,0,0,0,0,0,0,0,0,0,0,0,0,0,0,0,0,0.0,0.0,0.0,0.0,0.0,0.0,0.0,0.0,0.0,0.0,0.0,0.0
roll_02,2025-12-08T00:00:00+00:00,2026-01-19T00:00:00+00:00,2026-01-19T00:00:00+00:00,2026-01-26T00:00:00+00:00,1,0,2026-01-08 11:00:00+00:00,2026-01-08 12:00:00+00:00,697.50058879075,3,4000.1266366841664,1154.3803733119444,546.3529176781944,1112.5980900928612,0,0,0,0,0,11,-0.9659258262890682,0.258819045102521,0,0,1,2.126837025805556,3.860609512055556,0.9859336270277778,2.4392818327777777,23.31224428980555,20.29945703397222,20.16940789636111,24.623482295972224,913.1481082111112,198.06049560252777,861.0507605769722,1540.4049076230278,1,med,0,0.0,0,1,1112.5980900928612,913.1481082111112,23.31224428980555,0,0,0,0,0,0,0,0,0,0,0,0,0,0,0,0,0,0,0,0,0,0,0,0,0,0,0,0,0,0,0.0,0.0,0.0,0.0,0.0,0.0,0.0,0.0,0.0,0.0,0.0,0.0
roll_02,2025-12-08T00:00:00+00:00,2026-01-19T00:00:00+00:00,2026-01-19T00:00:00+00:00,2026-01-26T00:00:00+00:00,1,0,2026-01-08 12:00:00+00:00,2026-01-08 13:00:00+00:00,1350.37595587875,3,4101.4249460315,1112.5980900928612,756.1850252865555,697.50058879075,0,0,0,0,0,12,-1.0,1.2246467991473532e-16,0,0,1,4.213676707777778,3.724425362805556,2.126837025805556,3.0398306009166665,26.38240086858333,20.17678770825,23.31224428980555,21.195236754666663,1404.1620500711945,146.76969560222224,913.1481082111112,1439.505969516472,1,high,0,0.0,0,1,697.50058879075,1404.1620500711945,26.38240086858333,0,0,0,0,0,0,0,0,0,0,0,0,0,0,0,0,0,0,0,0,0,0,0,0,0,0,0,0,0,0,0.0,0.0,0.0,0.0,0.0,0.0,0.0,0.0,0.0,0.0,0.0,0.0
roll_02,2025-12-08T00:00:00+00:00,2026-01-19T00:00:00+00:00,2026-01-19T00:00:00+00:00,2026-01-26T00:00:00+00:00,1,0,2026-01-08 13:00:00+00:00,2026-01-08 14:00:00+00:00,1705.890929453528,3,3784.952639262639,697.50058879075,1302.286245294389,1350.37595587875,0,0,0,0,0,13,-0.9659258262890684,-0.2588190451025208,0,0,1,6.541272591666668,4.006743579777777,4.213676707777778,4.212726052527778,20.230652662666667,19.96233974791667,26.38240086858333,20.18060452627778,1169.0765104621112,62.643685433194456,1404.1620500711945,1182.3181012871669,1,med,0,0.0,0,2,1350.37595587875,1169.0765104621112,20.230652662666667,0,0,0,0,0,0,0,0,0,0,0,0,0,0,0,0,0,0,0,0,0,0,0,0,0,0,0,0,0,0,0.0,0.0,0.0,0.0,0.0,0.0,0.0,0.0,0.0,0.0,0.0,0.0
roll_02,2025-12-08T00:00:00+00:00,2026-01-19T00:00:00+00:00,2026-01-19T00:00:00+00:00,2026-01-26T00:00:00+00:00,1,0,2026-01-08 14:00:00+00:00,2026-01-08 15:00:00+00:00,2587.529739670056,3,4043.9119028237496,1350.37595587875,1726.787963903611,1705.890929453528,0,0,0,0,0,14,-0.8660254037844388,-0.4999999999999997,0,0,1,8.226870102805556,3.922447638638889,6.541272591666668,4.414327284722222,19.974297232666665,19.96411220930556,20.230652662666667,18.96121669636111,631.2471208811944,52.507772305083336,1169.0765104621112,628.2047391991667,1,med,0,0.0,0,2,1705.890929453528,631.2471208811944,19.974297232666665,0,0,0,0,0,0,0,0,0,0,0,0,0,0,0,0,0,0,0,0,0,0,0,0,0,0,0,0,0,0,0.0,0.0,0.0,0.0,0.0,0.0,0.0,0.0,0.0,0.0,0.0,0.0
roll_02,2025-12-08T00:00:00+00:00,2026-01-19T00:00:00+00:00,2026-01-19T00:00:00+00:00,2026-01-26T00:00:00+00:00,1,0,2026-01-08 15:00:00+00:00,2026-01-08 16:00:00+00:00,2568.744366554028,3,1881.6561161801665,1705.890929453528,2477.2962560777223,2587.529739670056,0,0,0,0,0,15,-0.7071067811865479,-0.7071067811865471,0,0,1,7.3480560154444445,3.757802780638889,8.226870102805556,3.245419476666666,19.38427655861111,18.864043882666667,19.974297232666665,19.184675615388887,26.18345503047222,0.0,631.2471208811944,21.8963531215,1,low,0,0.0,0,2,2587.529739670056,26.18345503047222,19.38427655861111,0,0,0,0,0,0,0,0,0,0,0,0,0,0,0,0,0,0,0,0,0,0,0,0,0,0,0,0,0,0,0.0,0.0,0.0,0.0,0.0,0.0,0.0,0.0,0.0,0.0,0.0,0.0
roll_02,2025-12-08T00:00:00+00:00,2026-01-19T00:00:00+00:00,2026-01-19T00:00:00+00:00,2026-01-26T00:00:00+00:00,1,0,2026-01-08 16:00:00+00:00,2026-01-08 17:00:00+00:00,2405.933929940611,3,1782.8520599268056,2587.529739670056,2736.9958837058616,2568.744366554028,0,0,0,0,0,16,-0.5000000000000004,-0.8660254037844385,0,0,1,4.011567114111111,3.441195510888889,7.3480560154444445,1.6886237109166666,19.342780857222223,19.02192629611111,19.38427655861111,19.02204263538889,0.0,0.0,26.18345503047222,0.0,0,night,0,0.0,0,1,2568.744366554028,0.0,19.342780857222223,0,0,0,0,0,0,0,0,0,0,0,0,0,0,0,0,0,0,0,0,0,0,0,0,0,0,0,0,0,0,0.0,0.0,0.0,0.0,0.0,0.0,0.0,0.0,0.0,0.0,0.0,0.0
roll_02,2025-12-08T00:00:00+00:00,2026-01-19T00:00:00+00:00,2026-01-19T00:00:00+00:00,2026-01-26T00:00:00+00:00,1,0,2026-01-08 17:00:00+00:00,2026-01-08 18:00:00+00:00,2399.449532727612,3,2230.4140303552776,2568.744366554028,2262.745013387778,2405.933929940611,0,0,0,0,0,17,-0.2588190451025206,-0.9659258262890684,0,0,1,2.5370079282777778,3.278920472083333,4.011567114111111,0.6640826144444444,19.64785988936111,19.380618803138887,19.342780857222223,19.445126605,0.0,0.0,0.0,0.0,0,night,0,0.0,0,1,2405.933929940611,0.0,19.64785988936111,0,0,0,0,0,0,0,0,0,0,0,0,0,0,0,0,0,0,0,0,0,0,0,0,0,0,0,0,0,0,0.0,0.0,0.0,0.0,0.0,0.0,0.0,0.0,0.0,0.0,0.0,0.0
roll_02,2025-12-08T00:00:00+00:00,2026-01-19T00:00:00+00:00,2026-01-19T00:00:00+00:00,2026-01-26T00:00:00+00:00,1,0,2026-01-08 18:00:00+00:00,2026-01-08 19:00:00+00:00,1431.48542243675,3,2606.994677621278,2405.933929940611,1568.7467902066112,2399.449532727612,0,0,0,0,0,18,-1.8369701987210294e-16,-1.0,0,0,1,2.022283620583333,3.351725773833333,2.5370079282777778,0.0305977500833333,19.25424490305556,19.08621649436111,19.64785988936111,19.31415853788889,0.0,0.0,0.0,0.0,0,night,0,0.0,0,1,2399.449532727612,0.0,19.25424490305556,0,0,0,0,0,0,0,0,0,0,0,0,0,0,0,0,0,0,0,0,0,0,0,0,0,0,0,0,0,0,0.0,0.0,0.0,0.0,0.0,0.0,0.0,0.0,0.0,0.0,0.0,0.0
roll_02,2025-12-08T00:00:00+00:00,2026-01-19T00:00:00+00:00,2026-01-19T00:00:00+00:00,2026-01-26T00:00:00+00:00,1,0,2026-01-08 19:00:00+00:00,2026-01-08 20:00:00+00:00,898.016377999889,3,2707.5194976916387,2399.449532727612,2191.9078966617776,1431.48542243675,0,0,0,0,0,19,0.2588190451025203,-0.9659258262890684,0,0,1,1.780326929388889,3.450956087333333,2.022283620583333,-0.5172285606388889,18.966781092166663,19.234155365444447,19.25424490305556,19.633846631416667,0.0,0.0,0.0,0.0,0,night,0,0.0,0,1,1431.48542243675,0.0,18.966781092166663,0,0,0,0,0,0,0,0,0,0,0,0,0,0,0,0,0,0,0,0,0,0,0,0,0,0,0,0,0,0,0.0,0.0,0.0,0.0,0.0,0.0,0.0,0.0,0.0,0.0,0.0,0.0
roll_02,2025-12-08T00:00:00+00:00,2026-01-19T00:00:00+00:00,2026-01-19T00:00:00+00:00,2026-01-26T00:00:00+00:00,1,0,2026-01-08 20:00:00+00:00,2026-01-08 21:00:00+00:00,690.6828434769444,3,2638.5277046471665,1431.48542243675,974.76946242625,898.016377999889,0,0,0,0,0,20,0.5000000000000001,-0.8660254037844386,0,0,1,1.6461886253888889,3.6863510515277778,1.780326929388889,-0.8401728560833334,18.956287759888887,19.63754506386111,18.966781092166663,18.864326428194445,0.0,0.0,0.0,0.0,0,night,0,0.0,0,1,898.016377999889,0.0,18.956287759888887,0,0,0,0,0,0,0,0,0,0,0,0,0,0,0,0,0,0,0,0,0,0,0,0,0,0,0,0,0,0,0.0,0.0,0.0,0.0,0.0,0.0,0.0,0.0,0.0,0.0,0.0,0.0
roll_02,2025-12-08T00:00:00+00:00,2026-01-19T00:00:00+00:00,2026-01-19T00:00:00+00:00,2026-01-26T00:00:00+00:00,1,0,2026-01-08 21:00:00+00:00,2026-01-08 22:00:00+00:00,409.9078194608056,3,901.9364256613334,898.016377999889,588.3848682054444,690.6828434769444,0,0,0,1,0,21,0.7071067811865474,-0.7071067811865477,0,0,1,1.8789640670277776,3.648582572861111,1.6461886253888889,-1.128014455416667,18.78740266919445,19.239372728583334,18.956287759888887,18.75661051636111,0.0,0.0,0.0,0.0,0,night,0,0.0,0,1,690.6828434769444,,18.78740266919445,0,0,0,0,0,0,0,0,0,0,0,0,1,0,0,1,0,1,0,0,1,1,0,2,0,0,0,2,0,0,0.0,0.0,0.0,0.0,0.0,0.0,0.0,0.0,0.0,0.0,0.0,0.0
roll_02,2025-12-08T00:00:00+00:00,2026-01-19T00:00:00+00:00,2026-01-19T00:00:00+00:00,2026-01-26T00:00:00+00:00,1,0,2026-01-08 22:00:00+00:00,2026-01-08 23:00:00+00:00,371.1837877735,3,724.7193436175279,690.6828434769444,377.2789850275833,409.9078194608056,0,0,0,1,0,22,0.8660254037844384,-0.5000000000000004,0,0,1,1.990982653,3.5975103316111112,1.8789640670277776,-1.4860077283055555,19.33989876433333,19.460534112944444,18.78740266919445,19.03885806752778,0.0,0.0,0.0,0.0,0,night,0,0.0,0,1,409.9078194608056,,19.33989876433333,0,0,0,0,0,0,0,0,0,0,0,0,1,0,0,1,0,1,0,0,1,1,0,2,0,0,0,2,0,0,0.0,1.0,0.0,0.0,0.0,0.0,0.0,0.0,0.0,0.0,0.0,0.0
roll_02,2025-12-08T00:00:00+00:00,2026-01-19T00:00:00+00:00,2026-01-19T00:00:00+00:00,2026-01-26T00:00:00+00:00,1,0,2026-01-08 23:00:00+00:00,2026-01-09 00:00:00+00:00,370.2046938166389,3,398.3781501548611,409.9078194608056,379.2127282198055,371.1837877735,0,0,0,0,0,23,0.965925826289068,-0.2588190451025215,0,0,1,1.6946544163888888,3.3576914185277773,1.990982653,-1.7941674180277778,20.01268953475,19.513050587861112,19.33989876433333,19.26671900708333,0.0,0.0,0.0,0.0,0,night,0,0.0,0,1,371.1837877735,0.0,20.01268953475,0,0,0,0,0,0,0,0,0,0,0,0,0,0,0,0,0,0,0,0,0,0,0,0,0,0,0,0,0,0,0.0,1.0,0.0,0.0,0.0,1.0,0.0,0.0,0.0,0.0,0.0,0.0
roll_02,2025-12-08T00:00:00+00:00,2026-01-19T00:00:00+00:00,2026-01-19T00:00:00+00:00,2026-01-26T00:00:00+00:00,1,0,2026-01-09 00:00:00+00:00,2026-01-09 01:00:00+00:00,387.13958684741664,4,379.0659310989167,371.1837877735,398.8101495591666,370.2046938166389,0,0,0,0,0,0,1.0,0.0,0,0,1,1.3792300100277777,3.338668847444444,1.6946544163888888,-2.120993805888889,19.542591598722225,19.62070515736111,20.01268953475,19.437198329,0.0,0.0,0.0,0.0,0,night,0,0.0,0,1,370.2046938166389,0.0,19.542591598722225,0,0,0,0,0,0,0,0,0,0,0,0,0,0,0,0,0,0,0,0,0,0,0,0,0,0,0,0,0,0,0.0,0.0,0.0,0.0,0.0,1.0,0.0,0.0,0.0,0.0,0.0,0.0
roll_02,2025-12-08T00:00:00+00:00,2026-01-19T00:00:00+00:00,2026-01-19T00:00:00+00:00,2026-01-26T00:00:00+00:00,1,0,2026-01-09 01:00:00+00:00,2026-01-09 02:00:00+00:00,396.8507443261112,4,382.9934236015,370.2046938166389,401.6086582135,387.13958684741664,0,0,0,0,0,1,0.9659258262890684,0.2588190451025207,0,0,1,1.1346227455,3.312073476527777,1.3792300100277777,-2.904004267666666,19.40028690811111,19.65042477444445,19.542591598722225,19.364533126916665,0.0,0.0,0.0,0.0,0,night,0,0.0,0,1,387.13958684741664,0.0,19.40028690811111,0,0,0,0,0,0,0,0,0,0,0,0,0,0,0,0,0,0,0,0,0,0,0,0,0,0,0,0,0,0,0.0,0.0,0.0,0.0,0.0,1.0,0.0,0.0,0.0,1.0,0.0,0.0
roll_02,2025-12-08T00:00:00+00:00,2026-01-19T00:00:00+00:00,2026-01-19T00:00:00+00:00,2026-01-26T00:00:00+00:00,1,0,2026-01-09 02:00:00+00:00,2026-01-09 03:00:00+00:00,370.8476521360556,4,393.49490120975,387.13958684741664,395.4177442066111,396.8507443261112,0,0,0,1,0,2,0.8660254037844387,0.4999999999999999,0,0,1,1.0387008213611113,3.0618503228333336,1.1346227455,-3.008245094,19.149891554277776,19.38031526486111,19.40028690811111,19.27823681427778,0.0,0.0,0.0,0.0,0,night,0,0.0,0,1,396.8507443261112,,19.149891554277776,0,0,0,0,0,0,0,0,0,0,0,0,0,1,0,1,0,1,0,0,1,1,0,3,0,0,0,2,0,0,0.0,0.0,0.0,0.0,0.0,1.0,0.0,0.0,0.0,1.0,0.0,0.0
roll_02,2025-12-08T00:00:00+00:00,2026-01-19T00:00:00+00:00,2026-01-19T00:00:00+00:00,2026-01-26T00:00:00+00:00,1,0,2026-01-09 03:00:00+00:00,2026-01-09 04:00:00+00:00,1030.9182591538056,4,433.7873118176944,396.8507443261112,489.5676838576112,370.8476521360556,0,0,0,1,0,3,0.7071067811865476,0.7071067811865476,0,0,1,1.0956963244444446,2.982225761305556,1.0387008213611113,-3.1194813431944444,19.230846856444447,19.31065924983333,19.149891554277776,19.21679876655556,0.0,0.0,0.0,0.0,0,night,0,0.0,0,1,370.8476521360556,,19.230846856444447,0,0,0,0,0,0,0,0,0,0,0,0,0,1,0,1,0,1,0,0,1,1,0,3,0,0,0,2,0,0,0.0,1.0,0.0,0.0,0.0,1.0,0.0,0.0,0.0,1.0,0.0,0.0
roll_02,2025-12-08T00:00:00+00:00,2026-01-19T00:00:00+00:00,2026-01-19T00:00:00+00:00,2026-01-26T00:00:00+00:00,1,0,2026-01-09 04:00:00+00:00,2026-01-09 05:00:00+00:00,2047.0297009597773,4,1030.868716379778,370.8476521360556,1013.4860831681112,1030.9182591538056,0,0,0,1,0,4,0.5000000000000001,0.8660254037844386,0,0,1,1.1080259822222225,2.800820161833333,1.0956963244444446,-2.941260518777778,19.537679058138888,19.56759761594444,19.230846856444447,19.30795908583333,0.0,0.0,0.0,0.0,0,night,0,0.0,0,1,1030.9182591538056,,19.537679058138888,0,0,0,0,0,0,0,0,0,0,0,0,0,1,0,1,0,1,0,0,1,1,0,3,0,0,0,2,0,0,0.0,1.0,0.0,0.0,0.0,0.0,0.0,0.0,0.0,0.0,0.0,0.0
roll_02,2025-12-08T00:00:00+00:00,2026-01-19T00:00:00+00:00,2026-01-19T00:00:00+00:00,2026-01-26T00:00:00+00:00,1,0,2026-01-09 05:00:00+00:00,2026-01-09 06:00:00+00:00,2558.245225021167,4,2858.5618147299447,1030.9182591538056,2046.8079468206668,2047.0297009597773,0,0,0,0,0,5,0.2588190451025207,0.9659258262890684,0,0,1,1.1214002574722222,2.515201018111111,1.1080259822222225,-0.6244157646666665,19.720601895472225,20.023374984472223,19.537679058138888,19.49536178544444,0.0,0.0,0.0,0.0,0,night,0,0.0,0,1,2047.0297009597773,0.0,19.720601895472225,0,0,0,0,0,0,0,0,0,0,0,0,0,0,0,0,0,0,0,0,0,0,0,0,0,0,0,0,0,0,0.0,1.0,0.0,0.0,0.0,0.0,0.0,0.0,0.0,0.0,0.0,0.0
roll_02,2025-12-08T00:00:00+00:00,2026-01-19T00:00:00+00:00,2026-01-19T00:00:00+00:00,2026-01-26T00:00:00+00:00,1,0,2026-01-09 06:00:00+00:00,2026-01-09 07:00:00+00:00,1917.6388459600832,4,3538.6283029556944,2047.0297009597773,2002.5342499304168,2558.245225021167,0,0,0,0,0,6,6.123233995736766e-17,1.0,0,0,1,1.056097709888889,1.957167127,1.1214002574722222,3.079196885472222,19.32600380038889,20.449733109444445,19.720601895472225,19.399240677722226,0.0,0.0,0.0,0.0,0,night,0,0.0,0,1,2558.245225021167,0.0,19.32600380038889,0,0,0,0,0,0,0,0,0,0,0,0,0,0,0,0,0,0,0,0,0,0,0,0,0,0,0,0,0,0,0.0,0.0,0.0,0.0,0.0,0.0,0.0,0.0,0.0,0.0,0.0,0.0
roll_02,2025-12-08T00:00:00+00:00,2026-01-19T00:00:00+00:00,2026-01-19T00:00:00+00:00,2026-01-26T00:00:00+00:00,1,0,2026-01-09 07:00:00+00:00,2026-01-09 08:00:00+00:00,2537.646863457084,4,3311.794430745444,2558.245225021167,1850.8068317207776,1917.6388459600832,0,0,0,0,0,7,-0.2588190451025206,0.9659258262890684,0,0,1,0.6626632042222222,1.5086067542777777,1.056097709888889,-2.460782343555556,18.792866169333333,20.28860303161111,19.32600380038889,19.351266054333333,0.0,0.0,0.0,0.0,1,night,0,0.0,0,1,1917.6388459600832,0.0,18.792866169333333,0,0,0,0,0,0,0,0,0,0,0,0,0,0,0,0,0,0,0,0,0,0,0,0,0,0,0,0,0,0,0.0,0.0,0.0,0.0,0.0,0.0,0.0,0.0,0.0,0.0,0.0,0.0
roll_02,2025-12-08T00:00:00+00:00,2026-01-19T00:00:00+00:00,2026-01-19T00:00:00+00:00,2026-01-26T00:00:00+00:00,1,0,2026-01-09 08:00:00+00:00,2026-01-09 09:00:00+00:00,1822.7418795589167,4,3332.225262951528,1917.6388459600832,1538.5037201446942,2537.646863457084,0,0,0,0,0,8,-0.4999999999999998,0.8660254037844387,0,0,1,0.6523814971388889,1.5363789636111111,0.6626632042222222,-1.67364147725,19.253292459972226,19.96970307722222,18.792866169333333,19.74709173080556,14.120518125916668,100.702892373,0.0,469.6490468964166,1,low,0,0.0,0,1,2537.646863457084,14.120518125916668,19.253292459972226,0,0,0,0,0,0,0,0,0,0,0,0,0,0,0,0,0,0,0,0,0,0,0,0,0,0,0,0,0,0,0.0,0.0,0.0,0.0,0.0,0.0,0.0,0.0,0.0,0.0,0.0,0.0
roll_02,2025-12-08T00:00:00+00:00,2026-01-19T00:00:00+00:00,2026-01-19T00:00:00+00:00,2026-01-26T00:00:00+00:00,1,0,2026-01-09 09:00:00+00:00,2026-01-09 10:00:00+00:00,1791.9841544997778,4,3296.03510211025,2537.646863457084,1246.2386662023334,1822.7418795589167,0,0,0,0,0,9,-0.7071067811865475,0.7071067811865476,0,0,1,1.1128761986666664,1.8653434154166664,0.6523814971388889,-0.3285788842222222,19.4775917105,20.503503885222223,19.253292459972226,19.877910395111112,72.10103886938889,154.19232900480554,14.120518125916668,693.6095931546666,1,low,0,0.0,0,1,1822.7418795589167,72.10103886938889,19.4775917105,0,0,0,0,0,0,0,0,0,0,0,0,0,0,0,0,0,0,0,0,0,0,0,0,0,0,0,0,0,0,0.0,0.0,0.0,0.0,0.0,0.0,0.0,0.0,0.0,0.0,0.0,0.0
roll_02,2025-12-08T00:00:00+00:00,2026-01-19T00:00:00+00:00,2026-01-19T00:00:00+00:00,2026-01-26T00:00:00+00:00,1,0,2026-01-09 10:00:00+00:00,2026-01-09 11:00:00+00:00,1919.5265633675,4,3252.2157858800274,1822.7418795589167,1154.3803733119444,1791.9841544997778,0,0,0,0,0,10,-0.8660254037844387,0.4999999999999999,0,0,1,1.98489638075,3.004675540861111,1.1128761986666664,0.9859336270277778,19.35161868911111,20.408968953722223,19.4775917105,20.16940789636111,151.29219367175003,200.961499416,72.10103886938889,861.0507605769722,1,low,0,0.0,0,1,1791.9841544997778,151.29219367175003,19.35161868911111,0,0,0,0,0,0,0,0,0,0,0,0,0,0,0,0,0,0,0,0,0,0,0,0,0,0,0,0,0,0,0.0,0.0,0.0,0.0,0.0,0.0,0.0,0.0,0.0,0.0,0.0,0.0
roll_02,2025-12-08T00:00:00+00:00,2026-01-19T00:00:00+00:00,2026-01-19T00:00:00+00:00,2026-01-26T00:00:00+00:00,1,0,2026-01-09 11:00:00+00:00,2026-01-09 12:00:00+00:00,2047.703922921584,4,2750.0563896135004,1791.9841544997778,1112.5980900928612,1919.5265633675,0,0,0,0,0,11,-0.9659258262890682,0.258819045102521,0,0,1,2.262476912472222,4.254223503861111,1.98489638075,2.126837025805556,19.35153318558333,20.01955996425,19.35161868911111,23.31224428980555,139.91217718894444,321.158825225,151.29219367175003,913.1481082111112,1,low,0,0.0,0,1,1919.5265633675,139.91217718894444,19.35153318558333,0,0,0,0,0,0,0,0,0,0,0,0,0,0,0,0,0,0,0,0,0,0,0,0,0,0,0,0,0,0,0.0,0.0,0.0,0.0,0.0,0.0,0.0,0.0,0.0,0.0,0.0,0.0
roll_02,2025-12-08T00:00:00+00:00,2026-01-19T00:00:00+00:00,2026-01-19T00:00:00+00:00,2026-01-26T00:00:00+00:00,1,0,2026-01-09 12:00:00+00:00,2026-01-09 13:00:00+00:00,2327.2743383188613,4,203.66359731155555,1919.5265633675,697.50058879075,2047.703922921584,0,0,0,0,0,12,-1.0,1.2246467991473532e-16,0,0,1,2.847650250777777,4.88784421125,2.262476912472222,4.213676707777778,19.16837650158333,19.58273317261111,19.35153318558333,26.38240086858333,186.2105002900278,621.9117531783055,139.91217718894444,1404.1620500711945,1,low,0,0.0,0,1,2047.703922921584,186.2105002900278,19.16837650158333,0,0,0,0,0,0,0,0,0,0,0,0,0,0,0,0,0,0,0,0,0,0,0,0,0,0,0,0,0,0,0.0,0.0,0.0,0.0,0.0,0.0,0.0,0.0,0.0,0.0,0.0,0.0
roll_02,2025-12-08T00:00:00+00:00,2026-01-19T00:00:00+00:00,2026-01-19T00:00:00+00:00,2026-01-26T00:00:00+00:00,1,0,2026-01-09 13:00:00+00:00,2026-01-09 14:00:00+00:00,2475.2395324104723,4,2156.8478098839164,2047.703922921584,1350.37595587875,2327.2743383188613,0,0,0,0,0,13,-0.9659258262890684,-0.2588190451025208,0,0,1,3.145696257361111,6.291503710055555,2.847650250777777,6.541272591666668,19.27161853116667,20.585398000194445,19.16837650158333,20.230652662666667,200.4210866871111,984.2210110624724,186.2105002900278,1169.0765104621112,1,low,0,0.0,0,1,2327.2743383188613,200.4210866871111,19.27161853116667,0,0,0,0,0,0,0,0,0,0,0,0,0,0,0,0,0,0,0,0,0,0,0,0,0,0,0,0,0,0,0.0,0.0,0.0,0.0,0.0,0.0,0.0,0.0,0.0,0.0,0.0,0.0
roll_02,2025-12-08T00:00:00+00:00,2026-01-19T00:00:00+00:00,2026-01-19T00:00:00+00:00,2026-01-26T00:00:00+00:00,1,0,2026-01-09 14:00:00+00:00,2026-01-09 15:00:00+00:00,2099.886327037028,4,442.1099367873055,2327.2743383188613,1705.890929453528,2475.2395324104723,0,0,0,0,0,14,-0.8660254037844388,-0.4999999999999997,0,0,1,3.133072349583333,7.351885889972222,3.145696257361111,8.226870102805556,19.35677616725,19.293612632,19.27161853116667,19.974297232666665,82.43391365811111,467.3677755113333,200.4210866871111,631.2471208811944,1,low,0,0.0,0,1,2475.2395324104723,82.43391365811111,19.35677616725,0,0,0,0,0,0,0,0,0,0,0,0,0,0,0,0,0,0,0,0,0,0,0,0,0,0,0,0,0,0,0.0,0.0,0.0,0.0,0.0,0.0,0.0,0.0,0.0,0.0,0.0,0.0
roll_02,2025-12-08T00:00:00+00:00,2026-01-19T00:00:00+00:00,2026-01-19T00:00:00+00:00,2026-01-26T00:00:00+00:00,1,0,2026-01-09 15:00:00+00:00,2026-01-09 16:00:00+00:00,2043.670283908889,4,2194.6623699058887,2475.2395324104723,2587.529739670056,2099.886327037028,0,0,0,0,0,15,-0.7071067811865479,-0.7071067811865471,0,0,1,2.6290986734444446,6.4229213003888885,3.133072349583333,7.3480560154444445,19.360987204416663,19.153207946916663,19.35677616725,19.38427655861111,0.0,21.1688336135,82.43391365811111,26.18345503047222,1,night,0,0.0,0,1,2099.886327037028,0.0,19.360987204416663,0,0,0,0,0,0,0,0,0,0,0,0,0,0,0,0,0,0,0,0,0,0,0,0,0,0,0,0,0,0,0.0,0.0,0.0,0.0,0.0,0.0,0.0,0.0,0.0,0.0,0.0,0.0
roll_02,2025-12-08T00:00:00+00:00,2026-01-19T00:00:00+00:00,2026-01-19T00:00:00+00:00,2026-01-26T00:00:00+00:00,1,0,2026-01-09 16:00:00+00:00,2026-01-09 17:00:00+00:00,2019.3687657176667,4,2417.273609886028,2099.886327037028,2568.744366554028,2043.670283908889,0,0,0,0,0,16,-0.5000000000000004,-0.8660254037844385,0,0,1,1.939139476805556,4.691802400499999,2.6290986734444446,4.011567114111111,19.85295864,18.575325831527778,19.360987204416663,19.342780857222223,0.0,0.0,0.0,0.0,0,night,0,0.0,0,1,2043.670283908889,0.0,19.85295864,0,0,0,0,0,0,0,0,0,0,0,0,0,0,0,0,0,0,0,0,0,0,0,0,0,0,0,0,0,0,0.0,0.0,0.0,0.0,0.0,0.0,0.0,0.0,0.0,0.0,0.0,0.0
roll_02,2025-12-08T00:00:00+00:00,2026-01-19T00:00:00+00:00,2026-01-19T00:00:00+00:00,2026-01-26T00:00:00+00:00,1,0,2026-01-09 17:00:00+00:00,2026-01-09 18:00:00+00:00,1954.244045320861,4,1376.4742731469723,2043.670283908889,2405.933929940611,2019.3687657176667,0,0,0,0,0,17,-0.2588190451025206,-0.9659258262890684,0,0,1,1.217477908166667,3.636964164333333,1.939139476805556,2.5370079282777778,19.835660268583336,18.94699505063889,19.85295864,19.64785988936111,0.0,0.0,0.0,0.0,0,night,0,0.0,0,1,2019.3687657176667,0.0,19.835660268583336,0,0,0,0,0,0,0,0,0,0,0,0,0,0,0,0,0,0,0,0,0,0,0,0,0,0,0,0,0,0,0.0,0.0,0.0,0.0,0.0,0.0,0.0,0.0,0.0,0.0,0.0,0.0
roll_02,2025-12-08T00:00:00+00:00,2026-01-19T00:00:00+00:00,2026-01-19T00:00:00+00:00,2026-01-26T00:00:00+00:00,1,0,2026-01-09 18:00:00+00:00,2026-01-09 19:00:00+00:00,2342.330235312528,4,3078.580549848528,2019.3687657176667,2399.449532727612,1954.244045320861,0,0,0,0,0,18,-1.8369701987210294e-16,-1.0,0,0,1,0.9289692113611112,3.2889399347222223,1.217477908166667,2.022283620583333,19.23678338988889,19.66530186558333,19.835660268583336,19.25424490305556,0.0,0.0,0.0,0.0,0,night,0,0.0,0,1,1954.244045320861,0.0,19.23678338988889,0,0,0,0,0,0,0,0,0,0,0,0,0,0,0,0,0,0,0,0,0,0,0,0,0,0,0,0,0,0,0.0,0.0,0.0,0.0,0.0,0.0,0.0,0.0,0.0,0.0,0.0,0.0
roll_02,2025-12-08T00:00:00+00:00,2026-01-19T00:00:00+00:00,2026-01-19T00:00:00+00:00,2026-01-26T00:00:00+00:00,1,0,2026-01-09 19:00:00+00:00,2026-01-09 20:00:00+00:00,1013.7995625885,4,747.5707339610277,1954.244045320861,1431.48542243675,2342.330235312528,0,0,0,0,0,19,0.2588190451025203,-0.9659258262890684,0,0,1,0.4092512743333333,2.669988655583333,0.9289692113611112,1.780326929388889,19.81287825277778,19.03186338688889,19.23678338988889,18.966781092166663,0.0,0.0,0.0,0.0,0,night,0,0.0,0,1,2342.330235312528,0.0,19.81287825277778,0,0,0,0,0,0,0,0,0,0,0,0,0,0,0,0,0,0,0,0,0,0,0,0,0,0,0,0,0,0,0.0,0.0,0.0,0.0,0.0,0.0,0.0,0.0,0.0,0.0,0.0,0.0
roll_02,2025-12-08T00:00:00+00:00,2026-01-19T00:00:00+00:00,2026-01-19T00:00:00+00:00,2026-01-26T00:00:00+00:00,1,0,2026-01-09 20:00:00+00:00,2026-01-09 21:00:00+00:00,725.7640030931667,4,1520.806349908389,2342.330235312528,898.016377999889,1013.7995625885,0,0,0,0,0,20,0.5000000000000001,-0.8660254037844386,0,0,1,0.2515169523333333,2.584014211888889,0.4092512743333333,1.6461886253888889,19.45130526275,19.30552196472222,19.81287825277778,18.956287759888887,0.0,0.0,0.0,0.0,0,night,0,0.0,0,1,1013.7995625885,0.0,19.45130526275,0,0,0,0,0,0,0,0,0,0,0,0,0,0,0,0,0,0,0,0,0,0,0,0,0,0,0,0,0,0,0.0,0.0,0.0,0.0,0.0,0.0,0.0,0.0,0.0,0.0,0.0,0.0
roll_02,2025-12-08T00:00:00+00:00,2026-01-19T00:00:00+00:00,2026-01-19T00:00:00+00:00,2026-01-26T00:00:00+00:00,1,0,2026-01-09 21:00:00+00:00,2026-01-09 22:00:00+00:00,457.7714818046389,4,753.8812011465278,1013.7995625885,690.6828434769444,725.7640030931667,0,0,0,0,0,21,0.7071067811865474,-0.7071067811865477,0,0,1,0.3369316828611111,2.7116617703611112,0.2515169523333333,1.8789640670277776,19.53672851780556,19.23046834705556,19.45130526275,18.78740266919445,0.0,0.0,0.0,0.0,0,night,0,0.0,0,1,725.7640030931667,0.0,19.53672851780556,0,0,0,0,0,0,0,0,0,0,0,0,0,0,0,0,0,0,0,0,0,0,0,0,0,0,0,0,0,0,0.0,0.0,0.0,0.0,0.0,1.0,0.0,0.0,0.0,0.0,0.0,0.0
roll_02,2025-12-08T00:00:00+00:00,2026-01-19T00:00:00+00:00,2026-01-19T00:00:00+00:00,2026-01-26T00:00:00+00:00,1,0,2026-01-09 22:00:00+00:00,2026-01-09 23:00:00+00:00,442.25945804897225,4,716.93187110375,725.7640030931667,409.9078194608056,457.7714818046389,0,0,0,0,0,22,0.8660254037844384,-0.5000000000000004,0,0,1,-0.0993964285555555,2.743080294111111,0.3369316828611111,1.990982653,19.54568773958333,18.854297742222226,19.53672851780556,19.33989876433333,0.0,0.0,0.0,0.0,0,night,0,0.0,0,0,457.7714818046389,0.0,19.54568773958333,0,0,0,0,0,0,0,0,0,0,0,0,0,0,0,0,0,0,0,0,0,0,0,0,0,0,0,0,0,0,0.0,0.0,0.0,0.0,0.0,1.0,0.0,0.0,0.0,0.0,0.0,0.0
roll_02,2025-12-08T00:00:00+00:00,2026-01-19T00:00:00+00:00,2026-01-19T00:00:00+00:00,2026-01-26T00:00:00+00:00,1,0,2026-01-09 23:00:00+00:00,2026-01-10 00:00:00+00:00,451.9524179743889,4,444.07202158833326,457.7714818046389,371.1837877735,442.25945804897225,0,0,0,1,0,23,0.965925826289068,-0.2588190451025215,0,0,1,-0.5068927224166667,2.374752216916667,-0.0993964285555555,1.6946544163888888,19.554546121416667,19.03854407377777,19.54568773958333,20.01268953475,0.0,0.0,0.0,0.0,0,night,0,0.0,0,0,442.25945804897225,,19.554546121416667,0,0,0,0,0,0,0,0,0,0,0,0,1,0,0,1,0,1,0,0,1,1,0,1,0,0,0,1,0,0,0.0,0.0,0.0,0.0,0.0,0.0,0.0,0.0,0.0,0.0,0.0,0.0
roll_02,2025-12-08T00:00:00+00:00,2026-01-19T00:00:00+00:00,2026-01-19T00:00:00+00:00,2026-01-26T00:00:00+00:00,1,0,2026-01-10 00:00:00+00:00,2026-01-10 01:00:00+00:00,391.0213954262777,5,375.1593775649167,442.25945804897225,370.2046938166389,451.9524179743889,0,0,0,0,0,0,1.0,0.0,0,1,1,-0.9671161358888888,1.9646383664444445,-0.5068927224166667,1.3792300100277777,19.72183302536111,19.33759076275,19.554546121416667,19.542591598722225,0.0,0.0,0.0,0.0,0,night,0,0.0,0,0,451.9524179743889,0.0,19.72183302536111,0,0,0,0,0,0,0,0,0,0,0,0,0,0,0,0,0,0,0,0,0,0,0,0,0,0,0,0,0,0,0.0,1.0,0.0,0.0,0.0,0.0,0.0,0.0,0.0,0.0,0.0,0.0
roll_02,2025-12-08T00:00:00+00:00,2026-01-19T00:00:00+00:00,2026-01-19T00:00:00+00:00,2026-01-26T00:00:00+00:00,1,0,2026-01-10 01:00:00+00:00,2026-01-10 02:00:00+00:00,396.8184454624445,5,363.34386871627777,451.9524179743889,387.13958684741664,391.0213954262777,0,0,0,0,0,1,0.9659258262890684,0.2588190451025207,0,1,1,-1.0026469610277775,2.0208684628888887,-0.9671161358888888,1.1346227455,19.78060053897222,19.309163158083333,19.72183302536111,19.40028690811111,0.0,0.0,0.0,0.0,0,night,0,0.0,0,0,391.0213954262777,0.0,19.78060053897222,0,0,0,0,0,0,0,0,0,0,0,0,0,0,0,0,0,0,0,0,0,0,0,0,0,0,0,0,0,0,0.0,0.0,0.0,0.0,0.0,0.0,0.0,0.0,0.0,1.0,0.0,0.0
roll_02,2025-12-08T00:00:00+00:00,2026-01-19T00:00:00+00:00,2026-01-19T00:00:00+00:00,2026-01-26T00:00:00+00:00,1,0,2026-01-10 02:00:00+00:00,2026-01-10 03:00:00+00:00,392.470940987861,5,362.6429971693333,391.0213954262777,396.8507443261112,396.8184454624445,0,0,0,0,0,2,0.8660254037844387,0.4999999999999999,0,1,1,-1.43004016475,2.254212013555556,-1.0026469610277775,1.0387008213611113,19.84117547511111,19.303233456888886,19.78060053897222,19.149891554277776,0.0,0.0,0.0,0.0,0,night,0,0.0,0,0,396.8184454624445,0.0,19.84117547511111,0,0,0,0,0,0,0,0,0,0,0,0,0,0,0,0,0,0,0,0,0,0,0,0,0,0,0,0,0,0,0.0,0.0,0.0,0.0,0.0,1.0,0.0,0.0,0.0,1.0,0.0,0.0
roll_02,2025-12-08T00:00:00+00:00,2026-01-19T00:00:00+00:00,2026-01-19T00:00:00+00:00,2026-01-26T00:00:00+00:00,1,0,2026-01-10 03:00:00+00:00,2026-01-10 04:00:00+00:00,873.0134955361945,5,379.86716809136107,396.8184454624445,370.8476521360556,392.470940987861,0,0,0,1,0,3,0.7071067811865476,0.7071067811865476,0,1,1,-2.0527911047222225,2.1935168925555555,-1.43004016475,1.0956963244444446,19.594332831944445,19.437290252305555,19.84117547511111,19.230846856444447,0.0,0.0,0.0,0.0,0,night,0,0.0,0,0,392.470940987861,,19.594332831944445,0,0,0,0,0,0,0,0,0,0,0,0,0,1,0,1,0,1,0,0,1,1,0,3,0,0,0,2,0,0,0.0,0.0,0.0,0.0,0.0,1.0,0.0,0.0,0.0,1.0,0.0,0.0
roll_02,2025-12-08T00:00:00+00:00,2026-01-19T00:00:00+00:00,2026-01-19T00:00:00+00:00,2026-01-26T00:00:00+00:00,1,0,2026-01-10 04:00:00+00:00,2026-01-10 05:00:00+00:00,1704.9182572990833,5,883.879893913139,392.470940987861,1030.9182591538056,873.0134955361945,0,0,0,1,0,4,0.5000000000000001,0.8660254037844386,0,1,1,-2.043561415083333,2.441381857611112,-2.0527911047222225,1.1080259822222225,19.60691321175,19.34279582758333,19.594332831944445,19.537679058138888,0.0,0.0,0.0,0.0,0,night,0,0.0,0,0,873.0134955361945,,19.60691321175,0,0,0,0,0,0,0,0,0,0,0,0,0,1,0,1,0,1,0,0,1,1,0,3,0,0,0,2,0,0,0.0,1.0,0.0,0.0,0.0,1.0,0.0,0.0,0.0,1.0,0.0,0.0
roll_02,2025-12-08T00:00:00+00:00,2026-01-19T00:00:00+00:00,2026-01-19T00:00:00+00:00,2026-01-26T00:00:00+00:00,1,0,2026-01-10 05:00:00+00:00,2026-01-10 06:00:00+00:00,1945.5007948983048,5,2491.7089766920003,873.0134955361945,2047.0297009597773,1704.9182572990833,0,0,0,1,0,5,0.2588190451025207,0.9659258262890684,0,1,1,-2.261911361583333,2.516574737,-2.043561415083333,1.1214002574722222,20.132826510388888,19.9981677105,19.60691321175,19.720601895472225,0.0,0.0,0.0,0.0,0,night,0,0.0,0,0,1704.9182572990833,,20.132826510388888,0,0,0,0,0,0,0,0,0,0,0,0,0,1,0,1,0,1,0,0,1,1,0,3,0,0,0,2,0,0,0.0,1.0,0.0,0.0,0.0,0.0,0.0,0.0,0.0,0.0,0.0,0.0
roll_02,2025-12-08T00:00:00+00:00,2026-01-19T00:00:00+00:00,2026-01-19T00:00:00+00:00,2026-01-26T00:00:00+00:00,1,0,2026-01-10 06:00:00+00:00,2026-01-10 07:00:00+00:00,1939.5566896918056,5,2960.379094708722,1704.9182572990833,2558.245225021167,1945.5007948983048,0,0,0,0,0,6,6.123233995736766e-17,1.0,0,1,1,-2.355004694305556,2.5350412955,-2.261911361583333,1.056097709888889,20.04035808886111,19.898109032527778,20.132826510388888,19.32600380038889,0.0,0.0,0.0,0.0,0,night,0,0.0,0,0,1945.5007948983048,0.0,20.04035808886111,0,0,0,0,0,0,0,0,0,0,0,0,0,0,0,0,0,0,0,0,0,0,0,0,0,0,0,0,0,0,0.0,1.0,0.0,0.0,0.0,0.0,0.0,0.0,0.0,0.0,0.0,0.0
roll_02,2025-12-08T00:00:00+00:00,2026-01-19T00:00:00+00:00,2026-01-19T00:00:00+00:00,2026-01-26T00:00:00+00:00,1,0,2026-01-10 07:00:00+00:00,2026-01-10 08:00:00+00:00,2127.9194307847497,5,3219.8283079783614,1945.5007948983048,1917.6388459600832,1939.5566896918056,0,0,0,0,0,7,-0.2588190451025206,0.9659258262890684,0,1,1,-1.7362753571111111,2.5620184721111112,-2.355004694305556,0.6626632042222222,19.88623256588889,19.62690058863889,20.04035808886111,18.792866169333333,0.0,0.0,0.0,0.0,1,night,0,0.0,0,0,1939.5566896918056,0.0,19.88623256588889,0,0,0,0,0,0,0,0,0,0,0,0,0,0,0,0,0,0,0,0,0,0,0,0,0,0,0,0,0,0,0.0,0.0,0.0,0.0,0.0,0.0,0.0,0.0,0.0,0.0,0.0,0.0
roll_02,2025-12-08T00:00:00+00:00,2026-01-19T00:00:00+00:00,2026-01-19T00:00:00+00:00,2026-01-26T00:00:00+00:00,1,0,2026-01-10 08:00:00+00:00,2026-01-10 09:00:00+00:00,2000.1470279075832,5,4097.899813164694,1939.5566896918056,2537.646863457084,2127.9194307847497,0,0,0,0,0,8,-0.4999999999999998,0.8660254037844387,0,1,1,-0.6168132006111111,2.783053423027777,-1.7362753571111111,0.6523814971388889,20.158948159944444,19.68397891186111,19.88623256588889,19.253292459972226,164.63475525730556,31.94051424275,0.0,14.120518125916668,1,low,0,0.0,0,0,2127.9194307847497,164.63475525730556,20.158948159944444,0,0,0,0,0,0,0,0,0,0,0,0,0,0,0,0,0,0,0,0,0,0,0,0,0,0,0,0,0,0,0.0,0.0,0.0,0.0,0.0,0.0,0.0,0.0,0.0,0.0,0.0,0.0
roll_02,2025-12-08T00:00:00+00:00,2026-01-19T00:00:00+00:00,2026-01-19T00:00:00+00:00,2026-01-26T00:00:00+00:00,1,0,2026-01-10 09:00:00+00:00,2026-01-10 10:00:00+00:00,1770.5304107042775,5,3458.548298758778,2127.9194307847497,1822.7418795589167,2000.1470279075832,0,0,0,0,0,9,-0.7071067811865475,0.7071067811865476,0,1,1,0.3761252006388889,3.250605958861111,-0.6168132006111111,1.1128761986666664,19.84720943294444,20.292972068972222,20.158948159944444,19.4775917105,219.52816927322223,181.73379014816663,164.63475525730556,72.10103886938889,1,low,0,0.0,0,1,2000.1470279075832,219.52816927322223,19.84720943294444,0,0,0,0,0,0,0,0,0,0,0,0,0,0,0,0,0,0,0,0,0,0,0,0,0,0,0,0,0,0,0.0,0.0,0.0,0.0,0.0,0.0,0.0,0.0,0.0,0.0,0.0,0.0
roll_02,2025-12-08T00:00:00+00:00,2026-01-19T00:00:00+00:00,2026-01-19T00:00:00+00:00,2026-01-26T00:00:00+00:00,1,0,2026-01-10 10:00:00+00:00,2026-01-10 11:00:00+00:00,2099.097986216222,5,3167.219901841277,2000.1470279075832,1791.9841544997778,1770.5304107042775,0,0,0,0,0,10,-0.8660254037844387,0.4999999999999999,0,1,1,1.4439068936666668,3.962305914333333,0.3761252006388889,1.98489638075,20.237300741805555,20.20445421588889,19.84720943294444,19.35161868911111,551.1737871601666,341.5015807105833,219.52816927322223,151.29219367175003,1,med,0,0.0,0,1,1770.5304107042775,551.1737871601666,20.237300741805555,0,0,0,0,0,0,0,0,0,0,0,0,0,0,0,0,0,0,0,0,0,0,0,0,0,0,0,0,0,0,0.0,0.0,0.0,0.0,0.0,0.0,0.0,0.0,0.0,0.0,0.0,0.0
roll_02,2025-12-08T00:00:00+00:00,2026-01-19T00:00:00+00:00,2026-01-19T00:00:00+00:00,2026-01-26T00:00:00+00:00,1,0,2026-01-10 11:00:00+00:00,2026-01-10 12:00:00+00:00,2066.14777083575,5,878.4861660641387,1770.5304107042775,1919.5265633675,2099.097986216222,0,0,0,0,0,11,-0.9659258262890682,0.258819045102521,0,1,1,2.9905849596666667,4.58917522338889,1.4439068936666668,2.262476912472222,20.504398869444447,19.559166769972222,20.237300741805555,19.35153318558333,858.4309824759999,898.2491261575,551.1737871601666,139.91217718894444,1,med,0,0.0,0,1,2099.097986216222,858.4309824759999,20.504398869444447,0,0,0,0,0,0,0,0,0,0,0,0,0,0,0,0,0,0,0,0,0,0,0,0,0,0,0,0,0,0,0.0,0.0,0.0,0.0,0.0,0.0,0.0,0.0,0.0,0.0,0.0,0.0
roll_02,2025-12-08T00:00:00+00:00,2026-01-19T00:00:00+00:00,2026-01-19T00:00:00+00:00,2026-01-26T00:00:00+00:00,1,0,2026-01-10 12:00:00+00:00,2026-01-10 13:00:00+00:00,1718.2276665944446,5,2281.886785713889,2099.097986216222,2047.703922921584,2066.14777083575,0,0,0,0,0,12,-1.0,1.2246467991473532e-16,0,1,1,4.761432523472222,6.458593664777777,2.9905849596666667,2.847650250777777,20.939178619722224,20.912336969805555,20.504398869444447,19.16837650158333,953.5674782859444,1361.2392391049443,858.4309824759999,186.2105002900278,1,med,0,0.0,0,1,2066.14777083575,953.5674782859444,20.939178619722224,0,0,0,0,0,0,0,0,0,0,0,0,0,0,0,0,0,0,0,0,0,0,0,0,0,0,0,0,0,0,0.0,0.0,0.0,0.0,0.0,0.0,0.0,0.0,0.0,0.0,0.0,0.0
roll_02,2025-12-08T00:00:00+00:00,2026-01-19T00:00:00+00:00,2026-01-19T00:00:00+00:00,2026-01-26T00:00:00+00:00,1,0,2026-01-10 13:00:00+00:00,2026-01-10 14:00:00+00:00,2298.0285432916944,5,260.7462311905,2066.14777083575,2327.2743383188613,1718.2276665944446,0,0,0,0,0,13,-0.9659258262890684,-0.2588190451025208,0,1,1,5.844635727916667,7.64676199675,4.761432523472222,3.145696257361111,20.52605448430556,24.15413321911112,20.939178619722224,19.27161853116667,601.0615747215555,1078.0581238148056,953.5674782859444,200.4210866871111,1,med,0,0.0,0,2,1718.2276665944446,601.0615747215555,20.52605448430556,0,0,0,0,0,0,0,0,0,0,0,0,0,0,0,0,0,0,0,0,0,0,0,0,0,0,0,0,0,0,0.0,0.0,0.0,0.0,0.0,0.0,0.0,0.0,0.0,0.0,0.0,0.0
roll_02,2025-12-08T00:00:00+00:00,2026-01-19T00:00:00+00:00,2026-01-19T00:00:00+00:00,2026-01-26T00:00:00+00:00,1,0,2026-01-10 14:00:00+00:00,2026-01-10 15:00:00+00:00,2539.5653047919445,5,2491.808120346805,1718.2276665944446,2475.2395324104723,2298.0285432916944,0,0,0,0,0,14,-0.8660254037844388,-0.4999999999999997,0,1,1,5.697731851527777,7.308220307166667,5.844635727916667,3.133072349583333,20.007741751833333,19.89664639463889,20.52605448430556,19.35677616725,152.53398881961112,509.991422105,601.0615747215555,82.43391365811111,1,low,0,0.0,0,2,2298.0285432916944,152.53398881961112,20.007741751833333,0,0,0,0,0,0,0,0,0,0,0,0,0,0,0,0,0,0,0,0,0,0,0,0,0,0,0,0,0,0,0.0,0.0,0.0,0.0,0.0,0.0,0.0,0.0,0.0,0.0,0.0,0.0
roll_02,2025-12-08T00:00:00+00:00,2026-01-19T00:00:00+00:00,2026-01-19T00:00:00+00:00,2026-01-26T00:00:00+00:00,1,0,2026-01-10 15:00:00+00:00,2026-01-10 16:00:00+00:00,1708.9707138076667,5,3489.7541317197224,2298.0285432916944,2099.886327037028,2539.5653047919445,0,0,0,0,0,15,-0.7071067811865479,-0.7071067811865471,0,1,1,4.503772726749999,4.4177138070833335,5.697731851527777,2.6290986734444446,19.09460057861111,19.798264392194444,20.007741751833333,19.360987204416663,0.0,19.15601346475,152.53398881961112,0.0,1,night,0,0.0,0,1,2539.5653047919445,0.0,19.09460057861111,0,0,0,0,0,0,0,0,0,0,0,0,0,0,0,0,0,0,0,0,0,0,0,0,0,0,0,0,0,0,0.0,0.0,0.0,0.0,0.0,0.0,0.0,0.0,0.0,0.0,0.0,0.0
roll_02,2025-12-08T00:00:00+00:00,2026-01-19T00:00:00+00:00,2026-01-19T00:00:00+00:00,2026-01-26T00:00:00+00:00,1,0,2026-01-10 16:00:00+00:00,2026-01-10 17:00:00+00:00,3623.9131346842223,5,2314.8975783965834,2539.5653047919445,2043.670283908889,1708.9707138076667,0,0,0,0,0,16,-0.5000000000000004,-0.8660254037844385,0,1,1,3.638796201333333,2.611712534833333,4.503772726749999,1.939139476805556,18.63007526722222,19.394250187222223,19.09460057861111,19.85295864,0.0,0.0,0.0,0.0,0,night,0,0.0,0,1,1708.9707138076667,0.0,18.63007526722222,0,0,0,0,0,0,0,0,0,0,0,0,0,0,0,0,0,0,0,0,0,0,0,0,0,0,0,0,0,0,0.0,0.0,0.0,0.0,0.0,0.0,0.0,0.0,0.0,0.0,0.0,0.0
roll_02,2025-12-08T00:00:00+00:00,2026-01-19T00:00:00+00:00,2026-01-19T00:00:00+00:00,2026-01-26T00:00:00+00:00,1,0,2026-01-10 17:00:00+00:00,2026-01-10 18:00:00+00:00,1101.2175339098333,5,1386.76257099725,1708.9707138076667,2019.3687657176667,3623.9131346842223,0,0,0,0,0,17,-0.2588190451025206,-0.9659258262890684,0,1,1,2.979079319472222,2.087620034527778,3.638796201333333,1.217477908166667,19.11787354247222,18.67101440580556,18.63007526722222,19.835660268583336,0.0,0.0,0.0,0.0,0,night,0,0.0,0,1,3623.9131346842223,0.0,19.11787354247222,0,0,0,0,0,0,0,0,0,0,0,0,0,0,0,0,0,0,0,0,0,0,0,0,0,0,0,0,0,0,0.0,0.0,0.0,0.0,0.0,0.0,0.0,0.0,0.0,0.0,0.0,0.0
roll_02,2025-12-08T00:00:00+00:00,2026-01-19T00:00:00+00:00,2026-01-19T00:00:00+00:00,2026-01-26T00:00:00+00:00,1,0,2026-01-10 18:00:00+00:00,2026-01-10 19:00:00+00:00,1849.9723726721668,5,2580.926072664,3623.9131346842223,1954.244045320861,1101.2175339098333,0,0,0,0,0,18,-1.8369701987210294e-16,-1.0,0,1,1,3.879818203,2.242830446972222,2.979079319472222,0.9289692113611112,18.767971734222225,19.220712551444446,19.11787354247222,19.23678338988889,0.0,0.0,0.0,0.0,0,night,0,0.0,0,1,1101.2175339098333,0.0,18.767971734222225,0,0,0,0,0,0,0,0,0,0,0,0,0,0,0,0,0,0,0,0,0,0,0,0,0,0,0,0,0,0,0.0,0.0,0.0,0.0,0.0,0.0,0.0,0.0,0.0,0.0,0.0,0.0
roll_02,2025-12-08T00:00:00+00:00,2026-01-19T00:00:00+00:00,2026-01-19T00:00:00+00:00,2026-01-26T00:00:00+00:00,1,0,2026-01-10 19:00:00+00:00,2026-01-10 20:00:00+00:00,1455.1370739963888,5,2283.062990359611,1101.2175339098333,2342.330235312528,1849.9723726721668,0,0,0,0,0,19,0.2588190451025203,-0.9659258262890684,0,1,1,5.4740829125833335,2.2489509669444443,3.879818203,0.4092512743333333,19.448734104222225,19.594004941888887,18.767971734222225,19.81287825277778,0.0,0.0,0.0,0.0,0,night,0,0.0,0,2,1849.9723726721668,0.0,19.448734104222225,0,0,0,0,0,0,0,0,0,0,0,0,0,0,0,0,0,0,0,0,0,0,0,0,0,0,0,0,0,0,0.0,0.0,0.0,0.0,0.0,0.0,0.0,0.0,0.0,0.0,0.0,0.0
roll_02,2025-12-08T00:00:00+00:00,2026-01-19T00:00:00+00:00,2026-01-19T00:00:00+00:00,2026-01-26T00:00:00+00:00,1,0,2026-01-10 20:00:00+00:00,2026-01-10 21:00:00+00:00,775.8096372270278,5,1462.5350973724444,1849.9723726721668,1013.7995625885,1455.1370739963888,0,0,0,0,0,20,0.5000000000000001,-0.8660254037844386,0,1,1,5.637012191416667,2.470733067888889,5.4740829125833335,0.2515169523333333,19.494996267166663,19.57438276602777,19.448734104222225,19.45130526275,0.0,0.0,0.0,0.0,0,night,0,0.0,0,2,1455.1370739963888,0.0,19.494996267166663,0,0,0,0,0,0,0,0,0,0,0,0,0,0,0,0,0,0,0,0,0,0,0,0,0,0,0,0,0,0,0.0,0.0,0.0,0.0,0.0,0.0,0.0,0.0,0.0,0.0,0.0,0.0
roll_02,2025-12-08T00:00:00+00:00,2026-01-19T00:00:00+00:00,2026-01-19T00:00:00+00:00,2026-01-26T00:00:00+00:00,1,0,2026-01-10 21:00:00+00:00,2026-01-10 22:00:00+00:00,609.0600654670277,5,375.0607492588889,1455.1370739963888,725.7640030931667,775.8096372270278,0,0,0,0,0,21,0.7071067811865474,-0.7071067811865477,0,1,1,5.611597496861111,2.189155444,5.637012191416667,0.3369316828611111,19.394528670722224,18.932722613527776,19.494996267166663,19.53672851780556,0.0,0.0,0.0,0.0,0,night,0,0.0,0,2,775.8096372270278,0.0,19.394528670722224,0,0,0,0,0,0,0,0,0,0,0,0,0,0,0,0,0,0,0,0,0,0,0,0,0,0,0,0,0,0,0.0,0.0,0.0,0.0,0.0,0.0,0.0,0.0,0.0,0.0,0.0,0.0
roll_02,2025-12-08T00:00:00+00:00,2026-01-19T00:00:00+00:00,2026-01-19T00:00:00+00:00,2026-01-26T00:00:00+00:00,1,0,2026-01-10 22:00:00+00:00,2026-01-10 23:00:00+00:00,410.7482779138611,5,375.37890328261113,775.8096372270278,457.7714818046389,609.0600654670277,0,0,0,0,0,22,0.8660254037844384,-0.5000000000000004,0,1,1,5.645945834,1.28027754075,5.611597496861111,-0.0993964285555555,19.664133929416668,18.99305515488889,19.394528670722224,19.54568773958333,0.0,0.0,0.0,0.0,0,night,0,0.0,0,2,609.0600654670277,0.0,19.664133929416668,0,0,0,0,0,0,0,0,0,0,0,0,0,0,0,0,0,0,0,0,0,0,0,0,0,0,0,0,0,0,0.0,0.0,0.0,0.0,0.0,0.0,0.0,0.0,0.0,0.0,0.0,0.0
roll_02,2025-12-08T00:00:00+00:00,2026-01-19T00:00:00+00:00,2026-01-19T00:00:00+00:00,2026-01-26T00:00:00+00:00,1,0,2026-01-10 23:00:00+00:00,2026-01-11 00:00:00+00:00,405.205528771,5,374.46046981975,609.0600654670277,442.25945804897225,410.7482779138611,0,0,0,0,0,23,0.965925826289068,-0.2588190451025215,0,1,1,5.024357610277778,0.8070265182222222,5.645945834,-0.5068927224166667,19.87883380708333,19.246935102583333,19.664133929416668,19.554546121416667,0.0,0.0,0.0,0.0,0,night,0,0.0,0,2,410.7482779138611,0.0,19.87883380708333,0,0,0,0,0,0,0,0,0,0,0,0,0,0,0,0,0,0,0,0,0,0,0,0,0,0,0,0,0,0,0.0,0.0,0.0,0.0,0.0,1.0,0.0,0.0,0.0,1.0,0.0,0.0
roll_02,2025-12-08T00:00:00+00:00,2026-01-19T00:00:00+00:00,2026-01-19T00:00:00+00:00,2026-01-26T00:00:00+00:00,1,0,2026-01-11 00:00:00+00:00,2026-01-11 01:00:00+00:00,475.14375079194434,6,400.5202616093611,410.7482779138611,451.9524179743889,405.205528771,0,0,0,0,0,0,1.0,0.0,0,1,1,4.23442964025,0.6374207785833333,5.024357610277778,-0.9671161358888888,20.179024266472226,19.24081155938889,19.87883380708333,19.72183302536111,0.0,0.0,0.0,0.0,0,night,0,0.0,0,1,405.205528771,0.0,20.179024266472226,0,0,0,0,0,0,0,0,0,0,0,0,0,0,0,0,0,0,0,0,0,0,0,0,0,0,0,0,0,0,0.0,0.0,0.0,0.0,0.0,0.0,0.0,0.0,0.0,1.0,0.0,0.0
roll_02,2025-12-08T00:00:00+00:00,2026-01-19T00:00:00+00:00,2026-01-19T00:00:00+00:00,2026-01-26T00:00:00+00:00,1,0,2026-01-11 01:00:00+00:00,2026-01-11 02:00:00+00:00,401.84106967408337,6,401.71539133133336,405.205528771,391.0213954262777,475.14375079194434,0,0,0,0,0,1,0.9659258262890684,0.2588190451025207,0,1,1,3.487890483277777,0.3122947753888889,4.23442964025,-1.0026469610277775,20.182190243472224,19.560186058166668,20.179024266472226,19.78060053897222,0.0,0.0,0.0,0.0,0,night,0,0.0,0,1,475.14375079194434,0.0,20.182190243472224,0,0,0,0,0,0,0,0,0,0,0,0,0,0,0,0,0,0,0,0,0,0,0,0,0,0,0,0,0,0,0.0,0.0,0.0,0.0,0.0,0.0,0.0,0.0,0.0,1.0,0.0,0.0
roll_02,2025-12-08T00:00:00+00:00,2026-01-19T00:00:00+00:00,2026-01-19T00:00:00+00:00,2026-01-26T00:00:00+00:00,1,0,2026-01-11 02:00:00+00:00,2026-01-11 03:00:00+00:00,367.7446838216111,6,386.17825283205553,475.14375079194434,396.8184454624445,401.84106967408337,0,0,0,0,0,2,0.8660254037844387,0.4999999999999999,0,1,1,3.631823816972222,0.0963786233055555,3.487890483277777,-1.43004016475,20.26443000358333,19.34644422283333,20.182190243472224,19.84117547511111,0.0,0.0,0.0,0.0,0,night,0,0.0,0,1,401.84106967408337,0.0,20.26443000358333,0,0,0,0,0,0,0,0,0,0,0,0,0,0,0,0,0,0,0,0,0,0,0,0,0,0,0,0,0,0,0.0,0.0,0.0,0.0,0.0,0.0,0.0,0.0,0.0,1.0,0.0,0.0
roll_02,2025-12-08T00:00:00+00:00,2026-01-19T00:00:00+00:00,2026-01-19T00:00:00+00:00,2026-01-26T00:00:00+00:00,1,0,2026-01-11 03:00:00+00:00,2026-01-11 04:00:00+00:00,963.4637856096666,6,408.2332594964723,401.84106967408337,392.470940987861,367.7446838216111,0,0,0,0,0,3,0.7071067811865476,0.7071067811865476,0,1,1,3.390917739777777,-0.1829262835277778,3.631823816972222,-2.0527911047222225,20.13319601611111,19.44968378425,20.26443000358333,19.594332831944445,0.0,0.0,0.0,0.0,0,night,0,0.0,0,1,367.7446838216111,0.0,20.13319601611111,0,0,0,0,0,0,0,0,0,0,0,0,0,0,0,0,0,0,0,0,0,0,0,0,0,0,0,0,0,0,0.0,0.0,0.0,0.0,0.0,1.0,0.0,0.0,0.0,1.0,0.0,0.0
roll_02,2025-12-08T00:00:00+00:00,2026-01-19T00:00:00+00:00,2026-01-19T00:00:00+00:00,2026-01-26T00:00:00+00:00,1,0,2026-01-11 04:00:00+00:00,2026-01-11 05:00:00+00:00,1813.34006411675,6,1033.0910979035275,367.7446838216111,873.0134955361945,963.4637856096666,0,0,0,0,0,4,0.5000000000000001,0.8660254037844386,0,1,1,2.6941748748611114,-0.3972790553888889,3.390917739777777,-2.043561415083333,20.51800392588889,19.553955908472226,20.13319601611111,19.60691321175,0.0,0.0,0.0,0.0,0,night,0,0.0,0,1,963.4637856096666,0.0,20.51800392588889,0,0,0,0,0,0,0,0,0,0,0,0,0,0,0,0,0,0,0,0,0,0,0,0,0,0,0,0,0,0,0.0,0.0,0.0,0.0,0.0,1.0,0.0,0.0,0.0,0.0,0.0,0.0
roll_02,2025-12-08T00:00:00+00:00,2026-01-19T00:00:00+00:00,2026-01-19T00:00:00+00:00,2026-01-26T00:00:00+00:00,1,0,2026-01-11 05:00:00+00:00,2026-01-11 06:00:00+00:00,1868.444830851611,6,2544.078318991584,963.4637856096666,1704.9182572990833,1813.34006411675,0,0,0,0,0,5,0.2588190451025207,0.9659258262890684,0,1,1,1.6470115683055555,-0.3271602731111111,2.6941748748611114,-2.261911361583333,20.618104810138888,19.92661150175,20.51800392588889,20.132826510388888,0.0,0.0,0.0,0.0,0,night,0,0.0,0,1,1813.34006411675,0.0,20.618104810138888,0,0,0,0,0,0,0,0,0,0,0,0,0,0,0,0,0,0,0,0,0,0,0,0,0,0,0,0,0,0,0.0,0.0,0.0,0.0,0.0,1.0,0.0,0.0,0.0,0.0,0.0,0.0
roll_02,2025-12-08T00:00:00+00:00,2026-01-19T00:00:00+00:00,2026-01-19T00:00:00+00:00,2026-01-26T00:00:00+00:00,1,0,2026-01-11 06:00:00+00:00,2026-01-11 07:00:00+00:00,1998.770939867861,6,2938.558858745584,1813.34006411675,1945.5007948983048,1868.444830851611,0,0,0,0,0,6,6.123233995736766e-17,1.0,0,1,1,0.7204048023333334,-0.1161207065555555,1.6470115683055555,-2.355004694305556,20.52741439736111,20.19321753094444,20.618104810138888,20.04035808886111,0.0,0.0,0.0,0.0,0,night,0,0.0,0,1,1868.444830851611,0.0,20.52741439736111,0,0,0,0,0,0,0,0,0,0,0,0,0,0,0,0,0,0,0,0,0,0,0,0,0,0,0,0,0,0,0.0,0.0,0.0,0.0,0.0,0.0,0.0,0.0,0.0,0.0,0.0,0.0
roll_02,2025-12-08T00:00:00+00:00,2026-01-19T00:00:00+00:00,2026-01-19T00:00:00+00:00,2026-01-26T00:00:00+00:00,1,0,2026-01-11 07:00:00+00:00,2026-01-11 08:00:00+00:00,1620.6764299421666,6,3003.992790345083,1868.444830851611,1939.5566896918056,1998.770939867861,0,0,0,0,0,7,-0.2588190451025206,0.9659258262890684,0,1,1,0.4501258596944444,-0.434936375,0.7204048023333334,-1.7362753571111111,20.162841653277777,19.79580583211112,20.52741439736111,19.88623256588889,0.0,0.0,0.0,0.0,1,night,0,0.0,0,1,1998.770939867861,0.0,20.162841653277777,0,0,0,0,0,0,0,0,0,0,0,0,0,0,0,0,0,0,0,0,0,0,0,0,0,0,0,0,0,0,0.0,0.0,0.0,0.0,0.0,0.0,0.0,0.0,0.0,0.0,0.0,0.0
roll_02,2025-12-08T00:00:00+00:00,2026-01-19T00:00:00+00:00,2026-01-19T00:00:00+00:00,2026-01-26T00:00:00+00:00,1,0,2026-01-11 08:00:00+00:00,2026-01-11 09:00:00+00:00,1464.1872420950556,6,3045.058541077889,1998.770939867861,2127.9194307847497,1620.6764299421666,0,0,0,0,0,8,-0.4999999999999998,0.8660254037844387,0,1,1,2.21591780575,-0.6361816740555556,0.4501258596944444,-0.6168132006111111,20.805254606944445,20.041001880722224,20.162841653277777,20.158948159944444,716.8608431172778,51.23532750463889,0.0,164.63475525730556,1,med,0,0.0,0,1,1620.6764299421666,716.8608431172778,20.805254606944445,0,0,0,0,0,0,0,0,0,0,0,0,0,0,0,0,0,0,0,0,0,0,0,0,0,0,0,0,0,0,0.0,0.0,0.0,0.0,0.0,0.0,0.0,0.0,0.0,0.0,0.0,0.0
roll_02,2025-12-08T00:00:00+00:00,2026-01-19T00:00:00+00:00,2026-01-19T00:00:00+00:00,2026-01-26T00:00:00+00:00,1,0,2026-01-11 09:00:00+00:00,2026-01-11 10:00:00+00:00,474.102661966639,6,2933.332414681277,1620.6764299421666,2000.1470279075832,1464.1872420950556,0,0,0,0,0,9,-0.7071067811865475,0.7071067811865476,0,1,1,5.479905556944444,0.4769725046388888,2.21591780575,0.3761252006388889,21.66706498425,20.15691440472222,20.805254606944445,19.84720943294444,1113.9215353886943,228.9739007785,716.8608431172778,219.52816927322223,1,med,0,0.0,0,2,1464.1872420950556,1113.9215353886943,21.66706498425,0,0,0,0,0,0,0,0,0,0,0,0,0,0,0,0,0,0,0,0,0,0,0,0,0,0,0,0,0,0,0.0,0.0,0.0,0.0,0.0,0.0,0.0,0.0,0.0,0.0,0.0,0.0
roll_02,2025-12-08T00:00:00+00:00,2026-01-19T00:00:00+00:00,2026-01-19T00:00:00+00:00,2026-01-26T00:00:00+00:00,1,0,2026-01-11 10:00:00+00:00,2026-01-11 11:00:00+00:00,924.8024321908888,6,2324.99496031275,1464.1872420950556,1770.5304107042775,474.102661966639,0,0,0,0,0,10,-0.8660254037844387,0.4999999999999999,0,1,1,8.399686105833334,1.222019320638889,5.479905556944444,1.4439068936666668,20.90244102377778,20.351168191416665,21.66706498425,20.237300741805555,1445.3827412131943,832.8243244578889,1113.9215353886943,551.1737871601666,1,high,0,0.0,0,2,474.102661966639,1445.3827412131943,20.90244102377778,0,0,0,0,0,0,0,0,0,0,0,0,0,0,0,0,0,0,0,0,0,0,0,0,0,0,0,0,0,0,0.0,0.0,0.0,0.0,0.0,0.0,0.0,0.0,0.0,0.0,0.0,0.0
roll_02,2025-12-08T00:00:00+00:00,2026-01-19T00:00:00+00:00,2026-01-19T00:00:00+00:00,2026-01-26T00:00:00+00:00,1,0,2026-01-11 11:00:00+00:00,2026-01-11 12:00:00+00:00,-377.0683961764167,6,2027.894304016472,474.102661966639,2099.097986216222,924.8024321908888,0,0,0,0,0,11,-0.9659258262890682,0.258819045102521,0,1,1,10.56430204613889,1.7390561895555556,8.399686105833334,2.9905849596666667,21.703601752222223,20.849528618277777,20.90244102377778,20.504398869444447,1576.5715724575275,1132.102231994472,1445.3827412131943,858.4309824759999,1,high,0,0.0,0,3,924.8024321908888,1576.5715724575275,21.703601752222223,0,0,0,0,0,0,0,0,0,0,0,0,0,0,0,0,0,0,0,0,0,0,0,0,0,0,0,0,0,0,0.0,0.0,0.0,0.0,0.0,0.0,0.0,0.0,0.0,0.0,0.0,0.0
roll_02,2025-12-08T00:00:00+00:00,2026-01-19T00:00:00+00:00,2026-01-19T00:00:00+00:00,2026-01-26T00:00:00+00:00,1,0,2026-01-11 12:00:00+00:00,2026-01-11 13:00:00+00:00,-533.3608326616389,6,2236.2220278405275,924.8024321908888,2066.14777083575,-377.0683961764167,0,1,0,0,0,12,-1.0,1.2246467991473532e-16,0,1,1,11.13957339347222,3.0638948577777776,10.56430204613889,4.761432523472222,21.560308488194448,20.82136493002778,21.703601752222223,20.939178619722224,1523.783426588417,1274.7830264000277,1576.5715724575275,953.5674782859444,1,high,0,0.0,0,3,-377.0683961764167,1523.783426588417,21.560308488194448,0,0,0,0,0,0,0,0,0,0,0,0,0,0,0,0,0,0,0,0,0,0,0,0,0,0,0,0,0,0,0.0,0.0,0.0,0.0,0.0,0.0,0.0,0.0,0.0,0.0,0.0,0.0
roll_02,2025-12-08T00:00:00+00:00,2026-01-19T00:00:00+00:00,2026-01-19T00:00:00+00:00,2026-01-26T00:00:00+00:00,1,0,2026-01-11 13:00:00+00:00,2026-01-11 14:00:00+00:00,1619.3522628639723,6,2642.7317333675555,-377.0683961764167,1718.2276665944446,-533.3608326616389,0,1,0,0,0,13,-0.9659258262890684,-0.2588190451025208,0,1,1,11.51705910513889,5.4102271903888886,11.13957339347222,5.844635727916667,20.96788498608333,20.597455642,21.560308488194448,20.52605448430556,1288.0403277888888,872.8897568366946,1523.783426588417,601.0615747215555,1,high,0,0.0,0,3,-533.3608326616389,1288.0403277888888,20.96788498608333,0,0,0,0,0,0,0,0,0,0,0,0,0,0,0,0,0,0,0,0,0,0,0,0,0,0,0,0,0,0,0.0,0.0,0.0,0.0,0.0,0.0,0.0,0.0,0.0,0.0,0.0,0.0
roll_02,2025-12-08T00:00:00+00:00,2026-01-19T00:00:00+00:00,2026-01-19T00:00:00+00:00,2026-01-26T00:00:00+00:00,1,0,2026-01-11 14:00:00+00:00,2026-01-11 15:00:00+00:00,867.3860450609445,6,1130.8252456809166,-533.3608326616389,2298.0285432916944,1619.3522628639723,0,0,0,0,0,14,-0.8660254037844388,-0.4999999999999997,0,1,1,12.787921283277775,8.625019901583334,11.51705910513889,5.697731851527777,20.60916648908333,19.046786909277778,20.96788498608333,20.007741751833333,780.1935005056666,595.4771143961945,1288.0403277888888,152.53398881961112,1,med,0,0.0,0,3,1619.3522628639723,780.1935005056666,20.60916648908333,0,0,0,0,0,0,0,0,0,0,0,0,0,0,0,0,0,0,0,0,0,0,0,0,0,0,0,0,0,0,0.0,0.0,0.0,0.0,0.0,0.0,0.0,0.0,0.0,0.0,0.0,0.0
roll_02,2025-12-08T00:00:00+00:00,2026-01-19T00:00:00+00:00,2026-01-19T00:00:00+00:00,2026-01-26T00:00:00+00:00,1,0,2026-01-11 15:00:00+00:00,2026-01-11 16:00:00+00:00,1129.351029028639,6,2905.0142636973887,1619.3522628639723,2539.5653047919445,867.3860450609445,0,0,0,0,0,15,-0.7071067811865479,-0.7071067811865471,0,1,1,11.008737726416667,7.291841869444444,12.787921283277775,4.503772726749999,19.72462692113889,19.342930540972223,20.60916648908333,19.09460057861111,55.60070419424999,0.0,780.1935005056666,0.0,1,low,0,0.0,0,3,867.3860450609445,55.60070419424999,19.72462692113889,0,0,0,0,0,0,0,0,0,0,0,0,0,0,0,0,0,0,0,0,0,0,0,0,0,0,0,0,0,0,0.0,0.0,0.0,0.0,0.0,0.0,0.0,0.0,0.0,0.0,0.0,0.0
roll_02,2025-12-08T00:00:00+00:00,2026-01-19T00:00:00+00:00,2026-01-19T00:00:00+00:00,2026-01-26T00:00:00+00:00,1,0,2026-01-11 16:00:00+00:00,2026-01-11 17:00:00+00:00,1683.5612400863336,6,1148.7488614897777,867.3860450609445,1708.9707138076667,1129.351029028639,0,0,0,0,0,16,-0.5000000000000004,-0.8660254037844385,0,1,1,7.34603673525,4.510030862611111,11.008737726416667,3.638796201333333,19.47766912930556,18.42662916036112,19.72462692113889,18.63007526722222,0.0,0.0,55.60070419424999,0.0,0,night,0,0.0,0,2,1129.351029028639,0.0,19.47766912930556,0,0,0,0,0,0,0,0,0,0,0,0,0,0,0,0,0,0,0,0,0,0,0,0,0,0,0,0,0,0,0.0,0.0,0.0,0.0,0.0,0.0,0.0,0.0,0.0,0.0,0.0,0.0
roll_02,2025-12-08T00:00:00+00:00,2026-01-19T00:00:00+00:00,2026-01-19T00:00:00+00:00,2026-01-26T00:00:00+00:00,1,0,2026-01-11 17:00:00+00:00,2026-01-11 18:00:00+00:00,2735.553599037861,6,3419.5374740142493,1129.351029028639,3623.9131346842223,1683.5612400863336,0,0,0,0,0,17,-0.2588190451025206,-0.9659258262890684,0,1,1,5.409180986416668,2.7974153156666666,7.34603673525,2.979079319472222,19.04478443258333,19.244694816166668,19.47766912930556,19.11787354247222,0.0,0.0,0.0,0.0,0,night,0,0.0,0,2,1683.5612400863336,0.0,19.04478443258333,0,0,0,0,0,0,0,0,0,0,0,0,0,0,0,0,0,0,0,0,0,0,0,0,0,0,0,0,0,0,0.0,0.0,0.0,0.0,0.0,0.0,0.0,0.0,0.0,0.0,0.0,0.0
roll_02,2025-12-08T00:00:00+00:00,2026-01-19T00:00:00+00:00,2026-01-19T00:00:00+00:00,2026-01-26T00:00:00+00:00,1,0,2026-01-11 18:00:00+00:00,2026-01-11 19:00:00+00:00,2033.9936153407496,6,1195.4902918216944,1683.5612400863336,1101.2175339098333,2735.553599037861,0,0,0,0,0,18,-1.8369701987210294e-16,-1.0,0,1,1,3.7358169538333335,2.2018646548333334,5.409180986416668,3.879818203,19.200060977555555,18.392834218444445,19.04478443258333,18.767971734222225,0.0,0.0,0.0,0.0,0,night,0,0.0,0,1,2735.553599037861,0.0,19.200060977555555,0,0,0,0,0,0,0,0,0,0,0,0,0,0,0,0,0,0,0,0,0,0,0,0,0,0,0,0,0,0,0.0,0.0,0.0,0.0,0.0,0.0,0.0,0.0,0.0,0.0,0.0,0.0
roll_02,2025-12-08T00:00:00+00:00,2026-01-19T00:00:00+00:00,2026-01-19T00:00:00+00:00,2026-01-26T00:00:00+00:00,1,0,2026-01-11 19:00:00+00:00,2026-01-11 20:00:00+00:00,1245.8312970156112,6,3257.502877292944,2735.553599037861,1849.9723726721668,2033.9936153407496,0,0,0,0,0,19,0.2588190451025203,-0.9659258262890684,0,1,1,3.0572774616666667,1.4076183046666666,3.7358169538333335,5.4740829125833335,19.296515411055555,19.37274361288889,19.200060977555555,19.448734104222225,0.0,0.0,0.0,0.0,0,night,0,0.0,0,1,2033.9936153407496,0.0,19.296515411055555,0,0,0,0,0,0,0,0,0,0,0,0,0,0,0,0,0,0,0,0,0,0,0,0,0,0,0,0,0,0,0.0,0.0,0.0,0.0,0.0,0.0,0.0,0.0,0.0,0.0,0.0,0.0
roll_02,2025-12-08T00:00:00+00:00,2026-01-19T00:00:00+00:00,2026-01-19T00:00:00+00:00,2026-01-26T00:00:00+00:00,1,0,2026-01-11 20:00:00+00:00,2026-01-11 21:00:00+00:00,2829.186617279833,6,971.3700603875556,2033.9936153407496,1455.1370739963888,1245.8312970156112,0,0,0,0,0,20,0.5000000000000001,-0.8660254037844386,0,1,1,2.1335418446944443,0.6471464079722222,3.0572774616666667,5.637012191416667,19.16815963236112,18.730700168055552,19.296515411055555,19.494996267166663,0.0,0.0,0.0,0.0,0,night,0,0.0,0,1,1245.8312970156112,0.0,19.16815963236112,0,0,0,0,0,0,0,0,0,0,0,0,0,0,0,0,0,0,0,0,0,0,0,0,0,0,0,0,0,0,0.0,0.0,0.0,0.0,0.0,0.0,0.0,0.0,0.0,0.0,0.0,0.0
roll_02,2025-12-08T00:00:00+00:00,2026-01-19T00:00:00+00:00,2026-01-19T00:00:00+00:00,2026-01-26T00:00:00+00:00,1,0,2026-01-11 21:00:00+00:00,2026-01-11 22:00:00+00:00,2652.970591418611,6,450.99197891822223,1245.8312970156112,775.8096372270278,2829.186617279833,0,0,0,0,0,21,0.7071067811865474,-0.7071067811865477,0,1,1,1.5935824046944445,0.1106077602777777,2.1335418446944443,5.611597496861111,19.45402064038889,18.995562728583334,19.16815963236112,19.394528670722224,0.0,0.0,0.0,0.0,0,night,0,0.0,0,1,2829.186617279833,0.0,19.45402064038889,0,0,0,0,0,0,0,0,0,0,0,0,0,0,0,0,0,0,0,0,0,0,0,0,0,0,0,0,0,0,0.0,0.0,0.0,0.0,0.0,0.0,0.0,0.0,0.0,0.0,0.0,0.0
roll_02,2025-12-08T00:00:00+00:00,2026-01-19T00:00:00+00:00,2026-01-19T00:00:00+00:00,2026-01-26T00:00:00+00:00,1,0,2026-01-11 22:00:00+00:00,2026-01-11 23:00:00+00:00,2501.345489155889,6,374.25450296552776,2829.186617279833,609.0600654670277,2652.970591418611,0,0,0,0,0,22,0.8660254037844384,-0.5000000000000004,0,1,1,0.8223521403888889,0.1341562021666666,1.5935824046944445,5.645945834,19.75202070783333,19.079525243916667,19.45402064038889,19.664133929416668,0.0,0.0,0.0,0.0,0,night,0,0.0,0,1,2652.970591418611,0.0,19.75202070783333,0,0,0,0,0,0,0,0,0,0,0,0,0,0,0,0,0,0,0,0,0,0,0,0,0,0,0,0,0,0,0.0,0.0,0.0,0.0,0.0,0.0,0.0,0.0,0.0,0.0,0.0,0.0
roll_02,2025-12-08T00:00:00+00:00,2026-01-19T00:00:00+00:00,2026-01-19T00:00:00+00:00,2026-01-26T00:00:00+00:00,1,0,2026-01-11 23:00:00+00:00,2026-01-12 00:00:00+00:00,2521.281662351861,6,364.9348326606112,2652.970591418611,410.7482779138611,2501.345489155889,0,0,0,0,0,23,0.965925826289068,-0.2588190451025215,0,1,1,0.8401119943055555,-0.4049259464166667,0.8223521403888889,5.024357610277778,19.76163939361111,19.134251795111112,19.75202070783333,19.87883380708333,0.0,0.0,0.0,0.0,0,night,0,0.0,0,1,2501.345489155889,0.0,19.76163939361111,0,0,0,0,0,0,0,0,0,0,0,0,0,0,0,0,0,0,0,0,0,0,0,0,0,0,0,0,0,0,0.0,0.0,0.0,0.0,0.0,0.0,0.0,0.0,0.0,1.0,0.0,0.0
roll_02,2025-12-08T00:00:00+00:00,2026-01-19T00:00:00+00:00,2026-01-19T00:00:00+00:00,2026-01-26T00:00:00+00:00,1,0,2026-01-12 00:00:00+00:00,2026-01-12 01:00:00+00:00,2510.7629793080832,0,370.6410842640833,2501.345489155889,405.205528771,2521.281662351861,0,0,0,0,0,0,1.0,0.0,0,0,1,0.0822739048611111,-0.7429944847222223,0.8401119943055555,4.23442964025,19.92784602258333,19.36422701772222,19.76163939361111,20.179024266472226,0.0,0.0,0.0,0.0,0,night,0,0.0,0,1,2521.281662351861,0.0,19.92784602258333,0,0,0,0,0,0,0,0,0,0,0,0,0,0,0,0,0,0,0,0,0,0,0,0,0,0,0,0,0,0,0.0,0.0,0.0,0.0,0.0,0.0,0.0,0.0,0.0,1.0,0.0,0.0
roll_02,2025-12-08T00:00:00+00:00,2026-01-19T00:00:00+00:00,2026-01-19T00:00:00+00:00,2026-01-26T00:00:00+00:00,1,0,2026-01-12 01:00:00+00:00,2026-01-12 02:00:00+00:00,2517.397726423444,0,368.0486825067223,2521.281662351861,475.14375079194434,2510.7629793080832,0,0,0,0,0,1,0.9659258262890684,0.2588190451025207,0,0,1,-0.0979647454722222,-0.976354041,0.0822739048611111,3.487890483277777,19.88745926827778,19.40332897797222,19.92784602258333,20.182190243472224,0.0,0.0,0.0,0.0,0,night,0,0.0,0,0,2510.7629793080832,0.0,19.88745926827778,0,0,0,0,0,0,0,0,0,0,0,0,0,0,0,0,0,0,0,0,0,0,0,0,0,0,0,0,0,0,0.0,0.0,0.0,0.0,0.0,0.0,0.0,0.0,0.0,1.0,0.0,0.0
roll_02,2025-12-08T00:00:00+00:00,2026-01-19T00:00:00+00:00,2026-01-19T00:00:00+00:00,2026-01-26T00:00:00+00:00,1,0,2026-01-12 02:00:00+00:00,2026-01-12 03:00:00+00:00,2481.68678522575,0,407.2023981933612,2510.7629793080832,401.84106967408337,2517.397726423444,0,0,0,0,0,2,0.8660254037844387,0.4999999999999999,0,0,1,-0.3757401703055555,-1.0527601663055557,-0.0979647454722222,3.631823816972222,20.026290722638887,19.36519793002778,19.88745926827778,20.26443000358333,0.0,0.0,0.0,0.0,0,night,0,0.0,0,0,2517.397726423444,0.0,20.026290722638887,0,0,0,0,0,0,0,0,0,0,0,0,0,0,0,0,0,0,0,0,0,0,0,0,0,0,0,0,0,0,0.0,0.0,0.0,0.0,0.0,0.0,0.0,0.0,0.0,1.0,0.0,0.0
roll_02,2025-12-08T00:00:00+00:00,2026-01-19T00:00:00+00:00,2026-01-19T00:00:00+00:00,2026-01-26T00:00:00+00:00,1,0,2026-01-12 03:00:00+00:00,2026-01-12 04:00:00+00:00,3016.15648477425,0,381.6384086141388,2517.397726423444,367.7446838216111,2481.68678522575,0,0,0,0,0,3,0.7071067811865476,0.7071067811865476,0,0,1,0.1335239932777777,-1.011859787111111,-0.3757401703055555,3.390917739777777,19.80030205080556,19.49764120547222,20.026290722638887,20.13319601611111,0.0,0.0,0.0,0.0,0,night,0,0.0,0,1,2481.68678522575,0.0,19.80030205080556,0,0,0,0,0,0,0,0,0,0,0,0,0,0,0,0,0,0,0,0,0,0,0,0,0,0,0,0,0,0,0.0,0.0,0.0,0.0,0.0,0.0,0.0,0.0,0.0,1.0,0.0,0.0
roll_02,2025-12-08T00:00:00+00:00,2026-01-19T00:00:00+00:00,2026-01-19T00:00:00+00:00,2026-01-26T00:00:00+00:00,1,0,2026-01-12 04:00:00+00:00,2026-01-12 05:00:00+00:00,4262.747835938639,0,1018.144173213861,2481.68678522575,963.4637856096666,3016.15648477425,0,0,0,0,0,4,0.5000000000000001,0.8660254037844386,0,0,1,-0.0287854997222222,-1.39385835525,0.1335239932777777,2.6941748748611114,19.688919204277777,19.31271291408333,19.80030205080556,20.51800392588889,0.0,0.0,0.0,0.0,0,night,0,0.0,0,0,3016.15648477425,0.0,19.688919204277777,0,0,0,0,0,0,0,0,0,0,0,0,0,0,0,0,0,0,0,0,0,0,0,0,0,0,0,0,0,0,0.0,0.0,0.0,0.0,0.0,0.0,0.0,0.0,0.0,0.0,0.0,0.0
roll_02,2025-12-08T00:00:00+00:00,2026-01-19T00:00:00+00:00,2026-01-19T00:00:00+00:00,2026-01-26T00:00:00+00:00,1,0,2026-01-12 05:00:00+00:00,2026-01-12 06:00:00+00:00,4361.908397110695,0,3480.3327933123333,3016.15648477425,1813.34006411675,4262.747835938639,0,0,0,0,0,5,0.2588190451025207,0.9659258262890684,0,0,1,-0.5948542869166666,-1.4720435740833333,-0.0287854997222222,1.6470115683055555,19.79284536802778,20.31238466361111,19.688919204277777,20.618104810138888,0.0,0.0,0.0,0.0,0,night,0,0.0,0,0,4262.747835938639,0.0,19.79284536802778,0,0,0,0,0,0,0,0,0,0,0,0,0,0,0,0,0,0,0,0,0,0,0,0,0,0,0,0,0,0,0.0,0.0,0.0,0.0,0.0,0.0,0.0,0.0,0.0,0.0,0.0,0.0
roll_02,2025-12-08T00:00:00+00:00,2026-01-19T00:00:00+00:00,2026-01-19T00:00:00+00:00,2026-01-26T00:00:00+00:00,1,0,2026-01-12 06:00:00+00:00,2026-01-12 07:00:00+00:00,4563.315619382333,0,3264.2411370842497,4262.747835938639,1868.444830851611,4361.908397110695,0,0,0,0,0,6,6.123233995736766e-17,1.0,0,0,1,-0.0256551238333333,-1.4967828786944446,-0.5948542869166666,0.7204048023333334,18.87429544488889,20.048696970138888,19.79284536802778,20.52741439736111,0.0,0.0,0.0,0.0,0,night,0,0.0,0,0,4361.908397110695,0.0,18.87429544488889,0,0,0,0,0,0,0,0,0,0,0,0,0,0,0,0,0,0,0,0,0,0,0,0,0,0,0,0,0,0,0.0,0.0,0.0,0.0,0.0,0.0,0.0,0.0,0.0,0.0,0.0,0.0
roll_02,2025-12-08T00:00:00+00:00,2026-01-19T00:00:00+00:00,2026-01-19T00:00:00+00:00,2026-01-26T00:00:00+00:00,1,0,2026-01-12 07:00:00+00:00,2026-01-12 08:00:00+00:00,3089.202245556361,0,3395.476410544472,4361.908397110695,1998.770939867861,4563.315619382333,0,0,0,0,0,7,-0.2588190451025206,0.9659258262890684,0,0,1,0.0892223874722222,-1.379181577972222,-0.0256551238333333,0.4501258596944444,18.15650825783333,20.18417349680556,18.87429544488889,20.162841653277777,0.0,0.0,0.0,0.0,1,night,0,0.0,0,1,4563.315619382333,0.0,18.15650825783333,0,0,0,0,0,0,0,0,0,0,0,0,0,0,0,0,0,0,0,0,0,0,0,0,0,0,0,0,0,0,0.0,0.0,0.0,0.0,0.0,0.0,0.0,0.0,0.0,0.0,0.0,0.0
roll_02,2025-12-08T00:00:00+00:00,2026-01-19T00:00:00+00:00,2026-01-19T00:00:00+00:00,2026-01-26T00:00:00+00:00,1,0,2026-01-12 08:00:00+00:00,2026-01-12 09:00:00+00:00,2796.8041315197224,0,2043.147877824084,4563.315619382333,1620.6764299421666,3089.202245556361,0,0,0,0,0,8,-0.4999999999999998,0.8660254037844387,0,0,1,1.5477482746388889,0.0447507404444444,0.0892223874722222,2.21591780575,18.900201835166666,20.216753709777777,18.15650825783333,20.805254606944445,675.084050221,541.5511257300278,0.0,716.8608431172778,1,med,0,0.0,0,1,3089.202245556361,675.084050221,18.900201835166666,0,0,0,0,0,0,0,0,0,0,0,0,0,0,0,0,0,0,0,0,0,0,0,0,0,0,0,0,0,0,0.0,0.0,0.0,0.0,0.0,0.0,0.0,0.0,0.0,0.0,0.0,0.0
roll_02,2025-12-08T00:00:00+00:00,2026-01-19T00:00:00+00:00,2026-01-19T00:00:00+00:00,2026-01-26T00:00:00+00:00,1,0,2026-01-12 09:00:00+00:00,2026-01-12 10:00:00+00:00,746.3919299871112,0,1179.0779114988334,3089.202245556361,1464.1872420950556,2796.8041315197224,0,0,0,0,0,9,-0.7071067811865475,0.7071067811865476,0,0,1,3.2254890193888888,1.489790182361111,1.5477482746388889,5.479905556944444,19.612746164055554,21.931468085166667,18.900201835166666,21.66706498425,1056.8253583911112,646.4615747680278,675.084050221,1113.9215353886943,1,med,0,0.0,0,1,2796.8041315197224,1056.8253583911112,19.612746164055554,0,0,0,0,0,0,0,0,0,0,0,0,0,0,0,0,0,0,0,0,0,0,0,0,0,0,0,0,0,0,0.0,0.0,0.0,0.0,0.0,0.0,0.0,0.0,0.0,0.0,0.0,0.0
roll_02,2025-12-08T00:00:00+00:00,2026-01-19T00:00:00+00:00,2026-01-19T00:00:00+00:00,2026-01-26T00:00:00+00:00,1,0,2026-01-12 10:00:00+00:00,2026-01-12 11:00:00+00:00,632.5966184736388,0,947.8847584085834,2796.8041315197224,474.102661966639,746.3919299871112,0,0,0,0,0,10,-0.8660254037844387,0.4999999999999999,0,0,1,4.715763120611111,2.7039119795277777,3.2254890193888888,8.399686105833334,21.086698567944445,20.46024600608333,19.612746164055554,20.90244102377778,1274.2766447041663,892.7757230555554,1056.8253583911112,1445.3827412131943,1,high,0,0.0,0,1,746.3919299871112,1274.2766447041663,21.086698567944445,0,0,0,0,0,0,0,0,0,0,0,0,0,0,0,0,0,0,0,0,0,0,0,0,0,0,0,0,0,0,0.0,0.0,0.0,0.0,0.0,0.0,0.0,0.0,0.0,0.0,0.0,0.0
roll_02,2025-12-08T00:00:00+00:00,2026-01-19T00:00:00+00:00,2026-01-19T00:00:00+00:00,2026-01-26T00:00:00+00:00,1,0,2026-01-12 11:00:00+00:00,2026-01-12 12:00:00+00:00,-422.1210146441389,0,863.6994095845556,746.3919299871112,924.8024321908888,632.5966184736388,0,0,0,0,0,11,-0.9659258262890682,0.258819045102521,0,0,1,6.151445526944444,3.881307846888889,4.715763120611111,10.56430204613889,21.65975194513889,20.872260072305554,21.086698567944445,21.703601752222223,1427.525714563778,1206.7577466112778,1274.2766447041663,1576.5715724575275,1,high,0,0.0,0,2,632.5966184736388,1427.525714563778,21.65975194513889,0,0,0,0,0,0,0,0,0,0,0,0,0,0,0,0,0,0,0,0,0,0,0,0,0,0,0,0,0,0,0.0,0.0,0.0,0.0,0.0,0.0,0.0,0.0,0.0,0.0,0.0,0.0
roll_02,2025-12-08T00:00:00+00:00,2026-01-19T00:00:00+00:00,2026-01-19T00:00:00+00:00,2026-01-26T00:00:00+00:00,1,0,2026-01-12 12:00:00+00:00,2026-01-12 13:00:00+00:00,754.2202679822223,0,843.0538203102777,632.5966184736388,-377.0683961764167,-422.1210146441389,0,1,0,0,0,12,-1.0,1.2246467991473532e-16,0,0,1,8.042106340527779,5.066587314222223,6.151445526944444,11.13957339347222,20.280064502833334,21.11385421797222,21.65975194513889,21.560308488194448,1077.0554969643056,1247.8009385014443,1427.525714563778,1523.783426588417,1,med,0,0.0,0,2,-422.1210146441389,1077.0554969643056,20.280064502833334,0,0,0,0,0,0,0,0,0,0,0,0,0,0,0,0,0,0,0,0,0,0,0,0,0,0,0,0,0,0,0.0,0.0,0.0,0.0,0.0,0.0,0.0,0.0,0.0,0.0,0.0,0.0
roll_02,2025-12-08T00:00:00+00:00,2026-01-19T00:00:00+00:00,2026-01-19T00:00:00+00:00,2026-01-26T00:00:00+00:00,1,0,2026-01-12 13:00:00+00:00,2026-01-12 14:00:00+00:00,1500.3252466112224,0,1428.490628339573,-422.1210146441389,-533.3608326616389,754.2202679822223,0,0,0,0,0,13,-0.9659258262890684,-0.2588190451025208,0,0,1,8.886836191527777,5.457142150027778,8.042106340527779,11.51705910513889,20.89163533738889,20.01560276148125,20.280064502833334,20.96788498608333,917.7112551677222,547.3802902017588,1077.0554969643056,1288.0403277888888,1,med,0,0.0,0,2,754.2202679822223,917.7112551677222,20.89163533738889,0,0,0,0,0,0,0,0,0,0,0,0,0,0,0,0,0,0,0,0,0,0,0,0,0,0,0,0,0,0,0.0,0.0,0.0,0.0,0.0,0.0,0.0,0.0,0.0,0.0,0.0,0.0
roll_02,2025-12-08T00:00:00+00:00,2026-01-19T00:00:00+00:00,2026-01-19T00:00:00+00:00,2026-01-26T00:00:00+00:00,1,0,2026-01-12 14:00:00+00:00,2026-01-12 15:00:00+00:00,586.6202596731389,0,1773.3037352634722,754.2202679822223,1619.3522628639723,1500.3252466112224,0,0,0,0,0,14,-0.8660254037844388,-0.4999999999999997,0,0,1,8.544484776166668,4.588629488583334,8.886836191527777,12.787921283277775,20.355432554527777,19.929525524222225,20.89163533738889,20.60916648908333,366.2336248188056,207.87688739294444,917.7112551677222,780.1935005056666,1,low,0,0.0,0,2,1500.3252466112224,366.2336248188056,20.355432554527777,0,0,0,0,0,0,0,0,0,0,0,0,0,0,0,0,0,0,0,0,0,0,0,0,0,0,0,0,0,0,0.0,0.0,0.0,0.0,0.0,0.0,0.0,0.0,0.0,0.0,0.0,0.0
roll_02,2025-12-08T00:00:00+00:00,2026-01-19T00:00:00+00:00,2026-01-19T00:00:00+00:00,2026-01-26T00:00:00+00:00,1,0,2026-01-12 15:00:00+00:00,2026-01-12 16:00:00+00:00,1670.774375533639,0,2045.117999196167,1500.3252466112224,867.3860450609445,586.6202596731389,0,0,0,0,0,15,-0.7071067811865479,-0.7071067811865471,0,0,1,6.644266975333334,4.475250863555556,8.544484776166668,11.008737726416667,19.053108088833334,19.944776444444447,20.355432554527777,19.72462692113889,29.778236451166663,40.97132009280555,366.2336248188056,55.60070419424999,1,low,0,0.0,0,2,586.6202596731389,29.778236451166663,19.053108088833334,0,0,0,0,0,0,0,0,0,0,0,0,0,0,0,0,0,0,0,0,0,0,0,0,0,0,0,0,0,0,0.0,0.0,0.0,0.0,0.0,0.0,0.0,0.0,0.0,0.0,0.0,0.0
roll_02,2025-12-08T00:00:00+00:00,2026-01-19T00:00:00+00:00,2026-01-19T00:00:00+00:00,2026-01-26T00:00:00+00:00,1,0,2026-01-12 16:00:00+00:00,2026-01-12 17:00:00+00:00,893.0618960396945,0,1695.0528240614449,586.6202596731389,1129.351029028639,1670.774375533639,0,0,0,0,0,16,-0.5000000000000004,-0.8660254037844385,0,0,1,5.279263939527778,3.0361438859444445,6.644266975333334,7.34603673525,19.11104975583333,19.330333286888887,19.053108088833334,19.47766912930556,0.0,0.0,29.778236451166663,0.0,0,night,0,0.0,0,2,1670.774375533639,0.0,19.11104975583333,0,0,0,0,0,0,0,0,0,0,0,0,0,0,0,0,0,0,0,0,0,0,0,0,0,0,0,0,0,0,0.0,0.0,0.0,0.0,0.0,0.0,0.0,0.0,0.0,0.0,0.0,0.0
roll_02,2025-12-08T00:00:00+00:00,2026-01-19T00:00:00+00:00,2026-01-19T00:00:00+00:00,2026-01-26T00:00:00+00:00,1,0,2026-01-12 17:00:00+00:00,2026-01-12 18:00:00+00:00,2274.0885418814723,0,2050.756231673639,1670.774375533639,1683.5612400863336,893.0618960396945,0,0,0,0,0,17,-0.2588190451025206,-0.9659258262890684,0,0,1,4.219392392722222,1.868786365638889,5.279263939527778,5.409180986416668,18.65615157883333,19.59319692852777,19.11104975583333,19.04478443258333,0.0,0.0,0.0,0.0,0,night,0,0.0,0,1,893.0618960396945,0.0,18.65615157883333,0,0,0,0,0,0,0,0,0,0,0,0,0,0,0,0,0,0,0,0,0,0,0,0,0,0,0,0,0,0,0.0,0.0,0.0,0.0,0.0,0.0,0.0,0.0,0.0,0.0,0.0,0.0
roll_02,2025-12-08T00:00:00+00:00,2026-01-19T00:00:00+00:00,2026-01-19T00:00:00+00:00,2026-01-26T00:00:00+00:00,1,0,2026-01-12 18:00:00+00:00,2026-01-12 19:00:00+00:00,1365.6644136303612,0,3794.624143870611,893.0618960396945,2735.553599037861,2274.0885418814723,0,0,0,0,0,18,-1.8369701987210294e-16,-1.0,0,0,1,4.016366639916667,1.3410971866388888,4.219392392722222,3.7358169538333335,19.38624729958333,18.762281723944444,18.65615157883333,19.200060977555555,0.0,0.0,0.0,0.0,0,night,0,0.0,0,1,2274.0885418814723,0.0,19.38624729958333,0,0,0,0,0,0,0,0,0,0,0,0,0,0,0,0,0,0,0,0,0,0,0,0,0,0,0,0,0,0,0.0,0.0,0.0,0.0,0.0,0.0,0.0,0.0,0.0,0.0,0.0,0.0
roll_02,2025-12-08T00:00:00+00:00,2026-01-19T00:00:00+00:00,2026-01-19T00:00:00+00:00,2026-01-26T00:00:00+00:00,1,0,2026-01-12 19:00:00+00:00,2026-01-12 20:00:00+00:00,653.7379858252777,0,1861.5080703779724,2274.0885418814723,2033.9936153407496,1365.6644136303612,0,0,0,0,0,19,0.2588190451025203,-0.9659258262890684,0,0,1,3.884336086,1.203708991527778,4.016366639916667,3.0572774616666667,19.382953398694443,19.018070562944445,19.38624729958333,19.296515411055555,0.0,0.0,0.0,0.0,0,night,0,0.0,0,1,1365.6644136303612,0.0,19.382953398694443,0,0,0,0,0,0,0,0,0,0,0,0,0,0,0,0,0,0,0,0,0,0,0,0,0,0,0,0,0,0,0.0,0.0,0.0,0.0,0.0,0.0,0.0,0.0,0.0,0.0,0.0,0.0
roll_02,2025-12-08T00:00:00+00:00,2026-01-19T00:00:00+00:00,2026-01-19T00:00:00+00:00,2026-01-26T00:00:00+00:00,1,0,2026-01-12 20:00:00+00:00,2026-01-12 21:00:00+00:00,1060.23997367125,0,1496.9097637140555,1365.6644136303612,1245.8312970156112,653.7379858252777,0,0,0,0,0,20,0.5000000000000001,-0.8660254037844386,0,0,1,3.633355686611111,1.032068296,3.884336086,2.1335418446944443,19.144044949,19.291680665055555,19.382953398694443,19.16815963236112,0.0,0.0,0.0,0.0,0,night,0,0.0,0,1,653.7379858252777,0.0,19.144044949,0,0,0,0,0,0,0,0,0,0,0,0,0,0,0,0,0,0,0,0,0,0,0,0,0,0,0,0,0,0,0.0,0.0,0.0,0.0,0.0,0.0,0.0,0.0,0.0,0.0,0.0,0.0
roll_02,2025-12-08T00:00:00+00:00,2026-01-19T00:00:00+00:00,2026-01-19T00:00:00+00:00,2026-01-26T00:00:00+00:00,1,0,2026-01-12 21:00:00+00:00,2026-01-12 22:00:00+00:00,372.6696216118889,0,719.7584706931667,653.7379858252777,2829.186617279833,1060.23997367125,0,0,0,0,0,21,0.7071067811865474,-0.7071067811865477,0,0,1,3.5082212590277777,0.7795261833333332,3.633355686611111,1.5935824046944445,19.25061404477778,18.70379904711111,19.144044949,19.45402064038889,0.0,0.0,0.0,0.0,0,night,0,0.0,0,1,1060.23997367125,0.0,19.25061404477778,0,0,0,0,0,0,0,0,0,0,0,0,0,0,0,0,0,0,0,0,0,0,0,0,0,0,0,0,0,0,0.0,0.0,0.0,0.0,0.0,0.0,0.0,0.0,0.0,0.0,0.0,0.0
roll_02,2025-12-08T00:00:00+00:00,2026-01-19T00:00:00+00:00,2026-01-19T00:00:00+00:00,2026-01-26T00:00:00+00:00,1,0,2026-01-12 22:00:00+00:00,2026-01-12 23:00:00+00:00,368.2867205090556,0,446.7607589221944,1060.23997367125,2652.970591418611,372.6696216118889,0,0,0,0,0,22,0.8660254037844384,-0.5000000000000004,0,0,1,3.508406459083333,0.4047500071944445,3.5082212590277777,0.8223521403888889,19.15334913905556,19.17545539780556,19.25061404477778,19.75202070783333,0.0,0.0,0.0,0.0,0,night,0,0.0,0,1,372.6696216118889,0.0,19.15334913905556,0,0,0,0,0,0,0,0,0,0,0,0,0,0,0,0,0,0,0,0,0,0,0,0,0,0,0,0,0,0,0.0,0.0,0.0,0.0,0.0,0.0,0.0,0.0,0.0,0.0,0.0,0.0
roll_02,2025-12-08T00:00:00+00:00,2026-01-19T00:00:00+00:00,2026-01-19T00:00:00+00:00,2026-01-26T00:00:00+00:00,1,0,2026-01-12 23:00:00+00:00,2026-01-13 00:00:00+00:00,366.1301339879167,0,377.8106354470833,372.6696216118889,2501.345489155889,368.2867205090556,0,0,0,0,0,23,0.965925826289068,-0.2588190451025215,0,0,1,3.994434357833333,-0.2197552837222222,3.508406459083333,0.8401119943055555,19.462697947166664,19.21120246411111,19.15334913905556,19.76163939361111,0.0,0.0,0.0,0.0,0,night,0,0.0,0,1,368.2867205090556,0.0,19.462697947166664,0,0,0,0,0,0,0,0,0,0,0,0,0,0,0,0,0,0,0,0,0,0,0,0,0,0,0,0,0,0,0.0,0.0,0.0,0.0,0.0,0.0,0.0,0.0,0.0,1.0,0.0,0.0
roll_02,2025-12-08T00:00:00+00:00,2026-01-19T00:00:00+00:00,2026-01-19T00:00:00+00:00,2026-01-26T00:00:00+00:00,1,0,2026-01-13 00:00:00+00:00,2026-01-13 01:00:00+00:00,374.135321881,1,392.73774841372216,368.2867205090556,2521.281662351861,366.1301339879167,0,0,0,1,0,0,1.0,0.0,0,0,1,4.2014109405,-0.5333700690277777,3.994434357833333,0.0822739048611111,19.87320784711111,19.29313822780556,19.462697947166664,19.92784602258333,0.0,0.0,0.0,0.0,0,night,0,0.0,0,1,366.1301339879167,,19.87320784711111,0,0,0,0,0,0,0,0,0,0,0,0,0,1,0,1,0,1,0,0,1,1,0,3,0,0,0,2,0,0,0.0,0.0,0.0,0.0,0.0,0.0,0.0,0.0,0.0,1.0,0.0,0.0
roll_02,2025-12-08T00:00:00+00:00,2026-01-19T00:00:00+00:00,2026-01-19T00:00:00+00:00,2026-01-26T00:00:00+00:00,1,0,2026-01-13 01:00:00+00:00,2026-01-13 02:00:00+00:00,383.9471823114166,1,392.9088330086667,366.1301339879167,2510.7629793080832,374.135321881,0,0,0,1,0,1,0.9659258262890684,0.2588190451025207,0,0,1,4.3023013942777775,-0.3793998141388888,4.2014109405,-0.0979647454722222,19.950232376611112,19.40305745913889,19.87320784711111,19.88745926827778,0.0,0.0,0.0,0.0,0,night,0,0.0,0,1,374.135321881,,19.950232376611112,0,0,0,0,0,0,0,0,0,0,0,0,0,1,0,1,0,1,0,0,1,1,0,3,0,0,0,2,0,0,0.0,1.0,0.0,0.0,0.0,0.0,0.0,0.0,0.0,1.0,0.0,0.0
roll_02,2025-12-08T00:00:00+00:00,2026-01-19T00:00:00+00:00,2026-01-19T00:00:00+00:00,2026-01-26T00:00:00+00:00,1,0,2026-01-13 02:00:00+00:00,2026-01-13 03:00:00+00:00,367.6768063598889,1,385.8227960619445,374.135321881,2517.397726423444,383.9471823114166,0,0,0,1,0,2,0.8660254037844387,0.4999999999999999,0,0,1,4.376585781888889,-0.5905389823333334,4.3023013942777775,-0.3757401703055555,19.77146809105556,19.238424222166667,19.950232376611112,20.026290722638887,0.0,0.0,0.0,0.0,0,night,0,0.0,0,1,383.9471823114166,,19.77146809105556,0,0,0,0,0,0,0,0,0,0,0,0,0,1,0,1,0,1,0,0,1,1,0,3,0,0,0,2,0,0,0.0,1.0,0.0,0.0,0.0,0.0,0.0,0.0,0.0,1.0,0.0,0.0
roll_02,2025-12-08T00:00:00+00:00,2026-01-19T00:00:00+00:00,2026-01-19T00:00:00+00:00,2026-01-26T00:00:00+00:00,1,0,2026-01-13 03:00:00+00:00,2026-01-13 04:00:00+00:00,977.1223704921111,1,392.4521254978611,383.9471823114166,2481.68678522575,367.6768063598889,0,0,0,0,0,3,0.7071067811865476,0.7071067811865476,0,0,1,4.4642516751666665,-0.5169925313333333,4.376585781888889,0.1335239932777777,19.56677161197222,19.36510847705556,19.77146809105556,19.80030205080556,0.0,0.0,0.0,0.0,0,night,0,0.0,0,1,367.6768063598889,0.0,19.56677161197222,0,0,0,0,0,0,0,0,0,0,0,0,0,0,0,0,0,0,0,0,0,0,0,0,0,0,0,0,0,0,0.0,1.0,0.0,0.0,0.0,0.0,0.0,0.0,0.0,1.0,0.0,0.0
roll_02,2025-12-08T00:00:00+00:00,2026-01-19T00:00:00+00:00,2026-01-19T00:00:00+00:00,2026-01-26T00:00:00+00:00,1,0,2026-01-13 04:00:00+00:00,2026-01-13 05:00:00+00:00,2001.738657636584,1,1067.7196651701668,367.6768063598889,3016.15648477425,977.1223704921111,0,0,0,0,0,4,0.5000000000000001,0.8660254037844386,0,0,1,4.600431492361111,-0.8374701599444444,4.4642516751666665,-0.0287854997222222,19.84487690761112,19.507569886583333,19.56677161197222,19.688919204277777,0.0,0.0,0.0,0.0,0,night,0,0.0,0,1,977.1223704921111,0.0,19.84487690761112,0,0,0,0,0,0,0,0,0,0,0,0,0,0,0,0,0,0,0,0,0,0,0,0,0,0,0,0,0,0,0.0,0.0,0.0,0.0,0.0,0.0,0.0,0.0,0.0,1.0,0.0,0.0
roll_02,2025-12-08T00:00:00+00:00,2026-01-19T00:00:00+00:00,2026-01-19T00:00:00+00:00,2026-01-26T00:00:00+00:00,1,0,2026-01-13 05:00:00+00:00,2026-01-13 06:00:00+00:00,2099.6764230465,1,1903.881896566528,977.1223704921111,4262.747835938639,2001.738657636584,0,0,0,0,0,5,0.2588190451025207,0.9659258262890684,0,0,1,4.516244777583333,-0.5899030432222222,4.600431492361111,-0.5948542869166666,20.02328279972222,19.60972541383333,19.84487690761112,19.79284536802778,0.0,0.0,0.0,0.0,0,night,0,0.0,0,1,2001.738657636584,0.0,20.02328279972222,0,0,0,0,0,0,0,0,0,0,0,0,0,0,0,0,0,0,0,0,0,0,0,0,0,0,0,0,0,0,0.0,0.0,0.0,0.0,0.0,0.0,0.0,0.0,0.0,0.0,0.0,0.0
roll_02,2025-12-08T00:00:00+00:00,2026-01-19T00:00:00+00:00,2026-01-19T00:00:00+00:00,2026-01-26T00:00:00+00:00,1,0,2026-01-13 06:00:00+00:00,2026-01-13 07:00:00+00:00,1798.5318447581387,1,1884.089269866861,2001.738657636584,4361.908397110695,2099.6764230465,0,0,0,0,0,6,6.123233995736766e-17,1.0,0,0,1,4.763350271222222,-0.9003918730833335,4.516244777583333,-0.0256551238333333,19.945872866472225,19.36396250488889,20.02328279972222,18.87429544488889,0.0,0.0,0.0,0.0,0,night,0,0.0,0,1,2099.6764230465,0.0,19.945872866472225,0,0,0,0,0,0,0,0,0,0,0,0,0,0,0,0,0,0,0,0,0,0,0,0,0,0,0,0,0,0,0.0,0.0,0.0,0.0,0.0,0.0,0.0,0.0,0.0,0.0,0.0,0.0
roll_02,2025-12-08T00:00:00+00:00,2026-01-19T00:00:00+00:00,2026-01-19T00:00:00+00:00,2026-01-26T00:00:00+00:00,1,0,2026-01-13 07:00:00+00:00,2026-01-13 08:00:00+00:00,1792.85737564,1,2001.9943023529447,2099.6764230465,4563.315619382333,1798.5318447581387,0,0,0,0,0,7,-0.2588190451025206,0.9659258262890684,0,0,1,5.146098303527778,-1.016023064,4.763350271222222,0.0892223874722222,19.215107962944447,19.241411946444444,19.945872866472225,18.15650825783333,0.0,0.0,0.0,0.0,1,night,0,0.0,0,2,1798.5318447581387,0.0,19.215107962944447,0,0,0,0,0,0,0,0,0,0,0,0,0,0,0,0,0,0,0,0,0,0,0,0,0,0,0,0,0,0,0.0,0.0,0.0,0.0,0.0,0.0,0.0,0.0,0.0,0.0,0.0,0.0
roll_02,2025-12-08T00:00:00+00:00,2026-01-19T00:00:00+00:00,2026-01-19T00:00:00+00:00,2026-01-26T00:00:00+00:00,1,0,2026-01-13 08:00:00+00:00,2026-01-13 09:00:00+00:00,1704.9205994411388,1,2286.4682565411667,1798.5318447581387,3089.202245556361,1792.85737564,0,0,0,0,0,8,-0.4999999999999998,0.8660254037844387,0,0,1,5.574331767527777,-0.7860071845,5.146098303527778,1.5477482746388889,19.78762391975,19.56382616455556,19.215107962944447,18.900201835166666,34.78762225408333,141.96021589983334,0.0,675.084050221,1,low,0,0.0,0,2,1792.85737564,34.78762225408333,19.78762391975,0,0,0,0,0,0,0,0,0,0,0,0,0,0,0,0,0,0,0,0,0,0,0,0,0,0,0,0,0,0,0.0,0.0,0.0,0.0,0.0,0.0,0.0,0.0,0.0,0.0,0.0,0.0
roll_02,2025-12-08T00:00:00+00:00,2026-01-19T00:00:00+00:00,2026-01-19T00:00:00+00:00,2026-01-26T00:00:00+00:00,1,0,2026-01-13 09:00:00+00:00,2026-01-13 10:00:00+00:00,1712.5081979704166,1,1821.3285119935,1792.85737564,2796.8041315197224,1704.9205994411388,0,0,0,0,0,9,-0.7071067811865475,0.7071067811865476,0,0,1,5.704844287583334,-0.149303483,5.574331767527777,3.2254890193888888,19.322890420722224,19.54440532758333,19.78762391975,19.612746164055554,81.0947692918889,554.8449951884444,34.78762225408333,1056.8253583911112,1,low,0,0.0,0,2,1704.9205994411388,81.0947692918889,19.322890420722224,0,0,0,0,0,0,0,0,0,0,0,0,0,0,0,0,0,0,0,0,0,0,0,0,0,0,0,0,0,0,0.0,0.0,0.0,0.0,0.0,0.0,0.0,0.0,0.0,0.0,0.0,0.0
roll_02,2025-12-08T00:00:00+00:00,2026-01-19T00:00:00+00:00,2026-01-19T00:00:00+00:00,2026-01-26T00:00:00+00:00,1,0,2026-01-13 10:00:00+00:00,2026-01-13 11:00:00+00:00,1729.1863273721667,1,1457.3535129481943,1704.9205994411388,746.3919299871112,1712.5081979704166,0,0,0,0,0,10,-0.8660254037844387,0.4999999999999999,0,0,1,6.065839095694444,2.0291202134722224,5.704844287583334,4.715763120611111,19.53915467719445,20.057945581416668,19.322890420722224,21.086698567944445,75.89661000686111,991.3755553825832,81.0947692918889,1274.2766447041663,1,low,0,0.0,0,2,1712.5081979704166,75.89661000686111,19.53915467719445,0,0,0,0,0,0,0,0,0,0,0,0,0,0,0,0,0,0,0,0,0,0,0,0,0,0,0,0,0,0,0.0,0.0,0.0,0.0,0.0,0.0,0.0,0.0,0.0,0.0,0.0,0.0
roll_02,2025-12-08T00:00:00+00:00,2026-01-19T00:00:00+00:00,2026-01-19T00:00:00+00:00,2026-01-26T00:00:00+00:00,1,0,2026-01-13 11:00:00+00:00,2026-01-13 12:00:00+00:00,1776.8351252307775,1,1098.783385659861,1712.5081979704166,632.5966184736388,1729.1863273721667,0,0,0,0,0,11,-0.9659258262890682,0.258819045102521,0,0,1,6.411032006055556,4.096896434388889,6.065839095694444,6.151445526944444,20.10092485888889,20.715051583388888,19.53915467719445,21.65975194513889,127.21179366422224,1351.2139548198334,75.89661000686111,1427.525714563778,1,low,0,0.0,0,2,1729.1863273721667,127.21179366422224,20.10092485888889,0,0,0,0,0,0,0,0,0,0,0,0,0,0,0,0,0,0,0,0,0,0,0,0,0,0,0,0,0,0,0.0,0.0,0.0,0.0,0.0,0.0,0.0,0.0,0.0,0.0,0.0,0.0
roll_02,2025-12-08T00:00:00+00:00,2026-01-19T00:00:00+00:00,2026-01-19T00:00:00+00:00,2026-01-26T00:00:00+00:00,1,0,2026-01-13 12:00:00+00:00,2026-01-13 13:00:00+00:00,1850.1251705731663,1,894.0836341709445,1729.1863273721667,-422.1210146441389,1776.8351252307775,0,0,0,0,0,12,-1.0,1.2246467991473532e-16,0,0,1,6.843188409,5.705180185861111,6.411032006055556,8.042106340527779,19.814930444777776,20.91122075105556,20.10092485888889,20.280064502833334,161.38882697286112,1418.4170547936944,127.21179366422224,1077.0554969643056,1,low,0,0.0,0,2,1776.8351252307775,161.38882697286112,19.814930444777776,0,0,0,0,0,0,0,0,0,0,0,0,0,0,0,0,0,0,0,0,0,0,0,0,0,0,0,0,0,0,0.0,0.0,0.0,0.0,0.0,0.0,0.0,0.0,0.0,0.0,0.0,0.0
roll_02,2025-12-08T00:00:00+00:00,2026-01-19T00:00:00+00:00,2026-01-19T00:00:00+00:00,2026-01-26T00:00:00+00:00,1,0,2026-01-13 13:00:00+00:00,2026-01-13 14:00:00+00:00,2103.8606620909723,1,329.2631219953055,1776.8351252307775,754.2202679822223,1850.1251705731663,0,0,0,0,0,13,-0.9659258262890684,-0.2588190451025208,0,0,1,7.213576107916666,7.415172003499999,6.843188409,8.886836191527777,19.35789605444444,19.90473764380556,19.814930444777776,20.89163533738889,125.87758148475,1116.548348416861,161.38882697286112,917.7112551677222,1,low,0,0.0,0,2,1850.1251705731663,125.87758148475,19.35789605444444,0,0,0,0,0,0,0,0,0,0,0,0,0,0,0,0,0,0,0,0,0,0,0,0,0,0,0,0,0,0,0.0,0.0,0.0,0.0,0.0,0.0,0.0,0.0,0.0,0.0,0.0,0.0
roll_02,2025-12-08T00:00:00+00:00,2026-01-19T00:00:00+00:00,2026-01-19T00:00:00+00:00,2026-01-26T00:00:00+00:00,1,0,2026-01-13 14:00:00+00:00,2026-01-13 15:00:00+00:00,1367.69234237475,1,967.2042220471388,1850.1251705731663,1500.3252466112224,2103.8606620909723,0,0,0,0,0,14,-0.8660254037844388,-0.4999999999999997,0,0,1,6.892581615,8.198499685916667,7.213576107916666,8.544484776166668,19.314774678777777,19.139504207694447,19.35789605444444,20.355432554527777,25.63169713905556,663.5079014291666,125.87758148475,366.2336248188056,1,low,0,0.0,0,2,2103.8606620909723,25.63169713905556,19.314774678777777,0,0,0,0,0,0,0,0,0,0,0,0,0,0,0,0,0,0,0,0,0,0,0,0,0,0,0,0,0,0,0.0,0.0,0.0,0.0,0.0,0.0,0.0,0.0,0.0,0.0,0.0,0.0
roll_02,2025-12-08T00:00:00+00:00,2026-01-19T00:00:00+00:00,2026-01-19T00:00:00+00:00,2026-01-26T00:00:00+00:00,1,0,2026-01-13 15:00:00+00:00,2026-01-13 16:00:00+00:00,2518.591872478111,1,2273.575334169805,2103.8606620909723,586.6202596731389,1367.69234237475,0,0,0,0,0,15,-0.7071067811865479,-0.7071067811865471,0,0,1,6.473090648055556,5.914092417194445,6.892581615,6.644266975333334,18.981844509638886,18.79304255436111,19.314774678777777,19.053108088833334,0.0,15.213389246138886,25.63169713905556,29.778236451166663,1,night,0,0.0,0,2,1367.69234237475,0.0,18.981844509638886,0,0,0,0,0,0,0,0,0,0,0,0,0,0,0,0,0,0,0,0,0,0,0,0,0,0,0,0,0,0,0.0,0.0,0.0,0.0,0.0,0.0,0.0,0.0,0.0,0.0,0.0,0.0
roll_02,2025-12-08T00:00:00+00:00,2026-01-19T00:00:00+00:00,2026-01-19T00:00:00+00:00,2026-01-26T00:00:00+00:00,1,0,2026-01-13 16:00:00+00:00,2026-01-13 17:00:00+00:00,2818.4871972926667,1,1652.948210602611,1367.69234237475,1670.774375533639,2518.591872478111,0,0,0,0,0,16,-0.5000000000000004,-0.8660254037844385,0,0,1,5.85150787425,3.205580150638889,6.473090648055556,5.279263939527778,19.342884771027776,18.458215798833333,18.981844509638886,19.11104975583333,0.0,0.0,0.0,0.0,0,night,0,0.0,0,2,2518.591872478111,0.0,19.342884771027776,0,0,0,0,0,0,0,0,0,0,0,0,0,0,0,0,0,0,0,0,0,0,0,0,0,0,0,0,0,0,0.0,0.0,0.0,0.0,0.0,0.0,0.0,0.0,0.0,0.0,0.0,0.0
roll_02,2025-12-08T00:00:00+00:00,2026-01-19T00:00:00+00:00,2026-01-19T00:00:00+00:00,2026-01-26T00:00:00+00:00,1,0,2026-01-13 17:00:00+00:00,2026-01-13 18:00:00+00:00,1383.2154217488053,1,2089.0237929649165,2518.591872478111,893.0618960396945,2818.4871972926667,0,0,0,0,0,17,-0.2588190451025206,-0.9659258262890684,0,0,1,5.551368765666666,1.8742345198611112,5.85150787425,4.219392392722222,19.703703886777777,18.29836174063889,19.342884771027776,18.65615157883333,0.0,0.0,0.0,0.0,0,night,0,0.0,0,2,2818.4871972926667,0.0,19.703703886777777,0,0,0,0,0,0,0,0,0,0,0,0,0,0,0,0,0,0,0,0,0,0,0,0,0,0,0,0,0,0,0.0,0.0,0.0,0.0,0.0,0.0,0.0,0.0,0.0,0.0,0.0,0.0
roll_02,2025-12-08T00:00:00+00:00,2026-01-19T00:00:00+00:00,2026-01-19T00:00:00+00:00,2026-01-26T00:00:00+00:00,1,0,2026-01-13 18:00:00+00:00,2026-01-13 19:00:00+00:00,962.6741752021112,1,2541.390361368472,2818.4871972926667,2274.0885418814723,1383.2154217488053,0,0,0,0,0,18,-1.8369701987210294e-16,-1.0,0,0,1,5.565244997222223,1.24759949625,5.551368765666666,4.016366639916667,19.3371023785,18.92124357877778,19.703703886777777,19.38624729958333,0.0,0.0,0.0,0.0,0,night,0,0.0,0,2,1383.2154217488053,0.0,19.3371023785,0,0,0,0,0,0,0,0,0,0,0,0,0,0,0,0,0,0,0,0,0,0,0,0,0,0,0,0,0,0,0.0,0.0,0.0,0.0,0.0,0.0,0.0,0.0,0.0,0.0,0.0,0.0
roll_02,2025-12-08T00:00:00+00:00,2026-01-19T00:00:00+00:00,2026-01-19T00:00:00+00:00,2026-01-26T00:00:00+00:00,1,0,2026-01-13 19:00:00+00:00,2026-01-13 20:00:00+00:00,2371.2932299861945,1,1259.8555531175557,1383.2154217488053,1365.6644136303612,962.6741752021112,0,0,0,0,0,19,0.2588190451025203,-0.9659258262890684,0,0,1,5.091562219055555,0.7831473823888889,5.565244997222223,3.884336086,19.555466913638888,18.88856847425,19.3371023785,19.382953398694443,0.0,0.0,0.0,0.0,0,night,0,0.0,0,2,962.6741752021112,0.0,19.555466913638888,0,0,0,0,0,0,0,0,0,0,0,0,0,0,0,0,0,0,0,0,0,0,0,0,0,0,0,0,0,0,0.0,0.0,0.0,0.0,0.0,0.0,0.0,0.0,0.0,0.0,0.0,0.0
roll_02,2025-12-08T00:00:00+00:00,2026-01-19T00:00:00+00:00,2026-01-19T00:00:00+00:00,2026-01-26T00:00:00+00:00,1,0,2026-01-13 20:00:00+00:00,2026-01-13 21:00:00+00:00,813.2224330626667,1,856.5431156826388,962.6741752021112,653.7379858252777,2371.2932299861945,0,0,0,0,0,20,0.5000000000000001,-0.8660254037844386,0,0,1,5.033024918888889,0.3566097239722222,5.091562219055555,3.633355686611111,19.82183390566667,18.596562272777778,19.555466913638888,19.144044949,0.0,0.0,0.0,0.0,0,night,0,0.0,0,2,2371.2932299861945,0.0,19.82183390566667,0,0,0,0,0,0,0,0,0,0,0,0,0,0,0,0,0,0,0,0,0,0,0,0,0,0,0,0,0,0,0.0,0.0,0.0,0.0,0.0,0.0,0.0,0.0,0.0,0.0,0.0,0.0
roll_02,2025-12-08T00:00:00+00:00,2026-01-19T00:00:00+00:00,2026-01-19T00:00:00+00:00,2026-01-26T00:00:00+00:00,1,0,2026-01-13 21:00:00+00:00,2026-01-13 22:00:00+00:00,1323.4556494799722,1,575.4723228509444,2371.2932299861945,1060.23997367125,813.2224330626667,0,0,0,0,0,21,0.7071067811865474,-0.7071067811865477,0,0,1,4.900254803388889,0.3184367013611111,5.033024918888889,3.5082212590277777,19.92269649358333,18.56220642625,19.82183390566667,19.25061404477778,0.0,0.0,0.0,0.0,0,night,0,0.0,0,1,813.2224330626667,0.0,19.92269649358333,0,0,0,0,0,0,0,0,0,0,0,0,0,0,0,0,0,0,0,0,0,0,0,0,0,0,0,0,0,0,0.0,0.0,0.0,0.0,0.0,0.0,0.0,0.0,0.0,0.0,0.0,0.0
roll_02,2025-12-08T00:00:00+00:00,2026-01-19T00:00:00+00:00,2026-01-19T00:00:00+00:00,2026-01-26T00:00:00+00:00,1,0,2026-01-13 22:00:00+00:00,2026-01-13 23:00:00+00:00,690.983777113111,1,379.3353790977222,813.2224330626667,372.6696216118889,1323.4556494799722,0,0,0,0,0,22,0.8660254037844384,-0.5000000000000004,0,0,1,4.787616396777778,0.1134802030555555,4.900254803388889,3.508406459083333,19.833271056222223,18.7725153515,19.92269649358333,19.15334913905556,0.0,0.0,0.0,0.0,0,night,0,0.0,0,1,1323.4556494799722,0.0,19.833271056222223,0,0,0,0,0,0,0,0,0,0,0,0,0,0,0,0,0,0,0,0,0,0,0,0,0,0,0,0,0,0,0.0,0.0,0.0,0.0,0.0,0.0,0.0,0.0,0.0,0.0,0.0,0.0
roll_02,2025-12-08T00:00:00+00:00,2026-01-19T00:00:00+00:00,2026-01-19T00:00:00+00:00,2026-01-26T00:00:00+00:00,1,0,2026-01-13 23:00:00+00:00,2026-01-14 00:00:00+00:00,373.91198171711113,1,372.6325051877778,1323.4556494799722,368.2867205090556,690.983777113111,0,0,0,0,0,23,0.965925826289068,-0.2588190451025215,0,0,1,4.36980794625,-0.2452416142222222,4.787616396777778,3.994434357833333,19.88424536811112,18.993671222388887,19.833271056222223,19.462697947166664,0.0,0.0,0.0,0.0,0,night,0,0.0,0,1,690.983777113111,0.0,19.88424536811112,0,0,0,0,0,0,0,0,0,0,0,0,0,0,0,0,0,0,0,0,0,0,0,0,0,0,0,0,0,0,0.0,0.0,0.0,0.0,0.0,0.0,0.0,0.0,0.0,0.0,0.0,0.0
roll_02,2025-12-08T00:00:00+00:00,2026-01-19T00:00:00+00:00,2026-01-19T00:00:00+00:00,2026-01-26T00:00:00+00:00,1,0,2026-01-14 00:00:00+00:00,2026-01-14 01:00:00+00:00,370.08383153427775,2,389.1375681515556,690.983777113111,366.1301339879167,373.91198171711113,0,0,0,0,0,0,1.0,0.0,0,0,1,4.374367734083333,-0.83725522175,4.36980794625,4.2014109405,20.386578095,19.530515540694445,19.88424536811112,19.87320784711111,0.0,0.0,0.0,0.0,0,night,0,0.0,0,1,373.91198171711113,0.0,20.386578095,0,0,0,0,0,0,0,0,0,0,0,0,0,0,0,0,0,0,0,0,0,0,0,0,0,0,0,0,0,0,0.0,0.0,0.0,0.0,0.0,1.0,0.0,0.0,0.0,1.0,0.0,0.0
roll_02,2025-12-08T00:00:00+00:00,2026-01-19T00:00:00+00:00,2026-01-19T00:00:00+00:00,2026-01-26T00:00:00+00:00,1,0,2026-01-14 01:00:00+00:00,2026-01-14 02:00:00+00:00,363.9680898908056,2,401.5769106128611,373.91198171711113,374.135321881,370.08383153427775,0,0,0,0,0,1,0.9659258262890684,0.2588190451025207,0,0,1,4.301661179916667,-1.0618205902777778,4.374367734083333,4.3023013942777775,20.26065134986111,19.523850264166665,20.386578095,19.950232376611112,0.0,0.0,0.0,0.0,0,night,0,0.0,0,1,370.08383153427775,0.0,20.26065134986111,0,0,0,0,0,0,0,0,0,0,0,0,0,0,0,0,0,0,0,0,0,0,0,0,0,0,0,0,0,0,0.0,0.0,0.0,0.0,0.0,1.0,0.0,0.0,0.0,1.0,0.0,0.0
roll_02,2025-12-08T00:00:00+00:00,2026-01-19T00:00:00+00:00,2026-01-19T00:00:00+00:00,2026-01-26T00:00:00+00:00,1,0,2026-01-14 02:00:00+00:00,2026-01-14 03:00:00+00:00,367.8678755790834,2,377.4491772511944,370.08383153427775,383.9471823114166,363.9680898908056,0,0,0,0,0,2,0.8660254037844387,0.4999999999999999,0,0,1,4.175813798388888,-1.5771047166944443,4.301661179916667,4.376585781888889,20.36533343461111,19.47384959686111,20.26065134986111,19.77146809105556,0.0,0.0,0.0,0.0,0,night,0,0.0,0,1,363.9680898908056,0.0,20.36533343461111,0,0,0,0,0,0,0,0,0,0,0,0,0,0,0,0,0,0,0,0,0,0,0,0,0,0,0,0,0,0,0.0,0.0,0.0,0.0,0.0,1.0,0.0,0.0,0.0,1.0,0.0,0.0
roll_02,2025-12-08T00:00:00+00:00,2026-01-19T00:00:00+00:00,2026-01-19T00:00:00+00:00,2026-01-26T00:00:00+00:00,1,0,2026-01-14 03:00:00+00:00,2026-01-14 04:00:00+00:00,1021.3973762487502,2,390.0319296185555,363.9680898908056,367.6768063598889,367.8678755790834,0,0,0,0,0,3,0.7071067811865476,0.7071067811865476,0,0,1,4.060635091555556,-1.7605731103333333,4.175813798388888,4.4642516751666665,20.23459653830556,19.39951687969444,20.36533343461111,19.56677161197222,0.0,0.0,0.0,0.0,0,night,0,0.0,0,1,367.8678755790834,0.0,20.23459653830556,0,0,0,0,0,0,0,0,0,0,0,0,0,0,0,0,0,0,0,0,0,0,0,0,0,0,0,0,0,0,0.0,0.0,0.0,0.0,0.0,0.0,0.0,0.0,0.0,1.0,0.0,0.0
roll_02,2025-12-08T00:00:00+00:00,2026-01-19T00:00:00+00:00,2026-01-19T00:00:00+00:00,2026-01-26T00:00:00+00:00,1,0,2026-01-14 04:00:00+00:00,2026-01-14 05:00:00+00:00,2059.780215135472,2,995.877723643,367.8678755790834,977.1223704921111,1021.3973762487502,0,0,0,0,0,4,0.5000000000000001,0.8660254037844386,0,0,1,4.003444144972222,-2.175260116888889,4.060635091555556,4.600431492361111,20.134824625472223,19.593634764166666,20.23459653830556,19.84487690761112,0.0,0.0,0.0,0.0,0,night,0,0.0,0,1,1021.3973762487502,0.0,20.134824625472223,0,0,0,0,0,0,0,0,0,0,0,0,0,0,0,0,0,0,0,0,0,0,0,0,0,0,0,0,0,0,0.0,0.0,0.0,0.0,0.0,0.0,0.0,0.0,0.0,1.0,0.0,0.0
roll_02,2025-12-08T00:00:00+00:00,2026-01-19T00:00:00+00:00,2026-01-19T00:00:00+00:00,2026-01-26T00:00:00+00:00,1,0,2026-01-14 05:00:00+00:00,2026-01-14 06:00:00+00:00,1951.7951114496389,2,2048.148801472083,1021.3973762487502,2001.738657636584,2059.780215135472,0,0,0,0,0,5,0.2588190451025207,0.9659258262890684,0,0,1,4.117087354722222,-2.138426025055556,4.003444144972222,4.516244777583333,20.124028981166667,19.57790496161111,20.134824625472223,20.02328279972222,0.0,0.0,0.0,0.0,0,night,0,0.0,0,1,2059.780215135472,0.0,20.124028981166667,0,0,0,0,0,0,0,0,0,0,0,0,0,0,0,0,0,0,0,0,0,0,0,0,0,0,0,0,0,0,0.0,0.0,0.0,0.0,0.0,0.0,0.0,0.0,0.0,0.0,0.0,0.0
roll_02,2025-12-08T00:00:00+00:00,2026-01-19T00:00:00+00:00,2026-01-19T00:00:00+00:00,2026-01-26T00:00:00+00:00,1,0,2026-01-14 06:00:00+00:00,2026-01-14 07:00:00+00:00,1687.1433126186946,2,2144.072206509945,2059.780215135472,2099.6764230465,1951.7951114496389,0,0,0,0,0,6,6.123233995736766e-17,1.0,0,0,1,4.254348787194444,-2.334666141611111,4.117087354722222,4.763350271222222,19.934132118,19.242493166972224,20.124028981166667,19.945872866472225,0.0,0.0,0.0,0.0,0,night,0,0.0,0,1,1951.7951114496389,0.0,19.934132118,0,0,0,0,0,0,0,0,0,0,0,0,0,0,0,0,0,0,0,0,0,0,0,0,0,0,0,0,0,0,0.0,0.0,0.0,0.0,0.0,0.0,0.0,0.0,0.0,0.0,0.0,0.0
roll_02,2025-12-08T00:00:00+00:00,2026-01-19T00:00:00+00:00,2026-01-19T00:00:00+00:00,2026-01-26T00:00:00+00:00,1,0,2026-01-14 07:00:00+00:00,2026-01-14 08:00:00+00:00,1700.1424731680556,2,1962.395727615584,1951.7951114496389,1798.5318447581387,1687.1433126186946,0,0,0,0,0,7,-0.2588190451025206,0.9659258262890684,0,0,1,4.355129028611111,-1.857353954,4.254348787194444,5.146098303527778,19.907104928583333,18.54471837513889,19.934132118,19.215107962944447,0.0,0.0,0.0,0.0,1,night,0,0.0,0,1,1687.1433126186946,0.0,19.907104928583333,0,0,0,0,0,0,0,0,0,0,0,0,0,0,0,0,0,0,0,0,0,0,0,0,0,0,0,0,0,0,0.0,0.0,0.0,0.0,0.0,0.0,0.0,0.0,0.0,0.0,0.0,0.0
roll_02,2025-12-08T00:00:00+00:00,2026-01-19T00:00:00+00:00,2026-01-19T00:00:00+00:00,2026-01-26T00:00:00+00:00,1,0,2026-01-14 08:00:00+00:00,2026-01-14 09:00:00+00:00,1616.381493539,2,1449.9337721436666,1687.1433126186946,1792.85737564,1700.1424731680556,0,0,0,0,0,8,-0.4999999999999998,0.8660254037844387,0,0,1,4.627706611055555,-0.4426733692222222,4.355129028611111,5.574331767527777,20.452670910722222,19.39568181513889,19.907104928583333,19.78762391975,0.0,570.0789902141945,0.0,34.78762225408333,1,night,0,0.0,0,1,1700.1424731680556,0.0,20.452670910722222,0,0,0,0,0,0,0,0,0,0,0,0,0,0,0,0,0,0,0,0,0,0,0,0,0,0,0,0,0,0,0.0,0.0,0.0,0.0,0.0,0.0,0.0,0.0,0.0,0.0,0.0,0.0
roll_02,2025-12-08T00:00:00+00:00,2026-01-19T00:00:00+00:00,2026-01-19T00:00:00+00:00,2026-01-26T00:00:00+00:00,1,0,2026-01-14 09:00:00+00:00,2026-01-14 10:00:00+00:00,1771.2370990303614,2,1045.4205219210555,1700.1424731680556,1704.9205994411388,1616.381493539,0,0,0,0,0,9,-0.7071067811865475,0.7071067811865476,0,0,1,5.024308661138889,0.9949755484444444,4.627706611055555,5.704844287583334,20.41466703861111,20.01117311875,20.452670910722222,19.322890420722224,115.05220435744444,944.5843582863334,0.0,81.0947692918889,1,low,0,0.0,0,2,1616.381493539,115.05220435744444,20.41466703861111,0,0,0,0,0,0,0,0,0,0,0,0,0,0,0,0,0,0,0,0,0,0,0,0,0,0,0,0,0,0,0.0,0.0,0.0,0.0,0.0,0.0,0.0,0.0,0.0,0.0,0.0,0.0
roll_02,2025-12-08T00:00:00+00:00,2026-01-19T00:00:00+00:00,2026-01-19T00:00:00+00:00,2026-01-26T00:00:00+00:00,1,0,2026-01-14 10:00:00+00:00,2026-01-14 11:00:00+00:00,1698.523145841389,2,760.5154770373333,1616.381493539,1712.5081979704166,1771.2370990303614,0,0,0,0,0,10,-0.8660254037844387,0.4999999999999999,0,0,1,5.432306789416667,1.9578350736111112,5.024308661138889,6.065839095694444,20.172151427166664,20.312036394777778,20.41466703861111,19.53915467719445,33.43036787752778,1264.831612533833,115.05220435744444,75.89661000686111,1,low,0,0.0,0,2,1771.2370990303614,33.43036787752778,20.172151427166664,0,0,0,0,0,0,0,0,0,0,0,0,0,0,0,0,0,0,0,0,0,0,0,0,0,0,0,0,0,0,0.0,0.0,0.0,0.0,0.0,0.0,0.0,0.0,0.0,0.0,0.0,0.0
roll_02,2025-12-08T00:00:00+00:00,2026-01-19T00:00:00+00:00,2026-01-19T00:00:00+00:00,2026-01-26T00:00:00+00:00,1,0,2026-01-14 11:00:00+00:00,2026-01-14 12:00:00+00:00,986.6906551339166,2,546.3529176781944,1771.2370990303614,1729.1863273721667,1698.523145841389,0,0,0,0,0,11,-0.9659258262890682,0.258819045102521,0,0,1,5.742981328027778,2.4392818327777777,5.432306789416667,6.411032006055556,19.860319106222224,24.623482295972224,20.172151427166664,20.10092485888889,89.70113270638889,1540.4049076230278,33.43036787752778,127.21179366422224,1,low,0,0.0,0,2,1698.523145841389,89.70113270638889,19.860319106222224,0,0,0,0,0,0,0,0,0,0,0,0,0,0,0,0,0,0,0,0,0,0,0,0,0,0,0,0,0,0,0.0,0.0,0.0,0.0,0.0,0.0,0.0,0.0,0.0,0.0,0.0,0.0
roll_02,2025-12-08T00:00:00+00:00,2026-01-19T00:00:00+00:00,2026-01-19T00:00:00+00:00,2026-01-26T00:00:00+00:00,1,0,2026-01-14 12:00:00+00:00,2026-01-14 13:00:00+00:00,1215.6235662438055,2,756.1850252865555,1698.523145841389,1776.8351252307775,986.6906551339166,0,0,0,0,0,12,-1.0,1.2246467991473532e-16,0,0,1,6.181814728333333,3.0398306009166665,5.742981328027778,6.843188409,19.29081991602777,21.195236754666663,19.860319106222224,19.814930444777776,108.82108360533334,1439.505969516472,89.70113270638889,161.38882697286112,1,low,0,0.0,0,2,986.6906551339166,108.82108360533334,19.29081991602777,0,0,0,0,0,0,0,0,0,0,0,0,0,0,0,0,0,0,0,0,0,0,0,0,0,0,0,0,0,0,0.0,0.0,0.0,0.0,0.0,0.0,0.0,0.0,0.0,0.0,0.0,0.0
roll_02,2025-12-08T00:00:00+00:00,2026-01-19T00:00:00+00:00,2026-01-19T00:00:00+00:00,2026-01-26T00:00:00+00:00,1,0,2026-01-14 13:00:00+00:00,2026-01-14 14:00:00+00:00,1567.194707997861,2,1302.286245294389,986.6906551339166,1850.1251705731663,1215.6235662438055,0,0,0,0,0,13,-0.9659258262890684,-0.2588190451025208,0,0,1,6.522614021444444,4.212726052527778,6.181814728333333,7.213576107916666,19.14399669966667,20.18060452627778,19.29081991602777,19.35789605444444,44.19311912005556,1182.3181012871669,108.82108360533334,125.87758148475,1,low,0,0.0,0,2,1215.6235662438055,44.19311912005556,19.14399669966667,0,0,0,0,0,0,0,0,0,0,0,0,0,0,0,0,0,0,0,0,0,0,0,0,0,0,0,0,0,0,0.0,0.0,0.0,0.0,0.0,0.0,0.0,0.0,0.0,0.0,0.0,0.0
roll_02,2025-12-08T00:00:00+00:00,2026-01-19T00:00:00+00:00,2026-01-19T00:00:00+00:00,2026-01-26T00:00:00+00:00,1,0,2026-01-14 14:00:00+00:00,2026-01-14 15:00:00+00:00,1578.744458172111,2,1726.787963903611,1215.6235662438055,2103.8606620909723,1567.194707997861,0,0,0,0,0,14,-0.8660254037844388,-0.4999999999999997,0,0,1,6.668629153166666,4.414327284722222,6.522614021444444,6.892581615,19.106394929388888,18.96121669636111,19.14399669966667,19.314774678777777,0.0,628.2047391991667,44.19311912005556,25.63169713905556,1,night,0,0.0,0,2,1567.194707997861,0.0,19.106394929388888,0,0,0,0,0,0,0,0,0,0,0,0,0,0,0,0,0,0,0,0,0,0,0,0,0,0,0,0,0,0,0.0,0.0,0.0,0.0,0.0,0.0,0.0,0.0,0.0,0.0,0.0,0.0
roll_02,2025-12-08T00:00:00+00:00,2026-01-19T00:00:00+00:00,2026-01-19T00:00:00+00:00,2026-01-26T00:00:00+00:00,1,0,2026-01-14 15:00:00+00:00,2026-01-14 16:00:00+00:00,1624.9310390754445,2,2477.2962560777223,1567.194707997861,1367.69234237475,1578.744458172111,0,0,0,0,0,15,-0.7071067811865479,-0.7071067811865471,0,0,1,6.565780549027778,3.245419476666666,6.668629153166666,6.473090648055556,19.14164701436111,19.184675615388887,19.106394929388888,18.981844509638886,0.0,21.8963531215,0.0,0.0,1,night,0,0.0,0,2,1578.744458172111,0.0,19.14164701436111,0,0,0,0,0,0,0,0,0,0,0,0,0,0,0,0,0,0,0,0,0,0,0,0,0,0,0,0,0,0,0.0,0.0,0.0,0.0,0.0,0.0,0.0,0.0,0.0,0.0,0.0,0.0
roll_02,2025-12-08T00:00:00+00:00,2026-01-19T00:00:00+00:00,2026-01-19T00:00:00+00:00,2026-01-26T00:00:00+00:00,1,0,2026-01-14 16:00:00+00:00,2026-01-14 17:00:00+00:00,1793.6743844524724,2,2736.9958837058616,1578.744458172111,2518.591872478111,1624.9310390754445,0,0,0,0,0,16,-0.5000000000000004,-0.8660254037844385,0,0,1,6.580184991083333,1.6886237109166666,6.565780549027778,5.85150787425,19.24061198258333,19.02204263538889,19.14164701436111,19.342884771027776,0.0,0.0,0.0,0.0,0,night,0,0.0,0,2,1624.9310390754445,0.0,19.24061198258333,0,0,0,0,0,0,0,0,0,0,0,0,0,0,0,0,0,0,0,0,0,0,0,0,0,0,0,0,0,0,0.0,0.0,0.0,0.0,0.0,0.0,0.0,0.0,0.0,0.0,0.0,0.0
roll_02,2025-12-08T00:00:00+00:00,2026-01-19T00:00:00+00:00,2026-01-19T00:00:00+00:00,2026-01-26T00:00:00+00:00,1,0,2026-01-14 17:00:00+00:00,2026-01-14 18:00:00+00:00,1048.612189175861,2,2262.745013387778,1624.9310390754445,2818.4871972926667,1793.6743844524724,0,0,0,0,0,17,-0.2588190451025206,-0.9659258262890684,0,0,1,6.7399584603888885,0.6640826144444444,6.580184991083333,5.551368765666666,18.989385271777778,19.445126605,19.24061198258333,19.703703886777777,0.0,0.0,0.0,0.0,0,night,0,0.0,0,2,1793.6743844524724,0.0,18.989385271777778,0,0,0,0,0,0,0,0,0,0,0,0,0,0,0,0,0,0,0,0,0,0,0,0,0,0,0,0,0,0,0.0,0.0,0.0,0.0,0.0,0.0,0.0,0.0,0.0,0.0,0.0,0.0
roll_02,2025-12-08T00:00:00+00:00,2026-01-19T00:00:00+00:00,2026-01-19T00:00:00+00:00,2026-01-26T00:00:00+00:00,1,0,2026-01-14 18:00:00+00:00,2026-01-14 19:00:00+00:00,1797.1453520931666,2,1568.7467902066112,1793.6743844524724,1383.2154217488053,1048.612189175861,0,0,0,0,0,18,-1.8369701987210294e-16,-1.0,0,0,1,7.065830788222222,0.0305977500833333,6.7399584603888885,5.565244997222223,19.395188082444445,19.31415853788889,18.989385271777778,19.3371023785,0.0,0.0,0.0,0.0,0,night,0,0.0,0,2,1048.612189175861,0.0,19.395188082444445,0,0,0,0,0,0,0,0,0,0,0,0,0,0,0,0,0,0,0,0,0,0,0,0,0,0,0,0,0,0,0.0,0.0,0.0,0.0,0.0,0.0,0.0,0.0,0.0,0.0,0.0,0.0
roll_02,2025-12-08T00:00:00+00:00,2026-01-19T00:00:00+00:00,2026-01-19T00:00:00+00:00,2026-01-26T00:00:00+00:00,1,0,2026-01-14 19:00:00+00:00,2026-01-14 20:00:00+00:00,741.7054459836112,2,2191.9078966617776,1048.612189175861,962.6741752021112,1797.1453520931666,0,0,0,0,0,19,0.2588190451025203,-0.9659258262890684,0,0,1,6.7976319745,-0.5172285606388889,7.065830788222222,5.091562219055555,20.13497632016667,19.633846631416667,19.395188082444445,19.555466913638888,0.0,0.0,0.0,0.0,0,night,0,0.0,0,2,1797.1453520931666,0.0,20.13497632016667,0,0,0,0,0,0,0,0,0,0,0,0,0,0,0,0,0,0,0,0,0,0,0,0,0,0,0,0,0,0,0.0,0.0,0.0,0.0,0.0,0.0,0.0,0.0,0.0,0.0,0.0,0.0
roll_02,2025-12-08T00:00:00+00:00,2026-01-19T00:00:00+00:00,2026-01-19T00:00:00+00:00,2026-01-26T00:00:00+00:00,1,0,2026-01-14 20:00:00+00:00,2026-01-14 21:00:00+00:00,554.3527368332501,2,974.76946242625,1797.1453520931666,2371.2932299861945,741.7054459836112,0,0,0,0,0,20,0.5000000000000001,-0.8660254037844386,0,0,1,6.660144965333333,-0.8401728560833334,6.7976319745,5.033024918888889,19.98757817386112,18.864326428194445,20.13497632016667,19.82183390566667,0.0,0.0,0.0,0.0,0,night,0,0.0,0,2,741.7054459836112,0.0,19.98757817386112,0,0,0,0,0,0,0,0,0,0,0,0,0,0,0,0,0,0,0,0,0,0,0,0,0,0,0,0,0,0,0.0,0.0,0.0,0.0,0.0,0.0,0.0,0.0,0.0,0.0,0.0,0.0
roll_02,2025-12-08T00:00:00+00:00,2026-01-19T00:00:00+00:00,2026-01-19T00:00:00+00:00,2026-01-26T00:00:00+00:00,1,0,2026-01-14 21:00:00+00:00,2026-01-14 22:00:00+00:00,374.6190320515,2,588.3848682054444,741.7054459836112,813.2224330626667,554.3527368332501,0,0,0,0,0,21,0.7071067811865474,-0.7071067811865477,0,0,1,6.3999320517500005,-1.128014455416667,6.660144965333333,4.900254803388889,19.87022840075,18.75661051636111,19.98757817386112,19.92269649358333,0.0,0.0,0.0,0.0,0,night,0,0.0,0,2,554.3527368332501,0.0,19.87022840075,0,0,0,0,0,0,0,0,0,0,0,0,0,0,0,0,0,0,0,0,0,0,0,0,0,0,0,0,0,0,0.0,0.0,0.0,0.0,0.0,0.0,0.0,0.0,0.0,0.0,0.0,0.0
roll_02,2025-12-08T00:00:00+00:00,2026-01-19T00:00:00+00:00,2026-01-19T00:00:00+00:00,2026-01-26T00:00:00+00:00,1,0,2026-01-14 22:00:00+00:00,2026-01-14 23:00:00+00:00,391.3148025667222,2,377.2789850275833,554.3527368332501,1323.4556494799722,374.6190320515,0,0,0,1,0,22,0.8660254037844384,-0.5000000000000004,0,0,1,6.275947400166667,-1.4860077283055555,6.3999320517500005,4.787616396777778,19.746410043166662,19.03885806752778,19.87022840075,19.833271056222223,0.0,0.0,0.0,0.0,0,night,0,0.0,0,2,374.6190320515,,19.746410043166662,0,0,0,0,0,0,0,0,0,0,0,0,1,0,0,1,0,1,0,0,1,1,0,2,0,0,0,2,0,0,0.0,0.0,0.0,0.0,0.0,0.0,0.0,0.0,0.0,0.0,0.0,0.0
roll_02,2025-12-08T00:00:00+00:00,2026-01-19T00:00:00+00:00,2026-01-19T00:00:00+00:00,2026-01-26T00:00:00+00:00,1,0,2026-01-14 23:00:00+00:00,2026-01-15 00:00:00+00:00,367.0031919465834,2,379.2127282198055,374.6190320515,690.983777113111,391.3148025667222,0,0,0,1,0,23,0.965925826289068,-0.2588190451025215,0,0,1,6.070554045388889,-1.7941674180277778,6.275947400166667,4.36980794625,20.0141855075,19.26671900708333,19.746410043166662,19.88424536811112,0.0,0.0,0.0,0.0,0,night,0,0.0,0,2,391.3148025667222,,20.0141855075,0,0,0,0,0,0,0,0,0,0,0,0,1,0,0,1,0,1,0,0,1,1,0,2,0,0,0,2,0,0,0.0,1.0,0.0,0.0,0.0,0.0,0.0,0.0,0.0,1.0,0.0,0.0
roll_02,2025-12-08T00:00:00+00:00,2026-01-19T00:00:00+00:00,2026-01-19T00:00:00+00:00,2026-01-26T00:00:00+00:00,1,0,2026-01-15 00:00:00+00:00,2026-01-15 01:00:00+00:00,371.0505770755,3,398.8101495591666,391.3148025667222,373.91198171711113,367.0031919465834,0,0,0,0,0,0,1.0,0.0,0,0,1,6.013936589527778,-2.120993805888889,6.070554045388889,4.374367734083333,20.45064362852778,19.437198329,20.0141855075,20.386578095,0.0,0.0,0.0,0.0,0,night,0,0.0,0,2,367.0031919465834,0.0,20.45064362852778,0,0,0,0,0,0,0,0,0,0,0,0,0,0,0,0,0,0,0,0,0,0,0,0,0,0,0,0,0,0,0.0,1.0,0.0,0.0,0.0,0.0,0.0,0.0,0.0,1.0,0.0,0.0
roll_02,2025-12-08T00:00:00+00:00,2026-01-19T00:00:00+00:00,2026-01-19T00:00:00+00:00,2026-01-26T00:00:00+00:00,1,0,2026-01-15 01:00:00+00:00,2026-01-15 02:00:00+00:00,364.3398802528056,3,401.6086582135,367.0031919465834,370.08383153427775,371.0505770755,0,0,0,0,0,1,0.9659258262890684,0.2588190451025207,0,0,1,6.036887216611111,-2.904004267666666,6.013936589527778,4.301661179916667,20.43497777380556,19.364533126916665,20.45064362852778,20.26065134986111,0.0,0.0,0.0,0.0,0,night,0,0.0,0,2,371.0505770755,0.0,20.43497777380556,0,0,0,0,0,0,0,0,0,0,0,0,0,0,0,0,0,0,0,0,0,0,0,0,0,0,0,0,0,0,0.0,0.0,0.0,0.0,0.0,0.0,0.0,0.0,0.0,1.0,0.0,0.0
roll_02,2025-12-08T00:00:00+00:00,2026-01-19T00:00:00+00:00,2026-01-19T00:00:00+00:00,2026-01-26T00:00:00+00:00,1,0,2026-01-15 02:00:00+00:00,2026-01-15 03:00:00+00:00,373.5574161077223,3,395.4177442066111,371.0505770755,363.9680898908056,364.3398802528056,0,0,0,0,0,2,0.8660254037844387,0.4999999999999999,0,0,1,6.034736897444444,-3.008245094,6.036887216611111,4.175813798388888,20.54579069075,19.27823681427778,20.43497777380556,20.36533343461111,0.0,0.0,0.0,0.0,0,night,0,0.0,0,2,364.3398802528056,0.0,20.54579069075,0,0,0,0,0,0,0,0,0,0,0,0,0,0,0,0,0,0,0,0,0,0,0,0,0,0,0,0,0,0,0.0,0.0,0.0,0.0,0.0,0.0,0.0,0.0,0.0,1.0,0.0,0.0
roll_02,2025-12-08T00:00:00+00:00,2026-01-19T00:00:00+00:00,2026-01-19T00:00:00+00:00,2026-01-26T00:00:00+00:00,1,0,2026-01-15 03:00:00+00:00,2026-01-15 04:00:00+00:00,1052.1522978683056,3,489.5676838576112,364.3398802528056,367.8678755790834,373.5574161077223,0,0,0,0,0,3,0.7071067811865476,0.7071067811865476,0,0,1,5.914457750944444,-3.1194813431944444,6.034736897444444,4.060635091555556,20.35707342683333,19.21679876655556,20.54579069075,20.23459653830556,0.0,0.0,0.0,0.0,0,night,0,0.0,0,2,373.5574161077223,0.0,20.35707342683333,0,0,0,0,0,0,0,0,0,0,0,0,0,0,0,0,0,0,0,0,0,0,0,0,0,0,0,0,0,0,0.0,0.0,0.0,0.0,0.0,0.0,0.0,0.0,0.0,1.0,0.0,0.0
roll_02,2025-12-08T00:00:00+00:00,2026-01-19T00:00:00+00:00,2026-01-19T00:00:00+00:00,2026-01-26T00:00:00+00:00,1,0,2026-01-15 04:00:00+00:00,2026-01-15 05:00:00+00:00,2039.245831840444,3,1013.4860831681112,373.5574161077223,1021.3973762487502,1052.1522978683056,0,0,0,0,0,4,0.5000000000000001,0.8660254037844386,0,0,1,5.925028980166666,-2.941260518777778,5.914457750944444,4.003444144972222,20.59579628066667,19.30795908583333,20.35707342683333,20.134824625472223,0.0,0.0,0.0,0.0,0,night,0,0.0,0,2,1052.1522978683056,0.0,20.59579628066667,0,0,0,0,0,0,0,0,0,0,0,0,0,0,0,0,0,0,0,0,0,0,0,0,0,0,0,0,0,0,0.0,0.0,0.0,0.0,0.0,0.0,0.0,0.0,0.0,0.0,0.0,0.0
roll_02,2025-12-08T00:00:00+00:00,2026-01-19T00:00:00+00:00,2026-01-19T00:00:00+00:00,2026-01-26T00:00:00+00:00,1,0,2026-01-15 05:00:00+00:00,2026-01-15 06:00:00+00:00,2008.2256900938053,3,2046.8079468206668,1052.1522978683056,2059.780215135472,2039.245831840444,0,0,0,0,0,5,0.2588190451025207,0.9659258262890684,0,0,1,5.866083384027778,-0.6244157646666665,5.925028980166666,4.117087354722222,20.27639611691667,19.49536178544444,20.59579628066667,20.124028981166667,0.0,0.0,0.0,0.0,0,night,0,0.0,0,2,2039.245831840444,0.0,20.27639611691667,0,0,0,0,0,0,0,0,0,0,0,0,0,0,0,0,0,0,0,0,0,0,0,0,0,0,0,0,0,0,0.0,0.0,0.0,0.0,0.0,0.0,0.0,0.0,0.0,0.0,0.0,0.0
roll_02,2025-12-08T00:00:00+00:00,2026-01-19T00:00:00+00:00,2026-01-19T00:00:00+00:00,2026-01-26T00:00:00+00:00,1,0,2026-01-15 06:00:00+00:00,2026-01-15 07:00:00+00:00,1864.800559224361,3,2002.5342499304168,2039.245831840444,1951.7951114496389,2008.2256900938053,0,0,0,0,0,6,6.123233995736766e-17,1.0,0,0,1,5.855689930055555,3.079196885472222,5.866083384027778,4.254348787194444,19.47680676319445,19.399240677722226,20.27639611691667,19.934132118,0.0,0.0,0.0,0.0,0,night,0,0.0,0,2,2008.2256900938053,0.0,19.47680676319445,0,0,0,0,0,0,0,0,0,0,0,0,0,0,0,0,0,0,0,0,0,0,0,0,0,0,0,0,0,0,0.0,0.0,0.0,0.0,0.0,0.0,0.0,0.0,0.0,0.0,0.0,0.0
roll_02,2025-12-08T00:00:00+00:00,2026-01-19T00:00:00+00:00,2026-01-19T00:00:00+00:00,2026-01-26T00:00:00+00:00,1,0,2026-01-15 07:00:00+00:00,2026-01-15 08:00:00+00:00,1891.1646381102776,3,1850.8068317207776,2008.2256900938053,1687.1433126186946,1864.800559224361,0,0,0,0,0,7,-0.2588190451025206,0.9659258262890684,0,0,1,5.939965576,-2.460782343555556,5.855689930055555,4.355129028611111,18.746181867083333,19.351266054333333,19.47680676319445,19.907104928583333,0.0,0.0,0.0,0.0,1,night,0,0.0,0,2,1864.800559224361,0.0,18.746181867083333,0,0,0,0,0,0,0,0,0,0,0,0,0,0,0,0,0,0,0,0,0,0,0,0,0,0,0,0,0,0,0.0,0.0,0.0,0.0,0.0,0.0,0.0,0.0,0.0,0.0,0.0,0.0
roll_02,2025-12-08T00:00:00+00:00,2026-01-19T00:00:00+00:00,2026-01-19T00:00:00+00:00,2026-01-26T00:00:00+00:00,1,0,2026-01-15 08:00:00+00:00,2026-01-15 09:00:00+00:00,1853.015352479528,3,1538.5037201446942,1864.800559224361,1700.1424731680556,1891.1646381102776,0,0,0,0,0,8,-0.4999999999999998,0.8660254037844387,0,0,1,6.0540732603333325,-1.67364147725,5.939965576,4.627706611055555,19.051684740972224,19.74709173080556,18.746181867083333,20.452670910722222,0.0,469.6490468964166,0.0,0.0,1,night,0,0.0,0,2,1891.1646381102776,0.0,19.051684740972224,0,0,0,0,0,0,0,0,0,0,0,0,0,0,0,0,0,0,0,0,0,0,0,0,0,0,0,0,0,0,0.0,0.0,0.0,0.0,0.0,0.0,0.0,0.0,0.0,0.0,0.0,0.0
roll_02,2025-12-08T00:00:00+00:00,2026-01-19T00:00:00+00:00,2026-01-19T00:00:00+00:00,2026-01-26T00:00:00+00:00,1,0,2026-01-15 09:00:00+00:00,2026-01-15 10:00:00+00:00,1753.4225527633614,3,1246.2386662023334,1891.1646381102776,1616.381493539,1853.015352479528,0,0,0,0,0,9,-0.7071067811865475,0.7071067811865476,0,0,1,6.356309699972222,-0.3285788842222222,6.0540732603333325,5.024308661138889,20.157227171944445,19.877910395111112,19.051684740972224,20.41466703861111,71.04931229527777,693.6095931546666,0.0,115.05220435744444,1,low,0,0.0,0,2,1853.015352479528,71.04931229527777,20.157227171944445,0,0,0,0,0,0,0,0,0,0,0,0,0,0,0,0,0,0,0,0,0,0,0,0,0,0,0,0,0,0,0.0,0.0,0.0,0.0,0.0,0.0,0.0,0.0,0.0,0.0,0.0,0.0
roll_02,2025-12-08T00:00:00+00:00,2026-01-19T00:00:00+00:00,2026-01-19T00:00:00+00:00,2026-01-26T00:00:00+00:00,1,0,2026-01-15 10:00:00+00:00,2026-01-15 11:00:00+00:00,1683.7846975026666,3,1154.3803733119444,1853.015352479528,1771.2370990303614,1753.4225527633614,0,0,0,0,0,10,-0.8660254037844387,0.4999999999999999,0,0,1,7.095990240444444,0.9859336270277778,6.356309699972222,5.432306789416667,19.88121188980556,20.16940789636111,20.157227171944445,20.172151427166664,190.55258295625003,861.0507605769722,71.04931229527777,33.43036787752778,1,low,0,0.0,0,2,1753.4225527633614,190.55258295625003,19.88121188980556,0,0,0,0,0,0,0,0,0,0,0,0,0,0,0,0,0,0,0,0,0,0,0,0,0,0,0,0,0,0,0.0,0.0,0.0,0.0,0.0,0.0,0.0,0.0,0.0,0.0,0.0,0.0
roll_02,2025-12-08T00:00:00+00:00,2026-01-19T00:00:00+00:00,2026-01-19T00:00:00+00:00,2026-01-26T00:00:00+00:00,1,0,2026-01-15 11:00:00+00:00,2026-01-15 12:00:00+00:00,662.9256880891389,3,1112.5980900928612,1753.4225527633614,1698.523145841389,1683.7846975026666,0,0,0,0,0,11,-0.9659258262890682,0.258819045102521,0,0,1,7.735721079805555,2.126837025805556,7.095990240444444,5.742981328027778,23.38672065052777,23.31224428980555,19.88121188980556,19.860319106222224,176.48683570197224,913.1481082111112,190.55258295625003,89.70113270638889,1,low,0,0.0,0,2,1683.7846975026666,176.48683570197224,23.38672065052777,0,0,0,0,0,0,0,0,0,0,0,0,0,0,0,0,0,0,0,0,0,0,0,0,0,0,0,0,0,0,0.0,0.0,0.0,0.0,0.0,0.0,0.0,0.0,0.0,0.0,0.0,0.0
roll_02,2025-12-08T00:00:00+00:00,2026-01-19T00:00:00+00:00,2026-01-19T00:00:00+00:00,2026-01-26T00:00:00+00:00,1,0,2026-01-15 12:00:00+00:00,2026-01-15 13:00:00+00:00,1670.502586263833,3,697.50058879075,1683.7846975026666,986.6906551339166,662.9256880891389,0,0,0,0,0,12,-1.0,1.2246467991473532e-16,0,0,1,7.640280755611111,4.213676707777778,7.735721079805555,6.181814728333333,18.96813179475,26.38240086858333,23.38672065052777,19.29081991602777,137.67527449247223,1404.1620500711945,176.48683570197224,108.82108360533334,1,low,0,0.0,0,2,662.9256880891389,137.67527449247223,18.96813179475,0,0,0,0,0,0,0,0,0,0,0,0,0,0,0,0,0,0,0,0,0,0,0,0,0,0,0,0,0,0,0.0,0.0,0.0,0.0,0.0,0.0,0.0,0.0,0.0,0.0,0.0,0.0
roll_02,2025-12-08T00:00:00+00:00,2026-01-19T00:00:00+00:00,2026-01-19T00:00:00+00:00,2026-01-26T00:00:00+00:00,1,0,2026-01-15 13:00:00+00:00,2026-01-15 14:00:00+00:00,1481.236402503917,3,1350.37595587875,662.9256880891389,1215.6235662438055,1670.502586263833,0,0,0,0,0,13,-0.9659258262890684,-0.2588190451025208,0,0,1,7.717073466916666,6.541272591666668,7.640280755611111,6.522614021444444,19.995219474666666,20.230652662666667,18.96813179475,19.14399669966667,89.73333983747223,1169.0765104621112,137.67527449247223,44.19311912005556,1,low,0,0.0,0,2,1670.502586263833,89.73333983747223,19.995219474666666,0,0,0,0,0,0,0,0,0,0,0,0,0,0,0,0,0,0,0,0,0,0,0,0,0,0,0,0,0,0,0.0,0.0,0.0,0.0,0.0,0.0,0.0,0.0,0.0,0.0,0.0,0.0
roll_02,2025-12-08T00:00:00+00:00,2026-01-19T00:00:00+00:00,2026-01-19T00:00:00+00:00,2026-01-26T00:00:00+00:00,1,0,2026-01-15 14:00:00+00:00,2026-01-15 15:00:00+00:00,885.3972389852223,3,1705.890929453528,1670.502586263833,1567.194707997861,1481.236402503917,0,0,0,0,0,14,-0.8660254037844388,-0.4999999999999997,0,0,1,7.777161936083334,8.226870102805556,7.717073466916666,6.668629153166666,18.998335135416667,19.974297232666665,19.995219474666666,19.106394929388888,15.6927846945,631.2471208811944,89.73333983747223,0.0,1,low,0,0.0,0,2,1481.236402503917,15.6927846945,18.998335135416667,0,0,0,0,0,0,0,0,0,0,0,0,0,0,0,0,0,0,0,0,0,0,0,0,0,0,0,0,0,0,0.0,0.0,0.0,0.0,0.0,0.0,0.0,0.0,0.0,0.0,0.0,0.0
roll_02,2025-12-08T00:00:00+00:00,2026-01-19T00:00:00+00:00,2026-01-19T00:00:00+00:00,2026-01-26T00:00:00+00:00,1,0,2026-01-15 15:00:00+00:00,2026-01-15 16:00:00+00:00,1797.5373261431112,3,2587.529739670056,1481.236402503917,1578.744458172111,885.3972389852223,0,0,0,0,0,15,-0.7071067811865479,-0.7071067811865471,0,0,1,7.587229790388889,7.3480560154444445,7.777161936083334,6.565780549027778,18.903532724861112,19.38427655861111,18.998335135416667,19.14164701436111,0.0,26.18345503047222,15.6927846945,0.0,1,night,0,0.0,0,2,885.3972389852223,0.0,18.903532724861112,0,0,0,0,0,0,0,0,0,0,0,0,0,0,0,0,0,0,0,0,0,0,0,0,0,0,0,0,0,0,0.0,0.0,0.0,0.0,0.0,0.0,0.0,0.0,0.0,0.0,0.0,0.0
roll_02,2025-12-08T00:00:00+00:00,2026-01-19T00:00:00+00:00,2026-01-19T00:00:00+00:00,2026-01-26T00:00:00+00:00,1,0,2026-01-15 16:00:00+00:00,2026-01-15 17:00:00+00:00,1346.1776368881667,3,2568.744366554028,885.3972389852223,1624.9310390754445,1797.5373261431112,0,0,0,0,0,16,-0.5000000000000004,-0.8660254037844385,0,0,1,7.352740038694445,4.011567114111111,7.587229790388889,6.580184991083333,19.207566096138887,19.342780857222223,18.903532724861112,19.24061198258333,0.0,0.0,0.0,0.0,0,night,0,0.0,0,2,1797.5373261431112,0.0,19.207566096138887,0,0,0,0,0,0,0,0,0,0,0,0,0,0,0,0,0,0,0,0,0,0,0,0,0,0,0,0,0,0,0.0,0.0,0.0,0.0,0.0,0.0,0.0,0.0,0.0,0.0,0.0,0.0
roll_02,2025-12-08T00:00:00+00:00,2026-01-19T00:00:00+00:00,2026-01-19T00:00:00+00:00,2026-01-26T00:00:00+00:00,1,0,2026-01-15 17:00:00+00:00,2026-01-15 18:00:00+00:00,2386.9593965361114,3,2405.933929940611,1797.5373261431112,1793.6743844524724,1346.1776368881667,0,0,0,0,0,17,-0.2588190451025206,-0.9659258262890684,0,0,1,7.210672752555555,2.5370079282777778,7.352740038694445,6.7399584603888885,19.75528769888889,19.64785988936111,19.207566096138887,18.989385271777778,0.0,0.0,0.0,0.0,0,night,0,0.0,0,2,1346.1776368881667,0.0,19.75528769888889,0,0,0,0,0,0,0,0,0,0,0,0,0,0,0,0,0,0,0,0,0,0,0,0,0,0,0,0,0,0,0.0,0.0,0.0,0.0,0.0,0.0,0.0,0.0,0.0,0.0,0.0,0.0
roll_02,2025-12-08T00:00:00+00:00,2026-01-19T00:00:00+00:00,2026-01-19T00:00:00+00:00,2026-01-26T00:00:00+00:00,1,0,2026-01-15 18:00:00+00:00,2026-01-15 19:00:00+00:00,1666.5948316020276,3,2399.449532727612,1346.1776368881667,1048.612189175861,2386.9593965361114,0,0,0,0,0,18,-1.8369701987210294e-16,-1.0,0,0,1,6.914773931666667,2.022283620583333,7.210672752555555,7.065830788222222,19.750921251194445,19.25424490305556,19.75528769888889,19.395188082444445,0.0,0.0,0.0,0.0,0,night,0,0.0,0,2,2386.9593965361114,0.0,19.750921251194445,0,0,0,0,0,0,0,0,0,0,0,0,0,0,0,0,0,0,0,0,0,0,0,0,0,0,0,0,0,0,0.0,0.0,0.0,0.0,0.0,0.0,0.0,0.0,0.0,0.0,0.0,0.0
roll_02,2025-12-08T00:00:00+00:00,2026-01-19T00:00:00+00:00,2026-01-19T00:00:00+00:00,2026-01-26T00:00:00+00:00,1,0,2026-01-15 19:00:00+00:00,2026-01-15 20:00:00+00:00,1076.4033323202225,3,1431.48542243675,2386.9593965361114,1797.1453520931666,1666.5948316020276,0,0,0,0,0,19,0.2588190451025203,-0.9659258262890684,0,0,1,6.321510255361112,1.780326929388889,6.914773931666667,6.7976319745,19.999823462166667,18.966781092166663,19.750921251194445,20.13497632016667,0.0,0.0,0.0,0.0,0,night,0,0.0,0,2,1666.5948316020276,0.0,19.999823462166667,0,0,0,0,0,0,0,0,0,0,0,0,0,0,0,0,0,0,0,0,0,0,0,0,0,0,0,0,0,0,0.0,0.0,0.0,0.0,0.0,0.0,0.0,0.0,0.0,0.0,0.0,0.0
roll_02,2025-12-08T00:00:00+00:00,2026-01-19T00:00:00+00:00,2026-01-19T00:00:00+00:00,2026-01-26T00:00:00+00:00,1,0,2026-01-15 20:00:00+00:00,2026-01-15 21:00:00+00:00,1005.1173250451112,3,898.016377999889,1666.5948316020276,741.7054459836112,1076.4033323202225,0,0,0,0,0,20,0.5000000000000001,-0.8660254037844386,0,0,1,6.225941869694444,1.6461886253888889,6.321510255361112,6.660144965333333,19.716939268694443,18.956287759888887,19.999823462166667,19.98757817386112,0.0,0.0,0.0,0.0,0,night,0,0.0,0,2,1076.4033323202225,0.0,19.716939268694443,0,0,0,0,0,0,0,0,0,0,0,0,0,0,0,0,0,0,0,0,0,0,0,0,0,0,0,0,0,0,0.0,0.0,0.0,0.0,0.0,0.0,0.0,0.0,0.0,0.0,0.0,0.0
roll_02,2025-12-08T00:00:00+00:00,2026-01-19T00:00:00+00:00,2026-01-19T00:00:00+00:00,2026-01-26T00:00:00+00:00,1,0,2026-01-15 21:00:00+00:00,2026-01-15 22:00:00+00:00,480.00597344519446,3,690.6828434769444,1076.4033323202225,554.3527368332501,1005.1173250451112,0,0,0,0,0,21,0.7071067811865474,-0.7071067811865477,0,0,1,6.317871820055555,1.8789640670277776,6.225941869694444,6.3999320517500005,19.756443385166666,18.78740266919445,19.716939268694443,19.87022840075,0.0,0.0,0.0,0.0,0,night,0,0.0,0,2,1005.1173250451112,0.0,19.756443385166666,0,0,0,0,0,0,0,0,0,0,0,0,0,0,0,0,0,0,0,0,0,0,0,0,0,0,0,0,0,0,0.0,0.0,0.0,0.0,0.0,0.0,0.0,0.0,0.0,1.0,0.0,0.0
roll_02,2025-12-08T00:00:00+00:00,2026-01-19T00:00:00+00:00,2026-01-19T00:00:00+00:00,2026-01-26T00:00:00+00:00,1,0,2026-01-15 22:00:00+00:00,2026-01-15 23:00:00+00:00,479.6300936403031,3,409.9078194608056,1005.1173250451112,374.6190320515,480.00597344519446,0,0,0,0,0,22,0.8660254037844384,-0.5000000000000004,0,0,1,6.12952082225,1.990982653,6.317871820055555,6.275947400166667,19.991357907416667,19.33989876433333,19.756443385166666,19.746410043166662,0.0,0.0,0.0,0.0,0,night,0,0.0,0,2,480.00597344519446,0.0,19.991357907416667,0,0,0,0,0,0,0,0,0,0,0,0,0,0,0,0,0,0,0,0,0,0,0,0,0,0,0,0,0,0,0.0,0.0,0.0,0.0,0.0,1.0,0.0,0.0,0.0,1.0,0.0,0.0
roll_02,2025-12-08T00:00:00+00:00,2026-01-19T00:00:00+00:00,2026-01-19T00:00:00+00:00,2026-01-26T00:00:00+00:00,1,0,2026-01-15 23:00:00+00:00,2026-01-16 00:00:00+00:00,436.11526816900937,3,371.1837877735,480.00597344519446,391.3148025667222,479.6300936403031,0,0,0,0,0,23,0.965925826289068,-0.2588190451025215,0,0,1,6.380006211722222,1.6946544163888888,6.12952082225,6.070554045388889,20.516338076272728,20.01268953475,19.991357907416667,20.0141855075,0.0,0.0,0.0,0.0,0,night,0,0.0,0,2,479.6300936403031,0.0,20.516338076272728,0,0,0,0,0,0,0,0,0,0,0,0,0,0,0,0,0,0,0,0,0,0,0,0,0,0,0,0,0,0,0.0,0.0,0.0,0.0,0.0,1.0,0.0,0.0,0.0,0.0,0.0,0.0
roll_02,2025-12-08T00:00:00+00:00,2026-01-19T00:00:00+00:00,2026-01-19T00:00:00+00:00,2026-01-26T00:00:00+00:00,1,0,2026-01-16 00:00:00+00:00,2026-01-16 01:00:00+00:00,363.3156685093611,4,370.2046938166389,479.6300936403031,367.0031919465834,436.11526816900937,0,0,0,1,0,0,1.0,0.0,0,0,1,6.179232263,1.3792300100277777,6.380006211722222,6.013936589527778,20.644644640187085,19.542591598722225,20.516338076272728,20.45064362852778,0.0,0.0,0.0,0.0,0,night,0,0.0,0,2,436.11526816900937,,20.644644640187085,0,0,0,0,0,0,0,0,0,0,0,0,0,1,0,1,0,1,0,0,1,1,0,4,0,0,0,2,0,0,0.0,0.0,0.0,0.0,0.0,0.0,0.0,0.0,0.0,0.0,0.0,0.0
roll_02,2025-12-08T00:00:00+00:00,2026-01-19T00:00:00+00:00,2026-01-19T00:00:00+00:00,2026-01-26T00:00:00+00:00,1,0,2026-01-16 01:00:00+00:00,2026-01-16 02:00:00+00:00,402.5595977328056,4,387.13958684741664,436.11526816900937,371.0505770755,363.3156685093611,0,0,0,1,0,1,0.9659258262890684,0.2588190451025207,0,0,1,6.335631528111112,1.1346227455,6.179232263,6.036887216611111,20.570585093833333,19.40028690811111,20.644644640187085,20.43497777380556,0.0,0.0,0.0,0.0,0,night,0,0.0,0,2,363.3156685093611,,20.570585093833333,0,0,0,0,0,0,0,0,0,0,0,0,0,1,0,1,0,1,0,0,1,1,0,4,0,0,0,2,0,0,0.0,1.0,0.0,0.0,0.0,0.0,0.0,0.0,0.0,0.0,0.0,0.0
roll_02,2025-12-08T00:00:00+00:00,2026-01-19T00:00:00+00:00,2026-01-19T00:00:00+00:00,2026-01-26T00:00:00+00:00,1,0,2026-01-16 02:00:00+00:00,2026-01-16 03:00:00+00:00,399.17939954838886,4,396.8507443261112,363.3156685093611,364.3398802528056,402.5595977328056,0,0,0,1,0,2,0.8660254037844387,0.4999999999999999,0,0,1,6.396147497388889,1.0387008213611113,6.335631528111112,6.034736897444444,20.26279251922222,19.149891554277776,20.570585093833333,20.54579069075,0.0,0.0,0.0,0.0,0,night,0,0.0,0,2,402.5595977328056,,20.26279251922222,0,0,0,0,0,0,0,0,0,0,0,0,0,1,0,1,0,1,0,0,1,1,0,4,0,0,0,2,0,0,0.0,1.0,0.0,0.0,0.0,0.0,0.0,0.0,0.0,1.0,0.0,0.0
roll_02,2025-12-08T00:00:00+00:00,2026-01-19T00:00:00+00:00,2026-01-19T00:00:00+00:00,2026-01-26T00:00:00+00:00,1,0,2026-01-16 03:00:00+00:00,2026-01-16 04:00:00+00:00,1076.4506056084722,4,370.8476521360556,402.5595977328056,373.5574161077223,399.17939954838886,0,0,0,1,0,3,0.7071067811865476,0.7071067811865476,0,0,1,6.315615564583333,1.0956963244444446,6.396147497388889,5.914457750944444,20.336075921944445,19.230846856444447,20.26279251922222,20.35707342683333,0.0,0.0,0.0,0.0,0,night,0,0.0,0,2,399.17939954838886,,20.336075921944445,0,0,0,0,0,0,0,0,0,0,0,0,0,1,0,1,0,1,0,0,1,1,0,4,0,0,0,2,0,0,0.0,1.0,0.0,0.0,0.0,0.0,0.0,0.0,0.0,1.0,0.0,0.0
roll_02,2025-12-08T00:00:00+00:00,2026-01-19T00:00:00+00:00,2026-01-19T00:00:00+00:00,2026-01-26T00:00:00+00:00,1,0,2026-01-16 04:00:00+00:00,2026-01-16 05:00:00+00:00,2002.717169422556,4,1030.9182591538056,399.17939954838886,1052.1522978683056,1076.4506056084722,0,0,0,0,0,4,0.5000000000000001,0.8660254037844386,0,0,1,6.319809020444445,1.1080259822222225,6.315615564583333,5.925028980166666,20.54722971761112,19.537679058138888,20.336075921944445,20.59579628066667,0.0,0.0,0.0,0.0,0,night,0,0.0,0,2,1076.4506056084722,0.0,20.54722971761112,0,0,0,0,0,0,0,0,0,0,0,0,0,0,0,0,0,0,0,0,0,0,0,0,0,0,0,0,0,0,0.0,1.0,0.0,0.0,0.0,0.0,0.0,0.0,0.0,1.0,0.0,0.0
roll_02,2025-12-08T00:00:00+00:00,2026-01-19T00:00:00+00:00,2026-01-19T00:00:00+00:00,2026-01-26T00:00:00+00:00,1,0,2026-01-16 05:00:00+00:00,2026-01-16 06:00:00+00:00,2477.7992105114445,4,2047.0297009597773,1076.4506056084722,2039.245831840444,2002.717169422556,0,0,0,0,0,5,0.2588190451025207,0.9659258262890684,0,0,1,6.480166650444445,1.1214002574722222,6.319809020444445,5.866083384027778,20.62937870683333,19.720601895472225,20.54722971761112,20.27639611691667,0.0,0.0,0.0,0.0,0,night,0,0.0,0,2,2002.717169422556,0.0,20.62937870683333,0,0,0,0,0,0,0,0,0,0,0,0,0,0,0,0,0,0,0,0,0,0,0,0,0,0,0,0,0,0,0.0,0.0,0.0,0.0,0.0,0.0,0.0,0.0,0.0,0.0,0.0,0.0
roll_02,2025-12-08T00:00:00+00:00,2026-01-19T00:00:00+00:00,2026-01-19T00:00:00+00:00,2026-01-26T00:00:00+00:00,1,0,2026-01-16 06:00:00+00:00,2026-01-16 07:00:00+00:00,2372.8508934692777,4,2558.245225021167,2002.717169422556,2008.2256900938053,2477.7992105114445,0,0,0,0,0,6,6.123233995736766e-17,1.0,0,0,1,6.526934920555555,1.056097709888889,6.480166650444445,5.855689930055555,19.989256890694445,19.32600380038889,20.62937870683333,19.47680676319445,0.0,0.0,0.0,0.0,0,night,0,0.0,0,2,2477.7992105114445,0.0,19.989256890694445,0,0,0,0,0,0,0,0,0,0,0,0,0,0,0,0,0,0,0,0,0,0,0,0,0,0,0,0,0,0,0.0,0.0,0.0,0.0,0.0,0.0,0.0,0.0,0.0,0.0,0.0,0.0
roll_02,2025-12-08T00:00:00+00:00,2026-01-19T00:00:00+00:00,2026-01-19T00:00:00+00:00,2026-01-26T00:00:00+00:00,1,0,2026-01-16 07:00:00+00:00,2026-01-16 08:00:00+00:00,1713.0605896702225,4,1917.6388459600832,2477.7992105114445,1864.800559224361,2372.8508934692777,0,0,0,0,0,7,-0.2588190451025206,0.9659258262890684,0,0,1,6.51837168525,0.6626632042222222,6.526934920555555,5.939965576,19.50656841447222,18.792866169333333,19.989256890694445,18.746181867083333,0.0,0.0,0.0,0.0,1,night,0,0.0,0,2,2372.8508934692777,0.0,19.50656841447222,0,0,0,0,0,0,0,0,0,0,0,0,0,0,0,0,0,0,0,0,0,0,0,0,0,0,0,0,0,0,0.0,0.0,0.0,0.0,0.0,0.0,0.0,0.0,0.0,0.0,0.0,0.0
roll_02,2025-12-08T00:00:00+00:00,2026-01-19T00:00:00+00:00,2026-01-19T00:00:00+00:00,2026-01-26T00:00:00+00:00,1,0,2026-01-16 08:00:00+00:00,2026-01-16 09:00:00+00:00,1442.9932598915832,4,2537.646863457084,2372.8508934692777,1891.1646381102776,1713.0605896702225,0,0,0,0,0,8,-0.4999999999999998,0.8660254037844387,0,0,1,6.70613304075,0.6523814971388889,6.51837168525,6.0540732603333325,19.7554677515,19.253292459972226,19.50656841447222,19.051684740972224,219.2942974313056,14.120518125916668,0.0,0.0,1,low,0,0.0,0,2,1713.0605896702225,219.2942974313056,19.7554677515,0,0,0,0,0,0,0,0,0,0,0,0,0,0,0,0,0,0,0,0,0,0,0,0,0,0,0,0,0,0,0.0,0.0,0.0,0.0,0.0,0.0,0.0,0.0,0.0,0.0,0.0,0.0
roll_02,2025-12-08T00:00:00+00:00,2026-01-19T00:00:00+00:00,2026-01-19T00:00:00+00:00,2026-01-26T00:00:00+00:00,1,0,2026-01-16 09:00:00+00:00,2026-01-16 10:00:00+00:00,1623.9131629396943,4,1822.7418795589167,1713.0605896702225,1853.015352479528,1442.9932598915832,0,0,0,0,0,9,-0.7071067811865475,0.7071067811865476,0,0,1,7.120510198722222,1.1128761986666664,6.70613304075,6.356309699972222,19.877659039055555,19.4775917105,19.7554677515,20.157227171944445,397.3280925458334,72.10103886938889,219.2942974313056,71.04931229527777,1,low,0,0.0,0,2,1442.9932598915832,397.3280925458334,19.877659039055555,0,0,0,0,0,0,0,0,0,0,0,0,0,0,0,0,0,0,0,0,0,0,0,0,0,0,0,0,0,0,0.0,0.0,0.0,0.0,0.0,0.0,0.0,0.0,0.0,0.0,0.0,0.0
roll_02,2025-12-08T00:00:00+00:00,2026-01-19T00:00:00+00:00,2026-01-19T00:00:00+00:00,2026-01-26T00:00:00+00:00,1,0,2026-01-16 10:00:00+00:00,2026-01-16 11:00:00+00:00,490.20504058097225,4,1791.9841544997778,1442.9932598915832,1753.4225527633614,1623.9131629396943,0,0,0,0,0,10,-0.8660254037844387,0.4999999999999999,0,0,1,7.606124750555556,1.98489638075,7.120510198722222,7.095990240444444,19.85123305425,19.35161868911111,19.877659039055555,19.88121188980556,176.83669021891663,151.29219367175003,397.3280925458334,190.55258295625003,1,low,0,0.0,0,2,1623.9131629396943,176.83669021891663,19.85123305425,0,0,0,0,0,0,0,0,0,0,0,0,0,0,0,0,0,0,0,0,0,0,0,0,0,0,0,0,0,0,0.0,0.0,0.0,0.0,0.0,0.0,0.0,0.0,0.0,0.0,0.0,0.0
roll_02,2025-12-08T00:00:00+00:00,2026-01-19T00:00:00+00:00,2026-01-19T00:00:00+00:00,2026-01-26T00:00:00+00:00,1,0,2026-01-16 11:00:00+00:00,2026-01-16 12:00:00+00:00,1595.4900083538612,4,1919.5265633675,1623.9131629396943,1683.7846975026666,490.20504058097225,0,0,0,0,0,11,-0.9659258262890682,0.258819045102521,0,0,1,8.054131653722223,2.262476912472222,7.606124750555556,7.735721079805555,19.50173812611111,19.35153318558333,19.85123305425,23.38672065052777,96.41320922194444,139.91217718894444,176.83669021891663,176.48683570197224,1,low,0,0.0,0,2,490.20504058097225,96.41320922194444,19.50173812611111,0,0,0,0,0,0,0,0,0,0,0,0,0,0,0,0,0,0,0,0,0,0,0,0,0,0,0,0,0,0,0.0,0.0,0.0,0.0,0.0,0.0,0.0,0.0,0.0,0.0,0.0,0.0
roll_02,2025-12-08T00:00:00+00:00,2026-01-19T00:00:00+00:00,2026-01-19T00:00:00+00:00,2026-01-26T00:00:00+00:00,1,0,2026-01-16 12:00:00+00:00,2026-01-16 13:00:00+00:00,701.5758242305001,4,2047.703922921584,490.20504058097225,662.9256880891389,1595.4900083538612,0,0,0,0,0,12,-1.0,1.2246467991473532e-16,0,0,1,7.894125589972222,2.847650250777777,8.054131653722223,7.640280755611111,19.87244296738889,19.16837650158333,19.50173812611111,18.96813179475,92.09759563077776,186.2105002900278,96.41320922194444,137.67527449247223,1,low,0,0.0,0,2,1595.4900083538612,92.09759563077776,19.87244296738889,0,0,0,0,0,0,0,0,0,0,0,0,0,0,0,0,0,0,0,0,0,0,0,0,0,0,0,0,0,0,0.0,0.0,0.0,0.0,0.0,0.0,0.0,0.0,0.0,0.0,0.0,0.0
roll_02,2025-12-08T00:00:00+00:00,2026-01-19T00:00:00+00:00,2026-01-19T00:00:00+00:00,2026-01-26T00:00:00+00:00,1,0,2026-01-16 13:00:00+00:00,2026-01-16 14:00:00+00:00,1952.1323181944445,4,2327.2743383188613,1595.4900083538612,1670.502586263833,701.5758242305001,0,0,0,0,0,13,-0.9659258262890684,-0.2588190451025208,0,0,1,8.179940411916666,3.145696257361111,7.894125589972222,7.717073466916666,19.473662514111112,19.27161853116667,19.87244296738889,19.995219474666666,166.040840057,200.4210866871111,92.09759563077776,89.73333983747223,1,low,0,0.0,0,2,701.5758242305001,166.040840057,19.473662514111112,0,0,0,0,0,0,0,0,0,0,0,0,0,0,0,0,0,0,0,0,0,0,0,0,0,0,0,0,0,0,0.0,0.0,0.0,0.0,0.0,0.0,0.0,0.0,0.0,0.0,0.0,0.0
roll_02,2025-12-08T00:00:00+00:00,2026-01-19T00:00:00+00:00,2026-01-19T00:00:00+00:00,2026-01-26T00:00:00+00:00,1,0,2026-01-16 14:00:00+00:00,2026-01-16 15:00:00+00:00,573.8755752583612,4,2475.2395324104723,701.5758242305001,1481.236402503917,1952.1323181944445,0,0,0,0,0,14,-0.8660254037844388,-0.4999999999999997,0,0,1,8.302941039805555,3.133072349583333,8.179940411916666,7.777161936083334,19.448341239055555,19.35677616725,19.473662514111112,18.998335135416667,27.528722678833333,82.43391365811111,166.040840057,15.6927846945,1,low,0,0.0,0,2,1952.1323181944445,27.528722678833333,19.448341239055555,0,0,0,0,0,0,0,0,0,0,0,0,0,0,0,0,0,0,0,0,0,0,0,0,0,0,0,0,0,0,0.0,0.0,0.0,0.0,0.0,0.0,0.0,0.0,0.0,0.0,0.0,0.0
roll_02,2025-12-08T00:00:00+00:00,2026-01-19T00:00:00+00:00,2026-01-19T00:00:00+00:00,2026-01-26T00:00:00+00:00,1,0,2026-01-16 15:00:00+00:00,2026-01-16 16:00:00+00:00,1748.7442167502777,4,2099.886327037028,1952.1323181944445,885.3972389852223,573.8755752583612,0,0,0,0,0,15,-0.7071067811865479,-0.7071067811865471,0,0,1,8.416783751555556,2.6290986734444446,8.302941039805555,7.587229790388889,18.75333884008333,19.360987204416663,19.448341239055555,18.903532724861112,0.0,0.0,27.528722678833333,0.0,1,night,0,0.0,0,2,573.8755752583612,0.0,18.75333884008333,0,0,0,0,0,0,0,0,0,0,0,0,0,0,0,0,0,0,0,0,0,0,0,0,0,0,0,0,0,0,0.0,0.0,0.0,0.0,0.0,0.0,0.0,0.0,0.0,0.0,0.0,0.0
roll_02,2025-12-08T00:00:00+00:00,2026-01-19T00:00:00+00:00,2026-01-19T00:00:00+00:00,2026-01-26T00:00:00+00:00,1,0,2026-01-16 16:00:00+00:00,2026-01-16 17:00:00+00:00,1779.3662909536945,4,2043.670283908889,573.8755752583612,1797.5373261431112,1748.7442167502777,0,0,0,0,0,16,-0.5000000000000004,-0.8660254037844385,0,0,1,8.520774253777779,1.939139476805556,8.416783751555556,7.352740038694445,20.16664298611111,19.85295864,18.75333884008333,19.207566096138887,0.0,0.0,0.0,0.0,0,night,0,0.0,0,2,1748.7442167502777,0.0,20.16664298611111,0,0,0,0,0,0,0,0,0,0,0,0,0,0,0,0,0,0,0,0,0,0,0,0,0,0,0,0,0,0,0.0,0.0,0.0,0.0,0.0,0.0,0.0,0.0,0.0,0.0,0.0,0.0
roll_02,2025-12-08T00:00:00+00:00,2026-01-19T00:00:00+00:00,2026-01-19T00:00:00+00:00,2026-01-26T00:00:00+00:00,1,0,2026-01-16 17:00:00+00:00,2026-01-16 18:00:00+00:00,1926.1523590546667,4,2019.3687657176667,1748.7442167502777,1346.1776368881667,1779.3662909536945,0,0,0,0,0,17,-0.2588190451025206,-0.9659258262890684,0,0,1,8.07320388525,1.217477908166667,8.520774253777779,7.210672752555555,19.575921534027778,19.835660268583336,20.16664298611111,19.75528769888889,0.0,0.0,0.0,0.0,0,night,0,0.0,0,2,1779.3662909536945,0.0,19.575921534027778,0,0,0,0,0,0,0,0,0,0,0,0,0,0,0,0,0,0,0,0,0,0,0,0,0,0,0,0,0,0,0.0,0.0,0.0,0.0,0.0,0.0,0.0,0.0,0.0,0.0,0.0,0.0
roll_02,2025-12-08T00:00:00+00:00,2026-01-19T00:00:00+00:00,2026-01-19T00:00:00+00:00,2026-01-26T00:00:00+00:00,1,0,2026-01-16 18:00:00+00:00,2026-01-16 19:00:00+00:00,3573.4096695315,4,1954.244045320861,1779.3662909536945,2386.9593965361114,1926.1523590546667,0,0,0,0,0,18,-1.8369701987210294e-16,-1.0,0,0,1,7.896998074444444,0.9289692113611112,8.07320388525,6.914773931666667,18.97882240377778,19.23678338988889,19.575921534027778,19.750921251194445,0.0,0.0,0.0,0.0,0,night,0,0.0,0,2,1926.1523590546667,0.0,18.97882240377778,0,0,0,0,0,0,0,0,0,0,0,0,0,0,0,0,0,0,0,0,0,0,0,0,0,0,0,0,0,0,0.0,0.0,0.0,0.0,0.0,0.0,0.0,0.0,0.0,0.0,0.0,0.0
roll_02,2025-12-08T00:00:00+00:00,2026-01-19T00:00:00+00:00,2026-01-19T00:00:00+00:00,2026-01-26T00:00:00+00:00,1,0,2026-01-16 19:00:00+00:00,2026-01-16 20:00:00+00:00,2754.500442691028,4,2342.330235312528,1926.1523590546667,1666.5948316020276,3573.4096695315,0,0,0,0,0,19,0.2588190451025203,-0.9659258262890684,0,0,1,7.825703813444444,0.4092512743333333,7.896998074444444,6.321510255361112,18.995995310777776,19.81287825277778,18.97882240377778,19.999823462166667,0.0,0.0,0.0,0.0,0,night,0,0.0,0,2,3573.4096695315,0.0,18.995995310777776,0,0,0,0,0,0,0,0,0,0,0,0,0,0,0,0,0,0,0,0,0,0,0,0,0,0,0,0,0,0,0.0,0.0,0.0,0.0,0.0,0.0,0.0,0.0,0.0,0.0,0.0,0.0
roll_02,2025-12-08T00:00:00+00:00,2026-01-19T00:00:00+00:00,2026-01-19T00:00:00+00:00,2026-01-26T00:00:00+00:00,1,0,2026-01-16 20:00:00+00:00,2026-01-16 21:00:00+00:00,2483.442940576528,4,1013.7995625885,3573.4096695315,1076.4033323202225,2754.500442691028,0,0,0,0,0,20,0.5000000000000001,-0.8660254037844386,0,0,1,7.709597783944445,0.2515169523333333,7.825703813444444,6.225941869694444,18.76334915180556,19.45130526275,18.995995310777776,19.716939268694443,0.0,0.0,0.0,0.0,0,night,0,0.0,0,2,2754.500442691028,0.0,18.76334915180556,0,0,0,0,0,0,0,0,0,0,0,0,0,0,0,0,0,0,0,0,0,0,0,0,0,0,0,0,0,0,0.0,0.0,0.0,0.0,0.0,0.0,0.0,0.0,0.0,0.0,0.0,0.0
roll_02,2025-12-08T00:00:00+00:00,2026-01-19T00:00:00+00:00,2026-01-19T00:00:00+00:00,2026-01-26T00:00:00+00:00,1,0,2026-01-16 21:00:00+00:00,2026-01-16 22:00:00+00:00,2471.681181403111,4,725.7640030931667,2754.500442691028,1005.1173250451112,2483.442940576528,0,0,0,0,0,21,0.7071067811865474,-0.7071067811865477,0,0,1,7.793732041944445,0.3369316828611111,7.709597783944445,6.317871820055555,19.09072242922222,19.53672851780556,18.76334915180556,19.756443385166666,0.0,0.0,0.0,0.0,0,night,0,0.0,0,2,2483.442940576528,0.0,19.09072242922222,0,0,0,0,0,0,0,0,0,0,0,0,0,0,0,0,0,0,0,0,0,0,0,0,0,0,0,0,0,0,0.0,0.0,0.0,0.0,0.0,0.0,0.0,0.0,0.0,0.0,0.0,0.0
roll_02,2025-12-08T00:00:00+00:00,2026-01-19T00:00:00+00:00,2026-01-19T00:00:00+00:00,2026-01-26T00:00:00+00:00,1,0,2026-01-16 22:00:00+00:00,2026-01-16 23:00:00+00:00,2428.759211638084,4,457.7714818046389,2483.442940576528,480.00597344519446,2471.681181403111,0,0,0,0,0,22,0.8660254037844384,-0.5000000000000004,0,0,1,7.769939707083334,-0.0993964285555555,7.793732041944445,6.12952082225,18.72444743175,19.54568773958333,19.09072242922222,19.991357907416667,0.0,0.0,0.0,0.0,0,night,0,0.0,0,2,2471.681181403111,0.0,18.72444743175,0,0,0,0,0,0,0,0,0,0,0,0,0,0,0,0,0,0,0,0,0,0,0,0,0,0,0,0,0,0,0.0,0.0,0.0,0.0,0.0,0.0,0.0,0.0,0.0,0.0,0.0,0.0
roll_02,2025-12-08T00:00:00+00:00,2026-01-19T00:00:00+00:00,2026-01-19T00:00:00+00:00,2026-01-26T00:00:00+00:00,1,0,2026-01-16 23:00:00+00:00,2026-01-17 00:00:00+00:00,2422.2099434294164,4,442.25945804897225,2471.681181403111,479.6300936403031,2428.759211638084,0,0,0,0,0,23,0.965925826289068,-0.2588190451025215,0,0,1,7.651671525194445,-0.5068927224166667,7.769939707083334,6.380006211722222,18.786308081027776,19.554546121416667,18.72444743175,20.516338076272728,0.0,0.0,0.0,0.0,0,night,0,0.0,0,2,2428.759211638084,0.0,18.786308081027776,0,0,0,0,0,0,0,0,0,0,0,0,0,0,0,0,0,0,0,0,0,0,0,0,0,0,0,0,0,0,0.0,0.0,0.0,0.0,0.0,0.0,0.0,0.0,0.0,1.0,0.0,0.0
roll_02,2025-12-08T00:00:00+00:00,2026-01-19T00:00:00+00:00,2026-01-19T00:00:00+00:00,2026-01-26T00:00:00+00:00,1,0,2026-01-17 00:00:00+00:00,2026-01-17 01:00:00+00:00,2419.0737715843334,5,451.9524179743889,2428.759211638084,436.11526816900937,2422.2099434294164,0,0,0,0,0,0,1.0,0.0,0,1,1,7.438261246666666,-0.9671161358888888,7.651671525194445,6.179232263,19.11630246361111,19.72183302536111,18.786308081027776,20.644644640187085,0.0,0.0,0.0,0.0,0,night,0,0.0,0,2,2422.2099434294164,0.0,19.11630246361111,0,0,0,0,0,0,0,0,0,0,0,0,0,0,0,0,0,0,0,0,0,0,0,0,0,0,0,0,0,0,0.0,0.0,0.0,0.0,0.0,1.0,0.0,0.0,0.0,0.0,0.0,0.0
roll_02,2025-12-08T00:00:00+00:00,2026-01-19T00:00:00+00:00,2026-01-19T00:00:00+00:00,2026-01-26T00:00:00+00:00,1,0,2026-01-17 01:00:00+00:00,2026-01-17 02:00:00+00:00,2397.090425719361,5,391.0213954262777,2422.2099434294164,363.3156685093611,2419.0737715843334,0,0,0,0,0,1,0.9659258262890684,0.2588190451025207,0,1,1,7.284376046305557,-1.0026469610277775,7.438261246666666,6.335631528111112,19.46177759227778,19.78060053897222,19.11630246361111,20.570585093833333,0.0,0.0,0.0,0.0,0,night,0,0.0,0,2,2419.0737715843334,0.0,19.46177759227778,0,0,0,0,0,0,0,0,0,0,0,0,0,0,0,0,0,0,0,0,0,0,0,0,0,0,0,0,0,0,0.0,0.0,0.0,0.0,0.0,1.0,0.0,0.0,0.0,0.0,0.0,0.0
roll_02,2025-12-08T00:00:00+00:00,2026-01-19T00:00:00+00:00,2026-01-19T00:00:00+00:00,2026-01-26T00:00:00+00:00,1,0,2026-01-17 02:00:00+00:00,2026-01-17 03:00:00+00:00,2408.5668939863613,5,396.8184454624445,2419.0737715843334,402.5595977328056,2397.090425719361,0,0,0,0,0,2,0.8660254037844387,0.4999999999999999,0,1,1,7.356306431222222,-1.43004016475,7.284376046305557,6.396147497388889,19.223714178972223,19.84117547511111,19.46177759227778,20.26279251922222,0.0,0.0,0.0,0.0,0,night,0,0.0,0,2,2397.090425719361,0.0,19.223714178972223,0,0,0,0,0,0,0,0,0,0,0,0,0,0,0,0,0,0,0,0,0,0,0,0,0,0,0,0,0,0,0.0,0.0,0.0,0.0,0.0,1.0,0.0,0.0,0.0,0.0,0.0,0.0
roll_02,2025-12-08T00:00:00+00:00,2026-01-19T00:00:00+00:00,2026-01-19T00:00:00+00:00,2026-01-26T00:00:00+00:00,1,0,2026-01-17 03:00:00+00:00,2026-01-17 04:00:00+00:00,2987.1550890425,5,392.470940987861,2397.090425719361,399.17939954838886,2408.5668939863613,0,0,0,0,0,3,0.7071067811865476,0.7071067811865476,0,1,1,7.399717572,-2.0527911047222225,7.356306431222222,6.315615564583333,19.45567031075,19.594332831944445,19.223714178972223,20.336075921944445,0.0,0.0,0.0,0.0,0,night,0,0.0,0,2,2408.5668939863613,0.0,19.45567031075,0,0,0,0,0,0,0,0,0,0,0,0,0,0,0,0,0,0,0,0,0,0,0,0,0,0,0,0,0,0,0.0,0.0,0.0,0.0,0.0,1.0,0.0,0.0,0.0,1.0,0.0,0.0
roll_02,2025-12-08T00:00:00+00:00,2026-01-19T00:00:00+00:00,2026-01-19T00:00:00+00:00,2026-01-26T00:00:00+00:00,1,0,2026-01-17 04:00:00+00:00,2026-01-17 05:00:00+00:00,3319.657065773777,5,873.0134955361945,2408.5668939863613,1076.4506056084722,2987.1550890425,0,0,0,0,0,4,0.5000000000000001,0.8660254037844386,0,1,1,7.292532967416666,-2.043561415083333,7.399717572,6.319809020444445,19.50167555113889,19.60691321175,19.45567031075,20.54722971761112,0.0,0.0,0.0,0.0,0,night,0,0.0,0,2,2987.1550890425,0.0,19.50167555113889,0,0,0,0,0,0,0,0,0,0,0,0,0,0,0,0,0,0,0,0,0,0,0,0,0,0,0,0,0,0,0.0,0.0,0.0,0.0,0.0,0.0,0.0,0.0,0.0,1.0,0.0,0.0
roll_02,2025-12-08T00:00:00+00:00,2026-01-19T00:00:00+00:00,2026-01-19T00:00:00+00:00,2026-01-26T00:00:00+00:00,1,0,2026-01-17 05:00:00+00:00,2026-01-17 06:00:00+00:00,2391.335260368139,5,1704.9182572990833,2987.1550890425,2002.717169422556,3319.657065773777,0,0,0,0,0,5,0.2588190451025207,0.9659258262890684,0,1,1,7.177631668333333,-2.261911361583333,7.292532967416666,6.480166650444445,19.9944225565,20.132826510388888,19.50167555113889,20.62937870683333,0.0,0.0,0.0,0.0,0,night,0,0.0,0,2,3319.657065773777,0.0,19.9944225565,0,0,0,0,0,0,0,0,0,0,0,0,0,0,0,0,0,0,0,0,0,0,0,0,0,0,0,0,0,0,0.0,0.0,0.0,0.0,0.0,0.0,0.0,0.0,0.0,1.0,0.0,0.0
roll_02,2025-12-08T00:00:00+00:00,2026-01-19T00:00:00+00:00,2026-01-19T00:00:00+00:00,2026-01-26T00:00:00+00:00,1,0,2026-01-17 06:00:00+00:00,2026-01-17 07:00:00+00:00,2341.329542084556,5,1945.5007948983048,3319.657065773777,2477.7992105114445,2391.335260368139,0,0,0,0,0,6,6.123233995736766e-17,1.0,0,1,1,7.25766445075,-2.355004694305556,7.177631668333333,6.526934920555555,19.974863173472222,20.04035808886111,19.9944225565,19.989256890694445,0.0,0.0,0.0,0.0,0,night,0,0.0,0,2,2391.335260368139,0.0,19.974863173472222,0,0,0,0,0,0,0,0,0,0,0,0,0,0,0,0,0,0,0,0,0,0,0,0,0,0,0,0,0,0,0.0,0.0,0.0,0.0,0.0,0.0,0.0,0.0,0.0,0.0,0.0,0.0
roll_02,2025-12-08T00:00:00+00:00,2026-01-19T00:00:00+00:00,2026-01-19T00:00:00+00:00,2026-01-26T00:00:00+00:00,1,0,2026-01-17 07:00:00+00:00,2026-01-17 08:00:00+00:00,2591.676535681584,5,1939.5566896918056,2391.335260368139,2372.8508934692777,2341.329542084556,0,0,0,0,0,7,-0.2588190451025206,0.9659258262890684,0,1,1,7.383881055833334,-1.7362753571111111,7.25766445075,6.51837168525,19.685817555194443,19.88623256588889,19.974863173472222,19.50656841447222,0.0,0.0,0.0,0.0,1,night,0,0.0,0,2,2341.329542084556,0.0,19.685817555194443,0,0,0,0,0,0,0,0,0,0,0,0,0,0,0,0,0,0,0,0,0,0,0,0,0,0,0,0,0,0,0.0,0.0,0.0,0.0,0.0,0.0,0.0,0.0,0.0,0.0,0.0,0.0
roll_02,2025-12-08T00:00:00+00:00,2026-01-19T00:00:00+00:00,2026-01-19T00:00:00+00:00,2026-01-26T00:00:00+00:00,1,0,2026-01-17 08:00:00+00:00,2026-01-17 09:00:00+00:00,876.2151453261389,5,2127.9194307847497,2341.329542084556,1713.0605896702225,2591.676535681584,0,0,0,0,0,8,-0.4999999999999998,0.8660254037844387,0,1,1,8.121707604333332,-0.6168132006111111,7.383881055833334,6.70613304075,18.96465682683333,20.158948159944444,19.685817555194443,19.7554677515,28.95708092888889,164.63475525730556,0.0,219.2942974313056,1,low,0,0.0,0,2,2591.676535681584,28.95708092888889,18.96465682683333,0,0,0,0,0,0,0,0,0,0,0,0,0,0,0,0,0,0,0,0,0,0,0,0,0,0,0,0,0,0,0.0,0.0,0.0,0.0,0.0,0.0,0.0,0.0,0.0,0.0,0.0,0.0
roll_02,2025-12-08T00:00:00+00:00,2026-01-19T00:00:00+00:00,2026-01-19T00:00:00+00:00,2026-01-26T00:00:00+00:00,1,0,2026-01-17 09:00:00+00:00,2026-01-17 10:00:00+00:00,1362.1403257086388,5,2000.1470279075832,2591.676535681584,1442.9932598915832,876.2151453261389,0,0,0,0,0,9,-0.7071067811865475,0.7071067811865476,0,1,1,8.751546623111112,0.3761252006388889,8.121707604333332,7.120510198722222,19.20686476825,19.84720943294444,18.96465682683333,19.877659039055555,108.89878298597222,219.52816927322223,28.95708092888889,397.3280925458334,1,low,0,0.0,0,2,876.2151453261389,108.89878298597222,19.20686476825,0,0,0,0,0,0,0,0,0,0,0,0,0,0,0,0,0,0,0,0,0,0,0,0,0,0,0,0,0,0,0.0,0.0,0.0,0.0,0.0,0.0,0.0,0.0,0.0,0.0,0.0,0.0
roll_02,2025-12-08T00:00:00+00:00,2026-01-19T00:00:00+00:00,2026-01-19T00:00:00+00:00,2026-01-26T00:00:00+00:00,1,0,2026-01-17 10:00:00+00:00,2026-01-17 11:00:00+00:00,851.023270576111,5,1770.5304107042775,876.2151453261389,1623.9131629396943,1362.1403257086388,0,0,0,0,0,10,-0.8660254037844387,0.4999999999999999,0,1,1,9.078067266305556,1.4439068936666668,8.751546623111112,7.606124750555556,19.716803649722223,20.237300741805555,19.20686476825,19.85123305425,221.86114629477777,551.1737871601666,108.89878298597222,176.83669021891663,1,low,0,0.0,0,2,1362.1403257086388,221.86114629477777,19.716803649722223,0,0,0,0,0,0,0,0,0,0,0,0,0,0,0,0,0,0,0,0,0,0,0,0,0,0,0,0,0,0,0.0,0.0,0.0,0.0,0.0,0.0,0.0,0.0,0.0,0.0,0.0,0.0
roll_02,2025-12-08T00:00:00+00:00,2026-01-19T00:00:00+00:00,2026-01-19T00:00:00+00:00,2026-01-26T00:00:00+00:00,1,0,2026-01-17 11:00:00+00:00,2026-01-17 12:00:00+00:00,375.1866214471667,5,2099.097986216222,1362.1403257086388,490.20504058097225,851.023270576111,0,0,0,0,0,11,-0.9659258262890682,0.258819045102521,0,1,1,9.67168500638889,2.9905849596666667,9.078067266305556,8.054131653722223,18.94777081475,20.504398869444447,19.716803649722223,19.50173812611111,186.94326531838888,858.4309824759999,221.86114629477777,96.41320922194444,1,low,0,0.0,0,2,851.023270576111,186.94326531838888,18.94777081475,0,0,0,0,0,0,0,0,0,0,0,0,0,0,0,0,0,0,0,0,0,0,0,0,0,0,0,0,0,0,0.0,0.0,0.0,0.0,0.0,0.0,0.0,0.0,0.0,0.0,0.0,0.0
roll_02,2025-12-08T00:00:00+00:00,2026-01-19T00:00:00+00:00,2026-01-19T00:00:00+00:00,2026-01-26T00:00:00+00:00,1,0,2026-01-17 12:00:00+00:00,2026-01-17 13:00:00+00:00,1125.2122855051666,5,2066.14777083575,851.023270576111,1595.4900083538612,375.1866214471667,0,0,0,0,0,12,-1.0,1.2246467991473532e-16,0,1,1,10.057301476,4.761432523472222,9.67168500638889,7.894125589972222,18.284649789444444,20.939178619722224,18.94777081475,19.87244296738889,275.0773129497222,953.5674782859444,186.94326531838888,92.09759563077776,1,low,0,0.0,0,3,375.1866214471667,275.0773129497222,18.284649789444444,0,0,0,0,0,0,0,0,0,0,0,0,0,0,0,0,0,0,0,0,0,0,0,0,0,0,0,0,0,0,0.0,0.0,0.0,0.0,0.0,0.0,0.0,0.0,0.0,0.0,0.0,0.0
roll_02,2025-12-08T00:00:00+00:00,2026-01-19T00:00:00+00:00,2026-01-19T00:00:00+00:00,2026-01-26T00:00:00+00:00,1,0,2026-01-17 13:00:00+00:00,2026-01-17 14:00:00+00:00,553.7227735364166,5,1718.2276665944446,375.1866214471667,701.5758242305001,1125.2122855051666,0,0,0,0,0,13,-0.9659258262890684,-0.2588190451025208,0,1,1,10.579499319583332,5.844635727916667,10.057301476,8.179940411916666,18.457303344916667,20.52605448430556,18.284649789444444,19.473662514111112,287.2499787669167,601.0615747215555,275.0773129497222,166.040840057,1,low,0,0.0,0,3,1125.2122855051666,287.2499787669167,18.457303344916667,0,0,0,0,0,0,0,0,0,0,0,0,0,0,0,0,0,0,0,0,0,0,0,0,0,0,0,0,0,0,0.0,0.0,0.0,0.0,0.0,0.0,0.0,0.0,0.0,0.0,0.0,0.0
roll_02,2025-12-08T00:00:00+00:00,2026-01-19T00:00:00+00:00,2026-01-19T00:00:00+00:00,2026-01-26T00:00:00+00:00,1,0,2026-01-17 14:00:00+00:00,2026-01-17 15:00:00+00:00,893.3163181295832,5,2298.0285432916944,1125.2122855051666,1952.1323181944445,553.7227735364166,0,0,0,0,0,14,-0.8660254037844388,-0.4999999999999997,0,1,1,10.797755711305555,5.697731851527777,10.579499319583332,8.302941039805555,18.117300213361112,20.007741751833333,18.457303344916667,19.448341239055555,116.70239646572225,152.53398881961112,287.2499787669167,27.528722678833333,1,low,0,0.0,0,3,553.7227735364166,116.70239646572225,18.117300213361112,0,0,0,0,0,0,0,0,0,0,0,0,0,0,0,0,0,0,0,0,0,0,0,0,0,0,0,0,0,0,0.0,0.0,0.0,0.0,0.0,0.0,0.0,0.0,0.0,0.0,0.0,0.0
roll_02,2025-12-08T00:00:00+00:00,2026-01-19T00:00:00+00:00,2026-01-19T00:00:00+00:00,2026-01-26T00:00:00+00:00,1,0,2026-01-17 15:00:00+00:00,2026-01-17 16:00:00+00:00,1082.6851535658332,5,2539.5653047919445,553.7227735364166,573.8755752583612,893.3163181295832,0,0,0,0,0,15,-0.7071067811865479,-0.7071067811865471,0,1,1,10.387558755972222,4.503772726749999,10.797755711305555,8.416783751555556,17.90237331016667,19.09460057861111,18.117300213361112,18.75333884008333,0.0,0.0,116.70239646572225,0.0,1,night,0,0.0,0,3,893.3163181295832,0.0,17.90237331016667,0,0,0,0,0,0,0,0,0,0,0,0,0,0,0,0,0,0,0,0,0,0,0,0,0,0,0,0,0,0,0.0,0.0,0.0,0.0,0.0,0.0,0.0,0.0,0.0,0.0,0.0,0.0
roll_02,2025-12-08T00:00:00+00:00,2026-01-19T00:00:00+00:00,2026-01-19T00:00:00+00:00,2026-01-26T00:00:00+00:00,1,0,2026-01-17 16:00:00+00:00,2026-01-17 17:00:00+00:00,1215.7402370096668,5,1708.9707138076667,893.3163181295832,1748.7442167502777,1082.6851535658332,0,0,0,0,0,16,-0.5000000000000004,-0.8660254037844385,0,1,1,9.67754631263889,3.638796201333333,10.387558755972222,8.520774253777779,17.86029653872222,18.63007526722222,17.90237331016667,20.16664298611111,0.0,0.0,0.0,0.0,0,night,0,0.0,0,2,1082.6851535658332,0.0,17.86029653872222,0,0,0,0,0,0,0,0,0,0,0,0,0,0,0,0,0,0,0,0,0,0,0,0,0,0,0,0,0,0,0.0,0.0,0.0,0.0,0.0,0.0,0.0,0.0,0.0,0.0,0.0,0.0
roll_02,2025-12-08T00:00:00+00:00,2026-01-19T00:00:00+00:00,2026-01-19T00:00:00+00:00,2026-01-26T00:00:00+00:00,1,0,2026-01-17 17:00:00+00:00,2026-01-17 18:00:00+00:00,1466.154889960333,5,3623.9131346842223,1082.6851535658332,1779.3662909536945,1215.7402370096668,0,0,0,0,0,17,-0.2588190451025206,-0.9659258262890684,0,1,1,9.022818305222222,2.979079319472222,9.67754631263889,8.07320388525,17.726130486833334,19.11787354247222,17.86029653872222,19.575921534027778,0.0,0.0,0.0,0.0,0,night,0,0.0,0,2,1215.7402370096668,0.0,17.726130486833334,0,0,0,0,0,0,0,0,0,0,0,0,0,0,0,0,0,0,0,0,0,0,0,0,0,0,0,0,0,0,0.0,0.0,0.0,0.0,0.0,0.0,0.0,0.0,0.0,0.0,0.0,0.0
roll_02,2025-12-08T00:00:00+00:00,2026-01-19T00:00:00+00:00,2026-01-19T00:00:00+00:00,2026-01-26T00:00:00+00:00,1,0,2026-01-17 18:00:00+00:00,2026-01-17 19:00:00+00:00,1078.6994199493888,5,1101.2175339098333,1215.7402370096668,1926.1523590546667,1466.154889960333,0,0,0,0,0,18,-1.8369701987210294e-16,-1.0,0,1,1,8.533988555638889,3.879818203,9.022818305222222,7.896998074444444,18.27429377288889,18.767971734222225,17.726130486833334,18.97882240377778,0.0,0.0,0.0,0.0,0,night,0,0.0,0,2,1466.154889960333,0.0,18.27429377288889,0,0,0,0,0,0,0,0,0,0,0,0,0,0,0,0,0,0,0,0,0,0,0,0,0,0,0,0,0,0,0.0,0.0,0.0,0.0,0.0,0.0,0.0,0.0,0.0,0.0,0.0,0.0
roll_02,2025-12-08T00:00:00+00:00,2026-01-19T00:00:00+00:00,2026-01-19T00:00:00+00:00,2026-01-26T00:00:00+00:00,1,0,2026-01-17 19:00:00+00:00,2026-01-17 20:00:00+00:00,1284.7492482649168,5,1849.9723726721668,1466.154889960333,3573.4096695315,1078.6994199493888,0,0,0,0,0,19,0.2588190451025203,-0.9659258262890684,0,1,1,8.775346688416667,5.4740829125833335,8.533988555638889,7.825703813444444,17.871975217472222,19.448734104222225,18.27429377288889,18.995995310777776,0.0,0.0,0.0,0.0,0,night,0,0.0,0,2,1078.6994199493888,0.0,17.871975217472222,0,0,0,0,0,0,0,0,0,0,0,0,0,0,0,0,0,0,0,0,0,0,0,0,0,0,0,0,0,0,0.0,0.0,0.0,0.0,0.0,0.0,0.0,0.0,0.0,0.0,0.0,0.0
roll_02,2025-12-08T00:00:00+00:00,2026-01-19T00:00:00+00:00,2026-01-19T00:00:00+00:00,2026-01-26T00:00:00+00:00,1,0,2026-01-17 20:00:00+00:00,2026-01-17 21:00:00+00:00,851.6801286406111,5,1455.1370739963888,1078.6994199493888,2754.500442691028,1284.7492482649168,0,0,0,0,0,20,0.5000000000000001,-0.8660254037844386,0,1,1,8.43526500263889,5.637012191416667,8.775346688416667,7.709597783944445,17.86802317861111,19.494996267166663,17.871975217472222,18.76334915180556,0.0,0.0,0.0,0.0,0,night,0,0.0,0,2,1284.7492482649168,0.0,17.86802317861111,0,0,0,0,0,0,0,0,0,0,0,0,0,0,0,0,0,0,0,0,0,0,0,0,0,0,0,0,0,0,0.0,0.0,0.0,0.0,0.0,0.0,0.0,0.0,0.0,0.0,0.0,0.0
roll_02,2025-12-08T00:00:00+00:00,2026-01-19T00:00:00+00:00,2026-01-19T00:00:00+00:00,2026-01-26T00:00:00+00:00,1,0,2026-01-17 21:00:00+00:00,2026-01-17 22:00:00+00:00,661.5588102037779,5,775.8096372270278,1284.7492482649168,2483.442940576528,851.6801286406111,0,0,0,0,0,21,0.7071067811865474,-0.7071067811865477,0,1,1,8.414438040527779,5.611597496861111,8.43526500263889,7.793732041944445,18.094013431972225,19.394528670722224,17.86802317861111,19.09072242922222,0.0,0.0,0.0,0.0,0,night,0,0.0,0,2,851.6801286406111,0.0,18.094013431972225,0,0,0,0,0,0,0,0,0,0,0,0,0,0,0,0,0,0,0,0,0,0,0,0,0,0,0,0,0,0,0.0,0.0,0.0,0.0,0.0,0.0,0.0,0.0,0.0,0.0,0.0,0.0
roll_02,2025-12-08T00:00:00+00:00,2026-01-19T00:00:00+00:00,2026-01-19T00:00:00+00:00,2026-01-26T00:00:00+00:00,1,0,2026-01-17 22:00:00+00:00,2026-01-17 23:00:00+00:00,356.0791067192222,5,609.0600654670277,851.6801286406111,2471.681181403111,661.5588102037779,0,0,0,0,0,22,0.8660254037844384,-0.5000000000000004,0,1,1,8.306586765694446,5.645945834,8.414438040527779,7.769939707083334,18.379163208138888,19.664133929416668,18.094013431972225,18.72444743175,0.0,0.0,0.0,0.0,0,night,0,0.0,0,2,661.5588102037779,0.0,18.379163208138888,0,0,0,0,0,0,0,0,0,0,0,0,0,0,0,0,0,0,0,0,0,0,0,0,0,0,0,0,0,0,0.0,0.0,0.0,0.0,0.0,0.0,0.0,0.0,0.0,0.0,0.0,0.0
roll_02,2025-12-08T00:00:00+00:00,2026-01-19T00:00:00+00:00,2026-01-19T00:00:00+00:00,2026-01-26T00:00:00+00:00,1,0,2026-01-17 23:00:00+00:00,2026-01-18 00:00:00+00:00,409.1542958934167,5,410.7482779138611,661.5588102037779,2428.759211638084,356.0791067192222,0,0,0,1,0,23,0.965925826289068,-0.2588190451025215,0,1,1,8.489515895694444,5.024357610277778,8.306586765694446,7.651671525194445,18.27030471461111,19.87883380708333,18.379163208138888,18.786308081027776,0.0,0.0,0.0,0.0,0,night,0,0.0,0,2,356.0791067192222,,18.27030471461111,0,0,0,0,0,0,0,0,0,0,0,0,1,0,0,1,0,1,0,0,1,1,0,2,0,0,0,2,0,0,0.0,0.0,0.0,0.0,0.0,0.0,0.0,0.0,0.0,0.0,0.0,0.0
roll_02,2025-12-08T00:00:00+00:00,2026-01-19T00:00:00+00:00,2026-01-19T00:00:00+00:00,2026-01-26T00:00:00+00:00,1,0,2026-01-18 00:00:00+00:00,2026-01-18 01:00:00+00:00,386.80348134525,6,405.205528771,356.0791067192222,2422.2099434294164,409.1542958934167,0,0,0,1,0,0,1.0,0.0,0,1,1,8.267303430916668,4.23442964025,8.489515895694444,7.438261246666666,18.507601477416667,20.179024266472226,18.27030471461111,19.11630246361111,0.0,0.0,0.0,0.0,0,night,0,0.0,0,2,409.1542958934167,,18.507601477416667,0,0,0,0,0,0,0,0,0,0,0,0,1,0,0,1,0,1,0,0,1,1,0,2,0,0,0,2,0,0,0.0,1.0,0.0,0.0,0.0,0.0,0.0,0.0,0.0,0.0,0.0,0.0
roll_02,2025-12-08T00:00:00+00:00,2026-01-19T00:00:00+00:00,2026-01-19T00:00:00+00:00,2026-01-26T00:00:00+00:00,1,0,2026-01-18 01:00:00+00:00,2026-01-18 02:00:00+00:00,363.9506782922222,6,475.14375079194434,409.1542958934167,2419.0737715843334,386.80348134525,0,0,0,0,0,1,0.9659258262890684,0.2588190451025207,0,1,1,7.88579561025,3.487890483277777,8.267303430916668,7.284376046305557,18.516888744472222,20.182190243472224,18.507601477416667,19.46177759227778,0.0,0.0,0.0,0.0,0,night,0,0.0,0,2,386.80348134525,0.0,18.516888744472222,0,0,0,0,0,0,0,0,0,0,0,0,0,0,0,0,0,0,0,0,0,0,0,0,0,0,0,0,0,0,0.0,1.0,0.0,0.0,0.0,0.0,0.0,0.0,0.0,0.0,0.0,0.0
roll_02,2025-12-08T00:00:00+00:00,2026-01-19T00:00:00+00:00,2026-01-19T00:00:00+00:00,2026-01-26T00:00:00+00:00,1,0,2026-01-18 02:00:00+00:00,2026-01-18 03:00:00+00:00,366.92154284288887,6,401.84106967408337,386.80348134525,2397.090425719361,363.9506782922222,0,0,0,0,0,2,0.8660254037844387,0.4999999999999999,0,1,1,7.295793718,3.631823816972222,7.88579561025,7.356306431222222,18.505587359111114,20.26443000358333,18.516888744472222,19.223714178972223,0.0,0.0,0.0,0.0,0,night,0,0.0,0,2,363.9506782922222,0.0,18.505587359111114,0,0,0,0,0,0,0,0,0,0,0,0,0,0,0,0,0,0,0,0,0,0,0,0,0,0,0,0,0,0,0.0,0.0,0.0,0.0,0.0,0.0,0.0,0.0,0.0,0.0,0.0,0.0
roll_02,2025-12-08T00:00:00+00:00,2026-01-19T00:00:00+00:00,2026-01-19T00:00:00+00:00,2026-01-26T00:00:00+00:00,1,0,2026-01-18 03:00:00+00:00,2026-01-18 04:00:00+00:00,919.6470143296112,6,367.7446838216111,363.9506782922222,2408.5668939863613,366.92154284288887,0,0,0,0,0,3,0.7071067811865476,0.7071067811865476,0,1,1,7.380389324388889,3.390917739777777,7.295793718,7.399717572,18.40949500677777,20.13319601611111,18.505587359111114,19.45567031075,0.0,0.0,0.0,0.0,0,night,0,0.0,0,2,366.92154284288887,0.0,18.40949500677777,0,0,0,0,0,0,0,0,0,0,0,0,0,0,0,0,0,0,0,0,0,0,0,0,0,0,0,0,0,0,0.0,0.0,0.0,0.0,0.0,0.0,0.0,0.0,0.0,0.0,0.0,0.0
roll_02,2025-12-08T00:00:00+00:00,2026-01-19T00:00:00+00:00,2026-01-19T00:00:00+00:00,2026-01-26T00:00:00+00:00,1,0,2026-01-18 04:00:00+00:00,2026-01-18 05:00:00+00:00,1696.4327096815832,6,963.4637856096666,366.92154284288887,2987.1550890425,919.6470143296112,0,0,0,0,0,4,0.5000000000000001,0.8660254037844386,0,1,1,7.759706802277777,2.6941748748611114,7.380389324388889,7.292532967416666,18.565049183638887,20.51800392588889,18.40949500677777,19.50167555113889,0.0,0.0,0.0,0.0,0,night,0,0.0,0,2,919.6470143296112,0.0,18.565049183638887,0,0,0,0,0,0,0,0,0,0,0,0,0,0,0,0,0,0,0,0,0,0,0,0,0,0,0,0,0,0,0.0,0.0,0.0,0.0,0.0,0.0,0.0,0.0,0.0,0.0,0.0,0.0
roll_02,2025-12-08T00:00:00+00:00,2026-01-19T00:00:00+00:00,2026-01-19T00:00:00+00:00,2026-01-26T00:00:00+00:00,1,0,2026-01-18 05:00:00+00:00,2026-01-18 06:00:00+00:00,1787.8514459331388,6,1813.34006411675,919.6470143296112,3319.657065773777,1696.4327096815832,0,0,0,0,0,5,0.2588190451025207,0.9659258262890684,0,1,1,7.824388876305555,1.6470115683055555,7.759706802277777,7.177631668333333,19.000532856916667,20.618104810138888,18.565049183638887,19.9944225565,0.0,0.0,0.0,0.0,0,night,0,0.0,0,2,1696.4327096815832,0.0,19.000532856916667,0,0,0,0,0,0,0,0,0,0,0,0,0,0,0,0,0,0,0,0,0,0,0,0,0,0,0,0,0,0,0.0,0.0,0.0,0.0,0.0,0.0,0.0,0.0,0.0,0.0,0.0,0.0
roll_02,2025-12-08T00:00:00+00:00,2026-01-19T00:00:00+00:00,2026-01-19T00:00:00+00:00,2026-01-26T00:00:00+00:00,1,0,2026-01-18 06:00:00+00:00,2026-01-18 07:00:00+00:00,2221.478881947944,6,1868.444830851611,1696.4327096815832,2391.335260368139,1787.8514459331388,0,0,0,0,0,6,6.123233995736766e-17,1.0,0,1,1,7.870841315861111,0.7204048023333334,7.824388876305555,7.25766445075,19.028892910777778,20.52741439736111,19.000532856916667,19.974863173472222,0.0,0.0,0.0,0.0,0,night,0,0.0,0,2,1787.8514459331388,0.0,19.028892910777778,0,0,0,0,0,0,0,0,0,0,0,0,0,0,0,0,0,0,0,0,0,0,0,0,0,0,0,0,0,0,0.0,0.0,0.0,0.0,0.0,0.0,0.0,0.0,0.0,0.0,0.0,0.0
roll_02,2025-12-08T00:00:00+00:00,2026-01-19T00:00:00+00:00,2026-01-19T00:00:00+00:00,2026-01-26T00:00:00+00:00,1,0,2026-01-18 07:00:00+00:00,2026-01-18 08:00:00+00:00,1747.753539249222,6,1998.770939867861,1787.8514459331388,2341.329542084556,2221.478881947944,0,0,0,0,0,7,-0.2588190451025206,0.9659258262890684,0,1,1,7.883857542694444,0.4501258596944444,7.870841315861111,7.383881055833334,22.49837394541667,20.162841653277777,19.028892910777778,19.685817555194443,0.0,0.0,0.0,0.0,1,night,0,0.0,0,2,2221.478881947944,0.0,22.49837394541667,0,0,0,0,0,0,0,0,0,0,0,0,0,0,0,0,0,0,0,0,0,0,0,0,0,0,0,0,0,0,0.0,0.0,0.0,0.0,0.0,0.0,0.0,0.0,0.0,0.0,0.0,0.0
roll_02,2025-12-08T00:00:00+00:00,2026-01-19T00:00:00+00:00,2026-01-19T00:00:00+00:00,2026-01-26T00:00:00+00:00,1,0,2026-01-18 08:00:00+00:00,2026-01-18 09:00:00+00:00,1199.014191615,6,1620.6764299421666,2221.478881947944,2591.676535681584,1747.753539249222,0,0,0,0,0,8,-0.4999999999999998,0.8660254037844387,0,1,1,8.262126455694444,2.21591780575,7.883857542694444,8.121707604333332,17.670436918444445,20.805254606944445,22.49837394541667,18.96465682683333,34.30441932991666,716.8608431172778,0.0,28.95708092888889,1,low,0,0.0,0,2,1747.753539249222,34.30441932991666,17.670436918444445,0,0,0,0,0,0,0,0,0,0,0,0,0,0,0,0,0,0,0,0,0,0,0,0,0,0,0,0,0,0,0.0,0.0,0.0,0.0,0.0,0.0,0.0,0.0,0.0,0.0,0.0,0.0
roll_02,2025-12-08T00:00:00+00:00,2026-01-19T00:00:00+00:00,2026-01-19T00:00:00+00:00,2026-01-26T00:00:00+00:00,1,0,2026-01-18 09:00:00+00:00,2026-01-18 10:00:00+00:00,2696.399735123361,6,1464.1872420950556,1747.753539249222,876.2151453261389,1199.014191615,0,0,0,0,0,9,-0.7071067811865475,0.7071067811865476,0,1,1,8.695682546194444,5.479905556944444,8.262126455694444,8.751546623111112,17.60044165513889,21.66706498425,17.670436918444445,19.20686476825,89.21282883222221,1113.9215353886943,34.30441932991666,108.89878298597222,1,low,0,0.0,0,2,1199.014191615,89.21282883222221,17.60044165513889,0,0,0,0,0,0,0,0,0,0,0,0,0,0,0,0,0,0,0,0,0,0,0,0,0,0,0,0,0,0,0.0,0.0,0.0,0.0,0.0,0.0,0.0,0.0,0.0,0.0,0.0,0.0
roll_02,2025-12-08T00:00:00+00:00,2026-01-19T00:00:00+00:00,2026-01-19T00:00:00+00:00,2026-01-26T00:00:00+00:00,1,0,2026-01-18 10:00:00+00:00,2026-01-18 11:00:00+00:00,908.328997025861,6,474.102661966639,1199.014191615,1362.1403257086388,2696.399735123361,0,0,0,0,0,10,-0.8660254037844387,0.4999999999999999,0,1,1,9.452506697638889,8.399686105833334,8.695682546194444,9.078067266305556,17.917450888777775,20.90244102377778,17.60044165513889,19.716803649722223,152.0663147546389,1445.3827412131943,89.21282883222221,221.86114629477777,1,low,0,0.0,0,2,2696.399735123361,152.0663147546389,17.917450888777775,0,0,0,0,0,0,0,0,0,0,0,0,0,0,0,0,0,0,0,0,0,0,0,0,0,0,0,0,0,0,0.0,0.0,0.0,0.0,0.0,0.0,0.0,0.0,0.0,0.0,0.0,0.0
roll_02,2025-12-08T00:00:00+00:00,2026-01-19T00:00:00+00:00,2026-01-19T00:00:00+00:00,2026-01-26T00:00:00+00:00,1,0,2026-01-18 11:00:00+00:00,2026-01-18 12:00:00+00:00,1081.863576312389,6,924.8024321908888,2696.399735123361,851.023270576111,908.328997025861,0,0,0,0,0,11,-0.9659258262890682,0.258819045102521,0,1,1,9.93934049188889,10.56430204613889,9.452506697638889,9.67168500638889,17.975845256166668,21.703601752222223,17.917450888777775,18.94777081475,291.1969854105833,1576.5715724575275,152.0663147546389,186.94326531838888,1,low,0,0.0,0,2,908.328997025861,291.1969854105833,17.975845256166668,0,0,0,0,0,0,0,0,0,0,0,0,0,0,0,0,0,0,0,0,0,0,0,0,0,0,0,0,0,0,0.0,0.0,0.0,0.0,0.0,0.0,0.0,0.0,0.0,0.0,0.0,0.0
roll_02,2025-12-08T00:00:00+00:00,2026-01-19T00:00:00+00:00,2026-01-19T00:00:00+00:00,2026-01-26T00:00:00+00:00,1,0,2026-01-18 12:00:00+00:00,2026-01-18 13:00:00+00:00,2173.5554944418054,6,-377.0683961764167,908.328997025861,375.1866214471667,1081.863576312389,0,0,0,0,0,12,-1.0,1.2246467991473532e-16,0,1,1,10.88034856138889,11.13957339347222,9.93934049188889,10.057301476,18.150378169,21.560308488194448,17.975845256166668,18.284649789444444,279.95511428333333,1523.783426588417,291.1969854105833,275.0773129497222,1,low,0,0.0,0,3,1081.863576312389,279.95511428333333,18.150378169,0,0,0,0,0,0,0,0,0,0,0,0,0,0,0,0,0,0,0,0,0,0,0,0,0,0,0,0,0,0,0.0,0.0,0.0,0.0,0.0,0.0,0.0,0.0,0.0,0.0,0.0,0.0
roll_02,2025-12-08T00:00:00+00:00,2026-01-19T00:00:00+00:00,2026-01-19T00:00:00+00:00,2026-01-26T00:00:00+00:00,1,0,2026-01-18 13:00:00+00:00,2026-01-18 14:00:00+00:00,1035.234056645167,6,-533.3608326616389,1081.863576312389,1125.2122855051666,2173.5554944418054,0,0,0,0,0,13,-0.9659258262890684,-0.2588190451025208,0,1,1,11.194744100638887,11.51705910513889,10.88034856138889,10.579499319583332,17.605212465694446,20.96788498608333,18.150378169,18.457303344916667,211.40559060327777,1288.0403277888888,279.95511428333333,287.2499787669167,1,low,0,0.0,0,3,2173.5554944418054,211.40559060327777,17.605212465694446,0,0,0,0,0,0,0,0,0,0,0,0,0,0,0,0,0,0,0,0,0,0,0,0,0,0,0,0,0,0,0.0,0.0,0.0,0.0,0.0,0.0,0.0,0.0,0.0,0.0,0.0,0.0
roll_02,2025-12-08T00:00:00+00:00,2026-01-19T00:00:00+00:00,2026-01-19T00:00:00+00:00,2026-01-26T00:00:00+00:00,1,0,2026-01-18 14:00:00+00:00,2026-01-18 15:00:00+00:00,982.0105920020555,6,1619.3522628639723,2173.5554944418054,553.7227735364166,1035.234056645167,0,0,0,0,0,14,-0.8660254037844388,-0.4999999999999997,0,1,1,10.792807296472224,12.787921283277775,11.194744100638887,10.797755711305555,17.720296622972224,20.60916648908333,17.605212465694446,18.117300213361112,51.70543011708333,780.1935005056666,211.40559060327777,116.70239646572225,1,low,0,0.0,0,3,1035.234056645167,51.70543011708333,17.720296622972224,0,0,0,0,0,0,0,0,0,0,0,0,0,0,0,0,0,0,0,0,0,0,0,0,0,0,0,0,0,0,0.0,0.0,0.0,0.0,0.0,0.0,0.0,0.0,0.0,0.0,0.0,0.0
roll_02,2025-12-08T00:00:00+00:00,2026-01-19T00:00:00+00:00,2026-01-19T00:00:00+00:00,2026-01-26T00:00:00+00:00,1,0,2026-01-18 15:00:00+00:00,2026-01-18 16:00:00+00:00,939.633989883972,6,867.3860450609445,1035.234056645167,893.3163181295832,982.0105920020555,0,0,0,0,0,15,-0.7071067811865479,-0.7071067811865471,0,1,1,10.09873856363889,11.008737726416667,10.792807296472224,10.387558755972222,17.65813682397222,19.72462692113889,17.720296622972224,17.90237331016667,0.0,55.60070419424999,51.70543011708333,0.0,1,night,0,0.0,0,3,982.0105920020555,0.0,17.65813682397222,0,0,0,0,0,0,0,0,0,0,0,0,0,0,0,0,0,0,0,0,0,0,0,0,0,0,0,0,0,0,0.0,0.0,0.0,0.0,0.0,0.0,0.0,0.0,0.0,0.0,0.0,0.0
roll_02,2025-12-08T00:00:00+00:00,2026-01-19T00:00:00+00:00,2026-01-19T00:00:00+00:00,2026-01-26T00:00:00+00:00,1,0,2026-01-18 16:00:00+00:00,2026-01-18 17:00:00+00:00,1984.2611124879447,6,1129.351029028639,982.0105920020555,1082.6851535658332,939.633989883972,0,0,0,0,0,16,-0.5000000000000004,-0.8660254037844385,0,1,1,9.486147199944446,7.34603673525,10.09873856363889,9.67754631263889,17.723917226694443,19.47766912930556,17.65813682397222,17.86029653872222,0.0,0.0,0.0,0.0,0,night,0,0.0,0,2,939.633989883972,0.0,17.723917226694443,0,0,0,0,0,0,0,0,0,0,0,0,0,0,0,0,0,0,0,0,0,0,0,0,0,0,0,0,0,0,0.0,0.0,0.0,0.0,0.0,0.0,0.0,0.0,0.0,0.0,0.0,0.0
roll_02,2025-12-08T00:00:00+00:00,2026-01-19T00:00:00+00:00,2026-01-19T00:00:00+00:00,2026-01-26T00:00:00+00:00,1,0,2026-01-18 17:00:00+00:00,2026-01-18 18:00:00+00:00,1779.6982078336666,6,1683.5612400863336,939.633989883972,1215.7402370096668,1984.2611124879447,0,0,0,0,0,17,-0.2588190451025206,-0.9659258262890684,0,1,1,8.932912868583333,5.409180986416668,9.486147199944446,9.022818305222222,17.788532314805554,19.04478443258333,17.723917226694443,17.726130486833334,0.0,0.0,0.0,0.0,0,night,0,0.0,0,2,1984.2611124879447,0.0,17.788532314805554,0,0,0,0,0,0,0,0,0,0,0,0,0,0,0,0,0,0,0,0,0,0,0,0,0,0,0,0,0,0,0.0,0.0,0.0,0.0,0.0,0.0,0.0,0.0,0.0,0.0,0.0,0.0
roll_02,2025-12-08T00:00:00+00:00,2026-01-19T00:00:00+00:00,2026-01-19T00:00:00+00:00,2026-01-26T00:00:00+00:00,1,0,2026-01-18 18:00:00+00:00,2026-01-18 19:00:00+00:00,1945.2175917344168,6,2735.553599037861,1984.2611124879447,1466.154889960333,1779.6982078336666,0,0,0,0,0,18,-1.8369701987210294e-16,-1.0,0,1,1,8.383298441722223,3.7358169538333335,8.932912868583333,8.533988555638889,17.752887094805555,19.200060977555555,17.788532314805554,18.27429377288889,0.0,0.0,0.0,0.0,0,night,0,0.0,0,2,1779.6982078336666,0.0,17.752887094805555,0,0,0,0,0,0,0,0,0,0,0,0,0,0,0,0,0,0,0,0,0,0,0,0,0,0,0,0,0,0,0.0,0.0,0.0,0.0,0.0,0.0,0.0,0.0,0.0,0.0,0.0,0.0
roll_02,2025-12-08T00:00:00+00:00,2026-01-19T00:00:00+00:00,2026-01-19T00:00:00+00:00,2026-01-26T00:00:00+00:00,1,0,2026-01-18 19:00:00+00:00,2026-01-18 20:00:00+00:00,817.2623687095833,6,2033.9936153407496,1779.6982078336666,1078.6994199493888,1945.2175917344168,0,0,0,0,0,19,0.2588190451025203,-0.9659258262890684,0,1,1,8.063546007666666,3.0572774616666667,8.383298441722223,8.775346688416667,17.598374748583336,19.296515411055555,17.752887094805555,17.871975217472222,0.0,0.0,0.0,0.0,0,night,0,0.0,0,2,1945.2175917344168,0.0,17.598374748583336,0,0,0,0,0,0,0,0,0,0,0,0,0,0,0,0,0,0,0,0,0,0,0,0,0,0,0,0,0,0,0.0,0.0,0.0,0.0,0.0,0.0,0.0,0.0,0.0,0.0,0.0,0.0
roll_02,2025-12-08T00:00:00+00:00,2026-01-19T00:00:00+00:00,2026-01-19T00:00:00+00:00,2026-01-26T00:00:00+00:00,1,0,2026-01-18 20:00:00+00:00,2026-01-18 21:00:00+00:00,1022.3695540110556,6,1245.8312970156112,1945.2175917344168,1284.7492482649168,817.2623687095833,0,0,0,0,0,20,0.5000000000000001,-0.8660254037844386,0,1,1,7.955256959805555,2.1335418446944443,8.063546007666666,8.43526500263889,18.132431494416668,19.16815963236112,17.598374748583336,17.86802317861111,0.0,0.0,0.0,0.0,0,night,0,0.0,0,2,817.2623687095833,0.0,18.132431494416668,0,0,0,0,0,0,0,0,0,0,0,0,0,0,0,0,0,0,0,0,0,0,0,0,0,0,0,0,0,0,0.0,0.0,0.0,0.0,0.0,0.0,0.0,0.0,0.0,0.0,0.0,0.0
roll_02,2025-12-08T00:00:00+00:00,2026-01-19T00:00:00+00:00,2026-01-19T00:00:00+00:00,2026-01-26T00:00:00+00:00,1,0,2026-01-18 21:00:00+00:00,2026-01-18 22:00:00+00:00,579.8006035581112,6,2829.186617279833,817.2623687095833,851.6801286406111,1022.3695540110556,0,0,0,0,0,21,0.7071067811865474,-0.7071067811865477,0,1,1,7.917760795055556,1.5935824046944445,7.955256959805555,8.414438040527779,18.226290338722222,19.45402064038889,18.132431494416668,18.094013431972225,0.0,0.0,0.0,0.0,0,night,0,0.0,0,2,1022.3695540110556,0.0,18.226290338722222,0,0,0,0,0,0,0,0,0,0,0,0,0,0,0,0,0,0,0,0,0,0,0,0,0,0,0,0,0,0,0.0,0.0,0.0,0.0,0.0,0.0,0.0,0.0,0.0,0.0,0.0,0.0
roll_02,2025-12-08T00:00:00+00:00,2026-01-19T00:00:00+00:00,2026-01-19T00:00:00+00:00,2026-01-26T00:00:00+00:00,1,0,2026-01-18 22:00:00+00:00,2026-01-18 23:00:00+00:00,371.8011446672778,6,2652.970591418611,1022.3695540110556,661.5588102037779,579.8006035581112,0,0,0,0,0,22,0.8660254037844384,-0.5000000000000004,0,1,1,7.723855807972222,0.8223521403888889,7.917760795055556,8.306586765694446,18.30075636655556,19.75202070783333,18.226290338722222,18.379163208138888,0.0,0.0,0.0,0.0,0,night,0,0.0,0,2,579.8006035581112,0.0,18.30075636655556,0,0,0,0,0,0,0,0,0,0,0,0,0,0,0,0,0,0,0,0,0,0,0,0,0,0,0,0,0,0,0.0,0.0,0.0,0.0,0.0,0.0,0.0,0.0,0.0,0.0,0.0,0.0
roll_02,2025-12-08T00:00:00+00:00,2026-01-19T00:00:00+00:00,2026-01-19T00:00:00+00:00,2026-01-26T00:00:00+00:00,0,1,2026-01-18 23:00:00+00:00,2026-01-19 00:00:00+00:00,368.0171135468333,6,2501.345489155889,579.8006035581112,356.0791067192222,371.8011446672778,0,0,0,0,0,23,0.965925826289068,-0.2588190451025215,0,1,1,7.6601376606111105,0.8401119943055555,7.723855807972222,8.489515895694444,18.329515098027777,19.76163939361111,18.30075636655556,18.27030471461111,0.0,0.0,0.0,0.0,0,night,0,0.0,0,2,371.8011446672778,0.0,18.329515098027777,0,0,0,0,0,0,0,0,0,0,0,0,0,0,0,0,0,0,0,0,0,0,0,0,0,0,0,0,0,0,0.0,0.0,0.0,0.0,0.0,1.0,0.0,0.0,0.0,0.0,0.0,0.0
roll_02,2025-12-08T00:00:00+00:00,2026-01-19T00:00:00+00:00,2026-01-19T00:00:00+00:00,2026-01-26T00:00:00+00:00,0,1,2026-01-19 00:00:00+00:00,2026-01-19 01:00:00+00:00,370.43651664125,0,2521.281662351861,371.8011446672778,409.1542958934167,368.0171135468333,0,0,0,0,0,0,1.0,0.0,0,0,1,7.471285470472222,0.0822739048611111,7.6601376606111105,8.267303430916668,18.324939880888888,19.92784602258333,18.329515098027777,18.507601477416667,0.0,0.0,0.0,0.0,0,night,0,0.0,0,2,368.0171135468333,0.0,18.324939880888888,0,0,0,0,0,0,0,0,0,0,0,0,0,0,0,0,0,0,0,0,0,0,0,0,0,0,0,0,0,0,0.0,0.0,0.0,0.0,0.0,1.0,0.0,0.0,0.0,0.0,0.0,0.0
roll_02,2025-12-08T00:00:00+00:00,2026-01-19T00:00:00+00:00,2026-01-19T00:00:00+00:00,2026-01-26T00:00:00+00:00,0,1,2026-01-19 01:00:00+00:00,2026-01-19 02:00:00+00:00,382.0239495386389,0,2510.7629793080832,368.0171135468333,386.80348134525,370.43651664125,0,0,0,0,0,1,0.9659258262890684,0.2588190451025207,0,0,1,7.240814754666666,-0.0979647454722222,7.471285470472222,7.88579561025,18.191478372805555,19.88745926827778,18.324939880888888,18.516888744472222,0.0,0.0,0.0,0.0,0,night,0,0.0,0,2,370.43651664125,0.0,18.191478372805555,0,0,0,0,0,0,0,0,0,0,0,0,0,0,0,0,0,0,0,0,0,0,0,0,0,0,0,0,0,0,0.0,0.0,0.0,0.0,0.0,0.0,0.0,0.0,0.0,0.0,0.0,0.0
roll_02,2025-12-08T00:00:00+00:00,2026-01-19T00:00:00+00:00,2026-01-19T00:00:00+00:00,2026-01-26T00:00:00+00:00,0,1,2026-01-19 02:00:00+00:00,2026-01-19 03:00:00+00:00,368.1878588306667,0,2517.397726423444,370.43651664125,363.9506782922222,382.0239495386389,0,0,0,0,0,2,0.8660254037844387,0.4999999999999999,0,0,1,7.025713984444444,-0.3757401703055555,7.240814754666666,7.295793718,18.308205069916667,20.026290722638887,18.191478372805555,18.505587359111114,0.0,0.0,0.0,0.0,0,night,0,0.0,0,2,382.0239495386389,0.0,18.308205069916667,0,0,0,0,0,0,0,0,0,0,0,0,0,0,0,0,0,0,0,0,0,0,0,0,0,0,0,0,0,0,0.0,0.0,0.0,0.0,0.0,0.0,0.0,0.0,0.0,0.0,0.0,0.0
roll_02,2025-12-08T00:00:00+00:00,2026-01-19T00:00:00+00:00,2026-01-19T00:00:00+00:00,2026-01-26T00:00:00+00:00,0,1,2026-01-19 03:00:00+00:00,2026-01-19 04:00:00+00:00,956.6022458266112,0,2481.68678522575,382.0239495386389,366.92154284288887,368.1878588306667,0,0,0,0,0,3,0.7071067811865476,0.7071067811865476,0,0,1,6.843691117888889,0.1335239932777777,7.025713984444444,7.380389324388889,18.22355256697222,19.80030205080556,18.308205069916667,18.40949500677777,0.0,0.0,0.0,0.0,0,night,0,0.0,0,2,368.1878588306667,0.0,18.22355256697222,0,0,0,0,0,0,0,0,0,0,0,0,0,0,0,0,0,0,0,0,0,0,0,0,0,0,0,0,0,0,0.0,0.0,0.0,0.0,0.0,0.0,0.0,0.0,0.0,0.0,0.0,0.0
roll_02,2025-12-08T00:00:00+00:00,2026-01-19T00:00:00+00:00,2026-01-19T00:00:00+00:00,2026-01-26T00:00:00+00:00,0,1,2026-01-19 04:00:00+00:00,2026-01-19 05:00:00+00:00,2097.5119466174724,0,3016.15648477425,368.1878588306667,919.6470143296112,956.6022458266112,0,0,0,0,0,4,0.5000000000000001,0.8660254037844386,0,0,1,6.571004820500001,-0.0287854997222222,6.843691117888889,7.759706802277777,18.381851679388888,19.688919204277777,18.22355256697222,18.565049183638887,0.0,0.0,0.0,0.0,0,night,0,0.0,0,2,956.6022458266112,0.0,18.381851679388888,0,0,0,0,0,0,0,0,0,0,0,0,0,0,0,0,0,0,0,0,0,0,0,0,0,0,0,0,0,0,0.0,0.0,0.0,0.0,0.0,0.0,0.0,0.0,0.0,0.0,0.0,0.0
roll_02,2025-12-08T00:00:00+00:00,2026-01-19T00:00:00+00:00,2026-01-19T00:00:00+00:00,2026-01-26T00:00:00+00:00,0,1,2026-01-19 05:00:00+00:00,2026-01-19 06:00:00+00:00,2207.624277541472,0,4262.747835938639,956.6022458266112,1696.4327096815832,2097.5119466174724,0,0,0,0,0,5,0.2588190451025207,0.9659258262890684,0,0,1,6.230610997888888,-0.5948542869166666,6.571004820500001,7.824388876305555,18.81852253330556,19.79284536802778,18.381851679388888,19.000532856916667,0.0,0.0,0.0,0.0,0,night,0,0.0,0,2,2097.5119466174724,0.0,18.81852253330556,0,0,0,0,0,0,0,0,0,0,0,0,0,0,0,0,0,0,0,0,0,0,0,0,0,0,0,0,0,0,0.0,0.0,0.0,0.0,0.0,0.0,0.0,0.0,0.0,0.0,0.0,0.0
roll_02,2025-12-08T00:00:00+00:00,2026-01-19T00:00:00+00:00,2026-01-19T00:00:00+00:00,2026-01-26T00:00:00+00:00,0,1,2026-01-19 06:00:00+00:00,2026-01-19 07:00:00+00:00,743.501432477222,0,4361.908397110695,2097.5119466174724,1787.8514459331388,2207.624277541472,0,0,0,0,0,6,6.123233995736766e-17,1.0,0,0,1,6.104236992611111,-0.0256551238333333,6.230610997888888,7.870841315861111,18.518887052166665,18.87429544488889,18.81852253330556,19.028892910777778,0.0,0.0,0.0,0.0,0,night,0,0.0,0,2,2207.624277541472,0.0,18.518887052166665,0,0,0,0,0,0,0,0,0,0,0,0,0,0,0,0,0,0,0,0,0,0,0,0,0,0,0,0,0,0,0.0,0.0,0.0,0.0,0.0,0.0,0.0,0.0,0.0,0.0,0.0,0.0
roll_02,2025-12-08T00:00:00+00:00,2026-01-19T00:00:00+00:00,2026-01-19T00:00:00+00:00,2026-01-26T00:00:00+00:00,0,1,2026-01-19 07:00:00+00:00,2026-01-19 08:00:00+00:00,1602.210022772833,0,4563.315619382333,2207.624277541472,2221.478881947944,743.501432477222,0,0,0,0,0,7,-0.2588190451025206,0.9659258262890684,0,0,1,6.0920939530833325,0.0892223874722222,6.104236992611111,7.883857542694444,17.464818313277778,18.15650825783333,18.518887052166665,22.49837394541667,0.0,0.0,0.0,0.0,1,night,0,0.0,0,2,743.501432477222,0.0,17.464818313277778,0,0,0,0,0,0,0,0,0,0,0,0,0,0,0,0,0,0,0,0,0,0,0,0,0,0,0,0,0,0,0.0,0.0,0.0,0.0,0.0,0.0,0.0,0.0,0.0,0.0,0.0,0.0
roll_02,2025-12-08T00:00:00+00:00,2026-01-19T00:00:00+00:00,2026-01-19T00:00:00+00:00,2026-01-26T00:00:00+00:00,0,1,2026-01-19 08:00:00+00:00,2026-01-19 09:00:00+00:00,401.86281383952775,0,3089.202245556361,743.501432477222,1747.753539249222,1602.210022772833,0,0,0,0,0,8,-0.4999999999999998,0.8660254037844387,0,0,1,6.376790769055556,1.5477482746388889,6.0920939530833325,8.262126455694444,18.106925738416667,18.900201835166666,17.464818313277778,17.670436918444445,52.25388250475,675.084050221,0.0,34.30441932991666,1,low,0,0.0,0,2,1602.210022772833,52.25388250475,18.106925738416667,0,0,0,0,0,0,0,0,0,0,0,0,0,0,0,0,0,0,0,0,0,0,0,0,0,0,0,0,0,0,0.0,0.0,0.0,0.0,0.0,0.0,0.0,0.0,0.0,0.0,0.0,0.0
roll_02,2025-12-08T00:00:00+00:00,2026-01-19T00:00:00+00:00,2026-01-19T00:00:00+00:00,2026-01-26T00:00:00+00:00,0,1,2026-01-19 09:00:00+00:00,2026-01-19 10:00:00+00:00,799.5036943302779,0,2796.8041315197224,1602.210022772833,1199.014191615,401.86281383952775,0,0,0,0,0,9,-0.7071067811865475,0.7071067811865476,0,0,1,6.883866901888889,3.2254890193888888,6.376790769055556,8.695682546194444,17.851597591666668,19.612746164055554,18.106925738416667,17.60044165513889,200.28425978958333,1056.8253583911112,52.25388250475,89.21282883222221,1,low,0,0.0,0,2,401.86281383952775,200.28425978958333,17.851597591666668,0,0,0,0,0,0,0,0,0,0,0,0,0,0,0,0,0,0,0,0,0,0,0,0,0,0,0,0,0,0,0.0,0.0,0.0,0.0,0.0,0.0,0.0,0.0,0.0,0.0,0.0,0.0
roll_02,2025-12-08T00:00:00+00:00,2026-01-19T00:00:00+00:00,2026-01-19T00:00:00+00:00,2026-01-26T00:00:00+00:00,0,1,2026-01-19 10:00:00+00:00,2026-01-19 11:00:00+00:00,764.1083921755,0,746.3919299871112,401.86281383952775,2696.399735123361,799.5036943302779,0,0,0,0,0,10,-0.8660254037844387,0.4999999999999999,0,0,1,7.554804945722222,4.715763120611111,6.883866901888889,9.452506697638889,18.305271993833333,21.086698567944445,17.851597591666668,17.917450888777775,300.6106887920556,1274.2766447041663,200.28425978958333,152.0663147546389,1,low,0,0.0,0,2,799.5036943302779,300.6106887920556,18.305271993833333,0,0,0,0,0,0,0,0,0,0,0,0,0,0,0,0,0,0,0,0,0,0,0,0,0,0,0,0,0,0,0.0,0.0,0.0,0.0,0.0,0.0,0.0,0.0,0.0,0.0,0.0,0.0
roll_02,2025-12-08T00:00:00+00:00,2026-01-19T00:00:00+00:00,2026-01-19T00:00:00+00:00,2026-01-26T00:00:00+00:00,0,1,2026-01-19 11:00:00+00:00,2026-01-19 12:00:00+00:00,135.93812644077775,0,632.5966184736388,799.5036943302779,908.328997025861,764.1083921755,0,0,0,0,0,11,-0.9659258262890682,0.258819045102521,0,0,1,7.938572868611111,6.151445526944444,7.554804945722222,9.93934049188889,17.913517779527776,21.65975194513889,18.305271993833333,17.975845256166668,360.65137327452777,1427.525714563778,300.6106887920556,291.1969854105833,1,low,0,0.0,0,2,764.1083921755,360.65137327452777,17.913517779527776,0,0,0,0,0,0,0,0,0,0,0,0,0,0,0,0,0,0,0,0,0,0,0,0,0,0,0,0,0,0,0.0,0.0,0.0,0.0,0.0,0.0,0.0,0.0,0.0,0.0,0.0,0.0
roll_02,2025-12-08T00:00:00+00:00,2026-01-19T00:00:00+00:00,2026-01-19T00:00:00+00:00,2026-01-26T00:00:00+00:00,0,1,2026-01-19 12:00:00+00:00,2026-01-19 13:00:00+00:00,227.14875664072224,0,-422.1210146441389,764.1083921755,1081.863576312389,135.93812644077775,0,0,0,0,0,12,-1.0,1.2246467991473532e-16,0,0,1,8.697412192166667,8.042106340527779,7.938572868611111,10.88034856138889,17.51108470222222,20.280064502833334,17.913517779527776,18.150378169,429.9776792980833,1077.0554969643056,360.65137327452777,279.95511428333333,1,med,0,0.0,0,2,135.93812644077775,429.9776792980833,17.51108470222222,0,0,0,0,0,0,0,0,0,0,0,0,0,0,0,0,0,0,0,0,0,0,0,0,0,0,0,0,0,0,0.0,0.0,0.0,0.0,0.0,0.0,0.0,0.0,0.0,0.0,0.0,0.0
roll_02,2025-12-08T00:00:00+00:00,2026-01-19T00:00:00+00:00,2026-01-19T00:00:00+00:00,2026-01-26T00:00:00+00:00,0,1,2026-01-19 13:00:00+00:00,2026-01-19 14:00:00+00:00,1951.074940760889,0,754.2202679822223,135.93812644077775,2173.5554944418054,227.14875664072224,0,0,0,0,0,13,-0.9659258262890684,-0.2588190451025208,0,0,1,9.178790924722222,8.886836191527777,8.697412192166667,11.194744100638887,17.4767666915,20.89163533738889,17.51108470222222,17.605212465694446,331.27048653,917.7112551677222,429.9776792980833,211.40559060327777,1,low,0,0.0,0,2,227.14875664072224,331.27048653,17.4767666915,0,0,0,0,0,0,0,0,0,0,0,0,0,0,0,0,0,0,0,0,0,0,0,0,0,0,0,0,0,0,0.0,0.0,0.0,0.0,0.0,0.0,0.0,0.0,0.0,0.0,0.0,0.0
roll_02,2025-12-08T00:00:00+00:00,2026-01-19T00:00:00+00:00,2026-01-19T00:00:00+00:00,2026-01-26T00:00:00+00:00,0,1,2026-01-19 14:00:00+00:00,2026-01-19 15:00:00+00:00,806.2876032480555,0,1500.3252466112224,227.14875664072224,1035.234056645167,1951.074940760889,0,0,0,0,0,14,-0.8660254037844388,-0.4999999999999997,0,0,1,8.86652897075,8.544484776166668,9.178790924722222,10.792807296472224,18.02714254913889,20.355432554527777,17.4767666915,17.720296622972224,138.99832969141667,366.2336248188056,331.27048653,51.70543011708333,1,low,0,0.0,0,2,1951.074940760889,138.99832969141667,18.02714254913889,0,0,0,0,0,0,0,0,0,0,0,0,0,0,0,0,0,0,0,0,0,0,0,0,0,0,0,0,0,0,0.0,0.0,0.0,0.0,0.0,0.0,0.0,0.0,0.0,0.0,0.0,0.0
roll_02,2025-12-08T00:00:00+00:00,2026-01-19T00:00:00+00:00,2026-01-19T00:00:00+00:00,2026-01-26T00:00:00+00:00,0,1,2026-01-19 15:00:00+00:00,2026-01-19 16:00:00+00:00,738.6692789706944,0,586.6202596731389,1951.074940760889,982.0105920020555,806.2876032480555,0,0,0,0,0,15,-0.7071067811865479,-0.7071067811865471,0,0,1,8.054252913972222,6.644266975333334,8.86652897075,10.09873856363889,17.764550296583334,19.053108088833334,18.02714254913889,17.65813682397222,60.29446228413889,29.778236451166663,138.99832969141667,0.0,1,low,0,0.0,0,2,806.2876032480555,60.29446228413889,17.764550296583334,0,0,0,0,0,0,0,0,0,0,0,0,0,0,0,0,0,0,0,0,0,0,0,0,0,0,0,0,0,0,0.0,0.0,0.0,0.0,0.0,0.0,0.0,0.0,0.0,0.0,0.0,0.0
roll_02,2025-12-08T00:00:00+00:00,2026-01-19T00:00:00+00:00,2026-01-19T00:00:00+00:00,2026-01-26T00:00:00+00:00,0,1,2026-01-19 16:00:00+00:00,2026-01-19 17:00:00+00:00,1883.6500829357776,0,1670.774375533639,806.2876032480555,939.633989883972,738.6692789706944,0,0,0,0,0,16,-0.5000000000000004,-0.8660254037844385,0,0,1,6.7582327050833335,5.279263939527778,8.054252913972222,9.486147199944446,17.51009285883333,19.11104975583333,17.764550296583334,17.723917226694443,0.0,0.0,60.29446228413889,0.0,0,night,0,0.0,0,2,738.6692789706944,0.0,17.51009285883333,0,0,0,0,0,0,0,0,0,0,0,0,0,0,0,0,0,0,0,0,0,0,0,0,0,0,0,0,0,0,0.0,0.0,0.0,0.0,0.0,0.0,0.0,0.0,0.0,0.0,0.0,0.0
roll_02,2025-12-08T00:00:00+00:00,2026-01-19T00:00:00+00:00,2026-01-19T00:00:00+00:00,2026-01-26T00:00:00+00:00,0,1,2026-01-19 17:00:00+00:00,2026-01-19 18:00:00+00:00,1098.2935032161668,0,893.0618960396945,738.6692789706944,1984.2611124879447,1883.6500829357776,0,0,0,0,0,17,-0.2588190451025206,-0.9659258262890684,0,0,1,6.245921308277777,4.219392392722222,6.7582327050833335,8.932912868583333,17.879649593055557,18.65615157883333,17.51009285883333,17.788532314805554,0.0,0.0,0.0,0.0,0,night,0,0.0,0,2,1883.6500829357776,0.0,17.879649593055557,0,0,0,0,0,0,0,0,0,0,0,0,0,0,0,0,0,0,0,0,0,0,0,0,0,0,0,0,0,0,0.0,0.0,0.0,0.0,0.0,0.0,0.0,0.0,0.0,0.0,0.0,0.0
roll_02,2025-12-08T00:00:00+00:00,2026-01-19T00:00:00+00:00,2026-01-19T00:00:00+00:00,2026-01-26T00:00:00+00:00,0,1,2026-01-19 18:00:00+00:00,2026-01-19 19:00:00+00:00,1096.4852710823889,0,2274.0885418814723,1883.6500829357776,1779.6982078336666,1098.2935032161668,0,0,0,0,0,18,-1.8369701987210294e-16,-1.0,0,0,1,6.290845957444444,4.016366639916667,6.245921308277777,8.383298441722223,17.678952539277777,19.38624729958333,17.879649593055557,17.752887094805555,0.0,0.0,0.0,0.0,0,night,0,0.0,0,2,1098.2935032161668,0.0,17.678952539277777,0,0,0,0,0,0,0,0,0,0,0,0,0,0,0,0,0,0,0,0,0,0,0,0,0,0,0,0,0,0,0.0,0.0,0.0,0.0,0.0,0.0,0.0,0.0,0.0,0.0,0.0,0.0
roll_02,2025-12-08T00:00:00+00:00,2026-01-19T00:00:00+00:00,2026-01-19T00:00:00+00:00,2026-01-26T00:00:00+00:00,0,1,2026-01-19 19:00:00+00:00,2026-01-19 20:00:00+00:00,852.2087300646944,0,1365.6644136303612,1098.2935032161668,1945.2175917344168,1096.4852710823889,0,0,0,0,0,19,0.2588190451025203,-0.9659258262890684,0,0,1,5.148736282194444,3.884336086,6.290845957444444,8.063546007666666,17.924687961111108,19.382953398694443,17.678952539277777,17.598374748583336,0.0,0.0,0.0,0.0,0,night,0,0.0,0,2,1096.4852710823889,0.0,17.924687961111108,0,0,0,0,0,0,0,0,0,0,0,0,0,0,0,0,0,0,0,0,0,0,0,0,0,0,0,0,0,0,0.0,0.0,0.0,0.0,0.0,0.0,0.0,0.0,0.0,0.0,0.0,0.0
roll_02,2025-12-08T00:00:00+00:00,2026-01-19T00:00:00+00:00,2026-01-19T00:00:00+00:00,2026-01-26T00:00:00+00:00,0,1,2026-01-19 20:00:00+00:00,2026-01-19 21:00:00+00:00,568.0186646560555,0,653.7379858252777,1096.4852710823889,817.2623687095833,852.2087300646944,0,0,0,0,0,20,0.5000000000000001,-0.8660254037844386,0,0,1,3.9840519537777777,3.633355686611111,5.148736282194444,7.955256959805555,18.02282410180556,19.144044949,17.924687961111108,18.132431494416668,0.0,0.0,0.0,0.0,0,night,0,0.0,0,1,852.2087300646944,0.0,18.02282410180556,0,0,0,0,0,0,0,0,0,0,0,0,0,0,0,0,0,0,0,0,0,0,0,0,0,0,0,0,0,0,0.0,0.0,0.0,0.0,0.0,0.0,0.0,0.0,0.0,0.0,0.0,0.0
roll_02,2025-12-08T00:00:00+00:00,2026-01-19T00:00:00+00:00,2026-01-19T00:00:00+00:00,2026-01-26T00:00:00+00:00,0,1,2026-01-19 21:00:00+00:00,2026-01-19 22:00:00+00:00,461.19813976011113,0,1060.23997367125,852.2087300646944,1022.3695540110556,568.0186646560555,0,0,0,0,0,21,0.7071067811865474,-0.7071067811865477,0,0,1,3.315242828777778,3.5082212590277777,3.9840519537777777,7.917760795055556,18.144430832972223,19.25061404477778,18.02282410180556,18.226290338722222,0.0,0.0,0.0,0.0,0,night,0,0.0,0,1,568.0186646560555,0.0,18.144430832972223,0,0,0,0,0,0,0,0,0,0,0,0,0,0,0,0,0,0,0,0,0,0,0,0,0,0,0,0,0,0,0.0,0.0,0.0,0.0,0.0,0.0,0.0,0.0,0.0,0.0,0.0,0.0
roll_02,2025-12-08T00:00:00+00:00,2026-01-19T00:00:00+00:00,2026-01-19T00:00:00+00:00,2026-01-26T00:00:00+00:00,0,1,2026-01-19 22:00:00+00:00,2026-01-19 23:00:00+00:00,356.1728901926111,0,372.6696216118889,568.0186646560555,579.8006035581112,461.19813976011113,0,0,0,0,0,22,0.8660254037844384,-0.5000000000000004,0,0,1,2.735980420083333,3.508406459083333,3.315242828777778,7.723855807972222,18.098196491611112,19.15334913905556,18.144430832972223,18.30075636655556,0.0,0.0,0.0,0.0,0,night,0,0.0,0,1,461.19813976011113,0.0,18.098196491611112,0,0,0,0,0,0,0,0,0,0,0,0,0,0,0,0,0,0,0,0,0,0,0,0,0,0,0,0,0,0,0.0,0.0,0.0,0.0,0.0,0.0,0.0,0.0,0.0,0.0,0.0,0.0
roll_02,2025-12-08T00:00:00+00:00,2026-01-19T00:00:00+00:00,2026-01-19T00:00:00+00:00,2026-01-26T00:00:00+00:00,0,1,2026-01-19 23:00:00+00:00,2026-01-20 00:00:00+00:00,357.6195414715833,0,368.2867205090556,461.19813976011113,371.8011446672778,356.1728901926111,0,0,0,0,0,23,0.965925826289068,-0.2588190451025215,0,0,1,2.691163158333333,3.994434357833333,2.735980420083333,7.6601376606111105,18.135445305027776,19.462697947166664,18.098196491611112,18.329515098027777,0.0,0.0,0.0,0.0,0,night,0,0.0,0,1,356.1728901926111,0.0,18.135445305027776,0,0,0,0,0,0,0,0,0,0,0,0,0,0,0,0,0,0,0,0,0,0,0,0,0,0,0,0,0,0,0.0,0.0,0.0,0.0,0.0,0.0,0.0,0.0,0.0,0.0,0.0,0.0
roll_02,2025-12-08T00:00:00+00:00,2026-01-19T00:00:00+00:00,2026-01-19T00:00:00+00:00,2026-01-26T00:00:00+00:00,0,1,2026-01-20 00:00:00+00:00,2026-01-20 01:00:00+00:00,383.7339380009167,1,366.1301339879167,356.1728901926111,368.0171135468333,357.6195414715833,0,0,0,0,0,0,1.0,0.0,0,0,1,3.258476226361111,4.2014109405,2.691163158333333,7.471285470472222,18.171040281166665,19.87320784711111,18.135445305027776,18.324939880888888,0.0,0.0,0.0,0.0,0,night,0,0.0,0,1,357.6195414715833,0.0,18.171040281166665,0,0,0,0,0,0,0,0,0,0,0,0,0,0,0,0,0,0,0,0,0,0,0,0,0,0,0,0,0,0,0.0,0.0,0.0,0.0,0.0,0.0,0.0,0.0,0.0,1.0,0.0,0.0
roll_02,2025-12-08T00:00:00+00:00,2026-01-19T00:00:00+00:00,2026-01-19T00:00:00+00:00,2026-01-26T00:00:00+00:00,0,1,2026-01-20 01:00:00+00:00,2026-01-20 02:00:00+00:00,363.2547627211111,1,374.135321881,357.6195414715833,370.43651664125,383.7339380009167,0,0,0,0,0,1,0.9659258262890684,0.2588190451025207,0,0,1,3.905557372666667,4.3023013942777775,3.258476226361111,7.240814754666666,18.144093502972225,19.950232376611112,18.171040281166665,18.191478372805555,0.0,0.0,0.0,0.0,0,night,0,0.0,0,1,383.7339380009167,0.0,18.144093502972225,0,0,0,0,0,0,0,0,0,0,0,0,0,0,0,0,0,0,0,0,0,0,0,0,0,0,0,0,0,0,0.0,0.0,0.0,0.0,0.0,0.0,0.0,0.0,0.0,1.0,0.0,0.0
roll_02,2025-12-08T00:00:00+00:00,2026-01-19T00:00:00+00:00,2026-01-19T00:00:00+00:00,2026-01-26T00:00:00+00:00,0,1,2026-01-20 02:00:00+00:00,2026-01-20 03:00:00+00:00,365.0164142213889,1,383.9471823114166,383.7339380009167,382.0239495386389,363.2547627211111,0,0,0,0,0,2,0.8660254037844387,0.4999999999999999,0,0,1,4.134615724138889,4.376585781888889,3.905557372666667,7.025713984444444,18.23647207447222,19.77146809105556,18.144093502972225,18.308205069916667,0.0,0.0,0.0,0.0,0,night,0,0.0,0,1,363.2547627211111,0.0,18.23647207447222,0,0,0,0,0,0,0,0,0,0,0,0,0,0,0,0,0,0,0,0,0,0,0,0,0,0,0,0,0,0,0.0,0.0,0.0,0.0,0.0,0.0,0.0,0.0,0.0,1.0,0.0,0.0
roll_02,2025-12-08T00:00:00+00:00,2026-01-19T00:00:00+00:00,2026-01-19T00:00:00+00:00,2026-01-26T00:00:00+00:00,0,1,2026-01-20 03:00:00+00:00,2026-01-20 04:00:00+00:00,1039.7831993372222,1,367.6768063598889,363.2547627211111,368.1878588306667,365.0164142213889,0,0,0,0,0,3,0.7071067811865476,0.7071067811865476,0,0,1,4.029189530722222,4.4642516751666665,4.134615724138889,6.843691117888889,18.45093115375,19.56677161197222,18.23647207447222,18.22355256697222,0.0,0.0,0.0,0.0,0,night,0,0.0,0,1,365.0164142213889,0.0,18.45093115375,0,0,0,0,0,0,0,0,0,0,0,0,0,0,0,0,0,0,0,0,0,0,0,0,0,0,0,0,0,0,0.0,0.0,0.0,0.0,0.0,0.0,0.0,0.0,0.0,0.0,0.0,0.0
roll_02,2025-12-08T00:00:00+00:00,2026-01-19T00:00:00+00:00,2026-01-19T00:00:00+00:00,2026-01-26T00:00:00+00:00,0,1,2026-01-20 04:00:00+00:00,2026-01-20 05:00:00+00:00,1994.0688999676115,1,977.1223704921111,365.0164142213889,956.6022458266112,1039.7831993372222,0,0,0,0,0,4,0.5000000000000001,0.8660254037844386,0,0,1,4.2755308662500005,4.600431492361111,4.029189530722222,6.571004820500001,18.48283673330556,19.84487690761112,18.45093115375,18.381851679388888,0.0,0.0,0.0,0.0,0,night,0,0.0,0,1,1039.7831993372222,0.0,18.48283673330556,0,0,0,0,0,0,0,0,0,0,0,0,0,0,0,0,0,0,0,0,0,0,0,0,0,0,0,0,0,0,0.0,0.0,0.0,0.0,0.0,0.0,0.0,0.0,0.0,0.0,0.0,0.0
roll_02,2025-12-08T00:00:00+00:00,2026-01-19T00:00:00+00:00,2026-01-19T00:00:00+00:00,2026-01-26T00:00:00+00:00,0,1,2026-01-20 05:00:00+00:00,2026-01-20 06:00:00+00:00,2029.167694873528,1,2001.738657636584,1039.7831993372222,2097.5119466174724,1994.0688999676115,0,0,0,0,0,5,0.2588190451025207,0.9659258262890684,0,0,1,4.0833006567500005,4.516244777583333,4.2755308662500005,6.230610997888888,18.61474645088889,20.02328279972222,18.48283673330556,18.81852253330556,0.0,0.0,0.0,0.0,0,night,0,0.0,0,1,1994.0688999676115,0.0,18.61474645088889,0,0,0,0,0,0,0,0,0,0,0,0,0,0,0,0,0,0,0,0,0,0,0,0,0,0,0,0,0,0,0.0,0.0,0.0,0.0,0.0,0.0,0.0,0.0,0.0,0.0,0.0,0.0
roll_02,2025-12-08T00:00:00+00:00,2026-01-19T00:00:00+00:00,2026-01-19T00:00:00+00:00,2026-01-26T00:00:00+00:00,0,1,2026-01-20 06:00:00+00:00,2026-01-20 07:00:00+00:00,2071.0094555605,1,2099.6764230465,1994.0688999676115,2207.624277541472,2029.167694873528,0,0,0,0,0,6,6.123233995736766e-17,1.0,0,0,1,3.4344617149444443,4.763350271222222,4.0833006567500005,6.104236992611111,18.44960326755556,19.945872866472225,18.61474645088889,18.518887052166665,0.0,0.0,0.0,0.0,0,night,0,0.0,0,1,2029.167694873528,0.0,18.44960326755556,0,0,0,0,0,0,0,0,0,0,0,0,0,0,0,0,0,0,0,0,0,0,0,0,0,0,0,0,0,0,0.0,0.0,0.0,0.0,0.0,0.0,0.0,0.0,0.0,0.0,0.0,0.0
roll_02,2025-12-08T00:00:00+00:00,2026-01-19T00:00:00+00:00,2026-01-19T00:00:00+00:00,2026-01-26T00:00:00+00:00,0,1,2026-01-20 07:00:00+00:00,2026-01-20 08:00:00+00:00,1907.5549124286945,1,1798.5318447581387,2029.167694873528,743.501432477222,2071.0094555605,0,0,0,0,0,7,-0.2588190451025206,0.9659258262890684,0,0,1,3.243632700527778,5.146098303527778,3.4344617149444443,6.0920939530833325,18.262677875222224,19.215107962944447,18.44960326755556,17.464818313277778,25.396158990166665,0.0,0.0,0.0,1,low,0,0.0,0,1,2071.0094555605,25.396158990166665,18.262677875222224,0,0,0,0,0,0,0,0,0,0,0,0,0,0,0,0,0,0,0,0,0,0,0,0,0,0,0,0,0,0,0.0,0.0,0.0,0.0,0.0,0.0,0.0,0.0,0.0,0.0,0.0,0.0
roll_02,2025-12-08T00:00:00+00:00,2026-01-19T00:00:00+00:00,2026-01-19T00:00:00+00:00,2026-01-26T00:00:00+00:00,0,1,2026-01-20 08:00:00+00:00,2026-01-20 09:00:00+00:00,720.9783473233889,1,1792.85737564,2071.0094555605,1602.210022772833,1907.5549124286945,0,0,0,0,0,8,-0.4999999999999998,0.8660254037844387,0,0,1,3.802172906555555,5.574331767527777,3.243632700527778,6.376790769055556,18.28468123055556,19.78762391975,18.262677875222224,18.106925738416667,287.3037690233889,34.78762225408333,25.396158990166665,52.25388250475,1,low,0,0.0,0,1,1907.5549124286945,287.3037690233889,18.28468123055556,0,0,0,0,0,0,0,0,0,0,0,0,0,0,0,0,0,0,0,0,0,0,0,0,0,0,0,0,0,0,0.0,0.0,0.0,0.0,0.0,0.0,0.0,0.0,0.0,0.0,0.0,0.0
roll_02,2025-12-08T00:00:00+00:00,2026-01-19T00:00:00+00:00,2026-01-19T00:00:00+00:00,2026-01-26T00:00:00+00:00,0,1,2026-01-20 09:00:00+00:00,2026-01-20 10:00:00+00:00,151.7976551743889,1,1704.9205994411388,1907.5549124286945,401.86281383952775,720.9783473233889,0,0,0,0,0,9,-0.7071067811865475,0.7071067811865476,0,0,1,5.253853115111111,5.704844287583334,3.802172906555555,6.883866901888889,18.12476716330556,19.322890420722224,18.28468123055556,17.851597591666668,621.6916147889167,81.0947692918889,287.3037690233889,200.28425978958333,1,med,0,0.0,0,2,720.9783473233889,621.6916147889167,18.12476716330556,0,0,0,0,0,0,0,0,0,0,0,0,0,0,0,0,0,0,0,0,0,0,0,0,0,0,0,0,0,0,0.0,0.0,0.0,0.0,0.0,0.0,0.0,0.0,0.0,0.0,0.0,0.0
roll_02,2025-12-08T00:00:00+00:00,2026-01-19T00:00:00+00:00,2026-01-19T00:00:00+00:00,2026-01-26T00:00:00+00:00,0,1,2026-01-20 10:00:00+00:00,2026-01-20 11:00:00+00:00,787.0186959797501,1,1712.5081979704166,720.9783473233889,799.5036943302779,151.7976551743889,0,0,0,0,0,10,-0.8660254037844387,0.4999999999999999,0,0,1,6.455607524222223,6.065839095694444,5.253853115111111,7.554804945722222,18.34517670655556,19.53915467719445,18.12476716330556,18.305271993833333,959.4708232418888,75.89661000686111,621.6916147889167,300.6106887920556,1,med,0,0.0,0,2,151.7976551743889,959.4708232418888,18.34517670655556,0,0,0,0,0,0,0,0,0,0,0,0,0,0,0,0,0,0,0,0,0,0,0,0,0,0,0,0,0,0,0.0,0.0,0.0,0.0,0.0,0.0,0.0,0.0,0.0,0.0,0.0,0.0
roll_02,2025-12-08T00:00:00+00:00,2026-01-19T00:00:00+00:00,2026-01-19T00:00:00+00:00,2026-01-26T00:00:00+00:00,0,1,2026-01-20 11:00:00+00:00,2026-01-20 12:00:00+00:00,-140.12853059388888,1,1729.1863273721667,151.7976551743889,764.1083921755,787.0186959797501,0,0,0,0,0,11,-0.9659258262890682,0.258819045102521,0,0,1,6.95239593825,6.411032006055556,6.455607524222223,7.938572868611111,18.396018660722223,20.10092485888889,18.34517670655556,17.913517779527776,590.2926090344722,127.21179366422224,959.4708232418888,360.65137327452777,1,med,0,0.0,0,2,787.0186959797501,590.2926090344722,18.396018660722223,0,0,0,0,0,0,0,0,0,0,0,0,0,0,0,0,0,0,0,0,0,0,0,0,0,0,0,0,0,0,0.0,0.0,0.0,0.0,0.0,0.0,0.0,0.0,0.0,0.0,0.0,0.0
roll_02,2025-12-08T00:00:00+00:00,2026-01-19T00:00:00+00:00,2026-01-19T00:00:00+00:00,2026-01-26T00:00:00+00:00,0,1,2026-01-20 12:00:00+00:00,2026-01-20 13:00:00+00:00,90.30469802694444,1,1776.8351252307775,787.0186959797501,135.93812644077775,-140.12853059388888,0,1,0,0,0,12,-1.0,1.2246467991473532e-16,0,0,1,7.796212953166666,6.843188409,6.95239593825,8.697412192166667,17.971774747861108,19.814930444777776,18.396018660722223,17.51108470222222,566.0869300739722,161.38882697286112,590.2926090344722,429.9776792980833,1,med,0,0.0,0,2,-140.12853059388888,566.0869300739722,17.971774747861108,0,0,0,0,0,0,0,0,0,0,0,0,0,0,0,0,0,0,0,0,0,0,0,0,0,0,0,0,0,0,0.0,0.0,0.0,0.0,0.0,0.0,0.0,0.0,0.0,0.0,0.0,0.0
roll_02,2025-12-08T00:00:00+00:00,2026-01-19T00:00:00+00:00,2026-01-19T00:00:00+00:00,2026-01-26T00:00:00+00:00,0,1,2026-01-20 13:00:00+00:00,2026-01-20 14:00:00+00:00,1579.226911155389,1,1850.1251705731663,-140.12853059388888,227.14875664072224,90.30469802694444,0,0,0,0,0,13,-0.9659258262890684,-0.2588190451025208,0,0,1,7.90864646013889,7.213576107916666,7.796212953166666,9.178790924722222,17.30683716836111,19.35789605444444,17.971774747861108,17.4767666915,232.06871784988888,125.87758148475,566.0869300739722,331.27048653,1,low,0,0.0,0,2,90.30469802694444,232.06871784988888,17.30683716836111,0,0,0,0,0,0,0,0,0,0,0,0,0,0,0,0,0,0,0,0,0,0,0,0,0,0,0,0,0,0,0.0,0.0,0.0,0.0,0.0,0.0,0.0,0.0,0.0,0.0,0.0,0.0
roll_02,2025-12-08T00:00:00+00:00,2026-01-19T00:00:00+00:00,2026-01-19T00:00:00+00:00,2026-01-26T00:00:00+00:00,0,1,2026-01-20 14:00:00+00:00,2026-01-20 15:00:00+00:00,1514.7609178625555,1,2103.8606620909723,90.30469802694444,1951.074940760889,1579.226911155389,0,0,0,0,0,14,-0.8660254037844388,-0.4999999999999997,0,0,1,7.004071844694444,6.892581615,7.90864646013889,8.86652897075,18.014104303444444,19.314774678777777,17.30683716836111,18.02714254913889,65.92271638830555,25.63169713905556,232.06871784988888,138.99832969141667,1,low,0,0.0,0,2,1579.226911155389,65.92271638830555,18.014104303444444,0,0,0,0,0,0,0,0,0,0,0,0,0,0,0,0,0,0,0,0,0,0,0,0,0,0,0,0,0,0,0.0,0.0,0.0,0.0,0.0,0.0,0.0,0.0,0.0,0.0,0.0,0.0
roll_02,2025-12-08T00:00:00+00:00,2026-01-19T00:00:00+00:00,2026-01-19T00:00:00+00:00,2026-01-26T00:00:00+00:00,0,1,2026-01-20 15:00:00+00:00,2026-01-20 16:00:00+00:00,1201.4197669487778,1,1367.69234237475,1579.226911155389,806.2876032480555,1514.7609178625555,0,0,0,0,0,15,-0.7071067811865479,-0.7071067811865471,0,0,1,6.226552915722222,6.473090648055556,7.004071844694444,8.054252913972222,17.985049249555555,18.981844509638886,18.014104303444444,17.764550296583334,0.0,0.0,65.92271638830555,60.29446228413889,1,night,0,0.0,0,2,1514.7609178625555,0.0,17.985049249555555,0,0,0,0,0,0,0,0,0,0,0,0,0,0,0,0,0,0,0,0,0,0,0,0,0,0,0,0,0,0,0.0,0.0,0.0,0.0,0.0,0.0,0.0,0.0,0.0,0.0,0.0,0.0
roll_02,2025-12-08T00:00:00+00:00,2026-01-19T00:00:00+00:00,2026-01-19T00:00:00+00:00,2026-01-26T00:00:00+00:00,0,1,2026-01-20 16:00:00+00:00,2026-01-20 17:00:00+00:00,753.0024936381111,1,2518.591872478111,1514.7609178625555,738.6692789706944,1201.4197669487778,0,0,0,0,0,16,-0.5000000000000004,-0.8660254037844385,0,0,1,5.539642565916666,5.85150787425,6.226552915722222,6.7582327050833335,17.38080857111111,19.342884771027776,17.985049249555555,17.51009285883333,0.0,0.0,0.0,0.0,0,night,0,0.0,0,2,1201.4197669487778,0.0,17.38080857111111,0,0,0,0,0,0,0,0,0,0,0,0,0,0,0,0,0,0,0,0,0,0,0,0,0,0,0,0,0,0,0.0,0.0,0.0,0.0,0.0,0.0,0.0,0.0,0.0,0.0,0.0,0.0
roll_02,2025-12-08T00:00:00+00:00,2026-01-19T00:00:00+00:00,2026-01-19T00:00:00+00:00,2026-01-26T00:00:00+00:00,0,1,2026-01-20 17:00:00+00:00,2026-01-20 18:00:00+00:00,1059.3235259904168,1,2818.4871972926667,1201.4197669487778,1883.6500829357776,753.0024936381111,0,0,0,0,0,17,-0.2588190451025206,-0.9659258262890684,0,0,1,5.106537856944445,5.551368765666666,5.539642565916666,6.245921308277777,17.944962672305554,19.703703886777777,17.38080857111111,17.879649593055557,0.0,0.0,0.0,0.0,0,night,0,0.0,0,2,753.0024936381111,0.0,17.944962672305554,0,0,0,0,0,0,0,0,0,0,0,0,0,0,0,0,0,0,0,0,0,0,0,0,0,0,0,0,0,0,0.0,0.0,0.0,0.0,0.0,0.0,0.0,0.0,0.0,0.0,0.0,0.0
roll_02,2025-12-08T00:00:00+00:00,2026-01-19T00:00:00+00:00,2026-01-19T00:00:00+00:00,2026-01-26T00:00:00+00:00,0,1,2026-01-20 18:00:00+00:00,2026-01-20 19:00:00+00:00,2397.7932220235834,1,1383.2154217488053,753.0024936381111,1098.2935032161668,1059.3235259904168,0,0,0,0,0,18,-1.8369701987210294e-16,-1.0,0,0,1,5.047560526333333,5.565244997222223,5.106537856944445,6.290845957444444,17.76713559486111,19.3371023785,17.944962672305554,17.678952539277777,0.0,0.0,0.0,0.0,0,night,0,0.0,0,2,1059.3235259904168,0.0,17.76713559486111,0,0,0,0,0,0,0,0,0,0,0,0,0,0,0,0,0,0,0,0,0,0,0,0,0,0,0,0,0,0,0.0,0.0,0.0,0.0,0.0,0.0,0.0,0.0,0.0,0.0,0.0,0.0
roll_02,2025-12-08T00:00:00+00:00,2026-01-19T00:00:00+00:00,2026-01-19T00:00:00+00:00,2026-01-26T00:00:00+00:00,0,1,2026-01-20 19:00:00+00:00,2026-01-20 20:00:00+00:00,1239.3215171065278,1,962.6741752021112,1059.3235259904168,1096.4852710823889,2397.7932220235834,0,0,0,0,0,19,0.2588190451025203,-0.9659258262890684,0,0,1,4.7790201357777775,5.091562219055555,5.047560526333333,5.148736282194444,18.29565681925,19.555466913638888,17.76713559486111,17.924687961111108,0.0,0.0,0.0,0.0,0,night,0,0.0,0,1,2397.7932220235834,0.0,18.29565681925,0,0,0,0,0,0,0,0,0,0,0,0,0,0,0,0,0,0,0,0,0,0,0,0,0,0,0,0,0,0,0.0,0.0,0.0,0.0,0.0,0.0,0.0,0.0,0.0,0.0,0.0,0.0
roll_02,2025-12-08T00:00:00+00:00,2026-01-19T00:00:00+00:00,2026-01-19T00:00:00+00:00,2026-01-26T00:00:00+00:00,0,1,2026-01-20 20:00:00+00:00,2026-01-20 21:00:00+00:00,1097.120321607,1,2371.2932299861945,2397.7932220235834,852.2087300646944,1239.3215171065278,0,0,0,0,0,20,0.5000000000000001,-0.8660254037844386,0,0,1,4.616484813166667,5.033024918888889,4.7790201357777775,3.9840519537777777,18.163473134916668,19.82183390566667,18.29565681925,18.02282410180556,0.0,0.0,0.0,0.0,0,night,0,0.0,0,1,1239.3215171065278,0.0,18.163473134916668,0,0,0,0,0,0,0,0,0,0,0,0,0,0,0,0,0,0,0,0,0,0,0,0,0,0,0,0,0,0,0.0,0.0,0.0,0.0,0.0,0.0,0.0,0.0,0.0,0.0,0.0,0.0
roll_02,2025-12-08T00:00:00+00:00,2026-01-19T00:00:00+00:00,2026-01-19T00:00:00+00:00,2026-01-26T00:00:00+00:00,0,1,2026-01-20 21:00:00+00:00,2026-01-20 22:00:00+00:00,532.8753846346667,1,813.2224330626667,1239.3215171065278,568.0186646560555,1097.120321607,0,0,0,0,0,21,0.7071067811865474,-0.7071067811865477,0,0,1,3.733819858222222,4.900254803388889,4.616484813166667,3.315242828777778,17.823669394694445,19.92269649358333,18.163473134916668,18.144430832972223,0.0,0.0,0.0,0.0,0,night,0,0.0,0,1,1097.120321607,0.0,17.823669394694445,0,0,0,0,0,0,0,0,0,0,0,0,0,0,0,0,0,0,0,0,0,0,0,0,0,0,0,0,0,0,0.0,0.0,0.0,0.0,0.0,0.0,0.0,0.0,0.0,0.0,0.0,0.0
roll_02,2025-12-08T00:00:00+00:00,2026-01-19T00:00:00+00:00,2026-01-19T00:00:00+00:00,2026-01-26T00:00:00+00:00,0,1,2026-01-20 22:00:00+00:00,2026-01-20 23:00:00+00:00,374.928417115,1,1323.4556494799722,1097.120321607,461.19813976011113,532.8753846346667,0,0,0,0,0,22,0.8660254037844384,-0.5000000000000004,0,0,1,2.806227175638889,4.787616396777778,3.733819858222222,2.735980420083333,21.387805783944444,19.833271056222223,17.823669394694445,18.098196491611112,0.0,0.0,0.0,0.0,0,night,0,0.0,0,1,532.8753846346667,0.0,21.387805783944444,0,0,0,0,0,0,0,0,0,0,0,0,0,0,0,0,0,0,0,0,0,0,0,0,0,0,0,0,0,0,0.0,0.0,0.0,0.0,0.0,0.0,0.0,0.0,0.0,0.0,0.0,0.0
roll_02,2025-12-08T00:00:00+00:00,2026-01-19T00:00:00+00:00,2026-01-19T00:00:00+00:00,2026-01-26T00:00:00+00:00,0,1,2026-01-20 23:00:00+00:00,2026-01-21 00:00:00+00:00,373.7627816694167,1,690.983777113111,532.8753846346667,356.1728901926111,374.928417115,0,0,0,0,0,23,0.965925826289068,-0.2588190451025215,0,0,1,2.466718193027777,4.36980794625,2.806227175638889,2.691163158333333,17.90830201163889,19.88424536811112,21.387805783944444,18.135445305027776,0.0,0.0,0.0,0.0,0,night,0,0.0,0,1,374.928417115,0.0,17.90830201163889,0,0,0,0,0,0,0,0,0,0,0,0,0,0,0,0,0,0,0,0,0,0,0,0,0,0,0,0,0,0,0.0,0.0,0.0,0.0,0.0,0.0,0.0,0.0,0.0,0.0,0.0,0.0
roll_02,2025-12-08T00:00:00+00:00,2026-01-19T00:00:00+00:00,2026-01-19T00:00:00+00:00,2026-01-26T00:00:00+00:00,0,1,2026-01-21 00:00:00+00:00,2026-01-21 01:00:00+00:00,382.08433273438885,2,373.91198171711113,374.928417115,357.6195414715833,373.7627816694167,0,0,0,1,0,0,1.0,0.0,0,0,1,1.8242255221388888,4.374367734083333,2.466718193027777,3.258476226361111,18.307477434611112,20.386578095,17.90830201163889,18.171040281166665,0.0,0.0,0.0,0.0,0,night,0,0.0,0,1,373.7627816694167,,18.307477434611112,0,0,0,0,0,0,0,0,0,0,0,0,1,0,0,1,0,1,0,0,1,1,0,1,0,0,0,1,0,0,0.0,0.0,0.0,0.0,0.0,0.0,0.0,0.0,0.0,0.0,0.0,0.0
roll_02,2025-12-08T00:00:00+00:00,2026-01-19T00:00:00+00:00,2026-01-19T00:00:00+00:00,2026-01-26T00:00:00+00:00,0,1,2026-01-21 01:00:00+00:00,2026-01-21 02:00:00+00:00,365.3667726035,2,370.08383153427775,373.7627816694167,383.7339380009167,382.08433273438885,0,0,0,0,0,1,0.9659258262890684,0.2588190451025207,0,0,1,1.5080317470555558,4.301661179916667,1.8242255221388888,3.905557372666667,18.29967807894444,20.26065134986111,18.307477434611112,18.144093502972225,0.0,0.0,0.0,0.0,0,night,0,0.0,0,1,382.08433273438885,0.0,18.29967807894444,0,0,0,0,0,0,0,0,0,0,0,0,0,0,0,0,0,0,0,0,0,0,0,0,0,0,0,0,0,0,0.0,1.0,0.0,0.0,0.0,0.0,0.0,0.0,0.0,0.0,0.0,0.0
roll_02,2025-12-08T00:00:00+00:00,2026-01-19T00:00:00+00:00,2026-01-19T00:00:00+00:00,2026-01-26T00:00:00+00:00,0,1,2026-01-21 02:00:00+00:00,2026-01-21 03:00:00+00:00,371.9783939987778,2,363.9680898908056,382.08433273438885,363.2547627211111,365.3667726035,0,0,0,0,0,2,0.8660254037844387,0.4999999999999999,0,0,1,1.2603411373055555,4.175813798388888,1.5080317470555558,4.134615724138889,18.21223012147222,20.36533343461111,18.29967807894444,18.23647207447222,0.0,0.0,0.0,0.0,0,night,0,0.0,0,1,365.3667726035,0.0,18.21223012147222,0,0,0,0,0,0,0,0,0,0,0,0,0,0,0,0,0,0,0,0,0,0,0,0,0,0,0,0,0,0,0.0,0.0,0.0,0.0,0.0,0.0,0.0,0.0,0.0,0.0,0.0,0.0
roll_02,2025-12-08T00:00:00+00:00,2026-01-19T00:00:00+00:00,2026-01-19T00:00:00+00:00,2026-01-26T00:00:00+00:00,0,1,2026-01-21 03:00:00+00:00,2026-01-21 04:00:00+00:00,1049.641280434889,2,367.8678755790834,365.3667726035,365.0164142213889,371.9783939987778,0,0,0,0,0,3,0.7071067811865476,0.7071067811865476,0,0,1,0.6434714743888889,4.060635091555556,1.2603411373055555,4.029189530722222,18.30506088336111,20.23459653830556,18.21223012147222,18.45093115375,0.0,0.0,0.0,0.0,0,night,0,0.0,0,1,371.9783939987778,0.0,18.30506088336111,0,0,0,0,0,0,0,0,0,0,0,0,0,0,0,0,0,0,0,0,0,0,0,0,0,0,0,0,0,0,0.0,0.0,0.0,0.0,0.0,0.0,0.0,0.0,0.0,0.0,0.0,0.0
roll_02,2025-12-08T00:00:00+00:00,2026-01-19T00:00:00+00:00,2026-01-19T00:00:00+00:00,2026-01-26T00:00:00+00:00,0,1,2026-01-21 04:00:00+00:00,2026-01-21 05:00:00+00:00,2165.628261214222,2,1021.3973762487502,371.9783939987778,1039.7831993372222,1049.641280434889,0,0,0,0,0,4,0.5000000000000001,0.8660254037844386,0,0,1,0.5259598769722222,4.003444144972222,0.6434714743888889,4.2755308662500005,18.346101567916666,20.134824625472223,18.30506088336111,18.48283673330556,0.0,0.0,0.0,0.0,0,night,0,0.0,0,1,1049.641280434889,0.0,18.346101567916666,0,0,0,0,0,0,0,0,0,0,0,0,0,0,0,0,0,0,0,0,0,0,0,0,0,0,0,0,0,0,0.0,0.0,0.0,0.0,0.0,0.0,0.0,0.0,0.0,0.0,0.0,0.0
roll_02,2025-12-08T00:00:00+00:00,2026-01-19T00:00:00+00:00,2026-01-19T00:00:00+00:00,2026-01-26T00:00:00+00:00,0,1,2026-01-21 05:00:00+00:00,2026-01-21 06:00:00+00:00,2007.6322741502224,2,2059.780215135472,1049.641280434889,1994.0688999676115,2165.628261214222,0,0,0,0,0,5,0.2588190451025207,0.9659258262890684,0,0,1,0.3656367874444444,4.117087354722222,0.5259598769722222,4.0833006567500005,18.44876204208333,20.124028981166667,18.346101567916666,18.61474645088889,0.0,0.0,0.0,0.0,0,night,0,0.0,0,1,2165.628261214222,0.0,18.44876204208333,0,0,0,0,0,0,0,0,0,0,0,0,0,0,0,0,0,0,0,0,0,0,0,0,0,0,0,0,0,0,0.0,0.0,0.0,0.0,0.0,0.0,0.0,0.0,0.0,0.0,0.0,0.0
roll_02,2025-12-08T00:00:00+00:00,2026-01-19T00:00:00+00:00,2026-01-19T00:00:00+00:00,2026-01-26T00:00:00+00:00,0,1,2026-01-21 06:00:00+00:00,2026-01-21 07:00:00+00:00,1787.7926135424725,2,1951.7951114496389,2165.628261214222,2029.167694873528,2007.6322741502224,0,0,0,0,0,6,6.123233995736766e-17,1.0,0,0,1,0.0914363476111111,4.254348787194444,0.3656367874444444,3.4344617149444443,18.20441595636111,19.934132118,18.44876204208333,18.44960326755556,0.0,0.0,0.0,0.0,0,night,0,0.0,0,1,2007.6322741502224,0.0,18.20441595636111,0,0,0,0,0,0,0,0,0,0,0,0,0,0,0,0,0,0,0,0,0,0,0,0,0,0,0,0,0,0,0.0,0.0,0.0,0.0,0.0,0.0,0.0,0.0,0.0,0.0,0.0,0.0
roll_02,2025-12-08T00:00:00+00:00,2026-01-19T00:00:00+00:00,2026-01-19T00:00:00+00:00,2026-01-26T00:00:00+00:00,0,1,2026-01-21 07:00:00+00:00,2026-01-21 08:00:00+00:00,1396.283928898889,2,1687.1433126186946,2007.6322741502224,2071.0094555605,1787.7926135424725,0,0,0,0,0,7,-0.2588190451025206,0.9659258262890684,0,0,1,0.4624889772777778,4.355129028611111,0.0914363476111111,3.243632700527778,18.099627230388887,19.907104928583333,18.20441595636111,18.262677875222224,88.74529710644445,0.0,0.0,25.396158990166665,1,low,0,0.0,0,1,1787.7926135424725,88.74529710644445,18.099627230388887,0,0,0,0,0,0,0,0,0,0,0,0,0,0,0,0,0,0,0,0,0,0,0,0,0,0,0,0,0,0,0.0,0.0,0.0,0.0,0.0,0.0,0.0,0.0,0.0,0.0,0.0,0.0
roll_02,2025-12-08T00:00:00+00:00,2026-01-19T00:00:00+00:00,2026-01-19T00:00:00+00:00,2026-01-26T00:00:00+00:00,0,1,2026-01-21 08:00:00+00:00,2026-01-21 09:00:00+00:00,1012.9496219223612,2,1700.1424731680556,1787.7926135424725,1907.5549124286945,1396.283928898889,0,0,0,0,0,8,-0.4999999999999998,0.8660254037844387,0,0,1,2.0457270672222223,4.627706611055555,0.4624889772777778,3.802172906555555,18.33234830197222,20.452670910722222,18.099627230388887,18.28468123055556,506.86706511469447,0.0,88.74529710644445,287.3037690233889,1,med,0,0.0,0,1,1396.283928898889,506.86706511469447,18.33234830197222,0,0,0,0,0,0,0,0,0,0,0,0,0,0,0,0,0,0,0,0,0,0,0,0,0,0,0,0,0,0,0.0,0.0,0.0,0.0,0.0,0.0,0.0,0.0,0.0,0.0,0.0,0.0
roll_02,2025-12-08T00:00:00+00:00,2026-01-19T00:00:00+00:00,2026-01-19T00:00:00+00:00,2026-01-26T00:00:00+00:00,0,1,2026-01-21 09:00:00+00:00,2026-01-21 10:00:00+00:00,755.3586427439723,2,1616.381493539,1396.283928898889,720.9783473233889,1012.9496219223612,0,0,0,0,0,9,-0.7071067811865475,0.7071067811865476,0,0,1,3.9313944355833335,5.024308661138889,2.0457270672222223,5.253853115111111,18.699979865277776,20.41466703861111,18.33234830197222,18.12476716330556,949.0842489008888,115.05220435744444,506.86706511469447,621.6916147889167,1,med,0,0.0,0,1,1012.9496219223612,949.0842489008888,18.699979865277776,0,0,0,0,0,0,0,0,0,0,0,0,0,0,0,0,0,0,0,0,0,0,0,0,0,0,0,0,0,0,0.0,0.0,0.0,0.0,0.0,0.0,0.0,0.0,0.0,0.0,0.0,0.0
roll_02,2025-12-08T00:00:00+00:00,2026-01-19T00:00:00+00:00,2026-01-19T00:00:00+00:00,2026-01-26T00:00:00+00:00,0,1,2026-01-21 10:00:00+00:00,2026-01-21 11:00:00+00:00,53.140800646916695,2,1771.2370990303614,1012.9496219223612,151.7976551743889,755.3586427439723,0,0,0,0,0,10,-0.8660254037844387,0.4999999999999999,0,0,1,5.315615807527778,5.432306789416667,3.9313944355833335,6.455607524222223,19.066515733777777,20.172151427166664,18.699979865277776,18.34517670655556,1313.273773081028,33.43036787752778,949.0842489008888,959.4708232418888,1,high,0,0.0,0,2,755.3586427439723,1313.273773081028,19.066515733777777,0,0,0,0,0,0,0,0,0,0,0,0,0,0,0,0,0,0,0,0,0,0,0,0,0,0,0,0,0,0,0.0,0.0,0.0,0.0,0.0,0.0,0.0,0.0,0.0,0.0,0.0,0.0
roll_02,2025-12-08T00:00:00+00:00,2026-01-19T00:00:00+00:00,2026-01-19T00:00:00+00:00,2026-01-26T00:00:00+00:00,0,1,2026-01-21 11:00:00+00:00,2026-01-21 12:00:00+00:00,-768.0917536371389,2,1698.523145841389,755.3586427439723,787.0186959797501,53.140800646916695,0,0,0,0,0,11,-0.9659258262890682,0.258819045102521,0,0,1,6.909244716555556,5.742981328027778,5.315615807527778,6.95239593825,19.08309364155556,19.860319106222224,19.066515733777777,18.396018660722223,1427.9776504355557,89.70113270638889,1313.273773081028,590.2926090344722,1,high,0,0.0,0,2,53.140800646916695,1427.9776504355557,19.08309364155556,0,0,0,0,0,0,0,0,0,0,0,0,0,0,0,0,0,0,0,0,0,0,0,0,0,0,0,0,0,0,0.0,0.0,0.0,0.0,0.0,0.0,0.0,0.0,0.0,0.0,0.0,0.0
roll_02,2025-12-08T00:00:00+00:00,2026-01-19T00:00:00+00:00,2026-01-19T00:00:00+00:00,2026-01-26T00:00:00+00:00,0,1,2026-01-21 12:00:00+00:00,2026-01-21 13:00:00+00:00,452.3195190723055,2,986.6906551339166,53.140800646916695,-140.12853059388888,-768.0917536371389,0,1,0,0,0,12,-1.0,1.2246467991473532e-16,0,0,1,8.880089984972221,6.181814728333333,6.909244716555556,7.796212953166666,18.484981089805554,19.29081991602777,19.08309364155556,17.971774747861108,1346.315216830611,108.82108360533334,1427.9776504355557,566.0869300739722,1,high,0,0.0,0,2,-768.0917536371389,1346.315216830611,18.484981089805554,0,0,0,0,0,0,0,0,0,0,0,0,0,0,0,0,0,0,0,0,0,0,0,0,0,0,0,0,0,0,0.0,0.0,0.0,0.0,0.0,0.0,0.0,0.0,0.0,0.0,0.0,0.0
roll_02,2025-12-08T00:00:00+00:00,2026-01-19T00:00:00+00:00,2026-01-19T00:00:00+00:00,2026-01-26T00:00:00+00:00,0,1,2026-01-21 13:00:00+00:00,2026-01-21 14:00:00+00:00,66.48684730938892,2,1215.6235662438055,-768.0917536371389,90.30469802694444,452.3195190723055,0,0,0,0,0,13,-0.9659258262890684,-0.2588190451025208,0,0,1,10.48915223186111,6.522614021444444,8.880089984972221,7.90864646013889,18.524133185916664,19.14399669966667,18.484981089805554,17.30683716836111,1073.8044294135832,44.19311912005556,1346.315216830611,232.06871784988888,1,med,0,0.0,0,3,452.3195190723055,1073.8044294135832,18.524133185916664,0,0,0,0,0,0,0,0,0,0,0,0,0,0,0,0,0,0,0,0,0,0,0,0,0,0,0,0,0,0,0.0,0.0,0.0,0.0,0.0,0.0,0.0,0.0,0.0,0.0,0.0,0.0
roll_02,2025-12-08T00:00:00+00:00,2026-01-19T00:00:00+00:00,2026-01-19T00:00:00+00:00,2026-01-26T00:00:00+00:00,0,1,2026-01-21 14:00:00+00:00,2026-01-21 15:00:00+00:00,359.87914049975,2,1567.194707997861,452.3195190723055,1579.226911155389,66.48684730938892,0,0,0,0,0,14,-0.8660254037844388,-0.4999999999999997,0,0,1,10.873624103916669,6.668629153166666,10.48915223186111,7.004071844694444,17.64684908008333,19.106394929388888,18.524133185916664,18.014104303444444,664.2745502861944,0.0,1073.8044294135832,65.92271638830555,1,med,0,0.0,0,3,66.48684730938892,664.2745502861944,17.64684908008333,0,0,0,0,0,0,0,0,0,0,0,0,0,0,0,0,0,0,0,0,0,0,0,0,0,0,0,0,0,0,0.0,0.0,0.0,0.0,0.0,0.0,0.0,0.0,0.0,0.0,0.0,0.0
roll_02,2025-12-08T00:00:00+00:00,2026-01-19T00:00:00+00:00,2026-01-19T00:00:00+00:00,2026-01-26T00:00:00+00:00,0,1,2026-01-21 15:00:00+00:00,2026-01-21 16:00:00+00:00,3501.792804637556,2,1578.744458172111,66.48684730938892,1514.7609178625555,359.87914049975,0,0,0,0,0,15,-0.7071067811865479,-0.7071067811865471,0,0,1,9.67541222338889,6.565780549027778,10.873624103916669,6.226552915722222,17.73781377975,19.14164701436111,17.64684908008333,17.985049249555555,144.55603472877775,0.0,664.2745502861944,0.0,1,low,0,0.0,0,2,359.87914049975,144.55603472877775,17.73781377975,0,0,0,0,0,0,0,0,0,0,0,0,0,0,0,0,0,0,0,0,0,0,0,0,0,0,0,0,0,0,0.0,0.0,0.0,0.0,0.0,0.0,0.0,0.0,0.0,0.0,0.0,0.0
roll_02,2025-12-08T00:00:00+00:00,2026-01-19T00:00:00+00:00,2026-01-19T00:00:00+00:00,2026-01-26T00:00:00+00:00,0,1,2026-01-21 16:00:00+00:00,2026-01-21 17:00:00+00:00,3139.28925536575,2,1624.9310390754445,359.87914049975,1201.4197669487778,3501.792804637556,0,0,0,0,0,16,-0.5000000000000004,-0.8660254037844385,0,0,1,6.537365921777777,6.580184991083333,9.67541222338889,5.539642565916666,17.606137597472223,19.24061198258333,17.73781377975,17.38080857111111,0.0,0.0,144.55603472877775,0.0,0,night,0,0.0,0,2,3501.792804637556,0.0,17.606137597472223,0,0,0,0,0,0,0,0,0,0,0,0,0,0,0,0,0,0,0,0,0,0,0,0,0,0,0,0,0,0,0.0,0.0,0.0,0.0,0.0,0.0,0.0,0.0,0.0,0.0,0.0,0.0
roll_02,2025-12-08T00:00:00+00:00,2026-01-19T00:00:00+00:00,2026-01-19T00:00:00+00:00,2026-01-26T00:00:00+00:00,0,1,2026-01-21 17:00:00+00:00,2026-01-21 18:00:00+00:00,3084.578836987528,2,1793.6743844524724,3501.792804637556,753.0024936381111,3139.28925536575,0,0,0,0,0,17,-0.2588190451025206,-0.9659258262890684,0,0,1,4.898183921,6.7399584603888885,6.537365921777777,5.106537856944445,17.69062399725,18.989385271777778,17.606137597472223,17.944962672305554,0.0,0.0,0.0,0.0,0,night,0,0.0,0,1,3139.28925536575,0.0,17.69062399725,0,0,0,0,0,0,0,0,0,0,0,0,0,0,0,0,0,0,0,0,0,0,0,0,0,0,0,0,0,0,0.0,0.0,0.0,0.0,0.0,0.0,0.0,0.0,0.0,0.0,0.0,0.0
roll_02,2025-12-08T00:00:00+00:00,2026-01-19T00:00:00+00:00,2026-01-19T00:00:00+00:00,2026-01-26T00:00:00+00:00,0,1,2026-01-21 18:00:00+00:00,2026-01-21 19:00:00+00:00,3033.668790060889,2,1048.612189175861,3139.28925536575,1059.3235259904168,3084.578836987528,0,0,0,0,0,18,-1.8369701987210294e-16,-1.0,0,0,1,4.040946171194444,7.065830788222222,4.898183921,5.047560526333333,17.300488013416665,19.395188082444445,17.69062399725,17.76713559486111,0.0,0.0,0.0,0.0,0,night,0,0.0,0,1,3084.578836987528,0.0,17.300488013416665,0,0,0,0,0,0,0,0,0,0,0,0,0,0,0,0,0,0,0,0,0,0,0,0,0,0,0,0,0,0,0.0,0.0,0.0,0.0,0.0,0.0,0.0,0.0,0.0,0.0,0.0,0.0
roll_02,2025-12-08T00:00:00+00:00,2026-01-19T00:00:00+00:00,2026-01-19T00:00:00+00:00,2026-01-26T00:00:00+00:00,0,1,2026-01-21 19:00:00+00:00,2026-01-21 20:00:00+00:00,2886.9925662115,2,1797.1453520931666,3084.578836987528,2397.7932220235834,3033.668790060889,0,0,0,0,0,19,0.2588190451025203,-0.9659258262890684,0,0,1,3.191824916555556,6.7976319745,4.040946171194444,4.7790201357777775,17.536376965666665,20.13497632016667,17.300488013416665,18.29565681925,0.0,0.0,0.0,0.0,0,night,0,0.0,0,1,3033.668790060889,0.0,17.536376965666665,0,0,0,0,0,0,0,0,0,0,0,0,0,0,0,0,0,0,0,0,0,0,0,0,0,0,0,0,0,0,0.0,0.0,0.0,0.0,0.0,0.0,0.0,0.0,0.0,0.0,0.0,0.0
roll_02,2025-12-08T00:00:00+00:00,2026-01-19T00:00:00+00:00,2026-01-19T00:00:00+00:00,2026-01-26T00:00:00+00:00,0,1,2026-01-21 20:00:00+00:00,2026-01-21 21:00:00+00:00,2551.3509306884166,2,741.7054459836112,3033.668790060889,1239.3215171065278,2886.9925662115,0,0,0,0,0,20,0.5000000000000001,-0.8660254037844386,0,0,1,2.487087112333333,6.660144965333333,3.191824916555556,4.616484813166667,17.762063201333333,19.98757817386112,17.536376965666665,18.163473134916668,0.0,0.0,0.0,0.0,0,night,0,0.0,0,1,2886.9925662115,0.0,17.762063201333333,0,0,0,0,0,0,0,0,0,0,0,0,0,0,0,0,0,0,0,0,0,0,0,0,0,0,0,0,0,0,0.0,0.0,0.0,0.0,0.0,0.0,0.0,0.0,0.0,0.0,0.0,0.0
roll_02,2025-12-08T00:00:00+00:00,2026-01-19T00:00:00+00:00,2026-01-19T00:00:00+00:00,2026-01-26T00:00:00+00:00,0,1,2026-01-21 21:00:00+00:00,2026-01-21 22:00:00+00:00,2388.614872440278,2,554.3527368332501,2886.9925662115,1097.120321607,2551.3509306884166,0,0,0,0,0,21,0.7071067811865474,-0.7071067811865477,0,0,1,1.9324537458333333,6.3999320517500005,2.487087112333333,3.733819858222222,17.464727486527778,19.87022840075,17.762063201333333,17.823669394694445,0.0,0.0,0.0,0.0,0,night,0,0.0,0,1,2551.3509306884166,0.0,17.464727486527778,0,0,0,0,0,0,0,0,0,0,0,0,0,0,0,0,0,0,0,0,0,0,0,0,0,0,0,0,0,0,0.0,0.0,0.0,0.0,0.0,0.0,0.0,0.0,0.0,0.0,0.0,0.0
roll_02,2025-12-08T00:00:00+00:00,2026-01-19T00:00:00+00:00,2026-01-19T00:00:00+00:00,2026-01-26T00:00:00+00:00,0,1,2026-01-21 22:00:00+00:00,2026-01-21 23:00:00+00:00,1967.8965871302496,2,374.6190320515,2551.3509306884166,532.8753846346667,2388.614872440278,0,0,0,0,0,22,0.8660254037844384,-0.5000000000000004,0,0,1,1.30014670125,6.275947400166667,1.9324537458333333,2.806227175638889,17.690357956194443,19.746410043166662,17.464727486527778,21.387805783944444,0.0,0.0,0.0,0.0,0,night,0,0.0,0,1,2388.614872440278,0.0,17.690357956194443,0,0,0,0,0,0,0,0,0,0,0,0,0,0,0,0,0,0,0,0,0,0,0,0,0,0,0,0,0,0,0.0,0.0,0.0,0.0,0.0,0.0,0.0,0.0,0.0,1.0,0.0,0.0
roll_02,2025-12-08T00:00:00+00:00,2026-01-19T00:00:00+00:00,2026-01-19T00:00:00+00:00,2026-01-26T00:00:00+00:00,0,1,2026-01-21 23:00:00+00:00,2026-01-22 00:00:00+00:00,387.7841801272222,2,391.3148025667222,2388.614872440278,374.928417115,1967.8965871302496,0,0,0,0,0,23,0.965925826289068,-0.2588190451025215,0,0,1,0.8794424397222222,6.070554045388889,1.30014670125,2.466718193027777,17.751566612944444,20.0141855075,17.690357956194443,17.90830201163889,0.0,0.0,0.0,0.0,0,night,0,0.0,0,1,1967.8965871302496,0.0,17.751566612944444,0,0,0,0,0,0,0,0,0,0,0,0,0,0,0,0,0,0,0,0,0,0,0,0,0,0,0,0,0,0,0.0,0.0,0.0,0.0,0.0,0.0,0.0,0.0,0.0,1.0,0.0,0.0
roll_02,2025-12-08T00:00:00+00:00,2026-01-19T00:00:00+00:00,2026-01-19T00:00:00+00:00,2026-01-26T00:00:00+00:00,0,1,2026-01-22 00:00:00+00:00,2026-01-22 01:00:00+00:00,375.648988568,3,367.0031919465834,1967.8965871302496,373.7627816694167,387.7841801272222,0,0,0,0,0,0,1.0,0.0,0,0,1,0.7327373778333334,6.013936589527778,0.8794424397222222,1.8242255221388888,18.514657144027776,20.45064362852778,17.751566612944444,18.307477434611112,0.0,0.0,0.0,0.0,0,night,0,0.0,0,1,387.7841801272222,0.0,18.514657144027776,0,0,0,0,0,0,0,0,0,0,0,0,0,0,0,0,0,0,0,0,0,0,0,0,0,0,0,0,0,0,0.0,0.0,0.0,0.0,0.0,1.0,0.0,0.0,0.0,0.0,0.0,0.0
roll_02,2025-12-08T00:00:00+00:00,2026-01-19T00:00:00+00:00,2026-01-19T00:00:00+00:00,2026-01-26T00:00:00+00:00,0,1,2026-01-22 01:00:00+00:00,2026-01-22 02:00:00+00:00,370.6715177761111,3,371.0505770755,387.7841801272222,382.08433273438885,375.648988568,0,0,0,0,0,1,0.9659258262890684,0.2588190451025207,0,0,1,0.5019400923611111,6.036887216611111,0.7327373778333334,1.5080317470555558,18.432809342444443,20.43497777380556,18.514657144027776,18.29967807894444,0.0,0.0,0.0,0.0,0,night,0,0.0,0,1,375.648988568,0.0,18.432809342444443,0,0,0,0,0,0,0,0,0,0,0,0,0,0,0,0,0,0,0,0,0,0,0,0,0,0,0,0,0,0,0.0,0.0,0.0,0.0,0.0,0.0,0.0,0.0,0.0,0.0,0.0,0.0
roll_02,2025-12-08T00:00:00+00:00,2026-01-19T00:00:00+00:00,2026-01-19T00:00:00+00:00,2026-01-26T00:00:00+00:00,0,1,2026-01-22 02:00:00+00:00,2026-01-22 03:00:00+00:00,372.0987236639445,3,364.3398802528056,375.648988568,365.3667726035,370.6715177761111,0,0,0,0,0,2,0.8660254037844387,0.4999999999999999,0,0,1,0.3487736218611111,6.034736897444444,0.5019400923611111,1.2603411373055555,18.54445086038889,20.54579069075,18.432809342444443,18.21223012147222,0.0,0.0,0.0,0.0,0,night,0,0.0,0,1,370.6715177761111,0.0,18.54445086038889,0,0,0,0,0,0,0,0,0,0,0,0,0,0,0,0,0,0,0,0,0,0,0,0,0,0,0,0,0,0,0.0,0.0,0.0,0.0,0.0,0.0,0.0,0.0,0.0,0.0,0.0,0.0
roll_02,2025-12-08T00:00:00+00:00,2026-01-19T00:00:00+00:00,2026-01-19T00:00:00+00:00,2026-01-26T00:00:00+00:00,0,1,2026-01-22 03:00:00+00:00,2026-01-22 04:00:00+00:00,1036.0452877571945,3,373.5574161077223,370.6715177761111,371.9783939987778,372.0987236639445,0,0,0,0,0,3,0.7071067811865476,0.7071067811865476,0,0,1,0.2133146070555555,5.914457750944444,0.3487736218611111,0.6434714743888889,18.459798990916667,20.35707342683333,18.54445086038889,18.30506088336111,0.0,0.0,0.0,0.0,0,night,0,0.0,0,1,372.0987236639445,0.0,18.459798990916667,0,0,0,0,0,0,0,0,0,0,0,0,0,0,0,0,0,0,0,0,0,0,0,0,0,0,0,0,0,0,0.0,0.0,0.0,0.0,0.0,0.0,0.0,0.0,0.0,0.0,0.0,0.0
roll_02,2025-12-08T00:00:00+00:00,2026-01-19T00:00:00+00:00,2026-01-19T00:00:00+00:00,2026-01-26T00:00:00+00:00,0,1,2026-01-22 04:00:00+00:00,2026-01-22 05:00:00+00:00,1958.2742827319444,3,1052.1522978683056,372.0987236639445,1049.641280434889,1036.0452877571945,0,0,0,0,0,4,0.5000000000000001,0.8660254037844386,0,0,1,-0.1355967138611111,5.925028980166666,0.2133146070555555,0.5259598769722222,18.305206327277777,20.59579628066667,18.459798990916667,18.346101567916666,0.0,0.0,0.0,0.0,0,night,0,0.0,0,0,1036.0452877571945,0.0,18.305206327277777,0,0,0,0,0,0,0,0,0,0,0,0,0,0,0,0,0,0,0,0,0,0,0,0,0,0,0,0,0,0,0.0,0.0,0.0,0.0,0.0,0.0,0.0,0.0,0.0,0.0,0.0,0.0
roll_02,2025-12-08T00:00:00+00:00,2026-01-19T00:00:00+00:00,2026-01-19T00:00:00+00:00,2026-01-26T00:00:00+00:00,0,1,2026-01-22 05:00:00+00:00,2026-01-22 06:00:00+00:00,1980.8106362188057,3,2039.245831840444,1036.0452877571945,2165.628261214222,1958.2742827319444,0,0,0,0,0,5,0.2588190451025207,0.9659258262890684,0,0,1,-0.2067956863333333,5.866083384027778,-0.1355967138611111,0.3656367874444444,18.570810667694445,20.27639611691667,18.305206327277777,18.44876204208333,0.0,0.0,0.0,0.0,0,night,0,0.0,0,0,1958.2742827319444,0.0,18.570810667694445,0,0,0,0,0,0,0,0,0,0,0,0,0,0,0,0,0,0,0,0,0,0,0,0,0,0,0,0,0,0,0.0,0.0,0.0,0.0,0.0,0.0,0.0,0.0,0.0,0.0,0.0,0.0
roll_02,2025-12-08T00:00:00+00:00,2026-01-19T00:00:00+00:00,2026-01-19T00:00:00+00:00,2026-01-26T00:00:00+00:00,0,1,2026-01-22 06:00:00+00:00,2026-01-22 07:00:00+00:00,1778.5049296098057,3,2008.2256900938053,1958.2742827319444,2007.6322741502224,1980.8106362188057,0,0,0,0,0,6,6.123233995736766e-17,1.0,0,0,1,-0.3390546419444444,5.855689930055555,-0.2067956863333333,0.0914363476111111,18.560011663194445,19.47680676319445,18.570810667694445,18.20441595636111,0.0,0.0,0.0,0.0,0,night,0,0.0,0,0,1980.8106362188057,0.0,18.560011663194445,0,0,0,0,0,0,0,0,0,0,0,0,0,0,0,0,0,0,0,0,0,0,0,0,0,0,0,0,0,0,0.0,0.0,0.0,0.0,0.0,0.0,0.0,0.0,0.0,0.0,0.0,0.0
roll_02,2025-12-08T00:00:00+00:00,2026-01-19T00:00:00+00:00,2026-01-19T00:00:00+00:00,2026-01-26T00:00:00+00:00,0,1,2026-01-22 07:00:00+00:00,2026-01-22 08:00:00+00:00,1415.566902312361,3,1864.800559224361,1980.8106362188057,1787.7926135424725,1778.5049296098057,0,0,0,0,0,7,-0.2588190451025206,0.9659258262890684,0,0,1,0.0412508166666666,5.939965576,-0.3390546419444444,0.4624889772777778,18.17753363780556,18.746181867083333,18.560011663194445,18.099627230388887,50.5301981471389,0.0,0.0,88.74529710644445,1,low,0,0.0,0,1,1778.5049296098057,50.5301981471389,18.17753363780556,0,0,0,0,0,0,0,0,0,0,0,0,0,0,0,0,0,0,0,0,0,0,0,0,0,0,0,0,0,0,0.0,0.0,0.0,0.0,0.0,0.0,0.0,0.0,0.0,0.0,0.0,0.0
roll_02,2025-12-08T00:00:00+00:00,2026-01-19T00:00:00+00:00,2026-01-19T00:00:00+00:00,2026-01-26T00:00:00+00:00,0,1,2026-01-22 08:00:00+00:00,2026-01-22 09:00:00+00:00,1170.112685329639,3,1891.1646381102776,1778.5049296098057,1396.283928898889,1415.566902312361,0,0,0,0,0,8,-0.4999999999999998,0.8660254037844387,0,0,1,1.056784193527778,6.0540732603333325,0.0412508166666666,2.0457270672222223,18.45113440808333,19.051684740972224,18.17753363780556,18.33234830197222,442.9227532967777,0.0,50.5301981471389,506.86706511469447,1,med,0,0.0,0,1,1415.566902312361,442.9227532967777,18.45113440808333,0,0,0,0,0,0,0,0,0,0,0,0,0,0,0,0,0,0,0,0,0,0,0,0,0,0,0,0,0,0,0.0,0.0,0.0,0.0,0.0,0.0,0.0,0.0,0.0,0.0,0.0,0.0
roll_02,2025-12-08T00:00:00+00:00,2026-01-19T00:00:00+00:00,2026-01-19T00:00:00+00:00,2026-01-26T00:00:00+00:00,0,1,2026-01-22 09:00:00+00:00,2026-01-22 10:00:00+00:00,912.1677645943888,3,1853.015352479528,1415.566902312361,1012.9496219223612,1170.112685329639,0,0,0,0,0,9,-0.7071067811865475,0.7071067811865476,0,0,1,2.4946484179722224,6.356309699972222,1.056784193527778,3.9313944355833335,18.912593772,20.157227171944445,18.45113440808333,18.699979865277776,833.8091316924166,71.04931229527777,442.9227532967777,949.0842489008888,1,med,0,0.0,0,1,1170.112685329639,833.8091316924166,18.912593772,0,0,0,0,0,0,0,0,0,0,0,0,0,0,0,0,0,0,0,0,0,0,0,0,0,0,0,0,0,0,0.0,0.0,0.0,0.0,0.0,0.0,0.0,0.0,0.0,0.0,0.0,0.0
roll_02,2025-12-08T00:00:00+00:00,2026-01-19T00:00:00+00:00,2026-01-19T00:00:00+00:00,2026-01-26T00:00:00+00:00,0,1,2026-01-22 10:00:00+00:00,2026-01-22 11:00:00+00:00,979.6024800058332,3,1753.4225527633614,1170.112685329639,755.3586427439723,912.1677645943888,0,0,0,0,0,10,-0.8660254037844387,0.4999999999999999,0,0,1,3.215811578611111,7.095990240444444,2.4946484179722224,5.315615807527778,19.38619283925,19.88121188980556,18.912593772,19.066515733777777,1190.1841393934444,190.55258295625003,833.8091316924166,1313.273773081028,1,med,0,0.0,0,1,912.1677645943888,1190.1841393934444,19.38619283925,0,0,0,0,0,0,0,0,0,0,0,0,0,0,0,0,0,0,0,0,0,0,0,0,0,0,0,0,0,0,0.0,0.0,0.0,0.0,0.0,0.0,0.0,0.0,0.0,0.0,0.0,0.0
roll_02,2025-12-08T00:00:00+00:00,2026-01-19T00:00:00+00:00,2026-01-19T00:00:00+00:00,2026-01-26T00:00:00+00:00,0,1,2026-01-22 11:00:00+00:00,2026-01-22 12:00:00+00:00,926.4931066359444,3,1683.7846975026666,912.1677645943888,53.140800646916695,979.6024800058332,0,0,0,0,0,11,-0.9659258262890682,0.258819045102521,0,0,1,4.084419063944444,7.735721079805555,3.215811578611111,6.909244716555556,19.31657935863889,23.38672065052777,19.38619283925,19.08309364155556,1082.5123078365275,176.48683570197224,1190.1841393934444,1427.9776504355557,1,med,0,0.0,0,1,979.6024800058332,1082.5123078365275,19.31657935863889,0,0,0,0,0,0,0,0,0,0,0,0,0,0,0,0,0,0,0,0,0,0,0,0,0,0,0,0,0,0,0.0,0.0,0.0,0.0,0.0,0.0,0.0,0.0,0.0,0.0,0.0,0.0
roll_02,2025-12-08T00:00:00+00:00,2026-01-19T00:00:00+00:00,2026-01-19T00:00:00+00:00,2026-01-26T00:00:00+00:00,0,1,2026-01-22 12:00:00+00:00,2026-01-22 13:00:00+00:00,-104.81881332361114,3,662.9256880891389,979.6024800058332,-768.0917536371389,926.4931066359444,0,0,0,0,0,12,-1.0,1.2246467991473532e-16,0,0,1,5.38599788475,7.640280755611111,4.084419063944444,8.880089984972221,19.65373982686111,18.96813179475,19.31657935863889,18.484981089805554,1175.6683752016668,137.67527449247223,1082.5123078365275,1346.315216830611,1,med,0,0.0,0,2,926.4931066359444,1175.6683752016668,19.65373982686111,0,0,0,0,0,0,0,0,0,0,0,0,0,0,0,0,0,0,0,0,0,0,0,0,0,0,0,0,0,0,0.0,0.0,0.0,0.0,0.0,0.0,0.0,0.0,0.0,0.0,0.0,0.0
roll_02,2025-12-08T00:00:00+00:00,2026-01-19T00:00:00+00:00,2026-01-19T00:00:00+00:00,2026-01-26T00:00:00+00:00,0,1,2026-01-22 13:00:00+00:00,2026-01-22 14:00:00+00:00,1036.759236264139,3,1670.502586263833,926.4931066359444,452.3195190723055,-104.81881332361114,0,1,0,0,0,13,-0.9659258262890684,-0.2588190451025208,0,0,1,6.27195117888889,7.717073466916666,5.38599788475,10.48915223186111,18.68513766694445,19.995219474666666,19.65373982686111,18.524133185916664,952.1943599062224,89.73333983747223,1175.6683752016668,1073.8044294135832,1,med,0,0.0,0,2,-104.81881332361114,952.1943599062224,18.68513766694445,0,0,0,0,0,0,0,0,0,0,0,0,0,0,0,0,0,0,0,0,0,0,0,0,0,0,0,0,0,0,0.0,0.0,0.0,0.0,0.0,0.0,0.0,0.0,0.0,0.0,0.0,0.0
roll_02,2025-12-08T00:00:00+00:00,2026-01-19T00:00:00+00:00,2026-01-19T00:00:00+00:00,2026-01-26T00:00:00+00:00,0,1,2026-01-22 14:00:00+00:00,2026-01-22 15:00:00+00:00,1095.6600237501943,3,1481.236402503917,-104.81881332361114,66.48684730938892,1036.759236264139,0,0,0,0,0,14,-0.8660254037844388,-0.4999999999999997,0,0,1,7.388014486055556,7.777161936083334,6.27195117888889,10.873624103916669,18.11838555286111,18.998335135416667,18.68513766694445,17.64684908008333,761.2699456159722,15.6927846945,952.1943599062224,664.2745502861944,1,med,0,0.0,0,2,1036.759236264139,761.2699456159722,18.11838555286111,0,0,0,0,0,0,0,0,0,0,0,0,0,0,0,0,0,0,0,0,0,0,0,0,0,0,0,0,0,0,0.0,0.0,0.0,0.0,0.0,0.0,0.0,0.0,0.0,0.0,0.0,0.0
roll_02,2025-12-08T00:00:00+00:00,2026-01-19T00:00:00+00:00,2026-01-19T00:00:00+00:00,2026-01-26T00:00:00+00:00,0,1,2026-01-22 15:00:00+00:00,2026-01-22 16:00:00+00:00,2940.7578966023334,3,885.3972389852223,1036.759236264139,359.87914049975,1095.6600237501943,0,0,0,0,0,15,-0.7071067811865479,-0.7071067811865471,0,0,1,6.172030068638889,7.587229790388889,7.388014486055556,9.67541222338889,17.8214131055,18.903532724861112,18.11838555286111,17.73781377975,67.57647916191668,0.0,761.2699456159722,144.55603472877775,1,low,0,0.0,0,2,1095.6600237501943,67.57647916191668,17.8214131055,0,0,0,0,0,0,0,0,0,0,0,0,0,0,0,0,0,0,0,0,0,0,0,0,0,0,0,0,0,0,0.0,0.0,0.0,0.0,0.0,0.0,0.0,0.0,0.0,0.0,0.0,0.0
roll_02,2025-12-08T00:00:00+00:00,2026-01-19T00:00:00+00:00,2026-01-19T00:00:00+00:00,2026-01-26T00:00:00+00:00,0,1,2026-01-22 16:00:00+00:00,2026-01-22 17:00:00+00:00,1509.757366554472,3,1797.5373261431112,1095.6600237501943,3501.792804637556,2940.7578966023334,0,0,0,0,0,16,-0.5000000000000004,-0.8660254037844385,0,0,1,3.513001024222222,7.352740038694445,6.172030068638889,6.537365921777777,17.972978045416667,19.207566096138887,17.8214131055,17.606137597472223,0.0,0.0,67.57647916191668,0.0,0,night,0,0.0,0,1,2940.7578966023334,0.0,17.972978045416667,0,0,0,0,0,0,0,0,0,0,0,0,0,0,0,0,0,0,0,0,0,0,0,0,0,0,0,0,0,0,0.0,0.0,0.0,0.0,0.0,0.0,0.0,0.0,0.0,0.0,0.0,0.0
roll_02,2025-12-08T00:00:00+00:00,2026-01-19T00:00:00+00:00,2026-01-19T00:00:00+00:00,2026-01-26T00:00:00+00:00,0,1,2026-01-22 17:00:00+00:00,2026-01-22 18:00:00+00:00,1902.4201895734168,3,1346.1776368881667,2940.7578966023334,3139.28925536575,1509.757366554472,0,0,0,0,0,17,-0.2588190451025206,-0.9659258262890684,0,0,1,2.803270102555556,7.210672752555555,3.513001024222222,4.898183921,18.275116791861112,19.75528769888889,17.972978045416667,17.69062399725,0.0,0.0,0.0,0.0,0,night,0,0.0,0,1,1509.757366554472,0.0,18.275116791861112,0,0,0,0,0,0,0,0,0,0,0,0,0,0,0,0,0,0,0,0,0,0,0,0,0,0,0,0,0,0,0.0,0.0,0.0,0.0,0.0,0.0,0.0,0.0,0.0,0.0,0.0,0.0
roll_02,2025-12-08T00:00:00+00:00,2026-01-19T00:00:00+00:00,2026-01-19T00:00:00+00:00,2026-01-26T00:00:00+00:00,0,1,2026-01-22 18:00:00+00:00,2026-01-22 19:00:00+00:00,1073.8756977925275,3,2386.9593965361114,1509.757366554472,3084.578836987528,1902.4201895734168,0,0,0,0,0,18,-1.8369701987210294e-16,-1.0,0,0,1,2.0540354806944445,6.914773931666667,2.803270102555556,4.040946171194444,18.52226880861112,19.750921251194445,18.275116791861112,17.300488013416665,0.0,0.0,0.0,0.0,0,night,0,0.0,0,1,1902.4201895734168,0.0,18.52226880861112,0,0,0,0,0,0,0,0,0,0,0,0,0,0,0,0,0,0,0,0,0,0,0,0,0,0,0,0,0,0,0.0,0.0,0.0,0.0,0.0,0.0,0.0,0.0,0.0,0.0,0.0,0.0
roll_02,2025-12-08T00:00:00+00:00,2026-01-19T00:00:00+00:00,2026-01-19T00:00:00+00:00,2026-01-26T00:00:00+00:00,0,1,2026-01-22 19:00:00+00:00,2026-01-22 20:00:00+00:00,1112.6407676563056,3,1666.5948316020276,1902.4201895734168,3033.668790060889,1073.8756977925275,0,0,0,0,0,19,0.2588190451025203,-0.9659258262890684,0,0,1,1.7490800439444445,6.321510255361112,2.0540354806944445,3.191824916555556,18.13564327775,19.999823462166667,18.52226880861112,17.536376965666665,0.0,0.0,0.0,0.0,0,night,0,0.0,0,1,1073.8756977925275,0.0,18.13564327775,0,0,0,0,0,0,0,0,0,0,0,0,0,0,0,0,0,0,0,0,0,0,0,0,0,0,0,0,0,0,0.0,0.0,0.0,0.0,0.0,0.0,0.0,0.0,0.0,0.0,0.0,0.0
roll_02,2025-12-08T00:00:00+00:00,2026-01-19T00:00:00+00:00,2026-01-19T00:00:00+00:00,2026-01-26T00:00:00+00:00,0,1,2026-01-22 20:00:00+00:00,2026-01-22 21:00:00+00:00,565.8491807108888,3,1076.4033323202225,1073.8756977925275,2886.9925662115,1112.6407676563056,0,0,0,0,0,20,0.5000000000000001,-0.8660254037844386,0,0,1,1.6065832648333334,6.225941869694444,1.7490800439444445,2.487087112333333,18.311032115555555,19.716939268694443,18.13564327775,17.762063201333333,0.0,0.0,0.0,0.0,0,night,0,0.0,0,1,1112.6407676563056,0.0,18.311032115555555,0,0,0,0,0,0,0,0,0,0,0,0,0,0,0,0,0,0,0,0,0,0,0,0,0,0,0,0,0,0,0.0,0.0,0.0,0.0,0.0,0.0,0.0,0.0,0.0,0.0,0.0,0.0
roll_02,2025-12-08T00:00:00+00:00,2026-01-19T00:00:00+00:00,2026-01-19T00:00:00+00:00,2026-01-26T00:00:00+00:00,0,1,2026-01-22 21:00:00+00:00,2026-01-22 22:00:00+00:00,473.87890895927785,3,1005.1173250451112,1112.6407676563056,2551.3509306884166,565.8491807108888,0,0,0,0,0,21,0.7071067811865474,-0.7071067811865477,0,0,1,1.2826967101944444,6.317871820055555,1.6065832648333334,1.9324537458333333,17.99547290261111,19.756443385166666,18.311032115555555,17.464727486527778,0.0,0.0,0.0,0.0,0,night,0,0.0,0,1,565.8491807108888,0.0,17.99547290261111,0,0,0,0,0,0,0,0,0,0,0,0,0,0,0,0,0,0,0,0,0,0,0,0,0,0,0,0,0,0,0.0,0.0,0.0,0.0,0.0,0.0,0.0,0.0,0.0,0.0,0.0,0.0
roll_02,2025-12-08T00:00:00+00:00,2026-01-19T00:00:00+00:00,2026-01-19T00:00:00+00:00,2026-01-26T00:00:00+00:00,0,1,2026-01-22 22:00:00+00:00,2026-01-22 23:00:00+00:00,367.6513029880277,3,480.00597344519446,565.8491807108888,2388.614872440278,473.87890895927785,0,0,0,0,0,22,0.8660254037844384,-0.5000000000000004,0,0,1,1.3345326389722223,6.12952082225,1.2826967101944444,1.30014670125,18.07674242205556,19.991357907416667,17.99547290261111,17.690357956194443,0.0,0.0,0.0,0.0,0,night,0,0.0,0,1,473.87890895927785,0.0,18.07674242205556,0,0,0,0,0,0,0,0,0,0,0,0,0,0,0,0,0,0,0,0,0,0,0,0,0,0,0,0,0,0,0.0,0.0,0.0,0.0,0.0,0.0,0.0,0.0,0.0,0.0,0.0,0.0
roll_02,2025-12-08T00:00:00+00:00,2026-01-19T00:00:00+00:00,2026-01-19T00:00:00+00:00,2026-01-26T00:00:00+00:00,0,1,2026-01-22 23:00:00+00:00,2026-01-23 00:00:00+00:00,367.96108710394446,3,479.6300936403031,473.87890895927785,1967.8965871302496,367.6513029880277,0,0,0,1,0,23,0.965925826289068,-0.2588190451025215,0,0,1,1.6309106950555554,6.380006211722222,1.3345326389722223,0.8794424397222222,18.345077110444443,20.516338076272728,18.07674242205556,17.751566612944444,0.0,0.0,0.0,0.0,0,night,0,0.0,0,1,367.6513029880277,,18.345077110444443,0,0,0,0,0,0,0,0,0,0,0,0,0,1,0,1,0,1,0,0,1,1,0,3,0,0,0,2,0,0,0.0,0.0,0.0,0.0,0.0,0.0,0.0,0.0,0.0,0.0,0.0,0.0
roll_02,2025-12-08T00:00:00+00:00,2026-01-19T00:00:00+00:00,2026-01-19T00:00:00+00:00,2026-01-26T00:00:00+00:00,0,1,2026-01-23 00:00:00+00:00,2026-01-23 01:00:00+00:00,369.3633806425278,4,436.11526816900937,367.6513029880277,387.7841801272222,367.96108710394446,0,0,0,1,0,0,1.0,0.0,0,0,1,1.3322522275277775,6.179232263,1.6309106950555554,0.7327373778333334,18.412130332527777,20.644644640187085,18.345077110444443,18.514657144027776,0.0,0.0,0.0,0.0,0,night,0,0.0,0,1,367.96108710394446,,18.412130332527777,0,0,0,0,0,0,0,0,0,0,0,0,0,1,0,1,0,1,0,0,1,1,0,3,0,0,0,2,0,0,0.0,1.0,0.0,0.0,0.0,0.0,0.0,0.0,0.0,1.0,0.0,0.0
roll_02,2025-12-08T00:00:00+00:00,2026-01-19T00:00:00+00:00,2026-01-19T00:00:00+00:00,2026-01-26T00:00:00+00:00,0,1,2026-01-23 01:00:00+00:00,2026-01-23 02:00:00+00:00,364.6717208964722,4,363.3156685093611,367.96108710394446,375.648988568,369.3633806425278,0,0,0,1,0,1,0.9659258262890684,0.2588190451025207,0,0,1,1.58879370875,6.335631528111112,1.3322522275277775,0.5019400923611111,18.522961206138888,20.570585093833333,18.412130332527777,18.432809342444443,0.0,0.0,0.0,0.0,0,night,0,0.0,0,1,369.3633806425278,,18.522961206138888,0,0,0,0,0,0,0,0,0,0,0,0,0,1,0,1,0,1,0,0,1,1,0,3,0,0,0,2,0,0,0.0,1.0,0.0,0.0,0.0,0.0,0.0,0.0,0.0,1.0,0.0,0.0
roll_02,2025-12-08T00:00:00+00:00,2026-01-19T00:00:00+00:00,2026-01-19T00:00:00+00:00,2026-01-26T00:00:00+00:00,0,1,2026-01-23 02:00:00+00:00,2026-01-23 03:00:00+00:00,368.5853674459444,4,402.5595977328056,369.3633806425278,370.6715177761111,364.6717208964722,0,0,0,0,0,2,0.8660254037844387,0.4999999999999999,0,0,1,2.072341584194444,6.396147497388889,1.58879370875,0.3487736218611111,18.394230225944444,20.26279251922222,18.522961206138888,18.54445086038889,0.0,0.0,0.0,0.0,0,night,0,0.0,0,1,364.6717208964722,0.0,18.394230225944444,0,0,0,0,0,0,0,0,0,0,0,0,0,0,0,0,0,0,0,0,0,0,0,0,0,0,0,0,0,0,0.0,1.0,0.0,0.0,0.0,0.0,0.0,0.0,0.0,1.0,0.0,0.0
roll_02,2025-12-08T00:00:00+00:00,2026-01-19T00:00:00+00:00,2026-01-19T00:00:00+00:00,2026-01-26T00:00:00+00:00,0,1,2026-01-23 03:00:00+00:00,2026-01-23 04:00:00+00:00,1077.5376334153334,4,399.17939954838886,364.6717208964722,372.0987236639445,368.5853674459444,0,0,0,0,0,3,0.7071067811865476,0.7071067811865476,0,0,1,2.1618301728333336,6.315615564583333,2.072341584194444,0.2133146070555555,18.33168606486112,20.336075921944445,18.394230225944444,18.459798990916667,0.0,0.0,0.0,0.0,0,night,0,0.0,0,1,368.5853674459444,0.0,18.33168606486112,0,0,0,0,0,0,0,0,0,0,0,0,0,0,0,0,0,0,0,0,0,0,0,0,0,0,0,0,0,0,0.0,0.0,0.0,0.0,0.0,0.0,0.0,0.0,0.0,1.0,0.0,0.0
roll_02,2025-12-08T00:00:00+00:00,2026-01-19T00:00:00+00:00,2026-01-19T00:00:00+00:00,2026-01-26T00:00:00+00:00,0,1,2026-01-23 04:00:00+00:00,2026-01-23 05:00:00+00:00,2595.650702010778,4,1076.4506056084722,368.5853674459444,1036.0452877571945,1077.5376334153334,0,0,0,0,0,4,0.5000000000000001,0.8660254037844386,0,0,1,2.4079966898333334,6.319809020444445,2.1618301728333336,-0.1355967138611111,18.65893950025,20.54722971761112,18.33168606486112,18.305206327277777,0.0,0.0,0.0,0.0,0,night,0,0.0,0,1,1077.5376334153334,0.0,18.65893950025,0,0,0,0,0,0,0,0,0,0,0,0,0,0,0,0,0,0,0,0,0,0,0,0,0,0,0,0,0,0,0.0,0.0,0.0,0.0,0.0,0.0,0.0,0.0,0.0,0.0,0.0,0.0
roll_02,2025-12-08T00:00:00+00:00,2026-01-19T00:00:00+00:00,2026-01-19T00:00:00+00:00,2026-01-26T00:00:00+00:00,0,1,2026-01-23 05:00:00+00:00,2026-01-23 06:00:00+00:00,2229.0674939791948,4,2002.717169422556,1077.5376334153334,1958.2742827319444,2595.650702010778,0,0,0,0,0,5,0.2588190451025207,0.9659258262890684,0,0,1,2.3870737601111114,6.480166650444445,2.4079966898333334,-0.2067956863333333,18.58098035247222,20.62937870683333,18.65893950025,18.570810667694445,0.0,0.0,0.0,0.0,0,night,0,0.0,0,1,2595.650702010778,0.0,18.58098035247222,0,0,0,0,0,0,0,0,0,0,0,0,0,0,0,0,0,0,0,0,0,0,0,0,0,0,0,0,0,0,0.0,0.0,0.0,0.0,0.0,0.0,0.0,0.0,0.0,0.0,0.0,0.0
roll_02,2025-12-08T00:00:00+00:00,2026-01-19T00:00:00+00:00,2026-01-19T00:00:00+00:00,2026-01-26T00:00:00+00:00,0,1,2026-01-23 06:00:00+00:00,2026-01-23 07:00:00+00:00,1956.5605310417773,4,2477.7992105114445,2595.650702010778,1980.8106362188057,2229.0674939791948,0,0,0,0,0,6,6.123233995736766e-17,1.0,0,0,1,2.86016758225,6.526934920555555,2.3870737601111114,-0.3390546419444444,18.59333267108333,19.989256890694445,18.58098035247222,18.560011663194445,0.0,0.0,0.0,0.0,0,night,0,0.0,0,1,2229.0674939791948,0.0,18.59333267108333,0,0,0,0,0,0,0,0,0,0,0,0,0,0,0,0,0,0,0,0,0,0,0,0,0,0,0,0,0,0,0.0,0.0,0.0,0.0,0.0,0.0,0.0,0.0,0.0,0.0,0.0,0.0
roll_02,2025-12-08T00:00:00+00:00,2026-01-19T00:00:00+00:00,2026-01-19T00:00:00+00:00,2026-01-26T00:00:00+00:00,0,1,2026-01-23 07:00:00+00:00,2026-01-23 08:00:00+00:00,1820.3555307953327,4,2372.8508934692777,2229.0674939791948,1778.5049296098057,1956.5605310417773,0,0,0,0,0,7,-0.2588190451025206,0.9659258262890684,0,0,1,2.925855649944445,6.51837168525,2.86016758225,0.0412508166666666,18.58286181677777,19.50656841447222,18.59333267108333,18.17753363780556,13.610436851555557,0.0,0.0,50.5301981471389,1,low,0,0.0,0,1,1956.5605310417773,13.610436851555557,18.58286181677777,0,0,0,0,0,0,0,0,0,0,0,0,0,0,0,0,0,0,0,0,0,0,0,0,0,0,0,0,0,0,0.0,0.0,0.0,0.0,0.0,0.0,0.0,0.0,0.0,0.0,0.0,0.0
roll_02,2025-12-08T00:00:00+00:00,2026-01-19T00:00:00+00:00,2026-01-19T00:00:00+00:00,2026-01-26T00:00:00+00:00,0,1,2026-01-23 08:00:00+00:00,2026-01-23 09:00:00+00:00,2016.7762660696944,4,1713.0605896702225,1956.5605310417773,1415.566902312361,1820.3555307953327,0,0,0,0,0,8,-0.4999999999999998,0.8660254037844387,0,0,1,3.784128624555555,6.70613304075,2.925855649944445,1.056784193527778,18.901513842444444,19.7554677515,18.58286181677777,18.45113440808333,145.74993311175,219.2942974313056,13.610436851555557,442.9227532967777,1,low,0,0.0,0,1,1820.3555307953327,145.74993311175,18.901513842444444,0,0,0,0,0,0,0,0,0,0,0,0,0,0,0,0,0,0,0,0,0,0,0,0,0,0,0,0,0,0,0.0,0.0,0.0,0.0,0.0,0.0,0.0,0.0,0.0,0.0,0.0,0.0
roll_02,2025-12-08T00:00:00+00:00,2026-01-19T00:00:00+00:00,2026-01-19T00:00:00+00:00,2026-01-26T00:00:00+00:00,0,1,2026-01-23 09:00:00+00:00,2026-01-23 10:00:00+00:00,1936.420994131,4,1442.9932598915832,1820.3555307953327,1170.112685329639,2016.7762660696944,0,0,0,0,0,9,-0.7071067811865475,0.7071067811865476,0,0,1,4.780561090416667,7.120510198722222,3.784128624555555,2.4946484179722224,18.886623428750003,19.877659039055555,18.901513842444444,18.912593772,232.31283958127776,397.3280925458334,145.74993311175,833.8091316924166,1,low,0,0.0,0,1,2016.7762660696944,232.31283958127776,18.886623428750003,0,0,0,0,0,0,0,0,0,0,0,0,0,0,0,0,0,0,0,0,0,0,0,0,0,0,0,0,0,0,0.0,0.0,0.0,0.0,0.0,0.0,0.0,0.0,0.0,0.0,0.0,0.0
roll_02,2025-12-08T00:00:00+00:00,2026-01-19T00:00:00+00:00,2026-01-19T00:00:00+00:00,2026-01-26T00:00:00+00:00,0,1,2026-01-23 10:00:00+00:00,2026-01-23 11:00:00+00:00,1576.1195596841944,4,1623.9131629396943,2016.7762660696944,912.1677645943888,1936.420994131,0,0,0,0,0,10,-0.8660254037844387,0.4999999999999999,0,0,1,5.483105661972222,7.606124750555556,4.780561090416667,3.215811578611111,18.61690110308333,19.85123305425,18.886623428750003,19.38619283925,231.00179334266667,176.83669021891663,232.31283958127776,1190.1841393934444,1,low,0,0.0,0,2,1936.420994131,231.00179334266667,18.61690110308333,0,0,0,0,0,0,0,0,0,0,0,0,0,0,0,0,0,0,0,0,0,0,0,0,0,0,0,0,0,0,0.0,0.0,0.0,0.0,0.0,0.0,0.0,0.0,0.0,0.0,0.0,0.0
roll_02,2025-12-08T00:00:00+00:00,2026-01-19T00:00:00+00:00,2026-01-19T00:00:00+00:00,2026-01-26T00:00:00+00:00,0,1,2026-01-23 11:00:00+00:00,2026-01-23 12:00:00+00:00,1707.01032054225,4,490.20504058097225,1936.420994131,979.6024800058332,1576.1195596841944,0,0,0,0,0,11,-0.9659258262890682,0.258819045102521,0,0,1,6.005421360722223,8.054131653722223,5.483105661972222,4.084419063944444,18.975925773527777,19.50173812611111,18.61690110308333,19.31657935863889,305.4964137123056,96.41320922194444,231.00179334266667,1082.5123078365275,1,low,0,0.0,0,2,1576.1195596841944,305.4964137123056,18.975925773527777,0,0,0,0,0,0,0,0,0,0,0,0,0,0,0,0,0,0,0,0,0,0,0,0,0,0,0,0,0,0,0.0,0.0,0.0,0.0,0.0,0.0,0.0,0.0,0.0,0.0,0.0,0.0
roll_02,2025-12-08T00:00:00+00:00,2026-01-19T00:00:00+00:00,2026-01-19T00:00:00+00:00,2026-01-26T00:00:00+00:00,0,1,2026-01-23 12:00:00+00:00,2026-01-23 13:00:00+00:00,2214.146590013028,4,1595.4900083538612,1576.1195596841944,926.4931066359444,1707.01032054225,0,0,0,0,0,12,-1.0,1.2246467991473532e-16,0,0,1,6.755185106222222,7.894125589972222,6.005421360722223,5.38599788475,18.9128849575,19.87244296738889,18.975925773527777,19.65373982686111,277.5941901626389,92.09759563077776,305.4964137123056,1175.6683752016668,1,low,0,0.0,0,2,1707.01032054225,277.5941901626389,18.9128849575,0,0,0,0,0,0,0,0,0,0,0,0,0,0,0,0,0,0,0,0,0,0,0,0,0,0,0,0,0,0,0.0,0.0,0.0,0.0,0.0,0.0,0.0,0.0,0.0,0.0,0.0,0.0
roll_02,2025-12-08T00:00:00+00:00,2026-01-19T00:00:00+00:00,2026-01-19T00:00:00+00:00,2026-01-26T00:00:00+00:00,0,1,2026-01-23 13:00:00+00:00,2026-01-23 14:00:00+00:00,2195.8262186153333,4,701.5758242305001,1707.01032054225,-104.81881332361114,2214.146590013028,0,0,0,0,0,13,-0.9659258262890684,-0.2588190451025208,0,0,1,6.862749878222222,8.179940411916666,6.755185106222222,6.27195117888889,22.81537184433333,19.473662514111112,18.9128849575,18.68513766694445,104.38236414708336,166.040840057,277.5941901626389,952.1943599062224,1,low,0,0.0,0,2,2214.146590013028,104.38236414708336,22.81537184433333,0,0,0,0,0,0,0,0,0,0,0,0,0,0,0,0,0,0,0,0,0,0,0,0,0,0,0,0,0,0,0.0,0.0,0.0,0.0,0.0,0.0,0.0,0.0,0.0,0.0,0.0,0.0
roll_02,2025-12-08T00:00:00+00:00,2026-01-19T00:00:00+00:00,2026-01-19T00:00:00+00:00,2026-01-26T00:00:00+00:00,0,1,2026-01-23 14:00:00+00:00,2026-01-23 15:00:00+00:00,2527.9803929520835,4,1952.1323181944445,2214.146590013028,1036.759236264139,2195.8262186153333,0,0,0,0,0,14,-0.8660254037844388,-0.4999999999999997,0,0,1,5.7134238162777775,8.302941039805555,6.862749878222222,7.388014486055556,18.83056621691667,19.448341239055555,22.81537184433333,18.11838555286111,20.72892640275,27.528722678833333,104.38236414708336,761.2699456159722,1,low,0,0.0,0,2,2195.8262186153333,20.72892640275,18.83056621691667,0,0,0,0,0,0,0,0,0,0,0,0,0,0,0,0,0,0,0,0,0,0,0,0,0,0,0,0,0,0,0.0,0.0,0.0,0.0,0.0,0.0,0.0,0.0,0.0,0.0,0.0,0.0
roll_02,2025-12-08T00:00:00+00:00,2026-01-19T00:00:00+00:00,2026-01-19T00:00:00+00:00,2026-01-26T00:00:00+00:00,0,1,2026-01-23 15:00:00+00:00,2026-01-23 16:00:00+00:00,2048.975809514583,4,573.8755752583612,2195.8262186153333,1095.6600237501943,2527.9803929520835,0,0,0,0,0,15,-0.7071067811865479,-0.7071067811865471,0,0,1,5.713572192777778,8.416783751555556,5.7134238162777775,6.172030068638889,18.771297444972223,18.75333884008333,18.83056621691667,17.8214131055,0.0,0.0,20.72892640275,67.57647916191668,1,night,0,0.0,0,2,2527.9803929520835,0.0,18.771297444972223,0,0,0,0,0,0,0,0,0,0,0,0,0,0,0,0,0,0,0,0,0,0,0,0,0,0,0,0,0,0,0.0,0.0,0.0,0.0,0.0,0.0,0.0,0.0,0.0,0.0,0.0,0.0
roll_02,2025-12-08T00:00:00+00:00,2026-01-19T00:00:00+00:00,2026-01-19T00:00:00+00:00,2026-01-26T00:00:00+00:00,0,1,2026-01-23 16:00:00+00:00,2026-01-23 17:00:00+00:00,1253.307754251361,4,1748.7442167502777,2527.9803929520835,2940.7578966023334,2048.975809514583,0,0,0,0,0,16,-0.5000000000000004,-0.8660254037844385,0,0,1,5.802371368194444,8.520774253777779,5.713572192777778,3.513001024222222,18.720766871444443,20.16664298611111,18.771297444972223,17.972978045416667,0.0,0.0,0.0,0.0,0,night,0,0.0,0,2,2048.975809514583,0.0,18.720766871444443,0,0,0,0,0,0,0,0,0,0,0,0,0,0,0,0,0,0,0,0,0,0,0,0,0,0,0,0,0,0,0.0,0.0,0.0,0.0,0.0,0.0,0.0,0.0,0.0,0.0,0.0,0.0
roll_02,2025-12-08T00:00:00+00:00,2026-01-19T00:00:00+00:00,2026-01-19T00:00:00+00:00,2026-01-26T00:00:00+00:00,0,1,2026-01-23 17:00:00+00:00,2026-01-23 18:00:00+00:00,2022.5164028016115,4,1779.3662909536945,2048.975809514583,1509.757366554472,1253.307754251361,0,0,0,0,0,17,-0.2588190451025206,-0.9659258262890684,0,0,1,5.091072229027778,8.07320388525,5.802371368194444,2.803270102555556,17.994156679944442,19.575921534027778,18.720766871444443,18.275116791861112,0.0,0.0,0.0,0.0,0,night,0,0.0,0,2,1253.307754251361,0.0,17.994156679944442,0,0,0,0,0,0,0,0,0,0,0,0,0,0,0,0,0,0,0,0,0,0,0,0,0,0,0,0,0,0,0.0,0.0,0.0,0.0,0.0,0.0,0.0,0.0,0.0,0.0,0.0,0.0
roll_02,2025-12-08T00:00:00+00:00,2026-01-19T00:00:00+00:00,2026-01-19T00:00:00+00:00,2026-01-26T00:00:00+00:00,0,1,2026-01-23 18:00:00+00:00,2026-01-23 19:00:00+00:00,1067.3991769345832,4,1926.1523590546667,1253.307754251361,1902.4201895734168,2022.5164028016115,0,0,0,0,0,18,-1.8369701987210294e-16,-1.0,0,0,1,4.711612085277777,7.896998074444444,5.091072229027778,2.0540354806944445,18.35074025972222,18.97882240377778,17.994156679944442,18.52226880861112,0.0,0.0,0.0,0.0,0,night,0,0.0,0,1,2022.5164028016115,0.0,18.35074025972222,0,0,0,0,0,0,0,0,0,0,0,0,0,0,0,0,0,0,0,0,0,0,0,0,0,0,0,0,0,0,0.0,0.0,0.0,0.0,0.0,0.0,0.0,0.0,0.0,0.0,0.0,0.0
roll_02,2025-12-08T00:00:00+00:00,2026-01-19T00:00:00+00:00,2026-01-19T00:00:00+00:00,2026-01-26T00:00:00+00:00,0,1,2026-01-23 19:00:00+00:00,2026-01-23 20:00:00+00:00,1046.436184157472,4,3573.4096695315,2022.5164028016115,1073.8756977925275,1067.3991769345832,0,0,0,0,0,19,0.2588190451025203,-0.9659258262890684,0,0,1,3.980250340583333,7.825703813444444,4.711612085277777,1.7490800439444445,17.935994839722223,18.995995310777776,18.35074025972222,18.13564327775,0.0,0.0,0.0,0.0,0,night,0,0.0,0,1,1067.3991769345832,0.0,17.935994839722223,0,0,0,0,0,0,0,0,0,0,0,0,0,0,0,0,0,0,0,0,0,0,0,0,0,0,0,0,0,0,0.0,0.0,0.0,0.0,0.0,0.0,0.0,0.0,0.0,0.0,0.0,0.0
roll_02,2025-12-08T00:00:00+00:00,2026-01-19T00:00:00+00:00,2026-01-19T00:00:00+00:00,2026-01-26T00:00:00+00:00,0,1,2026-01-23 20:00:00+00:00,2026-01-23 21:00:00+00:00,602.2876708927778,4,2754.500442691028,1067.3991769345832,1112.6407676563056,1046.436184157472,0,0,0,0,0,20,0.5000000000000001,-0.8660254037844386,0,0,1,3.866209152527778,7.709597783944445,3.980250340583333,1.6065832648333334,17.69838866127778,18.76334915180556,17.935994839722223,18.311032115555555,0.0,0.0,0.0,0.0,0,night,0,0.0,0,1,1046.436184157472,0.0,17.69838866127778,0,0,0,0,0,0,0,0,0,0,0,0,0,0,0,0,0,0,0,0,0,0,0,0,0,0,0,0,0,0,0.0,0.0,0.0,0.0,0.0,0.0,0.0,0.0,0.0,0.0,0.0,0.0
roll_02,2025-12-08T00:00:00+00:00,2026-01-19T00:00:00+00:00,2026-01-19T00:00:00+00:00,2026-01-26T00:00:00+00:00,0,1,2026-01-23 21:00:00+00:00,2026-01-23 22:00:00+00:00,492.5538403097778,4,2483.442940576528,1046.436184157472,565.8491807108888,602.2876708927778,0,0,0,0,0,21,0.7071067811865474,-0.7071067811865477,0,0,1,3.869637564888889,7.793732041944445,3.866209152527778,1.2826967101944444,18.29812389511111,19.09072242922222,17.69838866127778,17.99547290261111,0.0,0.0,0.0,0.0,0,night,0,0.0,0,1,602.2876708927778,0.0,18.29812389511111,0,0,0,0,0,0,0,0,0,0,0,0,0,0,0,0,0,0,0,0,0,0,0,0,0,0,0,0,0,0,0.0,0.0,0.0,0.0,0.0,0.0,0.0,0.0,0.0,0.0,0.0,0.0
roll_02,2025-12-08T00:00:00+00:00,2026-01-19T00:00:00+00:00,2026-01-19T00:00:00+00:00,2026-01-26T00:00:00+00:00,0,1,2026-01-23 22:00:00+00:00,2026-01-23 23:00:00+00:00,435.2853666092778,4,2471.681181403111,602.2876708927778,473.87890895927785,492.5538403097778,0,0,0,0,0,22,0.8660254037844384,-0.5000000000000004,0,0,1,3.9082464093888887,7.769939707083334,3.869637564888889,1.3345326389722223,18.156249321388888,18.72444743175,18.29812389511111,18.07674242205556,0.0,0.0,0.0,0.0,0,night,0,0.0,0,1,492.5538403097778,0.0,18.156249321388888,0,0,0,0,0,0,0,0,0,0,0,0,0,0,0,0,0,0,0,0,0,0,0,0,0,0,0,0,0,0,0.0,0.0,0.0,0.0,0.0,0.0,0.0,0.0,0.0,0.0,0.0,0.0
roll_02,2025-12-08T00:00:00+00:00,2026-01-19T00:00:00+00:00,2026-01-19T00:00:00+00:00,2026-01-26T00:00:00+00:00,0,1,2026-01-23 23:00:00+00:00,2026-01-24 00:00:00+00:00,405.1807272819444,4,2428.759211638084,492.5538403097778,367.6513029880277,435.2853666092778,0,0,0,0,0,23,0.965925826289068,-0.2588190451025215,0,0,1,3.962953027722222,7.651671525194445,3.9082464093888887,1.6309106950555554,18.266909694166667,18.786308081027776,18.156249321388888,18.345077110444443,0.0,0.0,0.0,0.0,0,night,0,0.0,0,1,435.2853666092778,0.0,18.266909694166667,0,0,0,0,0,0,0,0,0,0,0,0,0,0,0,0,0,0,0,0,0,0,0,0,0,0,0,0,0,0,0.0,0.0,0.0,0.0,0.0,1.0,0.0,0.0,0.0,0.0,0.0,0.0
roll_02,2025-12-08T00:00:00+00:00,2026-01-19T00:00:00+00:00,2026-01-19T00:00:00+00:00,2026-01-26T00:00:00+00:00,0,1,2026-01-24 00:00:00+00:00,2026-01-24 01:00:00+00:00,403.1378216736112,5,2422.2099434294164,435.2853666092778,367.96108710394446,405.1807272819444,0,0,0,0,0,0,1.0,0.0,0,1,1,3.7605419066388888,7.438261246666666,3.962953027722222,1.3322522275277775,18.3607900945,19.11630246361111,18.266909694166667,18.412130332527777,0.0,0.0,0.0,0.0,0,night,0,0.0,0,1,405.1807272819444,0.0,18.3607900945,0,0,0,0,0,0,0,0,0,0,0,0,0,0,0,0,0,0,0,0,0,0,0,0,0,0,0,0,0,0,0.0,0.0,0.0,0.0,0.0,1.0,0.0,0.0,0.0,0.0,0.0,0.0
roll_02,2025-12-08T00:00:00+00:00,2026-01-19T00:00:00+00:00,2026-01-19T00:00:00+00:00,2026-01-26T00:00:00+00:00,0,1,2026-01-24 01:00:00+00:00,2026-01-24 02:00:00+00:00,404.9479621853611,5,2419.0737715843334,405.1807272819444,369.3633806425278,403.1378216736112,0,0,0,0,0,1,0.9659258262890684,0.2588190451025207,0,1,1,3.594426555777778,7.284376046305557,3.7605419066388888,1.58879370875,18.35504471088889,19.46177759227778,18.3607900945,18.522961206138888,0.0,0.0,0.0,0.0,0,night,0,0.0,0,1,403.1378216736112,0.0,18.35504471088889,0,0,0,0,0,0,0,0,0,0,0,0,0,0,0,0,0,0,0,0,0,0,0,0,0,0,0,0,0,0,0.0,0.0,0.0,0.0,0.0,1.0,0.0,0.0,0.0,0.0,0.0,0.0
roll_02,2025-12-08T00:00:00+00:00,2026-01-19T00:00:00+00:00,2026-01-19T00:00:00+00:00,2026-01-26T00:00:00+00:00,0,1,2026-01-24 02:00:00+00:00,2026-01-24 03:00:00+00:00,402.6522398849167,5,2397.090425719361,403.1378216736112,364.6717208964722,404.9479621853611,0,0,0,0,0,2,0.8660254037844387,0.4999999999999999,0,1,1,3.4606973831944443,7.356306431222222,3.594426555777778,2.072341584194444,18.292189759527776,19.223714178972223,18.35504471088889,18.394230225944444,0.0,0.0,0.0,0.0,0,night,0,0.0,0,1,404.9479621853611,0.0,18.292189759527776,0,0,0,0,0,0,0,0,0,0,0,0,0,0,0,0,0,0,0,0,0,0,0,0,0,0,0,0,0,0,0.0,0.0,0.0,0.0,0.0,0.0,0.0,0.0,0.0,0.0,0.0,0.0
roll_02,2025-12-08T00:00:00+00:00,2026-01-19T00:00:00+00:00,2026-01-19T00:00:00+00:00,2026-01-26T00:00:00+00:00,0,1,2026-01-24 03:00:00+00:00,2026-01-24 04:00:00+00:00,989.5879204678332,5,2408.5668939863613,404.9479621853611,368.5853674459444,402.6522398849167,0,0,0,0,0,3,0.7071067811865476,0.7071067811865476,0,1,1,3.4151579152222222,7.399717572,3.4606973831944443,2.1618301728333336,18.273110989944445,19.45567031075,18.292189759527776,18.33168606486112,0.0,0.0,0.0,0.0,0,night,0,0.0,0,1,402.6522398849167,0.0,18.273110989944445,0,0,0,0,0,0,0,0,0,0,0,0,0,0,0,0,0,0,0,0,0,0,0,0,0,0,0,0,0,0,0.0,0.0,0.0,0.0,0.0,0.0,0.0,0.0,0.0,0.0,0.0,0.0
roll_02,2025-12-08T00:00:00+00:00,2026-01-19T00:00:00+00:00,2026-01-19T00:00:00+00:00,2026-01-26T00:00:00+00:00,0,1,2026-01-24 04:00:00+00:00,2026-01-24 05:00:00+00:00,1683.9951601766388,5,2987.1550890425,402.6522398849167,1077.5376334153334,989.5879204678332,0,0,0,0,0,4,0.5000000000000001,0.8660254037844386,0,1,1,3.746956920472222,7.292532967416666,3.4151579152222222,2.4079966898333334,18.763885850944444,19.50167555113889,18.273110989944445,18.65893950025,0.0,0.0,0.0,0.0,0,night,0,0.0,0,1,989.5879204678332,0.0,18.763885850944444,0,0,0,0,0,0,0,0,0,0,0,0,0,0,0,0,0,0,0,0,0,0,0,0,0,0,0,0,0,0,0.0,0.0,0.0,0.0,0.0,0.0,0.0,0.0,0.0,0.0,0.0,0.0
roll_02,2025-12-08T00:00:00+00:00,2026-01-19T00:00:00+00:00,2026-01-19T00:00:00+00:00,2026-01-26T00:00:00+00:00,0,1,2026-01-24 05:00:00+00:00,2026-01-24 06:00:00+00:00,1902.018428271,5,3319.657065773777,989.5879204678332,2595.650702010778,1683.9951601766388,0,0,0,0,0,5,0.2588190451025207,0.9659258262890684,0,1,1,3.807682473638889,7.177631668333333,3.746956920472222,2.3870737601111114,18.95802324902778,19.9944225565,18.763885850944444,18.58098035247222,0.0,0.0,0.0,0.0,0,night,0,0.0,0,1,1683.9951601766388,0.0,18.95802324902778,0,0,0,0,0,0,0,0,0,0,0,0,0,0,0,0,0,0,0,0,0,0,0,0,0,0,0,0,0,0,0.0,0.0,0.0,0.0,0.0,0.0,0.0,0.0,0.0,0.0,0.0,0.0
roll_02,2025-12-08T00:00:00+00:00,2026-01-19T00:00:00+00:00,2026-01-19T00:00:00+00:00,2026-01-26T00:00:00+00:00,0,1,2026-01-24 06:00:00+00:00,2026-01-24 07:00:00+00:00,2166.76233965375,5,2391.335260368139,1683.9951601766388,2229.0674939791948,1902.018428271,0,0,0,0,0,6,6.123233995736766e-17,1.0,0,1,1,3.9873673924166666,7.25766445075,3.807682473638889,2.86016758225,18.70620324358333,19.974863173472222,18.95802324902778,18.59333267108333,0.0,0.0,0.0,0.0,0,night,0,0.0,0,1,1902.018428271,0.0,18.70620324358333,0,0,0,0,0,0,0,0,0,0,0,0,0,0,0,0,0,0,0,0,0,0,0,0,0,0,0,0,0,0,0.0,0.0,0.0,0.0,0.0,0.0,0.0,0.0,0.0,0.0,0.0,0.0
roll_02,2025-12-08T00:00:00+00:00,2026-01-19T00:00:00+00:00,2026-01-19T00:00:00+00:00,2026-01-26T00:00:00+00:00,0,1,2026-01-24 07:00:00+00:00,2026-01-24 08:00:00+00:00,2056.1787956731946,5,2341.329542084556,1902.018428271,1956.5605310417773,2166.76233965375,0,0,0,0,0,7,-0.2588190451025206,0.9659258262890684,0,1,1,4.151625831166666,7.383881055833334,3.9873673924166666,2.925855649944445,18.29483151783333,19.685817555194443,18.70620324358333,18.58286181677777,0.0,0.0,0.0,13.610436851555557,1,night,0,0.0,0,1,2166.76233965375,0.0,18.29483151783333,0,0,0,0,0,0,0,0,0,0,0,0,0,0,0,0,0,0,0,0,0,0,0,0,0,0,0,0,0,0,0.0,0.0,0.0,0.0,0.0,0.0,0.0,0.0,0.0,0.0,0.0,0.0
roll_02,2025-12-08T00:00:00+00:00,2026-01-19T00:00:00+00:00,2026-01-19T00:00:00+00:00,2026-01-26T00:00:00+00:00,0,1,2026-01-24 08:00:00+00:00,2026-01-24 09:00:00+00:00,2110.409867789389,5,2591.676535681584,2166.76233965375,1820.3555307953327,2056.1787956731946,0,0,0,0,0,8,-0.4999999999999998,0.8660254037844387,0,1,1,4.314655074888889,8.121707604333332,4.151625831166666,3.784128624555555,17.905425590777778,18.96465682683333,18.29483151783333,18.901513842444444,0.0,28.95708092888889,0.0,145.74993311175,1,night,0,0.0,0,1,2056.1787956731946,0.0,17.905425590777778,0,0,0,0,0,0,0,0,0,0,0,0,0,0,0,0,0,0,0,0,0,0,0,0,0,0,0,0,0,0,0.0,0.0,0.0,0.0,0.0,0.0,0.0,0.0,0.0,0.0,0.0,0.0
roll_02,2025-12-08T00:00:00+00:00,2026-01-19T00:00:00+00:00,2026-01-19T00:00:00+00:00,2026-01-26T00:00:00+00:00,0,1,2026-01-24 09:00:00+00:00,2026-01-24 10:00:00+00:00,3130.832139515,5,876.2151453261389,2056.1787956731946,2016.7762660696944,2110.409867789389,0,0,0,0,0,9,-0.7071067811865475,0.7071067811865476,0,1,1,4.542731538305556,8.751546623111112,4.314655074888889,4.780561090416667,18.436193536916665,19.20686476825,17.905425590777778,18.886623428750003,114.76844990783331,108.89878298597222,0.0,232.31283958127776,1,low,0,0.0,0,1,2110.409867789389,114.76844990783331,18.436193536916665,0,0,0,0,0,0,0,0,0,0,0,0,0,0,0,0,0,0,0,0,0,0,0,0,0,0,0,0,0,0,0.0,0.0,0.0,0.0,0.0,0.0,0.0,0.0,0.0,0.0,0.0,0.0
roll_02,2025-12-08T00:00:00+00:00,2026-01-19T00:00:00+00:00,2026-01-19T00:00:00+00:00,2026-01-26T00:00:00+00:00,0,1,2026-01-24 10:00:00+00:00,2026-01-24 11:00:00+00:00,385.99203080291664,5,1362.1403257086388,2110.409867789389,1936.420994131,3130.832139515,0,0,0,0,0,10,-0.8660254037844387,0.4999999999999999,0,1,1,5.048194792888889,9.078067266305556,4.542731538305556,5.483105661972222,18.769674477888888,19.716803649722223,18.436193536916665,18.61690110308333,411.0483259695556,221.86114629477777,114.76844990783331,231.00179334266667,1,med,0,0.0,0,2,3130.832139515,411.0483259695556,18.769674477888888,0,0,0,0,0,0,0,0,0,0,0,0,0,0,0,0,0,0,0,0,0,0,0,0,0,0,0,0,0,0,0.0,0.0,0.0,0.0,0.0,0.0,0.0,0.0,0.0,0.0,0.0,0.0
roll_02,2025-12-08T00:00:00+00:00,2026-01-19T00:00:00+00:00,2026-01-19T00:00:00+00:00,2026-01-26T00:00:00+00:00,0,1,2026-01-24 11:00:00+00:00,2026-01-24 12:00:00+00:00,1016.1453970060834,5,851.023270576111,3130.832139515,1576.1195596841944,385.99203080291664,0,0,0,0,0,11,-0.9659258262890682,0.258819045102521,0,1,1,6.944681730611111,9.67168500638889,5.048194792888889,6.005421360722223,19.6631947345,18.94777081475,18.769674477888888,18.975925773527777,1596.5776119012498,186.94326531838888,411.0483259695556,305.4964137123056,1,high,0,0.0,0,2,385.99203080291664,1596.5776119012498,19.6631947345,0,0,0,0,0,0,0,0,0,0,0,0,0,0,0,0,0,0,0,0,0,0,0,0,0,0,0,0,0,0,0.0,0.0,0.0,0.0,0.0,0.0,0.0,0.0,0.0,0.0,0.0,0.0
roll_02,2025-12-08T00:00:00+00:00,2026-01-19T00:00:00+00:00,2026-01-19T00:00:00+00:00,2026-01-26T00:00:00+00:00,0,1,2026-01-24 12:00:00+00:00,2026-01-24 13:00:00+00:00,1064.5741736199725,5,375.1866214471667,385.99203080291664,1707.01032054225,1016.1453970060834,0,0,0,0,0,12,-1.0,1.2246467991473532e-16,0,1,1,8.35612550725,10.057301476,6.944681730611111,6.755185106222222,18.378112199194447,18.284649789444444,19.6631947345,18.9128849575,407.66865748083336,275.0773129497222,1596.5776119012498,277.5941901626389,1,low,0,0.0,0,2,1016.1453970060834,407.66865748083336,18.378112199194447,0,0,0,0,0,0,0,0,0,0,0,0,0,0,0,0,0,0,0,0,0,0,0,0,0,0,0,0,0,0,0.0,0.0,0.0,0.0,0.0,0.0,0.0,0.0,0.0,0.0,0.0,0.0
roll_02,2025-12-08T00:00:00+00:00,2026-01-19T00:00:00+00:00,2026-01-19T00:00:00+00:00,2026-01-26T00:00:00+00:00,0,1,2026-01-24 13:00:00+00:00,2026-01-24 14:00:00+00:00,1858.781012173056,5,1125.2122855051666,1016.1453970060834,2214.146590013028,1064.5741736199725,0,0,0,0,0,13,-0.9659258262890684,-0.2588190451025208,0,1,1,6.657871230416667,10.579499319583332,8.35612550725,6.862749878222222,18.062944556944444,18.457303344916667,18.378112199194447,22.81537184433333,88.28240024077779,287.2499787669167,407.66865748083336,104.38236414708336,1,low,0,0.0,0,2,1064.5741736199725,88.28240024077779,18.062944556944444,0,0,0,0,0,0,0,0,0,0,0,0,0,0,0,0,0,0,0,0,0,0,0,0,0,0,0,0,0,0,0.0,0.0,0.0,0.0,0.0,0.0,0.0,0.0,0.0,0.0,0.0,0.0
roll_02,2025-12-08T00:00:00+00:00,2026-01-19T00:00:00+00:00,2026-01-19T00:00:00+00:00,2026-01-26T00:00:00+00:00,0,1,2026-01-24 14:00:00+00:00,2026-01-24 15:00:00+00:00,1831.2616717653889,5,553.7227735364166,1064.5741736199725,2195.8262186153333,1858.781012173056,0,0,0,0,0,14,-0.8660254037844388,-0.4999999999999997,0,1,1,6.097375211722222,10.797755711305555,6.657871230416667,5.7134238162777775,18.00922708483333,18.117300213361112,18.062944556944444,18.83056621691667,0.0,116.70239646572225,88.28240024077779,20.72892640275,1,night,0,0.0,0,2,1858.781012173056,0.0,18.00922708483333,0,0,0,0,0,0,0,0,0,0,0,0,0,0,0,0,0,0,0,0,0,0,0,0,0,0,0,0,0,0,0.0,0.0,0.0,0.0,0.0,0.0,0.0,0.0,0.0,0.0,0.0,0.0
roll_02,2025-12-08T00:00:00+00:00,2026-01-19T00:00:00+00:00,2026-01-19T00:00:00+00:00,2026-01-26T00:00:00+00:00,0,1,2026-01-24 15:00:00+00:00,2026-01-24 16:00:00+00:00,1060.0596002008333,5,893.3163181295832,1858.781012173056,2527.9803929520835,1831.2616717653889,0,0,0,0,0,15,-0.7071067811865479,-0.7071067811865471,0,1,1,6.071665185777778,10.387558755972222,6.097375211722222,5.713572192777778,17.677323049111113,17.90237331016667,18.00922708483333,18.771297444972223,0.0,0.0,0.0,0.0,1,night,0,0.0,0,2,1831.2616717653889,0.0,17.677323049111113,0,0,0,0,0,0,0,0,0,0,0,0,0,0,0,0,0,0,0,0,0,0,0,0,0,0,0,0,0,0,0.0,0.0,0.0,0.0,0.0,0.0,0.0,0.0,0.0,0.0,0.0,0.0
roll_02,2025-12-08T00:00:00+00:00,2026-01-19T00:00:00+00:00,2026-01-19T00:00:00+00:00,2026-01-26T00:00:00+00:00,0,1,2026-01-24 16:00:00+00:00,2026-01-24 17:00:00+00:00,992.9213029867224,5,1082.6851535658332,1831.2616717653889,2048.975809514583,1060.0596002008333,0,0,0,0,0,16,-0.5000000000000004,-0.8660254037844385,0,1,1,6.566483526611111,9.67754631263889,6.071665185777778,5.802371368194444,17.72403060438889,17.86029653872222,17.677323049111113,18.720766871444443,0.0,0.0,0.0,0.0,0,night,0,0.0,0,2,1060.0596002008333,0.0,17.72403060438889,0,0,0,0,0,0,0,0,0,0,0,0,0,0,0,0,0,0,0,0,0,0,0,0,0,0,0,0,0,0,0.0,0.0,0.0,0.0,0.0,0.0,0.0,0.0,0.0,0.0,0.0,0.0
roll_02,2025-12-08T00:00:00+00:00,2026-01-19T00:00:00+00:00,2026-01-19T00:00:00+00:00,2026-01-26T00:00:00+00:00,0,1,2026-01-24 17:00:00+00:00,2026-01-24 18:00:00+00:00,1541.1415699855834,5,1215.7402370096668,1060.0596002008333,1253.307754251361,992.9213029867224,0,0,0,0,0,17,-0.2588190451025206,-0.9659258262890684,0,1,1,6.089130444527778,9.022818305222222,6.566483526611111,5.091072229027778,17.830043843416664,17.726130486833334,17.72403060438889,17.994156679944442,0.0,0.0,0.0,0.0,0,night,0,0.0,0,2,992.9213029867224,0.0,17.830043843416664,0,0,0,0,0,0,0,0,0,0,0,0,0,0,0,0,0,0,0,0,0,0,0,0,0,0,0,0,0,0,0.0,0.0,0.0,0.0,0.0,0.0,0.0,0.0,0.0,0.0,0.0,0.0
roll_02,2025-12-08T00:00:00+00:00,2026-01-19T00:00:00+00:00,2026-01-19T00:00:00+00:00,2026-01-26T00:00:00+00:00,0,1,2026-01-24 18:00:00+00:00,2026-01-24 19:00:00+00:00,1286.9006860100278,5,1466.154889960333,992.9213029867224,2022.5164028016115,1541.1415699855834,0,0,0,0,0,18,-1.8369701987210294e-16,-1.0,0,1,1,5.9999975540833335,8.533988555638889,6.089130444527778,4.711612085277777,18.11549999886111,18.27429377288889,17.830043843416664,18.35074025972222,0.0,0.0,0.0,0.0,0,night,0,0.0,0,2,1541.1415699855834,0.0,18.11549999886111,0,0,0,0,0,0,0,0,0,0,0,0,0,0,0,0,0,0,0,0,0,0,0,0,0,0,0,0,0,0,0.0,0.0,0.0,0.0,0.0,0.0,0.0,0.0,0.0,0.0,0.0,0.0
roll_02,2025-12-08T00:00:00+00:00,2026-01-19T00:00:00+00:00,2026-01-19T00:00:00+00:00,2026-01-26T00:00:00+00:00,0,1,2026-01-24 19:00:00+00:00,2026-01-24 20:00:00+00:00,640.4533153681945,5,1078.6994199493888,1541.1415699855834,1067.3991769345832,1286.9006860100278,0,0,0,0,0,19,0.2588190451025203,-0.9659258262890684,0,1,1,5.77926593825,8.775346688416667,5.9999975540833335,3.980250340583333,18.36445310694444,17.871975217472222,18.11549999886111,17.935994839722223,0.0,0.0,0.0,0.0,0,night,0,0.0,0,2,1286.9006860100278,0.0,18.36445310694444,0,0,0,0,0,0,0,0,0,0,0,0,0,0,0,0,0,0,0,0,0,0,0,0,0,0,0,0,0,0,0.0,0.0,0.0,0.0,0.0,0.0,0.0,0.0,0.0,0.0,0.0,0.0
roll_02,2025-12-08T00:00:00+00:00,2026-01-19T00:00:00+00:00,2026-01-19T00:00:00+00:00,2026-01-26T00:00:00+00:00,0,1,2026-01-24 20:00:00+00:00,2026-01-24 21:00:00+00:00,584.3161862229999,5,1284.7492482649168,1286.9006860100278,1046.436184157472,640.4533153681945,0,0,0,0,0,20,0.5000000000000001,-0.8660254037844386,0,1,1,5.683189338277778,8.43526500263889,5.77926593825,3.866209152527778,17.952829869138892,17.86802317861111,18.36445310694444,17.69838866127778,0.0,0.0,0.0,0.0,0,night,0,0.0,0,2,640.4533153681945,0.0,17.952829869138892,0,0,0,0,0,0,0,0,0,0,0,0,0,0,0,0,0,0,0,0,0,0,0,0,0,0,0,0,0,0,0.0,0.0,0.0,0.0,0.0,0.0,0.0,0.0,0.0,0.0,0.0,0.0
roll_02,2025-12-08T00:00:00+00:00,2026-01-19T00:00:00+00:00,2026-01-19T00:00:00+00:00,2026-01-26T00:00:00+00:00,0,1,2026-01-24 21:00:00+00:00,2026-01-24 22:00:00+00:00,518.3547093412777,5,851.6801286406111,640.4533153681945,602.2876708927778,584.3161862229999,0,0,0,0,0,21,0.7071067811865474,-0.7071067811865477,0,1,1,5.649819748388889,8.414438040527779,5.683189338277778,3.869637564888889,17.865298132333333,18.094013431972225,17.952829869138892,18.29812389511111,0.0,0.0,0.0,0.0,0,night,0,0.0,0,2,584.3161862229999,0.0,17.865298132333333,0,0,0,0,0,0,0,0,0,0,0,0,0,0,0,0,0,0,0,0,0,0,0,0,0,0,0,0,0,0,0.0,0.0,0.0,0.0,0.0,0.0,0.0,0.0,0.0,0.0,0.0,0.0
roll_02,2025-12-08T00:00:00+00:00,2026-01-19T00:00:00+00:00,2026-01-19T00:00:00+00:00,2026-01-26T00:00:00+00:00,0,1,2026-01-24 22:00:00+00:00,2026-01-24 23:00:00+00:00,430.99813492583326,5,661.5588102037779,584.3161862229999,492.5538403097778,518.3547093412777,0,0,0,1,0,22,0.8660254037844384,-0.5000000000000004,0,1,1,5.809892205944444,8.306586765694446,5.649819748388889,3.9082464093888887,18.060589775333334,18.379163208138888,17.865298132333333,18.156249321388888,0.0,0.0,0.0,0.0,0,night,0,0.0,0,2,518.3547093412777,,18.060589775333334,0,0,0,0,0,0,0,0,0,0,0,0,0,1,0,1,0,1,0,0,1,1,0,7,0,0,0,3,0,0,0.0,0.0,0.0,0.0,0.0,0.0,0.0,0.0,0.0,0.0,0.0,0.0
roll_02,2025-12-08T00:00:00+00:00,2026-01-19T00:00:00+00:00,2026-01-19T00:00:00+00:00,2026-01-26T00:00:00+00:00,0,1,2026-01-24 23:00:00+00:00,2026-01-25 00:00:00+00:00,377.7188413770555,5,356.0791067192222,518.3547093412777,435.2853666092778,430.99813492583326,0,0,0,1,0,23,0.965925826289068,-0.2588190451025215,0,1,1,5.70738836675,8.489515895694444,5.809892205944444,3.962953027722222,18.156869020583333,18.27030471461111,18.060589775333334,18.266909694166667,0.0,0.0,0.0,0.0,0,night,0,0.0,0,2,430.99813492583326,,18.156869020583333,0,0,0,0,0,0,0,0,0,0,0,0,0,1,0,1,0,1,0,0,1,1,0,7,0,0,0,3,0,0,0.0,1.0,0.0,0.0,0.0,0.0,0.0,0.0,0.0,1.0,0.0,0.0
roll_02,2025-12-08T00:00:00+00:00,2026-01-19T00:00:00+00:00,2026-01-19T00:00:00+00:00,2026-01-26T00:00:00+00:00,0,1,2026-01-25 00:00:00+00:00,2026-01-25 01:00:00+00:00,364.4423996903056,6,409.1542958934167,430.99813492583326,405.1807272819444,377.7188413770555,0,0,0,1,0,0,1.0,0.0,0,1,1,5.6147730122777775,8.267303430916668,5.70738836675,3.7605419066388888,18.11037431958333,18.507601477416667,18.156869020583333,18.3607900945,0.0,0.0,0.0,0.0,0,night,0,0.0,0,2,377.7188413770555,,18.11037431958333,0,0,0,0,0,0,0,0,0,0,0,0,0,1,0,1,0,1,0,0,1,1,0,7,0,0,0,3,0,0,0.0,1.0,0.0,0.0,0.0,0.0,0.0,0.0,0.0,1.0,0.0,0.0
roll_02,2025-12-08T00:00:00+00:00,2026-01-19T00:00:00+00:00,2026-01-19T00:00:00+00:00,2026-01-26T00:00:00+00:00,0,1,2026-01-25 01:00:00+00:00,2026-01-25 02:00:00+00:00,384.5271624152222,6,386.80348134525,377.7188413770555,403.1378216736112,364.4423996903056,0,0,0,1,0,1,0.9659258262890684,0.2588190451025207,0,1,1,5.886597346611112,7.88579561025,5.6147730122777775,3.594426555777778,18.483736475527778,18.516888744472222,18.11037431958333,18.35504471088889,0.0,0.0,0.0,0.0,0,night,0,0.0,0,2,364.4423996903056,,18.483736475527778,0,0,0,0,0,0,0,0,0,0,0,0,0,1,0,1,0,1,0,0,1,1,0,7,0,0,0,3,0,0,0.0,1.0,0.0,0.0,0.0,0.0,0.0,0.0,0.0,0.0,0.0,0.0
roll_02,2025-12-08T00:00:00+00:00,2026-01-19T00:00:00+00:00,2026-01-19T00:00:00+00:00,2026-01-26T00:00:00+00:00,0,1,2026-01-25 02:00:00+00:00,2026-01-25 03:00:00+00:00,395.30640441158334,6,363.9506782922222,364.4423996903056,404.9479621853611,384.5271624152222,0,0,0,1,0,2,0.8660254037844387,0.4999999999999999,0,1,1,5.938280689361111,7.295793718,5.886597346611112,3.4606973831944443,18.49985763155556,18.505587359111114,18.483736475527778,18.292189759527776,0.0,0.0,0.0,0.0,0,night,0,0.0,0,2,384.5271624152222,,18.49985763155556,0,0,0,0,0,0,0,0,0,0,0,0,0,1,0,1,0,1,0,0,1,1,0,7,0,0,0,3,0,0,0.0,1.0,0.0,0.0,0.0,0.0,0.0,0.0,0.0,0.0,0.0,0.0
roll_02,2025-12-08T00:00:00+00:00,2026-01-19T00:00:00+00:00,2026-01-19T00:00:00+00:00,2026-01-26T00:00:00+00:00,0,1,2026-01-25 03:00:00+00:00,2026-01-25 04:00:00+00:00,963.782436518,6,366.92154284288887,384.5271624152222,402.6522398849167,395.30640441158334,0,0,0,1,0,3,0.7071067811865476,0.7071067811865476,0,1,1,5.830688939638889,7.380389324388889,5.938280689361111,3.4151579152222222,18.36806043725,18.40949500677777,18.49985763155556,18.273110989944445,0.0,0.0,0.0,0.0,0,night,0,0.0,0,2,395.30640441158334,,18.36806043725,0,0,0,0,0,0,0,0,0,0,0,0,0,1,0,1,0,1,0,0,1,1,0,7,0,0,0,3,0,0,0.0,1.0,0.0,0.0,0.0,0.0,0.0,0.0,0.0,0.0,0.0,0.0
roll_02,2025-12-08T00:00:00+00:00,2026-01-19T00:00:00+00:00,2026-01-19T00:00:00+00:00,2026-01-26T00:00:00+00:00,0,1,2026-01-25 04:00:00+00:00,2026-01-25 05:00:00+00:00,1696.815230154389,6,919.6470143296112,395.30640441158334,989.5879204678332,963.782436518,0,0,0,1,0,4,0.5000000000000001,0.8660254037844386,0,1,1,5.175912236194445,7.759706802277777,5.830688939638889,3.746956920472222,18.4531641925,18.565049183638887,18.36806043725,18.763885850944444,0.0,0.0,0.0,0.0,0,night,0,0.0,0,2,963.782436518,,18.4531641925,0,0,0,0,0,0,0,0,0,0,0,0,0,0,1,1,0,1,0,0,1,1,0,7,0,0,0,3,0,0,0.0,1.0,0.0,0.0,0.0,0.0,0.0,0.0,0.0,0.0,0.0,0.0
roll_02,2025-12-08T00:00:00+00:00,2026-01-19T00:00:00+00:00,2026-01-19T00:00:00+00:00,2026-01-26T00:00:00+00:00,0,1,2026-01-25 05:00:00+00:00,2026-01-25 06:00:00+00:00,1659.7306816588614,6,1696.4327096815832,963.782436518,1683.9951601766388,1696.815230154389,0,0,0,0,0,5,0.2588190451025207,0.9659258262890684,0,1,1,4.974422407805555,7.824388876305555,5.175912236194445,3.807682473638889,18.711754044777777,19.000532856916667,18.4531641925,18.95802324902778,0.0,0.0,0.0,0.0,0,night,0,0.0,0,1,1696.815230154389,0.0,18.711754044777777,0,0,0,0,0,0,0,0,0,0,0,0,0,0,0,0,0,0,0,0,0,0,0,0,0,0,0,0,0,0,0.0,1.0,0.0,0.0,0.0,0.0,0.0,0.0,0.0,0.0,0.0,0.0
roll_02,2025-12-08T00:00:00+00:00,2026-01-19T00:00:00+00:00,2026-01-19T00:00:00+00:00,2026-01-26T00:00:00+00:00,0,1,2026-01-25 06:00:00+00:00,2026-01-25 07:00:00+00:00,2231.1363579284443,6,1787.8514459331388,1696.815230154389,1902.018428271,1659.7306816588614,0,0,0,0,0,6,6.123233995736766e-17,1.0,0,1,1,4.992939964055556,7.870841315861111,4.974422407805555,3.9873673924166666,18.560369708916667,19.028892910777778,18.711754044777777,18.70620324358333,0.0,0.0,0.0,0.0,0,night,0,0.0,0,1,1659.7306816588614,0.0,18.560369708916667,0,0,0,0,0,0,0,0,0,0,0,0,0,0,0,0,0,0,0,0,0,0,0,0,0,0,0,0,0,0,0.0,0.0,0.0,0.0,0.0,0.0,0.0,0.0,0.0,0.0,0.0,0.0
roll_02,2025-12-08T00:00:00+00:00,2026-01-19T00:00:00+00:00,2026-01-19T00:00:00+00:00,2026-01-26T00:00:00+00:00,0,1,2026-01-25 07:00:00+00:00,2026-01-25 08:00:00+00:00,2238.324116505972,6,2221.478881947944,1659.7306816588614,2166.76233965375,2231.1363579284443,0,0,0,0,0,7,-0.2588190451025206,0.9659258262890684,0,1,1,4.933367505611112,7.883857542694444,4.992939964055556,4.151625831166666,18.55700058877778,22.49837394541667,18.560369708916667,18.29483151783333,0.0,0.0,0.0,0.0,1,night,0,0.0,0,1,2231.1363579284443,0.0,18.55700058877778,0,0,0,0,0,0,0,0,0,0,0,0,0,0,0,0,0,0,0,0,0,0,0,0,0,0,0,0,0,0,0.0,0.0,0.0,0.0,0.0,0.0,0.0,0.0,0.0,0.0,0.0,0.0
roll_02,2025-12-08T00:00:00+00:00,2026-01-19T00:00:00+00:00,2026-01-19T00:00:00+00:00,2026-01-26T00:00:00+00:00,0,1,2026-01-25 08:00:00+00:00,2026-01-25 09:00:00+00:00,2327.768168646222,6,1747.753539249222,2231.1363579284443,2056.1787956731946,2238.324116505972,0,0,0,0,0,8,-0.4999999999999998,0.8660254037844387,0,1,1,4.832365699444444,8.262126455694444,4.933367505611112,4.314655074888889,18.49024153463889,17.670436918444445,18.55700058877778,17.905425590777778,0.0,34.30441932991666,0.0,0.0,1,night,0,0.0,0,1,2238.324116505972,0.0,18.49024153463889,0,0,0,0,0,0,0,0,0,0,0,0,0,0,0,0,0,0,0,0,0,0,0,0,0,0,0,0,0,0,0.0,0.0,0.0,0.0,0.0,0.0,0.0,0.0,0.0,0.0,0.0,0.0
roll_02,2025-12-08T00:00:00+00:00,2026-01-19T00:00:00+00:00,2026-01-19T00:00:00+00:00,2026-01-26T00:00:00+00:00,0,1,2026-01-25 09:00:00+00:00,2026-01-25 10:00:00+00:00,3079.3561128761667,6,1199.014191615,2238.324116505972,2110.409867789389,2327.768168646222,0,0,0,0,0,9,-0.7071067811865475,0.7071067811865476,0,1,1,4.46485140163889,8.695682546194444,4.832365699444444,4.542731538305556,18.60976037316667,17.60044165513889,18.49024153463889,18.436193536916665,20.07319077258333,89.21282883222221,0.0,114.76844990783331,1,low,0,0.0,0,1,2327.768168646222,20.07319077258333,18.60976037316667,0,0,0,0,0,0,0,0,0,0,0,0,0,0,0,0,0,0,0,0,0,0,0,0,0,0,0,0,0,0,0.0,0.0,0.0,0.0,0.0,0.0,0.0,0.0,0.0,0.0,0.0,0.0
roll_02,2025-12-08T00:00:00+00:00,2026-01-19T00:00:00+00:00,2026-01-19T00:00:00+00:00,2026-01-26T00:00:00+00:00,0,1,2026-01-25 10:00:00+00:00,2026-01-25 11:00:00+00:00,1060.977643347722,6,2696.399735123361,2327.768168646222,3130.832139515,3079.3561128761667,0,0,0,0,0,10,-0.8660254037844387,0.4999999999999999,0,1,1,4.6137414355,9.452506697638889,4.46485140163889,5.048194792888889,18.23413413661111,17.917450888777775,18.60976037316667,18.769674477888888,79.55278716463889,152.0663147546389,20.07319077258333,411.0483259695556,1,low,0,0.0,0,1,3079.3561128761667,79.55278716463889,18.23413413661111,0,0,0,0,0,0,0,0,0,0,0,0,0,0,0,0,0,0,0,0,0,0,0,0,0,0,0,0,0,0,0.0,0.0,0.0,0.0,0.0,0.0,0.0,0.0,0.0,0.0,0.0,0.0
roll_02,2025-12-08T00:00:00+00:00,2026-01-19T00:00:00+00:00,2026-01-19T00:00:00+00:00,2026-01-26T00:00:00+00:00,0,1,2026-01-25 11:00:00+00:00,2026-01-25 12:00:00+00:00,1745.3068945306666,6,908.328997025861,3079.3561128761667,385.99203080291664,1060.977643347722,0,0,0,0,0,11,-0.9659258262890682,0.258819045102521,0,1,1,5.1184929485833335,9.93934049188889,4.6137414355,6.944681730611111,18.24494905780556,17.975845256166668,18.23413413661111,19.6631947345,220.18301505319445,291.1969854105833,79.55278716463889,1596.5776119012498,1,low,0,0.0,0,2,1060.977643347722,220.18301505319445,18.24494905780556,0,0,0,0,0,0,0,0,0,0,0,0,0,0,0,0,0,0,0,0,0,0,0,0,0,0,0,0,0,0,0.0,0.0,0.0,0.0,0.0,0.0,0.0,0.0,0.0,0.0,0.0,0.0
roll_02,2025-12-08T00:00:00+00:00,2026-01-19T00:00:00+00:00,2026-01-19T00:00:00+00:00,2026-01-26T00:00:00+00:00,0,1,2026-01-25 12:00:00+00:00,2026-01-25 13:00:00+00:00,906.8727746182224,6,1081.863576312389,1060.977643347722,1016.1453970060834,1745.3068945306666,0,0,0,0,0,12,-1.0,1.2246467991473532e-16,0,1,1,6.667484349638889,10.88034856138889,5.1184929485833335,8.35612550725,19.08982180188889,18.150378169,18.24494905780556,18.378112199194447,527.3673956102779,279.95511428333333,220.18301505319445,407.66865748083336,1,med,0,0.0,0,2,1745.3068945306666,527.3673956102779,19.08982180188889,0,0,0,0,0,0,0,0,0,0,0,0,0,0,0,0,0,0,0,0,0,0,0,0,0,0,0,0,0,0,0.0,0.0,0.0,0.0,0.0,0.0,0.0,0.0,0.0,0.0,0.0,0.0
roll_02,2025-12-08T00:00:00+00:00,2026-01-19T00:00:00+00:00,2026-01-19T00:00:00+00:00,2026-01-26T00:00:00+00:00,0,1,2026-01-25 13:00:00+00:00,2026-01-25 14:00:00+00:00,1490.25308828425,6,2173.5554944418054,1745.3068945306666,1064.5741736199725,906.8727746182224,0,0,0,0,0,13,-0.9659258262890684,-0.2588190451025208,0,1,1,7.015248214916667,11.194744100638887,6.667484349638889,6.657871230416667,18.02789201130556,17.605212465694446,19.08982180188889,18.062944556944444,212.62666984819444,211.40559060327777,527.3673956102779,88.28240024077779,1,low,0,0.0,0,2,906.8727746182224,212.62666984819444,18.02789201130556,0,0,0,0,0,0,0,0,0,0,0,0,0,0,0,0,0,0,0,0,0,0,0,0,0,0,0,0,0,0,0.0,0.0,0.0,0.0,0.0,0.0,0.0,0.0,0.0,0.0,0.0,0.0
roll_02,2025-12-08T00:00:00+00:00,2026-01-19T00:00:00+00:00,2026-01-19T00:00:00+00:00,2026-01-26T00:00:00+00:00,0,1,2026-01-25 14:00:00+00:00,2026-01-25 15:00:00+00:00,924.6930943503612,6,1035.234056645167,906.8727746182224,1858.781012173056,1490.25308828425,0,0,0,0,0,14,-0.8660254037844388,-0.4999999999999997,0,1,1,7.1463404341666665,10.792807296472224,7.015248214916667,6.097375211722222,18.02865631725,17.720296622972224,18.02789201130556,18.00922708483333,125.078570753,51.70543011708333,212.62666984819444,0.0,1,low,0,0.0,0,2,1490.25308828425,125.078570753,18.02865631725,0,0,0,0,0,0,0,0,0,0,0,0,0,0,0,0,0,0,0,0,0,0,0,0,0,0,0,0,0,0,0.0,0.0,0.0,0.0,0.0,0.0,0.0,0.0,0.0,0.0,0.0,0.0
roll_02,2025-12-08T00:00:00+00:00,2026-01-19T00:00:00+00:00,2026-01-19T00:00:00+00:00,2026-01-26T00:00:00+00:00,0,1,2026-01-25 15:00:00+00:00,2026-01-25 16:00:00+00:00,1936.265559235028,6,982.0105920020555,1490.25308828425,1831.2616717653889,924.6930943503612,0,0,0,0,0,15,-0.7071067811865479,-0.7071067811865471,0,1,1,6.817918164777777,10.09873856363889,7.1463404341666665,6.071665185777778,17.959508398916665,17.65813682397222,18.02865631725,17.677323049111113,0.0,0.0,125.078570753,0.0,1,night,0,0.0,0,2,924.6930943503612,0.0,17.959508398916665,0,0,0,0,0,0,0,0,0,0,0,0,0,0,0,0,0,0,0,0,0,0,0,0,0,0,0,0,0,0,0.0,0.0,0.0,0.0,0.0,0.0,0.0,0.0,0.0,0.0,0.0,0.0
roll_02,2025-12-08T00:00:00+00:00,2026-01-19T00:00:00+00:00,2026-01-19T00:00:00+00:00,2026-01-26T00:00:00+00:00,0,1,2026-01-25 16:00:00+00:00,2026-01-25 17:00:00+00:00,1053.6913190111388,6,939.633989883972,924.6930943503612,1060.0596002008333,1936.265559235028,0,0,0,0,0,16,-0.5000000000000004,-0.8660254037844385,0,1,1,6.112700724861111,9.486147199944446,6.817918164777777,6.566483526611111,18.36010683186112,17.723917226694443,17.959508398916665,17.72403060438889,0.0,0.0,0.0,0.0,0,night,0,0.0,0,2,1936.265559235028,0.0,18.36010683186112,0,0,0,0,0,0,0,0,0,0,0,0,0,0,0,0,0,0,0,0,0,0,0,0,0,0,0,0,0,0,0.0,0.0,0.0,0.0,0.0,0.0,0.0,0.0,0.0,0.0,0.0,0.0
roll_02,2025-12-08T00:00:00+00:00,2026-01-19T00:00:00+00:00,2026-01-19T00:00:00+00:00,2026-01-26T00:00:00+00:00,0,1,2026-01-25 17:00:00+00:00,2026-01-25 18:00:00+00:00,1042.3809986754163,6,1984.2611124879447,1936.265559235028,992.9213029867224,1053.6913190111388,0,0,0,0,0,17,-0.2588190451025206,-0.9659258262890684,0,1,1,5.021550218833333,8.932912868583333,6.112700724861111,6.089130444527778,17.625167409194443,17.788532314805554,18.36010683186112,17.830043843416664,0.0,0.0,0.0,0.0,0,night,0,0.0,0,2,1053.6913190111388,0.0,17.625167409194443,0,0,0,0,0,0,0,0,0,0,0,0,0,0,0,0,0,0,0,0,0,0,0,0,0,0,0,0,0,0,0.0,0.0,0.0,0.0,0.0,0.0,0.0,0.0,0.0,0.0,0.0,0.0
roll_02,2025-12-08T00:00:00+00:00,2026-01-19T00:00:00+00:00,2026-01-19T00:00:00+00:00,2026-01-26T00:00:00+00:00,0,1,2026-01-25 18:00:00+00:00,2026-01-25 19:00:00+00:00,849.7813898698611,6,1779.6982078336666,1053.6913190111388,1541.1415699855834,1042.3809986754163,0,0,0,0,0,18,-1.8369701987210294e-16,-1.0,0,1,1,4.227878578694444,8.383298441722223,5.021550218833333,5.9999975540833335,17.660656862222222,17.752887094805555,17.625167409194443,18.11549999886111,0.0,0.0,0.0,0.0,0,night,0,0.0,0,1,1042.3809986754163,0.0,17.660656862222222,0,0,0,0,0,0,0,0,0,0,0,0,0,0,0,0,0,0,0,0,0,0,0,0,0,0,0,0,0,0,0.0,0.0,0.0,0.0,0.0,0.0,0.0,0.0,0.0,0.0,0.0,0.0
roll_02,2025-12-08T00:00:00+00:00,2026-01-19T00:00:00+00:00,2026-01-19T00:00:00+00:00,2026-01-26T00:00:00+00:00,0,1,2026-01-25 19:00:00+00:00,2026-01-25 20:00:00+00:00,739.4192231492499,6,1945.2175917344168,1042.3809986754163,1286.9006860100278,849.7813898698611,0,0,0,1,0,19,0.2588190451025203,-0.9659258262890684,0,1,1,3.6091518839166654,8.063546007666666,4.227878578694444,5.77926593825,17.591231184888887,17.598374748583336,17.660656862222222,18.36445310694444,0.0,0.0,0.0,0.0,0,night,0,0.0,0,1,849.7813898698611,,17.591231184888887,0,0,0,0,0,0,0,0,0,0,0,0,0,1,0,1,0,1,0,0,1,1,0,4,0,0,0,2,0,0,0.0,0.0,0.0,0.0,0.0,0.0,0.0,0.0,0.0,0.0,0.0,0.0
roll_02,2025-12-08T00:00:00+00:00,2026-01-19T00:00:00+00:00,2026-01-19T00:00:00+00:00,2026-01-26T00:00:00+00:00,0,1,2026-01-25 20:00:00+00:00,2026-01-25 21:00:00+00:00,575.8166761095833,6,817.2623687095833,849.7813898698611,640.4533153681945,739.4192231492499,0,0,0,1,0,20,0.5000000000000001,-0.8660254037844386,0,1,1,3.3640960108888893,7.955256959805555,3.6091518839166654,5.683189338277778,17.554591725333335,18.132431494416668,17.591231184888887,17.952829869138892,0.0,0.0,0.0,0.0,0,night,0,0.0,0,1,739.4192231492499,,17.554591725333335,0,0,0,0,0,0,0,0,0,0,0,0,0,1,0,1,0,1,0,0,1,1,0,4,0,0,0,2,0,0,0.0,1.0,0.0,0.0,0.0,0.0,0.0,0.0,0.0,0.0,0.0,0.0
roll_02,2025-12-08T00:00:00+00:00,2026-01-19T00:00:00+00:00,2026-01-19T00:00:00+00:00,2026-01-26T00:00:00+00:00,0,1,2026-01-25 21:00:00+00:00,2026-01-25 22:00:00+00:00,367.5400825782778,6,1022.3695540110556,739.4192231492499,584.3161862229999,575.8166761095833,0,0,0,1,0,21,0.7071067811865474,-0.7071067811865477,0,1,1,4.178278312777778,7.917760795055556,3.3640960108888893,5.649819748388889,17.66102431277778,18.226290338722222,17.554591725333335,17.865298132333333,0.0,0.0,0.0,0.0,0,night,0,0.0,0,1,575.8166761095833,,17.66102431277778,0,0,0,0,0,0,0,0,0,0,0,0,0,1,0,1,0,1,0,0,1,1,0,4,0,0,0,2,0,0,0.0,1.0,0.0,0.0,0.0,0.0,0.0,0.0,0.0,0.0,0.0,0.0
